property_id,price
d56159653f5d2abc5ed5acd7,638221213.6650579
45550aa81c0151f1fd9fd8fe,831349979.2483166
735deef3382aa15930482f3e,503295334.43075645
0dd49fa8bb7be52b851c6dc9,638221213.6650579
7d3220a91e78f8bc2924d1cd,638221213.6650579
d3054072b2175deec2c1f8dc,390067487.3025993
b7574b06d593fca4eac59815,390067487.3025993
79e822115c5c1a4531366001,374999999.9999994
d3ed5316a463d38c1bd321d0,1350000000.0
2f1880c9b8f7ac2715e1236d,779999999.9999998
dcca1c7f109175760ff531c6,652650891.8560406
dfc4f3facf91bbd93ee0fa4d,417419354.1527587
30e134a6cbe61d7954d0f56b,359999999.9999999
385fee7bd9ad7722d45dd034,550000000.000001
87199c236bf22903d1aafdd0,325000000.00000036
19e19ad0cd6b5e84d8aa970e,449999999.9999994
907f968e78d748fde69dd44f,479999999.99999934
be094e5db0f784e3aa013aae,319999999.99999976
7ab96f83915bc84f8c03c1bd,319999999.99999976
07f4aa9b9ff5b0b05d31e6c0,869999999.999999
e9be8cd37abed8ab510ba1f5,790000000.0000012
5f6ad58df27b562db077b5ce,750000000.0000002
ee96d947484aaace40f9b77f,745000000.0000011
15c4aef8401208054697b81e,565226379.5443858
22d6cb11333f2839b8112b89,1359999999.9999976
288c09c33907dadbae495c11,1499999999.9999979
f71d2bca0c5fe2720a1544c4,384106744.36784226
451744cf3ce55a98db8a3562,384106744.36784226
fba9ae05a6a8a9e0c6268a9f,384106744.36784226
1338e58f7dcebf5a1ea59388,384106744.36784226
a817e8da0ada143ac87277ee,352937881.512846
46d8bb3e9a0ca584d3c7a317,426995118.02171737
b2506aa9463aebf01e1e00ca,426995118.02171737
7ec025b9b6e6f33bf65af41b,426995118.02171737
2ff531e27672ecd2362eed55,481396873.44444823
9b3cf0d1b91b9c6a2a887647,481396873.44444823
7db5291ce4602d9b2b266872,339425211.0724998
65d5918e826c33bb950fc008,431704921.55183345
395c34e4b8f52cbdb0522459,431704921.55183345
855f4b67d2bd6d18fd03d8e7,431704921.55183345
9ff06409b37e5b5dece4604a,431704921.55183345
0508cd7bd2c77ebb6fea1e56,431704921.55183345
b45fff2e718e54772d46a3fd,431704921.55183345
cf4d2297b73dbc357d21e31b,431704921.55183345
0ada7044c5b29925abc90879,431704921.55183345
6305f02255274ab5fb6bd39c,650652766.7575345
d9a94194ae1350512beff3e6,650652766.7575345
e3896296cb80d50d9ad3f903,650652766.7575345
6514f355887c64136edb5595,609722077.6237421
f03400cc18e12903b3ffbe5a,601307484.4914386
4e134600155a64783b3f8c3e,431779680.16835976
d63ebc63c82fbf66d8b6ffd3,601307484.4914386
1bd64811bd59706844230198,601307484.4914386
a83921284639eedd4a511cb6,601307484.4914386
a2f3f7a1cd573e2a33f52e2d,601307484.4914386
47344a66471fa51f61c64652,601307484.4914386
78fd849c9429091347d7e5c9,601307484.4914386
c3daf2abea55af99c9579319,601307484.4914386
52864916eb1984abca41ec66,955927221.3442053
c62494a9d7aede44f2f84023,955927221.3442053
a2b576643f7a032371587e5e,1276499949.9984932
e53bc68f0e97ccead24f3e56,516250127.71178997
fd82c710aad91bc90af490fe,618462270.215877
d436abc2ee37ba3dd561e940,618462270.215877
216a598114a403676011cb51,516250127.71178997
ea230d5eccd2b687888173bb,783467372.4300083
18bd0dd7580f2a7cb19a90b9,330000000.00000006
b143c8ca6d334f6a73c3f2a0,529999999.9999997
ab388cb4fa511968783bafee,405508487.90567666
6a4f08cd04d558a56af732d9,430000000.00000006
7216c895aa047c4f405c4941,459999999.9999995
a493488dcd906dc74cf8a604,453865392.60418713
7844b0b2bc65dced90a355c6,453865392.60418713
c1976383069b6b82ab29d092,464999999.9999996
e5cfd99e2308b7b73581dbdc,461191350.57855815
c18c2ea88f4ac53970b53d2c,405508487.90567666
842c9f0e4edf1e5a672ce15e,453865392.60418713
7dd1e46dcbddc6bf5ef694de,381500000.0000004
6cc4f32b39180bd1ec7e117b,453865392.60418713
79e643789a85dc4ffad49a25,849999999.9999992
b3402a9173d289d6db78e09d,618462270.215877
a446507813234e358db8b573,609999999.9999999
c8ef57ddfb35061d1876f94e,619348932.3475113
360be0df2c003005e3db080e,1350000000.0
9ab245a4c91877cb7a8661ce,1199999999.9999995
a57a34c7486e7a40e8deb316,526533864.0509356
ceba7d0f56f6cb03538962fb,526533864.0509356
d5475993f9db58c3e4baf7a3,700000000.0000001
d37a1dda09e30da13ff5bfc3,526533864.0509356
68a8b8d077a8232723bf37e9,880000000.000001
e1eea7716ca6490b7640717a,526533864.0509356
4ae6d75b10848d259ecba576,526533864.0509356
17afbce5c0b56732abbea936,526533864.0509356
84a2673eccd3cf3bd7fd3eb0,964431787.6557015
f2f4e6cbafe527b155707f01,964431787.6557015
de2e3a592cda5b76c9573c5c,964431787.6557015
fac651cf404a58f24dc7d286,1320000000.0000005
e6f312a0877af26b69855a3d,1590000000.000001
333a643c623a9bc75f3a40f2,964431787.6557015
64593641e470908ef23b46cb,1059612353.7765937
ce9f2f0071be658ae75ca6f9,920000000.0000007
9ab385e399a4673732b6a799,611949088.9141579
3429c774b736cefc051e2c55,448131821.30102164
a51ad0372758b2bbfe73f8fd,448131821.30102164
8c801a266256e3fbabe7e3d2,638036967.1005675
ca2f81b8fb6fda20aefb0ccb,611949088.9141579
3c1b1f86087f9b99380e387c,611949088.9141579
b0cad5d612954b8cab18101c,859999999.9999987
7eb991f4c69215377e4dac8f,669999999.9999996
0d130b8bea4321300396fa34,1549999999.9999986
8dfa059401e1dca80ae65ae1,599000000.0000002
3e3f264cd0ac7a65ed2349a2,1489999999.9999998
112dce80bf512f3f24391d23,380000000.0000002
ff25ded6333278149f8fb68f,613652195.3110907
d555b82c192794e87e9d536f,613652195.3110907
a787382d96ef9fce8f27bc70,1380000000.0000002
8c3aa295f7bcfd9a43eb2037,1489999999.9999998
13ac95652fb3cf6c43dafc66,314999999.9999999
42fc6a80b882c32f6264ac10,386325304.7728167
1e9c53e09220d689a0210ab9,351195225.14091796
3348706086aa3db5c92259c3,410526683.57421875
66d402a9b7d05f29282ddb00,393372393.56524795
cf88be51d6f31c10e5868ff7,410526683.57421875
30b3f38716be209a894b0942,393372393.56524795
0a5908a92d0ba3e36f54b1f3,430637220.397177
dd206b6ea2d7f6555109ea39,410526683.57421875
c641febd8bc2ece3e4d2d8b6,639614435.2706796
c11fdc02a288af0572a2bca1,550000000.000001
35dc60a65969b264ab283d6d,639614435.2706796
d9cb0f637cd4feaaaf8a21c0,853104460.4018337
7e8dfae9a5f1faf8afa706f7,381382939.00497735
a280fe7610c254b935c9dcfc,395539894.22226465
85524880fdc4e4daf90e96fd,466799781.49541926
f361109d06f6609c16724b39,484740454.27619684
3f6b2f0c0876c21755369cb6,587356317.9643418
de26819064a290ce78d8fcc1,587356317.9643418
91be1260a84ab7fa3521c495,587356317.9643418
18c8dc4549d38c918af2972e,587356317.9643418
782b0fb8641849c2c34291e6,466799781.49541926
54933f8b33a4fd6f031ed5be,587356317.9643418
953176c9a901b4f61c030432,569497042.4256997
357e2add3d68167a4f3ce15e,569497042.4256997
90332d50e91925eb9b614bef,569497042.4256997
11723d1d472bf1a3fdd8b72c,989800121.0442181
01f8b6799e2910f7769db175,989800121.0442181
a0d5001f7dd42d7f0c91d2a9,459356549.5994952
d4439c35bcb88e1490916c67,652892213.6580062
4a73dad0ff8a5262e8b07c4b,989800121.0442181
3dd8085a65f24b497ea59557,989800121.0442181
39ef085809bc80e32e7b6af6,989800121.0442181
b98ee16e8fd7d1c75a9da13c,989800121.0442181
16deb26bf740fa61e258f545,652892213.6580062
732a3bd457d7798e1fd892f6,652892213.6580062
1376058cb128a1c7729cd2e9,459356549.5994952
cac7e7c3e13af91bdc7107e8,989800121.0442181
9f3dfa6e1422f6aeac527c61,459356549.5994952
4dd3d1288ccb66ee4fb9c097,1196183818.625166
15fb97d6a43731d61e95d004,652892213.6580062
dac29573163315edf99e0e7a,459356549.5994952
b93f2864087d41c3c92d43c3,542156756.8658171
cd4656aed92f5c0a0b6b7c0c,542156756.8658171
556210496090b42ac10cf1b8,1276499949.9984932
762979729fb21e56a32ed14e,1276499949.9984932
ea935b76abe664d5e2c4736f,431704921.55183345
40e9ef1e7c6749b7a8d04ea9,431704921.55183345
058265732a484ac8d5497f5c,431704921.55183345
6f52ea8340cdd283f9a79720,431704921.55183345
cafe7c1ee67458e05c84d5fb,650652766.7575345
3f45ed2f08a2b03b738fbb5e,431779680.16835976
f203b18854b75c4564d7a17d,650652766.7575345
d5333f639d11bc3ab073ed72,384106744.36784226
c14f644116669a160446a945,384106744.36784226
de585856ff546e00a5a4672e,384106744.36784226
7a80663cae7c191b5d025fa0,384106744.36784226
71f80198e68fbba902650b1a,384106744.36784226
f3523e0626df8cea803ead0f,384106744.36784226
619abd5f978b1573761be86d,384106744.36784226
17a2323b855e93533a9f09f2,481396873.44444823
38e8630f2c05ea38e2257c21,481396873.44444823
1e3798d739f85ee0e5a314ca,481396873.44444823
46d0544f411bbfb6b452858c,481396873.44444823
605e7a71eecb13b23ffca0c1,425579068.64689326
7515b37b7ae7c62f3dafbe7d,481396873.44444823
28be121ada9c9303be802474,481396873.44444823
331d54f8a1bd3dabce73d6d9,481396873.44444823
22d167639ccaace593dffa31,481396873.44444823
36cd68fc3ffab79fcaa340ab,481396873.44444823
db924733e88c361cdfab874a,694292091.268168
64eea2e9a13a8edfe8ac7027,601307484.4914386
97fe6eeed892111bfa20255b,601307484.4914386
b54e6757829ac95e2076d954,601307484.4914386
dd59b8122458557041903207,601307484.4914386
b35c58fc1c05a77433025318,601307484.4914386
c41964afa164d8b75f8dbe92,601307484.4914386
96b3ea80cce599b68f96f86e,601307484.4914386
a4bc87ad4f1ad97c0a63d843,601307484.4914386
16e62269e6aa2ea052d05f71,601307484.4914386
518b37b51f824fa0fb5075d3,601307484.4914386
e083d83369cbc93fb94842a1,601307484.4914386
57deff02895d5286eda10d89,601307484.4914386
7ed35835fbe694bc237abe38,601307484.4914386
b48efa9ddf36e85164354f26,601307484.4914386
5910c9b29a1025bada93a5e1,601307484.4914386
10a650e8cb5425c97f08f68a,601307484.4914386
9e0feca2ec3043ae6f840631,601307484.4914386
35ce37bbecac6b164fa21e6c,601307484.4914386
c4955010d066e013812a85ea,601307484.4914386
d5a83c31bec18d1c3eb9af7d,601307484.4914386
70217bd08583854329722821,601307484.4914386
28e748e7aa0a447731e06706,601307484.4914386
27929c0a3e0fd2d6d2969e03,601307484.4914386
5c5ea0d8bae75e0a5c88414f,601307484.4914386
2233f50cf7b04791cf1ddeaa,601307484.4914386
bf430621f17dcaf17fb91ac7,601307484.4914386
d8dc9de06461e0220bc55906,601307484.4914386
d988975f8c4e6ee8fd8dc1e1,787971635.5811033
bab884e0f99df269805e83a4,787971635.5811033
8fa9b20af1508af7a01e2267,709869591.276134
b6f195d44ddbe10b78b97191,420726560.4241344
2ab0eeac4a228d5769fb4365,420726560.4241344
347a4deda03bfdde6d1c163d,521677066.8612091
17230f18b30b94606fea047d,521677066.8612091
eab4ae491bbbe7b8ab107229,521677066.8612091
07c753474a847bf2bccd55b7,521677066.8612091
b7ce05400f0261743073e072,521677066.8612091
4a33d213841d2af537aa967a,620460317.7419374
04eb0b590ce7483c615b043b,649311954.7101204
a01a51af09a3dc387a18b58c,463310801.3117628
270b930a9e22d5016ffa4019,940359616.1633954
5ed1320fe84a518e267ff537,782950763.6690904
f04b574dc221473cfd616e22,618462270.215877
6f7e390aa6135019dc5a828f,618462270.215877
776d4a19fb3852fe6dcd3ddb,618462270.215877
b7f164b79658952248866c34,618462270.215877
aafeff5826516e363471e439,516250127.71178997
eba6a2b80a17a846ae560ece,349999999.9999994
90e62f8656ae504bf6175e0d,380000000.0000002
dc4331d09a1e36baaa6bde53,461191350.57855815
372d67ccb9d251e290891f0a,299999999.9999998
a7801c67a0ddd71c50ba38d3,319999999.99999976
e4d6b81f169cab8ea0244d75,369999999.9999994
cd5c6655243a4be0912bc92a,526533864.0509356
f7a7281a19733251134364fc,964431787.6557015
a716ec25a219961fbe90f367,964431787.6557015
8bd45966c16d4eafb49ee2a2,1149999999.9999998
baabbdaa5e8f69fc90d303c1,1202661524.2712462
8bed46960db1b2a7954ffbcb,1202661524.2712462
dbc123f9502159d660f375ca,1499999999.9999979
a4683facc81ccda10e9ae388,920000000.0000007
3a576586fa1aac85c2ffb75b,874642784.226795
b1fb98d0ba25b21c6647d423,1399999999.9999979
97fa4be3ed93c37c048f507c,613652195.3110907
cf184cc576effe39c0f857b8,456344168.3641858
784f67fcb2d009d352740ed1,464999999.9999996
f4d6ce332121f814aa663fca,484999999.9999994
c87ae84ef029febca1e633e8,620000000.000001
e876c6fd9c161861fb92ad5a,1199999999.9999995
9047c4764f2c6b1a10b87e99,779999999.9999998
234c94e9a248ae57bb5a0771,447418756.6149247
a49c2976ca4f24f3a6b622e3,447418756.6149247
ffc171cf73514bed077339a6,447418756.6149247
fba83f5feea2522888377066,447418756.6149247
1a593800d5785ecc36c25ead,569497042.4256997
ab157c9601861dc387a91b82,587356317.9643418
f87f8003f15b0fbc12609514,484740454.27619684
f44d035ea2b15b2c69d4da50,689671481.2235246
fc815b59cce7934f816f0502,569497042.4256997
32915b77ca68000ba9eed6d8,484740454.27619684
cb083fa7ff634f424a351840,466799781.49541926
4f3c7b9bc78f882f858b3d3a,484740454.27619684
53d33316e237830ad463a26b,466799781.49541926
f5d852e25d51377686c43bc8,484740454.27619684
64731b6eaf4fd2bb6c155013,587356317.9643418
dad7e45e4706ab2564ef9cf1,459356549.5994952
255914e9b13ad94efa6ed365,459356549.5994952
5a8950a64b4aea4ac13dad45,989800121.0442181
70f51b4abf26651111305b1b,652892213.6580062
8919ca18fff7571002e440ec,989800121.0442181
f776a4e0c8c82b3d29756b34,1196183818.625166
7ea4af39a7e577ffbd600f0d,652892213.6580062
45fc0d46c7a4df7ff6976fce,989800121.0442181
7cdcecc706fc7c79cce45b20,652892213.6580062
3503f56e09e639be4762ff2d,652892213.6580062
f70ac0d227db6f5333aa821e,652892213.6580062
20db610da64f80afc1621b12,459356549.5994952
c80ef212c870e2f20ed2234a,652892213.6580062
7dc68d5cac1b7fcdab35586e,459356549.5994952
a478fb93a131fee4119bb9f9,1036452782.470333
7749b2b534213ec7b536372b,630743895.1178392
43e59f5312e304fc21c1e052,1174460292.3506572
82a7920524816f3db7f5a4ca,549900000.0000006
1a7e331d9ff88ae5efafa8ea,523208842.229773
a57350d4c79a415137281cb7,420136430.7990245
f3a6132006d54d0e22a17e84,621858293.1724691
14caab87a129f51b2b70508e,639614435.2706796
ba2423d79744d763aa3744f8,639614435.2706796
1caac10c1121a795a172889b,953509272.4032446
40768729f2697b87ed6519d1,448162916.80593127
843234d3c6c20bb60a17fbee,695243469.1808552
cd2e4dff930a1c7a1a569992,515018029.26694816
5a6eab133b7e95155f6a9012,430637220.397177
5bba6c40aeb129c433d2c58e,545829835.5384568
ad3c644b506498127c7beef1,638018475.448676
a379656c49f4cb1cfc5b3f03,545829835.5384568
998c1a6ace613d8a7468ba5c,422615079.446747
dd610d7ece83bb02dcd7a22f,432755688.95347536
539467d04a2b3e78c592b11b,432755688.95347536
e40fe4ac43cabe82c03dda59,432755688.95347536
5561eab714583013b422e7d4,422615079.446747
d9110b2b5b1c02766da9e24e,638018475.448676
c72cf05b93b9c290c063b08b,638018475.448676
d71cc157c0c43935989009f5,616211223.1728921
4199eaa19ddf8ac436bb2ba3,638018475.448676
d23d12bd86def2657038a481,1043882739.5951464
ca438e13d8aa6285858da0aa,1043882739.5951464
a173eb804f4bcf6bfe889417,1043882739.5951464
9b3677d498c2ccf69c756ec7,1114290987.9556086
f8c787390e4c6d2e99fc7c3d,400781180.02897525
a188aa896d1b4520ccd6b65f,400781180.02897525
9fa39c9eb4b10a20dda6c3c2,545829835.5384568
7bc9022fa1eadbd9ab39acd9,545829835.5384568
46f0731f62232b32eb733dc3,545829835.5384568
b6767d1e329ff5e28c42f632,458682067.2886937
abde4b06769fcb1d5577fa7f,458682067.2886937
1496d159d31717ce254f67a7,458682067.2886937
1470749d0d2551a93827e441,458682067.2886937
3ac517f74dbf8cdc8feadfe8,945999999.9999993
fc6616c62030a53d2aa46b12,628818565.3953288
8497f34947cb4c0ff18a0eaa,638018475.448676
3b2936127f5a4684a1d3de22,638018475.448676
dab58562904cd13a93d913e1,638018475.448676
69d1e47b6bdc57512f1838a5,638018475.448676
23c7f9a0534a4ae6a24e38a6,511595369.9233121
640e9fe41fb79ecba89d8951,620000000.000001
31f6a25d56f3bb36386d07ae,511595369.9233121
bfb30ae71cdca27f5a5494c6,498999999.9999994
baacf0dbd690644d74f3a929,847615880.7266521
cdcb874d2e62220d12230632,803938749.0319791
1421bdbd9cf7572b799b732c,803938749.0319791
ee9e5adab1455d38edfcaa6e,974999999.9999988
1fae43a9450fae02919962b9,638036967.1005675
5f9ee280509afd55d24f39b7,614453765.7480788
82902f2082dd405ab538ff58,448131821.30102164
eae52c81f779a61f57cb5b58,951909964.6181817
4ec0aee1b202642d2739068b,614453765.7480788
f4c6c3210a3c2eb935c6d5bb,794112435.3590788
14a14706d405569501327924,337638860.3226826
146a5a4f3d111dc7b955ce42,614453765.7480788
99bdce7cdea643b0442976f5,611949088.9141579
733c7cdfd50db77066a67140,900000000.0000005
de328410e22767c66d919423,614453765.7480788
d0116b53467b3081664fb268,951909964.6181817
dc722ea5c4d62773f9fb6bbc,433245451.5686124
e84605e3aadd50b064c8eac3,951909964.6181817
31a3719e57ab1425e7267fad,448131821.30102164
34993717af3f861b9735df6e,611949088.9141579
543822711986a454cfd764e3,611949088.9141579
5bbc4ff9cc3ddacb39469e27,951909964.6181817
d7ced905983af0800c19b7fe,614453765.7480788
02d5bac2567ee9e19041ad42,611949088.9141579
f4897a8a0a911a2acfb8e8c7,951909964.6181817
4ba19ab08d1fe7f72d0dd37a,453486324.16422945
b7c07f8afe037d55bddb8e41,433245451.5686124
40b20b5a3a986802d64f7675,448131821.30102164
01fb5931cb55f5308382818e,951909964.6181817
7cd0c7174b957df1f004fc88,611949088.9141579
ca13bacbf6dc8d1b09fe4c67,448131821.30102164
0ed0dc77661be57aab63bc83,389626390.16122216
d03558acc19951a882bd568b,513681618.1945983
b8cca0d70fb46f3a31473e98,822496200.5991263
f665a58fa8eda69547c1a159,616857936.6449674
8aa5ae4637ba83e672cd3ab9,599679802.7357395
a6da1996f66e545041d920d6,1027583318.9066437
b828609eff041a68fa243a12,599679802.7357395
3f39a260b81dd7de1dff2b31,403624237.35522443
40fd167916ff071afdc44792,616857936.6449674
6ca31945172976c3a11732c6,616857936.6449674
1437d1f1601d26a3dca7594f,599679802.7357395
ebab054e5f256bf4e382002a,1193303828.2981255
0838d0df248d723da4e25ea9,599679802.7357395
7a134e45b9ebe710c6c6efe6,616857936.6449674
6e9c7f27d6b89c5f9696fae6,403624237.35522443
bd12c705950c46e679c34bf6,1193303828.2981255
fa2c1092f17ce021964f8953,1027583318.9066437
e3202b635974f7a3367c0ff9,616857936.6449674
49bdf0f970af03d83a57dcff,599679802.7357395
91af29fa680d8033188ffc39,349999999.9999994
cb626b981c0997d254388e76,403624237.35522443
155a8e4186d1626fdda4d0ee,599679802.7357395
d337476c2cfa780518523a6b,403624237.35522443
7c3ea8523ece273991a190da,616857936.6449674
674c02227165e1c7189c54e4,1027583318.9066437
17056748001fd65cb961b384,616857936.6449674
f56bca5bebfc765162c8cae0,1027583318.9066437
5f4b0ec9c7452b888b33c3e8,409581831.4681532
13dbc077e552640736267a49,398101999.9999999
cb645955c851790e83e696a7,616857936.6449674
649cca8c83352caf7442f20a,374999999.9999994
fc8836e71725949c5f3fa7f7,1300000000.0000017
4f431d80287051ca323f2c08,849999999.9999992
42defcc69fa22e4c858f3c24,616857936.6449674
291a2f9022933c9d81311e81,616857936.6449674
d48a061a2040d851937413aa,616857936.6449674
55d2ad80322427ee3426dceb,616857936.6449674
8c41bfacbc1a6ab831b26fa8,616857936.6449674
c7214222fefdd8d2ad7f8f8f,620000000.000001
b3d9a095c9c73004643c9e78,616857936.6449674
d49aeae19e13909e75dda2b6,616857936.6449674
dd10dcc52d2549df85f2a8ec,616857936.6449674
6732b448d2e4f32679f235ad,1149999999.9999998
f08a5c2992cfee4c0910f68c,616857936.6449674
e3a62f080c25f404ca995e06,616857936.6449674
7634d584c3042533942e2dc0,703790599.2572863
ae58dee872922a9c678dbfcc,662716079.9847527
5ec01e911785dbd5b49b166c,517013647.81865966
9bc12d9c9ad95064412c3413,604798166.5450978
7acdaa0cee1ee62e15f4490b,419695257.9504179
d76d5b14d0acc5295b8057e2,505986234.35941154
32f3364ac1fabdd13db1cfe5,382999999.99999934
8cab957b322f1aba06bae4ad,550000000.000001
e3dc8b417819e9afe3fc7d0d,560000000.0000006
c71fbecd8f7310c201adbf40,599000000.0000002
54c9bffcdc46819f67e4b3d1,625000000.0
4d94a2295f612b96264a0db8,621858293.1724691
874f4a836cb74be301e068cd,820000000.0
a18925f908acda4171bfbe36,1549999999.9999986
a587c7419568288d68c46feb,554811635.419518
19994da77ce4f2db3efe6660,414422608.2504024
9c4dece6127f1f3f3bc1e0f7,420726560.4241344
09c28a830f8093802384071c,420726560.4241344
5766f7cfab59c920081e3046,420726560.4241344
964b7d9de17c1ce396fb83fd,345000000.0
44f77a86369d6607753adc09,521677066.8612091
7f25471be85adf0baeb8ebbc,521677066.8612091
6859481703fb0cb34c1e564d,464142228.06842715
7ba0c14dce0cb09ef5735d9f,464142228.06842715
62cd6a29e98a5b7a5ad38050,1179999999.999998
9c6d7e6260e4fe83d43706d4,472000000.0000004
5dbcb55dbba823dc31b041f6,1599999999.9999976
85abc5c0353c5b678f087824,460868744.8721164
56dd1bc39664f8e9f316851b,649311954.7101204
b23341faa7307d9d6009c6d8,463310801.3117628
2af941adae2e8dfd66542055,649311954.7101204
268f887f25d416dcd3c0c9c2,569999999.9999999
9ddc7272fe43f07035d3da63,1249999999.9999979
4002635ca8b087877ad22d5b,931869366.1428375
b515b1caa608ff42574e5a06,614453765.7480788
710542343cece039a279dbee,611949088.9141579
187a143dbd6d4bd81d6d9c32,433245451.5686124
26db92c003c8e67d92d88aaf,1043827908.4292
641ac8f4f60ae2b9cf6add93,611949088.9141579
784714647351cb6745c867b1,611949088.9141579
5fcf1e2ab4edf13ec844decf,611949088.9141579
2575d932e98c421bbb38b267,614453765.7480788
af9d2f5f62bf74a7fa9c74f4,611949088.9141579
4db8d529af9f718e6d81a85d,432755688.95347536
9a3368605e5f563e29182f3b,400781180.02897525
5ff696d8369101b6dc60e2ed,400781180.02897525
95ade3ab8dc04237acd6441a,319999999.99999976
607ed21e896eb5ffb50d5ead,579999999.9999998
40d9a852bbed67a6036c6d8b,458682067.2886937
97badba651a94721af5df3f0,616211223.1728921
b2f089146c30929c4836f0fb,458682067.2886937
936307e2f478c3ff7b9652e3,616211223.1728921
b6d5cb459999de084965e993,616211223.1728921
aeb66f808982c6308d891f55,545829835.5384568
cf8418c60f4e54dfa09b1e6e,545829835.5384568
1dcf71e8fbfef2c6534576df,880000000.000001
c78b16f05ef58855da0d4f2f,349999999.9999994
19ecf1fc86396ada203c2a19,449999999.9999994
985fc7ab5aabf1831ce3d298,638018475.448676
8aaeae6bcfcee5ad928ce28d,638018475.448676
1a93cae134c79a43b13ce656,638018475.448676
ffad647e8ee35eaea6378fb6,638018475.448676
c21a3eaa136ef8a912ce7b74,638018475.448676
fabe0f299a4e4bc6f51d54b9,638018475.448676
5af99278b1091dca9b0b0332,374999999.9999994
3f0c845deec1c24472a35efd,1599999999.9999976
c10f25fd39dd36287a6cde73,1300000000.0000017
f37d31c512866b575780c4b7,800000000.0000002
5d34f871e5a5cb3a655a0b13,349999999.9999994
95bb852a958d7b16fd676e3c,1149999999.9999998
24857a7a80d5f13a52eeb054,539999999.9999994
f9796e9d13fe1becef435e54,1249999999.9999979
1c2739878e452a340a4e8972,974999999.9999988
698f3f1929a2dbbc69865b65,601307484.4914386
bc230105784ca8640e499ca2,426995118.02171737
622fdba953206a65224f2c82,426995118.02171737
6765fc17d98c08142d3d7757,601307484.4914386
6f35fcba4ffd6a58bce85892,426995118.02171737
d8654c08e95b39e3b4891cd9,601307484.4914386
33305df46dc2186c7e3f727e,955927221.3442053
0cec193a20d720af010383b1,650652766.7575345
734efe04fa6b326ae1d072e8,431704921.55183345
69190139558b2ef3eface18d,426995118.02171737
bb084299ad23f245d7cc5b69,650652766.7575345
d4c7b3372d70b898b167b92a,601307484.4914386
4a119b1bbf04b4bd6051c5b1,650652766.7575345
f844345b6224bc76bc3c6f91,431704921.55183345
052505ca8210e5e651fc0b63,609722077.6237421
5731cdf8cac0b8371d786c90,601307484.4914386
594d8d78af90086bf8cdf09c,601307484.4914386
fcaddcc78938f3a234dd2d3f,368922789.66379285
1574958978c9b5d23d9521b5,650652766.7575345
55902baa0ece72e2e8c869d6,650652766.7575345
46161effff173111bb6c3a32,601307484.4914386
b3fcd9cbfd485e4e1da6c89c,426995118.02171737
213ddc1761cd6b018349786a,650652766.7575345
be3b1df5f008636e14bec3fe,601307484.4914386
dd27922be5b6f730f8b4e058,431704921.55183345
cd2aeb1b2649ef421102def7,601307484.4914386
a226b4af016a772dc7e39ac8,431779680.16835976
dcef5b332fd31d0ed8d754f3,426995118.02171737
481492907baba4574d4a6f35,601307484.4914386
10e5e54ab66b58b3f41ec381,650652766.7575345
d48866a153ea0fd23a858cd6,426995118.02171737
d273a2075d28e343a657d9de,1125655791.5848627
90a711f776d53cf654614649,601307484.4914386
f87c76eb5071c5b309e3ac3a,431704921.55183345
74df03749e60c216a3e1292f,431704921.55183345
03a84af05df0f577e09d60c1,431704921.55183345
78682041182f01ee4db04e8e,1276499949.9984932
25c76b5a1da0c2d8158b3732,601307484.4914386
af8f09175265e1546200ff86,431704921.55183345
c8d4ffb290aa9cea002e8d67,431704921.55183345
cb89ad8156c3428ac80a4db3,650652766.7575345
7602cb1e6fef087d8ee81aac,431704921.55183345
00c75d59ed4777481a50cbd3,650652766.7575345
fd36cffb856c2a14982a5fa9,601307484.4914386
06ccfa37fa6b011ac38422de,384106744.36784226
257b533b6a66b40d0f097c55,481396873.44444823
736eef4bb36681acbcc3c41b,425579068.64689326
e1a4437b17f7bec650d8cd97,481396873.44444823
ecabfcb8ce9bb47ec3089c7e,481396873.44444823
a5a46af0c9fb5c0a03855660,601307484.4914386
920b50f4355cd2674ceee068,601307484.4914386
410e5af026805ec8088f2e71,601307484.4914386
efa0c01632d13ab59f629ab1,431704921.55183345
5965d19a68a8414b0419bc68,601307484.4914386
64955a117f2d9264eb59fa82,955927221.3442053
8cd46b5c9cbd056d3712f155,601307484.4914386
65f736c3fee3d14c31a57d1f,601307484.4914386
66e9c614882d58c022de7a2c,601307484.4914386
8c787c1e6161b18601e6d7de,426995118.02171737
29a115ba5b198689fce5f93b,368922789.66379285
de8ee990e70c8e5ad167dc89,431704921.55183345
0b65098a19c2fc1caa6577ed,601307484.4914386
70ea0403b722a1dae1ff9b18,601307484.4914386
5c77e242474e477513b60ad8,426995118.02171737
1655a92b20740a11a5889519,426995118.02171737
1709b1446b20b21482dd2d36,955927221.3442053
e5dba7fa0cfb81488b0c331e,431779680.16835976
d09dc3a3270073e5f1cb353c,650652766.7575345
368e740cb71b9175fe5b7b6a,955927221.3442053
b8a8ad4c0215077d3e5aa472,955927221.3442053
1f4a78e094987ce29f054fb8,384106744.36784226
aae3a99ac764b8e9bfc562cf,481396873.44444823
a63ecc5539e8725af4128cb5,481396873.44444823
a29e18f37ded2e901181d7d2,481396873.44444823
14ead7469d05e5eacce6a575,601307484.4914386
1cbf39c44f6b0fdbf9554845,601307484.4914386
9012294b64280c565a88a1d8,601307484.4914386
dc0e9ce44b9932c6e48a9390,601307484.4914386
a4f272acb4b3b4f5fc72e99d,601307484.4914386
b0a7295da89516be1c44512e,650652766.7575345
b638b937d4f62949b9eb9fce,601307484.4914386
cadd4a6e1075b57f7b74c63e,650652766.7575345
a88f4eeeeac5ccd1ba9b8a4e,955927221.3442053
29616bf14b5f1cd42786a91d,431704921.55183345
f03f97ca55e9a43928c18237,431704921.55183345
5fb9bd3aee2e1320dcbea448,431704921.55183345
34bcfc2f0cefad790922879e,650652766.7575345
8c9849cf3d20991e5126420b,921799762.4396713
ca7b9296080c9fc9fb232782,955927221.3442053
63a5989d0dad994a6af7734c,384106744.36784226
7d25023ecf668945c87e0666,384106744.36784226
fde3d4a4a819b1fa40530238,384106744.36784226
e3338ac993873aca45755dc8,384106744.36784226
bfeab1b12dd82efa96efac31,384106744.36784226
2d564574f0191164ff1d068b,384106744.36784226
5529d858e9c9e3e92ce8a95a,384106744.36784226
2755af908b841e9024718b3d,384106744.36784226
623df36ea9610ed5c58dbd8b,384106744.36784226
77924a3c7880310a4822e5a7,384106744.36784226
24fd0b7f75feda5db89a4127,384106744.36784226
c2b9a3b2747f32d26c8219fe,384106744.36784226
3c3c7861a9727bedf5e3cb29,481396873.44444823
822ba8fd3c7392bda84461a4,481396873.44444823
4625168852b335b223a05bb3,481396873.44444823
b732ff1637ec53286e890865,481396873.44444823
706bddaf0b87e4f076247450,481396873.44444823
917218fe1425d2c222da1ed3,481396873.44444823
7ac0428c4b7197ca14f3b86a,481396873.44444823
e828e83be8651bc2e07641e2,481396873.44444823
4d069f925100b6cad0b657b8,481396873.44444823
a50640d13126880a423521e8,481396873.44444823
45e92799de1a5334c3d2d72f,481396873.44444823
93ca9e75cbeaceee69b4f0e4,694292091.268168
8fc4070ce12262679c381515,601307484.4914386
63182bbbd5f94cea67de2d8b,601307484.4914386
6e163c3a0e30e7bf1e909661,601307484.4914386
3cd016f68705e73b819cf74b,601307484.4914386
3da41d55a2b9f78c2b10c75d,601307484.4914386
0eb8f10c9d5ded1b09f60baf,601307484.4914386
330c37fb5065311564fd35a2,601307484.4914386
b849cef46f19e13d3fc9d5c5,601307484.4914386
7bc034984b19479f29886cc9,601307484.4914386
5cae4522fa829a1614739b64,601307484.4914386
bf6bd06201e60a4c98c8623d,601307484.4914386
549ebb2f616d50ca778e92cb,601307484.4914386
448ad6cf4b43298a39c7b5e6,601307484.4914386
e9a37a1a4150461126dbb6e9,431779680.16835976
1d4c50978603ef41377af057,601307484.4914386
bb71a24bc5ea4051d84ecacd,601307484.4914386
286ab2411118455780314355,601307484.4914386
045108344bf09b01b597e7ce,601307484.4914386
d714e15ab5c2d5a2503bffcb,601307484.4914386
60823c81f0b98e8a57192a9b,601307484.4914386
dfa988a524343181a0d3ead5,601307484.4914386
fe8bcbd17b16ad023a202843,601307484.4914386
69fe76202cd89637a15de1d4,601307484.4914386
e7cf67cbc08fa04be9f0a3d4,601307484.4914386
670583e7a2ec6e337429fbf9,601307484.4914386
796935018bf2b241646a2dae,601307484.4914386
5f5856dd16c0e5131835e650,601307484.4914386
ea2e380226005bb55c724ce1,601307484.4914386
f40defb11ff73ba4e3db7611,601307484.4914386
a4b2dd2771f49951c027eef2,601307484.4914386
a949ede7227c8f8587715029,787971635.5811033
83f402857435d4fadb27fa36,787971635.5811033
36ab522893b5f01caea4cd0d,709869591.276134
8e4875b7ecd0898571f0b1ae,414422608.2504024
7ef3f8bfd0368696369ac957,414422608.2504024
73ec13a5687c542137eb9a41,414422608.2504024
6334eb4a37d102ee00c6e2a1,414422608.2504024
fab91f0b03598c943fa425dd,414422608.2504024
c57c3c7edd591e16c0b7c1f6,414422608.2504024
03aea1b6ff072f117ec733af,414422608.2504024
91b57e8d6c41b7afe949bcba,414422608.2504024
ebbc5fdad817b304af3585c4,414422608.2504024
0232a50c9afca03cbf4277c8,414422608.2504024
05b12b1916e51a804419c654,414422608.2504024
95c9cee9b36fd1d68f647aa5,414422608.2504024
3d31144a77cb51647f3deb02,414422608.2504024
ea87e3259c2b0d6263d39a2f,414422608.2504024
61f634438de4a10a861f42c0,414422608.2504024
c3ca43d0474dea2f2dfb9791,414422608.2504024
a13a3638569b89ddf1260470,414422608.2504024
124959d1429de095473bf5a0,414422608.2504024
4d85bbc09ae56cd85a8f87c6,414422608.2504024
2c13f29a8b9ac9b464e3a582,414422608.2504024
70215712bdd8ae7585520550,420726560.4241344
3352469ca509e8ca652fad1a,420726560.4241344
893caa7433c200e0d43e9f27,521677066.8612091
767cb14f03c909c595c2a731,521677066.8612091
11433baf7716402e8c58bd33,521677066.8612091
e07ca567b0678126a1aec803,521677066.8612091
b2286067a73bc0049328b55b,521677066.8612091
c85d56080167254c7bc19303,521677066.8612091
5b9ef8d6defdaf13dccc5ae9,521677066.8612091
f7972b1936c6d9e95d3f632b,521677066.8612091
defd03ae7d0c0a44baf80abd,521677066.8612091
6fffb7958a58a73b0e16f2b2,521677066.8612091
5d86a1db39e324770ae58efa,521677066.8612091
c56163e390d9e5a7a76e77be,521677066.8612091
fd5ba2795eb7b5fe338d6b4e,521677066.8612091
24d6d85cd0e2dc3deb2db896,521677066.8612091
feea3a2bd9f643219de51c46,521677066.8612091
055d7c66464d7e327711b497,521677066.8612091
046aaa4162cd410e92b216d0,521677066.8612091
b6bf2760cfa26cb28fc989fa,521677066.8612091
3a6262eed8967d695182e435,521677066.8612091
cf3665f24927de548639ee4d,521677066.8612091
4c243fc50d5511a1288bdc0f,521677066.8612091
d753227b5c685e93b378baea,521677066.8612091
149e49c22fa0eb163a36c932,521677066.8612091
8baa01b8c6d29c82a6108cb8,521677066.8612091
2d437a09b860d9d46644ea23,521677066.8612091
66bd80fd26836fd426be5733,521677066.8612091
a30e69524af9c1bddbc5de34,521677066.8612091
fcc96840d952d32a7300366c,521677066.8612091
659bccaa707b94f303610225,521677066.8612091
df1c66d8dfb9520c6818a32b,521677066.8612091
dd1dacc0c90022e5b40849bf,521677066.8612091
1a06bfdfaa9d9ac754ad07bb,521677066.8612091
a0ecc8ce0592a40959bd755f,521677066.8612091
739c2b9be0941e4c126d2f3a,521677066.8612091
d723eb2516802250027312b4,521677066.8612091
04cc75f46642efb1192f1875,521677066.8612091
9f37bcaa95fb0044aeef6075,464142228.06842715
7be8abb5d23794ac47ceda32,464142228.06842715
c06c737cc0cef7fafa3fc4c5,464142228.06842715
48e71c45f41778f8dca24cf5,464142228.06842715
b41f7c1cb9cfbd188f8e0233,620460317.7419374
32ce96d8adc8e549b90b4a8b,620460317.7419374
c6bb4ca5a0c839d38dd8ce19,620460317.7419374
1d91edf33a141fa2181abc4b,620460317.7419374
aba4e24dcc6998e5020731c8,620460317.7419374
00af33cff3ff7c6927306df4,620460317.7419374
6d2328def08bae481705e20c,649311954.7101204
7815163b8e4a54843d121dc1,649311954.7101204
c9f92088dbdc0d81412968dd,649311954.7101204
8e1bd01ce4b7910d42f59be4,649311954.7101204
5fd89a857727753eae6632f3,649311954.7101204
332e395d4ce62523a2e3208e,649311954.7101204
4fc89ee51cb0e1b9d6459819,649311954.7101204
2571fe181b6ab939eac19d2d,649311954.7101204
af98a0e223a825cbab78ae49,649311954.7101204
ae187fea3c46c3fbee7e6e8f,649311954.7101204
c681519ec1ee1a28f6a3607b,649311954.7101204
bebcca3e75e747b5a01f5485,649311954.7101204
0842a0730545c623043b1d8e,649311954.7101204
973afa2d67c20297aa108bda,649311954.7101204
64a9f0bf04f1c890cc6e31eb,649311954.7101204
9e92b27f554068b7dfb640cd,649311954.7101204
57b7aff18c444fa3c577b079,649311954.7101204
6b23f191d2ccbebf9166926c,649311954.7101204
b80c961aeb98d24d968c71d3,649311954.7101204
064c1cd5e94efdf8c7262fec,649311954.7101204
723078b6cbdf02c88286c596,649311954.7101204
e239ff5eaaebb287beaf76fa,649311954.7101204
b3b30d8b869eaad2382c5447,649311954.7101204
3f295e6c14e23cff1468bf82,649311954.7101204
be78bb0e06d5768ac1908247,463310801.3117628
4daf52564456895ca7f4429c,463310801.3117628
c832701653f1e7f01913660f,649311954.7101204
82433a009defc21498037127,649311954.7101204
b53d3d578b1d7d9e00c8a00d,649311954.7101204
36fab4c38cdd91de650e6abd,940359616.1633954
bed932e11a599f7cd4bfa31a,782950763.6690904
1d9addd835c9fe8665e01500,405000000.0
d8216aa4e029c0d3d646efbc,779999999.9999998
c1b0ddd3c104ec4482d5025b,371483512.4201339
bd0f754b0fd9b7af284419b2,1150000000.0000038
01e907d7672006fa2bba8b0f,420136430.7990245
7ad046b20064565644ebfaca,523208842.229773
1ac2b23683ba89e9175d1b99,523208842.229773
ab4c55e78eb83d80c153f50e,523208842.229773
2ad54bda875fcf8c6b675bf5,420136430.7990245
07e76c765d1137cdd7c2ff53,420136430.7990245
5531b9663c5a37a2bdd97e9a,523208842.229773
c740655aea4eab7066446c42,416899395.9295166
3b6c37e7e6ff1c03ee4fe995,515018029.26694816
1b5d3ddc71634099fa1f04a8,680000000.0
1ad916edbe6fd38f40289a04,515018029.26694816
a1368aa4d3ae850bbfd90bca,515018029.26694816
0f728f676325ece6a001b4d5,448162916.80593127
0f98c4e431100aa87e6fa6af,613652195.3110907
91a08474a18644c43224c62b,536855014.2292985
185dd9366a6dd1e820880917,536855014.2292985
e364018f4d994cd15d4af374,613652195.3110907
77348acef84ef77f6a076268,737461863.420748
7f8f506137780f4cf12e73b6,550000000.000001
809082a38e6fc3faa66845b9,503295334.43075645
2072a783a44474cd0dd10d7d,512541323.4600683
b71905255273cbb0af1290a9,564999999.9999994
c7d5f021595b58c507f47d3b,1599999999.9999976
65ba1feafecd7efdcf214ed2,490000000.0000005
72eb64cd02ad2a54b65083eb,799851706.5206304
35d79b2ac92083bc439124ac,588220088.4873712
2f7d36523df4a5eee3edbe05,491637120.83336514
b0d20a04106ebb87e2cdea37,820000000.0
43650eb8b70dfa256ca64979,652892213.6580062
311fa1bf3c405f9bed13b38a,395539894.22226465
d12dc721a59af021e8ac68e5,395539894.22226465
36f9a0ea831710344f468bba,395539894.22226465
1eacbf36422a54f1327fa291,395539894.22226465
9567966987eb1d3117677cc5,381382939.00497735
e5bc85e227ed7dabfccbd005,395539894.22226465
d1f39f86c82916524273bada,299999999.9999998
deeb837c2c6bcbd01930431d,459356549.5994952
57aa22792684debb8d4079dc,484740454.27619684
5b0530f544da162b9a8ff772,459356549.5994952
b7d66c5f1ad06dfcae5b33ff,447418756.6149247
bc353a421fc579770e432176,484740454.27619684
45ae1e929b0fc88718151191,466799781.49541926
b04449c499843cf46ccb695e,459356549.5994952
e4d89c9d33a0f2659df21185,466799781.49541926
b2a7a8ccbbec39b63e4cd028,459356549.5994952
3be69554b1cb31ed5732a836,484740454.27619684
de7f584df6103e8bf95f4a37,384613573.48483574
0f4de499e5bd2c57fcc75013,484740454.27619684
b4fd0aa09f993bbfb1fa8abf,447418756.6149247
88a83e58eaf136a82ab1fe37,484740454.27619684
379429ee3675d1adbf816cc5,447418756.6149247
c6084b85c8d95e0ededc25d1,459356549.5994952
8eae4346936f8c6c67be81ba,484740454.27619684
a13fc9e9b4e47340a5d53bcb,459356549.5994952
7b8a4d701066372dfbdffbec,484740454.27619684
a62a6094ffed3ea7a54fee73,484740454.27619684
bf0ad098fbccd3548d834ff1,447418756.6149247
0a231779f131c36d8e6910f4,466799781.49541926
51ba7338f5900d8ef12206fe,484740454.27619684
81b14dbf863114fdddb38579,459356549.5994952
adaa406ec9ac311e9f9c0bbe,447418756.6149247
4cb11f32806c0e07b4251984,447418756.6149247
3fee486268a1451a7b9fff7c,466799781.49541926
5666f3c36f0ce4eab2c39299,459356549.5994952
8a8dff62516671aee2250cb0,587356317.9643418
ee4fc6a146e888e993a4412a,569497042.4256997
5a16b30f4d580352710e92f1,587356317.9643418
424bb491c71e913e900db76f,652892213.6580062
100bdfc998bbde3d00548bdb,630743895.1178392
d793efed9a723e77ca8272f8,587356317.9643418
725c029b7c5807a4b0ba2bc9,587356317.9643418
b6d3345346f43dba053ceccc,652892213.6580062
888bc3c4ceaa108e048ad28d,569497042.4256997
267e000c89d3416e551462c2,587356317.9643418
0ab4a4b8adda35f634812221,587356317.9643418
823ed628bddea9b56792d108,587356317.9643418
a189bd7e4eecdd18ebc7d353,652892213.6580062
da16828139a19aa11bd94ffe,652892213.6580062
874102a58234cc7888902d42,652892213.6580062
789e5d19fa507823cc4c5296,652892213.6580062
174bcb77be3b7e408e61d7e1,587356317.9643418
31a1492e589f317a58a79df7,587356317.9643418
0825f2ca4baf5b34231ecfd2,652892213.6580062
ebc96ea800887a647422b8fe,587356317.9643418
969b956eb7769b6f509d3ee6,652892213.6580062
6ef9135481d8fc882a1a735f,569497042.4256997
5f501c4532ade3f412359a1c,652892213.6580062
c6d075772255b1efa52317ac,587356317.9643418
535bdffc5b79d62aa6179c48,652892213.6580062
e95653d504208e8da19fdd03,652892213.6580062
e4e529e778dbc89f854252f1,587356317.9643418
ec5866fcdb9afffad2d7f5c6,652892213.6580062
814694a725a50c306d774342,652892213.6580062
1cd6531d8539468cd5f4b315,457766315.9298633
0c3e734afaa6b7c370754082,587356317.9643418
f80eace37237614562f942aa,652892213.6580062
3aee70815bcf6effcf0e5fdf,587356317.9643418
ea21ddfa37d60737492509cf,587356317.9643418
67c78ce1b8a64f36ddf90cf6,587356317.9643418
fd2efcb61008dc9d11756381,1036452782.470333
f51658b9fea670bd943d6db7,989800121.0442181
b83b0a53ead29faf9dffc0fe,989800121.0442181
c1329245f57c5d9019105382,1036452782.470333
98665b825fb3a06b914d39cf,989800121.0442181
24e90a7d9a2bd0c30a4f661e,989800121.0442181
6e64677f8d730e1f9ca240d2,989800121.0442181
a742819d8e4cf8fdfda6e094,844807670.4197229
ed75d1c40109eeb51fd636f1,989800121.0442181
cfc2ab56604b4e3734d7cbbe,989800121.0442181
ed5622c308bfd10602e939ca,1036452782.470333
5f537d233678443192d22642,989800121.0442181
aaa79ce67339dc53b4f41dd2,989800121.0442181
5f467c6c80023b0174823d85,989800121.0442181
46fcc0d53b263beae95b8eb9,989800121.0442181
2bd47c19e5d29a3157fb8465,1196183818.625166
9c9c2f05352c92c02d080e96,1196183818.625166
cf8fb8db6f74c236cad0cfcd,1115072195.8744404
f42a53a05dc90e617e0e4c38,562831760.1865021
bd612d494e2f21051556ebe7,689999999.9999988
ed1c8ac25a3db5120c92525f,445981605.4668374
2c30c2736472590fe45277c3,490000000.0000005
bbe2c06e6f90c4234a7781ab,750000000.0000002
b527813993b7bf4a10c05683,731263215.9688038
2f610d2242d583654337d468,1350000000.0
dc25c9240c67effcf655b02d,545829835.5384568
c35f5ef73168d03cba1b1f4f,400781180.02897525
e88009be52bf5803ba3665d3,458682067.2886937
12a63d4fcb56c1d690e1bbb1,309999999.99999994
1d58ad85a82f7731e0f198dc,1149999999.9999998
a2fdc7da13d098cfeba13b76,410000000.00000066
1969ba34b72e61337246cb5b,449999999.9999994
8be43cd8653accbb8fe8a270,514999999.9999994
10092cf2f8afb3658ae475ac,574456264.6538037
0fd313e5a0f02df07eb6b104,319999999.99999976
9b5f013e795f5fa610d03238,380000000.0000002
b1ec4b8badc955f9f4fe2131,349999999.9999994
e491adef93281c097ab08dea,579999999.9999998
9a65fe451b30c59beb3d62ef,405508487.90567666
0d3245463127143a8a52014b,724474450.6733907
a0e3198470f97f6a169044b3,1489999999.9999998
33e4901b6e72593513a02207,618462270.215877
f45234a3f0aceb12341be024,700000000.0000001
a71d53ec4fd0d64f8c06da2c,979999999.9999993
f1b30c4ea99f19a81d12f73b,1359999999.9999976
a52e2c893f85b49e2499cbab,618462270.215877
b2fd7ee866066f3ae0dfb3c0,618462270.215877
5acc9d767e3117bed0fd8464,618462270.215877
0449a82dd1667c8c564904f8,964431787.6557015
a0a8d63b5f43b87c0c7e1fb1,964431787.6557015
03de77e22e987fc3fed4eb78,611949088.9141579
3fed1dd17fcfbd2b86e73143,453486324.16422945
04fe204d03bd1c9876242ccd,764870314.1616099
32bdf33933c29b1cbf89539c,614453765.7480788
3f6c05c97778fbdc86304bf4,614453765.7480788
478e13e8c1cb5bc80f1080e0,611949088.9141579
3128a4896665d38feb72b456,611949088.9141579
fba6203abad5f4b3b721f29e,614453765.7480788
b25f461b3d48d833a73316a9,951909964.6181817
1282e129e1a355b161621dd8,604798166.5450978
293320b55fad21ea3f4a5899,359999999.9999999
de2f5db1cd1024a9734871c3,430000000.00000006
200897b1f8bcd7c116a85306,409802676.5808101
7023f5a68e1ce9cfd23fd021,452327315.1159453
13faa4142e9d60412abb4184,432145808.7266387
d74d0241fe5222f5c5b67222,409802676.5808101
0e51111c47813a0b0dd51b64,700000000.0000001
25e3793214088669aaaa4ca5,740000000.0000001
43d7b77a99e86e8bd21a19ff,1649999999.999999
38b87cf007043b76670207d8,794112435.3590788
8fedbf13ebb7cd3475fa3074,951909964.6181817
4be510fa977b93e34a789f26,433245451.5686124
8f165174bc07c28f9fddeee3,330000000.00000006
7ff6f389e364e67c4238df8a,433245451.5686124
2c91099736f3158f7f09778f,453486324.16422945
7bb1bc81e6eb3b4390440165,614453765.7480788
74e43ea3081841278c76cda6,433245451.5686124
9b948f070b94c18e00a857a7,614453765.7480788
99340b6cf8f818392d501e9e,951909964.6181817
b27088c3ccd93e7d8d5571c2,614453765.7480788
4b45cba0d601f29c2b7db97a,611949088.9141579
362212de783981c9ddb767bb,448131821.30102164
5aa78a2bc8ec5e2be315fbcc,951909964.6181817
92fecc04105a999a622ba3cd,448131821.30102164
5098115b26f2473c812b70ed,611949088.9141579
e9860f6b4c3e6699e62f6c31,389626390.16122216
71273ae563da6bbc66aa87af,389626390.16122216
6c6e7af42a6ddf62b04c35fe,389626390.16122216
484922bbe02cb218ced0e779,389626390.16122216
76745c2648b66151008f6399,389626390.16122216
2100201e0851e80488371b67,389626390.16122216
5885faa4aac834118c5e4351,389626390.16122216
f340405bd7f2c4bf524c50d9,389626390.16122216
1951c1c8855fed5db8031e5c,389626390.16122216
7dd96ddad0fa88f5c5978e39,389626390.16122216
db7535339826028d0fb3355a,415764776.8109399
4317746d5b88142780e6897c,513681618.1945983
5796e37eb1a995db5cc06eea,415764776.8109399
817915cc3582112fb5541a49,513681618.1945983
ba524c4e2f13109ce814ea38,513681618.1945983
c2439ab65fe194d1d60eaa07,513681618.1945983
92e4dcc5911b42e7f70311d7,513681618.1945983
6bf86a580c8b510b7447071a,513681618.1945983
975482a692bb98df98b2f243,513681618.1945983
336888717766096b24215b26,513681618.1945983
ad79f4fa23a28cc84487517a,513681618.1945983
d925c1d4dcb68990c7204b33,513681618.1945983
f4658aee77fa0e35a71da7f1,513681618.1945983
210d58091ea74bb902915250,513681618.1945983
186d4731b3af01bbe4d08b23,611949088.9141579
b760fde2d4df27a168ce0e80,611949088.9141579
2e653d2567a47067df169d97,611949088.9141579
8b63358f3cdf8df0eb1f43e2,611949088.9141579
c09d691e4c7d7b8c8f6a8370,611949088.9141579
4502e2809bb5bd47b2781212,611949088.9141579
d03101c7f823dd7d17e49a83,611949088.9141579
f5dbd7dcf63b08f711561e58,611949088.9141579
9855712ed7be7e865656de13,765606834.8767806
5a6397b85f45fba27dd9311f,734748505.295296
4d1b0315b5aaf21bac150d96,515018029.26694816
32c7a2d032ee21f8bbc6eccf,435000000.00000024
beae197df95b84881128790d,393372393.56524795
0cf7a6d43221664a060ef681,695243469.1808552
c431fd6dbad57351a497fae8,445487197.72893125
b1f8fdc8e3e25517ab80c065,325000000.00000036
7b346d5a5f5ec7165d1f8644,474350102.7722039
947ba86487536d611f548142,1649999999.999999
8398ba3b03595704b5897704,461191350.57855815
3f895518a7fccca44e534578,579999999.9999998
232e859fc353dbff75c97cf8,700000000.0000001
b234ef225690d57e7c2af4c0,1489999999.9999998
393e2e7ea1f20eb6b4148d60,550000000.000001
668db5244c4d5b5c76b0b395,569999999.9999999
646de9441934226c2ffeff77,618462270.215877
de53880a3299626eb6c2cdf9,1359999999.9999976
07f10df13b244dc33b464582,374999999.9999994
e4aa393309860fd5e30f49d9,1249999999.9999979
8c714badfcdef8ccc73df9cb,1399999999.9999979
0f8ded86be8d3543a5069b6f,400781180.02897525
3e9d73530ff24d3f4a543091,400781180.02897525
076ceb408227ab2563a663d0,400781180.02897525
e0ae474a5307ef4057da4994,319999999.99999976
d41fc79d800458b1691bbb87,545829835.5384568
dc8262e1493ed593103acfa6,545829835.5384568
bd6c24498bf413b6c5adf81a,545829835.5384568
885c77c839d705ca7d04d383,545829835.5384568
b8896656cf6f5dd7c33ae46c,586000000.0000005
34a9e3ca94ac06347d879942,616211223.1728921
ca3b5cd3505049f1471c47e8,534999999.9999996
8c05c66be6008af7f6dcc10b,1002572943.6415093
565fb93190cd34ac8b01f01b,1002572943.6415093
6c8119e00b901efd2dd40f0b,638018475.448676
34c92caf68dd0cec9fc383ef,638018475.448676
68939c438c34e79a317a4f3b,638018475.448676
dfaba547699e319462abfd6d,638018475.448676
dd1d2e305d37d9dde55393b0,638018475.448676
c32df77def9978a84f8ba7f1,638018475.448676
62103a85a8ddcfbf5e40e284,430000000.00000006
93bcdd2a8ee1d5b61d00d58a,569999999.9999999
9700892d7133ff2c0d1763e7,1043882739.5951464
fca6d7455056792cd61e2ddf,431779680.16835976
4e84c5953b493be7ca96103a,650652766.7575345
42fc4101da60fdb41f41f0a4,609722077.6237421
12d40725335f83e2fb9b937a,431779680.16835976
2b9681901b216f2174af0089,650652766.7575345
9ab74e81283becc00a779172,426995118.02171737
8f378dc1215f9213f187c02c,431704921.55183345
4a3a6698b5490216e8f8e6f5,1276499949.9984932
0dd795526c080e8efdf8eb0e,426995118.02171737
3e7217f628a1d0fc9bc47071,349999999.9999994
157195fb2358bf2d5051c439,650652766.7575345
37063e689732880621e4e733,955927221.3442053
3bc68bc2d6a2b81f9e3b9a50,384106744.36784226
ce21f368495d385fbd98de73,481396873.44444823
1a6af7fd6a5b0602052c4c27,481396873.44444823
e38259adbfd953bf085a69b6,481396873.44444823
0cb6801c9b57e874102ca349,601307484.4914386
79f1a5bc0be914956d632658,601307484.4914386
f571f85be35a72b2ac358d27,368922789.66379285
163bec92a997aa8263f5a909,431704921.55183345
9ce3000cd80aeec2c5188e8e,426995118.02171737
6a6178c4cae2e92a08b0dd0d,431704921.55183345
d52cd6eee468311666218625,694292091.268168
8eccd2a6352c33d8c7abcea7,650652766.7575345
53d3e32b1dc782308e352a33,650652766.7575345
be26f0523e5cb13846539384,650652766.7575345
ad7739088e8febc68abb42e5,650652766.7575345
add4f9dd26fa34829aa25eaf,963671359.8423418
17005d6ec889a947397ab980,420136430.7990245
3fb3a581a9a74146dcf9b71f,420136430.7990245
51c4a8b438bb0d97f712af31,523208842.229773
0aa1332c56bf357f492da2c0,420136430.7990245
6cc06c89c226a062fc46795a,523208842.229773
682b38de3539b2a584446922,419999999.9999994
1cfe9cba4c2015e7b58f05a0,620000000.000001
17d34f9cb105ca5010191142,548658366.8005067
1fc0faf46f3b533f2cae2c06,997873012.8985038
12f9e1f78c630defe302f781,652892213.6580062
87bd6ee6f17d2bd5b61b0ddf,989800121.0442181
fd4ce3ddaf79d1b97043ce0b,1196183818.625166
97aacb0847561f45a5540f21,587356317.9643418
a6dac56445613d70e49647e5,989800121.0442181
8b1acd29eb268fd684036180,652892213.6580062
656c13ca7a1974df58e1b826,1115072195.8744404
56f72c2d672b7bc3c264f7fd,613652195.3110907
3771c66b9ecd6db0b201d4c4,414509353.25661725
45e2395bee937c187e3486e2,536855014.2292985
7c6880b05c212c66b8961b71,536855014.2292985
e0ae8d2a51c771aef5f245e9,613652195.3110907
3573093e56e95a982a41879c,613652195.3110907
0920b2df9df4f0e509a7efb5,536855014.2292985
43600371d44fbbc81f6b6fa3,414509353.25661725
2684f67bcc89c8a5b95e5592,536855014.2292985
ca463fbe3e5cacc152aa70a6,414509353.25661725
0935e87627068206f6d9c0c4,539999999.9999994
10afe23f1f58f96422c97934,449999999.9999994
f3c8cf1fbbd6cced1fba0930,425587161.945287
abfda926d174a8da1d946e27,325000000.00000036
fc9fb2f209a4b5e66f89712b,498000000.0000006
15d10635d71919d0c9663fde,503295334.43075645
79733fdf8881b0d25412abcd,503295334.43075645
7254c91fc9b51e76c6fd2a99,638221213.6650579
b732021729ecf88d6297b48c,638221213.6650579
edf4e11d1f1aa6f8080c3156,638221213.6650579
0706ce398b2bd64913e68d39,831349979.2483166
ea4a797b3d73d1b2cba9d651,527763208.79040945
6c598362e322971968739673,309999999.99999994
130a119701171ed3c439c527,550000000.000001
849c918d78991c57f32f2031,510000000.00000054
036fc9e01b2b1e3ef4574372,700000000.0000001
e4ee1a81aa121aa5f55e20f3,869999999.999999
de926223fe4296d96466c685,1141532002.041877
340ae520163a220061bd7f28,368922789.66379285
11e36a3effeb0119b8bded5b,650652766.7575345
2492a7a74edb57f784f6361c,481396873.44444823
1900e7808046a5fe89d8e440,955927221.3442053
fba35c04cfb7b6db50cbb57b,614453765.7480788
daff79365fd94d1d3a2bbbd3,433245451.5686124
51230c899cea0054bb74cc44,389626390.16122216
5e04875f99a5e4476c0b4186,513681618.1945983
542db19bc6b9a1366715dd7e,611949088.9141579
a117f625c794b7d52ec67cd4,503295334.43075645
4c59acda820b7b75823fa277,503295334.43075645
f040a167241599987e7b0967,638221213.6650579
4a016eba4744dd01954f137f,360845173.472481
0d995f0ad226dd21bc96ff6b,550000000.000001
3d44c742b1aa4c022a968ea2,431433770.9221959
e47aa2541fb576b9915fd625,455000000.0000001
61fe9ea90c8a777971db8384,894999999.9999988
4a611bd82c9216a3771ca7b6,649301682.4785335
0cc5caa9b48a835c92da7653,829999999.9999993
9a7f24ba55c92696d377bcb8,600000000.0000007
32366fe92222b329e3d03b29,790000000.0000012
aa26461420614755c2a52db2,815246279.247353
53a447ad5e011909080c0ecb,1350000000.0
9d790c8c474c9de2afeb00a2,420136430.7990245
dbf200ef5f1e15211e2fc6d3,621858293.1724691
b96c9e2591a4cdf9c4e0c09d,621858293.1724691
78eb6f51d94a61a967da24f4,621858293.1724691
fb338e93dda9159476b8382c,523208842.229773
72536bfda19f78d370d95f26,652650891.8560406
7c581e2b9daf20131803eed3,848822135.4885119
50cb0ad562ab5ef4e06f84ed,562831760.1865021
a24901956dac4ee0e4b0c91f,848822135.4885119
c1b386f478152f9be1f546ea,442800727.2208892
1f34129d15f992a3b62d4b21,442800727.2208892
299117d35bcdd48afa4c2eb0,445981605.4668374
4ff6c53c0bcfd1d24bac7ad5,867265477.1934682
2e52008bd11000eb776bd80a,1190000000.0000021
56b78bb57b2d1f064c47891f,409581831.4681532
ef64a8989a6444cc529dd1cb,518105858.77862877
078f7c6532204fe046b13d14,950000000.0000014
28c0649dd8b294574a876e95,970000000.0000006
6b9b9d28723c7ad176a9306e,868845517.6978364
a640228932682c0c04538ac3,1027583318.9066437
b19efe9cbc26d61daff5ae90,443630705.422279
dc69d70e4d2713fcdfd93dd9,419727714.672467
358e85ba765ddde3ac31be33,319999999.99999976
5e6b2661bb7ba0ce4776d483,319999999.99999976
0b6dcb5c1952dcea931e2c20,518105858.77862877
cde84d2435eb1d0d4ffe2a43,460868744.8721164
bac550d41b2cbdc6a110ec7c,518105858.77862877
78fbb49efe7dc0d8e144ad83,625000000.0
606affed5c707249158c4b49,449999999.9999994
d44778d36fc789f8b8c745b4,616857936.6449674
27ee3504d1df34ee8ae5dbb2,695000000.0000002
60bae7a45a084f117eda823d,616857936.6449674
98aee6a36f208227a992f9b6,1049999999.9999994
388a6dbda422f886e503e685,1350000000.0
2869a2d2689af65497775b1a,750000000.0000002
19993833220392781bc15279,1049999999.9999994
f0efda3f7fb18af1b44d6aa5,550000000.000001
cb915d1ef92dff803c5cceae,800000000.0000002
4bf02d040efe5358d4a5940a,979999999.9999993
1382140d8fb634851d4d210e,1349000000.0000002
b8ea07763f2e1a3d635eb23c,404223557.7070548
8ec00d454698c119085cbee7,404223557.7070548
30d5185ca2ac2fcda2bcb79c,404223557.7070548
d0ea7bcd8cef8588ca50c778,404223557.7070548
fe6c19c6f54606a611d412c8,347241864.7784448
f22ae3d17c92427f5227cbf7,347241864.7784448
92b3b7d8dac6b2f6d5fcfd9a,404223557.7070548
8c44d216517f5c59e2611aac,404223557.7070548
b85fa4bc59149a7a25447537,347241864.7784448
99f10097f39b32a478877340,483488638.9198442
44f8d5ab70828e06198579f3,855464725.075305
1f674965c913f9fe282d07cd,483488638.9198442
60e768892afb284b0e5042bb,464142228.06842715
8a6d013451e46411d35c2b6a,483488638.9198442
6f953b9964d60f6a74c81226,463310801.3117628
05076b448cfbf9dede72904a,649311954.7101204
47051c25acf866250b5d3ec4,463310801.3117628
0952c73b02dd5432aebdf2c1,463310801.3117628
cc3ef2f4fd5568aea96c257e,649311954.7101204
834fe4a1e9e4efeefb5aba08,463310801.3117628
104cd052884247b14d697673,463310801.3117628
8bf61f106e60d6be03799de7,649311954.7101204
c13e387f56342f88c993f0a2,649311954.7101204
ae664789baac0c47d13c3c19,649311954.7101204
ecd1e3003c5d74a3c7cbdb11,653261143.7300652
561cf254aba002fdef8258ff,684514126.2392263
98799228c26c9e4899bed65e,616205436.2711157
03025756be203027ab75aaae,568265193.9823697
8997555e7bea06f7b90ce821,588220088.4873712
e91a3f962129068a3a76d209,588220088.4873712
4bd0a354d75759510ab6bb46,588220088.4873712
f6c1705a83c039f7a7d46255,588220088.4873712
0c4afcff5f5a90cb79807682,588220088.4873712
d3222a7545e302bf10894658,402021843.67458117
03463535ae93b8b123eaba8b,501589491.0899879
360e5cc9ee1282e5a6ea17dc,588220088.4873712
07f24808e42c9e11a7c20232,501589491.0899879
b80d0456fba49a40fd774e5d,799851706.5206304
f865411c20924c43a080794a,588220088.4873712
c578eb2dffe903475aecbffa,501589491.0899879
d639498fabe1db1236656593,588220088.4873712
e6e3bcae6ba114caf108049f,402021843.67458117
7dd9760286606c45e6a15926,588220088.4873712
2c5f07a9402cc93f4c683759,588220088.4873712
e3295e732bcf306a2d338387,501589491.0899879
240ccc45a242f80f817b04d9,501589491.0899879
a7ff59863f8719590146e71c,588220088.4873712
e6477c2014ad081d22f12b9d,501589491.0899879
807687fdb46614d9aa139b20,588220088.4873712
317d8f9d18599b346639a4d1,501589491.0899879
b85acd44e18ab485d3ac543e,501589491.0899879
e61476e47d7e7be706d23fee,588220088.4873712
270a97e07eec2be02cd89a86,588220088.4873712
4c9dc4494a3428435457f575,402021843.67458117
26e58d0b13e7f7f5a54585d2,588220088.4873712
166e1e60acca831bfad07736,588220088.4873712
aa25d9f8737f142b8cfa970b,799851706.5206304
44cdcca08e1e66a1496fac6a,501589491.0899879
d75b7730e8c291ed41d7caf1,588220088.4873712
6d1534800bf0ce97197efb6f,588220088.4873712
8b13054b3318289aac1f13db,349999999.9999994
c6cb6ccd3f5876c9b9e29685,463873050.6266558
0356797c1683d002bcd94899,1249999999.9999979
558cb38bcb8de04588bdfa30,419695257.9504179
0685f2225b939147c8482e6f,385297223.65362203
cf1ba56710023ede80a8381e,500000000.0000005
2d4bd56e71f90e6fb387a2b4,1499999999.9999979
b96b8e1d636f0c10c63e5c6e,638018475.448676
534be635a841fe21c7a702f2,545829835.5384568
dd5b4eb5d20b8b9c813ba52b,400781180.02897525
46941e09b153ec19f86c0c2a,666304896.1311973
9f06ad3793ede2ba7f39de43,545829835.5384568
b3df8c66475021fc04f107a6,545829835.5384568
468df200fa490e667bfaa31d,545829835.5384568
8130ab67c5e0d96a9a67fb12,638018475.448676
f7ea437311c0d217b0d572b2,400781180.02897525
ca0b59b35225b44447967ef8,387964919.0783266
90961073d9887bc1023315a0,387964919.0783266
a1421c30fb33a249bcd54394,387964919.0783266
c87d9677bed80b0fe06308b7,319999999.99999976
d331a4d58875a393080fdc48,299999999.9999998
2f3281ef06475d2114fbf9a7,319999999.99999976
487ede1f7f155194b69c531a,309999999.99999994
04308f869d7c992ed3ea646a,458682067.2886937
912471caea3c71e3f9f70877,422615079.446747
1baabd705f72393167dba5c8,458682067.2886937
aa4c66791884ea2a8357924a,432755688.95347536
1ce08c19161bd0545eef8a16,422615079.446747
01eb0a2c1033c30830161321,422615079.446747
b2759de47d28e8cc05c94e36,458682067.2886937
bcdea05b890394a10d24601c,458682067.2886937
db9f66f68aa772fe29e37edc,432755688.95347536
bd094081331ab259b1076261,458682067.2886937
81e7c8c1894e0c3a9315ff27,380000000.0000002
7cc9cdd32c209a62908a18ad,314999999.9999999
1e18024ab7d931bc7ab5873f,800000000.0000002
baa146a6537e8630180fdd35,498000000.0000006
8b788f742021f2438ffbf528,309999999.99999994
66d41314804d77ea0f440695,1179999999.999998
72dec1e6e65f6117e10a2473,470000000.00000066
4066da904062a0041a809b02,299999999.9999998
b7570bfc5ddc7caaf610908d,314999999.9999999
f6c6eb3fac9658c4951c4222,675000000.0000011
5fe25ab9cf4ea071cd6287dd,319999999.99999976
0ef36d33e6c378c946b8a65e,550000000.000001
991a94dd1e99de493672da14,550000000.000001
798d87a368f073efafead25b,550000000.000001
9e8cbeb53820394a460f0879,299999999.9999998
7b5582907bf47bb9e873a513,640000000.0000007
0f21ea53a480e4363b8d7aa9,616211223.1728921
ee667413d1cc49427ad448f9,638018475.448676
12bb70a95996dc6e286086ed,444971909.2257409
9e9e3655ffa5921889cd8ae1,979999999.9999993
f2bfe55b6188070fc5c3f59e,979999999.9999993
1f00fb18ad48b32c666fd319,545829835.5384568
86f15ce6ea8e97837e6b9383,649999999.9999996
7002d00c9acf8b8a4a5865b6,803938749.0319791
3e85deb0237521f1a7a8fa84,1043882739.5951464
1bf77cd1c4037f4d2ed28036,1043882739.5951464
ce8e1e2e4a79fa55a8547457,1043882739.5951464
73a8efbc036911954c07b91c,1043882739.5951464
9a2051367d6dcbd90a4d60e0,803938749.0319791
3804d5b313b742228ef0f1d8,1043882739.5951464
fd7b741b96080ca5b964cac4,1043882739.5951464
c4cf9ab3776289a412684892,869999999.999999
1c51566c7dedd4a46503131d,849999999.9999992
62259b400be228a30a655a59,590000000.0
e5092b4a94f1c231a0c47680,1114290987.9556086
6f435cb10e5728ef45be9f29,849999999.9999992
04a071d777e60627223e28d4,391463330.46525043
1117078fa37ed101e9120923,614453765.7480788
d56fda10944b088d9cbe1162,391463330.46525043
e01c49250329331a442615d6,391463330.46525043
30ab0bbf876dfa515b266c9f,448131821.30102164
6aaefcb58913bb3f49954b2d,614453765.7480788
629a6122db92e378f0eab96e,614453765.7480788
a8549fa4bb56a2bcc0e15b11,391463330.46525043
34291b30d129222905ffdaba,448131821.30102164
cd5658fc146ae4b5d78fb565,448131821.30102164
ce14bec246191176c16c4e27,448131821.30102164
46529f0455fd35b2f4a489d0,448131821.30102164
52b3823c59546a6ff3de4d09,391463330.46525043
959b7ea50d93bf1c36e35005,951909964.6181817
5c6edbdf110bca5a66a51585,391463330.46525043
d4f6cc3cc6e923cd37d0fbb7,448131821.30102164
2865962bdff8929888a51341,614453765.7480788
105bcd15e02d39f70ec2ecb7,448131821.30102164
b2357bf117ecb5b9082871ca,391463330.46525043
273cb73a7bdec0d291e845f1,391463330.46525043
1f4cd62152d4940990ac6a9d,391463330.46525043
a13ff325f90eb49363f59052,611949088.9141579
40871d7ade3e592560d0b3e3,433245451.5686124
ad2081cd75928b8f5e506944,951909964.6181817
1508ebe40f90f90a68f6dd69,391463330.46525043
d3cda82d1fa53a7ca1b46a33,611949088.9141579
dc20d46be2470d85ad9e7e45,391463330.46525043
0a7fb26822c2ca556f62a257,448131821.30102164
40a1cefb3cbb7e2972e30d97,391463330.46525043
4c3a2b3e3d5999f747ae0d53,951909964.6181817
a8870552db951bc4e76e7f9a,391463330.46525043
cc48e66185c23195cf958612,453486324.16422945
09d4b5b5c2f97ff88215708d,614453765.7480788
a59320023948e2d915c07306,448131821.30102164
a74214a0d4d40b898ee2be88,448131821.30102164
dd9f28d722d43112651786e6,389626390.16122216
275360e29bf3309e09ec41d9,389626390.16122216
1e21ee2ab4ef88194cc85166,389626390.16122216
268c1e17bc17dd646d1885cb,389626390.16122216
33e22ea4154e8f71062dba8b,513681618.1945983
5b5db88fa09ecd8f4b9cef6a,513681618.1945983
c41dfc0b917edb6e6ef7b1c8,611949088.9141579
3ba6b07e752fa580f630eb8f,611949088.9141579
fa6db64bd7cd8b0f1c0e2453,611949088.9141579
2422ffac7337b402339dc550,611949088.9141579
dd6d47e2626e2bf24f842f21,611949088.9141579
bb433dc1bd769d684d8b3352,951909964.6181817
812ad0d57e4291da184bfae5,410000000.00000066
51a0a1a680770b625579e25b,1249999999.9999979
a91fd5b9b1a791a6af59b70d,820000000.0
094da6ca19427f1a943105f6,1350000000.0
7af0a604d1901925aa179436,594957744.8042331
890df90091e14d1c3a1b30e8,459356549.5994952
aac17b54a68bd216e2bd1d45,381382939.00497735
fce26c7fbf0bc93937ea5198,569497042.4256997
b4245f075bc41aa29b55d324,875708241.3884513
bb70d80b0c6ad3022160c8af,420136430.7990245
ac85c8f7605ceff58dcb55cb,416899395.9295166
520415ebcdd1a4059d18e2fc,621858293.1724691
81547b223494084af3e15bf3,523208842.229773
a0f1496a0b4a7cd8b850f010,621858293.1724691
436fd4dce2ff0f71232f4b6c,352937881.512846
3923f0e655615aa6b52721b8,613652195.3110907
afe03b938be9cf14e98d4a0b,414509353.25661725
0f1c472b94feffc41f1caa44,414509353.25661725
5b76ae185e6b41243777cb4a,414509353.25661725
d70b133f81d6f1c9d93e2ed5,414509353.25661725
865459f5342a0102d255fa07,414509353.25661725
fea5eb95dfad452d6786b042,439999999.99999964
415622d0f7adb1a9f7009a63,564999999.9999994
543edc342ad39b149501aaeb,536855014.2292985
89e1d01cb5bfdf567faca443,536855014.2292985
e86b99e5dac8ed0d8296e950,536855014.2292985
2c85b19f02bb3768c10d14fc,536855014.2292985
c17a3139c360750a6de5950a,536855014.2292985
cf76e6077d47a14abaf0cfb3,536855014.2292985
82ad4b3d5a215f17e745d77e,536855014.2292985
dbb4260c89524c78de7433be,479999999.99999934
5b312ebdf71ab7971f9fd2d6,459999999.9999995
b3413352f0280412f53562e0,536855014.2292985
28fc5f188c5e11717cdb4a98,536855014.2292985
c4d7a906b747428aabd368cf,536855014.2292985
a4dec2ce375ab5e4bffa5966,536855014.2292985
546d570784c7ab8746bba80e,498106774.2061723
cca9a08bc4a91f317b851f11,1489999999.9999998
bf43226ba66a3e2033d32fe0,459999999.9999995
c2717194de73e1a1d8dce40f,334019460.5109104
acfc06021a7a81313d85f62b,550000000.000001
2d531a26f8b1a8afa511e3dd,620000000.000001
4a8acae29064919c68fc8600,498106774.2061723
691b030abfe1190802349715,305000000.0000005
a302ef23e1d0d6a273274cd0,550000000.000001
a742f415d6c57e8493762c57,613652195.3110907
4672d1c9c3b04fcc87a0ae9b,613652195.3110907
371a0ee537001f7a9d58465a,613652195.3110907
ca5eecb01282d4a84017bd50,613652195.3110907
40eefaf8c26b8b4736308bf7,613652195.3110907
a7ff08f7e09b19c1546453fa,613652195.3110907
07a6da2c9c4833ee4cbe8625,613652195.3110907
b2d32589626abfc81e44cf70,613652195.3110907
aeb68eb7eecc4aecd5529717,613652195.3110907
3c0b438c7a4fcbfaff9f678e,613652195.3110907
c37b357d57918c3a651a5760,613652195.3110907
b65c0544e9deed76615a3138,613652195.3110907
3a8b7b9048c82797fb01a8a1,613652195.3110907
7549cbd5c8003204c85ce1a5,602743230.3655813
21b4c1ad11bb1feac4d02308,613652195.3110907
b972611aaf1b68340de16545,613652195.3110907
eb3356f3856526dc140be7f4,602743230.3655813
93ba409ab36d3e10eaae18c1,1549999999.9999986
5717732a654405ba208c0f5f,1549999999.9999986
aebb556fa6c9275a9b5c543c,950000000.0000014
fc72e535900c592d6053b806,613652195.3110907
04d77c8ade9a55fddd28b00c,613652195.3110907
028adaf559a05c8882893767,613652195.3110907
95781f187bd3fffa3d1b19f5,613652195.3110907
cc2c78d41e3fe29de0b4ec4c,613652195.3110907
f78886545677e19e472fd0c4,613652195.3110907
3dcdbb92628e6a200adf48e8,1249999999.9999979
4993d1487d78cd9ae2c23619,1199999999.9999995
a8a2c61f2b994411af5d9bde,1549999999.9999986
57fd11f829e31e198326ac98,1380000000.0000002
59b9a5730cc8a41bb7a1d16a,750000000.0000002
85b8a65f1b00f78e67622bfb,459999999.9999995
971c610e55f133a1d1e6c2b2,950000000.0000014
0f9867abe3ea0b9c5363982c,1199999000.000001
086521dbe18727963538aa7b,859999999.9999987
bda3c74ea6f73407a3c0a17e,800000000.0000002
257c765ac81bcf773473039b,394999999.9999999
80d2415c0460088d69574285,950000000.0000014
1554f8aa4c8fbe17e9e82d0e,613652195.3110907
00f6a62599f25ac506113149,806146670.9913008
ae26e4726c16cb2f6a6d3f2e,806146670.9913008
8018df1613094a9e4606c875,806146670.9913008
eae4a1cce7c039c644f01c6a,1070000000.0000012
b07cd6c30350efc5de211a8e,1579999999.9999998
5a2624a08494481388f6daff,638018475.448676
b8eb177e22c63e84738e7788,638018475.448676
ca02c904cf5eb96ad20705ca,323000000.0000001
8e6dfdcc28f830f2696de9cf,1002572943.6415093
99fdac6a2ddb1136f7117f0a,391463330.46525043
22e9f1b4b5e887cb5f0dbfd1,398645221.99822015
d89f812c7edfeb3121bf639a,433245451.5686124
19957244dabc3f727733527d,433245451.5686124
ad1322132f3b533b4aced580,398645221.99822015
40c2ea5f89f5b77cc09d1455,433245451.5686124
140c4de69883df9f3fb3a538,331481058.47432506
5529091bcc05ba5cb2156b15,391463330.46525043
55c5e58ec636586755df3dee,448131821.30102164
6049fb02c166ec9b4471a7c6,614453765.7480788
758b4df32244a51b2271a891,448131821.30102164
2ed1ae5e6fa77e447af230fb,513681618.1945983
527a1c27e038e45d2d1fcd9f,448131821.30102164
1d0c3ba50087cf01637de6c0,415764776.8109399
d0804da971548399183ecb85,979999999.9999993
46a7d0f520dd1e78c0cbce0f,979999999.9999993
57e5120d0b71ec6a67746a59,513681618.1945983
b5292c1e1683d40be46bc2de,448131821.30102164
01e9c7531cf3c63c04b9189f,415764776.8109399
06e91b526821a6ad1372fc44,415764776.8109399
34bca71dc9c74a2072f11e9f,614453765.7480788
22385ae2b3e7640e8c40411b,614453765.7480788
6e4adafdd872a2837921276f,453486324.16422945
8cd3031963c612efd0049f8d,453486324.16422945
43b2fb09efd1593a94b61b4c,453486324.16422945
74448f56811e9562536eff6d,951909964.6181817
44f0e088fee626993778e7fb,611949088.9141579
6e6f7fa167c0f617f50c86cb,611949088.9141579
83da5fb4c15e3daf727a3cc6,611949088.9141579
b45c8a6224ae2656b4189526,734748505.295296
0d926a0b5ef567c627a7eb0a,662543206.9150304
c73a1177d787a5ed72b8a9a7,420136430.7990245
75c1083db5c940e626c02f53,399953313.61034924
b925c9218f5132c6c81f3a18,455479999.9999994
9a091c59b3cb4c730372b34b,410000000.00000066
bcc704b2e178dd20497e073e,319999999.99999976
6f65de020f663622146b89aa,443241345.2572725
9f3680d00c86707fba024dac,629285308.9020908
18d5cc463455fdb4d443a6f2,399999999.99999934
f1d76d78f9266d9552bb86f2,649999999.9999996
74dbd25d407e51337f883659,1098863048.7917953
88ff73eb829a6ec5bfcc0222,1080000000.000001
ed5559fbfaba86299e87ed89,740065859.4563551
5d97aad3e83e26b551c3399a,584998417.2163589
2258ec00dec6a2b85f439135,584998417.2163589
6c94fd185169e708a08d3535,414509353.25661725
ddaa88a11432ca21d3eca774,414509353.25661725
2749b5cfd2728ebdf124a0a3,414509353.25661725
a7546a6c6194506dffd65360,536855014.2292985
6de7bfc5e8149ebc40ec0e4b,425587161.945287
6f83f14861e13af92a2b8cf9,425587161.945287
d71d0c8357f09fe2f77bedde,394999999.9999999
90b28f5125a0b8a0e3b10580,880000000.000001
940e08f8fc66ac29f6d76687,613652195.3110907
41d2864e1f73e29f222c61e0,613652195.3110907
f7399e57df358ae7adc9e08f,613652195.3110907
1679719f26e7c650f24eee6d,880000000.000001
0803ef3270948a30b3fee2f0,490000000.0000005
4a3defc2b7d2cd751c9c970e,939099111.5345758
8bd2490f83568ba653cb74f6,784999999.9999988
b4ffd0a2cdcadfb962578199,809456476.543083
7e5064603267b61520d8f83b,389626390.16122216
88964e1202647db0519a8a00,389626390.16122216
f3d94d0616744b87ff139533,513681618.1945983
60704a08df293592e4cb5719,513681618.1945983
347d5081f7bd36c8edc1f352,513681618.1945983
41d3afc1118758b5314db48e,513681618.1945983
80a1dc97797c41b61f46ec6a,513681618.1945983
c0ff8812c1e8eeab07c698a1,513681618.1945983
a9a4a765b1daec2f3ed59a80,611949088.9141579
33258f995a375ca192ca4d3c,611949088.9141579
80b6c823bad5b4c0fff46657,765606834.8767806
719055eed27f361071cb9eca,734748505.295296
9a354d8c526efc5bcce59dca,734748505.295296
9850d970fe9fd9bae89f09ad,774236778.4460912
f2c87b07466aad7328b7e0b0,774236778.4460912
27ca0c2320c520342717355d,391463330.46525043
e958bd2b19db118c31f893cd,391463330.46525043
46dcddfc78444011abd29870,448131821.30102164
061d3fd39da1b4b1397054c1,614453765.7480788
3d1a8884a9687e53e5fb0bb7,680000000.0
1c0236d4bc291372483a9151,516250127.71178997
c1420f278d45b85c56f415fa,618462270.215877
ce6fc507df0105c68c29214c,386325304.7728167
e4f26a73bad4e41c375dd897,953509272.4032446
719190aff81379902beb6497,695243469.1808552
da627dae6941b59d1eb98e35,515018029.26694816
2189d3297ea703e50ec34d96,695243469.1808552
c7205874bee601a7b01a0cd3,695243469.1808552
a22bc19d0d83b13a53630b7b,397994974.84264773
8acebaa9fd7e917d7e3b391b,386325304.7728167
4e104916ab915cf3c0bef846,695243469.1808552
b0df95e9fc94d9aeebc960df,695243469.1808552
ab419cd48b81038c5a30c721,629285308.9020908
5b9bae6f556700e099fedf08,409581831.4681532
989360149d9cc6088391db4d,616857936.6449674
bad7560aac04600e1ec1a9ce,616857936.6449674
08d9f04bc4ebdc74e9d80b16,616857936.6449674
f4311c45516bafcfe8864c70,518105858.77862877
c84e1db639ee43ad83f930c3,409581831.4681532
f778fa43c92344cfbd700432,518105858.77862877
2019bd32dbd09fa285a388f7,616857936.6449674
4db834146c4e73b515d510ce,409581831.4681532
9f9f2548425519863e2cd6b6,450719366.9971108
6c3bb7e1696df587990161b1,403624237.35522443
82f08aadf1eeaf2058b50592,487863328.70626706
753e74e4dbefeccf3e6b27fb,487863328.70626706
a26149f589edb9a903782a3f,487863328.70626706
bd264728a0464376e22b6bee,487863328.70626706
2d5564a502635dce2d46ef8e,616857936.6449674
05bcc7d7db8d352216a4af59,616857936.6449674
4794d9994512f01a4bbb6c48,616857936.6449674
64a4528640fe492865ebc0dd,599679802.7357395
f655ec98cd42b0bf2d7cfbfe,599679802.7357395
b09de5f1e028d4fafeb8a22b,599679802.7357395
4c79f17573007a39bb2b4b7b,616857936.6449674
824894236c20b081af2c9868,599679802.7357395
107e76f0c913e19217662faf,1027583318.9066437
d5e2bbb69ba3876b93af2d3c,1027583318.9066437
a2905faba4c1177603e6cd5b,869999999.999999
d13e3d432783206eecb0e192,1027583318.9066437
6fecee4b1e5f50c0b27dbba4,1193303828.2981255
57891292fbd530872cbe68b2,1193303828.2981255
d0d6a1b5c60ad420ebf2ab8f,695243469.1808552
711736da4f0e8282fc8c9e69,695243469.1808552
f32a3b542efba398907ec912,515018029.26694816
299a94a02e887c6ab1de59c7,386325304.7728167
ad844bdb1150508a4c6d57b8,515018029.26694816
78c17e6ceb87f7587364c873,499899999.9999994
22e8713e2051c88cdafe2364,562494444.4170084
79c5085c14068e492e402a26,1100000000.0
205e9d987013859f391b27b5,1149999999.9999998
36aa7d0cbfe40adf3c86a134,528992096.4243325
d54d787189cc8f014ae58aaa,545829835.5384568
fe2f1459eb0a380dc31e3a4e,847615880.7266521
ad663952ff2ba1953efdc460,545829835.5384568
b7320c35e90f33fbb1c28813,545829835.5384568
8f90134b8e68948cb18fced1,638018475.448676
2dfeb06300828182d4109c43,638018475.448676
3f5a0cbba1433e9b6588dd73,545829835.5384568
f952c40e24c9df4ab2d62017,638018475.448676
462c7546b358b00e617ce012,545829835.5384568
e0df3391aeb8d3f4b00f418b,545829835.5384568
1e48878318d35476c3e87520,400781180.02897525
e3903705d5a48c6d9f828ab9,545829835.5384568
9e590ad7d22105456bebc767,638018475.448676
d0fe3d393eee5c0cea5bb6e2,400781180.02897525
57b3791f2c5acffb0097f7c4,432755688.95347536
e11f9a5cf9d6ab0ffddd6096,621858293.1724691
9a3920f803b087c29b487cec,621858293.1724691
6cc0fe8ddc318f1bbad360c5,689999999.9999988
3e0c656b64d39ab38201a112,325000000.00000036
cd55abdb54bd56d54b11fad2,689999999.9999988
7cd39eb8de56700519d8f287,460868744.8721164
d762007a4ea5de370738e875,620000000.000001
f4fc67d9b9c6078003f9af35,920000000.0000007
dc0a4632d7378c25be351760,470000000.00000066
530a3bae5a13291c69bb8474,516250127.71178997
32b678be83da2a07b37f3012,453865392.60418713
349768047d470d2fa6ff1930,569999999.9999999
e017c3311e2fdeb50a686547,1350000000.0
bd0329ddd50f2dc4dafebd26,1199999999.9999995
f6252e878aef5f8a641c3d6e,545829835.5384568
45ae8ffacfd00fb4a4f53d0f,1043882739.5951464
d186e369ed884150e71906da,955927221.3442053
7b9e6b7eb3a5db0443193fbd,601307484.4914386
1ddeeae13139b7c9ada353a3,426995118.02171737
a1ae6f9f5d02548c89b23904,601307484.4914386
dc298d37c5235e15b4cd68a3,517013647.81865966
f640753edfd8fb1a995f1de1,390000000.00000054
69a1f439de0f06e1143a0006,674536878.1616031
98f253233bfcd16533e2a448,849999999.9999992
ece6f8c652d4227370ef0fcf,1300000000.0000017
599506739a6544839bd97b81,800000000.0000002
a12f49f4ac3c5bb0dc7d8d20,325000000.00000036
9da00f8ff8e19d26c1342274,1149999999.9999998
cf5213877dfb4df98f0dc10f,740000000.0000001
84c7006b5a63add890a224e8,1148912529.3076055
88aed38ca59c09e1a6202672,740000000.0000001
e6bda9370c80a5f7e5cb6b07,912688336.7283701
3b54ab53b6e3453e333a0939,417419354.1527587
e72ff7414cceec6b162df345,562831760.1865021
f2d4c1faeb7694370bc65ec2,562831760.1865021
e1ffd027cce28c44c0d2f80c,449203594.0255082
5c5039602efa36222e64108a,449203594.0255082
b50f2c871166ee1009416be6,570180938.1446292
5e7e36116dbc08932f5fcbf0,570180938.1446292
325ce336d3df17a078db5166,570180938.1446292
a26e967b288a1eb6d8e71d46,388928784.0501806
139331d23d9e3c40cf083a7d,638221213.6650579
1704b2d5f4a33401fb153608,382999999.99999934
ee70354146295365bf241d9c,455000000.0000001
fbb0a76f05908c118f7a3df6,490000000.0000005
2aeb794adc9892354aff7240,510000000.00000054
b0a32581cbb586f9710dc3e2,649999999.9999996
ad7f3aae29fa1e7ec900b563,689999999.9999988
1695225258263bd2f463b21e,673498329.6193092
f72fb486fae49fc1de1fdcfd,1359999999.9999976
6b8f7074aed7ae7e6cfbb090,1300000000.0000017
619dab52b321ab297a604185,1300000000.0000017
b5bb9af24f9de68e91a1df76,1350000000.0
ac3d21f51637207d3e031c2d,614453765.7480788
2aac28d03c2110d871b5f274,433245451.5686124
9ef498b11563827597c82947,448131821.30102164
4f2ca698ff03df0c6386e48f,453486324.16422945
606df4826416ea0f146ddf99,448131821.30102164
9ff08a6ca1c63480c563442c,611949088.9141579
ec27554aa1c62314f4d46fc8,391463330.46525043
762374e94f17a8783a66d598,448131821.30102164
83ca3a41ca4b5337107c197e,513681618.1945983
c166a9293fa27e910e1fa9c1,513681618.1945983
57f8a1e37c4ffb1b8cbd342a,611949088.9141579
393d99ca47315ae98fe9e7c8,1043827908.4292
9bef4aacc63605f2b2b62292,453486324.16422945
a266efa4e41df357ac4edda4,951909964.6181817
adfdb0eda9aa97f0d3005c4d,545829835.5384568
f05aee3e433cb036653b4375,638018475.448676
2dfd1808bb95170a088deac6,638018475.448676
dadf0a00434e8ceefb3e26af,638018475.448676
4336ff9b2dc1d97ac8f9694a,387964919.0783266
eb14a5813f860bb74740da2b,387964919.0783266
3d580d0df1bf9dd124c282c9,387964919.0783266
49bb5311607e4c7600caa03b,458682067.2886937
78a39ae05ac53535ba0fad2c,458682067.2886937
936e18fcf06ca3c46eda7c8c,458682067.2886937
23f12add67accdc9ed40f59f,432755688.95347536
eb1b9e15dcb88964f79e6a4a,458682067.2886937
e2b7f984616fff25e3dd6a3f,616211223.1728921
b8e2b98548a234a245d7935c,638018475.448676
79382c56606e701e44d55033,1043882739.5951464
983874e637a1a5782f31089f,518105858.77862877
3da9de8f610e5c40401a5b78,518105858.77862877
cd69a049dd8a3822e228ebaf,616857936.6449674
604f1b5149f770a8f370fc75,409581831.4681532
0d24fc1c5deb78eb1a0caa51,387204080.55701053
583af1118e60e46c347ec593,616857936.6449674
13b181b46359620191e6e4c1,409581831.4681532
50d8333064f0560cbe549f89,371034870.1225186
d9000c1afed253d05de7819b,362236368.2708344
792ac070d1a314f585f09987,362236368.2708344
3e874c25176a3abb336b31ac,362236368.2708344
419ce7158ed62eb6897cf09e,362236368.2708344
b6b87c05c4238be76d94da2b,362236368.2708344
980d809e549333b475477bf9,362236368.2708344
a7df3d344010d5bb7dc70bf0,362236368.2708344
3d474c6a88ceb86e00f68b3a,362236368.2708344
be4bdb73add69f12f7aa6d06,371034870.1225186
fa5234ddf23dd0d9cbd3cac2,362236368.2708344
91a08f81b621333ac58c3845,487863328.70626706
702aaf395bc78986a008d70a,403624237.35522443
86b0c9c1277e9143ee765b43,403624237.35522443
9c2c22e70cffe6836f554f24,403624237.35522443
31f56b841b122b35615bae2c,403624237.35522443
41227dc9c9948a5f0688e426,487863328.70626706
781989d4b732f961f91bc3e4,403624237.35522443
cfed0221146f4d83d641e1aa,419727714.672467
8ec491780efb2c27df8dc08b,403624237.35522443
8a5866428508658b4a2a4cb4,487863328.70626706
156dc81d6e14a71716aebcab,487863328.70626706
c24be8293c8f4080562ec0fa,403624237.35522443
7fa11c05ed1c123c1a457b1f,487863328.70626706
a63c36f6e7e7ce7c7e7fe457,443630705.422279
f9bca38d3e08176649504e74,487863328.70626706
3d389130627ca7bade643f47,487863328.70626706
70314b0bd995a4b03c771ae7,487863328.70626706
a3c3c9fc04cf2e2a051a12e6,403624237.35522443
4cbe75a162b076c4c454dfe9,403624237.35522443
0c62d4d501a426cc8fde0c36,443630705.422279
533363375cf2cbc50d86773c,487863328.70626706
21d0f28d5f30a64352e60ac4,403624237.35522443
471b5135fced50f7cb4197e2,403624237.35522443
1c7586fd8a1a38bbda9c92cb,403624237.35522443
a0f28aaedd12f3d0eee8c6ea,403624237.35522443
8923182b6dcc9f2d8be1ab53,487863328.70626706
67f694b29bfa494bd9d9cf44,487863328.70626706
b721a5846527d5338322c9d6,403624237.35522443
ed09fe201c9ab02a91779dcd,487863328.70626706
f49045b312d12268eefedcba,487863328.70626706
22ae194316f34d482bdf404b,403624237.35522443
4f450ba5de4766e5ecb8a4a5,403624237.35522443
235a2209cde8f8b0276c845a,487863328.70626706
f563f0899884de7f9bdab405,403624237.35522443
5b462279f602c5b67ada82ee,487863328.70626706
fa4af69aa064a4306cb110d0,403624237.35522443
a70d32ccaa78ae9417aa7e4f,403624237.35522443
77c9e5e3a6d965ede708cda6,403624237.35522443
5637f3d3278ea049333afff4,403624237.35522443
1b1c220eb91c9448b520b76a,487863328.70626706
f4a6ec71ad7790df9578324f,403624237.35522443
217e1715fdd5db76ce93cfe2,403624237.35522443
2cfa1397c901b4e940d9f673,403624237.35522443
44672de0d6d9d0cb3b4ae938,487863328.70626706
1c50477e5b3a67f3d8fec62c,487863328.70626706
0a2a67e8b310471b115c60bf,403624237.35522443
06220a42e68510eccb4d790d,487863328.70626706
611a3e1d63c6ce5ff8779243,403624237.35522443
1284d7ed08122731aa7c0461,403624237.35522443
d44eebc871d1fa6981c32ccb,403624237.35522443
43272151f217feab78190393,599679802.7357395
6bff92260afd556a98d3e3a5,599679802.7357395
00586a92b53f4a8f9f6b3022,616857936.6449674
745e7f6a83b55196f231466f,616857936.6449674
9c558e10e5bbf230f16968f6,599679802.7357395
1b425a31cbb73b713f291e19,616857936.6449674
076ccba20dac8bfcf184b8a8,599679802.7357395
c8fd8b729f4ac6270aff9c9d,349999999.9999994
52f026e670e9851b08c70542,599679802.7357395
00304df33a3c9a7e396ddd3a,616857936.6449674
ee27eba49457286b5ab76172,616857936.6449674
97b57932e5e20416bad6919e,599679802.7357395
e570c5f58a20fda42bfb535b,616857936.6449674
79acb227b5ea365414982957,599679802.7357395
d24258de8d2ca10186660a1c,616857936.6449674
8a8c202c069c20696c2de85a,599679802.7357395
40f301afabee5be092ba20ad,616857936.6449674
afa842858299a6ebee166e31,599679802.7357395
7641dcf512a05ca754930bed,616857936.6449674
8c9b472c55d4b99e44041de5,599679802.7357395
88b98c026b7650192034535f,729432794.7095659
9bdb1bc52a9ddfe92e6a948b,616857936.6449674
4abef5720fd889512ecff70a,616857936.6449674
58b139bc16fa2731e4b76f28,599679802.7357395
9ad9ac8728cfc2387285c24f,616857936.6449674
75fd5603c4de9678627f81d9,616857936.6449674
9f4a25a5550f016ef2370229,599679802.7357395
d4f4d0ed36ac9affd71f302f,599679802.7357395
51bf7bc1c19fcd42e71f2463,616857936.6449674
49ce19caa1325233d0de331e,599679802.7357395
5aa1667bc8db26bac1c72f5f,616857936.6449674
b43b36ea4f81bbfd4dc4d781,599679802.7357395
2a623b33f3cc1f54620b5233,616857936.6449674
8745eefb9e2761ff7eef558f,616857936.6449674
0e49eaa5cde9375b1f026820,599679802.7357395
f5acbf43add5776430d8d4a9,616857936.6449674
ca50f7143937a99accef865f,616857936.6449674
0e1bc8ba1953ec8c28e53b9e,616857936.6449674
980bafcd065c8e3d6cece127,599679802.7357395
c81133d5a58d7e8eebb10c8c,616857936.6449674
09656004f0a7f544580958fb,729432794.7095659
edd342f84fc90478e344ea1f,599679802.7357395
76974826c758eec5c255c5da,616857936.6449674
63b09e45c1b7dca181491030,599679802.7357395
89952b237fda041b09f0efa1,616857936.6449674
219164e1d9b14cabb9bbb8ab,616857936.6449674
ac8aa244c21a9b86de4ed599,616857936.6449674
92ba222e2dd63a4453a30637,599679802.7357395
bfaf8b7796c8c57bb5997be7,616857936.6449674
dd5a565f854eaef90976c5fc,616857936.6449674
f8ccd21343b112d8f9e7123c,616857936.6449674
a90991f865ac81cdb3de201f,599679802.7357395
fc57fa9bbc16d1b8106c2c70,599679802.7357395
9ee3218bc61636cf0d7f8107,616857936.6449674
c00592c7c0c3a863a1bab9c3,599679802.7357395
f0aa18bf86a36daeb59946e8,616857936.6449674
e186499af986f1959f729b9b,616857936.6449674
18420ed4661539a2d72ff400,599679802.7357395
957731b9940c9131d92a22fa,616857936.6449674
9172caeeaf6498737fa0c6dd,616857936.6449674
c798ea36d2e4a8119723eae7,616857936.6449674
eb963f082209fc077aa72bc9,616857936.6449674
07b7ba964a8e30dc16d66443,1027583318.9066437
7fe364ae771a7689d2fa5584,1027583318.9066437
c59e06a2ed37fd750cf39976,1027583318.9066437
ce03d8ae43a426e074ed35f5,868845517.6978364
b76c45ccae25a06dd5fc432e,869999999.999999
f855725acc115bbbf03bacec,869999999.999999
b0b0db3bbe07839bc2b600fe,1027583318.9066437
cfc8dcf337e020b875ef1572,1027583318.9066437
390107256faa08574d7231d2,1027583318.9066437
fb10f3b45e865b4626f65ddf,1027583318.9066437
75f167e2273fbecb2c81ac0e,1027583318.9066437
a7b15424d7c025d885636a72,1027583318.9066437
f9c11e980254045d7478f273,869999999.999999
e0b13f6dc213d05133252d15,1027583318.9066437
c12f362b9060344ad044cfb7,1027583318.9066437
f872f224d2af413cd104f24d,1027583318.9066437
092045750c36a8945c526a12,523208842.229773
5ef33cf17d4b45277edf35a1,420136430.7990245
fc64387d7c3c91a6e6e876ab,621858293.1724691
c1168159d4e2fffdd5662757,523208842.229773
cb604e3a56cc847189462004,621858293.1724691
9e95710c61a4706e21cf70b3,420136430.7990245
ab37f67a3afa274e719ecbd8,523208842.229773
970cb360eb64128037be7e23,523208842.229773
e42fc32db529e088f15cec8b,621858293.1724691
8925028d6e7a6cfce9967779,523208842.229773
759e76e38d84a4188dff5446,621858293.1724691
83a376df2024c4c9fbf2a0ca,498418399.9999998
a8bb80d99280e332084b3950,443241345.2572725
c16ab4a11cf67a39fec6f049,425000000.0000003
9cd1127b1bc10db6b8ce5d4b,1249999999.9999979
ddfa979b1d7cdea1d7dd0a86,401654734.5111855
d78f7a1592c0779093150ddc,517013647.81865966
97ce3e0ef38ad12f7fa8c4d0,341600000.00000054
5c789f2834a1a69aede6316c,385297223.65362203
c29ec380fc7295a9a770a74b,319999999.99999976
5987f6171a2bcb37062ccc94,700000000.0000001
1e91de6194769980800b4de8,1434284000.0000005
0a0f206f04bfb10c137388d3,748978755.0522314
34dd15023216e187daaf5a07,470000000.00000066
33d2d1db291a13affdc209bf,458682067.2886937
6fa5e5160d7c2bed824bc0d0,458682067.2886937
8c04aa7506b8c80c1bac23f5,849999999.9999992
e5d445e39104d9ee6b244822,638018475.448676
2ca6b3016a89139ec7590f9a,638018475.448676
e567e9e5862b13f0085505d4,409581831.4681532
edd1c4fdbef4e6beafbd39b8,409581831.4681532
039a9029c4341b1528ca6b46,409581831.4681532
fa1533051ea4145f7f710ed9,403624237.35522443
9c99a85c5dd878568582dd9f,403624237.35522443
9ec426691c80918203394ee1,630000000.0000008
66f58d9d1e1eb7e81cab24a2,518105858.77862877
0d0f8ce05ebe99dd3bb7b23b,518105858.77862877
6a65986cecddc5c47fbddb9e,518105858.77862877
a82fc744f537ddc6fbd16883,518105858.77862877
d4c40178c19d6cb2fcc88e48,518105858.77862877
4034cb3cb77e9cb39cc98fc5,518105858.77862877
41ae9d3d280d4eebe510606a,487863328.70626706
4aaf6763c105ddf2a6eddbfe,319999999.99999976
633a7038a23ffaf4b3f7896d,599679802.7357395
2a531aa9576c5f91891cc8a9,599679802.7357395
85d58cf85a179e167428ffa5,599679802.7357395
42f05e5d4862d653efda75c0,599679802.7357395
256a46a6d45d168169f63aab,599679802.7357395
4b0fba692104472b36c38c3d,599679802.7357395
253c85b226a15d0ec2fbbff4,599679802.7357395
b0bb2299d5f456f800993a11,539999999.9999994
47fe78f6299f757b231be10e,599679802.7357395
4d09ece928ffac7e7d270bd8,616857936.6449674
fc762d2d172737cabbdfcc75,616857936.6449674
2809252a96f47776d12021af,616857936.6449674
29eb473852b36dcfbda0c702,616857936.6449674
231c050bebe12f568ef92afc,443630705.422279
acaf9e18bbc7295633d92e01,616857936.6449674
860435300909449c0443c10e,616857936.6449674
f967ad5e086f485c27f09990,498999999.9999994
678927546243e932b48d6058,1027583318.9066437
c537ea2620b8c3a3f013c0b9,1027583318.9066437
10037227b2a24d9a72ced322,703790599.2572863
1b4b3662ca18e731acc18928,1050102784.885733
e6717956eeaadb3e95840256,779999999.9999998
ccc4457f68fcc1a416e3acf3,515018029.26694816
94d91969cc4b9aa1e856d801,695243469.1808552
2cc821cd7b5fa82b27308f87,399999999.99999934
f05b3779581ac0015f29571f,1179999999.999998
dfe09a5f848e8e819c361ac9,638456000.0000004
ba87ed2a657b0b042a05460e,525000000.0000006
f967aa89a4440cc1c44bdc54,390000000.00000054
81fc8d666c8735e1095d0d4a,729999999.999999
fd8b9540f1e9da778d566d25,652650891.8560406
70baafa9789d2fcf1bc212bb,562831760.1865021
4911f8879e5bc9c27ac13bb1,341905519.1585545
ce53f3477814fdea2889cd2c,510000000.00000054
62f022e19ce6608919eab5f9,449203594.0255082
55657bb933aa2ea3083e0b90,449203594.0255082
808dd470aed6064f02aa5103,359999999.9999999
39bc028f3b42d9ea48808ad0,449203594.0255082
c0c01ecbb9189d77098659b8,442800727.2208892
57c68d470f6248d00b6719e4,731263215.9688038
26c66cf2f43bea00e6387326,652650891.8560406
b5f0dfbd34392f6855bb4b52,539999999.9999994
25202264e18928158b89278b,652650891.8560406
e93abbb49b24717d3a0767e8,652650891.8560406
906e1f2e1bc5cd51a55b0266,750000000.0000002
eef1d35ffd08dd161a36a2d1,884291783.623447
35e0cac576415a4e61acec80,1149999999.9999998
53ebe061b85f046ed12ee9c5,979999999.9999993
059d77736dc72013de7767f1,387204080.55701053
17d7986a62e0b066e4e5530e,409581831.4681532
8236c798dbffb3db51d5d744,362236368.2708344
587e67078115103d184970be,319999999.99999976
7569fb4aaa9a52d6a525e3b0,470000000.00000066
db122cadb7a9c33f420fe246,579999999.9999998
e852246b7661d30dd2e1f0ab,428999999.9999994
f04eb16931448e87aec205fd,362236368.2708344
90e858d3740d4aec0fa21c12,403624237.35522443
65647ca6e47eb2b9ba20058d,518105858.77862877
d0792d22549d1b3f63baf3ad,371034870.1225186
76c4045b5dad9a8226e9244a,487863328.70626706
fac4f0bee67523194fd4312f,419999999.9999994
ba89ed56d156579ce288dbcc,487863328.70626706
adce397b6d1473b9b6d02865,599679802.7357395
f1a924badef699637ea8fcc2,599679802.7357395
3bdce823d3b96e8f0170d96d,599679802.7357395
439004dc23f97a878ebf371a,534999999.9999996
192e05cd731950f91fef1d83,1649999999.999999
5110c49047db23ac3aa4ace4,616857936.6449674
f4f7bd9d03eecf35e9f37619,616857936.6449674
141dfd80a005f7b32bf70375,616857936.6449674
08513fe1cddb2cad74874a59,443630705.422279
6b23aa3ca5edd20134811cea,443630705.422279
0fcab263453a9f196468e552,720000000.0000011
127e08fa99afcaa339eff684,616857936.6449674
d2c46ef63db73ba3cb7e32a1,616857936.6449674
7c50c93bc9e8846345892c12,616857936.6449674
63698398738ebc7ccebac817,616857936.6449674
417e974a3f0d97e502e49800,616857936.6449674
6483f2fcdfbd26c621a527fb,1027583318.9066437
3b739666f401ca6b2135652c,1027583318.9066437
1b750e6e2e92e8222482cb46,703790599.2572863
dd34882ac55c57480663f7ec,880000000.000001
026c6384ceba017c5f2cd66e,425587161.945287
3f4272a3a4b14ce152fc3abb,414509353.25661725
5cccf025fcc0a7d9ea01b170,536855014.2292985
c8d179013c5bb6379693ef03,437795007.4618295
8c258d10ce32150f5fe5b712,613652195.3110907
eeb6fa8f820ec63aa0aaa303,880000000.000001
ec8b305ddc2bc211a8a05d0c,414509353.25661725
5a84e6d2ab8db0fc60775d03,425587161.945287
015d17895f32e2a8b616ca1b,443697014.477837
6fa35f1af6d51d341a3165ae,536855014.2292985
17821a9cb766b0f3ecf24e83,390506735.05298537
23141c17df584746755dc508,347704874.4402679
00076c8f390d5dcccc133309,613652195.3110907
25488b1c8fedde6250b413ba,325000000.00000036
5ba6b4953759b45cb83512c7,950000000.0000014
8ea02baab0c59eac6584f62d,1489999999.9999998
b5c34f90096fc88b8ca758f2,609999999.9999999
35bc25d0f9de2ed4f714fc8c,562831760.1865021
8b0e1911b8ab8028409dc9fe,848822135.4885119
2ba1672e49c023258d262d1d,417419354.1527587
2d778563921376962d126cbb,562831760.1865021
bfe7c873b2fbad871327994a,562831760.1865021
72d0f19409c85dbe32cf6ec4,848822135.4885119
d406baf5cc9b4473ae9b8426,449999999.9999994
070912b7e5fb205918c1f4a3,338084979.2517975
659abd72d12756ba0670f466,435000000.00000024
7a464b948b65544159cd0db0,449203594.0255082
e89774d061d50c83b409a071,387491935.39995134
fd6b2efe5da2c35058333bbf,490000000.0000005
4577c1623c8407e95e893e63,449203594.0255082
21adc839dec9e8efb128abf1,455000000.0000001
aa843a050ebe8e4b3a04e9ef,789000000.0
0252fcaf7bcde09274d34be5,750000000.0000002
46d77c92811f0c87d2d4907d,794999999.999999
a8c662f906075eedb098ae5d,995000000.0000004
b8b46931b93b7750e0d1ada3,570180938.1446292
efde559422ec1dcc55abc686,745000000.0000011
339bc881458ca34bdcb771da,884291783.623447
d7ad6527cae719481f849927,884291783.623447
df3abaff81c430b4ba85d4a3,649999999.9999996
bfd2f20a7bfb0d865d7f7193,1350000000.0
fa3ee96e6b6ffdfd00aa335e,1350000000.0
163228979751798ded8c3fcb,611949088.9141579
3578144f12e13e98e8cb2480,389626390.16122216
7136cad475a0480044707984,513681618.1945983
93f5694b4854068f42ffe55b,389626390.16122216
51608bf64739db05c47a3bc8,513681618.1945983
6a01b6d09d516d67f4a2fb43,391463330.46525043
5f26f33bd89fa7563ac6873f,391463330.46525043
aba54b001154ad881dfeea6c,391463330.46525043
b2eb63e5da917ce649a72142,433245451.5686124
1427aec89ee9564b95e93cd4,448131821.30102164
a0087db5e9e2cdd6073021a7,433245451.5686124
4396f94f7f3c403c43d3ede9,453486324.16422945
aa703cc78a1ce659901e711b,448131821.30102164
0dd1bb83f0f18af30da139f4,448131821.30102164
37efd3e2a5b6567957c62081,448131821.30102164
ea47ad6335e74dea06228b16,448131821.30102164
8a975117ab302b77ac057823,448131821.30102164
ca5949c4bcf0b63e5d1be784,448131821.30102164
e9f3f41366d5d784c2928937,448131821.30102164
7a9c505db21b777203d34bf6,448131821.30102164
238cf9f99c4b01777a97f82d,448131821.30102164
385fcde12021f4bbae6ac2fa,433245451.5686124
d9eaec557a7a6674565db1ac,798686660.5913638
30b0c440c0bc8c6005855ff8,611949088.9141579
09feba43c0b8f3560fe09be8,611949088.9141579
2547bcc87b618d3d7e22dc21,614453765.7480788
1240a616080d6ba5459335a5,611949088.9141579
7cbc8fca4f84908ed4e7192a,611949088.9141579
151a16e94d538a7a6d658ee0,611949088.9141579
a8ecaa9120c6da21229cf145,611949088.9141579
3ca34fa833e6ba10cb4b1944,611949088.9141579
dca2e851b82c512f01611ade,614453765.7480788
3747996611a842c452865a9c,614453765.7480788
3528df61a44a9895248336c9,614453765.7480788
398a67970cee5dc873d71bbc,611949088.9141579
1ba2c2eedb352ef9bb59c638,611949088.9141579
f6f4a467f40bace72ecff598,611949088.9141579
b2af9047dbf58867ed0c42af,794112435.3590788
012b8d616667a6dcece0dfaf,951909964.6181817
0b117f10e699f10f97a7e7c6,951909964.6181817
8d5192b6208902ddf4804839,951909964.6181817
b86cad78da7bf06b5ac39f99,779999999.9999998
4cc8c95dee29e43463a8dfd9,503295334.43075645
76846ed8b7ab36821b848f2f,649301682.4785335
5428bf7f37a94ce9fb2dd435,349999999.9999994
b22c39c3df7d8e32cec2ba43,388928784.0501806
44f5380847c175a42becfcdb,1599999999.9999976
fae53fba5d405b2e6a3abf01,318000000.0000004
3b52bd5eee5ef8e3871dcb3d,1174999999.9999986
21eef7da02b0f2a2fd987135,512541323.4600683
1dd6b0ade195edae38a4a20a,512541323.4600683
f359afc7bb50cf6a61ac63d6,390067487.3025993
b0de107a8cfad95f09876eb2,885664948.2918648
2e8c76f4ed59cd3924f7136d,885664948.2918648
06a2efde5244f7d653ddfb8e,746771431.0000002
f72e2f6cfbd32d97bbff3ac5,600000000.0000007
9705748d2bb061678a80826c,885664948.2918648
9620068cef0622c404e15960,388928784.0501806
cf2e8824527989d3cd29c058,400781180.02897525
6e606a7c8bc632ba0ba37184,545829835.5384568
63fa384ea296390350f23d7f,545829835.5384568
4d3f5e7ecf4d361d7eb55f5e,458682067.2886937
e31a209077a3e47712588730,458682067.2886937
5f18524e839c2987594a11a9,458682067.2886937
def06f49a0b8230ab613db94,616211223.1728921
faa72370e4c7718964930805,616211223.1728921
983503bb75d84c410d1c5d3e,638018475.448676
30f381306494ebaa760b990c,422615079.446747
5e72dbafa642e4f416e6f01a,422615079.446747
3d5ece38670c1c96df4cfff8,422615079.446747
1bd6861d451d128c8bdb72e4,638018475.448676
072a6f084d31a5a4be4060dc,638018475.448676
4d8deb43d663fb079262708f,638018475.448676
f00b8eac1812a500d7a732ff,638018475.448676
77a62d5e2c89da24f66a2118,638018475.448676
961886897eda4b0ce54d1d82,638018475.448676
6f6c83ff891e43b7c84728e0,1043882739.5951464
ca8c85e8100f64416146368e,1043882739.5951464
24297f4a3e14c24c941e7720,1043882739.5951464
98d7f0935f021acf313630a5,1043882739.5951464
a362533eea6c235049bf3359,638221213.6650579
2ddda0ae748b38a6258f660c,1489999999.9999998
b18107a422b9eb6da9fb692f,800000000.0000002
11cd643195dbe5dd4567b62a,885664948.2918648
c9ee7f0666429c0c15c37499,359999999.9999999
c386d1ac4fa8dcec4cbf9788,512541323.4600683
21e0bc9789139640ea33ed09,849999999.9999992
cacb91ac1b835d62422b8a8e,784938554.0000002
bc41e69def6bc7490800c4a4,417600000.0000007
7a13669d2d7ed2e50b80b4d8,388928784.0501806
08dbbd8d672fd09463c061a5,390067487.3025993
cb93b0d5e9a26628b0462b14,431433770.9221959
d6a43f209f810455fa41dfd6,561471281.5451902
ed5dfe95f82f4c087af07045,1199999999.9999995
02060d2f56e979a61427f806,750000000.0000002
88ffa9f0bc3f6c9f2e589a75,1100000000.0
b48093abeaa178d1f7fbd83b,638221213.6650579
b42734770dacb7e580a6d742,644944628.7486502
d3aa845e96d22f31a3656aa1,388928784.0501806
becc3ae7a71d597bcb16d261,638221213.6650579
8dcfc24742ba669335a2d65f,638221213.6650579
45e2411d38589a2d85774c5f,638221213.6650579
9761b0f43949eb5307472ba2,638221213.6650579
e07035cb49625760c7da85d1,503295334.43075645
f88bb9c5a471504c13d3616c,388928784.0501806
4bb5265c6e63449e5fbaa270,831349979.2483166
ac73b8700744cb7835f328cd,638221213.6650579
a632ececd6a023aae8a7b730,503295334.43075645
858288683063dea9d5c57420,503295334.43075645
d04f549fdf8f34bab19a171c,388928784.0501806
6ed5fa8f114431d158d35f43,503295334.43075645
f849dfccaa8163d24ed935e2,831349979.2483166
bfde6e7200fc27e6e6f1497e,638221213.6650579
59c11d3de7153d2605cc2273,638221213.6650579
33ddf4e1ed8c864e9db16887,638221213.6650579
00f5ba660a4fcf6ddb96220a,503295334.43075645
a13004b87c6d7e7bf6b75730,638221213.6650579
eebc02ff14b6d270746ca055,638221213.6650579
65ba6e178f3565a84c6ff973,638221213.6650579
a57f40f00f80abc7450aaf9b,638221213.6650579
df37b916acdce817865197ae,638221213.6650579
b5c074ee2e2538aeca099fc4,831349979.2483166
004c9da9ef1b3b5e309e475a,503295334.43075645
c5b47ac5c4b7476d50bd56ec,638221213.6650579
778ec765417db9ee48d697de,503295334.43075645
b287339babba162e290d0fb0,503295334.43075645
4d35e00e86a9d508d82ea90a,388928784.0501806
0dc2a023fb6c5e0b92d86ae2,638221213.6650579
5787d7c671378e596edfb58c,638221213.6650579
8595b5517cb3f1ff8094d67c,503295334.43075645
f4d53276bdb5899c6f059c67,638221213.6650579
9562ef63320854bc6f94b5a4,366060104.3544631
c04e72fb6244d9a9b28322b8,705000000.0000005
3d141576443a97b0202c9672,1199999999.9999995
7caa4bad394586a46dfad854,695243469.1808552
8420bb74fadc0c8853cda025,432145808.7266387
b274adb68a37458cc5181fe2,474999999.9999998
8561bc940a91f029147430f1,700000000.0000001
258a968e403e747af5693a3a,849999999.9999992
0de34892fee879f449facb19,515018029.26694816
9634cfebe7e6b095f0065ee7,659999999.999999
1f3544c9f47bc00fcdf59d74,309999999.99999994
e3077f6e47d130106e7165c9,1350000000.0
f0ce47907c3c30b6b5e990b1,800000000.0000002
1432cf7de2beb14fc7603ae7,720000000.0000011
60f0df18cb4324ce5f4bf650,705000000.0000005
7c1dc421f5a689aea5babe4c,521677066.8612091
020dfae44183c65b708727c7,521677066.8612091
92a9c07259efc617e7d58f9c,521677066.8612091
18531c57f6dca78763d360bf,521677066.8612091
dacd62440872b6e94ea56fab,414422608.2504024
b607bd072e8293d6594f3829,649311954.7101204
eb86c1da60250e5559fc3cfe,521677066.8612091
fae649fc7256b9a3ec036583,521677066.8612091
b7fa81aa571906a93e9b6cba,649311954.7101204
0823be832fff81b3f1291859,330000000.00000006
fca3a0fe5db369235960d285,464142228.06842715
496fd5c93b2a578d970ed55f,420726560.4241344
9c63c6c27c74c03f071385e2,464142228.06842715
6ebe90f7140b738b3696f086,494540699.99999946
7110d6374f3fc282e4f4bdb0,420726560.4241344
d33994c75d98941acffeeb90,869999999.999999
b8e8d84450f5e0bc8a721c94,649311954.7101204
cba57e3b393b3e392c7431fb,649311954.7101204
fc2ceba651bc629e7f690849,800000000.0000002
857761b5fc5c7d101cb765b6,620460317.7419374
55f67dd7302b68477e803399,620460317.7419374
19f538269846412f3e150a4a,633150319.7081221
75e0fa8e5c83c49d3a0dea48,882392681.7124923
fcdbfb9e15352cf210cce7cd,940359616.1633954
c2b91ce4b1bc8c576a0ce1c8,940359616.1633954
73eaff92528288fdbcd61e2a,940359616.1633954
f6544a1c169aafe6c8142907,869969579.1741501
cba9aead5bad82b31da51e6e,1135842162.7150183
b239bdcbfae846bf74791728,638036967.1005675
3b823e81c5378ee3c977e863,433245451.5686124
1b4db5fcd1f92d3aadd5c28f,614453765.7480788
b50a6b85399ea2c6b5c33405,453486324.16422945
1e6176a558f301d81bb050f8,951909964.6181817
8bcc1b035ea93a5192256b37,614453765.7480788
71a3f0980cdfea0ebb869935,448131821.30102164
8cd0345dfac13ab380240b0d,433245451.5686124
e66b2c71519ef8756db69b97,433245451.5686124
c843044c1fb30819300448d9,433245451.5686124
4ae10e7fec364242c88e511b,448131821.30102164
c9e92b994e48df83dcf9976b,1469693845.6699083
27f41f09ccf8d182c79cd48a,951909964.6181817
d8a7c0b01bb545c414e12a23,1043827908.4292
f3e2fddf1dbb400788a5517d,453486324.16422945
89a066b7d6a31dd066fa0d32,614453765.7480788
c245bfa6587eeb55227c8a4d,433245451.5686124
500d7c5346ca11ba934e7ca5,611949088.9141579
536fa59adc007df763949045,951909964.6181817
223813dc0188fc229b63e8f3,951909964.6181817
7c972ecb7b90537b1da0deba,433245451.5686124
98d8411005ac05d77cb12516,614453765.7480788
d12c08cf48be75014a149873,611949088.9141579
955544a0bc2eff312e965c2e,951909964.6181817
20488db7a62f765ac8da0a2c,611949088.9141579
3f370094239ab6fc817e9ec0,1043827908.4292
ff54bb34225682d25c551178,611949088.9141579
d0c7294b2184d0b4d0e2fa07,1043827908.4292
104e960974eee31e7e0eac6b,951909964.6181817
0d477acd9c95e9ec63839a53,453486324.16422945
6d255e0026d70dd44229a2f7,614453765.7480788
926cdc0242544bbc850520ff,331481058.47432506
e75a05dc0018f29517948ea1,398645221.99822015
dc40c56571cbee9c2b7770f0,513681618.1945983
2f76a2b53e091df35a125b13,415764776.8109399
a4a49182c79c72854732594a,611949088.9141579
50287f73d47b4cc4c2e1840f,611949088.9141579
5efca36c25884a2822bb7a81,453486324.16422945
4347bf26ecd61ebc7a16b4a3,611949088.9141579
7c979648ab3729b2c0cd2106,611949088.9141579
f40acdcf5cb9925c09c9df7a,638018475.448676
6ff3eaf8b5a2f16efddde1cc,545829835.5384568
d35596846155e74d1a637d7c,545829835.5384568
a389a1ca097a820fd9af9d15,638018475.448676
ef450748c440c4958e5db54d,545829835.5384568
02779b92b2f9bafde0c75c11,638018475.448676
77e5e0b64140fa00b0227a3b,545829835.5384568
eb55b0778607da932c3b311f,545829835.5384568
9fa391febd5d0a8e4c6ecb8f,386061143.53054166
6270356f1cc3dff186d0ff4e,422615079.446747
ea7d5c601c3f8c86ca8f15e1,432755688.95347536
072efeafd082025bbc5a25e5,432755688.95347536
d8bb6151d30573c7595ee7c0,422615079.446747
f26c43f2304c8c694c818a9b,458682067.2886937
14ea4a7c57d830eba13638b1,638018475.448676
c1ac42dad98d2f23dcbf140d,616211223.1728921
aa6af44635b5d51da4b02059,638018475.448676
291a4ea1a695347e1901bd4b,638018475.448676
024d2e34a561efaf4811c17a,616211223.1728921
e5a40a555d11d4429b9675c3,638018475.448676
3a10398b72905bd710ffe9e1,880000000.000001
340d1313fc2dc8e5b6918262,750000000.0000002
699bf5460c63a4d0e4542ade,1043882739.5951464
e98bb3a89bcec8650e33e730,390506735.05298537
5de86bddd492f76596b17a0d,443697014.477837
95dae083200a9e43a5aaf210,1320000000.0000005
23fe512fcb21a0b84781a318,494999999.99999976
a9dd62f527cb0dbfa51aeb7f,536855014.2292985
8964dbb5b0cbfe509613a63f,536855014.2292985
f75009356c700f7da7106cc7,319999999.99999976
6f502f363fb55811478e3b88,514999999.9999994
a48f29071cf207b27ddb03da,613652195.3110907
b46bbf66cc82a4345c5da177,613652195.3110907
a460aea3370926825b0dbc13,729999999.999999
7a21a8d99a85171334695004,449999999.9999994
279f6f594d3f8ca8e8a5e2d5,1359999999.9999976
bc3c509022e3f6104cba5203,1300000000.0000017
654d2a3a0e02065560ba2484,388714497.25234336
02a2ebb6eca5772e3526d78b,516250127.71178997
d4646b7f4dbebf9785963cfc,516250127.71178997
68fabddb27fc928b57efcfea,516250127.71178997
53688de79b052b3185fa9435,461191350.57855815
bb962a9e3861b06ae1daf833,526533864.0509356
d80c5f0b8ba55e7cf105d282,526533864.0509356
ed88c773fa9ae8bb29645fbf,618462270.215877
0c3af9e0e9c80a68acebd041,618462270.215877
0faec12daf0493a512b2fa0c,1059612353.7765937
1807debb0a0b590b9ba4ebcc,621858293.1724691
20a2a0dfc963fb8a355e704b,621858293.1724691
a2c033f497e62ea10ff8ba3d,797624443.5188501
985e40843a30150e6892e4f9,621858293.1724691
2ba0807f8cbdac389424ae04,621858293.1724691
9a565e7220cbc3d5d340e8d7,621858293.1724691
33598222854631e92fb72baa,621858293.1724691
03fb5bfbc1895115a04e8116,523208842.229773
5045ba9a65b4bce4fd305f82,621858293.1724691
277f6440854cb0c98728e685,621858293.1724691
12c7037cfa63de49e984a789,621858293.1724691
ed9976e922a774cafb601f5e,420136430.7990245
ccc70d1d8e4411331730bd7d,523208842.229773
30d38a7bab2eaaef1ff6be0d,621858293.1724691
31a6c440ca9eb29acc0f1086,621858293.1724691
7a82ce4b2dcd2b43485f5047,621858293.1724691
a74be48ad396ae4aa33ffed6,797624443.5188501
4ea46b833575642ecb2ed1cf,455479999.9999994
b780a0ec18c61b0760df9433,443241345.2572725
b83a5c303a2b079585b9b94f,510000000.00000054
a3c45875c0834b144f834798,500035000.00000006
c3ae3f44bbae215f7f2fad9b,443241345.2572725
5d54a0a596d49d9f85f1b5e8,689999999.9999988
355d1fb69bcb4e8e8ed9ba1a,750000000.0000002
cd791a46ed616911ae7d4fbd,729999999.999999
d2d2f335839ed35571b19bb1,997873012.8985038
0823b0dc92805ab05d3f8650,1100000000.0
f92f4d135119fa88994929ec,1319090595.8272943
401f0de98764e9fdd4055406,417419354.1527587
68a7d01e50462f7506f8c8d7,417419354.1527587
e4434407771070783b97c014,417419354.1527587
7e1153d411af129357ae5c10,417419354.1527587
f409c701e200046f574f4e06,562831760.1865021
30a8b9c197bc42f088d0b873,562831760.1865021
d5abd56b5a8ab8c2f61a07f3,640971065.9228512
805a27aeafb3ca91cac56d14,652650891.8560406
1ee04111d277e8758f740139,652650891.8560406
b9de7d7b9a8ef7c64e5f6bdf,652650891.8560406
5a12a15af3c0585d81ba8f5a,652650891.8560406
abb63383766a9853c1091c5a,652650891.8560406
1f95c205d5094c674f6e45a5,652650891.8560406
4911a6285f548dd30c8061e3,652650891.8560406
0b9730cff49bcaeb4d703c06,848822135.4885119
f033750cb9db15e886b156ce,848822135.4885119
fc7e93bffb7fbbdebebfaa2c,848822135.4885119
4f500afb7f7bb42189820a18,962537802.8606428
3921d7b508fa1591d40802d4,359999999.9999999
caddb9dce27a7e8012478da5,548480655.2432612
4eeafa126ac5f301cf60f9ff,449203594.0255082
59afb00a84b4f2a9ffbf71c6,652650891.8560406
7baa3608aad1fbf357d789a6,790000000.0000012
a5b8869e9cd3d0cc32a0b298,900000000.0000005
d084dce4ab9c4008ffa3bbc4,999999999.9999993
e3ff13537ffb7172336ab5c0,867265477.1934682
1bc2ae31ed1970ba52b1ff60,1350000000.0
eac7136b26bccb3c5d2b6202,616857936.6449674
073fccba71b28afd815be434,518105858.77862877
9b1c23d616e9407fff6553d6,409581831.4681532
4122eca7b73c1347a7814a70,518105858.77862877
cece8267e60c2461d6c409a2,616857936.6449674
ba4e89128058d5564987dfc5,409581831.4681532
69843aedb25a928097a22a89,362236368.2708344
a45863121bdec787e119b14c,362236368.2708344
02e8811bff38125bcf8e1a6d,362236368.2708344
d709a76487a49bf257489c0b,362236368.2708344
46c42803286c800351fe633b,403624237.35522443
2ae3ae7f794d558ec119287d,1179999999.999998
76991a35e9c1b69e1616659d,487863328.70626706
3de5d35f742cb4eb68d5f314,443630705.422279
a53c748935206f61751dec1f,487863328.70626706
ddaf8a1e5e6922cc3dee5caa,403624237.35522443
841fed959f036a03697868e8,403624237.35522443
ebe1b5c9471f3441a388f7ac,439999999.99999964
f0f9bedbcb57383511805d17,616857936.6449674
f9402b785deedebd3ddbce6e,599679802.7357395
d1f92e6b18faf07ab70ca1ae,599679802.7357395
6e794276348acc39751eaf47,616857936.6449674
4b04e0296820d04421db5219,599679802.7357395
ea0ca17e989ec57a480aa464,616857936.6449674
cc6fcb8ea6556f676c13a76e,599679802.7357395
2778de5e56ad7ece898249e9,616857936.6449674
9f0bdae4f8609ec93588de3c,729432794.7095659
90dcc3f9428a4e7cc396a15b,599679802.7357395
2d7bf0032580e6b6dd1ce36b,880000000.000001
c45d86d17d1d0519b455b7d4,599679802.7357395
4c7e7cfb286d82aa96356fb5,868845517.6978364
edc204c3e18368e0a9eab593,1027583318.9066437
e789e801fb5d4501b5d64e2d,1027583318.9066437
3997c10ceccd2f8c8e43cda0,1027583318.9066437
580d8eee8dc4b7d43cb193c7,1027583318.9066437
c823e3fcfbf0c43bf2d82586,1027583318.9066437
30677852542c78698083d4f3,900000000.0000005
8fc78c514a2f1cdbc5ae6e1b,1193303828.2981255
73c618d704a2e1ac2bc41954,638221213.6650579
4ba85374c1d1f1d3f4632ca1,369564608.69515043
9a471715e4c4865b822a6b77,309999999.99999994
4e9f1e21c855f1166428fbdd,401559460.1052257
f11137d27a5d7fa57f94e97f,970000000.0000006
5fe5f3c5919c0ebd57ec8e36,419999999.9999994
e40742774df7d2b614f32de6,309999999.99999994
24b28522c72f7fc359f2a718,539999999.9999994
26ff1e1f4a6f6bda702fdabe,309999999.99999994
9e617d1fd8a4f33d7b66098a,1149999999.9999998
3b4e889562e4078f8f369172,409581831.4681532
3a50d40f15b1cf5bfb338092,518105858.77862877
cb2188cb8e534973ea3411a5,362236368.2708344
fa57f96bc6affd285d10c4f9,352011420.2692855
c0ea6c76eb977d83c163fd7a,638000000.0000002
367cd12d7f4aa93124047eb9,487863328.70626706
54952b5f463c64c605576601,443630705.422279
57eaaaf24cf82d885f0f1dff,487863328.70626706
f2ba4a7a0765c3ce737b5c81,487863328.70626706
5282c3c48495dc31359e70c6,428999999.9999994
552b01d72edb192663998c4b,616857936.6449674
5f3a1ab21669ad9234d4dc63,599679802.7357395
68f431548c330f84c46174f6,616857936.6449674
048051ce9bf8f6a48e9451fd,616857936.6449674
fa4028ad48fb2082d167989d,616857936.6449674
5b1902dd7768f5144ae7704c,599679802.7357395
be0a8f4be774eeaa42fe460d,616857936.6449674
16263617308958055850aef9,550000000.000001
729f5fab1578f8cae4fca8f9,950000000.0000014
bddb9388922dd56737d8847b,868845517.6978364
9847a4ab995b7b1c30196704,1027583318.9066437
d19937a773269962c7f9e8a3,1027583318.9066437
b3c8714dcaf5322475ce2c60,1027583318.9066437
875126e5776dabde40e29b09,1027583318.9066437
3a36f59d7c0e6c4eb85ca0cd,770000000.0000007
630f00e15cbd7826475d1509,1149999999.9999998
434782c3d1dc2b9ce7bcbbd9,374999999.9999994
a470bd174fc7587dc1449c89,1300000000.0000017
99c6f87ac92cc323c8caa005,590000000.0
ac9ae945fe25a46184057606,1193303828.2981255
15d910dd93e0aec22ccc2083,800000000.0000002
6e1a9c8457d3ac6a57598052,526533864.0509356
14e179618d1a44c5c55e23e6,319999999.99999976
2b8b979cf1952fcedc63ca9e,388714497.25234336
7cfc3061c0b2f3bd48375ab9,516250127.71178997
7200e3ba2013876cdbbde972,449999999.9999994
9ddc1924043ee8361201b39d,1489999999.9999998
f22d6cc8c9611a7c23fa8969,516250127.71178997
b7c0a0a4f5c5b986a70ff249,516250127.71178997
adf176b63ea23e08d252b5ea,630000000.0000008
77069fb9fac6b61aa6a89ae3,618462270.215877
7f0f27f6d30c743acb3e867f,770000000.0000007
7e299fd8c2d53ff1cf95aee3,618462270.215877
f309733881a4f89d9c8a8958,618462270.215877
0f937643c067371018c8deee,1399999999.9999979
8e35609c1265ddf59e1c015c,783467372.4300083
c1ba606f32ce0337cbccc2b1,638221213.6650579
15f02dd18da12f4d7b0ac2ab,465280479.159622
bcbe8ed608f233d5ed7362c1,679381128.6802403
14611fccccfa2a6499b2acef,420726560.4241344
b10b428245022d55db248b72,360823734.76685476
13e6c5cde1004803fed93cfc,420726560.4241344
ba31c38eada33f680d44627a,649311954.7101204
3786daeec4a4fb40ef07d8e5,620460317.7419374
7736ac030d8b587f44f7898b,463310801.3117628
98f89d21e5dbe53f8704e745,940359616.1633954
981fcb79db3881259eb303bb,360823734.76685476
08bb88dabf0070f72a801a4b,940359616.1633954
32d56542ab5486bdaf4466fc,1060660171.7798226
c0f911fe7ee2113ec59cb5f8,620460317.7419374
3adadd50e603746e5e4fc082,649311954.7101204
d117e9672b3ea0435e7a894d,360823734.76685476
020473766363019ee40d6685,620460317.7419374
b04d16faf40ee02eda59a9af,360823734.76685476
bd6f3819a1c0e551598fb9c7,464142228.06842715
5520cf373444931ed8630635,464142228.06842715
40355fef059659469e16e3ec,464142228.06842715
deb844a2812586991b3022f4,620460317.7419374
ac0b895f523b53b4abd013dd,620460317.7419374
ac208e250f5ae3e5e1008351,464142228.06842715
0064cd1c55914cc8370a096f,420726560.4241344
165fab7a9f8dd404cf4e9d9a,360823734.76685476
df3eca0f59974a812b4ea9b4,633150319.7081221
1b7c062b606d0560e850a2e6,360823734.76685476
87ddb3a17b601cf7c61e8c07,464142228.06842715
837cb6389640f3919bc73e9b,620460317.7419374
77bab76414ecb20888cef7a1,940359616.1633954
a9268ef5b7133cf6ed1a376a,940359616.1633954
cf7cbedea50333cd2dfb0e30,649311954.7101204
b0cfed2d25a5d78c96d39d20,649311954.7101204
ec0c283eeb8db461c20af1d6,620460317.7419374
27c3b7ba2991e7bc0c9fc322,464142228.06842715
0332c7ec0d3e547ec6d61664,620460317.7419374
e58b92216ee6438a921ee0d4,620460317.7419374
f7959842378c94c9f620f561,420726560.4241344
cd0236af88ded6bc15b49eb2,463310801.3117628
d40e0c2222c0debe89735e88,420726560.4241344
2bc9bbe0f0216ed9d865a85a,463310801.3117628
e9bbc31499ca187c6a492175,620460317.7419374
f2409d037bc8b3e63ca69fd7,940359616.1633954
5ad71b7cfd356a75021174ab,360823734.76685476
67dec8c47ad4de9605d56db7,464142228.06842715
c6d679cc07ce4373197748a8,649311954.7101204
a36ff3637b7d2b1c52999ea8,633150319.7081221
3a384d68b7ddab45e01b6e99,620460317.7419374
42d34ca2252acaf6e777d23b,1135842162.7150183
c4b2a42a8908cc35e649fb16,649311954.7101204
18c38418824075acaad8f960,464142228.06842715
85bb6775065df76bda33f738,620460317.7419374
14cee0bdd9dd5537b96d0786,620460317.7419374
ab332133aca64315672a7192,649311954.7101204
d53b60b0f2c65918153ca2e5,347241864.7784448
ed1f81648083d4d2726710ac,414422608.2504024
b6692a933facd74b4b11569e,347241864.7784448
90e00fc58569167c00fae7d0,347241864.7784448
8a514fffdec277cd46c7cc71,404223557.7070548
7f0b4b5851c77d78805320c5,347241864.7784448
fed1a608e3c0f2b79cd02ebb,347241864.7784448
075a5474294e25da55373a09,347241864.7784448
8826b9e008064cea38855d35,347241864.7784448
660eb3b40b2bcd07df8f5c3f,404223557.7070548
d55cdfba22aae78b6fab5491,347241864.7784448
ea6e83dbade169818975e5b3,483488638.9198442
dcac44d3f8024c6ea1632432,483488638.9198442
2772adb268cffadfb2917c2f,483488638.9198442
3192bb7190b9130c4e67be4e,521677066.8612091
9d892f73b02f001c2f715607,483488638.9198442
c27d72aa1fc5d37f4cc105eb,483488638.9198442
6c0ac32bc8a66844197c5fb4,483488638.9198442
52338f4f7c8af6c649106a96,483488638.9198442
356815b8ffc300fe03073b7a,521677066.8612091
22c780d56cb97fc34f29e9cb,483488638.9198442
806907598158861a6958388c,483488638.9198442
449cddc4dc3ef1e93b7f7c26,483488638.9198442
b225270821758e45cdead76d,483488638.9198442
e07bc486c6f5541e4788f83b,637355868.8250777
970c0d4928a9292748c0fd00,649311954.7101204
f73f720abdfe4b5adfa2bcda,463310801.3117628
48d3b0ef6e5f999bb90fbfc1,463310801.3117628
b3ec2f8af6e9adce047536b8,940359616.1633954
0e1c66f843e06f14d7264864,649311954.7101204
91c4f018fc7939d150593935,940359616.1633954
102434eee07ed18268857a9d,649311954.7101204
a4c70eae507d630c2f285eb5,649311954.7101204
45abee1de734dc32936d0b1d,463310801.3117628
82bdf442e186baa829e06da1,463310801.3117628
019cd320e02a64ba3ba9a37d,649311954.7101204
ba1b3c8ac8afafef56233c84,649311954.7101204
3c3a0f57e030472879f454d8,463310801.3117628
d520e90e7d0c44a6b8852e5b,463310801.3117628
38328747d2e1e0e568c05523,463310801.3117628
659e9ad0f593b644071cd850,463310801.3117628
3e6645f2cd377ba17ae2e46e,463310801.3117628
307eb683db84db535106c445,649311954.7101204
26c8961848e3a77d98049638,463310801.3117628
52373e15e9dc1ad371a0c090,463310801.3117628
e5b2a446c12222efc187e02e,649311954.7101204
156f706d1d30de19f7e369ea,649311954.7101204
aa94d2ad36bc0e91bf561be5,940359616.1633954
8ab41842b8e41b89d8670ecb,463310801.3117628
b19ab02a8e22f3e88a26031b,649311954.7101204
a6b1ca7a4e91c4c0f4366984,649311954.7101204
a277d5e8216fdc3d7c93eb2b,649311954.7101204
f939b7271c4d399a5e647f8f,649311954.7101204
941392f9a135909273422dec,734913670.0688974
e07d8e9e38e309958288a516,734913670.0688974
258f10f742fcc835d53063cf,782950763.6690904
fb672b4cb1b66f2022f36a40,782950763.6690904
ce9dbb6d009cbdbe654edcfc,963671359.8423418
22e524f1fab17d5b8616d741,963671359.8423418
7f0d874df9235245f47b04c3,782950763.6690904
27a8a052b815998c771a1f55,963671359.8423418
b80593fba07e21f8bdbc352e,963671359.8423418
d18d990404e7fd07424f5a77,516250127.71178997
033599f7e7ecd8d9c8cfba46,516250127.71178997
51cf2fa527c3db62914169b7,516250127.71178997
2b2fa2ed0055a19859e78446,618462270.215877
a8e1adbf076dd737c079129c,618462270.215877
adf948af7b24f9b6f29610cd,330000000.00000006
23473bcde48f634641769e22,406321461.5624856
c90486bba327ede32dec60a6,479999999.99999934
d254d88ea0989a609b71fb72,579999999.9999998
2373c595d24a7b862b518ec5,526533864.0509356
ec401de1c0ab2dbc149da048,516250127.71178997
17c0a8fd3a2c8b5b18d61e4b,453000000.0000007
1a1016e7a96da2237b391be5,724999999.9999989
c5b40b510bf7f121c93a2332,750000000.0000002
aca37e216a27b4dd5337df99,1005982107.1967455
96f59167d17d1c99f31be997,669999999.9999996
062b36cb4a87cec372f9f91d,618462270.215877
0466a7e06b152c1860d44334,618462270.215877
f44726680d0c594a2d430bbb,729999999.999999
8aac8946e7ae5725971c5557,729999999.999999
e1aa6c46135f4d1aa1b7a1f4,649311954.7101204
fdbe5801070756d1744211cc,521677066.8612091
6ec4c88b8d3a16148e2e7348,649311954.7101204
57c87ce038e4e523b4ec189b,649311954.7101204
9bd500fb24eebd53d8262b62,649311954.7101204
85a86e01443aba593f95dae4,521677066.8612091
13e2ec0a12c8a48a753b85ef,360823734.76685476
b93dc01af5f49e6dcfb7a547,360823734.76685476
71a42155184509caba01a1dc,318179619.47004926
25fb1c0c4aace859265de172,463310801.3117628
6f63e4f866bda86d5c993c8d,420726560.4241344
72bc42a5c73e7b1f9d54c835,463310801.3117628
c06f36b42021a1512cb6e3bb,406562499.9999996
f1a7fa5dc1996591ff97a34e,464142228.06842715
6128a8deb1f0bfbbf0d67769,463310801.3117628
b5254c6c29b4f6984d328216,464142228.06842715
6cb19c3e491a60bb2c166669,463310801.3117628
dda4ee9f3811c29e2b261a5c,463310801.3117628
7a564ce9a4ed3d2b8fbb1103,463310801.3117628
63b982fab95cd17211a4a58d,463310801.3117628
5272c50f1d8fded01f7fb0e0,463310801.3117628
02b47e60ab77588aff6cb433,420726560.4241344
ddcc7f7a087aa5f4797a8a5d,494540699.99999946
77a887ca508d924ad5203194,620460317.7419374
b57ab7afef2b8aee016ce6a0,620460317.7419374
640a801d503d85835eb65a42,620460317.7419374
767ff947b16b2271f516c28d,649311954.7101204
1dbb46a250f504e9c8673bed,649311954.7101204
fd6e9c9ed7679485dfd0b022,1179999999.999998
7dc4f9de14c2924b229ca0a3,620460317.7419374
3064379f468404110d594c87,620460317.7419374
6005ebd6442c62f8becdd2f5,649311954.7101204
b62e960eebdf95c2eaaaf9f3,649311954.7101204
7b0258f1aaee97661c34de64,620460317.7419374
91e2f9f7d4ed776d38a3274f,620460317.7419374
d505277049a254f960e114ef,880000000.000001
32040dd7b8edfbe331773288,999999999.9999993
70e427235490d7d9c9239676,620460317.7419374
1a2aa38b8e18fd7ed5be77ff,979999999.9999993
4883f7ce7086ba9c8ddd4315,459999999.9999995
4116cde03803e63a3e87e847,649311954.7101204
d6de5d741702387dc3f4481f,649311954.7101204
2346533f4712f3bbd036d85b,869999999.999999
f6a12c0f02fcff1be042ed0e,800000000.0000002
eba3cb8156e0115bd7dfb525,940359616.1633954
ff27ae490bf03513b6bb386f,940359616.1633954
e87779bf2f8af86fc4ae9583,419999999.9999994
4a809b3987cff0290c1df8fc,330000000.00000006
8f4241a17d1211687bf232c4,562831760.1865021
bd8c1ff6f9919ec6f1dccda9,562831760.1865021
081e008e772c6a79b809a87b,829999999.9999993
0eff08cf4bc42dd442a70231,683200000.0
b4e084d14962cc58d4089955,689999999.9999988
d02c3b5ac6fa0ed6db06e490,970000000.0000006
e8abf103cbe9fecbdd758516,689999999.9999988
05308c4f3d0e0887e4a68a92,562831760.1865021
256a6ba3ff423a899229f154,510000000.00000054
097314d920292b46eab5dbc1,488364617.8829916
4ce0fcf14266d144c82f8d4b,399999999.99999934
548791b5faf236b1c03b7523,652650891.8560406
40ef1682158d0c3cd07f484b,1150000000.0000038
7b473504c85e9cb576f951e2,652650891.8560406
730c7382d76a07904f559b28,386325304.7728167
e05598d3c49f409b937ff2a1,515018029.26694816
844dc89fe6588acccf0c7536,386325304.7728167
ad1492590bf61d2cc83b493c,695243469.1808552
88fce3ad9b8a965dc11336cf,351195225.14091796
b76d853ea415967415ace0d7,695243469.1808552
c12c81b3eb12bb329466e88a,695243469.1808552
4e27458d179a469435d02ff4,430637220.397177
8d15b4bb1447eba7a680ef47,443630705.422279
482c7150c7555cb35558398c,616857936.6449674
e5d6be06fd53d317c8e5c7c0,487863328.70626706
f798e7105aa8aa66750a2c85,616857936.6449674
eb24e0a0ebfbe16eba466280,616857936.6449674
618dede0dbd48df4fe610af1,616857936.6449674
6fd936b82bcfd3cd2451bdfa,487863328.70626706
adbb5c4ba7be2903799a51b2,616857936.6449674
3a99197868ce338c738a3b20,599679802.7357395
d4c45f35f214fc226ec85b36,616857936.6449674
c3140ab2134de662162af508,369999999.9999994
0fe23ccd8e42605f4d9f78a7,319999999.99999976
8816e8101ddc4e704053e23c,1179999999.999998
64ecb100d7882ddec6bafbcb,518105858.77862877
9151a8c65e1f01ce591c595d,700000000.0000001
c8a40314be3014c2a218f5bd,518105858.77862877
29bd4cbe11f44759e07487fd,518105858.77862877
72ddab9ba5f24941e4dbed6b,616857936.6449674
1f18df9ee1b19359816ed13c,616857936.6449674
fb82175fad61a81e9b665fd3,616857936.6449674
dee2e190c4e2539124ac3ee1,616857936.6449674
0cc2f3a49dd703e7554ba638,616857936.6449674
ece0394e38b152e6c1571324,590000000.0
e14328c988a27176e9fc63af,614182244.7836661
a91664b9f15f9d6f262e7b2e,652892213.6580062
d54270fd6b09b38a978cd7b9,652892213.6580062
40c74dec061500aaa78f78b7,447418756.6149247
cbf6faf7b47b43b2a77b3654,1196183818.625166
52fa1eb3cc7cc2f77ff98764,484740454.27619684
bae512bdd3b04405c519bf4a,652892213.6580062
e7fbff0a25cde72a38e7c7bb,587356317.9643418
d3f297fadece964afe5f1cc4,652892213.6580062
2679ba671751ff16e76f1807,587356317.9643418
8059e45ca26bfefbb18d8e40,569497042.4256997
9e7ee8e17b1e76965e96ef95,569497042.4256997
9039bc918a76e486041842d0,569497042.4256997
1d7912750a5e345f7edcdcbf,466799781.49541926
4fe0482ad622080f55a0460f,569497042.4256997
953fd7541735fa8d9a342642,652892213.6580062
0b3021c156324d1e7974ce3b,1196183818.625166
b0a8e4b4ef6678e6b43865e2,652892213.6580062
bb47fda808b52f30364a4d6f,459356549.5994952
d846dbe691d0ee3ac5c3bec6,989800121.0442181
21932b5a5fa65d237ddb6293,459356549.5994952
07481a101afc1d5db45245df,634455077.774588
d99c00c516cf57b6fd9e877b,401654734.5111855
6dbb494acdc64c03742fa730,604798166.5450978
35f69c7a9870ac62735d7639,604798166.5450978
2721f5495ef5dde16fd29cf4,604798166.5450978
0c068dbfdafa3429c71189af,401654734.5111855
f3293c4064d71f9322ca97b2,611949088.9141579
5eb268b95d7b6006b064f9af,611949088.9141579
e13a1c06ccbf814945dbc768,614453765.7480788
935a1e8c7e62ca9d3bff398e,614453765.7480788
f0c7ecd3b2261873d3664748,611949088.9141579
d2f20425e236285124eaebad,448131821.30102164
05926b977b5df59857194ec1,419999999.9999994
f548ef815603ec44f4629a60,951909964.6181817
6cd147720319f60ed2599361,611949088.9141579
6302477fe8172d08f3b4815f,433245451.5686124
b0af9b1e84a1886489d46b91,448131821.30102164
5f3a2a31f6d1838e0a9531fd,614453765.7480788
96786aff35713dc21f6bfe5f,611949088.9141579
68de232e27aa83405b4a19b9,1043827908.4292
8d252e9b0912f09703110b81,433245451.5686124
f4e646df504728ee1e6ad0d8,389626390.16122216
e89cf4cc82c5283f3db6f5f6,389626390.16122216
1bc2c099466f9a989266be0d,389626390.16122216
bef2008b362c4af1fc3be566,389626390.16122216
7988f76ba063d25a4f467730,513681618.1945983
391a98a344e894c6397d62f3,513681618.1945983
5ab0b8b0d6d93c4654b5cc14,638036967.1005675
305d6abea2f3e496e3b6fcf4,611949088.9141579
f512fde4fa3f1f7fe885de83,611949088.9141579
c7b6e7a287602275f7854ef0,611949088.9141579
3d11a16b008c26fe43deca03,611949088.9141579
ac7f21d22d013874c362d440,611949088.9141579
c933750eeb53302db0245782,611949088.9141579
766a8ff17723a5c34324576b,611949088.9141579
802fe3175a2059f12d7edb99,388714497.25234336
508bfd077c80b6cdfc5a10e1,618462270.215877
ddf8733adb641e15837bd728,516250127.71178997
17914fbe0c3634dae8ce9d71,516250127.71178997
09e4397bf9794fe24d87d07c,618462270.215877
302918a3460b98acb64fafdd,461191350.57855815
a7e57a8be8fc8d8a844cf9f0,461191350.57855815
7b50b071f4d795c9b5ad7531,461191350.57855815
91a7bcd95c0c960e4cc22d91,453865392.60418713
5d4a23137173c0e2288ec418,461191350.57855815
751ba0c00d4fae1078c02fb9,299999999.9999998
e6bc998ad1d87c5be3559ab1,909999999.9999987
53aa9cd32e2a6aa346d3d789,909999999.9999987
06f22f7a8e4e78f45ae81638,526533864.0509356
2105c17a4e2f97183e24aa4b,618462270.215877
ec13a869c212c39b6ba21b57,526533864.0509356
0b49dedfb53ec812962e31e7,618462270.215877
69e6fbd4d3816c4cc37b265a,560000000.0000006
ad46f8bd482500f3bb935737,618462270.215877
368f7a70a62962bf31ec9583,1350000000.0
07412230b931192771072334,649999999.9999996
e63d334d9ae8b672dc7b7d5c,1350000000.0
3e1c2c5b0831edf78f7b7082,649999999.9999996
226277c02e8532922a1c769d,810876271.2067032
7902ada9116a1cf7458933cc,1149999999.9999998
b21f6e217d6733230a8eb7b7,503295334.43075645
09ac622c303bce9ad5514442,388928784.0501806
ea63bca8e3a77fe88d88fafc,349999999.9999994
a3c7c54fa12d5b57dd997210,380000000.0000002
cdadb2607807935a0a5597e1,649999999.9999996
8d041784b65d33c76e5245a4,638221213.6650579
e6807209b634455bad257998,649301682.4785335
b1e3f1efb232cb0976506cc2,815246279.247353
dea95d98e8bff87b905f9172,885664948.2918648
44b6382d9195ceb3f12d4939,885664948.2918648
41f33deb9990562def18c917,670381202.1654252
0a61250b2c208d42a3077bde,638221213.6650579
c714b30713eb7877ed3cd92a,382999999.99999934
bf120b883bfaf7641eda65a9,900000000.0000005
90b34ed38e0f18988f11d77c,970000000.0000006
feade1f4b3b06fdc12ec213f,1549999999.9999986
00bff9be2d524083e3b3149d,503295334.43075645
f1e38e53ddb8a9d5b641d934,921799762.4396713
49dbaf0bcca86f32f86e641e,601307484.4914386
18539b6cb6884f753e0ac18f,601307484.4914386
7586a79a0151387a1c0cd85a,650652766.7575345
d533a334c2ad9d510865fe54,650652766.7575345
95f7bbdcfb59b4cdb41b0394,601307484.4914386
4a2ae08359e1ecd39b43afbc,523208842.229773
e8cf39cada5b7755f60306d1,621858293.1724691
0489a476b376f7f6efbc193b,399953313.61034924
7b31b5e53015f8116fedb0c6,621858293.1724691
4c0892a39011cc6a37fc1145,449999999.9999994
92d7d4fa9fd09075bec14a3c,621858293.1724691
5e5ea93675900efebecaa19a,369999999.9999994
084de1226de9a6f4a6075c2d,355000000.00000054
54f16cb9563346e15b019102,309999999.99999994
512a6de80962ab797ed2bf72,649999999.9999996
871befe27fa79fc1e1813b19,1149999999.9999998
4e0b1df5e05ac505c701f519,443241345.2572725
37227e66adec69299f853e51,523208842.229773
0a0e3ee960f60d04ffd6bc0a,621858293.1724691
82b15a5da307865c7045dd56,621858293.1724691
44d596fa36e3992208292ade,481396873.44444823
3569024b3ae4865240973e6d,601307484.4914386
31d3215c8345d48ce9734c65,481396873.44444823
147e7f5381d3c951fc446376,481396873.44444823
77deea164a3a622df41249f5,384106744.36784226
3cdee5304896e4cb9604ebe3,481396873.44444823
f5418917530b72c9fea14f66,601307484.4914386
ffcbce226963f10da8c53fd7,601307484.4914386
2fffe55a1584619bd7c489f6,601307484.4914386
3920eb3f72b96fcb58ef778a,368922789.66379285
d10bdbfbd411ae625dc80611,431779680.16835976
d61ac80c0d4737c3529f4a2e,431704921.55183345
f8948886cb4cb018eca25d19,431779680.16835976
da5bf7f1c7b2f4ad670e2382,426995118.02171737
f406c9c3c92e9b31310a50ec,601307484.4914386
171b560236ce760573a990fb,955927221.3442053
4d852bd93332172bfb081aff,955927221.3442053
2e1f7569d134a931098a2ede,955927221.3442053
6d8d2ba62c52445d78f687ed,443630705.422279
65ae1a893abdc2eaa63d9271,1193303828.2981255
c9c51c39725d7df94822fb20,403624237.35522443
56ddb54e50deaf650a25e82c,443630705.422279
aeb330dede55fb66654901fa,1027583318.9066437
4f4e3350c429c6afc0bb0094,616857936.6449674
39377d0d271da03ad85c7bd1,487863328.70626706
bda2fcbba2b412981e708054,1027583318.9066437
eb89d0b7914010148e6bb597,599679802.7357395
513d0ddf1ce44ca671675fe1,616857936.6449674
14cd5f188cf6d2433240b5cd,487863328.70626706
dbbe0b6f5eb07a5f9ec873a2,443630705.422279
f9acdd3fa50068bc0180d008,403624237.35522443
4a85c36fb854e922936b57fa,362236368.2708344
937876bdc44c3b8fe063a9aa,403624237.35522443
001399d3861c5792ccb8b515,1027583318.9066437
f28514aa4d6ffa36104411c7,443630705.422279
3b185e3e31f7f5e6a1b3193c,518105858.77862877
f4c7cc4a249ae7037aa0b35e,550000000.000001
b74a02ef5cc838952bb9afd4,616857936.6449674
75f5aff9fa70208ddd843779,616857936.6449674
b7273cac93fb7a0034039600,1249999999.9999979
b73bcc0cbfa173c9fa404369,985000000.0000014
3c4c18326318a7207b589dbd,330000000.00000006
29a230f7dde5753e65b661dd,562831760.1865021
c083a5c64c4d6952accd7bdc,562831760.1865021
1cf29f882ee8b458b8f27091,652650891.8560406
94c15574aacdc5c3cf5a406b,562831760.1865021
661f7eaf134a5b142843368c,652650891.8560406
14a5bf235097782f468fbf23,417419354.1527587
d2d46c70dc048c92c8e4f09e,652650891.8560406
f6faf74c3f4e02a6b333b7af,652650891.8560406
6dfa362ff7a0d55693793db3,620000000.000001
b070e3747bcf22ed67509efc,479999999.99999934
7333f19416625d6f4244fe02,750000000.0000002
3c86651d9bbfbb335f15b544,649999999.9999996
9d8affa93ce4dc7c1a21b3a3,745000000.0000011
eb8cc67810d95d1b102410b7,790000000.0000012
047f94605add5f6f84fc3f90,784938554.0000002
56ba332c82c36f07ba6bd271,884291783.623447
5814a1dd61362ded4f1d8d8d,1499999999.9999979
141ac7bbe9637f9e5142135c,1249999999.9999979
08db0ce5cd15db2404ff3d28,368922789.66379285
c38677ed0876b7996f596336,368922789.66379285
daa4d7da8d7df8efc1adc9d1,426995118.02171737
f15c6403c6d4e3676a607780,426995118.02171737
4d0cf77f8cfcada2265ac585,481396873.44444823
4caab3951bd6cb6dc71ac8a0,431704921.55183345
7cb64b94877a9361f20027cd,431704921.55183345
3f438d6202cfd4527bd8f983,431704921.55183345
b7763beef728bc2021ebb841,431704921.55183345
4cea8ea969dcc433fcb59d96,650652766.7575345
24fadbd1dec637edb728baa3,694292091.268168
63cf422266e7c39a6c895b3e,601307484.4914386
dbaa5d47ff63125584bf7ac0,601307484.4914386
da12ac932dd8a2fabade4bdd,601307484.4914386
f35538e95b4a567f9b834034,601307484.4914386
6ee1e976768b68cbc8008950,431779680.16835976
a910019b3d18da92b4c6862f,601307484.4914386
a09413ca0b723170c26652a3,601307484.4914386
2b451da55be3683c33e4de31,601307484.4914386
561840990333852ace562b82,601307484.4914386
b6695af1ce28eb50d7a2c25d,955927221.3442053
9327563b40f2a0f888c68f28,1276499949.9984932
3438e5d77044f21743e56edc,613652195.3110907
63cde4fad1be942dc5ee695d,369999999.9999994
8e712705b7de6e791c8735de,380000000.0000002
85de01c0aa787152c77c6180,319999999.99999976
c9b0673becdedeede0209697,349999999.9999994
15ee6357e02b76367682d6bd,1489999999.9999998
5f284a75ec8e9c72abc76695,569999999.9999999
37e696957da15625da71146e,758946638.440413
96a478c359fea0014fde607d,950000000.0000014
1a61721fb7306d55dd77b6ba,950000000.0000014
a7577260fa10bf408f1997d8,735802283.2255968
b3f8ffa761119a5441a44ad4,950000000.0000014
a5c85b445f503a56e0e2a924,1249999999.9999979
5aac1a1d5da10b76ba4b690c,700000000.0000001
1420543e2eb5f38e4d38ba81,1249999999.9999979
a530e3ff6d7bc1abe333245d,448131821.30102164
aa9988248c7dedb016d8b6ae,611949088.9141579
fe8ab5495cae81b5478026a4,614453765.7480788
b463c62e3c21e339e7acb52f,614453765.7480788
00a5133e7373eae3f0be8f2e,433245451.5686124
38b424cb0e54f0f7f2745781,614453765.7480788
c43530f324a3ac90f53a8849,611949088.9141579
abf93b2418fcdac14293c9a7,448131821.30102164
9b1be976725ddd512cd222a8,614453765.7480788
9b7f17ddae12105d47fad7eb,611949088.9141579
3caab5e89722761d5ab2498a,433245451.5686124
a2f40c8227b466249d6cb659,951909964.6181817
e6a5007ffb7c1321d4fc21a8,513681618.1945983
0d50b435188b7830a6949026,513681618.1945983
d4bee60a74c2e2235f507ec0,611949088.9141579
b474103c4b637ca25b5d89e8,611949088.9141579
ce6ddb82d2ece3b8d58fcc63,734748505.295296
28403f16831effcb75471738,360823734.76685476
03f518e2e5861002772345fd,360823734.76685476
011a6d0f12ba108ef15076b4,360823734.76685476
93ac0b004ca60ea56cc2bb9f,420726560.4241344
1b70fbd3e46da8c47c3eed61,521677066.8612091
cb40d6ea6a1eab77a60c1ba3,521677066.8612091
87c73db5d50e8ec3a22e6ccc,521677066.8612091
9aea45bade274e4ed91ec301,464142228.06842715
43c22bfa9a14df7b0126c12e,464142228.06842715
6d848e54ee68e6d8f23b3b1a,464142228.06842715
e5cd7a2aed48057b0dc8d970,464142228.06842715
bc4b94c892fea57ebae3eeb6,464142228.06842715
e7bb12e99318573a6e6ce1cf,620460317.7419374
4b52ebb0f0a8878def4170c9,620460317.7419374
3e85b447edd3b23b5a0d3b79,620460317.7419374
15005fe7eb24aa25b9e3cee7,534999999.9999996
22e00f8057294350ddf4d42a,682715167.5479307
ddf2583bd65f02abf7ce3280,855464725.075305
704e5657734af93d19a0e5fa,649311954.7101204
cc1a11362066152d21d4cc60,649311954.7101204
12062de068acd322b610fcf1,463310801.3117628
e9804af0513b2f68daf182b3,463310801.3117628
f13d8f4b2e3114d71e5ed941,649311954.7101204
11bccaef3431fc17953eb81c,649311954.7101204
ef2b9c11f884cc5f31c26f60,940359616.1633954
25986c851e13c92ede6c6d6b,940359616.1633954
37e28ed39a51956880d211af,940359616.1633954
9530217ea0b5d2395adfcc9d,970000000.0000006
d8607e3261ef1546eb0c30f0,633150319.7081221
22a025ad47ba22ea9fd1a094,652650891.8560406
1c88ddc21f3e8e4ca633621d,387964919.0783266
e45ba581daff88707ad842a9,432755688.95347536
d7e97cc158c6c54b02fe635c,458682067.2886937
04bb7cdebb8b66e783058248,1399999999.9999979
d60cf6dcb7b4b40077536604,869999999.999999
85ceb648cee9f6f3d221254c,616211223.1728921
f58528d3ddce3bc6c71bfce9,628818565.3953288
c269765ece36cd93058efab9,638018475.448676
919bdfeb16dd0bf67787d53e,494540699.99999946
ed8eacb8746dbcc3c2ef3aa9,422615079.446747
15ec532ec6fb73074b9b12c9,422615079.446747
58a724e8a0e05140b07539b6,729999999.999999
2b7a5be93795a65d29970b02,1043882739.5951464
6dde9af12b6597425160a47a,1350000000.0
f0ec99c13c61e89310ca9b8a,523208842.229773
65c83da72c07b8e74bf581f5,523208842.229773
3ecdb7a7d178b48361340ea9,523208842.229773
af22669e3ed10470623fd8eb,621858293.1724691
748c981380925e1247b9e64e,621858293.1724691
78ab6cb1f62a7e781d4c4d0a,416899395.9295166
e80ba06329760362c7685ca5,355000000.00000054
3cecc0cc43ef46670a8e69bd,510000000.00000054
527e4b1b06637b5362c8f17d,443241345.2572725
cf9eb2cd0f20b13cc8816bbc,349999999.9999994
4b3a6baf8196a59bac8c08c0,515266921.1195297
9bb9864a6bcff25b17477717,443241345.2572725
4f7d630c921cff500705ee5a,649999999.9999996
7b7c0544ece4aa383fd5b4ce,581377674.1499453
191094739043620c72aad2a0,669999999.9999996
a20435d582c7646db231e7d2,539999999.9999994
1555743ec7e2f38904852860,338000000.0000002
1c7452cfc46652a60b7a4f05,1160000000.0000017
97439d5a82f970e7f50d51b9,419999999.9999994
7667cd57d0bec809417c9b11,621858293.1724691
103f6eaf04b44c4013acf097,449999999.9999994
e6ef433629e193042bd30f4d,997873012.8985038
2ee7f959d069c9ca223115cc,997873012.8985038
b46625b69fba1afc154471e0,700000000.0000001
5cc0700421954934cd8dc445,700225657.718618
066f1b68f7c053a196662fe0,419999999.9999994
645e1c7b799a489887086a1d,611949088.9141579
f426c41d6d8bc99f359f480c,448131821.30102164
d1be4eae680cb16d0c842606,951909964.6181817
57a5f4f83a474ae156f207ee,611949088.9141579
53eab0ecc3ff098d55666699,951909964.6181817
54022fa49ecd9cf290aefc89,611949088.9141579
545db4962e6294cc5ed07727,614453765.7480788
8e17bc9f09099ba3138c232a,611949088.9141579
3b4b303bbeece313f92cb85e,611949088.9141579
d0119d7bb15452c473ed28ba,611949088.9141579
1a36f98c62f5126c8064314c,611949088.9141579
96a77e8e42d676b0da3fa572,614453765.7480788
d7d6f668e3e40d957163276f,448131821.30102164
5b908b8abd8dd0862440c172,611949088.9141579
81716dd4aedf72a6a14392e4,513681618.1945983
47d252717c4bcae3e1ff19e4,979999999.9999993
4f0b2f7e4d787a108a4d2537,513681618.1945983
90a43053efa1d292af692a87,513681618.1945983
c3df4b9fdaa4dcb13723b5f1,611949088.9141579
4b905620f76873355d317dc1,618462270.215877
ea16314310144a10c81da9c7,516250127.71178997
0e5db1a36a521a5d2912b238,516250127.71178997
c53c58dd7b26902f67c3becd,388714497.25234336
6c17875f20f58b1fb211c18f,618462270.215877
200020552855ed39d1af999a,516250127.71178997
b44b862cbd855d46954eca5c,516250127.71178997
ce47299ee877638c4729f60a,516250127.71178997
3a28bf9841e6a9d3f1bc293a,618462270.215877
3a488b9e24d9b8fc7c222e20,388714497.25234336
5469c33200ffa87952b356d0,516250127.71178997
b57174dd86ed451448dc501b,388714497.25234336
ebe09efa32acf6d680341840,516250127.71178997
33f7d5aa494288cc90d60456,618462270.215877
de9a32ec454c2696cf75eb0d,388714497.25234336
df4400c44a166c851ff46eab,516250127.71178997
5dcc8f6a6854a864dcd27a87,461191350.57855815
bc08ce9f24533cd644ef08b8,461191350.57855815
2935cc0e053bf558a8b73054,461191350.57855815
f08001f2590d7b734467c58b,453865392.60418713
5a9892659590355b91442979,459999999.9999995
ea34dfefac91681864c2bfe1,630000000.0000008
ee3b5d47d05a80c07751f7a1,618462270.215877
448ad01af4c5cfba3feeab26,618462270.215877
bcf43ae0b4b15ae168abca97,618462270.215877
8ccd326e4f515bf7e817a14a,800000000.0000002
94535dcf38c9c6461a73db02,415000000.00000036
9b3557302e940d4da341cdab,559016994.3749477
edf8c961862a4ff8e1e44f1a,609999999.9999999
6e508fb72f189a4fa91bde58,470000000.00000066
7d0a4771afb00cf9a38ccb81,1350000000.0
8c32b6b31d1a1d5736c4df61,794112435.3590788
da782fc0c8a79e3e250f0f67,513681618.1945983
c86e643b7f7b57b4482020ef,513681618.1945983
4632f1e8fc93e268ddeba07b,513681618.1945983
2cd372392fda500e6526695b,518105858.77862877
a05ef49ad8b2d6c466ac7412,649999999.9999996
9f50ed2b7e40847ffd877f4b,616857936.6449674
c00083aa30ba7d953361674f,616857936.6449674
50857161c59b991304f5c55c,616857936.6449674
3676f63aa0ab23ca7cd344b7,600000000.0000007
3710ec95af4702c45f165279,534999999.9999996
16db516a238934a730ced1e8,599679802.7357395
d450dd622183c7cc43a20d70,403624237.35522443
ba84fbef80c8a82895ec599d,1050102784.885733
ee85a12b8f764bc15164dc7a,518105858.77862877
0038a3b703f4ec779bbcfe6b,618462270.215877
aa643acab634ee591a2a43ce,550000000.000001
d6438814f4ff3853bf6cdb13,750000000.0000002
a37522af63bbed2f4d10900e,1249999999.9999979
0b715ccd3b3e01444b855857,414422608.2504024
fbdb9caee4455e99259cf921,414422608.2504024
b3c02569b8fb721934f51c52,360823734.76685476
c07e2ef0bed4be12e41c783e,420726560.4241344
1b4e4016cb766bfadea42f73,420726560.4241344
ecf4e968c925cf8322f8a0bd,420726560.4241344
6cc0e6bfd30ed93fca2bb217,420726560.4241344
3e7f514983daa92e49a7c87a,299999999.9999998
97a22807207cdfb341d5c50c,319999999.99999976
3f9e95762d2f2056e9716039,464142228.06842715
255c5b92d71a00c3a73b9aa8,349999999.9999994
58d24ab99d74ae4c449c90ba,620460317.7419374
51d1df6e1f28c40dc9074b74,1499999999.9999979
16261339c3a99635717fcda8,649311954.7101204
1475cdbbac4aa486266e439f,649311954.7101204
2a9974fe07b1e4427e386e06,463310801.3117628
cf76689ebaa20c70d9db4d51,649311954.7101204
f9379319f992cbadc43b9189,649311954.7101204
62313cfe4272d263173e1ea9,800000000.0000002
b2c62bb0cf8d210dc4635653,940359616.1633954
5d2fd288d33283826210cb90,970000000.0000006
3454ab4ad567d2d22d990fec,604798166.5450978
58be66aeab226c35330d57d5,513681618.1945983
315ea6fbd6b3261cae7fb900,611949088.9141579
6930d8e260fafaa5c317dc82,337638860.3226826
0fa99fd0e8cebb71a3bb0871,391463330.46525043
fba946e4ceea37176170835b,337638860.3226826
b53d4d8d0bd4a0ae84fbc22e,391463330.46525043
8bb1a2ecc997779d1addf12c,391463330.46525043
6dd97377cbc262b07ea2eb99,433245451.5686124
5c50853824c890a5a7f0cd70,433245451.5686124
4c3865a97f5877090e7a9649,448131821.30102164
a3cb2a035f98276076f2d848,453486324.16422945
40d04ff9c405cccfc82ed5a5,448131821.30102164
22caf82aae904c79057fcb3b,448131821.30102164
eaf87358d89af17c3e004c21,453486324.16422945
9ab5ef2c5650c4bd05248990,433245451.5686124
d96e3063ce77ab1235e2ba26,448131821.30102164
665d62a8019b27bf5ce6e6b4,448131821.30102164
56234f11aae98489ae00a8d3,448131821.30102164
76a5158e1a5c1f9fae8ee882,448131821.30102164
d974970034de145d469d09c5,453486324.16422945
7b5db1e4f4f47b4bf7c827ee,433245451.5686124
73ff6ce99ba5dd8cfab0faed,448131821.30102164
e1cecc8f17883ba6e2723826,448131821.30102164
857870b1412b84f0f19ed751,433245451.5686124
d89dff35fa1944191aa9ed98,611949088.9141579
86b89233e0176e034ae3cb7b,611949088.9141579
dd3d529f3745159d9e7746b2,614453765.7480788
af10ec1529a63d0bc10b056d,611949088.9141579
a2645174e4e15c49331f576a,611949088.9141579
311dcf366691c44243b7b89c,611949088.9141579
4cbc74a93e33f7b4812e1a7c,614453765.7480788
6e0140e1d667cecd155c6e23,614453765.7480788
dba6308e2358f30b7ec33f59,611949088.9141579
761ba98d35074faee3594dbc,611949088.9141579
b961220d34be930fada80887,614453765.7480788
c9c3973bb37b5c688a7c0157,611949088.9141579
79a0bffec81b17d606a606f5,611949088.9141579
135f6f92c4ec95847e8840eb,611949088.9141579
05858b1e4445f56f22e1f4bb,611949088.9141579
623b7d96c0fa09e50148aa7b,611949088.9141579
e61e5d3288f02b904d3b1e38,611949088.9141579
0d173e7afc8f8babbef6ae97,611949088.9141579
7635a792e5002ab99ceef583,611949088.9141579
4da93e7126354a474d435a4a,611949088.9141579
a4c71322f79dbbbedab3191a,611949088.9141579
57ef53ecf8b709ddc05aceec,614453765.7480788
65c3e09ee6f1ef0500ca4316,951909964.6181817
74d0b6e87c2045f95fd493c4,951909964.6181817
4a3d0390e005fa5b4c9403f4,951909964.6181817
a3aac701ae444b6d91b7bb0f,951909964.6181817
4afa3a1b63c076123e7a5279,767351534.1410767
c97adfa6f5ad3e3db6b80edd,951909964.6181817
58cdc29143b85386c76bedbd,951909964.6181817
1f81176d8a0c61a7177c6c2b,951909964.6181817
1c2e69465c75fb3af2d57351,951909964.6181817
7a10ffd970cc822108ce7cf0,951909964.6181817
3bfccc757ef82ff2774f2db9,1043827908.4292
3c753ecb3a4f8ce43077a6c1,1043827908.4292
100e9e2623cb0fc52fb08813,1043827908.4292
90a269d52e47c1705f9b6cf0,1043827908.4292
34f4df9fce2ec05633d0cbd1,387000000.00000054
1e4fd826fc8693b17f6efc3b,1249999999.9999979
efd9d848677015f13688453b,416000000.00000054
07cd866c871333283ecb2d23,698000000.0000008
76a307d6b36b8a51115e91b2,517013647.81865966
080969c751cb94822aeeb755,299999999.9999998
1e37fb708b70b6b5e8fb5cd2,470000000.00000066
4e47d2c8ccf9929ad9c84544,385297223.65362203
3c877a0fbe08cda958ff8f46,604798166.5450978
ae59a0d6441697841d86cfcb,630000000.0000008
2fdb80ee4f9a35663e92b3b2,560000000.0000006
3a513410a390c75fc14b0b3b,449999999.9999994
0616401503f2ebc05af7ce4f,409581831.4681532
98b973c8597d5805f87dd074,518105858.77862877
7063abb555d919d5300af3aa,703790599.2572863
88c4b21ecffe12cb6c408a6c,599679802.7357395
75a4421cced1111492d00298,362236368.2708344
0482cd89d767b3b7de976c3a,409581831.4681532
bda9e5d8048acbbe5a9d49ea,409581831.4681532
2152ed6b2b2eaf16ec272cb6,505997523.7093551
9bf2e0c1bc82010e92da2540,449999999.9999994
110af3c21ecdf156898c7c0d,1279999999.9999993
2790ead3eba9370f00024472,460868744.8721164
9b06c7cebd33cd26cd6cc089,1350000000.0
fbb89795386c14f5088fccdc,569999999.9999999
e8a3d9d6134ae8d631791e52,1349000000.0000002
5c535b7d92e34c0fe4b66891,797708692.2170539
d88544e4e85add30aa795ce6,401654734.5111855
01b78983d268b52137e5ac1b,401654734.5111855
25414034e50ca33fcdcda4cf,517013647.81865966
2212e0125cb7f75390020951,604798166.5450978
a4d5ea1b907e98be72b5c49b,604798166.5450978
2df90c0a3e2b9138fe276a75,1085259334.4660993
c520b7e8de3796450ce49a30,309999999.99999994
35114fa32397272437e67a54,459999999.9999995
bb5726ac16b4ade709151159,479999999.99999934
b4dc6733589bb35444b74c55,1199999999.9999995
3b0b0bb06d95c5ea1aed2d95,474999999.9999998
fb7bd85c05cd74d945d22de0,409802676.5808101
6396667677a878ff61e1b536,560000000.0000006
47b5804ba1a998c3e7544092,541281904.3977412
ad4d91ed26c1fd5702b94064,740000000.0000001
2b802261b8bd839aa0b04b16,746651741.1273832
0bf9fe130da23aea7142bb7a,600000000.0000007
90511f2411d4a37a7224b995,614453765.7480788
1355fdce5b97bb36da15734e,951909964.6181817
775a6affce535c5a19ea5f30,611949088.9141579
e36d70d72c2758d7fef242df,448131821.30102164
2fde05df6a3aa9f57385e6a7,433245451.5686124
5e0100ae728e347eedce5b14,951909964.6181817
a636ffa140f80412f003734d,611949088.9141579
74746d24b9bd86e23338bcd9,611949088.9141579
99c539fecb3bc233288ff905,614453765.7480788
44760087930212643641eeb4,1043827908.4292
2c5d940b5ef2276f1fac1ca5,611949088.9141579
b26f22f1fd5a991ecd1e07f8,453486324.16422945
1ffafa78622c45ea4127ce82,614453765.7480788
32a555016892e7a74d231545,614453765.7480788
8d06037db08d0754bb67da4f,419999999.9999994
80255211d99c72e343b32798,1111086928.7262962
070062cd1c769f3be9255af1,1043827908.4292
0451f65828e628c2220df77f,611949088.9141579
d96f6225db81dbf3d1a0e9bd,391463330.46525043
b1527eec2e6709dc51e03f9e,611949088.9141579
5464fe43eded098294d634ba,614453765.7480788
ea37ad89fbe4159940586718,391463330.46525043
4057a676e7012fd37af9c3b1,331481058.47432506
51273a81121232e7f30cfd1e,331481058.47432506
3cfd9ba5c6993718c0c532ff,398645221.99822015
8567e677b30c410df80004c9,513681618.1945983
7a34bcd9f86f5036b526c3f4,415764776.8109399
3dda25226646e1e91f4c948d,415764776.8109399
a2529027db6b525e365e7be0,415764776.8109399
c6115d5e908e04e67915a581,513681618.1945983
8d0ae601094562744c8dba4f,513681618.1945983
55209683056fe2f9faef7fc8,415764776.8109399
e840095310907e82a159d683,415764776.8109399
278fcdbf16e3064ba42c6785,611949088.9141579
74af10afa02e7724eeeef108,652650891.8560406
b763f71e8a5bdeecf0f3f0e5,417419354.1527587
5472d536d1b6b731537bb67e,417419354.1527587
995ba6d1fd63d5160fb18e71,494628500.63433033
f424ca724e7df1c37ed78aa9,652650891.8560406
c2aa451b62293042b7244fff,562831760.1865021
d4ca9506161d3f4bb3ca57fa,417419354.1527587
799862427c1f335eadedf4e8,415000000.00000036
1f3b3bd08063993c23586c93,449203594.0255082
817422f4c278ff27a22b05d7,449203594.0255082
db9798a3f9ac287754f3ae01,416040402.8329044
7ead45d1f505649429904307,517136345.6575055
ac7ab254166442188c6c5c25,867265477.1934682
67250a8950aebdbc67f7fbfa,784938554.0000002
641f4319c315cbb74872b8ac,362236368.2708344
710b0541a025b1b6a5a80c41,345000000.0
a10f459124248ef30f290cad,518105858.77862877
1aac53220223d0d823e70d0f,420136430.7990245
9d0ae0c4dc11d8c6d94e545e,523208842.229773
be685d2954b8c7337ec94942,443241345.2572725
e43151473292e4e98f121f63,430000000.00000006
e04fab3d74d14be3b8dd2c8c,359999999.9999999
c77509a6eb6665bb8eb07d95,621858293.1724691
9753470e033b35407a2eca2d,621858293.1724691
825f57ad0527d4abf41cffc9,720000000.0000011
0d8074979d302868c2534262,1100000000.0
15a3e60c7a5d55243057d7df,388714497.25234336
6de06f867a28393a9e95c7d4,388714497.25234336
4d418d0079828e244dbaff5a,516250127.71178997
2de93fc191360ae22b0402dd,516250127.71178997
86792949f2e6a347208cbffd,484996225.8680259
6d8a0768adedcc1070d28390,516250127.71178997
459963742bbaadbd9db97723,1049999999.9999994
235b10cad7233d579a966948,410000000.00000066
4443407341bec8b7b0af40b4,569999999.9999999
d7047492f4c53a0cdbde60e5,1350000000.0
5541cbe23acd6ffd4aa0d939,618462270.215877
1d0853f825cc0aec6f5544cb,618462270.215877
f016623361c6ccc5163e79d5,1199999999.9999995
d280fed64d1c23ac9d79ce20,618462270.215877
7e86f11cd63ff6c8a3c12fe2,750000000.0000002
9d7f161ee660b1bcb54574b1,920000000.0000007
a0722c5527c6d3cd5cac9477,1202661524.2712462
278a2cd98528eb1341a6b685,515018029.26694816
b755f88ff3907bbe2a417e07,953509272.4032446
2bb55b0a92d62454867bb158,713190016.755702
960c9349b6ef9b747ebe5829,889999999.9999988
2c8352c418097f82a50d9bbf,995000000.0000004
47d7ba800f164f397fcafa9d,629285308.9020908
610061a0e67aea7d222f08cf,1279999999.9999993
a33de2559b5f56d1b3cfce08,550000000.000001
f020fef57e9069e4dea2d71f,1350000000.0
883f095dd3f7e972d7dd3c2b,545829835.5384568
b0b784bfe2d3c1b3b1320613,638018475.448676
1ea66dd4a72d93f5967be730,400781180.02897525
90b04117887941ac898a67a8,387964919.0783266
022357a3d48ea87d58ffb46e,387964919.0783266
292224fa68b0303a90063801,432755688.95347536
6cf924390dd3ed4454403887,432755688.95347536
555a293dbc104e00f182fe34,458682067.2886937
e13ef02a57d35f71a4fe6121,432755688.95347536
c82929467d22589ec62c0475,432755688.95347536
18a74c9a49ad381aee5e02de,458682067.2886937
da40d46cb91d9e59fe12e6ba,432755688.95347536
6320f26d77fcd56675db6b97,422615079.446747
3307731f3bc518012912f1b3,422615079.446747
ba94572d1e050bb92522f112,458682067.2886937
6e0d6bcb01e99fc4959d3f7f,432755688.95347536
dc3cbbb2fa00043d02958219,458682067.2886937
495aa774f4db66db6df30e93,458682067.2886937
6ba298925ffad32daae55385,422615079.446747
8df5099d856c7f9de43990ab,422615079.446747
93c5c5d9d1e99824178be9ff,422615079.446747
ffbce3ccf241890ec95104e4,432755688.95347536
2c03c38782e365e68b32d6bf,458682067.2886937
7734421098413f27fae86fef,422615079.446747
2b50969f1faab80655bb9104,458682067.2886937
025a98586386211b1519f9be,432755688.95347536
6013b8c04f7b9fbc74ef1ec4,432755688.95347536
11075db1cf9899c8640e1b90,432755688.95347536
61ba09084039a467410aeadb,458682067.2886937
eb2880c2433c4b2500fd40ef,458682067.2886937
f7f8607535159c82dbfc6c14,432755688.95347536
35c7a7c0ace36f4b95423c4c,458682067.2886937
c71123c31d02408cdaa74daa,422615079.446747
dd8aa138623604829d56ac2c,432755688.95347536
cb94eee5ecfc75d0fd5ba6e5,432755688.95347536
ae6bfb4eb4770f2266e3b961,458682067.2886937
573ea1962372999346590c0f,628818565.3953288
9f7204b4bb3ffb8591e3164d,705586613.7709693
a4410bebf9843297fe32d63c,616211223.1728921
2afd9dd680803e3c12d5242b,638018475.448676
a7618c242fd918ed894304b5,616211223.1728921
5ebc5cc2c1488f681cd119f2,638018475.448676
cd53a991573ecb5c53f47986,616211223.1728921
75ecbc0c0e8e76bb8d734f60,638018475.448676
47c2934aaa5934c68dcb9e51,638018475.448676
386ad1ba1cada9649f3415c0,638018475.448676
9ca0839c9c294674e86eb691,638018475.448676
bdbaafd11259af6300321a89,616211223.1728921
2e41ceccc918145dbe7de0be,616211223.1728921
11df35a3fbcef34e47747e38,638018475.448676
b0bcb64f2f2ba69cc712e0ae,638018475.448676
bce0a4447db2d54d36661011,638018475.448676
ef7ba10407cd74590ea3fff3,705586613.7709693
a743dc3903eaf3576046ef3d,638018475.448676
b3d072ebd7908688d908d350,616211223.1728921
a48abdedbe3d132276dbe403,616211223.1728921
c6b7e739125907c86a8997d3,638018475.448676
813d9415d9abca46ad4d92f0,638018475.448676
c631f8920a2fd1160f6b15cc,638018475.448676
16194707d4e85fe332411bd4,638018475.448676
31e241881acaceb02ef915d2,638018475.448676
a3f1214ea44063ad10956fca,638018475.448676
ab086fddcb949e3dc0ed9b5d,638018475.448676
ec4df02b32d90c019125d108,638018475.448676
09eb808ca3859318d6328db8,638018475.448676
f520fd12dd3ed32ba78d357b,638018475.448676
0a2f7379cd1bed7d2d2d5a01,638018475.448676
30652905d3eacda34ff61a9e,616211223.1728921
0509650d34981639b9c64a22,638018475.448676
77cd6b199ee485314bc74626,616211223.1728921
10c836c2e566dfe9edcf3d8e,1043882739.5951464
e109ccb29c02c9b35b789c90,1043882739.5951464
2d60a221b478264cab9816f7,803938749.0319791
d34c48ffe935cec3358b2247,1043882739.5951464
9cbed1ed72b444c22d8c1614,1002572943.6415093
735c3aff4c151dbc32f9a76b,1043882739.5951464
a4b6ceedaf89cff74a292ab5,1043882739.5951464
052957f95b6e7b41bc625009,1043882739.5951464
33a61cda27fadacce0d1aa7b,1043882739.5951464
6c3bc8c58ce67b8bb9f5894f,1043882739.5951464
1988513503246248b80c7f17,1043882739.5951464
57c29184563b31f5f752c5c1,1043882739.5951464
bc6a7d4ceee8bbff9ac5eda8,1043882739.5951464
f1b7ae24195b4414e6d6a001,1043882739.5951464
e7b3ec90b47c9e6009ca8a75,1043882739.5951464
39b62c6fca161b80bc6726c4,1043882739.5951464
55163359d7cd910861059389,909853699.2455435
df35908d6ae2847dfc73cf9f,909853699.2455435
ac822dd448e04e9f8dd1721d,1114290987.9556086
7e86148f53beefced6e0f3e4,621858293.1724691
6eff15cd6372aeaab2e665d8,523208842.229773
0a1af9bb571b90233856289a,621858293.1724691
b3cc5930a3cb26e35a45e09a,621858293.1724691
0c12f73305bc7d72bdbd9789,523208842.229773
ac048209de77cae737d60545,420136430.7990245
9239fafbffc066dff0811302,359999999.9999999
8e0ba427ea909cb7943929b0,452407621.2015837
b3c99f30b16fa80cdb4f213c,430000000.00000006
d1dc16c82942902c668a5c9b,548658366.8005067
5cfc9e48ab90da0f4e98a7ae,779999999.9999998
9abad9f79352ed42d1a9f099,389626390.16122216
dedeafb60b4a39950e7a984d,389626390.16122216
74cca5cd08c4bbf5d0404d74,611949088.9141579
b6aa1cb0187c4a1715517fca,389626390.16122216
e22bad460ec1bc991f14bfbc,611949088.9141579
594d46a91315527995cbd807,611949088.9141579
2c0b4c8269cbe25a4e85e049,433245451.5686124
1014d3a98e886e1a7358e29f,448131821.30102164
73d6bb3d6ae08921a6117f5d,433245451.5686124
de3b619a7c80549db6ab16af,453486324.16422945
da34d6cd832009e428d2b467,433245451.5686124
104722434c2deed04a901aa0,433245451.5686124
cee66eef685e4764b9553a02,448131821.30102164
58b40969f1b73182cb6d30db,448131821.30102164
964e9c3f87176e761484543e,764870314.1616099
19487167081a9b0dd09d7975,614453765.7480788
7d8e345c9b16d0fd69f848ea,951909964.6181817
7d4ba999100c8e694fd820cf,767351534.1410767
c6b157e7a6ca08d04ec4de4f,487863328.70626706
84ec2d5245cfa146dab05065,616857936.6449674
c844a386941b86a3d4c0312a,362236368.2708344
0648aae13097ac649fe714b9,616857936.6449674
34f220a8ee1f24bcc5790364,362236368.2708344
d12eda0ba04f846d73cd7acf,1193303828.2981255
c12904320223ddd043f39c63,600000000.0000007
8bce0097d22b34a804b502bb,309999999.99999994
ec1171cac1eee089be6f427d,385852285.8018787
5d85d77a06d0f0324d15d162,1279999999.9999993
0349908483ce628a0a5fc164,625000000.0
d74da3bb780515b1273d741c,569999999.9999999
64cb8fc8412c9247a5c243ce,1349000000.0000002
3a53919313bd750f2b1af906,1249999999.9999979
91d265ffaa6b407e9747b15b,695000000.0000002
1db1d1b76e09197dd915a8f1,1350000000.0
6645a3080e5d10779672d139,650652766.7575345
3ff6e77706eae698f86eec29,601307484.4914386
4670d21fa84e40184f03d5de,431779680.16835976
ee8bad3fdc93f7fb79c9cbd8,650652766.7575345
b624f0438025478c9f66fec2,921799762.4396713
37dba4927e327d3a4a0c1d36,431704921.55183345
8d16b1bdea35630a3b09b192,431704921.55183345
d54a4c353cebf18d452be515,426995118.02171737
c402811ade75f5e3dee73ac3,431704921.55183345
dd926903e87d691a0f15dba3,481396873.44444823
cb01687abe09df6838e1b224,481396873.44444823
6ad3e1a47d1055b55d14e091,481396873.44444823
b8d50a94e8166e471fd8282b,481396873.44444823
a77d82703468f2f9e8f2ea0e,601307484.4914386
5d2be469f69f31090769efe3,787971635.5811033
c4e8559ee733a551649a5dcf,670170280.3914919
5996fc90f923d6e8527097ae,515018029.26694816
32d5772adbcc785ecbc2c55f,386325304.7728167
5f088237d263c37e78264bba,515018029.26694816
799afa0396b9f268f239db51,340000000.0000006
bd23b1463f0936d2ced5fc67,503295334.43075645
8f35a5d800d98481d7a8b6a4,503295334.43075645
371b5ecf08973fc6e6849d14,503295334.43075645
fa70a55dd0e2053a1b566de1,392853895.0590063
584364cece0bc4d17f0e7fac,390067487.3025993
cd968f8973a267790a38f2f2,412712975.3230452
c46b122728ef4c9ae8be444f,439999999.99999964
4056182cbd8c12cd87ad9e84,512541323.4600683
6ac747618b6ca674e86cd275,384999999.99999964
afb02897c700dbac941ba8b1,438748219.3696069
198cd3f4e9be65b83f01ceea,399999999.99999934
c92bdf97d7f0a9a12c024406,431433770.9221959
e00e5934d1941490834c3145,649301682.4785335
5b139fdb19ff722a846d71f0,750000000.0000002
8b554961129384797391d1ae,750000000.0000002
854e27be18fb8f24fd433eb7,790000000.0000012
241d9f8599ce6cadac1d6609,770000000.0000007
b85b37ae83ef95baa03752f9,974999999.9999988
5b3ba9e56e24e08e1f81e220,388928784.0501806
58c6518f9d2d0526d31e7566,388928784.0501806
38a1e2050dcab9b4c70c5e83,503295334.43075645
da94e4a5fdebe3ae7bb1adcc,503295334.43075645
49fb2771ea6c1e8950cc9a57,503295334.43075645
f2b67c40a560af8729bc6072,503295334.43075645
13fc2dd1cd32d9cfa457a5b1,638221213.6650579
b6ebc3b8408793f5058cbb90,638221213.6650579
75ce506dcb994b10497e6816,831349979.2483166
6dbfb281abaa9a6956c080d7,382999999.99999934
af67a68803a18663e4b03eb1,536000000.0000002
a9c212f77a048ddc33ecebba,379473319.22020584
df89fa06e32e90b0b6c2014e,512541323.4600683
f20a7f264a8285a75dacdc1d,732120208.7089249
61a363a73f3c93aa1775c4ff,794999999.999999
d8c1f7303b205fbaba2890b9,388928784.0501806
70962daad7cd15ee8af564fa,638221213.6650579
087caf4bce7b0a3fe3c47dc6,388928784.0501806
5d2200b04fde91f830478aa4,388928784.0501806
821eabfeef3dcc622fbcbfc4,346999999.9999996
3d722d960b860b4bee79ae2f,439999999.99999964
4d3d887d2236c2f897f3bbd4,550000000.000001
7fcbcd9e274b75a157cf5d5e,455000000.0000001
88ea2d2d7cb6d641df3ad76d,1300000000.0000017
c06088db17767866b7f4ba7d,970000000.0000006
e4a9626b1107b9397d0067aa,545000000.0000001
82abb1fb693f34877bf1327e,1649999999.999999
3279efb86571efde18eeebef,400781180.02897525
afca7b219d52b22522abd00c,545829835.5384568
7712f963ee37e91abb7342e7,545829835.5384568
2a2f455525c8e0bd709db91a,638018475.448676
833ded72a8cc9c0d606a7a74,638018475.448676
f3bf0be37be6292ba0a8736b,638018475.448676
c06c8b6425e3a7c2d7481e42,387964919.0783266
27d4f17375f76219b446c092,387964919.0783266
9b7de95ec90da0dc8cff7011,432755688.95347536
8fdc9f203c3de5d486de7ba0,432755688.95347536
ebf2d540aff82f1aadf95f9b,458682067.2886937
51c48d17e774d6cd84f4c355,458682067.2886937
5c1d1ee26cbde5b766cb4ca1,422615079.446747
2d26b8360f1da9a677670fcd,422615079.446747
ce1b06502cb0c5d9846cff9a,422615079.446747
3186cd0a3125adf3b25587aa,616211223.1728921
f839de5370a225ff993f5b2e,616211223.1728921
2900dcf3f944a7fcb33aff36,616211223.1728921
3f54091296f773f5a1bb240b,638018475.448676
499f6f4997474415f0bd596f,638018475.448676
110539d2ac34e5180e3fd95b,1043882739.5951464
dccbc668caff517f649cadbb,803938749.0319791
823c9c7abf2d00140766a2bb,1114290987.9556086
94af5eccfe170cbe7d428184,611949088.9141579
dd21457e18f07d7a927c0104,384613573.48483574
5219cb469fff40cd9606bad9,395539894.22226465
5a83bd697db5076016c0671e,466799781.49541926
2a1edfd6cf74573521ed74a1,466799781.49541926
40aad45bb7a980c9c5e1884e,587356317.9643418
a315b497dd8e80464bf0480b,569497042.4256997
7095d576a0b963eb340d8fdf,484740454.27619684
9d6288cfead77d622f5f5b95,901326103.754204
4caf356c110a50c6c94f3eab,652892213.6580062
23101b0002252f3d4b3e1d5e,989800121.0442181
8d1f7b0cfde7e496e7bfe972,459356549.5994952
28e572584fea1555e2a517ed,652892213.6580062
6666ab486afcbc162fb560c6,989800121.0442181
b0978c973ec3291e950185c1,989800121.0442181
d6cfd3ddca2a59f0b6999d77,459356549.5994952
a77f5c03a98636d90f50e11a,989800121.0442181
e6387696767d20cfa4918ca9,459356549.5994952
1dc0fe5bcea9d08874871326,447418756.6149247
ccdf0abddccb1a670f31c2f2,630743895.1178392
3ba769d65f02217656e0f5b5,587356317.9643418
628b3b56449724e7d945351b,652892213.6580062
b47713520859d58efa95bb06,652892213.6580062
e6c6625db90e519f9dcf1b23,459356549.5994952
3e1a1b2a518d3ca2fe3950b4,459356549.5994952
24849579dc9ba7fef1b24396,484740454.27619684
6103571d9525ded3c09668c6,447418756.6149247
a678e89692df9b14da9f19b2,484740454.27619684
47bed52dee0d311ae0016b08,652892213.6580062
36c0d26b83e575a500a6c30c,484740454.27619684
34447730b60ad12f4775894d,989800121.0442181
aec1778ae3b5e60cac280b79,587356317.9643418
d95f38f5d1293c74ac52e823,989800121.0442181
5dedb7b64b6ad0b514de2bfb,652892213.6580062
60c71a98253b5550d773a529,459356549.5994952
099ee1a7c91105ef46b5e7e8,587356317.9643418
b56533bb19eefcb244e69470,989800121.0442181
62f46b8989bee43db86ff589,381382939.00497735
4d485ae48974213b1594c905,989800121.0442181
c627c6287efaeb6fd9049312,447418756.6149247
976945e68af6a66f6fb0850d,484740454.27619684
93e443a5b3864d52765e6484,989800121.0442181
6ef9ce7a53ba3bd892e21f1b,484740454.27619684
6f3041147f930cd6cd4fae05,447418756.6149247
3917b95a3d05a5e58c117f68,384613573.48483574
d61ccfd4239026feb484cc93,395539894.22226465
b443781523fa0b5be4ad7739,569497042.4256997
6f0fcd78c473e4e04fd411c8,569497042.4256997
7f134c92e20aa9c6f084edc1,466799781.49541926
75075631f0fd84fb0ff49417,652892213.6580062
eae4243c274735d616c6b9bb,1196183818.625166
25d233d2779009affadf5e91,652892213.6580062
1990717d8c7aa8e732bb1165,989800121.0442181
71b99de83d83dd970b00f07f,1196183818.625166
243ab5db6e47f3536d04d312,989800121.0442181
61cb98125f43429f7f93c898,750000000.0000002
6ed772640e5a311cbfd17c31,417419354.1527587
d9f0b4c92bdc9476f50638ed,459999999.9999995
796eb5ae3ca5b63c9fbb240a,745000000.0000011
e6f3eee9f5048005f24f0943,790000000.0000012
291ff191bb029742387a72a3,628818565.3953288
829bde7f8716daf76f65ffab,638018475.448676
110a2f124bad0f9381edce7d,847615880.7266521
76b719681617ff7f28d33df3,638018475.448676
eaa6d58e226904e9993b3493,545829835.5384568
af3e3a83257eb507b96b2a1f,638018475.448676
43969367322e86c68b51c2fa,400781180.02897525
50fe589dea73e764b7735938,387964919.0783266
13c9960a03a1c446aa5515cd,458682067.2886937
e7834f52ebad3d3cd00d069b,422615079.446747
fae37ecd6046e53ea121b1c6,422615079.446747
8a0d2f8860a90322d6c3b61f,458682067.2886937
008c7a02d158f3b17ee8e015,432755688.95347536
3ea6e8da2cb0bf83872dfd8c,432755688.95347536
9b184e58842bcb14dd42103b,458682067.2886937
43eeb2567c61bfbb059fcd4e,422615079.446747
ac7f6087e19c2d3502368fac,432755688.95347536
73494d52196ef9838b1be34a,616211223.1728921
112d996c4c0662bd13af3ea0,616211223.1728921
8c3a02c9ca043cf0f322ba84,616211223.1728921
a757ba01a02acbdee50462b6,616211223.1728921
64e3401f22d18b573ff0504a,616211223.1728921
acd7394afcee30e084844c63,638018475.448676
35255f80583ffbd504250554,616211223.1728921
370a0d0da794efd58cab251d,616211223.1728921
cdb5f8327360c750469cee74,638018475.448676
dbffe8f46b3d9da2e57c97fc,616211223.1728921
25b1ada57fd1e5c88d939c71,616211223.1728921
05f79195e285c126125d258c,616211223.1728921
62c017eac96743cfbb61e86b,638018475.448676
3ca7f183cc0b303e5d455309,803938749.0319791
a3dbd504524f980ac5325150,1002572943.6415093
5703df84eef7ca9bec5bde45,803938749.0319791
513aa9c91c245ee4be31507c,1043882739.5951464
d41d07d1aa700278cb81ff30,619328865.4641265
207e39d9cc4402edd48864d5,516250127.71178997
7134b03f54b10f282ac34fcd,964431787.6557015
6d860c215908949c4ba1c536,414422608.2504024
f35f884365b1bf6fb303d7b5,414422608.2504024
4f480aae78aa068901ee9468,414422608.2504024
39a12600317b58457f68b5b8,414422608.2504024
5f0c7a6b4f46203648a0bacc,414422608.2504024
d01f6c0b2b338289e9fe3768,414422608.2504024
613ad83abcebf6598f0079ab,521677066.8612091
effc32659ff9bf30faffb3db,521677066.8612091
73fbb3e6b22b957ba6b7557c,521677066.8612091
6c8c5e22025ca4f450a428c3,521677066.8612091
d6e333e793f75c2ab34fb127,521677066.8612091
b82e52830b51e823ac7187fe,521677066.8612091
35ed4187f732a1ea68dce712,521677066.8612091
0c5067ff99e15fcf99792cbf,521677066.8612091
0ad01fb039a198262ec59b72,521677066.8612091
906014f0ee3f3f4f0576d4da,521677066.8612091
13477d8ef90576ca84258984,521677066.8612091
3083a7ab1deb092f7aca6a54,521677066.8612091
a92ae34df90cbf8af7695ed0,637355868.8250777
82d22ca21e31222068e1ecba,649311954.7101204
11727589f7c66554e9114407,649311954.7101204
9982169d6f3e9ca61dacfed5,649311954.7101204
2de0ad9bf15232d6056285fe,649311954.7101204
eb6e6060b78676d13d6bda48,649311954.7101204
6f37300b1fefaaf746f53907,649311954.7101204
7698775967b96e3e7bf66e6c,649311954.7101204
863e5cf88a808b8ca96907ff,649311954.7101204
77b5c9a5f534a5b80cc16d09,649311954.7101204
ade0c9cf1f9106e342c69bd1,649311954.7101204
6fb45859693c703fd9c812c8,649311954.7101204
45badd183bb1a4c630174f3a,649311954.7101204
f66bad2cd4b09ac29f540f63,649311954.7101204
fa3017d74586eb4c3b5b7db9,637355868.8250777
f09bb33b65b5ebb8fffc3a21,649311954.7101204
600dc823c42aa64f60fc3ab9,649311954.7101204
c1d9119fa7ae7d44362f18ce,649311954.7101204
a1305fd943ae63715529209e,649311954.7101204
8d81b4681ad0055c274e7da4,649311954.7101204
cbb10e7618b1385cf922e815,649311954.7101204
b09111ea69c4be8ae120ddc3,649311954.7101204
099f07f9ec4ff6d835337f86,649311954.7101204
c70f6bd5ca138bacfdf8b5cf,649311954.7101204
a6c86ab7381f6c43fdd61a01,649311954.7101204
58c2b87098ad454b1fadb13a,649311954.7101204
6afff7782d129021eebee968,649311954.7101204
ad92f3ea52673dee0a56902a,782950763.6690904
3e040e87b89a043564f0d0a2,782950763.6690904
49d020d2056717c2108b0927,782950763.6690904
a4ca465294c114b1065bfead,782950763.6690904
ca9520c7b8432b0521b2e8dc,360823734.76685476
4d20f253940a4492b4f6a9f0,360823734.76685476
09b61cf8ff3ff09ac892d073,360823734.76685476
86e81141e429bd81d7f0e73d,318179619.47004926
b9826d7a6132b16df1bf58e1,420726560.4241344
a90c60e05e29b77963a11246,420726560.4241344
6e9984a3c3daf63fce5cd3d6,463310801.3117628
a9eafeeab4ba51d3644f4052,463310801.3117628
f74eed3a7dad1bd8d92854d0,620460317.7419374
5b377636fe30946fff973f3d,620460317.7419374
5bf6c1862c0bc967da2cc484,625000000.0
cd5111edd2fe80f56db29531,649311954.7101204
c76c4695ed005277a59451f4,649311954.7101204
7dab6cd1002a8521e5825bcc,649311954.7101204
5b57258272dfd1babb29e7fb,649311954.7101204
f68b7dfd0579838324895097,649311954.7101204
812646c7de863919cae5edff,649311954.7101204
0da10eb6093728074b34fb75,649311954.7101204
c64346c8b0ba32a55292e66a,1350000000.0
ad6317cbcbb8bc27b0774fca,1199999999.9999995
9f43c80d2fa31a09592b030b,940359616.1633954
5b84f5de073000ad4d4b1a04,1349000000.0000002
d94d18cbc812d560c1e38ffb,1135842162.7150183
ab3110b5dc8ce81471f69c16,1071221790.0756547
138a1990291ba31024455eb3,1071221790.0756547
646bb3de5a1cfe4bfb7a7ea7,1450000000.0000007
d8fde541f142e6a7f0b28099,536855014.2292985
ef61986cca74fe8585b1b287,550000000.000001
e1d8eacecd35515eb19f9135,1100000000.0
8346d64ed6211083fd420ede,516250127.71178997
4340fcb9c80733260565c24b,618462270.215877
ff5a27ffe7de039e65170f9e,618462270.215877
ce407c1e25333d7c7eba1b0a,618462270.215877
f927027bc766ae6c111fb685,316496249.3326684
3f9a3edf25152433969f98e9,461191350.57855815
987476ca395533347581b2df,453865392.60418713
17d0e3208fdf10c77e95bdf4,526533864.0509356
b485036419de03f5bad01f35,649999999.9999996
d3f7847147c88352bd3b9707,618462270.215877
aabaec5accad3f545f864a3d,618462270.215877
400a103762ad652e81c8d3c6,767000749.0585152
acf15357c1a919b6ee78f676,970000000.0000006
8d983b9ca65f19ff3d69985f,874642784.226795
b9a80a4d84eb918792324dcd,386325304.7728167
223b3c04803ae7b855f9fd10,695243469.1808552
e5c8f2d536c3f931eff2d70c,515018029.26694816
f976ec33e004b2d4d32c2eb2,386325304.7728167
cb00e44cea76a92e9c44e793,386325304.7728167
0e6dcbf136294f2a99410052,386325304.7728167
102de0a5ee4f19454b922b96,695243469.1808552
cb1c8ab11838d9f0a1197e25,695243469.1808552
2e2f1072d8db7372b2c2419d,386325304.7728167
8c4cc779f5034e9c10b2e698,351195225.14091796
85734fd69714897264ce2214,410526683.57421875
5694c1f689779fb5ca95686f,639614435.2706796
f3bb60434cb36fcdfe218478,585000000.0000005
cf8bbd3528d3e7e2b8f50c29,594999999.9999999
7db1c8214f229d865da455cc,695243469.1808552
f3478cf008a7ad268a434ba3,545829835.5384568
5440ee15bccc4eaf827fefa8,638018475.448676
78e85ca7c532a77700bfae6d,638018475.448676
eb5e382e1372c4e94f467673,638018475.448676
5a11cc89d3b01eb87535ff1b,638018475.448676
d0f5cebc2059ca89aae30c76,432755688.95347536
883371e374936fdd74d09fe8,432755688.95347536
9ab4e5f8cf2b807603329cdd,432755688.95347536
c37c7859956931d77cd5c9a8,432755688.95347536
730804efcdd755786bf734ff,355000000.00000054
9d021f3fcbe5f82fa1c1fd94,564999999.9999994
975ea2f56001edae07f28fca,330000000.00000006
8fea95d0a70b1ea918803f58,458682067.2886937
4718488d664194a3c0c5b446,458682067.2886937
1b87ffa033dcbf4e2805dbb8,458682067.2886937
1a77ac51e03c77ad280be447,458682067.2886937
228d165257ef052ad50433c7,458682067.2886937
513a83ac5bfe27c5b813ce4d,458682067.2886937
73bde441e18a9548c034372d,1179999999.999998
26301269301b6f96862af599,422615079.446747
7b30dbf2f6d835ea0c14b392,422615079.446747
254de3f3fc52b8cb62141baa,422615079.446747
f566603aacc78da47a283804,422615079.446747
990c8d65ca11a97a1d34c5e5,422615079.446747
a9878134c12696d8199a1ff3,550000000.000001
58185ef7646efa724e904f5b,750000000.0000002
37d5b8f329ed1ec29d4bc035,349999999.9999994
e6f948282e81570fd03e4df2,616211223.1728921
8b801b4cc1d254d0277fba5f,616211223.1728921
33a334a16c4547b9d7842c3d,616211223.1728921
1ad9e105d9da875001111075,820000000.0
08ad96681afa49c74721daad,616211223.1728921
beb73d27906bea7a7d880791,628818565.3953288
bda5b2e5a87a4905a30f3b8a,638018475.448676
5cf70a67ec25288657d6fff4,638018475.448676
baeb4e9d612bffb63ae3564a,638018475.448676
1902f509aa05287ba42f546c,638018475.448676
c0cf9517f20ae81c79ceb0ed,638018475.448676
2ca8b22013c529b412ad764b,638018475.448676
b38816ece917027a179663d4,979999999.9999993
c89167e42af0d42c88e8573a,736321779.766386
09254c66d93cbbf2675b775e,705586613.7709693
89f8ccb0c1e2136adf87a10e,1002572943.6415093
cff851746578050bdfd46090,1043882739.5951464
d53ddfac67129aebbe054024,1043882739.5951464
53b5ffa0cf0dd12e4eeb6a2a,1043882739.5951464
62db5fd2a4eb831d281ba8ba,1043882739.5951464
59b5fe8d4f5ae272dbaa5ba0,1043882739.5951464
3c1b7a0a306e16e8c22d78c9,1043882739.5951464
5219c3cae1c92b52551a8571,1043882739.5951464
de6aef9a5e47a614b75ee576,970000000.0000006
d168181ef0dcb853171cdbb4,1499999999.9999979
6c8e27967ec63e6dec4bd6ac,909853699.2455435
8544bc14286a51e60ffee7b0,1649999999.999999
ed48916725be6970cd2f273a,388714497.25234336
9ff3268cd15cf039ab958413,388714497.25234336
16cc5c280124618cd5d00027,388714497.25234336
ac028c1580f6e4da4ccedf0c,388714497.25234336
673f2b913006ee8b33e75b5e,516250127.71178997
191f96722301456877893b22,516250127.71178997
a7d8e636db44cf5d3ceb67cd,618462270.215877
1310e9cafc0b9fc21c212f73,618462270.215877
1bbbe4e1eb264f5c69467e50,319999999.99999976
283c1142d027be336a7bfacd,319999999.99999976
4d09c2354c67243c968dbbcb,437795007.4618295
db3edc43e89840a65749cd94,484996225.8680259
0274166db611aabe4e946a83,410000000.00000066
8153b36347669087e363801f,453865392.60418713
e04473aa943812de1d662058,649999999.9999996
7742e8923a4b832e3d94f3c7,349999999.9999994
536b5a8aea016aaa90fe744a,618462270.215877
d2c02052de9c97c531a4453f,516250127.71178997
48378a6148532f71abcc2f98,618462270.215877
fb0dbfeedbab00cdc7eb93ee,618462270.215877
699412bfdab1157487c81725,618462270.215877
a63c26369cfbabfc9c2603b6,724474450.6733907
34e5602cb58501859e32dc9f,1049999999.9999994
da83b03a6c9d405f55714b0c,964431787.6557015
d938d682332fa9e5c4986024,374999999.9999994
e9e39766e2c96bc783d580a9,1359999999.9999976
fce89a9ffaba32f9f7c5895d,1202661524.2712462
2d6aaefe0f50db8acde6fd1b,1399999999.9999979
1710873f951e7f695fca3568,414509353.25661725
0ce068461fb3bf34eee000bc,407999999.99999934
b5606ddf3a4e60e2a0e0d6a8,1100000000.0
2c2e56e3e5210c111c7de708,425587161.945287
94118bd8c3da3f14f9c7836f,410000000.00000066
d20a5b3eb857e1f4b548066e,613652195.3110907
ad37e23456bd4d90010f7784,613652195.3110907
c5602c608080e2546dea5463,613652195.3110907
e3bd8bd5884a55fc1a151687,470000000.00000066
aa31e5995379bc38dd40b8f3,613652195.3110907
fe8a10fb4031669a9b21c919,979999999.9999993
08eaca41f26eb387b67bf30d,1249999999.9999979
23ef4d57d130e4130205f30d,900000000.0000005
d6f1594affb8db7a865e3452,402021843.67458117
abd9cf3c36309d590e58c2a7,501589491.0899879
1c177af5bb41e26ac0135b4a,501589491.0899879
a05da8df13eb4b121d536912,463873050.6266558
5a5a581ad5540fc82cd3c2ed,620000000.000001
b50ff8bfc0b4c4b165c5ccf7,539999999.9999994
2abbf26e80643dfc1b75edcb,649999999.9999996
ec903c33a379d8d2cc04ab36,588220088.4873712
c062d873af3b7cb98ccbeec9,669999999.9999996
927de0269795dbe0566a0326,613652195.3110907
ee703dca75c4dfd5d035c9a1,414509353.25661725
b8a42b02c50438c2ad7598a1,390506735.05298537
f7216fd19f41ca5ea66a9169,390506735.05298537
f487761a658a4247563faa38,419035694.4618362
caf878b42daeee3c7de336e9,521677066.8612091
29d0dd2d4b120dd54c34b13c,521677066.8612091
1cfc7d60ce613536d23b093d,782950763.6690904
c6c7409bbf52c86461aa1dd7,649311954.7101204
312ef52e0250429a5ecb3b27,782950763.6690904
48299e52748ecff3b69f7a90,521677066.8612091
a02f6ef1f148659297d46b33,464142228.06842715
67f664c8f9250a22c10b4f67,349999999.9999994
4977af03eebca1aa266289e2,464142228.06842715
39af71aaea23b5c1e987de32,579999999.9999998
d69b019e6d54faa1cb044d39,569999999.9999999
024e94e72ae88464621539eb,374999999.9999994
b980c778ecb2709696265c10,1359999999.9999976
8780134f8b40f0fec4d1b661,1300000000.0000017
107f29b67164ad6861cb7059,800000000.0000002
c8958d280d0cf2d8a0b481f3,443630705.422279
1f8f74ce8831d5532f330925,599679802.7357395
7be46b6dd9891ab771fc4be4,487863328.70626706
4f4f7d2b14079ddf8754d6ad,599679802.7357395
5921ce922675f6517f8f0007,1193303828.2981255
49f0323d28ef0610248c87c0,729432794.7095659
3ef167ca6c4ac77f6968d17d,599679802.7357395
8d2f9968ec8aece8d1a20137,518105858.77862877
4bad47078442f3416b2c1ff4,518105858.77862877
5e1cc2905f7a701f895123d8,616857936.6449674
a8633d3336d097920bc8a9b3,650652766.7575345
72fe83366bf13a53937b7034,601307484.4914386
ce78e1dbbf0f7aee98e244df,601307484.4914386
11be39d287e5a8bdbecb5994,601307484.4914386
40a561bf79fa7a08155e1183,609722077.6237421
3dbafa8cd5225e261ec9b6ef,368922789.66379285
68cd88b657b59f5671f59e04,426995118.02171737
6a2ce95a8be0654f193592e5,431779680.16835976
4e613cde51f9760d3c051562,601307484.4914386
1b69d2c7fa8f802c4af1369b,650652766.7575345
f126c4b36c00d0ca11c21a2d,431704921.55183345
e6a7e6b41e6c6bbdc16e1e14,650652766.7575345
5a69ebde2e113923ddbcd18d,650652766.7575345
72f0540aab38ebaaf9a389f6,407977532.23740673
75b5bb7b5ff8ebcc863fbdcc,650652766.7575345
096912698fd9a59d94935478,601307484.4914386
f0ad965090221d2349e90d5c,601307484.4914386
1c224347a1445ae01184e0a2,1276499949.9984932
0ee7273686a0a92fbf48a383,955927221.3442053
e2094d28cacad3e2a711c5ca,352937881.512846
f50e0ea2c3831235704b8c72,384106744.36784226
1e64759f297a66524eb07b7e,481396873.44444823
7636a187e29abcbd8fad6244,425579068.64689326
9b858a70a031475e422e375f,601307484.4914386
56c2e8e14f9c6c9a9f046a08,431779680.16835976
1bd7b990be19afa5acc78bc0,601307484.4914386
8b36b7364e4a4c80a6e50bed,780679790.7406212
d348d38769937c8f350297bb,963671359.8423418
f4350916cbddd5a544c6ae46,409581831.4681532
237bce11f35d32ff029498a3,518105858.77862877
faf92fbca9baf8cce4a00063,518105858.77862877
812c9b5407424f956d308b06,616857936.6449674
9fd4adb5c63fba5a11661b23,616857936.6449674
168f81689afa1f055d8bf7c8,616857936.6449674
2a9bbffb1b98c49d79bae509,616857936.6449674
b95ecad591e5c69fdad8763d,371034870.1225186
dc51caa89a74da37ae644ff8,371034870.1225186
d97895a836e6ea22ff3265d8,403624237.35522443
de754bceba2d206a9cb4f116,403624237.35522443
036177aff84b1901e0f18759,403624237.35522443
8a6cb559a488d6ce1b641585,487863328.70626706
74c4f233c7f385be73168e0f,487863328.70626706
27a6f3e8f9649ccce7680f0a,487863328.70626706
711045fc099712aae3fe4d14,487863328.70626706
01e033f5bd502c4ad398ece7,487863328.70626706
a99261116e0158109b3e3bc3,487863328.70626706
2d8d64261ba659302da4a481,443630705.422279
9adaadeeaf6a403e1c8754bf,599679802.7357395
2ab24b9c5349427998338d21,599679802.7357395
09ce36a03c52d6721bc5276b,599679802.7357395
80b37d5ebdb325edef39258f,616857936.6449674
78a080fc98669c0cd9153904,616857936.6449674
2d14ad8ab9573c406e203ed4,616857936.6449674
145f33a8350a080231306bd1,616857936.6449674
b0aaae3a435fde30c4c02fac,1027583318.9066437
b3f5af523b5d6d938693ebfe,1027583318.9066437
25d62e6b1a1a52cd8080354f,868845517.6978364
5a06a8b33611251b62d77e72,868845517.6978364
e93a9b257ecd815c860d0b82,609277647.8402866
610f192d22864016cc2df1c9,515018029.26694816
4e665d479b3bf2e25cd463a2,695243469.1808552
343be18b0f77260f32ec05d2,515018029.26694816
33dbec39ef8c0667e4c3f039,695243469.1808552
b24fb90a2aa5d9d0c7e1541b,953509272.4032446
b56a3a017449fc4ce417009e,319999999.99999976
e0dd5e6879d824a95c3c1773,410526683.57421875
156a20e2bf9e48b9a360f9c4,393372393.56524795
d5583fa23ed97a3b9413e910,700000000.0000001
4e6f695bcd4d3c0d8497c1fd,1350000000.0
da7a511a5f470d99ab2bc4a6,638221213.6650579
22a6058ffe790c98a8922258,831349979.2483166
0c19c54de06d1c139df99ab0,638221213.6650579
48e687093fb26d29cda9ad6e,392853895.0590063
3ad3c519ced4b63ddbfdb0a1,490000000.0000005
0b221ebf810f632568c1e2c9,638221213.6650579
7930f32456e796e40fbf78ed,750000000.0000002
f084bfc530f4039f6631537b,750000000.0000002
f9793063f561dc76c0b49a9d,885664948.2918648
4d2ec23fff8eb502a9d93353,1055082935.1287992
a6f570e11883e74654898d75,1100000000.0
cdf11b53a23fcf9b6032cc8d,1141532002.041877
6f968f62a6fa4dc255397bf7,695243469.1808552
d692ba46b098c6658799ea8f,386325304.7728167
774a4b48d34052a978b1180f,515018029.26694816
acea4c7aa1185baaf6d3b60f,695243469.1808552
07ce6f95a7719abc9a204b6d,695243469.1808552
b371665aece480b8c1602773,695243469.1808552
5edc37d9746cbef8352f0fa4,515018029.26694816
26617e1fb3b4f0e4a70e1b0e,520000000.0000002
b1a13541b37964b8b85f4669,505997523.7093551
94213637892f5fe643cbe8ca,319999999.99999976
742acc26686d04596ba60a34,393372393.56524795
acb1d16ce30aee0a39f01f09,459999999.9999995
e0d837e6d5d74fe91d39d23c,460868744.8721164
29028322a6d692edc5ca713f,1514526915.9999983
03d54a6e80d48c96a7f6a1fa,585000000.0000005
8616b310e335f539ab1109dc,880000000.000001
6c21f6a3513869f93b32e9ec,1199999999.9999995
10084cfff54a17bcda6f19d3,618462270.215877
169c742419c0d4335d09fb45,618462270.215877
0f06896d7502890175cbc4a0,618462270.215877
7d2e3464d5f2f79ac29e6c0c,388714497.25234336
de9053a55630670ee8e59c9d,783467372.4300083
8d54b9bd24cd9da341cc942a,516250127.71178997
95570bee1792641c7c12e4ef,767000749.0585152
6d0c5546a498fafba15f2e17,516250127.71178997
ed43b0ac46067bf886457c01,618462270.215877
8890eca19a9e1cdc9e0f0541,618462270.215877
760a5dbccf4eb4ccc2622b77,405508487.90567666
20fe2d7fb3910ef786cff965,461191350.57855815
602abdc140c40112afc1dc98,405508487.90567666
b7f906741cae6861bd5fb922,405508487.90567666
4d45fbe5a5d39188b5eccbfe,453865392.60418713
08f74ad7f06f2c409903ddf9,498106774.2061723
7be186f4eeff5c0efd58e424,405508487.90567666
3d1a767dc286fe1cb86ed9f6,453865392.60418713
2ec9f5265334241fc594976f,750000000.0000002
d737b8b7b39e99f7d877b7ed,526533864.0509356
8fc50169e6ec98a3f4229ffd,618462270.215877
942133ad6b84f9d08e1d4e7d,618462270.215877
c965b03014d21473b27072f8,618462270.215877
f1c8da86597a427e24dcd557,526533864.0509356
8ed5e7770d03c43ed19abf42,618462270.215877
68ea36e3f441cb6da8d36198,950499999.9999999
c97715bec6032974060480d6,618462270.215877
e6eb47d050702ed49ef5c49f,618462270.215877
5a82fa348f3b97e74cdd3a61,577393261.3126541
cd05166ab9bf3128c23fb8c7,618462270.215877
cbe4318f63d73fea6238079b,964431787.6557015
efcc8d268982e95fe2fdb311,1349000000.0000002
c45d7f326a2f279760d1a4ae,1049999999.9999994
7c5ce0e65cb26773edc9ddef,964431787.6557015
357fda0abf79ec95f73e3584,360845173.472481
a1e8f0c7cfbfecfd1549b0b5,330000000.00000006
3f208f32cc24d8ce1506ed90,512541323.4600683
87ca8a2b3251a38d45730f5c,430000000.00000006
728961e03bfa6e3242f06d8a,512541323.4600683
b9f9dd0d368df912e6e0ce70,864291617.4532759
429b049255a7edf227a980a1,536855014.2292985
a6259664a05091ef92129c7c,536855014.2292985
674c915c52b27df2c06b8bd3,536855014.2292985
f8be64dc83c5923983fbb770,536855014.2292985
445fa7f5e8e9d7f12e8991d4,809456476.543083
0842816a5ef4f24435c8df22,806146670.9913008
40558b62d83e4362efe1fe26,319999999.99999976
bc474096496b98177e40f590,1100000000.0
2b55989b2253416428ece917,1100000000.0
7158e3a6d456211d4533e246,960000000.0000005
d4fac54e137f5d27ce5f457a,536855014.2292985
faee80ca0efce20e731823bb,720000000.0000011
8ec09555f5a47f96a8683699,1060000000.0000014
2d7a48a6b9fff20ded24f86d,414509353.25661725
514b09016ef85b9ddc4fafb2,621858293.1724691
a1c975ab16effc6f97935e16,621858293.1724691
e803e3806630c6579f004610,621858293.1724691
26526235b34fa5b7349df00a,399953313.61034924
ba762cf12cc038e5c43bc6f5,548658366.8005067
45aa335dae223bccb31ff7cc,550000000.000001
1dd3d7e197075859c1ff5b23,621858293.1724691
2db9b3463f85dfa87347d6e3,621858293.1724691
f72cc14d79ce15491a96ddfe,1599999999.9999976
4e25bad08182b79f5ba9639b,1112407727.0605419
e724a1db86d8d0c6334041b6,389626390.16122216
8fa53bd51f5d54be50b3fa29,398645221.99822015
fb7048ba61e9e6b1de829bdf,513681618.1945983
4bf70f19da0bddec9241d310,319999999.99999976
13c7f3592bd432c7cd0a42ab,614453765.7480788
cb64b363295d36b9b0fde3cc,611949088.9141579
bdc17ea3f30318b11df30508,611949088.9141579
cb7f62ac4c1afbb4256601f0,611949088.9141579
5d6c275d9d3326e738c875c8,734748505.295296
9865836c04a9582688f50496,481396873.44444823
55a615b65a28b64d46ec63e4,481396873.44444823
dcc9e2c9c1151bd9f93f44b8,601307484.4914386
1a2c0e46bc18bf3224450064,601307484.4914386
3de8187003cbf6c4813bee45,384613573.48483574
d62663a447beaec69808f85a,395539894.22226465
1ae17f134221d5d9ee69ebd9,569497042.4256997
35e55d060b1c4239a85c0ebb,466799781.49541926
45917f1bac415feac7e41124,466799781.49541926
ed44705c17c414af8442b6ae,652892213.6580062
6f01f2c67343ebb8ec717a5b,652892213.6580062
8f2218126da9580268661c70,652892213.6580062
5b36bc6e78872d2ca6d3d1f9,652892213.6580062
c5c7631ddb5b485d0e992f7b,652892213.6580062
43c88f1874dc7f91c899df36,876501536.0646443
dc544c90e6ee38346a6002bd,640971065.9228512
02990998f3621fc5a3d0ee63,417419354.1527587
dbab5ea45ae910567c97fbb0,562831760.1865021
bbf80c409ab3a6784028eb6f,417419354.1527587
40e56beaf4a7f28f8108b132,417419354.1527587
e857db57a89e165eade00770,562831760.1865021
41fc4ca2b3f48508d840bbb1,562831760.1865021
08c1db1e620e975c4d476b2c,417419354.1527587
8a1d93bbc83f4728657317d1,562831760.1865021
6be0ddd4180b5eb92908da05,442800727.2208892
ff1498465e4db86f4f652e87,443443091.1568144
6410d336f6e61c4a81403c61,442800727.2208892
169cdb07bd175b4325fd28fb,449203594.0255082
546b56fbf616a6dfd1ad9d88,570180938.1446292
666af58bb684c2d8e7574e86,652650891.8560406
9fe75dbfd537f9ebc6653f18,570180938.1446292
ef961c130fa3b9015b103154,884291783.623447
035ea0f13f2ca01c902d5388,695243469.1808552
7800f742ee14c4b4142f8b58,515018029.26694816
0c621256c4d7ca81045fcde2,515018029.26694816
50db9d168354ea3d75a03a6f,515018029.26694816
7bcd1fe7a140b6eeb4df2aae,515018029.26694816
49a4cebdb22fc2d72bd1aa78,386325304.7728167
69ae1f2868fe714ad8e2f114,325000000.00000036
ca4f4a66d83f2043a7dca261,392853895.0590063
c0ef32a7a294e5891505bf35,392853895.0590063
5ad6f4091b77715b7f74587c,761737949.3198547
331e915e2a66fb70380282d6,536855014.2292985
3a00543fb00cbc044a5b3527,439999999.99999964
81df59c6d8be19568d16ea3e,330000000.00000006
88a4da0d72977b0c56b31061,390506735.05298537
3ff9e75c6de41de517d1c4a4,398101999.9999999
147f80fbae69dd577ff19950,1100000000.0
78beee9b7fab8600d420fd27,449999999.9999994
c3733b88ebafc0a05f5bdc99,425587161.945287
568509a7aba60f8fe2d0cd5a,680000000.0
f6d3f7e963c9aa1783b3adab,759999999.9999992
ffcf6794a400aba909383b41,939999999.9999996
fa0aa00078cc178de0cc7d96,613652195.3110907
eec51f949083f39691e37e15,880000000.000001
26f3d5bc3adcd1396747a414,609999999.9999999
cb9e058f82b10cf80990beea,695243469.1808552
22a0f3315f7600e5120db131,386325304.7728167
bf6845aac15fde9b89a7208b,515018029.26694816
6e3cbbbd3f4d0578144cf021,386325304.7728167
98a0289e513d5ba036b24252,314999999.9999999
597d3f78e2f413acabf825c0,325000000.00000036
43a91a731e86b9a0784f717d,435000000.00000024
f34ff57e272cd08056e6a243,659999999.999999
6f68b289516faa0b7ef36a34,330000000.00000006
8bd8a7e19b6d3b8bcabb84d9,349999999.9999994
74b64bd536ebbcd7c30ef8fd,713190016.755702
f968e756cbe6504fa0f32458,1499999999.9999979
e99d9dcb9880cbfd219b4297,520000000.0000002
4c9e6812520f4aea4ce435ae,649999999.9999996
78419be95416d2991ade8be1,386325304.7728167
d417ff438d2a418b1f9e50b6,799874990.2328482
3ac77ed776aa4630c7293240,539999999.9999994
95173735a8f6e554f083c065,1499999999.9999979
83da39bc1a2eeb75e2825c22,720000000.0000011
4bf89c9e50c5417ed669c481,645679781.6304226
f90fd39477c8da38e33ba0fb,503295334.43075645
b45bb2d0d137de6984d4e1ec,831349979.2483166
bb812343bd6cd66e9cf9a9ba,512541323.4600683
e299f614cd8ae525fc8fd0e6,638221213.6650579
521e9326a2003c7b56fc4365,1499999999.9999979
dd59ac4f6706a1399360bd14,750000000.0000002
d6c6e7f923ce2cffba8ff9df,790000000.0000012
df07a34d0ee2f78f115c45cb,815246279.247353
db6061f876f890071f7ed957,815246279.247353
b31601cf48b268f3b4107564,638018475.448676
3a9b2ef74c59e96a6b107357,345000000.0
d600310e19c926cda14ac923,1249999999.9999979
183f2cf1a1c7eb9700b6e72a,1349000000.0000002
42556b1bae874a5c09777873,1199999999.9999995
57c1ed738536d177d66fc52c,1350000000.0
26cdd114566b7cc63cd96fb8,625000000.0
0f679cc583a47b30ea132bbb,460868744.8721164
32ea7e13e8d9391aa9b7ab9e,319999999.99999976
0a482968c7cdf212401d72b7,579999999.9999998
85e4ee2583c51592d68ef5d9,319999999.99999976
f4ce15aaa352d707b68cf773,449999999.9999994
7d383abbb6ac49c6599ffb0c,539999999.9999994
6c67b1b0991a1d79251855c3,1399999999.9999979
9e52ce2cb6f6b7e2a152dd54,539999999.9999994
bdeed3a7395cdb9b175273a6,430000000.00000006
423ddbfe2f575e6bcb22e7b8,638018475.448676
3247399a31df838ec5fe58c5,720000000.0000011
bd57e5cd29d935cb26006835,638018475.448676
bf00f36c4dbb273d7ba4b7dd,432755688.95347536
48b9efef82faf72bcbdf66b2,616211223.1728921
d2526a3e39ea01f87c99d073,616211223.1728921
651d5cd65f80c4938deb7da4,414422608.2504024
0be7803a34b11d89133beaf4,414422608.2504024
a54b0b282edbd217e9509287,521677066.8612091
550c5061428d09afa0c409f3,521677066.8612091
7538c609fdd115c9dac551f4,649311954.7101204
d7e3cdd3ac239a5c318f2e9b,649311954.7101204
9bb193ea939c5308a738fcef,360823734.76685476
33425419e1a8e854418c5180,346868000.00000054
fedf2e30e390f5cf74b27e97,309999999.99999994
024c5c787d005adbe770b9bf,420726560.4241344
13f681a090b36edf38a4abd0,319999999.99999976
442c6bda79f63bae28674b1e,750000000.0000002
47e0c773f65485ab7c78d49f,564999999.9999994
9e30b310c820d0426f504d90,960000000.0000005
8cdfda9067e0934a8ebe0894,464142228.06842715
0a8aaa78f68d43e3b1bf6c51,464142228.06842715
1101f533fd18cae5d32c1cbe,464142228.06842715
9f6af9ac2404a8d55f24286b,464142228.06842715
75060f295e0aba8e1224f766,464142228.06842715
f0e68102ff84f49d90fe38f4,299999999.9999998
3c45bf3e3e31e7804ac91704,779999999.9999998
f908e1de4c4be0d77411a998,463310801.3117628
ca643c04044fabc6fc566d12,463310801.3117628
8aa76df8fea21a42fb6229ff,620460317.7419374
c214d2383936dafbe0652c51,620460317.7419374
993898470c6676ce46ede92d,620460317.7419374
18f6240cad6e92f9151099c5,647456562.2495463
1e63fac2629793fdcb793f1e,521677066.8612091
e0137390f0186c98f4e91263,999999999.9999993
e35f95823a486c52b0f4c2b6,390000000.00000054
ede10672118071a215ae09fc,649311954.7101204
fcf46edf6d612ff1f5ed6134,649311954.7101204
df4be33c0931aa86231b7a2e,649311954.7101204
53fdb16ec08e794dba9a10ea,649311954.7101204
74c24c5e142e5267456b24a7,649311954.7101204
f1bc08407f40396c094e0499,649311954.7101204
496ce19c015093e97144d375,649311954.7101204
a183a1c009abf7251fd725a1,989444288.477124
6bdd97526b1a9cf10853df1b,1005982107.1967455
f083a8f187e2227696695ee1,750000000.0000002
2621e068043a5019aeed6c8c,619348932.3475113
3b43e7acfab46651b099b1ed,849999999.9999992
6565b3281cc2d632febbb6dc,940359616.1633954
09e47ad8508e7cfee83c6d68,940359616.1633954
88b02e7b20ce6db956afcdd2,940359616.1633954
bfc41facefe9428865e4c29f,940359616.1633954
569bb17b961fbdadf7106d56,940359616.1633954
2314e3ffc7242a429e00207c,940359616.1633954
4bc1e2cf5e5ffcbe1020df08,990000000.0000013
949c4a5382aff4750b4dff83,1499999999.9999979
a63b4a22614d334b4a61ea16,720000000.0000011
734fbae84cebd50aaf71c48d,1071221790.0756547
f92935374a7ef86314223c5b,494974746.83058465
6cc8e22f11d382206273af23,621858293.1724691
701768887155444b77c4f446,449999999.9999994
13c86cdff4dd32a9f8b9adcf,621858293.1724691
8002e2cd1b70ddcae88ebc4b,997873012.8985038
d0d77497c8a7d567f01d3afe,616211223.1728921
95a7b01cd60cd10e7364a600,545829835.5384568
d1e38d7cbd32567c874e194b,545829835.5384568
e674ba41f9657ac8f30d4f7c,545829835.5384568
6bb760d54e5b0f54d9612a8a,419999999.9999994
9e3bbcdba89c647e4ce53182,448131821.30102164
72927abf4bcd53d6907aeeda,611949088.9141579
aebaae467e5f01db3afe69ff,433245451.5686124
3ad457c8855ab8921a7974c7,611949088.9141579
1f3d3fbcb686ada1a96e01e4,448131821.30102164
0775d831f68b88ca59eb871d,611949088.9141579
5fa3b0993cb43d3c72c30093,614453765.7480788
bef19d0084cfc9f6fa37ddd0,614453765.7480788
85a856b4d0dfb1fae861f513,614453765.7480788
07fa1ad76017843232107517,1043827908.4292
4049086139009c35dfebb3ab,448131821.30102164
655120f80a39c19221623311,614453765.7480788
71dca93007d6ba45fa40eaad,614453765.7480788
9f41ce015f02d67e193c41f5,391463330.46525043
9017bd24d173b2fcf564b32b,951909964.6181817
e5ef29d41082025c42f7c921,448131821.30102164
5c60d7880850970facc54bb8,767351534.1410767
f51fce25d8376d48fbe73a43,389626390.16122216
9dc7b0a394309d8b76d0bb7c,611949088.9141579
a12ac99bf63b547fd9180a79,611949088.9141579
378d846a7af35e0c3efe53a9,611949088.9141579
0872198056be7edd5eff220c,611949088.9141579
efddad1eec775ce61d3b7b64,611949088.9141579
70c19d59c6b9e194b6bc09fe,599679802.7357395
b0d3d98076883f346cee8d04,616857936.6449674
c7694e92a97bb66794e62fbc,487863328.70626706
7b4fcc72822460a428c19282,1027583318.9066437
a6baf4631223d9b24de8b590,443630705.422279
a6f616d63d134f14ced205d1,1027583318.9066437
50c123baa5783185ddbe29c6,599679802.7357395
24756921525595f1684929ba,518105858.77862877
caf9c761d21329c993a0bdf3,518105858.77862877
193d70ead1ff1043845e7671,518105858.77862877
62ea31859e01c2f4d4e97baa,518105858.77862877
272b5b5c28e46c6f5ad95c22,518105858.77862877
552ab0964056c1d1d1b7398c,616857936.6449674
23799891583435710f66303a,614453765.7480788
34896afec0b639648c527483,614453765.7480788
eaf53eeb911ecbae638409e5,391463330.46525043
b1fdade0fbf0470060fc2708,433245451.5686124
8a20478528e97700dcc84abb,453486324.16422945
702525f05b47353c95b0905e,513681618.1945983
b84c837c5a1fd0f1ebc5f8a6,513681618.1945983
ee2d16316e6f4f2388494c7f,611949088.9141579
ea4af07bef4ed93e81ded95c,611949088.9141579
1a71d0d3503f9eff28acef6f,831349979.2483166
1fe392004a09aeeaa6e8bce7,503295334.43075645
46d4b0cdc81137aa56f516df,638221213.6650579
4d666967b74ccdf5b04e9787,330000000.00000006
fcf79745f8cd716d3ff9d27b,431433770.9221959
aa8a19a2fd3e2cfeb3b7dbd9,512541323.4600683
f055602beb49dd6040641c9a,338001479.2867038
7b1377c8d81755bb9b501064,512541323.4600683
17d0418e4a439e9de8006f5f,649301682.4785335
48f1c6e343a4724ed865533b,638221213.6650579
353207faab3dcf10feaac8ee,1149999999.9999998
ff188e88378c8e2abed8119e,649311954.7101204
424b41f5e01ea2e2ccd3ca48,521677066.8612091
608cf4f46a188cf84f853c72,521677066.8612091
f9e7582dd99d36bfada56249,649311954.7101204
d52f04fb69bed41ffb10fce8,620460317.7419374
ea84b58f733c8e491db98a52,649311954.7101204
68699eb9653684fdd3fc79b0,620460317.7419374
31f52502e89beb1b2e0dc3d3,649311954.7101204
fd41747287a480d5c4dcb56d,940359616.1633954
b7afdbc1b57b52e6fb03accf,1135842162.7150183
48b270a493af4fa28dab9211,448131821.30102164
2a787b39e84958ca6b7001d0,611949088.9141579
e439c77c0d871996bf06bf88,614453765.7480788
91b8b9db5372a2c3a5c30c58,453486324.16422945
038272b33c075765464761e8,448131821.30102164
fe8e45caf7605fb91d6bc5f7,614453765.7480788
d354a2581dcb183c0cd70540,433245451.5686124
9421ce9f204f373a50357fce,389626390.16122216
56bd3b61805077405af098a9,389626390.16122216
0a606d19ae362a58922b172e,513681618.1945983
ededebb1a544fb3246d3e131,513681618.1945983
6b6c365359d20be719ce815a,513681618.1945983
b8b22c1afac62b05ad389dc5,513681618.1945983
3e3717eda8ec9a68c9d83027,513681618.1945983
03be8ec62dae56680beb2cf3,513681618.1945983
fe6c8cd2e792d62a4c324da5,513681618.1945983
f9c133f7a12f2b8c1b2beedc,513681618.1945983
4ec47b8100d224499ec608e8,611949088.9141579
143ca16847cc47d4a4c01ac0,453486324.16422945
22127243f7ba3a68c3fc33bf,517013647.81865966
835eff7679889fcff6795d8a,401654734.5111855
4ed3eb724d4e57a7b35ddf5c,517013647.81865966
4d743a1250f7d91e2782708e,517013647.81865966
9f5cf735a842860e7ac753cf,604798166.5450978
e54a8b735724b2af56c7a36e,401654734.5111855
3b39471f854357b7e5d2853f,604798166.5450978
91bd11b5a8e0c0124be78f46,309999999.99999994
6121943254877ee48716c4e1,470000000.00000066
3f4c2c98a5a6cb78d7d26327,430000000.00000006
2b6d63d6b072901effbc8e1e,800000000.0000002
7e4b240c601e37977faffeb0,800000000.0000002
ac29d71a80307cab65f29ff4,1190000000.0000021
70c77552b1bb67a2a71c2ee1,1149999999.9999998
54a09a85767156b072c808c8,616857936.6449674
244210fb4bcc0a04f2cdff95,1027583318.9066437
9a2b53c1c7151a8b26a71edc,362236368.2708344
918c48a512fd6ff22fdce5d3,487863328.70626706
effe4219e6cb56e5ab70ff6b,1027583318.9066437
936e6d2192f28a2b40939a4d,1050102784.885733
ad9a1b23979f0edd2ee19f38,387204080.55701053
8a8e4996e24142eb413c0d12,1027583318.9066437
31c69cf4d197f97ac594a896,599679802.7357395
143f07eb2a8f0a9e26fc4c56,868845517.6978364
e5fd3cdc6a19653275c7f4a8,616857936.6449674
5c7efb015b8ff7f108c99723,616857936.6449674
394718d9d069a126e13be804,599679802.7357395
56f30ea777f5493139f22384,1193303828.2981255
37d5a902f1036cf3d80c275b,518105858.77862877
3f418a8bcc7adfa87e0f67dd,518105858.77862877
051416c05445860d5b4095e6,518105858.77862877
887761f34ce0996bb05ac48a,616857936.6449674
e02fa06a8de8a603e417d5ad,616857936.6449674
6f5929e67fb8da068b91096c,652892213.6580062
291479f573955e063f2d8bda,652892213.6580062
e60850405ccec092b8fb5d02,652892213.6580062
464864b367e16547fe319229,587356317.9643418
4c14547b7e02e75204ca9f4a,459356549.5994952
6183257f16bce94113879745,484740454.27619684
46c34a4e5987c20eb1f5ff99,381382939.00497735
3f39b25dedb96409dc9d1947,989800121.0442181
e7a85e64ee07971696f555f2,989800121.0442181
33043b254b9085fc82ee1f7f,395539894.22226465
bd2759d469829bb8926dbe09,459356549.5994952
affae17b6cc59bdaa30e29c2,989800121.0442181
e611d41aaf38a58acaa0bf23,515018029.26694816
0de426088a306321990cf60e,430637220.397177
685982808b30597cc013e2c7,410526683.57421875
4cfd1be6a93641b110fcaf67,393372393.56524795
68fb3b3cc3e5b13440eb014b,1249999999.9999979
532bf5813d7e70958f71a480,639614435.2706796
06ee1d8f3ea326a0e3a9791d,639614435.2706796
1862e0c4d8e89fd2302ab376,1649999999.999999
f3dea3d678d959aaf6b2849f,1174999999.9999986
2478e48a3c6bedd57c13c72c,517013647.81865966
efa36c7738fc14a11cc352eb,517013647.81865966
2f6dfe9443645d6629eeccb9,474999999.9999998
bc7e867cad6f221dc44754b2,604798166.5450978
e4f2fecf58a038d7b18f7160,889999999.9999988
a7620d5599ec354541c8af13,1350000000.0
484cde8e47fbf62a339c8219,388714497.25234336
5fcd9836a3ea537fe86d457d,516250127.71178997
1b288024824312c8b1681bd9,516250127.71178997
44e4574527acc86977f5bc41,618462270.215877
8b716bc4d6d833f9bff3e729,618462270.215877
0ab85344c5fe6ccb0edb6313,618462270.215877
03ad99f1799f2a20c8cc0a50,767000749.0585152
6db318f828d464be421eb572,783467372.4300083
c3e648317c360c76b94bf541,346315766.2085593
19cb65620d2330624252d01c,380000000.0000002
dba9fa9642ebc97ccd765db6,649999999.9999996
1d2467e5f991b935d676e906,405508487.90567666
4091a115125eb4a67f494620,405508487.90567666
d197410ebc0e3b9937464923,390000000.00000054
722699e593085cdd72102baf,453865392.60418713
c059affd0c19f6d4d76f37c2,449999999.9999994
855dcebac302ec5760f67121,526533864.0509356
f433278518a80c3301f26cfa,618462270.215877
66a45b0aaf5f696d35f5cebb,950000000.0000014
0152ffa8757aaaf417e9f997,939999999.9999996
55b72f6c7163a9b0b3b0b262,518105858.77862877
c8346a875be8391145a2f9aa,518105858.77862877
11c86230e62bd2c9ba44131f,616857936.6449674
c4b97a459e2c6d13710fa273,616857936.6449674
8bcebf3cdc54d4ec99ba0d88,362236368.2708344
ad159116d166e45b70329bd5,487863328.70626706
6f060a8ee8d6d15f46289759,487863328.70626706
ab5f089f9d2ac1bf52222ec5,403624237.35522443
f4fc2da675d6a2583054fc56,487863328.70626706
89eed91bf5148b5645408222,487863328.70626706
0761d0b7c6e319a75b06d420,551815186.4528569
ce84187750fa7aadd141b5fb,616857936.6449674
ad77298955813089bce818a2,349999999.9999994
3abe8f334f0f20f8006ca5d6,616857936.6449674
36445c32822146606f75dfdb,599679802.7357395
f9798cc6285c9fb3ed7cb668,616857936.6449674
59dd396f70b8458772307895,616857936.6449674
83e91710343450cb0812a6e4,729432794.7095659
1e7a931100be734988955242,868845517.6978364
bedc5ab20edc896f814c3f06,1027583318.9066437
f884247fa6414f384480bf38,503295334.43075645
f34a38cdec7eb598e55fa41e,503295334.43075645
106ad411e13ea21ad68e5f59,1350000000.0
a87c585acf2a147e381005f5,503295334.43075645
ad755859e7b6afbc021fcf6d,638221213.6650579
8015080cf97316a08453a9fb,638221213.6650579
f56d8f5cfaca0691c6ffbe00,503295334.43075645
8ad016d414e2d2be053d7612,503295334.43075645
8b91a957eca1985938860c28,503295334.43075645
20bce83e2b75fc535a148dc8,431433770.9221959
5724ecee1b12e888d538c1fe,503295334.43075645
1e90d068f3c86c6f691649ff,503295334.43075645
0fd954262ee740999c31d407,503295334.43075645
a6d7b144058ebc326b9803bb,638221213.6650579
a81abab882910584371c7b66,503295334.43075645
9e41c4b41cbdc2553d80e362,503295334.43075645
b6fcc49ad3656cbd3f4c2ea6,638221213.6650579
9a296eb9b63ffbdf2a07cd0d,831349979.2483166
3fbc0746bd620a0baabbd859,439999999.99999964
3043d0b025fac4ed90b448e6,459999999.9999995
219555efc5b4291791143252,335000000.00000036
a00863c7c53b2c059ce22dfb,325000000.00000036
28b838c94d10823ceed62e0e,341000000.0000002
7e64ab35f5e336d5bd2e1b51,503295334.43075645
52f24ab479fad35c8bb5a8f6,388928784.0501806
0d1ef14606c58310cae371f2,390067487.3025993
a465a567a4f60ac534505bdd,638221213.6650579
8694b149f7c0deadf820f0e4,503295334.43075645
16d6b756f5ebcacf221918b8,503295334.43075645
7d132190218425df1857b8b8,601307484.4914386
7c7a3f51a58dfd1588d7c088,384106744.36784226
64d1c45a2968b0fbf0eeacaa,601307484.4914386
4fdc382b65441412fef509ad,601307484.4914386
04ece9352b3810031f3f9a90,481396873.44444823
8b5b351e07a26c25cf51e176,426995118.02171737
f923bfcb8cdb543c23bafd52,431704921.55183345
a15a12446d2e5993a0a6c423,431704921.55183345
ab3e1642655f7e705cb047a9,431704921.55183345
b62fc917b3e8ddd64bb81018,426995118.02171737
835842cdc8ea0a2206c2b46e,431704921.55183345
02ce5bc5d5d286a4cc0928f6,431779680.16835976
d8e51f7b40bf1887ac007163,431779680.16835976
90f320e94aa429856e37bb35,431704921.55183345
967a7676754d6f9aa3e14473,431779680.16835976
9251f3dafa0e747b6e78f295,431779680.16835976
17b5e8357e17b516d947ebe3,650652766.7575345
f943cfd29effc9c048b8e106,601307484.4914386
41719542347401b04dfbaa59,650652766.7575345
bd6ad9a9ab28aaef9b4955c8,650652766.7575345
bbff88040e5b20e874cfad9a,650652766.7575345
3d6a9a4f2336a46eb62e6a47,609722077.6237421
493367258be5d63dc8db97d1,609722077.6237421
67cf2149b4c214da77694088,955927221.3442053
8d2e85825e95f6941445cace,921799762.4396713
01afa737bcfa6b1ab530eb09,955927221.3442053
25813f7204a2e796170c4836,414509353.25661725
3cb1773d90dc240c4ffed5c4,613652195.3110907
6c81a0b90366db9f514362b4,613652195.3110907
44c8131b88accb3b46b79ba5,414509353.25661725
ff185be4fdbe3790c72d00cb,390506735.05298537
851f50292e30b0a464c0804d,425587161.945287
6fc2a4f29e3b896bce631ee0,380000000.0000002
cabc4fd04b60a66bdbe2cf9a,1489999999.9999998
61e9c2375626a18bc9920c5d,503295334.43075645
396c8060d9767b4debf2a54c,638221213.6650579
92ba019bd942fa33ab742924,503295334.43075645
ff71037ec8e5a91aad6f0686,638221213.6650579
d162a90b37622c1dc6550690,516240000.0000008
e1490f0730f8fdc36993027c,557897840.1105353
5a066d6bb65d28c2094051f6,431433770.9221959
9c7bcf000cb37f48d9f15422,512541323.4600683
528a6345df87dd0db33bf822,430000000.00000006
579ee47bc31f5408314bca28,359999999.9999999
eb61a13df1c8d8d0efc4db3a,417419354.1527587
b649d315ff3c97c4e8e9db73,319999999.99999976
d8dd26eb78ff22272358e302,562831760.1865021
6ae2221c504027acfb7368e8,384999999.99999964
3ce908c9b70f349158f7d04a,689999999.9999988
7cf74cbec871e465ec2f6a61,689999999.9999988
02e9b077d6cece81387fda35,652650891.8560406
865ed399cc344e0638e45128,652650891.8560406
d9ed55fb72efda67f5144330,979999999.9999993
9fdbab0b428f19e7e8dc35b0,1100000000.0
c061b886b7136a1b00c8ea2d,680000000.0
fd0f6c0b5234ec1f6c7d1fd8,369999999.9999994
9df90c0644948ea5539939eb,628818565.3953288
547661e79bf0c62cb8de63d1,400781180.02897525
68963f5f3657cb64276e3beb,638018475.448676
cab0a460167bb64c037cf25d,545829835.5384568
31977cd5d4c09eff149e74ea,638018475.448676
23264fdd1059460e079e5810,545829835.5384568
4769743185eaeb0e4158e0e0,545829835.5384568
780c809c52509bb4855a4efc,545829835.5384568
f64d4e029592761bee698958,387964919.0783266
be364e85b988ef8627ece74e,387964919.0783266
c73c38b652e9418f06f89b67,387964919.0783266
213032fd36fa1a6342570158,458682067.2886937
d519a8de5fdd1a84ca1baac3,422615079.446747
df91a494d5d244f20dab0eb0,432755688.95347536
9be92b361ffd3ea2c69be23b,432755688.95347536
cad16b2ea432d926d961109a,458682067.2886937
56b22bd973f94a4bfaaf6b33,432755688.95347536
84114798ccd01ae3dc97cb27,390000000.00000054
fe2bf1f402addaf17a213030,422615079.446747
e01c1b69abb6a4c1c69c77d7,422615079.446747
24671f63cd061228ec0b5b9b,349999999.9999994
f54c16df774e70d49355cf4c,458682067.2886937
5537b994e85c2688fe555d5c,458682067.2886937
1e5919cbe4373aa261d672d7,432755688.95347536
cc125d0f70d6d0819d6d90ee,458682067.2886937
51f94ebbd6d2533862a1fdbf,539999999.9999994
fe409f9ea8d18c9d9ba4d02e,432755688.95347536
753b47e2a3b9fcdf9d7fd9fa,432755688.95347536
6bdb3153f267395eefbf588c,432755688.95347536
9bde9f216ecb90814670e87f,422615079.446747
7f5280804c59f56fba3d6201,579999999.9999998
ceaf16e097500022498950ff,458682067.2886937
aef06b27b0a080b5ee539b6b,432755688.95347536
abc668bf93ec7d1951c65cf6,432755688.95347536
56822f406646f93fb39d9e60,432755688.95347536
2690ba8b22a95cb837cb87b6,458682067.2886937
180172e4eee8ba756207b3a8,458682067.2886937
c11cd2e00942ffe56db5ae88,422615079.446747
75a287d87aaf6ffe7b6db546,432755688.95347536
08f35bfbfe1bd663c40d9e54,432755688.95347536
c2bbdb2e5d0191071e6db37b,349999999.9999994
b129a508d1d98a1b6dd2f61f,458682067.2886937
335626f385c28e8370c207cb,458682067.2886937
898ed7299f0c7b8a99e4877b,432755688.95347536
a98022fc80dd6ff27de693f9,458682067.2886937
a59f1631e721d231eab4d146,638018475.448676
98c9c866109bedd605ab7dbd,638018475.448676
cc9743189c3671adbb1be49b,638018475.448676
e22b8126863c9ca8fb04df9f,616211223.1728921
247715511199c5b680088b56,616211223.1728921
6e51ca1a9c2bba9fa0cbe5db,616211223.1728921
ba8d6800443dcf95bf9c1037,638018475.448676
5ec6e033b9dcb454c57050c3,638018475.448676
156ecfd8ca6004281b191db7,1049999999.9999994
edc3879a1102740f2f96227a,638018475.448676
c02ce25a3334860d3bad53e8,638018475.448676
d041129f83f1f13fd7b35e4b,616211223.1728921
6946fb4c877f35e9215ef4be,638018475.448676
ff2897a56a0fd08996d19424,638018475.448676
e1b64df8e809ba220c9722aa,616211223.1728921
c13263f9c8628bdef086106b,638018475.448676
e2b8d1aba0c583984aab25bd,649999999.9999996
3786baf40b31a20f3bf3aa80,638018475.448676
bcf12785c25f6e600eee8fc0,616211223.1728921
f85d09bb2ea40bd4b68465da,638018475.448676
1f40dff9a973064aa4737eea,638018475.448676
79beab95c6857412ebbbdedd,638018475.448676
5ed8cd2cf2c6dd5b5241d6ac,616211223.1728921
ca8dacc29a57d39640e3e59c,705586613.7709693
723655990d58df33d55009b5,638018475.448676
79a675215fed2e293b27f43d,638018475.448676
57999ba0ed9089739a1f4de1,638018475.448676
00cea81b78d6007eb405d5b3,638018475.448676
c00facb3e4cbb27c47a621db,1300000000.0000017
d1481d9d2bc9d1a3811f2faa,1043882739.5951464
26313750bd29b2c59a81b58e,1043882739.5951464
2bbbe93b615c46483056bfe6,1043882739.5951464
0f8fa0a074b743c92f0fc56f,1043882739.5951464
b925f9ef733930be26417458,1043882739.5951464
0183b38955437e8d0128a013,803938749.0319791
1c9f65b631d2f2856bc97079,803938749.0319791
c11d82cd360eae99c04009b1,1043882739.5951464
4a80ffd8e908a3291a32fb6d,1043882739.5951464
1a0134583a5854d5aa9cdb9f,1043882739.5951464
5f5346deedcb7cf5dcd1e9be,1002572943.6415093
f17c8b14e56a76ea84a45fd6,1043882739.5951464
b8ff548543842246ad439703,1114290987.9556086
53462704cfc47d32492b4847,1114290987.9556086
25f925538316d3cdda8218c4,1114290987.9556086
ffe653c61bf13df43fa22190,414422608.2504024
228d98c82021e2325263c7d2,420726560.4241344
f32a7d08d176bf9177dbcab1,521677066.8612091
f2c86c1edac4eec6c01ec11d,318179619.47004926
06e350e3c733e5a0afb613cb,464142228.06842715
e2544529df4efb7e90afcd21,464142228.06842715
a639ec3b943cf90cb28bc1b3,620460317.7419374
a1320186028a726935bc1cc5,637355868.8250777
97337d2f347a50e0ef518516,649311954.7101204
8f619dd7fcf5e1a17af301c4,649311954.7101204
72569ddc5828fc702b2fc773,951909964.6181817
ec674ba8cd16c2264d270901,1469693845.6699083
2b05f001ed1a84425a45d0ac,614453765.7480788
0a7758f69ddd8fb27a839661,448131821.30102164
e3ec7a8fba3e1ea07a135dfc,433245451.5686124
4163b665043ed27d7bf26c00,453486324.16422945
69f7b81b70ea61f304ccd36d,794112435.3590788
ff61104cbeb37f077c565fd1,453486324.16422945
883ee78c03efdb4bdc57796b,433245451.5686124
fafaa5dcf66d22bff322c72e,389626390.16122216
eaf0f2b00b6994a9ba8c5ed0,389626390.16122216
9b1590945c0c7f7b0704d287,513681618.1945983
766d34ea891f3af53f1391ba,513681618.1945983
b8680f925773229571014e61,611949088.9141579
2fcab31c752b699af5e8ce8b,611949088.9141579
96d14697ed6847ee757d113f,517013647.81865966
ded79c11c30167a9d8accf77,401654734.5111855
ac50dfe70b599ae93ddee4fe,604798166.5450978
3fc7a0f9c30978f24d688fb7,604798166.5450978
083f05fe52ab15e8d481ad41,999999999.9999993
075be16d8d9ed6831d139b2e,387000000.00000054
ffce0b151f293cad0a6f770f,827004683.3784107
5997da918101ff14bddf20eb,380000000.0000002
e102f1d841d7cdb596d50624,419240000.00000006
a2c3da753f0116aa5842d4ec,756306816.047563
43228eaa1230dc0f7f1473df,386325304.7728167
4349d6bfd5a518fcb231cb3f,588220088.4873712
c6c978051fdc655d21a370ab,588220088.4873712
f4cdf3ff86fe70fae3e59f4c,588220088.4873712
ac154aaafe98dae45bf9782e,900000000.0000005
01f6c99999c154461765f4c4,588220088.4873712
d7d30819fc6ad6e7e41453c1,799851706.5206304
383b3198861942064a63184a,393446311.45812
3a2f110334251e97abe3583f,330000000.00000006
9b9db425b698a4931173b5a4,491637120.83336514
3b51828a1e891f3a52a4653c,510000000.00000054
c94dc49efe0a350bb522a56a,463873050.6266558
39e4765ae5c8284e1f3f618b,689999999.9999988
04b28e63fbba92daf83865ba,588220088.4873712
b9643a26731cf2a9a243ef33,572966985.4793999
19e03fc1a7ca4b0761eb9ef3,588220088.4873712
c0224f0cee5a388014db4f55,1240000000.0
c4074029fba935dafd82eba8,345000000.0
0a8d749a2336d8f66a4f19ef,362236368.2708344
e84da6ce78339d50a72cd87d,309999999.99999994
e9830411c3092327f4e66a99,518105858.77862877
17d51fdfe8fd16185bf5feb4,518105858.77862877
f07126d58455b20f547c4380,518105858.77862877
8fe7db56d501b9c11461f62b,487863328.70626706
1ae2058fbe26f384be45df4d,514735685.56088537
e74a31e6edd4459d4e215c5a,487863328.70626706
c91945dcab0bf200c3ef321e,487863328.70626706
933018604a8d5a9020aac221,599679802.7357395
876ebdaa0bc953890e323843,599679802.7357395
4fd907c202de4f06cade3b3b,616857936.6449674
e40f616637f6187024b34086,616857936.6449674
f9038f7e24e0a29bd9f3e24d,616857936.6449674
b27fc4e7f6042d70a7651038,616857936.6449674
e68b18b57fbc5fd6cbb477e1,616857936.6449674
326a82671272d893ce699476,450719366.9971108
d2655e69f5dbd09ddb9268e7,616857936.6449674
440cd2efd45c019c7151902d,703790599.2572863
e5099db945e4f04aa3f0bfeb,515018029.26694816
3477d85a434f66df58fbc094,515018029.26694816
56991f74ed430ed942b2d6d6,515018029.26694816
7ac1b85bd87929705b7a86ca,515018029.26694816
0e1fbbe248919eb71e53ea75,430000000.00000006
75c16273d3a593752446c27b,655000000.0000001
7e74469fe0b030254756296d,950000000.0000014
35fca2d53ed17ea7637c528a,594999999.9999999
963cc728f3bc207a7ad74ec4,550000000.000001
fa9dec2129f7218b4c4d4b35,1049999999.9999994
1d0a6bf40e609fc74a319310,523208842.229773
b9551c416341fb167049d4ce,621858293.1724691
89131a0af2db172538723b08,523208842.229773
3e66557e876a876c259c40a0,420994362.00000036
078144699729ee0c46f36123,700000000.0000001
fd15189b99da46b098a949e6,562831760.1865021
d69209d7a26bd306bde5a37d,652650891.8560406
89690c80b7adcb8a8afe531a,562831760.1865021
0e0d19168609ac1d75253edc,562831760.1865021
6cd0aca2bc40d83473a39885,562831760.1865021
6ea0d50e822913d0f444d89e,652650891.8560406
39579c195f288da8d77f5ce9,652650891.8560406
bc54f5dc4e9ce267ea592813,562831760.1865021
1d43fd3f7fb4e24a0b7c9ec3,562831760.1865021
2566d8588566312ffa4fde42,848822135.4885119
8d27746cd9d2532fe9cfc408,349999999.9999994
95b822f76b4d3d6ceb0c5077,573176000.0000002
eba86391ca00fb217ed1f774,649999999.9999996
b9a0575867a59dc5dcbb9cce,449203594.0255082
0845e73ae95dbd4aec3f1f43,449203594.0255082
419a2f823e87ab67b1311bee,652650891.8560406
552217c633d2562cdcaa81bb,995000000.0000004
4fd7984773d2872e51574ffd,910803000.0000015
a87ed2154a2351cf26f0027d,570180938.1446292
a2522c9d3edb7e7a23a42b74,680000000.0
357e58ef96c53f39e267b80c,1149999999.9999998
cf0ca58262feb1f8b0dc7b68,529999999.9999997
1cb79aba890b35f9d2a400f6,950000000.0000014
d5c79ef12f43e2bc19e22fdc,604798166.5450978
776e1192349cb7cf1579056a,604798166.5450978
7de63633c7666484bd098e2b,385297223.65362203
ca1b1c17572f776fc1059691,330000000.00000006
53e94de217ec45ad576fd83b,680000000.0
ed5c3d2952d2575b1bb757ee,495732775.63931787
bdfa334bc331e3e547f7568f,999999999.9999993
9c6a01e3c7ef87d27185e9f3,779999999.9999998
05d9818d3f9f2a5c358d3911,827004683.3784107
f6c990e406b3756ee39b3b30,414509353.25661725
19ace6cdfbd8bed6e99c86d9,414509353.25661725
6a04f8684e083eb6319b5272,425587161.945287
179bf83034539c8a391e0310,779999999.9999998
a42081eac6834da0560ea4ef,613652195.3110907
784fa9e78f7cfeca4133e8ed,613652195.3110907
978edd828fc71300e6723e06,613652195.3110907
61d6969334fc63611c810e2b,604798166.5450978
4d592a67596afbca92d26bcb,604798166.5450978
50f8068603edac10c87411ec,604798166.5450978
9965f598c5b95b3cfaac50ad,869999999.999999
66cf83769d16a4d659edba6d,698000000.0000008
9c2c2b01934d1d519e651786,620000000.000001
2b4913f28d07628bf2d3ed92,1599999999.9999976
9baf7967c49fa209de8dda95,652650891.8560406
7a0f887a9426270ff3c24e36,620000000.000001
c1034173dda31d20c4efbed1,562831760.1865021
c4a3d64de5e401a86395a919,569999999.9999999
c4cef41167a5e8354a61feb4,700000000.0000001
f52226b24ca3d5b04b7cfcde,970000000.0000006
36d5003f0b5ec7f80e89262d,884291783.623447
641600a4cbb13b35dc7913e8,790000000.0000012
c31c4bd09d8cfba562ed2b41,616857936.6449674
0df96c81adcd6fbc2f7141c3,616857936.6449674
4499adb2aa3aee94d1f1a1b3,616857936.6449674
4ec06163d39f96baebe11bd3,409581831.4681532
692cc1c9949d35ae11412fd6,616857936.6449674
f1da5388b772159ec90c3210,616857936.6449674
e7ae63f81f8fad37bb9c1b32,518105858.77862877
d39797a12d9a4aaf15ac11e6,518105858.77862877
efc5412fb02ba9d8f604e493,616857936.6449674
bee2e008ee41f8a711fb8d29,616857936.6449674
80279a7533c44bbae477ea4b,518105858.77862877
edc43e57b2905405a13f8f3f,362236368.2708344
751795587d1396e0daa25783,403624237.35522443
6d90801ea8cbc12f9e2131a3,403624237.35522443
71fe067a5ae994180f530686,403624237.35522443
2e99240e23b0542f1cc75026,403624237.35522443
fd6112c82d5808311b08e29f,403624237.35522443
0ac639a7c5ec115b3df8111b,403624237.35522443
af0cfebd54f32b9b92c5fdf3,403624237.35522443
b0015b31facc48a49f1313ef,487863328.70626706
2347f69ec1ce4a3fb6989eb7,419727714.672467
209bf65e11bd7053d9658824,599679802.7357395
41877a677d1856bf609515fe,599679802.7357395
cf60297d9d9bf1268f35ad95,616857936.6449674
a33800eaaf178e01558ee926,599679802.7357395
69e663ffb4935aecb875854c,599679802.7357395
595415e95e075b70c39d5c5d,599679802.7357395
719679261d84d6b93035143d,616857936.6449674
9f149071cf61295815e3f875,868845517.6978364
3d24d985b95a3e200a734bc2,1027583318.9066437
bbe705b86c6ed4da775b68f0,384106744.36784226
e1d875468eea7b2eecbb49c7,650652766.7575345
0802b7e10706252dab8db909,650652766.7575345
2f412384597554f3dab07985,601307484.4914386
da8b5c8a320821ab8ca00a80,601307484.4914386
0f10d20cff5664f9564bc88f,1276499949.9984932
ab8699d3c685fa834d7ccb3f,407977532.23740673
85956152686438c48c52e018,687128686.9255322
ed9c4f4e06183b15b877f077,621858293.1724691
12e32a758e15fbeefa255207,797624443.5188501
22cfdfbff44541dba9091753,621858293.1724691
314a1e163d0b77b0f384da29,420136430.7990245
23959a0f6e27c8c2b4a7f436,621858293.1724691
6ab5a87a537d2ce326c867c1,720000000.0000011
d9ebae84cb53d29bbd8a466e,329900000.00000024
9511afb73b656135daaceb43,1350000000.0
9231ec89e58a3daf459c5b43,1399999999.9999979
8d97cda83fc7353a86c9393a,1350000000.0
3b380c563ed2505b7630feaa,1072380529.4763603
6e5ca223128fa2de422b4009,355000000.00000054
ee30ab004ac5270daf59758e,990000000.0000013
d6fee4f680569a54f4267215,1100000000.0
db3b84e5b3a9097392a57319,1179999999.999998
cef379fa831f936cad745dbc,529999999.9999997
4db8d32011163bc4fe01d02e,770000000.0000007
f842221d74340270e757fd41,1049999999.9999994
f6173e36f95ad05b8e94321b,950000000.0000014
5960f14f2a81075fa66568f8,415000000.00000036
cdeba97450c735185e486eab,1179999999.999998
f9a802cbc802d49a087cf23e,1450000000.0000007
6a9ef848f22fecb9569098c2,700000000.0000001
f3986309e4fc4cde2b5feed9,1199999999.9999995
6c3435048735371c36dd3892,1220000000.0000021
f019dfbfa7fbbddec988fb25,1049999999.9999994
4526cb4a2b8238dcc4e496e3,1395000000.0000005
95561bd325f60967cb6653dc,539999999.9999994
9f3e09a3461bce2fee7e1c40,1190000000.0000021
1034b1af0331daddad70f3a5,600000000.0000007
3ee9cfee7b0acd482672ed47,621858293.1724691
adb51a572f3198367e3760ef,523208842.229773
5c802e198dc0906016741026,319999999.99999976
671603ba1f755be5d7219a01,386325304.7728167
001d77bfb387bdf0b53e9e83,671565335.6152332
fd9fda1abfcdd1066a177e14,515018029.26694816
e1e78f3432ea2dff6b69c6c0,340000000.0000006
378e6374da00b72bcd7920df,515018029.26694816
54ec4fd8f49c897c644ce83a,515018029.26694816
a67ef3a182aa268bc4d9ea14,515018029.26694816
8100a4b0288d5d9d9dc86d2f,515018029.26694816
699ac8957d9b4eb7fcfbcc40,515018029.26694816
7b35a3e9f3e67fa1974f5c25,695243469.1808552
6e5383a7f9a68147c2788565,970000000.0000006
fca1c40a338288036b1eb25c,849999999.9999992
237da4784755f090c89f07be,695243469.1808552
21a7c5d6ea818dfb25077e13,695243469.1808552
0cf7dd52e117832b4698b310,695243469.1808552
677c8056695a5a539dcfa3d0,695243469.1808552
e4b85269ca413066323f66e0,1149999999.9999998
9019f1dd02ede61479b62406,953509272.4032446
958f3e102c6ecf5f6386a004,614453765.7480788
b05c741bc5013a7a6abd31d6,614453765.7480788
2c58f2cbd00035febac060e1,764870314.1616099
89d36acc5f617a6a97e02f23,433245451.5686124
2fba6801eb9a7bce7ed2c081,448131821.30102164
45ccde79aee811756030903d,453486324.16422945
5bdb5174517b8faa23df9587,951909964.6181817
36a11817b32bc24eda6ec8eb,448131821.30102164
f1319a9332946bd68db250c2,433245451.5686124
39f70d6b68b22668a0631f37,389626390.16122216
3958d0cb732f3d623764be54,389626390.16122216
f67028acda5ecaa4c8781ba6,513681618.1945983
76f50ce5f30cb96d48a69357,513681618.1945983
9e5efd4741a57b9af54e9265,513681618.1945983
8c45ac143f5cc43e9249c17b,513681618.1945983
2a66eb4d2a205bc4474c0afa,611949088.9141579
85cf1ee98e1a85ff4619e27c,616211223.1728921
84c2ab0573d3cbffa0be90f4,616211223.1728921
48976c41de22ddaea3f8c296,458682067.2886937
001c03f6103d35389825b62e,616211223.1728921
ceab390b6906d5cbe65fc402,422615079.446747
79f989fd66108a2c38a9764e,638018475.448676
cc385eff95aa00310eb22111,638018475.448676
ed764bed1d05cb1e9a4e67f8,1043882739.5951464
857c5dae475eadef41c25603,638018475.448676
7148b0d9e2e1e92d41633230,638018475.448676
7f3e02524981fc7e40eccfdc,319999999.99999976
ccc625df8f51248e3dc93214,388928784.0501806
b38776cf09ec8e90fceeec84,500035000.00000006
48ebc3d79e01061c926066ba,373630833.84538764
9580bf8358095abb15a10c36,330000000.00000006
d26d35e33a0cf88f735a9322,309999999.99999994
b4c2a0a1a63d35a9a08a6e15,806146670.9913008
1bf1913f806bd4b461233551,564999999.9999994
34d1394dbb483e55d1cc2da5,325000000.00000036
7bef2da7f3c160e94fe91ead,367000000.0000003
528014ff6b7cdbfc174f4fcb,536855014.2292985
bf1dae54bab00fcd3e8c9ce2,737461863.420748
f270dfd9ef449a02b6d7ae2e,425587161.945287
31d6f089626c4fd08536fac0,514999999.9999994
259f4f7fd5d851be70d63633,402286760.6883896
6b74ef5c8ab1df614bfba866,529999999.9999997
7ee7fba3a30e0e7c2ed3043c,613652195.3110907
b24bd44eefc3ccf053939dfd,613652195.3110907
0545fc14aece3f37864ced2d,599000000.0000002
e07eb36210e90ef0419fa0d0,1179999999.999998
3991b04509fa61b36a8f7d2a,599000000.0000002
387af5fb4b4a7f5c3fdcce57,649999999.9999996
6852e8bbadc1a9f4fbcd695d,950000000.0000014
8c3373f9c0372b87ef021512,939099111.5345758
6123a0dd128e45216f832e3d,375285708.19285303
0913364c688d7375d0f7af5d,426995118.02171737
8831ae77efac99a6c58ce05d,650652766.7575345
b6283a5714e0b977110318ea,426995118.02171737
d2d8f5356f77507f8839280c,601307484.4914386
f36bb15462fb29f80b127458,955927221.3442053
7abf9cd6b26e2e2bb6d91e5c,601307484.4914386
1a5f6f7e8b7af9d48644f1e0,601307484.4914386
8e2a5f8431996ae0db65d0be,650652766.7575345
29535d858fa3a11792697820,955927221.3442053
8e4df02eee6cab9bd1011987,431779680.16835976
5a4039f0ca12767138ae585f,384106744.36784226
d84248b3ce8ff6f5fa480a83,384106744.36784226
5838e86b74020a5bead56161,384106744.36784226
02091877f01c926c350b013b,384106744.36784226
df298574e35dda90fb568023,384106744.36784226
d8b83253855448caa81f7780,384106744.36784226
1163ab2c0bc8c998e121b922,384106744.36784226
14f9ab54432e5f54a50be4a5,384106744.36784226
f4e0fa1172c1d4b70b6c4d73,384106744.36784226
4345863fe83682f6091d8a77,481396873.44444823
6c5bbbfa3a1515e5cdec9ae1,481396873.44444823
742da63af109164c21dd57af,481396873.44444823
fdc28a68bf8a5bc86288b4c7,481396873.44444823
0f4b077de4ba5f5db6fb0065,481396873.44444823
320ff6c0320674fd278f6fc7,481396873.44444823
6acf9cef08906fe569c38572,481396873.44444823
853febf898a1dba351d6f917,481396873.44444823
8ae41ff6a828f175a9f628b2,481396873.44444823
56ae6108c1b53c649da2f6ba,481396873.44444823
aa990d4e5f1a0fc4f0bb29aa,481396873.44444823
cb8b826e929f4f8a8e3687bd,481396873.44444823
b85a7389bab2e651f05369da,481396873.44444823
1fe929afafa91bee53df4e86,481396873.44444823
02e89c055b7692dab024defc,481396873.44444823
66bc6e56bcac9bfc4a7341d8,694292091.268168
63cee15dc4a6808616a2c2e6,601307484.4914386
9a889078a0225c013570609f,601307484.4914386
3548fa5ad26ba2ea999380a0,601307484.4914386
d9d8aeafa748f8f1ff2fca22,601307484.4914386
9e2c21d635fc25f7790cafa9,431779680.16835976
f99adfe85d32b0a66f4d483a,601307484.4914386
eb64fd330053a41ce5be4a7e,601307484.4914386
ea8d704272b2cd066a7e7867,601307484.4914386
e7c92ef9784a92c8b7fca693,601307484.4914386
a9b83e18ae78d307d1b39b15,601307484.4914386
ab8d6823d905f1f0ccf4a75c,601307484.4914386
8447ca83d928dc34c2e7f9fa,601307484.4914386
5bd24b842a67601630036d0c,601307484.4914386
38d5b9319bc16bae99fe73b9,601307484.4914386
e1558509b120809eface5b87,601307484.4914386
4b8d7217da1b1f225f254914,601307484.4914386
09e0c3a1b90d46c361007323,601307484.4914386
d090a9e520ef74848bb060a6,601307484.4914386
07284e4caec09fbbb16adf2f,601307484.4914386
f8bb20be599b79cbe29f36cb,601307484.4914386
07dd30f04c5953f325df9aad,601307484.4914386
622872d345b4b0d9c1b9302f,601307484.4914386
fc9151dd6f8850502c747bab,601307484.4914386
0fdd03a2dfb18e323d96f468,601307484.4914386
ad7cfe29b56c915dd016897c,601307484.4914386
f40a182d82c489f55c64ab7b,787971635.5811033
fb06aae0e711d628b16eb910,787971635.5811033
7dabee85f750266dce02399e,709869591.276134
ebcab2f8506c64a461591d1c,649311954.7101204
340f96c7de105aec5b7a28b9,782950763.6690904
be1c6023731fb633c4f41f96,414422608.2504024
d6b051fbaa13e3d92a798521,649311954.7101204
bd04c8b6b5e381cd5f881379,521677066.8612091
2ca47f5c36ea5d1cf00dbd2f,521677066.8612091
3f2c18ea5d8e9a25adca4c42,649311954.7101204
5bd59dbebb0d6fa71efa4c66,649311954.7101204
bdac2f1c4b306a7742f60ab9,521677066.8612091
a0e26a9d56cfb3b7228e5d75,521677066.8612091
933740e21e9b61721b2c6053,649311954.7101204
a3b9c1a3b81f17e6b22b6152,521677066.8612091
445e241d8bfaceb149609d6a,521677066.8612091
937f0b37f566f65a1871615d,521677066.8612091
9a76a405640f670c6355630a,521677066.8612091
7a0f351e8562fb7aafe6e714,414422608.2504024
4c5b79f3656501fce2e2178d,521677066.8612091
201053b106a0b89a0a47e2cc,318179619.47004926
724a5f9542f86cc43334d3e6,318179619.47004926
afaadd87a196e04b934e0b1a,360823734.76685476
a46cfad2458ac7ca4134818c,420726560.4241344
f640eb21bdbb9369acc4e863,464142228.06842715
8b3350aaa66b9fa1c682c15d,464142228.06842715
1340b0805cb34eb9a982190f,420726560.4241344
055d5ab6b22d4d0ac325fe73,463310801.3117628
faed63c1287896e97987c4c9,463310801.3117628
a094be8af52cf76977fa5083,463310801.3117628
feb3384733ed8feeedf9ce8b,463310801.3117628
eec4d59429b1d1bb75b4d686,464142228.06842715
3e9754a961d2cf348c9ff7af,463310801.3117628
8f8a92abd28c8990534e847d,463310801.3117628
256491790d0a2d5e1ebdc2e2,464142228.06842715
ede7995bc4e7e672fda4fa5a,649311954.7101204
9e8a11484838eed1f4673a32,620460317.7419374
8aad5795547ade3c804c0ef0,649311954.7101204
4ec4683fcf928d9fb33eb7b9,620460317.7419374
ee18825bcf4065d29287b54e,649311954.7101204
485cd615660dda11586f797c,620460317.7419374
8b450ea6c21fe0b5157529a4,620460317.7419374
0d45e78397d4bc0d363be47e,649311954.7101204
bfa4cb65827c4ebb91478e53,649311954.7101204
deb2c93acfaf6994bb3c0608,620460317.7419374
571e1a8c252cd67ee0475974,633150319.7081221
04e337d3c692f3429d47aef4,620460317.7419374
cd2913f013727119158b98c0,649311954.7101204
ba63594585c484bbd20ed3a1,620460317.7419374
beb7b99cf12926d8714d1c5d,620460317.7419374
0fbc9e52ccf1b7ea8136cbbe,649311954.7101204
f36031f3a3f77a3fcad337aa,1374999999.9999988
7738f18d533d0f0379e3a06d,940359616.1633954
20c3cc21b44eb37d0b359c1a,869969579.1741501
78257e76c16db549022fbf2c,940359616.1633954
4baceaad0b0081bdaa37473c,940359616.1633954
6bbf67d88846e94a63014eee,940359616.1633954
edb259013ceb62ad9b23eee3,940359616.1633954
ecfe155a407ad2c2f74522e8,855464725.075305
6906a20be4962df7725dda7c,970000000.0000006
5d86b884df3627d93f206952,931869366.1428375
cac3eb4606346268cea48e32,1135842162.7150183
e7439820086f8d1cb13d7c9b,700000000.0000001
b940561f2d48444e139eaf71,431704921.55183345
4433060d0fa95ae1382f2de1,426995118.02171737
27dd503d4fbf4d5f5d850d4d,601307484.4914386
42a73bad238f2d3f5e376044,431704921.55183345
2b53b13cd912f353cf9c4757,650652766.7575345
4cb59b46927df31150830d5e,431704921.55183345
2f3d01cbf0ee0b985386418d,431704921.55183345
d12e6de49fcca906c3586994,384106744.36784226
8f541a839df1ae79d563427f,384106744.36784226
ae5ff2b5eb4f9ac44fef666c,481396873.44444823
ca77a424800783bb9c5c0450,481396873.44444823
c0ec1e7ae2c6c3c2f2ae34b8,481396873.44444823
2372f7c0499de8aa2e5ffa06,481396873.44444823
46de3fbec5bc6c0e256e7751,481396873.44444823
4d8b338266822739bc9c8fc9,601307484.4914386
86d46a3fd9d7bbcac3319829,601307484.4914386
b13fce1462ed87e57ddec917,845414234.5095735
625caf4f4f56f3f6bfd3f786,391463330.46525043
2214e2c62cf8d2d14f11d47c,448131821.30102164
cee8fedd5685633435d77a06,614453765.7480788
061386497cc2dede3ea70b1e,448131821.30102164
3ce50f34a7974ec17178a79f,448131821.30102164
855ce1721230ba103fc0ae84,391463330.46525043
ff3b85eb538fb9a7dd03f459,391463330.46525043
111bf82100a6fab0c9ded743,611949088.9141579
8877941794810464749ba5d5,614453765.7480788
1122a042822658cb504dc147,611949088.9141579
d7d924ec35768a3e6bd39b20,453486324.16422945
27cf45528b4266162f7c9029,448131821.30102164
916f946082d03023ffad6f2a,611949088.9141579
68181ef118970fdb1d83f030,951909964.6181817
2f0bbbbb466fae3fe5c4f614,433245451.5686124
17c8b228fa2591e3a234d55c,389626390.16122216
e5d9afdaf318dbe749bf9950,389626390.16122216
ce2cce355f493a75ab59b242,415764776.8109399
b6825cfa2fde9b42fcf04c59,513681618.1945983
6fb3e33e16eb81331d389ad7,453486324.16422945
e29d9a401a246c00f5eb2413,611949088.9141579
fdf103976a39cc12f5effaa2,611949088.9141579
d1526bc5e5446680841a9cd7,765606834.8767806
a96cb9d988f5dc99bf5df4ea,765606834.8767806
760125efabf13246774a9f16,651316625.6783286
229607e2faf76efeeadcdfce,426995118.02171737
f14b11d270282b317d9cbadc,650652766.7575345
8a41638edfc5183469b6c43f,426995118.02171737
ba249dc7eae0609f20ccf234,650652766.7575345
0dfc7d77d3dca86a221fe62b,955927221.3442053
ed7f61ea4c9095bd4aca258a,431704921.55183345
d2ce77db7cade7f2c6189002,426995118.02171737
9d18c354e8939c9f18598f22,368922789.66379285
b95689add02915dab555d9f7,1276499949.9984932
1c35d9468cdc55670d48db84,601307484.4914386
caa4aecacff2beded2e76beb,431704921.55183345
017487de3455d9f642a7fadc,601307484.4914386
8ed9c13717d2bb274a81e460,955927221.3442053
c2eeb1cf0549df1359ef4dcb,368922789.66379285
3a413637f3108ddf7bd53bcc,368922789.66379285
145a241c80430b1e4ddebcfe,431704921.55183345
c954618c48b70cb00efb49fe,426995118.02171737
fda6cee77fbfbce6ec0eabdd,601307484.4914386
b92c9c464e23f8b987290769,431704921.55183345
d81b170177769c0121b8935a,601307484.4914386
7a832790d068e1e85182b5a5,431704921.55183345
462ced9cfb28550c160e5664,601307484.4914386
edd9a278b86b1c56e237a0f3,431704921.55183345
fe9b6a82fcc3266ddcb3e36b,650652766.7575345
fa74fbeb90bdaf8eb26f8329,601307484.4914386
a70b6661eda6ef616e19dded,431704921.55183345
cbcf4d76223673724b0f9811,384106744.36784226
ba16ae6ca55dc3c0d5480944,481396873.44444823
3c840c206546c20b3e53d4fa,481396873.44444823
c61076b24927a46ef506322c,601307484.4914386
2e797c8302fb7ada13ef2d4c,741188727.3837913
3c9e3b97db788dcd10acf0e1,761738772.2628615
28db5acb7b224d44e3d7ce80,521677066.8612091
c7aad87d39537083a5620757,521677066.8612091
099721566fdd0a32546fedbd,521677066.8612091
bc67f29c8679adf31353bec6,521677066.8612091
eb40a304997a6e66c550b704,649311954.7101204
3882da646752a82db088c614,637355868.8250777
68c319925551b9484778bb65,649311954.7101204
711b570ff195fb77229deb35,782950763.6690904
e7a2e8e1c22a52f78ffd1b19,782950763.6690904
814d93fc94b4de6d3a860bcb,360823734.76685476
817da44fa842fe304b93c199,360823734.76685476
5cb29f5aaad14b6c33813580,360823734.76685476
8a1105028a1a1b83c5080abb,560000000.0000006
82b69c38d041325a4bb2fbce,319999999.99999976
a57d01ed5a9641ad64f7f032,420726560.4241344
90186e67d802be6d12eb3696,464142228.06842715
f781bb1ed340e08b23258ceb,464142228.06842715
db05818b6de8d77c1c3fd053,364691650.5762098
f4ed8924f5d1a3e6374715aa,449999999.9999994
d792d1eec60822752c8d52f1,464142228.06842715
47a3c63f65a9794384c655dc,463310801.3117628
ebacf31727972e81d0a0d904,463310801.3117628
a759e4c03e49c419c8f0cd2d,463310801.3117628
0648a4bd7ca088f4b3834401,539999999.9999994
b25734bf3ca94e775f467e85,463310801.3117628
65a8795e7a5b88acd7a469c4,620460317.7419374
b799aa1dd2de813ccad401e8,620460317.7419374
c01440b8ff0d80e7bbad715c,620460317.7419374
a20cd5193779526b43612ebe,620460317.7419374
0cddda1c211fcdce819d5f8f,649311954.7101204
69bcce6b58fc3702580d3234,649311954.7101204
ac7c0c806b57e4942d9ead3e,649311954.7101204
aa9e131fe4e7982a374bbb84,649311954.7101204
290725d6b15062397597b954,649311954.7101204
5f0fa37b7c5cf77e0508abd2,1350000000.0
c76f482d2a8f8db5eb79ae89,1249999999.9999979
f651cc17b051c962e4124795,633150319.7081221
250d84aac8add089061d3204,855464725.075305
d3f9cf66c1c05f55325b894a,940359616.1633954
7198cf5aae5d0d5ba2e43b96,940359616.1633954
766c7906cf0493736436fdea,1380000000.0000002
78f670c0d7a26c0323281ffa,869969579.1741501
ec0eb8d68807f52b681f138e,869969579.1741501
446138cfd3749c0b6715b0c3,649311954.7101204
64b4837e4550ce39f2f85342,649311954.7101204
1103c663f6b5ed0309a767b2,649311954.7101204
b9a573a3f2cedd87c7dc6477,464142228.06842715
de54862f5b7b8ff345c6b297,330000000.00000006
16b3311b337c0cb9312ddba1,420726560.4241344
a1c2003dfcdce97d21f9cd15,463310801.3117628
262688a95a32f10fa070a887,420726560.4241344
8e374b19fb87640c56243088,463310801.3117628
4032d6a6a13399797a794ab7,464142228.06842715
99f1712af0fe96f67d11037b,420726560.4241344
bcc584e6a08822158e2a1454,464142228.06842715
ad14f4403926de76de2604c6,319999999.99999976
01f855427cbe3eb51b38288f,539999999.9999994
4673ef4fa28aabb0fe61043b,319999999.99999976
f4cf541f02d99ea1851b9f12,420726560.4241344
bfe19954cd4680149c682587,464142228.06842715
fed8f3bf4a2d7a426901706c,649311954.7101204
480aa7fe286f4aa31f56d4b9,649311954.7101204
1e9850a50070dd51861a5e63,620460317.7419374
e26dcf5836f5bb53553cc413,880000000.000001
c7ac975025713f368bdb0af8,430000000.00000006
73fd5bc0aee47d89a160f5d1,620460317.7419374
5bb9dac6e0e9409e89aa6cee,649311954.7101204
9b15aa6c85804621f5c42566,940359616.1633954
199fe72cad28e4554e359ff1,940359616.1633954
b28ba88f3665a2f26c2f8e47,940359616.1633954
453ef603a66a34f17ae22227,869969579.1741501
d8f4955ed4fc363d6d9ea897,869969579.1741501
f2eca7e3226f625807f7d6be,1599999999.9999976
361ccd7f37ada9c07ffcf71c,940359616.1633954
e7d1ee027da436cbaa122f48,1135842162.7150183
554ec896fe4f9d8f2e8eabe0,1135842162.7150183
ba79c72aa8bbb0517c899b59,604798166.5450978
69dd957e78fcdd4d8e874acb,419695257.9504179
df91a3c7f364df5e6831f2de,414422608.2504024
77866048ba7b69532d0a18cc,521677066.8612091
a792bde8819aebc5b2d73a6a,649311954.7101204
6293e4a72b5c84782bcdbf78,521677066.8612091
bcee01a5d6a36f48d99a5e4b,649311954.7101204
c58b56f1202d1cdffdda3021,464142228.06842715
ed3275b560f020baeb9ce3c0,464142228.06842715
2a872557ba401f4c95e0ad2e,880000000.000001
6b8c1c7c855656b0e56f0bb6,750000000.0000002
d6297cc548b16bff11eea51a,560000000.0000006
dadce7c7a446a6a177821b73,649311954.7101204
f5d9d8082e7652e97973e0e4,940359616.1633954
2ef9126614eeef828f797e66,855464725.075305
c70439fc435337f1e8fd2f5e,1135842162.7150183
79631cac54b1e71c1022da12,1300000000.0000017
6fca3b70ba2c68d9e0d2540f,380000000.0000002
5b29d453bd368190e0e356c2,404722126.8969612
25995099875f0ee622ebc31d,899777750.3361619
34bd7be0761ab3d43da7a81c,470000000.00000066
b8e15d182ac0c74fba332b8b,550000000.000001
901e3b835718ccae27c8831b,349999999.9999994
e1c7a101e5d518583f9a2a7b,625000000.0
02f6ffcfcdd3dbba94dd7b33,979999999.9999993
2162e09e137eb5f4a1f32b16,461191350.57855815
5eb815f9023e6eb97786233f,1359999999.9999976
d2ab14487e0ecf640a785277,374999999.9999994
437167a9db41b677da7d5a7d,579999999.9999998
c3f889c41c1effea85bcc706,386325304.7728167
155da5ad9ad19d57a7632cd0,515018029.26694816
43d1fb0646562c3f1dd6fefa,515018029.26694816
8eb66c4b057dd4b07b5fbca5,515018029.26694816
f9718594fa52500c16e3cd71,695243469.1808552
d9c46d54ba6df0d21ed4ca49,599679802.7357395
d3f688e0deaff6648f2925b6,409581831.4681532
093a92c6846c924f88ba8750,695000000.0000002
9b1223cd8c9d7b348d6a5c94,979999999.9999993
8209afd76e36d8b5c4f7a991,388714497.25234336
29fd909e7cef62de53430e1a,388714497.25234336
76df3d616d8bc1de789bd83b,388714497.25234336
8aa5d44a72b2a6851d14ef86,516250127.71178997
eb4e1b72abce1d184dd4d5e4,516250127.71178997
2ba24fd47c2ef8520bccf6eb,618462270.215877
1c9e38cd216595b33e283134,618462270.215877
2fc150cf6ea4141106bb8ac4,319999999.99999976
8dd46fd8ff592358e4c3e7e5,346315766.2085593
d5e001b2f1dad3962cfff9aa,461191350.57855815
6e73e42a0d2ef8d6e403112b,359999999.9999999
2537dfc786054c61eb3a80b5,909999999.9999987
19c77db46d23e0c07a06a8b2,461191350.57855815
e6424086fe1cf2a2931f4847,909999999.9999987
66526276a7e8da597683e8c9,526533864.0509356
cedd20027ebbf47baaa0dbff,526533864.0509356
ac7c323295addefb43c62acc,649999999.9999996
a8e74eb5eb523143cb291cea,618462270.215877
ad393e9070779969b496fa72,618462270.215877
64d9dff81c79a16579cef2f4,1350000000.0
ea91281d5eaf6b8f436d47f6,1350000000.0
06e59cc783be86bd145a56c6,618462270.215877
7458171e4db497a4cc1365fb,1249999999.9999979
12d73fb8f4ca87b19ca46231,649999999.9999996
5e935d4a03c6abc86ac5adfa,964431787.6557015
2754b4e12a7604efe8e03f5b,810876271.2067032
9ea7a0d65493cb5487ed2084,403624237.35522443
7845cf57552577b059dd13ae,409581831.4681532
6e710984bbf2662a9cc7bc4c,319999999.99999976
47720fb9e2586dced75db114,600000000.0000007
cbd48f3342e63a84173a8dfd,319999999.99999976
cb83c138aefeadb184d2c7e0,630000000.0000008
397d4e490eb2db8a1b18051b,319999999.99999976
4f65732875c007d3c1102140,403624237.35522443
1f8ad363a0539a6f2455c3fc,449999999.9999994
9535ab027f9f2a9a8fdc21fd,550000000.000001
248993a27da888a6e3ffefe4,579999999.9999998
cd07b4553b6d3863a9e444e8,518105858.77862877
f53fe605b0a2857cf3facf73,599679802.7357395
ae48e30b60ec254bf0dc89ac,518105858.77862877
2a0e902f3c07cc9696000177,518105858.77862877
d57535248bb34f65ae678a39,534999999.9999996
9949cbc958bbc0114404960a,680000000.0
841c57617a075690ce412083,579999999.9999998
9fc4385ea76cabf741d38789,385852285.8018787
0367da7dc5374f1957a1b7f6,700000000.0000001
7703f868650a8252e954e457,880000000.000001
4cb9319ff5adaa62386b713b,880000000.000001
dbb30f9d010677de2aee1b71,1179999999.999998
0b54c51a787fe58bdf677658,869999999.999999
5234aeb6d817b8ad876e50fe,472000000.0000004
77359d0d34ba4c9d825e46ed,309999999.99999994
b84795015be5077f942f5170,385852285.8018787
75f5290d61164d42b39d9d51,349999999.9999994
b46d50c84edaa7feba938671,880000000.000001
be8c05b72ee7867fdcb05455,1279999999.9999993
356712646865d98127b92a57,460868744.8721164
ab765acf8b87daf1673b3a97,1399999999.9999979
3a2cacbd3b4f9a23514b1433,1350000000.0
3c6d485d7b01ddd6147746c2,550000000.000001
054cd21c3b12f165bd520313,449999999.9999994
e114160e3ffe6a703eb42440,419999999.9999994
a38b2d75349c56ce04f02a94,829999999.9999993
71fdd2b1214b9371ef149c1c,649999999.9999996
10970057efd092c98037498d,518105858.77862877
7543d0e85e6328ebc8283d75,518105858.77862877
db1cfd89dad114c11ab2d409,625000000.0
760f24a443eb01721c6ffea3,1027583318.9066437
a1508f30ba87423e7393b4fd,1027583318.9066437
5814dc311aa87b24e26aceb3,616857936.6449674
f26c2bb4d5787541e9c36463,1027583318.9066437
cf07a5af6ee98d735bde14bd,616857936.6449674
8b716c3dca89b7caa7db1aad,648248688.5250559
df89e7dea6c313b0cc262249,616857936.6449674
3e2c1d2cba8755ffad9cff27,1249999999.9999979
6771a8c70428fec0f21d51a1,374999999.9999994
d8171d498291341094daaa39,900000000.0000005
3d43dd23536f843c2c5bd268,950000000.0000014
785dea91d94ab384bbd6ce3e,539999999.9999994
6c316d2bb84fff36bb01f14c,1300000000.0000017
08ba99aa6a8ee752209de6ae,459999999.9999995
d177236e8c725d4405025916,1249999999.9999979
9a6b537a7319b3446977919d,1499999999.9999979
e2e7b03feffb21bad63eca2d,649999999.9999996
f2fa898e1bcccbdb92dd91e9,620000000.000001
2c340ee014e39ad0fd1309d8,1049999999.9999994
7ee83e5d70855ed21455b6d5,800000000.0000002
fdd4b5fcf9ebadf96545038c,550000000.000001
512b4ad817c387bed877b7d1,1350000000.0
3ba644c7be754c21e3cc48ee,729999999.999999
cb38dc837baf3e0531c6c115,925100000.0000013
5e931fda1e62fe41ff0f2ba2,349999999.9999994
0ce9a7d4b0682dbbca68e070,500000000.0000005
8d114cef336100a8d8c81ce1,569999999.9999999
ebc3a6574ebc530ef715ea7e,498999999.9999994
4c2b14bfeacd87b878cbcc92,849999999.9999992
577b17cb350bd2a646725b6d,1149999999.9999998
0dbe463995c605bcdffb133b,349999999.9999994
88f3f39ea06fb882c69bbd10,494540699.99999946
e54567ced41a40938b85485b,539999999.9999994
cb6d29f005078d4d4efc2d04,800000000.0000002
1d0919344e52b315441aeafb,520000000.0000002
62c39ad30e9a26d8cf3593b4,1240000000.0
a02bf67aecbac445a12da958,1349000000.0000002
06baade01a74972cc4a419ec,539999999.9999994
3943b64f9550a575f15d6d29,990000000.0000013
b62d64605362afc574ea5b0b,1489999999.9999998
0ef45eb4356e2f0331ad2457,590000000.0
6700ad4d4d7f70def59a5d59,963671359.8423418
19ad2fa7e170c67870ee58f7,849999999.9999992
919c1e281329379c4d130416,889999999.9999988
8a451ef547efb90a8fcfa6c8,849999999.9999992
5c208e5c37aad07602f7cd7f,409581831.4681532
164fb89266e40a2530400599,409581831.4681532
5fc0f0c4fa019b6f1b2a016d,409581831.4681532
3b16ff50ec7fa717efbd62ab,518105858.77862877
30e6d4e1c53e9e81ff66df43,518105858.77862877
cdae3bf05372c13649a2adc8,518105858.77862877
170a69c11cf4f855ed015bed,970121102.3003281
e14b31f8a454e47c383cae94,362236368.2708344
14a8134a56af1b328321cad4,487863328.70626706
ea8cc21bf7d48979bcae1458,487863328.70626706
c287dbff188e95f833ab21f0,487863328.70626706
2cd0b2d7561919f0223608d5,319999999.99999976
1acc5749203f964fa8b2092a,327490457.8762565
9543c16bd5eea47111e6b266,385852285.8018787
d415dc486936995f8b3704e3,309999999.99999994
ab946dfa5b9d7214a3756978,539999999.9999994
803711fede531ad1621a6823,539999999.9999994
f83f29f28978d7dd76cf5942,849999999.9999992
4bf284e6ba81bcaa21a437fd,539999999.9999994
d8ed50fbd5ed46d36b3d2dba,410000000.00000066
b40128f5e17574a5d3da9a32,616857936.6449674
506d4cc6613a07c313a12de4,599679802.7357395
558b7d06789a1c8e488c38d2,599679802.7357395
38410183814a757520143737,616857936.6449674
560a750cb6f8683ccac4563b,599679802.7357395
48740edcbe275bed3c82efed,616857936.6449674
50b2bb276e598c9cfdb42b0b,599679802.7357395
302adfed183564312f9e3087,550000000.000001
063e53d45e5e7945f1f10fc2,620000000.000001
6e2c39fbeb5392e6aee9b644,1027583318.9066437
8d6c523d4100ab0c83a31fed,1027583318.9066437
6d6aaf30227f16b2be29e79c,1027583318.9066437
e73e5e75cb18f52dd7239361,374999999.9999994
dd625806063f76dcf53582d5,1149999999.9999998
a4b16572b8bb786561baa3c9,1300000000.0000017
9446f801f30e8b2997fbd72a,1193303828.2981255
941569c4352c3a2e32c908c3,1193303828.2981255
8b4c54125d9165554e4123a3,939099111.5345758
d50f33fe5acdaf5caf1c6ac5,439999999.99999964
46ff039321805b51870c64f2,649999999.9999996
1ac6c220eb690db798a3d4d5,735802283.2255968
faf872c4bca132b52dec368c,800000000.0000002
d92232d77f7a124e7ff13ee9,569999999.9999999
f9a136d7944cb7768b598a88,384106744.36784226
e03610db09ed7315cfcd64c9,426995118.02171737
8c51f1b43f15b70d2a294918,339425211.0724998
21d141a84af5f0e2ade9b0b8,431704921.55183345
55c7cbf5e572d2342d0d7071,650652766.7575345
54c0e5e6d368ec51f6e75c1e,650652766.7575345
434ff40bff8fad0962ec07e4,650652766.7575345
0a199d5741b5a6213b39b793,650652766.7575345
9931470b50580f51e1a4fac7,650652766.7575345
89498fdf642e770ea75be7d8,650652766.7575345
aba39002de605f9ff34bd542,609722077.6237421
0c1c0ba7d75dc4090b7183f5,601307484.4914386
2ac425aa592565b44b25cdc3,601307484.4914386
c0cdcb5f860e3a974c401861,601307484.4914386
4ec741bc6ab20515070cf1ee,601307484.4914386
3d4c48167a8de8cb0e4956f6,601307484.4914386
f5741fdd9f509d3bb02e35bc,601307484.4914386
c1d0c0846ec652774ed5474b,601307484.4914386
ed2c02ddcf0e54789d9d2675,955927221.3442053
0e05eba6eed4e55e89dc5f14,955927221.3442053
b29e5a75740c8439aefc9321,955927221.3442053
218445f989b2da5eff4029f4,955927221.3442053
0c7da0c2613129bc322b1da5,955927221.3442053
a41210034abe19957b317d1b,955927221.3442053
0cb4217cde38e09571fa73ba,1276499949.9984932
9df0663317db1cf4121a222d,787971635.5811033
62be98264dbfd418ba21cfac,921799762.4396713
939ce1536f15c0e6bf203dd4,565345019.3477756
d9028df78f9b14a720dbaa8c,565345019.3477756
b05f4b5fae2f2faaddb377fb,515018029.26694816
65ac61968819927b8fd9b990,515018029.26694816
1e83b53963792d7445e19d27,953509272.4032446
72eb1af691a950fbb7e8d635,359999999.9999999
94fecb92077ffe3a72aedec4,430000000.00000006
f660a48b0eb17e98dd77c0bc,779999999.9999998
27fe3fc3838695ce34c5d287,369864840.17813927
9ff4b1fc1970cd5c102cb755,1300000000.0000017
b54940561992090411749db3,384106744.36784226
d4990842f549d8139fa94c87,601307484.4914386
f6013cab49ef9188aaf87972,601307484.4914386
cc2e8713dd087d3b842d2f11,481396873.44444823
fb8aa6b6c5d2499d404f3f73,481396873.44444823
6a8b9fd89b745a52703715ab,368922789.66379285
4721d06c49413558bda1fb68,368922789.66379285
0100b3a412accebf6a3aa4b1,368922789.66379285
215e8852679b9cb6c4029ce3,368922789.66379285
0afec1b2e7060b99dbe41a10,368922789.66379285
4ff17c9b88aeeff105b8301c,426995118.02171737
6eee8548b87c9349ce90ac2b,426995118.02171737
9b264d26a196a76951308cca,431704921.55183345
945fad7539481410e8bb60e5,426995118.02171737
f727924f0f35ec9fb58d0c31,426995118.02171737
c7876dc81e250503076f43f2,431704921.55183345
e4f3e425e9f6e393999d7a08,431704921.55183345
cee1833e8964355b9aabbce2,431779680.16835976
9a1819c45b01c341647a2410,426995118.02171737
ce95aab452311a0cc27e0c7b,431779680.16835976
e6eff72b7c5b0fc2677af2ad,431704921.55183345
3b368c10d243f6bc9c027061,426995118.02171737
510c03bfb80d92d180803887,431779680.16835976
664934c8e209352d2c79c971,426995118.02171737
689ba3a92dd7c12f1965031c,431704921.55183345
93d4c413d2a1ac59f1b46830,431704921.55183345
08b09c586530266c14e611f9,431704921.55183345
7157dafd306fa99e4c2ad233,431704921.55183345
74e15493f395fdd312d50cc8,431704921.55183345
c34c94e7129f84267a5e4fd7,431704921.55183345
fc0572d7185e132770c3bad7,601307484.4914386
5c1bd88edef0a4146c871fcc,650652766.7575345
a28a31f7d0e3fc6298606078,601307484.4914386
f388112376e68ccb2290074b,650652766.7575345
05d1c33ea8c89ded7391ea92,650652766.7575345
dfd84193c81ca8430fd27ad0,601307484.4914386
8b89813a4ae5f9209f854be1,601307484.4914386
d7b9566ffb28c753bea96f0e,601307484.4914386
8062b4109c12a95dd62bd43e,601307484.4914386
6d305d6f3e3c2a53515d5f6d,601307484.4914386
ff143fed55f12a0105f9f88d,601307484.4914386
0fd9a2a99c44c9e5565fc17b,601307484.4914386
7f85c59323701ee0e75abb92,650652766.7575345
19baa03dc4143a83920a7d2a,601307484.4914386
bc23ec33573f28442b36f60b,650652766.7575345
9957e5492f63fa295772246b,601307484.4914386
62e376b22a4cf0d84b7f6bff,650652766.7575345
0867853879129bfb46dae700,650652766.7575345
92c5129009b7e377fa004a93,601307484.4914386
6b9d38e0b9a3e28e3e695be1,609722077.6237421
b6da2728ee41d035da57c822,955927221.3442053
adf5879151c7236f5e055e1f,955927221.3442053
bb31607d0bc3ee4a37fc912d,921799762.4396713
3ef8fee6a5cf42827d8bf562,955927221.3442053
e6016afcc032d20fc9d6f2be,921799762.4396713
f3962b552d34eb8bf38b4763,955927221.3442053
bce7369d51094d3a9d3495e6,955927221.3442053
55bfd350162592f2571e3a0d,955927221.3442053
3f226452520ee8f04e306bb9,955927221.3442053
b16fda9be5edaf4cbcf07122,609722077.6237421
e6f5ae869a5b7a30e8f0fd0d,955927221.3442053
ab0babf6941ef43c35acb951,609722077.6237421
3bed16373c8ae820187e3d5a,955927221.3442053
bc1335d419a1c0f6e6860470,1276499949.9984932
98575cb25b358dde32ad042a,1276499949.9984932
fb50f2f13a30fccc3903577e,1276499949.9984932
7a608479334951a3afdc655a,520000000.0000002
9cb40496518bb99a7a00a2ea,1474788120.3752644
a69ded1c20e05bd6b3a90028,652650891.8560406
71d422db0c0c638e448142bc,562831760.1865021
fad033a3c81708df7b6ee73d,652650891.8560406
99fae85157be04554b236007,417419354.1527587
dcd314dabc7d162cfc29c81d,652650891.8560406
1c65d5172e53b4c7f1c4d6a9,652650891.8560406
cb6d4db44c789fcfe8236b40,652650891.8560406
ee2c509989c7155bb472c5b0,652650891.8560406
73b60c9053ff8193c2dd2823,417419354.1527587
2a487cfffeb12837a5586a41,417419354.1527587
c9d285946ffc4c4b3ee95da8,652650891.8560406
6a21be8a7a429eacb1de8c1d,562831760.1865021
2a7fc28219bee48a2368e730,652650891.8560406
5b169f28ea1dc473ddf11580,359999999.9999999
58b3ab31de2f9fdb0da0dc8d,720000000.0000011
2054c61f0162a18c6fa2291e,319999999.99999976
39940234a26e7264b464450b,470000000.00000066
550157aa4dae5fafc5d795b4,640971065.9228512
ca87bd8401c0c7bbc4b3f286,700000000.0000001
a8fdb6fb681aeae4d5c22f9a,970000000.0000006
998c864a446f06d114f42fa2,779999999.9999998
bc57535516748048e38d4a2d,1450000000.0000007
ddd55d8001b809f304883ce4,417419354.1527587
b9fecb3e6a507ba17764c303,328999999.9999995
4bd30aa3e2b4aa077ae27490,562831760.1865021
d7ee2851bb69088f851970e9,550000000.000001
40eb0c78da8b51b53548d914,995000000.0000004
1097d9a61690cc58a4b91e62,381382939.00497735
6aebff5b1fb3a438c2c7969f,484740454.27619684
af672710affcd7e44eee9ba3,381382939.00497735
fbe3b74f9e11c829d4dc69d3,1196183818.625166
6b7219005737d8660d134ace,1196183818.625166
042bd2cfb2d33467149ece1e,652892213.6580062
d5999beafbdc8acc8a6ad809,587356317.9643418
4ba65b1fb8d8ab0a914b0b8c,484740454.27619684
230864c9c9c5959f9f0d36ee,447418756.6149247
8520fdd4f5fec0ba861ca9ac,381382939.00497735
447dd594fdadb1b12ab32e6c,447418756.6149247
3d405df6e5dd012419f43ba6,989800121.0442181
e120c33346ead011ab7789ce,484740454.27619684
505740f7746e0154932dbdc0,484740454.27619684
e9a427f23e80fa59d9d517c0,331481058.47432506
97388d009acd9e5ad49e7c4f,433245451.5686124
a100f050c34e438070ff487a,433245451.5686124
96d14a1d29b7abc2cad573cd,513681618.1945983
f69e25355ce3887bb1078fef,448131821.30102164
86276ef138e0babab9863276,448131821.30102164
344f3bcc1acdba48c12f8441,614453765.7480788
f3dbdb2b69017cfa026ee18b,614453765.7480788
ba32f2964e8b68ff5555fc34,611949088.9141579
fb7154b2dfd2a48c13ef70cc,611949088.9141579
089dc5de66c6c4132734b9c0,611949088.9141579
5c2ba5028fd94a6b9859de70,453486324.16422945
e8544410d811163a13c6a326,453486324.16422945
74d8df07206df08e8f3dc232,611949088.9141579
6fb4126e3ff41b8052fd0657,611949088.9141579
ba35cce2e715bda1684c937b,951909964.6181817
d7997b9126bef50985bab347,384106744.36784226
da3aafeb2d0105f8e09c051f,384106744.36784226
5daf1136686fc538db40afad,384106744.36784226
88f632cc304cd769e2d4be27,384106744.36784226
c5dc941305b5fb59e66479ba,384106744.36784226
ec422df56b811a0aa42d8bbc,384106744.36784226
bc8bd1feaa8fca4c52e130f6,368922789.66379285
60c116411ab3cca49f7f49f1,368922789.66379285
75ae43992df8ef41eaf9d98a,426995118.02171737
87ee5c7c49ced4ec99f44d5f,426995118.02171737
918f56ffe325f21522cc60d3,481396873.44444823
dae09210f48e5bbe0d31c728,481396873.44444823
c1ae2af40e1ea9da6380b8ee,481396873.44444823
e7b717278f7c95cbfceba80b,481396873.44444823
387f18b1f01b1aae536752e5,481396873.44444823
c036fb38fbd2d1b59ed5b7f7,481396873.44444823
76c510c0ad11fa67f0e9a4de,481396873.44444823
ff46d9f7dd86b8bff7cc305c,339425211.0724998
23d95cbbc056b4456b94c97d,431704921.55183345
fc65a77fbdd07fb490ad870e,431704921.55183345
8f0a61533b6a01badf43b6ed,650652766.7575345
c26990b034ee83450a4517b1,694292091.268168
53ffa19a09c447f3759f86f3,601307484.4914386
86d80d3757377df6f2b8a0b3,601307484.4914386
c757b3960436c23dfaed4f2d,601307484.4914386
fd1431e595693fac0406151d,601307484.4914386
42b6cf2a5225dc62342d3a20,601307484.4914386
6f8a0e8f1bce0243ea50213c,601307484.4914386
02277f636716264116015dde,431779680.16835976
b72459ea34fa22d1fd012dc5,601307484.4914386
cf4ebcab3fe4d12e1a20146a,955927221.3442053
ae2c10850b4a8ffca934cc72,955927221.3442053
0e22a41ec27869c8f83f9be9,955927221.3442053
22a43024821ad081e654c5be,952645337.2256999
2054c223fcd48a48f67d02fd,414422608.2504024
9af6ac77a9aa0c6da3cdaeb0,319999999.99999976
6601706d2133f96aecfcbfbb,420726560.4241344
ce011b7462e9be36184a2984,521677066.8612091
f759f71e444c16a59187a067,521677066.8612091
84cfb0342a0bf2c6777de39d,464142228.06842715
760fd4c893a56a4586030772,464142228.06842715
fc174b19baedc11f78b647d2,620460317.7419374
aff9e510eba008f3ba5c1847,620460317.7419374
a5a4c0f268548993b61d65c6,740000000.0000001
6cfb8a07fc1100569413b33a,620460317.7419374
94301e20cb91669986c4b34f,649311954.7101204
52c1ab7484e412ccbf5d57a5,649311954.7101204
2538cfce1c108ebfb1056c8d,463310801.3117628
d57541684e5c00bd9354cc35,430000000.00000006
123106a60208725514f3a343,463310801.3117628
7f2a2959f5ae816761be658c,1649999999.999999
fd5758238e7ec91e415779f7,649311954.7101204
e3197263bf47b3d37f027e11,649311954.7101204
8e5661e79f4fc282abac1f37,649311954.7101204
cdfc387f8246a1bb3110d724,649311954.7101204
c53f3bdfe8159bae98ab005d,940359616.1633954
200ea08f57fa23013d0e661a,940359616.1633954
603c736378e07570fb985ab0,940359616.1633954
cc019e30685c91634d2fd4f4,940359616.1633954
b0d394d6c9b8967250854c66,940359616.1633954
f7a79e1211fc72e06a3a82b6,1135842162.7150183
8a1ea9d91b3d8a66c6341243,782950763.6690904
22903633f8c4d91158f65c58,782950763.6690904
bb67d95fc94532b1fbe80ba6,782950763.6690904
a8e696037f8747f562ec98fe,491760838.5753464
72e4fa00e8aab44cf210251f,633150319.7081221
d70948f87875325380885803,1071221790.0756547
a0e53cdd1132bd19b8ba0c54,761738772.2628615
882eb7115cd5b8b09fca0e47,414422608.2504024
529d6599d8a64c63566a11e9,414422608.2504024
e26eafffe4ca3c22b7f4a272,521677066.8612091
4e4abc111c07656e5bbdb0ee,521677066.8612091
46e7860100b0c09a6a475b9e,521677066.8612091
7bfbcfd0fb8f5b6d553c2d0d,521677066.8612091
5fedc401fc32ecc4d9ba7e89,521677066.8612091
aee8b22ecf19495fc5894a08,521677066.8612091
313e17c442fa3040065b7489,649311954.7101204
26206185deb023a344eb2e99,782950763.6690904
4a9e2358d64df916e2cfa213,360823734.76685476
2f6515defc3b21d82e0ca4dc,360823734.76685476
a9b18720f68c7002dc71c3af,360823734.76685476
af911ba38d5376a8aa53fcef,420726560.4241344
025b094e1ea7248f4aba72f0,299999999.9999998
f81aa0f575dbbacdbdc681f9,420726560.4241344
848067a69d18a171e7fa34f2,420726560.4241344
e22ca3f1c8073e246079d57f,464142228.06842715
11444a88bb3b230b4feb5b58,464142228.06842715
7a9264f3a12de839a42c1783,464142228.06842715
6d825b439d8622ab90245049,463310801.3117628
d2d317f2990465269ef58c41,620460317.7419374
2860e4435c857cc8a661ec97,620460317.7419374
39c70622597e64c4821d0731,620460317.7419374
2d6f5bc20de99dd0bd4e34bc,880000000.000001
37ac1ae3a7e2a3319eafbb58,649311954.7101204
fe6fb32f623a9e3d5586a8d3,750000000.0000002
501531d637608f7098ba6242,649311954.7101204
69f59487924240bac2e75bd4,560000000.0000006
358e1287e24c3c4fb353315b,649311954.7101204
55e307c88e2a943acd64a9a5,658276512.8177583
19105db21495d546e6792a25,633150319.7081221
375419559910484b17782b47,940359616.1633954
c9d254244e315974cdf5d921,940359616.1633954
adeb9a6ac3d357bd96c019ea,940359616.1633954
b08e0cfc5bdf5bdf5068ebdd,869969579.1741501
8da2439f391c6db92b9260f5,869969579.1741501
d0751cb5e704e28e03514fb7,869969579.1741501
9051c6d14018b4894b560e2f,869969579.1741501
54c3eff286c62f05ebe2ba57,613652195.3110907
975ee5aeee84593bbeb331b1,414509353.25661725
5102f4786cc032e24781c7ab,1199999999.9999995
cfcd97bfad6e013aeb57a2a8,613652195.3110907
f304bc9e9edfc24eeeb720d5,613652195.3110907
bd05a6f6ebf924adf92e5577,806146670.9913008
a7b459470ef58ef3bed7437b,325000000.00000036
37e009a57645b845b1673b8b,390000000.00000054
b70082fdca35092802f8745f,355000000.00000054
8a69b9d7461107db6d16d1a9,319999999.99999976
adf055978a7a8e9bbd88e741,734500000.0000007
6c02bbf7f6b087a1f0c8a47a,425587161.945287
d91017d9c530e058ace2e017,443697014.477837
89016540f8b3fb727d863bec,1300000000.0000017
506b653545eebba4c8821588,889999999.9999988
01fe5add1e7df4b15dd73bc9,649999999.9999996
4911d01ea0a4505d5db5bb2d,529999999.9999997
68bda8b092d5a53a35dfaf07,979999999.9999993
70bec150e1d8ac537cfd90e2,950000000.0000014
0e21abdf04b36e5f6a1fc337,1450000000.0000007
f53efb47de2bca5912ad7517,999999999.9999993
82d6244acae149ed9ed88e8e,503295334.43075645
755a4fb96ff2b2276836f49b,503295334.43075645
f15ae83fbc4e4ee3f646b4c9,299999999.9999998
eac458ffc1da75fa1a4ab384,449999999.9999994
6f7bc7fd41ed908494d8e098,425000000.0000003
12d1678bc86ccdcc8ad756be,790000000.0000012
6e07d31b81f3fc9b9de8e1a8,1649999999.999999
6c618bfe55cac120a4f1e08b,748978755.0522314
22958cc4622a0050d1aead77,456999999.99999994
c7c3da1f12d872a3726736f5,459999999.9999995
ce30c2c7cda56a69005300d4,349999999.9999994
7a26e5936765b409b7b73cf2,970000000.0000006
8d5a73b1d27a66b3f72fa662,750000000.0000002
3b8302dabc47048245acc09f,740000000.0000001
909182c92bbc39b00536ce6b,410000000.00000066
963da21c3c571d7bbc36f1b6,410000000.00000066
a73504d5982fef268f5ff589,604798166.5450978
50563038c05963223b459beb,604798166.5450978
b9a0058c58cabd619e226178,1085259334.4660993
0037d98f6ac46a86e36def45,395539894.22226465
38117bca778373247df86e14,314999999.9999999
4eeb8b5347526d721092a7be,381382939.00497735
0b6cd71df4dde546e665f865,381382939.00497735
bd066d5d19d41c06b904d51c,381382939.00497735
f10e210fc04e3fb073568323,381382939.00497735
9f504cc4e6b170155d38c687,381382939.00497735
3e4c1e6435ea1a9c3150aed0,314999999.9999999
052c93502aa794e0574db9e9,381382939.00497735
343f45e7d178eb780a9a9818,314999999.9999999
c0c4fa199f0ad751930cf78d,381382939.00497735
5d86154fc1769d4dccac1269,381382939.00497735
e1fb88779e55aef2b66f2c10,395539894.22226465
c26af6fdd00a85a17b823d92,381382939.00497735
be3ee4457a26c6b6ad4237d7,381382939.00497735
9bdc79dd02cdf39f92e8c869,395539894.22226465
1d4bafec52ec7575161bcbe0,447418756.6149247
0f15a78ce3ff90b6894fe3c7,447418756.6149247
afa5698724bea14940667231,431603889.30859643
4d8e365b35a6b8ebe6d7a15f,484740454.27619684
6ff848f65f2507e58cfaa231,447418756.6149247
e13947242fe19bc3925919f8,447418756.6149247
c02caec41084656408c2696e,459356549.5994952
d6fd079beb9f759fa4c6886f,447418756.6149247
d14f7f939468e641c43abfe4,384613573.48483574
8f6076f8ed13e87862d82255,484740454.27619684
8d5e662ba25a71727f1eac77,459356549.5994952
bd2f9648ee9ebc1fdbfa53b3,459356549.5994952
da8f986b6ee6f594780f4a91,459356549.5994952
af7131ea57639ce5aa1e102f,459356549.5994952
30e10a03626eeaf8bc2c380e,484740454.27619684
6caf180e36fe18078703db02,447418756.6149247
a40861d6573e4539ee3c23e5,513219667.11763704
d5f905cebe05262cfc44bb11,652892213.6580062
809800b56b7b29399986115f,587356317.9643418
6b2d7f88f15cbf7d998986da,587356317.9643418
a0ede3a514cede68b721d994,569497042.4256997
179d467dacdf674a66c7310c,630743895.1178392
97f9cfef1e35be84ceea2a46,652892213.6580062
b7e01962fda2102f1402a444,652892213.6580062
6665e5bc4774d04321d1ba9f,587356317.9643418
6c09a3ccddc797f77d63f1bc,652892213.6580062
97986583e1c988373765eab5,652892213.6580062
56807890f8587cd75893aec9,652892213.6580062
0f2fb3cf22613a339c88f7e4,569497042.4256997
a967a4f0b1dd36d7264cb408,652892213.6580062
08ead1ac0b9b30c2a72db17f,989800121.0442181
1b989360ec91f5da55806bc4,989800121.0442181
b289cd856f9d15493d31ef6f,844807670.4197229
88668347361a227b6dbba15e,1036452782.470333
ec3f1679451b9c0037f89386,989800121.0442181
9cd01a5cba1674559752f5c4,1196183818.625166
2bd96c7fe678945fcaf9662f,1197521416.1766553
9f118569fb8b084f0615fa22,315981049.2838006
033521a46dae036839ad6c90,299999999.9999998
bc1ee1f8ffe1ac88f08e2459,385297223.65362203
c62886167530efe1f84086ba,415000000.00000036
d58f191c74d26bc1fb02cfe2,638456000.0000004
981b55d5c38361caaddaddad,517013647.81865966
ef26c0f1cd9e3203ad16558f,517013647.81865966
74cd885ec200a0c21fa9e03c,517013647.81865966
fcfa51e5eec6829b9f4f2c59,365000000.0000001
c3bbe8c09f5e58281dddd412,659999999.999999
8f36d25584407d9e3c326e71,827004683.3784107
51f4aec91124a9a96f4c5372,604798166.5450978
b7becde9261820feb7cd926e,604798166.5450978
65070c554133f2b4143fe051,604798166.5450978
c2a2ddb94f60de25378aecee,604798166.5450978
5ec3abf721e13b0d55829bba,800000000.0000002
502aff943d74cd4cbb976dcc,470000000.00000066
11e6e5ee92c97e31d34db891,889999999.9999988
b1589aa1f58f6dffa93a3a61,1290000000.0000017
783ecf989538582ad008fd95,800000000.0000002
1770bd5b0a07a6aa785e0caa,536855014.2292985
53715a484e20d6152c76fdab,536855014.2292985
ef73428a38c201019267afb1,945999999.9999993
932a93e3ee2093d7f806fef8,779999999.9999998
00e9afbd1d27062a7bd40a3c,869999999.999999
a11a82cec7f8a243e2f90539,735802283.2255968
e4a70600296b0bde6c28fb19,800000000.0000002
0a1b1a3d68b04cdcb2d757cb,1350000000.0
7c06a2f06cb4226f9043578c,800000000.0000002
5e113e1e878da12e312cf875,1199999999.9999995
a72f5204153b7c92f52d871a,569999999.9999999
fc17f35d300be9680971f95b,414422608.2504024
13ab6a062601d40843de37b8,414422608.2504024
22abc78ce812c519511f8a4c,761738772.2628615
faee4c33e892029b79b63742,761738772.2628615
c8d39eef5a5422e0da4172cd,318179619.47004926
b13683c625c97c23333269eb,360823734.76685476
00e7c5894c739852052f566a,463310801.3117628
2703313a3e5a6fef2157928c,464142228.06842715
8dd453e986d05c6c1dd104d2,463310801.3117628
22b34331d7ca2ea642d29946,463310801.3117628
23187388f9d6e2bffb88b9ed,620460317.7419374
6b49a668de0edbe7f8110740,649311954.7101204
ef0e5b23069a9fe377b77ccf,649311954.7101204
c37348f8247ade33ac513855,649311954.7101204
1d19edc1e0d907e5ab0899e5,620460317.7419374
c73ee8d419b96c6e7c53f95d,620460317.7419374
6251cda3676ecbdb6555c526,658276512.8177583
d12d6ea066b67c3db9b2dfb5,869969579.1741501
8ba4e8e071e458a13efd179a,516250127.71178997
9b8d798a2c455a960ee74503,516250127.71178997
d663ca1a0d29b4cbc5cae9ce,516250127.71178997
dc3b8d97b11cc2af4cfbcc79,618462270.215877
7d50144c4b2ead9b7b9f594c,618462270.215877
ff9cb7bc0b972d4515ea3837,319999999.99999976
267e46cb9eaec6c7009348b6,461191350.57855815
1769a8ec5ec94aedc397b4ae,461191350.57855815
dadd9ddd29102f529caa3bbe,314999999.9999999
251903f4b947b337e0134415,453865392.60418713
e1b753c283bb9c6d4e438bec,599000000.0000002
16fb51fd3d35db53eebbe5b8,1179999999.999998
8f543f9c31af1eb17ef1e353,599000000.0000002
20c3cb2d4fa486b23eb81bc2,526533864.0509356
6fb9e9ac6d44d3a286f317ae,526533864.0509356
15b57b0ad8794d64a2784ce6,880000000.000001
d9ce31250d4ae25c3b850124,529999999.9999997
f90efcbfcafe544674c02586,618462270.215877
05a98feedbd3f422bf063112,618462270.215877
ea359d571ad0c986f826d31e,1049999999.9999994
b02f1997e6e6f97dc808b8cf,829999999.9999993
307acb7b4044cfa5680e4227,1350000000.0
ddce386b0ad3199ca09aac93,950000000.0000014
9e28972500d8ca3fb3b76fd9,724474450.6733907
687b1dd576eb7d06a08c3439,1049999999.9999994
23b2b5b9f5bf3e1208f5f80d,964431787.6557015
dddaba511b6a18f49b41c1af,964431787.6557015
874e3e3ec6f67c160807628d,964431787.6557015
67ade5109553a9d784886a46,964431787.6557015
6879f05563a9f0748088cc65,964431787.6557015
dce05cf86b42124fc93d41da,1380000000.0000002
1ea5db844a6d3a926480351b,500000000.0000005
4e9acf6e9f80f65178766740,740000000.0000001
a35450284f8dc27e0ed717f0,1199999999.9999995
069499abc4e393fe540777b4,430000000.00000006
cd10d6e28fd7ce92518ea31a,827004683.3784107
3edc0e70e7cf6a21be2f0d53,319999999.99999976
2e2ff1e620063f416a387058,720000000.0000011
1ffdc10c53bb83d3be84c327,1199999999.9999995
3c95dcc4bc3788b4cd5602d5,517013647.81865966
aa592f388454d575e0006206,425000000.0000003
f7e5bf5b0f6157ed1f604d37,341600000.00000054
513c6ea5a3c2c560c409eaa8,970000000.0000006
7cf15f80838e8edf4f9cdead,1199999999.9999995
49737c7682eff2513869b3f7,729999999.999999
4e8cdb49a2bdf68ad8d12625,880000000.000001
86af11931b004aad3fd27b88,498000000.0000006
90921c9fce21986dd23bc645,498000000.0000006
d79d71be963d418a4c9dec68,1350000000.0
c27b2b735106bd5a77a15616,880000000.000001
b6129a71f8e320aee8abd0c4,880000000.000001
26922ebaf11e35a7a320d30b,1199999999.9999995
23f859b889afe2639ad55a21,622996249.5061451
ddf47d32045769c0596826db,1599999999.9999976
1d0c635770f2e51aed4c8664,1249999999.9999979
e6144e15d5cafcfe87c07c9a,523208842.229773
a7c7923f9a4d004eab43413b,1179999999.999998
42b3b56289972176c20c4990,399999999.99999934
b63f49396431089dd646837f,550000000.000001
e0b041a39e732783f98bde56,1100000000.0
409eb9b8f2ba87ca299a7f6d,536855014.2292985
1a46c13974f3634ca6dcb51e,536855014.2292985
4b068c79664179605b145a15,536855014.2292985
afeba13fa3f81249549cd2eb,319999999.99999976
3a3ce11d981d0893ec732e22,498000000.0000006
ed68664efdb7377c33f4010d,449999999.9999994
93de58cb0d8fbe74b0cbb556,649999999.9999996
faa204421a94ef95b79eddf6,880000000.000001
acdb13c4c8e2a48b0bdabd91,729999999.999999
5271cd1cb962066407490051,800000000.0000002
933251193ded6df07c83128a,1249999999.9999979
524e00e537f841c13497cd52,459356549.5994952
a9d4f256527be98066c493fa,652892213.6580062
2207c1ed62f59d6eacb3c18d,484740454.27619684
97ea5dc81ba49ade4f8f580b,484740454.27619684
72488318dfb2181843f17c03,652892213.6580062
76698030899efea431dbb81f,381382939.00497735
e84888d2f22e14a5016ac789,447418756.6149247
d9398ef84ae71419cb7cc82c,587356317.9643418
6d32649478d9d86d840969f6,484740454.27619684
81600c1e6b6e3ae770e40b28,989800121.0442181
68075b0ac8e779bf5e66dd3d,484740454.27619684
6d7ac64b8b9f27f61fb155ec,484740454.27619684
d3bf3146ec856cc26c607d70,1196183818.625166
d12298e0d398e9d21d2e2eed,459356549.5994952
97b69097fee8d8496a6b8c04,447418756.6149247
fa6e53a7107c0e33e3d505d1,1036452782.470333
7279c610bda9354e1c840b0e,447418756.6149247
6f3070318ab65b867b2702f0,395539894.22226465
e08aabb998103a941d24d0a9,384613573.48483574
415e1faab81016a460db7a0b,384613573.48483574
8b871cc48b99bd4190877bd3,395539894.22226465
7240bbe28e950ed75637b504,384613573.48483574
831629494c6d15d5ff6a00a1,395539894.22226465
1cccddc33bd892b44d7e4b7a,569497042.4256997
f9cc6760b1112ce5197bf399,569497042.4256997
0901e845b6c56d4761377a09,466799781.49541926
2a33fa5b25963f3dc928f668,569497042.4256997
83e9507b9ca2987a21d1b195,652892213.6580062
9381bdf491d48236e84590fa,652892213.6580062
c041a933261204155415c2d4,652892213.6580062
a1cd867286d6e82181e5d1bb,459356549.5994952
240d2474c81482baaf79b6fd,459356549.5994952
ddc1c85af165e47502447242,652892213.6580062
58f02c785ee9a506e899b967,750558335.6911374
8b353ba6823f4f800635f0cb,542156756.8658171
68cda50b602acb4efeb275a7,528992096.4243325
96cb3c08c80815907de81e73,545829835.5384568
f54dbd8f0aa752f79c581e5c,638018475.448676
52a438d024af0d5c38627ad0,545829835.5384568
1b5db6af0a1c0f7787064020,880000000.000001
84a7286c91f1ca3ecacdaaa2,1599999999.9999976
bc6d6249873222ac7f22b73d,750000000.0000002
12501015fb631d7c10ff08fb,401654734.5111855
85b633e09a41cf22a10f28c8,517013647.81865966
7acb92246dbaaec1cc7b423f,419695257.9504179
bfba8fe959dd2e44a4202943,1179999999.999998
5325f16558ed6d2689bcbb46,419695257.9504179
d4653d505cede3d24e258d4b,1179999999.999998
5146ecaa8b7ed507c4f30785,746651741.1273832
f5b9cbae30356fb3a1d005c6,676112084.363104
205ffcec56fd884ab24c5600,652650891.8560406
ae7ce478fb66882a2c952012,652650891.8560406
efc9ae02fd6c3f18db866cac,848822135.4885119
2221052e00c236f31e6d5a06,417419354.1527587
54673ffd4971d04493a1b1c7,562831760.1865021
b0bbdcf0916b246ca95c4721,562831760.1865021
1ef15e2b882a0da85858269e,652650891.8560406
9881fb167319b34cc23da955,652650891.8560406
9d2a195e645a9e8556683b4b,562831760.1865021
14acd96163e6b3e17177f35b,449203594.0255082
b2c5af8615b8899deb16c896,449203594.0255082
4c40683e401dae89f6537ab0,449203594.0255082
dd007a202a0a3d56ebc4868c,449203594.0255082
6d9c89a406cf2e755d4172c5,449203594.0255082
7387e7e385063c180f05a7cb,449203594.0255082
9dfd5df5a2efca3fbf2c07c8,570180938.1446292
2a9e75d221912230f98485cd,652650891.8560406
86ce27f9ca03821d13030f18,652650891.8560406
3dbf89c6e97182647bb44e69,652650891.8560406
eaa4893a313d85fcf38dbb6b,570180938.1446292
c57e1c323ddeaa7475e5189e,440549111.1273623
84856812b63dfd9630fa49e7,565226379.5443858
945202a450bea48fa7f2a95c,884291783.623447
fd689e54d5c418dc9f2425e7,884291783.623447
eb90d9e9eb53b44b07ef9613,884291783.623447
79005399fa92d05558fd6f6f,884291783.623447
5cde51bd6de3759821216d5c,884291783.623447
230cb38e035b85a4353220e9,523208842.229773
a22ed42197987a8534abf76f,797624443.5188501
43a2ceffa8ed90bc1a43255f,621858293.1724691
8f2fbced5d357bcd6b1c7de9,797624443.5188501
6e895a15d402ea7fcee98156,621858293.1724691
b6a2406025f0e1fa09690c2a,621858293.1724691
f46d46ccc7fc415433e471e4,319999999.99999976
71710d25975271eb32c0c8f4,443241345.2572725
01b7bb1556b5c32df8f618cc,695000000.0000002
56e5afaecb2cac6293cde16d,355000000.00000054
70209b9024acb3e5baa769ff,720000000.0000011
efb0b413b3f661b23d674b3d,1179999999.999998
251db9c4b7398902b38b4a4e,486654082.7715064
e3e7ffecb903d2daccbf8a53,430000000.00000006
a92ed9a378272ff174ce2688,449999999.9999994
40a53a3f3d49f7905966295f,593923725.2225846
bcf2c303fc03897585831351,1017496928.7422956
4b0ac2ce45d7ee385ca369a2,1100000000.0
85c7e8ac008493b34e8e0176,548658366.8005067
0ff24418ecb6888dd8ec734f,1599999999.9999976
3164e0ecd246b8ed6cb6d054,979999999.9999993
5f52e316136696cdb56e65a5,417419354.1527587
5ba4bb943139d7930cb91650,652650891.8560406
ba12ab0869d66e03df12b6d2,417419354.1527587
1a111211207627bb4c840442,562831760.1865021
9d2ec1ed9eac77d534ed514c,341905519.1585545
9030f17b47b3940c2e2c4093,341905519.1585545
3b224cf6107d815a2e78996c,445981605.4668374
ab0e770ac42dcc82b472c55f,442800727.2208892
75fd66abeaf040fa76eae2e7,479999999.99999934
c31d98f67673691ece007a65,405000000.0
60d5f19c16554cc2d8e5940f,479999999.99999934
53fd196fd0c0558ed1219329,309999999.99999994
27b06d060ecf702fc88c7956,1179999999.999998
dc014623ed69c32abce2d0f4,399999999.99999934
f1a8f09837660445961375c1,1469999999.9999979
b98a462d9782988cb54ced54,1149999999.9999998
6ae4843a827b36bf189a32ff,601307484.4914386
84e4f6c6b5dec0da7f7ca0fa,481396873.44444823
b8f2b9c2e63f0091b6038ea6,601307484.4914386
e54c7ea1f012656f7fafa49c,349999999.9999994
f25f5df33f25576f805a95b5,601307484.4914386
ce9474244dc2d40f357146c0,368922789.66379285
54bc553b5b8abad0ceed4d53,368922789.66379285
e75d4ce522cf587cd66adae4,431704921.55183345
b1f0b12c28c9bd2d16b3545a,431704921.55183345
412e7b9e1de3df8c3dbcf198,431704921.55183345
f52ce56f20251f018d7864e0,431704921.55183345
6641ef09c0bf5f3180952b30,426995118.02171737
ada53307260fa34f3a6411f9,431704921.55183345
51f0f76e2a8cf50ef3650901,431704921.55183345
da482df3d0fc97f9f8582e22,431779680.16835976
55d47b5f3d0d2dd7c2bf4034,431704921.55183345
1a6714ac2350ad371d8280ae,426995118.02171737
0006c9478f4e7edc53d84916,431779680.16835976
dfa7461510c6dbe5e119d106,426995118.02171737
5df95b44c73b249be0fc69e3,431704921.55183345
76bd7a0b87bfb6d2723766ec,426995118.02171737
8570a1d8156dbcc267d3b495,601307484.4914386
94116b7517a06255bf4320c2,601307484.4914386
8ba2d7afde20563e38892304,601307484.4914386
f86ab537a2f5d8c2b223574c,601307484.4914386
9d0d2774fbcb6fcc66b865b8,650652766.7575345
9086e6e757243bdda003878d,601307484.4914386
5a3625846567d06dbe4cea0a,601307484.4914386
f51a78ac4b03665561552b0a,601307484.4914386
561a262410ca91d69a58645f,601307484.4914386
08d90f931e7e0a6f43c9d0e0,349999999.9999994
f47c64c8ee69e744e654d4b9,955927221.3442053
fcc4c878af8bdbda6e1fc86d,955927221.3442053
8d9b143cd8eb71b05d32cd2f,609722077.6237421
ce6a3868227d78852fad9f62,955927221.3442053
d82f743ff414299f8c222db9,955927221.3442053
9b2c7e6cfb2d6c66e1ee8a6b,921799762.4396713
6e9009ad01cf466e8f8136e5,609722077.6237421
a4bf0c02f139c695845c9507,955927221.3442053
16cf0d7977ed97d6ae8d2cc5,1276499949.9984932
d96855b0ec427f041e7a36c3,520000000.0000002
63613a9290bcd9e1bcf2786c,931340418.8289535
32036c1eb131e6cc4f3bad3e,414422608.2504024
ad47e82c9efcfa36ddac0a95,414422608.2504024
d5af3041d95f5e89969c9868,414422608.2504024
f2387712fa17435f56d7b102,414422608.2504024
c1c8024bb6c3635ff655843b,414422608.2504024
11e4350271e9cbb37bcb75af,521677066.8612091
d012efd4a77c5aa5e8d6e508,521677066.8612091
6240b85a47c079cd0efb077b,521677066.8612091
85e332a999931ecd0e04475d,464142228.06842715
4ec02a406caf200b700f5c62,620460317.7419374
f3270f2ccbcccf3046346809,620460317.7419374
bfc5aa443994e3f3f78c6105,620460317.7419374
aa09cc29ab2f2cfc79e5bc7e,649311954.7101204
6eec5b03718975e5137d5e92,649311954.7101204
6974d82e41437d61c627b16e,649311954.7101204
ae3f7f428b49e6948ebe6fff,649311954.7101204
a9a710b78e776c16eec24be6,649311954.7101204
249cf6f96144f769030d1b4d,463310801.3117628
645f3c4490ce43ed68c7df10,649311954.7101204
3413f37549869d2172b76d6e,649311954.7101204
956600c9a4ed31e588f8c593,940359616.1633954
00ba709f184e70be13e5bf9b,940359616.1633954
275c8bfdd3fec33752493861,940359616.1633954
3206523e850b5b5fbce567a3,940359616.1633954
9c9ffb3401ab6ab90fcb555e,1135842162.7150183
4962650cfa3decf487ccbd0c,782950763.6690904
a541b35c62878dc2c425235d,931869366.1428375
2112e589911b979db6e05a6c,829980522.1706964
c9cfeb97323bd6a0564e1903,487863328.70626706
30e1bd4619483b0e896b5229,443630705.422279
48aa146a36aba8a0270a8a1d,1027583318.9066437
678a80840673787b3aa64228,616857936.6449674
392abbc83cfacfe87c401e27,487863328.70626706
51744814dd3a7e60c0791041,616857936.6449674
c6faa5d2ac8e74c26fdaad4a,616857936.6449674
1f2c22839c470363ff41551f,1027583318.9066437
5438c2127072b47e3af428d8,1027583318.9066437
32e182242a654ac03a8f3ea8,487863328.70626706
0a45eb817938241ca988c2e3,443630705.422279
e74d815ad652f7046ba33295,1100000000.0
2887a0d34994d284759db20e,518105858.77862877
621c3051ef29e8da01e6bb2a,518105858.77862877
54de2275006e273686ae5fac,616857936.6449674
b0a0cc38f73c9d90bff6ad92,616857936.6449674
f4df4ad4366bd794594c111f,961769203.0835665
763206de4c26e3825b69f4c6,652892213.6580062
d5ddcb0a54416bdadb4bf57b,484740454.27619684
bf17eca5afccd9cd6299b9a4,587356317.9643418
02888257efaae858fdc7938e,587356317.9643418
1f8ecf6c089ce6168b3be52f,652892213.6580062
fd7a48744bf966e417f34a51,989800121.0442181
655d6eafd78be856479767e2,652892213.6580062
27472c6c6a801eb749b9719d,652892213.6580062
18fd9bee381e7a8c29a44c4b,652892213.6580062
da5d47596a755078a2261328,484740454.27619684
737c83218f0e486ef4feba40,484740454.27619684
2390c275fccc98eb4fa33af0,447418756.6149247
35616923c84423b44d1d1438,1036452782.470333
22fcf0650753e2b5a2fa3786,652892213.6580062
9d8e7178912841c2a1232ad2,484740454.27619684
36c2cae6de0add92f32d29f4,630743895.1178392
699b68daa574a0f169436ccc,384613573.48483574
c3bd0b8277a37832f56be54b,384613573.48483574
6b3411cb8c50c1498572e681,466799781.49541926
fad4ecc419fb64b3f77971ad,466799781.49541926
4034cd9a70d18fe0c883a0fa,466799781.49541926
8f9417de118ef8486538955f,989800121.0442181
33f4f9988387bfc237d114fa,400781180.02897525
40c9f947e826f89c6ff3f898,400781180.02897525
351701c5d1b821253e2c8c42,400781180.02897525
f6b405af32c398147475dc9b,545829835.5384568
45750daec6238508791d0d4c,616211223.1728921
eb85bf9ab77f59615960fbe0,545829835.5384568
0ab6e52af85ebf23432d7698,545829835.5384568
9b13a371ed4724d2e2966447,545829835.5384568
081bbc273db70f1d2cc84ed2,545829835.5384568
e113c48e4e1b53adaca275f2,545829835.5384568
4bb0666c55d174e0280482a0,545829835.5384568
ca516516b33dc09d712b3154,545829835.5384568
631e6aee6ec1f720f3c78775,545829835.5384568
c7746198cb5871bd687c2538,638018475.448676
58a5dacf2f664512c2b00ea2,638018475.448676
6d8998442d831addafbc878f,705586613.7709693
7d4ffe0038b3ebc149d8f4cd,847615880.7266521
55ae7bc854658aa5fa49d368,699014615.9002407
042ff73057dce4d92d383cf7,386061143.53054166
807c04729620ec60ef18598d,432755688.95347536
5dead94ad2dd86dd41448994,458682067.2886937
bb90c874275456d5fe0de83d,458682067.2886937
6ea5fbf037ba7e5c74d7ca39,458682067.2886937
86dd7931177df94a649a4d62,458682067.2886937
58ac250fa52a1ac7ce39f70f,458682067.2886937
2861f1a224b4c879b845779f,458682067.2886937
8d06af8e439c45e0e125de91,458682067.2886937
bb2dedf6198be0f3ce2c4ffb,435143526.9179491
57d8cac189a13c180f08cd2d,422615079.446747
db575f8a4e10a29fe81b335e,616211223.1728921
e8c79fd41b001fb1da0d4fe1,616211223.1728921
b81679b32ea288e9665dee49,1114290987.9556086
841482deb90d19ecb1ec8a06,388714497.25234336
214df9371aa59f68e5740212,516250127.71178997
bc52abbda9027e10b879ed50,516250127.71178997
ce8ce41a36b610be164a25de,618462270.215877
a67412a01feb64ca6e772858,618462270.215877
d87896f889ddfe1ba210d74d,406321461.5624856
556a39ca66e10ba3545f2234,484996225.8680259
50cb893af4ad0e21a69f05d5,484996225.8680259
3b5a5d6536a9fd24f02e8ba0,461191350.57855815
121cc20fd81d6322f56d5c53,500000000.0000005
b9c893f3c3ac4dce40d0ea19,484996225.8680259
47bf8d322af3c13e8868ed0a,484996225.8680259
a4325969a50a14c948446f9e,516250127.71178997
4583a6b01449530079415768,618462270.215877
920e2bd03c9d34e36fc38ad5,618462270.215877
0a59b506798fb96edd7681c7,618462270.215877
e8d2cdda77c1d885e21c7bbc,1450000000.0000007
8abe99f2b71b13dfe7d71616,1380000000.0000002
c07e98122103d1546d995f9b,964431787.6557015
29fdab43da21ed0d22c9c71d,345000000.0
f2ba7982bed03cac394ef87a,570180938.1446292
eac89e705cfd337a99417320,341905519.1585545
40713332e88c6d3a393c8b2a,445981605.4668374
a9aad230d22f7dede73acc8c,884291783.623447
3b7fd4008e14e394dd09a0e9,1350000000.0
098327587a877bd50df27551,455000000.0000001
0379b6a001e4018c34e944da,562831760.1865021
45f24dd99d362f49c0adb875,330000000.00000006
dce1dd028695bfc5a47aa6a1,369277842.5521904
cfeb702df06baadf29f12eda,484999999.9999994
9ff5828e084070628ef2ad96,459999999.9999995
6920e6d7fff656d66844949a,790000000.0000012
31ed69311bfbbe000f4483d4,470000000.00000066
d300473e3d2ced1177c9fbd3,1049999999.9999994
2cb64650b876ccbc7337a0e4,562831760.1865021
3ab2ed6d140698cfa41f2e3f,426995118.02171737
9f8697b55cb665ebb054f9fd,431704921.55183345
7e844f8a24422ec3b833b4a8,368922789.66379285
55a615a3b3919798d54e885f,650652766.7575345
fd26da8e62b5d1155962f0c5,431779680.16835976
ee9171c496fa78b1461acf88,601307484.4914386
d5182c47a954c964445f25d1,921799762.4396713
e064b4dd7b4e64a3e0016f0b,650652766.7575345
36753a5e31b0edb1eecb8bcc,431779680.16835976
c2ee475efec76c46efbf1b08,601307484.4914386
3baeb28cb33d048bcd6e42cf,384106744.36784226
6a6d990b9b1bea0f844d3065,384106744.36784226
e93dbc804920c0bf7bcf8cb3,384106744.36784226
b9ea1b9fc0e46ba0724cbc0c,384106744.36784226
95e98113e39820523e95adf4,384106744.36784226
942ed340950f02adf9749a36,481396873.44444823
8538a41c0e0fdcb3829364e8,481396873.44444823
804289a128775f7d1652cb43,481396873.44444823
3dec1da01706b06f5d6a9266,481396873.44444823
fe004acdfad6ac6b00911ef0,601307484.4914386
6c679d5b6a1c1b74bf483478,601307484.4914386
ba54b5ebc5d4f554bc56dec3,601307484.4914386
5b9469c3ff6b197bfe3513cd,601307484.4914386
2ca6ce8266afc6721d179335,601307484.4914386
94160aa4e5c54bb479b1d0db,849999999.9999992
eea6a2137473c3ba6708b576,364708199.99999964
9969f6f4bfb29e3a97c2fccc,464142228.06842715
68006626a3321fb0de032307,464142228.06842715
2149d04442f73cfc78f93bab,464142228.06842715
01cac7d033166094ab9f87b0,464142228.06842715
15515ecdd35e9f175842a738,1179999999.999998
86f1d6fc54152004e69027a0,620460317.7419374
0bcf7987c4b0ba485c44caf9,620460317.7419374
107fffd601a2bb7a3e4a69e8,620460317.7419374
5a44636153b1d4a74d58513a,620460317.7419374
5ae08e5999ca2ba0a1e2d8a7,620460317.7419374
369e9e64898ea16b7ffefb7c,620460317.7419374
192b505186d0bcadb46b7032,649311954.7101204
6dde6686bfdff12620f198d3,463310801.3117628
503a04e079773a04f2abe075,463310801.3117628
42b5ebbca90572b9cea79177,463310801.3117628
0b6f2534f862a7ef551a116c,463310801.3117628
05e06a93e9f01dd3984a85ab,463310801.3117628
c6706db3eb4f0bbb0510578a,649311954.7101204
2babb357d1d828c49bb89be0,649311954.7101204
3951171501fc51e2d830cc82,649311954.7101204
fb72b8e0457c0199e158e599,649311954.7101204
df865201353bc7b915b56ac6,649311954.7101204
8d1b3071f5396359c0b6cc62,940359616.1633954
c451b61851c8ae1e6222109e,940359616.1633954
e1c33552eeab60683f2f89d5,590000000.0
1d8d51cfdf78f1361710708c,652650891.8560406
bdc8e1a1e06d387f9c7b026b,652650891.8560406
2b36d797d32013a126e15709,341905519.1585545
13b3a55d79b79ea89a73d21a,341905519.1585545
e57ad52764215c3d54740ac5,341905519.1585545
19e11b2d60326895b5e6ba01,341905519.1585545
f6e1752b9f4a0a3c8573910a,341905519.1585545
062efee92601be294d7346a1,341905519.1585545
e2c3acee51cdd03b1f211278,442800727.2208892
9390ae5c166e1a976e53e16b,365000000.0000001
db3aeb3a96304f3c255e8a22,299999999.9999998
d353be29e7ed2c35b920f7c3,470000000.00000066
893c1b081e383de73b9f2e16,416040402.8329044
8302e2afc48d6eda16784da6,379998999.9999996
f1e9676bc91a76740f4e9b0e,652650891.8560406
ce86066ad78dea43089d25c1,884291783.623447
c89ac55660cee4608bff27d5,447418756.6149247
b183776d007d85bef0f6671a,484740454.27619684
e8872302ba40e4ea413689da,466799781.49541926
0afc6cbb60f34f1cf00fdfb0,459356549.5994952
a811af7cf12afb1dd9b8eb86,459356549.5994952
7947f71467036449efb99972,989800121.0442181
2ead9549bab6f1386b7a2c77,1196183818.625166
b54e8d557263624947f979cf,652892213.6580062
fabd2201750747891eb6af77,1196183818.625166
7c3f7b513bb20c918a51dec6,652892213.6580062
0dcc222d83e1bf05f2c2c090,989800121.0442181
3ee3ee47bfa21462a1fd455d,542156756.8658171
1dc3b6ea53413ece15bea33b,876501536.0646443
f44362b932a8b70ad4b99a29,447418756.6149247
5372f93d988c3c917629f9f3,447418756.6149247
5c25ccfc7ae77f1d85981a79,447418756.6149247
4df222356df121a41adadda7,447418756.6149247
bf38bb7a2a7ea663cc8f3d57,447418756.6149247
ad0025f5b240d00936c82f9b,587356317.9643418
2afa66b726ed0b1492b9e01b,587356317.9643418
a528312b77b7f84741c2bf29,587356317.9643418
1cbeccacfa11843a256b2e2e,523208842.229773
d11eadc78d95c96f50b41a10,621858293.1724691
c918e02b3e6d80125a2db1cc,364708199.99999964
b2af005e93b0242e0f62f298,770000000.0000007
ed9703ed896c6118a3458e78,379473319.22020584
8ed11c1d4e7aa1ccf0ea0508,335000000.00000036
9717b066e135a82feb422181,430000000.00000006
294985765f4d12e51a68a451,720000000.0000011
edbeef6a08dd17a941634d49,548658366.8005067
26cc292628ce4aa87cd287d6,625000000.0
47f7065118bcd4c3878e50fc,620000000.000001
e369c63f83c44329ddad488d,620000000.000001
383c0948aac71636973507f4,750000000.0000002
6bd1a412c01387af8810ce57,1249999999.9999979
4b92ca1cee4739104e620871,1249999999.9999979
0123237414f757b9c3809f88,1249999999.9999979
6e36550a6ff6fdb2711a88c1,1350000000.0
1b5de74aea685b506a952f4e,319999999.99999976
d85fafb4d5ec056e6db9a79b,525000000.0000006
cd097f6cd92275ec8ace1f20,1279999999.9999993
ced1f52def08143f0b2b6849,562831760.1865021
89a03e25c43a555b47c53864,562831760.1865021
f8d64df401009704c152bcb6,432145808.7266387
2a5aedaaad2d908122f28f22,750000000.0000002
edd0b57b90629fb00d036e34,909999999.9999987
f8731413b0d976c03b7e05ca,869999999.999999
01abe3cfc94be46c1153c82d,652650891.8560406
aa7f5d0d2fd5474cc67cc70e,652650891.8560406
4912c91afa6e4aff6ffdc6a8,889999999.9999988
9d805330fb0df9ae73003ceb,731263215.9688038
7daa9115f755a6c70411b9cc,999999999.9999993
f5896513d1cb044108d23785,985000000.0000014
3ff2a2fd905d81f0422c54b2,401654734.5111855
02ed31afcba033953c79d95d,385297223.65362203
c2164829374d5e880c1a1f31,517013647.81865966
3f6eba5c365508ac192f2b82,419695257.9504179
3289958459cd87f24089cd14,419695257.9504179
ecc3362a649cf08afef96fc0,419695257.9504179
264e00a64cecb861d2c05b1d,604798166.5450978
d5b5bbf927f763a43190fabd,604798166.5450978
2691d7125e9046e597437f2b,1084999999.9999998
7cf183ed411cf82df26640e9,761738772.2628615
f81107599bc083fec4a13ca3,761738772.2628615
3c2a535f1df831771b859a86,414422608.2504024
9e871ee8a61b183aa9051b72,521677066.8612091
e066ee04cd3a597dac8ced59,521677066.8612091
2f4ed160fe2a21722e6299f8,521677066.8612091
e0ae53aa3cc9e9ba7ce65f74,521677066.8612091
78d727d0e61a7c8b1cf6fb1a,649311954.7101204
b42f936db049a74c7d24b0ef,649311954.7101204
62e9330888566f1f826e1ee7,649311954.7101204
3fcc5ff04edf753621d6cbb6,649311954.7101204
d4ae25b207949fbf0df3b404,318179619.47004926
14bc234ffb3ff7f974afc8e7,420726560.4241344
64fbc9cac3f15c0f1a16f4d7,420726560.4241344
5fa1c8237da8fc7683bc10e0,420726560.4241344
7bf4beee26ba81ad0b884f9f,579999999.9999998
72a47f70aa99d42320e54787,464142228.06842715
07641db461323a5cfcda4f98,463310801.3117628
3af2a1ec9efa6884a8254d28,463310801.3117628
3adca5eeda4939a5ea11444b,463310801.3117628
37d39cb7d3849a784497ed0d,463310801.3117628
b9baaab70cb83475ac3bbab4,587367006.2235363
74e178e2398895d2288e6fcb,349999999.9999994
ec15e2a131d9724b012d68ea,620460317.7419374
ee042a4b4a0bf9a1dcdf1eab,620460317.7419374
35381d7a5b25317d7588ce77,620460317.7419374
18ac3368b1f6d8f7171b07b3,620460317.7419374
3dbb09358256bae5199e1318,637355868.8250777
4662aa1c44351dfe271e3a9d,649311954.7101204
034a30994bb2e0e446e35957,649311954.7101204
4cdbcefc434b48ba3d51a498,649311954.7101204
3d3317303679a6a5a381d0ea,1380000000.0000002
68f4e3d4355bb71db0f35a65,716515020.8099189
b3c77f4a398b61d9c204f8a1,633150319.7081221
3865974fbc1b412f24c47eaf,633150319.7081221
84ab3ece52fe00ee50f057aa,855464725.075305
dcdb8d97ae65daf55570c88c,940359616.1633954
7ea01fd99b389d08ca50c0a6,374999999.9999994
51df325f026f4cc5ed2e9a65,1359999999.9999976
1f11cd977996d909ffacadef,1380000000.0000002
5ae03c0e33dc7d3e0e0d54a5,940359616.1633954
da88bf5bc2a7310ff382be4c,1300000000.0000017
035de58d60807ee2c272ce82,1135842162.7150183
0cf82b1128ebb8d1087b640d,1399999999.9999979
bd8b005383020611b8922147,604798166.5450978
f5c79a564600bcad99c74f03,411000000.0
b11672f22fafd555f940a8dc,449999999.9999994
2bc88a5c4bea2bd00fd8f13c,517013647.81865966
b2b99019a929584b4904b98d,517013647.81865966
678d0e011f710cefa49f6465,517013647.81865966
f7de22825945329521642f49,517013647.81865966
79b5a037bea858706838a62d,470000000.00000066
9f339d547d83b4ef956a3690,1199999999.9999995
127e197a2f70e7ddb5dc92aa,385681215.51353693
65b8c48546af394a924decbc,463632354.34986544
cdc0c282ee62c51e3a20459a,750000000.0000002
ec824ecd0319e05d1ca6a9c7,520000000.0000002
95f27bf0d25bbcd0d1eb9cdb,604798166.5450978
ac0ee54bdc08632efc0d771d,604798166.5450978
904ad71e7d108930d69a7332,469893604.97882783
7f4e6f790de012946197e0df,500000000.0000005
473cb30713e88ecf782651fd,510000000.00000054
59a309a6af425b2028a2ad69,1190000000.0000021
8a1b0f59f86e33a7aa7c2c23,746651741.1273832
1e884932e57cfcab75ebbacd,1049999999.9999994
8e273f1dde4801825fb19742,750000000.0000002
1f9c0f9c3c6460a323171d72,889999999.9999988
5dba98aa20e371c3947c19b9,1100000000.0
51516e102f8d43a07037ed29,1149999999.9999998
6eabd14e55ff090e8a93c727,648074069.8407853
e224f9ffc7bd70369a5e8b68,1190000000.0000021
35cb50346289f0590dd24d83,831349979.2483166
2aecb598de8c74d9d5108d8c,1649999999.999999
69c7e97037c747b93c33251b,970000000.0000006
b9b95c89c988f68429822e81,503295334.43075645
fa2c5c19c86087f207c379ab,503295334.43075645
9bcd34e7a974c977f65925f3,1350000000.0
3611c89dc71078cd0aefd2cd,359999999.9999999
9ab273eca8cd5dd4b6339ca4,388928784.0501806
4347966ceb1770f758cb6e37,889999999.9999988
2a68f627f4dc8060484cdb18,1450000000.0000007
55ff644abd72eaff17d533f0,1649999999.999999
db563e5a1cd9eb1be832bf5f,1283114971.9365716
a0e9310061ff0084d63dd242,689999999.9999988
7ff62b2f8a28d60f6c4237c6,950000000.0000014
c42c59e8a08e8657ab4201f1,380000000.0000002
de28370454624724128a0688,620000000.000001
514aefd8a44ca048a8088c51,889999999.9999988
3d3a318662cbe218db0878e7,750000000.0000002
2714bcd5c0c503c3bee0e0b2,750000000.0000002
5461aeb15c7f826f0ce157e8,388928784.0501806
db352cbc2aa3066ea9b34184,638221213.6650579
22b066e6dbd0f2562a0554f1,1649999999.999999
daf8d6d3f4ba21513341eb3e,1350000000.0
523605d1fbb75b0c5acec5f7,388928784.0501806
c59c2a19b93ca666b7c389d4,638221213.6650579
61e57e5539c40e5ffeb77997,388928784.0501806
c1fc25faadb151c73ff254ec,503295334.43075645
63e73f1b8b385d89de1329c2,484999999.9999994
80ded3bf4f2973a5ceb1ffb7,390000000.00000054
e1f5f0e96e5865370423c142,950000000.0000014
3bc1d407f7e7c8e67f7dd27c,899777750.3361619
d87c489d3572187e3280965b,1300000000.0000017
110d49e1d79a3534e146b300,638221213.6650579
7baf3723bac87b0b393ba52c,638221213.6650579
8e9e35321545774dc1f85776,503295334.43075645
e0d6155cb3cdac98f81d44e8,638221213.6650579
bcf775187c0f5ae1cc0e8ca6,503295334.43075645
a792122a1b292f482caf25d1,503295334.43075645
09fe153b0027697e58bd08b5,318000000.0000004
a7283f1587ffd80f4723475f,309999999.99999994
67a10f161cf7215302b6ca1b,335000000.00000036
f403b20cb52d4ad3f9469ee7,449999999.9999994
643e13f00dfe7787a19b1254,459999999.9999995
0eb7c68fb7ea1e58f3e76345,689999999.9999988
cabf47337c2cd619f12fe69f,970000000.0000006
55c5eeb4861e8cd71731274d,1149999999.9999998
363c96b85cf07dacbb10b92e,400781180.02897525
49b59d19432dbeb8921e57b8,545829835.5384568
818ee3b0c3862d4aae6e7776,369999999.9999994
b15c662c56b19d3843737dd4,432755688.95347536
03243195c467c67e67a7823e,458682067.2886937
5db50c50b523f3d454e94dc9,458682067.2886937
0798af235e9926b1e7e4642d,458682067.2886937
83852e78afcc4127481adccc,422615079.446747
7fe25ebd70b89f4602bee6a2,630000000.0000008
175590951b6f8c6b8b4af9ff,309999999.99999994
d4dd48521efc020762ea141e,430000000.00000006
a681d6e9ccc7bc60eeaf7e3c,638018475.448676
e137b5003b8c8f18892ee9d3,638018475.448676
90dfa0d7be06e7a1dc15770e,638018475.448676
7fb856eba0ae98a40eac3efd,638018475.448676
9f52855eab4ca5161f1fb492,638018475.448676
494580f4974c33d7ce0cdb28,638018475.448676
d972dc3dfccf2a48a6384e54,638018475.448676
7cc8772ebde8902f55e14b44,616211223.1728921
deda3ad684384ed67711ae71,680000000.0
b288c52e4d0fab9f579122a0,1049999999.9999957
0bc16b384acd3f8263e386de,1024999999.999999
b40d1d2b7c1db9cc57c65fce,803938749.0319791
c2580329ee6d7a03925725aa,803938749.0319791
7e73516d57a251061b3916e0,950000000.0000014
7749f3bcfa8339444b0a8b7e,420136430.7990245
557e40fdc93c1824b0bed769,420136430.7990245
edbb5db63dbd0452c51047a0,416899395.9295166
383af3a5794a0ec3efe78b2f,416899395.9295166
90ae7af091c23957b88de5e9,425000000.0000003
b1d9704dd39c6cef28ae3d17,550000000.000001
44916ca9b874075f55949f87,548658366.8005067
0515734883eea12cdacb7aab,621858293.1724691
faf9f8aa50d936c1465e880c,621858293.1724691
f37c9693e058492ec3715de9,621858293.1724691
562c7846b05072561d96698d,621858293.1724691
4a629aaf60a113402834c042,621858293.1724691
ccc4e48073c3da10a2e2d08a,621858293.1724691
8532c64eaed74b64b4d4707c,609999999.9999999
528a96aa31409c32bc9f1f63,1072380529.4763603
36fd9fc1f1d9b2e10c1c6463,414422608.2504024
91561030d87ff5bc0a497f1d,414422608.2504024
eb09010915ee68091d6675d4,521677066.8612091
56c41a58ed5b9864b68fc910,521677066.8612091
bf6005f6f71da582a6fab8c7,521677066.8612091
86ee80cbe81724e6919bdb73,521677066.8612091
0caa7856aca178f826fe90c4,521677066.8612091
9e41f25cf2e77f3fbe903368,649311954.7101204
019f4a25794ef01294845b51,649311954.7101204
d6fc6059bba177ab56d85ec6,649311954.7101204
436089e2bf605d00849691e8,649311954.7101204
02a9c37b3d92a6da473c6fbc,649311954.7101204
bde81ef5ff9edabfc7e30d10,649311954.7101204
379fcab709c66fa146d3491f,649311954.7101204
28ac1562ebb5050f1492f576,782950763.6690904
e68f5a98070efada9b5538ee,360823734.76685476
80aef024b0ecebb01913504d,360823734.76685476
f45161bb79292e974dc88b5c,420726560.4241344
6de3c3d53d6aee18ccdee958,420726560.4241344
5f2f7596a284915ebdb81a35,464142228.06842715
291fc50c4ffe7935b01e5d9c,464142228.06842715
42ac33321bb1920fe2a78036,463310801.3117628
c8e00b4dcfa2d05d6a7fde26,620460317.7419374
5c0e328a04f881674ae1046e,620460317.7419374
c28cb417dd28fe4d4d41d114,620460317.7419374
8e160f094a0425aca23f04ac,620460317.7419374
a8944be7383b5689b5039c87,649311954.7101204
cb7ed5960f325114bd3489c3,649311954.7101204
275d73c7dc0fda7cbecfea89,649311954.7101204
85c24df2d836cc8addd9b7b0,649311954.7101204
0fa87864632b7bbbd161f879,950000000.0000014
c7f422224808e043753683f8,855464725.075305
c51d1eff1b6d29b4164df520,970000000.0000006
b50e8c13de383e64711193f5,417419354.1527587
1308dad458274c698b2fec72,417419354.1527587
6a1024c5da689de67bdfa274,562831760.1865021
6e426f60d25aa8a4c6f8c9e9,562831760.1865021
b80f3a46440daae51308d459,652650891.8560406
f59ed9b8ef1726f1a55a4dc3,548480655.2432612
368eddd8b6d39bcc7124a41e,455000000.0000001
391cfff759030283411dfe1a,529999999.9999997
4f140229175de685a0999773,750000000.0000002
cd365053914fcde97b7ee9a8,445981605.4668374
16a05fee8dfbe78d26664c3a,550000000.000001
c462f0736fdefd319cee232e,570180938.1446292
b419d977b283e33c0b3da86b,729999999.999999
6eb27e2a66d08a8a60567272,652650891.8560406
7486ef139d41d91423317e0e,652650891.8560406
e663064dd77e3c63ab9222af,884291783.623447
9a6849637f1b8332ab289e27,1350000000.0
498de85ba30cb01e9c686081,400781180.02897525
3507f260c3c6e195fc444533,400781180.02897525
e538d52c9b2dc994491be3db,400781180.02897525
f016ba59a64f287099fc4af4,545829835.5384568
380ae516dd46442f97acfe14,545829835.5384568
c97e4d7e08db3171290e939c,545829835.5384568
f7847aaf1491103fd931aa5b,638018475.448676
08f6bf438980d55b35ce7537,638018475.448676
a6a06973b5a4c990d5873b7c,638018475.448676
6e26918c69487a735a639c1c,638018475.448676
cfbc690c55e5c2bd8dd9d89d,638018475.448676
56fe5c13f11813b82dfb04f8,638018475.448676
296f0158b5cc1541cfc8419e,1043882739.5951464
6ed2970ed02a3e50ac984aa1,523208842.229773
4c9f3af11fa91e729384580c,621858293.1724691
2ce779caef0637db97954912,621858293.1724691
d743892816160218a63dcd35,621858293.1724691
758efd6f99db309c67cefb12,443241345.2572725
a4146ec09d782b08e8198e11,889999999.9999988
f415c2bc1bc0fdca091285cf,1469999999.9999979
39ef4fb2a43fa3bba15a0b16,1055082935.1287992
874ee4f1b9c6dfd3d2358834,1499999999.9999979
e9d514f90ebff0de1936d09c,611949088.9141579
9f15c77d67021f349714806c,611949088.9141579
a600ed86cff36e636d204f39,513681618.1945983
58f55e9bf743e2e3ad43c274,611949088.9141579
af1aeb2ba89d29973f73511c,513681618.1945983
bee721e93b8d8e7cb37dc992,513681618.1945983
bd52dc8dc5398e5ca2952473,391463330.46525043
b71095bf5e80bcefafb12d52,337638860.3226826
a7f48fbdf807da68594e9ae0,391463330.46525043
50de04936770f874e1eb86c2,391463330.46525043
2ea47ef8f02712c32613fbd1,391463330.46525043
27eaac0ebf8a5ee99d143218,453486324.16422945
ee594b6bb0751dab39055b3e,453486324.16422945
eba0410242fa1e8dea90b194,453486324.16422945
a619d30d6f2e2aa3b9613c04,433245451.5686124
df58a4244134d3493f3c9f30,419999999.9999994
32dd96f4f07f67806146ec46,433245451.5686124
a77ef77ffa731e8980d36b27,513681618.1945983
a2a1665a693852185673f6c1,611949088.9141579
8267eeb41ed1e68144301a3f,614453765.7480788
887ba6b287a8b3ccdd5691b5,614453765.7480788
1fc94e9dec93d52e0062e07e,614453765.7480788
ffd3d51ecc85abff64258e1c,611949088.9141579
3eb79541c2ce9413d2c54736,614453765.7480788
fcefb2186b13c8bc39b17915,614453765.7480788
d4a43654382201db5d318dca,614453765.7480788
15fbd295328ad698d3c76aec,614453765.7480788
7f5e87fbb4952caa0cb658e2,611949088.9141579
9d348aa70957592dbc56ef32,611949088.9141579
2ac1105447a71f68a50105d1,611949088.9141579
d8ba9eb448ce35ed404e68e3,767351534.1410767
21d42e80f6f818eed990bfc7,951909964.6181817
81c890b0d7cf787a091d4081,951909964.6181817
518858c561af5c13c8aef9f9,951909964.6181817
01cda25ee8545b9fe19717ed,951909964.6181817
2c34c1e1655e87ada03f411a,979999999.9999993
48f9e9a87e7fc0a678460e05,794112435.3590788
76ae7be5da1785c37736fdb8,1043827908.4292
3918fa99179953461fe07f2a,1043827908.4292
305080502cba05a1c165560b,466799781.49541926
5c3aaf3f75d6d3ae9b55cee6,391463330.46525043
2ab263b5d1ba72fa562d64e6,951909964.6181817
6d13129db564ad15e69fd534,614453765.7480788
7de7a2a651273df62aa6a21c,611949088.9141579
59f9cc9b23cdea5bd4cc3ae9,448131821.30102164
d4436ad417941fde0aed2818,614453765.7480788
80ab8d9f157c25b40f102854,611949088.9141579
06ca01d3ff86406e896b6fa6,448131821.30102164
88f36882dae9a0487383b769,391463330.46525043
da474e23f34cb63de4ef28a4,611949088.9141579
04f968f1873a655fde8702f6,398645221.99822015
1dc1a51628b8eb1bba214498,331481058.47432506
e7cb4cf600b9d931eb295c71,513681618.1945983
9052c644813d546987a72305,415764776.8109399
1e32a8825a7ea79c28e27a8d,415764776.8109399
82f34c2a6644c4cb0649c44b,611949088.9141579
95815bf7c79e4bff3f41b233,611949088.9141579
f64f642775ed2c9f45aff215,388714497.25234336
4cac81eebdeb45eb0e8aa5fe,388714497.25234336
c6da2874d2dfbb2ebab542bf,516250127.71178997
e7c08555cb8f5c7d0f32fdda,516250127.71178997
10b7c99bee9a4a21e1f32d50,516250127.71178997
f21625fb82740d6f4cf1c325,618462270.215877
1c3236613cf95c84c5791bdb,618462270.215877
b11c3a4642f7eee2e443eb32,618462270.215877
cd08976dc2d69110375f8541,346315766.2085593
a44c7ace8ab50de7ed8e5a66,346315766.2085593
fa8f13da6d8be3bc1f05fcee,346315766.2085593
77bd7837b02bd8f2c290c9f8,405508487.90567666
11a79681fb0a3f6eedf11d1f,461191350.57855815
70c3b086af66b0c9db4b0b96,461191350.57855815
64ea18085495f759116f62c9,526533864.0509356
ebf4bda17341de806444ba83,526533864.0509356
54228579fd8812c3ea160341,1489999999.9999998
dae0265a0f2f79d3dc010ac8,618462270.215877
7340afa659775cc18d83aa4a,618462270.215877
5ba05f67a77cebe5cda31e74,618462270.215877
33dfb510aae260ccefa4d349,869999999.999999
82af190e32398942775056d5,618462270.215877
a9b9263f6aafe8531f3dadca,964431787.6557015
9a38e7293e9ad7d8462eeaf7,1202661524.2712462
5852773a80f7f1b929c7dabc,1450000000.0000007
52fbef3effd854b0ad0f62b1,803938749.0319791
0016e35cfd881ee2e37b49b3,458682067.2886937
380759598c614cbe10ae4bfc,1043882739.5951464
fb63e870ceb7ff355299f3da,458682067.2886937
285b8cb5e9c887794ed2fd1b,458682067.2886937
f003a46a1c8e04da0052d72f,432755688.95347536
a731b326a61043070c3c853b,458682067.2886937
d2644b46136fd95c0fc2353d,432755688.95347536
8248697f70c21fa361840755,1043882739.5951464
075b5c16441d9d67cf638386,400781180.02897525
6bb2ac0cf2369cd8fd85bc12,545829835.5384568
2c0b3d69fca6677ba9e95327,638018475.448676
c73ffac843c155f24985e6f6,638018475.448676
78b57a58368ab056c11bb0dc,422615079.446747
90b25b6b913c1bf0396c149a,638018475.448676
fa29c89363ac9cb59667a43d,422615079.446747
eba756e88209c420d288c4be,422615079.446747
e7081fb59ffa298320321633,638018475.448676
db1c3ece26da7b342eb7c8a5,422615079.446747
f9ef8fcf24d28ce11e71d758,695243469.1808552
2f854c9df6212c39091bcf28,515018029.26694816
ccc66d77e5f68779b1c016db,515018029.26694816
47d288f8f9227013424d6976,305000000.0000005
3e891afdcb568befebd66fe4,620000000.000001
2d1f036c96e92d9c557605cb,393372393.56524795
dd9d63c612aaddbd86676c34,430637220.397177
13cf784fb3553f75acf25a4b,393372393.56524795
57dd353ac00d0e99abdb3733,1350000000.0
ed0051ae106fd0df60a14586,756306816.047563
0997324f14c5823413463546,1288337501.4113646
e2cdca1756b1635dd1ac2b2c,601307484.4914386
7700df9486a1684157527739,384106744.36784226
e790b21630ab963a65c53df0,601307484.4914386
2bbbd9878a1e7c55bdacb330,601307484.4914386
decb25b7fdc0eb259831cc71,601307484.4914386
fdbc74fb5882051327b3caf8,481396873.44444823
39dee9b1661292cdda6c4823,601307484.4914386
354e2de1e3a81a63e7fae4bf,481396873.44444823
f80b9e8c51cd71c5be281652,368922789.66379285
a96b19e82d9811d5de1ed0e6,368922789.66379285
5e5ca2753a908aa1b7fe80a2,431704921.55183345
495b6e61d1b887f8b4c1bcbf,425579068.64689326
ad8ac9edabcf2d4b06ba9fc1,601307484.4914386
359f6a66a407e30b40979d2c,650652766.7575345
ad351bb6437583ec871b1739,601307484.4914386
262b1c8ce7db2b4aca2400a1,955927221.3442053
6808b10f5876ca36f569a4b8,921799762.4396713
54c74b36962edcc922573792,536855014.2292985
e7fc4e6b1fdb38ffe68fb680,536855014.2292985
1c9325df5599379a73e18053,613652195.3110907
8c9bf9031bd378c1105e3f3e,529999999.9999997
be70989d473cd731f6d8e580,443697014.477837
46136f5f078dd31170c58e64,797624443.5188501
7055f85f7749c4646577a51a,387964919.0783266
861aa922b483f9bf7884dac5,387964919.0783266
45f18e0bb676d2495a227dfb,432755688.95347536
9cca7c1e9ff65766c8dd2e29,387964919.0783266
b2b7020e66872c8d83468cec,432755688.95347536
7634d7acd4197594271c84d5,387964919.0783266
11ffdf367d817b582d590db7,545829835.5384568
103687e73b0528ec29725f1e,458682067.2886937
8b5369b126b75c497b1a7b73,458682067.2886937
b33c9b03cc12a253e4936cc3,616211223.1728921
ab177c5d60492f2ff087708a,458682067.2886937
05bbd028f30492fc0a9f35d0,458682067.2886937
2b9fd26383758104d567d474,458682067.2886937
4addcabbe23020d3d0d46ac6,458682067.2886937
d93ba0c32244c455e0f7baf4,458682067.2886937
92b772a38d5e38bb51a3f621,616211223.1728921
135ca1dc80ae4d9993ec46f5,458682067.2886937
ed5192bd8038c77ed2e46f0c,458682067.2886937
3a878d44356885ea61bd882b,458682067.2886937
c29c69bc6758d5976024e455,458682067.2886937
dc486a3d7e9e2e608ab2a7b0,458682067.2886937
1a34acf8e509659534a56b63,458682067.2886937
5716ed7d678cc2575397174d,545829835.5384568
444c68a7a6cd0b794768d5af,545829835.5384568
8a724286cf661794084aa87a,638018475.448676
ff9c4796bc3ef18ae7bb724e,638018475.448676
35984f749eeb84eaf938bb08,638018475.448676
0998999f12dfdd50c597c6c1,1043882739.5951464
58bc65fd2e0e4430fb353d83,1043882739.5951464
fe483817d899e0044abc3787,638018475.448676
183a8459fa248605b8b5bc1c,638018475.448676
a1f0d61cef676fbf798b5473,422615079.446747
d7d3cd587d291f389ba2e8d1,638018475.448676
ff8e7294270343a00978dbc2,422615079.446747
0996cb112fc3919564e87c37,638018475.448676
f183e3651c485e0001e64880,1043882739.5951464
e28474959994ea9c0c2eeac6,638018475.448676
682c0a5f5f3130a61b5214d8,638018475.448676
245663c600727f7c214063c9,638018475.448676
dea79d1b25bb9c78d331e3e6,638018475.448676
ba212b5f12959e34b4887315,638018475.448676
dd4eb14b56cb00130955d021,1056274646.1031712
4c94103d4366bcaaee4b550f,803938749.0319791
7bd9cefba3f5dab498ef926c,1499999999.9999979
1d7a2572b466070f08c6e564,515018029.26694816
a38e7af984a471331b2d758c,695243469.1808552
b6775aefafa4dcc161eaf6d5,386325304.7728167
8654295684292e74d0245238,515018029.26694816
f0ae62ce6eebc4d07415c48d,695243469.1808552
969219d7b193ac92e7a008ec,515018029.26694816
651d6af0968fc05584cb3d25,515018029.26694816
4f992c2a0526c0074bbcd875,386325304.7728167
9536c686b6ec514d92493f9b,515018029.26694816
5384587ecbf956275d86e60a,351195225.14091796
bab5690da7c42909464cb9a2,410526683.57421875
bc91072d808fe7b43e972f42,393372393.56524795
37cf2c5c1c6fb6e601d2f76e,415000000.00000036
4cdaece5d1dd4e089a99f47b,513809303.14660436
b37af80bba5adc197cb51649,569999999.9999999
552152b60bdc1ca16d2dbb71,695243469.1808552
32354bff9df0267a5e139156,848999999.9999992
fe4a6d7d7ed28b85c5816fa2,500000000.0000005
afbc7773755043a40a7f9d6f,400781180.02897525
daf2efda70c6f3cd9257d0dc,432755688.95347536
66fa7c9e82a2876216b14b1e,432755688.95347536
e34517b1563d829104e230b4,387964919.0783266
222a35842b0bc09f48e1d0cf,432755688.95347536
c5a64fe5ed5901734d98a22b,432755688.95347536
05db9fc492801eac98f69c7e,387964919.0783266
6e4ce81e713a571601d861a2,432755688.95347536
79fe5105ed7a7861d3c0187c,387964919.0783266
70ea911907d320da1f7f9c41,387964919.0783266
e60024d6e0b5aa52e27a3b5a,400781180.02897525
bb63f086543cde77832bd4ed,400781180.02897525
b3c2187fa96006fecc6b8ba0,330000000.00000006
9499edd83df77bd6a90560c8,330000000.00000006
a947158782fe2832cea53040,432755688.95347536
2e1608b8c646a102e27df16b,458682067.2886937
77fbf1f0c35c1025ea4803e3,458682067.2886937
f9e6a759b069e04b0cbf0182,458682067.2886937
1e158f436f2a4caedd1563a2,458682067.2886937
67af004f80b08fae38f472eb,616211223.1728921
386ee01c3f7bd8bdb91181ad,616211223.1728921
36ffb5566bc35fbce9e42679,458682067.2886937
b58533a6850620b0960db713,458682067.2886937
41353584f956b9e316c6c67d,458682067.2886937
b1d1bc7ea83d5c584988b95c,458682067.2886937
6b1c0866e6f12f7fa8de94b2,458682067.2886937
fa4fd8380dd2620c672facc5,458682067.2886937
44394e66504a4d77587ee105,616211223.1728921
d841d6a82425710e36460f64,616211223.1728921
33501f96ba3b02da073d586d,458682067.2886937
831693b6fb81df1359e45db7,458682067.2886937
7192b9d32e4ad55f6af9e241,545829835.5384568
4f99b97100d003ba3a2ecd46,545829835.5384568
83d969bfc020aea27d2b829b,616211223.1728921
39be6f994f2cd3d68b51126c,616211223.1728921
712f16cf2506710d7f2a2e8d,458682067.2886937
7ba618fdb1fe8694eaecb64f,435143526.9179491
d8735967c942d1a7b0cff7c6,638018475.448676
b4ef40e00d089a35d750888a,638018475.448676
7d73a548c2a29ef2d9655e1d,422615079.446747
63131b8d125073c7dfec72f2,1043882739.5951464
a65655a4f42564ac48bdffa4,638018475.448676
033d3f8ff56907db4c453700,638018475.448676
05e8878bcb68d03e3b656eb3,638018475.448676
2ff0775d2c131d19804f2a2e,638018475.448676
9957ccd807718945178bb847,1043882739.5951464
7bcfd82ced5d6f1ae390d388,422615079.446747
adcc03f332b427be46f118a5,1043882739.5951464
b5dd038cf35169bfd0e62eb7,1043882739.5951464
35b789e1d63f8f25980d21a1,1043882739.5951464
c9a215f284e095850c809425,638018475.448676
d26efb0e1213e19c378edfbd,638018475.448676
9990217fa4eae1d1c4ed051a,638018475.448676
2e9390c4423db604e1c7c4ec,638018475.448676
6faf9b6c30b176e36f2f1d32,638018475.448676
5b83d91f4d6364d3e4be1428,638018475.448676
0d9616f0ac8b0c2e9e0a97a3,422615079.446747
9c9fd309cfb505b628f84fab,638018475.448676
98b77fc0888335702d082f8b,638018475.448676
051d68945b95562009d4029c,638018475.448676
eb8021804e63016fd934c9b2,638018475.448676
ed6c8c45bc8c1d160cf0d0eb,1043882739.5951464
9fc8c3523883947769b2fe6c,638018475.448676
3e9cdf767389ee551b5349a3,422615079.446747
512effa47a1c7a5420bdcd6e,428673201.83720636
0768e70fbda0e09b88c1548a,422615079.446747
acfa7a1cb136e4474b7efe32,638018475.448676
a343e6ec6eadb287711d3834,638018475.448676
a698d80ede6cf6243fd9ed99,803938749.0319791
fa5c81237a94f2f78f05977d,847615880.7266521
999c8da7dbed7412dcbafb70,847615880.7266521
c33613eff66948d1bb8ea3bc,779585202.2909756
a642351076b7706a733dc52f,775872605.3396752
c69e08214cb1fbc09ced0971,340000000.0000006
48a20e676a060954308c9ecf,319999999.99999976
304ce5835e685778b1c2b6a1,515018029.26694816
c859144477dcaacbc1654a8c,515018029.26694816
98865eb2f40b8a30893cd351,515018029.26694816
68dd15c8e9b71171348ea24b,840000000.0000004
3c660885ddd7e98ba5ea26a1,1350000000.0
c670315562766401f92913d0,536855014.2292985
777a8d05edda0a335d89e90d,536855014.2292985
81f5c32a2c2d3b32329a645b,613652195.3110907
40525fc425906c9485f1ddfc,390506735.05298537
8b6efcdb553f6e936bd90f3e,425587161.945287
94dc108f1d146641b221cb81,363877832.0445219
1034ee7a5160fecdb5e8c27c,425587161.945287
48b34600046c903f0ae4e6d1,1300000000.0000017
edca31377b4f7299f8b45187,1320000000.0000005
b1586cdf68f36926c3bf72a2,388714497.25234336
70b15c2a38c404e62ad05171,388714497.25234336
ce18358366157fa869bf3833,388714497.25234336
6883fb90099426e6f3922909,388714497.25234336
1b7151cf29b565b2f1caa559,388714497.25234336
f2ec3a3598c99bb8c38cd680,388714497.25234336
38026eb43ff9876cd5767ac3,388714497.25234336
9f68ff98e302ab06df4fc672,388714497.25234336
2d2ee255ed2144b9fa1fcc39,516250127.71178997
029224b78e8f358aa9c38e94,516250127.71178997
88da5851280dbe750968c565,516250127.71178997
1c67456195075a051513b28c,516250127.71178997
9741ff1b895a038c32205784,516250127.71178997
75fdbee42ec89d428143066c,516250127.71178997
9f27627b9e439fce085cb01c,619328865.4641265
a4a4a57cf20ad739291aafcb,619328865.4641265
84a074517742e09a7eb6f320,618462270.215877
28fd0437736c1b17c7ea1f33,618462270.215877
beadf1de0732143f0699895d,618462270.215877
b027f75411dce9c742c5d0f1,618462270.215877
182077fd9c5142d503309490,618462270.215877
b1df92683a593edc3f2b45ad,618462270.215877
38cbcd7f88c1520fa083af9a,618462270.215877
8ab5eda5b66a6c2becffad29,618462270.215877
e68ceeb098f60054c19fda0e,618462270.215877
e6ac4d158437142c15bbd4d9,618462270.215877
a448d8246781ae78dae61619,618462270.215877
4e878e99ad2fc34400381c3d,618462270.215877
beaa09cb49a98e8025fd7e8a,618462270.215877
3df855d8893dbc62eabd95c6,618462270.215877
cbfc3ca911ca23517da8c2d0,618462270.215877
a020e479dc5db78794a5fa77,618462270.215877
6247fb0e5261d4225f6c9f1e,618462270.215877
93822a34ec8dcf104e7f49c4,618462270.215877
17d311554f40ae8b40234c31,618462270.215877
762e044ce9371d7b8c7acb6f,618462270.215877
2fad468e1c248f40ee3586ad,618462270.215877
fc25df25f4151a16cf0c90f8,618462270.215877
39c1613acc0ba4fe622c1f31,783467372.4300083
2c15a0733cdb932ba8f2225f,783467372.4300083
1db68ed64501f35c51d74c5c,783467372.4300083
1d968cecf268a7f14def1af7,783467372.4300083
77c886207faa6965238b152c,319999999.99999976
86242b25bcb2dd775d25191a,461191350.57855815
a8b457cf82926e25cd862af1,880000000.000001
fec1212eae4e6369d5555d8c,526533864.0509356
8f59ec48e38092ab01c23e33,869999999.999999
490b89e972abd7e64b5ba6c2,526533864.0509356
f8f217756d32f31faa784c2f,750000000.0000002
1c2ec62e8ebba12c6146a04c,618462270.215877
2afa1699af46ad8124f76e4e,618462270.215877
8c1695c9a31de0f956e4ccdc,618462270.215877
d88bba495701ae7a44eecc64,1049999999.9999994
00571815d5a7f208eb3e7737,964431787.6557015
d626a635ee75c23aee2fb327,1620000000.0000002
7e3937cfe43dc906983fd321,1199999999.9999995
ddd8906ea4a22b782c7888bd,599679802.7357395
258abe0fc321f6b24d37ad86,487863328.70626706
f637a4885488bbd499199148,443630705.422279
97f5e6ee143998e0b3fc97c0,487863328.70626706
be4b96920e3aa5c57baa13b3,362236368.2708344
6e7f3a0cb6246f13656fc95c,1027583318.9066437
0cdcd8cd52bd1967dab88a5f,487863328.70626706
83da19e7fbbca11083090574,362236368.2708344
f0cb484eb3f6e04b5b1806ab,487863328.70626706
fbf8b0f1159e89428778c847,487863328.70626706
7c316b981173919b6cae5516,599679802.7357395
d6496a3215daad9089fcd5c6,868845517.6978364
e104567c1cc70000692f502c,599679802.7357395
c4476befe0002dcd0c315993,487863328.70626706
3008e821640b33a8d70beec9,409581831.4681532
9eaaf577807d86ab64fb14ae,319999999.99999976
9db120a76af04028d2f0ce68,319999999.99999976
81e1f8b1c0e3b15f2ebfd84a,409581831.4681532
9943a2530009f62cab6b466f,309999999.99999994
a8052c48a500926214eb2e1e,518105858.77862877
3335313b9060ff29782906b6,518105858.77862877
cb93bf58a01eb262cb003061,616857936.6449674
0e04f84529d92f2832ef986f,616857936.6449674
807d7f5155bd299afbb6491f,616857936.6449674
76558d67def95bc708039f05,498999999.9999994
bb19983466b1a1184ee7ea1c,616857936.6449674
34067d9b2b4e45be1e5cfa32,748331477.3547897
1c4fab7d9cf798617fa90a19,384106744.36784226
b4d610e0ecfe007c133a5ea4,384106744.36784226
ffbedc0873b99654d10188a3,384106744.36784226
ac413fd87de33153899a1d04,426995118.02171737
83349bba5fbddbfa2db5078a,481396873.44444823
0a759932f763df64a463ac18,481396873.44444823
fd9ebf37acdbb0e4bffd2fb3,431704921.55183345
f725f6ebcc3fdeed22bee385,431704921.55183345
ceee9fd6e692196b960443d8,431704921.55183345
bc10eea54e4a1767881a2391,431704921.55183345
4ed5718470ffa3e5b5f40bae,431704921.55183345
debd031585e9527fe00f116d,650652766.7575345
23b5f2af5d39edd25db6a522,650652766.7575345
f51000446ab65417942e535d,650652766.7575345
e6ed64435c659f236cf213a8,650652766.7575345
b160d30961ddd3dac16184b8,650652766.7575345
0cad79296edb4b18582dd77c,601307484.4914386
7bbf8e16cc32dec423afa6b3,601307484.4914386
acf98212eb702c79f16bb058,601307484.4914386
1747dd033c2c2769974a06af,431779680.16835976
d54e80ee72354c70cb84323a,431779680.16835976
de901d3433ade456e9edcd79,431779680.16835976
3fea10126c0c651f02de7167,431779680.16835976
f823f6d95b4340e8e4dd0d57,431779680.16835976
ff6fa86afbf9da2aa8eb7991,431779680.16835976
a966f298e8d4d3d580a72d99,431779680.16835976
5b0918cab84af6fa6c464037,601307484.4914386
bb1ece5366ebb2ef9d52708d,439999999.99999964
fa926bec03068764c8545d41,560000000.0000006
3bb987adb4ff573ef09b8c12,369999999.9999994
d7fb188814d4c118ccd83989,369999999.9999994
ba511b37b4bda08d191c68da,550000000.000001
3c2f62f464aa5c48c470bff2,613652195.3110907
3256c6c6f30aea9cc79b7283,950000000.0000014
9844c3773f7a50c71f218e99,979999999.9999993
23229e392dbd8fd9d80637da,869999999.999999
e0f47a028df2dbe9129cde7d,1100000000.0
a12f0f00148e564ef78838c5,1320000000.0000005
d3ace27450b980262ba9bf76,1320000000.0000005
0668a4a4521c783a2d817413,779999999.9999998
768f69f0241fe339b6f52fa2,634900000.0000005
e78ef4d2b165a8e8781c258d,1350000000.0
631ecfa47fe167bfaaa967e5,349999999.9999994
954e3065b1e8b31a68f6d4be,402021843.67458117
e81c5c1b820636f691e5c5cc,700000000.0000001
b4c779732e827ab2fec8e8eb,680000000.0
b58208759ce1402501f68906,750000000.0000002
59805e5f4080246ac1d92b34,501589491.0899879
a3fd38336516b98117e328b7,588220088.4873712
c0bf06891690188e17ceeb8a,501589491.0899879
efc8ccaeb09a5e1bb0bfe011,652892213.6580062
8e604d41e0cfe9c93ad536d8,989800121.0442181
f770b66579bf2b55a714c43a,587356317.9643418
4e01f07ee4b1241360de460e,989800121.0442181
dba1be42bef913f35a95735b,652892213.6580062
d839ca90c5df85e5cab54ea1,652892213.6580062
ffaca67ff9f0d7cbd5bbd295,989800121.0442181
6f17875bd3ecf00566dd5c1b,587356317.9643418
10d01825744060a7b777ee4e,484740454.27619684
185b333862e7420f25622efa,484740454.27619684
7f7141f5e1a7964ac6dc688e,989800121.0442181
adae78b82caeb073d84f02ee,652892213.6580062
4c0f9275581b5572635613a1,384613573.48483574
9d6810aa1035e91b72de6a26,384613573.48483574
069798704327652a899a189d,466799781.49541926
2f34de2546f13e8a9dee1edf,569497042.4256997
8147da5e5f53a163443e8506,466799781.49541926
6834b61ee23cf04daf4fb83e,989800121.0442181
59cbc0e7dc6e6922feffab8f,459356549.5994952
7cfe5c3f5cb1bf095eb2c503,464142228.06842715
d916219daa90cd2d99edc609,464142228.06842715
e78ad3483c5aa5a7a4310720,620460317.7419374
d048fdc255a5a7f474d48c0a,1599999999.9999976
b76a3fe6a49dcae6e6bf5815,620460317.7419374
75fa60dfb737ad50073848f2,695243469.1808552
83c1d0e2b8826844416abd9b,515018029.26694816
8c02948b66db263420c20d3d,695243469.1808552
33ab442cf58cfaa33eefb6dd,455479999.9999994
d379dc03d78685ad14c647c0,374999999.9999994
5e36efb290bb265d81706bd4,620000000.000001
db534a5f57e92d29b9e150cf,695243469.1808552
5354a816a7da90e205448832,417419354.1527587
f0862f57dd6be5e7659c65ba,449203594.0255082
7d58eba13f418d890ef563da,562831760.1865021
c2fc3f04c3870e14b89d5fbb,1219631091.7650468
15537000b6806ee84d4615bf,970000000.0000006
e82508e88e3f62fc8e67dc16,761304220.8305577
86ee57ce617b2be312a9efd6,1149999999.9999998
6bcc29a0afc735bcf3621595,884291783.623447
d79e2addf7c11180be222103,884291783.623447
adeadac88e573824f08efa21,659920416.3313519
922c37e46fe9e75e73fc1f35,449203594.0255082
5d09f2d1cc5fec761ac4372d,689999999.9999988
8c5aa3c826f325a9a6c6f524,689999999.9999988
fd0c010fa0c4b84dc75ede86,1179999999.999998
c23150d0aaaf932579561998,479999999.99999934
163405cd6248bc3e832dc93a,515341999.99999994
eed12d0c3e65e9989fc4f4bd,761738772.2628615
e6fd53315e92a55c6b67405f,414422608.2504024
7a3ec914a15b47726567af96,464142228.06842715
7f02f056d5eb4aff92b44659,464142228.06842715
2d5d9119602c228b333402a4,649311954.7101204
43fefda5a3b0781578d9f2d3,649311954.7101204
513211d9f07fd6645711ae31,395539894.22226465
c3e1e0d2618556de7df13403,447418756.6149247
b4a4d705930d9afe896dff17,384613573.48483574
e44b023e39910ed29f4dde2d,447418756.6149247
4e78d095988a92642a1bd18c,447418756.6149247
92507b623f039b4ef5be8870,569497042.4256997
e216fba4bffe753a527ecd4c,484740454.27619684
24a4199c17f9c56f0b3ed12f,587356317.9643418
6bbf09c3bbc3e3a000cd2afb,466799781.49541926
b3d45812baa819caa1400255,587356317.9643418
2688e4cd1fd441d1da455504,466799781.49541926
5dc1fd6ec7ec8c8af71e3b6b,689671481.2235246
f7b7e298ca8fb75e11e92999,466799781.49541926
05b71daf88eff5ae8cf5789d,466799781.49541926
e8a7ddb4e5d43d156692326c,989800121.0442181
632820af2a0477aea5ccfa1e,652892213.6580062
43a3fbb8218e73b956ca50fe,989800121.0442181
398c195aa41ace34a16b0d7b,650652766.7575345
ef3887783a12f591198d6c27,431704921.55183345
e6653cc1c94306d4e56ba216,518105858.77862877
166c21ff83e97c6e74169d92,703790599.2572863
d0fccd2708fc7def00c72317,616857936.6449674
d66bd7e4bc7b51d23af57de2,616857936.6449674
8b47b76193159a21c3580a3f,703790599.2572863
448d159391c38e4ffcc405b4,371034870.1225186
9ce7fb3190866e6a02e01e26,487863328.70626706
c25f892c01420855f61c3dd9,443630705.422279
2d5ccb12ebb6fc7d4ba462b0,443630705.422279
9eb4041ed9e159ec0d890de6,443630705.422279
c342f6492f90ccf623e8e8cf,487863328.70626706
c3a78d9bb10165d9be188394,599679802.7357395
1978d8fc2031af21e98a4e9e,616857936.6449674
d6d581e852a025b61cffd6cc,599679802.7357395
ea28f68a1d1d81d29b88531d,616857936.6449674
a3cc0422a37512ae124013d8,599679802.7357395
073a3ae443f3333f0f526f7e,616857936.6449674
57238dca767ebf3a842c5f10,1027583318.9066437
113887ac25fbff9d30fe8d35,443630705.422279
fed1a50c562ffd7f30451adf,403624237.35522443
b1e9075645f4b374c7301346,616857936.6449674
6517c1efabdea4c1f93078b7,487863328.70626706
b966fa606a3b50d3ac7249f6,1193303828.2981255
e0ad3e9588636f454e9e484d,616857936.6449674
d7ad46cde8eca723de6510d7,599679802.7357395
447f51e37fda773ab748814b,487863328.70626706
a6b992c9bf4eb32ab3d1df4e,600000000.0000007
3a9c7ec02f3e7e419669fee2,319999999.99999976
c908280d0461c3585af94d53,625000000.0
b3616a055e722e3720cca48c,518105858.77862877
45a8f6d942533794501d775d,518105858.77862877
b6da1db3aa02debd11e26edc,534999999.9999996
6d12669907d7d80d0b458a93,720000000.0000011
5122b2e9638d3438434fc56b,1349000000.0000002
6367a127b452cfa27043f74f,569999999.9999999
fb3d29813052141c015669c2,388714497.25234336
5fb76f2095eb1a5cacc2524d,388714497.25234336
95632ec6578a204881694dc2,516250127.71178997
846b75324c0f3cbb027387c3,516250127.71178997
940dd8311f2b49d4ec212fde,767000749.0585152
bd0261ab68cf56950ccdced9,461191350.57855815
f79f0c23b5cb96b5d022582c,461191350.57855815
795cd68f9a5ef45902712524,461191350.57855815
d908973d90db91f772890c9e,405508487.90567666
d670be6c848b1e92abbf415d,405508487.90567666
87b940bd3dae37b9fdac5d4f,461191350.57855815
8a7ddcd0c452e7993bc5087b,448845000.0000003
8925e22f8511be30d50545cd,618462270.215877
1342c307971094041c9c240b,1179999999.999998
385488342bff3d3587250c84,1100000000.0
f8e25b7d7e93c45df1b3a4c5,970000000.0000006
fa4f331f05b1488990a69ec8,1202661524.2712462
a71d187784b309d65cea0b14,1202661524.2712462
0f44b84024412099f27439a7,604798166.5450978
0ea1a5d32324d270cde1993a,517013647.81865966
b13cdf9314a34852e8db4221,517013647.81865966
75e0815e2ba7269a10d9786f,419695257.9504179
f42b6680baf774d27fdf1e48,419695257.9504179
5cde1a59393643d7ed4e909b,495732775.63931787
8736dfe0f1c6e2181b0ee31e,936749699.7597594
5859ec20de4a5036292ee947,1539999999.9999988
1eee0ff52c53f04307cc3216,479999999.99999934
b455979bc938acd34a580eac,930000000.000001
6921133528bd6fa3675ce8de,849999999.9999992
3d266736d0307404a5804073,464142228.06842715
f4f6e48b618064ced466c302,564999999.9999994
dcf606270a4612aafc5f9f29,464142228.06842715
5e455623c380290e0a8e4e48,579999999.9999998
ac3c9d9357fbe72959817602,349999999.9999994
f48fb9d9c42b0ebee72cfcaa,364691650.5762098
dc99f2871bc05ea7e8a97d72,930000000.000001
b5cfd5eba0b6297cefd6d3d5,1350000000.0
0dd30227247f145bae82f96c,1199999999.9999995
9f347bf53e4ca4d264a45241,460868744.8721164
81406ce289219cdab015549d,625000000.0
a085fab6d9b9d8c24472cfb0,1349000000.0000002
1fce0e993a57a3e3873b8d7c,1380000000.0000002
af67d51867f382dcd9cf34b0,1149999999.9999998
432f082ac51bb0d39ce45b0c,1300000000.0000017
b6281efabdbff697d70925e6,855464725.075305
9215d29512b14aab6178da01,1249999999.9999979
6218a5d7267f02c576e5bf16,463310801.3117628
d66cca2c8e08c89af26e7622,620460317.7419374
ad3b4ae81c322a9f91381bea,620460317.7419374
3a40bebb521445fcd32cf033,869969579.1741501
c1ca38f941200a9d666aaedc,380000000.0000002
a1da74ec074df16a1e8690b9,1549999999.9999986
502154647e351af240615b98,649311954.7101204
b57cd3eb0290984f061e1053,463310801.3117628
4db632fdebc000c9e64a589b,464142228.06842715
e380184391898aaa2d3dc540,999999999.9999993
dca45f1c1a79ea5ebe639920,649311954.7101204
961de1cc8601447b03682e1d,464142228.06842715
60a4f09c268e61fbbe423ff1,347241864.7784448
c3191b6b40191009ae9f4b7f,1350000000.0
478ac408d2a5c603aa23cbd5,649311954.7101204
ecdb747ee4a3ebf958252309,318179619.47004926
6c36e346957e336a33a7708d,464142228.06842715
09b18e3f3cabb7d5469a8d51,620460317.7419374
f1a5856ba56e7b12cbb9459b,360823734.76685476
c378ef33f40f8be9263e517b,620460317.7419374
b45911f1875da543199e97b6,979999999.9999993
678c70903bcb6c90e3578d6f,859999999.9999987
be22ce55ba31cbf7cd285e5b,464142228.06842715
2dc58e6aab9399e9677265a6,940359616.1633954
dae55582e86b1f514a4ec3bc,649311954.7101204
c119f62348e418d9ada13362,560000000.0000006
33510511ff07dc7354cca7e8,620460317.7419374
16b79a8af9d6376c73c2478e,649311954.7101204
714f90489426e80933ef31b3,463310801.3117628
6c8e1cda487c9841c8d297d4,463310801.3117628
6d9c4bf994147d8892d27f27,1599999999.9999976
1b300634b71b898299c54671,750000000.0000002
181caecd269e115cb5cfd75e,550000000.000001
059516a91f938d2e8fbcca0b,518999999.99999917
c42ce8f9f62f7a315e028e3b,520000000.0000002
bc23e25cc246ced4731ce5f5,569999999.9999999
de44f54fd6b1b62f30956f5c,620460317.7419374
2ef897a38b95d7b769856e78,464142228.06842715
2280b5f7c47c3b36924b84a9,564999999.9999994
16ef7eaf29eab571e229e537,1060000000.0000014
48b1f800656bcae6a9e70802,521677066.8612091
b4aa025f8813a3f0b132b7e0,660000000.0000037
3c6092e8458ee81aed0db0a3,640000000.0000007
d919dc64995903c9120eb61a,800000000.0000002
ef53741b01120666a08db213,620000000.000001
c3dc5ad23dc8cfce0671adde,800000000.0000002
a270fe47ba30ef0056ec6c4c,564999999.9999994
f550bc7ab5992a6fb48eb60a,940359616.1633954
28f980b3c741866e0db5b761,620460317.7419374
c2ebd39857dbbacb99e6cc96,649311954.7101204
bb9fa21902daecf876c0467f,1599999999.9999976
fea142787b18327108ee8929,715000000.0000001
a1647603f732f97a99f5ec6e,1599999999.9999976
775f25d8144580541bf2746b,1179999999.999998
527a8fb085995119f846a5d1,940359616.1633954
8b69bb9fd7f0f19a248f5cf3,420726560.4241344
3b14b48188fdbb0917414039,564999999.9999994
02259637b8ef1311c69d3d90,1599999999.9999976
50eeed30ba674cb079689afb,420726560.4241344
5fc3634e1fcc96b9215a6cd9,750000000.0000002
23cc24e23a1d74159ff78464,852714517.902879
44551251fe345b31ed71aa5b,761738772.2628615
82ad984f02ccda30bd60da8c,932201694.9137158
5734cd4805f5c055d36ec645,620460317.7419374
fc7ecefb27bbb5c3e25e899f,346868000.00000054
5ecbd5b92092264f4e9101bd,449999999.9999994
83a8d9df3a535fd273b27c15,1350000000.0
d76fadda8063e44483aa024e,989444288.477124
a15bf12a6b8749ac8f9de19c,369999999.9999994
a3f32d81f4cd99dc85a16bcb,365000000.0000001
4029115038a899d98dc93d3a,1649999999.999999
2326bb628b4a571921eb7345,1199999999.9999995
471d6fb8037049e1e4d120a7,1149999999.9999998
b73945103f07da807f7a30dc,1320000000.0000005
d6f4479f9226e52c93d70eca,640000000.0000007
420b03095062d9571144a276,521677066.8612091
ac0185c8f724ddd40bc0d235,464142228.06842715
228280554ba149e60f81d639,779999999.9999998
8a44e15417d8e520a99454b2,560000000.0000006
8978ec4c5b2f02fbc1f57820,855464725.075305
2ab88dcecdb565b6412f5bfa,564999999.9999994
1dd6f560c804c4548561cae6,569999999.9999999
90e94b7e392f84e01a5f1551,649311954.7101204
84aa7d1c2590f37f0fd6dca1,630000000.0000008
0821fde7debf7cc445434024,420726560.4241344
b9973b07c84b99dd1018050d,404223557.7070548
169013bdcc2ef214e0163ccb,619348932.3475113
3c8eaefb3f5dd8d4c9f5386c,620460317.7419374
42d91ed3f3615247f57ebecc,498000000.0000006
a7f1397df30d6521c216e331,800000000.0000002
f6c6ee12e338b1f9730b6e2c,380000000.0000002
8f4687b666256e136148c3d0,800000000.0000002
925f83e20a153a1e094bc606,950000000.0000014
cd270a11dd8257648d1f0444,790500000.0000006
ab11db71265771ed4d9de64b,360823734.76685476
ec199e33b7557dd669fe1aa4,399999999.99999934
b47fe4670c6b065a9e1db429,380000000.0000002
918947d51e52e0caf692f22f,325000000.00000036
070543b03770991d65cc337f,1350000000.0
f45dfcffe189327cb0d303f2,1279999999.9999993
d2e7484c81358d4c79f040b7,649311954.7101204
73ff3a6b0cf4f7ffb244507b,649311954.7101204
b0cdf05097df437354564bc8,299999999.9999998
33ea5de5e8f5c639a213414d,990000000.0000013
c94056bc09a4bea0e853cc41,550000000.000001
6d5a91ae44cad7849dc4e969,713190016.755702
b52e0738dec9d2f119c75a9c,539999999.9999994
0e35349077490a01f25e2ddb,1539999999.9999988
9a5fdeb5f389590eb46e7aac,1549999999.9999986
337c81be4cb14d494ca69db4,800000000.0000002
ff28f1a1ea72e21acb157f08,1649999999.999999
e83ef75473fefbf8d7e52302,649999999.9999996
6d3e508ff42615eb78862723,649311954.7101204
3b7ddf527979726fb8aa1683,399000000.0000003
7b08cade91e2be20656ee856,564999999.9999994
59cb7abb39785d5263a156c3,649311954.7101204
bc48ec7245297b4cb85dca1c,649311954.7101204
0f366a36001c0766521b9dce,470000000.00000066
6ea022e53741adac484c1798,979999999.9999993
aebd6304298f84e7d440c379,970000000.0000006
c5b333e454ed6e93ad32d96d,630000000.0000008
bcd31d201096351079cf7ce4,550000000.000001
46cf5b18fd7bac0d3332d70a,889999999.9999988
1dcff645d389e7b687a498f2,920000000.0000007
cadbfbea1d03e6538af648e5,513809303.14660436
9dc0c6ef8389978be58daa59,1005982107.1967455
fdc00f6ebd155e84a387878c,396862696.659688
99c1b39476ee8e2ebfff6ffc,620460317.7419374
8930f231a5b9d8db14e9c656,1179999999.999998
2dee15f1b082bb986f8d9513,550000000.000001
346c734ce163296a07526a35,649311954.7101204
6079fb3769f843e99b47988a,521677066.8612091
f5802200af1d28eb48466c1d,414422608.2504024
1f8068ab65469ba56a1f0c4a,414422608.2504024
1ee45a731b6f0242b6d2936d,521677066.8612091
56b7a6da82134b135fb7de2d,620460317.7419374
340c4d762f830197fdaf0977,940359616.1633954
1bdc0d441e63089737ac4c27,649311954.7101204
b3d82ceeac64b64142286375,464142228.06842715
947421747f33db213e6b1326,464142228.06842715
bfdbb7aef98d4855d459ac94,1179999999.999998
80e88d50c151d5534a57f61c,649311954.7101204
d0f6e19e92c03b40a5aae3fa,1300000000.0000017
6e2a3e49dd6434ed01eb5e71,1100000000.0
89e2d612654b3c792311faf7,643327131.6885256
29425249fed4a74ada083dc5,649000000.0000005
fe0182e1795e2b87eef4bf41,548947198.85451
dc9cd30b760a1280e0318512,900000000.0000005
d22313a06e43b8ab8f6672fa,520000000.0000002
f91cc2e5edcbb704c293084a,1599218559.1719434
dae776f643e809387148900f,1149999999.9999998
e55634fce84f78466095e730,500000000.0000005
a507a938532411f06c57ed8f,498000000.0000006
30f3b383f2d5e4709c9304b1,950000000.0000014
aaa43db51d1ddea564d1bd2e,585000000.0000005
b3e76a0a1fcacd0218c17908,352048988.1027715
e548ef7a5650696c0e968cf3,1149999999.9999998
939afc1f6250d528b0be8e3a,1049999999.9999994
405baee61afa4b08dc25e586,950000000.0000014
0c4781c598c06d538c5fcdf7,544356071.9730649
fc321e2d9b4e954e80805be2,626448951.7603973
dce18d258c352b7edc60c304,626448951.7603973
7b0a2bd964c04d01387d78de,544356071.9730649
43fd6b5cb01d05c9b1db0e65,626448951.7603973
cf0152b0a5e886e8291ef4a8,544356071.9730649
d05030b0eb8931161855450b,626448951.7603973
281ea3a3fab48c028721ee1d,544356071.9730649
4fcba82455866a6931590dec,1249999999.9999979
ecc5e3781d5e004ceef8cf76,395877523.8161981
409cb370961c60bacbdf7416,299999999.9999998
54445913b2dc2d6ba35abc66,395877523.8161981
51a8c190ffb673d4fc27f4e1,775000000.0000006
80e7c6b194b3229e3e2b9aae,990000000.0000013
bbfc9b05caa647bd95b3c88f,501648548.0143744
128cb9247755abf5f2801431,501648548.0143744
ac180e846fda5cd7f1123f6d,695000000.0000002
1e7173670334937dc61243a1,1539999999.9999988
c2555955d5175b31e5f783ac,680000000.0
d87bbd60fdb8b84a9fe23ba7,615252156.7119577
825012911321d636425cd0bb,1100000000.0
54561e6ed5570577ea97eeeb,798999999.9999995
3a2a2df4f07902b04b809125,730999999.9999987
ea7e3ba584cc5ee45ff8ba7b,615252156.7119577
25093735f186b70beb018317,849999999.9999992
7fe1adc0a5873cbba4b021d1,750000000.0000002
461749398bbd48d69b444d7b,497000000.0000003
eb8f668912b70fd554c8c723,579999999.9999998
e2f00293305c464b361b6178,714456653.2001641
02a0a38b45e1b196165b0098,413004348.8208401
0e6dc789744b678028e74d56,413004348.8208401
58954e79191c62ceb1ead100,1036415756.2280761
23aa0804aabdc61650b8562a,680000000.0
ef64565957b5278185b2429e,659999999.999999
253725ec3d7939088faf71b7,524404424.08507556
a9683df184aa8b4ad5d0cc5a,539999999.9999994
3c38153bc36b364b92548965,745500000.0
286cdf6dfcd95ee9edf73a93,387410880.0627267
df93a6e36d9f19e252fa9de3,645479999.9999994
586fde402c82c1eb5a74d634,380000000.0000002
5fd3b0299c0d52e48195fbdc,520000000.0000002
06d33fff99a62c330ef2d585,539999999.9999994
df98fd10dd8ae59956994521,458466590.96990454
361715cb422c5fcd9125d5e6,654000000.0000004
af68665ae8711d009e8810ff,458466590.96990454
63f3295df28c02953241e2a0,688540933.5595449
62d338c26b44153bb075b234,657853448.6369553
41a269c661f20e443a7a25f6,779999999.9999998
c5a8695b7aeba06e46266959,759999999.9999992
17e5796a30da5eaf310d02b4,396000000.0000002
69acab4a6f82ae943850b9ae,544356071.9730649
5fc3ffb33090bf75a81aad8b,544356071.9730649
02d89daa77bb313328fe0c4e,325000000.00000036
6ad1fb94accb91bbc30449c4,474999999.9999998
a1cd215fa99b8776818d0b0b,599000000.0000002
0553a3aa7d961ada6dfcd52d,620000000.000001
c6ecbe7b57db2db74b0d788f,750000000.0000002
a4b23fbdbc7bbd45c5ebf80e,1359999999.9999976
3bb15c6313ee70bf4d88f4e0,449999999.9999994
e05c52c9c8fcb792ace06b61,377491721.7635373
5fc77edb0e5bec0ed8e72a60,1199999999.9999995
85e15a0a63ffe482c68ec474,880000000.000001
859025f2f41efa521a74a00c,430000000.00000006
1672a21e6b2d8d0525df1759,299999999.9999998
7d4097722aad95158c51d24a,909999999.9999987
174fa597347f2b1d3e9016e3,715000000.0000001
3f081fb77ad08f8370569bf9,367287353.44413954
74cea4c9dc0e00dbbcff8b1d,1450000000.0000007
4f5de1bc90694fedd216ef40,1649999999.999999
8fa4be9ac1ef719dda1f96bf,560000000.0000006
3db3b80a902c10004cd3a3d5,1290000000.0000017
bf02fad806fde4e3575e75c7,614817045.9575768
edd2afd07fa1305fc3126078,459999999.9999995
bd5d2030639ef16370cca032,750000000.0000002
87e74ed42a2c8c97f7bdd239,1279999999.9999993
d1c6037d0750bcfe47d425a5,477551032.8701287
763c9a528d0f99f34e5b0031,468572795.67539436
8b674605311d296990ec72e7,340000000.0000006
d7cc3d199e538258fcc83f75,418000000.00000054
ec6ffe86e9ece6fc03556ea5,463141447.07637554
9762ecd72557ad6728274e1d,638748776.906854
49a2d111903c77053d44573f,441588043.3163937
d06ab7503c6deaf9cd405f66,1290000000.0000017
23e7dd821ec2601ee2c6e353,1100000000.0
81519727c7ad9f60d2c5f224,1100000000.0
a4a5b6a844c14b4eca92dc49,1100000000.0
7e647c5e0a7d95ce87cfc8fd,888999999.9999996
7a1bca1ed03e7cd0e277fb95,439999999.99999964
03eb8da7205428e61bfb2845,419999999.9999994
82780776619be0eade3d72ef,960000000.0000005
4c03afca943c3f2484b8db6f,439999999.99999964
85d731901b48348f57932240,534492276.98219454
739de8928aab4ec77a1ecb0b,745500000.0
7f45d3809b08bb32a45139f8,550000000.000001
cd14f8aa1613d754221c4735,995000000.0000004
537a9a2dd0ace0d0131722a1,539999999.9999994
2d4a781f969a4fa2a4f04a7a,680000000.0
e3676f99542f27c9037fca29,849999999.9999992
bb33aa4f1a7732fc8ef19039,452090245.8352548
9f11661702873852a3d65ed6,435599710.00000024
d7f22a4e6daa572583e02640,309999999.99999994
f6ce37c42fad91fce47758aa,327999999.9999997
f57cab248d2d832725d78135,415000000.00000036
9d73758bf7569cab4837e49c,579999999.9999998
322bad590ae06fb48f80c533,503487835.0069644
5a7b67d4c79ecd83b7ab66e9,1149999999.9999998
8dfd846e6df9a040ae1188b7,506458290.48402363
44a587fc89d6b6489157ff49,1249999999.9999979
f9ce5b7edb104d4e8407a344,384999999.99999964
73786d11f1fa714aaa9f1f90,1199999999.9999995
cc72295ef156cb2d60d6b10f,999999999.9999993
c9851396352bfeb05fbd7580,1149999999.9999998
b3561144c745ae3d329dfe1e,545000000.0000001
7ccaf332cf87e07b38b340d9,1130000000.000001
d63fe229354bef8b02b4a934,696999999.9999999
2e0a8235637e98dfea862909,1199999999.9999995
0a1b14f320e330b405b27a6b,516913919.33280414
db41266d7b500a6daead96cc,319999999.99999976
364b8b8759e3c408c4005021,378857431.71907866
73bcd7efb7a25587bb1c31ff,645915314.1905122
17060f24d81fe2661c7628c9,645915314.1905122
98318f22c00ab335d8aa23c0,551640432.9953111
c926feb307c493aea729001d,341600000.00000054
58d92e8a26589e37b7123716,529999999.9999997
54d11dce9374378326f7ac62,378857431.71907866
8e79eebcff019c3362a76a26,477551032.8701287
02cb957c3db9ded3691a9004,457999999.9999996
561689dc0f267cc5011ede3a,700000000.0000001
1533da89d388196f19e2c5a3,714456653.2001641
069ddc5d1f3c855e6498ac50,410295678.40667707
d3aee2a35856634eb710efa9,458466590.96990454
4bad966abb5e8c4121ec69fc,536283507.11167663
f059e39d22124eb9e7e8e20c,874999999.9999993
3360f48c1ec30dd1c3175101,319999999.99999976
2218c6bddc994984cdc6e567,453990000.0000005
c2a9b4b389ae6f20140e21eb,869999999.999999
d135cfa351ed6abe4ec2033b,311999999.99999964
668e5bdda1f4011578534f54,1290000000.0000017
d2aa3386ae240d7387424e07,407066948.13602775
e4f2ec7e2f4389c1efa52c0f,407066948.13602775
d4f90a6b73b1e179d3f8eb70,407066948.13602775
5738bc8873b341bf92ece0db,649999999.9999996
2906d21b1d96a1ec43bab50b,468541862.46130824
4e1bfbbd8689a95fc97fabdd,468541862.46130824
78410b0193dc989de2d24da3,468541862.46130824
fd7f194d9929a6f28ea57cf4,468541862.46130824
5e7ac1ffc0886c27471d1a54,468541862.46130824
879d9e3b4ef9063de41ddaed,520000000.0000002
4bf620c6c6d4c916bea70e81,626513618.8712595
573bf87f57db6e037aeb94b1,626513618.8712595
3ff7b739ce65f0b3066806ba,626513618.8712595
a456f85bbae3f189ff424e8f,626513618.8712595
6683685692e955a8ff172c89,700000000.0000001
82e1ae440b386c7da3a580be,1257930000.0000014
efd178c4aaf3fc9d05b8dbdb,399999999.99999934
55ea155410b001104518e992,520000000.0000002
32a10e550bf7095627d17da3,695000000.0000002
823124264778e5ed64d8664d,529999999.9999997
fb01d990afd25ef96ed048da,1450000000.0000007
df22426db407f4c660681c7f,626448951.7603973
44fab96fa2ea501e0b94548d,889999999.9999988
871204bd1b3505acfa632954,688540933.5595449
3d63320260d150d134fe8648,688540933.5595449
b8b9b90d5721a9ed5e72b328,395924295.86691916
926d12cfe05643554837664c,395924295.86691916
cfba6db03f0e38d1aa0802a7,544356071.9730649
97b12012ece8a740944aa547,544356071.9730649
8de317591cefdbc375a41483,544356071.9730649
46d34fc9a8edcc199a537b30,626448951.7603973
262e3b4091dfa6b71af020ea,626448951.7603973
396761edaa353e0828949bbb,367578538.4459644
8c18d3417886c150136a03ba,560000000.0000006
f053d3918234bad409410755,430000000.00000006
8f5444b81998e52ad76b3ddc,759999999.9999992
0daf89cf494e0f40a94d3e5c,539999999.9999994
dd8c289ec872be3fe3352313,680000000.0
f02f6c5b97b8e3cc5d5a74dd,779999999.9999998
5f39cf56c4e1bd43f61ecde4,419999999.9999994
5e187b07578d582ff3d8e189,835999999.9999996
bd018b302f732baecd085ff0,1100000000.0
674cccf4c7772d6091166aae,960000000.0000005
38e84c560b0455548ce186e4,688540933.5595449
d14173913bf5ed21e3ab50fb,489620992.00913453
cb8844cf2070d8697bcccf27,359999999.9999999
6b44648a905e7f4c0de6c855,649999999.9999996
148aedc984c7f6831c7f9601,449999999.9999994
ff9d1cf7bd90c5e47a0bba3f,365000000.0000001
9353136b0c791bec58f93ad2,413004348.8208401
de2137c70bacfd5087bc5c68,424264068.71192867
12bf6b9badebc2902cc11c62,309999999.99999994
c0706c78d5d98202dc24e46b,1049999999.9999994
4394a27b21889bf78927ddf8,454972526.6430933
0ebbe9d3831727f90d677ed0,1249999999.9999979
caec584b5b6998684bbc6a70,385999999.9999999
0c302f1c924f8efe0b6bb58e,659999999.999999
e056ada7a37336bbe878f38b,880000000.000001
905cea21c0ce1cae97fe86ab,1080000000.000001
e286b12e5aa7929334322842,560000000.0000006
6cd4e68300a8bafb9d22700d,1100000000.0
39124b1ec419566a371af8d4,849999999.9999992
6110b5bf07cf38c437c7ca8a,1599999999.9999976
6f8a22e4dd21f44bc6d383af,1100000000.0
71eebcb108c4828b8bd5b84a,501648548.0143744
5d61946d53efdd9bd0af140b,615252156.7119577
c0620585c12f3d9f1298696f,395877523.8161981
d27283e3c941f8fc256c3f4f,501648548.0143744
2acc857ede19953734600dcd,395877523.8161981
32474481a0f8af34a4edfec9,501648548.0143744
6720db016112cd2a4a5e0358,995000000.0000004
959d0cba47f650933b9a5168,1450000000.0000007
32d2c5f1707b00c93407a19a,430000000.00000006
0ffdec8eb5272d9fe4775251,430000000.00000006
c77d7a08d5b9abd4d3082fb5,470000000.00000066
a3021c7c465dfdd38cda9f9c,849999999.9999992
aa24974831a0c608635bbcea,500000000.0000005
eeca3f5c399785a1cf15b1c6,390000000.00000054
0b51fb3a65a86d7799f27264,416891640.2844069
1af16b7f14dc04f05edf71ea,659999999.999999
e0d7e4dffa0f3dbc40c7da53,449999999.9999994
cfeb42023e2737491b3e4283,550000000.000001
dd4e23681e00fa1cb9a679a1,430000000.00000006
153c89081fd85dcc66a02421,630500000.0000005
f25b2ce0d988bf5490fd780a,378857431.71907866
8700c9b62ff5a5c3394b0bd8,477551032.8701287
a53b105919c7b46c0cc1b003,455000000.0000001
1c835128915211131bc561ab,430885665.4962921
a0c6e0c6fe41e32b3bcb2b26,477551032.8701287
4eff2f2297ce85a0a3964d2c,625000000.0
57062f248424c47282d3da30,779999999.9999998
99e860bbf3033ee4654d393b,779999999.9999998
db8912c5c5e5e49431b2c85c,775000000.0000006
3151daf55106dd159f27a8b6,430885665.4962921
3e8a4318d93b1fed4c48f48d,709999999.9999999
4c8ca73cb51a58933de61f0b,494999999.99999976
925754da6fea9c9cdc06e18e,645915314.1905122
05119815bd72ced29391ba87,645915314.1905122
aae7cca10bd7f041c8e02d23,645915314.1905122
4890edc33a555cbbac71795c,645915314.1905122
902fbbf9f5037be8759775a7,645915314.1905122
d013a0e910b1fe2e3913af7a,645915314.1905122
9c38b9798313a3091d13b340,1340050306.2720656
f04d3ee8b175c8f2f30f4f39,1300000000.0000017
f0f883c45e8470e74280e8ca,889999999.9999988
af820361d5f20198bacf839c,314600000.0
01636da0aa2bc223af023a13,479478883.7894757
cdef6e87c007bcd9b4efa9fa,950000000.0000014
1d45332e2f04df18cdac590c,680000000.0
db3dae76fed5fdbed29862fe,495943545.17424697
f36a379e0149d4800e793001,380999999.9999996
30d2ac3ecb8150e4d4339d1a,1450000000.0000007
7f78955c480d050f2c8ae3c9,664000000.0000001
cb1dcee1f4ede0877be1ad15,829999999.9999993
a32d2c51f2bd5f23bb519d12,859999999.9999987
bcac2a4cacf13a91805557c1,364097145.98885155
a21afcc258e50a538dfd43ed,327999999.9999997
7202b83b651382e2630359c3,455000000.0000001
77d6855eb6a30d268e49eb1a,390000000.00000054
204ddf6ba4822d55ba80f713,384978353.76133984
e0587d29cb717f725e991ef3,970000000.0000006
c606665f3a3f70ef61fa5cf0,1100000000.0
44412a9e16b2824c4a520a72,601331855.1349164
313abf19d78b719cce4b3188,779999999.9999998
99ad7b36c3c916393e951507,557897840.1105353
c34c2aabac06323fa180b24b,700000000.0000001
37f39916813a58b844e17833,779999999.9999998
6ab7f97fb9880e48fab16a1a,601331855.1349164
0e6c74a0056ee94b10bfa86a,750000000.0000002
7fdbc3fed9c9607e6d01e958,649999999.9999996
01018b9796a105be650ec802,800000000.0000002
16ede6f8833a93677d05a131,365000000.0000001
0a53b0b7c365879a6d2cce39,775000000.0000006
a293de027279019418c070b5,470680358.6299315
973ab56a202e039f5ef37353,363827475.29989296
3e18c851788fa8724ca8b7cb,599000000.0000002
0a4b0a004c894654663bdcdb,1155863499.999998
55d4b530b881abfce2d03e56,720000000.0000011
405bc08707001684d19f6edd,889999999.9999988
dffa1057472b06bfc0fa7a66,1450000000.0000007
d061615fcc6355d79665f9a6,680000000.0
6cd96d73fc58b1502bc6ead8,1100000000.0
db78a3ce9c6f6a7f4ecc6853,720000000.0000011
1498ce1c1bbe2e89b84a4a45,849999999.9999992
3035d7ea4b71d204b588dccf,618690031.0000005
2b8e9560dd58d880dbe77c61,560000000.0000006
e8948741a987cbb3759b7a44,550000000.000001
20718780218eac9668776956,359999999.9999999
c0a9e3f5c57cfbb4aa9b2357,419999999.9999994
5e9e9339fe1c3a06470cf7c6,479999999.99999934
f852e0f3fb8563ea6918164f,1290000000.0000017
e38b4072ff8b856487864f31,900000000.0000005
8cfa1121fc87d9483ec63611,1599999999.9999976
1a805101f78cbb783e6f919d,529999999.9999997
98502628de3c4fd3905000a7,309999999.99999994
ff7ebaf86962fd0ab6ff41f3,529999999.9999997
69442123283ab024a911506e,829999999.9999993
ce6e91b53465250effacca98,820000000.0
5d42f42059617a5ca7ff3a32,459999999.9999995
01edceb6c5afc2af1e129e86,309999999.99999994
fdad0c86eb89fe93633c8571,330000000.00000006
831725656d9df81b63c0ae38,512835256.1983229
d1f8eacef9bb4d300d086837,750000000.0000002
3b6d88f864f6c1759f957c73,1350000000.0
5a38f908d8d75c5810280e12,384999999.99999964
c7c835349181bd3f0d964eca,1399999999.9999979
edd4d560363f7575aee42d39,869999999.999999
8f3924eb214f5194d21499b2,720000000.0000011
466c542d7825d36d18a86486,779999999.9999998
0b71d334a6db66cf6f1a8eb1,1017496928.7422956
7a91cfb02df63e4396b15aeb,299999999.9999998
6140125d2a94efe499a6941d,418000000.00000054
080df3efe1fe81f97e74c4c9,327999999.9999997
e148c2b109eecef0175b3c5d,600000000.0000007
40aaf6665b489033ba0e55b5,1549999999.9999986
05498e49d0b875ae6aaddd83,330000000.00000006
397d0f6319465fd7fea6f710,818737895.8255621
7e6d8c4742b38854d819696b,880000000.000001
9a8d13d56d677379ebf9a347,1199999999.9999995
06bbc353bf62fda3b3786fd0,550000000.000001
09fd7896d5445f422892b196,521971958.05587137
57c63e412f3fceedd3a7e698,489006968.11570233
32cb6246cd94f962f780a1fa,413004348.8208401
b0f9bfd521802b0d2586300b,714456653.2001641
2a99204f0a53c4a4d0a2393f,714456653.2001641
7651626df0e2e3119b801466,714456653.2001641
59e48259a076518d929f5db8,341600000.00000054
e7b721ed96269bb195906bae,412431812.5460253
61c3c304eb8a06b5a483efd9,939999999.9999996
3c26b2954be250bfe239db68,539999999.9999994
0df87025a6351b435958ce95,1199999999.9999995
df82719238ea0e102c282c09,634822809.9241555
57c74f7b9bc5e33cc823439f,750000000.0000002
4195a9d13c0a526d7cc959f8,626448951.7603973
0d00fdc440d7612434a6b91f,626448951.7603973
0c91369119a06c40623afbb4,544356071.9730649
5a6b30b4d33e068d421bc2a1,544356071.9730649
f4beded3c5ed9fd6cd5177c0,544356071.9730649
95e561c7292d64305a2cf4f9,626448951.7603973
67138978493b84ff42daad45,432804834.08613634
7da10de45c866c7d066d2586,529999999.9999997
3c3cc027fb179e91a46f11f4,410139980.3542881
df3ada98307fc85428022d00,432804834.08613634
e029c89d59f2caf4af4bd908,529999999.9999997
105d05ab3d5334b976e448e5,410139980.3542881
253fe7aef58ea97fefef922a,530514288.80451673
43e11f10650837933261fa7e,534999999.9999996
b111b17ae1fc17e3491b7a5b,889999999.9999988
63e1ff737ea11ec607ecee08,626448951.7603973
ae703276c49b6a6a9c39770f,848629066.3431507
799bc0f95ef9a23fc16bb1d4,1599999999.9999976
bb9fe73a8742dec9b2e79135,1494999999.9999974
a9b3d963a14c2c7435f30fbf,1649999999.999999
7a48bc2c3f4aad08dc7fd5a8,387410880.0627267
7621f476bc8040270958de6e,534492276.98219454
c49644baf8dc51d3f76d7e7c,730614357.4062812
8c107da7487ed0cd409f4daa,395924295.86691916
1bc8874a13914055c2759a35,395924295.86691916
fcfd6f08490be39064aae41c,395924295.86691916
23178c72b063ecbaaa04b37a,544356071.9730649
10bf1c2d1124f6d8f8b9497b,544356071.9730649
c29b30cc5db2ffc273e4cb14,544356071.9730649
f7d11c2601959921f536f804,626448951.7603973
acbb07a2c7a0e39c0102b3a1,626448951.7603973
844e127aa7802cdf75db074c,626448951.7603973
e2d88f49873bbcc5476f4ff5,626448951.7603973
42aa1e6f6b8220a63fe165b2,626448951.7603973
ab1c43d6fc4f08e315e322d7,854669985.4697771
9299c976b1afe4d2c0bf351e,854669985.4697771
cd62ad28163c8df131a8f2fb,410139980.3542881
e5e06913ec3c851340d7c91a,410139980.3542881
d9b46a34e48e04b5a3e026cc,529999999.9999997
782a6028457ec55d4fd5189e,745500000.0
11a905e4e01e7d15d35cbb82,550000000.000001
3b3e423e248b23090a2897ee,380000000.0000002
5915093d458d4b6589e86f59,494999999.99999976
3d162a854aa05447e2cae0c0,800000000.0000002
662a3e343a7e207ecc09d6b7,349999999.9999994
289db1292d4ee40a1ed6e518,680000000.0
d43d2bda7b6e4d5177c0d032,920000000.0000007
b57ebf09cc691bcf009ef115,1649999999.999999
21f5bac85d5eec57acf501ef,713190016.755702
2fa288389b3031d595973793,1199999999.9999995
c900d19cade1443983274ac4,889999999.9999988
67bd5b20df7f2a9cf4e04358,489006968.11570233
e111bda6d24089dac82907ad,378995240.38921714
7910ac9782a1a315f68799c4,489006968.11570233
ee786b818284cb382c755e9d,714456653.2001641
f9b0a27bd3619ae88ffe5455,521971958.05587137
ad1c32cf75ffbcfc842e3959,378995240.38921714
5648633b1f92de1ddaa7e7ab,489006968.11570233
1ba481abe0d3890c42884d97,489006968.11570233
ce60e2ce2a420052e67564d2,413004348.8208401
87e1b1170c163689d60bcd09,585000000.0000005
bb4c7900162be66534d17541,979999999.9999993
68340674853f0ea101e32b46,714456653.2001641
d10f89691119d4a4a2c1e650,1399999999.9999979
d414907e75a1c105ad2b74d1,419240000.00000006
c9b6d3bce20b7f528fff8123,488000000.00000036
be1695a7b8d3dc68c9887abc,561165760.7559152
debd60afab03fd1552719270,561165760.7559152
de060e07dfb0a5494c5550a3,561165760.7559152
3d6815fb68ce959cb95e225e,561165760.7559152
d93f6d8fe212ee3c0f7cca95,561165760.7559152
1ac702e7c265717b34419fe7,561165760.7559152
a157596804522e03efabce48,561165760.7559152
069c529aaef7d7e0774c4a66,561165760.7559152
0669fb98aed75d79f8decb7f,561165760.7559152
7057326ac489bcc17d580883,561165760.7559152
e3d6fe5d97bf4fe851aee9d3,561165760.7559152
f80b20e0649dcf1c16003255,561165760.7559152
364256d0881131148655e006,714456653.2001641
0f9c26956bfe983c8c7fc227,1599999999.9999976
9756b47e9dd47f99dbb23115,714456653.2001641
27d413eab7b562b984c5a682,714456653.2001641
ad17072ff24e0fc0e61963b4,714456653.2001641
473a59415b6214218a15e363,714456653.2001641
ef72df5586ad0cbe59e36e07,714456653.2001641
9129b78a741bf5e24df5379d,561165760.7559152
964734d3430de94d22c927cc,489006968.11570233
530b25326f39c347a35a8caa,489006968.11570233
482f57e65a3f4c6792775a05,352048988.1027715
738e86beb569a7bf51fbe199,309999999.99999994
c5788cd5507c577b7b585ffa,311657785.53179824
be164f9025f346390b986668,369999999.9999994
ea2efa1a857332559120b823,557897840.1105353
f3dd24a17ea51b7a2b0f037e,840000000.0000004
7aa8d04246d3e84e5ac470bc,750000000.0000002
6361330195fa7cdc6d5c603b,950000000.0000014
6820ee22d6fafc9c030cb286,1149999999.9999998
472601b5b5719855ae3528af,600000000.0000007
3ce2c7f1ee7569e1b916cddc,720000000.0000011
afb03f7cea99023ecea7610a,534492276.98219454
404364fe956884368e2f8300,394999999.9999999
c658639b590415bc6ea44119,546717477.3134661
42f1a529f5ff3a6371dccea5,720000000.0000011
e2e4641b20d81a90033a536a,449999999.9999994
253b34c2c5ce15cbd8b5826d,614817045.9575768
86ff8f274b698e7757ced1af,979999999.9999993
c4aef1d92cf264c548ef1f2f,452493093.8699521
e8603da6012c2116a70176b7,759999999.9999992
52b52aced4853a3e3d7fa058,474999999.9999998
7d9a9c3b4442efdb53c24448,489006968.11570233
a7bacd6f783756c9e7cdc068,415000000.00000036
68a00651ead62911f850cacd,340000000.0000006
1e7e26077db3bca2821a9b45,659999999.999999
8aa21f48a83be25f924f85c7,514735685.56088537
48107a1dd2a3b027637f250a,745500000.0
6bbb24fd1b9df3df4e939fc3,524404424.08507556
aa45f8fda8801c3b4923f4b6,680000000.0
ce164af02f76ab3a68b0f980,589790625.6629547
c32249c7c0819b1a29fd611b,920000000.0000007
f8d4ec209ad5fa5ba4a68e56,750000000.0000002
cc03087e0f18d59c521b6ce2,539999999.9999994
fa631a714774fc22ca15ec10,511999999.9999992
c310efec13e312442f7e1a01,1279999999.9999993
534466a857d28dcc598e3a49,889999999.9999988
4a81bdc14b5bcc4c84f5ce4b,455000000.0000001
79ac12d8436c07b620190b9c,455000000.0000001
f69962045e9aea6b8200888c,430000000.00000006
9752758072e096fce6f7f4cf,371483512.4201339
56fc1855dc6375dee0506133,415000000.00000036
2fc19f73fb877ed8b88a5250,900874800.0000002
63a25d279fc5a9e8fc1dfae3,395877523.8161981
71978c139faf2a251db6ff5e,299999999.9999998
f4dc67569fd340be3dc592d5,474999999.9999998
0b829c23806ff01a0c84e9a9,501648548.0143744
a23ff4d1b2e24f537a75242e,501648548.0143744
3a103803cf9cf0451582d89f,430000000.00000006
eff8b3fe996b6d7db10b0263,442831796.50969005
9d53330b44c300e396cdb402,750000000.0000002
301b5da33d32c0632b16e8a8,615252156.7119577
357e653c4bea02df1b08c62a,939999999.9999996
9af17837ac2bbe7c8ba16e0f,387410880.0627267
246576e24f66d495fe0d509b,534492276.98219454
cb70f4993947b640317a07b9,534492276.98219454
949292b23ece12b655122038,299999999.9999998
4bdff22689954e5b1e575d30,782000000.0000005
7c69d43fe2488db51e6c8da3,435000000.00000024
6f543782174a964402b64de4,520000000.0000002
a59e7f0e0596ea6633781335,800000000.0000002
767ae7de1818d645a33749e2,490000000.0000005
e667133c29f90c8fbf30ede7,960000000.0000005
3fcacd1cf9770a2724a5fb01,539999999.9999994
601193433c99337fe806b158,715000000.0000001
42c282041583e6e2090b50f2,550000000.000001
3bc80c56871193dd782696d3,390000000.00000054
bee9de3e2817bdd591c02897,477551032.8701287
0f761aab549e7f6bc025ab0f,645915314.1905122
3b9971f91bbe4b8dcc704ba0,645915314.1905122
8f428b58a5189effe993ca4b,335000000.00000036
0af466463f2cf50d61315da4,457999999.9999996
1a486877c62f2aced41a2ca0,645915314.1905122
c9fdc3f80534b32f1a75f530,671565335.6152332
97419310c7e696dc8ca61f7e,750000000.0000002
49d9cb2bcc98d69222b03165,750000000.0000002
99fa9611d644cf325e20e603,1300000000.0000017
976d317efade1dd77ef3687c,484999999.9999994
b9bd63208716e4e0f2dedceb,431484136.44072765
834263730047f308d71d4d8c,520000000.0000002
d6bf8bfc752bf4580e99794f,620000000.000001
58bc2b0acdb0702732894fa9,550000000.000001
c3b8b774037044a2524913a6,1149999999.9999998
eb339d562b72b3bf51073cc1,499232154.7643365
c8244d916b0110b1acbd38ac,349999999.9999994
65bb6acd9be0f8d95fbc722f,550000000.000001
5644b84ee2edcf7267b2189c,550000000.000001
22eb737351bd0958d3e60efe,560000000.0000006
0e2a5d040f6361adb9927388,550000000.000001
be9f5ade682aa1fced79b068,325000000.00000036
8445e5cf42307960535a3b11,659999999.999999
1b002164d34a71bd06e0445b,700000000.0000001
c80f897787541816ad63bc17,449999999.9999994
673c72783eb4f9a02c511b83,948683298.0505154
3b29177e99201cf4eaae612a,889999999.9999988
91c5967cc1acb3f108d6e0f1,516240000.0000008
334b5b9fc68a18387ae59ebf,379473319.22020584
c9d096d4353b8eb843e793d1,782000000.0000005
92cade7b5347d1c00a48a1fc,889999999.9999988
1d4bbb5b756033b4be28643a,851704173.9947037
e1eb183eb261b6de96e20a56,809999999.9999987
7ea8da3b1481993b14bed9d4,369999999.9999994
78bb43910ad6ed105610d9dd,820000000.0
32c1f617f2b1f537ef703712,979999999.9999993
a7e6d3c76bb5507e00ccb501,489006968.11570233
6c75d7867807d942c975079f,800000000.0000002
e9182661e36239f091259232,319999999.99999976
c926ee21c2bd9da7da193514,319999999.99999976
27bcae7ffb9f79b8f59fe1c3,410000000.00000066
6cda1a7622d5577c0056ba40,900000000.0000005
67c945ee31cf1fa0a874e4a6,695000000.0000002
5a8638c17d14ec4f6d447b8c,395877523.8161981
82bef17c2a4db1f6dc6eaf01,501648548.0143744
09dcdf0b8b37c1d537b9fcf8,501648548.0143744
2cc9f2411f98d0fd41511211,459999999.9999995
aa1eaa63043c5c29ab6a1323,501648548.0143744
35b03ab66c19ba2049ddb9a4,579397193.4569638
90470cdcdd2b813b39f28ab3,615252156.7119577
ba187eee3858263fa664812a,615252156.7119577
c06a1d212fed896b6ee4e1c5,615252156.7119577
8a8c8f5aa68c4e530d62776d,615252156.7119577
662a221bbbd961c285069c49,615252156.7119577
ee796b35e39c7beb6aee2b49,615252156.7119577
53de17a986d62a44d7897200,615252156.7119577
68925fb9f8f0c84fa0ffa9fb,615252156.7119577
6a6d4f8251ff961609019ddf,325390457.7346279
3477646f548971044f8f0494,325000000.00000036
c82434222f4129168fa82e5b,494999999.99999976
4c00508300f40d74c79f2596,449999999.9999994
27bebaf73dff207d7f6829e2,1279999999.9999993
d0ba7b90f6ba3392a165b46a,759999999.9999992
61974f593c799e5d5090c067,332210599.9999995
c08b016afc6a07105d7703a2,520000000.0000002
011c2017b63235bf0ed3f241,490000000.0000005
7f73a8e83d41ea252ad61197,689999999.9999988
0c25a552c34e114a1780739a,330000000.00000006
21e96ca8dbe2f12b55723335,601331855.1349164
30f6404e8034dbd513aa8a30,903775000.0000004
f2fce80439462bb9231d7fba,358294571.5469321
40d5384e2e8f8fef2032928a,422788363.1321939
95f17e64d2222c904a7d42cc,422610932.1823092
59374f70d5e7da97e3b8b35f,1149999999.9999998
ba30cf03fbfb0e36e5d415bf,1549999999.9999986
c2424b4861f2ef50f8876c0c,447213595.499957
e7def7d0999433ad6d3ea412,950000000.0000014
7f1a4e79fa92196101baa7eb,848629066.3431507
37e0fe114a3c7406daa57443,530514288.80451673
897c0578bdc8d59843bcbe38,464875252.539163
7e554b821e6955ab259a25f3,395924295.86691916
23b0d67dc2a0ae6e5ebc9eee,395924295.86691916
d43f045d046fbc8f5ecf465e,529999999.9999997
498d632cf0868a8e641cecb2,395924295.86691916
6b9bba3c6afa1f999a9429bd,395924295.86691916
12db154d9d29cafa574ad387,299999999.9999998
61779f1bec05260cf10a0d2b,529999999.9999997
986defbe9082519824ebc882,544356071.9730649
f72992cff50931d2e19b3ccd,544356071.9730649
0e2d6e5882fd3b4eeb9ef286,544356071.9730649
9702737c9e4ecb12d0f9ea5c,544356071.9730649
c36cf907ee28017eb1b40674,544356071.9730649
a7ad9c8b5bae531abf68f8d0,544356071.9730649
6f3dd53b0935c9593a301bdc,544356071.9730649
11f8f836e5626605ee4b41c6,1599999999.9999976
16fe92ffdb7e1aeefcde80f4,779999999.9999998
c1eace64bd2c9f6bea289c4b,626448951.7603973
fc2ac43013ba8ab17da28041,626448951.7603973
5e6b54654c98c2517c2e31d7,626448951.7603973
f0e8b39d2e4644dade9d8954,626448951.7603973
22796587bee45b8f64ee6e44,626448951.7603973
dc8c76f5b3977f90839918b0,626448951.7603973
27663c0e271e26dfdbf4d289,626448951.7603973
2fc96ec5fb2c8dec0a5b09ab,626448951.7603973
49d42ab711abd95fb5947c0d,626448951.7603973
b8984fe54819f5fcc43860fd,854669985.4697771
8d3f4ec0c37443eb3f953584,1100000000.0
001dbdd202e9908ee42713a8,874999999.9999993
fc5f41aad1b4bdcbd8298037,709999999.9999999
34926bd7f9880e277e75a447,479895822.02807367
00eb120ba4410ed8efa24a8e,468541862.46130824
eb0c6a8231b38b2a1e1f789a,468541862.46130824
0f059b39ca45bbbcb996fa45,626513618.8712595
06a5364639452a9d663a2dbc,407066948.13602775
cd19dcd4aff76caaa1cffe54,448999999.9999995
7272c3521b7083038ff0a690,430000000.00000006
a480b654e1b8b7134091e613,1450000000.0000007
ba24834c9fb0e87c4ea7d1a0,920000000.0000007
ac46e3eb688cb1cb17da2545,979999999.9999993
3053732169b2260529f90133,560000000.0000006
ab0c047373b5d1810fe42bd9,494999999.99999976
698383c101fb784f8e1b1ee6,560000000.0000006
1b09c89b546d0058cb09c1a9,649999999.9999996
64edef308b6a9805f0846cbc,695000000.0000002
995a5799d9a1a7e4dfe4fe34,1649999999.999999
d4f1fcd4c20dec55e977720a,1149999999.9999998
21264b5a73fd27b85a4e2654,399899999.9999993
d464858ed94a1a74948f479a,920000000.0000007
dc420bf2dd1759b7f281cfa6,1300000000.0000017
0a268e25a5f3a0bfd8898a40,321999999.99999994
a3460f00d48816ef66e3acc3,484999999.9999994
9559637fc2bdf96defd2438d,600000000.0000007
421db6a58670e53f563eb9ad,544356071.9730649
7b6322fd5810990820167a23,430000000.00000006
17fbebdfe6bc0618ecdd247c,1489999999.9999998
00f2621035b1969d53f03fca,794999999.999999
e97c998a6a0709605432ccb1,359999999.9999999
39e306be57a992bcc75e089a,309999999.99999994
55d0225b44a81e82eea3efcf,1489999999.9999998
c7c5ee499c712082931032a4,1174999999.9999986
f15f48d4cf4f85a3cd68dfa3,395924295.86691916
01db5867a69f8ea7849d69e8,1199999999.9999995
7c29fc3861c9f074e3a89449,626448951.7603973
5ae2fec22f535ec2490174c5,319999999.99999976
a6731fb85da65ce14468341e,960000000.0000005
4e327acca2e033c3fb305c5d,640000000.0000007
37b8e8a194e4f2fed7ddcd96,689999999.9999988
a8dc954142c54e570bccdca5,550000000.000001
b427d767b071c3e5ac2a078c,349999999.9999994
a9407f510e67bdb27ad59b46,432804834.08613634
ba7120c89c8de0e57e30646d,539999999.9999994
4f5bc448658287ffb3d49b75,644999999.9999996
758d9f47824eb74d1b486024,1350000000.0
84fb7e582456d7409f27cd2a,848629066.3431507
0a6ade3bea1768aab76680ed,1599999999.9999976
f6e74a4b1e026352e5759b2e,659999999.999999
639b98d0798b5670e7bb2569,1574801574.8023603
32ecec7d5c47d02969368779,353791455.5380786
cac82fdc4d960947bbc590c8,355000000.00000054
c2b880a6bc90cdef9dac52ca,909999999.9999987
dd8eff6162c32ecbc6972509,427999000.0000001
6e2f79cf68ac0ba2b1a6b0c4,1199999000.000001
a904fab9fa4f41a11f673fd9,750000000.0000002
bf11c5dfcb321e020601e9ba,1350000000.0
488cdcddd0938ad0205ab8f0,1100000000.0
b92929668e884453d3a0d633,378857431.71907866
09eeb116cb0944a28742d282,477551032.8701287
c16e9d9444f85bdfade710a0,477551032.8701287
c15cecbbe717e72f09a84271,477551032.8701287
0bbd23df46a4ea4e4734b680,477551032.8701287
de28e62bd01870dfceb5d78b,477551032.8701287
92c4faf0ba1fbac44db6d1c8,645915314.1905122
91892eac5e9565b12b2a99f7,645915314.1905122
ba72421716765ef6aad9b4cd,813788568.2013597
a99df3a2cd4f2346c6e903dc,319999999.99999976
59a3b1a44c35ed4936cf7843,430885665.4962921
cd74b689350ef612ddf1b96a,390297420.12016875
5664cfe452394ff9376bcc8b,356000000.0000005
d4c6dda51fa949743a46e835,380000000.0000002
b7f47484bbd8113c62cc8c1f,547722557.5051677
d4dfddb6564c9f46b26e7aab,659999999.999999
aab240140aa4b6602234d88e,645915314.1905122
29671ce02e285f69afeb3fc2,645915314.1905122
5cd742ea274b4a8832114080,620000000.000001
c876ed979c9127674000b740,433131990.61836874
45269f56121b796d0392e2da,979999999.9999993
e981d4fb3a33f372ac26901d,979999999.9999993
2f13a428281ffc425f2c2e38,430000000.00000006
407e4196114b64578beac143,529999999.9999997
342027b17940a0cc5cdbf8d9,900000000.0000005
dad2bbb0fe138e426000a33e,680000000.0
e77da26aa7ecdab5505fab60,489620992.00913453
8fddeb4ca696706f6cbe573b,889999999.9999988
fe368a7d2e09fe88b1b972e4,405000000.0
6fcea2c6b9e39576e10581ea,458466590.96990454
91d35b9421c4982b54dd520a,534999999.9999996
eecc82010ce9803ebea6dc75,387410880.0627267
b957548768ef014088a61b5a,387410880.0627267
5790e4cf8102dba35e184ca1,489620992.00913453
cbab68c32d78424452249d9d,688540933.5595449
4e0b293ec3d5eda7d9fcf8b6,561165760.7559152
1f8742e662666147955c9872,561165760.7559152
aad38b9f22ccf36b0fba4e7c,561165760.7559152
44e9224b9735235fc7271672,399999999.99999934
b61e9e4f3a2e894932b58ed6,715064626.4958074
2b36d2ed79caaccd687f2ab0,395877523.8161981
7bdd64032a4f011bd4fe7df6,395877523.8161981
0890a0d20f33b9af2bfe488b,395877523.8161981
ea7c9e327eab66ca286f6726,790000000.0000012
98510008e150296ca9d27d0f,501648548.0143744
41abd8a2cbca609cf868f227,889999999.9999988
83196bef0e5dc6c981bc57a9,615252156.7119577
20289e986c1959f0c83a6a4b,579999999.9999998
fb39ca089d05381b3a7ba847,319999999.99999976
d2da963bf6c2f6fe724be23c,1199999999.9999995
670f7dfbe2eba87e55176257,800000000.0000002
469b33a6f153ec334b6123d7,680000000.0
c38ce4f3763795c61efee6f3,390000000.00000054
8553a05c2b30be81c64a6295,797999999.9999992
d8b3a1d0cffc913ebd05b931,900000000.0000005
f0fb8232343d235741a20586,797999999.9999992
887d749eeaaae288b2818b86,589790625.6629547
126f4d890004b8035a7de091,714456653.2001641
7d157359b413e107f5f9cfd6,561165760.7559152
65010e340fa495d060e32f7d,561165760.7559152
8164023f628f550f322aad61,506537827.7437129
8c2423c14aefa13d255fa77b,422788363.1321939
e9772a54bc6638c723dcebdc,995000000.0000004
171149ef76fe0a2074c5bf69,638748776.906854
96448fa0eb077563a2d168ca,490000000.0000005
3bf1bea2a835d7fd11e47ce8,369999999.9999994
2f4b0b1b81c792f43f4ccd5c,369999999.9999994
086540702ba0876c0c05c5d5,1599999999.9999976
57d17db2cc5ce1aa889f1f50,1179999999.999998
3b6cedd9966332f0722208cf,649999999.9999996
351a3e1b62cd51d46913a8eb,873593073.546935
33b702ced6de5f7ab8b29e7a,659999999.999999
e0e6852c6d6393d6d3719131,1149999999.9999998
bf5e687721e030639ec81416,458466590.96990454
314479aa7b73ef6ef44e1c89,489620992.00913453
822896f609e7761b58e7f6e7,550000000.000001
5b6f21752f3744ec6e529d74,539999999.9999994
5d91dd63b6aef851e0c78389,745500000.0
0a369278a1ef6f5e9d79e2e3,645479999.9999994
7523e95fc2afaf31bcf30979,1249999999.9999979
cb9de5719b978a78c71db699,680000000.0
af8c90983a23ee15c72b8e22,1499999999.9999979
e35d8f589e6b1909f5e4132b,1240000000.0
ecaa5e38ff6cddc14942eb7a,889999999.9999988
d2eeec3fb1ee4d686758534e,550000000.000001
e97d03ef9638c8e1d270ed2a,449999999.9999994
cbd78f55af1db4d89b53b496,435599710.00000024
1b2fa2ee5927660313569617,550000000.000001
f7f00e13da4910d724aba4f6,516526862.80579793
9a6b77dc2c414f0baa11effc,453990000.0000005
bd4d0b8799fa5999c5d2ee3c,790000000.0000012
bd6b68abb113370c35786557,1499999999.9999979
4da8ef54252a92d9cc62c174,1060000000.0000014
38d6c2a9beac610279bc110f,568360942.3115437
32e6518755191bef743b28f6,1399999999.9999979
4fd8d01a5c3abb90ad70cbe6,548276707.8215578
5d9f8f380a6434096a0cd906,420547600.13425463
724c854b1a991f060701d005,420547600.13425463
1bd78ecec17b584e827dd0f9,410295678.40667707
7e6f68184d84e09cc9ebc09f,410295678.40667707
c0174ef555bfdd648acf4346,399999999.99999934
6463505a740324c7aa869d79,779999999.9999998
f239b7fe0de40d208c01c45d,458466590.96990454
bd98add659faedc1820f96a0,458466590.96990454
ad662354d28a9b2d65f537f7,534492276.98219454
8e8852450fd5556f748c98cf,458466590.96990454
8fd5b95f5808b4676043de35,458466590.96990454
73a23c9d154fec88d396d2a8,613301962.4002955
374ca1a16b8eba42b35374ac,458466590.96990454
ff058f978e97c389e7a31f6b,458466590.96990454
9d7f2c004fd359136a662c9c,458466590.96990454
2cc0129b386acf9cdfa4eeb3,458466590.96990454
c139bf6b72a93a73155e1f5b,529999999.9999997
0c017cf9740cb67d530267d0,458466590.96990454
44ff213b9cfb3604b7e4b66f,458466590.96990454
a09c957598e6cde56cdba03c,458466590.96990454
c846d5698bb295697186555d,489620992.00913453
a84cafc064a35cc0ad698009,402094516.25208694
ecda0d714f52da919223a520,688540933.5595449
b9398d6bec5cc44fa39b8bdc,688540933.5595449
79d230806fbfe96368b83dbf,1335490225.4091988
a28b1d82d3f7dbf8746d5742,934672482.5661652
a6555836840c7dd496ba9094,489620992.00913453
83ce7c2d2823f888f2e06ea8,688540933.5595449
631f4c509de8dd64f1c400db,688540933.5595449
2afd31619c21dc537e4797ca,688540933.5595449
0be57099d9c3ad8a16984861,688540933.5595449
ff29f12bbd7ac4b860909966,688540933.5595449
d955edf16ddb9d3f59501a9f,1335490225.4091988
96298da2f44ca873f345867b,489620992.00913453
e6396355c1249c6290906b78,688540933.5595449
39f9f736d802b166ed688224,688540933.5595449
38a0fcb41f0dbe8b0ef7af8f,688540933.5595449
79b955adf84fb2c52381921a,489620992.00913453
e335b8464a61ea0781f7928d,934672482.5661652
71a929d79a6cccbce6ac5d79,688540933.5595449
41454361857cf70c44e1f5ac,489620992.00913453
a16ca6293e2ee2969f3334c5,785636988.1011144
4083248d3d2f2bbf9589b971,576520169.7860829
de630da5e1c9e27bfd94efcb,1036415756.2280761
f2a4f5010f3da37e27505ece,340000000.0000006
53647abd1d1b10c9226eac73,395924295.86691916
e51873d6421addab3b539dd4,395924295.86691916
be8fbefb8e06fe169237d4bd,1007509999.9999992
257c889187ad5de900a430c9,544356071.9730649
3198c4acc62c1a2276bf15de,680000000.0
b22350d505b87dffaae3a5e2,649999999.9999996
49ad389014995f0187edf726,410139980.3542881
025d96090a8e5bd6f786e9b6,464875252.539163
4a7156189e1f06b0fe87a7fc,362334697.79221225
e91425bd357561183b935d27,362334697.79221225
c9d996f458794961d9957c1d,362334697.79221225
084de965e32a2a65bd3aff5f,362334697.79221225
880bd21afee7038459b5847e,530514288.80451673
2dba091723891d8907905a74,626448951.7603973
a39f9fd2f143b8ce1f7e1277,362334697.79221225
37050aba3553f3869d59f809,626448951.7603973
35a39cf33d16f8f5ff75fd6c,464875252.539163
7c463a59e7d2f2b4bbd07e12,362334697.79221225
035d955df5a765531d1d0d07,544356071.9730649
be706475abdfd64aabfe45fb,362334697.79221225
bf41b26c090dbf0a19252e43,626448951.7603973
21aa860fd839233ed8b82653,530514288.80451673
b870c8bd8f95426a7e1f9c88,362334697.79221225
c5a5676bdb1698f8c38cdcd5,544356071.9730649
3487768de3a13b7ee3df0254,713190016.755702
dda7a886135a1fd8106d04b8,965811107.1834593
ee102e9d0791ee82ee4da2e8,477551032.8701287
1d4891dc27e0050efcc6c403,477551032.8701287
dc1fa8fcd0ffb8872d434dbf,551640432.9953111
2a5f727304ad67d1cd269361,468572795.67539436
2b10af4fcbef695b327b7d0b,919723027.1236774
516881e914708f6ea6062ad1,468572795.67539436
5a428139d5ce6bbd9505945c,645915314.1905122
38dbf1b9c5963e9c3d008340,645915314.1905122
02c6e8c7f36a2c68851600c6,477551032.8701287
d2684e676cae87d75dea5ea0,477551032.8701287
027947dd01dc991ffefc5082,378857431.71907866
0af13e27cfe9b8f237a9949c,645915314.1905122
32421841f7eeda76160d7959,378857431.71907866
96ad0e75433cc18f20ed83f5,645915314.1905122
b387b5eebf501a620f352504,645915314.1905122
8ed95f9bf057114664ea441c,378857431.71907866
114318a8e5822ece53ad897c,378857431.71907866
3bdd7be0b5e18d266189d991,477551032.8701287
0d2c4bbd8a4dbeb6337b5c14,477551032.8701287
a98637742a212e332cb5d1f0,477551032.8701287
acbec9114912932b9cbaf0a3,579999999.9999998
fd81506b0a00fab1ff680b64,659999999.999999
49e531941384af389b0aff59,509126442.54722536
8f221efe392ba42b519e5f57,539999999.9999994
1f33395df1e4f6a185c507cb,524404424.08507556
fa823373d2e7fc9443ebb6ff,800000000.0000002
0a6966f19bc2c303886ca82c,745500000.0
15d9a0353ad54798ef95e0d3,714456653.2001641
0d95d756b838d3a319277424,521971958.05587137
d644b23e4bce0e6e50ab9356,714456653.2001641
6dbc77ad8c5c1e39f72cd2f6,714456653.2001641
2fb5206d246ee7ab22fb8143,680000000.0
f1582fc47e7b8c0eb0cc9949,626513618.8712595
8d7dd9de4e919fec5916862e,695000000.0000002
0b67da6d74bb3998c80893f4,649999999.9999996
736d25efc9e570379d32c089,500000000.0000005
4615a8a7af9d7cefc7fe4c4a,849999999.9999992
8b753628bd37b9759dad06ea,309999999.99999994
5c7c83526b72ced12a08e573,659999999.999999
9baa578a930a94f761119fdb,474999999.9999998
8fe1a07cbe9b8f3498cf74b0,346999999.9999996
67a7cfe6e95aa5200c064717,501648548.0143744
b7e3b0c90c0d3bfe5befec54,649999999.9999996
e6a547b2c0d126c9b6800515,695000000.0000002
b08f88ef973c9d1c3a86695d,775000000.0000006
5933c18b8cb17cc6e4ae91cf,851704173.9947037
64a24372d58a2cf535c3aac0,880000000.000001
e6f9288cdadc5851d29fabff,1149999999.9999998
71ba2f992908a5f91f832406,494999999.99999976
3af4b54bb5ee5fcff80f1e53,630000000.0000008
40d3f1f00de86e74e0304bd1,468572795.67539436
3b758c26283c2f11251bfb89,889999999.9999988
70cb6337c8c3f5225fa80026,766811580.5072341
0dd510aaba8036e8fd9d667a,1300000000.0000017
ef6ac2a5102d7be910a3e4c8,359999999.9999999
24c32572ca6161a603a7d0d0,299999999.9999998
c7be09a810b9e54d2dfba4b2,903775000.0000004
01a5a230e8a808d844e64397,1574801574.8023603
5ade8e9c79288d511ce1fd79,501648548.0143744
7cf50019422bc9569a985736,1459874999.9999986
d4716e228067a7bb0f30aa30,520000000.0000002
cb79e02041eddcfa9225346a,800000000.0000002
b059afb753452ba358fb432e,1199999999.9999995
fd9f78fb2d2f4d01e462bcea,1539999999.9999988
6337f924f515625e7fa638a4,729999999.999999
3adcc2c662c8c7c9db5f0982,396862696.659688
6b7aff233052b9bcb6b9448a,900000000.0000005
cc51811e23409f4d77995768,407236573.7570723
e3cd7b6dc0495d5109086407,849999999.9999992
e63f468e1d9f86530d47ba4c,399999999.99999934
8bad8a7faae115ac9007b13a,1044999999.9999987
d563312854016e9115d034aa,999999999.9999993
57c7684f8cd8d78909711b53,900000000.0000005
76b8190137ba3daa55db33a6,520000000.0000002
2bcc6a15181273b2fad05e3b,459999999.9999995
b998aeafe2cc93bbd96dd9fd,401824913.415916
eb77734d12df7528af57c674,401824913.415916
e8df85384a1f51c31015ba08,561165760.7559152
b0a03d567e287bf4cbd7bec3,413004348.8208401
dc8bc7cb687a3a42b7e7d5fb,714456653.2001641
147de03212e554abbf3fc3b7,413004348.8208401
c09b8c236316b87a92a620b2,714456653.2001641
f5006b435fc92111d55c0603,561165760.7559152
ed70b749e030cc8715c0eba5,579999999.9999998
2a9bbd878f3f45745d76f059,714456653.2001641
503f33d11f75b6b5102ba4ad,367578538.4459644
41479709513815cf5fc1eac9,539999999.9999994
0181972aeb6bf451012a47c6,645915314.1905122
0b35c4a3f20cc0eb751acbac,378857431.71907866
e5de98822287c2caf8b209da,645915314.1905122
f3d82ce1c6fac06e4997f7ba,378857431.71907866
8e17d7d78e7acffdcb04d982,520000000.0000002
f1e7a0c7804083963b5b6de6,365000000.0000001
918dbe66979d16b147bd3322,468572795.67539436
35dedbaace193598c9c438a7,345000000.0
e67fa931031bed13c711ad00,490000000.0000005
eb2bbf82cb615e3227305b55,325000000.00000036
e8d83f7dcb876d5d05ae3e98,430885665.4962921
2be93bf5132bb788bf045c28,513809303.14660436
ac2b1b560e8bc4fa1deb6f87,645915314.1905122
674ea6932fa9e6b7581479dc,645915314.1905122
4893b21db2d6aa4417e1cd1d,680000000.0
2dbef742d0c59d21ad7392e3,1149999999.9999998
fc16776abc877decb82a5954,861684396.980705
6f84d405f419590075610c5e,378857431.71907866
52cec2691ff635031fce9507,378857431.71907866
830b1a2d33f7754b9acfdd82,378857431.71907866
fa908c8dd43fcbe9f721c0d5,645915314.1905122
90c3b93badfe7231410e95bf,645915314.1905122
60a495b86d6eff1e345ecb06,645915314.1905122
0468cf58f40372acb9d5fefa,645915314.1905122
c523380518164e1e317cf1b8,1300000000.0000017
142cf530f13cbccc3cc9d0a6,813788568.2013597
e0432ecc0c1fb2b00b5435af,430885665.4962921
3af3a702988bfa0599727982,820000000.0
99fad8a7877c57c0af05b318,494999999.99999976
b57250de388b7172a39dae8f,551640432.9953111
42fa0158217c9cb820f2a06b,598000000.0000006
8fd452d3f5f1dbb3b65f5274,645915314.1905122
27881ecd655786b093349ab0,645915314.1905122
38029a1aa22c0a5beb065edb,645915314.1905122
6750be41e08a725705256b0c,649999999.9999996
90bf218565cd67ed83240033,1199999999.9999995
c6a089a9bb326c22e3f3aaa7,1160000000.0000017
ede08c77d6090e0900654eff,1350000000.0
2f7784465c1c69c8f786a0a9,1549999999.9999986
5943151d9a76010179f6c297,410295678.40667707
82a3742862a06803242b703d,458466590.96990454
b815204eed4398e600b366ad,688540933.5595449
11c4dba68fb47eb9c49df169,430885665.4962921
4ae7dd50c6b743bd47340f20,551640432.9953111
d81a040e22d541a74122f3c3,368035324.3915595
34c84d0a410920c303ba69f8,630000000.0000008
6b0828221f9cdf5cf39e7c15,359999999.9999999
c50d5b4e75f165eeeb2eba97,477551032.8701287
572488a9a75f64434dca5dc5,477551032.8701287
0e67ae9abf1e2b2f66a91a28,477551032.8701287
cb00154afcad81df60ee58f6,477551032.8701287
75801c34fb510d824a7d8366,305000000.0000005
98f2d7810641693c44096ada,430000000.00000006
1fb4c88bbf995f77f2f29b7e,779999999.9999998
0abc98f7ea1e477c6fe3425c,649999999.9999996
b3401023d3097815687d1160,645915314.1905122
f1ef14babbc4123c5157eb9e,349999999.9999994
ecf47573fe1ff641f6914d0a,1350000000.0
0ddd21dcfe89f72e2246ed79,387410880.0627267
402f18888d480f5af146daab,387410880.0627267
61b3bd442f6fc8838e2f45af,529999999.9999997
c4eccc400db2dc9627c9879f,534492276.98219454
ab38b4fae64ab90a55b5a403,539999999.9999994
7f4cdc01f9086bcee46d1d6c,688540933.5595449
1be9d865ac8d01f0378bc148,1399999999.9999979
f2f43244cda8e2f5219f3db8,501648548.0143744
89ca905d858c7731313c82e1,615252156.7119577
5bbd0476c27c53e2bcaf9462,615252156.7119577
7e177acdec9c0fe684d8fe44,615252156.7119577
b764bb8ae8ba0d736bf54f5a,395877523.8161981
75f6d6beb64d846d965fa9ef,615252156.7119577
b5293710d0cd75f95de001f6,305000000.0000005
8b8ec04a78d3826b2c8a5754,800000000.0000002
e35579e8b9b24dcccf93abba,411000000.0
db5e320f51680100f1ec06f9,359999999.9999999
59be3c447844f31267366cbe,560000000.0000006
0f3b424c398a8e8b53162c37,399899999.9999993
57f4a3f6fe2e41ad97116002,550000000.000001
1c6038b67a40f0749a72e6cd,539999999.9999994
e5da0e3919341762d5beed25,459848721.5216074
40efc0dc313284d3b57492f9,620000000.000001
601da8fc375ba0b3df3b38bc,1149999999.9999998
61a12496ac1e6f39c5ac5d3b,1649999999.999999
8635edb61b1dda6f4742cac7,1599999999.9999976
ce12b48120daa5704a4c81e2,299999999.9999998
acf4d60dad7953065b59ced3,1221320000.0000007
56e3e7d822e13838ab9f85b0,835999999.9999996
7ea2c18341f69f21b523906c,750000000.0000002
dd2396a42097b2e8bce52a72,614003257.3203497
41f99600339a7afc8e386e6e,630000000.0000008
b2d160f54ce5f98f46818e4d,800000000.0000002
00dd36caffef00fcde85b235,800000000.0000002
471bd64a0576aa67f494eb98,879000000.0000001
79e307acac5f42f2696b0436,1300000000.0000017
e65a4eec62e2a5bbfaad5565,626448951.7603973
4845ca0d30483b36bfa55061,626448951.7603973
6784e116d96e03911e2a07f7,464875252.539163
4184fd9a546823ff1fea0b74,410139980.3542881
616a5485bc7721ecfcc21c70,325061447.947342
6ff3186df9d15b65dae5bd17,391152144.3121583
886706f32695891af743f986,498000000.0000006
daeb02020f23715e663b4a38,745500000.0
93fa1c8ebb75b77dea76ab99,539999999.9999994
ab25a6737b3ee0c4e9cf4ae6,750000000.0000002
c5641447732d3d1269965ffb,1049999999.9999994
86b290218a62d0c51b099a08,794999999.999999
d7b82133acf54bd3eac338c1,1249999999.9999979
10fbecd8de540f1fe4c57b7d,369999999.9999994
137baf1609138c6ca2715c7c,453990000.0000005
f5534949a53bef05de31b07e,390000000.00000054
466d4240af2cfd09a31cf3ff,380000000.0000002
7478693f3e7e8963e95be8bb,300500000.00000036
6e537e91af0de67558bc1ee2,477551032.8701287
f5b0b51ed49be034c290efd2,477551032.8701287
a4885ce6808ffdb878c41f97,497589999.9999994
a14506a4800c27223fc34728,869999999.999999
e8e97b7919856f9cbb9ad02f,645915314.1905122
e16685dae2bd3b0a4803ec9a,1100000000.0
044b8431b186eb022cf6fc24,649999999.9999996
60de8c37c9eb96efc432451e,550500000.0000001
59b88e154c07bb7c0ddb4e8f,626448951.7603973
71590ac868415f3a185dc15c,626448951.7603973
6388b4cfd09e2b1219268cb2,544356071.9730649
f865cd15368fefd8c9d6aabf,626448951.7603973
ffd916080b1019827491de0b,680000000.0
6b8ce573bc2ee68ace26a67f,745500000.0
7ce704ef5752dd496a61d857,539999999.9999994
6b1a1afa055c15908a855e9e,530514288.80451673
2a9338f62c99dbad25aec5d3,735056842.4247814
c2282da3ece2dca6e8a3bca5,626448951.7603973
5e6324cfe41c3676c7d0a5da,700000000.0000001
f1a4afc2e543ce4260f1d781,1330000000.0000007
5d17daf3e98cf433267d978f,1549999999.9999986
d5f41dd3258aa346367d7725,437795007.4618295
da35c757f211ecaab20aeb3d,645915314.1905122
8d9cd237c737f6e62092a08e,919723027.1236774
9dd98816533e4ca8516a5474,1229482299.4480705
27d14f352b2983177e836e3c,645915314.1905122
3dd4fa53bc59e5852f9fee98,1340050306.2720656
3ca74495aa9adbd533ccfb96,645915314.1905122
dc93d8ca60d60a118f61390b,430885665.4962921
dd7b4c374bbbcc60bb090fe8,378857431.71907866
f925a05397ca6163230f7ad1,645915314.1905122
66a59937c54eff29ab14b474,477551032.8701287
077db8e0877b924d1b57ab1e,645915314.1905122
aebc3c6079c1a80f8b2f1c7d,645915314.1905122
ae41a566826a10d5a6768d36,645915314.1905122
489fca3e6dc044412d00cca1,645915314.1905122
fc2f58cc289d29fffe8a5fe0,477551032.8701287
59519bb6d5d299ee0b767224,551640432.9953111
19921a97a52bed6c6b8f4135,645915314.1905122
ae08b7f31e69fd930ef4c832,645915314.1905122
1b67fbd144a4a3ef40bd9824,378857431.71907866
9e142165bbde850d4379a49d,645915314.1905122
d3e971e2e224a20530ee295c,645915314.1905122
a672cd6c8c284e14913222d8,849999999.9999992
93086ab3e32aa9599708382a,1489999999.9999998
63773145b1a896df26504b0d,398101999.9999999
17707d66753c1eb0aca28926,960000000.0000005
6a2d4d9a257fdfb2ead837a1,355000000.00000054
f9158cf51f5e9f644349a774,514999999.9999994
c09c39339b5bbd48f349a430,494999999.99999976
d470d84f5d8299c52fa24499,1149999999.9999998
9d028997ff036c154c3fda0b,645915314.1905122
40ce7321869b706210eda9da,430885665.4962921
3fc826461ec4648e4f7877da,500000000.0000005
0e7dbec40eab1b3e5c6bc665,874999999.9999993
81b3256980dd7d7f49030c78,1199999999.9999995
fed2e1459e9ccc06943a05d1,1199999999.9999995
c535169307e21e5df7ec88e6,395924295.86691916
d78d84e4e42f145e02e423c9,395924295.86691916
3e523ee3a6c2d89436539792,395924295.86691916
5f2df52db15d2e0ebd327a36,544356071.9730649
1c1ff56435675288e78c4735,410000000.00000066
ec4226205a38a45d97f35828,544356071.9730649
3214488a8fa9cf8b3dae877a,626448951.7603973
4a4fe76c58f5735ce6b018aa,626448951.7603973
ff3696c808d4835d6c7cc9e3,544356071.9730649
1aee9081ac4a04490eb3f0e9,544356071.9730649
8dd954e7312e6e6a07d6d4db,544356071.9730649
daa52a91f1fee77f75550246,544356071.9730649
a4ad34eb244e48afe23a780d,395924295.86691916
0b4b741487c001323f508d5d,395924295.86691916
cb383b7a746ed55b21a8b245,626448951.7603973
4b092d4d5885cc224f6775e9,920000000.0000007
ba12305002d24055c159ed34,325061447.947342
bd74d43d99a240ef4190ecfd,430000000.00000006
4957e0b129c5caf47b026c58,410139980.3542881
eb270972f0f69f1671a0a740,720000000.0000011
d51d3ef396efd4760c979de4,439999999.99999964
ac65d147ee69785195ef7da1,849999999.9999992
53ab42a93b6deb152951f82f,626448951.7603973
5826567e12ee3192785e36f3,1599999999.9999976
ab64918f2b2b4646e87297c2,1224999999.9999979
88b0d688281db2ef0a782921,430000000.00000006
dcceb6a2073faf9f89f3431d,1100000000.0
73bf75d5762e3dd30fca7b3a,848629066.3431507
a45ba5d63cd1971de19c25db,720000000.0000011
8467eedcf9a48fee0d72d95f,1160000000.0000017
6184f12f3a903658f3319290,520000000.0000002
92ab018394a5398b832d0b97,550000000.000001
e8e215437d023387c4a55515,820000000.0
7b8a6949d55b5bb27c3c6839,620000000.000001
33f1a7739cb556a78af083de,550500000.0000001
39c6bd862f908b7e8088f0dd,477551032.8701287
ae556ff5f318b73d3b29142d,477551032.8701287
e2fed68e0b614e65c05200b7,645915314.1905122
c62a4288a4a0336b1436132e,645915314.1905122
f23b32fa4894b6d59f73c151,645915314.1905122
4ac4fbcacef08524ccbf3623,338000000.0000002
5b5bb8156b98eb51a58e73bd,630000000.0000008
53fbed4f9680917f0615ae7e,430885665.4962921
730b528617c2841eea5addaf,520000000.0000002
13d08f7e14471fcf517c204a,390000000.00000054
da273cee807e254fc9aabb9d,865794652.1559833
b8f7bd85b61951ce83d7f57b,1590000000.000001
4954ce465ba712543bdf34fb,359999999.9999999
b7483c951d2c19de665f07b6,347704874.4402679
913cdfdd62e35472522d0a6a,437037606.70727783
be28b90a71e2922437f25110,414185948.5786558
b71857f1cc385219f114035c,359999999.9999999
a72041a40ca87928c695b2f8,437037606.70727783
65a626faaed9d9e3b172415d,437037606.70727783
229bcf400e309619268dda31,437037606.70727783
367bc4fef78a9800f8616d02,437037606.70727783
dc0ac888f1e87924e3994b4e,325000000.00000036
6996e88c10a94d9ee7d05357,382857675.9058119
cb8fbae1b4141461127c97da,759999999.9999992
d2de34876a7a6914c2dc479e,1199999999.9999995
c666974c4303d43b87714c62,720000000.0000011
e8491a7994738d098a7aede1,1100000000.0
9a6440e5318b2de28b180a2a,1300000000.0000017
9ebe11eba1a88fcb24fcd141,359999999.9999999
78b0f0bd0494fba0293eb0c3,525357021.46254796
047b0ded64dcae203a3015eb,995000000.0000004
7b95396ef4d0e97de8fb4986,729999999.999999
08f1c136d5a456c0215ebea4,1199999999.9999995
0880b703bf2064f59f2bf20f,950000000.0000014
cfc069bd55e152e40b3a1391,830842945.4475749
0a00771ee714a2f3f96c31a3,380000000.0000002
06acca3d0ef4685dc055ffa5,299999999.9999998
f802b026db4bf9d68cf00b16,353977400.40855646
4aebacb9ecd0a117307c7841,770000000.0000007
81ccb7e0255eee6274f5d930,880000000.000001
cd17bb739ac79f80d6f651a8,900000000.0000005
917829a0aba571cbe794838d,520000000.0000002
5b83b73ec31031582aabc527,359999999.9999999
5e18ac352e3f3119f5f9197a,1199999999.9999995
b7eb15346797508f47ae094f,649999999.9999996
5ac98c971b9293bc6a8a6aae,880000000.000001
e196b7cdeab1468d5d4e07c5,1350000000.0
0ea201bfd515584bbf72f902,775000000.0000006
d2e6ab3b3106f36f2c3fc119,435599710.00000024
59db28ba77489750903261d5,1149999999.9999998
b348c76e55613f53c8bbc94b,1149999999.9999998
a1e38854d6725e9c48c128b1,329848450.049413
b86c526fed01211fdbb62815,950000000.0000014
1d2b83d973547da8c168f743,439999999.99999964
0fe3dbfdf25d4b013b842b51,550000000.000001
71a20a4daea6d31de942b2ce,1599218559.1719434
35352b370a31d01748616b01,1149999999.9999998
27942219389ecffbce2e1d9e,939999999.9999996
62fbacd4e172983a2a998daf,626448951.7603973
00c1165df93a4cfe679f54e2,544356071.9730649
207f669778ed0db0e619ed40,544356071.9730649
5ca0586ab7d20dce5e9ca8a0,626448951.7603973
cc27435df779f16e6a62b0c2,626448951.7603973
7a94d3d31471ae313659aeae,626448951.7603973
efebd19fc5a2ab30f2ccedcf,395924295.86691916
8037e40c0c8b20ab6e0d4b78,309999999.99999994
5ae3359bfe2a704de00e8801,410139980.3542881
a5587c93c012375dee920f71,432804834.08613634
ee7f7d547af56773a4b0afaa,1221320000.0000007
9ed988dd6739eb7ad7aa5a06,1415000000.000001
26c08d7331ae19e1934a22da,849999999.9999992
767024c66d3a88bb18407b6d,979950000.0
6afa85ee6594d1c8296f04b2,544356071.9730649
551ca6ad1ecfc7ac21f8ef0d,950000000.0000014
1f79204a8f62c29b0a1b29d5,415000000.00000036
3dc0fa238745fbc31ba88853,600000000.0000007
4bc3f597867c6844e9b47fc9,327999999.9999997
53973c17ea7e89fbee5e6cf4,321719999.9999998
05397b2087e5cf381809f169,520000000.0000002
584990ea9718bb5598495061,459999999.9999995
2e7c6a89d2cf2d835839f5f1,649999999.9999996
5c02d79c59fb636ca4cbe86e,410000000.00000066
114436e00c03b44096823522,1221320000.0000007
60caee98c3cc8526d16d7f44,439999999.99999964
8207612808b5947f2802d2a6,750000000.0000002
31a73382ae20331521bf2e6f,889999999.9999988
c58947cd4f238cfdc0007bf7,1549999999.9999986
a7ee02ad2a4fa122799a2dfa,1071214264.281425
c77a63e92b9f727034913d8f,479999999.99999934
56c6bf831d3c6737e3844969,734506637.1381549
73ec6f4da3c277958cd2c228,1350000000.0
7dcd1916c0485e0b80f9eeb4,1300000000.0000017
cafa94c4a56c23ec73ee9071,950000000.0000014
d5ccfaaaa739b2bb2b3d46f7,900000000.0000005
e6d2e862f58445084b2980bb,1300000000.0000017
62f96ed5c1e5f28117949a23,357071421.4271425
20d8980a4fa8e094b7a5f00c,357071421.4271425
0172678cb0737e21a317eda4,330000000.00000006
6254ee88812e303bdedb8767,1149999999.9999998
a812ed43db71868625b351bb,680000000.0
2bd1c70db60a44d4400847ca,779999999.9999998
b057dd8a9c2082d1a78cba88,319999999.99999976
2fb149a70fa14ac05582ae69,630000000.0000008
47e282cb12ae01243d713178,520000000.0000002
ae47cf27964393fd56a52d7e,550000000.000001
21642991a20d6b0d17dea2bb,579999999.9999998
43b10ad2660d7552ab6c3b10,928181894.7447308
64e5093d6bae57e8b4298123,1599999999.9999976
9d8d3e6fb432174770c74e71,820000000.0
9f2498c12d7b41c213bec0ff,560000000.0000006
6461c0a03ad3ecf2f8112759,720000000.0000011
09b15382686c42fd89b24285,1300000000.0000017
da846b08fe2205d2e2a3dc71,626448951.7603973
2a89ac6511416d0920f1b9a2,1199999999.9999995
3e9083411c44213130b2ece8,420547600.13425463
0f0df5694eb388d843e1f17c,420547600.13425463
ee6a288e644183bb191a6526,410295678.40667707
8f570610ef199a3ecc49a0a5,613301962.4002955
3115e2391cc3a078b5e6066f,613301962.4002955
c7e45098251c687efe670815,458466590.96990454
8a3b7f5a8da339fe19e8f138,458466590.96990454
2f801cf48edb712627196b2c,458466590.96990454
a147a8c29757c5d0c592d347,458466590.96990454
86b0aa633bb16582bab5640f,458466590.96990454
c9620e3e2dce92bf95c57c6d,613301962.4002955
b746e4a5c9d04cf4dbf887da,458466590.96990454
915842a8a03914c08a6607c3,458466590.96990454
e9e6e054c1d09a22b7efa20a,458466590.96990454
4b6fb9b705d80ff350bd620e,458466590.96990454
9a51784f33b0cdfce8312163,651018846.2019268
176c9a90fcbceb91569fa3e2,688540933.5595449
c97e70a767a3661c4869bf86,489620992.00913453
a6bdb6221b88a24c9f8381b0,489620992.00913453
0a1e6a95a0f9598150c121ce,934672482.5661652
37d12acc69d0e3e92420e62d,688540933.5595449
d433ad6c3cdbd707e6839082,489620992.00913453
36bec92975612d091a3c78b1,489620992.00913453
3eb97ecf8069775b9104af85,688540933.5595449
9aeed339b2d916cc89f38bc3,688540933.5595449
f404deec9ec16a8460397815,489620992.00913453
8a0114372706f30bf6867a2e,489620992.00913453
681e772045fbee930fcc9ff3,1335490225.4091988
0816f29a68aa35abd5978e7c,688540933.5595449
670fe8f7b8ebe006885b2777,688540933.5595449
d36dd340e5875df6cba999ad,688540933.5595449
8ae869c5033c248f881ac313,579038434.0970517
294b04da3eaabadd55da9c20,1036415756.2280761
17b360d57782208f5afdfe4b,576520169.7860829
88ed5ebb575d026f8d440c60,305000000.0000005
e611a37562f88ebe07bb28d3,390000000.00000054
e685650979374c571dea2ec1,390000000.00000054
10d47d2c73f0ccbc97979bcd,419999999.9999994
fe96a7d758a874b1f0c42145,649999999.9999996
a7634531887e969c9c5469d8,330000000.00000006
42f38b1b2dc077c88a746c1e,399000000.0000003
25e832098d9e6e7c2f9afe2c,659999999.999999
b7dc47c641b46ca99fb83a0e,1146516463.0305126
0391d158ab104c5cdba31872,1415000000.000001
a3c4d0ba7b85b9a6370e131a,1290000000.0000017
27721beb237824844adbc289,1199999999.9999995
6e807e25b64bf0de81f51c12,1290000000.0000017
d2637d64e4022075c8f539e1,979999999.9999993
faedbe92e3296977872a4aeb,1300000000.0000017
5bbc190cdc5ff3296801ac0a,529999999.9999997
9b0abbbbfe0bc85686304ad6,395924295.86691916
f8263893418eb0752dae48f3,464875252.539163
1e73d6064abab2cccdb6610c,464875252.539163
c0155096575af5fc8db843cf,319999999.99999976
9c7f7b0ebe440f60d3bd478e,464875252.539163
25187d9f4cfe89a525ef2493,464875252.539163
85815a09bde2a30e296f65bf,464875252.539163
fd45b984efcdb0b434033fd9,395924295.86691916
5dac2d2027b6c81c1b7ee3a4,464875252.539163
7df538c0c831520e6d36e39f,362334697.79221225
14b81320fc31c7a513242171,464875252.539163
8026e480ba395cfe1e09cec6,464875252.539163
80bbc51dd90d131d091521a0,395924295.86691916
ae6ac510d3e46a50ef24896e,464875252.539163
06b90d41ad3ce1d0d389fea9,544356071.9730649
8d911c1a195567dae3cad99e,483488638.9198442
2876aa9ef0b44e43084393fa,410139980.3542881
76556774906f9e12b319c232,410139980.3542881
9662cce3c4b92d1c99849899,820000000.0
de3d078e5d524d8a7b65841c,544356071.9730649
547c8638128424b89d602f50,1221320000.0000007
c8a3dc3654c53cf66953de0e,544356071.9730649
21c8b93e50ac884e63514f10,950000000.0000014
49a0715897795017ee0de843,649999999.9999996
5d646ababb10f51c141e0d8a,626448951.7603973
da598f8a82b1ad1b02961cd1,750000000.0000002
84d8f7109615519f2ab0a48c,626448951.7603973
0d027b81f8391d73fe0046aa,626448951.7603973
079bc331430e94ee76f8097e,626448951.7603973
61055e6eb1910507640ce6b4,469900000.00000066
3f6effb8881ea683838437be,430000000.00000006
92c8d6ee8496b91821d7ba3e,626448951.7603973
78a08f21f7d7c51ff4d5b8ac,626448951.7603973
f7ee7282cb9edc77740f392b,626448951.7603973
694b0a500f1619c4ac4c85fb,700000000.0000001
13d43933e04c3c7a9e5071cd,854669985.4697771
5abb555cb9d65db8e6c28201,349999999.9999994
ee8103b958673c589b9cb27b,950000000.0000014
5b3a467a3b0feb8ed81be1b7,1499999999.9999979
e570a5157e02d440a78ca008,603578652.4848076
70298b5e8fbd66aee975ff14,645915314.1905122
2b552d7b1a1488dfd618b120,378857431.71907866
f4ea9c80fe71a1bd0b692475,645915314.1905122
e6a9d5c9a82ba73e76817a81,645915314.1905122
9b58b5c993540ec3ab1e4a0c,378857431.71907866
00858277a3cf4f31b8e3f738,477551032.8701287
d937ac866f671e4a0c090879,645915314.1905122
7d02b3479cb2d89d55bd4fe7,477551032.8701287
bf79649b531e876c5f03883b,477551032.8701287
66a2ec5aac8969b2be538c1c,477551032.8701287
7637c251618135e082a9e2b8,813788568.2013597
e8c9070ca596f88bc2e0868a,477551032.8701287
64adcb2941e9553ee394caee,477551032.8701287
0bc8475715e42b752649b4e6,299999999.9999998
956ad3b1dcbe8f236efe2d2b,449999999.9999994
dc81900a751b64dedcb4ac39,1149999999.9999998
02e52d3895522d9be85c4544,384187454.2459712
49d6752dd196e7dd583baf44,390297420.12016875
8364aa431b2e267e41efabc2,1149999999.9999998
1b59d33f9000d2e1aad46239,345000000.0
74a791baebeffcb7e7b917d0,349999999.9999994
0a3911a1a9284f2ff81689e6,359999999.9999999
6276bb8ceb13d174b8e405f0,390000000.00000054
d573d2caf8c67aa32bbe592b,299999999.9999998
57cafce17dc4de3bf8a9ba90,1100000000.0
1dc9e5c684c831b204d21585,551640432.9953111
48df432642971a97d3d4bd45,645915314.1905122
4902ccbe8456d3f0a29e5059,645915314.1905122
3a810dc80d3a63f8cf106717,779999999.9999998
c9859204696f3440cdb541c3,930000000.000001
349fa9cfa15d8f8bdcbe863a,1450000000.0000007
d0bdb51c8020a37fe8344650,1249999999.9999979
7b037e6e5d110999e51b79c9,490000000.0000005
f677c51266f5ada9e23f20eb,309999999.99999994
1b85d69a0f8ce1d6ac4d4475,319999999.99999976
4570a3ca0571c70657b4a1c6,449999999.9999994
de32ca7785b71dbcc76a50a1,415000000.00000036
4e3cce6b581e74879c2dbc4f,499232154.7643365
09c4d4b5d1c0118d877d5734,560000000.0000006
b9809baae395914981a9296f,514999999.9999994
fa56058283c975be76d7c990,419999999.9999994
7b32938ebf0b1b167a3d2d20,449999999.9999994
bb38c1c17612ce593e5ae7bd,499599839.8718707
bf0485c2e267d06b9b1d90c6,865000000.0
0357d0ee6e0646113ea543cf,349999999.9999994
ddf5182c482fca7d881fcba4,712039324.7567143
47e6a61fd652a3dd37556ddf,449999999.9999994
a9054883a22542257c7e778f,341600000.00000054
d7c70d831e88d552da09ff29,879000000.0000001
d4d138bbc80a0b29ed28a4d6,407999999.99999934
dc9119767bf4f21fcccdcc69,920000000.0000007
e8caed8cd754b0e3d43e6954,457999999.9999996
033307467830cb865a785e3e,468541862.46130824
5498b3e3ca091bb81be87166,626513618.8712595
bcaded180edb36336c2f5b96,626513618.8712595
ee4377ff95580b93e80ae08c,626513618.8712595
c25e1e289cac1bbbee489122,626513618.8712595
7e41d90a838048eda035fb27,626513618.8712595
f418efb887a15127cf2563b1,626513618.8712595
93b27fa67eae8cdfcb846772,626513618.8712595
6a42271a0b03bf9a856d1acf,479999999.99999934
2af9e271765438a47fa7e7a9,359999999.9999999
11429e0923f804d7dc5d27b6,1049999999.9999994
c218434cb0b05ebcef935e5b,435307766.78622466
a98e4f4db7afb8a6c9f69400,501648548.0143744
3c35c8993bb937164ae4a880,1539999999.9999988
c23a1372c81ba03e6dabb0df,425000000.0000003
cb332695a296899d1c798426,1012997012.5040743
2ace3da2fc4e0c022f7a8755,615000000.0000006
14f1bf9aa68aee1ac094097c,669999999.9999996
649a2784beb9b821d36179af,464875252.539163
6bbb8f89bae38eff88c89c46,410139980.3542881
1905b860a8d463c3048b4e46,695000000.0000002
3ec50faceb434f716d73613c,1599999999.9999976
99543a17b33ab955d03adfef,680000000.0
edbafba81b92efa9b1400987,1335000000.0000021
9b3846c7abf642e0a6220e7a,449999999.9999994
691c35e98d0d5780aa82aa06,738884294.0542188
395fbdeb9f0c0586a2b20edc,328999999.9999995
4803a3aedb6c20eb194469c1,374999999.9999994
bf95acc88b60a3d531fbd42e,612000000.0000008
b936e36ecacd7cbc3498cee4,396797342.18906444
293c8a0a4a358fe7554a4ae1,378857431.71907866
5a72e2a62121158efe59069d,378857431.71907866
605276b332b5e5984b83ea8d,477551032.8701287
d3de7e975a9215d04567e467,477551032.8701287
44b623f7fca1a306560172ac,477551032.8701287
9a6a8802cbf3549870c55031,477551032.8701287
f43c684b789900c58c8b5fd4,477551032.8701287
dd7ec9d7dfad5364dd303f49,477551032.8701287
506f2b1ff3e4e7e43a5596f2,430885665.4962921
090d371309090bf83b6fe0f1,551640432.9953111
886be9a1881866ab1f300533,889999999.9999988
ef34f331871e8ca6573981e1,594999999.9999999
53bbf1d3345eabc2a8b7f5ff,671565335.6152332
5bb87c8d49ba8ae67a659b52,645915314.1905122
21dd47ac3c4e1d6bd0ed2485,645915314.1905122
f59686ef2740247394547078,645915314.1905122
8fac177c5a8b4faa21b33138,645915314.1905122
b2bc172a3ab25b8caef50189,645915314.1905122
a10055de743532d7b7bd29a0,430000000.00000006
c344e3be381326a1b6cb5989,700000000.0000001
3fa4ef366575bc72ca5a0582,597839451.6116343
e9205b722e624eba0fd36145,1249999999.9999979
e75699a7693c678786ced75c,766811580.5072341
23208132621583ce4a46de77,579062677.5869783
558d9e4b57fbe6c7e0a09a95,649999999.9999996
1a6ecf722b2eed8cdc19ba20,477551032.8701287
11734add51785f1ddb999c5e,477551032.8701287
82c9ce0d018c1d620b7a6689,477551032.8701287
80d95b058cb11ec829b5ec96,477551032.8701287
cd89201cfe3fa19a4eb14bf1,645915314.1905122
d0a5f33f0689445e22db6626,645915314.1905122
c7c99ae9259b34bf9b8ba799,430885665.4962921
73806685dec82cf637f19384,430885665.4962921
83007c444fa52b34482ed55e,437795007.4618295
e08561df5747246d74136dc4,384187454.2459712
5b0219cdbb8ed527aec91659,869999999.999999
119805b72aeb50f05d3a5bd9,1005982107.1967455
fd20cc372715855081e24eae,709999999.9999999
e4a021b625f4ffbed391c6e7,919723027.1236774
902d4fc2c44ae5ca2703426e,688540933.5595449
71aacbd62d72d3eb29a744dc,688540933.5595449
7290697f96d8e2101089984a,534492276.98219454
314153750510e92ddcecf33c,498000000.0000006
9d576cf721ad30ab1a4fd554,390000000.00000054
50160783a9a0503df5a38dee,359999999.9999999
0f4abd70b68453d3500eebb5,430000000.00000006
42cde300d741cb134a529031,390000000.00000054
1e9cb258a0b7e08244d7fcb1,377094152.6992966
febc9a1b054671445d756cec,1098863048.7917953
39351adf139f820864dfe8f4,550000000.000001
b4fac45659e67d4e91fe65ff,359999999.9999999
fbe555f6bd0edc1bc950d9ea,709999999.9999999
67308f6bb80d2a203e306104,380000000.0000002
799cb909791d43a1eb305eaf,544356071.9730649
4354c1b6b27a87c451ddaf36,544356071.9730649
0b937a3ea4864896b744108e,349428104.19312334
b96d8b77fb5ba71ebce2fb26,544356071.9730649
f4b1645da3f4286e39f2fe4a,680000000.0
a2d1de4211aff373009809ec,550000000.000001
50b619ba3e0b2a4c6512bc97,745500000.0
3d57abd322b0077efa1091df,530514288.80451673
652793275729ff3b69e86072,544356071.9730649
1e2270f9f49aaf3be01dab49,470000000.00000066
99970db787f55a4d1963942e,398513999.9999994
801d821fd6ab7ee01b62a800,374999999.9999994
2abd46909a251b8ebbd37133,430885665.4962921
20a783884d6bcf1aa5697772,390297420.12016875
2fc38ab2689eb24f63e32efc,645915314.1905122
1f592cc4ed728909040f953d,378857431.71907866
d1dca15e36fcc5ec14dfd870,378857431.71907866
54f7aab6b91b48272a81fb47,378857431.71907866
b6d84e7d569d8d0f0d0c9066,477551032.8701287
54d10cb2a44179fd4d726f1b,477551032.8701287
341c307eedfce3f735f4a63f,477551032.8701287
1e057cf20757627d1b006141,560000000.0000006
798bf22408ef6814759da1f5,995000000.0000004
9ef3691cdc2bcece41b47e78,645915314.1905122
fd5793113661540ee34b8cb8,645915314.1905122
9c4ce4e9f12764544cc8bded,645915314.1905122
542b5322e59a3273e10dcda9,645915314.1905122
af578bfec5d84cc2f4ffb8bd,800000000.0000002
a310528e34207b5dd813df8f,449999999.9999994
ecf5c9bd618e3976ceb5697f,1199999999.9999995
d342a1ae299065045a957767,1049999999.9999994
f5dcdfdcc8f414cb7a38309f,649999999.9999996
4090c1b86074c8e769cc72fd,349999999.9999994
7ef2d4777310765d0c8121af,950000000.0000014
39222ab30001b3cf45b7de65,579999999.9999998
91a73bedc30e0c2acd95d6eb,419999999.9999994
d1e6d6900eebd9ace65d6c36,528497871.3296783
592c9c45c07388359f663219,459999999.9999995
738111512f5e5052927468d9,626448951.7603973
0db51d4771623f5fc1026d74,410139980.3542881
82c9556e19072558cbe3a7ff,432804834.08613634
c1e51ab95336a51885b4c672,410139980.3542881
0eda675541a035b1f620ccc8,626448951.7603973
cf379b41b70374ac4cf82dc4,626448951.7603973
d90c961aa01e51d63e50a2de,530514288.80451673
990379c9f9f210206c6f1916,1277645410.919079
f8189811dc639d760937df95,650502672.795588
3d1deb639d94b292552a123c,395924295.86691916
43041a793a13a4171f22e492,544356071.9730649
052d00805b2602cac76fed4d,544356071.9730649
c76207e622cf8a208910707a,395924295.86691916
ebe33bde2abbecd6d1fb0cfc,544356071.9730649
2e23ee2beaf5293f57a5c504,398101999.9999999
abbd422c412c2d57f5df62ba,529999999.9999997
648217f4d8b5e0e65dea066c,759999999.9999992
52e7657a539be5f36f48bed8,979999999.9999993
3a276f0df8c12422e14107c5,689999999.9999988
dc537b5973d2b94acf6f23df,714142842.8542864
0a41279a5ea9b92bf8cb79c0,869999999.999999
80ed77aff62d4c57ede6ba94,689999999.9999988
1fbc660f780245bd72015f07,544356071.9730649
df1f513009808ebd46ec0847,544356071.9730649
58708fd9e83147daf1a80c48,362334697.79221225
52b699f9900d81ae85ddc7d6,529999999.9999997
98c5b154ec80083bf6f51835,680000000.0
588400f7829874f9de919e39,550000000.000001
46a2a88ef09b2aab932ea02a,410139980.3542881
31474c62a8f39e250fb2882b,779999999.9999998
b40873d316de1c295f2a97ec,395877523.8161981
bf4b8b23cd87377169684e98,501648548.0143744
a34b3b037805f2ec489a95fc,501648548.0143744
963985c57392ed0423d74caf,501648548.0143744
a93a37e4cc75c069e14ffa00,615252156.7119577
071f284d07719a3517c55567,615252156.7119577
5d030db414b00948ec10d18f,430000000.00000006
6e57de8c4ec2e42832cd4b09,779999999.9999998
d9ee40ccf461ce3e9ebb815c,655000000.0000001
ee13d186a24af238d06e0c2b,510000000.00000054
f27397321c007765244e56e3,873738000.0000011
959397711c3f452486ae591c,1599218559.1719434
a41222195e5c7d7987dc3c7e,378857431.71907866
ad14cc63c36789bfc1bac0ef,330000000.00000006
79ea72e7b03cfd4fdb5219b3,477551032.8701287
cf68e05962a41395844e9c80,477551032.8701287
4a20d03d09fb9d0ee5565ec9,649999999.9999996
734c9446d0674b8d6545bfef,680000000.0
d9706de7190ae64c83e65769,689999999.9999988
b778282fc4b9c43055629e44,566185674.1200998
a4d4d6480b56d6198c0120d4,849999999.9999992
7557a9bc12cf0f2901c00264,1541172999.9999995
41376f69b086937257387f1d,560000000.0000006
2910f3631d1db77e4b61f8b5,900000000.0000005
3a8a506c99ede47ae2257e87,597890000.0000007
25d89911e830697217d460f5,436341503.2581119
365a227184022e99f1d2a816,1199999999.9999995
c6e34cb4e79a729a5df4183a,550000000.000001
c5c3f06bbf812593d1b95a40,759999999.9999992
acd6ad0081960c0f17b144dc,609999999.9999999
344a104d2210954497a5a388,1049999999.9999994
c0109086d0f49aac6c3f3f18,1080000000.000001
c42c99f5da3248e7bcc73fa7,1344999999.9999995
8e1e9ae57400052cbbaed9dc,1100000000.0
8cdd55d191f206b0841e56eb,561165760.7559152
c1e0b47866cf4a0120e4b3d6,390000000.00000054
45a033d121ca5afef24161ba,422788363.1321939
bc834280fb45fb308d957640,720000000.0000011
9ddc14c8e7fe7ffb078e0019,1149999999.9999998
7d66238672def6f73c25247a,449999999.9999994
2c12cbaa1f14553c1d41b958,359999999.9999999
196969a98960a68088266261,529999999.9999997
a5a3cab55661982b7d30bc78,550000000.000001
6464d5cc161ac659dd963897,374999999.9999994
e9f44786cf982100af0984e4,649999999.9999996
6302e608d8f37e63f4e5cc27,654000000.0000004
ab614a5008d68aebe34aa201,430000000.00000006
06bfbccfb3ec0b1f65f4b351,500000000.0000005
f7f46ac9158f0a1edd01709e,1224999999.9999979
6e233ae6294318baaeebb59b,720000000.0000011
bf6e713a689f574b532edd4c,1221320000.0000007
a7e97bdf2d4f2f62f9889c3b,550000000.000001
784822ba0060eac9358cce22,309999999.99999994
13c51ea93d19df6c273a1502,319999999.99999976
176e00102fb65cba56279287,680000000.0
52e5904902e4d75ad87afde7,340000000.0000006
728ce22c8db9bd0abe3f20a8,1100000000.0
e8bf121ec117e383c843bc51,700000000.0000001
878ff8ef3c862929bbb19ebc,1199999999.9999995
ed80ba018de35d5d76d50db4,859999999.9999987
9267fcc93ae3b6df8c12d9fb,715000000.0000001
babe27dc477f5e1b7e438422,680000000.0
a4173461aa676e09227559fc,410000000.00000066
f0b2a0602bb5a83f0827ac75,1100000000.0
2da346c00d6fc39268f12b82,750000000.0000002
9ec5fbf8767dd0d2744a79b4,652499999.9999999
c85e9bd6e20ee2a883d0a7d9,305000000.0000005
191cb509fd44e580ee32486f,477551032.8701287
053d37bf1d988505b5e91809,544356071.9730649
4d3a66e028dc8f3e9ad9e9cf,854669985.4697771
c75b265c0eb946ce77e32ce7,750000000.0000002
d233eb8af3ef7e325f6c8f9f,400087480.86635107
7f7f5313341b3ca499968716,615000000.0000006
4fa51848638f4437a3e31682,449999999.9999994
9090236db3ef719edf72a330,1489999999.9999998
4dacc190eae91b059dacbb00,1649999999.999999
ccd2f6ec8e9841f1068b7c76,560000000.0000006
a354cdbaff42acd1a0b5d82d,479999999.99999934
da8d3092ed0e085a83a7d67a,688540933.5595449
1181e18553eafcf5edf6fa05,1350000000.0
5b146f1914acf2ae78360fec,544356071.9730649
a0fa0aca2f6c2ae65a98ccbc,626448951.7603973
038bb35043651579f443c481,626448951.7603973
430c46358b85ad4a741c7187,362334697.79221225
4becfb041b0439429f2cffb4,395924295.86691916
feb87029d5a2e8125e165bef,359999999.9999999
61ffbbc24b30698ab8f735c0,380000000.0000002
0e3067f71dfb9dc2e03bba59,396718369.75551385
b8ec643c66478da376153333,529999999.9999997
c8bccdccc9186136a332e995,1005982107.1967455
0f4765c8929a87746217e957,1599999999.9999976
68c145df0ef91fb4d14d001b,349999999.9999994
e5b92a0c67c506ca6e92315a,499232154.7643365
a482103965890c922a66eedf,900000000.0000005
1d917f9f5a3cd44cc4dc8d2e,680000000.0
4cc968db25c2cf03991c0041,680000000.0
91ba0c5b21b52734d1e244f0,569999999.9999999
d6a8f4abcb02142c6dd15b30,439999999.99999964
0587e7e1f03af8ea6c46290e,340000000.0000006
61e1e0c49f3aafee6ec9179d,700000000.0000001
797da4e993a993ef80277108,560000000.0000006
b8acc8e72f2c498fede3fefb,788986691.9029734
ef2ae24039bf2cff1caa4340,550000000.000001
cfb8d15c6b0c0e6ee4b92109,820000000.0
05aecff6fd8d866c6c157a9a,550000000.000001
b2e37eb7cde5cf4290649ad3,979999999.9999993
b7ecbd35179a7658f3c11b41,1499999999.9999979
699095150a7f3f32c40454fe,1369999999.9999998
989a4fc1590097414d7c3fa3,649999999.9999996
b6853999c45e21646a0d1b20,325390457.7346279
6ddb6863958ded0d72fcc6a9,600000000.0000007
f6fc3807b54d8c69459c4f64,384999999.99999964
6528ca87df8bb477f4b6b8c7,546534536.8775879
7bba885503ea7716ffea503c,382857675.9058119
846e6f1ba1c94966314345d8,779999999.9999998
04e6a79dd3e4d8d17c8b5387,900000000.0000005
4d60db10157fd0b5eab9a23f,880000000.000001
0d7d434afcc5e93050e0b86d,695000000.0000002
bb9ffa04d913d06846d082a7,950000000.0000014
80abc4c356813c1e4ead1e1e,395924295.86691916
df8979b26c9971dd7c3500d8,626448951.7603973
6ea18874ea84b5b4840f9b85,626448951.7603973
aa75ed5781e6e8584143daa4,626448951.7603973
c8c8d083c9b9600059a8b8d1,410139980.3542881
5c8f3b7ccb4340263c255d00,464875252.539163
79b943894c4dd68bfd8cde7f,340000000.0000006
64f36d32a3a64853227fa69b,1290000000.0000017
d7080c3742cd9d72e9d0ae48,430000000.00000006
8333d32b98625a2742cfabd6,449999999.9999994
bddcc7fb72bb973f84b864dd,1047363152.0000011
5a80dd0f68dc2cf9fb1b0c03,325390457.7346279
5d82060575bdb7be33e63ecb,695000000.0000002
de416f239b27327e0f78b862,790000000.0000012
816f93a2e035e4fcf61ee4c9,615252156.7119577
aca1776ef24acabe172d573f,615252156.7119577
af32aa018cdfd081a81bbc80,395877523.8161981
7d133cde943d189c9abbb6e4,395877523.8161981
80035ad5b3b4a948469800bb,615252156.7119577
95bdebef7fdc2ac0e9541c51,731263215.9688038
d038e5695b32bdc6fff1f72d,477551032.8701287
2979f2d91d649a8c14f5453c,477551032.8701287
a0be286778d94153d3b22ccb,813788568.2013597
57e8ea351ecd1ff0825b1324,625000000.0
c84f96cf4570158c3832c3f3,800000000.0000002
93ab279de0b7b414ce758153,979999999.9999993
2018131ad3f6e5aa8f4be704,1499999999.9999979
eb055771816b45213df3ff3b,500035000.00000006
8e3700ec731701361d7bb7c9,415000000.00000036
422e994aaca85628ff759004,695000000.0000002
569e2cad5c18a5f393f80a8d,760591874.792256
7b4ca3a8d09968e48c185260,900000000.0000005
12785f791e04b3a49547fbc6,579999999.9999998
02ea72128a99862e9537718e,521971958.05587137
fd77ee8ca0551b5b614b40e1,714456653.2001641
ffbf6a54fb00029ba24dd3ad,489006968.11570233
a295b12b773127f15e83e174,520000000.0000002
90f0cf22cf9c8fcc290e495d,414969878.4249279
220d466e3737f1f2a8ed06ae,319999999.99999976
235c56f4afd6d87f1b3e199b,367578538.4459644
eb0f3b14782c9a484408c606,790500000.0000006
4188712d431ba996cd59fbe5,514999999.9999994
3dfd7e954d6f7f40af60bc9d,311657785.53179824
00e80be4feb1e8593b7713fe,396799697.5805297
eabdd1bad2bc4351ba4a2635,449999999.9999994
850342685ececa472945f7ed,729999999.999999
ecc4d05489c5ffc8164d5469,600000000.0000007
2406d47133763272a965ef51,490000000.0000005
b9430e8c145c2a0d7efab2a4,995000000.0000004
4f8dfb8de411b8a05c55dbbb,800000000.0000002
574b6bef16abb21fd67db401,359999999.9999999
e7ef0d61e27de15f10b0d643,550000000.000001
647ec3f486cedf045cdd3b68,494999999.99999976
69d83d8492db7ade6c37c3de,470531614.240743
6c07175274fba6a0dc467cbe,349999999.9999994
a5a71962df1b8bc45bf5547e,678159273.327439
ff61abc1e7843e20b1bf8656,449999999.9999994
540c4d7a79864885d73cca95,479999999.99999934
17d0f69ae2c4f1aaa1aca9c7,349999999.9999994
80de6a9303eedbfd1c69601f,962537802.8606428
7cf573f273b14a6cfafa3ec8,479999999.99999934
eb9ab213defc2de5d878653f,369999999.9999994
69f7ab8608b5328f106b42e5,550000000.000001
9daaca90887e5144c35daeff,550000000.000001
2bd08c0964ef4a95295db843,624019230.4729062
34f0542a538cee9f3624d897,439999999.99999964
847a7fbd4425fd2fbc4b3edf,1599999999.9999976
22428154baf95870f1d83fdc,800000000.0000002
18e89f083fdbce3da0a82a4a,978999999.9999995
63674e7ddf6f2b4d7c6d5c1b,359999999.9999999
0e97f66cf4208c1a57d1fb17,403484820.03663903
a90f7cd68b662c87d9fc2d5e,979999999.9999993
2086639384041f3a9b519140,840000000.0000004
d38353aaffa4af168518c6c5,449999999.9999994
d994f3919c3c8fe0ebd538ad,620999999.9999998
ea9d6dc517c77ff8bffd596b,879000000.0000001
ff83788b9f8db0297f6c0148,990000000.0000013
9d9564415e52518c2817f66f,463166557.76169795
9362189c5d784741c9b0f8e7,459900000.00000036
ffb510bd3f847f4ede255fbb,649000000.0000005
7d3e4ead63a869bae978027e,600000000.0000007
5dc404d1c214abd2d45b2a0a,600000000.0000007
64335f6d4c1a7514377be77d,550000000.000001
b81801f02a73feb1db7f5e83,470000000.00000066
b5d6fe84ee7c6a703891112d,1084435336.938076
af0502ae1fe341c2ce1b5325,494999999.99999976
ec43b2789c9cc266a8e0d1f6,702000000.0000007
7ff8b0b5ab4fd12f3be399ce,999999999.9999993
d5c8073e3ceefbfbb547eee3,500000000.0000005
66379c5752189c150954b4f0,430000000.00000006
6a3f9046cfdbf4eefca3ca69,680000000.0
b549a72c938d767ed504bd83,551846899.0580642
f48e503ebd3908838c1f2ae6,740000000.0000001
e58ba64bfa5280630bfcfa97,549909083.3947018
07edd16680605925192efcf1,384999999.99999964
70b821bc1c7dd846a8be343c,474999999.9999998
d84d7edc4a4896c4a8722328,579999999.9999998
6d592a69209ef3356e656c44,364097145.98885155
ca9b2ef10b512905af6be620,869999999.999999
bbf16146922556095f53b5ea,990000000.0000013
86e80098f5a3e7dbd635838d,495999999.9999995
dad46c20f9f7d834e522fdd1,850499999.9999987
e2dcb036931bf4b2aa030036,800000000.0000002
aa7a25411bc0f9f93dcc40df,305000000.0000005
e192181121fe58a8bf94aecf,439999999.99999964
5aa715bbe2b178ad0c9e4b08,1199999999.9999995
43b5b5a9a1615eba48ab8b66,327999999.9999997
dc91e3fe1b190fd8cf2584c9,425000000.0000003
1014341bbcd2fd5775631f78,494999999.99999976
7f2e9d302a6ed1770db9f7cf,889999999.9999988
73f4074e5e09e52e0e03598f,687386354.2433766
0460eacc73398bb95f0518e2,1300000000.0000017
5a44be6fad8878eb2c394ca9,645915314.1905122
936cdcce007bce08a72112b7,645915314.1905122
8334a4cc7db8ed5c0071fe95,477551032.8701287
e3e9d1d073b129c697c1e9e9,645915314.1905122
dd9a60c3d502ca3cc98d9b73,645915314.1905122
949184accb5878f82fd5c10f,378857431.71907866
bbc675f7edfa0425c78c15ea,477551032.8701287
7436750d73f2e56b4f29e98f,645915314.1905122
cf81103f31f74edfe0453de8,477551032.8701287
620e467297aed5c47e22735a,349999999.9999994
41037a3f8625082544979179,569999999.9999999
6a2db40e5f210a31b2f7119e,390297420.12016875
0083ef74db679d22463a1afe,430885665.4962921
b19be1ad7f60717a943ff0f7,468572795.67539436
0906b6a88fb1eb0d7bfb6bb5,490000000.0000005
f82adf71d17c261b41a5231a,820000000.0
bdda694c42c52ba4803d482f,437795007.4618295
80f633154b6f94b8fa24f213,630000000.0000008
f69aa18a64d8b8494fd9fe3f,367578538.4459644
3146f3ec9b237fa0944cec7b,390000000.00000054
5db3d671b5aa03dc33f258dc,500000000.0000005
d5239537894ce7f2a9cb5a49,430885665.4962921
bc28e66374356a4fcf9b62d7,380000000.0000002
3697e556be961a16a621f3e5,390297420.12016875
bb6f66493fbafa76d70b0a34,468572795.67539436
e78a4111d943044a9a32ed80,645915314.1905122
044e2daf937c0d8373f2e914,766811580.5072341
77668d4325802de9d63609a9,645915314.1905122
a85ba83751915d8d5d1a0e09,497493718.553311
429460d5f5c5381e945cf449,979999999.9999993
a53dc5c58f7384729ba37a21,630000000.0000008
a4dba76865fbd14aa19c0286,1160000000.0000017
7573c18a79e5e3ee0610d7cc,1160000000.0000017
f13f72c1cb469db92b25c2fb,1499999999.9999979
45dd7eee4488e88d71d46783,979999999.9999993
dd4fd04b9fd80818bd543f9d,501648548.0143744
500a3c5953f89b431184fead,501648548.0143744
d2e737461b916ba78030c76f,501648548.0143744
e1e69b5a90431b8a44265487,680000000.0
49cc8164d94a2afe8b750af4,448464045.3815665
e9b054016b281140d2566d88,590000000.0
32161228e9c502d2c21beaa3,309999999.99999994
9017accdd4fe3229fc45280b,394000000.0000002
17fed4a312a9b773f64861d3,355161600.6970398
8632f5681d04d9c934675409,1249999999.9999979
8356123e4d10a479a12e98bb,457165178.026499
70463649ffbda5fdf3c10ec8,950000000.0000014
1414ec3cdd3f6ab772fc7584,557897840.1105353
937708417ef2642b7d05abad,560000000.0000006
afbe90d764c1821cdb26e38a,449999999.9999994
14331a3db021936067b15890,443715100.07878655
793efc460dd25b67c644e92f,824000000.0000013
0a9e4dd0eec86037a36fe769,889999999.9999988
e5168779de76d99010e37c7c,1017496928.7422956
016dd08801ad1a1e7f6e695b,1599999999.9999976
ce509ce153f452ff8a997538,999999999.9999993
66d8ce8e6aad18a4963275fc,479999999.99999934
8398e3b96d1311c7264f6603,880000000.000001
e9081115ab418ef1031326c3,345000000.0
5c8240a1ebf6138f81dac715,685565460.0401046
18cb1adb2078fef29a613a96,1199999999.9999995
4167fdc804227ed43224a32c,900000000.0000005
b5d0ae257748ea92c47d8fc2,510000000.00000054
1d17f0ff708e6f0b93a990ec,620000000.000001
764f506bb2aa1ac4de918a71,371000000.0000001
7a861f1e3af4dbbf55b2c301,410000000.00000066
1562a23a312478d7a05a33dd,529999999.9999997
0a040fd24e23a77f0c58495c,688540933.5595449
7f0f5931fe148f6187ebf512,378857431.71907866
9fcdcb2be94744d00e734a3a,1489999999.9999998
f181f74e96a93820a23bc0a0,477551032.8701287
5193b43c32a2bfb3aac6b2af,645915314.1905122
6cc7718e834ba47a429d6874,449999999.9999994
b8d06f4ce0d6e71ba0fddc26,663643914.5053006
30a30e4ab286fd822c68ab5a,540185594.7085259
f99bdff027d28ceca0caacd1,540185594.7085259
f46f5e911c6c595efb5b7ab5,540185594.7085259
a7f0c831d82505044f370b1a,347704874.4402679
17069e9f4ba45c93738b109a,353791455.5380786
dd5c910c2a3d63b8fa92096f,347704874.4402679
a33329c9ed11ee8b87aad6b4,347704874.4402679
925b457b5df270a68b84753b,347704874.4402679
d206aafc71e8aec2afc3f8ee,347704874.4402679
f8232717e74332384075dde8,347704874.4402679
f60d9f0751a14efe41be383b,347704874.4402679
13adc7946bd4e6e3e4416e52,347704874.4402679
230cdc90e6c825d391d5025d,353791455.5380786
e98cb170e4383546988c6829,347704874.4402679
5bc46671989de2534553ae49,347704874.4402679
3b98c8e46cf8477a1968244f,347704874.4402679
f9f5fa4ad495197a5c9b492c,347704874.4402679
0bd42f8ee9d36dae4cf35886,330000000.00000006
567ca46ac91cc53e3b479547,649999999.9999996
f0ebddf2bd5aac661e4945ce,575097269.7242748
eee841bc785b1824b6419a73,435307766.78622466
004776514ad269b380581066,387727614.0974802
bd3edc7854cffd6b6debfb98,433573457.50729084
0b42bbe66e438fa81a2ff77a,433573457.50729084
a33bfa6cf99e26bd9c49f8d8,435307766.78622466
8b45db8a4f2c0f772c8d44cf,387727614.0974802
262b5b0bb408d7cf53073832,435307766.78622466
5844c83fecdf7e09b188c2f0,435307766.78622466
9cc3c05f0e81b8f6454b80ea,435307766.78622466
07c46b493733d74c4f384b79,435307766.78622466
932ce2fe93b8e1ec0e7bbc8f,435307766.78622466
559fabe06aaee537322d0af8,387727614.0974802
f4da2c8dd901cca9cdd51025,435307766.78622466
84eb4861db0816bc8722f379,435307766.78622466
d0dc69570223bce949a4c17e,433573457.50729084
abc2ff9d0e7848169fca170f,435307766.78622466
3e3880088f0df7c447e27840,387727614.0974802
3580dcbd0a6d7d6d3546dad6,387727614.0974802
f123231ff18912a3dfd7cae7,387727614.0974802
78a7eac41dd672cd1863e3b4,433573457.50729084
97def72de478566ad58020a3,435307766.78622466
e3e2e3080cc309d34014e8fd,435307766.78622466
71be583d473084bc0608d066,433573457.50729084
ac6a4c672dfbe20f5bafbd89,435307766.78622466
f4fc081a112f5ee1b3a09e70,435307766.78622466
d8add8f5e0aa562a63c894d7,387727614.0974802
88ab887e18e38d0b8315286e,435307766.78622466
07c8af84608e6c9206ad6961,435307766.78622466
2b352d996677e67156391e25,435307766.78622466
ced624c6debaa01c732e9f60,433573457.50729084
ef92f63b46f27ccd2151a21c,433573457.50729084
f4022026c279a9b77a894ee2,435307766.78622466
e2e2218086e6ef5377c01b68,435307766.78622466
4af83eb7718f5823ae69fe47,435307766.78622466
ee98e745afca6de4550fe570,435307766.78622466
bd1fda425d792fb0de7b4499,435307766.78622466
86b2d3ad1dacb372734f810e,387727614.0974802
98abd5139cc3ea136faf7c8c,435307766.78622466
4582ec985de48290c5f1f5e1,435307766.78622466
312a6b2a57dc6947f95213a5,435307766.78622466
86a47522586da2884181f128,433573457.50729084
b41edc115f6b439caf392941,387727614.0974802
fac682b61b813044a3e3ad01,435307766.78622466
63f4e57fb2cc22659e80d6fc,433573457.50729084
4310c7a552b20afd46f930d9,435307766.78622466
4f18341de355d2cf57a03983,387727614.0974802
a418dbb6d04e505c133c6c1c,472432223.591986
afce1d7c5576dc49c80bdabf,433573457.50729084
5ec12159380f4d1a85e8b0ef,435307766.78622466
78d10967c36cbf346bd58f63,433573457.50729084
f995364cc33c431b3c93db45,435307766.78622466
99b31d0b5d5ab75a2653b1a1,435307766.78622466
42d42ad031a2c62be9b5cdca,435307766.78622466
73d09646de4e0ab46feaceba,387727614.0974802
bef4759bfc25c7d44a8112af,435307766.78622466
c038742e427830aef3ac1c17,387727614.0974802
e96a7f5424558193663ef6f4,435307766.78622466
1af243eb63d893b1251f44dd,433573457.50729084
a083fd17c5e7c9d33540b922,387727614.0974802
549024cda1c093c9f8bc2ea3,387727614.0974802
164cf5fb9a759f2e4be67b6e,387727614.0974802
65ff6cef76efb4c83ac0611e,520000000.0000002
784b1db005d39c2f57666efb,369999999.9999994
a2f06081983f748fcd74652d,659999999.999999
66e4f010db2febff23b4a4f5,325000000.00000036
9702cf3039b86f97c003e20c,545205883.8183013
48de5d43e88caea594ccd27c,545205883.8183013
6732c28a236aa1ccc0cb2c86,545205883.8183013
8a1d1f70adbdeb233ed3ec3a,611404171.8654126
c775d4f60fea55d5511da4d4,611404171.8654126
1f4109e1a4b47a9b11c2c019,545205883.8183013
31ef69bed8e54b5e1fb245aa,545205883.8183013
882907ccf178b23a02ce262e,545205883.8183013
2868ac4225657a13f6149e6e,611404171.8654126
cf6f0a3cc030024f4e9ad06d,545205883.8183013
0a1cdd0d5c3c8b973ab1a98c,610274093.1951652
0d099b1e1a314dfd9aee5293,611404171.8654126
898d1eb301c92ab6603e0b81,611404171.8654126
9fdf7d85fc65849cda3afda7,545205883.8183013
f5ee97750fd4e04eafa9d1d7,611404171.8654126
ef9cf29f71434be184a4ebd9,540185594.7085259
e4559824c3390efd6282960a,610274093.1951652
f8dc73052c66ab334cb7be14,611404171.8654126
2e992370de3eed4ec1271589,611404171.8654126
e2bbe9221780d01a265e2ef4,611404171.8654126
b65a2a140ad5fc6e3e26b6e3,545205883.8183013
3dea0748459a295fcbd2f0b6,611404171.8654126
7a1cb1f751cd36bdb6412ba2,611404171.8654126
1381c0399ebbf19db3a11820,545205883.8183013
479b2c9c12602551bbd0212a,611404171.8654126
d463fae95232d30e0f78f93f,545205883.8183013
d0df2748d371d98d76408d66,611404171.8654126
9551dc6098b721dd495e5c57,610274093.1951652
fa736ec3f2f066cba4328908,611404171.8654126
37fc4ce5dfff7faba6bebf8c,611404171.8654126
f336d60e41c8bfee91d58728,545205883.8183013
65e1a61d984712e76829c821,611404171.8654126
65eaf65f8dccb8e49a93b753,611404171.8654126
36eb8139a5ca1b8459eb52c1,649999999.9999996
c357cc3d2f4b45ca3e1250d2,472000000.0000004
4b75f2b374e8674e8b55eceb,849999999.9999992
9c20784acde0823e9479be2f,861746187.8719258
0f2aa0d9fdcfe894caa8fddc,836825098.9342291
23374ef76774d4f95f022473,873593073.546935
4224e69acf9fb071d4cab498,829222766.7851602
a41d05f2ae3e022c16088bd0,873593073.546935
9b30c679d7da9169580773a1,829222766.7851602
2795cdb2f4d568a782dcfc3f,873593073.546935
5399af7ea98c97b5906efe1d,873593073.546935
5e93ed2a9b36625c4450b5bd,873593073.546935
d04d42ff91707e3957b4a29c,829222766.7851602
f32ea78bc5ea15d700d3c118,873593073.546935
8ce2d6e505ad1da079f34a8d,873593073.546935
014799b9ef7d5244fb6640ff,829222766.7851602
f50a72cfa82f3742189b7fc0,873593073.546935
8876b38f90f5571639b7d879,873593073.546935
239a2dd25f604c730136c720,873593073.546935
db297b6ab332cbbba338e7a0,873593073.546935
5aaed76349fc95f6c12ced7b,873593073.546935
10c94f25ce3f7532bf4f3152,651466529.5563376
d0ac1f63c75987c92038bd30,873593073.546935
db5ea791b33be91840a6d045,569999999.9999999
8627562772d9d63bac507fcd,669999999.9999996
b1ecdceb6ac00b6b047c241b,891232475.8069619
f499c1513abf0b05aa1f460e,1064778450.1212327
0d8b0ca08838d1dac052d51c,1064778450.1212327
c54a573c9aef013dfa2abeff,1064778450.1212327
f02865ea64b156bf4cf4cfa4,979999999.9999993
087b564ba475edbea431d4e4,1140983274.3572645
2d3236cf646f19a25932676a,1064778450.1212327
68b547621c25c7418cfdf5dc,645915314.1905122
097a1a08a389439cc2c760f8,358000000.0000005
e9c905ff64c7e2f8c21b0a9c,309999999.99999994
464039bbcabc650d659f6683,1149999999.9999998
93c24fa31fa780d28ecbc318,660000000.0000037
a73206cd21136b209f25c7cc,484999999.9999994
852a11f12646f0a1121824c2,399999999.99999934
61953f4c9bac7cac5ddda5d9,849999999.9999992
5a5377f2d087b7bb183783bb,680000000.0
0a85c354c48921e0ca202d15,1149999999.9999998
12f9d50fad58e4e40a187d98,1199999999.9999995
45ac018012e7dd91d41a5876,720000000.0000011
28f905e91295a47d106a3214,1049999999.9999994
395e3718423aeac3d40494a7,561165760.7559152
1fd7e9b1e717578f751c21c7,714456653.2001641
e8bdc4a088a6b99a538a6f0a,413004348.8208401
45b894a8b028be29ed137f1e,1549999999.9999986
f5c866d489889ab2f124799c,714456653.2001641
3d0de71d822da8a999bb6222,750000000.0000002
ecd0b4bfd66fe04c278dd4ae,458466590.96990454
9a61bfe6ba2b8364a92e5a97,820000000.0
e8b8d0c4cb87efc13344bcd2,1224999999.9999979
1f39ea319382fb0e41ead713,1649999999.999999
d61700c4ecc128290bc42d3f,314999999.9999999
d87cbdc4896e0e0160999520,325000000.00000036
d1281c9f037ea5c4fa683b84,299999999.9999998
310e768d2e8836432f8b3e97,459999999.9999995
c5498cdddd7856e99d21f52b,415000000.00000036
d3169d4a467cb7eac41849ff,493801579.58435
2eeb4b0d7afa57b63778b69f,1249999999.9999979
7b3621124731bcd2e543562c,539999999.9999994
5703b4ab6e77d88f751bc6e7,696999999.9999999
2c567face144ca714454abf2,1549999999.9999986
7169b5a3b9a796162de685cf,1249999999.9999979
fd19e1b2e61f5efde879f6dd,500000000.0000005
55f0e95dc857256aec65ec1a,1599999999.9999976
ab03c034e2a420f395ca094a,385999999.9999999
ee3c0c7fe3fe73ad0449870c,1294999999.9999979
e59afca092e0ddaf60c9419c,620000000.000001
99e48a46a1a599471d3260e0,374999999.9999994
419398139a3aa2ca2be3f941,399999999.99999934
54c33befb89cc873771c3be6,1499999999.9999979
cb29bd3ae3d5da88c99d3db5,539475746.7556471
24258361a4ba8f772a83ba7c,849999999.9999992
539c12d2fe8cbf950b75a0fd,349999999.9999994
7b81996f3abd287b50adf8da,603578652.4848076
0d9e73c14529fa3f1ec8a56f,477551032.8701287
dd178fd542fc716e32b4136a,560000000.0000006
9aad22f3d25e46538e1558fb,645915314.1905122
93df4118ec3536b312822d90,1160000000.0000017
7c6319c04025c4ed6aa3f051,477551032.8701287
98e04fd660ca1276d1510a72,477551032.8701287
4a8eaccbde5a4a6747818d29,477551032.8701287
9f6ae3eaafbdfd8d5c0e64c8,645915314.1905122
5929c81cfde8ae068a8b822c,645915314.1905122
b94ea2b8b847a47140d04008,645915314.1905122
ac1b644a8d2ec042ca91f89c,477551032.8701287
8df9256029f526ca313202b7,477551032.8701287
e029511780468f4cfbd10d3e,477551032.8701287
0878fd8b66aeb22f6af2d7af,378857431.71907866
76258b7b7e8778cd60d3435a,477551032.8701287
d64a2ad3297e2fad8ce66197,630000000.0000008
8af6bb75c85a2789156b3696,390297420.12016875
40db880aba8951909e6e4ef6,468572795.67539436
c9e20cadac540faa59d9aa3f,340000000.0000006
7d5459e48101349c75d43aec,598000000.0000006
fb0664d59b6333ae1861f343,579999999.9999998
bc6b57600fa9edfe13fb3118,779999999.9999998
d309cdb5688ff7bdbb682d17,534976635.0038098
d17ba799e68d7775f2104b3a,534492276.98219454
2baa6afba131b74487c94d74,534492276.98219454
0b7c8732558fc04f4fc51ec1,534492276.98219454
0d8cda2859d9903f6202af54,418090899.2073373
0f2913c5aa681a2bd45a5484,879772697.916912
de6010c57fe78d975be38c2b,854134902.9559907
54b474bc7cb126bfe8e6c144,680000000.0
b1dea7d384760535b770311a,489006968.11570233
9e90e02c8ed3ad137e4c3abc,714456653.2001641
b59711a5971a3b482db4d9f7,521971958.05587137
2c37a1280b18e095b43e19f5,715064626.4958074
fcd7c10d81aff25d9233214d,449999999.9999994
c3b8bbc492a7d7bdd63da22f,790000000.0000012
42aaf6521fdf1dc9bc50f88e,453990000.0000005
3c268e9119b8027f78f91954,649999999.9999996
c8d5a0e9614dcf96a500206f,340000000.0000006
6c778557da9b5d99f90b1238,750000000.0000002
4514844d15690b7331fdb6cb,1549999999.9999986
d8e981acf77bb46a9dbd3109,611404171.8654126
b940ba03ea60d4cdc5d2d429,829222766.7851602
4fab4e66ead1948498d2a4dd,347704874.4402679
a5620899d410af623a3ff4a9,1140983274.3572645
f45e3be8500d7bd91cc8855a,347704874.4402679
4b82eef445edeae7a55fd019,435307766.78622466
29881785ae39aec014c4982c,611404171.8654126
0d9f91cbcc9339146bf75bba,387727614.0974802
b839e76df5d73e7d53691707,611404171.8654126
7ac96f16bdc50ee7619f3548,611404171.8654126
a102a0a268840439c2c8f4c6,359999999.9999999
e1132006785632e4ec5deb02,909999999.9999987
a041ed3fc0b60fc4ce3cf847,720000000.0000011
84b758716f47bb0f4e4a2bed,630000000.0000008
84394774ab45e0c8b733bed2,427265868.1697913
2c1c91f2bb4d9dae38a44360,359999999.9999999
8ba9304ea7b8d2b071bb0699,449999999.9999994
9a76cc7c650230c670e703e7,969672302.4333785
9b0833992397c6e50b54715f,629168453.0701896
6f192e6a537c1509521e1e8a,880754019.0481253
d1668e2d35a939ed126a3f8e,1499999999.9999979
a17807447696896bb61ef8ab,600000000.0000007
d043d368d2584ae95ad3672c,934672482.5661652
7f2e3f2eb5abf86b56897250,688540933.5595449
fdb1cffa6b7346fde667d72c,410295678.40667707
58a3a9f44bc7846ae26413e5,458466590.96990454
af230af0c73a5f2b72787c1b,934672482.5661652
3cd5562115870363ed5d7558,613301962.4002955
cb9d8fe7c18dba6827836403,688540933.5595449
742fd57dd463c1b5cb79f63e,688540933.5595449
0d30768d188b6bb53d599ea1,934672482.5661652
c455b8a15dbfff94c2909f37,489620992.00913453
8541eec88f0dd8229b4fb041,420547600.13425463
54aad3aa4a166d2d50df48cb,934672482.5661652
eb9a59d4e85a3f124e866f47,934672482.5661652
d65946f9c27e417e6bc60057,410295678.40667707
dfbb0ed74ed85bd186f40ccc,420547600.13425463
84b05da6a859ff5384f37ee7,489620992.00913453
e2da7c1bb33be76b86b9a07a,688540933.5595449
456243bb3fab3e74df21b5a0,688540933.5595449
a947c2ea296f1da3d10b0a06,489620992.00913453
3929df6d73b3ba01bc018476,458466590.96990454
ce44699aeddaeb77f23c9b9c,934672482.5661652
3cd3537b5f9475657060cae8,1335490225.4091988
4520ceed2e5fe3458850a805,934672482.5661652
00dea98fbfbfeae74c513bb6,934672482.5661652
16da41b1128c039ff8f83919,489620992.00913453
111d509185303ed970d710c7,600000000.0000007
83ad1ce7ef6d70842ec986f2,420547600.13425463
74f8ffe35e8d3bc9be725d7a,410295678.40667707
f5e7ab7c2edf566fa22501b9,884248566.8331817
2e1f3fb2323fa16150f8bc88,458466590.96990454
f8bf37a8f81a310e299385a5,458466590.96990454
7b71229680a50bc26677a427,489620992.00913453
1f7daef9ba898c4d8ac1c81b,458466590.96990454
415b68c7a5cfb073676c443b,420547600.13425463
856559e93205dd1561d8ada3,613301962.4002955
6d534e4baa1740d7839664eb,458466590.96990454
9ea78159ad117bd9c0b04291,688540933.5595449
38faca2d6e338d328428f986,420547600.13425463
fcc6c3c10bb52776accaf06f,613301962.4002955
9120f0e5a6f505a2553bfd58,1335490225.4091988
583a8d8c5d7fa63125f62155,688540933.5595449
3d04304c8644c81114c36f98,458466590.96990454
21fcb5c7e497f0580b820379,688540933.5595449
6542b39cc8d2d13dc828772d,613301962.4002955
091f6342ad934f4e7f84045d,1335490225.4091988
fe8305e287f6a8e7899c9459,458466590.96990454
d4492ffc4aaa4ca9c4dd2357,688540933.5595449
319b9accf9980ef2ef81099b,613301962.4002955
fa84c07cc90e2a2058b57c9e,420547600.13425463
c4749eb8f59cca469236df01,420547600.13425463
b8a5928cf1f7e704e9933bed,688540933.5595449
c2ffdd10fe424afa1b09f31d,420547600.13425463
f221dd5d745def063eeb7258,613301962.4002955
319ba1ec06c9b6ca6990f4c1,934672482.5661652
29e7796eabea247af4e8a0f7,458466590.96990454
ddbca69ad74877086c4110e6,688540933.5595449
c858f0f3f5594e7bb0f3b6a4,934672482.5661652
88ae3f4a8ef76675c66e925f,934672482.5661652
27e0810a702796d97878c34c,489620992.00913453
7450139ad1b39b2a380472fa,934672482.5661652
35ae7661d8191507cf9e7cdf,688540933.5595449
93b8ea95ca1c1ff3881d91d2,420547600.13425463
8e4709859d50a75dd08b03e5,688540933.5595449
7026113e0cd7b2d17f8a3459,688540933.5595449
9af956dd8d83bc715592b97a,529999999.9999997
df10ecb67d79e645f77a90a6,934672482.5661652
14feeb619f409386e6eaeda5,458466590.96990454
1a6b9a6d92ec5e905ac97cce,613301962.4002955
057585ba19d6144408d4e2da,420547600.13425463
72699647b590d11ed9b2f2e8,319999999.99999976
cbc99d6202cd3a31e1c14a16,598000000.0000006
ce1d63bc4411a615b816a76c,680000000.0
04f0fd25e2456759753bd2bc,500000000.0000005
8c0154eb5be437746213aec8,1279999999.9999993
e23017438478050a655f6d67,630000000.0000008
8f0b6d6dd914911c7e90d302,1100000000.0
4b38595746dcb78fbb459781,720000000.0000011
95aebb36dc0b4ea86db49492,800000000.0000002
f900f7a9c5e2ea51689e8992,900000000.0000005
3fa0d9e247f28968a5bf8476,489000000.0000008
1240f50cf2d8ef1d8713e671,309999999.99999994
14a55e5887af840860b41ddf,456999999.99999994
3ffefb3f453c54585fa6ef22,889999999.9999988
c3b357d17afd631df02dc39a,990000000.0000013
a15aced0fffc97e219f99545,330000000.00000006
cf707785919dbb92cfc7b5f6,1100000000.0
70ebbf6a402f0f707b893979,479478883.7894757
aefb3cb6ad2de9ffa90b9534,479478883.7894757
b2809471a0164e3d41b8fa60,1140000000.000002
6d11001f164d81734a82ec1d,382857675.9058119
ad71acd782a4fce4d9af04be,380000000.0000002
ca86f53a857c23b15eef428a,550000000.000001
580452a616b4f5170eb628d0,950000000.0000014
7dc609a3c7a3ab1f9a3146e6,384999999.99999964
e8fc9a1fd4b39f946b914398,659999999.999999
0d3bc6532812ea618d154bdc,1290000000.0000017
1ee436f045a0662037f9d2cf,340000000.0000006
8697b1d337145af0ef8e4619,1290000000.0000017
9a08127164a0bb61cefb3680,379473319.22020584
e08e1f260e5c3231c49e5a96,367287353.44413954
b96502e30fecdfae7796f1d6,695000000.0000002
a0b178016cd26a1d2072e7fc,340000000.0000006
5e3d7da3cfe55ad1fe609579,835999999.9999996
30f77637dd52e728efaddd6d,1049999999.9999994
2202c5c9a16b771d1e242c18,1049999999.9999994
3dc8277f29d0a2406fa25ce1,759999999.9999992
a0f86ac00934b57d85b44dde,569999999.9999999
9168a08b1fac4c5448626ff0,510000000.00000054
cec8daf847f52cb2845a9f58,1149999999.9999998
ab7559b75b340275587e50b7,1067614162.5137812
a392f7f9ace844d712ab2b4a,1149999999.9999998
dd21c6799a32ce6ef27f5281,1240000000.0
275ec6bd936600c7eceac599,900000000.0000005
978195f1745ab7e3d69e1f50,1199999999.9999995
0e3f82238c54e85ca4229977,950000000.0000014
bc168cfefe964762cdf8755b,1199999999.9999995
d22d5776b6305308c9e774d7,550000000.000001
94d3fe901550dd4ba77ffbaf,1080000000.000001
63717ed97f95e32b2ca321f3,1579999999.9999998
a7df0496d6ce217fadfad10d,1100000000.0
51a696388218fc2e412f8806,659999999.999999
a918c218ff761315988c6335,614003257.3203497
d3609eabe59175fcb4441ac2,1350000000.0
8af2e264b801b3e155e52be8,950000000.0000014
76e4ebad138d50c690f0aec1,330000000.00000006
9a9553eb431458a3e30fc672,449999999.9999994
117f37774a78d65f9e68f906,340000000.0000006
0c8b133effcdbcd49d52add5,1080000000.000001
5e8b2528c1c0a5c12a476919,1098863048.7917953
38d6842c2807d54f386bdb5c,1019999999.9999993
55f747145222c070fdd50175,1221320000.0000007
ca7d715827b39c417e5b75ad,523067873.22488046
b219848e66fb065d4d2441bc,700000000.0000001
a04d3f4eb8810a346fd29ab5,1199999999.9999995
0b06da0ceff947975cf8951e,1450000000.0000007
3f35c44229ba13940d8a705d,1380000000.0000002
8bdebb8914fbcaad625b1764,394017766.09690994
f4635193372f669612744011,1499999999.9999979
611a369172eb6e3e2e4bdbfb,1149999999.9999998
6689af92cae5d7c9c3e2f215,1199999999.9999995
e382002b0685aabb01891743,920000000.0000007
edbb6dd10f8c9e7596368225,561165760.7559152
89b0592a715c9e135967f947,714456653.2001641
a67c6f6400a176e0a07d6772,714456653.2001641
5c6e6dae74e39d33621c7119,714456653.2001641
0e1c100d8e57de8296363d6f,544356071.9730649
e2e639b53456889ab5350ba0,395924295.86691916
93acd9176ff299221e0d2152,626448951.7603973
cb482d76b3b4904c595f2dc1,544356071.9730649
a0e15809e0a284fde27b16ee,854669985.4697771
9a958690c3947f5a8f05cc80,626448951.7603973
889bd77c8271961a6e4925ea,626448951.7603973
dc082fe46a714afd43b9dc19,544356071.9730649
99f8eedcdc31cc0ff6fda7a6,544356071.9730649
dfa744f733abef97d82dbb32,626448951.7603973
d50b80d68eb3b928e4bb4317,464875252.539163
a58acad50184e66794d8d704,626448951.7603973
52871480f7bdf5ac3d785630,626448951.7603973
8b083d7ac086f52fd2942a82,530514288.80451673
301ce25214ddb4b5144373ef,848629066.3431507
6d76a22793aa9b571da64572,848629066.3431507
d7c48db0385bdbf7ecb7088f,880000000.000001
874e2c6f3e9f90db80d243d0,550000000.000001
249667af8d0835c9830e2b37,410000000.00000066
75d3c9e0da9a24f4849f2078,380000000.0000002
9e45b127ea0303f973bac9d1,439999999.99999964
daa0be53e7a1d7ff76f32955,750000000.0000002
bf7463534babd284da6ca671,311657785.53179824
0283890ab76b10547b27e634,762211557.5220735
5fd213a5236154ae5206c372,1369999999.9999998
317e95fad7d399673719537e,848528137.4238589
fb14ddcaa459b49a3b30eb3a,889999999.9999988
4cb5e4aa83c476a5b71d77ce,709718253.9571577
f54d358d26af89636906f686,1499999999.9999979
f002603a6990ec405d82cc47,1499999999.9999979
e3b7dc4e8990f3cd436bf738,630000000.0000008
97c799300453ab511bd06361,1249999999.9999979
3c1ee7e502c6bfb20873b47c,794999999.999999
cf7741583fc5315ba70b70f1,830842945.4475749
36a0a1f0432c954604825b6e,629285308.9020908
9836bf9b64f27104c7863b79,572000000.0000007
68a3f9ac977f56cd39a6a1b9,594999999.9999999
b676ed2d0af6807cc2b28ac8,1249999999.9999979
430112bf4fa9324f0149a879,299999999.9999998
fa00e05d83ee890a38c3a686,669999999.9999996
7d503f126b5863fa0626d4bb,790000000.0000012
ec03a01c961659f2cfd9c973,408784821.5431785
6a112af84d5a81f3d16dfc32,579999999.9999998
4c5d3dd8802acb9ee22ab912,1080000000.000001
d029158b36963961fdcc3974,689999999.9999988
c2071e85fbffa3d2c2168319,1049999999.9999994
60a04215bee81d26f20cf0c3,979999999.9999993
6d4a961e099de1939adc6496,700000000.0000001
2383b8bc2cd3d307caba34ba,299999999.9999998
d9357452fcd193b6c5284bc8,1549999999.9999986
863f8f2aeda01a9fea1cb3e0,1300000000.0000017
d1a6132098a4bd640321c7d3,1240000000.0
6edd2530070918074c8e7d07,1100000000.0
1cfe7df5431f3dc6a9289551,1599999999.9999976
c617d1f15d294f0b0aea8ed8,779999999.9999998
bbdd78a7ed332e679c8e526b,332210599.9999995
45969f25857aa7263927b400,680000000.0
cdacddfdb6ce41a3eb752496,680000000.0
3f87d08afecc4aba03587848,1450000000.0000007
f21d2c0802e3858d493c1984,899308110.2099645
660f3f9ed9a72d8875a9efcd,1017496928.7422956
04e29dbe2175919265c82463,1399999999.9999979
e4082fa99f92fc7a89092fff,1290000000.0000017
05402dd344c77623fa053ffa,1199999999.9999995
c5f7f0323f554a7419f78359,550000000.000001
501193fb57014ffbd7bf218f,680000000.0
0922cc27581d9058e55a2239,449999999.9999994
4dcaaac494053749f30875fa,1599999999.9999976
506763d35b04358fb0e967ff,979999999.9999993
8c40078231bf7af2f3a06457,423536708.8085551
53e14e867f8b02c6043ae02a,379868398.2644515
2364014bfd851a68a824d1da,900000000.0000005
f788ac4a8b2a6dc11c458c90,669999999.9999996
093c849ad2bea8292c4d15f9,1130000000.000001
71a8b68f38fccf71a229df76,520000000.0000002
ebacfa0a8e569ab603cccd11,340000000.0000006
c963faee3ac527dfab08f61c,734506637.1381549
ce3deac5963eeb96826c14f1,661500000.0000011
5607cef08511dbbf3288a5bd,499232154.7643365
8a9e6d0839f9fabad2fc3214,1080000000.000001
ff03a8cc833d067d439b9903,788986691.9029734
d3e119e8fa4d96abaa8c43c2,1549999999.9999986
25b893f6073bd66258a9cf03,349999999.9999994
0d70ceba3aea278cb4a2082a,680000000.0
07f9017eb4b8c169eb9de536,1300000000.0000017
7cad62cfb4fc3ad9acb09f1f,900000000.0000005
41d174db6f695472063ceef3,564999999.9999994
4ecf579a5d5e70d3b4314ef7,999999999.9999993
41df29e27c0bbb52aa8ffe49,1044999999.9999987
cd77cb445eb0f72df89b9fb7,1425000000.0000012
65766c8572b629744f00b45c,529999999.9999997
946eb4523f76bb23d0348309,639614435.2706796
453202a234f5b370ae9e586f,900000000.0000005
4e1b5798dcbed1842f260b17,643327131.6885256
f1cb3c0b97ae1c6819fb86e0,950000000.0000014
24a89527a6744456750baf54,770000000.0000007
a281d59b685eda4978e0c84c,849999999.9999992
6cc9d912370da36c38ac2cbc,1199999999.9999995
10563c278e7ce8eb2066d398,1080000000.000001
a1b0b8d18cd78b7cd555dd55,1450000000.0000007
3cf9282136fad24af0f7ebb1,840000000.0000004
077659c14c3cebbe192f8247,1292000000.0000007
c372834e8e7a4279f861aa4c,425000000.0000003
29daf0d5008fa9e3f0f30132,332210599.9999995
08e1ad8d1f0be0287a395ef6,849999999.9999992
19c07fc2b01a0edec4784e64,569999999.9999999
c2b5216a8050ea0fe4008f59,1080000000.000001
29cc054742b256e6fbc6da1c,788986691.9029734
755a3e09dba04bb6ba6c9851,700000000.0000001
c98157c582392cb895071f28,1017496928.7422956
84f47e531a916b7f7dc1f1b3,920000000.0000007
231688922448e4d64622120e,578443109.5661372
9c7c68df14c238ce0b497dd2,1149999999.9999998
d5e29042106130114cf3694c,413769999.9999994
08d4fa42a34c74c94db5080b,1017496928.7422956
e89fbcbd4d3414e30c30fc29,1080000000.000001
22af7bb676cb4c9ffe014506,399999999.99999934
b20d6ca58e91ae70b6e0a1a5,1649999999.999999
5c372bd1e01f3243256e27ca,349999999.9999994
1242d7e61857ba8ad285b6f4,594999999.9999999
196ac46f656726bcb8087ba9,948799999.9999992
ae513b65e06b69e1ff2ad8ec,351195225.14091796
bb26b45df6a70b6414958912,351195225.14091796
9425283b41165156aacfd43b,349999999.9999994
689b510fa99bda54284cfe7e,529999999.9999997
c57d333e383039db0fcd2620,680000000.0
86e98ed0bd2565b661b81ef4,1300000000.0000017
0e694269bbff1e45395190d6,1199999999.9999995
6511180e3128e083bbbb6940,1300000000.0000017
59b271bf9e2d29ed35352f5e,351195225.14091796
a4c324b1353d2f7ea3ae9727,351195225.14091796
193ff8d291a9f163a4f3301b,309999999.99999994
8ee4a7cef562d388b8444c29,335403908.7428773
53bdf5c3cd800459acca551c,900000000.0000005
35ef99962cd5984ca87bd326,490000000.0000005
dc33d5ffcd2aa2b7d56d2ad3,563000000.0000008
05c47739fa4c4f00285a2c48,1599999999.9999976
a51d415712d8d6c8add7009b,1549999999.9999986
71493c81121558b8ba18c1c8,351195225.14091796
853a14b680761098d4bf6136,615252156.7119577
c9d5c08973c493f3acdef892,395877523.8161981
7dcbeb0aef2e2cac0d73315a,406282516.57559747
ae5a4da0000f79f12142e2a7,479999999.99999934
1f6050fd5261a2d21d5a178e,325390457.7346279
e3f39c6e4a41fbdc4bc30e0f,579999999.9999998
9d157878dbb41c14b52a956f,500035000.00000006
e1fdbdecc84b991f582a2e00,399999999.99999934
3a26efe201689493724ba464,695000000.0000002
6670cde3fbc11c263c6c3163,720000000.0000011
780ae52ac9eae675f6fdb312,506331000.00000083
24f22d76b86498d5c3563288,369999999.9999994
fda25a0b6b9f62f92e3ea6b8,369999999.9999994
678ba0c80536dd27e385b31f,359999999.9999999
ba0d0663943a118228fd12bf,359999999.9999999
81ba4b47e9222c15c4102992,382857675.9058119
d9ec26c1c3e1811e38f070b2,455000000.0000001
aa850af0c6203104e6ed02fa,449999999.9999994
c697ec00214cad882d5e9812,398465807.8179351
4b193d78ea6e3740bf37b36a,398465807.8179351
08c61259a756e617d976e8b8,959899999.999999
c1c1dc8df6996a94ef3c7d33,419999999.9999994
3fdfa23ac43d1df0503ccf1e,1049999999.9999994
bd4526ea5b404df442892788,425000000.0000003
1062419f9cf94418ba88b6b8,399999999.99999934
1102f91444b8e1abb636f1bc,678159273.327439
b96b4bf38bdbd61d4dd0bde5,889999999.9999988
45ee2db87e9ca0a1a9faf050,618690031.0000005
556cb23459a9007127b3ad46,615000000.0000006
a613b18945052b4576595c4c,779999999.9999998
fce385656705a8f4389cbb6a,1539999999.9999988
bdac560af3e155db33d13d57,511249332.76075894
fedc2418db2353b7c97a260d,1199999999.9999995
4565bcc95c54bf0c8d376eb0,789000000.0
5fc559104e0ba1112ce00f5d,695000000.0000002
74fdeb4c56b29662f13aa8ca,1249999999.9999979
fbaf74ce4c2c6e88950d3fdb,550000000.000001
5de0f045039122af0052c544,990000000.0000013
e18337bbdfb106a3f1739960,750000000.0000002
e1b9ae3e0ce3da16f18e1079,1098863048.7917953
a57435d71ccc5f032baee302,509116882.4543127
fc5e8e45dd0a338ab5835428,1357890000.0
918bec54bd7587daafff66e9,1350000000.0
86137b9624049333f7e0315a,689637585.9826665
0fca6767d8f442da1f8bc6d2,335000000.00000036
3ea5478270517f299b20bd06,718748913.0426569
dfff73eccd591bb26453eec5,720000000.0000011
e2dad5c148ecc797018439b3,590000000.0
b5a62d480bc544f891fd8521,689999999.9999988
cb09a84a1d7b929607d01ee5,700000000.0000001
af067a8546e1177eefe24916,349999999.9999994
d6f9abcb58befa3d05373a72,1199999999.9999995
ec2f16aabd36fd9ee2203276,1100000000.0
dcafab7adc7b763bb934496b,394999999.9999999
ede43dcb1715b959ba34a37d,624000000.0000004
40dd67aeb6e9979211c9345d,410000000.00000066
31f630c44db4be5360a57640,731263215.9688038
ee8651631861c1b94283a953,1300000000.0000017
b7d245742eef110adc91b5fa,600000000.0000007
ffc49242bb0edf3e22076501,889999999.9999988
5c5963c17bafef1a1bfd5e03,729999999.999999
6c589b7e6a3cfad34e98bd87,600000000.0000007
71ab3644da08b8cb0a0b34b3,1300000000.0000017
aa668782ae5d0c16e57193fe,1599999999.9999976
46673c69814a0b3f25818dee,985000000.0000014
b2a417a8d2440f9124fd2ee8,490000000.0000005
3e0ccd899ad73579898fe73c,1190000000.0000021
e6f2c7d7317fd433e26878e4,1499999999.9999979
2d91b3a8c62b890fd246183c,1599999999.9999976
fa653848d69ce620a41a73ac,1350000000.0
3b6c94e3e3684eac73b3e7f6,1049999999.9999994
a6a07d35b3834bc6f81beb6d,500000000.0000005
a39617b7adfeb6ae7d5ee5f0,1489999999.9999998
95e5e774dac6f0159e8afc0d,995000000.0000004
995362e3fea8e54538ac135c,560000000.0000006
42525c57e13abbfafe9bb395,1320000000.0000005
1ae6fd60628e7d186a5e0174,465102139.31995666
082293a465231208059c5d53,465102139.31995666
732615f6d1526ec9bd519eda,515791999.9999996
99e9c4f8fd7fb7929da10a20,396862696.659688
1a75e436fc23e7f48e639b9c,515791999.9999996
54cdeb67ca9ea56205e4e533,999999999.9999993
c412ab869616d6576cbb8309,510000000.00000054
b17840ce59c9d9619b46534d,545000000.0000001
a14f071d8e5c338d9ebed23c,369999999.9999994
84d8504f0e860b0760c3592d,659999999.999999
a3d03a25f84f4d50d2a308b0,529999999.9999997
bcdcce01d86d648c4502d42f,849999999.9999992
33379968a83c8a90c23e77dc,349999999.9999994
ecc36a3a4610829ee3f88993,393446311.45812
f4eca80958b7a22922b0efa1,393446311.45812
3b4ce006ef95420847da20b9,393446311.45812
4fb644a95cc04f7bc6cda786,394999999.9999999
f8fad48343ee5134dbae918f,394999999.9999999
6e8e08e09da8dc598b8a8b2b,393446311.45812
56ff1f7e81fda0c8491c354d,393446311.45812
444f102b4d54503044154ff5,393446311.45812
e0eae2174807cc7ada38c726,299999999.9999998
afde90f91b01b0282bb94335,299999999.9999998
1d35c364daa0f021ef263c60,449999999.9999994
8c47395a28f8177923d7b75b,399999999.99999934
98c98982020ba42198aeb45d,891627725.0063511
ff424474d2d10a2c2a1c1892,680000000.0
971a322e9087b67650689ea0,899308110.2099645
45a7517c4d29f5bc7787dedf,979999999.9999993
74a51274abc8358d628ecfe4,891627725.0063511
11dc32d92ac579720303c019,669999999.9999996
4c25d939eb3ec218403dc4ce,669999999.9999996
55597a7b8637f24198415ed8,1450000000.0000007
eb7173223a27076d16b87f33,680000000.0
709d17b62bc95253601f243c,689999999.9999988
fdcf0e439ae8b2ff5730680d,1450000000.0000007
2524e62e917e8a1aec5c9c26,1044999999.9999987
ba601c13d20602c988d57246,891627725.0063511
397a7d1cfb809e34797f2bb4,669999999.9999996
b54d3ce25f3f03cf3fa0127f,419999999.9999994
d51bcf03d649839ca803c357,340000000.0000006
e9fac47a0f02f27abc96d568,1389999999.999998
a52bd93aa6b0d965914f1101,1100000000.0
16601a92574531c1fd57a359,479999999.99999934
0e64230b70f4a227b444115e,950000000.0000014
ba2118c330e19baf4f3ecf94,600000000.0000007
055e29f236bb61603d4ce9eb,1450000000.0000007
7c5c0f2d9a0e355069fe1c64,1549999999.9999986
e781547cf6f8cb4ec0742b5c,840000000.0000004
8caab74ced535ec5e75acdfd,900000000.0000005
9d64345229b60ad1853d94ce,430000000.00000006
d128186867f91603af4fa481,805450184.6793522
f8fb6d1b0dafc28920393dab,750000000.0000002
33b92225cef255b0e4b4edf9,510000000.00000054
7eb78d4dea434674a230caa6,849999999.9999992
833bd3c8ef9d4da2f304a94a,680000000.0
331f0957d55d7f03df7fdc4b,594999999.9999999
cee124f4b9031f59c4fbef47,1300000000.0000017
8a9663cb622a55f2a1a8e3b4,1149999999.9999998
25d4a0ec9301ba5d53deb780,779999999.9999998
38d4b1837c595b6d9a23e994,1389999999.999998
a21923caba05da05449d60f6,1115650916.6275735
63cff4b5ebb2b6528ad34cd6,848528137.4238589
948c392520e1cb3a030ce86c,999999999.9999993
b2e7fd7bcd93309664cd225e,1549999999.9999986
9d6be7123f2c6e610971374e,1549999999.9999986
3676e34e4824101f3fd9aa2c,979999999.9999993
f849ad486e84a82190675b89,529999999.9999997
2fb8b2990751692b8ef1ab6e,580947501.9311112
5155f70c7f8978e487e71479,680000000.0
4f076c220dad47bd9bf248a6,550000000.000001
480041bbef3a540df2a36ea2,984987309.5629222
4ca66e564ed478d06c471357,1300000000.0000017
454e4126257189bcce9b681b,1599999999.9999976
10ce9c7a0a58aad19778e5f2,579999999.9999998
dfe8e2542755d41d920e28b8,534492276.98219454
5115b0da9c95559dcee9e58d,1111092455.1198
8a0053376ffdc75d0bdde77a,934672482.5661652
5688288ee38f1a69894ac77a,671565335.6152332
1fe514ada76363511cc79105,779999999.9999998
885a312d9a5bfa8a8db5279a,550000000.000001
c716d4dfb5a3c2e1120bd84f,745500000.0
689aafdc12fd1610c2393a6c,539999999.9999994
c0c4ecc8d3aefc53c4c06a38,979950000.0
30091c32a5046d563597bbf4,550000000.000001
2e58c9b6fbe9c57c83bc0aed,1179999999.999998
3f7c5d8304fc650bf97247ee,750500000.0000001
56334a9db3ccc24faf138edf,600000000.0000007
6d0680692396c07afc1a260c,747395477.6421914
9e07dd563b6ff4572f5d9031,750000000.0000002
1278c9fd86258bcb435e7127,920000000.0000007
acf0f98cd8f8c8ce06f30ab9,1599999999.9999976
5e3785bd517f4faa2bcf43d6,490000000.0000005
cfc61dd41ee5f5dcb76bacfc,529999999.9999997
2f171883b97d9c02b90f93a9,391152144.3121583
46aa67b5e0abe39dae442d76,391152144.3121583
50cb49d65d04a5d166f96e3c,358000000.0000005
06c1673c4a7444e7aa80abb7,750000000.0000002
53881f29c7a6bef0ab537466,649999999.9999996
2b028932adc74c961170a4ce,341750000.00000024
f3a1bbe01d265470a2d7332a,325000000.00000036
b42d5b5b38686929eadd56d9,649999999.9999996
bafc63f23f097c24d36c76fd,649999999.9999996
f164514211012e3a1686b148,463166557.76169795
82b90288bffe8c1c0b5a1259,539999999.9999994
2fe64bad1bc8a43fedfe0700,419999999.9999994
da5b958667b31f4f9a1d84a9,464000000.0000002
b3bc9a04a3ebc1b911326735,415000000.00000036
9ff3acb07666d53f00d1f1db,380000000.0000002
13a44ce5066ce00846b59ae3,680000000.0
bb45c98dbab56e5abe20ac0d,415000000.00000036
f88bade1cb7ee0fa643f31ad,470000000.00000066
e9ab6916a79b4d5182d33bf5,415000000.00000036
144162ecfcba71bf09048dae,449999999.9999994
19466034c2ce19c24a179fe6,491375620.0708378
3787f6da3e961c0e10d30e6d,887411967.4649423
908330b0d2651093c0bb6719,410000000.00000066
66b7baef9c6c3c7ad24636e1,520000000.0000002
69cb0f3d422c2c78373c2e0c,640000000.0000007
1e866483995b30ec7f79d9e8,649999999.9999996
866f2a55f42cf30c4105631b,649999999.9999996
fede7e1a7a6f23338af6f40e,887411967.4649423
7447156f2967391975d335f0,491375620.0708378
08451af5a81fd6a63c4012cd,491375620.0708378
f63608198bfcc858abe1ab0a,750000000.0000002
e9a0dff7ae48bd3fa2ecfcfc,669999999.9999996
cc97f62e2fb9d3e31ef1c00f,699000000.0000008
ed40f198ace8a4405cce7a1a,1300000000.0000017
bf17b59bf2ac2d06894bd786,659999999.999999
e118b149654cca1c0b3a58a2,1549999999.9999986
7f9bdd2157f6c3d488c77ddf,945219551.2154855
9350225547486ad75c0b5ab3,849999999.9999992
d1166776fca47427c77fa8e1,988000000.0000008
f719b387fac4f688b57dc646,1402269588.9164805
6ce8991a39ec7b9883f85000,1402269588.9164805
353743db4334fee80ac08d0b,625000000.0
372a3934e8179422b5cf5729,849999999.9999992
81516aa72c98ded9223db098,950000000.0000014
9e80db4c35139bbb18775644,1100000000.0
12ed2c22a923c840ef616a3c,1199999999.9999995
7bc57b136bcec053cbd073f3,550000000.000001
77a06084509952c6cfe8f501,524404424.08507556
73578b4214e2eca83b1e70ac,626448951.7603973
527e571030a7d8fbbf1a41c4,626448951.7603973
961baf163a07179bceba67a2,626448951.7603973
76b41682fa6953a3b20d3f27,626448951.7603973
cceb25e83ecf22252aa92d2e,626448951.7603973
210ff5d4404ee8578a5ecf9f,626448951.7603973
398274b1c46fd88151420c6e,349428104.19312334
5b328b80dd844db2e946302b,299999999.9999998
4195fdfe50e42e9981fa2f4f,529999999.9999997
2d4031f171f965d7dbce0ef6,635000000.0000002
fc1b713d5605b0030421d5a2,1221320000.0000007
cf6092df1f22a7c4b8ff9d50,530514288.80451673
8dbdd7c8971a514eb7cb4d3f,626448951.7603973
c197faa8bdbd51c075a6d3bc,544356071.9730649
1985a2a5c3b2b0c7eca22afe,790000000.0000012
92a1a8b617b6d2c3669167a6,419999999.9999994
2a330fdcebb247d6a6fdea23,530514288.80451673
c3dd975d0aed59a65a784e47,625000000.0
608a2339d558a6cea9478756,735056842.4247814
c0ccf6d535d1316e37e1024e,1022880375.9370822
229a7640d41a8b8d6d2f8f83,848629066.3431507
e3950ce025371da2b4ad9db6,848629066.3431507
a7e41393473834db30f2c1da,750000000.0000002
7dcd1597e11f83093cbfd7a5,1541172999.9999995
71235a69058912dec1d355a0,1277645410.919079
349602317da0e456d88fe24f,1499999999.9999979
ddccad3e5a4eaf791ce3a7c9,534492276.98219454
776d7d1326576f07762ab3c7,680000000.0
1b88c06bb3c1bc2bb39d1b86,688540933.5595449
1c5c4f4c731545aa3388c554,534492276.98219454
aaa67089a753d255215c15be,720000000.0000011
d6d5717a4b7e2edaef162b6a,579999999.9999998
0ba20e953e8e76add161cd6c,327999999.9999997
13c39860029403ea94b5439a,1429999999.9999979
d5436eeef04e1a8e51a38912,330000000.00000006
21f00ad1214253dd5bb97817,1350000000.0
5a3119efc021fd0f102ab958,399999999.99999934
331c515e7f0dbb4460810999,369999999.9999994
9e360588b18cb15aec3b6609,775000000.0000006
a7cc7d2ceedf4d69664dc734,479999999.99999934
4e78cffaea2008f3919ba0ae,448999999.9999995
452e0518f7164287e47e6354,869999999.999999
74286242739391c4eaecefbe,636356818.1452926
df06b65985649c7107b794a4,464999999.9999996
b6a21387674a509514fa5518,979999999.9999993
6752fcf8f1af18d61124e32c,529999999.9999997
a7e40088cf53acfc65f4b3f5,1100000000.0
61b9307a25be3119effbd0d2,347704874.4402679
3061729865dd2d68858600b1,353791455.5380786
ad38d5660b6f1eef23b76039,347704874.4402679
1d493f3954b15e84c41afc82,347704874.4402679
57744cb947a923584fc6bcc4,353791455.5380786
16f60cac352cc0d668d226d0,347704874.4402679
accf7bdeeff29ec7a209c509,347704874.4402679
a694b9ab05641a6325764e63,435307766.78622466
bdeddd3f84cb0ffdd1fc27bd,387727614.0974802
de9ab30042562789601833f6,387727614.0974802
1a95522f43288e32addff2ba,435307766.78622466
3cc722d5c764ac261611c2b0,387727614.0974802
aba85a8a7ea2def1fdd18587,472432223.591986
b272c1025cf5c1e1df47042c,435307766.78622466
5c449356b8b2d7e0928cce59,433573457.50729084
a56d3b5bc13c9849cf676750,433573457.50729084
942c934c0d41ab822d60c795,387727614.0974802
b0fe09d086490092f1690fc2,435307766.78622466
7abc8a11d3d6c905de3f567e,435307766.78622466
16716773b2a43df0332622bb,433573457.50729084
98fdd3fc6c9447d0f05eb1c0,433573457.50729084
a59f39373ee368259b441de6,465102139.31995666
cb778195c5d61a7c4185424c,685000000.0000011
c0277899d5f185cc78fc4a79,545205883.8183013
44effc9574c74ea4ad98ede4,611404171.8654126
e2d00e4fd93a02ea81895355,611404171.8654126
ab405cd390c0681c3c67836e,611404171.8654126
86db204f7ef6e0e0e6687246,611404171.8654126
97b791fd94b2339ba115a75a,545205883.8183013
3897d9b5fe3a0cfaed7c18a6,545205883.8183013
ce206b82f2de3793156baadd,545205883.8183013
2c924b9d45667f7168bae6ee,545205883.8183013
358eb586d9649d20dca9bfcd,611404171.8654126
71b1fe15c5bffb750c99f648,545205883.8183013
eca500b92ff96f10ccd45e54,545205883.8183013
7b63445c5e1ce95bd12c31ee,611404171.8654126
97d64459dfb368b1f6067ab2,611404171.8654126
1b09874d5a3e4c9e0d544198,611404171.8654126
54fb79bb019bfd10e5481ec9,611404171.8654126
b3b63d292523ce0a925b871c,611404171.8654126
09759befd8899fc1e359935f,611404171.8654126
62e0110b1c8dda16cc7da89c,611404171.8654126
d98ba43504fb49a4f0bd9c05,611404171.8654126
48815b454dfb64fe60e2cde4,611404171.8654126
40a65310ce666e80a9611d4c,649999999.9999996
a8c5674b5d110d99a1e097af,873593073.546935
ee9e7dcede0ffc20442b4407,873593073.546935
9e858250fcb7320b65bed9c7,873593073.546935
bc76b078832a3a81b6d637f8,829222766.7851602
b06d3ee14ccf3d46fe2431fb,651466529.5563376
87332a7e03cb851342667b98,873593073.546935
faa37a79a1d72e4b8b0c80a6,873593073.546935
0821109831351eb2501e362b,873593073.546935
8d01d6561223272181235c69,829222766.7851602
a0f1c94cd34fcba92f59a59a,836825098.9342291
f6a5c88d1bca87c1e89d8084,873593073.546935
55118881731616058c929b1a,829222766.7851602
bed1fbafde11c156b655e04f,873593073.546935
819d2a7c3330480b7217577d,873593073.546935
e1967b56ab8ecd035bf39534,651466529.5563376
08d0615cff29645ee70e20e9,829222766.7851602
2e8af16a155fe18c8c6730a2,873593073.546935
882e8e77fa1a71288f6b61cf,1064778450.1212327
7930bb0822caea5f6451bfa6,1064778450.1212327
993a18ae04d78d374f854262,1146465415.7977543
e5527bb25c85988e00da339d,1599999999.9999976
07bd45129563bd2fd974deeb,359999999.9999999
83727953ecffc17bed632d94,377888872.5538224
2e2d3f42f4f8369733b3bcb9,1499999999.9999979
3b23a71bf40e800a66bdeab2,359999999.9999999
894f346e0ad39c57fc0f369f,889999999.9999988
d1fcd31555048d043cf084be,750000000.0000002
8d48f73816b248d1166a09db,621369455.3162402
32d5a20c542a8194a6aae965,557897840.1105353
53870de54350a8cd7c13f014,729999999.999999
31cdb68dc6476128c4bb2f5c,939999999.9999996
4be6d93d8ae1375156444f05,434741302.38568336
33a7f6aebc3e2d480d287199,700000000.0000001
e1e188d3f9940f9dad98488c,644825420.6643735
76167f6ca3d2c404104b77fd,550000000.000001
9297c340db8a74e10dbba148,889999999.9999988
0e001ee8f27e1a2fffaa0225,1149999999.9999998
ae3868ac8c44128b8a955829,520000000.0000002
bcbd20cfc50e2f032b174b56,327999999.9999997
253560c855216bd9eb102595,561149848.2843515
c9c769e7ccc99016f61269d0,539999999.9999994
7c07ba1982289ca3abcbece3,528497871.3296783
c5c024d11b3ebb2cd088bf6a,950499999.9999999
f0a8fb06fcdf8997bcdcb03d,490000000.0000005
806f9ab2a016e774689ce2b9,314999999.9999999
4491bda913188aad3c66ef20,662985630.2900603
0c37c0d27631960f9e0fda1d,738765900.1791364
b50b45bda0905a116f238c1d,391076241.93802655
f0f8e755058d48542b9cc4e3,1300000000.0000017
b3005057f48c1794b7974f4f,578634945.367111
e1e5b0bd721a67318a3848ed,309999999.99999994
d96155b72c02bfa04f7ea98f,484999999.9999994
3825ce5030d951ef0fc2f7c5,359999999.9999999
99587dcb4237fe90acb15b5e,649000000.0000005
452ae373210337b8008ea2a3,1100000000.0
09ae7df5577582ce7e7b0aa7,889999999.9999988
b98967876009fab4290736f1,649999999.9999996
24a4a43ae4c687bda1066227,900000000.0000005
c509f2036a11b7132c633d2a,1330000000.0000007
bda914dbacd42b2b7c6c5179,600000000.0000007
5a681060eeb2fc8f1b3261da,620000000.000001
016bb199b12846ccb0b03191,851704173.9947037
ba94676bc0385678ce3780a3,484999999.9999994
b2183e5bca67574df7d5985b,474999999.9999998
baae43ea29f7e419bbecf998,809999999.9999987
ff1a7adf260e637bf316812f,309999999.99999994
8e56b5dbc4cf628ac12e5bef,1249999999.9999979
c8941b8d7626f7b33628158f,1599999999.9999976
d504ed869ece1b1d6e724452,330000000.00000006
1acb5576ccae1f0534f614df,510000000.00000054
ff228869121d053ca7bbe431,900000000.0000005
ee4dea05e93581750d613c59,449999999.9999994
5d507cdfb7c233cf96dc6a83,849999999.9999992
faae4324336f1211ce4c7809,709999999.9999999
9a8e471c8f4488c3799483ba,382857675.9058119
d040e15e50d655f4d19bff54,379473319.22020584
efc7e89ddf3de559154d8e0c,849999999.9999992
e91598736dbb7319952f0dfc,849999999.9999992
4046ebeeb7ab85affcfe337c,779487010.7962048
d12059af22bc7d6ff170430f,880000000.000001
99d39d72083d7485e8944a3e,430000000.00000006
b9ab2dcd8d1855e4bdd540c4,1300000000.0000017
97106114a8d353ffebbd07b7,1199999999.9999995
d5c950db90c92be5fe753189,880000000.000001
119833a13f3f7df22d2b270a,539999999.9999994
b2078743e33e1acc49c2d2ca,1155863499.999998
fb9371f86ca6f4e62ae374c3,474999999.9999998
6a39a747417143f0cd24f3bd,1599218559.1719434
7bc0c9e2760e4b1488522768,695000000.0000002
3898683e5d24bab9eea24d30,659999999.999999
be0e466ca7d6942282c8626d,1049999999.9999994
2d65980024ded46854c25260,1300000000.0000017
87aa28825a5b8ffbac5f2e2f,740000000.0000001
918b0d900ead8267aab4cdf7,564999999.9999994
0c85506b301862fb58b467cb,474999999.9999998
4bd031478b15017efd41b2bf,818737895.8255621
48bee96c1f65b8e283d67483,539999999.9999994
7618cb8d215425c931f47886,349999999.9999994
a7a219e7cd18f3c4b83649e0,418000000.00000054
9d3f5b59b9735da05588b3d5,340000000.0000006
6ac5f5f52cfeed2f0ac9d018,720000000.0000011
d885902c923752eab7b619e5,340000000.0000006
b183e2562cc4816244ce0e1e,325000000.00000036
88622b66e6c47cc62c3824c1,1199999999.9999995
01230eede2a4a74ec4ee5105,779999999.9999998
060451a9e3e0416ff41d253d,449999999.9999994
3ca0e7723afebbf53e390297,1300000000.0000017
e2ecbfaacf11ed16fd71abcd,434741302.38568336
1f0d83013ea5e4c3f4beb583,720000000.0000011
450c4eff7e37a271fc24ce3b,584242694.8375349
a70d331be751cdc3bd0aab29,299999999.9999998
41ac76d4fa450fe0c377a0e5,309999999.99999994
2ef8a530db816223dcf474a1,474999999.9999998
d09c1af87ddad4ad11b82626,359999999.9999999
35b1cd8020e7efbb9ba5adde,999999999.9999993
6714f846f2fa3527641ad96c,779999999.9999998
4cd5338bcf246ebf263baa35,365999999.99999934
0878a639ab8e6b6e69a3df41,695000000.0000002
f4c118396d781c140d8c9b08,390000000.00000054
27151512d4b592014137ac1f,550000000.000001
8e5123f5ef1da66571ccb600,820000000.0
c491a13a87fa1ef595b35826,700000000.0000001
52d6c4bcb442eebdab338116,1249999999.9999979
e23d93ade25e73614d7bcd77,1290000000.0000017
43059ceabe98412315566838,779999999.9999998
93b7fc7c4f07a7f117e687a4,540185594.7085259
09caddf25db3ac8e1a98565b,540185594.7085259
e3034ebf243b024cbef83cc9,540185594.7085259
63cc884a9c5c888de176461a,540185594.7085259
069fb1f8d0f06ac2fee87314,540185594.7085259
059aaea3859c4b9662ab4df8,347704874.4402679
148b157ece514d99be0a7f93,347704874.4402679
9c4f397c093dde7de5d485cb,661958799.4788779
e28d8dac5c1c75d295a9eb3f,347704874.4402679
a804849802cc0820d25f955b,347704874.4402679
fc43df7f26644fa464ecb090,347704874.4402679
608b26adceba64d9ebc5486d,347704874.4402679
be8bbf40db0dde8ed4cf338c,347704874.4402679
d255f73d4066fe559065266f,347704874.4402679
c552cfa8e6b8c8be2c963ae8,347704874.4402679
5ee020d4adc767b3b16fffdb,347704874.4402679
2a01945c2ce528c02b391c61,347704874.4402679
dd7ee555ce0b2d58dbd8a9ea,347704874.4402679
a732aefa7ea4715325e9e80e,353791455.5380786
c6faa40acaccc1603c29df96,347704874.4402679
fd8caba10cd4d1df27605358,347704874.4402679
788c49c17df556bce0abf6ce,575097269.7242748
2d0d803cdbeaec6e2626eebb,435307766.78622466
0872074f7bd512dbd4609c85,435307766.78622466
3f97341f90b11e6a7a7f7c2c,387727614.0974802
2bfa301ea435f929e6c0d1ba,387727614.0974802
1d029020622a600aad4c2991,433573457.50729084
8a100bd7f5da66664a2680e8,387727614.0974802
1441a28c376a20c90d72cfac,387727614.0974802
495eeef459e80680720a0ec8,435307766.78622466
df81d07cc6e8fb0a01c0f404,433573457.50729084
e23ae41983b9f112f05bb703,435307766.78622466
a2ba273b099221390bee92a9,387727614.0974802
63dfd58a5c43cc7c0a468209,387727614.0974802
27aa789e29e52ef8d78b9bf5,433573457.50729084
fbd613ac06b6bf20d76822db,435307766.78622466
2a805135d8030b614d9df9aa,435307766.78622466
22c9b57a67cbef0920d09174,435307766.78622466
fb76da6072bea5801e407990,435307766.78622466
9050b1061469970ce28742a7,472432223.591986
96f5db1dd0f36d1087172fcf,435307766.78622466
38cccc333e2c38bd608e1880,433573457.50729084
efede59a47d17737f90f4bcb,433573457.50729084
bca5301e6460eb859b7ef34a,435307766.78622466
a23a13e43f3e08ab82c6ef82,435307766.78622466
8437a42a8e7ebca46eb088cd,387727614.0974802
6e3cbc252c449fd4b758b97b,433573457.50729084
6cc6b0672aaccb8909f3a751,435307766.78622466
c60c2efec3c12959d86fe3c8,435307766.78622466
d0e45d520227ef8a1f53ba28,435307766.78622466
e45293f1e6ceb2fe79f6e0d5,433573457.50729084
4202dc3f8255586e1ccfff46,435307766.78622466
1d04d5450762d664fcfab674,433573457.50729084
a3f969063f78dbd95e6ee795,435307766.78622466
2e3fc1d628f6727880d3d4e6,433573457.50729084
22ea31eadbd3a54216443137,387727614.0974802
6490a1eff73727bf62458b0c,435307766.78622466
49721aafec7123f6ff4d8010,433573457.50729084
bce608b4629b6c8512ea2fde,433573457.50729084
a7ba3ccc4831ae7e539f0cfa,433573457.50729084
959b2293af0ee4f7c9fea7c0,435307766.78622466
bbbf74a3abf9cd8718384a65,435307766.78622466
680a71ef7ec15bd919c06320,435307766.78622466
0bcdef6d56052acd2afad93d,435307766.78622466
1bb885a07f57936b919629b9,435307766.78622466
8a222af682e2d7796643ccf7,435307766.78622466
3370a48ec22302456c41ded9,435307766.78622466
46fb04e7578da5741f6da4b8,435307766.78622466
e9da7f2549d914aab6a30e10,387727614.0974802
10d0506d84d778da572ec635,387727614.0974802
966e8fc9af08e76f8b276245,435307766.78622466
0da2a849e0f83b17b006e50b,387727614.0974802
f7101a05db93cbefd6a3b31f,387727614.0974802
b74fd7f7db38ec233c6ad71f,435307766.78622466
0d63e52a47fa884e36f10810,435307766.78622466
77fa49bcb52539888d481ab1,435307766.78622466
6f412fbb33519fdd31e741c4,387727614.0974802
6615da422a3864d415b28fe9,387727614.0974802
f258fdece395f0c4f4da6a96,387727614.0974802
c54c645c340f59dd5f47bea4,433573457.50729084
bdd287e9de82903f210878d6,435307766.78622466
e110abe74ba0ad062c9b575f,435307766.78622466
47e5ea8cb7f5ab6703803690,435307766.78622466
e71c6f7437c633e2d9da643e,435307766.78622466
783161faf2e3501c38c0aaaa,435307766.78622466
5fc3de15eb0cd87be5ed2e6f,433573457.50729084
4066155e224520530ce985eb,435307766.78622466
7745863791b5cc6d49f84c8b,472432223.591986
aa7551be1b8d6278d38fbb00,435307766.78622466
d654c9bbda61c4c0ee1ae2cc,387727614.0974802
d224080523a2bf2e81698d15,474341649.0252568
5f8d0a2ab1f9136de446528a,472432223.591986
405fec98d5a3c8981173311c,387727614.0974802
2a9e77fd00aaaf773d130914,435307766.78622466
279b76adc4bc9f8dd86759b1,435307766.78622466
f815ec1a63e980717c9c3290,435307766.78622466
a8fc825e34bd9bd56ec5331f,435307766.78622466
248ed6abe6e528dedde951a3,387727614.0974802
2bce6544d58b6970192a1838,387727614.0974802
352a76b301243d22d1b31f79,387727614.0974802
bb9991da696d6e1f13a32d0f,435307766.78622466
8e88e6cc55ca769e472aadfe,435307766.78622466
339ca7bc687766f517ab3274,387727614.0974802
93375efb2e74f4913d21d94f,387727614.0974802
17d7e6d321bb7394546e6b7b,387727614.0974802
0f601f5ee798174ea9d52caf,387727614.0974802
8ec8cac469f2448654312aaf,649761281.2525084
affb62139f02e524692ebc5b,611404171.8654126
c01199a4b2fbf0f6cbdf2a65,610274093.1951652
4d1f49443787c874ba19f968,611404171.8654126
035c61042b7dbc7ef888d1a7,611404171.8654126
0fc7d98f75bc1c0b782a328e,611404171.8654126
b1924a5697dfe829b5b8ad76,611404171.8654126
d0100c18dba3c334327b29e1,545205883.8183013
add1a20e8bba47aad2edec69,611404171.8654126
fe8a78de9ba7b59a112e0046,611404171.8654126
b319d049a3a8e4a095940106,545205883.8183013
303dc73dc1130de9aa2f70f3,545205883.8183013
e471b2ef30c388893119a010,545205883.8183013
9309d812688d0d2bdd33d830,610274093.1951652
fdb192e57e3e48f70a492b87,611404171.8654126
c514c9a35632e5a9c0476a31,545205883.8183013
3bee8a9981a1e9e13a05cafd,545205883.8183013
9c942287410db3d0739e182e,611404171.8654126
f59b9c03bcd4e0e06d23fb47,611404171.8654126
4c11f4ebc622483532c24a06,545205883.8183013
1f53612f7029a21e2e9f74e1,611404171.8654126
1f4b6eaf52fb940e666c1c93,611404171.8654126
dc65f0bafddf39c6c4b2c9f2,611404171.8654126
344823ba2777540ffa2a8fbc,611404171.8654126
8cef9b18f20e9c5a32e7ccc9,545205883.8183013
413d6e4fb772beff60f73e2b,611404171.8654126
15d3ae51558bfeef80b9e97b,610274093.1951652
b81c26f2ea6b66c8315d1146,611404171.8654126
c3786f81345d39fd8b353da3,545205883.8183013
6c568d2287dcf12b2aacd388,545205883.8183013
e6482f3b6184515453d16bf2,545205883.8183013
32c7b848ef60432d98f415c5,611404171.8654126
1689c3e3982382e27a4ae074,611404171.8654126
3d0cc51b7a2392f3be3b1666,545205883.8183013
1dbec7879e793ba9685741b4,611404171.8654126
82ff2a63a863c089ea90bb5d,611404171.8654126
3d9856c3ee0a4b5a833c69ab,611404171.8654126
6f293451319bae38c71b8266,545205883.8183013
dfc817b569fd71d2dd47e980,611404171.8654126
c34d46d83e76f54d53cadcb2,545205883.8183013
e08ed8c82d05dc3cad8cd2c1,545205883.8183013
e21f2a8d9c641e45d442686a,611404171.8654126
f1793973b462cdbffb1ad648,611404171.8654126
b15bcd6248958d98867ea585,611404171.8654126
e640424f3b7d1db403c36ba0,545205883.8183013
658c0b009a09339a3f312145,611404171.8654126
f01fa45466e2730f935a4128,545205883.8183013
b4d69c7bc93efb3790eb1422,611404171.8654126
c2242a77d30c0abbed667ce4,611404171.8654126
39542105a7c46ded0cc373a7,611404171.8654126
13f42390057bd294cd787822,611404171.8654126
183d99d88d1e7d995180918c,545205883.8183013
60dd7dc49139e7816dd8b143,611404171.8654126
6d2ec752890a2f1c4094044d,545205883.8183013
0e776964ba3733f3ac18a7a0,611404171.8654126
92369f73435d1ac3fa95f185,545205883.8183013
8db285eda04ca37b86dc9724,611404171.8654126
a7b14faa46e7b73ee4e95ee6,611404171.8654126
010e676743f6afc01fd0838b,545205883.8183013
987199d3a23c08ca887b301d,611404171.8654126
4fd8643e1c43ce9a0c18a19e,611404171.8654126
4d0985935e1432b3916d45be,545205883.8183013
4623317e8c9044e314ccc4e8,611404171.8654126
ef8430c4d15e5887b8103bc3,545205883.8183013
cd6ecb0f77acd93cc1c9038e,611404171.8654126
b0962bfdb6a2c79a0ca84e48,611404171.8654126
7bf592c5c34bfe6a5df3dd40,611404171.8654126
9337becb0628955b47e45b98,545205883.8183013
9ed0bcdb62b2223d716d40d3,611404171.8654126
4255eae670033d9c9e9a6e3c,611404171.8654126
c5346c37454ac2b13b92240e,611404171.8654126
94fd4bb5f41087921ca12b58,545205883.8183013
ded674ba9c7b76cda404bac6,610274093.1951652
ce25e9fd3bce9b75050aef5d,611404171.8654126
4e7d3cbe3c62123fa7e2d969,545205883.8183013
dcf5b42ecb23800a458562e9,611404171.8654126
0d53bfcecf0397ca27e5f78c,611404171.8654126
f4ecb15ef992a677e8b4fee7,611404171.8654126
46eeb8f186f86f7859274d4d,611404171.8654126
b5a7d4288dc7a7868678b9e4,611404171.8654126
34f99327fe595ba6e32d89a1,611404171.8654126
9a53016fdce3d3b5c2baf3fa,545205883.8183013
26be10d0ce8b763e9b457e76,545205883.8183013
2e111ff939191cc6df2c59bd,611404171.8654126
ddcce0b9776593e3ef3ce21b,611404171.8654126
937c0b6350beb0f51e53ff8c,611404171.8654126
f50941445773dd62e87e0416,545205883.8183013
93a1aefcc4ccafe4866bfc76,611404171.8654126
70c0a72b31dbc1b97c102c13,545205883.8183013
8aa9e1e89993aa49c5c3eced,610274093.1951652
2a5ecebe40fc09b45d6ee5fc,610274093.1951652
5f798656baebb094a3c83793,873593073.546935
596b6f435f76058493a16cd6,873593073.546935
1c510a71734e955f75187106,873593073.546935
07de14db9dcc2d4f9eac0dd2,873593073.546935
29503210dfd57bfef8f16802,829222766.7851602
89575a90c7b9b960c8f4e052,873593073.546935
bb5a6045d18e19613325dffd,873593073.546935
f984d34c8f27e3cdb7c2a44a,873593073.546935
90822d4e3a369948cdc4d998,873593073.546935
5b9a21a42d5f50ed4b10581c,829222766.7851602
1be01d052c6a65c5ed286bf4,873593073.546935
b73d317e1e8ddc3d5d0743ef,836825098.9342291
bcd302e3b5342ecd8cc056bd,873593073.546935
eb8956f0c4a885619bf1ff79,651466529.5563376
d5b950c5510c19ccb926e7c8,873593073.546935
1e37ea0918a00bcfaded3453,873593073.546935
1d55f4694f3e000ee3ce47b3,873593073.546935
cdc3e114698984145df842c7,829222766.7851602
9c611e246a612ac6906abe8e,873593073.546935
c0c820463dfec602a6118ed6,873593073.546935
6302d4fff078a118c3211794,651466529.5563376
c98807fc596bb2f505b4da9b,873593073.546935
cdde8657b5a215915a04126d,873593073.546935
3b2fa7905fd8fcb3e11ebcf2,873593073.546935
59764968800501c68631aea3,829222766.7851602
9eab02171cb5f15963670172,873593073.546935
61f84e5a07f37865c31d4a07,873593073.546935
1494f223c9d3ffba26e42738,873593073.546935
ba137cbd10757ad20e5991c4,651466529.5563376
d2fb81a477ef3690cb11c93f,829222766.7851602
ec4f7794cb756b995d5d207f,873593073.546935
ea4add08aa912717cd42f9f7,873593073.546935
f11d7627e2f18c9a75595501,873593073.546935
8095589d5e1a55a76281e13b,873593073.546935
f5add08cb615eb18b3153bf2,873593073.546935
1894346a27970572aa703cd2,873593073.546935
805a491334f865f06ff42329,873593073.546935
062d5544f5c96db90fa3a526,873593073.546935
332201e2583141f3a02dcca4,651466529.5563376
4baf1bfced8e85013eca94b9,873593073.546935
8bc002e1f02beb4d83a6f6ae,873593073.546935
adebafcf3eb0d34ae31718ef,873593073.546935
60b5b0aa0c1319557cd0cc85,1023198303.0724694
3393fece8a6ed311ad865e66,1140983274.3572645
df4a1968046eed5326119599,1140983274.3572645
b044b9a587b2c6ca00447177,1064778450.1212327
005ab848b35907e42aa0f4f2,1064778450.1212327
140a0002732574ecc516e9a8,1064778450.1212327
bd850d1ccfc4b21a72f3ec44,1140983274.3572645
c6dc8c201ce38ff2ea49cd68,1140983274.3572645
572ae40f693551547e13a196,1064778450.1212327
b39d1b2637dd8e307c8ba13f,1140983274.3572645
2ad02d6d56b95ff3382b53b6,1140983274.3572645
5201393754f4a5f2a476ef0e,1146465415.7977543
72a66bc6d15390eb05a5c688,950000000.0000014
1f1f3e47f3593e4b2824e628,615252156.7119577
bb7e14611ea6b5e4abb5b89c,501648548.0143744
b82f8abc8001cd6731c4ef45,501648548.0143744
6228854021e72af611d2e59a,501648548.0143744
6d21e1de9c880bfbb17350cd,615252156.7119577
7cfa0c98191ef9b7c45f0520,430000000.00000006
a739d80c3fb6b166a2c2182b,680000000.0
36f85981124e858c157f83df,425000000.0000003
3d6d51ca99f2747d6b92dd19,669999999.9999996
092b7b5bafe25bf485de37a4,687386354.2433766
f2e0163fa07f89820739dfcf,1100000000.0
ba47346e7a53412e78363ac4,840363835.2060534
f86e80b2a831572b85b04e55,661958799.4788779
199a6f7df516a685f086dfa2,347704874.4402679
81f6d6790aca5e9270c3d1a1,353791455.5380786
74f099ca0d949c8042569d51,387727614.0974802
4df3717406f9852284576caa,433573457.50729084
5246f7d8023a4c178af6d10c,435307766.78622466
69d9908e13bf7c8ac4c30531,387727614.0974802
e336d9d892441c7ad886a98d,474341649.0252568
f82e1c70884ee1285e1bc491,435307766.78622466
0ffbcf7d58378c85b4103c7a,387727614.0974802
3679e1844a35c0c87fffefeb,435307766.78622466
955a15a734e56eb287555307,435307766.78622466
722f262a44b2bb6fc05ec35a,435307766.78622466
48c346042d9cb826a3714466,387727614.0974802
bc4b7bbf5df92f476b6be103,433573457.50729084
667685f89a61aa2ad5c9ac7d,669999999.9999996
8be5fca8f4339712c6f3e29e,610274093.1951652
09a5fd22f920267b464e2a00,611404171.8654126
f6d2d31af94a6a73912dd9f5,611404171.8654126
0e9a5ea81f6d91038d8711d9,610274093.1951652
8b2d8edfa6788ddc0c7b3eba,611404171.8654126
2f48a73bfcc91272161afd39,545205883.8183013
a78417c74b8c99279912e427,610274093.1951652
4d69f7c7e0e837879abbdf78,610274093.1951652
926a7b18e48cdbf6ac3b396b,611404171.8654126
a06733f7b3ba964c20ae2698,611404171.8654126
02d598a32d864c289e3ba6b0,611404171.8654126
3977cf1326ff502251f78f66,545205883.8183013
c3cdfd0733404ec885eb3edd,545205883.8183013
a28bb09e30bca82627e595c2,611404171.8654126
0a2f8c8ca6094e6626d4e8b1,611404171.8654126
ac9baabfd96d58e376149a7e,873593073.546935
700a052900adbfa149dd5b6c,873593073.546935
4b30968cdae59b4ef3298f19,873593073.546935
c673d94552bc3e451672939f,873593073.546935
75392e8381e1c891377fcb29,651466529.5563376
a55d7074220aa6a750297c08,651466529.5563376
81eea19e7c12d65d21e23648,873593073.546935
69df7bc1d82d9723c70eca70,651466529.5563376
815cfcc4d26738f74cbb67ae,836825098.9342291
5ea150753f8d07c71af45cd9,873593073.546935
f851b02d18e74610a900bf14,1541172999.9999995
76b9af8036e38d5d30ac4c7a,880000000.000001
4ec5ab39cae4afc3b0e69438,615252156.7119577
c74020c85c9fcb2a2cb3ac74,501648548.0143744
6d6ad5e3ebaba1c11dec0f16,615252156.7119577
acbe4eb98668ff4967a8cb86,615252156.7119577
16a40e3dbfbb9c703e04028e,501648548.0143744
ee5fa0932e098cba28d950b1,835119816.8884286
5f9fa56b99677a489a9966bf,501648548.0143744
4045e30cced205e8c5b2373c,419999999.9999994
eb2c7a973d4d6ce8e6ae87a0,1199999999.9999995
99c69eeb96e1016a7e53b33f,880000000.000001
aa7f56d05ed29183b825d61d,474999999.9999998
4630a9af58fb79c0008e5fa1,600000000.0000007
ac003932eba3a174c5b998ee,512835256.1983229
56a7470ed14454665aaef75a,1049999999.9999994
a4e4f56336e07304cb946b1c,615000000.0000006
00ce045307538da1b0bb7972,720000000.0000011
cad720be1395e2ab5869807c,449999999.9999994
344be03236aed65e74b14a2f,360845173.472481
58a86bf535b4c16b50dfca06,309999999.99999994
d52c3915fd7d2ef8c92a22fe,394000000.0000002
8a4b7e86a90a296e10a49ea3,398046999.9999994
e1717a317481b0765a7a6a0d,900000000.0000005
97fc10f5ce4a6fd7357381a6,360845173.472481
428f4bc76d4cd315ba8f89e9,459999999.9999995
4d882ac2b82569f74aa08824,374999999.9999994
948ba87dfd7993460c967cb4,360845173.472481
1bee6a5aed5417181a3db77f,349999999.9999994
63cdd73026431f5566fe246e,340000000.0000006
013e2a07f94a99323b64d370,1100000000.0
ff56b24cf15289dc6d14800f,620000000.000001
7bdb94165857bcd37206cf18,305000000.0000005
1d1e29d9601aa0eddb4d6c2c,779999999.9999998
a8c9489973c54b93737dfe20,569999999.9999999
254892c6b84c59ff5ac4f354,344963766.2132062
c6e9772058edb2268434d7cf,680000000.0
916a413537580440c4ac6028,419999999.9999994
bab8e472424cd57faab87ff2,382950257.9315935
eae5eecfa2fe828afbc94b0a,494999999.99999976
da26059a2cf36e02b8702320,428579047.5513247
e18fecb7e40bbcaf26c863cb,685565460.0401046
a55906464634558b94d9298e,770000000.0000007
3032ae39e739fe46e9e198e5,1425000000.0000012
663e062b85f16c2419f8456b,565795470.2238458
aad0e527c4bf6283f76b5bed,620000000.000001
32fbc0f1934f7325a404a2eb,1300000000.0000017
07d1137c1f0aaecbbad32f7b,655000000.0000001
3058b792e3f6781e438a2e9b,824000000.0000013
33d6b1bbab4524c3aa03756c,445351319.5870217
c75d43b8089321e359e14264,455000000.0000001
29ea1796aede16cab8a50497,900000000.0000005
bed21c41b31a3bf2095aa273,564999999.9999994
ec232a7ee3aeac713516614b,649301682.4785335
bb7c68c2652c7e124d88631c,584242694.8375349
697b6c6f7666391fc689cfb9,1357890000.0
d912e45dda1a3a628fdf50d6,569999999.9999999
96fa88a07329d3988b6b41b3,824000000.0000013
66019487c37339e9354ca999,900000000.0000005
fd2dcbcb8a31e97f31d22a53,520000000.0000002
1a309175498997e1b8f0aae7,1199999999.9999995
e83119808dd08ca090f5ed85,680000000.0
1a26960e24de046588ca7837,1049999999.9999994
379c4fce87557848548b0944,377888872.5538224
b2d7355eb2aa975900776275,892000000.0000014
3b05e06aa0bc40b9db16416e,399999999.99999934
4a5405b1e181f5b10fec35a6,550000000.000001
aff22625564f00844ea2610b,358999999.9999994
b40addfc0da42b0e530503f0,385999999.9999999
9200d647b6ce9aea67ff8ac7,649999999.9999996
3057660e38fb757dbc8bd898,789427962.7517562
799be2171dae4763df530e4d,367287353.44413954
819265a930d32a97533d132d,999999999.9999993
9ba689b29d0696fb7ebc44d5,950000000.0000014
0f7e28b6efb9d550ba28a1e0,550000000.000001
57551742fefae23bb32571f4,406617017.43891203
9569a50febeb4163e28c192c,680000000.0
1d03efada56f8a70bdae6aea,1300000000.0000017
bfa56d6230b858591743473e,644825420.6643735
ca54914a1cf1028b9c8b681f,325000000.00000036
54304b6117b797791d266cc0,662985630.2900603
166ae8e3d0704209d6715240,560260295.6589373
b56659e70367566a4ddb81b2,939999999.9999996
2641f220611056a1f5616dae,1017496928.7422956
08a82bb9fbe4b7abb50cece1,459999999.9999995
b40a9888ec0379fbf85516a3,1499999999.9999979
d35462df6c686296a3c7bb23,620000000.000001
db244703ce223e6acacbe85d,755009584.2553853
a90df94f959030227fa015b0,409878030.63838327
d97d462ac4f5d9cbbf04e9ca,1017496928.7422956
7fe6ac57e87b8126ac4f8530,849999999.9999992
69c28dce8eeaa86605143419,1499999999.9999979
2bd6682ad8343b69fae1a59e,769740215.9170333
2e6fb29cbc1ccc3d97c92c72,789427962.7517562
9eabba4531191127ee91621b,740000000.0000001
d0c411218ffa7c3ebc10783e,644825420.6643735
0c61a011d7fe0227be2b3575,649999999.9999996
2c47c3ef9e139d8c4513a090,410000000.00000066
f6503aab62a68ca16eba3fec,1590000000.000001
e7dc05756684b070b36d681f,849999999.9999992
17484950b143d0395907ae6d,498999999.9999994
3d997123b33373024bd2cbe1,1300000000.0000017
ddba305c2a3ad29db24a0658,979999999.9999993
b65efc402cfddc0aed4e1d76,1199999999.9999995
4a7ecb05c9886bc35f6b9160,449999999.9999994
b4e14604b888c994b64f94ba,700000000.0000001
ab37764e5f4e00097eac947a,689999999.9999988
764da64c41700da5ee80b8c7,349999999.9999994
8a84a073b855e37a12327357,755009584.2553853
5a6878f8a47f1fa2fc1d600d,1359999999.9999976
505f3d545ce83d0c848f828d,1369999999.9999998
6687a2299f38c15598d11eef,900000000.0000005
533134592237b2748915eed8,884999999.9999994
daae80933675e767b50bdd17,1599999999.9999976
945f85a061dc4e95e779e27e,900000000.0000005
62dc69d80cd6ea9fb7fe52db,449999999.9999994
153436858070f7e724f0cbc1,889999999.9999988
7f9875a5336a32d73df2402c,649999999.9999996
ac11141115d391be44e6426c,479999999.99999934
f8243b7b679dfe8303180d73,1599999999.9999976
1376106ebc19c929df27bb62,470000000.00000066
f591597c9a1ddd9852eb3cfd,1100000000.0
a748841236a7a7fb33138845,399999999.99999934
6ef43ab43841696400d91859,474999999.9999998
601310d800d88f0d387235e4,1350000000.0
db81ec58863dcc5d12839883,399999999.99999934
68d35dadc6d0dea61bf4b513,319999999.99999976
ba9be0b67571b1e9242664e1,384999999.99999964
1690af2e30b05da545f1576f,1199999999.9999995
fc72ebf9381496067101da61,430000000.00000006
3a2e95f5eddda4df84b2e2b3,609999999.9999999
a660d5809085b4823e287a5e,507464284.45753556
799301c01a3e7fc2af5a14a9,1199999999.9999995
824cad597aae34d7d59ac939,438000000.0000003
23cfc154896b93bce4356ae6,620000000.000001
a9b96d2a23ed155043085e87,1350000000.0
f5d529ff6a35fa78ab14de21,377999999.99999994
9b337cb1451a8fb078dc9a07,779999999.9999998
cd1fc7362660bce494b5117a,368999999.99999976
26454cbe44a07cd0df12ca07,800000000.0000002
cc5563550bebb29c83ae3054,1350000000.0
109bb36f29b223a81dbfa340,516913919.33280414
31081c78ce92e1d8dbb315b9,625000000.0
502aca1a1097438b32eb362e,1240000000.0
4c90ce573f1d61d11294d05c,990000000.0000013
87f1e9ca16a7ea48de04fa73,1500500000.0000017
224f6e839dcbd91491f3f1ac,459999999.9999995
8ee7d2e0692e49bf9d308b4b,1549999999.9999986
a3ff6a1fe37a1bb736b1100d,805450184.6793522
97d49e61c1ef55451e52c8e7,419999999.9999994
b6514cdb1e2cf37e3ff8090e,1599999999.9999976
