property_id,price
d56159653f5d2abc5ed5acd7,588849186.8682714
45550aa81c0151f1fd9fd8fe,735463295.7158191
735deef3382aa15930482f3e,550940471.1937444
0dd49fa8bb7be52b851c6dc9,725722213.7924718
7d3220a91e78f8bc2924d1cd,683167368.3435467
d3054072b2175deec2c1f8dc,432099927.11231667
b7574b06d593fca4eac59815,430279282.6082391
79e822115c5c1a4531366001,452885589.78545034
d3ed5316a463d38c1bd321d0,825943494.6274388
2f1880c9b8f7ac2715e1236d,885548927.479279
dcca1c7f109175760ff531c6,626925592.1613672
dfc4f3facf91bbd93ee0fa4d,447686862.5815647
30e134a6cbe61d7954d0f56b,406500592.80795157
385fee7bd9ad7722d45dd034,434745063.3385999
87199c236bf22903d1aafdd0,439274758.8008783
19e19ad0cd6b5e84d8aa970e,436817641.95778674
907f968e78d748fde69dd44f,705704768.4445786
be094e5db0f784e3aa013aae,446489131.19871455
7ab96f83915bc84f8c03c1bd,411773511.2072412
07f4aa9b9ff5b0b05d31e6c0,787378321.4770726
e9be8cd37abed8ab510ba1f5,630618249.0827495
5f6ad58df27b562db077b5ce,573561011.3018715
ee96d947484aaace40f9b77f,635621616.8753903
15c4aef8401208054697b81e,808662073.1047606
22d6cb11333f2839b8112b89,992443669.1480122
288c09c33907dadbae495c11,1095891848.1573837
f71d2bca0c5fe2720a1544c4,425188567.07563937
451744cf3ce55a98db8a3562,422199613.14527947
fba9ae05a6a8a9e0c6268a9f,451117353.3693171
1338e58f7dcebf5a1ea59388,426377789.7595924
a817e8da0ada143ac87277ee,405836635.99370027
46d8bb3e9a0ca584d3c7a317,510394747.39066124
b2506aa9463aebf01e1e00ca,448613781.8165183
7ec025b9b6e6f33bf65af41b,442036780.502458
2ff531e27672ecd2362eed55,604664394.0924519
9b3cf0d1b91b9c6a2a887647,526246227.34335935
7db5291ce4602d9b2b266872,448773162.47948164
65d5918e826c33bb950fc008,451952141.13853174
395c34e4b8f52cbdb0522459,448635265.2545995
855f4b67d2bd6d18fd03d8e7,616305839.1331733
9ff06409b37e5b5dece4604a,466253243.3495348
0508cd7bd2c77ebb6fea1e56,450692031.0990736
b45fff2e718e54772d46a3fd,482578131.8102418
cf4d2297b73dbc357d21e31b,465361786.12432
0ada7044c5b29925abc90879,485227612.1666023
6305f02255274ab5fb6bd39c,566759855.1891907
d9a94194ae1350512beff3e6,639746271.8648587
e3896296cb80d50d9ad3f903,543677053.1396598
6514f355887c64136edb5595,753840430.5603673
f03400cc18e12903b3ffbe5a,708957096.4009414
4e134600155a64783b3f8c3e,457845291.1408456
d63ebc63c82fbf66d8b6ffd3,631268893.967589
1bd64811bd59706844230198,637341409.6077367
a83921284639eedd4a511cb6,683063123.3293924
a2f3f7a1cd573e2a33f52e2d,677717999.2903417
47344a66471fa51f61c64652,666278699.2338744
78fd849c9429091347d7e5c9,638294573.1773225
c3daf2abea55af99c9579319,663253328.5311916
52864916eb1984abca41ec66,749967902.9078487
c62494a9d7aede44f2f84023,724788749.4619813
a2b576643f7a032371587e5e,823670104.7789775
e53bc68f0e97ccead24f3e56,512636173.9279422
fd82c710aad91bc90af490fe,671304954.1056767
d436abc2ee37ba3dd561e940,725196717.2688705
216a598114a403676011cb51,529869571.87256896
ea230d5eccd2b687888173bb,704566012.8126737
18bd0dd7580f2a7cb19a90b9,380195307.8445549
b143c8ca6d334f6a73c3f2a0,395854605.4313138
ab388cb4fa511968783bafee,440962909.47207785
6a4f08cd04d558a56af732d9,419404894.1486389
7216c895aa047c4f405c4941,457221810.7596983
a493488dcd906dc74cf8a604,443953006.1003954
7844b0b2bc65dced90a355c6,457621843.34213936
c1976383069b6b82ab29d092,400194179.2747803
e5cfd99e2308b7b73581dbdc,461281246.4042738
c18c2ea88f4ac53970b53d2c,447420072.87874955
842c9f0e4edf1e5a672ce15e,591214975.3612205
7dd1e46dcbddc6bf5ef694de,427315197.22351325
6cc4f32b39180bd1ec7e117b,552150208.1660489
79e643789a85dc4ffad49a25,866735595.1212249
b3402a9173d289d6db78e09d,639486678.4693447
a446507813234e358db8b573,511698133.9261527
c8ef57ddfb35061d1876f94e,652667300.0795755
360be0df2c003005e3db080e,853564289.3637372
9ab245a4c91877cb7a8661ce,927038495.8018227
a57a34c7486e7a40e8deb316,615297117.6739498
ceba7d0f56f6cb03538962fb,575390682.1891276
d5475993f9db58c3e4baf7a3,743417234.0359063
d37a1dda09e30da13ff5bfc3,589087209.0311064
68a8b8d077a8232723bf37e9,573871070.683552
e1eea7716ca6490b7640717a,570330243.8445399
4ae6d75b10848d259ecba576,573253695.5277745
17afbce5c0b56732abbea936,612821797.34456
84a2673eccd3cf3bd7fd3eb0,748724460.8915209
f2f4e6cbafe527b155707f01,783689000.0416869
de2e3a592cda5b76c9573c5c,788743557.7634704
fac651cf404a58f24dc7d286,1152083893.4480221
e6f312a0877af26b69855a3d,1096797711.301269
333a643c623a9bc75f3a40f2,803647476.8781893
64593641e470908ef23b46cb,739456449.9079043
ce9f2f0071be658ae75ca6f9,924315798.7263987
9ab385e399a4673732b6a799,846230606.0692244
3429c774b736cefc051e2c55,483638849.3800936
a51ad0372758b2bbfe73f8fd,468951410.79074025
8c801a266256e3fbabe7e3d2,685605573.3747281
ca2f81b8fb6fda20aefb0ccb,675627994.4736694
3c1b1f86087f9b99380e387c,727925942.9386744
b0cad5d612954b8cab18101c,792598134.5246288
7eb991f4c69215377e4dac8f,685229758.1772382
0d130b8bea4321300396fa34,1090615998.4385548
8dfa059401e1dca80ae65ae1,713251022.8104388
3e3f264cd0ac7a65ed2349a2,783132403.594941
112dce80bf512f3f24391d23,429405195.5502495
ff25ded6333278149f8fb68f,653564020.2990594
d555b82c192794e87e9d536f,899752939.4824177
a787382d96ef9fce8f27bc70,804507348.0321422
8c3aa295f7bcfd9a43eb2037,781252080.099394
13ac95652fb3cf6c43dafc66,410045393.4351055
42fc6a80b882c32f6264ac10,424518010.6973788
1e9c53e09220d689a0210ab9,403775662.0734897
3348706086aa3db5c92259c3,546539181.0698742
66d402a9b7d05f29282ddb00,553757340.0574617
cf88be51d6f31c10e5868ff7,439164366.2416823
30b3f38716be209a894b0942,435177887.6421908
0a5908a92d0ba3e36f54b1f3,477514453.5489175
dd206b6ea2d7f6555109ea39,513795991.4786618
c641febd8bc2ece3e4d2d8b6,638215656.6091933
c11fdc02a288af0572a2bca1,692268726.8671707
35dc60a65969b264ab283d6d,548189119.3913149
d9cb0f637cd4feaaaf8a21c0,734034990.4537964
7e8dfae9a5f1faf8afa706f7,480545685.1130576
a280fe7610c254b935c9dcfc,397995981.5069927
85524880fdc4e4daf90e96fd,443988016.37448347
f361109d06f6609c16724b39,452260883.9460475
3f6b2f0c0876c21755369cb6,566859503.1658896
de26819064a290ce78d8fcc1,552606664.6225935
91be1260a84ab7fa3521c495,790098911.9034915
18c8dc4549d38c918af2972e,533798607.3420144
782b0fb8641849c2c34291e6,492670929.0697007
54933f8b33a4fd6f031ed5be,656330953.5926905
953176c9a901b4f61c030432,535919776.9745793
357e2add3d68167a4f3ce15e,625485428.2111385
90332d50e91925eb9b614bef,723632989.618615
11723d1d472bf1a3fdd8b72c,789432242.493591
01f8b6799e2910f7769db175,867088519.0808926
a0d5001f7dd42d7f0c91d2a9,509891681.282511
d4439c35bcb88e1490916c67,626966216.1576256
4a73dad0ff8a5262e8b07c4b,1002086586.9173139
3dd8085a65f24b497ea59557,830974132.9173529
39ef085809bc80e32e7b6af6,783661667.3792347
b98ee16e8fd7d1c75a9da13c,742592479.9509184
16deb26bf740fa61e258f545,612076216.2004468
732a3bd457d7798e1fd892f6,586196753.143629
1376058cb128a1c7729cd2e9,476425860.14068466
cac7e7c3e13af91bdc7107e8,807368556.5591555
9f3dfa6e1422f6aeac527c61,492382710.21020824
4dd3d1288ccb66ee4fb9c097,864832047.2550038
15fb97d6a43731d61e95d004,558409006.6660734
dac29573163315edf99e0e7a,461788766.7198298
b93f2864087d41c3c92d43c3,702008492.992793
cd4656aed92f5c0a0b6b7c0c,702008492.992793
556210496090b42ac10cf1b8,823670104.7789775
762979729fb21e56a32ed14e,823670104.7789775
ea935b76abe664d5e2c4736f,451952141.13853174
40e9ef1e7c6749b7a8d04ea9,462798806.4380222
058265732a484ac8d5497f5c,461075726.8588148
6f52ea8340cdd283f9a79720,518434422.32307345
cafe7c1ee67458e05c84d5fb,566759855.1891907
3f45ed2f08a2b03b738fbb5e,487010626.10974354
f203b18854b75c4564d7a17d,748956592.2617347
d5333f639d11bc3ab073ed72,436641537.1899902
c14f644116669a160446a945,437050628.8716041
de585856ff546e00a5a4672e,456499664.48719263
7a80663cae7c191b5d025fa0,439817932.5832098
71f80198e68fbba902650b1a,437708592.64382184
f3523e0626df8cea803ead0f,436684643.78810686
619abd5f978b1573761be86d,431629981.5049347
17a2323b855e93533a9f09f2,527190837.16126007
38e8630f2c05ea38e2257c21,529919985.71711946
1e3798d739f85ee0e5a314ca,519535941.32549113
46d0544f411bbfb6b452858c,528681097.1738028
605e7a71eecb13b23ffca0c1,473415063.02245003
7515b37b7ae7c62f3dafbe7d,532181036.7717925
28be121ada9c9303be802474,523962609.1690508
331d54f8a1bd3dabce73d6d9,504682854.2200038
22d167639ccaace593dffa31,499953697.7261423
36cd68fc3ffab79fcaa340ab,507201954.24041724
db924733e88c361cdfab874a,611176370.5337683
64eea2e9a13a8edfe8ac7027,660246783.027801
97fe6eeed892111bfa20255b,565933586.6147257
b54e6757829ac95e2076d954,645789433.9583086
dd59b8122458557041903207,651777782.6747068
b35c58fc1c05a77433025318,614039912.1389233
c41964afa164d8b75f8dbe92,660337151.3722078
96b3ea80cce599b68f96f86e,652723946.3273126
a4bc87ad4f1ad97c0a63d843,649676162.3829464
16e62269e6aa2ea052d05f71,653480541.112936
518b37b51f824fa0fb5075d3,550019137.5991333
e083d83369cbc93fb94842a1,622863967.1044643
57deff02895d5286eda10d89,585384942.0034938
7ed35835fbe694bc237abe38,655748272.6895263
b48efa9ddf36e85164354f26,583493591.6802719
5910c9b29a1025bada93a5e1,652378184.6275177
10a650e8cb5425c97f08f68a,616501612.9549285
9e0feca2ec3043ae6f840631,578329205.7003837
35ce37bbecac6b164fa21e6c,555874474.4608308
c4955010d066e013812a85ea,596258055.9468998
d5a83c31bec18d1c3eb9af7d,650990855.3885559
70217bd08583854329722821,609760463.2756219
28e748e7aa0a447731e06706,648989168.9716882
27929c0a3e0fd2d6d2969e03,660903283.9761198
5c5ea0d8bae75e0a5c88414f,622744310.8667623
2233f50cf7b04791cf1ddeaa,638025681.0040835
bf430621f17dcaf17fb91ac7,683626376.4322563
d8dc9de06461e0220bc55906,650749068.7457724
d988975f8c4e6ee8fd8dc1e1,705049539.5755339
bab884e0f99df269805e83a4,702558821.9474502
8fa9b20af1508af7a01e2267,767628378.2314316
b6f195d44ddbe10b78b97191,438557846.8581665
2ab0eeac4a228d5769fb4365,431739216.03828824
347a4deda03bfdde6d1c163d,497043323.8823253
17230f18b30b94606fea047d,521110656.3340547
eab4ae491bbbe7b8ab107229,622832677.5637295
07c753474a847bf2bccd55b7,625224420.6548481
b7ce05400f0261743073e072,606859642.9395676
4a33d213841d2af537aa967a,641632930.7000487
04eb0b590ce7483c615b043b,686006824.23637
a01a51af09a3dc387a18b58c,555693750.943915
270b930a9e22d5016ffa4019,730446689.9839339
5ed1320fe84a518e267ff537,661527557.322747
f04b574dc221473cfd616e22,695157363.8566695
6f7e390aa6135019dc5a828f,650914175.5434657
776d4a19fb3852fe6dcd3ddb,625403296.2122118
b7f164b79658952248866c34,627419435.8632834
aafeff5826516e363471e439,529843492.25904304
eba6a2b80a17a846ae560ece,380713893.16940165
90e62f8656ae504bf6175e0d,470521368.8668938
dc4331d09a1e36baaa6bde53,540087059.0728525
372d67ccb9d251e290891f0a,394287182.9648452
a7801c67a0ddd71c50ba38d3,412810993.75233644
e4d6b81f169cab8ea0244d75,455562544.52100754
cd5c6655243a4be0912bc92a,615297117.6739498
f7a7281a19733251134364fc,825269297.3138133
a716ec25a219961fbe90f367,783689000.0416869
8bd45966c16d4eafb49ee2a2,777230171.40039
baabbdaa5e8f69fc90d303c1,1011569775.5963714
8bed46960db1b2a7954ffbcb,919944403.9464502
dbc123f9502159d660f375ca,1170500398.1671498
a4683facc81ccda10e9ae388,924315798.7263987
3a576586fa1aac85c2ffb75b,952537264.841989
b1fb98d0ba25b21c6647d423,1032765340.0878158
97fa4be3ed93c37c048f507c,606512948.6342727
cf184cc576effe39c0f857b8,469864595.84948874
784f67fcb2d009d352740ed1,412425343.80790776
f4d6ce332121f814aa663fca,457117911.87268764
c87ae84ef029febca1e633e8,472862179.84317404
e876c6fd9c161861fb92ad5a,833488575.1092709
9047c4764f2c6b1a10b87e99,757766146.8379012
234c94e9a248ae57bb5a0771,435312044.1004758
a49c2976ca4f24f3a6b622e3,447838789.6260416
ffc171cf73514bed077339a6,496947646.9122253
fba83f5feea2522888377066,415406703.0269107
1a593800d5785ecc36c25ead,614339551.696588
ab157c9601861dc387a91b82,605439078.1522661
f87f8003f15b0fbc12609514,468122918.08778054
f44d035ea2b15b2c69d4da50,716895554.5912278
fc815b59cce7934f816f0502,506964030.6183333
32915b77ca68000ba9eed6d8,458369074.1248396
cb083fa7ff634f424a351840,566706353.5696322
4f3c7b9bc78f882f858b3d3a,442364723.04863816
53d33316e237830ad463a26b,580123295.9531906
f5d852e25d51377686c43bc8,554231602.1975543
64731b6eaf4fd2bb6c155013,589018400.8693564
dad7e45e4706ab2564ef9cf1,466969102.5788557
255914e9b13ad94efa6ed365,458260891.9179798
5a8950a64b4aea4ac13dad45,764580325.079089
70f51b4abf26651111305b1b,607442540.3152868
8919ca18fff7571002e440ec,738017749.983517
f776a4e0c8c82b3d29756b34,823196574.8085663
7ea4af39a7e577ffbd600f0d,711897291.707946
45fc0d46c7a4df7ff6976fce,804213531.1265218
7cdcecc706fc7c79cce45b20,636138946.0920129
3503f56e09e639be4762ff2d,587167031.785871
f70ac0d227db6f5333aa821e,655485819.3090036
20db610da64f80afc1621b12,440402878.2572505
c80ef212c870e2f20ed2234a,618470096.3404797
7dc68d5cac1b7fcdab35586e,475969417.5683545
a478fb93a131fee4119bb9f9,827242347.7142526
7749b2b534213ec7b536372b,690375941.9929632
43e59f5312e304fc21c1e052,733979691.1381195
82a7920524816f3db7f5a4ca,702963443.8102554
1a7e331d9ff88ae5efafa8ea,597339810.6803215
a57350d4c79a415137281cb7,422483796.7140448
f3a6132006d54d0e22a17e84,705028171.7222039
14caab87a129f51b2b70508e,629061586.7840631
ba2423d79744d763aa3744f8,644543034.8874043
1caac10c1121a795a172889b,979523023.2331601
40768729f2697b87ed6519d1,613774869.6318178
843234d3c6c20bb60a17fbee,633146146.9367322
cd2e4dff930a1c7a1a569992,495570211.3976471
5a6eab133b7e95155f6a9012,539200062.6408255
5bba6c40aeb129c433d2c58e,600409035.754926
ad3c644b506498127c7beef1,660732628.2317669
a379656c49f4cb1cfc5b3f03,503263877.3250543
998c1a6ace613d8a7468ba5c,457851034.6189118
dd610d7ece83bb02dcd7a22f,445285163.93003815
539467d04a2b3e78c592b11b,413410714.61520034
e40fe4ac43cabe82c03dda59,504686092.33504814
5561eab714583013b422e7d4,457621843.34213936
d9110b2b5b1c02766da9e24e,667341306.0067607
c72cf05b93b9c290c063b08b,631829598.6024221
d71cc157c0c43935989009f5,617368486.3852983
4199eaa19ddf8ac436bb2ba3,638722589.4343997
d23d12bd86def2657038a481,825582539.3699971
ca438e13d8aa6285858da0aa,750214165.514971
a173eb804f4bcf6bfe889417,784429457.4497633
9b3677d498c2ccf69c756ec7,822833704.6984863
f8c787390e4c6d2e99fc7c3d,442893084.4726616
a188aa896d1b4520ccd6b65f,507552798.87236065
9fa39c9eb4b10a20dda6c3c2,485743960.45222455
7bc9022fa1eadbd9ab39acd9,588476533.254776
46f0731f62232b32eb733dc3,541123636.8653969
b6767d1e329ff5e28c42f632,458078044.3878414
abde4b06769fcb1d5577fa7f,469204505.46798724
1496d159d31717ce254f67a7,434847355.57121927
1470749d0d2551a93827e441,518123056.1445838
3ac517f74dbf8cdc8feadfe8,561224066.6673204
fc6616c62030a53d2aa46b12,686452034.4089352
8497f34947cb4c0ff18a0eaa,624497746.8301011
3b2936127f5a4684a1d3de22,593007169.9565514
dab58562904cd13a93d913e1,680414079.5308452
69d1e47b6bdc57512f1838a5,687062169.1180305
23c7f9a0534a4ae6a24e38a6,720342406.1532513
640e9fe41fb79ecba89d8951,825279126.465205
31f6a25d56f3bb36386d07ae,820782718.6560773
bfb30ae71cdca27f5a5494c6,767299651.4496663
baacf0dbd690644d74f3a929,659607196.3311303
cdcb874d2e62220d12230632,803261005.7187777
1421bdbd9cf7572b799b732c,802429722.3751478
ee9e5adab1455d38edfcaa6e,831977606.2715391
1fae43a9450fae02919962b9,728426779.2649859
5f9ee280509afd55d24f39b7,647265044.3522663
82902f2082dd405ab538ff58,565334270.1571406
eae52c81f779a61f57cb5b58,807318432.5399514
4ec0aee1b202642d2739068b,635251940.444138
f4c6c3210a3c2eb935c6d5bb,723718252.7280796
14a14706d405569501327924,436953648.86742604
146a5a4f3d111dc7b955ce42,616144567.5675606
99bdce7cdea643b0442976f5,660633512.1104685
733c7cdfd50db77066a67140,545709404.3928317
de328410e22767c66d919423,558670075.856514
d0116b53467b3081664fb268,728935386.1782016
dc722ea5c4d62773f9fb6bbc,510793812.52710336
e84605e3aadd50b064c8eac3,790205404.1078784
31a3719e57ab1425e7267fad,449517259.5904246
34993717af3f861b9735df6e,565762356.1930358
543822711986a454cfd764e3,586191874.7227933
5bbc4ff9cc3ddacb39469e27,846783185.6027755
d7ced905983af0800c19b7fe,758830579.8730705
02d5bac2567ee9e19041ad42,637254718.4953092
f4897a8a0a911a2acfb8e8c7,784674015.6452712
4ba19ab08d1fe7f72d0dd37a,571619824.7311976
b7c07f8afe037d55bddb8e41,429849808.9197265
40b20b5a3a986802d64f7675,565120539.2332139
01fb5931cb55f5308382818e,896592686.6593133
7cd0c7174b957df1f004fc88,650621764.2441306
ca13bacbf6dc8d1b09fe4c67,443405301.6874145
0ed0dc77661be57aab63bc83,428895755.98361194
d03558acc19951a882bd568b,496186029.70385784
b8cca0d70fb46f3a31473e98,752800067.4696889
f665a58fa8eda69547c1a159,794963187.8243939
8aa5ae4637ba83e672cd3ab9,590092503.4093274
a6da1996f66e545041d920d6,779778390.4284906
b828609eff041a68fa243a12,571895580.3875644
3f39a260b81dd7de1dff2b31,431942293.6511985
40fd167916ff071afdc44792,606055145.2774434
6ca31945172976c3a11732c6,621872554.9505637
1437d1f1601d26a3dca7594f,594126641.3285004
ebab054e5f256bf4e382002a,823140730.4447737
0838d0df248d723da4e25ea9,616332874.7718474
7a134e45b9ebe710c6c6efe6,676520311.0694307
6e9c7f27d6b89c5f9696fae6,441014042.1069865
bd12c705950c46e679c34bf6,920585149.9319315
fa2c1092f17ce021964f8953,814806423.4295627
e3202b635974f7a3367c0ff9,638789113.2785316
49bdf0f970af03d83a57dcff,757823248.2339631
91af29fa680d8033188ffc39,514266879.76641566
cb626b981c0997d254388e76,413562540.39475256
155a8e4186d1626fdda4d0ee,571873680.1539649
d337476c2cfa780518523a6b,446911922.7921746
7c3ea8523ece273991a190da,630530408.056381
674c02227165e1c7189c54e4,684012403.0705675
17056748001fd65cb961b384,663447035.8741263
f56bca5bebfc765162c8cae0,960287388.8963163
5f4b0ec9c7452b888b33c3e8,432027010.80317396
13dbc077e552640736267a49,424458682.35630494
cb645955c851790e83e696a7,649758134.7531023
649cca8c83352caf7442f20a,665284327.3542345
fc8836e71725949c5f3fa7f7,993818459.7740993
4f431d80287051ca323f2c08,483479764.3513019
42defcc69fa22e4c858f3c24,657468131.6391021
291a2f9022933c9d81311e81,660420623.5300567
d48a061a2040d851937413aa,565947212.4787974
55d2ad80322427ee3426dceb,650882976.4477834
8c41bfacbc1a6ab831b26fa8,653344066.3537163
c7214222fefdd8d2ad7f8f8f,714334179.8875906
b3d9a095c9c73004643c9e78,653668745.9062351
d49aeae19e13909e75dda2b6,565947212.4787974
dd10dcc52d2549df85f2a8ec,624032792.1603208
6732b448d2e4f32679f235ad,906328445.1597271
f08a5c2992cfee4c0910f68c,654761389.4078084
e3a62f080c25f404ca995e06,853076394.4153593
7634d584c3042533942e2dc0,677688918.5988371
ae58dee872922a9c678dbfcc,794822200.830814
5ec01e911785dbd5b49b166c,505850158.91235137
9bc12d9c9ad95064412c3413,716934228.2772605
7acdaa0cee1ee62e15f4490b,461963661.12459993
d76d5b14d0acc5295b8057e2,684799102.6112695
32f3364ac1fabdd13db1cfe5,364249630.293563
8cab957b322f1aba06bae4ad,543371058.9081163
e3dc8b417819e9afe3fc7d0d,474076839.9774521
c71fbecd8f7310c201adbf40,480377769.72610366
54c9bffcdc46819f67e4b3d1,657847073.4379983
4d94a2295f612b96264a0db8,565818049.5024886
874f4a836cb74be301e068cd,811111241.0827533
a18925f908acda4171bfbe36,927059373.9050887
a587c7419568288d68c46feb,693657656.1757026
19994da77ce4f2db3efe6660,453459116.0371767
9c4dece6127f1f3f3bc1e0f7,439256672.61858624
09c28a830f8093802384071c,450702680.0298605
5766f7cfab59c920081e3046,439256672.61858624
964b7d9de17c1ce396fb83fd,390833456.16364354
44f77a86369d6607753adc09,507510958.20704406
7f25471be85adf0baeb8ebbc,518706367.41312546
6859481703fb0cb34c1e564d,462868191.6695591
7ba0c14dce0cb09ef5735d9f,467620477.26547426
62cd6a29e98a5b7a5ad38050,600775876.4242073
9c6d7e6260e4fe83d43706d4,574765797.8572258
5dbcb55dbba823dc31b041f6,784918541.0146152
85abc5c0353c5b678f087824,546626302.2497346
56dd1bc39664f8e9f316851b,878153121.9737391
b23341faa7307d9d6009c6d8,471082247.298345
2af941adae2e8dfd66542055,651011542.97456
268f887f25d416dcd3c0c9c2,744316047.5993739
9ddc7272fe43f07035d3da63,1029481960.6262696
4002635ca8b087877ad22d5b,826596420.9862195
b515b1caa608ff42574e5a06,628795184.6731671
710542343cece039a279dbee,704712207.832737
187a143dbd6d4bd81d6d9c32,531304428.3933719
26db92c003c8e67d92d88aaf,828111805.6965061
641ac8f4f60ae2b9cf6add93,601547441.4316261
784714647351cb6745c867b1,702834626.7943203
5fcf1e2ab4edf13ec844decf,711897291.707946
2575d932e98c421bbb38b267,618490473.8488226
af9d2f5f62bf74a7fa9c74f4,566809295.442827
4db8d529af9f718e6d81a85d,413410714.61520034
9a3368605e5f563e29182f3b,501010165.7077029
5ff696d8369101b6dc60e2ed,439989169.7598673
95ade3ab8dc04237acd6441a,403695394.08050793
607ed21e896eb5ffb50d5ead,458275015.5379354
40d9a852bbed67a6036c6d8b,449087391.5803528
97badba651a94721af5df3f0,617368486.3852983
b2f089146c30929c4836f0fb,470935270.7810133
936307e2f478c3ff7b9652e3,562054023.0195647
b6d5cb459999de084965e993,784617114.6765188
aeb66f808982c6308d891f55,476812712.709879
cf8418c60f4e54dfa09b1e6e,525544778.28256166
1dcf71e8fbfef2c6534576df,573823847.5294809
c78b16f05ef58855da0d4f2f,444773565.15115756
19ecf1fc86396ada203c2a19,587408559.7028214
985fc7ab5aabf1831ce3d298,737036181.8011273
8aaeae6bcfcee5ad928ce28d,692968115.4538258
1a93cae134c79a43b13ce656,638722589.4343997
ffad647e8ee35eaea6378fb6,660709993.4903886
c21a3eaa136ef8a912ce7b74,612650192.9004343
fabe0f299a4e4bc6f51d54b9,688754503.6741787
5af99278b1091dca9b0b0332,664670210.5396081
3f0c845deec1c24472a35efd,1012741751.0846759
c10f25fd39dd36287a6cde73,991739957.6459792
f37d31c512866b575780c4b7,925575366.5870632
5d34f871e5a5cb3a655a0b13,483479764.3513019
95bb852a958d7b16fd676e3c,906351563.2088853
24857a7a80d5f13a52eeb054,710569260.3090731
f9796e9d13fe1becef435e54,1124404367.928776
1c2739878e452a340a4e8972,892370417.7825568
698f3f1929a2dbbc69865b65,652564703.3957143
bc230105784ca8640e499ca2,431468480.0879774
622fdba953206a65224f2c82,445486435.21073323
6765fc17d98c08142d3d7757,616153450.283325
6f35fcba4ffd6a58bce85892,451558102.7405017
d8654c08e95b39e3b4891cd9,654345464.3982275
33305df46dc2186c7e3f727e,958266005.8359884
0cec193a20d720af010383b1,617116287.8442891
734efe04fa6b326ae1d072e8,460811960.6727733
69190139558b2ef3eface18d,444961231.49574155
bb084299ad23f245d7cc5b69,587221393.8109484
d4c7b3372d70b898b167b92a,660953085.2633055
4a119b1bbf04b4bd6051c5b1,614489032.6438613
f844345b6224bc76bc3c6f91,477925404.3746871
052505ca8210e5e651fc0b63,641775902.6742828
5731cdf8cac0b8371d786c90,801475309.1999424
594d8d78af90086bf8cdf09c,665452676.7759352
fcaddcc78938f3a234dd2d3f,423819211.65422046
1574958978c9b5d23d9521b5,553821293.9945256
55902baa0ece72e2e8c869d6,560875631.5765088
46161effff173111bb6c3a32,611793512.3179219
b3fcd9cbfd485e4e1da6c89c,428677184.08504695
213ddc1761cd6b018349786a,653683083.6304951
be3b1df5f008636e14bec3fe,624311419.5945021
dd27922be5b6f730f8b4e058,462312350.8135646
cd2aeb1b2649ef421102def7,675814850.6802201
a226b4af016a772dc7e39ac8,464488081.38571084
dcef5b332fd31d0ed8d754f3,444608697.87268937
481492907baba4574d4a6f35,639024139.8099853
10e5e54ab66b58b3f41ec381,588883098.0213964
d48866a153ea0fd23a858cd6,456445297.18761784
d273a2075d28e343a657d9de,807357444.7032297
90a711f776d53cf654614649,602879253.3384782
f87c76eb5071c5b309e3ac3a,459730119.7246555
74df03749e60c216a3e1292f,463574318.05887383
03a84af05df0f577e09d60c1,516581094.4461244
78682041182f01ee4db04e8e,921222757.8576746
25c76b5a1da0c2d8158b3732,848436283.9481413
af8f09175265e1546200ff86,447612423.1269763
c8d4ffb290aa9cea002e8d67,453827743.88876384
cb89ad8156c3428ac80a4db3,556334885.7940365
7602cb1e6fef087d8ee81aac,520215147.4814899
00c75d59ed4777481a50cbd3,608031114.8992323
fd36cffb856c2a14982a5fa9,668299958.277258
06ccfa37fa6b011ac38422de,429651829.2771895
257b533b6a66b40d0f097c55,633018827.4428546
736eef4bb36681acbcc3c41b,569955868.8076924
e1a4437b17f7bec650d8cd97,533256316.11256033
ecabfcb8ce9bb47ec3089c7e,533256316.11256033
a5a46af0c9fb5c0a03855660,719953013.0626105
920b50f4355cd2674ceee068,703437332.8464054
410e5af026805ec8088f2e71,653356626.6352657
efa0c01632d13ab59f629ab1,455434457.83614755
5965d19a68a8414b0419bc68,654910829.8933496
64955a117f2d9264eb59fa82,789255135.8157513
8cd46b5c9cbd056d3712f155,652564703.3957143
65f736c3fee3d14c31a57d1f,725515315.8637273
66e9c614882d58c022de7a2c,801475309.1999424
8c787c1e6161b18601e6d7de,430379285.87094945
29a115ba5b198689fce5f93b,413106384.1866599
de8ee990e70c8e5ad167dc89,566342009.5161142
0b65098a19c2fc1caa6577ed,639024139.8099853
70ea0403b722a1dae1ff9b18,660953085.2633055
5c77e242474e477513b60ad8,442430236.1745519
1655a92b20740a11a5889519,444211256.1074068
1709b1446b20b21482dd2d36,749967902.9078487
e5dba7fa0cfb81488b0c331e,477461967.1421527
d09dc3a3270073e5f1cb353c,614489032.6438613
368e740cb71b9175fe5b7b6a,958266005.8359884
b8a8ad4c0215077d3e5aa472,762867215.0053736
1f4a78e094987ce29f054fb8,435099532.6954688
aae3a99ac764b8e9bfc562cf,592978911.3385047
a63ecc5539e8725af4128cb5,593590395.7876784
a29e18f37ded2e901181d7d2,641484870.6998034
14ead7469d05e5eacce6a575,713185682.7056507
1cbf39c44f6b0fdbf9554845,659220092.5231974
9012294b64280c565a88a1d8,729944553.4175899
dc0e9ce44b9932c6e48a9390,578724247.6654093
a4f272acb4b3b4f5fc72e99d,658436910.6696026
b0a7295da89516be1c44512e,656149003.4012477
b638b937d4f62949b9eb9fce,713296628.917108
cadd4a6e1075b57f7b74c63e,560140811.1597571
a88f4eeeeac5ccd1ba9b8a4e,790227316.6873903
29616bf14b5f1cd42786a91d,459541975.2448846
f03f97ca55e9a43928c18237,461011142.94682777
5fb9bd3aee2e1320dcbea448,467213274.1883294
34bcfc2f0cefad790922879e,534334224.51702404
8c9849cf3d20991e5126420b,774877655.6932842
ca7b9296080c9fc9fb232782,785382146.4193127
63a5989d0dad994a6af7734c,437708592.64382184
7d25023ecf668945c87e0666,436641537.1899902
fde3d4a4a819b1fa40530238,501284876.23549306
e3338ac993873aca45755dc8,439817932.5832098
bfeab1b12dd82efa96efac31,437050628.8716041
2d564574f0191164ff1d068b,436684643.78810686
5529d858e9c9e3e92ce8a95a,423518602.1876493
2755af908b841e9024718b3d,427553390.66710746
623df36ea9610ed5c58dbd8b,421921720.2046174
77924a3c7880310a4822e5a7,456499664.48719263
24fd0b7f75feda5db89a4127,427708113.80472714
c2b9a3b2747f32d26c8219fe,431629981.5049347
3c3c7861a9727bedf5e3cb29,634704454.54212
822ba8fd3c7392bda84461a4,529919985.71711946
4625168852b335b223a05bb3,517540914.94795
b732ff1637ec53286e890865,528681097.1738028
706bddaf0b87e4f076247450,556599836.2559396
917218fe1425d2c222da1ed3,527190837.16126007
7ac0428c4b7197ca14f3b86a,499953697.7261423
e828e83be8651bc2e07641e2,521431075.3201389
4d069f925100b6cad0b657b8,507201954.24041724
a50640d13126880a423521e8,504682854.2200038
45e92799de1a5334c3d2d72f,519535941.32549113
93ca9e75cbeaceee69b4f0e4,611176370.5337683
8fc4070ce12262679c381515,660246783.027801
63182bbbd5f94cea67de2d8b,683626376.4322563
6e163c3a0e30e7bf1e909661,565933586.6147257
3cd016f68705e73b819cf74b,652723946.3273126
3da41d55a2b9f78c2b10c75d,616501612.9549285
0eb8f10c9d5ded1b09f60baf,609760463.2756219
330c37fb5065311564fd35a2,653480541.112936
b849cef46f19e13d3fc9d5c5,652378184.6275177
7bc034984b19479f29886cc9,653990759.8344935
5cae4522fa829a1614739b64,578329205.7003837
bf6bd06201e60a4c98c8623d,668684997.7731975
549ebb2f616d50ca778e92cb,845750896.7768595
448ad6cf4b43298a39c7b5e6,650749068.7457724
e9a37a1a4150461126dbb6e9,568670864.8034077
1d4c50978603ef41377af057,651777782.6747068
bb71a24bc5ea4051d84ecacd,550019137.5991333
286ab2411118455780314355,650990855.3885559
045108344bf09b01b597e7ce,622863967.1044643
d714e15ab5c2d5a2503bffcb,643618093.0040954
60823c81f0b98e8a57192a9b,655748272.6895263
dfa988a524343181a0d3ead5,649676162.3829464
fe8bcbd17b16ad023a202843,583493591.6802719
69fe76202cd89637a15de1d4,648989168.9716882
e7cf67cbc08fa04be9f0a3d4,555874474.4608308
670583e7a2ec6e337429fbf9,596258055.9468998
796935018bf2b241646a2dae,660337151.3722078
5f5856dd16c0e5131835e650,660903283.9761198
ea2e380226005bb55c724ce1,585384942.0034938
f40defb11ff73ba4e3db7611,656612589.5087163
a4b2dd2771f49951c027eef2,614039912.1389233
a949ede7227c8f8587715029,705049539.5755339
83f402857435d4fadb27fa36,702558821.9474502
36ab522893b5f01caea4cd0d,767628378.2314316
8e4875b7ecd0898571f0b1ae,489458476.48423815
7ef3f8bfd0368696369ac957,485236634.4161164
73ec13a5687c542137eb9a41,488069495.9390988
6334eb4a37d102ee00c6e2a1,436551776.2973388
fab91f0b03598c943fa425dd,498363153.6234298
c57c3c7edd591e16c0b7c1f6,489052272.5924064
03aea1b6ff072f117ec733af,489110575.72975934
91b57e8d6c41b7afe949bcba,439556506.99475044
ebbc5fdad817b304af3585c4,421909220.45099735
0232a50c9afca03cbf4277c8,430379685.46672285
05b12b1916e51a804419c654,425007817.0065997
95c9cee9b36fd1d68f647aa5,492988872.75652075
3d31144a77cb51647f3deb02,496633785.5152956
ea87e3259c2b0d6263d39a2f,492755885.7451001
61f634438de4a10a861f42c0,485287863.18310225
c3ca43d0474dea2f2dfb9791,435169912.56315345
a13a3638569b89ddf1260470,422658479.8648162
124959d1429de095473bf5a0,501495835.174409
4d85bbc09ae56cd85a8f87c6,497159603.6293019
2c13f29a8b9ac9b464e3a582,443290802.60260516
70215712bdd8ae7585520550,486058529.55490714
3352469ca509e8ca652fad1a,434426781.99423015
893caa7433c200e0d43e9f27,598568121.9451249
767cb14f03c909c595c2a731,520481284.58040017
11433baf7716402e8c58bd33,579420076.2674336
e07ca567b0678126a1aec803,641096058.588436
b2286067a73bc0049328b55b,624716051.5165656
c85d56080167254c7bc19303,581570099.3108711
5b9ef8d6defdaf13dccc5ae9,588372357.5190318
f7972b1936c6d9e95d3f632b,592188225.4987773
defd03ae7d0c0a44baf80abd,704727573.5441308
6fffb7958a58a73b0e16f2b2,583992479.8930598
5d86a1db39e324770ae58efa,606325966.5133154
c56163e390d9e5a7a76e77be,501168343.6191181
fd5ba2795eb7b5fe338d6b4e,578928452.2595912
24d6d85cd0e2dc3deb2db896,593844328.1267991
feea3a2bd9f643219de51c46,649067335.7500612
055d7c66464d7e327711b497,631241818.7174546
046aaa4162cd410e92b216d0,625913783.5283347
b6bf2760cfa26cb28fc989fa,716892194.6166255
3a6262eed8967d695182e435,738714267.7185098
cf3665f24927de548639ee4d,609375726.713106
4c243fc50d5511a1288bdc0f,619892691.6502968
d753227b5c685e93b378baea,631882576.1461519
149e49c22fa0eb163a36c932,623410413.6269475
8baa01b8c6d29c82a6108cb8,602614312.4215606
2d437a09b860d9d46644ea23,613229915.6458809
66bd80fd26836fd426be5733,722090295.8165925
a30e69524af9c1bddbc5de34,515568342.6083585
fcc96840d952d32a7300366c,593385809.5005274
659bccaa707b94f303610225,628816066.1333373
df1c66d8dfb9520c6818a32b,634193051.5851182
dd1dacc0c90022e5b40849bf,504739808.1682939
1a06bfdfaa9d9ac754ad07bb,608713952.7789923
a0ecc8ce0592a40959bd755f,618976446.6199462
739c2b9be0941e4c126d2f3a,593278712.9697291
d723eb2516802250027312b4,626595193.2123756
04cc75f46642efb1192f1875,503688924.9604225
9f37bcaa95fb0044aeef6075,485470311.8072582
7be8abb5d23794ac47ceda32,481777898.0741868
c06c737cc0cef7fafa3fc4c5,470979185.16425526
48e71c45f41778f8dca24cf5,481986542.34320533
b41f7c1cb9cfbd188f8e0233,609172733.6023526
32ce96d8adc8e549b90b4a8b,566820581.8436439
c6bb4ca5a0c839d38dd8ce19,617927227.4616302
1d91edf33a141fa2181abc4b,565468011.9321305
aba4e24dcc6998e5020731c8,566820581.8436439
00af33cff3ff7c6927306df4,634763165.7999791
6d2328def08bae481705e20c,687123394.8889637
7815163b8e4a54843d121dc1,664030779.1744225
c9f92088dbdc0d81412968dd,686489963.6193186
8e1bd01ce4b7910d42f59be4,733053698.9077693
5fd89a857727753eae6632f3,613576256.7055771
332e395d4ce62523a2e3208e,634525978.7504399
4fc89ee51cb0e1b9d6459819,612400221.9542601
2571fe181b6ab939eac19d2d,672567524.0220793
af98a0e223a825cbab78ae49,692405060.7126961
ae187fea3c46c3fbee7e6e8f,625124776.6820275
c681519ec1ee1a28f6a3607b,649518469.0778403
bebcca3e75e747b5a01f5485,698505861.3562267
0842a0730545c623043b1d8e,633789585.7646961
973afa2d67c20297aa108bda,601746181.4699744
64a9f0bf04f1c890cc6e31eb,631847211.9515043
9e92b27f554068b7dfb640cd,795223706.049972
57b7aff18c444fa3c577b079,598810051.1050423
6b23f191d2ccbebf9166926c,745793326.3569124
b80c961aeb98d24d968c71d3,840147727.5758423
064c1cd5e94efdf8c7262fec,606485231.268935
723078b6cbdf02c88286c596,677152357.1774749
e239ff5eaaebb287beaf76fa,617407185.4505253
b3b30d8b869eaad2382c5447,604910692.9748113
3f295e6c14e23cff1468bf82,896611806.777853
be78bb0e06d5768ac1908247,478842425.3905219
4daf52564456895ca7f4429c,488183374.3323666
c832701653f1e7f01913660f,637670588.0254394
82433a009defc21498037127,668374863.8533167
b53d3d578b1d7d9e00c8a00d,638708774.7073531
36fab4c38cdd91de650e6abd,816163218.3564087
bed932e11a599f7cd4bfa31a,937323906.2406304
1d9addd835c9fe8665e01500,414727253.76951736
d8216aa4e029c0d3d646efbc,693062050.3058227
c1b0ddd3c104ec4482d5025b,481982904.733503
bd0f754b0fd9b7af284419b2,811197619.5595976
01e907d7672006fa2bba8b0f,437022907.1467035
7ad046b20064565644ebfaca,509105411.55046016
1ac2b23683ba89e9175d1b99,557743582.6890869
ab4c55e78eb83d80c153f50e,505895344.98935264
2ad54bda875fcf8c6b675bf5,452105623.07124776
07e76c765d1137cdd7c2ff53,429528811.3718723
5531b9663c5a37a2bdd97e9a,613847220.3820444
c740655aea4eab7066446c42,518464658.8713954
3b6c37e7e6ff1c03ee4fe995,531506785.08518124
1b5d3ddc71634099fa1f04a8,544594712.1169682
1ad916edbe6fd38f40289a04,592807316.9609747
a1368aa4d3ae850bbfd90bca,591233105.3979797
0f728f676325ece6a001b4d5,600287505.6333433
0f98c4e431100aa87e6fa6af,689718848.0799816
91a08474a18644c43224c62b,511869694.9611298
185dd9366a6dd1e820880917,535256577.41612357
e364018f4d994cd15d4af374,836311613.3179662
77348acef84ef77f6a076268,482714487.86086303
7f8f506137780f4cf12e73b6,410186283.06815654
809082a38e6fc3faa66845b9,572063883.0935084
2072a783a44474cd0dd10d7d,474403135.77041763
b71905255273cbb0af1290a9,493829421.45525473
c7d5f021595b58c507f47d3b,951789407.7441722
65ba1feafecd7efdcf214ed2,818180968.7242395
72eb64cd02ad2a54b65083eb,874144039.4157088
35d79b2ac92083bc439124ac,617548611.5271062
2f7d36523df4a5eee3edbe05,451443290.59232175
b0d20a04106ebb87e2cdea37,953486558.1691809
43650eb8b70dfa256ca64979,711897291.707946
311fa1bf3c405f9bed13b38a,397995981.5069927
d12dc721a59af021e8ac68e5,397995981.5069927
36f9a0ea831710344f468bba,397995981.5069927
1eacbf36422a54f1327fa291,397995981.5069927
9567966987eb1d3117677cc5,429219436.69448245
e5bc85e227ed7dabfccbd005,397995981.5069927
d1f39f86c82916524273bada,554723000.4136031
deeb837c2c6bcbd01930431d,546686711.9309504
57aa22792684debb8d4079dc,468122918.08778054
5b0530f544da162b9a8ff772,627497234.6954383
b7d66c5f1ad06dfcae5b33ff,430553436.7428589
bc353a421fc579770e432176,458369074.1248396
45ae1e929b0fc88718151191,518486495.42737454
b04449c499843cf46ccb695e,480213441.35479933
e4d89c9d33a0f2659df21185,468035243.39260125
b2a7a8ccbbec39b63e4cd028,488352973.15750694
3be69554b1cb31ed5732a836,465921275.90533257
de7f584df6103e8bf95f4a37,411242886.16767395
0f4de499e5bd2c57fcc75013,452260883.9460475
b4fd0aa09f993bbfb1fa8abf,438889511.4078656
88a83e58eaf136a82ab1fe37,542213309.2875777
379429ee3675d1adbf816cc5,445450683.1641014
c6084b85c8d95e0ededc25d1,457845291.1408456
8eae4346936f8c6c67be81ba,478899906.19732904
a13fc9e9b4e47340a5d53bcb,565271084.0366352
7b8a4d701066372dfbdffbec,562698426.8034625
a62a6094ffed3ea7a54fee73,483399496.0269513
bf0ad098fbccd3548d834ff1,438889511.4078656
0a231779f131c36d8e6910f4,573139198.7751997
51ba7338f5900d8ef12206fe,468712395.3735818
81b14dbf863114fdddb38579,478300143.4015666
adaa406ec9ac311e9f9c0bbe,536286093.9289709
4cb11f32806c0e07b4251984,439321263.3375831
3fee486268a1451a7b9fff7c,478532490.3037099
5666f3c36f0ce4eab2c39299,579340081.2173723
8a8dff62516671aee2250cb0,555118665.5090488
ee4fc6a146e888e993a4412a,592442555.1966618
5a16b30f4d580352710e92f1,632053328.0914452
424bb491c71e913e900db76f,719146769.1704013
100bdfc998bbde3d00548bdb,682255749.2166573
d793efed9a723e77ca8272f8,559191398.6352838
725c029b7c5807a4b0ba2bc9,533798607.3420144
b6d3345346f43dba053ceccc,586191874.7227933
888bc3c4ceaa108e048ad28d,627105689.7154942
267e000c89d3416e551462c2,617154333.700241
0ab4a4b8adda35f634812221,608346295.8254495
823ed628bddea9b56792d108,566859503.1658896
a189bd7e4eecdd18ebc7d353,678491940.2871863
da16828139a19aa11bd94ffe,658436910.6696026
874102a58234cc7888902d42,689248645.4824439
789e5d19fa507823cc4c5296,630677666.8577762
174bcb77be3b7e408e61d7e1,613623553.7340807
31a1492e589f317a58a79df7,647265044.3522663
0825f2ca4baf5b34231ecfd2,585574695.8683406
ebc96ea800887a647422b8fe,620126788.6555222
969b956eb7769b6f509d3ee6,650022708.2495023
6ef9135481d8fc882a1a735f,634875163.6815209
5f501c4532ade3f412359a1c,609692437.6422538
c6d075772255b1efa52317ac,634237603.3369741
535bdffc5b79d62aa6179c48,637202847.8476653
e95653d504208e8da19fdd03,658436910.6696026
e4e529e778dbc89f854252f1,567904055.3981705
ec5866fcdb9afffad2d7f5c6,647948233.981599
814694a725a50c306d774342,597337389.1641941
1cd6531d8539468cd5f4b315,599171629.8806057
0c3e734afaa6b7c370754082,632053328.0914452
f80eace37237614562f942aa,681085848.9655851
3aee70815bcf6effcf0e5fdf,533798607.3420144
ea21ddfa37d60737492509cf,594576265.8044106
67c78ce1b8a64f36ddf90cf6,616761797.7593628
fd2efcb61008dc9d11756381,802651850.8390782
f51658b9fea670bd943d6db7,1002086586.9173139
b83b0a53ead29faf9dffc0fe,705146121.5455941
c1329245f57c5d9019105382,823885299.7337183
98665b825fb3a06b914d39cf,1020300945.4369224
24e90a7d9a2bd0c30a4f661e,825280377.3434396
6e64677f8d730e1f9ca240d2,774064391.9993215
a742819d8e4cf8fdfda6e094,723718200.6128757
ed75d1c40109eeb51fd636f1,812190392.3395127
cfc2ab56604b4e3734d7cbbe,749703751.9820056
ed5622c308bfd10602e939ca,811003318.480173
5f537d233678443192d22642,745021013.5804659
aaa79ce67339dc53b4f41dd2,789903366.2508653
5f467c6c80023b0174823d85,785626468.2493045
46fcc0d53b263beae95b8eb9,789432242.493591
2bd47c19e5d29a3157fb8465,823196574.8085663
9c9c2f05352c92c02d080e96,951631273.7262454
cf8fb8db6f74c236cad0cfcd,858886053.7920315
f42a53a05dc90e617e0e4c38,508507211.3957558
bd612d494e2f21051556ebe7,674643517.5564625
ed1c8ac25a3db5120c92525f,507500321.0044551
2c30c2736472590fe45277c3,406836713.1810064
bbe2c06e6f90c4234a7781ab,588737017.9767631
b527813993b7bf4a10c05683,711941321.148774
2f610d2242d583654337d468,1031493855.4026905
dc25c9240c67effcf655b02d,534243579.7911331
c35f5ef73168d03cba1b1f4f,441060573.96750057
e88009be52bf5803ba3665d3,464906440.0841318
12a63d4fcb56c1d690e1bbb1,508645959.3227475
1d58ad85a82f7731e0f198dc,940400943.0419807
a2fdc7da13d098cfeba13b76,444284148.31379735
1969ba34b72e61337246cb5b,473764027.3938279
8be43cd8653accbb8fe8a270,438563342.2633497
10092cf2f8afb3658ae475ac,537826196.8197478
0fd313e5a0f02df07eb6b104,412810993.75233644
9b5f013e795f5fa610d03238,429147380.779748
b1ec4b8badc955f9f4fe2131,483479764.3513019
e491adef93281c097ab08dea,420722769.1577808
9a65fe451b30c59beb3d62ef,502799760.0603228
0d3245463127143a8a52014b,632042307.139907
a0e3198470f97f6a169044b3,782669218.4394413
33e4901b6e72593513a02207,639014228.7321787
f45234a3f0aceb12341be024,767563900.5768232
a71d53ec4fd0d64f8c06da2c,899585915.1238295
f1b30c4ea99f19a81d12f73b,991004428.755736
a52e2c893f85b49e2499cbab,638833776.4231575
b2fd7ee866066f3ae0dfb3c0,648114034.9986683
5acc9d767e3117bed0fd8464,660579557.6604623
0449a82dd1667c8c564904f8,827393072.7241745
a0a8d63b5f43b87c0c7e1fb1,814030009.1621134
03de77e22e987fc3fed4eb78,697611296.430067
3fed1dd17fcfbd2b86e73143,479046733.90510607
04fe204d03bd1c9876242ccd,679354796.4087075
32bdf33933c29b1cbf89539c,647265044.3522663
3f6c05c97778fbdc86304bf4,518112524.9987466
478e13e8c1cb5bc80f1080e0,652564703.3957143
3128a4896665d38feb72b456,660953085.2633055
fba6203abad5f4b3b721f29e,624414197.5621843
b25f461b3d48d833a73316a9,790205404.1078784
1282e129e1a355b161621dd8,627318594.0197783
293320b55fad21ea3f4a5899,381186321.3857282
de2f5db1cd1024a9734871c3,404919107.25228256
200897b1f8bcd7c116a85306,480683032.82349664
7023f5a68e1ce9cfd23fd021,409490789.9085906
13faa4142e9d60412abb4184,502521016.65146327
d74d0241fe5222f5c5b67222,494057068.7442387
0e51111c47813a0b0dd51b64,693627372.929392
25e3793214088669aaaa4ca5,803295530.7321599
43d7b77a99e86e8bd21a19ff,999887851.2219547
38b87cf007043b76670207d8,773388326.3108683
8fedbf13ebb7cd3475fa3074,761383361.5144521
4be510fa977b93e34a789f26,445029851.65197843
8f165174bc07c28f9fddeee3,729212126.1485668
7ff6f389e364e67c4238df8a,456649707.7497122
2c91099736f3158f7f09778f,474679235.19706327
7bb1bc81e6eb3b4390440165,603872581.9939586
74e43ea3081841278c76cda6,455755442.06750226
9b948f070b94c18e00a857a7,535047375.6058108
99340b6cf8f818392d501e9e,1028255815.4173387
b27088c3ccd93e7d8d5571c2,650949536.5824803
4b45cba0d601f29c2b7db97a,610300591.5264083
362212de783981c9ddb767bb,524899423.5299754
5aa78a2bc8ec5e2be315fbcc,727637811.9071203
92fecc04105a999a622ba3cd,456212104.86571497
5098115b26f2473c812b70ed,693536002.5314474
e9860f6b4c3e6699e62f6c31,432996349.02708614
71273ae563da6bbc66aa87af,431261236.68027323
6c6e7af42a6ddf62b04c35fe,441611117.77225196
484922bbe02cb218ced0e779,444838783.81102896
76745c2648b66151008f6399,435734570.0591212
2100201e0851e80488371b67,437669822.85463005
5885faa4aac834118c5e4351,441238219.6430182
f340405bd7f2c4bf524c50d9,449084060.71849304
1951c1c8855fed5db8031e5c,446955459.2085884
7dd96ddad0fa88f5c5978e39,441112808.8091726
db7535339826028d0fb3355a,531204694.9981534
4317746d5b88142780e6897c,535980830.57426524
5796e37eb1a995db5cc06eea,454683045.32026017
817915cc3582112fb5541a49,529882791.20313716
ba524c4e2f13109ce814ea38,519315957.28271854
c2439ab65fe194d1d60eaa07,530635620.06183946
92e4dcc5911b42e7f70311d7,547084887.8978553
6bf86a580c8b510b7447071a,530266569.50909716
975482a692bb98df98b2f243,517363907.7506256
336888717766096b24215b26,614125538.8476453
ad79f4fa23a28cc84487517a,507928840.03501016
d925c1d4dcb68990c7204b33,535768439.07754105
f4658aee77fa0e35a71da7f1,526110059.95563793
210d58091ea74bb902915250,542174340.2247553
186d4731b3af01bbe4d08b23,658720685.5623807
b760fde2d4df27a168ce0e80,548443893.9616104
2e653d2567a47067df169d97,639982104.4345092
8b63358f3cdf8df0eb1f43e2,567679132.1550734
c09d691e4c7d7b8c8f6a8370,708080997.0923495
4502e2809bb5bd47b2781212,677409208.0027997
d03101c7f823dd7d17e49a83,670735122.0721629
f5dbd7dcf63b08f711561e58,555494090.9291393
9855712ed7be7e865656de13,722746306.5982792
5a6397b85f45fba27dd9311f,696435034.4615359
4d1b0315b5aaf21bac150d96,610028850.4542028
32c7a2d032ee21f8bbc6eccf,455072479.0873005
beae197df95b84881128790d,531189106.3540392
0cf7a6d43221664a060ef681,626911098.1250082
c431fd6dbad57351a497fae8,490788992.3200523
b1f8fdc8e3e25517ab80c065,424790732.53058827
7b346d5a5f5ec7165d1f8644,423005520.4670831
947ba86487536d611f548142,1002746640.221917
8398ba3b03595704b5897704,556919535.4364069
3f895518a7fccca44e534578,420722769.1577808
232e859fc353dbff75c97cf8,767563900.5768232
b234ef225690d57e7c2af4c0,782669218.4394413
393e2e7ea1f20eb6b4148d60,546605749.5432966
668db5244c4d5b5c76b0b395,743384669.1126993
646de9441934226c2ffeff77,660579557.6604623
de53880a3299626eb6c2cdf9,991004428.755736
07f10df13b244dc33b464582,664107599.7468218
e4aa393309860fd5e30f49d9,1027496984.4894886
8c714badfcdef8ccc73df9cb,1083543101.5604699
0f8ded86be8d3543a5069b6f,480137991.2092959
3e9d73530ff24d3f4a543091,434091089.51441485
076ceb408227ab2563a663d0,424327374.52789307
e0ae474a5307ef4057da4994,390016890.1252185
d41fc79d800458b1691bbb87,627344030.7272568
dc8262e1493ed593103acfa6,525527699.14129394
bd6c24498bf413b6c5adf81a,546294540.103808
885c77c839d705ca7d04d383,617270543.9466401
b8896656cf6f5dd7c33ae46c,441806392.40861666
34a9e3ca94ac06347d879942,757900002.5967171
ca3b5cd3505049f1471c47e8,528692415.2313777
8c05c66be6008af7f6dcc10b,646900206.2467834
565fb93190cd34ac8b01f01b,647456346.9108803
6c8119e00b901efd2dd40f0b,658136027.1005394
34c92caf68dd0cec9fc383ef,668284176.1756859
68939c438c34e79a317a4f3b,671081365.6841187
dfaba547699e319462abfd6d,660555129.7628452
dd1d2e305d37d9dde55393b0,678469959.76236
c32df77def9978a84f8ba7f1,638301965.1284041
62103a85a8ddcfbf5e40e284,631128489.5577654
93bcdd2a8ee1d5b61d00d58a,744630154.6744622
9700892d7133ff2c0d1763e7,955264411.9134635
fca6d7455056792cd61e2ddf,508308355.1447951
4e84c5953b493be7ca96103a,637047128.5762455
42fc4101da60fdb41f41f0a4,676382856.9997365
12d40725335f83e2fb9b937a,684335585.9825469
2b9681901b216f2174af0089,636806218.4877322
9ab74e81283becc00a779172,443962716.7431017
8f378dc1215f9213f187c02c,544637066.796745
4a3a6698b5490216e8f8e6f5,787158146.2214575
0dd795526c080e8efdf8eb0e,444436411.6693689
3e7217f628a1d0fc9bc47071,599620786.0066423
157195fb2358bf2d5051c439,580218786.6701783
37063e689732880621e4e733,773401569.6415802
3bc68bc2d6a2b81f9e3b9a50,459041709.6632095
ce21f368495d385fbd98de73,521466046.9127743
1a6af7fd6a5b0602052c4c27,600372266.557945
e38259adbfd953bf085a69b6,493329221.7780509
0cb6801c9b57e874102ca349,632709959.9862953
79f1a5bc0be914956d632658,690888132.9578072
f571f85be35a72b2ac358d27,414139429.3993878
163bec92a997aa8263f5a909,425287552.6635067
9ce3000cd80aeec2c5188e8e,433097128.2631109
6a6178c4cae2e92a08b0dd0d,465003059.2003596
d52cd6eee468311666218625,692603917.8540676
8eccd2a6352c33d8c7abcea7,615636305.888841
53d3e32b1dc782308e352a33,541101170.9105943
be26f0523e5cb13846539384,561447422.2813761
ad7739088e8febc68abb42e5,554512585.7241719
add4f9dd26fa34829aa25eaf,1013905740.8750572
17005d6ec889a947397ab980,448664149.2490989
3fb3a581a9a74146dcf9b71f,420668864.6302142
51c4a8b438bb0d97f712af31,641533972.5816096
0aa1332c56bf357f492da2c0,451431361.3662529
6cc06c89c226a062fc46795a,551781120.2072048
682b38de3539b2a584446922,414530653.0763742
1cfe9cba4c2015e7b58f05a0,617844490.4258461
17d34f9cb105ca5010191142,551458726.7866458
1fc0faf46f3b533f2cae2c06,756609974.2043839
12f9e1f78c630defe302f781,709229538.3489923
87bd6ee6f17d2bd5b61b0ddf,737619434.384523
fd4ce3ddaf79d1b97043ce0b,921350019.6955467
97aacb0847561f45a5540f21,590092503.4093274
a6dac56445613d70e49647e5,990489403.4151188
8b1acd29eb268fd684036180,636854790.8499528
656c13ca7a1974df58e1b826,858886053.7920315
56f72c2d672b7bc3c264f7fd,679864169.5636247
3771c66b9ecd6db0b201d4c4,422836328.6289979
45e2395bee937c187e3486e2,558569187.2434913
7c6880b05c212c66b8961b71,513817640.12564397
e0ae8d2a51c771aef5f245e9,649869762.0920061
3573093e56e95a982a41879c,601521583.5690188
0920b2df9df4f0e509a7efb5,515713630.68895257
43600371d44fbbc81f6b6fa3,423377025.519672
2684f67bcc89c8a5b95e5592,611496971.2679522
ca463fbe3e5cacc152aa70a6,422836328.6289979
0935e87627068206f6d9c0c4,483002696.19474816
10afe23f1f58f96422c97934,462343017.01270497
f3c8cf1fbbd6cced1fba0930,453034118.8043701
abfda926d174a8da1d946e27,435479045.10762966
fc9fb2f209a4b5e66f89712b,546499058.0199977
15d10635d71919d0c9663fde,524861330.29392153
79733fdf8881b0d25412abcd,583971124.4930338
7254c91fc9b51e76c6fd2a99,600161239.5457382
b732021729ecf88d6297b48c,710151589.3776214
edf4e11d1f1aa6f8080c3156,629048859.8707393
0706ce398b2bd64913e68d39,662642650.0100307
ea4a797b3d73d1b2cba9d651,635270317.9274299
6c598362e322971968739673,444315902.8838628
130a119701171ed3c439c527,469321651.94454
849c918d78991c57f32f2031,421768276.1958212
036fc9e01b2b1e3ef4574372,687623421.4539337
e4ee1a81aa121aa5f55e20f3,860286658.4442059
de926223fe4296d96466c685,790001358.7081239
340ae520163a220061bd7f28,432909717.90653735
11e36a3effeb0119b8bded5b,647412224.8247533
2492a7a74edb57f784f6361c,614605991.328588
1900e7808046a5fe89d8e440,728935386.1782016
fba35c04cfb7b6db50cbb57b,594157574.0965544
daff79365fd94d1d3a2bbbd3,440725421.85553324
51230c899cea0054bb74cc44,451910095.2194808
5e04875f99a5e4476c0b4186,537769451.2241371
542db19bc6b9a1366715dd7e,685394144.0621166
a117f625c794b7d52ec67cd4,686963493.153435
4c59acda820b7b75823fa277,584704522.8658293
f040a167241599987e7b0967,576553474.614718
4a016eba4744dd01954f137f,410614400.2157366
0d995f0ad226dd21bc96ff6b,481749384.0697665
3d44c742b1aa4c022a968ea2,462842450.2336596
e47aa2541fb576b9915fd625,441080450.0515713
61fe9ea90c8a777971db8384,663492791.6968112
4a611bd82c9216a3771ca7b6,610186530.4819728
0cc5caa9b48a835c92da7653,776106387.0886554
9a7f24ba55c92696d377bcb8,640495787.6194487
32366fe92222b329e3d03b29,661892328.2704388
aa26461420614755c2a52db2,746834479.062963
53a447ad5e011909080c0ecb,1033005817.3572043
9d790c8c474c9de2afeb00a2,490218695.1428605
dbf200ef5f1e15211e2fc6d3,705717960.014855
b96c9e2591a4cdf9c4e0c09d,689279966.6230791
78eb6f51d94a61a967da24f4,652692647.0455688
fb338e93dda9159476b8382c,502177056.8980865
72536bfda19f78d370d95f26,609802574.8517666
7c581e2b9daf20131803eed3,706258648.5146064
50cb0ad562ab5ef4e06f84ed,530025973.3917422
a24901956dac4ee0e4b0c91f,909309010.3904681
c1b386f478152f9be1f546ea,503165241.08214396
1f34129d15f992a3b62d4b21,430868049.6656572
299117d35bcdd48afa4c2eb0,462479035.97434866
4ff6c53c0bcfd1d24bac7ad5,745723367.6644835
2e52008bd11000eb776bd80a,986613442.1939943
56b78bb57b2d1f064c47891f,449026268.363826
ef64a8989a6444cc529dd1cb,647773581.8113213
078f7c6532204fe046b13d14,727380962.2459023
28c0649dd8b294574a876e95,968107312.5512465
6b9b9d28723c7ad176a9306e,814966444.41007
a640228932682c0c04538ac3,770283334.7059035
b19efe9cbc26d61daff5ae90,476230075.9268635
dc69d70e4d2713fcdfd93dd9,590290580.4849671
358e85ba765ddde3ac31be33,412694989.66214436
5e6b2661bb7ba0ce4776d483,389738339.42561585
0b6dcb5c1952dcea931e2c20,650307128.4062072
cde84d2435eb1d0d4ffe2a43,546781449.164597
bac550d41b2cbdc6a110ec7c,535574309.4411973
78fbb49efe7dc0d8e144ad83,842192030.7945542
606affed5c707249158c4b49,617927701.6915889
d44778d36fc789f8b8c745b4,521363732.59124404
27ee3504d1df34ee8ae5dbb2,791715817.7784144
60bae7a45a084f117eda823d,737269585.6533056
98aee6a36f208227a992f9b6,870469072.4983937
388a6dbda422f886e503e685,1031400993.5419445
2869a2d2689af65497775b1a,904775368.511669
19993833220392781bc15279,918756302.436495
f0efda3f7fb18af1b44d6aa5,631194222.4658535
cb915d1ef92dff803c5cceae,925920728.5551573
4bf02d040efe5358d4a5940a,946195104.9510313
1382140d8fb634851d4d210e,1027213010.8195872
b8ea07763f2e1a3d635eb23c,427236637.0001401
8ec00d454698c119085cbee7,428554244.99136376
30d5185ca2ac2fcda2bcb79c,427444874.4385525
d0ea7bcd8cef8588ca50c778,436627256.05544657
fe6c19c6f54606a611d412c8,397453752.863623
f22ae3d17c92427f5227cbf7,404047263.8417311
92b3b7d8dac6b2f6d5fcfd9a,433489111.1132677
8c44d216517f5c59e2611aac,425201325.3776917
b85fa4bc59149a7a25447537,394853531.0485473
99f10097f39b32a478877340,615397508.200456
44f8d5ab70828e06198579f3,646518638.8285809
1f674965c913f9fe282d07cd,458741130.64690316
60e768892afb284b0e5042bb,509954730.4564073
8a6d013451e46411d35c2b6a,471895718.9653533
6f953b9964d60f6a74c81226,493437630.20363575
05076b448cfbf9dede72904a,607013659.9236758
47051c25acf866250b5d3ec4,459575794.69132715
0952c73b02dd5432aebdf2c1,576169671.2316614
cc3ef2f4fd5568aea96c257e,648538310.1246436
834fe4a1e9e4efeefb5aba08,596553037.3804367
104cd052884247b14d697673,570632901.3697287
8bf61f106e60d6be03799de7,603540779.7796
c13e387f56342f88c993f0a2,716546092.5245944
ae664789baac0c47d13c3c19,651322186.9916553
ecd1e3003c5d74a3c7cbdb11,632433434.6026431
561cf254aba002fdef8258ff,739634792.3351339
98799228c26c9e4899bed65e,600830632.7786735
03025756be203027ab75aaae,574850377.8202734
8997555e7bea06f7b90ce821,724598825.5652871
e91a3f962129068a3a76d209,647513950.0252863
4bd0a354d75759510ab6bb46,660636733.4802333
f6c1705a83c039f7a7d46255,656061401.5714726
0c4afcff5f5a90cb79807682,654420887.3370245
d3222a7545e302bf10894658,449302262.1967935
03463535ae93b8b123eaba8b,506318994.2539176
360e5cc9ee1282e5a6ea17dc,621144700.5879629
07f24808e42c9e11a7c20232,531682971.93036157
b80d0456fba49a40fd774e5d,644047678.4061847
f865411c20924c43a080794a,608307278.2692975
c578eb2dffe903475aecbffa,506913608.94598544
d639498fabe1db1236656593,563680938.7564647
e6e3bcae6ba114caf108049f,441741952.88456786
7dd9760286606c45e6a15926,651601229.6339046
2c5f07a9402cc93f4c683759,642413386.4662967
e3295e732bcf306a2d338387,533806346.82010496
240ccc45a242f80f817b04d9,510180867.0393535
a7ff59863f8719590146e71c,649917794.769985
e6477c2014ad081d22f12b9d,525247695.24074006
807687fdb46614d9aa139b20,648239977.8079387
317d8f9d18599b346639a4d1,497223586.73224556
b85acd44e18ab485d3ac543e,529127267.03267837
e61476e47d7e7be706d23fee,655061412.3056182
270a97e07eec2be02cd89a86,695440589.8107547
4c9dc4494a3428435457f575,425642649.6600652
26e58d0b13e7f7f5a54585d2,613563542.0312201
166e1e60acca831bfad07736,608728769.7759372
aa25d9f8737f142b8cfa970b,706338644.5722785
44cdcca08e1e66a1496fac6a,536247313.9477029
d75b7730e8c291ed41d7caf1,540565324.3912137
6d1534800bf0ce97197efb6f,559847729.5077288
8b13054b3318289aac1f13db,429991041.899519
c6cb6ccd3f5876c9b9e29685,460971581.0233896
0356797c1683d002bcd94899,994602616.6576698
558cb38bcb8de04588bdfa30,469531680.3154668
0685f2225b939147c8482e6f,430849880.9280603
cf1ba56710023ede80a8381e,624915703.4172736
2d4bd56e71f90e6fb387a2b4,1012272210.2566628
b96b8e1d636f0c10c63e5c6e,684808643.8155388
534be635a841fe21c7a702f2,562947374.239324
dd5b4eb5d20b8b9c813ba52b,449447920.7906845
46941e09b153ec19f86c0c2a,857634743.3969249
9f06ad3793ede2ba7f39de43,522041255.80612594
b3df8c66475021fc04f107a6,500978920.70120007
468df200fa490e667bfaa31d,639661689.7391822
8130ab67c5e0d96a9a67fb12,690509851.7913553
f7ea437311c0d217b0d572b2,423422255.5161863
ca0b59b35225b44447967ef8,417936498.71594715
90961073d9887bc1023315a0,418785543.126691
a1421c30fb33a249bcd54394,401322198.7543388
c87d9677bed80b0fe06308b7,407759626.73496026
d331a4d58875a393080fdc48,395401864.72826254
2f3281ef06475d2114fbf9a7,391405183.79356074
487ede1f7f155194b69c531a,383700884.694632
04308f869d7c992ed3ea646a,564950284.2390318
912471caea3c71e3f9f70877,457621843.34213936
1baabd705f72393167dba5c8,463584487.65184957
aa4c66791884ea2a8357924a,504686092.33504814
1ce08c19161bd0545eef8a16,628618132.8970944
01eb0a2c1033c30830161321,441750574.61062133
b2759de47d28e8cc05c94e36,460445258.57206523
bcdea05b890394a10d24601c,466260198.93405426
db9f66f68aa772fe29e37edc,428420502.00693464
bd094081331ab259b1076261,456339618.0602997
81e7c8c1894e0c3a9315ff27,493268321.5913138
7cc9cdd32c209a62908a18ad,533853431.447658
1e18024ab7d931bc7ab5873f,622627061.5694866
baa146a6537e8630180fdd35,726384790.7595481
8b788f742021f2438ffbf528,414996102.76013404
66d41314804d77ea0f440695,652504230.3607517
72dec1e6e65f6117e10a2473,438211416.3471032
4066da904062a0041a809b02,479449972.07475823
b7570bfc5ddc7caaf610908d,470769296.6144362
f6c6eb3fac9658c4951c4222,483654556.76088256
5fe25ab9cf4ea071cd6287dd,415474395.1168345
0ef36d33e6c378c946b8a65e,553225369.2873316
991a94dd1e99de493672da14,483334270.95122033
798d87a368f073efafead25b,553225369.2873316
9e8cbeb53820394a460f0879,468590231.878314
7b5582907bf47bb9e873a513,601564369.1165209
0f21ea53a480e4363b8d7aa9,571895580.3875644
ee667413d1cc49427ad448f9,680414079.5308452
12bb70a95996dc6e286086ed,638978863.1696498
9e9e3655ffa5921889cd8ae1,821629046.3985213
f2bfe55b6188070fc5c3f59e,825498185.3367867
1f00fb18ad48b32c666fd319,526945196.7846993
86f15ce6ea8e97837e6b9383,567812511.7560524
7002d00c9acf8b8a4a5865b6,931624226.574126
3e85deb0237521f1a7a8fa84,825582539.3699971
1bf77cd1c4037f4d2ed28036,712500551.8873531
ce8e1e2e4a79fa55a8547457,784429457.4497633
73a8efbc036911954c07b91c,750214165.514971
9a2051367d6dcbd90a4d60e0,1010508890.7125622
3804d5b313b742228ef0f1d8,707291543.9537103
fd7b741b96080ca5b964cac4,1040405194.5793616
c4cf9ab3776289a412684892,795471919.2249681
1c51566c7dedd4a46503131d,995619083.9323536
62259b400be228a30a655a59,836273980.8228596
e5092b4a94f1c231a0c47680,822833704.6984863
6f435cb10e5728ef45be9f29,1070738199.4983512
04a071d777e60627223e28d4,405401876.7490731
1117078fa37ed101e9120923,678991032.2679527
d56fda10944b088d9cbe1162,418804290.8948998
e01c49250329331a442615d6,496642621.31628466
30ab0bbf876dfa515b266c9f,451826100.3801605
6aaefcb58913bb3f49954b2d,627177173.9693482
629a6122db92e378f0eab96e,636965602.9815131
a8549fa4bb56a2bcc0e15b11,405696102.85718757
34291b30d129222905ffdaba,465743395.73344904
cd5658fc146ae4b5d78fb565,453212170.09450054
ce14bec246191176c16c4e27,452075328.2991674
46529f0455fd35b2f4a489d0,480977265.29015994
52b3823c59546a6ff3de4d09,404946044.3741592
959b7ea50d93bf1c36e35005,996391925.8257396
5c6edbdf110bca5a66a51585,405696102.85718757
d4f6cc3cc6e923cd37d0fbb7,466998769.58193743
2865962bdff8929888a51341,555118665.5090488
105bcd15e02d39f70ec2ecb7,443395131.18982965
b2357bf117ecb5b9082871ca,404946044.3741592
273cb73a7bdec0d291e845f1,418545996.3588616
1f4cd62152d4940990ac6a9d,407547318.983035
a13ff325f90eb49363f59052,701728924.559439
40871d7ade3e592560d0b3e3,445029851.65197843
ad2081cd75928b8f5e506944,773846806.3225127
1508ebe40f90f90a68f6dd69,418804290.8948998
d3cda82d1fa53a7ca1b46a33,611460030.290309
dc20d46be2470d85ad9e7e45,419620210.82533
0a7fb26822c2ca556f62a257,453212170.09450054
40a1cefb3cbb7e2972e30d97,477283735.11500114
4c3a2b3e3d5999f747ae0d53,781878495.2133131
a8870552db951bc4e76e7f9a,431827666.0476298
cc48e66185c23195cf958612,587762125.739614
09d4b5b5c2f97ff88215708d,671814113.976495
a59320023948e2d915c07306,481877698.48692256
a74214a0d4d40b898ee2be88,460831264.0416209
dd9f28d722d43112651786e6,503161616.93049794
275360e29bf3309e09ec41d9,434863817.73309904
1e21ee2ab4ef88194cc85166,484984242.8510629
268c1e17bc17dd646d1885cb,438997961.0238406
33e22ea4154e8f71062dba8b,621168493.6012291
5b5db88fa09ecd8f4b9cef6a,591306661.5472836
c41dfc0b917edb6e6ef7b1c8,669709845.601193
3ba6b07e752fa580f630eb8f,588246617.5044627
fa6db64bd7cd8b0f1c0e2453,579506529.5293254
2422ffac7337b402339dc550,628165467.0209718
dd6d47e2626e2bf24f842f21,686673472.8402164
bb433dc1bd769d684d8b3352,831278379.6132759
812ad0d57e4291da184bfae5,492893531.39606565
51a0a1a680770b625579e25b,1027626687.1735103
a91fd5b9b1a791a6af59b70d,720854911.733655
094da6ca19427f1a943105f6,806373956.3628924
7af0a604d1901925aa179436,676070207.0567628
890df90091e14d1c3a1b30e8,464066296.32792175
aac17b54a68bd216e2bd1d45,393095666.3685534
fce26c7fbf0bc93937ea5198,540084242.1916921
b4245f075bc41aa29b55d324,677542199.2856396
bb70d80b0c6ad3022160c8af,438622288.4567191
ac85c8f7605ceff58dcb55cb,446977926.4427721
520415ebcdd1a4059d18e2fc,651753467.0321362
81547b223494084af3e15bf3,532892714.9305203
a0f1496a0b4a7cd8b850f010,670905084.0076852
436fd4dce2ff0f71232f4b6c,399429557.66784436
3923f0e655615aa6b52721b8,685529044.2981519
afe03b938be9cf14e98d4a0b,426940743.9289255
0f1c472b94feffc41f1caa44,424734839.4359863
5b76ae185e6b41243777cb4a,428065246.98748076
d70b133f81d6f1c9d93e2ed5,428731604.80196893
865459f5342a0102d255fa07,420944753.60202795
fea5eb95dfad452d6786b042,411615950.21116847
415622d0f7adb1a9f7009a63,386884123.3886782
543edc342ad39b149501aaeb,517791163.4906057
89e1d01cb5bfdf567faca443,608875639.2602501
e86b99e5dac8ed0d8296e950,514766459.54602486
2c85b19f02bb3768c10d14fc,508050898.5941932
c17a3139c360750a6de5950a,565490900.8387027
cf76e6077d47a14abaf0cfb3,510320472.51179457
82ad4b3d5a215f17e745d77e,494061824.38409513
dbb4260c89524c78de7433be,511347631.6254214
5b312ebdf71ab7971f9fd2d6,577158136.1091553
b3413352f0280412f53562e0,505491234.07787746
28fc5f188c5e11717cdb4a98,509913814.4701238
c4d7a906b747428aabd368cf,700078794.7956395
a4dec2ce375ab5e4bffa5966,588973764.0514101
546d570784c7ab8746bba80e,481028532.79244155
cca9a08bc4a91f317b851f11,781252080.099394
bf43226ba66a3e2033d32fe0,552170448.6164316
c2717194de73e1a1d8dce40f,426328987.7265591
acfc06021a7a81313d85f62b,417393847.71846277
2d531a26f8b1a8afa511e3dd,569768174.6371044
4a8acae29064919c68fc8600,561967849.8701159
691b030abfe1190802349715,445236905.4346759
a302ef23e1d0d6a273274cd0,458753988.11189497
a742f415d6c57e8493762c57,686357848.0989882
4672d1c9c3b04fcc87a0ae9b,806743131.3774593
371a0ee537001f7a9d58465a,696052176.9314288
ca5eecb01282d4a84017bd50,695449398.3930022
40eefaf8c26b8b4736308bf7,688125018.5883924
a7ff08f7e09b19c1546453fa,632728331.7455419
07a6da2c9c4833ee4cbe8625,634939820.8899379
b2d32589626abfc81e44cf70,685972109.9269701
aeb68eb7eecc4aecd5529717,688860867.6136558
3c0b438c7a4fcbfaff9f678e,662873220.0577822
c37b357d57918c3a651a5760,685992148.8927361
b65c0544e9deed76615a3138,787815106.6195129
3a8b7b9048c82797fb01a8a1,598031756.325949
7549cbd5c8003204c85ce1a5,594880423.0906855
21b4c1ad11bb1feac4d02308,620805131.2311199
b972611aaf1b68340de16545,672100981.7597961
eb3356f3856526dc140be7f4,708999373.8122499
93ba409ab36d3e10eaae18c1,800204122.8692467
5717732a654405ba208c0f5f,1007262521.5364784
aebb556fa6c9275a9b5c543c,1159438735.6839464
fc72e535900c592d6053b806,833191818.3697796
04d77c8ade9a55fddd28b00c,671847655.4433975
028adaf559a05c8882893767,686099166.6506504
95781f187bd3fffa3d1b19f5,617912893.6983658
cc2c78d41e3fe29de0b4ec4c,778233979.7833095
f78886545677e19e472fd0c4,688717806.2129592
3dcdbb92628e6a200adf48e8,989367941.6189
4993d1487d78cd9ae2c23619,1007764698.5377945
a8a2c61f2b994411af5d9bde,1090615998.4385548
57fd11f829e31e198326ac98,804507348.0321422
59b9a5730cc8a41bb7a1d16a,878579127.1477566
85b8a65f1b00f78e67622bfb,662134511.1835068
971c610e55f133a1d1e6c2b2,873968200.970743
0f9867abe3ea0b9c5363982c,962360211.0626496
086521dbe18727963538aa7b,853050888.5508803
bda3c74ea6f73407a3c0a17e,719963370.1441895
257c765ac81bcf773473039b,496220473.987122
80d2415c0460088d69574285,1026601322.5417085
1554f8aa4c8fbe17e9e82d0e,695069729.1526045
00f6a62599f25ac506113149,676066678.7230797
ae26e4726c16cb2f6a6d3f2e,924243723.6959479
8018df1613094a9e4606c875,721767391.766391
eae4a1cce7c039c644f01c6a,854423626.2592427
b07cd6c30350efc5de211a8e,976012591.2638084
5a2624a08494481388f6daff,679896481.0674961
b8eb177e22c63e84738e7788,723225764.8536849
ca02c904cf5eb96ad20705ca,526861896.3691255
8e6dfdcc28f830f2696de9cf,744140344.1066141
99fdac6a2ddb1136f7117f0a,406117271.77379525
22e9f1b4b5e887cb5f0dbfd1,423741641.4834388
d89f812c7edfeb3121bf639a,497968528.30236363
19957244dabc3f727733527d,447203730.9401049
ad1322132f3b533b4aced580,429109772.07294136
40c2ea5f89f5b77cc09d1455,435441101.4382637
140c4de69883df9f3fb3a538,464800523.75638497
5529091bcc05ba5cb2156b15,418256289.04767394
55c5e58ec636586755df3dee,465246569.4086175
6049fb02c166ec9b4471a7c6,576239084.1915604
758b4df32244a51b2271a891,461201064.8396539
2ed1ae5e6fa77e447af230fb,573174262.3509452
527a1c27e038e45d2d1fcd9f,569671296.2387848
1d0c3ba50087cf01637de6c0,502516126.2775986
d0804da971548399183ecb85,644819936.5669423
46a7d0f520dd1e78c0cbce0f,644819936.5669423
57e5120d0b71ec6a67746a59,727783110.6962899
b5292c1e1683d40be46bc2de,440823565.49173295
01e9c7531cf3c63c04b9189f,492192517.73859584
06e91b526821a6ad1372fc44,480698889.6073457
34bca71dc9c74a2072f11e9f,609868725.407216
22385ae2b3e7640e8c40411b,556772555.3093525
6e4adafdd872a2837921276f,501413351.7547671
8cd3031963c612efd0049f8d,482580846.77639383
43b2fb09efd1593a94b61b4c,585514700.6559415
74448f56811e9562536eff6d,735469556.5240153
44f0e088fee626993778e7fb,725971680.9945433
6e6f7fa167c0f617f50c86cb,651042969.104086
83da5fb4c15e3daf727a3cc6,604650103.3360996
b45c8a6224ae2656b4189526,669587989.65112
0d926a0b5ef567c627a7eb0a,762064484.8056779
c73a1177d787a5ed72b8a9a7,427692370.0925283
75c1083db5c940e626c02f53,412735234.5031874
b925c9218f5132c6c81f3a18,406564135.5198979
9a091c59b3cb4c730372b34b,397182397.4695623
bcc704b2e178dd20497e073e,411611370.81050193
6f65de020f663622146b89aa,465755481.83558637
9f3680d00c86707fba024dac,556664829.8384016
18d5cc463455fdb4d443a6f2,414484221.64265436
f1d76d78f9266d9552bb86f2,684289109.9992962
74dbd25d407e51337f883659,729674444.3218127
88ff73eb829a6ec5bfcc0222,764785053.7683437
ed5559fbfaba86299e87ed89,731585418.0028934
5d97aad3e83e26b551c3399a,715948846.1711899
2258ec00dec6a2b85f439135,715948846.1711899
6c94fd185169e708a08d3535,439521316.41272295
ddaa88a11432ca21d3eca774,417882845.8596564
2749b5cfd2728ebdf124a0a3,446012065.0691057
a7546a6c6194506dffd65360,519292096.20873
6de7bfc5e8149ebc40ec0e4b,483148234.42910594
6f83f14861e13af92a2b8cf9,432825573.8200956
d71d0c8357f09fe2f77bedde,447018860.2318024
90b28f5125a0b8a0e3b10580,593586102.0743617
940e08f8fc66ac29f6d76687,719877567.8612264
41d2864e1f73e29f222c61e0,650951575.7808628
f7399e57df358ae7adc9e08f,754995240.0322067
1679719f26e7c650f24eee6d,708494109.8145669
0803ef3270948a30b3fee2f0,566770696.9442445
4a3defc2b7d2cd751c9c970e,949586500.3136642
8bd2490f83568ba653cb74f6,766588702.7493049
b4ffd0a2cdcadfb962578199,706235110.2567054
7e5064603267b61520d8f83b,428500932.7383484
88964e1202647db0519a8a00,539414013.0465959
f3d94d0616744b87ff139533,604169147.4708962
60704a08df293592e4cb5719,530231964.39811397
347d5081f7bd36c8edc1f352,595347340.9336064
41d3afc1118758b5314db48e,562386159.9392115
80a1dc97797c41b61f46ec6a,589034014.8372544
c0ff8812c1e8eeab07c698a1,518334267.7290598
a9a4a765b1daec2f3ed59a80,658223199.5707031
33258f995a375ca192ca4d3c,620650995.7390925
80b6c823bad5b4c0fff46657,692483805.2647146
719055eed27f361071cb9eca,682469790.0176315
9a354d8c526efc5bcce59dca,730952222.8538187
9850d970fe9fd9bae89f09ad,715021321.2758279
f2c87b07466aad7328b7e0b0,736970420.2171421
27ca0c2320c520342717355d,420338165.5156565
e958bd2b19db118c31f893cd,420338165.5156565
46dcddfc78444011abd29870,464405514.1913391
061d3fd39da1b4b1397054c1,649278791.1856207
3d1a8884a9687e53e5fb0bb7,754483231.5770121
1c0236d4bc291372483a9151,618769699.6179429
c1420f278d45b85c56f415fa,714524519.748908
ce6fc507df0105c68c29214c,419615874.4621732
e4f26a73bad4e41c375dd897,718462704.8143741
719190aff81379902beb6497,729859894.875284
da627dae6941b59d1eb98e35,497270797.0662556
2189d3297ea703e50ec34d96,661655176.6717466
c7205874bee601a7b01a0cd3,544449397.5737038
a22bc19d0d83b13a53630b7b,458138059.3313096
8acebaa9fd7e917d7e3b391b,430263339.32672435
4e104916ab915cf3c0bef846,578558376.1317263
b0df95e9fc94d9aeebc960df,687958195.1724294
ab419cd48b81038c5a30c721,467888356.58709604
5b9bae6f556700e099fedf08,480191292.15066767
989360149d9cc6088391db4d,660515853.1416465
bad7560aac04600e1ec1a9ce,651585975.925018
08d9f04bc4ebdc74e9d80b16,635347389.8228927
f4311c45516bafcfe8864c70,552444123.0735534
c84e1db639ee43ad83f930c3,449026268.363826
f778fa43c92344cfbd700432,635536640.8806823
2019bd32dbd09fa285a388f7,661067025.4464443
4db834146c4e73b515d510ce,444187113.4301314
9f9f2548425519863e2cd6b6,592724783.2997776
6c3bb7e1696df587990161b1,446464611.9937587
82f08aadf1eeaf2058b50592,537458077.3397728
753e74e4dbefeccf3e6b27fb,447382182.73288715
a26149f589edb9a903782a3f,481108926.18443125
bd264728a0464376e22b6bee,452121632.2937081
2d5564a502635dce2d46ef8e,673121875.571365
05bcc7d7db8d352216a4af59,660496040.4406793
4794d9994512f01a4bbb6c48,546634973.328933
64a4528640fe492865ebc0dd,565509101.6801766
f655ec98cd42b0bf2d7cfbfe,542961043.7995466
b09de5f1e028d4fafeb8a22b,566854401.9398105
4c79f17573007a39bb2b4b7b,746484119.3872864
824894236c20b081af2c9868,598536261.7220927
107e76f0c913e19217662faf,782079497.9625164
d5e2bbb69ba3876b93af2d3c,787322549.6842501
a2905faba4c1177603e6cd5b,736826924.0436814
d13e3d432783206eecb0e192,918694822.5742222
6fecee4b1e5f50c0b27dbba4,761943501.2990686
57891292fbd530872cbe68b2,759507557.3518579
d0d6a1b5c60ad420ebf2ab8f,597386865.6392711
711736da4f0e8282fc8c9e69,560362653.0343968
f32a3b542efba398907ec912,533219635.2579811
299a94a02e887c6ab1de59c7,427536211.31330043
ad844bdb1150508a4c6d57b8,581098511.9848526
78c17e6ceb87f7587364c873,436013616.2017118
22e8713e2051c88cdafe2364,496257999.66095036
79c5085c14068e492e402a26,1082297092.0515592
205e9d987013859f391b27b5,960577307.556619
36aa7d0cbfe40adf3c86a134,769757520.2674035
d54d787189cc8f014ae58aaa,510950427.63418496
fe2f1459eb0a380dc31e3a4e,581785175.3133204
ad663952ff2ba1953efdc460,513444593.8329015
b7320c35e90f33fbb1c28813,612613860.2976062
8f90134b8e68948cb18fced1,601745836.0408515
2dfeb06300828182d4109c43,651537519.1650374
3f5a0cbba1433e9b6588dd73,494611787.9260312
f952c40e24c9df4ab2d62017,647774604.0640805
462c7546b358b00e617ce012,486276927.0444775
e0df3391aeb8d3f4b00f418b,552899268.2917962
1e48878318d35476c3e87520,433883789.61293626
e3903705d5a48c6d9f828ab9,604880810.4371994
9e590ad7d22105456bebc767,795267709.7706835
d0fe3d393eee5c0cea5bb6e2,458281222.272728
57b3791f2c5acffb0097f7c4,439022540.3247656
e11f9a5cf9d6ab0ffddd6096,590408812.4074248
9a3920f803b087c29b487cec,635249262.6808721
6cc0fe8ddc318f1bbad360c5,673651134.6839149
3e0c656b64d39ab38201a112,428684139.23936146
cd55abdb54bd56d54b11fad2,673651134.6839149
7cd39eb8de56700519d8f287,603943817.1228635
d762007a4ea5de370738e875,617844490.4258461
f4fc67d9b9c6078003f9af35,729095299.5990835
dc0a4632d7378c25be351760,660751269.4472007
530a3bae5a13291c69bb8474,506937851.2702247
32b678be83da2a07b37f3012,493328737.770212
349768047d470d2fa6ff1930,743384669.1126993
e017c3311e2fdeb50a686547,801771457.8869758
bd0329ddd50f2dc4dafebd26,832571687.6411166
f6252e878aef5f8a641c3d6e,599851894.6684216
45ae8ffacfd00fb4a4f53d0f,836367900.9162574
d186e369ed884150e71906da,733562319.2766253
7b9e6b7eb3a5db0443193fbd,673913865.160939
1ddeeae13139b7c9ada353a3,434378860.7530435
a1ae6f9f5d02548c89b23904,686673472.8402164
dc298d37c5235e15b4cd68a3,625962144.4228282
f640753edfd8fb1a995f1de1,427969040.54752773
69a1f439de0f06e1143a0006,520332644.8346798
98f253233bfcd16533e2a448,801118951.2561184
ece6f8c652d4227370ef0fcf,730537538.2259097
599506739a6544839bd97b81,794254699.3374726
a12f49f4ac3c5bb0dc7d8d20,419340199.4948602
9da00f8ff8e19d26c1342274,768135057.1953548
cf5213877dfb4df98f0dc10f,528157949.61771786
84c7006b5a63add890a224e8,707548672.3978168
88aed38ca59c09e1a6202672,655399202.2065526
e6bda9370c80a5f7e5cb6b07,717145264.8863015
3b54ab53b6e3453e333a0939,438997956.55522233
e72ff7414cceec6b162df345,530359214.8252825
f2d4c1faeb7694370bc65ec2,550703371.8017994
e1ffd027cce28c44c0d2f80c,460856601.19678736
5c5039602efa36222e64108a,559752429.743963
b50f2c871166ee1009416be6,570557372.5770283
5e7e36116dbc08932f5fcbf0,531856413.1932613
325ce336d3df17a078db5166,576487522.7802756
a26e967b288a1eb6d8e71d46,477969011.6506914
139331d23d9e3c40cf083a7d,711606123.9025913
1704b2d5f4a33401fb153608,381777025.08100426
ee70354146295365bf241d9c,441080450.0515713
fbb0a76f05908c118f7a3df6,443689684.7587538
2aeb794adc9892354aff7240,474938206.6299349
b0a32581cbb586f9710dc3e2,712306609.3186547
ad7f3aae29fa1e7ec900b563,673794224.6149144
1695225258263bd2f463b21e,738740968.1003497
f72fb486fae49fc1de1fdcfd,806805681.0477791
6b8f7074aed7ae7e6cfbb090,988913295.5268769
619dab52b321ab297a604185,920610223.7725707
b5bb9af24f9de68e91a1df76,1033005817.3572043
ac3d21f51637207d3e031c2d,566759855.1891907
2aac28d03c2110d871b5f274,452231477.4939267
9ef498b11563827597c82947,531861581.8234881
4f2ca698ff03df0c6386e48f,457655611.8247882
606df4826416ea0f146ddf99,465008649.0245012
9ff08a6ca1c63480c563442c,614412384.5990357
ec27554aa1c62314f4d46fc8,406063746.0119935
762374e94f17a8783a66d598,452060891.3640661
83ca3a41ca4b5337107c197e,632092175.3916639
c166a9293fa27e910e1fa9c1,533396256.7289009
57f8a1e37c4ffb1b8cbd342a,626458505.9239509
393d99ca47315ae98fe9e7c8,802049837.129063
9bef4aacc63605f2b2b62292,566912357.8525445
a266efa4e41df357ac4edda4,779043158.3295513
adfdb0eda9aa97f0d3005c4d,752736326.9450076
f05aee3e433cb036653b4375,643231769.6993634
2dfd1808bb95170a088deac6,852024758.2728759
dadf0a00434e8ceefb3e26af,556705784.5237521
4336ff9b2dc1d97ac8f9694a,410990281.92100734
eb14a5813f860bb74740da2b,416503469.46038723
3d580d0df1bf9dd124c282c9,432756951.5317527
49bb5311607e4c7600caa03b,468402502.94397795
78a39ae05ac53535ba0fad2c,517373645.1680478
936e18fcf06ca3c46eda7c8c,563812808.8912003
23f12add67accdc9ed40f59f,436401265.9256634
eb1b9e15dcb88964f79e6a4a,458556763.4503698
e2b7f984616fff25e3dd6a3f,757900002.5967171
b8e2b98548a234a245d7935c,590397950.510725
79382c56606e701e44d55033,955264411.9134635
983874e637a1a5782f31089f,526651923.61632437
3da9de8f610e5c40401a5b78,526672908.48187006
cd69a049dd8a3822e228ebaf,619663746.7341019
604f1b5149f770a8f370fc75,431210097.28677976
0d24fc1c5deb78eb1a0caa51,623939188.9788858
583af1118e60e46c347ec593,674597784.9789753
13b181b46359620191e6e4c1,416003463.31428343
50d8333064f0560cbe549f89,453752397.44056875
d9000c1afed253d05de7819b,412947483.117503
792ac070d1a314f585f09987,416962403.4895428
3e874c25176a3abb336b31ac,408701363.9399387
419ce7158ed62eb6897cf09e,403393611.7465545
b6b87c05c4238be76d94da2b,404355451.5956827
980d809e549333b475477bf9,425775711.0064893
a7df3d344010d5bb7dc70bf0,418289281.873016
3d474c6a88ceb86e00f68b3a,414269223.20173794
be4bdb73add69f12f7aa6d06,445876956.1545825
fa5234ddf23dd0d9cbd3cac2,410125702.7077141
91a08f81b621333ac58c3845,480584369.2918304
702aaf395bc78986a008d70a,433148135.69953865
86b0c9c1277e9143ee765b43,430857401.06568176
9c2c22e70cffe6836f554f24,430278547.98931974
31f56b841b122b35615bae2c,446361526.8880256
41227dc9c9948a5f0688e426,463598198.30955017
781989d4b732f961f91bc3e4,419262081.35416937
cfed0221146f4d83d641e1aa,513886359.06615144
8ec491780efb2c27df8dc08b,418843852.092654
8a5866428508658b4a2a4cb4,467843607.3060315
156dc81d6e14a71716aebcab,480918483.758727
c24be8293c8f4080562ec0fa,428843677.0242001
7fa11c05ed1c123c1a457b1f,498278604.80963296
a63c36f6e7e7ce7c7e7fe457,506217763.8215702
f9bca38d3e08176649504e74,463262618.3217919
3d389130627ca7bade643f47,558704071.8700663
70314b0bd995a4b03c771ae7,458702776.0598874
a3c3c9fc04cf2e2a051a12e6,432429351.4364304
4cbe75a162b076c4c454dfe9,434010433.368802
0c62d4d501a426cc8fde0c36,486823298.99874264
533363375cf2cbc50d86773c,476030939.3797521
21d0f28d5f30a64352e60ac4,432630745.0243409
471b5135fced50f7cb4197e2,431278011.73519254
1c7586fd8a1a38bbda9c92cb,435924056.69291466
a0f28aaedd12f3d0eee8c6ea,417647385.1997525
8923182b6dcc9f2d8be1ab53,470782446.4927499
67f694b29bfa494bd9d9cf44,442592891.49821264
b721a5846527d5338322c9d6,444766828.5119121
ed09fe201c9ab02a91779dcd,450610317.9459395
f49045b312d12268eefedcba,467927552.7448224
22ae194316f34d482bdf404b,428843677.0242001
4f450ba5de4766e5ecb8a4a5,438036480.7555569
235a2209cde8f8b0276c845a,481477137.3172334
f563f0899884de7f9bdab405,421657169.616432
5b462279f602c5b67ada82ee,466141180.5552271
fa4af69aa064a4306cb110d0,419087848.8586502
a70d32ccaa78ae9417aa7e4f,429478227.56279683
77c9e5e3a6d965ede708cda6,415819584.91718847
5637f3d3278ea049333afff4,427621621.3777856
1b1c220eb91c9448b520b76a,472940669.5187138
f4a6ec71ad7790df9578324f,433121459.70853585
217e1715fdd5db76ce93cfe2,442366083.7263547
2cfa1397c901b4e940d9f673,433429940.6950533
44672de0d6d9d0cb3b4ae938,471574998.18087745
1c50477e5b3a67f3d8fec62c,450040619.59370744
0a2a67e8b310471b115c60bf,432735922.6793629
06220a42e68510eccb4d790d,453739008.02186626
611a3e1d63c6ce5ff8779243,430627194.06951004
1284d7ed08122731aa7c0461,438993943.3517543
d44eebc871d1fa6981c32ccb,431224073.16678023
43272151f217feab78190393,587488491.2147825
6bff92260afd556a98d3e3a5,555514505.7596397
00586a92b53f4a8f9f6b3022,676756024.440657
745e7f6a83b55196f231466f,608200564.1249336
9c558e10e5bbf230f16968f6,547607115.2385048
1b425a31cbb73b713f291e19,645249103.5773653
076ccba20dac8bfcf184b8a8,645714937.7777885
c8fd8b729f4ac6270aff9c9d,545767594.7583593
52f026e670e9851b08c70542,566932504.3398178
00304df33a3c9a7e396ddd3a,646875285.2036752
ee27eba49457286b5ab76172,636726813.1570123
97b57932e5e20416bad6919e,541664469.3963984
e570c5f58a20fda42bfb535b,653504397.1042928
79acb227b5ea365414982957,549214077.4445218
d24258de8d2ca10186660a1c,665933767.0195348
8a8c202c069c20696c2de85a,568098378.7874382
40f301afabee5be092ba20ad,650763651.6357332
afa842858299a6ebee166e31,599067796.5476197
7641dcf512a05ca754930bed,618580069.0493395
8c9b472c55d4b99e44041de5,558105381.3067449
88b98c026b7650192034535f,686728806.3516228
9bdb1bc52a9ddfe92e6a948b,688555114.2298851
4abef5720fd889512ecff70a,634189892.2285317
58b139bc16fa2731e4b76f28,561564010.2615802
9ad9ac8728cfc2387285c24f,639623272.5693631
75fd5603c4de9678627f81d9,582594881.1206512
9f4a25a5550f016ef2370229,542528161.8969316
d4f4d0ed36ac9affd71f302f,571411692.2973242
51bf7bc1c19fcd42e71f2463,563459059.92966
49ce19caa1325233d0de331e,547058720.2894568
5aa1667bc8db26bac1c72f5f,601256007.2866926
b43b36ea4f81bbfd4dc4d781,571433440.5604197
2a623b33f3cc1f54620b5233,571672987.5394135
8745eefb9e2761ff7eef558f,591490642.9034053
0e49eaa5cde9375b1f026820,541937561.4343262
f5acbf43add5776430d8d4a9,629498690.0284185
ca50f7143937a99accef865f,782891154.0457543
0e1bc8ba1953ec8c28e53b9e,667543053.5492663
980bafcd065c8e3d6cece127,616333012.1947596
c81133d5a58d7e8eebb10c8c,584588588.1892666
09656004f0a7f544580958fb,590793588.5569701
edd342f84fc90478e344ea1f,573204391.5801792
76974826c758eec5c255c5da,665728666.2243967
63b09e45c1b7dca181491030,570934527.924901
89952b237fda041b09f0efa1,650330022.8145437
219164e1d9b14cabb9bbb8ab,643657389.2554116
ac8aa244c21a9b86de4ed599,556375346.9773096
92ba222e2dd63a4453a30637,528431633.07219917
bfaf8b7796c8c57bb5997be7,643151916.0953379
dd5a565f854eaef90976c5fc,675536391.4741614
f8ccd21343b112d8f9e7123c,662580881.3004073
a90991f865ac81cdb3de201f,595476544.6461146
fc57fa9bbc16d1b8106c2c70,557595610.2231538
9ee3218bc61636cf0d7f8107,909707275.0578047
c00592c7c0c3a863a1bab9c3,590085060.7415731
f0aa18bf86a36daeb59946e8,549535315.020607
e186499af986f1959f729b9b,649487936.8016332
18420ed4661539a2d72ff400,564989241.1533871
957731b9940c9131d92a22fa,575760664.0859426
9172caeeaf6498737fa0c6dd,617784676.5155648
c798ea36d2e4a8119723eae7,527644005.70330536
eb963f082209fc077aa72bc9,611780657.8524398
07b7ba964a8e30dc16d66443,839848505.5262867
7fe364ae771a7689d2fa5584,749708554.4991409
c59e06a2ed37fd750cf39976,730599542.9870282
ce03d8ae43a426e074ed35f5,809380155.5765647
b76c45ccae25a06dd5fc432e,672210096.8677913
f855725acc115bbbf03bacec,702859353.5219601
b0b0db3bbe07839bc2b600fe,741280493.0518636
cfc8dcf337e020b875ef1572,770688188.0060902
390107256faa08574d7231d2,735869250.7784214
fb10f3b45e865b4626f65ddf,803264535.0179842
75f167e2273fbecb2c81ac0e,700249992.4018327
a7b15424d7c025d885636a72,827293047.133364
f9c11e980254045d7478f273,667615999.3789518
e0b13f6dc213d05133252d15,918694822.5742222
c12f362b9060344ad044cfb7,765418696.1237575
f872f224d2af413cd104f24d,816033098.4945529
092045750c36a8945c526a12,613080974.7226568
5ef33cf17d4b45277edf35a1,504650113.3989
fc64387d7c3c91a6e6e876ab,644832772.5041704
c1168159d4e2fffdd5662757,574540800.0083852
cb604e3a56cc847189462004,815359677.6818312
9e95710c61a4706e21cf70b3,506495975.0300754
ab37f67a3afa274e719ecbd8,571852885.3313615
970cb360eb64128037be7e23,612392253.6085645
e42fc32db529e088f15cec8b,587156822.9201642
8925028d6e7a6cfce9967779,506711206.20569897
759e76e38d84a4188dff5446,604409198.0332913
83a376df2024c4c9fbf2a0ca,423116302.40697896
a8bb80d99280e332084b3950,487812732.9531187
c16ab4a11cf67a39fec6f049,482798963.1670614
9cd1127b1bc10db6b8ce5d4b,926675386.4932925
ddfa979b1d7cdea1d7dd0a86,430552472.4079494
d78f7a1592c0779093150ddc,581251604.4362253
97ce3e0ef38ad12f7fa8c4d0,406663614.6708457
5c789f2834a1a69aede6316c,434233873.3052515
c29ec380fc7295a9a770a74b,412017174.1199067
5987f6171a2bcb37062ccc94,771062038.444035
1e91de6194769980800b4de8,711812045.5469221
0a0f206f04bfb10c137388d3,820233191.2354915
34dd15023216e187daaf5a07,660286064.4318795
33d2d1db291a13affdc209bf,558366304.8050381
6fa5e5160d7c2bed824bc0d0,476812049.45591146
8c04aa7506b8c80c1bac23f5,829894834.3624959
e5d445e39104d9ee6b244822,722601544.1191261
2ca6b3016a89139ec7590f9a,661431032.865131
e567e9e5862b13f0085505d4,412864793.800624
edd1c4fdbef4e6beafbd39b8,430650720.34331924
039a9029c4341b1528ca6b46,417547358.93141353
fa1533051ea4145f7f710ed9,447781056.9577724
9c99a85c5dd878568582dd9f,447775025.2200899
9ec426691c80918203394ee1,460732277.6554534
66f58d9d1e1eb7e81cab24a2,594826055.4629077
0d0f8ce05ebe99dd3bb7b23b,627224183.5029216
6a65986cecddc5c47fbddb9e,612956209.3111719
a82fc744f537ddc6fbd16883,635087325.9881585
d4c40178c19d6cb2fcc88e48,610106641.819048
4034cb3cb77e9cb39cc98fc5,631375537.0218936
41ae9d3d280d4eebe510606a,469121746.4352294
4aaf6763c105ddf2a6eddbfe,414605509.2188307
633a7038a23ffaf4b3f7896d,534423362.0312806
2a531aa9576c5f91891cc8a9,557932083.8798025
85d58cf85a179e167428ffa5,559332787.2977595
42f05e5d4862d653efda75c0,574172441.0817667
256a46a6d45d168169f63aab,535654973.37524706
4b0fba692104472b36c38c3d,568697014.3992133
253c85b226a15d0ec2fbbff4,594578006.9289368
b0bb2299d5f456f800993a11,587043824.3349427
47fe78f6299f757b231be10e,604846843.7652296
4d09ece928ffac7e7d270bd8,650396794.275581
fc762d2d172737cabbdfcc75,731895387.5998147
2809252a96f47776d12021af,662852984.1756777
29eb473852b36dcfbda0c702,662721322.3257576
231c050bebe12f568ef92afc,431118248.5178624
acaf9e18bbc7295633d92e01,605689977.3113962
860435300909449c0443c10e,600763835.4528668
f967ad5e086f485c27f09990,767707946.6681546
678927546243e932b48d6058,745734712.9811383
c537ea2620b8c3a3f013c0b9,751421748.9756856
10037227b2a24d9a72ced322,741636852.20827
1b4b3662ca18e731acc18928,751622902.3037684
e6717956eeaadb3e95840256,762636737.1201032
ccc4457f68fcc1a416e3acf3,498785338.3817906
94d91969cc4b9aa1e856d801,685617295.7469773
2cc821cd7b5fa82b27308f87,427740681.6949049
f05b3779581ac0015f29571f,614947716.1048559
dfe09a5f848e8e819c361ac9,422907924.78678447
ba87ed2a657b0b042a05460e,418335160.9149844
f967aa89a4440cc1c44bdc54,411352122.4583379
81fc8d666c8735e1095d0d4a,859044126.9832517
fd8b9540f1e9da778d566d25,646163989.5890794
70baafa9789d2fcf1bc212bb,587749172.1118354
4911f8879e5bc9c27ac13bb1,418429455.7577638
ce53f3477814fdea2889cd2c,438167017.8344737
62f022e19ce6608919eab5f9,433545868.80729234
55657bb933aa2ea3083e0b90,466733346.0101082
808dd470aed6064f02aa5103,414291622.4353916
39bc028f3b42d9ea48808ad0,461465065.1295328
c0c01ecbb9189d77098659b8,519111120.2287719
57c68d470f6248d00b6719e4,711941321.148774
26c66cf2f43bea00e6387326,603382320.5390177
b5f0dfbd34392f6855bb4b52,508375842.4267613
25202264e18928158b89278b,612738859.3564175
e93abbb49b24717d3a0767e8,612726614.5979267
906e1f2e1bc5cd51a55b0266,588737017.9767631
eef1d35ffd08dd161a36a2d1,928349476.9529586
35e0cac576415a4e61acec80,960577307.556619
53ebe061b85f046ed12ee9c5,915489323.0313383
059d77736dc72013de7767f1,557565999.1237293
17d7986a62e0b066e4e5530e,512427876.5730466
8236c798dbffb3db51d5d744,420421671.94337004
587e67078115103d184970be,403033356.95787984
7569fb4aaa9a52d6a525e3b0,407294694.1237945
db122cadb7a9c33f420fe246,406764926.1831066
e852246b7661d30dd2e1f0ab,405302120.5452711
f04eb16931448e87aec205fd,493428066.204723
90e858d3740d4aec0fa21c12,425973144.5876504
65647ca6e47eb2b9ba20058d,631277149.0746464
d0792d22549d1b3f63baf3ad,445063361.2064432
76c4045b5dad9a8226e9244a,491211570.4387915
fac4f0bee67523194fd4312f,455572539.55847085
ba89ed56d156579ce288dbcc,450831102.17081356
adce397b6d1473b9b6d02865,758242392.6941557
f1a924badef699637ea8fcc2,548272118.5812484
3bdce823d3b96e8f0170d96d,655997790.0209872
439004dc23f97a878ebf371a,530485174.1541552
192e05cd731950f91fef1d83,921897996.775709
5110c49047db23ac3aa4ace4,618649363.4055773
f4f7bd9d03eecf35e9f37619,848364234.3677258
141dfd80a005f7b32bf70375,687768392.1088381
08513fe1cddb2cad74874a59,477171264.8548171
6b23aa3ca5edd20134811cea,433178605.25697905
0fcab263453a9f196468e552,743795986.694103
127e08fa99afcaa339eff684,659202671.7167377
d2c46ef63db73ba3cb7e32a1,710069280.8299705
7c50c93bc9e8846345892c12,650330022.8145437
63698398738ebc7ccebac817,651523254.9743483
417e974a3f0d97e502e49800,598618133.4016856
6483f2fcdfbd26c621a527fb,723975196.1431248
3b739666f401ca6b2135652c,755516853.3237818
1b750e6e2e92e8222482cb46,677301157.3663658
dd34882ac55c57480663f7ec,708494109.8145669
026c6384ceba017c5f2cd66e,474546131.6178215
3f4272a3a4b14ce152fc3abb,426635019.0495783
5cccf025fcc0a7d9ea01b170,524445052.00905967
c8d179013c5bb6379693ef03,472010083.9879556
8c258d10ce32150f5fe5b712,674798969.869885
eeb6fa8f820ec63aa0aaa303,593586102.0743617
ec8b305ddc2bc211a8a05d0c,444988853.7020119
5a84e6d2ab8db0fc60775d03,479412062.7586254
015d17895f32e2a8b616ca1b,626049305.8157195
6fa35f1af6d51d341a3165ae,644551512.6497462
17821a9cb766b0f3ecf24e83,441480887.856398
23141c17df584746755dc508,434605262.9350617
00076c8f390d5dcccc133309,709711879.8022147
25488b1c8fedde6250b413ba,414681448.96481085
5ba6b4953759b45cb83512c7,881160990.7737542
8ea02baab0c59eac6584f62d,805826853.1816357
b5c34f90096fc88b8ca758f2,963702170.440364
35bc25d0f9de2ed4f714fc8c,585114770.9122237
8b0e1911b8ab8028409dc9fe,981145966.14833
2ba1672e49c023258d262d1d,497528912.10283035
2d778563921376962d126cbb,487539155.56053525
bfe7c873b2fbad871327994a,725702671.6878924
72d0f19409c85dbe32cf6ec4,963624717.0831254
d406baf5cc9b4473ae9b8426,383944974.6161591
070912b7e5fb205918c1f4a3,388638010.31225806
659abd72d12756ba0670f466,437809758.33060086
7a464b948b65544159cd0db0,530823415.53820986
e89774d061d50c83b409a071,437161500.1590936
fd6b2efe5da2c35058333bbf,495982863.00151104
4577c1623c8407e95e893e63,560799085.983654
21adc839dec9e8efb128abf1,440767717.9142842
aa843a050ebe8e4b3a04e9ef,834533326.176909
0252fcaf7bcde09274d34be5,742596334.8626097
46d77c92811f0c87d2d4907d,804197320.347779
a8c662f906075eedb098ae5d,619184375.6932474
b8b46931b93b7750e0d1ada3,548493942.332037
efde559422ec1dcc55abc686,692467614.5115666
339bc881458ca34bdcb771da,830211968.0801578
d7ad6527cae719481f849927,822979402.6889744
df3abaff81c430b4ba85d4a3,802408435.6577808
bfd2f20a7bfb0d865d7f7193,1031493855.4026905
fa3ee96e6b6ffdfd00aa335e,978643069.8538384
163228979751798ded8c3fcb,650245532.5693886
3578144f12e13e98e8cb2480,435981810.95512867
7136cad475a0480044707984,581587204.3668137
93f5694b4854068f42ffe55b,498543431.1795081
51608bf64739db05c47a3bc8,638893529.4917399
6a01b6d09d516d67f4a2fb43,408071110.3589322
5f26f33bd89fa7563ac6873f,423241039.2360342
aba54b001154ad881dfeea6c,399838757.85000944
b2eb63e5da917ce649a72142,430482845.16438675
1427aec89ee9564b95e93cd4,486417177.56914294
a0087db5e9e2cdd6073021a7,427384355.156037
4396f94f7f3c403c43d3ede9,585040418.2326993
aa703cc78a1ce659901e711b,562034988.4133562
0dd1bb83f0f18af30da139f4,459642809.44694996
37efd3e2a5b6567957c62081,466377922.8095271
ea47ad6335e74dea06228b16,464242422.52620083
8a975117ab302b77ac057823,440741982.2335569
ca5949c4bcf0b63e5d1be784,446633093.72600216
e9f3f41366d5d784c2928937,539250102.9653827
7a9c505db21b777203d34bf6,451808822.68229276
238cf9f99c4b01777a97f82d,520877774.295988
385fcde12021f4bbae6ac2fa,429519559.4202758
d9eaec557a7a6674565db1ac,714394771.9873824
30b0c440c0bc8c6005855ff8,715352721.8786097
09feba43c0b8f3560fe09be8,586191874.7227933
2547bcc87b618d3d7e22dc21,625824186.0575242
1240a616080d6ba5459335a5,684530002.3025997
7cbc8fca4f84908ed4e7192a,658436910.6696026
151a16e94d538a7a6d658ee0,673426953.2855628
a8ecaa9120c6da21229cf145,657703988.4147555
3ca34fa833e6ba10cb4b1944,708688441.1459905
dca2e851b82c512f01611ade,622441443.1583419
3747996611a842c452865a9c,583952803.869404
3528df61a44a9895248336c9,595362938.8243194
398a67970cee5dc873d71bbc,824668484.4790648
1ba2c2eedb352ef9bb59c638,604336671.904945
f6f4a467f40bace72ecff598,606861129.8862165
b2af9047dbf58867ed0c42af,832888932.2531023
012b8d616667a6dcece0dfaf,855835209.0308242
0b117f10e699f10f97a7e7c6,749703751.9820056
8d5192b6208902ddf4804839,717530132.9684752
b86cad78da7bf06b5ac39f99,789088543.1992089
4cc8c95dee29e43463a8dfd9,590726585.0916773
76846ed8b7ab36821b848f2f,553774234.489453
5428bf7f37a94ce9fb2dd435,539273878.8082329
b22c39c3df7d8e32cec2ba43,450448473.722199
44f5380847c175a42becfcdb,906751609.4762499
fae53fba5d405b2e6a3abf01,362994595.3892606
3b52bd5eee5ef8e3871dcb3d,1060280739.6802738
21eef7da02b0f2a2fd987135,457883021.3882885
1dd6b0ade195edae38a4a20a,480966453.6341692
f359afc7bb50cf6a61ac63d6,439197811.9571939
b0de107a8cfad95f09876eb2,809381260.9851199
2e8c76f4ed59cd3924f7136d,774906953.6616725
06a2efde5244f7d653ddfb8e,566896175.2767013
f72e2f6cfbd32d97bbff3ac5,571865782.3942716
9705748d2bb061678a80826c,698069484.785991
9620068cef0622c404e15960,447279626.02476764
cf2e8824527989d3cd29c058,440684246.36157984
6e606a7c8bc632ba0ba37184,497511897.0960905
63fa384ea296390350f23d7f,519430689.65531707
4d3f5e7ecf4d361d7eb55f5e,449798790.4723174
e31a209077a3e47712588730,556067241.8899647
5f18524e839c2987594a11a9,548703693.5055407
def06f49a0b8230ab613db94,640707131.0206513
faa72370e4c7718964930805,640707131.0206513
983503bb75d84c410d1c5d3e,642090804.4706938
30f381306494ebaa760b990c,451565032.6872364
5e72dbafa642e4f416e6f01a,550228095.8980029
3d5ece38670c1c96df4cfff8,451565032.6872364
1bd6861d451d128c8bdb72e4,607308715.5453675
072a6f084d31a5a4be4060dc,595454583.8637847
4d8deb43d663fb079262708f,656163245.0449048
f00b8eac1812a500d7a732ff,712084991.092473
77a62d5e2c89da24f66a2118,609906547.6876005
961886897eda4b0ce54d1d82,643852668.7701585
6f6c83ff891e43b7c84728e0,883007825.9715475
ca8c85e8100f64416146368e,887038229.4439758
24297f4a3e14c24c941e7720,700131661.0513685
98d7f0935f021acf313630a5,774124184.1192081
a362533eea6c235049bf3359,686797897.0474077
2ddda0ae748b38a6258f660c,1083627008.71028
b18107a422b9eb6da9fb692f,823969694.2301428
11cd643195dbe5dd4567b62a,797246588.5638436
c9ee7f0666429c0c15c37499,373377993.9592741
c386d1ac4fa8dcec4cbf9788,512313913.9323859
21e0bc9789139640ea33ed09,809424714.9463272
cacb91ac1b835d62422b8a8e,752119667.4459162
bc41e69def6bc7490800c4a4,400532485.0166703
7a13669d2d7ed2e50b80b4d8,432121647.9511752
08dbbd8d672fd09463c061a5,435328638.8463746
cb93b0d5e9a26628b0462b14,570817841.0614433
d6a43f209f810455fa41dfd6,610334669.2873714
ed5dfe95f82f4c087af07045,753898533.1643442
02060d2f56e979a61427f806,667008660.273813
88ffa9f0bc3f6c9f2e589a75,791615030.0151224
b48093abeaa178d1f7fbd83b,679436043.0383568
b42734770dacb7e580a6d742,592244492.4828175
d3aa845e96d22f31a3656aa1,427847378.1528743
becc3ae7a71d597bcb16d261,688272527.3853362
8dcfc24742ba669335a2d65f,695536904.7724186
45e2411d38589a2d85774c5f,685907555.2924968
9761b0f43949eb5307472ba2,838609554.2231475
e07035cb49625760c7da85d1,517528286.99962234
f88bb9c5a471504c13d3616c,425296209.1650121
4bb5265c6e63449e5fbaa270,720534623.511753
ac73b8700744cb7835f328cd,672169698.7673787
a632ececd6a023aae8a7b730,495229637.04686946
858288683063dea9d5c57420,580227312.0309199
d04f549fdf8f34bab19a171c,428587820.78179836
6ed5fa8f114431d158d35f43,511772489.5368839
f849dfccaa8163d24ed935e2,674734874.3931379
bfde6e7200fc27e6e6f1497e,783733328.806972
59c11d3de7153d2605cc2273,796477206.061861
33ddf4e1ed8c864e9db16887,688258209.7259616
00f5ba660a4fcf6ddb96220a,588891925.6608053
a13004b87c6d7e7bf6b75730,617452660.4675028
eebc02ff14b6d270746ca055,694934572.4577248
65ba6e178f3565a84c6ff973,689601304.2086337
a57f40f00f80abc7450aaf9b,598011205.988006
df37b916acdce817865197ae,664229527.4700478
b5c074ee2e2538aeca099fc4,933840587.106585
004c9da9ef1b3b5e309e475a,509441392.44736123
c5b47ac5c4b7476d50bd56ec,635976846.8587306
778ec765417db9ee48d697de,698544596.5767463
b287339babba162e290d0fb0,561982557.8769022
4d35e00e86a9d508d82ea90a,422277006.3291129
0dc2a023fb6c5e0b92d86ae2,687054221.8987055
5787d7c671378e596edfb58c,686125927.5528959
8595b5517cb3f1ff8094d67c,492570646.63509756
f4d53276bdb5899c6f059c67,687089339.192582
9562ef63320854bc6f94b5a4,474076839.9774521
c04e72fb6244d9a9b28322b8,639975201.8790739
3d141576443a97b0202c9672,813058565.6152264
7caa4bad394586a46dfad854,660666866.8594463
8420bb74fadc0c8853cda025,431154953.04808444
b274adb68a37458cc5181fe2,504084848.1437135
8561bc940a91f029147430f1,771062038.444035
258a968e403e747af5693a3a,764758009.1954403
0de34892fee879f449facb19,522096001.08740765
9634cfebe7e6b095f0065ee7,578244372.2408943
1f3544c9f47bc00fcdf59d74,424628994.59789485
e3077f6e47d130106e7165c9,728577435.8672825
f0ce47907c3c30b6b5e990b1,752184726.7073903
1432cf7de2beb14fc7603ae7,781284611.2787677
60f0df18cb4324ce5f4bf650,569134374.3561941
7c1dc421f5a689aea5babe4c,625400519.078478
020dfae44183c65b708727c7,512405911.2642729
92a9c07259efc617e7d58f9c,510225206.7664538
18531c57f6dca78763d360bf,591639190.993863
dacd62440872b6e94ea56fab,487469187.32046014
b607bd072e8293d6594f3829,652023459.4461607
eb86c1da60250e5559fc3cfe,504451320.3344817
fae649fc7256b9a3ec036583,607919845.0540521
b7fa81aa571906a93e9b6cba,717454386.7016912
0823be832fff81b3f1291859,437884759.4808243
fca3a0fe5db369235960d285,462052044.92334497
496fd5c93b2a578d970ed55f,435550787.985125
9c63c6c27c74c03f071385e2,542180800.7960883
6ebe90f7140b738b3696f086,463359197.43991363
7110d6374f3fc282e4f4bdb0,448038999.36552924
d33994c75d98941acffeeb90,797264329.7737532
b8e8d84450f5e0bc8a721c94,636794640.6800873
cba57e3b393b3e392c7431fb,683219524.783857
fc2ceba651bc629e7f690849,690157727.7656294
857761b5fc5c7d101cb765b6,644095332.6695477
55f67dd7302b68477e803399,598144503.6832582
19f538269846412f3e150a4a,640530980.1658106
75e0fa8e5c83c49d3a0dea48,796502168.1962986
fcdbfb9e15352cf210cce7cd,802918473.7707145
c2b91ce4b1bc8c576a0ce1c8,775458159.5408279
73eaff92528288fdbcd61e2a,849693653.0840468
f6544a1c169aafe6c8142907,807361308.1384923
cba9aead5bad82b31da51e6e,759820119.8948532
b239bdcbfae846bf74791728,629354935.0433456
3b823e81c5378ee3c977e863,458204861.0244179
1b4db5fcd1f92d3aadd5c28f,597209835.8650808
b50a6b85399ea2c6b5c33405,441175358.2588103
1e6176a558f301d81bb050f8,787125042.7249097
8bcc1b035ea93a5192256b37,635028486.2603399
71a3f0980cdfea0ebb869935,455305041.2293701
8cd0345dfac13ab380240b0d,458204861.0244179
e66b2c71519ef8756db69b97,449958739.1143351
c843044c1fb30819300448d9,426747878.83468837
4ae10e7fec364242c88e511b,554231602.1975543
c9e92b994e48df83dcf9976b,1083968153.0717785
27f41f09ccf8d182c79cd48a,755847720.6633422
d8a7c0b01bb545c414e12a23,761653929.523641
f3e2fddf1dbb400788a5517d,560961980.2008977
89a066b7d6a31dd066fa0d32,542416779.092033
c245bfa6587eeb55227c8a4d,447257345.30736214
500d7c5346ca11ba934e7ca5,604154228.7885367
536fa59adc007df763949045,786856334.3261878
223813dc0188fc229b63e8f3,683782704.5856882
7c972ecb7b90537b1da0deba,431679936.2444576
98d8411005ac05d77cb12516,565717166.6579771
d12c08cf48be75014a149873,607258177.2229832
955544a0bc2eff312e965c2e,741646294.7574908
20488db7a62f765ac8da0a2c,559683238.9134285
3f370094239ab6fc817e9ec0,759389190.2633525
ff54bb34225682d25c551178,607258177.2229832
d0c7294b2184d0b4d0e2fa07,759389190.2633525
104e960974eee31e7e0eac6b,756240388.9358431
0d477acd9c95e9ec63839a53,562398501.358819
6d255e0026d70dd44229a2f7,621241457.7293458
926cdc0242544bbc850520ff,467316930.2688098
e75a05dc0018f29517948ea1,476640765.0486332
dc40c56571cbee9c2b7770f0,521625535.0903834
2f76a2b53e091df35a125b13,531204694.9981534
a4a49182c79c72854732594a,590561999.8801167
50287f73d47b4cc4c2e1840f,751398128.8505119
5efca36c25884a2822bb7a81,493321619.125504
4347bf26ecd61ebc7a16b4a3,669305879.0778114
7c979648ab3729b2c0cd2106,689773518.3080007
f40acdcf5cb9925c09c9df7a,716597863.2198896
6ff3eaf8b5a2f16efddde1cc,535788787.0979615
d35596846155e74d1a637d7c,615607580.5404743
a389a1ca097a820fd9af9d15,686300324.9193382
ef450748c440c4958e5db54d,584796213.7819712
02779b92b2f9bafde0c75c11,684911298.1131855
77e5e0b64140fa00b0227a3b,605347823.8988516
eb55b0778607da932c3b311f,584796213.7819712
9fa391febd5d0a8e4c6ecb8f,434670498.4886005
6270356f1cc3dff186d0ff4e,497860244.6081311
ea7d5c601c3f8c86ca8f15e1,432504452.07362443
072efeafd082025bbc5a25e5,436932874.09324825
d8bb6151d30573c7595ee7c0,488252075.53218275
f26c43f2304c8c694c818a9b,463584487.65184957
14ea4a7c57d830eba13638b1,638834892.005634
c1ac42dad98d2f23dcbf140d,579738291.7537915
aa6af44635b5d51da4b02059,669305879.0778114
291a4ea1a695347e1901bd4b,607561906.1694812
024d2e34a561efaf4811c17a,609492348.6148784
e5a40a555d11d4429b9675c3,617025680.5521461
3a10398b72905bd710ffe9e1,592308170.490469
340d1313fc2dc8e5b6918262,710266518.6697346
699bf5460c63a4d0e4542ade,701896882.7155353
e98bb3a89bcec8650e33e730,532524943.14566326
5de86bddd492f76596b17a0d,557971128.204954
95dae083200a9e43a5aaf210,857619663.3177762
23fe512fcb21a0b84781a318,411313149.8397185
a9dd62f527cb0dbfa51aeb7f,533168172.5679768
8964dbb5b0cbfe509613a63f,562995649.1298248
f75009356c700f7da7106cc7,505623982.7748395
6f502f363fb55811478e3b88,441101624.09713227
a48f29071cf207b27ddb03da,658694161.6416526
b46bbf66cc82a4345c5da177,716504987.9669423
a460aea3370926825b0dbc13,636694992.5786254
7a21a8d99a85171334695004,637173414.9443747
279f6f594d3f8ca8e8a5e2d5,988697846.0073746
bc3c509022e3f6104cba5203,1019919218.9475623
654d2a3a0e02065560ba2484,501028003.50317323
02a2ebb6eca5772e3526d78b,631606669.5958619
d4646b7f4dbebf9785963cfc,508728909.4445307
68fabddb27fc928b57efcfea,690174361.7622458
53688de79b052b3185fa9435,593930503.1476367
bb962a9e3861b06ae1daf833,650041165.000191
d80c5f0b8ba55e7cf105d282,632408968.2590013
ed88c773fa9ae8bb29645fbf,691425295.6155634
0c3af9e0e9c80a68acebd041,872276475.4352838
0faec12daf0493a512b2fa0c,816178420.6223384
1807debb0a0b590b9ba4ebcc,706584437.7560959
20a2a0dfc963fb8a355e704b,569410105.1079391
a2c033f497e62ea10ff8ba3d,953333076.8026497
985e40843a30150e6892e4f9,673523625.4547497
2ba0807f8cbdac389424ae04,563284552.9291245
9a565e7220cbc3d5d340e8d7,844454454.6517744
33598222854631e92fb72baa,783514343.2530599
03fb5bfbc1895115a04e8116,505661580.6082565
5045ba9a65b4bce4fd305f82,692689802.0508097
277f6440854cb0c98728e685,666964801.9621525
12c7037cfa63de49e984a789,626029941.2397089
ed9976e922a774cafb601f5e,436427877.6949413
ccc70d1d8e4411331730bd7d,546517375.6779662
30d38a7bab2eaaef1ff6be0d,638396932.9139732
31a6c440ca9eb29acc0f1086,606302318.1647543
7a82ce4b2dcd2b43485f5047,662441792.9534385
a74be48ad396ae4aa33ffed6,752888379.7066761
4ea46b833575642ecb2ed1cf,406564135.5198979
b780a0ec18c61b0760df9433,475349772.1188675
b83a5c303a2b079585b9b94f,449236098.2628527
a3c45875c0834b144f834798,424023066.23149323
c3ae3f44bbae215f7f2fad9b,464147823.85553145
5d54a0a596d49d9f85f1b5e8,606248010.2939613
355d1fb69bcb4e8e8ed9ba1a,589215376.70433
cd791a46ed616911ae7d4fbd,711817472.6676644
d2d2f335839ed35571b19bb1,729448403.7577376
0823b0dc92805ab05d3f8650,1006805712.7405696
f92f4d135119fa88994929ec,765025848.7451911
401f0de98764e9fdd4055406,422992100.58760166
68a7d01e50462f7506f8c8d7,439905774.39887995
e4434407771070783b97c014,494582097.07886493
7e1153d411af129357ae5c10,423902192.4157526
f409c701e200046f574f4e06,524065614.5914898
30a8b9c197bc42f088d0b873,734041955.9055027
d5abd56b5a8ab8c2f61a07f3,635314696.5811023
805a27aeafb3ca91cac56d14,716967693.4958143
1ee04111d277e8758f740139,604663276.2709274
b9de7d7b9a8ef7c64e5f6bdf,703782099.0652701
5a12a15af3c0585d81ba8f5a,589562683.4835715
abb63383766a9853c1091c5a,617457695.759457
1f95c205d5094c674f6e45a5,574290241.6562375
4911a6285f548dd30c8061e3,617710307.1375092
0b9730cff49bcaeb4d703c06,755193173.5498003
f033750cb9db15e886b156ce,616590917.0956208
fc7e93bffb7fbbdebebfaa2c,931168390.9368861
4f500afb7f7bb42189820a18,719586620.6449373
3921d7b508fa1591d40802d4,398328137.1956877
caddb9dce27a7e8012478da5,440530107.21158427
4eeafa126ac5f301cf60f9ff,443063560.0427691
59afb00a84b4f2a9ffbf71c6,686535229.5068659
7baa3608aad1fbf357d789a6,713963777.3949454
a5b8869e9cd3d0cc32a0b298,830545008.5953269
d084dce4ab9c4008ffa3bbc4,763635277.2816069
e3ff13537ffb7172336ab5c0,808297494.841741
1bc2ae31ed1970ba52b1ff60,1009150630.6714338
eac7136b26bccb3c5d2b6202,623910636.7380217
073fccba71b28afd815be434,519899820.67176723
9b1c23d616e9407fff6553d6,434138491.62428916
4122eca7b73c1347a7814a70,519430689.65531707
cece8267e60c2461d6c409a2,845798958.2901624
ba4e89128058d5564987dfc5,434138491.62428916
69843aedb25a928097a22a89,420376531.69732934
a45863121bdec787e119b14c,400317267.2503003
02e8811bff38125bcf8e1a6d,408617936.6655717
d709a76487a49bf257489c0b,403823303.0451899
46c42803286c800351fe633b,437402173.06319964
2ae3ae7f794d558ec119287d,652985099.4283403
76991a35e9c1b69e1616659d,560608595.9331455
3de5d35f742cb4eb68d5f314,609752190.5599335
a53c748935206f61751dec1f,463437997.21906257
ddaf8a1e5e6922cc3dee5caa,425804235.7972491
841fed959f036a03697868e8,445721384.228277
ebe1b5c9471f3441a388f7ac,623930942.7374918
f0f9bedbcb57383511805d17,691611285.5319899
f9402b785deedebd3ddbce6e,557957983.8379947
d1f92e6b18faf07ab70ca1ae,592651855.9129536
6e794276348acc39751eaf47,591997945.5888524
4b04e0296820d04421db5219,580043473.6296688
ea0ca17e989ec57a480aa464,638789113.2785316
cc6fcb8ea6556f676c13a76e,567189477.1989003
2778de5e56ad7ece898249e9,647602606.5791864
9f0bdae4f8609ec93588de3c,704268902.1072237
90dcc3f9428a4e7cc396a15b,586102041.3838812
2d7bf0032580e6b6dd1ce36b,592185469.7292901
c45d86d17d1d0519b455b7d4,569042426.3558186
4c7e7cfb286d82aa96356fb5,802429722.3751478
edc204c3e18368e0a9eab593,800012789.0951891
e789e801fb5d4501b5d64e2d,750343878.8728019
3997c10ceccd2f8c8e43cda0,784052671.1974449
580d8eee8dc4b7d43cb193c7,825582539.3699971
c823e3fcfbf0c43bf2d82586,785444631.6061646
30677852542c78698083d4f3,824613824.1676718
8fc78c514a2f1cdbc5ae6e1b,823140730.4447737
73c618d704a2e1ac2bc41954,675391240.6751121
4ba85374c1d1f1d3f4632ca1,372470594.0557951
9a471715e4c4865b822a6b77,416248201.7077304
4e9f1e21c855f1166428fbdd,425219072.81689227
f11137d27a5d7fa57f94e97f,560363840.2390238
5fe5f3c5919c0ebd57ec8e36,463151176.5834515
e40742774df7d2b614f32de6,397447815.3848483
24b28522c72f7fc359f2a718,600845309.1577286
26ff1e1f4a6f6bda702fdabe,688866488.0621511
9e617d1fd8a4f33d7b66098a,988346804.6365591
3b4e889562e4078f8f369172,430164531.42472607
3a50d40f15b1cf5bfb338092,538532801.4073853
cb2188cb8e534973ea3411a5,432345683.55561393
fa57f96bc6affd285d10c4f9,394025204.50068784
c0ea6c76eb977d83c163fd7a,403889748.49633056
367cd12d7f4aa93124047eb9,458821575.57661027
54952b5f463c64c605576601,478141007.6529973
57eaaaf24cf82d885f0f1dff,468223852.4514971
f2ba4a7a0765c3ce737b5c81,456661061.9138743
5282c3c48495dc31359e70c6,415333776.68877286
552b01d72edb192663998c4b,676520311.0694307
5f3a1ab21669ad9234d4dc63,614561931.4743376
68f431548c330f84c46174f6,658355082.603412
048051ce9bf8f6a48e9451fd,568246169.9219505
fa4028ad48fb2082d167989d,554867956.5755854
5b1902dd7768f5144ae7704c,757823248.2339631
be0a8f4be774eeaa42fe460d,660709993.4903886
16263617308958055850aef9,631194222.4658535
729f5fab1578f8cae4fca8f9,867937985.9297308
bddb9388922dd56737d8847b,793398481.008082
9847a4ab995b7b1c30196704,736134511.7467643
d19937a773269962c7f9e8a3,960287388.8963163
b3c8714dcaf5322475ce2c60,716518476.495282
875126e5776dabde40e29b09,915208706.4080946
3a36f59d7c0e6c4eb85ca0cd,877878622.2882888
630f00e15cbd7826475d1509,906328445.1597271
434782c3d1dc2b9ce7bcbbd9,665284327.3542345
a470bd174fc7587dc1449c89,993818459.7740993
99c6f87ac92cc323c8caa005,835747193.7138704
ac9ae945fe25a46184057606,742738635.547369
15d910dd93e0aec22ccc2083,925920728.5551573
6e1a9c8457d3ac6a57598052,649124786.0854366
14e179618d1a44c5c55e23e6,420161753.3133701
2b8b979cf1952fcedc63ca9e,439625647.56698036
7cfc3061c0b2f3bd48375ab9,719299835.7402434
7200e3ba2013876cdbbde972,587110904.6307771
9ddc1924043ee8361201b39d,767619944.496616
f22d6cc8c9611a7c23fa8969,603778848.1462085
b7c0a0a4f5c5b986a70ff249,621978523.182899
adf176b63ea23e08d252b5ea,691028403.7380327
77069fb9fac6b61aa6a89ae3,787462896.3075856
7f0f27f6d30c743acb3e867f,585405228.7575765
7e299fd8c2d53ff1cf95aee3,647877679.2953355
f309733881a4f89d9c8a8958,710597041.7524124
0f937643c067371018c8deee,898097610.0073615
8e35609c1265ddf59e1c015c,711471475.9341837
c1ba606f32ce0337cbccc2b1,709412313.0232171
15f02dd18da12f4d7b0ac2ab,598516618.3882778
bcbe8ed608f233d5ed7362c1,620420556.7466258
14611fccccfa2a6499b2acef,436104248.43349534
b10b428245022d55db248b72,419301355.6042986
13e6c5cde1004803fed93cfc,449239153.73718184
ba31c38eada33f680d44627a,687900170.3401332
3786daeec4a4fb40ef07d8e5,633907521.7944368
7736ac030d8b587f44f7898b,572195054.0898248
98f89d21e5dbe53f8704e745,766693161.6694796
981fcb79db3881259eb303bb,410261571.48794234
08bb88dabf0070f72a801a4b,824318616.8165586
32d56542ab5486bdaf4466fc,650109619.659519
c0f911fe7ee2113ec59cb5f8,654757550.1192048
3adadd50e603746e5e4fc082,729701757.3564407
d117e9672b3ea0435e7a894d,410689969.60355633
020473766363019ee40d6685,592450627.1209342
b04d16faf40ee02eda59a9af,411061285.06631124
bd6f3819a1c0e551598fb9c7,461337052.43323606
5520cf373444931ed8630635,468961197.2420696
40355fef059659469e16e3ec,455428070.34925115
deb844a2812586991b3022f4,646096334.9004612
ac0b895f523b53b4abd013dd,619457901.9572598
ac208e250f5ae3e5e1008351,566755551.3631449
0064cd1c55914cc8370a096f,516487627.762043
165fab7a9f8dd404cf4e9d9a,405855031.94943905
df3eca0f59974a812b4ea9b4,681060220.111071
1b7c062b606d0560e850a2e6,484624813.0698244
87ddb3a17b601cf7c61e8c07,576772621.6698061
837cb6389640f3919bc73e9b,550145955.3725892
77bab76414ecb20888cef7a1,823873148.4636172
a9268ef5b7133cf6ed1a376a,742723508.894478
cf7cbedea50333cd2dfb0e30,638708774.7073531
b0cfed2d25a5d78c96d39d20,617765435.1628698
ec0c283eeb8db461c20af1d6,566672133.3728468
27c3b7ba2991e7bc0c9fc322,517610737.8369552
0332c7ec0d3e547ec6d61664,647557455.3738523
e58b92216ee6438a921ee0d4,654248327.823695
f7959842378c94c9f620f561,416986666.8569079
cd0236af88ded6bc15b49eb2,572195054.0898248
d40e0c2222c0debe89735e88,416986666.8569079
2bc9bbe0f0216ed9d865a85a,580608964.8317677
e9bbc31499ca187c6a492175,572175872.179549
f2409d037bc8b3e63ca69fd7,1062385799.5474497
5ad71b7cfd356a75021174ab,423462610.8015306
67dec8c47ad4de9605d56db7,567598864.1161101
c6d679cc07ce4373197748a8,821311723.3072299
a36ff3637b7d2b1c52999ea8,855297387.8356333
3a384d68b7ddab45e01b6e99,616575690.5229279
42d34ca2252acaf6e777d23b,990742218.6046467
c4b2a42a8908cc35e649fb16,730085250.2341118
18c38418824075acaad8f960,557627938.6489948
85bb6775065df76bda33f738,568098149.5108513
14cee0bdd9dd5537b96d0786,625989207.140136
ab332133aca64315672a7192,707159186.5572308
d53b60b0f2c65918153ca2e5,404464937.74659014
ed1f81648083d4d2726710ac,488615190.2732571
b6692a933facd74b4b11569e,393090301.42893034
90e00fc58569167c00fae7d0,415792226.3770562
8a514fffdec277cd46c7cc71,435410947.2106274
7f0b4b5851c77d78805320c5,411192186.4245188
fed1a608e3c0f2b79cd02ebb,411999309.76178396
075a5474294e25da55373a09,399213337.37647504
8826b9e008064cea38855d35,429118719.7132996
660eb3b40b2bcd07df8f5c3f,427236637.0001401
d55cdfba22aae78b6fab5491,399972757.6172048
ea6e83dbade169818975e5b3,569695550.3281245
dcac44d3f8024c6ea1632432,487778277.99432546
2772adb268cffadfb2917c2f,446888631.5376532
3192bb7190b9130c4e67be4e,730967916.7003497
9d892f73b02f001c2f715607,476816054.4118683
c27d72aa1fc5d37f4cc105eb,446045052.45460254
6c0ac32bc8a66844197c5fb4,574050976.9489242
52338f4f7c8af6c649106a96,531218102.72703904
356815b8ffc300fe03073b7a,571825066.0214759
22c780d56cb97fc34f29e9cb,467131597.51787984
806907598158861a6958388c,520956139.96773744
449cddc4dc3ef1e93b7f7c26,570587291.6779131
b225270821758e45cdead76d,465462797.14264244
e07bc486c6f5541e4788f83b,693122681.1922402
970c0d4928a9292748c0fd00,602237938.2116225
f73f720abdfe4b5adfa2bcda,559596329.079546
48d3b0ef6e5f999bb90fbfc1,498564926.5299477
b3ec2f8af6e9adce047536b8,850272250.7477382
0e1c66f843e06f14d7264864,630989919.4342813
91c4f018fc7939d150593935,796555979.4741539
102434eee07ed18268857a9d,677358546.5463879
a4c70eae507d630c2f285eb5,615261691.5165505
45abee1de734dc32936d0b1d,569311155.3287263
82bdf442e186baa829e06da1,585556730.7507327
019cd320e02a64ba3ba9a37d,686066917.9159669
ba1b3c8ac8afafef56233c84,738061893.2538507
3c3a0f57e030472879f454d8,562551569.5504526
d520e90e7d0c44a6b8852e5b,528332574.3654824
38328747d2e1e0e568c05523,474746956.26784
659e9ad0f593b644071cd850,600236668.7135752
3e6645f2cd377ba17ae2e46e,471180545.82313323
307eb683db84db535106c445,737454105.3448684
26c8961848e3a77d98049638,571941675.0445206
52373e15e9dc1ad371a0c090,597808153.9057009
e5b2a446c12222efc187e02e,673368358.842534
156f706d1d30de19f7e369ea,535166409.57251537
aa94d2ad36bc0e91bf561be5,853723059.5926876
8ab41842b8e41b89d8670ecb,488082838.28657645
b19ab02a8e22f3e88a26031b,669305879.0778114
a6b1ca7a4e91c4c0f4366984,627629503.8588663
a277d5e8216fdc3d7c93eb2b,666770722.2048397
f939b7271c4d399a5e647f8f,885275749.5614847
941392f9a135909273422dec,734446941.8205338
e07d8e9e38e309958288a516,852948453.206444
258f10f742fcc835d53063cf,866710600.0024873
fb672b4cb1b66f2022f36a40,709293817.9262625
ce9dbb6d009cbdbe654edcfc,733025316.1328719
22e524f1fab17d5b8616d741,773031711.5004356
7f0d874df9235245f47b04c3,610648618.4909793
27a8a052b815998c771a1f55,773031711.5004356
b80593fba07e21f8bdbc352e,721822007.849171
d18d990404e7fd07424f5a77,571327617.178328
033599f7e7ecd8d9c8cfba46,718177709.9532508
51cf2fa527c3db62914169b7,605006229.3290174
2b2fa2ed0055a19859e78446,661614872.8069513
a8e1adbf076dd737c079129c,530471484.8987038
adf948af7b24f9b6f29610cd,380728696.57891446
23473bcde48f634641769e22,402444281.22559565
c90486bba327ede32dec60a6,512631713.7214042
d254d88ea0989a609b71fb72,420722769.1577808
2373c595d24a7b862b518ec5,542432726.3707911
ec401de1c0ab2dbc149da048,554830297.9861068
17c0a8fd3a2c8b5b18d61e4b,513013928.3697347
1a1016e7a96da2237b391be5,510748140.6123818
c5b40b510bf7f121c93a2332,727600319.0557208
aca37e216a27b4dd5337df99,973016887.5806503
96f59167d17d1c99f31be997,732926632.1279128
062b36cb4a87cec372f9f91d,650488445.2097731
0466a7e06b152c1860d44334,630274824.713382
f44726680d0c594a2d430bbb,760429114.2630578
8aac8946e7ae5725971c5557,776559482.910001
e1aa6c46135f4d1aa1b7a1f4,689639121.9586444
fdbe5801070756d1744211cc,585763907.2215059
6ec4c88b8d3a16148e2e7348,691042137.1410778
57c87ce038e4e523b4ec189b,696208806.2746481
9bd500fb24eebd53d8262b62,689939806.9423721
85a86e01443aba593f95dae4,625717746.4519275
13e2ec0a12c8a48a753b85ef,440971147.5846791
b93dc01af5f49e6dcfb7a547,496554273.96137494
71a42155184509caba01a1dc,432994633.6717903
25fb1c0c4aace859265de172,569311155.3287263
6f63e4f866bda86d5c993c8d,417565005.198703
72bc42a5c73e7b1f9d54c835,459575794.69132715
c06f36b42021a1512cb6e3bb,423279090.4930967
f1a7fa5dc1996591ff97a34e,481665168.98699015
6128a8deb1f0bfbbf0d67769,461650389.1272655
b5254c6c29b4f6984d328216,463276591.7957312
6cb19c3e491a60bb2c166669,488183374.3323666
dda4ee9f3811c29e2b261a5c,528332574.3654824
7a564ce9a4ed3d2b8fbb1103,569311155.3287263
63b982fab95cd17211a4a58d,480392731.3484896
5272c50f1d8fded01f7fb0e0,468003310.32487756
02b47e60ab77588aff6cb433,430275474.43805957
ddcc7f7a087aa5f4797a8a5d,463359197.43991363
77a887ca508d924ad5203194,585478355.3737761
b57ab7afef2b8aee016ce6a0,557389945.3506681
640a801d503d85835eb65a42,609172733.6023526
767ff947b16b2271f516c28d,719849460.8477263
1dbb46a250f504e9c8673bed,684659172.7620181
fd6e9c9ed7679485dfd0b022,677098749.9064932
7dc4f9de14c2924b229ca0a3,616807482.7188922
3064379f468404110d594c87,557702591.2976481
6005ebd6442c62f8becdd2f5,577392269.4139518
b62e960eebdf95c2eaaaf9f3,562917042.6464202
7b0258f1aaee97661c34de64,540797063.5311364
91e2f9f7d4ed776d38a3274f,562458043.811875
d505277049a254f960e114ef,634726649.5121393
32040dd7b8edfbe331773288,641771077.150298
70e427235490d7d9c9239676,536154101.894824
1a2aa38b8e18fd7ed5be77ff,839098033.8863354
4883f7ce7086ba9c8ddd4315,545525088.3623241
4116cde03803e63a3e87e847,556375346.9773096
d6de5d741702387dc3f4481f,614635309.2827896
2346533f4712f3bbd036d85b,797264329.7737532
f6a12c0f02fcff1be042ed0e,690157727.7656294
eba3cb8156e0115bd7dfb525,795506364.2776523
ff27ae490bf03513b6bb386f,913721711.8396198
e87779bf2f8af86fc4ae9583,407654135.49401134
4a809b3987cff0290c1df8fc,390651149.4769946
8f4241a17d1211687bf232c4,619216902.9771318
bd8c1ff6f9919ec6f1dccda9,607380719.2386358
081e008e772c6a79b809a87b,641502304.0077169
0eff08cf4bc42dd442a70231,522570147.21807325
b4e084d14962cc58d4089955,674643517.5564625
d02c3b5ac6fa0ed6db06e490,781630500.7453467
e8abf103cbe9fecbdd758516,674643517.5564625
05308c4f3d0e0887e4a68a92,614515780.9223162
256a6ba3ff423a899229f154,559835339.0593013
097314d920292b46eab5dbc1,545854089.3827899
4ce0fcf14266d144c82f8d4b,538758454.3032833
548791b5faf236b1c03b7523,617803138.6190695
40ef1682158d0c3cd07f484b,803349781.2180039
7b473504c85e9cb576f951e2,626688622.1175236
730c7382d76a07904f559b28,439955435.0096845
e05598d3c49f409b937ff2a1,628207954.8651643
844dc89fe6588acccf0c7536,425117235.5884793
ad1492590bf61d2cc83b493c,692380094.6737617
88fce3ad9b8a965dc11336cf,402734293.78729033
b76d853ea415967415ace0d7,718310476.072224
c12c81b3eb12bb329466e88a,637628094.539754
4e27458d179a469435d02ff4,463125152.23589903
8d15b4bb1447eba7a680ef47,463267244.0339461
482c7150c7555cb35558398c,652938834.766865
e5d6be06fd53d317c8e5c7c0,471645564.44293714
f798e7105aa8aa66750a2c85,596949477.738557
eb24e0a0ebfbe16eba466280,571234640.027346
618dede0dbd48df4fe610af1,543222510.4903558
6fd936b82bcfd3cd2451bdfa,454032848.6956163
adbb5c4ba7be2903799a51b2,619557632.3924689
3a99197868ce338c738a3b20,625667552.2678773
d4c45f35f214fc226ec85b36,654407812.4615691
c3140ab2134de662162af508,383853169.00847524
0fe23ccd8e42605f4d9f78a7,365715407.8268491
8816e8101ddc4e704053e23c,652985099.4283403
64ecb100d7882ddec6bafbcb,582022569.8259635
9151a8c65e1f01ce591c595d,712940204.555427
c8a40314be3014c2a218f5bd,581314898.7618783
29bd4cbe11f44759e07487fd,516053447.43708825
72ddab9ba5f24941e4dbed6b,847604488.505122
1f18df9ee1b19359816ed13c,687605251.8430406
fb82175fad61a81e9b665fd3,863350340.8474131
dee2e190c4e2539124ac3ee1,650990855.3885559
0cc2f3a49dd703e7554ba638,653083116.4359912
ece0394e38b152e6c1571324,835747193.7138704
e14328c988a27176e9fc63af,907896023.3970898
a91664b9f15f9d6f262e7b2e,540281996.2995063
d54270fd6b09b38a978cd7b9,804808639.9278108
40c74dec061500aaa78f78b7,519235717.88663286
cbf6faf7b47b43b2a77b3654,720492046.1945016
52fa1eb3cc7cc2f77ff98764,461932481.4082297
bae512bdd3b04405c519bf4a,632872410.6366087
e7fbff0a25cde72a38e7c7bb,605366049.0304567
d3f297fadece964afe5f1cc4,603815412.5376737
2679ba671751ff16e76f1807,592213352.6328949
8059e45ca26bfefbb18d8e40,492210448.477925
9e7ee8e17b1e76965e96ef95,585448302.2105619
9039bc918a76e486041842d0,548386276.798082
1d7912750a5e345f7edcdcbf,464604081.2843752
4fe0482ad622080f55a0460f,532248170.1426821
953fd7541735fa8d9a342642,653882111.4805117
0b3021c156324d1e7974ce3b,866767849.7411395
b0a8e4b4ef6678e6b43865e2,626864177.1194451
bb47fda808b52f30364a4d6f,584823286.840455
d846dbe691d0ee3ac5c3bec6,910571329.6293399
21932b5a5fa65d237ddb6293,584823286.840455
07481a101afc1d5db45245df,821292813.4620527
d99c00c516cf57b6fd9e877b,446686809.89917016
6dbb494acdc64c03742fa730,615870268.8069468
35f69c7a9870ac62735d7639,646814633.6691598
2721f5495ef5dde16fd29cf4,608051440.8453945
0c068dbfdafa3429c71189af,499640603.49655634
f3293c4064d71f9322ca97b2,633853501.5144238
5eb268b95d7b6006b064f9af,652564703.3957143
e13a1c06ccbf814945dbc768,525838806.04114217
935a1e8c7e62ca9d3bff398e,533798607.3420144
f0c7ecd3b2261873d3664748,801999242.8893336
d2f20425e236285124eaebad,540526924.9850627
05926b977b5df59857194ec1,504880167.0329066
f548ef815603ec44f4629a60,961142081.3460377
6cd147720319f60ed2599361,688555114.2298851
6302477fe8172d08f3b4815f,442203146.2883478
b0af9b1e84a1886489d46b91,468951410.79074025
5f3a2a31f6d1838e0a9531fd,558238377.3785163
96786aff35713dc21f6bfe5f,650621764.2441306
68de232e27aa83405b4a19b9,950458231.8716683
8d252e9b0912f09703110b81,456684726.58194304
f4e646df504728ee1e6ad0d8,427080694.8455647
e89cf4cc82c5283f3db6f5f6,465437918.2176029
1bc2c099466f9a989266be0d,431625867.63700897
bef2008b362c4af1fc3be566,421921720.2046174
7988f76ba063d25a4f467730,566060992.7119485
391a98a344e894c6397d62f3,534687240.0074095
5ab0b8b0d6d93c4654b5cc14,603422674.3360392
305d6abea2f3e496e3b6fcf4,665565829.4796143
f512fde4fa3f1f7fe885de83,637095497.371974
c7b6e7a287602275f7854ef0,656612589.5087163
3d11a16b008c26fe43deca03,563718561.7226002
ac7f21d22d013874c362d440,670839724.8124095
c933750eeb53302db0245782,651585975.925018
766a8ff17723a5c34324576b,619663746.7341019
802fe3175a2059f12d7edb99,437915328.7263035
508bfd077c80b6cdfc5a10e1,658481880.8048095
ddf8733adb641e15837bd728,593234246.8418946
17914fbe0c3634dae8ce9d71,573913491.0784277
09e4397bf9794fe24d87d07c,685791550.659573
302918a3460b98acb64fafdd,556928328.2641051
a7e57a8be8fc8d8a844cf9f0,552844365.4779031
7b50b071f4d795c9b5ad7531,547782050.2644125
91a7bcd95c0c960e4cc22d91,573174112.538658
5d4a23137173c0e2288ec418,544730258.6140301
751ba0c00d4fae1078c02fb9,599243183.8430427
e6bc998ad1d87c5be3559ab1,524277414.3340653
53aa9cd32e2a6aa346d3d789,524277414.3340653
06f22f7a8e4e78f45ae81638,616144019.6935833
2105c17a4e2f97183e24aa4b,631455494.0091795
ec13a869c212c39b6ba21b57,609850570.6771431
0b49dedfb53ec812962e31e7,709697698.0504253
69e6fbd4d3816c4cc37b265a,764857057.691397
ad46f8bd482500f3bb935737,602686779.0046828
368f7a70a62962bf31ec9583,853564289.3637372
07412230b931192771072334,687715852.9931136
e63d334d9ae8b672dc7b7d5c,853564289.3637372
3e1c2c5b0831edf78f7b7082,687715852.9931136
226277c02e8532922a1c769d,811467566.9623908
7902ada9116a1cf7458933cc,777230171.40039
b21f6e217d6733230a8eb7b7,594820938.7433623
09ac622c303bce9ad5514442,434683006.97467065
ea63bca8e3a77fe88d88fafc,438669230.38901705
a3c7c54fa12d5b57dd997210,434228319.82120544
cdadb2607807935a0a5597e1,556372338.3101897
8d041784b65d33c76e5245a4,603349213.3606563
e6807209b634455bad257998,569206636.5191338
b1e3f1efb232cb0976506cc2,1073414959.4081446
dea95d98e8bff87b905f9172,737190405.0968636
44b6382d9195ceb3f12d4939,762179014.743442
41f33deb9990562def18c917,749796586.4335549
0a61250b2c208d42a3077bde,675391240.6751121
c714b30713eb7877ed3cd92a,384311322.8863677
bf120b883bfaf7641eda65a9,667204490.7422125
90b34ed38e0f18988f11d77c,729287417.6211859
feade1f4b3b06fdc12ec213f,689602071.8208305
00bff9be2d524083e3b3149d,614459474.7458044
f1e38e53ddb8a9d5b641d934,811221694.0563542
49dbaf0bcca86f32f86e641e,556269343.6153678
18539b6cb6884f753e0ac18f,526703839.53368473
7586a79a0151387a1c0cd85a,582959062.4110453
d533a334c2ad9d510865fe54,575754794.1858623
95f7bbdcfb59b4cdb41b0394,652723946.3273126
4a2ae08359e1ecd39b43afbc,625086625.9845415
e8cf39cada5b7755f60306d1,621962588.9473518
0489a476b376f7f6efbc193b,403229880.0649619
7b31b5e53015f8116fedb0c6,614294435.1342665
4c0892a39011cc6a37fc1145,498215156.17297494
92d7d4fa9fd09075bec14a3c,538029068.4591241
5e5ea93675900efebecaa19a,440420045.90366405
084de1226de9a6f4a6075c2d,548788615.4429518
54f16cb9563346e15b019102,390423762.63117045
512a6de80962ab797ed2bf72,708028405.639467
871befe27fa79fc1e1813b19,762643340.2597086
4e0b1df5e05ac505c701f519,478414676.9829357
37227e66adec69299f853e51,625834273.409643
0a0e3ee960f60d04ffd6bc0a,710334415.8434889
82b15a5da307865c7045dd56,665387197.7459142
44d596fa36e3992208292ade,514237152.0429086
3569024b3ae4865240973e6d,647063546.5676631
31d3215c8345d48ce9734c65,525727400.75150496
147e7f5381d3c951fc446376,626119374.7772354
77deea164a3a622df41249f5,422967721.44695675
3cdee5304896e4cb9604ebe3,498227136.802557
f5418917530b72c9fea14f66,651585975.925018
ffcbce226963f10da8c53fd7,579015274.9893211
2fffe55a1584619bd7c489f6,619663746.7341019
3920eb3f72b96fcb58ef778a,418041115.72217274
d10bdbfbd411ae625dc80611,441087986.6920989
d61ac80c0d4737c3529f4a2e,515125654.90834486
f8948886cb4cb018eca25d19,478967033.8281689
da5bf7f1c7b2f4ad670e2382,506157454.693486
f406c9c3c92e9b31310a50ec,606367668.8070714
171b560236ce760573a990fb,699149008.8725363
4d852bd93332172bfb081aff,699149008.8725363
2e1f7569d134a931098a2ede,834003043.6372579
6d8d2ba62c52445d78f687ed,457946187.44648206
65ae1a893abdc2eaa63d9271,756615007.2288419
c9c51c39725d7df94822fb20,445056227.73411864
56ddb54e50deaf650a25e82c,569358141.9411186
aeb330dede55fb66654901fa,825582539.3699971
4f4e3350c429c6afc0bb0094,689248645.4824439
39377d0d271da03ad85c7bd1,468223852.4514971
bda2fcbba2b412981e708054,750343878.8728019
eb89d0b7914010148e6bb597,577757105.291134
513d0ddf1ce44ca671675fe1,638789113.2785316
14cd5f188cf6d2433240b5cd,458821575.57661027
dbbe0b6f5eb07a5f9ec873a2,457621843.34213936
f9acdd3fa50068bc0180d008,439069845.1118341
4a85c36fb854e922936b57fa,415330716.94054824
937876bdc44c3b8fe063a9aa,445056227.73411864
001399d3861c5792ccb8b515,784052671.1974449
f28514aa4d6ffa36104411c7,471194410.0054798
3b185e3e31f7f5e6a1b3193c,616986287.1252805
f4c7cc4a249ae7037aa0b35e,722807097.6722544
b74a02ef5cc838952bb9afd4,730029144.1558337
75f5aff9fa70208ddd843779,646489641.4688336
b7273cac93fb7a0034039600,837838329.5343275
b73bcc0cbfa173c9fa404369,729083854.2319105
3c4c18326318a7207b589dbd,453969416.92266595
29a230f7dde5753e65b661dd,504829771.51633286
c083a5c64c4d6952accd7bdc,580212478.8315543
1cf29f882ee8b458b8f27091,699388717.7680072
94c15574aacdc5c3cf5a406b,502183550.71850914
661f7eaf134a5b142843368c,546454710.7911932
14a5bf235097782f468fbf23,495263572.6690677
d2d46c70dc048c92c8e4f09e,719749679.0226098
f6faf74c3f4e02a6b333b7af,614544968.6927414
6dfa362ff7a0d55693793db3,705750707.9549451
b070e3747bcf22ed67509efc,618879402.6690586
7333f19416625d6f4244fe02,573561011.3018715
3c86651d9bbfbb335f15b544,623698159.4489908
9d8affa93ce4dc7c1a21b3a3,635621616.8753903
eb8cc67810d95d1b102410b7,630618249.0827495
047f94605add5f6f84fc3f90,677065770.3835372
56ba332c82c36f07ba6bd271,942103110.7326975
5814a1dd61362ded4f1d8d8d,1095891848.1573837
141ac7bbe9637f9e5142135c,925378720.2225984
08db0ce5cd15db2404ff3d28,441267643.8918866
c38677ed0876b7996f596336,398853750.58436406
daa4d7da8d7df8efc1adc9d1,447487601.77870524
f15c6403c6d4e3676a607780,452588400.2222216
4d0cf77f8cfcada2265ac585,494100832.4373591
4caab3951bd6cb6dc71ac8a0,470597417.62175614
7cb64b94877a9361f20027cd,465817599.6146993
3f438d6202cfd4527bd8f983,450831102.17081356
b7763beef728bc2021ebb841,474585210.30109984
4cea8ea969dcc433fcb59d96,595246276.2926197
24fadbd1dec637edb728baa3,585363185.6084018
63cf422266e7c39a6c895b3e,660142466.5059693
dbaa5d47ff63125584bf7ac0,688656381.175825
da12ac932dd8a2fabade4bdd,644617345.2010771
f35538e95b4a567f9b834034,821960427.8884699
6ee1e976768b68cbc8008950,421954061.5080284
a910019b3d18da92b4c6862f,652680023.1537715
a09413ca0b723170c26652a3,631666272.904409
2b451da55be3683c33e4de31,571852253.8332622
561840990333852ace562b82,550057822.912018
b6695af1ce28eb50d7a2c25d,738511979.4324019
9327563b40f2a0f888c68f28,753555431.9304786
3438e5d77044f21743e56edc,715284516.0894408
63cde4fad1be942dc5ee695d,451080122.8950866
8e712705b7de6e791c8735de,429405195.5502495
85de01c0aa787152c77c6180,441044864.62832624
c9b0673becdedeede0209697,450963317.9402309
15ee6357e02b76367682d6bd,783132403.594941
5f284a75ec8e9c72abc76695,764299863.9789689
37e696957da15625da71146e,643193121.0516024
96a478c359fea0014fde607d,691603817.4712495
1a61721fb7306d55dd77b6ba,691603817.4712495
a7577260fa10bf408f1997d8,689945177.2452347
b3f8ffa761119a5441a44ad4,899963980.1097457
a5c85b445f503a56e0e2a924,913065319.9774901
5aac1a1d5da10b76ba4b690c,721055777.056489
1420543e2eb5f38e4d38ba81,1027626687.1735103
a530e3ff6d7bc1abe333245d,453740678.47215694
aa9988248c7dedb016d8b6ae,545580278.0749202
fe8ab5495cae81b5478026a4,540797063.5311364
b463c62e3c21e339e7acb52f,577757105.291134
00a5133e7373eae3f0be8f2e,438092972.8809632
38b424cb0e54f0f7f2745781,647265044.3522663
c43530f324a3ac90f53a8849,654648585.5040678
abf93b2418fcdac14293c9a7,481268787.40576595
9b1be976725ddd512cd222a8,758830579.8730705
9b7f17ddae12105d47fad7eb,713296628.917108
3caab5e89722761d5ab2498a,435980276.3859301
a2f40c8227b466249d6cb659,728935386.1782016
e6a5007ffb7c1321d4fc21a8,598345776.588926
0d50b435188b7830a6949026,498167973.744335
d4bee60a74c2e2235f507ec0,609760463.2756219
b474103c4b637ca25b5d89e8,671251213.2438276
ce6ddb82d2ece3b8d58fcc63,693369736.6880993
28403f16831effcb75471738,402988799.6123229
03f518e2e5861002772345fd,413031169.3425095
011a6d0f12ba108ef15076b4,403469221.6959787
93ac0b004ca60ea56cc2bb9f,427076833.4768236
1b70fbd3e46da8c47c3eed61,541931648.9597902
cb40d6ea6a1eab77a60c1ba3,544471026.5246431
87c73db5d50e8ec3a22e6ccc,618504009.6088026
9aea45bade274e4ed91ec301,456339618.0602997
43c22bfa9a14df7b0126c12e,564615615.0040873
6d848e54ee68e6d8f23b3b1a,478641458.0354908
e5cd7a2aed48057b0dc8d970,466260198.93405426
bc4b94c892fea57ebae3eeb6,488304508.37856275
e7bb12e99318573a6e6ce1cf,594871602.7227951
4b52ebb0f0a8878def4170c9,554308641.6764396
3e85b447edd3b23b5a0d3b79,632235231.7898878
15005fe7eb24aa25b9e3cee7,528619877.60274714
22e00f8057294350ddf4d42a,697112835.1521242
ddf2583bd65f02abf7ce3280,685416579.468218
704e5657734af93d19a0e5fa,716887657.9947276
cc1a11362066152d21d4cc60,651439968.7650858
12062de068acd322b610fcf1,457851034.6189118
e9804af0513b2f68daf182b3,585865282.8002676
f13d8f4b2e3114d71e5ed941,586283771.762051
11bccaef3431fc17953eb81c,595454583.8637847
ef2b9c11f884cc5f31c26f60,766378238.5111852
25986c851e13c92ede6c6d6b,880725524.7698901
37e28ed39a51956880d211af,849693653.0840468
9530217ea0b5d2395adfcc9d,970359175.1242365
d8607e3261ef1546eb0c30f0,615773977.0347594
22a025ad47ba22ea9fd1a094,540158430.0574136
1c88ddc21f3e8e4ca633621d,407012775.4253872
e45ba581daff88707ad842a9,426622208.2718483
d7e97cc158c6c54b02fe635c,561186485.380209
04bb7cdebb8b66e783058248,469810755.0965636
d60cf6dcb7b4b40077536604,796951555.4435585
85ceb648cee9f6f3d221254c,599549504.3818454
f58528d3ddce3bc6c71bfce9,685580465.1628267
c269765ece36cd93058efab9,603812981.8303212
919bdfeb16dd0bf67787d53e,463359197.43991363
ed8eacb8746dbcc3c2ef3aa9,567191437.0563034
15ec532ec6fb73074b9b12c9,478242181.59589237
58a724e8a0e05140b07539b6,690239754.8051406
2b7a5be93795a65d29970b02,775705367.108737
6dde9af12b6597425160a47a,856065194.1403738
f0ec99c13c61e89310ca9b8a,614388416.7971367
65c83da72c07b8e74bf581f5,610739390.5864955
3ecdb7a7d178b48361340ea9,611717374.3714918
af22669e3ed10470623fd8eb,747649948.3994468
748c981380925e1247b9e64e,629617246.3474747
78ab6cb1f62a7e781d4c4d0a,442319065.313029
e80ba06329760362c7685ca5,439155777.4568073
3cecc0cc43ef46670a8e69bd,487654470.720555
527e4b1b06637b5362c8f17d,635803710.0960704
cf9eb2cd0f20b13cc8816bbc,395098616.061327
4b3a6baf8196a59bac8c08c0,465782661.90308785
9bb9864a6bcff25b17477717,556537820.2962096
4f7d630c921cff500705ee5a,527711751.02297336
7b7c0544ece4aa383fd5b4ce,567043234.4721017
191094739043620c72aad2a0,576454932.1683198
a20435d582c7646db231e7d2,600845309.1577286
1555743ec7e2f38904852860,514778030.40025854
1c7452cfc46652a60b7a4f05,749810017.7228439
97439d5a82f970e7f50d51b9,765993648.5484971
7667cd57d0bec809417c9b11,634610564.5343214
103f6eaf04b44c4013acf097,743480011.7257155
e6ef433629e193042bd30f4d,804188699.652109
2ee7f959d069c9ca223115cc,1063356303.9418446
b46625b69fba1afc154471e0,765983157.9683368
5cc0700421954934cd8dc445,850669233.1203693
066f1b68f7c053a196662fe0,601090270.6196419
645e1c7b799a489887086a1d,801999242.8893336
f426c41d6d8bc99f359f480c,451034731.44535875
d1be4eae680cb16d0c842606,961142081.3460377
57a5f4f83a474ae156f207ee,652564703.3957143
53eab0ecc3ff098d55666699,794877012.9039712
54022fa49ecd9cf290aefc89,643472044.4895401
545db4962e6294cc5ed07727,758830579.8730705
8e17bc9f09099ba3138c232a,627687895.8301741
3b4b303bbeece313f92cb85e,686386885.2354931
d0119d7bb15452c473ed28ba,622629988.7016828
1a36f98c62f5126c8064314c,677904867.6124818
96a77e8e42d676b0da3fa572,590092503.4093274
d7d6f668e3e40d957163276f,445118871.45268863
5b908b8abd8dd0862440c172,593464473.9141012
81716dd4aedf72a6a14392e4,494005279.599354
47d252717c4bcae3e1ff19e4,644819936.5669423
4f0b2f7e4d787a108a4d2537,501486579.6273061
90a43053efa1d292af692a87,532028178.84042174
c3df4b9fdaa4dcb13723b5f1,656008628.7033473
4b905620f76873355d317dc1,714269915.8860418
ea16314310144a10c81da9c7,590584796.3952962
0e5db1a36a521a5d2912b238,576529779.0649803
c53c58dd7b26902f67c3becd,506223312.7262663
6c17875f20f58b1fb211c18f,552473600.0606732
200020552855ed39d1af999a,574412012.7428763
b44b862cbd855d46954eca5c,580770878.21311
ce47299ee877638c4729f60a,600446344.8320526
3a28bf9841e6a9d3f1bc293a,678032705.0041516
3a488b9e24d9b8fc7c222e20,417495200.79421645
5469c33200ffa87952b356d0,549150597.1146846
b57174dd86ed451448dc501b,519056499.89281094
ebe09efa32acf6d680341840,577456014.5919342
33f7d5aa494288cc90d60456,839913547.4835341
de9a32ec454c2696cf75eb0d,507500965.3939262
df4400c44a166c851ff46eab,630849256.8614691
5dcc8f6a6854a864dcd27a87,450705449.6705482
bc08ce9f24533cd644ef08b8,460041066.5790172
2935cc0e053bf558a8b73054,450705449.6705482
f08001f2590d7b734467c58b,500016456.2591865
5a9892659590355b91442979,531980886.35903883
ea34dfefac91681864c2bfe1,584917540.309334
ee3b5d47d05a80c07751f7a1,676929161.5866841
448ad01af4c5cfba3feeab26,676929161.5866841
bcf43ae0b4b15ae168abca97,650701843.0781008
8ccd326e4f515bf7e817a14a,657711363.6904098
94535dcf38c9c6461a73db02,436938844.30994374
9b3557302e940d4da341cdab,654997893.9939971
edf8c961862a4ff8e1e44f1a,695343070.5910137
6e508fb72f189a4fa91bde58,663304900.7178423
7d0a4771afb00cf9a38ccb81,1033461604.1862885
8c32b6b31d1a1d5736c4df61,810126879.5257581
da782fc0c8a79e3e250f0f67,543596182.3822026
c86e643b7f7b57b4482020ef,514140940.92320436
4632f1e8fc93e268ddeba07b,531694545.57424927
2cd372392fda500e6526695b,614340504.8681105
a05ef49ad8b2d6c466ac7412,650881963.3914138
9f50ed2b7e40847ffd877f4b,623301343.6692584
c00083aa30ba7d953361674f,608573557.6381738
50857161c59b991304f5c55c,652936805.7806638
3676f63aa0ab23ca7cd344b7,407331229.24639755
3710ec95af4702c45f165279,528703311.05320865
16db516a238934a730ced1e8,541028511.7970947
d450dd622183c7cc43a20d70,445268110.28656685
ba84fbef80c8a82895ec599d,1028506559.5242757
ee85a12b8f764bc15164dc7a,549807917.7017605
0038a3b703f4ec779bbcfe6b,605871386.0532354
aa643acab634ee591a2a43ce,546605749.5432966
d6438814f4ff3853bf6cdb13,708653168.0522012
a37522af63bbed2f4d10900e,1027496984.4894886
0b715ccd3b3e01444b855857,436703185.25687
fbdb9caee4455e99259cf921,426183223.7787779
b3c02569b8fb721934f51c52,484228202.0579534
c07e2ef0bed4be12e41c783e,433817804.60578424
1b4e4016cb766bfadea42f73,440821656.3238718
ecf4e968c925cf8322f8a0bd,413410714.61520034
6cc0e6bfd30ed93fca2bb217,446882687.3471146
3e7f514983daa92e49a7c87a,420186311.4282978
97a22807207cdfb341d5c50c,468943753.1836516
3f9e95762d2f2056e9716039,553195890.5307661
255c5b92d71a00c3a73b9aa8,446445161.1225734
58d24ab99d74ae4c449c90ba,645675971.6578996
51d1df6e1f28c40dc9074b74,801091646.4276061
16261339c3a99635717fcda8,671388121.5712304
1475cdbbac4aa486266e439f,732932534.470428
2a9974fe07b1e4427e386e06,628618132.8970944
cf76689ebaa20c70d9db4d51,638722589.4343997
f9379319f992cbadc43b9189,649666375.5784644
62313cfe4272d263173e1ea9,723593721.8535651
b2c62bb0cf8d210dc4635653,706388599.6162436
5d2fd288d33283826210cb90,970359175.1242365
3454ab4ad567d2d22d990fec,599227910.8049839
58be66aeab226c35330d57d5,652450928.0934433
315ea6fbd6b3261cae7fb900,684511831.9253856
6930d8e260fafaa5c317dc82,467295191.19885325
0fa99fd0e8cebb71a3bb0871,407850475.73237073
fba946e4ceea37176170835b,444266530.2180763
b53d4d8d0bd4a0ae84fbc22e,447009809.53464866
8bb1a2ecc997779d1addf12c,478992602.8059821
6dd97377cbc262b07ea2eb99,425002544.20777154
5c50853824c890a5a7f0cd70,433325221.06490564
4c3865a97f5877090e7a9649,574886721.925637
a3cb2a035f98276076f2d848,470633999.9738742
40d04ff9c405cccfc82ed5a5,482357525.85466444
22caf82aae904c79057fcb3b,469994290.82487994
eaf87358d89af17c3e004c21,433675507.3487443
9ab5ef2c5650c4bd05248990,440348633.8148359
d96e3063ce77ab1235e2ba26,468749624.12358135
665d62a8019b27bf5ce6e6b4,461912464.45112234
56234f11aae98489ae00a8d3,430720962.6294198
76a5158e1a5c1f9fae8ee882,475311821.71374875
d974970034de145d469d09c5,443225207.0389916
7b5db1e4f4f47b4bf7c827ee,507715100.25873905
73ff6ce99ba5dd8cfab0faed,452060891.3640661
e1cecc8f17883ba6e2723826,465473763.02317613
857870b1412b84f0f19ed751,430482845.16438675
d89dff35fa1944191aa9ed98,824988679.7102515
86b89233e0176e034ae3cb7b,716591604.9866399
dd3d529f3745159d9e7746b2,616178033.1573436
af10ec1529a63d0bc10b056d,678530584.4065567
a2645174e4e15c49331f576a,610546981.5158304
311dcf366691c44243b7b89c,841741271.0467901
4cbc74a93e33f7b4812e1a7c,592289703.6531612
6e0140e1d667cecd155c6e23,627914199.6846682
dba6308e2358f30b7ec33f59,627925414.6421283
761ba98d35074faee3594dbc,684713545.526339
b961220d34be930fada80887,748797773.3104259
c9c3973bb37b5c688a7c0157,696232449.7151982
79a0bffec81b17d606a606f5,610546981.5158304
135f6f92c4ec95847e8840eb,645987949.4198538
05858b1e4445f56f22e1f4bb,653721061.4578767
623b7d96c0fa09e50148aa7b,586517445.7800939
e61e5d3288f02b904d3b1e38,607258177.2229832
0d173e7afc8f8babbef6ae97,647929355.7023995
7635a792e5002ab99ceef583,723846132.2815666
4da93e7126354a474d435a4a,685461975.1575174
a4c71322f79dbbbedab3191a,601465860.8608768
57ef53ecf8b709ddc05aceec,566759855.1891907
65c3e09ee6f1ef0500ca4316,822282092.2439109
74d0b6e87c2045f95fd493c4,775181567.8949347
4a3d0390e005fa5b4c9403f4,893368288.8974037
a3aac701ae444b6d91b7bb0f,754668123.8182172
4afa3a1b63c076123e7a5279,869057093.3497494
c97adfa6f5ad3e3db6b80edd,813528433.3666925
58cdc29143b85386c76bedbd,915280790.6615592
1f81176d8a0c61a7177c6c2b,737942820.8461015
1c2e69465c75fb3af2d57351,692039033.127183
7a10ffd970cc822108ce7cf0,972571879.6677216
3bfccc757ef82ff2774f2db9,718179196.756148
3c753ecb3a4f8ce43077a6c1,967770179.6519275
100e9e2623cb0fc52fb08813,817361409.4193766
90a269d52e47c1705f9b6cf0,823385315.0904359
34f4df9fce2ec05633d0cbd1,529811356.3210779
1e4fd826fc8693b17f6efc3b,1018410574.8936789
efd9d848677015f13688453b,421453080.96404135
07cd866c871333283ecb2d23,609895274.8110849
76a307d6b36b8a51115e91b2,585611275.9957432
080969c751cb94822aeeb755,385634839.3514185
1e37fb708b70b6b5e8fb5cd2,487274863.36510426
4e47d2c8ccf9929ad9c84544,460704560.29856914
3c877a0fbe08cda958ff8f46,617470672.7531215
ae59a0d6441697841d86cfcb,469146067.67154497
2fdb80ee4f9a35663e92b3b2,531186435.6544199
3a513410a390c75fc14b0b3b,409585568.94668895
0616401503f2ebc05af7ce4f,429429246.2082656
98b973c8597d5805f87dd074,540301042.1870626
7063abb555d919d5300af3aa,699617989.8158998
88c4b21ecffe12cb6c408a6c,562054023.0195647
75a4421cced1111492d00298,432345683.55561393
0482cd89d767b3b7de976c3a,418161266.5785625
bda9e5d8048acbbe5a9d49ea,434578498.4697383
2152ed6b2b2eaf16ec272cb6,398751580.60946625
9bf2e0c1bc82010e92da2540,617927701.6915889
110af3c21ecdf156898c7c0d,786593865.3884518
2790ead3eba9370f00024472,546781449.164597
9b06c7cebd33cd26cd6cc089,1031400993.5419445
fbb89795386c14f5088fccdc,744630154.6744622
e8a3d9d6134ae8d631791e52,1027213010.8195872
5c535b7d92e34c0fe4b66891,725887217.8716567
d88544e4e85add30aa795ce6,497962542.32051253
01b78983d268b52137e5ac1b,420414528.8214548
25414034e50ca33fcdcda4cf,602027607.7065048
2212e0125cb7f75390020951,715683159.5665178
a4d5ea1b907e98be72b5c49b,530486815.82318676
2df90c0a3e2b9138fe276a75,731063379.0626175
c520b7e8de3796450ce49a30,392803661.9799485
35114fa32397272437e67a54,429041524.2128784
bb5726ac16b4ade709151159,466852570.7633468
b4dc6733589bb35444b74c55,693893534.6580837
3b0b0bb06d95c5ea1aed2d95,497425949.7510887
fb7bd85c05cd74d945d22de0,479692792.84084946
6396667677a878ff61e1b536,526266786.58531237
47b5804ba1a998c3e7544092,700252056.8489344
ad4d91ed26c1fd5702b94064,661892328.2704388
2b802261b8bd839aa0b04b16,741068828.0431639
0bf9fe130da23aea7142bb7a,755578482.4024934
90511f2411d4a37a7224b995,617116287.8442891
1355fdce5b97bb36da15734e,699493036.2865776
775a6affce535c5a19ea5f30,681340844.0999246
e36d70d72c2758d7fef242df,467210748.98965853
2fde05df6a3aa9f57385e6a7,446772545.4256463
5e0100ae728e347eedce5b14,961142081.3460377
a636ffa140f80412f003734d,631710307.1571994
74746d24b9bd86e23338bcd9,652564703.3957143
99c539fecb3bc233288ff905,758322091.3390845
44760087930212643641eeb4,921349085.6435548
2c5d940b5ef2276f1fac1ca5,801999242.8893336
b26f22f1fd5a991ecd1e07f8,544672455.8229554
1ffafa78622c45ea4127ce82,559191398.6352838
32a555016892e7a74d231545,590092503.4093274
8d06037db08d0754bb67da4f,601090270.6196419
80255211d99c72e343b32798,750639436.9855964
070062cd1c769f3be9255af1,921349085.6435548
0451f65828e628c2220df77f,686386885.2354931
d96f6225db81dbf3d1a0e9bd,431493484.93390626
b1527eec2e6709dc51e03f9e,658436910.6696026
5464fe43eded098294d634ba,617116287.8442891
ea37ad89fbe4159940586718,406579561.8321513
4057a676e7012fd37af9c3b1,467316930.2688098
51273a81121232e7f30cfd1e,391689635.7439169
3cfd9ba5c6993718c0c532ff,425453595.80519193
8567e677b30c410df80004c9,584920364.5389103
7a34bcd9f86f5036b526c3f4,480460056.96139526
3dda25226646e1e91f4c948d,480460056.96139526
a2529027db6b525e365e7be0,469304887.48007935
c6115d5e908e04e67915a581,617049857.765644
8d0ae601094562744c8dba4f,494889577.653149
55209683056fe2f9faef7fc8,488190451.43582726
e840095310907e82a159d683,480460056.96139526
278fcdbf16e3064ba42c6785,858790798.8179592
74af10afa02e7724eeeef108,859660661.3411022
b763f71e8a5bdeecf0f3f0e5,428063439.1212834
5472d536d1b6b731537bb67e,489836483.0656074
995ba6d1fd63d5160fb18e71,716827069.3885237
f424ca724e7df1c37ed78aa9,662755178.451041
c2aa451b62293042b7244fff,564332093.8518909
d4ca9506161d3f4bb3ca57fa,416638450.69890034
799862427c1f335eadedf4e8,398362668.1337954
1f3b3bd08063993c23586c93,477748998.4340607
817422f4c278ff27a22b05d7,462401487.91090953
db9798a3f9ac287754f3ae01,682320861.2620559
7ead45d1f505649429904307,583665700.434535
ac7ab254166442188c6c5c25,766560458.5823227
67250a8950aebdbc67f7fbfa,650274909.654189
641f4319c315cbb74872b8ac,408322842.85902965
710b0541a025b1b6a5a80c41,377250362.8318046
a10f459124248ef30f290cad,520329860.04743326
1aac53220223d0d823e70d0f,432068149.3185218
9d0ae0c4dc11d8c6d94e545e,573231434.1674842
be685d2954b8c7337ec94942,428283077.7912029
e43151473292e4e98f121f63,477552542.8768711
e04fab3d74d14be3b8dd2c8c,573758936.0289905
c77509a6eb6665bb8eb07d95,589826592.2386185
9753470e033b35407a2eca2d,785180164.2304659
825f57ad0527d4abf41cffc9,613626714.3642864
0d8074979d302868c2534262,936249800.2929196
15a3e60c7a5d55243057d7df,486830083.2233399
6de06f867a28393a9e95c7d4,419568417.94885737
4d418d0079828e244dbaff5a,529712444.9082745
2de93fc191360ae22b0402dd,549698623.8167549
86792949f2e6a347208cbffd,457922079.0034993
6d8a0768adedcc1070d28390,580077798.4277257
459963742bbaadbd9db97723,677259117.4576678
235b10cad7233d579a966948,426980346.167334
4443407341bec8b7b0af40b4,743384669.1126993
d7047492f4c53a0cdbde60e5,801771457.8869758
5541cbe23acd6ffd4aa0d939,602686779.0046828
1d0853f825cc0aec6f5544cb,638833776.4231575
f016623361c6ccc5163e79d5,832571687.6411166
d280fed64d1c23ac9d79ce20,648114034.9986683
7e86f11cd63ff6c8a3c12fe2,731505560.0099033
9d7f161ee660b1bcb54574b1,924315798.7263987
a0722c5527c6d3cd5cac9477,919944403.9464502
278a2cd98528eb1341a6b685,521577460.1453153
b755f88ff3907bbe2a417e07,701170530.3019488
2bb55b0a92d62454867bb158,913854955.3215866
960c9349b6ef9b747ebe5829,888153295.9499251
2c8352c418097f82a50d9bbf,826958205.6833154
47d7ba800f164f397fcafa9d,467744537.21447027
610061a0e67aea7d222f08cf,957545557.053378
a33de2559b5f56d1b3cfce08,480819376.89165765
f020fef57e9069e4dea2d71f,906613439.8317759
883f095dd3f7e972d7dd3c2b,603547692.501073
b0b784bfe2d3c1b3b1320613,700105355.344566
1ea66dd4a72d93f5967be730,432987379.418761
90b04117887941ac898a67a8,401689251.5926462
022357a3d48ea87d58ffb46e,412977966.7435694
292224fa68b0303a90063801,519796994.9343956
6cf924390dd3ed4454403887,485705872.3689806
555a293dbc104e00f182fe34,528485473.49205184
e13ef02a57d35f71a4fe6121,447176887.4251162
c82929467d22589ec62c0475,579693312.9325709
18a74c9a49ad381aee5e02de,467620477.26547426
da40d46cb91d9e59fe12e6ba,500221964.8518062
6320f26d77fcd56675db6b97,552507693.7337584
3307731f3bc518012912f1b3,595735506.2849672
ba94572d1e050bb92522f112,567608891.7189339
6e0d6bcb01e99fc4959d3f7f,425848828.95973754
dc3cbbb2fa00043d02958219,462177530.7196392
495aa774f4db66db6df30e93,452721997.79985476
6ba298925ffad32daae55385,488252075.53218275
8df5099d856c7f9de43990ab,583559439.6172123
93c5c5d9d1e99824178be9ff,462577520.28211087
ffbce3ccf241890ec95104e4,425537055.086413
2c03c38782e365e68b32d6bf,542306513.4937245
7734421098413f27fae86fef,578551681.0600392
2b50969f1faab80655bb9104,538888758.2396691
025a98586386211b1519f9be,440478955.7601225
6013b8c04f7b9fbc74ef1ec4,523007622.22177696
11075db1cf9899c8640e1b90,543309381.1004331
61ba09084039a467410aeadb,451278591.7034912
eb2880c2433c4b2500fd40ef,457585005.41753227
f7f8607535159c82dbfc6c14,432489034.4757945
35c7a7c0ace36f4b95423c4c,565588729.7133205
c71123c31d02408cdaa74daa,478242181.59589237
dd8aa138623604829d56ac2c,425848828.95973754
cb94eee5ecfc75d0fd5ba6e5,433112096.87372446
ae6bfb4eb4770f2266e3b961,533808252.16829747
573ea1962372999346590c0f,654683289.4425126
9f7204b4bb3ffb8591e3164d,640657457.2706863
a4410bebf9843297fe32d63c,634980002.3124737
2afd9dd680803e3c12d5242b,684995501.9249686
a7618c242fd918ed894304b5,606456038.8309373
5ebc5cc2c1488f681cd119f2,698980660.0244534
cd53a991573ecb5c53f47986,608731743.5889467
75ecbc0c0e8e76bb8d734f60,687443637.0226119
47c2934aaa5934c68dcb9e51,859854824.3727757
386ad1ba1cada9649f3415c0,650243997.226863
9ca0839c9c294674e86eb691,642641478.1138777
bdbaafd11259af6300321a89,623748602.8418345
2e41ceccc918145dbe7de0be,549865532.6092255
11df35a3fbcef34e47747e38,629443918.824437
b0bcb64f2f2ba69cc712e0ae,617765435.1628698
bce0a4447db2d54d36661011,655923358.1272658
ef7ba10407cd74590ea3fff3,724140792.6451885
a743dc3903eaf3576046ef3d,689175711.7780795
b3d072ebd7908688d908d350,610478386.3067353
a48abdedbe3d132276dbe403,609492348.6148784
c6b7e739125907c86a8997d3,714889958.1049432
813d9415d9abca46ad4d92f0,587019389.785883
c631f8920a2fd1160f6b15cc,691998293.5202894
16194707d4e85fe332411bd4,638834892.005634
31e241881acaceb02ef915d2,659083427.3331494
a3f1214ea44063ad10956fca,679019318.9816136
ab086fddcb949e3dc0ed9b5d,701391206.504922
ec4df02b32d90c019125d108,671893234.6531698
09eb808ca3859318d6328db8,621909492.5847356
f520fd12dd3ed32ba78d357b,750254408.7958332
0a2f7379cd1bed7d2d2d5a01,638262484.4664513
30652905d3eacda34ff61a9e,561110328.0545372
0509650d34981639b9c64a22,555546173.6589143
77cd6b199ee485314bc74626,578472524.0838825
10c836c2e566dfe9edcf3d8e,736706069.1376599
e109ccb29c02c9b35b789c90,845426758.4967897
2d60a221b478264cab9816f7,806696939.3528287
d34c48ffe935cec3358b2247,678408034.8096726
9cbed1ed72b444c22d8c1614,706541746.877245
735c3aff4c151dbc32f9a76b,761928961.4585354
a4b6ceedaf89cff74a292ab5,813190086.6307445
052957f95b6e7b41bc625009,789164015.9586699
33a61cda27fadacce0d1aa7b,777678615.0488067
6c3bc8c58ce67b8bb9f5894f,800787319.3443022
1988513503246248b80c7f17,856671395.4745936
57c29184563b31f5f752c5c1,933184410.5862432
bc6a7d4ceee8bbff9ac5eda8,738420828.9824862
f1b7ae24195b4414e6d6a001,938020429.5768464
e7b3ec90b47c9e6009ca8a75,842135574.4801863
39b62c6fca161b80bc6726c4,1013696393.7567359
55163359d7cd910861059389,1037016820.4679629
df35908d6ae2847dfc73cf9f,826596420.9862195
ac822dd448e04e9f8dd1721d,734587044.1057558
7e86148f53beefced6e0f3e4,607724206.6908022
6eff15cd6372aeaab2e665d8,516171068.1766977
0a1af9bb571b90233856289a,649869515.1946808
b3cc5930a3cb26e35a45e09a,636046746.0904363
0c12f73305bc7d72bdbd9789,495398004.6892363
ac048209de77cae737d60545,426714830.34699273
9239fafbffc066dff0811302,373865594.1908441
8e0ba427ea909cb7943929b0,431937248.9193993
b3c99f30b16fa80cdb4f213c,552185795.2080885
d1dc16c82942902c668a5c9b,565985211.8505404
5cfc9e48ab90da0f4e98a7ae,755505887.7697817
9abad9f79352ed42d1a9f099,438933934.2381939
dedeafb60b4a39950e7a984d,438933934.2381939
74cca5cd08c4bbf5d0404d74,715328875.8668364
b6aa1cb0187c4a1715517fca,438933934.2381939
e22bad460ec1bc991f14bfbc,692713068.5535109
594d46a91315527995cbd807,697973058.4113252
2c0b4c8269cbe25a4e85e049,416824513.92920226
1014d3a98e886e1a7358e29f,482686253.79330283
73d6bb3d6ae08921a6117f5d,432129287.4918838
de3b619a7c80549db6ab16af,474844244.3829852
da34d6cd832009e428d2b467,412579368.79340297
104722434c2deed04a901aa0,438663187.0050103
cee66eef685e4764b9553a02,452060891.3640661
58b40969f1b73182cb6d30db,452060891.3640661
964e9c3f87176e761484543e,658348621.327249
19487167081a9b0dd09d7975,758683142.9048893
7d8e345c9b16d0fd69f848ea,923592973.5265255
7d4ba999100c8e694fd820cf,662816209.6956644
c6b157e7a6ca08d04ec4de4f,473812783.10460865
84ec2d5245cfa146dab05065,668009787.5087144
c844a386941b86a3d4c0312a,416123419.56867296
0648aae13097ac649fe714b9,606035455.3402133
34f220a8ee1f24bcc5790364,411801470.9358197
d12eda0ba04f846d73cd7acf,1075037826.7630544
c12904320223ddd043f39c63,407331229.24639755
8bce0097d22b34a804b502bb,431963253.6976043
ec1171cac1eee089be6f427d,427632190.8214048
5d85d77a06d0f0324d15d162,786593865.3884518
0349908483ce628a0a5fc164,842192030.7945542
d74da3bb780515b1273d741c,744630154.6744622
64cb8fc8412c9247a5c243ce,1027213010.8195872
3a53919313bd750f2b1af906,848383953.3139935
91d265ffaa6b407e9747b15b,791715817.7784144
1db1d1b76e09197dd915a8f1,1104322958.5026102
6645a3080e5d10779672d139,629209183.6938897
3ff6e77706eae698f86eec29,670636353.5906293
4670d21fa84e40184f03d5de,414620189.75117457
ee8bad3fdc93f7fb79c9cbd8,764605872.5643969
b624f0438025478c9f66fec2,853478563.2385767
37dba4927e327d3a4a0c1d36,470719327.34093034
8d16b1bdea35630a3b09b192,470889664.4980991
d54a4c353cebf18d452be515,423022282.59935397
c402811ade75f5e3dee73ac3,449156583.40295297
dd926903e87d691a0f15dba3,601687660.517985
cb01687abe09df6838e1b224,537639017.7206535
6ad3e1a47d1055b55d14e091,514661991.1856023
b8d50a94e8166e471fd8282b,525040298.15972763
a77d82703468f2f9e8f2ea0e,629868598.5592817
5d2be469f69f31090769efe3,655694638.0924897
c4e8559ee733a551649a5dcf,721015898.0258518
5996fc90f923d6e8527097ae,598893354.4886762
32d5772adbcc785ecbc2c55f,603684975.3821685
5f088237d263c37e78264bba,637609203.6761625
799afa0396b9f268f239db51,397046844.9846324
bd23b1463f0936d2ced5fc67,635683320.8717473
8f35a5d800d98481d7a8b6a4,533597561.88981473
371b5ecf08973fc6e6849d14,514184908.789703
fa70a55dd0e2053a1b566de1,439513592.33499384
584364cece0bc4d17f0e7fac,432163093.187987
cd968f8973a267790a38f2f2,424878457.33054215
c46b122728ef4c9ae8be444f,518722379.44490296
4056182cbd8c12cd87ad9e84,465976549.0481691
6ac747618b6ca674e86cd275,487824204.4398815
afb02897c700dbac941ba8b1,467263294.9464323
198cd3f4e9be65b83f01ceea,496795772.6598564
c92bdf97d7f0a9a12c024406,496165893.2289905
e00e5934d1941490834c3145,623634452.6587154
5b139fdb19ff722a846d71f0,743222136.1324489
8b554961129384797391d1ae,802723681.396762
854e27be18fb8f24fd433eb7,661892328.2704388
241d9f8599ce6cadac1d6609,695976128.4511899
b85b37ae83ef95baa03752f9,790500146.7084264
5b3ba9e56e24e08e1f81e220,486129810.49642307
58c6518f9d2d0526d31e7566,454258235.28627086
38a1e2050dcab9b4c70c5e83,511441021.40401477
da94e4a5fdebe3ae7bb1adcc,526877742.2640544
49fb2771ea6c1e8950cc9a57,550882316.9758583
f2b67c40a560af8729bc6072,521837337.0523849
13fc2dd1cd32d9cfa457a5b1,713174914.1056318
b6ebc3b8408793f5058cbb90,603223607.4120204
75ce506dcb994b10497e6816,730663140.4060256
6dbfb281abaa9a6956c080d7,369638343.4444527
af67a68803a18663e4b03eb1,418626746.1232603
a9c212f77a048ddc33ecebba,433424101.77844465
df89fa06e32e90b0b6c2014e,479846443.5563866
f20a7f264a8285a75dacdc1d,651206749.3886883
61a363a73f3c93aa1775c4ff,723059534.13222
d8c1f7303b205fbaba2890b9,428812159.58721966
70962daad7cd15ee8af564fa,866297250.9374489
087caf4bce7b0a3fe3c47dc6,498100905.6713391
5d2200b04fde91f830478aa4,427495261.4997723
821eabfeef3dcc622fbcbfc4,400013982.3861068
3d722d960b860b4bee79ae2f,498039680.7732372
4d3d887d2236c2f897f3bbd4,481253788.99237955
7fcbcd9e274b75a157cf5d5e,553280894.6372453
88ea2d2d7cb6d641df3ad76d,743220750.8800918
c06088db17767866b7f4ba7d,782293339.2647752
e4a9626b1107b9397d0067aa,691806429.5110809
82abb1fb693f34877bf1327e,788867596.3028022
3279efb86571efde18eeebef,437038515.0025511
afca7b219d52b22522abd00c,533338302.80510235
7712f963ee37e91abb7342e7,600550459.5881672
2a2f455525c8e0bd709db91a,717333823.1358114
833ded72a8cc9c0d606a7a74,691854706.8368948
f3bf0be37be6292ba0a8736b,572284074.3776186
c06c8b6425e3a7c2d7481e42,440900775.32564205
27d4f17375f76219b446c092,404022407.55731297
9b7de95ec90da0dc8cff7011,510575708.40252125
8fdc9f203c3de5d486de7ba0,440797942.37017214
ebf2d540aff82f1aadf95f9b,470432663.1793784
51c48d17e774d6cd84f4c355,456339618.0602997
5c1d1ee26cbde5b766cb4ca1,457851034.6189118
2d26b8360f1da9a677670fcd,628618132.8970944
ce1b06502cb0c5d9846cff9a,465236218.65870225
3186cd0a3125adf3b25587aa,745921366.8903233
f839de5370a225ff993f5b2e,551739353.3338156
2900dcf3f944a7fcb33aff36,639975925.3150685
3f54091296f773f5a1bb240b,615231470.249159
499f6f4997474415f0bd596f,639977425.4351892
110539d2ac34e5180e3fd95b,750867083.3547211
dccbc668caff517f649cadbb,1006662423.4457556
823c9c7abf2d00140766a2bb,790885117.5833007
94af5eccfe170cbe7d428184,607529102.9103128
dd21457e18f07d7a927c0104,438192768.7696095
5219cb469fff40cd9606bad9,397995981.5069927
5a83bd697db5076016c0671e,476919865.874215
2a1edfd6cf74573521ed74a1,452479792.39108515
40aad45bb7a980c9c5e1884e,566859503.1658896
a315b497dd8e80464bf0480b,608926886.722542
7095d576a0b963eb340d8fdf,452260883.9460475
9d6288cfead77d622f5f5b95,760160595.8583732
4caf356c110a50c6c94f3eab,575616302.2674642
23101b0002252f3d4b3e1d5e,743258158.4693222
8d1f7b0cfde7e496e7bfe972,449786855.04333276
28e572584fea1555e2a517ed,631572064.8594339
6666ab486afcbc162fb560c6,684103726.9102701
b0978c973ec3291e950185c1,716538320.1710477
d6cfd3ddca2a59f0b6999d77,462535197.37932473
a77f5c03a98636d90f50e11a,771399457.0835896
e6387696767d20cfa4918ca9,549999689.0179875
1dc0fe5bcea9d08874871326,447237241.8676938
ccdf0abddccb1a670f31c2f2,688684828.8704932
3ba769d65f02217656e0f5b5,605439078.1522661
628b3b56449724e7d945351b,741482489.4932512
b47713520859d58efa95bb06,610804491.6687208
e6c6625db90e519f9dcf1b23,586358310.5578728
3e1a1b2a518d3ca2fe3950b4,488352973.15750694
24849579dc9ba7fef1b24396,468122918.08778054
6103571d9525ded3c09668c6,430306405.38750434
a678e89692df9b14da9f19b2,487036619.9903013
47bed52dee0d311ae0016b08,698681157.7977877
36c0d26b83e575a500a6c30c,465153978.5516152
34447730b60ad12f4775894d,784674015.6452712
aec1778ae3b5e60cac280b79,608346295.8254495
d95f38f5d1293c74ac52e823,784674015.6452712
5dedb7b64b6ad0b514de2bfb,719146769.1704013
60c71a98253b5550d773a529,549999689.0179875
099ee1a7c91105ef46b5e7e8,647361250.0069665
b56533bb19eefcb244e69470,714948458.1801
62f46b8989bee43db86ff589,417006451.005498
4d485ae48974213b1594c905,749703751.9820056
c627c6287efaeb6fd9049312,430553436.7428589
976945e68af6a66f6fb0850d,458369074.1248396
93e443a5b3864d52765e6484,774064391.9993215
6ef9ce7a53ba3bd892e21f1b,559803189.7856586
6f3041147f930cd6cd4fae05,447838789.6260416
3917b95a3d05a5e58c117f68,480827007.8675721
d61ccfd4239026feb484cc93,414587581.2065739
b443781523fa0b5be4ad7739,504682854.2200038
6f0fcd78c473e4e04fd411c8,636509117.7767184
7f134c92e20aa9c6f084edc1,482464624.7506467
75075631f0fd84fb0ff49417,649025701.8617048
eae4243c274735d616c6b9bb,759976736.3205843
25d233d2779009affadf5e91,565987966.2083743
1990717d8c7aa8e732bb1165,794500841.1460642
71b99de83d83dd970b00f07f,685534034.3681327
243ab5db6e47f3536d04d312,671500876.4851605
61cb98125f43429f7f93c898,742596334.8626097
6ed772640e5a311cbfd17c31,495151265.86400145
d9f0b4c92bdc9476f50638ed,429041524.2128784
796eb5ae3ca5b63c9fbb240a,692467614.5115666
e6f3eee9f5048005f24f0943,661892328.2704388
291ff191bb029742387a72a3,685683068.8621695
829bde7f8716daf76f65ffab,720238546.8652546
110a2f124bad0f9381edce7d,910560407.6759148
76b719681617ff7f28d33df3,715068463.0651543
eaa6d58e226904e9993b3493,568620138.7894485
af3e3a83257eb507b96b2a1f,674527532.0003862
43969367322e86c68b51c2fa,431210097.28677976
50fe589dea73e764b7735938,406010420.2885126
13c9960a03a1c446aa5515cd,463584487.65184957
e7834f52ebad3d3cd00d069b,467469073.264467
fae37ecd6046e53ea121b1c6,496046830.794577
8a0d2f8860a90322d6c3b61f,457821219.1515636
008c7a02d158f3b17ee8e015,429835811.2483003
3ea6e8da2cb0bf83872dfd8c,508335736.70207024
9b184e58842bcb14dd42103b,459871163.25371855
43eeb2567c61bfbb059fcd4e,447716139.12885195
ac7f6087e19c2d3502368fac,428924078.80745447
73494d52196ef9838b1be34a,762056684.7128497
112d996c4c0662bd13af3ea0,535197496.0529617
8c3a02c9ca043cf0f322ba84,553349397.3750234
a757ba01a02acbdee50462b6,541981835.3513497
64e3401f22d18b573ff0504a,630027228.0766315
acd7394afcee30e084844c63,690100162.3089739
35255f80583ffbd504250554,678685594.371578
370a0d0da794efd58cab251d,623947090.7797519
cdb5f8327360c750469cee74,659083427.3331494
dbffe8f46b3d9da2e57c97fc,628520924.0285697
25b1ada57fd1e5c88d939c71,561655596.33216
05f79195e285c126125d258c,551563751.8851973
62c017eac96743cfbb61e86b,640122443.36534
3ca7f183cc0b303e5d455309,979971080.3327962
a3dbd504524f980ac5325150,876610443.8278434
5703df84eef7ca9bec5bde45,853478563.2385767
513aa9c91c245ee4be31507c,685380367.8381387
d41d07d1aa700278cb81ff30,631012447.9167466
207e39d9cc4402edd48864d5,521465901.04210484
7134b03f54b10f282ac34fcd,797211131.1345776
6d860c215908949c4ba1c536,417507040.09263027
f35f884365b1bf6fb303d7b5,434746073.83579844
4f480aae78aa068901ee9468,432296268.2571195
39a12600317b58457f68b5b8,436651154.134322
5f0c7a6b4f46203648a0bacc,437172726.57011616
d01f6c0b2b338289e9fe3768,428988177.0913232
613ad83abcebf6598f0079ab,634896956.0802242
effc32659ff9bf30faffb3db,636865117.344899
73fbb3e6b22b957ba6b7557c,682981612.626819
6c8c5e22025ca4f450a428c3,524131841.00571084
d6e333e793f75c2ab34fb127,507291407.158916
b82e52830b51e823ac7187fe,523669157.9853411
35ed4187f732a1ea68dce712,620086647.8503413
0c5067ff99e15fcf99792cbf,620086647.8503413
0ad01fb039a198262ec59b72,506126184.97964793
906014f0ee3f3f4f0576d4da,519608709.8906598
13477d8ef90576ca84258984,523269383.6733865
3083a7ab1deb092f7aca6a54,528657346.71611756
a92ae34df90cbf8af7695ed0,586085782.4507655
82d22ca21e31222068e1ecba,660116438.6438043
11727589f7c66554e9114407,660206789.1479026
9982169d6f3e9ca61dacfed5,653351532.504678
2de0ad9bf15232d6056285fe,652652903.7499076
eb6e6060b78676d13d6bda48,660529784.5177156
6f37300b1fefaaf746f53907,696934575.6961337
7698775967b96e3e7bf66e6c,649605451.5268295
863e5cf88a808b8ca96907ff,652307179.6828707
77b5c9a5f534a5b80cc16d09,623051357.0328503
ade0c9cf1f9106e342c69bd1,650862338.2882643
6fb45859693c703fd9c812c8,555670029.5243745
45badd183bb1a4c630174f3a,650296936.0796078
f66bad2cd4b09ac29f540f63,616501612.9549285
fa3017d74586eb4c3b5b7db9,611014488.49982
f09bb33b65b5ebb8fffc3a21,577914991.9352075
600dc823c42aa64f60fc3ab9,648989168.9716882
c1d9119fa7ae7d44362f18ce,613024989.8892256
a1305fd943ae63715529209e,613692896.8037252
8d81b4681ad0055c274e7da4,683491416.5033215
cbb10e7618b1385cf922e815,583075679.0533719
b09111ea69c4be8ae120ddc3,653679074.4553899
099f07f9ec4ff6d835337f86,565736322.9236038
c70f6bd5ca138bacfdf8b5cf,549827421.101234
a6c86ab7381f6c43fdd61a01,651649110.2210609
58c2b87098ad454b1fadb13a,680312582.812362
6afff7782d129021eebee968,686627779.3969969
ad92f3ea52673dee0a56902a,676308929.7552252
3e040e87b89a043564f0d0a2,702420124.4191588
49d020d2056717c2108b0927,701738774.3891554
a4ca465294c114b1065bfead,705645764.2772136
ca9520c7b8432b0521b2e8dc,416006497.1530472
4d20f253940a4492b4f6a9f0,420368676.8491628
09b61cf8ff3ff09ac892d073,438733891.7843245
86e81141e429bd81d7f0e73d,443729464.3845612
b9826d7a6132b16df1bf58e1,436537017.27005124
a90c60e05e29b77963a11246,433251809.7247903
6e9984a3c3daf63fce5cd3d6,454900283.90485436
a9eafeeab4ba51d3644f4052,502721209.61332685
f74eed3a7dad1bd8d92854d0,772760455.0596927
5b377636fe30946fff973f3d,625774448.2983162
5bf6c1862c0bc967da2cc484,840098046.5527216
cd5111edd2fe80f56db29531,673802936.8526298
c76c4695ed005277a59451f4,670210342.340813
7dab6cd1002a8521e5825bcc,671647300.013107
5b57258272dfd1babb29e7fb,684845784.6390787
f68b7dfd0579838324895097,538508557.7395674
812646c7de863919cae5edff,675190955.3077384
0da10eb6093728074b34fb75,602044184.4845436
c64346c8b0ba32a55292e66a,802825875.5872958
ad6317cbcbb8bc27b0774fca,835031489.0885733
9f43c80d2fa31a09592b030b,677906298.562077
5b84f5de073000ad4d4b1a04,1021462313.476799
d94d18cbc812d560c1e38ffb,803947051.5391651
ab3110b5dc8ce81471f69c16,804223227.2270027
138a1990291ba31024455eb3,809830083.5642537
646bb3de5a1cfe4bfb7a7ea7,809609843.1985881
d8fde541f142e6a7f0b28099,627276892.5559522
ef61986cca74fe8585b1b287,426304826.76945436
e1d8eacecd35515eb19f9135,908854797.2235612
8346d64ed6211083fd420ede,636507313.599815
4340fcb9c80733260565c24b,719918194.629332
ff5a27ffe7de039e65170f9e,690373532.9427255
ce407c1e25333d7c7eba1b0a,605871386.0532354
f927027bc766ae6c111fb685,375406056.3872808
3f9a3edf25152433969f98e9,572794539.1722119
987476ca395533347581b2df,493285965.24095803
17d0e3208fdf10c77e95bdf4,563723821.5261743
b485036419de03f5bad01f35,630466773.2514995
d3f7847147c88352bd3b9707,654512878.1961213
aabaec5accad3f545f864a3d,630258930.853683
400a103762ad652e81c8d3c6,719380875.4547651
acf15357c1a919b6ee78f676,964366386.0592214
8d983b9ca65f19ff3d69985f,945819267.7267318
b9a80a4d84eb918792324dcd,426526851.0418321
223b3c04803ae7b855f9fd10,696446083.7237278
e5c8f2d536c3f931eff2d70c,623864389.1308159
f976ec33e004b2d4d32c2eb2,506778874.6348768
cb00e44cea76a92e9c44e793,424860767.8794546
0e6dcbf136294f2a99410052,432868477.7334417
102de0a5ee4f19454b922b96,688912920.5658379
cb1c8ab11838d9f0a1197e25,618073234.0167526
2e2f1072d8db7372b2c2419d,441267284.4055567
8c4cc779f5034e9c10b2e698,413686717.56178033
85734fd69714897264ce2214,542638233.1362625
5694c1f689779fb5ca95686f,615375850.4142487
f3bb60434cb36fcdfe218478,571730998.0080886
cf8bbd3528d3e7e2b8f50c29,658799452.6843072
7db1c8214f229d865da455cc,635337673.2409782
f3478cf008a7ad268a434ba3,626889901.1970388
5440ee15bccc4eaf827fefa8,676528543.7495894
78e85ca7c532a77700bfae6d,686412496.6534946
eb5e382e1372c4e94f467673,712903098.4064945
5a11cc89d3b01eb87535ff1b,691178588.0100561
d0f5cebc2059ca89aae30c76,504686092.33504814
883371e374936fdd74d09fe8,437425694.8446797
9ab4e5f8cf2b807603329cdd,419508992.8825601
c37c7859956931d77cd5c9a8,442805283.31838477
730804efcdd755786bf734ff,390833456.16364354
9d021f3fcbe5f82fa1c1fd94,479193985.7226667
975ea2f56001edae07f28fca,437678115.0387119
8fea95d0a70b1ea918803f58,451278591.7034912
4718488d664194a3c0c5b446,566994616.7919998
1b87ffa033dcbf4e2805dbb8,538888758.2396691
1a77ac51e03c77ad280be447,456339618.0602997
228d165257ef052ad50433c7,542306513.4937245
513a83ac5bfe27c5b813ce4d,464613424.15123975
73bde441e18a9548c034372d,600775876.4242073
26301269301b6f96862af599,457621843.34213936
7b30dbf2f6d835ea0c14b392,569296726.8534516
254de3f3fc52b8cb62141baa,578551681.0600392
f566603aacc78da47a283804,595735506.2849672
990c8d65ca11a97a1d34c5e5,447716139.12885195
a9878134c12696d8199a1ff3,557154499.117027
58185ef7646efa724e904f5b,465665550.6975712
37d5b8f329ed1ec29d4bc035,468118528.4398543
e6f948282e81570fd03e4df2,603113364.0385814
8b801b4cc1d254d0277fba5f,606456038.8309373
33a334a16c4547b9d7842c3d,623748602.8418345
1ad9e105d9da875001111075,812584609.7214816
08ad96681afa49c74721daad,621787506.9235897
beb73d27906bea7a7d880791,654683289.4425126
bda5b2e5a87a4905a30f3b8a,691998293.5202894
5cf70a67ec25288657d6fff4,689175711.7780795
baeb4e9d612bffb63ae3564a,587019389.785883
1902f509aa05287ba42f546c,625280473.7751113
c0cf9517f20ae81c79ceb0ed,585155292.7028482
2ca8b22013c529b412ad764b,859854824.3727757
b38816ece917027a179663d4,839098033.8863354
c89167e42af0d42c88e8573a,977499222.8238348
09254c66d93cbbf2675b775e,724140792.6451885
89f8ccb0c1e2136adf87a10e,701165853.650934
cff851746578050bdfd46090,738420828.9824862
d53ddfac67129aebbe054024,813190086.6307445
53b5ffa0cf0dd12e4eeb6a2a,761928961.4585354
62db5fd2a4eb831d281ba8ba,736706069.1376599
59b5fe8d4f5ae272dbaa5ba0,784429457.4497633
3c1b7a0a306e16e8c22d78c9,800787319.3443022
5219c3cae1c92b52551a8571,746073187.2780882
de6aef9a5e47a614b75ee576,863207528.1631565
d168181ef0dcb853171cdbb4,900420031.6532264
6c8e27967ec63e6dec4bd6ac,1037016820.4679629
8544bc14286a51e60ffee7b0,1002487821.4427357
ed48916725be6970cd2f273a,450352434.96057034
9ff3268cd15cf039ab958413,425402200.1845999
16cc5c280124618cd5d00027,422982801.6486577
ac028c1580f6e4da4ccedf0c,444783811.6915872
673f2b913006ee8b33e75b5e,589835537.5296651
191f96722301456877893b22,609794527.9325706
a7d8e636db44cf5d3ceb67cd,655051369.7014385
1310e9cafc0b9fc21c212f73,685205223.7890656
1bbbe4e1eb264f5c69467e50,408372343.4996536
283c1142d027be336a7bfacd,412810993.75233644
4d09c2354c67243c968dbbcb,509645458.1461676
db3edc43e89840a65749cd94,490567230.812033
0274166db611aabe4e946a83,456138872.2163362
8153b36347669087e363801f,462049567.91404194
e04473aa943812de1d662058,655985631.6091416
7742e8923a4b832e3d94f3c7,483479764.3513019
536b5a8aea016aaa90fe744a,912621272.4004964
d2c02052de9c97c531a4453f,504058763.84633565
48378a6148532f71abcc2f98,660579557.6604623
fb0dbfeedbab00cdc7eb93ee,615587110.6565411
699412bfdab1157487c81725,890610149.0360507
a63c26369cfbabfc9c2603b6,632042307.139907
34e5602cb58501859e32dc9f,677259117.4576678
da83b03a6c9d405f55714b0c,770623157.502801
d938d682332fa9e5c4986024,664107599.7468218
e9e39766e2c96bc783d580a9,991004428.755736
fce89a9ffaba32f9f7c5895d,822350377.1411632
2d6aaefe0f50db8acde6fd1b,1083543101.5604699
1710873f951e7f695fca3568,458219153.15229374
0ce068461fb3bf34eee000bc,467477067.84883994
b5606ddf3a4e60e2a0e0d6a8,676790844.366003
2c2e56e3e5210c111c7de708,566815854.1135402
94118bd8c3da3f14f9c7836f,455695429.4761073
d20a5b3eb857e1f4b548066e,709066773.6897446
ad37e23456bd4d90010f7784,647834318.8463511
c5602c608080e2546dea5463,632346960.8427337
e3bd8bd5884a55fc1a151687,483325725.79581445
aa31e5995379bc38dd40b8f3,625267910.9198593
fe8a10fb4031669a9b21c919,899585915.1238295
08eaca41f26eb387b67bf30d,913065319.9774901
23ef4d57d130e4130205f30d,567663229.3602618
d6f1594affb8db7a865e3452,422693826.94891214
abd9cf3c36309d590e58c2a7,503467050.4809966
1c177af5bb41e26ac0135b4a,510411598.3959368
a05da8df13eb4b121d536912,473476360.7926447
5a5a581ad5540fc82cd3c2ed,568074578.6007578
b50ff8bfc0b4c4b165c5ccf7,601599170.3043073
2abbf26e80643dfc1b75edcb,614045887.1300298
ec903c33a379d8d2cc04ab36,615189032.8582017
c062d873af3b7cb98ccbeec9,875213528.2393941
927de0269795dbe0566a0326,688345175.8967049
ee703dca75c4dfd5d035c9a1,434969034.17964065
b8a42b02c50438c2ad7598a1,435007918.9147109
f7216fd19f41ca5ea66a9169,435007918.9147109
f487761a658a4247563faa38,574161216.1715099
caf878b42daeee3c7de336e9,639442198.492712
29d0dd2d4b120dd54c34b13c,595145079.5901839
1cfc7d60ce613536d23b093d,971754222.7597001
c6c7409bbf52c86461aa1dd7,752021909.9555012
312ef52e0250429a5ecb3b27,708636872.4858946
48299e52748ecff3b69f7a90,589135300.5882949
a02f6ef1f148659297d46b33,585380383.8559786
67f664c8f9250a22c10b4f67,483479764.3513019
4977af03eebca1aa266289e2,474457991.3835971
39af71aaea23b5c1e987de32,458092949.1510825
d69b019e6d54faa1cb044d39,744316047.5993739
024e94e72ae88464621539eb,665217610.8322102
b980c778ecb2709696265c10,992108147.6177108
8780134f8b40f0fec4d1b661,905883770.4990196
107f29b67164ad6861cb7059,926345787.8711427
c8958d280d0cf2d8a0b481f3,563236740.8432226
1f8f74ce8831d5532f330925,614561931.4743376
7be46b6dd9891ab771fc4be4,448706452.7264566
4f4f7d2b14079ddf8754d6ad,616332874.7718474
5921ce922675f6517f8f0007,920585149.9319315
49f0323d28ef0610248c87c0,713396561.5310155
3ef167ca6c4ac77f6968d17d,590092503.4093274
8d2f9968ec8aece8d1a20137,596802339.8372272
4bad47078442f3416b2c1ff4,532031381.47885484
5e1cc2905f7a701f895123d8,689639121.9586444
a8633d3336d097920bc8a9b3,758830767.9018267
72fe83366bf13a53937b7034,801475309.1999424
ce78e1dbbf0f7aee98e244df,676769219.854605
11be39d287e5a8bdbecb5994,660953085.2633055
40a561bf79fa7a08155e1183,681740516.560392
3dbafa8cd5225e261ec9b6ef,412861826.2693222
68cd88b657b59f5671f59e04,447257625.49302286
6a2ce95a8be0654f193592e5,498705914.77038205
4e613cde51f9760d3c051562,686386885.2354931
1b69d2c7fa8f802c4af1369b,590092503.4093274
f126c4b36c00d0ca11c21a2d,566342009.5161142
e6a7e6b41e6c6bbdc16e1e14,617116287.8442891
5a69ebde2e113923ddbcd18d,542088796.9247762
72f0540aab38ebaaf9a389f6,601102669.4510577
75b5bb7b5ff8ebcc863fbdcc,614489032.6438613
096912698fd9a59d94935478,652564703.3957143
f0ad965090221d2349e90d5c,658436910.6696026
1c224347a1445ae01184e0a2,921222757.8576746
0ee7273686a0a92fbf48a383,961483826.0493217
e2094d28cacad3e2a711c5ca,397243200.9624098
f50e0ea2c3831235704b8c72,482967013.65705615
1e64759f297a66524eb07b7e,627095183.3046681
7636a187e29abcbd8fad6244,447257284.052357
9b858a70a031475e422e375f,687558280.1000324
56c2e8e14f9c6c9a9f046a08,585168367.3063773
1bd7b990be19afa5acc78bc0,614938802.9919094
8b36b7364e4a4c80a6e50bed,734395139.6418849
d348d38769937c8f350297bb,739253349.4191484
f4350916cbddd5a544c6ae46,433628390.4433251
237bce11f35d32ff029498a3,601195765.2786391
faf92fbca9baf8cce4a00063,525750043.8744433
812c9b5407424f956d308b06,584954313.3501012
9fd4adb5c63fba5a11661b23,542852009.0858493
168f81689afa1f055d8bf7c8,670431856.9578058
2a9bbffb1b98c49d79bae509,595574439.3817858
b95ecad591e5c69fdad8763d,438274741.2631908
dc51caa89a74da37ae644ff8,438274741.2631908
d97895a836e6ea22ff3265d8,445620572.7189036
de754bceba2d206a9cb4f116,428547299.6302448
036177aff84b1901e0f18759,504549426.27489114
8a6cb559a488d6ce1b641585,578575054.9827334
74c4f233c7f385be73168e0f,458821575.57661027
27a6f3e8f9649ccce7680f0a,481286399.3074113
711045fc099712aae3fe4d14,456010333.22276974
01e033f5bd502c4ad398ece7,468223852.4514971
a99261116e0158109b3e3bc3,477375431.9118164
2d8d64261ba659302da4a481,569358141.9411186
9adaadeeaf6a403e1c8754bf,605201982.9069213
2ab24b9c5349427998338d21,576624163.9446428
09ce36a03c52d6721bc5276b,618152684.8771843
80b37d5ebdb325edef39258f,688555114.2298851
78a080fc98669c0cd9153904,588561751.7355853
2d14ad8ab9573c406e203ed4,693866415.1443583
145f33a8350a080231306bd1,689248645.4824439
b0aaae3a435fde30c4c02fac,825582539.3699971
b3f5af523b5d6d938693ebfe,750343878.8728019
25d62e6b1a1a52cd8080354f,792708928.7189537
5a06a8b33611251b62d77e72,791617452.9003952
e93a9b257ecd815c860d0b82,666436032.9701177
610f192d22864016cc2df1c9,601368331.0600891
4e665d479b3bf2e25cd463a2,654838440.7606548
343be18b0f77260f32ec05d2,519716112.99909997
33dbec39ef8c0667e4c3f039,713901788.3910688
b24fb90a2aa5d9d0c7e1541b,684454851.9379904
b56a3a017449fc4ce417009e,436449868.96174103
e0dd5e6879d824a95c3c1773,469266011.7293849
156a20e2bf9e48b9a360f9c4,433064944.52823347
d5583fa23ed97a3b9413e910,617974006.2072885
4e6f695bcd4d3c0d8497c1fd,939944708.3526943
da7a511a5f470d99ab2bc4a6,692365532.7058827
22a6058ffe790c98a8922258,732336579.3471507
0c19c54de06d1c139df99ab0,711405356.073136
48e687093fb26d29cda9ad6e,380578656.3061672
3ad3c519ced4b63ddbfdb0a1,440563433.39990646
0b221ebf810f632568c1e2c9,627300878.6454208
7930f32456e796e40fbf78ed,588737017.9767631
f084bfc530f4039f6631537b,711633565.9037141
f9793063f561dc76c0b49a9d,763254253.4201114
4d2ec23fff8eb502a9d93353,913593278.6017945
a6f570e11883e74654898d75,803914940.3998992
cdf11b53a23fcf9b6032cc8d,907142810.4889716
6f968f62a6fa4dc255397bf7,640300934.5861869
d692ba46b098c6658799ea8f,436008150.7200699
774a4b48d34052a978b1180f,495570211.3976471
acea4c7aa1185baaf6d3b60f,658676643.9199386
07ce6f95a7719abc9a204b6d,562373974.0584235
b371665aece480b8c1602773,548192129.357806
5edc37d9746cbef8352f0fa4,626631232.9626576
26617e1fb3b4f0e4a70e1b0e,458438962.6171507
b1a13541b37964b8b85f4669,432086343.69919544
94213637892f5fe643cbe8ca,434751110.2201655
742acc26686d04596ba60a34,514283904.1935569
acb1d16ce30aee0a39f01f09,557900358.221653
e0d837e6d5d74fe91d39d23c,535479750.7875145
29028322a6d692edc5ca713f,749518277.7768353
03d54a6e80d48c96a7f6a1fa,532190334.0486108
8616b310e335f539ab1109dc,662425666.3449512
6c21f6a3513869f93b32e9ec,926384920.4788803
10084cfff54a17bcda6f19d3,636901721.5067209
169c742419c0d4335d09fb45,715433714.657406
0f06896d7502890175cbc4a0,732027776.6970332
7d2e3464d5f2f79ac29e6c0c,495525552.54674715
de9053a55630670ee8e59c9d,690958403.0166126
8d54b9bd24cd9da341cc942a,586742352.3651354
95570bee1792641c7c12e4ef,652573924.444497
6d0c5546a498fafba15f2e17,521582710.5143387
ed43b0ac46067bf886457c01,797180377.8233849
8890eca19a9e1cdc9e0f0541,857530801.1502155
760a5dbccf4eb4ccc2622b77,493361273.2257008
20fe2d7fb3910ef786cff965,574731416.9557365
602abdc140c40112afc1dc98,446288380.1420511
b7f906741cae6861bd5fb922,440962909.47207785
4d45fbe5a5d39188b5eccbfe,556071603.9242641
08f74ad7f06f2c409903ddf9,543519790.3006988
7be186f4eeff5c0efd58e424,436887748.18164396
3d1a767dc286fe1cb86ed9f6,457851034.6189118
2ec9f5265334241fc594976f,708653168.0522012
d737b8b7b39e99f7d877b7ed,617368486.3852983
8fc50169e6ec98a3f4229ffd,630352731.0075756
942133ad6b84f9d08e1d4e7d,835151748.6393034
c965b03014d21473b27072f8,596309383.3116035
f1c8da86597a427e24dcd557,603334951.4148271
8ed5e7770d03c43ed19abf42,684819890.5648384
68ea36e3f441cb6da8d36198,1025765308.5179572
c97715bec6032974060480d6,639486678.4693447
e6eb47d050702ed49ef5c49f,631252895.3756765
5a82fa348f3b97e74cdd3a61,883940204.754783
cd05166ab9bf3128c23fb8c7,655689830.6594764
cbe4318f63d73fea6238079b,685023258.671342
efcc8d268982e95fe2fdb311,1020823680.0865349
c45d7f326a2f279760d1a4ae,712014731.8611271
7c5ce0e65cb26773edc9ddef,879372878.934801
357fda0abf79ec95f73e3584,414787241.0305248
a1e8f0c7cfbfecfd1549b0b5,458085053.86159563
3f208f32cc24d8ce1506ed90,566446940.649614
87ca8a2b3251a38d45730f5c,502374726.6571335
728961e03bfa6e3242f06d8a,463180973.6298138
b9f9dd0d368df912e6e0ce70,742759958.6252278
429b049255a7edf227a980a1,528862867.81973994
a6259664a05091ef92129c7c,591268744.664756
674c915c52b27df2c06b8bd3,567542463.164746
f8be64dc83c5923983fbb770,719893925.4788889
445fa7f5e8e9d7f12e8991d4,679417549.8019128
0842816a5ef4f24435c8df22,712643008.5695757
40558b62d83e4362efe1fe26,364334509.2741441
bc474096496b98177e40f590,578721281.1791037
2b55989b2253416428ece917,578721281.1791037
7158e3a6d456211d4533e246,405593048.74902916
d4fac54e137f5d27ce5f457a,637651075.3292323
faee80ca0efce20e731823bb,786504832.5605959
8ec09555f5a47f96a8683699,869830229.6012629
2d7a48a6b9fff20ded24f86d,493466942.6443988
514b09016ef85b9ddc4fafb2,661731651.1578555
a1c975ab16effc6f97935e16,709381881.7931435
e803e3806630c6579f004610,903813408.4485413
26526235b34fa5b7349df00a,399352296.4140849
ba762cf12cc038e5c43bc6f5,556812812.339406
45aa335dae223bccb31ff7cc,596944647.0048653
1dd3d7e197075859c1ff5b23,614155818.726582
2db9b3463f85dfa87347d6e3,577214481.3701198
f72cc14d79ce15491a96ddfe,925697658.0226383
4e25bad08182b79f5ba9639b,1000493394.5976456
e724a1db86d8d0c6334041b6,446278581.8758471
8fa53bd51f5d54be50b3fa29,435868600.41964567
fb7048ba61e9e6b1de829bdf,527057166.20889753
4bf70f19da0bddec9241d310,540871799.214896
13c7f3592bd432c7cd0a42ab,646075708.9336076
cb64b363295d36b9b0fde3cc,614141699.9618566
bdc17ea3f30318b11df30508,635553469.9654421
cb7f62ac4c1afbb4256601f0,600457672.5984439
5d6c275d9d3326e738c875c8,755978164.9758875
9865836c04a9582688f50496,524490479.5847217
55a615b65a28b64d46ec63e4,503837256.76876694
dcc9e2c9c1151bd9f93f44b8,701573424.0388352
1a2c0e46bc18bf3224450064,684066992.6902993
3de8187003cbf6c4813bee45,434868626.60513306
d62663a447beaec69808f85a,405564355.0983579
1ae17f134221d5d9ee69ebd9,534837632.6678834
35e55d060b1c4239a85c0ebb,482135718.8236054
45917f1bac415feac7e41124,457599125.10514224
ed44705c17c414af8442b6ae,652764544.263496
6f01f2c67343ebb8ec717a5b,628110440.6629136
8f2218126da9580268661c70,578329205.7003837
5b36bc6e78872d2ca6d3d1f9,620591689.1204468
c5c7631ddb5b485d0e992f7b,598042790.8469895
43c88f1874dc7f91c899df36,797223081.9948255
dc544c90e6ee38346a6002bd,683596603.5088414
02990998f3621fc5a3d0ee63,441328839.67400813
dbab5ea45ae910567c97fbb0,496308503.3446248
bbf80c409ab3a6784028eb6f,439100741.5197842
40e56beaf4a7f28f8108b132,439100741.5197842
e857db57a89e165eade00770,582396687.7062719
41fc4ca2b3f48508d840bbb1,520341314.9651772
08c1db1e620e975c4d476b2c,444124960.1854305
8a1d93bbc83f4728657317d1,543337863.7295308
6be0ddd4180b5eb92908da05,432293050.09706277
ff1498465e4db86f4f652e87,489146488.12974596
6410d336f6e61c4a81403c61,453802355.2156728
169cdb07bd175b4325fd28fb,452824647.2298936
546b56fbf616a6dfd1ad9d88,535757899.8003801
666af58bb684c2d8e7574e86,531565273.32665837
9fe75dbfd537f9ebc6653f18,556737919.2136648
ef961c130fa3b9015b103154,777645554.9471614
035ea0f13f2ca01c902d5388,685707896.9029417
7800f742ee14c4b4142f8b58,717399933.5298467
0c621256c4d7ca81045fcde2,624863036.5759428
50db9d168354ea3d75a03a6f,516421173.2966382
7bcd1fe7a140b6eeb4df2aae,528058678.72211856
49a4cebdb22fc2d72bd1aa78,443946654.3796758
69ae1f2868fe714ad8e2f114,395650843.7829962
ca4f4a66d83f2043a7dca261,375012908.2438522
c0ef32a7a294e5891505bf35,375012908.2438522
5ad6f4091b77715b7f74587c,742389188.1268694
331e915e2a66fb70380282d6,583302671.9613402
3a00543fb00cbc044a5b3527,409448825.38469285
81df59c6d8be19568d16ea3e,436509730.09417176
88a4da0d72977b0c56b31061,526569271.12290883
3ff9e75c6de41de517d1c4a4,394647430.1415573
147f80fbae69dd577ff19950,625948926.5980473
78beee9b7fab8600d420fd27,460602186.6027786
c3733b88ebafc0a05f5bdc99,484767488.5412234
568509a7aba60f8fe2d0cd5a,603818871.5979253
f6d3f7e963c9aa1783b3adab,721097128.2324523
ffcf6794a400aba909383b41,807714808.0540913
fa0aa00078cc178de0cc7d96,655196441.6992995
eec51f949083f39691e37e15,761016707.3756186
26f3d5bc3adcd1396747a414,963702170.440364
cb9e058f82b10cf80990beea,671797340.4921968
22a0f3315f7600e5120db131,424494763.61805356
bf6845aac15fde9b89a7208b,636815416.1143712
6e3cbbbd3f4d0578144cf021,513791215.6926281
98a0289e513d5ba036b24252,412137841.7988606
597d3f78e2f413acabf825c0,404787682.8198903
43a91a731e86b9a0784f717d,534346068.5741887
f34ff57e272cd08056e6a243,717107917.6837674
6f68b289516faa0b7ef36a34,411097932.8467065
8bd8a7e19b6d3b8bcabb84d9,427989777.708952
74b64bd536ebbcd7c30ef8fd,836147338.23033
f968e756cbe6504fa0f32458,828090091.9183276
e99d9dcb9880cbfd219b4297,661088923.0055847
4c9e6812520f4aea4ce435ae,704266185.714075
78419be95416d2991ade8be1,517501603.4217096
d417ff438d2a418b1f9e50b6,483384603.43645895
3ac77ed776aa4630c7293240,601599170.3043073
95173735a8f6e554f083c065,970596694.5015069
83da39bc1a2eeb75e2825c22,498666493.0924659
4bf89c9e50c5417ed669c481,713600247.6467242
f90fd39477c8da38e33ba0fb,517954965.6132437
b45bb2d0d137de6984d4e1ec,662554227.1606342
bb812343bd6cd66e9cf9a9ba,459641850.55971813
e299f614cd8ae525fc8fd0e6,569436014.2208917
521e9326a2003c7b56fc4365,817737128.8198007
dd59ac4f6706a1399360bd14,743222136.1324489
d6c6e7f923ce2cffba8ff9df,661892328.2704388
df07a34d0ee2f78f115c45cb,746400576.9517834
db6061f876f890071f7ed957,808867767.4313986
b31601cf48b268f3b4107564,686300324.9193382
3a9b2ef74c59e96a6b107357,448476684.8895072
d600310e19c926cda14ac923,802800635.984733
183f2cf1a1c7eb9700b6e72a,1024495504.872071
42556b1bae874a5c09777873,835435238.8576965
57c1ed738536d177d66fc52c,1028965943.1712109
26cdd114566b7cc63cd96fb8,840578541.442464
0f679cc583a47b30ea132bbb,546781449.164597
32ea7e13e8d9391aa9b7ab9e,412703604.24356437
0a482968c7cdf212401d72b7,545892002.3100289
85e4ee2583c51592d68ef5d9,390016890.1252185
f4ce15aaa352d707b68cf773,587408559.7028214
7d383abbb6ac49c6599ffb0c,614719533.4576584
6c67b1b0991a1d79251855c3,1040593386.343046
9e52ce2cb6f6b7e2a152dd54,710569260.3090731
bdeed3a7395cdb9b175273a6,631128489.5577654
423ddbfe2f575e6bcb22e7b8,722404840.1479572
3247399a31df838ec5fe58c5,763735160.3280869
bd57e5cd29d935cb26006835,603337275.1418328
bf00f36c4dbb273d7ba4b7dd,449950301.8091117
48b9efef82faf72bcbdf66b2,535197496.0529617
d2526a3e39ea01f87c99d073,614561931.4743376
651d5cd65f80c4938deb7da4,432081281.8229625
0be7803a34b11d89133beaf4,445821350.4709016
a54b0b282edbd217e9509287,616422847.1495488
550c5061428d09afa0c409f3,528968251.02544975
7538c609fdd115c9dac551f4,737245684.6117786
d7e3cdd3ac239a5c318f2e9b,664763986.2897767
9bb193ea939c5308a738fcef,415480568.95892304
33425419e1a8e854418c5180,390236839.37282664
fedf2e30e390f5cf74b27e97,388331446.9244248
024c5c787d005adbe770b9bf,434247003.69308394
13f681a090b36edf38a4abd0,422700999.16286266
442c6bda79f63bae28674b1e,517469238.7335173
47e0c773f65485ab7c78d49f,486800352.748529
9e30b310c820d0426f504d90,405259056.76215607
8cdfda9067e0934a8ebe0894,645411846.7135041
0a8aaa78f68d43e3b1bf6c51,574385708.1643661
1101f533fd18cae5d32c1cbe,445329736.7444839
9f6af9ac2404a8d55f24286b,537364712.2495354
75060f295e0aba8e1224f766,473121132.680263
f0e68102ff84f49d90fe38f4,415910936.211451
3c45bf3e3e31e7804ac91704,532916808.67994726
f908e1de4c4be0d77411a998,572613956.7876773
ca643c04044fabc6fc566d12,537063623.9964577
8aa76df8fea21a42fb6229ff,551904098.6015503
c214d2383936dafbe0652c51,535239673.8747389
993898470c6676ce46ede92d,593762440.6951938
18f6240cad6e92f9151099c5,665034927.4926195
1e63fac2629793fdcb793f1e,638115422.8635175
e0137390f0186c98f4e91263,745567754.5362517
e35f95823a486c52b0f4c2b6,493058185.9445083
ede10672118071a215ae09fc,650701843.0781008
fcf46edf6d612ff1f5ed6134,683751037.1462622
df4be33c0931aa86231b7a2e,665505899.9191738
53fdb16ec08e794dba9a10ea,650635179.3894756
74c24c5e142e5267456b24a7,602686779.0046828
f1bc08407f40396c094e0499,845793470.6114229
496ce19c015093e97144d375,647263078.7308033
a183a1c009abf7251fd725a1,785530590.4781138
6bdd97526b1a9cf10853df1b,908732384.4397225
f083a8f187e2227696695ee1,607112736.1416763
2621e068043a5019aeed6c8c,641321521.2110188
3b43e7acfab46651b099b1ed,918896631.5495127
6565b3281cc2d632febbb6dc,946690551.2833035
09e47ad8508e7cfee83c6d68,837805020.1560796
88b02e7b20ce6db956afcdd2,679643897.6633925
bfc41facefe9428865e4c29f,723900144.0609788
569bb17b961fbdadf7106d56,909588359.6802236
2314e3ffc7242a429e00207c,785444415.9561112
4bc1e2cf5e5ffcbe1020df08,932591689.1833476
949c4a5382aff4750b4dff83,899754100.0239437
a63b4a22614d334b4a61ea16,823957481.6279281
734fbae84cebd50aaf71c48d,1019134732.7874799
f92935374a7ef86314223c5b,715001236.7812945
6cc8e22f11d382206273af23,588689653.3666267
701768887155444b77c4f446,384156750.88867337
13c86cdff4dd32a9f8b9adcf,684044038.5651647
8002e2cd1b70ddcae88ebc4b,777522698.4302322
d0d77497c8a7d567f01d3afe,636545342.5764102
95a7b01cd60cd10e7364a600,542417062.388335
d1e38d7cbd32567c874e194b,641830986.8862798
e674ba41f9657ac8f30d4f7c,533450580.114988
6bb760d54e5b0f54d9612a8a,601090270.6196419
9e3bbcdba89c647e4ce53182,459761784.7289892
72927abf4bcd53d6907aeeda,686386885.2354931
aebaae467e5f01db3afe69ff,421202267.6106958
3ad457c8855ab8921a7974c7,801999242.8893336
1f3d3fbcb686ada1a96e01e4,486417177.56914294
0775d831f68b88ca59eb871d,824668484.4790648
5fa3b0993cb43d3c72c30093,533798607.3420144
bef19d0084cfc9f6fa37ddd0,570258892.8593286
85a856b4d0dfb1fae861f513,590092503.4093274
07fa1ad76017843232107517,921349085.6435548
4049086139009c35dfebb3ab,446633093.72600216
655120f80a39c19221623311,627931982.6359187
71dca93007d6ba45fa40eaad,617116287.8442891
9f41ce015f02d67e193c41f5,420338165.5156565
9017bd24d173b2fcf564b32b,961142081.3460377
e5ef29d41082025c42f7c921,459642809.44694996
5c60d7880850970facc54bb8,748602463.8976134
f51fce25d8376d48fbe73a43,425411952.27518964
9dc7b0a394309d8b76d0bb7c,586010638.6913459
a12ac99bf63b547fd9180a79,499546275.2338435
378d846a7af35e0c3efe53a9,634473039.484564
0872198056be7edd5eff220c,688230893.0722556
efddad1eec775ce61d3b7b64,723507083.9401226
70c19d59c6b9e194b6bc09fe,653097130.4160875
b0d3d98076883f346cee8d04,672875033.9267118
c7694e92a97bb66794e62fbc,470351147.24149984
7b4fcc72822460a428c19282,806712447.0492886
a6baf4631223d9b24de8b590,441351002.3924819
a6f616d63d134f14ced205d1,796642082.2236246
50c123baa5783185ddbe29c6,650651903.8554013
24756921525595f1684929ba,585199195.3341581
caf9c761d21329c993a0bdf3,705443498.6636995
193d70ead1ff1043845e7671,514151353.1830577
62ea31859e01c2f4d4e97baa,504989172.59310716
272b5b5c28e46c6f5ad95c22,629526316.6197203
552ab0964056c1d1d1b7398c,824802403.239005
23799891583435710f66303a,594653003.5997866
34896afec0b639648c527483,567865114.6652572
eaf53eeb911ecbae638409e5,435258690.0952048
b1fdade0fbf0470060fc2708,443208861.2615255
8a20478528e97700dcc84abb,470633999.9738742
702525f05b47353c95b0905e,490656725.20241237
b84c837c5a1fd0f1ebc5f8a6,600091472.2590405
ee2d16316e6f4f2388494c7f,633988774.9072026
ea4af07bef4ed93e81ded95c,626707558.6890799
1a71d0d3503f9eff28acef6f,775571446.4835953
1fe392004a09aeeaa6e8bce7,512375189.31817764
46d4b0cdc81137aa56f516df,817976404.0870142
4d666967b74ccdf5b04e9787,383229096.3427961
fcf79745f8cd716d3ff9d27b,493177219.72033083
aa8a19a2fd3e2cfeb3b7dbd9,448425098.26883674
f055602beb49dd6040641c9a,470716558.1266522
7b1377c8d81755bb9b501064,557415831.3656027
17d0418e4a439e9de8006f5f,558458049.6237618
48f1c6e343a4724ed865533b,539655491.9608425
353207faab3dcf10feaac8ee,884772498.0499493
ff188e88378c8e2abed8119e,686131495.3621176
424b41f5e01ea2e2ccd3ca48,542115142.8608625
608cf4f46a188cf84f853c72,512836081.5288547
f9e7582dd99d36bfada56249,549343767.1655091
d52f04fb69bed41ffb10fce8,776227053.9049115
ea84b58f733c8e491db98a52,648114034.9986683
68699eb9653684fdd3fc79b0,752737574.0531858
31f52502e89beb1b2e0dc3d3,638977881.596493
fd41747287a480d5c4dcb56d,951082450.619131
b7afdbc1b57b52e6fb03accf,959173757.0075964
48b270a493af4fa28dab9211,429337413.32955784
2a787b39e84958ca6b7001d0,663713451.6022013
e439c77c0d871996bf06bf88,566759855.1891907
91b8b9db5372a2c3a5c30c58,566756914.4446652
038272b33c075765464761e8,477880658.4267823
fe8e45caf7605fb91d6bc5f7,767187853.5448252
d354a2581dcb183c0cd70540,433614810.71921736
9421ce9f204f373a50357fce,436437038.25564665
56bd3b61805077405af098a9,500236528.37079656
0a606d19ae362a58922b172e,593547126.5359286
ededebb1a544fb3246d3e131,531904174.3765621
6b6c365359d20be719ce815a,503532018.3401412
b8b22c1afac62b05ad389dc5,486514957.5594251
3e3717eda8ec9a68c9d83027,542896419.4504722
03be8ec62dae56680beb2cf3,563099279.3383664
fe6c8cd2e792d62a4c324da5,602623114.1388838
f9c133f7a12f2b8c1b2beedc,524970349.4917815
4ec47b8100d224499ec608e8,632976984.5722424
143ca16847cc47d4a4c01ac0,585040418.2326993
22127243f7ba3a68c3fc33bf,546283098.6097554
835eff7679889fcff6795d8a,427906099.3588807
4ed3eb724d4e57a7b35ddf5c,595034526.6319627
4d743a1250f7d91e2782708e,603711739.829104
9f5cf735a842860e7ac753cf,878912223.0520307
e54a8b735724b2af56c7a36e,431835425.02676964
3b39471f854357b7e5d2853f,650655237.0562818
91bd11b5a8e0c0124be78f46,396968159.41911036
6121943254877ee48716c4e1,470364878.5148686
3f4c2c98a5a6cb78d7d26327,396980643.01358306
2b6d63d6b072901effbc8e1e,710810343.367471
7e4b240c601e37977faffeb0,710810343.367471
ac29d71a80307cab65f29ff4,799329526.6508843
70c77552b1bb67a2a71c2ee1,960577307.556619
54a09a85767156b072c808c8,670724020.1322289
244210fb4bcc0a04f2cdff95,729235233.1961551
9a2b53c1c7151a8b26a71edc,483711810.16607475
918c48a512fd6ff22fdce5d3,563586234.055702
effe4219e6cb56e5ab70ff6b,766062258.2565242
936e6d2192f28a2b40939a4d,838813416.7428619
ad9a1b23979f0edd2ee19f38,539152799.7157902
8a8e4996e24142eb413c0d12,947298406.4625099
31c69cf4d197f97ac594a896,652507851.2007829
143f07eb2a8f0a9e26fc4c56,749997997.5137362
e5fd3cdc6a19653275c7f4a8,624684433.2956443
5c7efb015b8ff7f108c99723,704631337.8932412
394718d9d069a126e13be804,654929276.839689
56f30ea777f5493139f22384,995028575.2372417
37d5a902f1036cf3d80c275b,614335774.3184321
3f418a8bcc7adfa87e0f67dd,619727177.979853
051416c05445860d5b4095e6,505933218.6314997
887761f34ce0996bb05ac48a,560933412.605765
e02fa06a8de8a603e417d5ad,662927773.3300077
6f5929e67fb8da068b91096c,586191874.7227933
291479f573955e063f2d8bda,637202847.8476653
e60850405ccec092b8fb5d02,654365274.9362965
464864b367e16547fe319229,647265044.3522663
4c14547b7e02e75204ca9f4a,493606430.98097944
6183257f16bce94113879745,459646997.44630367
46c34a4e5987c20eb1f5ff99,433235417.6311316
3f39b25dedb96409dc9d1947,789903366.2508653
e7a85e64ee07971696f555f2,726664913.008487
33043b254b9085fc82ee1f7f,400894996.11909306
bd2759d469829bb8926dbe09,449786855.04333276
affae17b6cc59bdaa30e29c2,815067265.0823909
e611d41aaf38a58acaa0bf23,631616682.7996024
0de426088a306321990cf60e,468474821.43254894
685982808b30597cc013e2c7,526169808.0148049
4cfd1be6a93641b110fcaf67,431078697.0829983
68fb3b3cc3e5b13440eb014b,873737323.7837075
532bf5813d7e70958f71a480,790628909.7605417
06ee1d8f3ea326a0e3a9791d,657259859.297365
1862e0c4d8e89fd2302ab376,1122271363.8906875
f3dea3d678d959aaf6b2849f,999972132.8226012
2478e48a3c6bedd57c13c72c,612152586.9022908
efa36c7738fc14a11cc352eb,512153970.17366844
2f6dfe9443645d6629eeccb9,456518311.9685182
bc7e867cad6f221dc44754b2,691189579.3711178
e4f2fecf58a038d7b18f7160,761527604.448532
a7620d5599ec354541c8af13,1008039547.2922323
484cde8e47fbf62a339c8219,523006213.39845824
5fcd9836a3ea537fe86d457d,600434801.6224961
1b288024824312c8b1681bd9,522069306.6398935
44e4574527acc86977f5bc41,627762708.2836741
8b716bc4d6d833f9bff3e729,607830116.3794951
0ab85344c5fe6ccb0edb6313,583572751.9671813
03ad99f1799f2a20c8cc0a50,703273336.9847077
6db318f828d464be421eb572,856309229.1604836
c3e648317c360c76b94bf541,423155283.34735554
19cb65620d2330624252d01c,396422566.2301837
dba9fa9642ebc97ccd765db6,456268165.391624
1d2467e5f991b935d676e906,416007784.8328275
4091a115125eb4a67f494620,438630665.4189753
d197410ebc0e3b9937464923,420402889.0558444
722699e593085cdd72102baf,471230833.9467447
c059affd0c19f6d4d76f37c2,454147565.40803903
855dcebac302ec5760f67121,663977818.5816507
f433278518a80c3301f26cfa,638536099.396916
66a45b0aaf5f696d35f5cebb,689868134.6767234
0152ffa8757aaaf417e9f997,769710629.9342018
55b72f6c7163a9b0b3b0b262,613320143.8541673
c8346a875be8391145a2f9aa,516335037.0389439
11c86230e62bd2c9ba44131f,639746725.5734813
c4b97a459e2c6d13710fa273,542838350.3270822
8bcebf3cdc54d4ec99ba0d88,418712220.2926595
ad159116d166e45b70329bd5,460521778.61032337
6f060a8ee8d6d15f46289759,570413175.6816438
ab5f089f9d2ac1bf52222ec5,523768198.09193003
f4fc2da675d6a2583054fc56,560070055.4375983
89eed91bf5148b5645408222,554416919.3670795
0761d0b7c6e319a75b06d420,447019181.2595626
ce84187750fa7aadd141b5fb,652037723.568222
ad77298955813089bce818a2,523252286.79822236
3abe8f334f0f20f8006ca5d6,553713533.0458024
36445c32822146606f75dfdb,543154366.0971518
f9798cc6285c9fb3ed7cb668,673315515.6839778
59dd396f70b8458772307895,653414450.7238905
83e91710343450cb0812a6e4,679554161.202494
1e7a931100be734988955242,803436550.4964342
bedc5ab20edc896f814c3f06,820987752.8564224
f884247fa6414f384480bf38,529513555.5494855
f34a38cdec7eb598e55fa41e,612702739.8902125
106ad411e13ea21ad68e5f59,804807789.6245143
a87c585acf2a147e381005f5,500825857.4372289
ad755859e7b6afbc021fcf6d,593620657.461989
8015080cf97316a08453a9fb,679740456.5618862
f56d8f5cfaca0691c6ffbe00,622806634.5935267
8ad016d414e2d2be053d7612,635863656.6675792
8b91a957eca1985938860c28,609942891.5892857
20bce83e2b75fc535a148dc8,486097180.6628769
5724ecee1b12e888d538c1fe,617187572.942917
1e90d068f3c86c6f691649ff,618756336.1638132
0fd954262ee740999c31d407,511702819.22378385
a6d7b144058ebc326b9803bb,713941283.8163962
a81abab882910584371c7b66,594244005.3995035
9e41c4b41cbdc2553d80e362,591489696.3574246
b6fcc49ad3656cbd3f4c2ea6,699343386.6869332
9a296eb9b63ffbdf2a07cd0d,910385751.0132732
3fbc0746bd620a0baabbd859,496807653.1637304
3043d0b025fac4ed90b448e6,434586186.09886545
219555efc5b4291791143252,379686788.982928
a00863c7c53b2c059ce22dfb,419294342.4300707
28b838c94d10823ceed62e0e,401607678.92470866
7e64ab35f5e336d5bd2e1b51,613410148.623967
52f24ab479fad35c8bb5a8f6,490183196.97399753
0d1ef14606c58310cae371f2,415860939.0412381
a465a567a4f60ac534505bdd,685569928.2299875
8694b149f7c0deadf820f0e4,603229038.0032345
16d6b756f5ebcacf221918b8,612866799.0240353
7d132190218425df1857b8b8,608403881.2594712
7c7a3f51a58dfd1588d7c088,479303751.44051933
64d1c45a2968b0fbf0eeacaa,708871883.7307583
4fdc382b65441412fef509ad,653854163.94593
04ece9352b3810031f3f9a90,614004521.8488119
8b5b351e07a26c25cf51e176,437323970.9035491
f923bfcb8cdb543c23bafd52,484452495.78643614
a15a12446d2e5993a0a6c423,417109618.6248836
ab3e1642655f7e705cb047a9,484452495.78643614
b62fc917b3e8ddd64bb81018,433708019.4287053
835842cdc8ea0a2206c2b46e,444297686.31299955
02ce5bc5d5d286a4cc0928f6,440411535.4417487
d8e51f7b40bf1887ac007163,443928224.38395715
90f320e94aa429856e37bb35,471169379.1797149
967a7676754d6f9aa3e14473,500365712.80821145
9251f3dafa0e747b6e78f295,590550050.1378022
17b5e8357e17b516d947ebe3,575647953.3555046
f943cfd29effc9c048b8e106,686928484.8440264
41719542347401b04dfbaa59,581254044.4388705
bd6ad9a9ab28aaef9b4955c8,574048475.4766786
bbff88040e5b20e874cfad9a,573707229.3810785
3d6a9a4f2336a46eb62e6a47,678507309.3865963
493367258be5d63dc8db97d1,678507309.3865963
67cf2149b4c214da77694088,813993574.271607
8d2e85825e95f6941445cace,815075838.3928444
01afa737bcfa6b1ab530eb09,747436748.0606127
25813f7204a2e796170c4836,482708297.7607077
3cb1773d90dc240c4ffed5c4,688422526.3694931
6c81a0b90366db9f514362b4,686617430.4343374
44c8131b88accb3b46b79ba5,493466942.6443988
ff185be4fdbe3790c72d00cb,425341575.519354
851f50292e30b0a464c0804d,459970164.044793
6fc2a4f29e3b896bce631ee0,429405195.5502495
cabc4fd04b60a66bdbe2cf9a,783132403.594941
61e9c2375626a18bc9920c5d,597998363.1085974
396c8060d9767b4debf2a54c,615586977.3425438
92ba019bd942fa33ab742924,604301577.1514041
ff71037ec8e5a91aad6f0686,695732365.9377953
d162a90b37622c1dc6550690,413266793.3546271
e1490f0730f8fdc36993027c,553721043.575329
5a066d6bb65d28c2094051f6,414937910.92496705
9c7bcf000cb37f48d9f15422,459135222.5407722
528a6345df87dd0db33bf822,560820318.3292859
579ee47bc31f5408314bca28,573576492.3748487
eb61a13df1c8d8d0efc4db3a,437387833.09674865
b649d315ff3c97c4e8e9db73,412411951.2577794
d8dd26eb78ff22272358e302,718013699.9711497
6ae2221c504027acfb7368e8,473277926.8233687
3ce908c9b70f349158f7d04a,674643517.5564625
7cf74cbec871e465ec2f6a61,674643517.5564625
02e9b077d6cece81387fda35,882499681.7187272
865ed399cc344e0638e45128,808642027.2207
d9ed55fb72efda67f5144330,691483324.4725134
9fdbab0b428f19e7e8dc35b0,898488724.9029002
c061b886b7136a1b00c8ea2d,804806006.706428
fd0f6c0b5234ec1f6c7d1fd8,694215492.416351
9df90c0644948ea5539939eb,660518902.2039537
547661e79bf0c62cb8de63d1,503539666.111874
68963f5f3657cb64276e3beb,717988817.3745984
cab0a460167bb64c037cf25d,530290901.1153113
31977cd5d4c09eff149e74ea,742513461.9904412
23264fdd1059460e079e5810,516661677.41833204
4769743185eaeb0e4158e0e0,582226859.5969453
780c809c52509bb4855a4efc,520436151.29719424
f64d4e029592761bee698958,412977966.7435694
be364e85b988ef8627ece74e,408449838.0140678
c73c38b652e9418f06f89b67,417936498.71594715
213032fd36fa1a6342570158,475468791.99221915
d519a8de5fdd1a84ca1baac3,583559439.6172123
df91a494d5d244f20dab0eb0,413410714.61520034
9be92b361ffd3ea2c69be23b,500221964.8518062
cad16b2ea432d926d961109a,472254998.27738386
56b22bd973f94a4bfaaf6b33,579693312.9325709
84114798ccd01ae3dc97cb27,454210796.6017478
fe2bf1f402addaf17a213030,552507693.7337584
e01c1b69abb6a4c1c69c77d7,457851034.6189118
24671f63cd061228ec0b5b9b,444773565.15115756
f54c16df774e70d49355cf4c,565588729.7133205
5537b994e85c2688fe555d5c,464102698.7688646
1e5919cbe4373aa261d672d7,440797942.37017214
cc125d0f70d6d0819d6d90ee,528485473.49205184
51f94ebbd6d2533862a1fdbf,703923679.5939178
fe409f9ea8d18c9d9ba4d02e,425848828.95973754
753b47e2a3b9fcdf9d7fd9fa,523007622.22177696
6bdb3153f267395eefbf588c,447176887.4251162
9bde9f216ecb90814670e87f,552507693.7337584
7f5280804c59f56fba3d6201,458275015.5379354
ceaf16e097500022498950ff,567608891.7189339
aef06b27b0a080b5ee539b6b,440478955.7601225
abc668bf93ec7d1951c65cf6,425848828.95973754
56822f406646f93fb39d9e60,432489034.4757945
2690ba8b22a95cb837cb87b6,459258558.6711925
180172e4eee8ba756207b3a8,466260198.93405426
c11cd2e00942ffe56db5ae88,628618132.8970944
75a287d87aaf6ffe7b6db546,420303572.1061991
08f35bfbfe1bd663c40d9e54,543309381.1004331
c2bbdb2e5d0191071e6db37b,483479764.3513019
b129a508d1d98a1b6dd2f61f,462177530.7196392
335626f385c28e8370c207cb,457585005.41753227
898ed7299f0c7b8a99e4877b,519796994.9343956
a98022fc80dd6ff27de693f9,452721997.79985476
a59f1631e721d231eab4d146,638722589.4343997
98c9c866109bedd605ab7dbd,684995501.9249686
cc9743189c3671adbb1be49b,659083427.3331494
e22b8126863c9ca8fb04df9f,608731743.5889467
247715511199c5b680088b56,590092503.4093274
6e51ca1a9c2bba9fa0cbe5db,595857034.7885425
ba8d6800443dcf95bf9c1037,655923358.1272658
5ec6e033b9dcb454c57050c3,698980660.0244534
156ecfd8ca6004281b191db7,880099117.5566822
edc3879a1102740f2f96227a,638262484.4664513
c02ce25a3334860d3bad53e8,621909492.5847356
d041129f83f1f13fd7b35e4b,610478386.3067353
6946fb4c877f35e9215ef4be,670469504.2931023
ff2897a56a0fd08996d19424,650243997.226863
e1b64df8e809ba220c9722aa,559998240.9758096
c13263f9c8628bdef086106b,750254408.7958332
e2b8d1aba0c583984aab25bd,601419821.3169836
3786baf40b31a20f3bf3aa80,629443918.824437
bcf12785c25f6e600eee8fc0,549865532.6092255
f85d09bb2ea40bd4b68465da,648242009.4281873
1f40dff9a973064aa4737eea,671893234.6531698
79beab95c6857412ebbbdedd,638301965.1284041
5ed8cd2cf2c6dd5b5241d6ac,757900002.5967171
ca8dacc29a57d39640e3e59c,640657457.2706863
723655990d58df33d55009b5,642641478.1138777
79a675215fed2e293b27f43d,714889958.1049432
57999ba0ed9089739a1f4de1,687443637.0226119
00cea81b78d6007eb405d5b3,701391206.504922
c00facb3e4cbb27c47a621db,991739957.6459792
d1481d9d2bc9d1a3811f2faa,789164015.9586699
26313750bd29b2c59a81b58e,842135574.4801863
2bbbe93b615c46483056bfe6,933184410.5862432
0f8fa0a074b743c92f0fc56f,856671395.4745936
b925f9ef733930be26417458,845426758.4967897
0183b38955437e8d0128a013,806696939.3528287
1c9f65b631d2f2856bc97079,758846890.4305794
c11d82cd360eae99c04009b1,955264411.9134635
4a80ffd8e908a3291a32fb6d,938020429.5768464
1a0134583a5854d5aa9cdb9f,777678615.0488067
5f5346deedcb7cf5dcd1e9be,706541746.877245
f17c8b14e56a76ea84a45fd6,1013696393.7567359
b8ff548543842246ad439703,919186785.412542
53462704cfc47d32492b4847,734587044.1057558
25f925538316d3cdda8218c4,1020635686.7053618
ffe653c61bf13df43fa22190,481345625.24896026
228d98c82021e2325263c7d2,449150463.193122
f32a7d08d176bf9177dbcab1,538967400.77905
f2c86c1edac4eec6c01ec11d,424008485.42004097
06e350e3c733e5a0afb613cb,486612165.6209657
e2544529df4efb7e90afcd21,470203057.6546113
a639ec3b943cf90cb28bc1b3,550559648.2887236
a1320186028a726935bc1cc5,725420184.1534854
97337d2f347a50e0ef518516,609035483.4984602
8f619dd7fcf5e1a17af301c4,666999141.6132822
72569ddc5828fc702b2fc773,829029673.5180633
ec674ba8cd16c2264d270901,943636428.9161505
2b05f001ed1a84425a45d0ac,575908386.3713785
0a7758f69ddd8fb27a839661,462603867.85386217
e3ec7a8fba3e1ea07a135dfc,432478180.1118117
4163b665043ed27d7bf26c00,480311412.7664914
69f7b81b70ea61f304ccd36d,770138159.0277451
ff61104cbeb37f077c565fd1,479105826.59472805
883ee78c03efdb4bdc57796b,445101603.8006994
fafaa5dcf66d22bff322c72e,423509008.4425286
eaf0f2b00b6994a9ba8c5ed0,502949968.3559225
9b1590945c0c7f7b0704d287,588265281.2945617
766d34ea891f3af53f1391ba,588778564.7193416
b8680f925773229571014e61,635783969.2499772
2fcab31c752b699af5e8ce8b,614774474.3717958
96d14697ed6847ee757d113f,598303068.1844524
ded79c11c30167a9d8accf77,450460552.50738585
ac50dfe70b599ae93ddee4fe,686793581.1985897
3fc7a0f9c30978f24d688fb7,691597201.4786453
083f05fe52ab15e8d481ad41,762550774.5732495
075be16d8d9ed6831d139b2e,529052273.1758551
ffce0b151f293cad0a6f770f,903590968.45201
5997da918101ff14bddf20eb,492877074.81151164
e102f1d841d7cdb596d50624,388405437.0946907
a2c3da753f0116aa5842d4ec,711683561.3201575
43228eaa1230dc0f7f1473df,420752461.7752327
4349d6bfd5a518fcb231cb3f,667721643.0285977
c6c978051fdc655d21a370ab,715686055.4752233
f4cdf3ff86fe70fae3e59f4c,669463689.8974504
ac154aaafe98dae45bf9782e,618754233.4174355
01f6c99999c154461765f4c4,660868317.85762
d7d30819fc6ad6e7e41453c1,694454571.5342857
383b3198861942064a63184a,414707757.4405726
3a2f110334251e97abe3583f,390381598.0981057
9b9db425b698a4931173b5a4,563089910.217029
3b51828a1e891f3a52a4653c,557356517.433511
c94dc49efe0a350bb522a56a,557551184.4067799
39e4765ae5c8284e1f3f618b,588307120.4896047
04b28e63fbba92daf83865ba,883279533.6105363
b9643a26731cf2a9a243ef33,803863437.1202642
19e03fc1a7ca4b0761eb9ef3,657804820.4145548
c0224f0cee5a388014db4f55,979214177.0246217
c4074029fba935dafd82eba8,410605251.4126079
0a8d749a2336d8f66a4f19ef,420318332.2206572
e84da6ce78339d50a72cd87d,419754586.28724355
e9830411c3092327f4e66a99,505962867.42733604
17d51fdfe8fd16185bf5feb4,627485361.494014
f07126d58455b20f547c4380,627123592.7722281
8fe7db56d501b9c11461f62b,475240479.0103329
1ae2058fbe26f384be45df4d,471460801.3844164
e74a31e6edd4459d4e215c5a,470427552.7309681
c91945dcab0bf200c3ef321e,441498108.283882
933018604a8d5a9020aac221,632177360.4866652
876ebdaa0bc953890e323843,580961466.0492126
4fd907c202de4f06cade3b3b,652255247.8515563
e40f616637f6187024b34086,775729834.9657205
f9038f7e24e0a29bd9f3e24d,632345359.7030493
b27fc4e7f6042d70a7651038,709360760.4907091
e68b18b57fbc5fd6cbb477e1,691164818.9197927
326a82671272d893ce699476,495409356.3756724
d2655e69f5dbd09ddb9268e7,594104493.6776384
440cd2efd45c019c7151902d,689670208.6617187
e5099db945e4f04aa3f0bfeb,505923438.69617
3477d85a434f66df58fbc094,600485935.9143928
56991f74ed430ed942b2d6d6,524184225.2258061
7ac1b85bd87929705b7a86ca,601075094.254263
0e1fbbe248919eb71e53ea75,553003570.211637
75c16273d3a593752446c27b,569988542.997009
7e74469fe0b030254756296d,768768114.3770368
35fca2d53ed17ea7637c528a,653172149.1526071
963cc728f3bc207a7ad74ec4,695143357.0701807
fa9dec2129f7218b4c4d4b35,726384341.8303162
1d0a6bf40e609fc74a319310,585082568.4825356
b9551c416341fb167049d4ce,654316166.0625833
89131a0af2db172538723b08,515964660.3007313
3e66557e876a876c259c40a0,428322757.9311271
078144699729ee0c46f36123,808299036.3779634
fd15189b99da46b098a949e6,620996433.3271215
d69209d7a26bd306bde5a37d,755281671.7021153
89690c80b7adcb8a8afe531a,575410941.591696
0e0d19168609ac1d75253edc,600952565.6772314
6cd0aca2bc40d83473a39885,590006067.2809178
6ea0d50e822913d0f444d89e,769198382.4646932
39579c195f288da8d77f5ce9,691631337.3999633
bc54f5dc4e9ce267ea592813,506267301.75728446
1d43fd3f7fb4e24a0b7c9ec3,514162575.54615265
2566d8588566312ffa4fde42,929486226.1084188
8d27746cd9d2532fe9cfc408,388972595.4552702
95b822f76b4d3d6ceb0c5077,623903513.0204114
eba86391ca00fb217ed1f774,508886376.70182264
b9a0575867a59dc5dcbb9cce,483297462.600161
0845e73ae95dbd4aec3f1f43,466415316.7794918
419a2f823e87ab67b1311bee,844302067.4010639
552217c633d2562cdcaa81bb,564941956.721088
4fd7984773d2872e51574ffd,638197915.432818
a87ed2154a2351cf26f0027d,592841749.3499602
a2522c9d3edb7e7a23a42b74,761805603.4909205
357e58ef96c53f39e267b80c,960577307.556619
cf0ca58262feb1f8b0dc7b68,839997259.9277134
1cb79aba890b35f9d2a400f6,1091953827.6628964
d5c79ef12f43e2bc19e22fdc,652565248.423531
776e1192349cb7cf1579056a,626088051.923518
7de63633c7666484bd098e2b,501207157.7427111
ca1b1c17572f776fc1059691,565932269.534233
53e94de217ec45ad576fd83b,553669773.6893451
ed5c3d2952d2575b1bb757ee,625704424.8773009
bdfa334bc331e3e547f7568f,762550774.5732495
9c6a01e3c7ef87d27185e9f3,824644726.3365159
05d9818d3f9f2a5c358d3911,661846274.1607159
f6c990e406b3756ee39b3b30,486323144.8262558
19ace6cdfbd8bed6e99c86d9,444994439.8346553
6a04f8684e083eb6319b5272,457542872.4160059
179bf83034539c8a391e0310,499468826.4818238
a42081eac6834da0560ea4ef,653107236.0183288
784fa9e78f7cfeca4133e8ed,675847179.9475577
978edd828fc71300e6723e06,839391700.2476346
61d6969334fc63611c810e2b,677000225.6367943
4d592a67596afbca92d26bcb,598629098.545021
50f8068603edac10c87411ec,650212000.6597335
9965f598c5b95b3cfaac50ad,636147141.7088007
66cf83769d16a4d659edba6d,622810201.4105645
9c2c2b01934d1d519e651786,479987536.298818
2b4913f28d07628bf2d3ed92,923744214.3062814
9baf7967c49fa209de8dda95,752404013.8005849
7a0f887a9426270ff3c24e36,685840328.208124
c1034173dda31d20c4efbed1,614515780.9223162
c4a3d64de5e401a86395a919,561893087.6498356
c4cef41167a5e8354a61feb4,622701536.2305675
f52226b24ca3d5b04b7cfcde,781630500.7453467
36d5003f0b5ec7f80e89262d,765051770.6039537
641600a4cbb13b35dc7913e8,862675391.4264207
c31c4bd09d8cfba562ed2b41,627582068.5863167
0df96c81adcd6fbc2f7141c3,709630092.6957343
4499adb2aa3aee94d1f1a1b3,821818628.9489003
4ec06163d39f96baebe11bd3,481927682.6732322
692cc1c9949d35ae11412fd6,624414571.5169858
f1da5388b772159ec90c3210,642219903.0097201
e7ae63f81f8fad37bb9c1b32,597547720.823313
d39797a12d9a4aaf15ac11e6,626578286.8788613
efc5412fb02ba9d8f604e493,696641665.4040279
bee2e008ee41f8a711fb8d29,686381086.299771
80279a7533c44bbae477ea4b,606639706.8723447
edc43e57b2905405a13f8f3f,409539465.6420255
751795587d1396e0daa25783,426698673.9451074
6d90801ea8cbc12f9e2131a3,449672579.73977184
71fe067a5ae994180f530686,449672579.73977184
2e99240e23b0542f1cc75026,443952966.7125204
fd6112c82d5808311b08e29f,444475969.35006076
0ac639a7c5ec115b3df8111b,505391021.4001905
af0cfebd54f32b9b92c5fdf3,449672579.73977184
b0015b31facc48a49f1313ef,455255455.1133088
2347f69ec1ce4a3fb6989eb7,478304206.83933103
209bf65e11bd7053d9658824,634396647.7420008
41877a677d1856bf609515fe,619624196.7828568
cf60297d9d9bf1268f35ad95,621342105.2101932
a33800eaaf178e01558ee926,574172441.0817667
69e663ffb4935aecb875854c,547709502.968077
595415e95e075b70c39d5c5d,640251703.4352648
719679261d84d6b93035143d,658692302.2599467
9f149071cf61295815e3f875,832956465.5822732
3d24d985b95a3e200a734bc2,746530221.5484489
bbe705b86c6ed4da775b68f0,425349562.4285843
e1d875468eea7b2eecbb49c7,617116287.8442891
0802b7e10706252dab8db909,590092503.4093274
2f412384597554f3dab07985,686386885.2354931
da8b5c8a320821ab8ca00a80,676769219.854605
0f10d20cff5664f9564bc88f,921222757.8576746
ab8699d3c685fa834d7ccb3f,601102669.4510577
85956152686438c48c52e018,804971548.2172669
ed9c4f4e06183b15b877f077,532699538.05953276
12e32a758e15fbeefa255207,707576032.1238289
22cfdfbff44541dba9091753,818319159.624435
314a1e163d0b77b0f384da29,424591487.1391661
23959a0f6e27c8c2b4a7f436,697606195.5517124
6ab5a87a537d2ce326c867c1,598885667.7357098
d9ebae84cb53d29bbd8a466e,415020267.047694
9511afb73b656135daaceb43,836543333.0393237
9231ec89e58a3daf459c5b43,1003603130.7764044
8d97cda83fc7353a86c9393a,968469502.4104409
3b380c563ed2505b7630feaa,888122934.7136848
6e5ca223128fa2de422b4009,477750336.3376214
ee30ab004ac5270daf59758e,612976723.140167
d6fee4f680569a54f4267215,720188916.8244094
db3b84e5b3a9097392a57319,693159730.7034429
cef379fa831f936cad745dbc,506321177.8520856
4db8d32011163bc4fe01d02e,419078234.99221754
f842221d74340270e757fd41,736318297.7282542
f6173e36f95ad05b8e94321b,735145425.1966039
5960f14f2a81075fa66568f8,474312463.92328984
cdeba97450c735185e486eab,635165545.4022977
f9a802cbc802d49a087cf23e,1062703301.230959
6a9ef848f22fecb9569098c2,700537891.0494559
f3986309e4fc4cde2b5feed9,801134811.716662
6c3435048735371c36dd3892,661610032.4190886
f019dfbfa7fbbddec988fb25,789048396.8987776
4526cb4a2b8238dcc4e496e3,925908037.3697623
95561bd325f60967cb6653dc,612207336.2242658
9f3e09a3461bce2fee7e1c40,983947614.9038286
1034b1af0331daddad70f3a5,488144842.3725396
3ee9cfee7b0acd482672ed47,651764965.9587353
adb51a572f3198367e3760ef,567342776.5550561
5c802e198dc0906016741026,427884586.46719235
671603ba1f755be5d7219a01,422185547.4081149
001d77bfb387bdf0b53e9e83,704802425.7121242
fd9fda1abfcdd1066a177e14,534076084.1052322
e1e78f3432ea2dff6b69c6c0,452408804.1252173
378e6374da00b72bcd7920df,554256324.5653793
54ec4fd8f49c897c644ce83a,604883832.891689
a67ef3a182aa268bc4d9ea14,560004268.6244862
8100a4b0288d5d9d9dc86d2f,532929985.41582626
699ac8957d9b4eb7fcfbcc40,544152565.4960302
7b35a3e9f3e67fa1974f5c25,614192658.2185689
6e5383a7f9a68147c2788565,791335884.7016591
fca1c40a338288036b1eb25c,849664459.8181034
237da4784755f090c89f07be,635903841.3212955
21a7c5d6ea818dfb25077e13,639259831.277862
0cf7dd52e117832b4698b310,711097785.5831977
677c8056695a5a539dcfa3d0,575230307.9180412
e4b85269ca413066323f66e0,877643021.3759356
9019f1dd02ede61479b62406,650594180.6456383
958f3e102c6ecf5f6386a004,548238164.4155229
b05c741bc5013a7a6abd31d6,548238164.4155229
2c58f2cbd00035febac060e1,643913818.6635095
89d36acc5f617a6a97e02f23,528313238.2173571
2fba6801eb9a7bce7ed2c081,564386797.1672221
45ccde79aee811756030903d,555283708.141401
5bdb5174517b8faa23df9587,717530132.9684752
36a11817b32bc24eda6ec8eb,486417177.56914294
f1319a9332946bd68db250c2,491915038.4220809
39f70d6b68b22668a0631f37,505144038.418755
3958d0cb732f3d623764be54,437325695.93500936
f67028acda5ecaa4c8781ba6,587803364.1081663
76f50ce5f30cb96d48a69357,542896419.4504722
9e5efd4741a57b9af54e9265,584859089.532522
8c45ac143f5cc43e9249c17b,515898385.8046794
2a66eb4d2a205bc4474c0afa,620650995.7390925
85cf1ee98e1a85ff4619e27c,681370013.9382851
84c2ab0573d3cbffa0be90f4,617185638.0702475
48976c41de22ddaea3f8c296,456876399.7505976
001c03f6103d35389825b62e,562054023.0195647
ceab390b6906d5cbe65fc402,559305924.8293765
79f989fd66108a2c38a9764e,660709993.4903886
cc385eff95aa00310eb22111,689526692.0986179
ed764bed1d05cb1e9a4e67f8,777859235.702202
857c5dae475eadef41c25603,647275955.5013466
7148b0d9e2e1e92d41633230,687052482.8459778
7f3e02524981fc7e40eccfdc,411552481.7828654
ccc625df8f51248e3dc93214,439840167.6933184
b38776cf09ec8e90fceeec84,457571903.9090848
48ebc3d79e01061c926066ba,406301042.10470384
9580bf8358095abb15a10c36,365452953.74944204
d26d35e33a0cf88f735a9322,457464372.9670034
b4c2a0a1a63d35a9a08a6e15,719997237.6534553
1bf1913f806bd4b461233551,414371380.8844282
34d1394dbb483e55d1cc2da5,419669456.38394916
7bef2da7f3c160e94fe91ead,380453068.2245378
528014ff6b7cdbfc174f4fcb,515057407.96801096
bf1dae54bab00fcd3e8c9ce2,559681543.9633137
f270dfd9ef449a02b6d7ae2e,559815547.5538383
31d6f089626c4fd08536fac0,447056290.99879843
259f4f7fd5d851be70d63633,442904111.3889307
6b74ef5c8ab1df614bfba866,602221047.960097
7ee7fba3a30e0e7c2ed3043c,695090255.2416844
b24bd44eefc3ccf053939dfd,658694161.6416526
0545fc14aece3f37864ced2d,703311851.610021
e07eb36210e90ef0419fa0d0,843570249.0266546
3991b04509fa61b36a8f7d2a,614289375.8002808
387af5fb4b4a7f5c3fdcce57,709341306.363685
6852e8bbadc1a9f4fbcd695d,739331681.8054643
8c3373f9c0372b87ef021512,815525554.7282821
6123a0dd128e45216f832e3d,625308848.9393531
0913364c688d7375d0f7af5d,413338551.21123683
8831ae77efac99a6c58ce05d,534334224.51702404
b6283a5714e0b977110318ea,430379285.87094945
d2d8f5356f77507f8839280c,607227377.1750721
f36bb15462fb29f80b127458,785066976.7495768
7abf9cd6b26e2e2bb6d91e5c,599289152.6470668
1a5f6f7e8b7af9d48644f1e0,617986497.7357521
8e2a5f8431996ae0db65d0be,597944528.5184696
29535d858fa3a11792697820,825582539.3699971
8e4df02eee6cab9bd1011987,457545515.7028856
5a4039f0ca12767138ae585f,434263951.10006285
d84248b3ce8ff6f5fa480a83,439817932.5832098
5838e86b74020a5bead56161,456499664.48719263
02091877f01c926c350b013b,431629981.5049347
df298574e35dda90fb568023,436684643.78810686
d8b83253855448caa81f7780,436641537.1899902
1163ab2c0bc8c998e121b922,437050628.8716041
14f9ab54432e5f54a50be4a5,443004107.7955949
f4e0fa1172c1d4b70b6c4d73,440635544.23691
4345863fe83682f6091d8a77,507201954.24041724
6c5bbbfa3a1515e5cdec9ae1,565711662.914207
742da63af109164c21dd57af,528681097.1738028
fdc28a68bf8a5bc86288b4c7,609930213.3770763
0f4b077de4ba5f5db6fb0065,524698953.40786207
320ff6c0320674fd278f6fc7,529919985.71711946
6acf9cef08906fe569c38572,726260320.9031155
853febf898a1dba351d6f917,527190837.16126007
8ae41ff6a828f175a9f628b2,508826693.53256553
56ae6108c1b53c649da2f6ba,523962609.1690508
aa990d4e5f1a0fc4f0bb29aa,504682854.2200038
cb8b826e929f4f8a8e3687bd,532181036.7717925
b85a7389bab2e651f05369da,519535941.32549113
1fe929afafa91bee53df4e86,499966009.0527758
02e89c055b7692dab024defc,505662890.03926015
66bc6e56bcac9bfc4a7341d8,611176370.5337683
63cee15dc4a6808616a2c2e6,651777782.6747068
9a889078a0225c013570609f,567029776.9009013
3548fa5ad26ba2ea999380a0,620591689.1204468
d9d8aeafa748f8f1ff2fca22,649676162.3829464
9e2c21d635fc25f7790cafa9,474844244.3829852
f99adfe85d32b0a66f4d483a,609760463.2756219
eb64fd330053a41ce5be4a7e,598042790.8469895
ea8d704272b2cd066a7e7867,652378184.6275177
e7c92ef9784a92c8b7fca693,614039912.1389233
a9b83e18ae78d307d1b39b15,655748272.6895263
ab8d6823d905f1f0ccf4a75c,608873304.421559
8447ca83d928dc34c2e7f9fa,609974721.6696479
5bd24b842a67601630036d0c,686673472.8402164
38d5b9319bc16bae99fe73b9,660903283.9761198
e1558509b120809eface5b87,616501612.9549285
4b8d7217da1b1f225f254914,659866523.9764955
09e0c3a1b90d46c361007323,598042790.8469895
d090a9e520ef74848bb060a6,565933586.6147257
07284e4caec09fbbb16adf2f,578329205.7003837
f8bb20be599b79cbe29f36cb,585384942.0034938
07dd30f04c5953f325df9aad,622863967.1044643
622872d345b4b0d9c1b9302f,650990855.3885559
fc9151dd6f8850502c747bab,647182329.3502795
0fdd03a2dfb18e323d96f468,550019137.5991333
ad7cfe29b56c915dd016897c,555874474.4608308
f40a182d82c489f55c64ab7b,702558821.9474502
fb06aae0e711d628b16eb910,705049539.5755339
7dabee85f750266dce02399e,767628378.2314316
ebcab2f8506c64a461591d1c,666599206.2138298
340f96c7de105aec5b7a28b9,721742526.3579364
be1c6023731fb633c4f41f96,419247119.81702554
d6b051fbaa13e3d92a798521,614338815.7249051
bd04c8b6b5e381cd5f881379,515995558.33672243
2ca47f5c36ea5d1cf00dbd2f,544011575.6330104
3f2c18ea5d8e9a25adca4c42,610984894.1257149
5bd59dbebb0d6fa71efa4c66,623510607.2897706
bdac2f1c4b306a7742f60ab9,625810881.3277236
a0e26a9d56cfb3b7228e5d75,621525851.3042471
933740e21e9b61721b2c6053,654251297.7995858
a3b9c1a3b81f17e6b22b6152,608716336.0288823
445e241d8bfaceb149609d6a,519052831.3117698
937f0b37f566f65a1871615d,611928549.94831
9a76a405640f670c6355630a,608660020.8052659
7a0f351e8562fb7aafe6e714,454353879.5574423
4c5b79f3656501fce2e2178d,729692440.9857081
201053b106a0b89a0a47e2cc,532373301.0103744
724a5f9542f86cc43334d3e6,453322990.7379801
afaadd87a196e04b934e0b1a,420859871.51677537
a46cfad2458ac7ca4134818c,453591353.52971953
f640eb21bdbb9369acc4e863,457251140.947822
8b3350aaa66b9fa1c682c15d,441951455.45977455
1340b0805cb34eb9a982190f,504686092.33504814
055d5ab6b22d4d0ac325fe73,457621843.34213936
faed63c1287896e97987c4c9,473545214.436976
a094be8af52cf76977fa5083,472152844.0262099
feb3384733ed8feeedf9ce8b,472152844.0262099
eec4d59429b1d1bb75b4d686,562467603.6212786
3e9754a961d2cf348c9ff7af,462577520.28211087
8f8a92abd28c8990534e847d,548405427.5430211
256491790d0a2d5e1ebdc2e2,468478439.3670865
ede7995bc4e7e672fda4fa5a,570004879.9834297
9e8a11484838eed1f4673a32,643698769.5547624
8aad5795547ade3c804c0ef0,626322847.820625
4ec4683fcf928d9fb33eb7b9,628078040.8675412
ee18825bcf4065d29287b54e,787449034.2204149
485cd615660dda11586f797c,654868662.8493652
8b450ea6c21fe0b5157529a4,616575690.5229279
0d45e78397d4bc0d363be47e,604487147.2101877
bfa4cb65827c4ebb91478e53,622987094.0034077
deb2c93acfaf6994bb3c0608,634440352.5992516
571e1a8c252cd67ee0475974,640530980.1658106
04e337d3c692f3429d47aef4,647674240.6138563
cd2913f013727119158b98c0,792002454.6177753
ba63594585c484bbd20ed3a1,550845516.6384575
beb7b99cf12926d8714d1c5d,555580840.6835564
0fbc9e52ccf1b7ea8136cbbe,795944704.5759147
f36031f3a3f77a3fcad337aa,786671034.4105291
7738f18d533d0f0379e3a06d,789192853.7665539
20c3cc21b44eb37d0b359c1a,807361308.1384923
78257e76c16db549022fbf2c,750214165.514971
4baceaad0b0081bdaa37473c,826262461.7080984
6bbf67d88846e94a63014eee,880725524.7698901
edb259013ceb62ad9b23eee3,784429457.4497633
ecfe155a407ad2c2f74522e8,678703696.0878142
6906a20be4962df7725dda7c,970359175.1242365
5d86b884df3627d93f206952,1035627684.3922583
cac3eb4606346268cea48e32,1018239219.2796618
e7439820086f8d1cb13d7c9b,580078250.1774738
b940561f2d48444e139eaf71,549263604.2071875
4433060d0fa95ae1382f2de1,445691927.1801205
27dd503d4fbf4d5f5d850d4d,677725090.4366686
42a73bad238f2d3f5e376044,466550387.6039862
2b53b13cd912f353cf9c4757,527779143.7689719
4cb59b46927df31150830d5e,467491295.7771081
2f3d01cbf0ee0b985386418d,422589852.88014257
d12e6de49fcca906c3586994,421005765.6078732
8f541a839df1ae79d563427f,426774651.9105178
ae5ff2b5eb4f9ac44fef666c,502464416.39252657
ca77a424800783bb9c5c0450,635428297.3934968
c0ec1e7ae2c6c3c2f2ae34b8,583368494.5954541
2372f7c0499de8aa2e5ffa06,582517620.5041085
46de3fbec5bc6c0e256e7751,593609101.1386591
4d8b338266822739bc9c8fc9,734482695.9596711
86d46a3fd9d7bbcac3319829,720250474.1999252
b13fce1462ed87e57ddec917,725345714.2887383
625caf4f4f56f3f6bfd3f786,420870393.71230125
2214e2c62cf8d2d14f11d47c,563518511.5860407
cee8fedd5685633435d77a06,781475903.9677206
061386497cc2dede3ea70b1e,452060891.3640661
3ce50f34a7974ec17178a79f,571775049.6022617
855ce1721230ba103fc0ae84,402194048.4841316
ff3b85eb538fb9a7dd03f459,409686696.03120565
111bf82100a6fab0c9ded743,626907903.6374861
8877941794810464749ba5d5,566759855.1891907
1122a042822658cb504dc147,626907903.6374861
d7d924ec35768a3e6bd39b20,468396629.902804
27cf45528b4266162f7c9029,538499715.9077907
916f946082d03023ffad6f2a,619566129.9031506
68181ef118970fdb1d83f030,777682745.9541446
2f0bbbbb466fae3fe5c4f614,537177697.5483017
17c8b228fa2591e3a234d55c,491991019.21457183
e5d9afdaf318dbe749bf9950,579114883.9644331
ce2cce355f493a75ab59b242,531204694.9981534
b6825cfa2fde9b42fcf04c59,643201913.944101
6fb3e33e16eb81331d389ad7,474844244.3829852
e29d9a401a246c00f5eb2413,669305879.0778114
fdf103976a39cc12f5effaa2,669305879.0778114
d1526bc5e5446680841a9cd7,851060483.1853584
a96cb9d988f5dc99bf5df4ea,851060483.1853584
760125efabf13246774a9f16,664141341.6455553
229607e2faf76efeeadcdfce,440846540.60501957
f14b11d270282b317d9cbadc,647412224.8247533
8a41638edfc5183469b6c43f,424106366.6293303
ba249dc7eae0609f20ccf234,555954956.5549421
0dfc7d77d3dca86a221fe62b,958266005.8359884
ed7f61ea4c9095bd4aca258a,455033946.35799015
d2ce77db7cade7f2c6189002,430379285.87094945
9d18c354e8939c9f18598f22,415844195.59767574
b95689add02915dab555d9f7,756669856.7132404
1c35d9468cdc55670d48db84,639024139.8099853
caa4aecacff2beded2e76beb,485694074.55254525
017487de3455d9f642a7fadc,700970689.509413
8ed9c13717d2bb274a81e460,749967902.9078487
c2eeb1cf0549df1359ef4dcb,399838757.85000944
3a413637f3108ddf7bd53bcc,432909717.90653735
145a241c80430b1e4ddebcfe,447636301.07921517
c954618c48b70cb00efb49fe,504725540.00393015
fda6cee77fbfbce6ec0eabdd,680784027.0449231
b92c9c464e23f8b987290769,463963527.6514317
d81b170177769c0121b8935a,624892178.8405558
7a832790d068e1e85182b5a5,468643190.8838313
462ced9cfb28550c160e5664,801475309.1999424
edd9a278b86b1c56e237a0f3,457893418.17336243
fe9b6a82fcc3266ddcb3e36b,758830767.9018267
fa74fbeb90bdaf8eb26f8329,652564703.3957143
a70b6661eda6ef616e19dded,455025227.6688535
cbcf4d76223673724b0f9811,484224928.1937507
ba16ae6ca55dc3c0d5480944,600180887.3631788
3c840c206546c20b3e53d4fa,601011871.5719059
c61076b24927a46ef506322c,674920687.3336937
2e797c8302fb7ada13ef2d4c,716849346.8008788
3c9e3b97db788dcd10acf0e1,624091863.5937924
28db5acb7b224d44e3d7ce80,615396516.411096
c7aad87d39537083a5620757,521769714.15735877
099721566fdd0a32546fedbd,596116037.50799
bc67f29c8679adf31353bec6,633742984.7430843
eb40a304997a6e66c550b704,715374688.7507073
3882da646752a82db088c614,686480373.5887274
68c319925551b9484778bb65,714723018.3816259
711b570ff195fb77229deb35,699449336.5234193
e7a2e8e1c22a52f78ffd1b19,719677216.7216464
814d93fc94b4de6d3a860bcb,435116945.75204766
817da44fa842fe304b93c199,407927038.1273696
5cb29f5aaad14b6c33813580,420859871.51677537
8a1105028a1a1b83c5080abb,389177693.7717311
82b69c38d041325a4bb2fbce,376589770.0333346
a57d01ed5a9641ad64f7f032,504686092.33504814
90186e67d802be6d12eb3696,554663230.2824998
f781bb1ed340e08b23258ceb,462052044.92334497
db05818b6de8d77c1c3fd053,445272166.87138224
f4ed8924f5d1a3e6374715aa,587408559.7028214
d792d1eec60822752c8d52f1,575743810.64323
47a3c63f65a9794384c655dc,457621843.34213936
ebacf31727972e81d0a0d904,528332574.3654824
a759e4c03e49c419c8f0cd2d,569311155.3287263
0648a4bd7ca088f4b3834401,614719533.4576584
b25734bf3ca94e775f467e85,510693815.8299834
65a8795e7a5b88acd7a469c4,557139225.6671114
b799aa1dd2de813ccad401e8,667301744.2956092
c01440b8ff0d80e7bbad715c,596872331.7920078
a20cd5193779526b43612ebe,566977213.9391563
0cddda1c211fcdce819d5f8f,908502966.9764134
69bcce6b58fc3702580d3234,612419950.0449269
ac7c0c806b57e4942d9ead3e,707208197.4610926
aa9e131fe4e7982a374bbb84,618089590.103274
290725d6b15062397597b954,618580069.0493395
5f0fa37b7c5cf77e0508abd2,784576850.0489897
c76f482d2a8f8db5eb79ae89,870471712.2190387
f651cc17b051c962e4124795,694329162.5676392
250d84aac8add089061d3204,702721715.6529638
d3f9cf66c1c05f55325b894a,784429457.4497633
7198cf5aae5d0d5ba2e43b96,750214165.514971
766c7906cf0493736436fdea,1009542014.9874399
78f670c0d7a26c0323281ffa,744184235.8182324
ec0eb8d68807f52b681f138e,803011394.1690532
446138cfd3749c0b6715b0c3,635962012.6137521
64b4837e4550ce39f2f85342,732429181.138525
1103c663f6b5ed0309a767b2,644996425.7736554
b9a573a3f2cedd87c7dc6477,448114593.28311753
de54862f5b7b8ff345c6b297,404032838.38801205
16b3311b337c0cb9312ddba1,504686092.33504814
a1c2003dfcdce97d21f9cd15,457621843.34213936
262688a95a32f10fa070a887,428433311.6613525
8e374b19fb87640c56243088,510693815.8299834
4032d6a6a13399797a794ab7,575743810.64323
99f1712af0fe96f67d11037b,433141734.9032955
bcc584e6a08822158e2a1454,479665804.7212276
ad14f4403926de76de2604c6,390244662.58519304
01f855427cbe3eb51b38288f,710569260.3090731
4673ef4fa28aabb0fe61043b,412822748.4650256
f4cf541f02d99ea1851b9f12,518280468.05944926
bfe19954cd4680149c682587,546978002.4690756
fed8f3bf4a2d7a426901706c,627745362.6268314
480aa7fe286f4aa31f56d4b9,660579557.6604623
1e9850a50070dd51861a5e63,617368486.3852983
e26dcf5836f5bb53553cc413,573871070.683552
c7ac975025713f368bdb0af8,631128489.5577654
73fd5bc0aee47d89a160f5d1,606464386.1101325
5bb9dac6e0e9409e89aa6cee,652965531.9007488
9b15aa6c85804621f5c42566,750214165.514971
199fe72cad28e4554e359ff1,826262461.7080984
b28ba88f3665a2f26c2f8e47,784429457.4497633
453ef603a66a34f17ae22227,786503954.1160506
d8f4955ed4fc363d6d9ea897,793360880.1237447
f2eca7e3226f625807f7d6be,1011832212.8953484
361ccd7f37ada9c07ffcf71c,794880142.4362398
e7d1ee027da436cbaa122f48,822847460.4636196
554ec896fe4f9d8f2e8eabe0,799026059.0027875
ba79c72aa8bbb0517c899b59,617416521.523971
69dd957e78fcdd4d8e874acb,473644429.2624657
df91a3c7f364df5e6831f2de,433142974.2664734
77866048ba7b69532d0a18cc,612715945.2444127
a792bde8819aebc5b2d73a6a,677232952.2574315
6293e4a72b5c84782bcdbf78,637958385.4466882
bcee01a5d6a36f48d99a5e4b,704044036.679212
c58b56f1202d1cdffdda3021,578384826.1882228
ed3275b560f020baeb9ce3c0,456778091.28590053
2a872557ba401f4c95e0ad2e,592354849.0878793
6b8c1c7c855656b0e56f0bb6,709167370.5779036
d6297cc548b16bff11eea51a,766975981.7087618
dadce7c7a446a6a177821b73,581278946.9827002
f5d9d8082e7652e97973e0e4,849693653.0840468
2ef9126614eeef828f797e66,696753327.1118042
c70439fc435337f1e8fd2f5e,765338948.8783293
79631cac54b1e71c1022da12,1096350684.6149569
6fca3b70ba2c68d9e0d2540f,402360185.16082954
5b29d453bd368190e0e356c2,542214818.9609921
25995099875f0ee622ebc31d,692467614.5115666
34bd7be0761ab3d43da7a81c,473990652.7312845
b8e15d182ac0c74fba332b8b,529059720.3470485
901e3b835718ccae27c8831b,483479764.3513019
e1c7a101e5d518583f9a2a7b,845208921.5091969
02f6ffcfcdd3dbba94dd7b33,899585915.1238295
2162e09e137eb5f4a1f32b16,436075894.35980844
5eb815f9023e6eb97786233f,991004428.755736
d2ab14487e0ecf640a785277,664107599.7468218
437167a9db41b677da7d5a7d,420722769.1577808
c3f889c41c1effea85bcc706,486974389.34692085
155da5ad9ad19d57a7632cd0,638498967.0466336
43d1fb0646562c3f1dd6fefa,612977508.6281743
8eb66c4b057dd4b07b5fbca5,514597439.27361727
f9718594fa52500c16e3cd71,674708384.0043395
d9c46d54ba6df0d21ed4ca49,625322940.3642871
d3f688e0deaff6648f2925b6,431210097.28677976
093a92c6846c924f88ba8750,791715817.7784144
9b1223cd8c9d7b348d6a5c94,946195104.9510313
8209afd76e36d8b5c4f7a991,425887992.0016409
29fd909e7cef62de53430e1a,488480694.90407443
76df3d616d8bc1de789bd83b,444232648.68206567
8aa5d44a72b2a6851d14ef86,550258206.817074
eb4e1b72abce1d184dd4d5e4,582926556.9726152
2ba24fd47c2ef8520bccf6eb,649583388.3423988
1c9e38cd216595b33e283134,615214976.7341363
2fc150cf6ea4141106bb8ac4,373310682.542107
8dd46fd8ff592358e4c3e7e5,406015409.52226436
d5e001b2f1dad3962cfff9aa,434033311.7034456
6e73e42a0d2ef8d6e403112b,414807112.8333848
2537dfc786054c61eb3a80b5,524277414.3340653
19c77db46d23e0c07a06a8b2,475401889.5086006
e6424086fe1cf2a2931f4847,524277414.3340653
66526276a7e8da597683e8c9,547349442.2207079
cedd20027ebbf47baaa0dbff,547349442.2207079
ac7c323295addefb43c62acc,687715852.9931136
a8e74eb5eb523143cb291cea,684793509.1352082
ad393e9070779969b496fa72,654602827.9146714
64d9dff81c79a16579cef2f4,853564289.3637372
ea91281d5eaf6b8f436d47f6,853564289.3637372
06e59cc783be86bd145a56c6,629848336.8660015
7458171e4db497a4cc1365fb,770591416.4509549
12d73fb8f4ca87b19ca46231,687715852.9931136
5e935d4a03c6abc86ac5adfa,646097524.9766874
2754b4e12a7604efe8e03f5b,1014966790.1543446
9ea7a0d65493cb5487ed2084,446152814.23598444
7845cf57552577b059dd13ae,427175411.3226993
6e710984bbf2662a9cc7bc4c,412694989.66214436
47720fb9e2586dced75db114,407331229.24639755
cbd48f3342e63a84173a8dfd,389738339.42561585
cb83c138aefeadb184d2c7e0,467567293.7603723
397d4e490eb2db8a1b18051b,428045294.9593581
4f65732875c007d3c1102140,416226417.39813346
1f8ad363a0539a6f2455c3fc,402420466.50312734
9535ab027f9f2a9a8fdc21fd,418759345.27656317
248993a27da888a6e3ffefe4,458515678.6776264
cd07b4553b6d3863a9e444e8,585454029.0788591
f53fe605b0a2857cf3facf73,562054023.0195647
ae48e30b60ec254bf0dc89ac,584570718.2875971
2a0e902f3c07cc9696000177,613315556.8908432
d57535248bb34f65ae678a39,528703311.05320865
9949cbc958bbc0114404960a,595248585.758145
841c57617a075690ce412083,493752536.0488769
9fc4385ea76cabf741d38789,414309989.07440126
0367da7dc5374f1957a1b7f6,773244299.1830494
7703f868650a8252e954e457,573818419.0358286
4cb9319ff5adaa62386b713b,592185469.7292901
dbb30f9d010677de2aee1b71,652985099.4283403
0b54c51a787fe58bdf677658,796964467.742523
5234aeb6d817b8ad876e50fe,575096048.9821854
77359d0d34ba4c9d825e46ed,431963253.6976043
b84795015be5077f942f5170,427632190.8214048
75f5290d61164d42b39d9d51,444662114.00936
b46d50c84edaa7feba938671,592185469.7292901
be8c05b72ee7867fdcb05455,786593865.3884518
356712646865d98127b92a57,546781449.164597
ab765acf8b87daf1673b3a97,469791251.79827917
3a2cacbd3b4f9a23514b1433,777266004.1320102
3c6d485d7b01ddd6147746c2,558655524.1681224
054cd21c3b12f165bd520313,617927701.6915889
e114160e3ffe6a703eb42440,490339175.81648415
a38b2d75349c56ce04f02a94,601948493.1838102
71fdd2b1214b9371ef149c1c,907493758.7939527
10970057efd092c98037498d,516494055.4809643
7543d0e85e6328ebc8283d75,538532801.4073853
db1cfd89dad114c11ab2d409,842192030.7945542
760f24a443eb01721c6ffea3,680884315.8929256
a1508f30ba87423e7393b4fd,960287388.8963163
5814dc311aa87b24e26aceb3,630165815.2640808
f26c2bb4d5787541e9c36463,816033098.4945529
cf07a5af6ee98d735bde14bd,716974799.3927302
8b716c3dca89b7caa7db1aad,602677519.450316
df89e7dea6c313b0cc262249,601470365.0812541
3e2c1d2cba8755ffad9cff27,775666230.1969316
6771a8c70428fec0f21d51a1,665284327.3542345
d8171d498291341094daaa39,904716933.1517649
3d43dd23536f843c2c5bd268,915815972.3375616
785dea91d94ab384bbd6ce3e,615925271.213511
6c316d2bb84fff36bb01f14c,993818459.7740993
08ba99aa6a8ee752209de6ae,639326281.9681253
d177236e8c725d4405025916,848383953.3139935
9a6b537a7319b3446977919d,1021344683.1313063
e2e7b03feffb21bad63eca2d,724650459.6927059
f2fa898e1bcccbdb92dd91e9,742422216.3233618
2c340ee014e39ad0fd1309d8,881520165.1817819
7ee83e5d70855ed21455b6d5,925920728.5551573
fdd4b5fcf9ebadf96545038c,631194222.4658535
512b4ad817c387bed877b7d1,1031400993.5419445
3ba644c7be754c21e3cc48ee,690239754.8051406
cb38dc837baf3e0531c6c115,734077527.7006627
5e931fda1e62fe41ff0f2ba2,662067235.2895923
0ce9a7d4b0682dbbca68e070,468404992.7300267
8d114cef336100a8d8c81ce1,744630154.6744622
ebc3a6574ebc530ef715ea7e,767707946.6681546
4c2b14bfeacd87b878cbcc92,483479764.3513019
577b17cb350bd2a646725b6d,906328445.1597271
0dbe463995c605bcdffb133b,468209957.0384954
88f3f39ea06fb882c69bbd10,463388077.4129609
e54567ced41a40938b85485b,710569260.3090731
cb6d29f005078d4d4efc2d04,813559922.3397045
1d0919344e52b315441aeafb,515032775.9590013
62c39ad30e9a26d8cf3593b4,773655654.4679041
a02bf67aecbac445a12da958,1027213010.8195872
06baade01a74972cc4a419ec,704493860.6426904
3943b64f9550a575f15d6d29,884206653.0833122
b62d64605362afc574ea5b0b,1084258291.6613789
0ef45eb4356e2f0331ad2457,835747193.7138704
6700ad4d4d7f70def59a5d59,789555216.1920909
19ad2fa7e170c67870ee58f7,1040634311.8031367
919c1e281329379c4d130416,894354570.8994929
8a451ef547efb90a8fcfa6c8,866649876.4104666
5c208e5c37aad07602f7cd7f,433038919.1135123
164fb89266e40a2530400599,431210097.28677976
5fc0f0c4fa019b6f1b2a016d,506802665.23317903
3b16ff50ec7fa717efbd62ab,631923407.3117797
30e6d4e1c53e9e81ff66df43,516494055.4809643
cdae3bf05372c13649a2adc8,538532801.4073853
170a69c11cf4f855ed015bed,740149385.0757314
e14b31f8a454e47c383cae94,417858656.49099654
14a8134a56af1b328321cad4,448210696.77893955
ea8cc21bf7d48979bcae1458,584932543.8177191
c287dbff188e95f833ab21f0,543937050.0175726
2cd0b2d7561919f0223608d5,412694989.66214436
1acc5749203f964fa8b2092a,397629298.31082696
9543c16bd5eea47111e6b266,427632190.8214048
d415dc486936995f8b3704e3,431963253.6976043
ab946dfa5b9d7214a3756978,615925271.213511
803711fede531ad1621a6823,710569260.3090731
f83f29f28978d7dd76cf5942,483479764.3513019
4bf284e6ba81bcaa21a437fd,704493860.6426904
d8ed50fbd5ed46d36b3d2dba,450625813.64552146
b40128f5e17574a5d3da9a32,718810729.9271333
506d4cc6613a07c313a12de4,565585975.4457587
558b7d06789a1c8e488c38d2,624049414.6765348
38410183814a757520143737,660709993.4903886
560a750cb6f8683ccac4563b,614561931.4743376
48740edcbe275bed3c82efed,652239088.1739762
50b2bb276e598c9cfdb42b0b,590092503.4093274
302adfed183564312f9e3087,631194222.4658535
063e53d45e5e7945f1f10fc2,742422216.3233618
6e2c39fbeb5392e6aee9b644,955868401.3415406
8d6c523d4100ab0c83a31fed,768332200.1499181
6d6aaf30227f16b2be29e79c,960287388.8963163
e73e5e75cb18f52dd7239361,665284327.3542345
dd625806063f76dcf53582d5,906328445.1597271
a4b16572b8bb786561baa3c9,993818459.7740993
9446f801f30e8b2997fbd72a,1010899091.9309331
941569c4352c3a2e32c908c3,920585149.9319315
8b4c54125d9165554e4123a3,766542013.2156235
d50f33fe5acdaf5caf1c6ac5,386334183.87476426
46ff039321805b51870c64f2,655985631.6091416
1ac6c220eb690db798a3d4d5,657883309.4499382
faf872c4bca132b52dec368c,661938064.9800414
d92232d77f7a124e7ff13ee9,744111427.4688898
f9a136d7944cb7768b598a88,582691920.853976
e03610db09ed7315cfcd64c9,444780211.16820526
8c51f1b43f15b70d2a294918,429625898.20760876
21d141a84af5f0e2ade9b0b8,468898074.9271369
55c7cbf5e572d2342d0d7071,594962680.5356562
54c0e5e6d368ec51f6e75c1e,785018295.748014
434ff40bff8fad0962ec07e4,580637530.9209799
0a199d5741b5a6213b39b793,631339999.624266
9931470b50580f51e1a4fac7,637993370.4045303
89498fdf642e770ea75be7d8,617511018.4971901
aba39002de605f9ff34bd542,703463611.6323183
0c1c0ba7d75dc4090b7183f5,667179770.9258969
2ac425aa592565b44b25cdc3,902373300.849153
c0cdcb5f860e3a974c401861,601062228.6366032
4ec741bc6ab20515070cf1ee,649064490.7093164
3d4c48167a8de8cb0e4956f6,650569295.535989
f5741fdd9f509d3bb02e35bc,656868655.8086283
c1d0c0846ec652774ed5474b,669094440.3621117
ed2c02ddcf0e54789d9d2675,968697105.495442
0e05eba6eed4e55e89dc5f14,797879868.2110468
b29e5a75740c8439aefc9321,796018738.6572162
218445f989b2da5eff4029f4,798473360.749394
0c7da0c2613129bc322b1da5,813182356.8409022
a41210034abe19957b317d1b,767576259.1011353
0cb4217cde38e09571fa73ba,1005506046.1432676
9df0663317db1cf4121a222d,658602280.6379948
62be98264dbfd418ba21cfac,802429722.3751478
939ce1536f15c0e6bf203dd4,719931464.7990088
d9028df78f9b14a720dbaa8c,719931464.7990088
b05f4b5fae2f2faaddb377fb,538779545.2137011
65ac61968819927b8fd9b990,588280215.5977498
1e83b53963792d7445e19d27,918053954.2152388
72eb1af691a950fbb7e8d635,462707887.3950932
94fecb92077ffe3a72aedec4,462517309.9400961
f660a48b0eb17e98dd77c0bc,477634879.9041482
27fe3fc3838695ce34c5d287,442044030.9746067
9ff4b1fc1970cd5c102cb755,893103219.3853563
b54940561992090411749db3,437324037.8210396
d4990842f549d8139fa94c87,640814645.009404
f6013cab49ef9188aaf87972,649676162.3829464
cc2e8713dd087d3b842d2f11,510946559.3573813
fb8aa6b6c5d2499d404f3f73,513672999.0105788
6a8b9fd89b745a52703715ab,415872018.70803833
4721d06c49413558bda1fb68,416495940.31113505
0100b3a412accebf6a3aa4b1,420852956.45790493
215e8852679b9cb6c4029ce3,408511701.95703506
0afec1b2e7060b99dbe41a10,469694527.50703573
4ff17c9b88aeeff105b8301c,449474460.5091209
6eee8548b87c9349ce90ac2b,431133559.9953809
9b264d26a196a76951308cca,460225432.7592461
945fad7539481410e8bb60e5,444608697.87268937
f727924f0f35ec9fb58d0c31,444274898.61731595
c7876dc81e250503076f43f2,471501959.1875832
e4f3e425e9f6e393999d7a08,507356074.714137
cee1833e8964355b9aabbce2,478049272.58405143
9a1819c45b01c341647a2410,580686141.0669184
ce95aab452311a0cc27e0c7b,488507875.0385787
e6eff72b7c5b0fc2677af2ad,457893418.17336243
3b368c10d243f6bc9c027061,441193221.9728482
510c03bfb80d92d180803887,474004480.28321177
664934c8e209352d2c79c971,433250486.4042335
689ba3a92dd7c12f1965031c,490725374.31306
93d4c413d2a1ac59f1b46830,542429305.6698962
08b09c586530266c14e611f9,556896646.046301
7157dafd306fa99e4c2ad233,470562528.81346524
74e15493f395fdd312d50cc8,542120668.6629661
c34c94e7129f84267a5e4fd7,567094277.6028963
fc0572d7185e132770c3bad7,626907903.6374861
5c1bd88edef0a4146c871fcc,629842309.1880678
a28a31f7d0e3fc6298606078,604560423.4468256
f388112376e68ccb2290074b,748956592.2617347
05d1c33ea8c89ded7391ea92,586928962.6749083
dfd84193c81ca8430fd27ad0,626907903.6374861
8b89813a4ae5f9209f854be1,601176760.0544245
d7b9566ffb28c753bea96f0e,630155274.2380044
8062b4109c12a95dd62bd43e,687884155.7300053
6d305d6f3e3c2a53515d5f6d,673122601.5230279
ff143fed55f12a0105f9f88d,687884155.7300053
0fd9a2a99c44c9e5565fc17b,606936426.4674596
7f85c59323701ee0e75abb92,624409309.8644493
19baa03dc4143a83920a7d2a,596915900.9171393
bc23ec33573f28442b36f60b,583060475.5444777
9957e5492f63fa295772246b,746484119.3872864
62e376b22a4cf0d84b7f6bff,787018703.1169468
0867853879129bfb46dae700,608346295.8254495
92c5129009b7e377fa004a93,689611318.1162472
6b9d38e0b9a3e28e3e695be1,808035859.455666
b6da2728ee41d035da57c822,976878921.3860538
adf5879151c7236f5e055e1f,788054473.8585798
bb31607d0bc3ee4a37fc912d,1014302575.6362793
3ef8fee6a5cf42827d8bf562,776412706.1995583
e6016afcc032d20fc9d6f2be,1045242456.670674
f3962b552d34eb8bf38b4763,739889035.8336813
bce7369d51094d3a9d3495e6,803963232.9863598
55bfd350162592f2571e3a0d,792054342.4540807
3f226452520ee8f04e306bb9,798977476.4335526
b16fda9be5edaf4cbcf07122,808035859.455666
e6f5ae869a5b7a30e8f0fd0d,759324022.63909
ab0babf6941ef43c35acb951,787690657.111076
3bed16373c8ae820187e3d5a,728935386.1782016
bc1335d419a1c0f6e6860470,823670104.7789775
98575cb25b358dde32ad042a,804533777.7213516
fb50f2f13a30fccc3903577e,803296019.5710428
7a608479334951a3afdc655a,984302447.6714685
9cb40496518bb99a7a00a2ea,1083968153.0717785
a69ded1c20e05bd6b3a90028,629607544.1408978
71d422db0c0c638e448142bc,592713371.9548912
fad033a3c81708df7b6ee73d,672833501.4440757
99fae85157be04554b236007,421365725.2496717
dcd314dabc7d162cfc29c81d,690088638.4609123
1c65d5172e53b4c7f1c4d6a9,687162713.7745227
cb6d4db44c789fcfe8236b40,720890075.3770709
ee2c509989c7155bb472c5b0,845575538.2153276
73b60c9053ff8193c2dd2823,434419309.0278145
2a487cfffeb12837a5586a41,418408498.93455714
c9d285946ffc4c4b3ee95da8,651976977.9132663
6a21be8a7a429eacb1de8c1d,613386633.0021478
2a7fc28219bee48a2368e730,688650567.5642719
5b169f28ea1dc473ddf11580,406500592.80795157
58b3ab31de2f9fdb0da0dc8d,482251461.1758663
2054c61f0162a18c6fa2291e,411773511.2072412
39940234a26e7264b464450b,511024328.2976818
550157aa4dae5fafc5d795b4,664456136.4109483
ca87bd8401c0c7bbc4b3f286,687937000.3405113
a8fdb6fb681aeae4d5c22f9a,779579957.5452077
998c864a446f06d114f42fa2,810910629.0115381
bc57535516748048e38d4a2d,842060308.3208606
ddd55d8001b809f304883ce4,435116890.9281091
b9fecb3e6a507ba17764c303,401065719.47987235
4bd30aa3e2b4aa077ae27490,603220832.8111337
d7ee2851bb69088f851970e9,447617805.11439484
40eb0c78da8b51b53548d914,857999896.3407986
1097d9a61690cc58a4b91e62,441423534.1384349
6aebff5b1fb3a438c2c7969f,460794204.6260475
af672710affcd7e44eee9ba3,420854132.6155648
fbe3b74f9e11c829d4dc69d3,802510967.2825338
6b7219005737d8660d134ace,738723890.378853
042bd2cfb2d33467149ece1e,628140938.7827519
d5999beafbdc8acc8a6ad809,576855242.1620504
4ba65b1fb8d8ab0a914b0b8c,478638367.7934358
230864c9c9c5959f9f0d36ee,446370070.0250128
8520fdd4f5fec0ba861ca9ac,420906719.63643116
447dd594fdadb1b12ab32e6c,435312044.1004758
3d405df6e5dd012419f43ba6,769734249.7933123
e120c33346ead011ab7789ce,554231602.1975543
505740f7746e0154932dbdc0,486874574.3507226
e9a427f23e80fa59d9d517c0,397243200.9624098
97388d009acd9e5ad49e7c4f,440348633.8148359
a100f050c34e438070ff487a,430482845.16438675
96d14a1d29b7abc2cad573cd,545720832.4263182
f69e25355ce3887bb1078fef,479643674.2486152
86276ef138e0babab9863276,566383864.9414719
344f3bcc1acdba48c12f8441,608184245.8356324
f3dbdb2b69017cfa026ee18b,591822496.8954738
ba32f2964e8b68ff5555fc34,671387323.6596354
fb7154b2dfd2a48c13ef70cc,691676598.4072388
089dc5de66c6c4132734b9c0,632224694.5599637
5c2ba5028fd94a6b9859de70,528472726.73298305
e8544410d811163a13c6a326,510304607.52274656
74d8df07206df08e8f3dc232,607258177.2229832
6fb4126e3ff41b8052fd0657,666891142.192881
ba35cce2e715bda1684c937b,749703751.9820056
d7997b9126bef50985bab347,427655989.1785426
da3aafeb2d0105f8e09c051f,485455129.11079174
5daf1136686fc538db40afad,421358727.7562339
88f632cc304cd769e2d4be27,429357594.6643455
c5dc941305b5fb59e66479ba,449886069.2184723
ec422df56b811a0aa42d8bbc,449503651.20972955
bc8bd1feaa8fca4c52e130f6,411035220.93315506
60c116411ab3cca49f7f49f1,402358566.7325829
75ae43992df8ef41eaf9d98a,425981899.3552977
87ee5c7c49ced4ec99f44d5f,499611638.81644624
918f56ffe325f21522cc60d3,514751835.72142863
dae09210f48e5bbe0d31c728,538420819.5212047
c1ae2af40e1ea9da6380b8ee,495112942.1217106
e7b717278f7c95cbfceba80b,609738588.3695719
387f18b1f01b1aae536752e5,606919256.310389
c036fb38fbd2d1b59ed5b7f7,632073555.0553285
76c510c0ad11fa67f0e9a4de,614005211.9358767
ff46d9f7dd86b8bff7cc305c,435315063.71891505
23d95cbbc056b4456b94c97d,429676776.27597153
fc65a77fbdd07fb490ad870e,542025188.6858178
8f0a61533b6a01badf43b6ed,559191398.6352838
c26990b034ee83450a4517b1,726425269.6081158
53ffa19a09c447f3759f86f3,653480541.112936
86d80d3757377df6f2b8a0b3,761637487.6600406
c757b3960436c23dfaed4f2d,596776876.6242106
fd1431e595693fac0406151d,633731852.7741234
42b6cf2a5225dc62342d3a20,638352342.1606313
6f8a0e8f1bce0243ea50213c,683963821.1320413
02277f636716264116015dde,451588655.6798539
b72459ea34fa22d1fd012dc5,878413967.1992891
cf4ebcab3fe4d12e1a20146a,763404038.9686308
ae2c10850b4a8ffca934cc72,755249128.0683839
0e22a41ec27869c8f83f9be9,803065375.9737623
22a43024821ad081e654c5be,796208711.7309811
2054c223fcd48a48f67d02fd,421497608.10904056
9af6ac77a9aa0c6da3cdaeb0,412822748.4650256
6601706d2133f96aecfcbfbb,504686092.33504814
ce011b7462e9be36184a2984,517242637.33406276
f759f71e444c16a59187a067,610420629.3810885
84cfb0342a0bf2c6777de39d,480081558.6147784
760fd4c893a56a4586030772,456339618.0602997
fc174b19baedc11f78b647d2,752737574.0531858
aff9e510eba008f3ba5c1847,596305874.0296735
a5a4c0f268548993b61d65c6,585711843.4849935
6cfb8a07fc1100569413b33a,590050163.0754713
94301e20cb91669986c4b34f,625910644.7142417
52c1ab7484e412ccbf5d57a5,711799730.7603449
2538cfce1c108ebfb1056c8d,553583606.2536672
d57541684e5c00bd9354cc35,468336120.85625696
123106a60208725514f3a343,457621843.34213936
7f2a2959f5ae816761be658c,941931802.9967048
fd5758238e7ec91e415779f7,724373577.4757394
e3197263bf47b3d37f027e11,638977881.596493
8e5661e79f4fc282abac1f37,581107691.8914955
cdfc387f8246a1bb3110d724,648114034.9986683
c53f3bdfe8159bae98ab005d,880725524.7698901
200ea08f57fa23013d0e661a,951082450.619131
603c736378e07570fb985ab0,749151094.3712589
cc019e30685c91634d2fd4f4,750214165.514971
b0d394d6c9b8967250854c66,796577690.1401882
f7a79e1211fc72e06a3a82b6,918840604.1537895
8a1ea9d91b3d8a66c6341243,648790319.289706
22903633f8c4d91158f65c58,657848603.692517
bb67d95fc94532b1fbe80ba6,744696608.2986637
a8e696037f8747f562ec98fe,520034048.9614949
72e4fa00e8aab44cf210251f,921108833.7381293
d70948f87875325380885803,1042417851.2193183
a0e53cdd1132bd19b8ba0c54,627677497.6537732
882eb7115cd5b8b09fca0e47,496410413.05518514
529d6599d8a64c63566a11e9,437172726.57011616
e26eafffe4ca3c22b7f4a272,611479766.9261453
4e4abc111c07656e5bbdb0ee,537319161.5882037
46e7860100b0c09a6a475b9e,568052743.1035962
7bfbcfd0fb8f5b6d553c2d0d,727432530.2014418
5fedc401fc32ecc4d9ba7e89,738986372.6587809
aee8b22ecf19495fc5894a08,727432530.2014418
313e17c442fa3040065b7489,575675450.0620306
26206185deb023a344eb2e99,573934096.6569792
4a9e2358d64df916e2cfa213,508737827.9809512
2f6515defc3b21d82e0ca4dc,484624813.0698244
a9b18720f68c7002dc71c3af,416897542.2017244
af911ba38d5376a8aa53fcef,429266551.94569796
025b094e1ea7248f4aba72f0,380943180.0917093
f81aa0f575dbbacdbdc681f9,511079196.8303173
848067a69d18a171e7fa34f2,433683709.6323513
e22ca3f1c8073e246079d57f,457610282.84215236
11444a88bb3b230b4feb5b58,568678916.0796194
7a9264f3a12de839a42c1783,463695688.2973382
6d825b439d8622ab90245049,595323041.8146179
d2d317f2990465269ef58c41,594452972.7677983
2860e4435c857cc8a661ec97,771466468.5830584
39c70622597e64c4821d0731,537359591.2084011
2d6f5bc20de99dd0bd4e34bc,592354849.0878793
37ac1ae3a7e2a3319eafbb58,708826488.5233871
fe6fb32f623a9e3d5586a8d3,709167370.5779036
501531d637608f7098ba6242,689174747.1503032
69f59487924240bac2e75bd4,766975981.7087618
358e1287e24c3c4fb353315b,611101069.2409685
55e307c88e2a943acd64a9a5,719811124.0707185
19105db21495d546e6792a25,694329162.5676392
375419559910484b17782b47,948460548.6875316
c9d254244e315974cdf5d921,849693653.0840468
adeb9a6ac3d357bd96c019ea,790178994.3017107
b08e0cfc5bdf5bdf5068ebdd,1008708767.1737665
8da2439f391c6db92b9260f5,751209136.1080879
d0751cb5e704e28e03514fb7,829408923.046652
9051c6d14018b4894b560e2f,794119572.0022877
54c3eff286c62f05ebe2ba57,644607084.686691
975ee5aeee84593bbeb331b1,417951012.15067184
5102f4786cc032e24781c7ab,716792069.9293978
cfcd97bfad6e013aeb57a2a8,715515202.7711903
f304bc9e9edfc24eeeb720d5,677861423.7979484
bd05a6f6ebf924adf92e5577,776014636.7159251
a7b459470ef58ef3bed7437b,424444869.96816427
37e009a57645b845b1673b8b,547170653.2885175
b70082fdca35092802f8745f,551167463.6996794
8a69b9d7461107db6d16d1a9,512350934.26207036
adf055978a7a8e9bbd88e741,442204261.7227668
6c02bbf7f6b087a1f0c8a47a,455806552.2378561
d91017d9c530e058ace2e017,643740093.9317653
89016540f8b3fb727d863bec,770418456.0830873
506b653545eebba4c8821588,873744002.6347109
01fe5add1e7df4b15dd73bc9,723235268.5061158
4911d01ea0a4505d5db5bb2d,636515242.1520885
68bda8b092d5a53a35dfaf07,999026506.2693406
70bec150e1d8ac537cfd90e2,872720315.002749
0e21abdf04b36e5f6a1fc337,949598907.928631
f53efb47de2bca5912ad7517,848812775.5899922
82d6244acae149ed9ed88e8e,623887201.0071402
755a4fb96ff2b2276836f49b,636424562.2992322
f15ae83fbc4e4ee3f646b4c9,384920527.51162744
eac458ffc1da75fa1a4ab384,509390032.89519817
6f7bc7fd41ed908494d8e098,505452090.2599661
12d1678bc86ccdcc8ad756be,769183208.522459
6e07d31b81f3fc9b9de8e1a8,1161626086.3109932
6c618bfe55cac120a4f1e08b,746063814.1118054
22958cc4622a0050d1aead77,463924567.5905655
c7c3da1f12d872a3726736f5,429041524.2128784
ce30c2c7cda56a69005300d4,372805195.699738
7a26e5936765b409b7b73cf2,781149125.6238244
8d5a73b1d27a66b3f72fa662,587819618.4835168
3b8302dabc47048245acc09f,661892328.2704388
909182c92bbc39b00536ce6b,465903359.2141447
963da21c3c571d7bbc36f1b6,621467037.9671389
a73504d5982fef268f5ff589,597846341.1547405
50563038c05963223b459beb,649752561.6255263
b9a0058c58cabd619e226178,964417339.2927165
0037d98f6ac46a86e36def45,413213325.0330064
38117bca778373247df86e14,541246192.6351426
4eeb8b5347526d721092a7be,432549181.60036063
0b6cd71df4dde546e665f865,432549181.60036063
bd066d5d19d41c06b904d51c,432227106.8572145
f10e210fc04e3fb073568323,432549181.60036063
9f504cc4e6b170155d38c687,432549181.60036063
3e4c1e6435ea1a9c3150aed0,541246192.6351426
052c93502aa794e0574db9e9,432549181.60036063
343f45e7d178eb780a9a9818,541246192.6351426
c0c4fa199f0ad751930cf78d,431561157.186422
5d86154fc1769d4dccac1269,431997589.1236255
e1fb88779e55aef2b66f2c10,413213325.0330064
c26af6fdd00a85a17b823d92,432549181.60036063
be3ee4457a26c6b6ad4237d7,419057568.33604366
9bdc79dd02cdf39f92e8c869,413213325.0330064
1d4bafec52ec7575161bcbe0,447137810.4829577
0f15a78ce3ff90b6894fe3c7,440132885.0643992
afa5698724bea14940667231,600724066.8980726
4d8e365b35a6b8ebe6d7a15f,541055083.1148101
6ff848f65f2507e58cfaa231,444208645.94902134
e13947242fe19bc3925919f8,449282516.23742545
c02caec41084656408c2696e,565271084.0366352
d6fd079beb9f759fa4c6886f,440450383.89539206
d14f7f939468e641c43abfe4,479879280.96785676
8f6076f8ed13e87862d82255,459033980.71383524
8d5e662ba25a71727f1eac77,458260891.9179798
bd2f9648ee9ebc1fdbfa53b3,478300143.4015666
da8f986b6ee6f594780f4a91,458260891.9179798
af7131ea57639ce5aa1e102f,458260891.9179798
30e10a03626eeaf8bc2c380e,449147684.7546302
6caf180e36fe18078703db02,502228567.0642054
a40861d6573e4539ee3c23e5,722195852.5621755
d5f905cebe05262cfc44bb11,660953085.2633055
809800b56b7b29399986115f,612214336.1600277
6b2d7f88f15cbf7d998986da,614134093.3969965
a0ede3a514cede68b721d994,720536849.4436238
179d467dacdf674a66c7310c,688684828.8704932
97f9cfef1e35be84ceea2a46,627952635.4995484
b7e01962fda2102f1402a444,686386885.2354931
6665e5bc4774d04321d1ba9f,580062741.8427532
6c09a3ccddc797f77d63f1bc,607047142.4006876
97986583e1c988373765eab5,802231999.5412861
56807890f8587cd75893aec9,652564703.3957143
0f2fb3cf22613a339c88f7e4,594371654.9222745
a967a4f0b1dd36d7264cb408,654889506.2864532
08ead1ac0b9b30c2a72db17f,957911089.3053614
1b989360ec91f5da55806bc4,768447392.9737263
b289cd856f9d15493d31ef6f,651729181.8752534
88668347361a227b6dbba15e,823885299.7337183
ec3f1679451b9c0037f89386,724492317.323848
9cd01a5cba1674559752f5c4,786956747.8083118
2bd96c7fe678945fcaf9662f,835919209.1921153
9f118569fb8b084f0615fa22,422873893.7336039
033521a46dae036839ad6c90,376462177.0973713
bc1ee1f8ffe1ac88f08e2459,504308220.2855281
c62886167530efe1f84086ba,417412328.3442341
d58f191c74d26bc1fb02cfe2,441100619.05615073
981b55d5c38361caaddaddad,582799693.4473952
ef26c0f1cd9e3203ad16558f,614198154.4956315
74cd885ec200a0c21fa9e03c,647151950.0158687
fcfa51e5eec6829b9f4f2c59,395308223.1288011
c3bbe8c09f5e58281dddd412,548013482.337434
8f36d25584407d9e3c326e71,676716752.9094448
51f4aec91124a9a96f4c5372,601187043.6158006
b7becde9261820feb7cd926e,716385090.956048
65070c554133f2b4143fe051,651478901.5980418
c2a2ddb94f60de25378aecee,703904757.3649793
5ec3abf721e13b0d55829bba,710810343.367471
502aff943d74cd4cbb976dcc,660286064.4318795
11e6e5ee92c97e31d34db891,1112768050.134269
b1589aa1f58f6dffa93a3a61,1030538889.3687338
783ecf989538582ad008fd95,925378720.2225984
1770bd5b0a07a6aa785e0caa,586693708.2064965
53715a484e20d6152c76fdab,593911747.1651343
ef73428a38c201019267afb1,490334920.1645959
932a93e3ee2093d7f806fef8,520916426.34025073
00e9afbd1d27062a7bd40a3c,774661100.2902385
a11a82cec7f8a243e2f90539,657883309.4499382
e4a70600296b0bde6c28fb19,661938064.9800414
0a1b1a3d68b04cdcb2d757cb,802037604.1214935
7c06a2f06cb4226f9043578c,762462130.1453965
5e113e1e878da12e312cf875,833488575.1092709
a72f5204153b7c92f52d871a,744111427.4688898
fc17f35d300be9680971f95b,446018706.86777526
13ab6a062601d40843de37b8,520264805.0243947
22abc78ce812c519511f8a4c,607557586.0917526
faee4c33e892029b79b63742,547879853.7775283
c8d39eef5a5422e0da4172cd,419346072.19770163
b13683c625c97c23333269eb,490591731.40892726
00e7c5894c739852052f566a,542266677.1444675
2703313a3e5a6fef2157928c,468274919.3803106
8dd453e986d05c6c1dd104d2,456218640.733566
22b34331d7ca2ea642d29946,471899914.4596183
23187388f9d6e2bffb88b9ed,652379034.6187047
6b49a668de0edbe7f8110740,579381994.7341949
ef0e5b23069a9fe377b77ccf,650359742.6286564
c37348f8247ade33ac513855,675197152.4453176
1d19edc1e0d907e5ab0899e5,640829496.8123864
c73ee8d419b96c6e7c53f95d,607546701.8312281
6251cda3676ecbdb6555c526,600830632.7786735
d12d6ea066b67c3db9b2dfb5,803090576.8227426
8ba4e8e071e458a13efd179a,563255119.461309
9b8d798a2c455a960ee74503,528852092.61107814
d663ca1a0d29b4cbc5cae9ce,490855675.03752416
dc3b8d97b11cc2af4cfbcc79,653405874.6928957
7d50144c4b2ead9b7b9f594c,684146197.4289002
ff9cb7bc0b972d4515ea3837,412810993.75233644
267e46cb9eaec6c7009348b6,456596967.3006889
1769a8ec5ec94aedc397b4ae,559731993.8227309
dadd9ddd29102f529caa3bbe,532819374.7301743
251903f4b947b337e0134415,457621843.34213936
e1b753c283bb9c6d4e438bec,614255013.8991266
16fb51fd3d35db53eebbe5b8,844498924.0806366
8f543f9c31af1eb17ef1e353,703551981.3181443
20c3cb2d4fa486b23eb81bc2,577245808.8021305
6fb9e9ac6d44d3a286f317ae,551139057.7924923
15b57b0ad8794d64a2784ce6,573871070.683552
d9ce31250d4ae25c3b850124,602070705.6008679
f90efcbfcafe544674c02586,687062293.5394809
05a98feedbd3f422bf063112,649268572.2279458
ea359d571ad0c986f826d31e,727979273.6415259
b02f1997e6e6f97dc808b8cf,914793168.0907768
307acb7b4044cfa5680e4227,825245024.4669583
ddce386b0ad3199ca09aac93,739331681.8054643
9e28972500d8ca3fb3b76fd9,632042307.139907
687b1dd576eb7d06a08c3439,677259117.4576678
23b2b5b9f5bf3e1208f5f80d,994487324.2631118
dddaba511b6a18f49b41c1af,748724460.8915209
874e3e3ec6f67c160807628d,766197840.9807045
67ade5109553a9d784886a46,783689000.0416869
6879f05563a9f0748088cc65,825269297.3138133
dce05cf86b42124fc93d41da,1007000670.9779541
1ea5db844a6d3a926480351b,658843653.161314
4e9acf6e9f80f65178766740,661892328.2704388
a35450284f8dc27e0ed717f0,956603259.8398966
069499abc4e393fe540777b4,410309994.36118656
cd10d6e28fd7ce92518ea31a,791583680.2340744
3edc0e70e7cf6a21be2f0d53,412017174.1199067
2e2ff1e620063f416a387058,482251461.1758663
1ffdc10c53bb83d3be84c327,643162539.8556104
3c95dcc4bc3788b4cd5602d5,546273577.333158
aa592f388454d575e0006206,508737439.2933694
f7e5bf5b0f6157ed1f604d37,406663614.6708457
513c6ea5a3c2c560c409eaa8,923802448.7785708
7cf15f80838e8edf4f9cdead,960985437.3808903
49737c7682eff2513869b3f7,773750604.3900825
4e8cdb49a2bdf68ad8d12625,593586102.0743617
86af11931b004aad3fd27b88,546499058.0199977
90921c9fce21986dd23bc645,722114799.1158593
d79d71be963d418a4c9dec68,802037604.1214935
c27b2b735106bd5a77a15616,708494109.8145669
b6129a71f8e320aee8abd0c4,708494109.8145669
26922ebaf11e35a7a320d30b,833488575.1092709
23f859b889afe2639ad55a21,660009668.603457
ddf47d32045769c0596826db,1006760945.2759838
1d0c635770f2e51aed4c8664,1027626687.1735103
e6144e15d5cafcfe87c07c9a,632942750.6259481
a7c7923f9a4d004eab43413b,834157191.4305615
42b3b56289972176c20c4990,434906421.683413
b63f49396431089dd646837f,526972228.0501239
e0b041a39e732783f98bde56,1012595870.3536462
409eb9b8f2ba87ca299a7f6d,604013842.1983262
1a46c13974f3634ca6dcb51e,541955168.0590832
4b068c79664179605b145a15,520554751.54162157
afeba13fa3f81249549cd2eb,527759768.58252984
3a3ce11d981d0893ec732e22,546499058.0199977
ed68664efdb7377c33f4010d,637331403.2793388
93de58cb0d8fbe74b0cbb556,696054481.0475036
faa204421a94ef95b79eddf6,708494109.8145669
acdb13c4c8e2a48b0bdabd91,727127969.2310851
5271cd1cb962066407490051,812739596.4857149
933251193ded6df07c83128a,1006374644.6530051
524e00e537f841c13497cd52,487997750.7348555
a9d4f256527be98066c493fa,650022708.2495023
2207c1ed62f59d6eacb3c18d,452260883.9460475
97ea5dc81ba49ade4f8f580b,550849601.9633921
72488318dfb2181843f17c03,629672173.1803205
76698030899efea431dbb81f,415411896.8934572
e84888d2f22e14a5016ac789,494380746.4675075
d9398ef84ae71419cb7cc82c,566859503.1658896
6d32649478d9d86d840969f6,457467923.5572041
81600c1e6b6e3ae770e40b28,724349844.5951896
68075b0ac8e779bf5e66dd3d,452820154.7268555
6d7ac64b8b9f27f61fb155ec,466980230.9235158
d3bf3146ec856cc26c607d70,790833744.0162432
d12298e0d398e9d21d2e2eed,445663345.1812529
97b69097fee8d8496a6b8c04,436134622.57448035
fa6e53a7107c0e33e3d505d1,802651850.8390782
7279c610bda9354e1c840b0e,572666026.8148175
6f3070318ab65b867b2702f0,399584018.97652304
e08aabb998103a941d24d0a9,420151851.691838
415e1faab81016a460db7a0b,424464954.40125495
8b871cc48b99bd4190877bd3,413213325.0330064
7240bbe28e950ed75637b504,424631307.4531243
831629494c6d15d5ff6a00a1,413213325.0330064
1cccddc33bd892b44d7e4b7a,634304227.467047
f9cc6760b1112ce5197bf399,638091089.8862894
0901e845b6c56d4761377a09,453600879.3486137
2a33fa5b25963f3dc928f668,581891197.4706881
83e9507b9ca2987a21d1b195,625570474.0835124
9381bdf491d48236e84590fa,689509174.7840636
c041a933261204155415c2d4,610318430.4452626
a1cd867286d6e82181e5d1bb,458260891.9179798
240d2474c81482baaf79b6fd,458260891.9179798
ddc1c85af165e47502447242,697414191.0782067
58f02c785ee9a506e899b967,696381562.7465284
8b353ba6823f4f800635f0cb,719239680.3538592
68cda50b602acb4efeb275a7,698010005.0328671
96cb3c08c80815907de81e73,524648661.2727408
f54dbd8f0aa752f79c581e5c,803626001.1428728
52a438d024af0d5c38627ad0,557919260.3296722
1b5db6af0a1c0f7787064020,592308170.490469
84a7286c91f1ca3ecacdaaa2,784445273.7100695
bc6d6249873222ac7f22b73d,710266518.6697346
12501015fb631d7c10ff08fb,439613069.91686124
85b633e09a41cf22a10f28c8,754155100.5343356
7acb92246dbaaec1cc7b423f,520392059.4020192
bfba8fe959dd2e44a4202943,675088104.1850799
5325f16558ed6d2689bcbb46,515556211.82990867
d4653d505cede3d24e258d4b,675088104.1850799
5146ecaa8b7ed507c4f30785,741068828.0431639
f5b9cbae30356fb3a1d005c6,772060379.738258
205ffcec56fd884ab24c5600,687877261.6578896
ae7ce478fb66882a2c952012,586065260.5059512
efc9ae02fd6c3f18db866cac,700846091.605381
2221052e00c236f31e6d5a06,481077184.1601339
54673ffd4971d04493a1b1c7,638072405.0684941
b0bbdcf0916b246ca95c4721,497269645.23900664
1ef15e2b882a0da85858269e,627529875.946052
9881fb167319b34cc23da955,544574883.7717775
9d2a195e645a9e8556683b4b,530951573.198074
14acd96163e6b3e17177f35b,475195029.4527905
b2c5af8615b8899deb16c896,477995385.2721432
4c40683e401dae89f6537ab0,484451373.997613
dd007a202a0a3d56ebc4868c,525884091.9068689
6d9c89a406cf2e755d4172c5,466490201.9184135
7387e7e385063c180f05a7cb,479033074.4759868
9dfd5df5a2efca3fbf2c07c8,651839733.1130176
2a9e75d221912230f98485cd,675115571.3158344
86ce27f9ca03821d13030f18,716508276.202521
3dbf89c6e97182647bb44e69,689210650.2118167
eaa4893a313d85fcf38dbb6b,648240490.506713
c57e1c323ddeaa7475e5189e,734777044.4605691
84856812b63dfd9630fa49e7,780987732.9066747
945202a450bea48fa7f2a95c,761017327.007051
fd689e54d5c418dc9f2425e7,761556564.9480975
eb90d9e9eb53b44b07ef9613,796969297.736313
79005399fa92d05558fd6f6f,817967587.3503468
5cde51bd6de3759821216d5c,742404197.4993858
230cb38e035b85a4353220e9,613009964.8184646
a22ed42197987a8534abf76f,668487070.8963352
43a2ceffa8ed90bc1a43255f,604869140.4105794
8f2fbced5d357bcd6b1c7de9,648883270.5058248
6e895a15d402ea7fcee98156,594659748.876252
b6a2406025f0e1fa09690c2a,604869140.4105794
f46d46ccc7fc415433e471e4,411497409.32467127
71710d25975271eb32c0c8f4,490763956.97752607
01b7bb1556b5c32df8f618cc,459063282.6469452
56e5afaecb2cac6293cde16d,458001646.17801994
70209b9024acb3e5baa769ff,613626714.3642864
efb0b413b3f661b23d674b3d,834157191.4305615
251db9c4b7398902b38b4a4e,690446974.5558381
e3e7ffecb903d2daccbf8a53,552185795.2080885
a92ed9a378272ff174ce2688,485157577.15376437
40a53a3f3d49f7905966295f,606574616.0029361
bcf2c303fc03897585831351,689051050.8356982
4b0ac2ce45d7ee385ca369a2,737528843.7020607
85c7e8ac008493b34e8e0176,616989542.4108235
0ff24418ecb6888dd8ec734f,1034017466.0172678
3164e0ecd246b8ed6cb6d054,1003905559.9077032
5f52e316136696cdb56e65a5,423058205.1312935
5ba4bb943139d7930cb91650,716142493.9583936
ba12ab0869d66e03df12b6d2,433267847.76542073
1a111211207627bb4c840442,516080508.52216774
9d2ec1ed9eac77d534ed514c,432578874.1013829
9030f17b47b3940c2e2c4093,432578874.1013829
3b224cf6107d815a2e78996c,455433448.3109409
ab0e770ac42dcc82b472c55f,440737095.4037399
75fd66abeaf040fa76eae2e7,705704768.4445786
c31d98f67673691ece007a65,437696289.03262943
60d5f19c16554cc2d8e5940f,610431582.8562083
53fd196fd0c0558ed1219329,411834298.1101847
27b06d060ecf702fc88c7956,847014688.5786895
dc014623ed69c32abce2d0f4,555860622.1985875
f1a8f09837660445961375c1,931118328.9620489
b98a462d9782988cb54ced54,960577307.556619
6ae4843a827b36bf189a32ff,704897363.6788425
84e4f6c6b5dec0da7f7ca0fa,624521767.0875007
b8f2b9c2e63f0091b6038ea6,610393428.5864416
e54c7ea1f012656f7fafa49c,543013678.9146638
f25f5df33f25576f805a95b5,692884730.7738914
ce9474244dc2d40f357146c0,469694527.50703573
54bc553b5b8abad0ceed4d53,408511701.95703506
e75d4ce522cf587cd66adae4,471501959.1875832
b1f0b12c28c9bd2d16b3545a,542429305.6698962
412e7b9e1de3df8c3dbcf198,460225432.7592461
f52ce56f20251f018d7864e0,556896646.046301
6641ef09c0bf5f3180952b30,431683437.5855974
ada53307260fa34f3a6411f9,488709704.67691654
51f0f76e2a8cf50ef3650901,507356074.714137
da482df3d0fc97f9f8582e22,594272517.3236215
55d47b5f3d0d2dd7c2bf4034,521464245.2152866
1a6714ac2350ad371d8280ae,428525920.6197716
0006c9478f4e7edc53d84916,468570902.9078896
dfa7461510c6dbe5e119d106,433250486.4042335
5df95b44c73b249be0fc69e3,448748156.17910016
76bd7a0b87bfb6d2723766ec,498128336.2064099
8570a1d8156dbcc267d3b495,746484119.3872864
94116b7517a06255bf4320c2,683113303.7120345
8ba2d7afde20563e38892304,687884155.7300053
f86ab537a2f5d8c2b223574c,626907903.6374861
9d0d2774fbcb6fcc66b865b8,629842309.1880678
9086e6e757243bdda003878d,653156460.1895112
5a3625846567d06dbe4cea0a,673122601.5230279
f51a78ac4b03665561552b0a,689611318.1162472
561a262410ca91d69a58645f,798280367.8596011
08d90f931e7e0a6f43c9d0e0,610000491.0932844
f47c64c8ee69e744e654d4b9,792054342.4540807
fcc4c878af8bdbda6e1fc86d,798977476.4335526
8d9b143cd8eb71b05d32cd2f,808035859.455666
ce6a3868227d78852fad9f62,803963232.9863598
d82f743ff414299f8c222db9,776412706.1995583
9b2c7e6cfb2d6c66e1ee8a6b,1014302575.6362793
6e9009ad01cf466e8f8136e5,808035859.455666
a4bf0c02f139c695845c9507,759324022.63909
16cf0d7977ed97d6ae8d2cc5,804533777.7213516
d96855b0ec427f041e7a36c3,984302447.6714685
63613a9290bcd9e1bcf2786c,792949415.9551939
32036c1eb131e6cc4f3bad3e,419537983.5091163
ad47e82c9efcfa36ddac0a95,489692235.76170844
d5af3041d95f5e89969c9868,436764165.2558488
f2387712fa17435f56d7b102,423890318.2160904
c1c8024bb6c3635ff655843b,427236068.19947624
11e4350271e9cbb37bcb75af,501738522.97811866
d012efd4a77c5aa5e8d6e508,542639915.8393877
6240b85a47c079cd0efb077b,608920095.9005247
85e332a999931ecd0e04475d,471080946.50682044
4ec02a406caf200b700f5c62,639097962.892394
f3270f2ccbcccf3046346809,542680998.7292181
bfc5aa443994e3f3f78c6105,535239673.8747389
aa09cc29ab2f2cfc79e5bc7e,692341702.8798761
6eec5b03718975e5137d5e92,708949361.8818167
6974d82e41437d61c627b16e,605614833.4557098
ae3f7f428b49e6948ebe6fff,760633580.3939872
a9a710b78e776c16eec24be6,578406884.6884103
249cf6f96144f769030d1b4d,471455457.2410368
645f3c4490ce43ed68c7df10,602686779.0046828
3413f37549869d2172b76d6e,650701843.0781008
956600c9a4ed31e588f8c593,749342808.9917048
00ba709f184e70be13e5bf9b,979869109.1489416
275c8bfdd3fec33752493861,1018560193.0539384
3206523e850b5b5fbce567a3,766223879.8392904
9c9ffb3401ab6ab90fcb555e,946961054.6914777
4962650cfa3decf487ccbd0c,573934096.6569792
a541b35c62878dc2c425235d,1035627684.3922583
2112e589911b979db6e05a6c,891846099.5975443
c9cfeb97323bd6a0564e1903,573710780.4071518
30e1bd4619483b0e896b5229,457621843.34213936
48aa146a36aba8a0270a8a1d,784052671.1974449
678a80840673787b3aa64228,633934383.5340983
392abbc83cfacfe87c401e27,460221518.55958945
51744814dd3a7e60c0791041,654647209.6616528
c6faa5d2ac8e74c26fdaad4a,611964351.4762428
1f2c22839c470363ff41551f,750343878.8728019
5438c2127072b47e3af428d8,825582539.3699971
32e182242a654ac03a8f3ea8,446707600.9574943
0a45eb817938241ca988c2e3,433408443.23532134
e74d815ad652f7046ba33295,612043111.3135542
2887a0d34994d284759db20e,635536640.8806823
621c3051ef29e8da01e6bb2a,616160027.906863
54de2275006e273686ae5fac,677141774.3024526
b0a0cc38f73c9d90bff6ad92,686488349.3940393
f4df4ad4366bd794594c111f,841305593.045395
763206de4c26e3825b69f4c6,604192173.0051854
d5ddcb0a54416bdadb4bf57b,433212554.8547466
bf17eca5afccd9cd6299b9a4,531963589.63071686
02888257efaae858fdc7938e,618877236.8176203
1f8ecf6c089ce6168b3be52f,602911007.1652946
fd7a48744bf966e417f34a51,739186304.8940588
655d6eafd78be856479767e2,600432288.5867393
27472c6c6a801eb749b9719d,652040317.7586856
18fd9bee381e7a8c29a44c4b,647966595.3191355
da5d47596a755078a2261328,460546245.4992251
737c83218f0e486ef4feba40,477490580.21977973
2390c275fccc98eb4fa33af0,457822177.9522402
35616923c84423b44d1d1438,770428550.6448997
22fcf0650753e2b5a2fa3786,559177496.0710479
9d8e7178912841c2a1232ad2,545038073.8359736
36c2cae6de0add92f32d29f4,681277166.8491032
699b68daa574a0f169436ccc,427518815.32823855
c3bd0b8277a37832f56be54b,419538006.63039184
6b3411cb8c50c1498572e681,455227083.3304604
fad4ecc419fb64b3f77971ad,564864295.8672351
4034cd9a70d18fe0c883a0fa,464138640.9857912
8f9417de118ef8486538955f,716875737.3794385
33f4f9988387bfc237d114fa,443087775.55755377
40c9f947e826f89c6ff3f898,455617255.60055065
351701c5d1b821253e2c8c42,425236386.7243612
f6b405af32c398147475dc9b,525711994.17993253
45750daec6238508791d0d4c,630044545.7533257
eb85bf9ab77f59615960fbe0,521345237.9989161
0ab6e52af85ebf23432d7698,591895050.9829397
9b13a371ed4724d2e2966447,605077440.1702687
081bbc273db70f1d2cc84ed2,602840256.4810737
e113c48e4e1b53adaca275f2,591019367.8276765
4bb0666c55d174e0280482a0,591240022.8307152
ca516516b33dc09d712b3154,605263659.9413464
631e6aee6ec1f720f3c78775,508383381.17482066
c7746198cb5871bd687c2538,652909005.2596105
58a5dacf2f664512c2b00ea2,897398922.621155
6d8998442d831addafbc878f,889509985.481292
7d4ffe0038b3ebc149d8f4cd,691740034.1778097
55ae7bc854658aa5fa49d368,735671975.4106549
042ff73057dce4d92d383cf7,435822266.8122079
807c04729620ec60ef18598d,445332212.0560444
5dead94ad2dd86dd41448994,468402502.94397795
bb90c874275456d5fe0de83d,458556763.4503698
6ea5fbf037ba7e5c74d7ca39,461918508.7805314
86dd7931177df94a649a4d62,465202591.23990905
58ac250fa52a1ac7ce39f70f,456176962.8003553
2861f1a224b4c879b845779f,444801408.3683481
8d06af8e439c45e0e125de91,461437101.5734313
bb2dedf6198be0f3ce2c4ffb,588473300.5032583
57d8cac189a13c180f08cd2d,478935786.1634546
db575f8a4e10a29fe81b335e,614561931.4743376
e8c79fd41b001fb1da0d4fe1,590092503.4093274
b81679b32ea288e9665dee49,919186785.412542
841482deb90d19ecb1ec8a06,485325010.6393489
214df9371aa59f68e5740212,511539327.0733847
bc52abbda9027e10b879ed50,492102106.094441
ce8ce41a36b610be164a25de,661905309.265699
a67412a01feb64ca6e772858,650226994.3114139
d87896f889ddfe1ba210d74d,398844684.60564464
556a39ca66e10ba3545f2234,487260710.0727098
50cb893af4ad0e21a69f05d5,455499696.3010609
3b5a5d6536a9fd24f02e8ba0,455756868.71567875
121cc20fd81d6322f56d5c53,512839234.6743275
b9c893f3c3ac4dce40d0ea19,522392010.6430493
47bf8d322af3c13e8868ed0a,455499696.3010609
a4325969a50a14c948446f9e,539199028.2616394
4583a6b01449530079415768,676929161.5866841
920e2bd03c9d34e36fc38ad5,676929161.5866841
0a59b506798fb96edd7681c7,615717376.5266451
e8d2cdda77c1d885e21c7bbc,951420013.9228066
8abe99f2b71b13dfe7d71616,1007000670.9779541
c07e98122103d1546d995f9b,756001538.1315
29fdab43da21ed0d22c9c71d,443319365.195717
f2ba7982bed03cac394ef87a,572810968.7806339
eac89e705cfd337a99417320,422034249.5695014
40713332e88c6d3a393c8b2a,445479147.83160466
a9aad230d22f7dede73acc8c,716881646.6313426
3b7fd4008e14e394dd09a0e9,1031493855.4026905
098327587a877bd50df27551,440767717.9142842
0379b6a001e4018c34e944da,614515780.9223162
45f24dd99d362f49c0adb875,429488039.477794
dce1dd028695bfc5a47aa6a1,403349305.03558815
cfeb702df06baadf29f12eda,439513306.27899665
9ff5828e084070628ef2ad96,429041524.2128784
6920e6d7fff656d66844949a,661892328.2704388
31ed69311bfbbe000f4483d4,494998201.1306495
d300473e3d2ced1177c9fbd3,566653128.5855721
2cb64650b876ccbc7337a0e4,532136553.63999623
3ab2ed6d140698cfa41f2e3f,428753042.29599494
9f8697b55cb665ebb054f9fd,546025703.9053385
7e844f8a24422ec3b833b4a8,407818053.71937925
55a615a3b3919798d54e885f,619943712.5074123
fd26da8e62b5d1155962f0c5,488507875.0385787
ee9171c496fa78b1461acf88,804049813.304726
d5182c47a954c964445f25d1,810003703.4540607
e064b4dd7b4e64a3e0016f0b,608346295.8254495
36753a5e31b0edb1eecb8bcc,478049272.58405143
c2ee475efec76c46efbf1b08,705905362.9515392
3baeb28cb33d048bcd6e42cf,417890867.8363247
6a6d990b9b1bea0f844d3065,435724939.40735805
e93dbc804920c0bf7bcf8cb3,447259823.73768157
b9ea1b9fc0e46ba0724cbc0c,428003885.99774307
95e98113e39820523e95adf4,427151238.9600961
942ed340950f02adf9749a36,539864197.9442546
8538a41c0e0fdcb3829364e8,520697460.5743741
804289a128775f7d1652cb43,513013705.83700037
3dec1da01706b06f5d6a9266,517559812.5081461
fe004acdfad6ac6b00911ef0,660903283.9761198
6c679d5b6a1c1b74bf483478,660246783.027801
ba54b5ebc5d4f554bc56dec3,650749068.7457724
5b9469c3ff6b197bfe3513cd,696641665.4040279
2ca6ce8266afc6721d179335,627812971.7650285
94160aa4e5c54bb479b1d0db,435873904.42969865
eea6a2137473c3ba6708b576,378803266.3097177
9969f6f4bfb29e3a97c2fccc,483989574.3591553
68006626a3321fb0de032307,559602198.1853713
2149d04442f73cfc78f93bab,443894426.56645405
01cac7d033166094ab9f87b0,555982844.1079545
15515ecdd35e9f175842a738,651355136.0369288
86f1d6fc54152004e69027a0,610131713.9260952
0bcf7987c4b0ba485c44caf9,589101337.292015
107fffd601a2bb7a3e4a69e8,566820581.8436439
5a44636153b1d4a74d58513a,573012167.1168549
5ae08e5999ca2ba0a1e2d8a7,616643059.942382
369e9e64898ea16b7ffefb7c,599199537.3117328
192b505186d0bcadb46b7032,686757201.8383663
6dde6686bfdff12620f198d3,585556730.7507327
503a04e079773a04f2abe075,457527237.14955664
42b5ebbca90572b9cea79177,478242181.59589237
0b6f2534f862a7ef551a116c,536345274.3656407
05e06a93e9f01dd3984a85ab,476325821.4140706
c6706db3eb4f0bbb0510578a,669710218.9213649
2babb357d1d828c49bb89be0,704631337.8932412
3951171501fc51e2d830cc82,633522425.5000623
fb72b8e0457c0199e158e599,846696285.7059767
df865201353bc7b915b56ac6,665352032.5117607
8d1b3071f5396359c0b6cc62,993821833.1270767
c451b61851c8ae1e6222109e,731726904.8152574
e1c33552eeab60683f2f89d5,836966386.4266343
1d8d51cfdf78f1361710708c,692780024.6784103
bdc8e1a1e06d387f9c7b026b,692780024.6784103
2b36d797d32013a126e15709,432578874.1013829
13b3a55d79b79ea89a73d21a,431590781.8641404
e57ad52764215c3d54740ac5,432578874.1013829
19e11b2d60326895b5e6ba01,432578874.1013829
f6e1752b9f4a0a3c8573910a,432027243.7603766
062efee92601be294d7346a1,432256777.24929506
e2c3acee51cdd03b1f211278,435613257.3405281
9390ae5c166e1a976e53e16b,415325550.4975027
db3aeb3a96304f3c255e8a22,463970783.4496577
d353be29e7ed2c35b920f7c3,666255181.9391793
893c1b081e383de73b9f2e16,680567770.1179998
8302e2afc48d6eda16784da6,509309209.8870957
f1e9676bc91a76740f4e9b0e,619328900.8522286
ce86066ad78dea43089d25c1,780927776.1876767
c89ac55660cee4608bff27d5,432766996.06847185
b183776d007d85bef0f6671a,571462812.6692115
e8872302ba40e4ea413689da,438303018.6483822
0afc6cbb60f34f1cf00fdfb0,592733703.2406425
a811af7cf12afb1dd9b8eb86,562900721.8261676
7947f71467036449efb99972,745021013.5804659
2ead9549bab6f1386b7a2c77,773065647.8287628
b54e8d557263624947f979cf,584903387.7806271
fabd2201750747891eb6af77,1113781661.4158468
7c3f7b513bb20c918a51dec6,620929492.2195537
0dcc222d83e1bf05f2c2c090,845103848.5754576
3ee3ee47bfa21462a1fd455d,688994105.0051339
1dc3b6ea53413ece15bea33b,810832044.6145464
f44362b932a8b70ad4b99a29,435465245.9714662
5372f93d988c3c917629f9f3,433714847.8795775
5c25ccfc7ae77f1d85981a79,434421768.48995346
4df222356df121a41adadda7,413156552.3517616
bf38bb7a2a7ea663cc8f3d57,433714847.8795775
ad0025f5b240d00936c82f9b,552606664.6225935
2afa66b726ed0b1492b9e01b,674689011.9774987
a528312b77b7f84741c2bf29,580218786.6701783
1cbeccacfa11843a256b2e2e,548670801.4770281
d11eadc78d95c96f50b41a10,575498981.3841901
c918e02b3e6d80125a2db1cc,402542147.50718534
b2af005e93b0242e0f62f298,453661991.73493785
ed9703ed896c6118a3458e78,397830374.75139886
8ed11c1d4e7aa1ccf0ea0508,392841099.1273598
9717b066e135a82feb422181,552185795.2080885
294985765f4d12e51a68a451,613626714.3642864
edbeef6a08dd17a941634d49,614502227.4973494
26cc292628ce4aa87cd287d6,745254188.1259744
47f7065118bcd4c3878e50fc,617844490.4258461
e369c63f83c44329ddad488d,550708667.1639794
383c0948aac71636973507f4,564597363.079198
6bd1a412c01387af8810ce57,935008600.7379024
4b92ca1cee4739104e620871,922876892.4978831
0123237414f757b9c3809f88,1123259478.0206857
6e36550a6ff6fdb2711a88c1,951269626.4037789
1b5de74aea685b506a952f4e,412852958.0809127
d85fafb4d5ec056e6db9a79b,445523583.40632224
cd097f6cd92275ec8ace1f20,604763530.8977332
ced1f52def08143f0b2b6849,524994838.30962694
89a03e25c43a555b47c53864,619314334.3762757
f8d64df401009704c152bcb6,433837705.5199777
2a5aedaaad2d908122f28f22,588737017.9767631
edd0b57b90629fb00d036e34,725719123.0294454
f8731413b0d976c03b7e05ca,651657730.6283796
01abe3cfc94be46c1153c82d,652545542.9908104
aa7f5d0d2fd5474cc67cc70e,711017195.3308228
4912c91afa6e4aff6ffdc6a8,857365413.2842265
9d805330fb0df9ae73003ceb,711941321.148774
7daa9115f755a6c70411b9cc,763635277.2816069
f5896513d1cb044108d23785,824458853.8614674
3ff2a2fd905d81f0422c54b2,422557720.58357316
02ed31afcba033953c79d95d,501207157.7427111
c2164829374d5e880c1a1f31,516228131.7900719
3f6eba5c365508ac192f2b82,468974107.23418903
3289958459cd87f24089cd14,448229295.23436457
ecc3362a649cf08afef96fc0,478016178.27481246
264e00a64cecb861d2c05b1d,675334225.976054
d5b5bbf927f763a43190fabd,712963316.7056257
2691d7125e9046e597437f2b,934552815.0853943
7cf183ed411cf82df26640e9,551925392.9573117
f81107599bc083fec4a13ca3,567769994.8365941
3c2a535f1df831771b859a86,432042956.4449612
9e871ee8a61b183aa9051b72,626754283.3273165
e066ee04cd3a597dac8ced59,525719683.8296141
2f4ed160fe2a21722e6299f8,516771475.1184082
e0ae53aa3cc9e9ba7ce65f74,640884112.1203773
78d727d0e61a7c8b1cf6fb1a,568661997.8222474
b42f936db049a74c7d24b0ef,536143516.85238004
62e9330888566f1f826e1ee7,879200266.2582572
3fcc5ff04edf753621d6cbb6,708675880.7495855
d4ae25b207949fbf0df3b404,489575074.00759673
14bc234ffb3ff7f974afc8e7,436107556.10772306
64fbc9cac3f15c0f1a16f4d7,433683709.6323513
5fa1c8237da8fc7683bc10e0,426622208.2718483
7bf4beee26ba81ad0b884f9f,458092949.1510825
72a47f70aa99d42320e54787,478094428.92318517
07641db461323a5cfcda4f98,488697161.3940078
3af2a1ec9efa6884a8254d28,596242237.9125426
3adca5eeda4939a5ea11444b,449745113.1243304
37d39cb7d3849a784497ed0d,424414899.72046155
b9baaab70cb83475ac3bbab4,465665550.6975712
74e178e2398895d2288e6fcb,483479764.3513019
ec15e2a131d9724b012d68ea,590050163.0754713
ee042a4b4a0bf9a1dcdf1eab,640376779.8509262
35381d7a5b25317d7588ce77,576346147.9989002
18ac3368b1f6d8f7171b07b3,614561931.4743376
3dbb09358256bae5199e1318,669382394.0766524
4662aa1c44351dfe271e3a9d,682344053.9491063
034a30994bb2e0e446e35957,660579557.6604623
4cdbcefc434b48ba3d51a498,664557363.2125595
3d3317303679a6a5a381d0ea,804523069.4101251
68f4e3d4355bb71db0f35a65,605824385.2495723
b3c77f4a398b61d9c204f8a1,679420005.200812
3865974fbc1b412f24c47eaf,860448575.498172
84ab3ece52fe00ee50f057aa,668231708.4057359
dcdb8d97ae65daf55570c88c,806140597.9453567
7ea01fd99b389d08ca50c0a6,665217610.8322102
51df325f026f4cc5ed2e9a65,992108147.6177108
1f11cd977996d909ffacadef,1009542014.9874399
5ae03c0e33dc7d3e0e0d54a5,749633507.0370028
da88bf5bc2a7310ff382be4c,905883770.4990196
035de58d60807ee2c272ce82,918840604.1537895
0cf82b1128ebb8d1087b640d,1038150057.9485469
bd8b005383020611b8922147,625740414.1132554
f5c79a564600bcad99c74f03,465536992.66742724
b11672f22fafd555f940a8dc,433884829.3888394
2bc88a5c4bea2bd00fd8f13c,529428067.42510283
b2b99019a929584b4904b98d,752022770.3924241
678d0e011f710cefa49f6465,581948609.4283859
f7de22825945329521642f49,523731670.24173915
79b5a037bea858706838a62d,510460908.47825086
9f339d547d83b4ef956a3690,695412420.3242761
127e197a2f70e7ddb5dc92aa,415151914.6732777
65b8c48546af394a924decbc,550830080.7187196
cdc0c282ee62c51e3a20459a,587819618.4835168
ec824ecd0319e05d1ca6a9c7,511190249.2887317
95f27bf0d25bbcd0d1eb9cdb,639990100.0106196
ac0ee54bdc08632efc0d771d,659075583.1199387
904ad71e7d108930d69a7332,555519561.5871034
7f4e6f790de012946197e0df,658843653.161314
473cb30713e88ecf782651fd,605668884.3290421
59a309a6af425b2028a2ad69,808648140.9854999
8a1b0f59f86e33a7aa7c2c23,708838029.3060129
1e884932e57cfcab75ebbacd,854586333.6635282
8e273f1dde4801825fb19742,777669109.8404068
1f9c0f9c3c6460a323171d72,934617491.102129
5dba98aa20e371c3947c19b9,825898733.3554599
51516e102f8d43a07037ed29,843585460.1019156
6eabd14e55ff090e8a93c727,693580626.159727
e224f9ffc7bd70369a5e8b68,951977153.4646393
35cb50346289f0590dd24d83,980123652.1912142
2aecb598de8c74d9d5108d8c,628645530.4274
69c7e97037c747b93c33251b,780442498.2507071
b9b95c89c988f68429822e81,524861330.29392153
fa2c5c19c86087f207c379ab,609837469.6596444
9bcd34e7a974c977f65925f3,968372859.3691782
3611c89dc71078cd0aefd2cd,511024328.2976818
9ab273eca8cd5dd4b6339ca4,429038241.7170474
4347966ceb1770f758cb6e37,772249382.4916998
2a68f627f4dc8060484cdb18,909018026.6463948
55ff644abd72eaff17d533f0,1088229029.4323325
db563e5a1cd9eb1be832bf5f,879908962.3890225
a0e9310061ff0084d63dd242,812015020.1959729
7ff62b2f8a28d60f6c4237c6,857954592.4434551
c42c59e8a08e8657ab4201f1,470551725.3793198
de28370454624724128a0688,617844490.4258461
514aefd8a44ca048a8088c51,802703125.8583657
3d3a318662cbe218db0878e7,588737017.9767631
2714bcd5c0c503c3bee0e0b2,711633565.9037141
5461aeb15c7f826f0ce157e8,485639603.2210348
db352cbc2aa3066ea9b34184,690659913.9424136
22b066e6dbd0f2562a0554f1,1100622974.5477364
daf8d6d3f4ba21513341eb3e,804807789.6245143
523605d1fbb75b0c5acec5f7,483056861.6439483
c59c2a19b93ca666b7c389d4,609306290.6840891
61e57e5539c40e5ffeb77997,483056861.6439483
c1fc25faadb151c73ff254ec,602479000.6471679
63e73f1b8b385d89de1329c2,443300711.0506898
80ded3bf4f2973a5ceb1ffb7,466278772.8960577
e1f5f0e96e5865370423c142,645699403.936748
3bc1d407f7e7c8e67f7dd27c,692467614.5115666
d87c489d3572187e3280965b,925857224.1964521
110d49e1d79a3534e146b300,857524581.3711953
7baf3723bac87b0b393ba52c,882655663.4076688
8e9e35321545774dc1f85776,615459976.9387476
e0d6155cb3cdac98f81d44e8,519215736.43274134
bcf775187c0f5ae1cc0e8ca6,612813839.773765
a792122a1b292f482caf25d1,505395237.3270916
09fe153b0027697e58bd08b5,361817859.7562031
a7283f1587ffd80f4723475f,376162184.85685635
67a10f161cf7215302b6ca1b,381588970.61808807
f403b20cb52d4ad3f9469ee7,440144376.006049
643e13f00dfe7787a19b1254,428878138.47355115
0eb7c68fb7ea1e58f3e76345,673794224.6149144
cabf47337c2cd619f12fe69f,769146537.5673498
55c5eeb4861e8cd71731274d,1068906423.4935464
363c96b85cf07dacbb10b92e,430997633.7791239
49b59d19432dbeb8921e57b8,609820809.2248592
818ee3b0c3862d4aae6e7776,371620276.98111916
b15c662c56b19d3843737dd4,446944832.3557525
03243195c467c67e67a7823e,447471157.0354538
5db50c50b523f3d454e94dc9,563027182.7162466
0798af235e9926b1e7e4642d,461493803.20001876
83852e78afcc4127481adccc,476325821.4140706
7fe25ebd70b89f4602bee6a2,587454084.2510427
175590951b6f8c6b8b4af9ff,487439048.34363174
d4dd48521efc020762ea141e,418950327.5551075
a681d6e9ccc7bc60eeaf7e3c,822287961.5936041
e137b5003b8c8f18892ee9d3,604487147.2101877
90dfa0d7be06e7a1dc15770e,639623272.5693631
7fb856eba0ae98a40eac3efd,650316163.9032047
9f52855eab4ca5161f1fb492,679019318.9816136
494580f4974c33d7ce0cdb28,626215716.9132828
d972dc3dfccf2a48a6384e54,711260389.9757626
7cc8772ebde8902f55e14b44,590652302.5135453
deda3ad684384ed67711ae71,514348312.1007878
b288c52e4d0fab9f579122a0,777259281.4019485
0bc16b384acd3f8263e386de,819008686.2750624
b40d1d2b7c1db9cc57c65fce,824948747.0097365
c2580329ee6d7a03925725aa,843062401.2381701
7e73516d57a251061b3916e0,911646142.1530542
7749f3bcfa8339444b0a8b7e,453070399.7642034
557e40fdc93c1824b0bed769,453070399.7642034
edbb5db63dbd0452c51047a0,450649623.61170083
383af3a5794a0ec3efe78b2f,513668140.58838385
90ae7af091c23957b88de5e9,436449742.3519021
b1d9704dd39c6cef28ae3d17,489232070.1123317
44916ca9b874075f55949f87,553166803.5992427
0515734883eea12cdacb7aab,647829555.0074484
faf9f8aa50d936c1465e880c,610187384.6059453
f37c9693e058492ec3715de9,699147962.6439307
562c7846b05072561d96698d,683698962.648652
4a629aaf60a113402834c042,671273361.2128607
ccc4e48073c3da10a2e2d08a,604085006.1317656
8532c64eaed74b64b4d4707c,565994918.8848788
528a96aa31409c32bc9f1f63,877217840.7529782
36fd9fc1f1d9b2e10c1c6463,430858716.56783813
91561030d87ff5bc0a497f1d,426062526.5859043
eb09010915ee68091d6675d4,610562896.8783703
56c41a58ed5b9864b68fc910,530202801.5878959
bf6005f6f71da582a6fab8c7,513350018.6540661
86ee80cbe81724e6919bdb73,519179143.7770273
0caa7856aca178f826fe90c4,586174451.6377333
9e41f25cf2e77f3fbe903368,666999141.6132822
019f4a25794ef01294845b51,656722212.8860326
d6fc6059bba177ab56d85ec6,663927613.336488
436089e2bf605d00849691e8,733456394.1810882
02a9c37b3d92a6da473c6fbc,708028240.4069308
bde81ef5ff9edabfc7e30d10,715507457.3976316
379fcab709c66fa146d3491f,593153394.0472338
28ac1562ebb5050f1492f576,723107401.6223097
e68f5a98070efada9b5538ee,495785876.43173534
80aef024b0ecebb01913504d,406556607.97161144
f45161bb79292e974dc88b5c,440821656.3238718
6de3c3d53d6aee18ccdee958,437099106.11367106
5f2f7596a284915ebdb81a35,549073975.3492366
291fc50c4ffe7935b01e5d9c,457251140.947822
42ac33321bb1920fe2a78036,451922057.1012412
c8e00b4dcfa2d05d6a7fde26,544951639.8430489
5c0e328a04f881674ae1046e,598313449.7683257
c28cb417dd28fe4d4d41d114,573660058.1802051
8e160f094a0425aca23f04ac,630420415.9065369
a8944be7383b5689b5039c87,549343767.1655091
cb7ed5960f325114bd3489c3,692804592.9307938
275d73c7dc0fda7cbecfea89,603755782.9834945
85c24df2d836cc8addd9b7b0,690323743.4643327
0fa87864632b7bbbd161f879,691002362.3744675
c7f422224808e043753683f8,775012361.4815449
c51d1eff1b6d29b4164df520,970359175.1242365
b50e8c13de383e64711193f5,447686862.5815647
1308dad458274c698b2fec72,447686862.5815647
6a1024c5da689de67bdfa274,628611553.420382
6e426f60d25aa8a4c6f8c9e9,585953633.1339813
b80f3a46440daae51308d459,673499652.2354187
f59ed9b8ef1726f1a55a4dc3,441448719.7059447
368eddd8b6d39bcc7124a41e,440767717.9142842
391cfff759030283411dfe1a,564364891.0364953
4f140229175de685a0999773,505272115.1250957
cd365053914fcde97b7ee9a8,477214390.5035395
16a05fee8dfbe78d26664c3a,547474121.9566592
c462f0736fdefd319cee232e,567405955.3770463
b419d977b283e33c0b3da86b,821518896.8975844
6eb27e2a66d08a8a60567272,584084191.6894004
7486ef139d41d91423317e0e,542878116.446271
e663064dd77e3c63ab9222af,679284075.1749319
9a6849637f1b8332ab289e27,1031493855.4026905
498de85ba30cb01e9c686081,435707536.8345051
3507f260c3c6e195fc444533,487947881.27778673
e538d52c9b2dc994491be3db,426953557.4830764
f016ba59a64f287099fc4af4,614632868.6716411
380ae516dd46442f97acfe14,547591864.9282653
c97e4d7e08db3171290e939c,626228166.6348532
f7847aaf1491103fd931aa5b,647732667.0453368
08f6bf438980d55b35ce7537,647732667.0453368
a6a06973b5a4c990d5873b7c,692335368.8825477
6e26918c69487a735a639c1c,636448964.7872701
cfbc690c55e5c2bd8dd9d89d,668436265.4275806
56fe5c13f11813b82dfb04f8,704631337.8932412
296f0158b5cc1541cfc8419e,712500551.8873531
6ed2970ed02a3e50ac984aa1,569436284.8010833
4c9f3af11fa91e729384580c,699343386.6869332
2ce779caef0637db97954912,658632750.9578804
d743892816160218a63dcd35,680757096.7012748
758efd6f99db309c67cefb12,484301397.90071005
a4146ec09d782b08e8198e11,730744790.164303
f415c2bc1bc0fdca091285cf,857436023.8074534
39ef4fb2a43fa3bba15a0b16,733690562.092874
874ee4f1b9c6dfd3d2358834,917775320.8817257
e9d514f90ebff0de1936d09c,666671611.0456418
9f15c77d67021f349714806c,738839409.7704428
a600ed86cff36e636d204f39,560683722.9960343
58f55e9bf743e2e3ad43c274,610132511.3095262
af1aeb2ba89d29973f73511c,525489374.1539817
bee721e93b8d8e7cb37dc992,568516521.506528
bd52dc8dc5398e5ca2952473,401009718.54686666
b71095bf5e80bcefafb12d52,535016130.60729885
a7f48fbdf807da68594e9ae0,494951953.8186326
50de04936770f874e1eb86c2,415795621.1751003
2ea47ef8f02712c32613fbd1,416415523.7270717
27eaac0ebf8a5ee99d143218,552125091.9712235
ee594b6bb0751dab39055b3e,492734012.8094185
eba0410242fa1e8dea90b194,459604560.24443316
a619d30d6f2e2aa3b9613c04,440348633.8148359
df58a4244134d3493f3c9f30,601090270.6196419
32dd96f4f07f67806146ec46,437958275.1465376
a77ef77ffa731e8980d36b27,585557624.8739833
a2a1665a693852185673f6c1,627687895.8301741
8267eeb41ed1e68144301a3f,595545456.1227744
887ba6b287a8b3ccdd5691b5,617116287.8442891
1fc94e9dec93d52e0062e07e,553177797.3789376
ffd3d51ecc85abff64258e1c,681340844.0999246
3eb79541c2ce9413d2c54736,647265044.3522663
fcefb2186b13c8bc39b17915,614349336.8168501
d4a43654382201db5d318dca,574383693.5193532
15fbd295328ad698d3c76aec,802734182.2009296
7f5e87fbb4952caa0cb658e2,686386885.2354931
9d348aa70957592dbc56ef32,660953085.2633055
2ac1105447a71f68a50105d1,586191874.7227933
d8ba9eb448ce35ed404e68e3,683555491.1789289
21d42e80f6f818eed990bfc7,1066819253.0447832
81c890b0d7cf787a091d4081,786513027.1595525
518858c561af5c13c8aef9f9,797495749.9601234
01cda25ee8545b9fe19717ed,790205404.1078784
2c34c1e1655e87ada03f411a,644819936.5669423
48f9e9a87e7fc0a678460e05,1000441975.1371341
76ae7be5da1785c37736fdb8,921349085.6435548
3918fa99179953461fe07f2a,975862993.3945924
305080502cba05a1c165560b,578855268.2105519
5c3aaf3f75d6d3ae9b55cee6,433257347.73618597
2ab263b5d1ba72fa562d64e6,728935386.1782016
6d13129db564ad15e69fd534,614349336.8168501
7de7a2a651273df62aa6a21c,627687895.8301741
59f9cc9b23cdea5bd4cc3ae9,448703723.3284323
d4436ad417941fde0aed2818,614349336.8168501
80ab8d9f157c25b40f102854,660953085.2633055
06ca01d3ff86406e896b6fa6,449517259.5904246
88f36882dae9a0487383b769,433257347.73618597
da474e23f34cb63de4ef28a4,660953085.2633055
04f968f1873a655fde8702f6,420515218.5208065
1dc1a51628b8eb1bba214498,392645643.43554676
e7cb4cf600b9d931eb295c71,505655121.80428404
9052c644813d546987a72305,468111525.4196627
1e32a8825a7ea79c28e27a8d,464350827.17335105
82f34c2a6644c4cb0649c44b,684064983.3673302
95815bf7c79e4bff3f41b233,603527162.5843091
f64f642775ed2c9f45aff215,454193802.3120808
4cac81eebdeb45eb0e8aa5fe,431972335.51315904
c6da2874d2dfbb2ebab542bf,516158500.5764097
e7c08555cb8f5c7d0f32fdda,596751880.0470253
10b7c99bee9a4a21e1f32d50,515620302.2125528
f21625fb82740d6f4cf1c325,645480189.168325
1c3236613cf95c84c5791bdb,761656288.5438714
b11c3a4642f7eee2e443eb32,611883798.2820383
cd08976dc2d69110375f8541,421202600.9537581
a44c7ace8ab50de7ed8e5a66,401729079.5596148
fa8f13da6d8be3bc1f05fcee,486066303.09757066
77bd7837b02bd8f2c290c9f8,430892157.0308657
11a79681fb0a3f6eedf11d1f,450705449.6705482
70c3b086af66b0c9db4b0b96,450705449.6705482
64ea18085495f759116f62c9,636782502.5527664
ebf4bda17341de806444ba83,617368486.3852983
54228579fd8812c3ea160341,739869297.7164061
dae0265a0f2f79d3dc010ac8,676929161.5866841
7340afa659775cc18d83aa4a,836910154.1883186
5ba05f67a77cebe5cda31e74,884017545.6386948
33dfb510aae260ccefa4d349,904199403.972557
82af190e32398942775056d5,676929161.5866841
a9b9263f6aafe8531f3dadca,725839264.9299603
9a38e7293e9ad7d8462eeaf7,822350377.1411632
5852773a80f7f1b929c7dabc,822244169.6414295
52fbef3effd854b0ad0f62b1,802429722.3751478
0016e35cfd881ee2e37b49b3,469204505.46798724
380759598c614cbe10ae4bfc,765969943.6684263
fb63e870ceb7ff355299f3da,463026104.000962
285b8cb5e9c887794ed2fd1b,535453011.65036535
f003a46a1c8e04da0052d72f,445464908.70381945
a731b326a61043070c3c853b,531493064.9433227
d2644b46136fd95c0fc2353d,421643137.1670545
8248697f70c21fa361840755,991750791.632598
075b5c16441d9d67cf638386,423769367.2767407
6bb2ac0cf2369cd8fd85bc12,589742572.4143027
2c0b3d69fca6677ba9e95327,644435633.2532319
c73ffac843c155f24985e6f6,912448171.3041053
78b57a58368ab056c11bb0dc,562521076.4433165
90b25b6b913c1bf0396c149a,590185143.8214588
fa29c89363ac9cb59667a43d,562521076.4433165
eba756e88209c420d288c4be,585766846.1363436
e7081fb59ffa298320321633,734121139.1557757
db1c3ece26da7b342eb7c8a5,562521076.4433165
f9ef8fcf24d28ce11e71d758,666599730.2932904
2f854c9df6212c39091bcf28,530431290.9161166
ccc66d77e5f68779b1c016db,521942821.9837151
47d288f8f9227013424d6976,411861180.85447717
3e891afdcb568befebd66fe4,490764860.10049593
2d1f036c96e92d9c557605cb,490882445.27710736
dd9d63c612aaddbd86676c34,569989603.4084034
13cf784fb3553f75acf25a4b,490882445.27710736
57dd353ac00d0e99abdb3733,879709127.1146713
ed0051ae106fd0df60a14586,786189668.5493393
0997324f14c5823413463546,952002115.6007704
e2cdca1756b1635dd1ac2b2c,737269585.6533056
7700df9486a1684157527739,440699162.1594256
e790b21630ab963a65c53df0,654718571.8943716
2bbbd9878a1e7c55bdacb330,607613817.555866
decb25b7fdc0eb259831cc71,707553860.1919097
fdbc74fb5882051327b3caf8,600372266.557945
39dee9b1661292cdda6c4823,697845434.38866
354e2de1e3a81a63e7fae4bf,608990897.5796179
f80b9e8c51cd71c5be281652,403744131.06779104
a96b19e82d9811d5de1ed0e6,397764534.6819224
5e5ca2753a908aa1b7fe80a2,563579764.6577995
495b6e61d1b887f8b4c1bcbf,447257284.052357
ad8ac9edabcf2d4b06ba9fc1,678137373.2810062
359f6a66a407e30b40979d2c,636531056.0442166
ad351bb6437583ec871b1739,694230250.5529695
262b1c8ce7db2b4aca2400a1,855215096.0827062
6808b10f5876ca36f569a4b8,655800676.2893656
54c74b36962edcc922573792,519275922.2063949
e7fc4e6b1fdb38ffe68fb680,610654743.1601468
1c9325df5599379a73e18053,709805345.8740995
8c9bf9031bd378c1105e3f3e,566667947.7205205
be70989d473cd731f6d8e580,568747742.4898434
46136f5f078dd31170c58e64,685912699.9380473
7055f85f7749c4646577a51a,407193829.986207
861aa922b483f9bf7884dac5,414184583.14383507
45f18e0bb676d2495a227dfb,435139868.1868787
9cca7c1e9ff65766c8dd2e29,436539905.8874594
b2b7020e66872c8d83468cec,505774805.48837775
7634d7acd4197594271c84d5,424738558.1315308
11ffdf367d817b582d590db7,608216379.7917355
103687e73b0528ec29725f1e,452366537.353422
8b5369b126b75c497b1a7b73,474861949.98809373
b33c9b03cc12a253e4936cc3,563442035.7412525
ab177c5d60492f2ff087708a,458877793.792146
05bbd028f30492fc0a9f35d0,562399104.7448691
2b9fd26383758104d567d474,474861949.98809373
4addcabbe23020d3d0d46ac6,474861949.98809373
d93ba0c32244c455e0f7baf4,474861949.98809373
92b772a38d5e38bb51a3f621,594143770.2084796
135ca1dc80ae4d9993ec46f5,491968428.5907443
ed5192bd8038c77ed2e46f0c,491574764.23041093
3a878d44356885ea61bd882b,562399104.7448691
c29c69bc6758d5976024e455,456339618.0602997
dc486a3d7e9e2e608ab2a7b0,562399104.7448691
1a34acf8e509659534a56b63,440095561.60166776
5716ed7d678cc2575397174d,525228392.8286309
444c68a7a6cd0b794768d5af,599075742.8098614
8a724286cf661794084aa87a,589993675.1564451
ff9c4796bc3ef18ae7bb724e,650316163.9032047
35984f749eeb84eaf938bb08,635908357.9743439
0998999f12dfdd50c597c6c1,739385497.9150217
58bc65fd2e0e4430fb353d83,765866185.0492306
fe483817d899e0044abc3787,898820378.7745645
183a8459fa248605b8b5bc1c,533437986.01545995
a1f0d61cef676fbf798b5473,510656929.6357275
d7d3cd587d291f389ba2e8d1,680414079.5308452
ff8e7294270343a00978dbc2,468487127.32109106
0996cb112fc3919564e87c37,674689704.3544611
f183e3651c485e0001e64880,725453885.3308444
e28474959994ea9c0c2eeac6,567030668.2921485
682c0a5f5f3130a61b5214d8,688378749.9667526
245663c600727f7c214063c9,637251601.9760612
dea79d1b25bb9c78d331e3e6,565051027.5791289
ba212b5f12959e34b4887315,632823670.4738544
dd4eb14b56cb00130955d021,881222814.5278972
4c94103d4366bcaaee4b550f,826544299.9888915
7bd9cefba3f5dab498ef926c,806458352.0521307
1d7a2572b466070f08c6e564,528551239.9636125
a38e7af984a471331b2d758c,558397972.7222545
b6775aefafa4dcc161eaf6d5,459566516.3102293
8654295684292e74d0245238,520635630.81582373
f0ae62ce6eebc4d07415c48d,643489027.7535596
969219d7b193ac92e7a008ec,513126712.08122146
651d6af0968fc05584cb3d25,608080070.3476945
4f992c2a0526c0074bbcd875,440403759.6702996
9536c686b6ec514d92493f9b,706727603.9777697
5384587ecbf956275d86e60a,482096077.3507909
bab5690da7c42909464cb9a2,460183573.09692883
bc91072d808fe7b43e972f42,436097758.9750152
37cf2c5c1c6fb6e601d2f76e,447759167.7794918
4cdaece5d1dd4e089a99f47b,444601975.2938028
b37af80bba5adc197cb51649,520450981.58034617
552152b60bdc1ca16d2dbb71,682814734.6402962
32354bff9df0267a5e139156,554872218.4911746
fe4a6d7d7ed28b85c5816fa2,793154880.8921137
afbc7773755043a40a7f9d6f,429337759.20398563
daf2efda70c6f3cd9257d0dc,418276211.1710361
66fa7c9e82a2876216b14b1e,522665540.7425976
e34517b1563d829104e230b4,399215190.26868343
222a35842b0bc09f48e1d0cf,436537017.27005124
c5a64fe5ed5901734d98a22b,438217545.67889076
05db9fc492801eac98f69c7e,409799813.9472791
6e4ce81e713a571601d861a2,426622208.2718483
79fe5105ed7a7861d3c0187c,423376618.56110394
70ea911907d320da1f7f9c41,500257592.9069665
e60024d6e0b5aa52e27a3b5a,423627600.0169242
bb63f086543cde77832bd4ed,423627600.0169242
b3c2187fa96006fecc6b8ba0,397261073.4501042
9499edd83df77bd6a90560c8,397261073.4501042
a947158782fe2832cea53040,430560288.50521135
2e1608b8c646a102e27df16b,440709461.7364935
77fbf1f0c35c1025ea4803e3,464634750.4592636
f9e6a759b069e04b0cbf0182,459495037.798365
1e158f436f2a4caedd1563a2,563027182.7162466
67af004f80b08fae38f472eb,548426692.1377422
386ee01c3f7bd8bdb91181ad,622577075.3332304
36ffb5566bc35fbce9e42679,486393965.93415177
b58533a6850620b0960db713,472254998.27738386
41353584f956b9e316c6c67d,471501959.1875832
b1d1bc7ea83d5c584988b95c,466139003.0215631
6b1c0866e6f12f7fa8de94b2,538014857.3202745
fa4fd8380dd2620c672facc5,532679484.49848276
44394e66504a4d77587ee105,583738032.0110697
d841d6a82425710e36460f64,549444202.518128
33501f96ba3b02da073d586d,521111217.4456339
831693b6fb81df1359e45db7,573515876.6174762
7192b9d32e4ad55f6af9e241,599346039.9660193
4f99b97100d003ba3a2ecd46,521109528.56189734
83d969bfc020aea27d2b829b,642145248.2323629
39be6f994f2cd3d68b51126c,627954336.3199904
712f16cf2506710d7f2a2e8d,586598949.0655955
7ba618fdb1fe8694eaecb64f,588473300.5032583
d8735967c942d1a7b0cff7c6,686300324.9193382
b4ef40e00d089a35d750888a,822287961.5936041
7d73a548c2a29ef2d9655e1d,425611267.9377195
63131b8d125073c7dfec72f2,781246607.3086023
a65655a4f42564ac48bdffa4,673334047.1626067
033d3f8ff56907db4c453700,604487147.2101877
05e8878bcb68d03e3b656eb3,657015639.3205651
2ff0775d2c131d19804f2a2e,708966451.0309062
9957ccd807718945178bb847,807724322.2037978
7bcfd82ced5d6f1ae390d388,478935786.1634546
adcc03f332b427be46f118a5,803874602.9579749
b5dd038cf35169bfd0e62eb7,855630654.4710218
35b789e1d63f8f25980d21a1,1064415580.227545
c9a215f284e095850c809425,718934769.5168314
d26efb0e1213e19c378edfbd,683907220.4714508
9990217fa4eae1d1c4ed051a,684798535.1247997
2e9390c4423db604e1c7c4ec,614988811.1158423
6faf9b6c30b176e36f2f1d32,563224502.3311697
5b83d91f4d6364d3e4be1428,689241687.3377852
0d9616f0ac8b0c2e9e0a97a3,496850336.72890425
9c9fd309cfb505b628f84fab,601856062.5351331
98b77fc0888335702d082f8b,866929740.2816381
051d68945b95562009d4029c,866929740.2816381
eb8021804e63016fd934c9b2,654109023.4189359
ed6c8c45bc8c1d160cf0d0eb,796062910.3974214
9fc8c3523883947769b2fe6c,608614494.6469065
3e9cdf767389ee551b5349a3,476325821.4140706
512effa47a1c7a5420bdcd6e,465991139.6793797
0768e70fbda0e09b88c1548a,496184897.6206403
acfa7a1cb136e4474b7efe32,693789005.032137
a343e6ec6eadb287711d3834,700035408.5560172
a698d80ede6cf6243fd9ed99,732511755.6560538
fa5c81237a94f2f78f05977d,713578988.1880865
999c8da7dbed7412dcbafb70,735135571.8894025
c33613eff66948d1bb8ea3bc,702278512.4635122
a642351076b7706a733dc52f,715201563.5873716
c69e08214cb1fbc09ced0971,391409095.7694035
48a20e676a060954308c9ecf,420399455.1086618
304ce5835e685778b1c2b6a1,571857306.8649925
c859144477dcaacbc1654a8c,628010579.1429206
98865eb2f40b8a30893cd351,525021194.1390576
68dd15c8e9b71171348ea24b,917871099.2706748
3c660885ddd7e98ba5ea26a1,1059642619.7613034
c670315562766401f92913d0,521267547.55044836
777a8d05edda0a335d89e90d,619978223.0947971
81f5c32a2c2d3b32329a645b,627567934.9221779
40525fc425906c9485f1ddfc,432661342.71322703
8b6efcdb553f6e936bd90f3e,462063497.3274804
94dc108f1d146641b221cb81,429963251.2864387
1034ee7a5160fecdb5e8c27c,469432283.5625335
48b34600046c903f0ae4e6d1,812248914.9142697
edca31377b4f7299f8b45187,1036655132.8498273
b1586cdf68f36926c3bf72a2,428729373.7875182
70b15c2a38c404e62ad05171,421015982.3980115
ce18358366157fa869bf3833,433764321.9922912
6883fb90099426e6f3922909,426509602.2842517
1b7151cf29b565b2f1caa559,424743081.87602687
f2ec3a3598c99bb8c38cd680,424192395.57288533
38026eb43ff9876cd5767ac3,429852595.4079819
9f68ff98e302ab06df4fc672,434950645.08478874
2d2ee255ed2144b9fa1fcc39,703183508.7723843
029224b78e8f358aa9c38e94,518956043.48566514
88da5851280dbe750968c565,526934799.2547917
1c67456195075a051513b28c,545433775.6513611
9741ff1b895a038c32205784,507635626.4900106
75fdbee42ec89d428143066c,509361690.49995786
9f27627b9e439fce085cb01c,602233434.1897154
a4a4a57cf20ad739291aafcb,733464906.3304436
84a074517742e09a7eb6f320,625009134.7284122
28fd0437736c1b17c7ea1f33,563511231.8112181
beadf1de0732143f0699895d,617987588.1688628
b027f75411dce9c742c5d0f1,568685951.2980248
182077fd9c5142d503309490,687469506.4137733
b1df92683a593edc3f2b45ad,650155502.1131349
38cbcd7f88c1520fa083af9a,657741937.6905186
8ab5eda5b66a6c2becffad29,637082762.8800855
e68ceeb098f60054c19fda0e,678257264.9939432
e6ac4d158437142c15bbd4d9,778178440.9643453
a448d8246781ae78dae61619,692818763.2956641
4e878e99ad2fc34400381c3d,666377354.9024081
beaa09cb49a98e8025fd7e8a,651121610.6216236
3df855d8893dbc62eabd95c6,645270915.1432004
cbfc3ca911ca23517da8c2d0,584392159.5976874
a020e479dc5db78794a5fa77,782053519.0051577
6247fb0e5261d4225f6c9f1e,711742871.5340091
93822a34ec8dcf104e7f49c4,638203761.8459271
17d311554f40ae8b40234c31,619663746.7341019
762e044ce9371d7b8c7acb6f,661442590.17595
2fad468e1c248f40ee3586ad,839868106.8769941
fc25df25f4151a16cf0c90f8,588537268.4001092
39c1613acc0ba4fe622c1f31,704327162.6160971
2c15a0733cdb932ba8f2225f,700778655.00229
1db68ed64501f35c51d74c5c,683025274.0144141
1d968cecf268a7f14def1af7,946840058.1511679
77c886207faa6965238b152c,390573766.73152333
86242b25bcb2dd775d25191a,450041917.5128157
a8b457cf82926e25cd862af1,593586102.0743617
fec1212eae4e6369d5555d8c,574748895.5839868
8f59ec48e38092ab01c23e33,795595149.9588935
490b89e972abd7e64b5ba6c2,584025898.0350187
f8f217756d32f31faa784c2f,708653168.0522012
1c2ec62e8ebba12c6146a04c,624588399.288416
2afa1699af46ad8124f76e4e,662295167.1075698
8c1695c9a31de0f956e4ccdc,616221111.0549685
d88bba495701ae7a44eecc64,663415585.1321901
00571815d5a7f208eb3e7737,846993988.4649729
d626a635ee75c23aee2fb327,938976391.0612596
7e3937cfe43dc906983fd321,790811601.1817955
ddd8906ea4a22b782c7888bd,625808037.3725793
258abe0fc321f6b24d37ad86,455255455.1133088
f637a4885488bbd499199148,660693421.6948491
97f5e6ee143998e0b3fc97c0,469121746.4352294
be4b96920e3aa5c57baa13b3,409539465.6420255
6e7f3a0cb6246f13656fc95c,767559452.8400328
0cdcd8cd52bd1967dab88a5f,453784647.2479819
83da19e7fbbca11083090574,415785838.77649134
f0cb484eb3f6e04b5b1806ab,568663507.276233
fbf8b0f1159e89428778c847,456279853.1775245
7c316b981173919b6cae5516,579849917.5099971
d6496a3215daad9089fcd5c6,802429722.3751478
e104567c1cc70000692f502c,658677644.7437959
c4476befe0002dcd0c315993,462063024.99039006
3008e821640b33a8d70beec9,499359436.05352074
9eaaf577807d86ab64fb14ae,371085156.5951881
9db120a76af04028d2f0ce68,365715407.8268491
81e1f8b1c0e3b15f2ebfd84a,435897549.8836422
9943a2530009f62cab6b466f,436165989.0088266
a8052c48a500926214eb2e1e,519535941.32549113
3335313b9060ff29782906b6,535322031.55335903
cb93bf58a01eb262cb003061,637095497.371974
0e04f84529d92f2832ef986f,605054147.0404991
807d7f5155bd299afbb6491f,645704364.6440142
76558d67def95bc708039f05,767707946.6681546
bb19983466b1a1184ee7ea1c,686673472.8402164
34067d9b2b4e45be1e5cfa32,680280713.1836209
1c4fab7d9cf798617fa90a19,425956002.0410873
b4d610e0ecfe007c133a5ea4,422673655.70346916
ffbedc0873b99654d10188a3,420646043.10060865
ac413fd87de33153899a1d04,449672579.73977184
83349bba5fbddbfa2db5078a,580860380.5195564
0a759932f763df64a463ac18,523434622.76544386
fd9ebf37acdbb0e4bffd2fb3,464401937.9370447
f725f6ebcc3fdeed22bee385,454027978.2344068
ceee9fd6e692196b960443d8,464401937.9370447
bc10eea54e4a1767881a2391,487114263.1107534
4ed5718470ffa3e5b5f40bae,465332444.16891783
debd031585e9527fe00f116d,575504671.2648457
23b5f2af5d39edd25db6a522,579044123.5668526
f51000446ab65417942e535d,578293036.759211
e6ed64435c659f236cf213a8,580336087.1346267
b160d30961ddd3dac16184b8,632653571.676196
0cad79296edb4b18582dd77c,740405831.3656193
7bbf8e16cc32dec423afa6b3,563718561.7226002
acf98212eb702c79f16bb058,557173187.1549485
1747dd033c2c2769974a06af,568670864.8034077
d54e80ee72354c70cb84323a,568670864.8034077
de901d3433ade456e9edcd79,568670864.8034077
3fea10126c0c651f02de7167,568670864.8034077
f823f6d95b4340e8e4dd0d57,568670864.8034077
ff6fa86afbf9da2aa8eb7991,568670864.8034077
a966f298e8d4d3d580a72d99,568670864.8034077
5b0918cab84af6fa6c464037,652564703.3957143
bb1ece5366ebb2ef9d52708d,417885225.8837842
fa926bec03068764c8545d41,438615324.790188
3bb987adb4ff573ef09b8c12,471102887.4983038
d7fb188814d4c118ccd83989,437772458.20522314
ba511b37b4bda08d191c68da,418519473.24610335
3c2f62f464aa5c48c470bff2,695069729.1526045
3256c6c6f30aea9cc79b7283,691559879.8116213
9844c3773f7a50c71f218e99,801858214.569712
23229e392dbd8fd9d80637da,795306282.7298279
e0f47a028df2dbe9129cde7d,847821166.4871688
a12f0f00148e564ef78838c5,1132603074.0715907
d3ace27450b980262ba9bf76,1016080586.9914925
0668a4a4521c783a2d817413,817663524.2111553
768f69f0241fe339b6f52fa2,735915010.1597573
e78ef4d2b165a8e8781c258d,591130391.0345187
631ecfa47fe167bfaaa967e5,426498052.10064596
954e3065b1e8b31a68f6d4be,514242445.2786843
e81c5c1b820636f691e5c5cc,755618208.0810761
b4c779732e827ab2fec8e8eb,839164785.8522466
b58208759ce1402501f68906,546973177.0059761
59805e5f4080246ac1d92b34,596718677.404251
a3fd38336516b98117e328b7,659098485.1457056
c0bf06891690188e17ceeb8a,499691122.2826183
efc8ccaeb09a5e1bb0bfe011,619295673.4857627
8e604d41e0cfe9c93ad536d8,716150643.1445423
f770b66579bf2b55a714c43a,626669807.1069204
4e01f07ee4b1241360de460e,747547837.5757635
dba1be42bef913f35a95735b,640822704.7660309
d839ca90c5df85e5cab54ea1,654365274.9362965
ffaca67ff9f0d7cbd5bbd295,771196621.8375723
6f17875bd3ecf00566dd5c1b,603841626.8990905
10d01825744060a7b777ee4e,571175834.2257632
185b333862e7420f25622efa,575161109.3999498
7f7141f5e1a7964ac6dc688e,779948591.4856676
adae78b82caeb073d84f02ee,655191918.8655102
4c0f9275581b5572635613a1,424541940.5876416
9d6810aa1035e91b72de6a26,436848970.41784865
069798704327652a899a189d,468495932.5344302
2f34de2546f13e8a9dee1edf,644169233.6084439
8147da5e5f53a163443e8506,478532490.3037099
6834b61ee23cf04daf4fb83e,794500841.1460642
59cbc0e7dc6e6922feffab8f,554433549.9684547
7cfe5c3f5cb1bf095eb2c503,444562390.3837905
d916219daa90cd2d99edc609,563575663.0786724
e78ad3483c5aa5a7a4310720,584917279.4535306
d048fdc255a5a7f474d48c0a,784918541.0146152
b76a3fe6a49dcae6e6bf5815,646268216.9870193
75fa60dfb737ad50073848f2,678100715.3553985
83c1d0e2b8826844416abd9b,506102255.2694235
8c02948b66db263420c20d3d,678322263.7194929
33ab442cf58cfaa33eefb6dd,406149181.5493712
d379dc03d78685ad14c647c0,439606971.5668514
5e36efb290bb265d81706bd4,556307588.7397538
db534a5f57e92d29b9e150cf,668102354.7565504
5354a816a7da90e205448832,438864277.6008911
f0862f57dd6be5e7659c65ba,453268325.9120981
7d58eba13f418d890ef563da,614515780.9223162
c2fc3f04c3870e14b89d5fbb,759111313.3001413
15537000b6806ee84d4615bf,781630500.7453467
e82508e88e3f62fc8e67dc16,750633367.6960449
86ee57ce617b2be312a9efd6,861606553.3131655
6bcc29a0afc735bcf3621595,772030644.8464401
d79e2addf7c11180be222103,856098998.9821842
adeadac88e573824f08efa21,614452441.1366972
922c37e46fe9e75e73fc1f35,451861011.3183367
5d09f2d1cc5fec761ac4372d,674643517.5564625
8c5aa3c826f325a9a6c6f524,674643517.5564625
fd0c010fa0c4b84dc75ede86,847014688.5786895
c23150d0aaaf932579561998,610431582.8562083
163405cd6248bc3e832dc93a,701062283.3282797
eed12d0c3e65e9989fc4f4bd,623059428.078995
e6fd53315e92a55c6b67405f,432941555.79691
7a3ec914a15b47726567af96,515425556.78408486
7f02f056d5eb4aff92b44659,465419628.48719716
2d5d9119602c228b333402a4,635658270.1204047
43fefda5a3b0781578d9f2d3,634725680.5041995
513211d9f07fd6645711ae31,392613178.77253383
c3e1e0d2618556de7df13403,454721582.95862716
b4a4d705930d9afe896dff17,480967330.4682191
e44b023e39910ed29f4dde2d,451229977.5759778
4e78d095988a92642a1bd18c,431399732.9849769
92507b623f039b4ef5be8870,566691091.6016568
e216fba4bffe753a527ecd4c,548343627.4167514
24a4199c17f9c56f0b3ed12f,593305754.9185387
6bbf09c3bbc3e3a000cd2afb,480072848.1989756
b3d45812baa819caa1400255,530631580.03918946
2688e4cd1fd441d1da455504,559797943.8233452
5dc1fd6ec7ec8c8af71e3b6b,779269037.1987242
f7b7e298ca8fb75e11e92999,563273167.092926
05b71daf88eff5ae8cf5789d,438244036.72645074
e8a7ddb4e5d43d156692326c,837938706.9819095
632820af2a0477aea5ccfa1e,629782135.6849235
43a3fbb8218e73b956ca50fe,791635593.006302
398c195aa41ace34a16b0d7b,620926682.9093517
ef3887783a12f591198d6c27,482862388.6171747
e6653cc1c94306d4e56ba216,614090208.9757751
166c21ff83e97c6e74169d92,672381305.3196427
d0fccd2708fc7def00c72317,623385894.9760977
d66bd7e4bc7b51d23af57de2,671520691.6240338
8b47b76193159a21c3580a3f,676478322.8730731
448d159391c38e4ffcc405b4,466624139.1396285
9ce7fb3190866e6a02e01e26,471127633.90190136
c25f892c01420855f61c3dd9,488521291.15854126
2d5ccb12ebb6fc7d4ba462b0,478335587.45320994
9eb4041ed9e159ec0d890de6,480403239.37050426
c342f6492f90ccf623e8e8cf,450746562.53067213
c3a78d9bb10165d9be188394,572324408.9938207
1978d8fc2031af21e98a4e9e,638834892.005634
d6d581e852a025b61cffd6cc,608977130.5410186
ea28f68a1d1d81d29b88531d,670389700.4108322
a3cc0422a37512ae124013d8,534423362.0312806
073a3ae443f3333f0f526f7e,666902380.5214086
57238dca767ebf3a842c5f10,761400404.5203594
113887ac25fbff9d30fe8d35,479752876.0839855
fed1a50c562ffd7f30451adf,431942293.6511985
b1e9075645f4b374c7301346,676520311.0694307
6517c1efabdea4c1f93078b7,460237433.96160734
b966fa606a3b50d3ac7249f6,987166876.7132803
e0ad3e9588636f454e9e484d,719036049.9692882
d7ad46cde8eca723de6510d7,757823248.2339631
447f51e37fda773ab748814b,633907148.871039
a6b992c9bf4eb32ab3d1df4e,407331229.24639755
3a9c7ec02f3e7e419669fee2,412694989.66214436
c908280d0461c3585af94d53,842192030.7945542
b3616a055e722e3720cca48c,584890155.1580108
45a8f6d942533794501d775d,631923407.3117797
b6da1db3aa02debd11e26edc,528703311.05320865
6d12669907d7d80d0b458a93,630357730.6036576
5122b2e9638d3438434fc56b,1027213010.8195872
6367a127b452cfa27043f74f,744630154.6744622
fb3d29813052141c015669c2,448993532.16167104
5fb76f2095eb1a5cacc2524d,488544902.5305234
95632ec6578a204881694dc2,504286568.0547497
846b75324c0f3cbb027387c3,505695634.8688342
940dd8311f2b49d4ec212fde,743825209.7055099
bd0261ab68cf56950ccdced9,565786003.3833524
f79f0c23b5cb96b5d022582c,463914405.87279594
795cd68f9a5ef45902712524,569736384.1260501
d908973d90db91f772890c9e,431141854.3212668
d670be6c848b1e92abbf415d,440962909.47207785
87b940bd3dae37b9fdac5d4f,469590470.1824979
8a7ddcd0c452e7993bc5087b,414568950.1813276
8925e22f8511be30d50545cd,626092443.3400207
1342c307971094041c9c240b,696669253.5329537
385488342bff3d3587250c84,795552804.1774534
f8e25b7d7e93c45df1b3a4c5,964366386.0592214
fa4f331f05b1488990a69ec8,822350377.1411632
a71d187784b309d65cea0b14,891595387.163417
0f44b84024412099f27439a7,602762944.0471576
0ea1a5d32324d270cde1993a,515488441.9100453
b13cdf9314a34852e8db4221,631692886.2426076
75e0815e2ba7269a10d9786f,479128563.1569001
f42b6680baf774d27fdf1e48,504726944.32833827
5cde1a59393643d7ed4e909b,553522871.4467995
8736dfe0f1c6e2181b0ee31e,736350651.2697501
5859ec20de4a5036292ee947,815740853.6254352
1eee0ff52c53f04307cc3216,605031113.8533143
b455979bc938acd34a580eac,455789563.38635886
6921133528bd6fa3675ce8de,823073530.1306754
3d266736d0307404a5804073,457440571.63928896
f4f6e48b618064ced466c302,412635658.7922642
dcf606270a4612aafc5f9f29,465596804.78496313
5e455623c380290e0a8e4e48,458092949.1510825
ac3c9d9357fbe72959817602,483479764.3513019
f48fb9d9c42b0ebee72cfcaa,445272166.87138224
dc99f2871bc05ea7e8a97d72,455544712.602263
b5cfd5eba0b6297cefd6d3d5,802825875.5872958
0dd30227247f145bae82f96c,835031489.0885733
9f347bf53e4ca4d264a45241,546626302.2497346
81406ce289219cdab015549d,840098046.5527216
a085fab6d9b9d8c24472cfb0,1021462313.476799
1fce0e993a57a3e3873b8d7c,1009542014.9874399
af67d51867f382dcd9cf34b0,777504568.4874817
432f082ac51bb0d39ce45b0c,905883770.4990196
b6281efabdbff697d70925e6,661102643.8254191
9215d29512b14aab6178da01,1029481960.6262696
6218a5d7267f02c576e5bf16,473559239.65155375
d66cca2c8e08c89af26e7622,614561931.4743376
ad3b4ae81c322a9f91381bea,625383046.3418214
3a40bebb521445fcd32cf033,766669846.3066055
c1ca38f941200a9d666aaedc,468118528.4398543
a1da74ec074df16a1e8690b9,964701689.3318634
502154647e351af240615b98,721995208.862131
b57cd3eb0290984f061e1053,528332574.3654824
4db632fdebc000c9e64a589b,586966452.4230968
e380184391898aaa2d3dc540,698308146.3487747
dca45f1c1a79ea5ebe639920,679535469.5624249
961de1cc8601447b03682e1d,440635223.26165146
60a4f09c268e61fbbe423ff1,397453752.863623
c3191b6b40191009ae9f4b7f,1062456788.6400309
478ac408d2a5c603aa23cbd5,723140975.5166914
ecdb747ee4a3ebf958252309,489575074.00759673
6c36e346957e336a33a7708d,545209688.6787394
09b18e3f3cabb7d5469a8d51,598936782.3824629
f1a5856ba56e7b12cbb9459b,415261863.07914877
c378ef33f40f8be9263e517b,540797063.5311364
b45911f1875da543199e97b6,795257998.7272818
678c70903bcb6c90e3578d6f,822241739.5189804
be22ce55ba31cbf7cd285e5b,553725479.931284
2dc58e6aab9399e9677265a6,758842945.3132441
dae55582e86b1f514a4ec3bc,545286447.2306101
c119f62348e418d9ada13362,799579758.1809798
33510511ff07dc7354cca7e8,606656898.1831471
16b79a8af9d6376c73c2478e,617661355.2959784
714f90489426e80933ef31b3,468003310.32487756
6c8e1cda487c9841c8d297d4,441750574.61062133
6d9c4bf994147d8892d27f27,861332228.170275
1b300634b71b898299c54671,890532396.8980739
181caecd269e115cb5cfd75e,425835136.3247172
059516a91f938d2e8fbcca0b,818046454.7648941
c42ce8f9f62f7a315e028e3b,476616005.14780736
bc23e25cc246ced4731ce5f5,746640679.9987532
de44f54fd6b1b62f30956f5c,570458896.307326
2ef897a38b95d7b769856e78,498316211.5553063
2280b5f7c47c3b36924b84a9,440810979.5147844
16ef7eaf29eab571e229e537,847952837.8186059
48b1f800656bcae6a9e70802,514249552.3808212
b4aa025f8813a3f0b132b7e0,446415880.76878995
3c6092e8458ee81aed0db0a3,542905942.6114002
d919dc64995903c9120eb61a,693881469.7572587
ef53741b01120666a08db213,650455702.2473128
c3dc5ad23dc8cfce0671adde,703494170.4599373
a270fe47ba30ef0056ec6c4c,413934477.0578951
f550bc7ab5992a6fb48eb60a,913721711.8396198
28f980b3c741866e0db5b761,616807482.7188922
c2ebd39857dbbacb99e6cc96,650635179.3894756
bb9fa21902daecf876c0467f,825140032.1255702
fea142787b18327108ee8929,507120468.5224324
a1647603f732f97a99f5ec6e,938955747.5820465
775f25d8144580541bf2746b,638957174.6607755
527a8fb085995119f846a5d1,827674521.7139473
8b69bb9fd7f0f19a248f5cf3,430275474.43805957
3b14b48188fdbb0917414039,438407548.6275946
02259637b8ef1311c69d3d90,812331820.4163265
50eeed30ba674cb079689afb,433631367.97284186
5fc3634e1fcc96b9215a6cd9,791605441.9238257
23cc24e23a1d74159ff78464,729887015.0257192
44551251fe345b31ed71aa5b,624091863.5937924
82ad984f02ccda30bd60da8c,761573810.2801511
5734cd4805f5c055d36ec645,645675971.6578996
fc7ecefb27bbb5c3e25e899f,396133435.9343087
5ecbd5b92092264f4e9101bd,491223168.3444633
83a8d9df3a535fd273b27c15,912915588.9050636
d76fadda8063e44483aa024e,766806802.2870258
a15bf12a6b8749ac8f9de19c,396132812.5623888
a3f32d81f4cd99dc85a16bcb,477580594.2893176
4029115038a899d98dc93d3a,972649569.2221768
2326bb628b4a571921eb7345,610431773.6701553
471d6fb8037049e1e4d120a7,899029212.130675
b73945103f07da807f7a30dc,1139845367.6600237
d6f4479f9226e52c93d70eca,564050695.7085394
420b03095062d9571144a276,617066742.9639565
ac0185c8f724ddd40bc0d235,481665168.98699015
228280554ba149e60f81d639,754424736.8634366
8a44e15417d8e520a99454b2,397200458.0553679
8978ec4c5b2f02fbc1f57820,702721715.6529638
2ab88dcecdb565b6412f5bfa,432129755.7056831
1dd6f560c804c4548561cae6,906901549.1533556
90e94b7e392f84e01a5f1551,556375346.9773096
84aa7d1c2590f37f0fd6dca1,562675554.1731185
0821fde7debf7cc445434024,417565005.198703
b9973b07c84b99dd1018050d,427237966.6514654
169013bdcc2ef214e0163ccb,624224809.4266365
3c8eaefb3f5dd8d4c9f5386c,594452972.7677983
42d91ed3f3615247f57ebecc,676833059.0724349
a7f1397df30d6521c216e331,770006521.5573702
f6c6ee12e338b1f9730b6e2c,424149596.8057083
8f4687b666256e136148c3d0,759728277.412062
925f83e20a153a1e094bc606,838387733.3867469
cd270a11dd8257648d1f0444,761315091.0674317
ab11db71265771ed4d9de64b,413031169.3425095
ec199e33b7557dd669fe1aa4,364291079.5629511
b47fe4670c6b065a9e1db429,406762691.5568922
918947d51e52e0caf692f22f,414850315.77220595
070543b03770991d65cc337f,888759338.3380839
f45dfcffe189327cb0d303f2,632951144.408939
d2e7484c81358d4c79f040b7,617717436.7338064
73ff3a6b0cf4f7ffb244507b,549343767.1655091
b0cdf05097df437354564bc8,374299403.4404461
33ea5de5e8f5c639a213414d,851404931.7751857
c94056bc09a4bea0e853cc41,489434530.17331976
6d5a91ae44cad7849dc4e969,777079506.7975521
b52e0738dec9d2f119c75a9c,483593259.21146667
0e35349077490a01f25e2ddb,757793438.1789763
9a5fdeb5f389590eb46e7aac,842099022.2155801
337c81be4cb14d494ca69db4,735849728.9647647
ff28f1a1ea72e21acb157f08,1068144880.7187765
e83ef75473fefbf8d7e52302,404072564.77154326
6d3e508ff42615eb78862723,618580069.0493395
3b7ddf527979726fb8aa1683,412023325.18161905
7b08cade91e2be20656ee856,454649384.6756023
59cb7abb39785d5263a156c3,645032718.873292
bc48ec7245297b4cb85dca1c,908502966.9764134
0f366a36001c0766521b9dce,756566190.778199
6ea022e53741adac484c1798,809515670.6793346
aebd6304298f84e7d440c379,862605668.6868966
c5b333e454ed6e93ad32d96d,680067834.8721874
bcd31d201096351079cf7ce4,479667774.34331447
46cf5b18fd7bac0d3332d70a,695625330.0175298
1dcff645d389e7b687a498f2,692759221.936691
cadbfbea1d03e6538af648e5,421794112.6146588
9dc0c6ef8389978be58daa59,924297187.5891131
fdc00f6ebd155e84a387878c,415696045.5762747
99c1b39476ee8e2ebfff6ffc,557702591.2976481
8930f231a5b9d8db14e9c656,716548486.5104324
2dee15f1b082bb986f8d9513,602669224.2369922
346c734ce163296a07526a35,719849460.8477263
6079fb3769f843e99b47988a,561663573.185713
f5802200af1d28eb48466c1d,434339461.1262061
1f8068ab65469ba56a1f0c4a,434339461.1262061
1ee45a731b6f0242b6d2936d,561663573.185713
56b7a6da82134b135fb7de2d,557389945.3506681
340c4d762f830197fdaf0977,817461698.3319607
1bdc0d441e63089737ac4c27,635149274.6276375
b3d82ceeac64b64142286375,465052693.02185047
947421747f33db213e6b1326,561845033.9278524
bfdbb7aef98d4855d459ac94,697604372.1088544
80e88d50c151d5534a57f61c,683219524.783857
d0f6e19e92c03b40a5aae3fa,1160773906.9892063
6e2a3e49dd6434ed01eb5e71,621380895.6375386
89e2d612654b3c792311faf7,686625590.5030403
29425249fed4a74ada083dc5,434592289.79279613
fe0182e1795e2b87eef4bf41,585259106.3174428
dc9cd30b760a1280e0318512,712487472.3059553
d22313a06e43b8ab8f6672fa,443789664.7291188
f91cc2e5edcbb704c293084a,911508606.3912224
dae776f643e809387148900f,860480334.9952028
e55634fce84f78466095e730,579555141.8324487
a507a938532411f06c57ed8f,686353641.3601817
30f3b383f2d5e4709c9304b1,921286760.6435984
aaa43db51d1ddea564d1bd2e,555114359.8265727
b3e76a0a1fcacd0218c17908,440447802.79931164
e548ef7a5650696c0e968cf3,879673692.5777688
939afc1f6250d528b0be8e3a,718773054.8681217
405baee61afa4b08dc25e586,835489053.7381641
0c4781c598c06d538c5fcdf7,574330330.2272797
fc321e2d9b4e954e80805be2,670783653.9433584
dce18d258c352b7edc60c304,658349082.9395328
7b0a2bd964c04d01387d78de,594551334.0735651
43fd6b5cb01d05c9b1db0e65,721154686.998188
cf0152b0a5e886e8291ef4a8,639583699.7191951
d05030b0eb8931161855450b,681577001.1760306
281ea3a3fab48c028721ee1d,582614798.7306166
4fcba82455866a6931590dec,810616934.7090219
ecc5e3781d5e004ceef8cf76,524014725.6651127
409cb370961c60bacbdf7416,361898891.62994576
54445913b2dc2d6ba35abc66,522409958.95121807
51a8c190ffb673d4fc27f4e1,799565165.6493474
80e7c6b194b3229e3e2b9aae,595478969.9925721
bbfc9b05caa647bd95b3c88f,534889780.0617699
128cb9247755abf5f2801431,520938402.41091454
ac180e846fda5cd7f1123f6d,799380179.3073269
1e7173670334937dc61243a1,870782072.0820599
c2555955d5175b31e5f783ac,585639531.7984184
d87bbd60fdb8b84a9fe23ba7,695140706.8348806
825012911321d636425cd0bb,838689726.3726944
54561e6ed5570577ea97eeeb,795724011.9492099
3a2a2df4f07902b04b809125,831704973.8189368
ea7e3ba584cc5ee45ff8ba7b,628246925.0166798
25093735f186b70beb018317,665783346.4955493
7fe1adc0a5873cbba4b021d1,1006981457.4027702
461749398bbd48d69b444d7b,428557869.02424294
eb8f668912b70fd554c8c723,604907675.7479368
e2f00293305c464b361b6178,647337541.0908886
02a0a38b45e1b196165b0098,453276241.18940955
0e6dc789744b678028e74d56,486754167.71915126
58954e79191c62ceb1ead100,757501543.7411344
23aa0804aabdc61650b8562a,591528930.841077
ef64565957b5278185b2429e,494753425.76205134
253725ec3d7939088faf71b7,494511660.0118655
a9683df184aa8b4ad5d0cc5a,594239571.6084495
3c38153bc36b364b92548965,467905760.998625
286cdf6dfcd95ee9edf73a93,424862217.0636924
df93a6e36d9f19e252fa9de3,439435359.8627065
586fde402c82c1eb5a74d634,429710937.96216804
5fd3b0299c0d52e48195fbdc,425439420.38429147
06d33fff99a62c330ef2d585,490111489.41260916
df98fd10dd8ae59956994521,482228871.6006542
361715cb422c5fcd9125d5e6,452286750.4521422
af68665ae8711d009e8810ff,479776062.71734464
63f3295df28c02953241e2a0,730902982.2661487
62d338c26b44153bb075b234,784123421.2599958
41a269c661f20e443a7a25f6,709788915.0433711
c5a8695b7aeba06e46266959,635755913.0632436
17e5796a30da5eaf310d02b4,502834597.65905035
69acab4a6f82ae943850b9ae,600857078.2565036
5fc3ffb33090bf75a81aad8b,611965929.8978142
02d89daa77bb313328fe0c4e,433047029.49599725
6ad1fb94accb91bbc30449c4,437935488.6300686
a1cd215fa99b8776818d0b0b,471001324.3114793
0553a3aa7d961ada6dfcd52d,544787402.504412
c6ecbe7b57db2db74b0d788f,643826433.0892465
a4b23fbdbc7bbd45c5ebf80e,831554467.5884081
3bb15c6313ee70bf4d88f4e0,632528062.8676455
e05c52c9c8fcb792ace06b61,534805460.6434609
5fc77edb0e5bec0ed8e72a60,1008576919.044434
85e15a0a63ffe482c68ec474,917997900.3399674
859025f2f41efa521a74a00c,469610012.19074506
1672a21e6b2d8d0525df1759,438333587.8708318
7d4097722aad95158c51d24a,549703739.5544021
174fa597347f2b1d3e9016e3,548330678.9534988
3f081fb77ad08f8370569bf9,495333212.78546864
74cea4c9dc0e00dbbcff8b1d,1033004610.6912526
4f5de1bc90694fedd216ef40,1107096222.8807044
8fa4be9ac1ef719dda1f96bf,477852809.01603246
3db3b80a902c10004cd3a3d5,990430596.9468628
bf02fad806fde4e3575e75c7,636074222.1006054
edd2afd07fa1305fc3126078,422116508.85796165
bd5d2030639ef16370cca032,737472936.4887269
87e74ed42a2c8c97f7bdd239,790370336.7881293
d1c6037d0750bcfe47d425a5,521925315.9297776
763c9a528d0f99f34e5b0031,477314912.23514384
8b674605311d296990ec72e7,469432828.23115146
d7cc3d199e538258fcc83f75,438565027.4578612
ec6ffe86e9ece6fc03556ea5,470373729.6352178
9762ecd72557ad6728274e1d,537256754.6306046
49a2d111903c77053d44573f,548200385.1806461
d06ab7503c6deaf9cd405f66,983335675.4060436
23e7dd821ec2601ee2c6e353,1070762061.2340493
81519727c7ad9f60d2c5f224,773918964.6321094
a4a5b6a844c14b4eca92dc49,1082887066.122405
7e647c5e0a7d95ce87cfc8fd,870870325.563504
7a1bca1ed03e7cd0e277fb95,424419900.49983484
03eb8da7205428e61bfb2845,427781771.00499725
82780776619be0eade3d72ef,424592353.030667
4c03afca943c3f2484b8db6f,420564979.107018
85d731901b48348f57932240,618850400.5072987
739de8928aab4ec77a1ecb0b,488420744.3046453
7f45d3809b08bb32a45139f8,499349541.85184926
cd14f8aa1613d754221c4735,567725001.8477823
537a9a2dd0ace0d0131722a1,603210552.4061198
2d4a781f969a4fa2a4f04a7a,590052791.1797866
e3676f99542f27c9037fca29,758596190.8392417
bb33aa4f1a7732fc8ef19039,417234291.9226519
9f11661702873852a3d65ed6,394193092.9540223
d7f22a4e6daa572583e02640,379260608.02842534
f6ce37c42fad91fce47758aa,402924828.60115343
f57cab248d2d832725d78135,428222395.54487526
9d73758bf7569cab4837e49c,616766294.9032685
322bad590ae06fb48f80c533,474855109.5377193
5a7b67d4c79ecd83b7ab66e9,811006939.2753494
8dfd846e6df9a040ae1188b7,462934248.9854602
44a587fc89d6b6489157ff49,1063052218.3101981
f9ce5b7edb104d4e8407a344,589122934.2600518
73786d11f1fa714aaa9f1f90,712994712.5668426
cc72295ef156cb2d60d6b10f,963324025.2730356
c9851396352bfeb05fbd7580,957145631.2703153
b3561144c745ae3d329dfe1e,450154794.7362825
7ccaf332cf87e07b38b340d9,1015641083.3822346
d63fe229354bef8b02b4a934,657028284.2785845
2e0a8235637e98dfea862909,782753427.5287366
0a1b14f320e330b405b27a6b,836147770.9948138
db41266d7b500a6daead96cc,383082827.773217
364b8b8759e3c408c4005021,494161045.70548904
73bcd7efb7a25587bb1c31ff,690349192.2092562
17060f24d81fe2661c7628c9,672212057.247758
98318f22c00ab335d8aa23c0,560454167.2965505
c926feb307c493aea729001d,395000659.3462551
58d92e8a26589e37b7123716,486961278.8620653
54d11dce9374378326f7ac62,478260740.71410036
8e79eebcff019c3362a76a26,602882304.6007291
02cb957c3db9ded3691a9004,670911910.1629314
561689dc0f267cc5011ede3a,613880867.8387816
1533da89d388196f19e2c5a3,608352764.17114
069ddc5d1f3c855e6498ac50,403220536.33255976
d3aee2a35856634eb710efa9,450469726.62255853
4bad966abb5e8c4121ec69fc,513845739.219992
f059e39d22124eb9e7e8e20c,905122835.8557354
3360f48c1ec30dd1c3175101,416489788.2270413
2218c6bddc994984cdc6e567,424031751.09157306
c2a9b4b389ae6f20140e21eb,839796904.1198142
d135cfa351ed6abe4ec2033b,623576160.2234062
668e5bdda1f4011578534f54,897612910.1470526
d2aa3386ae240d7387424e07,448740733.57381755
e4f2ec7e2f4389c1efa52c0f,497727175.48638964
d4f90a6b73b1e179d3f8eb70,425444674.16140956
5738bc8873b341bf92ece0db,471719489.03756005
2906d21b1d96a1ec43bab50b,582553833.0307821
4e1bfbbd8689a95fc97fabdd,573572904.8944905
78410b0193dc989de2d24da3,772370937.5164219
fd7f194d9929a6f28ea57cf4,512026347.4355521
5e7ac1ffc0886c27471d1a54,523111696.09855306
879d9e3b4ef9063de41ddaed,448281606.49211174
4bf620c6c6d4c916bea70e81,600436173.7225403
573bf87f57db6e037aeb94b1,686474288.7000793
3ff7b739ce65f0b3066806ba,675079496.4731959
a456f85bbae3f189ff424e8f,508877218.64891016
6683685692e955a8ff172c89,682356230.198773
82e1ae440b386c7da3a580be,839770553.1891689
efd178c4aaf3fc9d05b8dbdb,463166818.61645615
55ea155410b001104518e992,462232280.226816
32a10e550bf7095627d17da3,486975500.1486557
823124264778e5ed64d8664d,587277980.1201365
fb01d990afd25ef96ed048da,813400915.858047
df22426db407f4c660681c7f,542761704.357007
44fab96fa2ea501e0b94548d,831444461.9540818
871204bd1b3505acfa632954,851093265.7102894
3d63320260d150d134fe8648,697311776.2391409
b8b9b90d5721a9ed5e72b328,423107206.2812027
926d12cfe05643554837664c,423951818.78704387
cfba6db03f0e38d1aa0802a7,519069306.54398805
97b12012ece8a740944aa547,583604591.5070361
8de317591cefdbc375a41483,517177842.55792004
46d34fc9a8edcc199a537b30,627631644.4135203
262e3b4091dfa6b71af020ea,607060111.641117
396761edaa353e0828949bbb,393503400.920144
8c18d3417886c150136a03ba,437375490.4000297
f053d3918234bad409410755,458657846.1909982
8f5444b81998e52ad76b3ddc,614516800.3734035
0daf89cf494e0f40a94d3e5c,603382181.5057461
dd8c289ec872be3fe3352313,721709442.7222793
f02f6c5b97b8e3cc5d5a74dd,565677274.2231666
5f39cf56c4e1bd43f61ecde4,648182004.3669769
5e187b07578d582ff3d8e189,705912945.6465299
bd018b302f732baecd085ff0,913186274.2161956
674cccf4c7772d6091166aae,1007468571.5364567
38e84c560b0455548ce186e4,781640299.1623067
d14173913bf5ed21e3ab50fb,565445613.1376503
cb8844cf2070d8697bcccf27,420815236.4332664
6b44648a905e7f4c0de6c855,546987941.7000427
148aedc984c7f6831c7f9601,471078075.4883454
ff9d1cf7bd90c5e47a0bba3f,437436137.6635052
9353136b0c791bec58f93ad2,446856618.34454775
de2137c70bacfd5087bc5c68,602844403.5367513
12bf6b9badebc2902cc11c62,448364942.49941295
c0706c78d5d98202dc24e46b,690798513.86425
4394a27b21889bf78927ddf8,425469723.09826386
0ebbe9d3831727f90d677ed0,959726917.7577472
caec584b5b6998684bbc6a70,617354739.2567825
0c302f1c924f8efe0b6bb58e,712746904.4979601
e056ada7a37336bbe878f38b,708164627.4955375
905cea21c0ce1cae97fe86ab,989262879.44594
e286b12e5aa7929334322842,518528254.5027163
6cd4e68300a8bafb9d22700d,790100493.2359767
39124b1ec419566a371af8d4,728450235.0261784
6110b5bf07cf38c437c7ca8a,873206147.9442029
6f8a22e4dd21f44bc6d383af,872606683.9538319
71eebcb108c4828b8bd5b84a,615590099.2502398
5d61946d53efdd9bd0af140b,656560786.7886627
c0620585c12f3d9f1298696f,433340871.77990675
d27283e3c941f8fc256c3f4f,588281805.3943228
2acc857ede19953734600dcd,425862278.203014
32474481a0f8af34a4edfec9,509045470.10416687
6720db016112cd2a4a5e0358,620679191.8408848
959d0cba47f650933b9a5168,821249778.155806
32d2c5f1707b00c93407a19a,397076258.64524215
0ffdec8eb5272d9fe4775251,442618763.4941263
c77d7a08d5b9abd4d3082fb5,422267906.375599
a3021c7c465dfdd38cda9f9c,673324993.8272765
aa24974831a0c608635bbcea,651594439.677653
eeca3f5c399785a1cf15b1c6,691781434.8673939
0b51fb3a65a86d7799f27264,396275135.42564255
1af16b7f14dc04f05edf71ea,565609490.7236295
e0d7e4dffa0f3dbc40c7da53,631731778.345873
cfeb42023e2737491b3e4283,756738863.9974495
dd4e23681e00fa1cb9a679a1,444327518.96086216
153c89081fd85dcc66a02421,727064544.5035051
f25b2ce0d988bf5490fd780a,433344087.0837355
8700c9b62ff5a5c3394b0bd8,529155789.9058475
a53b105919c7b46c0cc1b003,535623510.634785
1c835128915211131bc561ab,461863738.94632024
a0c6e0c6fe41e32b3bcb2b26,604143831.7825793
4eff2f2297ce85a0a3964d2c,693462322.244539
57062f248424c47282d3da30,509801062.6056346
99e860bbf3033ee4654d393b,548647750.9162028
db8912c5c5e5e49431b2c85c,645085455.1158742
3151daf55106dd159f27a8b6,453349622.74415773
3e8a4318d93b1fed4c48f48d,890497743.9057372
4c8ca73cb51a58933de61f0b,490068500.2758221
925754da6fea9c9cdc06e18e,690351406.6963037
05119815bd72ced29391ba87,597910264.8879226
aae7cca10bd7f041c8e02d23,691870616.8435812
4890edc33a555cbbac71795c,708613216.2349517
902fbbf9f5037be8759775a7,633320821.4739677
d013a0e910b1fe2e3913af7a,636193235.2150617
9c38b9798313a3091d13b340,823864941.8119762
f04d3ee8b175c8f2f30f4f39,991298383.8805593
f0f883c45e8470e74280e8ca,675555374.8384465
af820361d5f20198bacf839c,541736761.9676926
01636da0aa2bc223af023a13,508339035.6527194
cdef6e87c007bcd9b4efa9fa,928385255.0009276
1d45332e2f04df18cdac590c,461147275.5399746
db3dae76fed5fdbed29862fe,448981308.9043423
f36a379e0149d4800e793001,646273565.7139786
30d2ac3ecb8150e4d4339d1a,837647393.2481865
7f78955c480d050f2c8ae3c9,638105322.9100509
cb1dcee1f4ede0877be1ad15,674319801.0907775
a32d2c51f2bd5f23bb519d12,861022279.9553839
bcac2a4cacf13a91805557c1,502955710.7021384
a21afcc258e50a538dfd43ed,387656836.080208
7202b83b651382e2630359c3,460482364.73809856
77d6855eb6a30d268e49eb1a,404423887.3033622
204ddf6ba4822d55ba80f713,421337644.9314225
e0587d29cb717f725e991ef3,748042025.1822497
c606665f3a3f70ef61fa5cf0,758385772.0507874
44412a9e16b2824c4a520a72,499279880.9441218
313abf19d78b719cce4b3188,541494641.000458
99ad7b36c3c916393e951507,495449328.42355704
c34c2aabac06323fa180b24b,466063417.193074
37f39916813a58b844e17833,689444978.160356
6ab7f97fb9880e48fab16a1a,537754761.6796073
0e6c74a0056ee94b10bfa86a,576664092.1273211
7fdbc3fed9c9607e6d01e958,556445007.2253653
01018b9796a105be650ec802,751739515.7882042
16ede6f8833a93677d05a131,506294689.4540757
0a53b0b7c365879a6d2cce39,668074080.2525623
a293de027279019418c070b5,448348722.8402886
973ab56a202e039f5ef37353,526064680.8719802
3e18c851788fa8724ca8b7cb,473261994.85140175
0a4b0a004c894654663bdcdb,658397640.3383386
55d4b530b881abfce2d03e56,713951671.5572842
405bc08707001684d19f6edd,703549000.3182365
dffa1057472b06bfc0fa7a66,1172374703.9212017
d061615fcc6355d79665f9a6,655816781.2693806
6cd96d73fc58b1502bc6ead8,818436587.0822399
db78a3ce9c6f6a7f4ecc6853,486239490.84152323
1498ce1c1bbe2e89b84a4a45,729905639.0599952
3035d7ea4b71d204b588dccf,641982275.7137877
2b8e9560dd58d880dbe77c61,636157811.6022582
e8948741a987cbb3759b7a44,630451678.529587
20718780218eac9668776956,583211846.2437673
c0a9e3f5c57cfbb4aa9b2357,841840249.9056187
5e9e9339fe1c3a06470cf7c6,698010665.0699694
f852e0f3fb8563ea6918164f,958483519.1064621
e38b4072ff8b856487864f31,892523482.8523085
8cfa1121fc87d9483ec63611,925878600.2252347
1a805101f78cbb783e6f919d,470253496.54214084
98502628de3c4fd3905000a7,548065975.6824514
ff7ebaf86962fd0ab6ff41f3,479451506.2378147
69442123283ab024a911506e,817179398.105062
ce6e91b53465250effacca98,752715586.7960484
5d42f42059617a5ca7ff3a32,636601327.5157601
01edceb6c5afc2af1e129e86,398014475.4417662
fdad0c86eb89fe93633c8571,369927150.56628954
831725656d9df81b63c0ae38,598547806.9756814
d1f8eacef9bb4d300d086837,1071187097.0644777
3b6d88f864f6c1759f957c73,1187589771.9872017
5a38f908d8d75c5810280e12,503387109.08730286
c7c835349181bd3f0d964eca,1049137841.0699993
edd4d560363f7575aee42d39,922433457.2664224
8f3924eb214f5194d21499b2,596661238.1304746
466c542d7825d36d18a86486,525641662.4670027
0b71d334a6db66cf6f1a8eb1,753916170.6685145
7a91cfb02df63e4396b15aeb,414803931.31698835
6140125d2a94efe499a6941d,430058818.5328797
080df3efe1fe81f97e74c4c9,398407770.412542
e148c2b109eecef0175b3c5d,463675444.3555638
40aaf6665b489033ba0e55b5,840776589.0060531
05498e49d0b875ae6aaddd83,410997941.6278994
397d0f6319465fd7fea6f710,877226408.7657363
7e6d8c4742b38854d819696b,919693532.8437922
9a8d13d56d677379ebf9a347,866938489.415726
06bbc353bf62fda3b3786fd0,550551283.5140855
09fd7896d5445f422892b196,715481820.3464847
57c63e412f3fceedd3a7e698,520463072.826963
32cb6246cd94f962f780a1fa,428958749.8630045
b0f9bfd521802b0d2586300b,578557989.4645797
2a99204f0a53c4a4d0a2393f,705478872.5408301
7651626df0e2e3119b801466,686007093.4746444
59e48259a076518d929f5db8,409778253.2003884
e7b721ed96269bb195906bae,409893028.6751847
61c3c304eb8a06b5a483efd9,772071299.9056674
3c26b2954be250bfe239db68,440260590.1189353
0df87025a6351b435958ce95,751445420.209826
df82719238ea0e102c282c09,686010110.7975478
57c74f7b9bc5e33cc823439f,737782168.7045974
4195a9d13c0a526d7cc959f8,630211262.0831167
0d00fdc440d7612434a6b91f,617337198.6907828
0c91369119a06c40623afbb4,600310959.4934233
5a6b30b4d33e068d421bc2a1,602069773.3677813
f4beded3c5ed9fd6cd5177c0,652856249.0039923
95e561c7292d64305a2cf4f9,627441607.1714694
67138978493b84ff42daad45,493547547.9688073
7da10de45c866c7d066d2586,433124087.8799212
3c3cc027fb179e91a46f11f4,474208946.4244709
df3ada98307fc85428022d00,493320394.8942781
e029c89d59f2caf4af4bd908,489850199.24710417
105d05ab3d5334b976e448e5,450311586.07030886
253fe7aef58ea97fefef922a,533889110.70195717
43e11f10650837933261fa7e,584399703.3788286
b111b17ae1fc17e3491b7a5b,709286771.1741059
63e1ff737ea11ec607ecee08,675109698.5320398
ae703276c49b6a6a9c39770f,733086575.6868987
799bc0f95ef9a23fc16bb1d4,991147136.3849899
bb9fe73a8742dec9b2e79135,1022575704.1261389
a9b3d963a14c2c7435f30fbf,1068291971.9964404
7a48bc2c3f4aad08dc7fd5a8,422512136.1102101
7621f476bc8040270958de6e,593329148.294759
c49644baf8dc51d3f76d7e7c,736597852.9554925
8c107da7487ed0cd409f4daa,513963353.49629825
1bc8874a13914055c2759a35,482426671.3477784
fcfd6f08490be39064aae41c,441966039.4885164
23178c72b063ecbaaa04b37a,613160175.3904096
10bf1c2d1124f6d8f8b9497b,596873926.8436247
c29b30cc5db2ffc273e4cb14,634083910.8847388
f7d11c2601959921f536f804,648750342.3062812
acbb07a2c7a0e39c0102b3a1,657571723.2973957
844e127aa7802cdf75db074c,671089865.1793958
e2d88f49873bbcc5476f4ff5,555538410.4645547
42aa1e6f6b8220a63fe165b2,817639393.0366492
ab1c43d6fc4f08e315e322d7,751438853.5354171
9299c976b1afe4d2c0bf351e,696896808.6734774
cd62ad28163c8df131a8f2fb,454203358.35247844
e5e06913ec3c851340d7c91a,531143189.87401134
d9b46a34e48e04b5a3e026cc,479802997.9183052
782a6028457ec55d4fd5189e,493699243.2455726
11a905e4e01e7d15d35cbb82,499029030.4944508
3b3e423e248b23090a2897ee,457016233.1077897
5915093d458d4b6589e86f59,529670531.82044053
3d162a854aa05447e2cae0c0,736909106.8582275
662a3e343a7e207ecc09d6b7,483855522.6367333
289db1292d4ee40a1ed6e518,593735668.3933034
d43d2bda7b6e4d5177c0d032,660165026.1543813
b57ebf09cc691bcf009ef115,837779480.5827205
21f5bac85d5eec57acf501ef,784599028.7790989
2fa288389b3031d595973793,650113932.2848115
c900d19cade1443983274ac4,881382204.7365217
67bd5b20df7f2a9cf4e04358,440244317.329571
e111bda6d24089dac82907ad,414867529.45989734
7910ac9782a1a315f68799c4,567951411.4672645
ee786b818284cb382c755e9d,704791423.5041838
f9b0a27bd3619ae88ffe5455,572616732.9961953
ad1c32cf75ffbcfc842e3959,419719975.2808431
5648633b1f92de1ddaa7e7ab,537289369.6898581
1ba481abe0d3890c42884d97,440244317.329571
ce60e2ce2a420052e67564d2,513294926.1502739
87e1b1170c163689d60bcd09,595495156.3765581
bb4c7900162be66534d17541,834561115.98438
68340674853f0ea101e32b46,668274031.4595382
d10f89691119d4a4a2c1e650,1170938409.0858347
d414907e75a1c105ad2b74d1,395304248.941236
c9b6d3bce20b7f528fff8123,459492771.6182046
be1695a7b8d3dc68c9887abc,704457944.6212045
debd60afab03fd1552719270,530484238.9224652
de060e07dfb0a5494c5550a3,526249051.196846
3d6815fb68ce959cb95e225e,601177931.1451585
d93f6d8fe212ee3c0f7cca95,530017695.0658452
1ac702e7c265717b34419fe7,521802686.17810917
a157596804522e03efabce48,509217415.1401369
069c529aaef7d7e0774c4a66,548508015.1423496
0669fb98aed75d79f8decb7f,503376931.3759296
7057326ac489bcc17d580883,628582112.1992148
e3d6fe5d97bf4fe851aee9d3,541484074.7431533
f80b20e0649dcf1c16003255,533989182.131325
364256d0881131148655e006,690778892.3854729
0f9c26956bfe983c8c7fc227,1012747846.2082833
9756b47e9dd47f99dbb23115,668075455.3435191
27d413eab7b562b984c5a682,675489359.8032011
ad17072ff24e0fc0e61963b4,683799002.227219
473a59415b6214218a15e363,589933627.3557806
ef72df5586ad0cbe59e36e07,587268886.6012735
9129b78a741bf5e24df5379d,600145604.9871725
964734d3430de94d22c927cc,541209983.4519174
530b25326f39c347a35a8caa,466243535.5939682
482f57e65a3f4c6792775a05,419520363.7864482
738e86beb569a7bf51fbe199,393509523.1384283
c5788cd5507c577b7b585ffa,374958882.65183634
be164f9025f346390b986668,404877918.463447
ea2efa1a857332559120b823,445081816.3604699
f3dd24a17ea51b7a2b0f037e,569142353.1740344
7aa8d04246d3e84e5ac470bc,800486743.9820405
6361330195fa7cdc6d5c603b,802103275.3693049
6820ee22d6fafc9c030cb286,974795158.2430044
472601b5b5719855ae3528af,853757136.744249
3ce2c7f1ee7569e1b916cddc,479654327.3938403
afb03f7cea99023ecea7610a,521340845.33073217
404364fe956884368e2f8300,745420343.4757445
c658639b590415bc6ea44119,576615550.3407403
42f1a529f5ff3a6371dccea5,610459077.0084621
e2e4641b20d81a90033a536a,521800124.1075266
253b34c2c5ce15cbd8b5826d,656124482.9172497
86ff8f274b698e7757ced1af,747091898.2591116
c4aef1d92cf264c548ef1f2f,432473214.98531777
e8603da6012c2116a70176b7,803469034.7814596
52b52aced4853a3e3d7fa058,463447622.953297
7d9a9c3b4442efdb53c24448,458504419.22151166
a7bacd6f783756c9e7cdc068,422894731.9540422
68a00651ead62911f850cacd,423863042.2915293
1e7e26077db3bca2821a9b45,494753425.76205134
8aa21f48a83be25f924f85c7,451979062.18793225
48107a1dd2a3b027637f250a,467905760.998625
6bbb24fd1b9df3df4e939fc3,494053769.3094904
aa45f8fda8801c3b4923f4b6,591528930.841077
ce164af02f76ab3a68b0f980,565286103.067577
c32249c7c0819b1a29fd611b,581378046.7601662
f8d4ec209ad5fa5ba4a68e56,583940461.7305485
cc03087e0f18d59c521b6ce2,594239571.6084495
fa631a714774fc22ca15ec10,631751371.585819
c310efec13e312442f7e1a01,727650415.059232
534466a857d28dcc598e3a49,924566531.3173984
4a81bdc14b5bcc4c84f5ce4b,427405191.54203594
79ac12d8436c07b620190b9c,454780897.9541651
f69962045e9aea6b8200888c,454693032.26227224
9752758072e096fce6f7f4cf,438781276.8054276
56fc1855dc6375dee0506133,543338030.3350811
2fc19f73fb877ed8b88a5250,479312980.6345812
63a25d279fc5a9e8fc1dfae3,424451604.3825002
71978c139faf2a251db6ff5e,383421731.5655584
f4dc67569fd340be3dc592d5,505498487.9137405
0b829c23806ff01a0c84e9a9,516276073.4918228
a23ff4d1b2e24f537a75242e,588465244.6734928
3a103803cf9cf0451582d89f,447606682.3502096
eff8b3fe996b6d7db10b0263,558986201.6949517
9d53330b44c300e396cdb402,622699648.7113217
301b5da33d32c0632b16e8a8,670370478.0936462
357e653c4bea02df1b08c62a,765555743.9180129
9af17837ac2bbe7c8ba16e0f,450110496.1903843
246576e24f66d495fe0d509b,541541049.6510191
cb70f4993947b640317a07b9,562024276.7589793
949292b23ece12b655122038,423681956.888638
4bdff22689954e5b1e575d30,633716533.5934603
7c69d43fe2488db51e6c8da3,419960441.6658803
6f543782174a964402b64de4,724870104.5094918
a59e7f0e0596ea6633781335,630989824.5537202
767ae7de1818d645a33749e2,677764071.4200436
e667133c29f90c8fbf30ede7,428013545.7924935
3fcacd1cf9770a2724a5fb01,574295205.0652548
601193433c99337fe806b158,534441070.4381305
42c282041583e6e2090b50f2,806951062.7946208
3bc80c56871193dd782696d3,609173374.1594515
bee9de3e2817bdd591c02897,584875202.2779837
0f761aab549e7f6bc025ab0f,627441607.1714694
3b9971f91bbe4b8dcc704ba0,798917459.983865
8f428b58a5189effe993ca4b,441575330.2812664
0af466463f2cf50d61315da4,701081525.9014477
1a486877c62f2aced41a2ca0,837611558.6482649
c9fdc3f80534b32f1a75f530,703906659.2468308
97419310c7e696dc8ca61f7e,798089400.0882107
49d9cb2bcc98d69222b03165,883080235.917994
99fa9611d644cf325e20e603,893602080.2033162
976d317efade1dd77ef3687c,444214799.96889746
b9bd63208716e4e0f2dedceb,456952438.30554175
834263730047f308d71d4d8c,568873962.0010693
d6bf8bfc752bf4580e99794f,694942601.170781
58bc2b0acdb0702732894fa9,452777607.2801497
c3b8b774037044a2524913a6,575392386.9568276
eb339d562b72b3bf51073cc1,524883564.6259899
c8244d916b0110b1acbd38ac,630912955.5278077
65bb6acd9be0f8d95fbc722f,765593971.5696775
5644b84ee2edcf7267b2189c,701689672.574571
22eb737351bd0958d3e60efe,902548543.0210038
0e2a5d040f6361adb9927388,648242659.3675851
be9f5ade682aa1fced79b068,621104453.3806354
8445e5cf42307960535a3b11,557443194.572592
1b002164d34a71bd06e0445b,718011801.1087636
c80f897787541816ad63bc17,801265678.8200945
673c72783eb4f9a02c511b83,814896561.9158092
3b29177e99201cf4eaae612a,818447321.1040419
91c5967cc1acb3f108d6e0f1,446866912.9618612
334b5b9fc68a18387ae59ebf,421275750.7353642
c9d096d4353b8eb843e793d1,590681963.4020683
92cade7b5347d1c00a48a1fc,845498669.995019
1d4bbb5b756033b4be28643a,866800775.9971162
e1eb183eb261b6de96e20a56,880864839.2702724
7ea8da3b1481993b14bed9d4,442441239.71649736
78bb43910ad6ed105610d9dd,582218724.3638815
32c1f617f2b1f537ef703712,755398180.5556195
a7e6d3c76bb5507e00ccb501,569659643.6443017
6c75d7867807d942c975079f,722120129.6610034
e9182661e36239f091259232,439930708.28345567
c926ee21c2bd9da7da193514,412490880.6819332
27bcae7ffb9f79b8f59fe1c3,456635848.574852
6cda1a7622d5577c0056ba40,640636361.7460593
67c945ee31cf1fa0a874e4a6,472598370.7560897
5a8638c17d14ec4f6d447b8c,435266894.10131407
82bef17c2a4db1f6dc6eaf01,644160116.8933583
09dcdf0b8b37c1d537b9fcf8,530785225.5366613
2cc9f2411f98d0fd41511211,494220547.1030731
aa1eaa63043c5c29ab6a1323,581327622.3596096
35b03ab66c19ba2049ddb9a4,565168894.9510702
90470cdcdd2b813b39f28ab3,592948190.1045473
ba187eee3858263fa664812a,629560409.6517217
c06a1d212fed896b6ee4e1c5,678943488.1497458
8a8c8f5aa68c4e530d62776d,597854814.3829232
662a221bbbd961c285069c49,885868331.4812984
ee796b35e39c7beb6aee2b49,642794278.6296835
53de17a986d62a44d7897200,630962113.7625312
68925fb9f8f0c84fa0ffa9fb,621917862.0668513
6a6d4f8251ff961609019ddf,402667607.0120229
3477646f548971044f8f0494,427651821.2845187
c82434222f4129168fa82e5b,466844948.2941885
4c00508300f40d74c79f2596,552298697.6005032
27bebaf73dff207d7f6829e2,488124256.1866062
d0ba7b90f6ba3392a165b46a,1068335409.2626859
61974f593c799e5d5090c067,387333260.49807495
c08b016afc6a07105d7703a2,479754491.3598675
011c2017b63235bf0ed3f241,428390107.1265359
7f73a8e83d41ea252ad61197,427876958.55618614
0c25a552c34e114a1780739a,412148709.0682552
21e96ca8dbe2f12b55723335,497641736.3730918
30f6404e8034dbd513aa8a30,505364113.51768035
f2fce80439462bb9231d7fba,422453194.334185
40d5384e2e8f8fef2032928a,462940158.1663366
95f17e64d2222c904a7d42cc,497384025.3551534
59374f70d5e7da97e3b8b35f,993327385.5274208
ba30cf03fbfb0e36e5d415bf,953983267.9935474
c2424b4861f2ef50f8876c0c,665187573.271654
e7def7d0999433ad6d3ea412,927455519.0715889
7f1a4e79fa92196101baa7eb,757117010.7585179
37e0fe114a3c7406daa57443,561282726.9960079
897c0578bdc8d59843bcbe38,441374385.20638907
7e554b821e6955ab259a25f3,424805661.9107512
23b0d67dc2a0ae6e5ebc9eee,432049993.9699953
d43f045d046fbc8f5ecf465e,437132380.8587914
498d632cf0868a8e641cecb2,421234337.4477609
6b9bba3c6afa1f999a9429bd,438350027.55788934
12db154d9d29cafa574ad387,383673199.57351875
61779f1bec05260cf10a0d2b,437132380.8587914
986defbe9082519824ebc882,751455018.8266453
f72992cff50931d2e19b3ccd,532793646.05300176
0e2d6e5882fd3b4eeb9ef286,622843722.6921427
9702737c9e4ecb12d0f9ea5c,507615307.9838623
c36cf907ee28017eb1b40674,528736346.5198189
a7ad9c8b5bae531abf68f8d0,532793646.05300176
6f3dd53b0935c9593a301bdc,611353880.9852972
11f8f836e5626605ee4b41c6,841014103.1973702
16fe92ffdb7e1aeefcde80f4,552081627.2052479
c1eace64bd2c9f6bea289c4b,654539000.7703577
fc2ac43013ba8ab17da28041,623283594.7936426
5e6b54654c98c2517c2e31d7,827685813.0611447
f0e8b39d2e4644dade9d8954,708181656.1662083
22796587bee45b8f64ee6e44,697072844.7646711
dc8c76f5b3977f90839918b0,620353075.1013864
27663c0e271e26dfdbf4d289,648353394.6808761
2fc96ec5fb2c8dec0a5b09ab,827685813.0611447
49d42ab711abd95fb5947c0d,669464703.7428927
b8984fe54819f5fcc43860fd,650906633.9997722
8d3f4ec0c37443eb3f953584,838406790.360778
001dbdd202e9908ee42713a8,741261039.9897934
fc5f41aad1b4bdcbd8298037,615010938.0959333
34926bd7f9880e277e75a447,659850847.1962026
00eb120ba4410ed8efa24a8e,516942517.88885283
eb0c6a8231b38b2a1e1f789a,725368042.0775996
0f059b39ca45bbbcb996fa45,695334434.4942746
06a5364639452a9d663a2dbc,495837666.8507734
cd19dcd4aff76caaa1cffe54,461312945.3100709
7272c3521b7083038ff0a690,682426118.9022524
a480b654e1b8b7134091e613,1111546138.4556823
ba24834c9fb0e87c4ea7d1a0,692605293.6261799
ac46e3eb688cb1cb17da2545,889074949.5329558
3053732169b2260529f90133,444250113.3130014
ab0c047373b5d1810fe42bd9,487341246.5358139
698383c101fb784f8e1b1ee6,443507257.7940917
1b09c89b546d0058cb09c1a9,832620538.1843323
64edef308b6a9805f0846cbc,926175231.1925792
995a5799d9a1a7e4dfe4fe34,915811686.6812298
d4f1fcd4c20dec55e977720a,999750345.721718
21264b5a73fd27b85a4e2654,579136369.2397102
d464858ed94a1a74948f479a,622019148.6167474
dc420bf2dd1759b7f281cfa6,939814240.2241849
0a268e25a5f3a0bfd8898a40,366758122.2055739
a3460f00d48816ef66e3acc3,446630203.05043995
9559637fc2bdf96defd2438d,753732012.0330825
421db6a58670e53f563eb9ad,601190389.0751553
7b6322fd5810990820167a23,451224556.0773422
17fbebdfe6bc0618ecdd247c,783980111.9821947
00f2621035b1969d53f03fca,793291874.316592
e97c998a6a0709605432ccb1,421120428.15907645
39e306be57a992bcc75e089a,400315486.7835901
55d0225b44a81e82eea3efcf,799815674.0398896
c7c5ee499c712082931032a4,1118215496.1312408
f15f48d4cf4f85a3cd68dfa3,433200245.7591046
01db5867a69f8ea7849d69e8,786679139.8075066
7c29fc3861c9f074e3a89449,661067061.3637633
5ae2fec22f535ec2490174c5,363339649.97800356
a6731fb85da65ce14468341e,420036375.3387888
4e327acca2e033c3fb305c5d,548087318.9623129
37b8e8a194e4f2fed7ddcd96,433352422.7569771
a8dc954142c54e570bccdca5,491091232.5418077
b427d767b071c3e5ac2a078c,437406641.6518437
a9407f510e67bdb27ad59b46,473989296.1342443
ba7120c89c8de0e57e30646d,522640472.15088964
4f5bc448658287ffb3d49b75,711157939.4530658
758d9f47824eb74d1b486024,1048419144.3027011
84fb7e582456d7409f27cd2a,781093572.35197
0a6ade3bea1768aab76680ed,1046144211.5685374
f6e74a4b1e026352e5759b2e,711351968.9666746
639b98d0798b5670e7bb2569,911370570.187149
32ecec7d5c47d02969368779,433623328.1843245
cac82fdc4d960947bbc590c8,400960537.36249995
c2b880a6bc90cdef9dac52ca,643221944.3849865
dd8eff6162c32ecbc6972509,431676466.6694801
6e2f79cf68ac0ba2b1a6b0c4,962705371.4700127
a904fab9fa4f41a11f673fd9,764560496.3131317
bf11c5dfcb321e020601e9ba,895175090.2823547
488cdcddd0938ad0205ab8f0,913277347.7890601
b92929668e884453d3a0d633,479517651.98694456
09eeb116cb0944a28742d282,517144168.0883259
c16e9d9444f85bdfade710a0,613848149.2704672
c15cecbbe717e72f09a84271,598061462.1550226
0bbd23df46a4ea4e4734b680,480560803.0729803
de28e62bd01870dfceb5d78b,549284270.086052
92c4faf0ba1fbac44db6d1c8,659443646.7508103
91892eac5e9565b12b2a99f7,634586396.744612
ba72421716765ef6aad9b4cd,836194119.9477307
a99df3a2cd4f2346c6e903dc,377545968.21154934
59a3b1a44c35ed4936cf7843,527949509.18802255
cd74b689350ef612ddf1b96a,515732361.26553464
5664cfe452394ff9376bcc8b,418383989.8477438
d4c6dda51fa949743a46e835,448784588.4878313
b7f47484bbd8113c62cc8c1f,491681375.67805797
d4dfddb6564c9f46b26e7aab,497239742.95831454
aab240140aa4b6602234d88e,644826086.0158328
29671ce02e285f69afeb3fc2,841022985.9954722
5cd742ea274b4a8832114080,617723869.0653721
c876ed979c9127674000b740,592688727.238984
45269f56121b796d0392e2da,1081703083.584951
e981d4fb3a33f372ac26901d,1067538314.2743034
2f13a428281ffc425f2c2e38,421903397.2836862
407e4196114b64578beac143,568758581.0518001
342027b17940a0cc5cdbf8d9,820410667.9911925
dad2bbb0fe138e426000a33e,545914526.6275972
e77da26aa7ecdab5505fab60,551506941.8773247
8fddeb4ca696706f6cbe573b,665299134.2634541
fe368a7d2e09fe88b1b972e4,447055949.39309293
6fcea2c6b9e39576e10581ea,578080619.4307791
91d35b9421c4982b54dd520a,559721922.3054706
eecc82010ce9803ebea6dc75,490332115.7753566
b957548768ef014088a61b5a,419941999.78284276
5790e4cf8102dba35e184ca1,552391926.7525955
cbab68c32d78424452249d9d,617745420.0056757
4e0b293ec3d5eda7d9fcf8b6,560720892.7120572
1f8742e662666147955c9872,529193620.1422129
aad38b9f22ccf36b0fba4e7c,611857655.144897
44e9224b9735235fc7271672,478372182.6907782
b61e9e4f3a2e894932b58ed6,688719265.9695327
2b36d2ed79caaccd687f2ab0,564808632.2420448
7bdd64032a4f011bd4fe7df6,437551667.5089431
0890a0d20f33b9af2bfe488b,446556585.8703236
ea7c9e327eab66ca286f6726,486459339.24175715
98510008e150296ca9d27d0f,646563511.799614
41abd8a2cbca609cf868f227,757460084.0828832
83196bef0e5dc6c981bc57a9,622371541.8202547
20289e986c1959f0c83a6a4b,687347295.6295652
fb39ca089d05381b3a7ba847,380359015.30059814
d2da963bf6c2f6fe724be23c,968741112.6931964
670f7dfbe2eba87e55176257,789825724.557173
469b33a6f153ec334b6123d7,494500797.1476636
c38ce4f3763795c61efee6f3,459439974.7655927
8553a05c2b30be81c64a6295,947723089.2788221
d8b3a1d0cffc913ebd05b931,881646417.133271
f0fb8232343d235741a20586,914660019.4507865
887d749eeaaae288b2818b86,641776302.0075258
126f4d890004b8035a7de091,833530385.338655
7d157359b413e107f5f9cfd6,622024805.1757357
65010e340fa495d060e32f7d,553567525.1662116
8164023f628f550f322aad61,460493556.5420163
8c2423c14aefa13d255fa77b,495859358.9351247
e9772a54bc6638c723dcebdc,614286917.0883596
171149ef76fe0a2074c5bf69,534996991.44591576
96448fa0eb077563a2d168ca,534774072.2609531
3bf1bea2a835d7fd11e47ce8,392851136.1648994
2f4b0b1b81c792f43f4ccd5c,392851136.1648994
086540702ba0876c0c05c5d5,859526402.5618906
57d17db2cc5ce1aa889f1f50,734891567.6120425
3b6cedd9966332f0722208cf,495388575.501675
351a3e1b62cd51d46913a8eb,808986124.3244565
33b702ced6de5f7ab8b29e7a,490803653.09252965
e0e6852c6d6393d6d3719131,818568101.8807156
bf5e687721e030639ec81416,479776062.71734464
314479aa7b73ef6ef44e1c89,490911220.1757963
822896f609e7761b58e7f6e7,499349541.85184926
5b6f21752f3744ec6e529d74,603210552.4061198
5d91dd63b6aef851e0c78389,488420744.3046453
0a369278a1ef6f5e9d79e2e3,489653217.84868014
7523e95fc2afaf31bcf30979,865337667.8806338
cb9de5719b978a78c71db699,590052791.1797866
af8c90983a23ee15c72b8e22,1014326448.0585045
e35d8f589e6b1909f5e4132b,808806494.131312
ecaa5e38ff6cddc14942eb7a,894966502.6326916
d2eeec3fb1ee4d686758534e,803408837.8852781
e97d03ef9638c8e1d270ed2a,382272941.010712
cbd78f55af1db4d89b53b496,401603856.6757682
1b2fa2ee5927660313569617,821305161.8908509
f7f00e13da4910d724aba4f6,482686762.10026103
9a6b77dc2c414f0baa11effc,428649423.5472842
bd4d0b8799fa5999c5d2ee3c,812723047.0889179
bd6b68abb113370c35786557,757034902.1686066
4da8ef54252a92d9cc62c174,703958606.9820471
38d6c2a9beac610279bc110f,522281480.7169685
32e6518755191bef743b28f6,905340310.582251
4fd8d01a5c3abb90ad70cbe6,756827192.1412522
5d9f8f380a6434096a0cd906,441814094.93223923
724c854b1a991f060701d005,431242936.4743457
1bd78ecec17b584e827dd0f9,407772175.1074902
7e6f68184d84e09cc9ebc09f,511289855.7450088
c0174ef555bfdd648acf4346,437326100.50652784
6463505a740324c7aa869d79,734484047.994337
f239b7fe0de40d208c01c45d,507623976.72373664
bd98add659faedc1820f96a0,466337273.29918504
ad662354d28a9b2d65f537f7,725309528.8856441
8e8852450fd5556f748c98cf,537431088.9322519
8fd5b95f5808b4676043de35,561745558.348854
73a23c9d154fec88d396d2a8,551226905.0782788
374ca1a16b8eba42b35374ac,561202205.0009571
ff058f978e97c389e7a31f6b,630456031.2350652
9d7f2c004fd359136a662c9c,563630386.4948065
2cc0129b386acf9cdfa4eeb3,561919552.5755887
c139bf6b72a93a73155e1f5b,450285393.84143525
0c017cf9740cb67d530267d0,486756243.60262156
44ff213b9cfb3604b7e4b66f,493647558.962357
a09c957598e6cde56cdba03c,564010286.8500367
c846d5698bb295697186555d,550842025.629053
a84cafc064a35cc0ad698009,422883574.5038304
ecda0d714f52da919223a520,645362908.0116116
b9398d6bec5cc44fa39b8bdc,661742031.4274403
79d230806fbfe96368b83dbf,822061515.4680623
a28b1d82d3f7dbf8746d5742,926384727.3793116
a6555836840c7dd496ba9094,589229522.0191301
83ce7c2d2823f888f2e06ea8,666042517.5980941
631f4c509de8dd64f1c400db,658218789.4011033
2afd31619c21dc537e4797ca,676546620.3621533
0be57099d9c3ad8a16984861,713466893.2860867
ff29f12bbd7ac4b860909966,825928126.6242843
d955edf16ddb9d3f59501a9f,933258698.9543447
96298da2f44ca873f345867b,559904403.1600612
e6396355c1249c6290906b78,828860175.7624396
39f9f736d802b166ed688224,637672485.8682168
38a0fcb41f0dbe8b0ef7af8f,651255652.9832959
79b955adf84fb2c52381921a,493913454.4682726
e335b8464a61ea0781f7928d,745646637.6152606
71a929d79a6cccbce6ac5d79,841076579.635014
41454361857cf70c44e1f5ac,477000403.9464029
a16ca6293e2ee2969f3334c5,1005519116.4623176
4083248d3d2f2bbf9589b971,902118373.7027011
de630da5e1c9e27bfd94efcb,1013001204.1944122
f2a4f5010f3da37e27505ece,468596831.2323821
53647abd1d1b10c9226eac73,443463172.95339906
e51873d6421addab3b539dd4,438149587.9244344
be8fbefb8e06fe169237d4bd,496735845.7875277
257c889187ad5de900a430c9,542326399.2871749
3198c4acc62c1a2276bf15de,562114257.5395136
b22350d505b87dffaae3a5e2,665890594.4016422
49ad389014995f0187edf726,572436737.6253607
025d96090a8e5bd6f786e9b6,436805560.88039666
4a7156189e1f06b0fe87a7fc,431204383.6391608
e91425bd357561183b935d27,431274154.3097192
c9d996f458794961d9957c1d,433134592.0593118
084de965e32a2a65bd3aff5f,433134592.0593118
880bd21afee7038459b5847e,556999785.7623417
2dba091723891d8907905a74,590413292.3736897
a39f9fd2f143b8ce1f7e1277,431243757.02229136
37050aba3553f3869d59f809,686609802.637189
35a39cf33d16f8f5ff75fd6c,435008504.36953825
7c463a59e7d2f2b4bbd07e12,428141998.9279679
035d955df5a765531d1d0d07,496429863.2783598
be706475abdfd64aabfe45fb,430021957.9522255
bf41b26c090dbf0a19252e43,892831822.6127243
21aa860fd839233ed8b82653,532611424.31501913
b870c8bd8f95426a7e1f9c88,431356657.667477
c5a5676bdb1698f8c38cdcd5,501080475.41507334
3487768de3a13b7ee3df0254,811227183.6937302
dda7a886135a1fd8106d04b8,796109298.9380504
ee102e9d0791ee82ee4da2e8,554652387.347505
1d4891dc27e0050efcc6c403,538034115.0985041
dc1fa8fcd0ffb8872d434dbf,632987699.8737888
2a5f727304ad67d1cd269361,424455735.1899404
2b10af4fcbef695b327b7d0b,753265407.0253285
516881e914708f6ea6062ad1,449791172.32210815
5a428139d5ce6bbd9505945c,534949210.9759536
38dbf1b9c5963e9c3d008340,816010425.0821029
02c6e8c7f36a2c68851600c6,596737275.7481613
d2684e676cae87d75dea5ea0,521287440.44512564
027947dd01dc991ffefc5082,437256911.6890484
0af13e27cfe9b8f237a9949c,688446055.0748044
32421841f7eeda76160d7959,488981548.9537993
96ad0e75433cc18f20ed83f5,707427880.7004203
b387b5eebf501a620f352504,642227089.4710861
8ed95f9bf057114664ea441c,439412436.0416645
114318a8e5822ece53ad897c,509991302.40569425
3bdd7be0b5e18d266189d991,609169816.5976568
0d2c4bbd8a4dbeb6337b5c14,628062835.1668746
a98637742a212e332cb5d1f0,630916220.64544
acbec9114912932b9cbaf0a3,541733531.6440356
fd81506b0a00fab1ff680b64,494753425.76205134
49e531941384af389b0aff59,435253240.2871957
8f221efe392ba42b519e5f57,594239571.6084495
1f33395df1e4f6a185c507cb,494511660.0118655
fa823373d2e7fc9443ebb6ff,697763696.0602584
0a6966f19bc2c303886ca82c,467905760.998625
15d9a0353ad54798ef95e0d3,633418392.1549581
0d95d756b838d3a319277424,519011244.7444885
d644b23e4bce0e6e50ab9356,791684160.42853
6dbc77ad8c5c1e39f72cd2f6,654651498.8261797
2fb5206d246ee7ab22fb8143,591528930.841077
f1582fc47e7b8c0eb0cc9949,688156751.1469158
8d7dd9de4e919fec5916862e,921036322.2577732
0b67da6d74bb3998c80893f4,450043235.946611
736d25efc9e570379d32c089,727719111.5526189
4615a8a7af9d7cefc7fe4c4a,873166752.8318769
8b753628bd37b9759dad06ea,424437831.73234314
5c7c83526b72ced12a08e573,498699086.9685057
9baa578a930a94f761119fdb,426949408.402381
8fe1a07cbe9b8f3498cf74b0,401712444.0271973
67a7cfe6e95aa5200c064717,618006127.0988078
b7e3b0c90c0d3bfe5befec54,522754705.3399565
e6a547b2c0d126c9b6800515,781596673.422756
b08f88ef973c9d1c3a86695d,711411716.8851439
5933c18b8cb17cc6e4ae91cf,726805812.3949075
64a24372d58a2cf535c3aac0,782403864.8542908
e6f9288cdadc5851d29fabff,974487820.1699865
71ba2f992908a5f91f832406,568624234.135765
3af4b54bb5ee5fcff80f1e53,437182430.79835373
40d3f1f00de86e74e0304bd1,477949330.7677617
3b758c26283c2f11251bfb89,893621118.3780385
70cb6337c8c3f5225fa80026,652563860.5724468
0dd510aaba8036e8fd9d667a,869299824.3995191
ef6ac2a5102d7be910a3e4c8,481595799.7024739
24c32572ca6161a603a7d0d0,382690355.185002
c7be09a810b9e54d2dfba4b2,525303778.4309525
01a5a230e8a808d844e64397,804478166.3487345
5ade8e9c79288d511ce1fd79,552731199.572458
7cf50019422bc9569a985736,836445993.7243211
d4716e228067a7bb0f30aa30,647389447.3178272
cb79e02041eddcfa9225346a,782478772.6057386
b059afb753452ba358fb432e,1094257681.6709692
fd9f78fb2d2f4d01e462bcea,854730960.8923135
6337f924f515625e7fa638a4,629712162.7793136
3adcc2c662c8c7c9db5f0982,645240708.2567637
6b7aff233052b9bcb6b9448a,785102865.9805323
cc51811e23409f4d77995768,452407736.5820709
e3cd7b6dc0495d5109086407,681630224.947279
e63f468e1d9f86530d47ba4c,406800750.41187733
8bad8a7faae115ac9007b13a,637451347.7838174
d563312854016e9115d034aa,924729936.2867466
57c7684f8cd8d78909711b53,480613260.0639004
76b8190137ba3daa55db33a6,456861934.87193686
2bcc6a15181273b2fad05e3b,577955481.8820359
b998aeafe2cc93bbd96dd9fd,442236272.7632545
eb77734d12df7528af57c674,441401276.62139446
e8df85384a1f51c31015ba08,614987685.0181475
b0a03d567e287bf4cbd7bec3,437100485.82150793
dc8bc7cb687a3a42b7e7d5fb,634979315.8065435
147de03212e554abbf3fc3b7,488323264.63429034
c09b8c236316b87a92a620b2,719268518.7705834
f5006b435fc92111d55c0603,529824311.1847598
ed70b749e030cc8715c0eba5,562410896.3058261
2a9bbd878f3f45745d76f059,627067414.309201
503f33d11f75b6b5102ba4ad,392191995.10930836
41479709513815cf5fc1eac9,533688007.24999726
0181972aeb6bf451012a47c6,714239642.0152019
0b35c4a3f20cc0eb751acbac,417322798.2404001
e5de98822287c2caf8b209da,652697191.7344866
f3d82ce1c6fac06e4997f7ba,485890213.93732643
8e17d7d78e7acffdcb04d982,569047661.3339114
f1e7a0c7804083963b5b6de6,448555151.9994121
918dbe66979d16b147bd3322,451791081.7504659
35dedbaace193598c9c438a7,394741622.7327113
e67fa931031bed13c711ad00,483738506.1081575
eb2bbf82cb615e3227305b55,443086121.7732278
e8d83f7dcb876d5d05ae3e98,485131900.84685266
2be93bf5132bb788bf045c28,422980763.17369014
ac2b1b560e8bc4fa1deb6f87,542313518.970139
674ea6932fa9e6b7581479dc,638312434.0007678
4893b21db2d6aa4417e1cd1d,870819347.6030688
2dbef742d0c59d21ad7392e3,806854541.4037943
fc16776abc877decb82a5954,962711035.0327278
6f84d405f419590075610c5e,493837253.6716037
52cec2691ff635031fce9507,436957079.28148794
830b1a2d33f7754b9acfdd82,488136965.2218417
fa908c8dd43fcbe9f721c0d5,844573550.5417374
90c3b93badfe7231410e95bf,609108580.5438215
60a495b86d6eff1e345ecb06,632181063.2979017
0468cf58f40372acb9d5fefa,718223703.9103318
c523380518164e1e317cf1b8,728023464.2859806
142cf530f13cbccc3cc9d0a6,667999829.1757282
e0432ecc0c1fb2b00b5435af,477647019.245064
3af3a702988bfa0599727982,647079448.970399
99fad8a7877c57c0af05b318,529448428.8963073
b57250de388b7172a39dae8f,772091202.9976257
42fa0158217c9cb820f2a06b,581034666.2075478
8fd452d3f5f1dbb3b65f5274,592155647.294359
27881ecd655786b093349ab0,613810220.0101944
38029a1aa22c0a5beb065edb,604160482.7377075
6750be41e08a725705256b0c,905013521.7668043
90bf218565cd67ed83240033,982564942.5521731
c6a089a9bb326c22e3f3aaa7,655845098.0631894
ede08c77d6090e0900654eff,926233486.5334305
2f7784465c1c69c8f786a0a9,1090667571.3086982
5943151d9a76010179f6c297,428025677.7806015
82a3742862a06803242b703d,485404837.34464365
b815204eed4398e600b366ad,605648042.285552
11c4dba68fb47eb9c49df169,445446549.43283516
4ae7dd50c6b743bd47340f20,579257502.5285337
d81a040e22d541a74122f3c3,407250245.4264248
34c84d0a410920c303ba69f8,443886658.81374305
6b0828221f9cdf5cf39e7c15,426749558.4113934
c50d5b4e75f165eeeb2eba97,601625534.3545296
572488a9a75f64434dca5dc5,527113871.9890741
0e67ae9abf1e2b2f66a91a28,598374932.6121262
cb00154afcad81df60ee58f6,600484997.1365956
75801c34fb510d824a7d8366,424560293.94632035
98f2d7810641693c44096ada,538416152.2059023
1fb4c88bbf995f77f2f29b7e,547906147.518048
0abc98f7ea1e477c6fe3425c,756750202.4213747
b3401023d3097815687d1160,720816292.006671
f1ef14babbc4123c5157eb9e,483855522.6367333
ecf47573fe1ff641f6914d0a,997070822.4828472
0ddd21dcfe89f72e2246ed79,493325042.7609222
402f18888d480f5af146daab,453845664.1829374
61b3bd442f6fc8838e2f45af,444569558.34679854
c4eccc400db2dc9627c9879f,502336778.5497311
ab38b4fae64ab90a55b5a403,585383048.6746649
7f4cdc01f9086bcee46d1d6c,608211624.7161489
1be9d865ac8d01f0378bc148,1004586354.5950172
f2f43244cda8e2f5219f3db8,614934492.6069459
89ca905d858c7731313c82e1,649693669.7363819
5bbd0476c27c53e2bcaf9462,698448320.4376608
7e177acdec9c0fe684d8fe44,677015046.8822715
b764bb8ae8ba0d736bf54f5a,446791635.3226774
75f6d6beb64d846d965fa9ef,709735077.9425105
b5293710d0cd75f95de001f6,358987096.3568419
8b8ec04a78d3826b2c8a5754,619574222.0054213
e35579e8b9b24dcccf93abba,403191251.8960788
db5e320f51680100f1ec06f9,386065338.48341525
59be3c447844f31267366cbe,470751603.8550983
0f3b424c398a8e8b53162c37,611761828.6422741
57f4a3f6fe2e41ad97116002,565174928.0758572
1c6038b67a40f0749a72e6cd,557821287.9525532
e5da0e3919341762d5beed25,564483698.130004
40efc0dc313284d3b57492f9,620620511.4572079
601da8fc375ba0b3df3b38bc,975890561.4364396
61a12496ac1e6f39c5ac5d3b,1082941554.5642982
8635edb61b1dda6f4742cac7,947236928.629523
ce12b48120daa5704a4c81e2,382336281.34442776
acf4d60dad7953065b59ced3,830080047.3883507
56e3e7d822e13838ab9f85b0,698121182.9559064
7ea2c18341f69f21b523906c,798397494.87717
dd2396a42097b2e8bce52a72,715369869.8172675
41f99600339a7afc8e386e6e,596345252.6510687
b2d160f54ce5f98f46818e4d,807314385.6616058
00dd36caffef00fcde85b235,777547618.2207074
471bd64a0576aa67f494eb98,880926437.0644671
79e307acac5f42f2696b0436,1036372426.0626558
e65a4eec62e2a5bbfaad5565,630655693.8477206
4845ca0d30483b36bfa55061,579192798.6881771
6784e116d96e03911e2a07f7,438429800.74346703
4184fd9a546823ff1fea0b74,439267731.2734093
616a5485bc7721ecfcc21c70,406261743.1618765
6ff3186df9d15b65dae5bd17,412533179.77690816
886706f32695891af743f986,521993549.84645516
daeb02020f23715e663b4a38,488048074.7264046
93fa1c8ebb75b77dea76ab99,603081604.2348905
ab25a6737b3ee0c4e9cf4ae6,615717180.297623
c5641447732d3d1269965ffb,1070175750.1761093
86b290218a62d0c51b099a08,792712486.7289476
d7b82133acf54bd3eac338c1,1138635443.664353
10fbecd8de540f1fe4c57b7d,426592156.1061993
137baf1609138c6ca2715c7c,419274890.55489826
f5534949a53bef05de31b07e,423947551.54766375
466d4240af2cfd09a31cf3ff,447117361.98146707
7478693f3e7e8963e95be8bb,405319132.3406235
6e537e91af0de67558bc1ee2,609941023.9111128
f5b0b51ed49be034c290efd2,572708738.8571901
a4885ce6808ffdb878c41f97,549875468.0138382
a14506a4800c27223fc34728,696956230.5469614
e8e97b7919856f9cbb9ad02f,649834296.1943756
e16685dae2bd3b0a4803ec9a,775577714.7660003
044b8431b186eb022cf6fc24,615587354.6325145
60de8c37c9eb96efc432451e,596150608.3256346
59b88e154c07bb7c0ddb4e8f,694463670.9941765
71590ac868415f3a185dc15c,616756223.7665894
6388b4cfd09e2b1219268cb2,596230322.0776633
f865cd15368fefd8c9d6aabf,692721505.7523943
ffd916080b1019827491de0b,590038382.6024401
6b8ce573bc2ee68ace26a67f,488048074.7264046
7ce704ef5752dd496a61d857,603081604.2348905
6b1a1afa055c15908a855e9e,571596632.3403252
2a9338f62c99dbad25aec5d3,677939240.0857831
c2282da3ece2dca6e8a3bca5,636831219.772422
5e6324cfe41c3676c7d0a5da,587409559.6422832
f1a4afc2e543ce4260f1d781,1052764684.164118
5d17daf3e98cf433267d978f,1146292147.9098291
d5f41dd3258aa346367d7725,429008710.70252717
da35c757f211ecaab20aeb3d,646660589.8292475
8d9cd237c737f6e62092a08e,741359962.9443473
9dd98816533e4ca8516a5474,995628362.5725325
27d14f352b2983177e836e3c,603110046.7433355
3dd4fa53bc59e5852f9fee98,1017947637.9028555
3ca74495aa9adbd533ccfb96,597857696.1293975
dc93d8ca60d60a118f61390b,481895790.9241176
dd7b4c374bbbcc60bb090fe8,522551176.7439529
f925a05397ca6163230f7ad1,656352252.1198435
66a59937c54eff29ab14b474,514115580.96742827
077db8e0877b924d1b57ab1e,646877502.4133012
aebc3c6079c1a80f8b2f1c7d,630887146.203587
ae41a566826a10d5a6768d36,568214751.9727011
489fca3e6dc044412d00cca1,631323171.4217113
fc2f58cc289d29fffe8a5fe0,487846573.66109157
59519bb6d5d299ee0b767224,562578172.0560793
19921a97a52bed6c6b8f4135,718141260.4641892
ae08b7f31e69fd930ef4c832,662456310.3798523
1b67fbd144a4a3ef40bd9824,518846177.07193863
9e142165bbde850d4379a49d,657388352.0334809
d3e971e2e224a20530ee295c,670478158.6212691
a672cd6c8c284e14913222d8,614528618.4149221
93086ab3e32aa9599708382a,834819537.0071695
63773145b1a896df26504b0d,403444921.17614144
17707d66753c1eb0aca28926,427835532.6474962
6a2d4d9a257fdfb2ead837a1,417112948.4073027
f9158cf51f5e9f644349a774,466127410.2193963
c09c39339b5bbd48f349a430,489424250.0024213
d470d84f5d8299c52fa24499,450376410.8398007
9d028997ff036c154c3fda0b,614772505.5145615
40ce7321869b706210eda9da,480721920.9514725
3fc826461ec4648e4f7877da,439371741.52196
0e7dbec40eab1b3e5c6bc665,730483667.4847419
81b3256980dd7d7f49030c78,975012259.8001572
fed2e1459e9ccc06943a05d1,867453345.916701
c535169307e21e5df7ec88e6,440997393.3473509
d78d84e4e42f145e02e423c9,496148322.9790251
3e523ee3a6c2d89436539792,496148322.9790251
5f2df52db15d2e0ebd327a36,534760531.1912889
1c1ff56435675288e78c4735,441406007.04312897
ec4226205a38a45d97f35828,532411430.0476801
3214488a8fa9cf8b3dae877a,677028896.2176228
4a4fe76c58f5735ce6b018aa,632075003.2505116
ff3696c808d4835d6c7cc9e3,594394066.5482672
1aee9081ac4a04490eb3f0e9,528389258.16751593
8dd954e7312e6e6a07d6d4db,571234054.8004271
daa52a91f1fee77f75550246,611032329.4553869
a4ad34eb244e48afe23a780d,446317979.45962834
0b4b741487c001323f508d5d,496148322.9790251
cb383b7a746ed55b21a8b245,590446256.4383502
4b092d4d5885cc224f6775e9,432149038.2550306
ba12305002d24055c159ed34,406683380.84000576
bd74d43d99a240ef4190ecfd,467998181.18142277
4957e0b129c5caf47b026c58,462618148.50683767
eb270972f0f69f1671a0a740,764284525.5451257
d51d3ef396efd4760c979de4,404800645.4230879
ac65d147ee69785195ef7da1,763158827.7808633
53ab42a93b6deb152951f82f,577371027.1747136
5826567e12ee3192785e36f3,798178372.2916267
ab64918f2b2b4646e87297c2,786530413.5002275
88b0d688281db2ef0a782921,630849395.6047965
dcceb6a2073faf9f89f3431d,760527511.3503152
73bf75d5762e3dd30fca7b3a,733765080.0274384
a45ba5d63cd1971de19c25db,927870514.3844775
8467eedcf9a48fee0d72d95f,660643977.2118059
6184f12f3a903658f3319290,516874316.83211714
92ab018394a5398b832d0b97,628303357.7066478
e8e215437d023387c4a55515,614275058.4016072
7b8a6949d55b5bb27c3c6839,742716658.6790658
33f1a7739cb556a78af083de,661044243.19754
39c6bd862f908b7e8088f0dd,519361500.59110475
ae556ff5f318b73d3b29142d,508250126.72127044
e2fed68e0b614e65c05200b7,632560254.4856794
c62a4288a4a0336b1436132e,688768818.6747432
f23b32fa4894b6d59f73c151,787437457.6455046
4ac4fbcacef08524ccbf3623,373445117.04795295
5b5bb8156b98eb51a58e73bd,462083582.786949
53fbed4f9680917f0615ae7e,454175976.9886846
730b528617c2841eea5addaf,548995694.0280113
13d08f7e14471fcf517c204a,489698606.34688085
da273cee807e254fc9aabb9d,646818530.573622
b8f7bd85b61951ce83d7f57b,1128947346.8400145
4954ce465ba712543bdf34fb,427170497.28181887
b7483c951d2c19de665f07b6,419054024.2466285
913cdfdd62e35472522d0a6a,552902788.5929154
be28b90a71e2922437f25110,522251671.0702135
b71857f1cc385219f114035c,447187176.3888666
a72041a40ca87928c695b2f8,552334194.8523815
65a626faaed9d9e3b172415d,552902788.5929154
229bcf400e309619268dda31,552334194.8523815
367bc4fef78a9800f8616d02,552334194.8523815
dc0ac888f1e87924e3994b4e,532239049.91209286
6996e88c10a94d9ee7d05357,523559861.83810043
cb8fbae1b4141461127c97da,833622899.1374686
d2de34876a7a6914c2dc479e,793803454.4005338
c666974c4303d43b87714c62,665677767.2343614
e8491a7994738d098a7aede1,939210988.0483316
9a6440e5318b2de28b180a2a,805413989.949337
9ebe11eba1a88fcb24fcd141,439273844.1333741
78b0f0bd0494fba0293eb0c3,602692114.2768309
047b0ded64dcae203a3015eb,611433253.0393863
7b95396ef4d0e97de8fb4986,767466198.716706
08f1c136d5a456c0215ebea4,782753427.5287366
0880b703bf2064f59f2bf20f,831306572.69323
cfc069bd55e152e40b3a1391,817849097.4468285
0a00771ee714a2f3f96c31a3,560063745.432573
06acca3d0ef4685dc055ffa5,423306531.3431531
f802b026db4bf9d68cf00b16,411959074.2056251
4aebacb9ecd0a117307c7841,874879136.5417099
81ccb7e0255eee6274f5d930,1001623787.4480222
cd17bb739ac79f80d6f651a8,1001651150.1049205
917829a0aba571cbe794838d,500804900.1419913
5b83b73ec31031582aabc527,427379532.18344635
5e18ac352e3f3119f5f9197a,950983262.0013069
b7eb15346797508f47ae094f,640810233.8829665
5ac98c971b9293bc6a8a6aae,779306545.4397236
e196b7cdeab1468d5d4e07c5,943117902.9858085
0ea201bfd515584bbf72f902,767340036.2878976
d2e6ab3b3106f36f2c3fc119,397231451.0928511
59db28ba77489750903261d5,759767700.1863393
b348c76e55613f53c8bbc94b,891411721.7273953
a1e38854d6725e9c48c128b1,395285845.23641145
b86c526fed01211fdbb62815,856648147.3683858
1d2b83d973547da8c168f743,557478632.5160922
0fe3dbfdf25d4b013b842b51,506485797.025765
71a20a4daea6d31de942b2ce,1043054296.6435162
35352b370a31d01748616b01,915810512.2230396
27942219389ecffbce2e1d9e,806365083.497103
62fbacd4e172983a2a998daf,667966280.2958345
00c1165df93a4cfe679f54e2,635855811.2585106
207f669778ed0db0e619ed40,534345119.3468842
5ca0586ab7d20dce5e9ca8a0,640387316.1861584
cc27435df779f16e6a62b0c2,653393120.091898
7a94d3d31471ae313659aeae,578150192.9244168
efebd19fc5a2ab30f2ccedcf,435949523.4278327
8037e40c0c8b20ab6e0d4b78,387869070.20487875
5ae3359bfe2a704de00e8801,484841724.3064086
a5587c93c012375dee920f71,482480402.067427
ee7f7d547af56773a4b0afaa,733210317.3250077
9ed988dd6739eb7ad7aa5a06,818651283.4549775
26c08d7331ae19e1934a22da,741814143.1584198
767024c66d3a88bb18407b6d,701693469.2982545
6afa85ee6594d1c8296f04b2,587871862.7321526
551ca6ad1ecfc7ac21f8ef0d,722461374.4604685
1f79204a8f62c29b0a1b29d5,417756126.65497726
3dc0fa238745fbc31ba88853,408008388.127083
4bc3f597867c6844e9b47fc9,387860058.8798863
53973c17ea7e89fbee5e6cf4,364387424.0568583
05397b2087e5cf381809f169,490200757.1160193
584990ea9718bb5598495061,394221919.46080947
2e7c6a89d2cf2d835839f5f1,574256171.8468913
5c02d79c59fb636ca4cbe86e,449277181.74364275
114436e00c03b44096823522,807796089.071977
60caee98c3cc8526d16d7f44,470163547.6492149
8207612808b5947f2802d2a6,712375928.1582006
31a73382ae20331521bf2e6f,703759966.7289237
c58947cd4f238cfdc0007bf7,1208835422.9601424
a7ee02ad2a4fa122799a2dfa,1037772535.4177415
c77a63e92b9f727034913d8f,561808634.1425205
56c6bf831d3c6737e3844969,567042576.3579214
73ec6f4da3c277958cd2c228,1171362179.8794425
7dcd1916c0485e0b80f9eeb4,929552722.0955164
cafa94c4a56c23ec73ee9071,976488533.2441939
d5ccfaaaa739b2bb2b3d46f7,660160865.728012
e6d2e862f58445084b2980bb,1248703856.4386547
62f96ed5c1e5f28117949a23,428171716.72431946
20d8980a4fa8e094b7a5f00c,428171716.72431946
0172678cb0737e21a317eda4,456209542.2578822
6254ee88812e303bdedb8767,988309351.0289687
a812ed43db71868625b351bb,906200644.8549066
2bd1c70db60a44d4400847ca,980433284.506538
b057dd8a9c2082d1a78cba88,412401705.67780364
2fb149a70fa14ac05582ae69,461815758.75604564
47e282cb12ae01243d713178,420974957.16171736
ae47cf27964393fd56a52d7e,589064228.5449468
21642991a20d6b0d17dea2bb,569126120.1040128
43b10ad2660d7552ab6c3b10,607782919.5705183
64e5093d6bae57e8b4298123,830567511.7503655
9d8d3e6fb432174770c74e71,745619819.100268
9f2498c12d7b41c213bec0ff,427183446.5474574
6461c0a03ad3ecf2f8112759,621795679.1436629
09b15382686c42fd89b24285,931465216.7761971
da846b08fe2205d2e2a3dc71,606551445.7432035
2a89ac6511416d0920f1b9a2,814120346.2501049
3e9083411c44213130b2ece8,506661126.68889403
0f0df5694eb388d843e1f17c,434106318.90071857
ee6a288e644183bb191a6526,415125408.3260025
8f570610ef199a3ecc49a0a5,625062540.8525931
3115e2391cc3a078b5e6066f,753983550.094097
c7e45098251c687efe670815,457427085.1631404
8a3b7f5a8da339fe19e8f138,443593431.6665423
2f801cf48edb712627196b2c,563090219.6927366
a147a8c29757c5d0c592d347,571875701.1159606
86b0aa633bb16582bab5640f,548803195.6854652
c9620e3e2dce92bf95c57c6d,648612180.9967142
b746e4a5c9d04cf4dbf887da,607007595.9810581
915842a8a03914c08a6607c3,485724955.51797795
e9e6e054c1d09a22b7efa20a,559260621.4338716
4b6fb9b705d80ff350bd620e,473650665.1266784
9a51784f33b0cdfce8312163,581584314.990644
176c9a90fcbceb91569fa3e2,825999445.0917903
c97e70a767a3661c4869bf86,609032268.5715982
a6bdb6221b88a24c9f8381b0,472354300.41449934
0a1e6a95a0f9598150c121ce,926973126.5232239
37d12acc69d0e3e92420e62d,660423880.3547235
d433ad6c3cdbd707e6839082,704833403.4311471
36bec92975612d091a3c78b1,542944190.6160121
3eb97ecf8069775b9104af85,813181193.4743891
9aeed339b2d916cc89f38bc3,592315883.6596344
f404deec9ec16a8460397815,455560737.8323607
8a0114372706f30bf6867a2e,668322807.1189027
681e772045fbee930fcc9ff3,999118458.0937498
0816f29a68aa35abd5978e7c,684647274.1238823
670fe8f7b8ebe006885b2777,732969218.6880375
d36dd340e5875df6cba999ad,677141467.8254544
8ae869c5033c248f881ac313,947148656.3622965
294b04da3eaabadd55da9c20,1038711751.3984241
17b360d57782208f5afdfe4b,869270145.3993433
88ed5ebb575d026f8d440c60,456965858.17999357
e611a37562f88ebe07bb28d3,468056344.42826796
e685650979374c571dea2ec1,434055282.6929198
10d47d2c73f0ccbc97979bcd,510258578.8921352
fe96a7d758a874b1f0c42145,465490006.1218963
a7634531887e969c9c5469d8,410347400.1233866
42f38b1b2dc077c88a746c1e,470163547.6492149
25e832098d9e6e7c2f9afe2c,487214674.12581205
b7dc47c641b46ca99fb83a0e,668553475.7712821
0391d158ab104c5cdba31872,832390512.0636152
a3c4d0ba7b85b9a6370e131a,894418907.3821542
27721beb237824844adbc289,882350978.6282303
6e807e25b64bf0de81f51c12,922009357.9406074
d2637d64e4022075c8f539e1,839365944.6113849
faedbe92e3296977872a4aeb,1189532238.9421923
5bbc190cdc5ff3296801ac0a,480278997.3817228
9b0abbbbfe0bc85686304ad6,431514428.90406173
f8263893418eb0752dae48f3,432583843.7792201
1e73d6064abab2cccdb6610c,432753580.6753943
c0155096575af5fc8db843cf,365246830.8254203
9c7f7b0ebe440f60d3bd478e,432583843.7792201
25187d9f4cfe89a525ef2493,432601253.2164116
85815a09bde2a30e296f65bf,429606410.35753417
fd45b984efcdb0b434033fd9,436546425.3358828
5dac2d2027b6c81c1b7ee3a4,432094403.15650016
7df538c0c831520e6d36e39f,422185650.29461366
14b81320fc31c7a513242171,432661029.0823175
8026e480ba395cfe1e09cec6,432926374.03753203
80bbc51dd90d131d091521a0,437371540.51143223
ae6ac510d3e46a50ef24896e,433243767.9596145
06b90d41ad3ce1d0d389fea9,577377322.7435275
8d911c1a195567dae3cad99e,491288070.00807226
2876aa9ef0b44e43084393fa,462355110.619722
76556774906f9e12b319c232,456520792.6650528
9662cce3c4b92d1c99849899,758773810.2176527
de3d078e5d524d8a7b65841c,524623107.62310374
547c8638128424b89d602f50,824477498.4720241
c8a3dc3654c53cf66953de0e,749828677.9642773
21c8b93e50ac884e63514f10,816880377.8210871
49a0715897795017ee0de843,491220485.1054385
5d646ababb10f51c141e0d8a,680100672.1609766
da598f8a82b1ad1b02961cd1,709930369.2608492
84d8f7109615519f2ab0a48c,601311972.8310481
0d027b81f8391d73fe0046aa,596620629.38375
079bc331430e94ee76f8097e,669420394.4607012
61055e6eb1910507640ce6b4,524875876.1253655
3f6effb8881ea683838437be,626776759.0309192
92c8d6ee8496b91821d7ba3e,717495724.8278109
78a08f21f7d7c51ff4d5b8ac,668414898.3401619
f7ee7282cb9edc77740f392b,644906268.0973591
694b0a500f1619c4ac4c85fb,826535947.9610454
13d43933e04c3c7a9e5071cd,945430921.8225034
5abb555cb9d65db8e6c28201,419058697.71026975
ee8103b958673c589b9cb27b,804887657.4486529
5b3a467a3b0feb8ed81be1b7,1027358221.1723247
e570a5157e02d440a78ca008,684460509.1409277
70298b5e8fbd66aee975ff14,696557827.1133887
2b552d7b1a1488dfd618b120,450796616.7630693
f4ea9c80fe71a1bd0b692475,718439702.6211718
e6a9d5c9a82ba73e76817a81,672682831.9789472
9b58b5c993540ec3ab1e4a0c,433790101.1170631
00858277a3cf4f31b8e3f738,640423052.1043755
d937ac866f671e4a0c090879,659621646.0488769
7d02b3479cb2d89d55bd4fe7,606739280.687209
bf79649b531e876c5f03883b,511607283.6102142
66a2ec5aac8969b2be538c1c,606739280.687209
7637c251618135e082a9e2b8,699132923.7686154
e8c9070ca596f88bc2e0868a,522975718.4955665
64adcb2941e9553ee394caee,502400604.7684815
0bc8475715e42b752649b4e6,427673233.49471456
956ad3b1dcbe8f236efe2d2b,547663333.0358738
dc81900a751b64dedcb4ac39,441709261.1515944
02e52d3895522d9be85c4544,489879290.0648588
49d6752dd196e7dd583baf44,448301732.3100934
8364aa431b2e267e41efabc2,487735741.61882454
1b59d33f9000d2e1aad46239,425442082.6768309
74a791baebeffcb7e7b917d0,599565891.0081487
0a3911a1a9284f2ff81689e6,450024681.6520581
6276bb8ceb13d174b8e405f0,445078038.5778528
d573d2caf8c67aa32bbe592b,423102388.9225464
57cafce17dc4de3bf8a9ba90,823335412.2598729
1dc9e5c684c831b204d21585,617751948.8158721
48df432642971a97d3d4bd45,730519324.9064602
4902ccbe8456d3f0a29e5059,641272297.6662682
3a810dc80d3a63f8cf106717,655111336.8284887
c9859204696f3440cdb541c3,765844543.1428349
349fa9cfa15d8f8bdcbe863a,918817632.549964
d0bdb51c8020a37fe8344650,849626707.0121943
7b037e6e5d110999e51b79c9,807045896.5562545
f677c51266f5ada9e23f20eb,417076434.52715486
1b85d69a0f8ce1d6ac4d4475,421661775.67589766
4570a3ca0571c70657b4a1c6,512173409.06721056
de32ca7785b71dbcc76a50a1,835340840.4573708
4e3cce6b581e74879c2dbc4f,481734854.342787
09c4d4b5d1c0118d877d5734,521946632.6407264
b9809baae395914981a9296f,604690713.2613883
fa56058283c975be76d7c990,700663006.6061535
7b32938ebf0b1b167a3d2d20,538014381.9134483
bb38c1c17612ce593e5ae7bd,441796350.598381
bf0485c2e267d06b9b1d90c6,657636297.9664791
0357d0ee6e0646113ea543cf,560390785.219942
ddf5182c482fca7d881fcba4,812430260.8077642
47e6a61fd652a3dd37556ddf,659319795.351656
a9054883a22542257c7e778f,406627312.9830552
d7c70d831e88d552da09ff29,777609670.5944622
d4d138bbc80a0b29ed28a4d6,514086999.29466575
dc9119767bf4f21fcccdcc69,689405225.2378919
e8caed8cd754b0e3d43e6954,637873990.6561747
033307467830cb865a785e3e,609071335.7387441
5498b3e3ca091bb81be87166,633072556.3649886
bcaded180edb36336c2f5b96,656864804.6616488
ee4377ff95580b93e80ae08c,851454769.9323007
c25e1e289cac1bbbee489122,631036166.2865627
7e41d90a838048eda035fb27,659533737.2239507
f418efb887a15127cf2563b1,737538726.5146977
93b27fa67eae8cdfcb846772,620667688.6485137
6a42271a0b03bf9a856d1acf,633532078.0081346
2af9e271765438a47fa7e7a9,397824156.02617234
11429e0923f804d7dc5d27b6,885815095.4180828
c218434cb0b05ebcef935e5b,449780678.5760126
a98e4f4db7afb8a6c9f69400,528000870.3206277
3c35c8993bb937164ae4a880,838500326.0417554
c23a1372c81ba03e6dabb0df,521637144.4138405
cb332695a296899d1c798426,787558759.4056067
2ace3da2fc4e0c022f7a8755,833832867.0279372
14f1bf9aa68aee1ac094097c,835929241.2978139
649a2784beb9b821d36179af,449601427.45040625
6bbb8f89bae38eff88c89c46,466778830.96521497
1905b860a8d463c3048b4e46,472406856.76870203
3ec50faceb434f716d73613c,1075215331.8177352
99543a17b33ab955d03adfef,727912006.418488
edbafba81b92efa9b1400987,726109742.7213306
9b3846c7abf642e0a6220e7a,436248354.8007305
691c35e98d0d5780aa82aa06,739441130.379137
395fbdeb9f0c0586a2b20edc,443443609.2084235
4803a3aedb6c20eb194469c1,524329840.94231653
bf95acc88b60a3d531fbd42e,459894732.35936284
b936e36ecacd7cbc3498cee4,401458048.38996166
293c8a0a4a358fe7554a4ae1,512774471.7914937
5a72e2a62121158efe59069d,489373196.03022105
605276b332b5e5984b83ea8d,544903156.8299613
d3de7e975a9215d04567e467,612540116.1073173
44b623f7fca1a306560172ac,600123984.0503392
9a6a8802cbf3549870c55031,510580719.1968979
f43c684b789900c58c8b5fd4,612540116.1073173
dd7ec9d7dfad5364dd303f49,595409654.6922214
506f2b1ff3e4e7e43a5596f2,459466023.56969386
090d371309090bf83b6fe0f1,586945009.121995
886be9a1881866ab1f300533,718223097.8007742
ef34f331871e8ca6573981e1,616044130.459653
53bbf1d3345eabc2a8b7f5ff,687308482.5815666
5bb87c8d49ba8ae67a659b52,700209029.3029835
21dd47ac3c4e1d6bd0ed2485,658126819.881232
f59686ef2740247394547078,740570757.5406432
8fac177c5a8b4faa21b33138,629878298.2945021
b2bc172a3ab25b8caef50189,569599655.285941
a10055de743532d7b7bd29a0,506402996.8604502
c344e3be381326a1b6cb5989,682963379.50629
3fa4ef366575bc72ca5a0582,707777461.7452226
e9205b722e624eba0fd36145,899202403.0612041
e75699a7693c678786ced75c,563316745.4412118
23208132621583ce4a46de77,779455258.7400615
558d9e4b57fbe6c7e0a09a95,1025108909.881732
1a6ecf722b2eed8cdc19ba20,608944584.7664644
11734add51785f1ddb999c5e,589409340.7353579
82c9ce0d018c1d620b7a6689,601116066.5116775
80d95b058cb11ec829b5ec96,512808044.04808027
cd89201cfe3fa19a4eb14bf1,658126819.881232
d0a5f33f0689445e22db6626,631647283.6457393
c7c99ae9259b34bf9b8ba799,478250416.7944124
73806685dec82cf637f19384,479621697.0182635
83007c444fa52b34482ed55e,493191181.1428467
e08561df5747246d74136dc4,503770712.831433
5b0219cdbb8ed527aec91659,806949889.4586157
119805b72aeb50f05d3a5bd9,920645471.0935119
fd20cc372715855081e24eae,831676313.3297858
e4a021b625f4ffbed391c6e7,822771028.9395348
902d4fc2c44ae5ca2703426e,651079896.1051006
71aacbd62d72d3eb29a744dc,685316205.9137068
7290697f96d8e2101089984a,650610015.4139891
314153750510e92ddcecf33c,688725057.2928115
9d576cf721ad30ab1a4fd554,489328791.3335384
50160783a9a0503df5a38dee,569475139.8077941
0f4abd70b68453d3500eebb5,451574990.34199023
42cde300d741cb134a529031,473241244.2984206
1e9cb258a0b7e08244d7fcb1,593935390.8719132
febc9a1b054671445d756cec,745947227.4839324
39351adf139f820864dfe8f4,838680409.3026984
b4fac45659e67d4e91fe65ff,407319475.7488976
fbe555f6bd0edc1bc950d9ea,1007683364.0525017
67308f6bb80d2a203e306104,442814036.1676791
799cb909791d43a1eb305eaf,503088688.12977946
4354c1b6b27a87c451ddaf36,537486521.037325
0b937a3ea4864896b744108e,421544117.70804435
b96d8b77fb5ba71ebce2fb26,519648222.53121126
f4b1645da3f4286e39f2fe4a,570378905.4210925
a2d1de4211aff373009809ec,501698256.9252021
50b619ba3e0b2a4c6512bc97,493699243.2455726
3d57abd322b0077efa1091df,553493270.7270479
652793275729ff3b69e86072,528483017.3772649
1e2270f9f49aaf3be01dab49,938357435.2081254
99970db787f55a4d1963942e,359533070.8523375
801d821fd6ab7ee01b62a800,449637461.13221604
2abd46909a251b8ebbd37133,461037084.3406638
20a783884d6bcf1aa5697772,434684017.42605835
2fc38ab2689eb24f63e32efc,632042443.1205384
1f592cc4ed728909040f953d,449743106.7528432
d1dca15e36fcc5ec14dfd870,449743106.7528432
54f7aab6b91b48272a81fb47,450471816.6857429
b6d84e7d569d8d0f0d0c9066,599207180.8498774
54d10cb2a44179fd4d726f1b,552175061.4397346
341c307eedfce3f735f4a63f,710375837.84298
1e057cf20757627d1b006141,421048565.58190846
798bf22408ef6814759da1f5,553097571.2942401
9ef3691cdc2bcece41b47e78,814264151.086961
fd5793113661540ee34b8cb8,654914714.0845326
9c4ce4e9f12764544cc8bded,680196281.4425792
542b5322e59a3273e10dcda9,910279969.6419783
af578bfec5d84cc2f4ffb8bd,733943214.5658424
a310528e34207b5dd813df8f,570016174.5090357
ecf5c9bd618e3976ceb5697f,1000526261.0540053
d342a1ae299065045a957767,1176627273.4782028
f5dcdfdcc8f414cb7a38309f,557893399.6274462
4090c1b86074c8e769cc72fd,544594491.8565605
7ef2d4777310765d0c8121af,671259130.0979061
39222ab30001b3cf45b7de65,604303244.1904538
91a73bedc30e0c2acd95d6eb,599470630.1929489
d1e6d6900eebd9ace65d6c36,593274752.6151665
592c9c45c07388359f663219,453894726.84455055
738111512f5e5052927468d9,593353706.9784435
0db51d4771623f5fc1026d74,499844351.6580544
82c9556e19072558cbe3a7ff,475880556.9467964
c1e51ab95336a51885b4c672,449116949.2062567
0eda675541a035b1f620ccc8,544320060.3842713
cf379b41b70374ac4cf82dc4,602990791.3853675
d90c961aa01e51d63e50a2de,569749523.1827264
990379c9f9f210206c6f1916,768213840.3140595
f8189811dc639d760937df95,708391393.1997647
3d1deb639d94b292552a123c,432292086.5111888
43041a793a13a4171f22e492,718616515.9375889
052d00805b2602cac76fed4d,630540109.7641716
c76207e622cf8a208910707a,449487016.14171094
ebe33bde2abbecd6d1fb0cfc,507032035.8654647
2e23ee2beaf5293f57a5c504,396467618.9380655
abbd422c412c2d57f5df62ba,426627283.961974
648217f4d8b5e0e65dea066c,595251528.2312171
52e7657a539be5f36f48bed8,835721955.4746726
3a276f0df8c12422e14107c5,948685279.4865136
dc537b5973d2b94acf6f23df,958715442.5766628
0a41279a5ea9b92bf8cb79c0,829074591.1288112
80ed77aff62d4c57ede6ba94,581429699.2278141
1fbc660f780245bd72015f07,494143920.89585966
df1f513009808ebd46ec0847,629980990.90218
58708fd9e83147daf1a80c48,420854042.9245098
52b699f9900d81ae85ddc7d6,479802997.9183052
98c5b154ec80083bf6f51835,590038382.6024401
588400f7829874f9de919e39,499029030.4944508
46a2a88ef09b2aab932ea02a,456527511.98666143
31474c62a8f39e250fb2882b,844010501.1541852
b40873d316de1c295f2a97ec,423405824.6480589
bf4b8b23cd87377169684e98,516972740.3829663
a34b3b037805f2ec489a95fc,536082712.78307843
963985c57392ed0423d74caf,614279878.2421043
a93a37e4cc75c069e14ffa00,712835744.8839477
071f284d07719a3517c55567,641839782.6773266
5d030db414b00948ec10d18f,420347551.2073136
6e57de8c4ec2e42832cd4b09,597825468.1136047
d9ee40ccf461ce3e9ebb815c,564590723.4194853
ee13d186a24af238d06e0c2b,638643567.8742523
f27397321c007765244e56e3,821257596.3950155
959397711c3f452486ae591c,955846881.4707378
a41222195e5c7d7987dc3c7e,431924386.9809358
ad14cc63c36789bfc1bac0ef,382391740.4213831
79ea72e7b03cfd4fdb5219b3,552607391.6244891
cf68e05962a41395844e9c80,582805019.4166968
4a20d03d09fb9d0ee5565ec9,478088149.75712925
734c9446d0674b8d6545bfef,689248981.4411544
d9706de7190ae64c83e65769,557374165.057897
b778282fc4b9c43055629e44,631762809.0838687
a4d4d6480b56d6198c0120d4,666681483.7486949
7557a9bc12cf0f2901c00264,813990349.5780455
41376f69b086937257387f1d,738669026.4018866
2910f3631d1db77e4b61f8b5,460231835.0599703
3a8a506c99ede47ae2257e87,554047547.7390125
25d89911e830697217d460f5,442388303.1094628
365a227184022e99f1d2a816,702491029.5511136
c6e34cb4e79a729a5df4183a,680071291.9965446
c5c3f06bbf812593d1b95a40,644913936.0615246
acd6ad0081960c0f17b144dc,719495805.7184247
344a104d2210954497a5a388,675444224.7960358
c0109086d0f49aac6c3f3f18,679419512.4778043
c42c99f5da3248e7bcc73fa7,708234653.2169515
8e1e9ae57400052cbbaed9dc,905376460.9016697
8cdd55d191f206b0841e56eb,524183140.9135047
c1e0b47866cf4a0120e4b3d6,463379058.4077484
45a033d121ca5afef24161ba,492250761.62116945
bc834280fb45fb308d957640,532438331.3909014
9ddc14c8e7fe7ffb078e0019,939290078.2270708
7d66238672def6f73c25247a,554683498.4903325
2c12cbaa1f14553c1d41b958,419953046.6043515
196969a98960a68088266261,479802997.9183052
a5a3cab55661982b7d30bc78,563336160.4796774
6464d5cc161ac659dd963897,478609095.4485318
e9f44786cf982100af0984e4,758044449.8378963
6302e608d8f37e63f4e5cc27,475720284.8949487
ab614a5008d68aebe34aa201,664529765.1797768
06bfbccfb3ec0b1f65f4b351,776824028.5351315
f7f46ac9158f0a1edd01709e,738550542.3612087
6e233ae6294318baaeebb59b,745403121.9092029
bf6e713a689f574b532edd4c,974905588.1049943
a7e97bdf2d4f2f62f9889c3b,545119283.7807448
784822ba0060eac9358cce22,439921826.43614376
13c51ea93d19df6c273a1502,459729431.4818518
176e00102fb65cba56279287,521636601.5362601
52e5904902e4d75ad87afde7,587782714.1752517
728ce22c8db9bd0abe3f20a8,706346445.2570374
e8bf121ec117e383c843bc51,800503554.5492321
878ff8ef3c862929bbb19ebc,703710012.7175504
ed80ba018de35d5d76d50db4,909534571.2997743
9267fcc93ae3b6df8c12d9fb,531315005.195098
babe27dc477f5e1b7e438422,567164211.9252162
a4173461aa676e09227559fc,455402794.1685782
f0b2a0602bb5a83f0827ac75,758946433.8173012
2da346c00d6fc39268f12b82,585963139.9992311
9ec5fbf8767dd0d2744a79b4,689433649.0484954
c85e9bd6e20ee2a883d0a7d9,429763154.9430771
191cb509fd44e580ee32486f,610117611.8811009
053d37bf1d988505b5e91809,503704646.0819868
4d3a66e028dc8f3e9ad9e9cf,669764127.4697424
c75b265c0eb946ce77e32ce7,761436443.9768044
d233eb8af3ef7e325f6c8f9f,429010749.3501764
7f7f5313341b3ca499968716,570482896.9091944
4fa51848638f4437a3e31682,754557595.5864288
9090236db3ef719edf72a330,1149090889.9753666
4dacc190eae91b059dacbb00,856939034.8691616
ccd2f6ec8e9841f1068b7c76,673285647.6032945
a354cdbaff42acd1a0b5d82d,487552872.5366335
da8d3092ed0e085a83a7d67a,624289136.9783144
1181e18553eafcf5edf6fa05,557301048.4035835
5b146f1914acf2ae78360fec,552228419.871799
a0fa0aca2f6c2ae65a98ccbc,696557827.1133887
038bb35043651579f443c481,618066935.9656913
430c46358b85ad4a741c7187,411273134.8573417
4becfb041b0439429f2cffb4,443273782.9395687
feb87029d5a2e8125e165bef,402872594.4978022
61ffbbc24b30698ab8f735c0,429012792.07547086
0e3067f71dfb9dc2e03bba59,429194056.2628062
b8ec643c66478da376153333,418422445.40441215
c8bccdccc9186136a332e995,902133292.4127585
0f4765c8929a87746217e957,859390130.595088
68c145df0ef91fb4d14d001b,401973954.05033094
e5b92a0c67c506ca6e92315a,525018501.7099363
a482103965890c922a66eedf,563478189.5530238
1d917f9f5a3cd44cc4dc8d2e,556803667.6473564
4cc968db25c2cf03991c0041,471025803.32338315
91ba0c5b21b52734d1e244f0,599829238.2312508
d6a8f4abcb02142c6dd15b30,433669655.9246232
0587e7e1f03af8ea6c46290e,529825225.39242196
61e1e0c49f3aafee6ec9179d,634917332.1092153
797da4e993a993ef80277108,901718311.5982939
b8acc8e72f2c498fede3fefb,718118830.7950541
ef2ae24039bf2cff1caa4340,494448006.35309947
cfb8d15c6b0c0e6ee4b92109,735247800.6180855
05aecff6fd8d866c6c157a9a,602160392.7797158
b2e37eb7cde5cf4290649ad3,850168736.4480507
b7ecbd35179a7658f3c11b41,756526664.998174
699095150a7f3f32c40454fe,994596332.8784976
989a4fc1590097414d7c3fa3,442954685.658781
b6853999c45e21646a0d1b20,406627312.9830552
6ddb6863958ded0d72fcc6a9,461042946.7177284
f6fc3807b54d8c69459c4f64,529934428.5221104
6528ca87df8bb477f4b6b8c7,424812931.5373098
7bba885503ea7716ffea503c,526694194.626534
846e6f1ba1c94966314345d8,613442211.6377131
04e6a79dd3e4d8d17c8b5387,870578278.1901412
4d60db10157fd0b5eab9a23f,717176319.8046
0d7d434afcc5e93050e0b86d,938474015.8112148
bb9ffa04d913d06846d082a7,846879445.6766202
80abc4c356813c1e4ead1e1e,433776812.0380294
df8979b26c9971dd7c3500d8,544897013.8986572
6ea18874ea84b5b4840f9b85,632846506.4383272
aa75ed5781e6e8584143daa4,648684593.3933702
c8c8d083c9b9600059a8b8d1,542533496.4056599
5c8f3b7ccb4340263c255d00,444889903.2397044
79b943894c4dd68bfd8cde7f,586276851.2614998
64f36d32a3a64853227fa69b,1129596243.3991144
d7080c3742cd9d72e9d0ae48,447274413.93192494
8333d32b98625a2742cfabd6,682652582.1892759
bddcc7fb72bb973f84b864dd,768968665.3382974
5a80dd0f68dc2cf9fb1b0c03,451560241.07985646
5d82060575bdb7be33e63ecb,847376877.707382
de416f239b27327e0f78b862,774619785.9509236
816f93a2e035e4fcf61ee4c9,669926254.2455571
aca1776ef24acabe172d573f,631118474.7811719
af32aa018cdfd081a81bbc80,488677122.3133364
7d133cde943d189c9abbb6e4,495665595.2734333
80035ad5b3b4a948469800bb,719180133.875874
95bdebef7fdc2ac0e9541c51,775037413.7939242
d038e5695b32bdc6fff1f72d,499140054.45258164
2979f2d91d649a8c14f5453c,629186657.1310326
a0be286778d94153d3b22ccb,670162259.1175251
57e8ea351ecd1ff0825b1324,718565888.7863277
c84f96cf4570158c3832c3f3,780976157.4525049
93ab279de0b7b414ce758153,774444843.2302891
2018131ad3f6e5aa8f4be704,924033262.8165977
eb055771816b45213df3ff3b,419499242.084401
8e3700ec731701361d7bb7c9,435112886.6075203
422e994aaca85628ff759004,462659646.4122015
569e2cad5c18a5f393f80a8d,678729194.8547376
7b4ca3a8d09968e48c185260,687375099.9832644
12785f791e04b3a49547fbc6,846679825.9641658
02ea72128a99862e9537718e,669092610.0587198
fd77ee8ca0551b5b614b40e1,794362116.1388867
ffbf6a54fb00029ba24dd3ad,449229542.524643
a295b12b773127f15e83e174,418449730.6451713
90f0cf22cf9c8fcc290e495d,407950056.0066336
220d466e3737f1f2a8ed06ae,412192312.8692676
235c56f4afd6d87f1b3e199b,426295131.05002433
eb0f3b14782c9a484408c606,942238397.3059324
4188712d431ba996cd59fbe5,424241721.4203928
3dfd7e954d6f7f40af60bc9d,399756602.637185
00e80be4feb1e8593b7713fe,469405146.94422054
eabdd1bad2bc4351ba4a2635,756356157.3032627
850342685ececa472945f7ed,642064018.55488
ecc4d05489c5ffc8164d5469,407497382.15296286
2406d47133763272a965ef51,439181904.09192944
b9430e8c145c2a0d7efab2a4,810272410.0697007
4f8dfb8de411b8a05c55dbbb,696232356.303531
574b6bef16abb21fd67db401,514698252.33523244
e7ef0d61e27de15f10b0d643,756114401.0743071
647ec3f486cedf045cdd3b68,451841366.24758625
69d83d8492db7ade6c37c3de,470381965.9196842
6c07175274fba6a0dc467cbe,540475683.1543515
a5a71962df1b8bc45bf5547e,749666331.2216377
ff61abc1e7843e20b1bf8656,397613353.94946796
540c4d7a79864885d73cca95,496012931.2728168
17d0f69ae2c4f1aaa1aca9c7,638630413.0940387
80de6a9303eedbfd1c69601f,733337677.4229026
7cf573f273b14a6cfafa3ec8,471822544.6245241
eb9ab213defc2de5d878653f,481322005.08602184
69f7ab8608b5328f106b42e5,724086115.0251337
9daaca90887e5144c35daeff,461447267.8287797
2bd08c0964ef4a95295db843,696537342.247576
34f0542a538cee9f3624d897,480303405.6648305
847a7fbd4425fd2fbc4b3edf,824379337.1412295
22428154baf95870f1d83fdc,723614320.0898744
18e89f083fdbce3da0a82a4a,912067892.81852
63674e7ddf6f2b4d7c6d5c1b,398372434.0291122
0e97f66cf4208c1a57d1fb17,409888885.7382527
a90f7cd68b662c87d9fc2d5e,651795677.3475119
2086639384041f3a9b519140,675026479.1897746
d38353aaffa4af168518c6c5,566054190.4051028
d994f3919c3c8fe0ebd538ad,768409796.313138
ea9d6dc517c77ff8bffd596b,886301753.8846618
ff83788b9f8db0297f6c0148,922953010.959411
9d9564415e52518c2817f66f,482409920.506012
9362189c5d784741c9b0f8e7,891716405.538443
ffb510bd3f847f4ede255fbb,406201323.51169544
7d3e4ead63a869bae978027e,808946754.3010283
5dc404d1c214abd2d45b2a0a,828728249.0964854
64335f6d4c1a7514377be77d,603959841.0949712
b81801f02a73feb1db7f5e83,778402830.0977494
b5d6fe84ee7c6a703891112d,929937874.641192
af0502ae1fe341c2ce1b5325,456052367.9636123
ec43b2789c9cc266a8e0d1f6,575735393.6436089
7ff8b0b5ab4fd12f3be399ce,771903924.0873591
d5c8073e3ceefbfbb547eee3,811321716.671689
66379c5752189c150954b4f0,469895941.3305351
6a3f9046cfdbf4eefca3ca69,521841996.406306
b549a72c938d767ed504bd83,677537847.6492345
f48e503ebd3908838c1f2ae6,526767100.9637144
e58ba64bfa5280630bfcfa97,592825982.6165372
07edd16680605925192efcf1,531850442.1959518
70b821bc1c7dd846a8be343c,443982718.53649974
d84d7edc4a4896c4a8722328,470177038.980164
6d592a69209ef3356e656c44,478399210.09331065
ca9b2ef10b512905af6be620,694087847.2422282
bbf16146922556095f53b5ea,784057044.404984
86e80098f5a3e7dbd635838d,644988327.8138049
dad46c20f9f7d834e522fdd1,767809560.9927464
e2dcb036931bf4b2aa030036,838629151.0755292
aa7a25411bc0f9f93dcc40df,371638430.26537544
e192181121fe58a8bf94aecf,557048271.1290402
5aa715bbe2b178ad0c9e4b08,776897858.27721
43b5b5a9a1615eba48ab8b66,387376117.22041804
dc91e3fe1b190fd8cf2584c9,556315381.351142
1014341bbcd2fd5775631f78,469069107.9644899
7f2e9d302a6ed1770db9f7cf,703025521.9626464
73f4074e5e09e52e0e03598f,572500639.773576
0460eacc73398bb95f0518e2,1027498637.9454806
5a44be6fad8878eb2c394ca9,609404722.6649028
936cdcce007bce08a72112b7,715067757.0757558
8334a4cc7db8ed5c0071fe95,560309767.5418022
e3e9d1d073b129c697c1e9e9,671549992.8907853
dd9a60c3d502ca3cc98d9b73,688770351.790148
949184accb5878f82fd5c10f,506067941.1013363
bbc675f7edfa0425c78c15ea,593105129.2933419
7436750d73f2e56b4f29e98f,599442930.9986657
cf81103f31f74edfe0453de8,594389466.6926757
620e467297aed5c47e22735a,397385542.1502195
41037a3f8625082544979179,550478811.8199192
6a2db40e5f210a31b2f7119e,448192957.05195147
0083ef74db679d22463a1afe,479040004.2043369
b19be1ad7f60717a943ff0f7,484213645.46104085
0906b6a88fb1eb0d7bfb6bb5,493456869.25481886
f82adf71d17c261b41a5231a,657348134.3926302
bdda694c42c52ba4803d482f,469757688.3604479
80f633154b6f94b8fa24f213,532033771.3465281
f69aa18a64d8b8494fd9fe3f,396613049.8116473
3146f3ec9b237fa0944cec7b,467692754.7551953
5db3d671b5aa03dc33f258dc,397444419.37492365
d5239537894ce7f2a9cb5a49,558701331.7216674
bc28e66374356a4fcf9b62d7,416372214.2912807
3697e556be961a16a621f3e5,448941304.36974597
bb6f66493fbafa76d70b0a34,547424737.900117
e78a4111d943044a9a32ed80,791957450.6522338
044e2daf937c0d8373f2e914,864830407.4517407
77668d4325802de9d63609a9,715929445.0484611
a85ba83751915d8d5d1a0e09,671269522.9408945
429460d5f5c5381e945cf449,825910083.5091407
a53dc5c58f7384729ba37a21,672152598.4194821
a4dba76865fbd14aa19c0286,666564453.9401071
7573c18a79e5e3ee0610d7cc,679063118.7760142
f13f72c1cb469db92b25c2fb,979267177.0565674
45dd7eee4488e88d71d46783,1139166452.1189318
dd4fd04b9fd80818bd543f9d,578736546.871081
500a3c5953f89b431184fead,611305337.6799648
d2e737461b916ba78030c76f,497890567.52637255
e1e69b5a90431b8a44265487,472358032.2935217
49cc8164d94a2afe8b750af4,500733536.57922316
e9b054016b281140d2566d88,713253555.695294
32161228e9c502d2c21beaa3,411430455.6927876
9017accdd4fe3229fc45280b,387272976.5650786
17fed4a312a9b773f64861d3,424904454.94045275
8632f5681d04d9c934675409,812466824.4131534
8356123e4d10a479a12e98bb,414710667.0737953
70463649ffbda5fdf3c10ec8,646150100.838324
1414ec3cdd3f6ab772fc7584,495258867.1795429
937708417ef2642b7d05abad,786575187.9141415
afbe90d764c1821cdb26e38a,600055452.9435753
14331a3db021936067b15890,529642579.3634769
793efc460dd25b67c644e92f,680796964.3046415
0a9e4dd0eec86037a36fe769,774506383.6136298
e5168779de76d99010e37c7c,633179855.8076192
016dd08801ad1a1e7f6e695b,710685251.5140061
ce509ce153f452ff8a997538,682477907.8925519
66d8ce8e6aad18a4963275fc,640804977.4535488
8398e3b96d1311c7264f6603,938608459.3694358
e9081115ab418ef1031326c3,480235975.312746
5c8240a1ebf6138f81dac715,647327967.3965498
18cb1adb2078fef29a613a96,614309486.6131657
4167fdc804227ed43224a32c,1014222050.9604385
b5d0ae257748ea92c47d8fc2,468780358.8161337
1d17f0ff708e6f0b93a990ec,820219014.9508617
764f506bb2aa1ac4de918a71,532530023.9704415
7a861f1e3af4dbbf55b2c301,435527631.68040633
1562a23a312478d7a05a33dd,495282435.5175786
0a040fd24e23a77f0c58495c,686645449.4271523
7f0f5931fe148f6187ebf512,509114639.84839165
9fcdcb2be94744d00e734a3a,888568027.5269625
f181f74e96a93820a23bc0a0,627828692.8561491
5193b43c32a2bfb3aac6b2af,837611558.6482649
6cc7718e834ba47a429d6874,548067964.7476934
b8d06f4ce0d6e71ba0fddc26,640696858.2950785
30a30e4ab286fd822c68ab5a,557041534.8240339
f99bdff027d28ceca0caacd1,558810146.8360667
f46f5e911c6c595efb5b7ab5,551137032.3208269
a7f0c831d82505044f370b1a,408269068.8898885
17069e9f4ba45c93738b109a,436694576.17099166
dd5c910c2a3d63b8fa92096f,433407331.610795
a33329c9ed11ee8b87aad6b4,412380971.57661676
925b457b5df270a68b84753b,423101877.4559229
d206aafc71e8aec2afc3f8ee,440072440.99944735
f8232717e74332384075dde8,422407017.9571412
f60d9f0751a14efe41be383b,423492492.2935131
13adc7946bd4e6e3e4416e52,403593998.0989481
230cdc90e6c825d391d5025d,442045138.3585982
e98cb170e4383546988c6829,433407331.610795
5bc46671989de2534553ae49,502247673.02362794
3b98c8e46cf8477a1968244f,416321960.02127665
f9f5fa4ad495197a5c9b492c,422211107.094156
0bd42f8ee9d36dae4cf35886,378018397.17148644
567ca46ac91cc53e3b479547,403643532.31655705
f0ebddf2bd5aac661e4945ce,602647688.3714403
eee841bc785b1824b6419a73,459425891.51095647
004776514ad269b380581066,494000244.9560639
bd3edc7854cffd6b6debfb98,466960685.81154674
0b42bbe66e438fa81a2ff77a,495484961.23564833
a33bfa6cf99e26bd9c49f8d8,487658444.75650257
8b45db8a4f2c0f772c8d44cf,443586454.0301825
262b5b0bb408d7cf53073832,539417516.6522892
5844c83fecdf7e09b188c2f0,482603977.4140914
9cc3c05f0e81b8f6454b80ea,466220431.534349
07c46b493733d74c4f384b79,436796408.15398425
932ce2fe93b8e1ec0e7bbc8f,456225122.92996067
559fabe06aaee537322d0af8,419061311.6716406
f4da2c8dd901cca9cdd51025,482621191.34203213
84eb4861db0816bc8722f379,487658444.75650257
d0dc69570223bce949a4c17e,712663216.8743185
abc2ff9d0e7848169fca170f,449189190.99072397
3e3880088f0df7c447e27840,445829508.897062
3580dcbd0a6d7d6d3546dad6,443196978.85163254
f123231ff18912a3dfd7cae7,488634074.79985523
78a7eac41dd672cd1863e3b4,451699933.17869395
97def72de478566ad58020a3,444783157.6407286
e3e2e3080cc309d34014e8fd,470109127.64756185
71be583d473084bc0608d066,447481052.7051476
ac6a4c672dfbe20f5bafbd89,487457056.5839279
f4fc081a112f5ee1b3a09e70,465753369.0404031
d8add8f5e0aa562a63c894d7,443811664.9490122
88ab887e18e38d0b8315286e,452925932.3769474
07c8af84608e6c9206ad6961,484459821.2083781
2b352d996677e67156391e25,532427401.7675688
ced624c6debaa01c732e9f60,473094685.2924492
ef92f63b46f27ccd2151a21c,487975295.93517756
f4022026c279a9b77a894ee2,488015267.7927042
e2e2218086e6ef5377c01b68,418061111.6181752
4af83eb7718f5823ae69fe47,519561722.9576771
ee98e745afca6de4550fe570,487658444.75650257
bd1fda425d792fb0de7b4499,465999974.58722275
86b2d3ad1dacb372734f810e,445829508.897062
98abd5139cc3ea136faf7c8c,459700810.3899871
4582ec985de48290c5f1f5e1,483546030.4904758
312a6b2a57dc6947f95213a5,465342021.79069835
86a47522586da2884181f128,502565502.7310957
b41edc115f6b439caf392941,429485929.9033695
fac682b61b813044a3e3ad01,443156944.13923043
63f4e57fb2cc22659e80d6fc,471007570.0664821
4310c7a552b20afd46f930d9,441496330.13178736
4f18341de355d2cf57a03983,426207151.30458826
a418dbb6d04e505c133c6c1c,474875095.0445828
afce1d7c5576dc49c80bdabf,583130651.1126541
5ec12159380f4d1a85e8b0ef,543759241.2933757
78d10967c36cbf346bd58f63,515372312.25216764
f995364cc33c431b3c93db45,480002007.09427416
99b31d0b5d5ab75a2653b1a1,467864619.911125
42d42ad031a2c62be9b5cdca,487544794.1349918
73d09646de4e0ab46feaceba,434550640.50397515
bef4759bfc25c7d44a8112af,482264256.9540104
c038742e427830aef3ac1c17,430062618.2409931
e96a7f5424558193663ef6f4,459948346.2809596
1af243eb63d893b1251f44dd,487975295.93517756
a083fd17c5e7c9d33540b922,517950659.8604971
549024cda1c093c9f8bc2ea3,427268335.0584565
164cf5fb9a759f2e4be67b6e,509335384.90117896
65ff6cef76efb4c83ac0611e,562676966.7389703
784b1db005d39c2f57666efb,480706084.4023117
a2f06081983f748fcd74652d,561300943.6225703
66e4f010db2febff23b4a4f5,532239049.91209286
9702cf3039b86f97c003e20c,771578872.1187866
48de5d43e88caea594ccd27c,625704431.7763132
6732c28a236aa1ccc0cb2c86,585806742.2439649
8a1d1f70adbdeb233ed3ec3a,667793931.5980656
c775d4f60fea55d5511da4d4,660856271.0121262
1f4109e1a4b47a9b11c2c019,568648477.1544952
31ef69bed8e54b5e1fb245aa,757913190.4140376
882907ccf178b23a02ce262e,567188411.4978637
2868ac4225657a13f6149e6e,676394328.2956104
cf6f0a3cc030024f4e9ad06d,587232727.0484273
0a1cdd0d5c3c8b973ab1a98c,607974581.3849132
0d099b1e1a314dfd9aee5293,648716730.8876408
898d1eb301c92ab6603e0b81,643018080.8075846
9fdf7d85fc65849cda3afda7,647736595.5048351
f5ee97750fd4e04eafa9d1d7,663622319.4681554
ef9cf29f71434be184a4ebd9,539280194.9626763
e4559824c3390efd6282960a,641882022.3378054
f8dc73052c66ab334cb7be14,688166078.0689516
2e992370de3eed4ec1271589,687277893.8383352
e2bbe9221780d01a265e2ef4,653694475.2500695
b65a2a140ad5fc6e3e26b6e3,639325273.1064932
3dea0748459a295fcbd2f0b6,634085558.4125478
7a1cb1f751cd36bdb6412ba2,586134501.960117
1381c0399ebbf19db3a11820,639325273.1064932
479b2c9c12602551bbd0212a,657305955.7179537
d463fae95232d30e0f78f93f,639325273.1064932
d0df2748d371d98d76408d66,744406384.5115329
9551dc6098b721dd495e5c57,669881960.8845333
fa736ec3f2f066cba4328908,619038879.9125694
37fc4ce5dfff7faba6bebf8c,717035173.459957
f336d60e41c8bfee91d58728,608832390.1163436
65e1a61d984712e76829c821,667723620.7776622
65eaf65f8dccb8e49a93b753,629200394.5681636
36eb8139a5ca1b8459eb52c1,734250564.2678452
c357cc3d2f4b45ca3e1250d2,521280242.0287271
4b75f2b374e8674e8b55eceb,778873710.0909973
9c20784acde0823e9479be2f,750350335.2885729
0f2aa0d9fdcfe894caa8fddc,814928567.5841649
23374ef76774d4f95f022473,776048359.520643
4224e69acf9fb071d4cab498,1026484692.095332
a41d05f2ae3e022c16088bd0,748634226.746614
9b30c679d7da9169580773a1,955511766.7115023
2795cdb2f4d568a782dcfc3f,733864821.6646487
5399af7ea98c97b5906efe1d,838097198.6755327
5e93ed2a9b36625c4450b5bd,806354815.4110383
d04d42ff91707e3957b4a29c,781206212.8810811
f32ea78bc5ea15d700d3c118,820626189.4065373
8ce2d6e505ad1da079f34a8d,981530024.725053
014799b9ef7d5244fb6640ff,769057700.7329216
f50a72cfa82f3742189b7fc0,758287045.1060287
8876b38f90f5571639b7d879,736533392.8232574
239a2dd25f604c730136c720,682637229.0776507
db297b6ab332cbbba338e7a0,841814890.9984558
5aaed76349fc95f6c12ced7b,971621780.4458157
10c94f25ce3f7532bf4f3152,685611192.0856601
d0ac1f63c75987c92038bd30,807816282.4009076
db5ea791b33be91840a6d045,780848407.7324288
8627562772d9d63bac507fcd,814106397.6792619
b1ecdceb6ac00b6b047c241b,921308437.0421144
f499c1513abf0b05aa1f460e,774507964.8947811
0d8b0ca08838d1dac052d51c,823516848.4583875
c54a573c9aef013dfa2abeff,981442694.5281165
f02865ea64b156bf4cf4cfa4,680371586.3377454
087b564ba475edbea431d4e4,942005448.2876874
2d3236cf646f19a25932676a,981442694.5281165
68b547621c25c7418cfdf5dc,638513877.645904
097a1a08a389439cc2c760f8,403667034.0323744
e9c905ff64c7e2f8c21b0a9c,368716509.9613035
464039bbcabc650d659f6683,440909016.3743603
93c24fa31fa780d28ecbc318,488032032.82123923
a73206cd21136b209f25c7cc,392223457.85025346
852a11f12646f0a1121824c2,453743155.76987386
61953f4c9bac7cac5ddda5d9,900622916.3627354
5a5377f2d087b7bb183783bb,589553946.1863029
0a85c354c48921e0ca202d15,1026807502.520873
12f9d50fad58e4e40a187d98,860455272.0782894
45ac018012e7dd91d41a5876,498466170.5498741
28f905e91295a47d106a3214,870431720.7562402
395e3718423aeac3d40494a7,528206895.24542135
1fd7e9b1e717578f751c21c7,692308101.3547672
e8bdc4a088a6b99a538a6f0a,440691360.76699287
45b894a8b028be29ed137f1e,1096915307.7403696
f5c866d489889ab2f124799c,648186472.2456975
3d0de71d822da8a999bb6222,506136710.86660767
ecd0b4bfd66fe04c278dd4ae,484910442.9692787
9a61bfe6ba2b8364a92e5a97,919288913.9698812
e8b8d0c4cb87efc13344bcd2,881415734.1567997
1f39ea319382fb0e41ead713,837779480.5827205
d61700c4ecc128290bc42d3f,374413931.0938312
d87cbdc4896e0e0160999520,394053960.5565547
d1281c9f037ea5c4fa683b84,384332100.8775473
310e768d2e8836432f8b3e97,413019548.3310466
c5498cdddd7856e99d21f52b,429817177.77173764
d3169d4a467cb7eac41849ff,621958524.3332003
2eeb4b0d7afa57b63778b69f,876365121.0220734
7b3621124731bcd2e543562c,697387988.5502777
5703b4ab6e77d88f751bc6e7,652553815.7689952
2c567face144ca714454abf2,929853103.9714794
7169b5a3b9a796162de685cf,989912722.1388466
fd19e1b2e61f5efde879f6dd,814583698.9202393
55f0e95dc857256aec65ec1a,1042726564.0149943
ab03c034e2a420f395ca094a,435381401.79875803
ee3c0c7fe3fe73ad0449870c,1111503574.8605099
e59afca092e0ddaf60c9419c,630136896.1218762
99e48a46a1a599471d3260e0,425241024.3911991
419398139a3aa2ca2be3f941,514541236.33431375
54c33befb89cc873771c3be6,963390536.8082827
cb29bd3ae3d5da88c99d3db5,688184157.7557454
24258361a4ba8f772a83ba7c,641448295.65922
539c12d2fe8cbf950b75a0fd,437271512.310837
7b81996f3abd287b50adf8da,914235282.506364
0d9e73c14529fa3f1ec8a56f,513551681.57709914
dd178fd542fc716e32b4136a,502260061.07908624
9aad22f3d25e46538e1558fb,602431352.9481733
93df4118ec3536b312822d90,643047085.4014522
7c6319c04025c4ed6aa3f051,513551681.57709914
98e04fd660ca1276d1510a72,499480642.209556
4a8eaccbde5a4a6747818d29,625965511.0937482
9f6ae3eaafbdfd8d5c0e64c8,868052121.3587062
5929c81cfde8ae068a8b822c,657231657.0281879
b94ea2b8b847a47140d04008,636422866.3265795
ac1b644a8d2ec042ca91f89c,729141806.3084528
8df9256029f526ca313202b7,624769868.2743692
e029511780468f4cfbd10d3e,518765555.47458196
0878fd8b66aeb22f6af2d7af,449350789.137314
76258b7b7e8778cd60d3435a,618403252.3285277
d64a2ad3297e2fad8ce66197,454493746.4903749
8af6bb75c85a2789156b3696,433665635.35861075
40db880aba8951909e6e4ef6,431134342.03002316
c9e20cadac540faa59d9aa3f,395333753.35333586
7d5459e48101349c75d43aec,560021488.1249598
fb0664d59b6333ae1861f343,782356101.2489157
bc6b57600fa9edfe13fb3118,759538688.3544142
d309cdb5688ff7bdbb682d17,625496102.578503
d17ba799e68d7775f2104b3a,515493446.3483843
2baa6afba131b74487c94d74,613760577.7673329
0b7c8732558fc04f4fc51ec1,576202063.1746234
0d8cda2859d9903f6202af54,448041928.1383611
0f2913c5aa681a2bd45a5484,789541562.4343036
de6010c57fe78d975be38c2b,621870580.9410375
54b474bc7cb126bfe8e6c144,743591509.7068529
b1dea7d384760535b770311a,620728994.931913
9e90e02c8ed3ad137e4c3abc,625467476.2023429
b59711a5971a3b482db4d9f7,669092610.0587198
2c37a1280b18e095b43e19f5,685966858.9333025
fcd7c10d81aff25d9233214d,436840714.1180351
c3b8bbc492a7d7bdd63da22f,596879465.8396546
42aaf6521fdf1dc9bc50f88e,456018662.29612255
3c268e9119b8027f78f91954,572929610.1011548
c8d5a0e9614dcf96a500206f,430683235.07090133
6c778557da9b5d99f90b1238,777474289.115704
4514844d15690b7331fdb6cb,696419908.6494323
d8e981acf77bb46a9dbd3109,648112939.0178905
b940ba03ea60d4cdc5d2d429,1074411501.9055924
4fab4e66ead1948498d2a4dd,417818590.97012526
a5620899d410af623a3ff4a9,840024076.7675163
f45e3be8500d7bd91cc8855a,418131904.10286576
4b82eef445edeae7a55fd019,491318149.54049003
29881785ae39aec014c4982c,689418685.8106247
0d9f91cbcc9339146bf75bba,436669363.91278017
b839e76df5d73e7d53691707,557022345.2440649
7ac96f16bdc50ee7619f3548,528039481.5979327
a102a0a268840439c2c8f4c6,422743133.56632274
e1132006785632e4ec5deb02,548676825.3524199
a041ed3fc0b60fc4ce3cf847,513496853.27156544
84b758716f47bb0f4e4a2bed,426318812.3580076
84394774ab45e0c8b733bed2,460236345.8135798
2c1c91f2bb4d9dae38a44360,407488759.273251
8ba9304ea7b8d2b071bb0699,552596977.9572959
9a76cc7c650230c670e703e7,686506737.6381444
9b0833992397c6e50b54715f,706423158.8474679
6f192e6a537c1509521e1e8a,759733236.3838121
d1668e2d35a939ed126a3f8e,849596994.846475
a17807447696896bb61ef8ab,760790475.0769416
d043d368d2584ae95ad3672c,722419216.8752682
7f2e3f2eb5abf86b56897250,631599840.2079929
fdb1cffa6b7346fde667d72c,418624543.2222722
58a3a9f44bc7846ae26413e5,571032437.7186285
af230af0c73a5f2b72787c1b,719651015.1598403
3cd5562115870363ed5d7558,541402057.0368652
cb9d8fe7c18dba6827836403,663154413.3678533
742fd57dd463c1b5cb79f63e,633214647.2883269
0d30768d188b6bb53d599ea1,713351632.0852188
c455b8a15dbfff94c2909f37,465177743.9485622
8541eec88f0dd8229b4fb041,435361143.8256015
54aad3aa4a166d2d50df48cb,902751572.4007173
eb9a59d4e85a3f124e866f47,790257390.2059368
d65946f9c27e417e6bc60057,427030207.27845657
dfbb0ed74ed85bd186f40ccc,445478597.9871826
84b05da6a859ff5384f37ee7,500459534.1563792
e2da7c1bb33be76b86b9a07a,648264986.251569
456243bb3fab3e74df21b5a0,626212692.4969258
a947c2ea296f1da3d10b0a06,509271410.3603544
3929df6d73b3ba01bc018476,449508984.21353257
ce44699aeddaeb77f23c9b9c,821130801.3759874
3cd3537b5f9475657060cae8,1017875333.7217134
4520ceed2e5fe3458850a805,714892585.5158733
00dea98fbfbfeae74c513bb6,717540619.8077526
16da41b1128c039ff8f83919,585328671.2953671
111d509185303ed970d710c7,851841250.0415977
83ad1ce7ef6d70842ec986f2,533814009.6075457
74f8ffe35e8d3bc9be725d7a,433938294.4422427
f5e7ab7c2edf566fa22501b9,847930423.3433759
2e1f3fb2323fa16150f8bc88,461276255.20607597
f8bf37a8f81a310e299385a5,480393762.20183533
7b71229680a50bc26677a427,482286048.5119819
1f7daef9ba898c4d8ac1c81b,471098686.2233633
415b68c7a5cfb073676c443b,438525259.5761149
856559e93205dd1561d8ada3,605423379.1834618
6d534e4baa1740d7839664eb,479465713.72229975
9ea78159ad117bd9c0b04291,628980769.2745287
38faca2d6e338d328428f986,431807083.79231507
fcc6c3c10bb52776accaf06f,633788087.3884864
9120f0e5a6f505a2553bfd58,738171919.7212007
583a8d8c5d7fa63125f62155,660895513.492702
3d04304c8644c81114c36f98,453736950.50253695
21fcb5c7e497f0580b820379,605118433.2342291
6542b39cc8d2d13dc828772d,538879211.8463558
091f6342ad934f4e7f84045d,906537253.7440852
fe8305e287f6a8e7899c9459,447483454.8387477
d4492ffc4aaa4ca9c4dd2357,648983576.9558078
319b9accf9980ef2ef81099b,602245981.7348431
fa84c07cc90e2a2058b57c9e,442784142.1402806
c4749eb8f59cca469236df01,430137108.6950373
b8a5928cf1f7e704e9933bed,605881099.7505063
c2ffdd10fe424afa1b09f31d,516992861.0426255
f221dd5d745def063eeb7258,583256730.4822605
319ba1ec06c9b6ca6990f4c1,725647576.4118327
29e7796eabea247af4e8a0f7,456602368.6575261
ddbca69ad74877086c4110e6,632371575.982965
c858f0f3f5594e7bb0f3b6a4,715995518.8814484
88ae3f4a8ef76675c66e925f,689409961.4356494
27e0810a702796d97878c34c,445664686.56312644
7450139ad1b39b2a380472fa,903087205.6976969
35ae7661d8191507cf9e7cdf,723011405.9801818
93b8ea95ca1c1ff3881d91d2,442033563.6454326
8e4709859d50a75dd08b03e5,632912047.8147635
7026113e0cd7b2d17f8a3459,668539465.7782208
9af956dd8d83bc715592b97a,432480193.5353074
df10ecb67d79e645f77a90a6,999485134.7825502
14feeb619f409386e6eaeda5,478150428.9360348
1a6b9a6d92ec5e905ac97cce,644323206.9353541
057585ba19d6144408d4e2da,509484084.27454746
72699647b590d11ed9b2f2e8,420548604.150814
cbc99d6202cd3a31e1c14a16,637448535.8714604
ce1d63bc4411a615b816a76c,787465368.2296984
04f0fd25e2456759753bd2bc,508126361.4227915
8c0154eb5be437746213aec8,790370336.7881293
e23017438478050a655f6d67,626266190.7682647
8f0b6d6dd914911c7e90d302,880075929.6971915
4b38595746dcb78fbb459781,548934964.6613437
95aebb36dc0b4ea86db49492,935234118.8759395
f900f7a9c5e2ea51689e8992,878009314.0903194
3fa0d9e247f28968a5bf8476,453213067.6504299
1240f50cf2d8ef1d8713e671,448364942.49941295
14a55e5887af840860b41ddf,420151527.523256
3ffefb3f453c54585fa6ef22,775944075.5648918
c3b357d17afd631df02dc39a,780017142.0402397
a15aced0fffc97e219f99545,378886339.1789743
cf707785919dbb92cfc7b5f6,962839049.142013
70ebbf6a402f0f707b893979,598088958.4969232
aefb3cb6ad2de9ffa90b9534,614324146.7924501
b2809471a0164e3d41b8fa60,935290455.4324466
6d11001f164d81734a82ec1d,485562093.624024
ad71acd782a4fce4d9af04be,476962758.2023492
ca86f53a857c23b15eef428a,655167630.5997527
580452a616b4f5170eb628d0,688262001.1449223
7dc609a3c7a3ab1f9a3146e6,489545390.00885075
e8fc9a1fd4b39f946b914398,519938613.68031555
0d3bc6532812ea618d154bdc,822887466.3709909
1ee436f045a0662037f9d2cf,689509885.5025517
8697b1d337145af0ef8e4619,946841638.2201321
9a08127164a0bb61cefb3680,382120320.75241506
e08e1f260e5c3231c49e5a96,432378876.1385861
b96502e30fecdfae7796f1d6,472598370.7560897
a0b178016cd26a1d2072e7fc,458942802.4595728
5e3d7da3cfe55ad1fe609579,620491264.6795807
30f77637dd52e728efaddd6d,711105638.7880391
2202c5c9a16b771d1e242c18,793181505.669798
3dc8277f29d0a2406fa25ce1,762059112.9862101
a0f86ac00934b57d85b44dde,645240670.480963
9168a08b1fac4c5448626ff0,596596598.3779662
cec8daf847f52cb2845a9f58,842082347.5948732
ab7559b75b340275587e50b7,941875607.283636
a392f7f9ace844d712ab2b4a,797408047.6007338
dd21c6799a32ce6ef27f5281,592897031.1737791
275ec6bd936600c7eceac599,876879145.7943854
978195f1745ab7e3d69e1f50,949508934.0410142
0e3f82238c54e85ca4229977,640127879.0250682
bc168cfefe964762cdf8755b,699642720.0009952
d22d5776b6305308c9e774d7,609448061.5401417
94d3fe901550dd4ba77ffbaf,766502932.2399057
63717ed97f95e32b2ca321f3,852258122.4902376
a7df0496d6ce217fadfad10d,733388171.738071
51a696388218fc2e412f8806,655799606.8807334
a918c218ff761315988c6335,683606201.9972129
d3609eabe59175fcb4441ac2,947188865.0262063
8af2e264b801b3e155e52be8,1126332364.1595473
76e4ebad138d50c690f0aec1,423760247.94945216
9a9553eb431458a3e30fc672,511811438.1278339
117f37774a78d65f9e68f906,473354263.6049291
0c8b133effcdbcd49d52add5,956831201.4118357
5e8b2528c1c0a5c12a476919,776493113.2006055
38d6842c2807d54f386bdb5c,767859516.0096806
55f747145222c070fdd50175,737537104.0429903
ca7d715827b39c417e5b75ad,664178979.3999567
b219848e66fb065d4d2441bc,747085608.2913007
a04d3f4eb8810a346fd29ab5,824076124.6264021
0b06da0ceff947975cf8951e,1058887965.7086402
3f35c44229ba13940d8a705d,895746818.1492176
8bdebb8914fbcaad625b1764,405737482.9199215
f4635193372f669612744011,863574153.068704
611a369172eb6e3e2e4bdbfb,982382930.3408539
6689af92cae5d7c9c3e2f215,825217079.5759556
e382002b0685aabb01891743,612598016.5897708
edbb6dd10f8c9e7596368225,591728763.3739738
89b0592a715c9e135967f947,622294441.8580204
a67c6f6400a176e0a07d6772,691982992.6672146
5c6e6dae74e39d33621c7119,796391754.6441275
0e1c100d8e57de8296363d6f,518630025.248168
e2e639b53456889ab5350ba0,440754109.01874655
93acd9176ff299221e0d2152,667222956.9488676
cb482d76b3b4904c595f2dc1,535122855.6592212
a0e15809e0a284fde27b16ee,758025314.1936094
9a958690c3947f5a8f05cc80,842532351.716592
889bd77c8271961a6e4925ea,666793983.8211942
dc082fe46a714afd43b9dc19,614898708.3611425
99f8eedcdc31cc0ff6fda7a6,498147181.2122431
dfa744f733abef97d82dbb32,708995044.6550784
d50b80d68eb3b928e4bb4317,456341480.38423777
a58acad50184e66794d8d704,568372638.355549
52871480f7bdf5ac3d785630,711551140.4552108
8b083d7ac086f52fd2942a82,560020908.1088232
301ce25214ddb4b5144373ef,698641146.689066
6d76a22793aa9b571da64572,742940019.106924
d7c48db0385bdbf7ecb7088f,1049740748.7296134
874e2c6f3e9f90db80d243d0,448918798.9411101
249667af8d0835c9830e2b37,550268727.8957096
75d3c9e0da9a24f4849f2078,457201540.3885133
9e45b127ea0303f973bac9d1,409114697.33327717
daa0be53e7a1d7ff76f32955,630853613.4068048
bf7463534babd284da6ca671,375052487.3333306
0283890ab76b10547b27e634,565480889.9787107
5fd213a5236154ae5206c372,1004572575.1218467
317e95fad7d399673719537e,708687602.2022647
fb14ddcaa459b49a3b30eb3a,791373362.9518409
4cb5e4aa83c476a5b71d77ce,770580641.948384
f54d358d26af89636906f686,974041232.2868412
f002603a6990ec405d82cc47,963390536.8082827
e3b7dc4e8990f3cd436bf738,552805027.8088248
97c799300453ab511bd06361,737326064.3446604
3c1ee7e502c6bfb20873b47c,490593167.2034775
cf7741583fc5315ba70b70f1,793502292.532179
36a0a1f0432c954604825b6e,465087064.7920344
9836bf9b64f27104c7863b79,561526841.0391524
68a3f9ac977f56cd39a6a1b9,911037151.2329167
b676ed2d0af6807cc2b28ac8,1053007294.0922707
430112bf4fa9324f0149a879,609071993.9059111
fa00e05d83ee890a38c3a686,793365265.9411938
7d503f126b5863fa0626d4bb,451178782.258205
ec03a01c961659f2cfd9c973,556647652.0618597
6a112af84d5a81f3d16dfc32,802817422.7307059
4c5d3dd8802acb9ee22ab912,814207791.2805288
d029158b36963961fdcc3974,687271444.4828639
c2071e85fbffa3d2c2168319,703037398.1857886
60a04215bee81d26f20cf0c3,679151436.8704902
6d4a961e099de1939adc6496,726722315.926746
2383b8bc2cd3d307caba34ba,519999789.18238753
d9357452fcd193b6c5284bc8,1051701530.6134288
863f8f2aeda01a9fea1cb3e0,822068745.7851001
d1a6132098a4bd640321c7d3,629727085.1161608
6edd2530070918074c8e7d07,692277678.4622942
1cfe7df5431f3dc6a9289551,924051543.647176
c617d1f15d294f0b0aea8ed8,542482347.2588848
bbdd78a7ed332e679c8e526b,403077037.21850646
45969f25857aa7263927b400,710780811.9184605
cdacddfdb6ce41a3eb752496,489355383.2331337
3f87d08afecc4aba03587848,871957447.516642
f21d2c0802e3858d493c1984,792146889.5978144
660f3f9ed9a72d8875a9efcd,697793492.9918257
04e29dbe2175919265c82463,978513593.2392715
e4082fa99f92fc7a89092fff,726247926.3402125
05402dd344c77623fa053ffa,749347201.3340352
c5f7f0323f554a7419f78359,706695621.7431754
501193fb57014ffbd7bf218f,550836655.1327647
0922cc27581d9058e55a2239,454512949.045303
4dcaaac494053749f30875fa,813838424.7001973
506763d35b04358fb0e967ff,585730549.9318194
8c40078231bf7af2f3a06457,430902022.3940851
53e14e867f8b02c6043ae02a,453422779.0531254
2364014bfd851a68a824d1da,893866050.8658283
f788ac4a8b2a6dc11c458c90,809202699.2193402
093c849ad2bea8292c4d15f9,1020781701.755552
71a8b68f38fccf71a229df76,486469976.1548992
ebacfa0a8e569ab603cccd11,459579086.02198035
c963faee3ac527dfab08f61c,602574022.3490472
ce3deac5963eeb96826c14f1,637698835.331406
5607cef08511dbbf3288a5bd,485427857.6368351
8a9e6d0839f9fabad2fc3214,650973409.125564
ff03a8cc833d067d439b9903,911833120.2604619
d3e119e8fa4d96abaa8c43c2,745257584.0452994
25b893f6073bd66258a9cf03,498554756.9982248
0d70ceba3aea278cb4a2082a,748581192.1752737
07f9017eb4b8c169eb9de536,876883721.8403199
7cad62cfb4fc3ad9acb09f1f,475700677.64431906
41d174db6f695472063ceef3,476571033.4373318
4ecf579a5d5e70d3b4314ef7,705979037.1693468
41df29e27c0bbb52aa8ffe49,571306525.4363164
cd77cb445eb0f72df89b9fb7,686012346.8276813
65766c8572b629744f00b45c,530464968.3146033
946eb4523f76bb23d0348309,579051450.4502373
453202a234f5b370ae9e586f,461387324.4001561
4e1b5798dcbed1842f260b17,688102153.8536803
f1cb3c0b97ae1c6819fb86e0,1103955557.3234973
24a89527a6744456750baf54,478885743.3550382
a281d59b685eda4978e0c84c,693696086.2567676
6cc9d912370da36c38ac2cbc,756952293.2921866
10563c278e7ce8eb2066d398,704766294.8090769
a1b0b8d18cd78b7cd555dd55,781045268.2013324
3cf9282136fad24af0f7ebb1,679552734.805232
077659c14c3cebbe192f8247,800437844.6894958
c372834e8e7a4279f861aa4c,419839644.6555887
29daf0d5008fa9e3f0f30132,412789880.31725603
08e1ad8d1f0be0287a395ef6,464021292.84671724
19c07fc2b01a0edec4784e64,558329424.902221
c2b5216a8050ea0fe4008f59,666712903.5698813
29cc054742b256e6fbc6da1c,741864797.7805707
755a3e09dba04bb6ba6c9851,670411555.0816853
c98157c582392cb895071f28,694351492.5228759
84f47e531a916b7f7dc1f1b3,691671283.5750511
231688922448e4d64622120e,544714586.8509666
9c7c68df14c238ce0b497dd2,908211315.2393497
d5e29042106130114cf3694c,434187824.45563424
08d4fa42a34c74c94db5080b,708970331.6730458
e89fbcbd4d3414e30c30fc29,673214998.6869842
22af7bb676cb4c9ffe014506,434319313.13760597
b20d6ca58e91ae70b6e0a1a5,1058940033.2446201
5c372bd1e01f3243256e27ca,451049694.17546314
1242d7e61857ba8ad285b6f4,1052627310.2790812
196ac46f656726bcb8087ba9,708765215.1716515
ae513b65e06b69e1ff2ad8ec,430347018.3517347
bb26b45df6a70b6414958912,428237502.5614659
9425283b41165156aacfd43b,430554246.626416
689b510fa99bda54284cfe7e,692131832.9872481
c57d333e383039db0fcd2620,785955183.8460512
86e98ed0bd2565b661b81ef4,716965113.2030429
0e694269bbff1e45395190d6,953911039.184567
6511180e3128e083bbbb6940,904645840.4522471
59b271bf9e2d29ed35352f5e,431035148.8659322
a4c324b1353d2f7ea3ae9727,431035148.8659322
193ff8d291a9f163a4f3301b,532568336.47880256
8ee4a7cef562d388b8444c29,413173343.1936548
53bdf5c3cd800459acca551c,552093298.8573753
35ef99962cd5984ca87bd326,475373989.8430048
dc33d5ffcd2aa2b7d56d2ad3,626271207.2018198
05c47739fa4c4f00285a2c48,859716042.5625712
a51d415712d8d6c8add7009b,773487128.6352664
71493c81121558b8ba18c1c8,428237502.5614659
853a14b680761098d4bf6136,714196116.8625687
c9d5c08973c493f3acdef892,450334981.07504
7dcbeb0aef2e2cac0d73315a,423676119.42648226
ae5a4da0000f79f12142e2a7,627573975.0845602
1f6050fd5261a2d21d5a178e,406627312.9830552
e3f39c6e4a41fbdc4bc30e0f,510215207.04966354
9d157878dbb41c14b52a956f,406190195.09580445
e1fdbdecc84b991f582a2e00,472010992.8881362
3a26efe201689493724ba464,472746718.7894882
6670cde3fbc11c263c6c3163,484795301.68542755
780ae52ac9eae675f6fdb312,430521869.64730686
24f22d76b86498d5c3563288,564041057.3531371
fda25a0b6b9f62f92e3ea6b8,662937956.0333879
678ba0c80536dd27e385b31f,412793928.6328784
ba0d0663943a118228fd12bf,467161028.9329655
81ba4b47e9222c15c4102992,526694194.626534
d9ec26c1c3e1811e38f070b2,460361893.61526644
aa850af0c6203104e6ed02fa,487727930.6557535
c697ec00214cad882d5e9812,586891285.4718788
4b193d78ea6e3740bf37b36a,588804400.6711171
08c61259a756e617d976e8b8,698065202.2725048
c1c1dc8df6996a94ef3c7d33,450940064.36131227
3fdfa23ac43d1df0503ccf1e,512495849.4391586
bd4526ea5b404df442892788,438072974.81376225
1062419f9cf94418ba88b6b8,451365823.6180124
1102f91444b8e1abb636f1bc,635726241.6972555
b96b4bf38bdbd61d4dd0bde5,766787848.4348873
45ee2db87e9ca0a1a9faf050,642097851.0925647
556cb23459a9007127b3ad46,841863909.482845
a613b18945052b4576595c4c,689491413.3633579
fce385656705a8f4389cbb6a,735001257.8148733
bdac560af3e155db33d13d57,655155265.2405486
fedc2418db2353b7c97a260d,792824728.7452822
4565bcc95c54bf0c8d376eb0,746206339.8997039
5fc559104e0ba1112ce00f5d,790417648.599705
74fdeb4c56b29662f13aa8ca,893018175.0768418
fbaf74ce4c2c6e88950d3fdb,630520563.6363271
5de0f045039122af0052c544,780694802.4423869
e18337bbdfb106a3f1739960,576504735.8698783
e1b9ae3e0ce3da16f18e1079,763402576.1024537
a57435d71ccc5f032baee302,630781211.5870298
fc5e8e45dd0a338ab5835428,641293843.3701179
918bec54bd7587daafff66e9,696507380.6789198
86137b9624049333f7e0315a,739055689.5592488
0fca6767d8f442da1f8bc6d2,548637034.3058945
3ea5478270517f299b20bd06,658883638.5232973
dfff73eccd591bb26453eec5,564131147.6929259
e2dad5c148ecc797018439b3,705078084.5311486
b5a62d480bc544f891fd8521,764293193.2397485
cb09a84a1d7b929607d01ee5,652699531.2289199
af067a8546e1177eefe24916,570999942.5163803
d6f9abcb58befa3d05373a72,687676906.146903
ec2f16aabd36fd9ee2203276,922440619.738904
dcafab7adc7b763bb934496b,574322931.4782908
ede43dcb1715b959ba34a37d,608325009.695789
40dd67aeb6e9979211c9345d,713771634.8830314
31f630c44db4be5360a57640,715494336.3767533
ee8651631861c1b94283a953,1078051892.7784314
b7d245742eef110adc91b5fa,890549886.0263304
ffc49242bb0edf3e22076501,1050900927.6861703
5c5963c17bafef1a1bfd5e03,786278401.9212061
6c589b7e6a3cfad34e98bd87,775614764.9251977
71ab3644da08b8cb0a0b34b3,836799201.3331833
aa668782ae5d0c16e57193fe,848722125.7571658
46673c69814a0b3f25818dee,970631996.7077602
b2a417a8d2440f9124fd2ee8,807674873.7410823
3e0ccd899ad73579898fe73c,895713921.5318
e6f2c7d7317fd433e26878e4,816453556.7350163
2d91b3a8c62b890fd246183c,855901466.3450769
fa653848d69ce620a41a73ac,893321136.9339845
3b6c94e3e3684eac73b3e7f6,1098983706.7785935
a6a07d35b3834bc6f81beb6d,681367325.1389443
a39617b7adfeb6ae7d5ee5f0,983447292.9010438
95e5e774dac6f0159e8afc0d,564966510.7154855
995362e3fea8e54538ac135c,448348302.2736339
42525c57e13abbfafe9bb395,1112169827.8507895
1ae6fd60628e7d186a5e0174,433673906.80041945
082293a465231208059c5d53,435818102.0859962
732615f6d1526ec9bd519eda,431241075.357454
99e9c4f8fd7fb7929da10a20,407753810.0860528
1a75e436fc23e7f48e639b9c,435638638.6969722
54cdeb67ca9ea56205e4e533,756614872.43588
c412ab869616d6576cbb8309,622249226.129167
b17840ce59c9d9619b46534d,450284527.076761
a14f071d8e5c338d9ebed23c,409223765.21769536
84d8504f0e860b0760c3592d,659685645.3499264
a3d03a25f84f4d50d2a308b0,479802997.9183052
bcdcce01d86d648c4502d42f,464788303.9259304
33379968a83c8a90c23e77dc,430789491.8057827
ecc36a3a4610829ee3f88993,431655624.5511178
f4eca80958b7a22922b0efa1,430966503.47210574
3b4ce006ef95420847da20b9,428743977.9894897
4fb644a95cc04f7bc6cda786,413705488.93566597
f8fad48343ee5134dbae918f,413705488.93566597
6e8e08e09da8dc598b8a8b2b,431655624.5511178
56ff1f7e81fda0c8491c354d,430966503.47210574
444f102b4d54503044154ff5,428743977.9894897
e0eae2174807cc7ada38c726,608469091.8040411
afde90f91b01b0282bb94335,519485377.2255227
1d35c364daa0f021ef263c60,403196165.81021255
8c47395a28f8177923d7b75b,415169543.7434225
98c98982020ba42198aeb45d,650973409.125564
ff424474d2d10a2c2a1c1892,488997599.0346919
971a322e9087b67650689ea0,793034049.7072465
45a7517c4d29f5bc7787dedf,679151436.8704902
74a51274abc8358d628ecfe4,814207791.2805288
11dc32d92ac579720303c019,687784200.3678844
4c25d939eb3ec218403dc4ce,792945420.7087384
55597a7b8637f24198415ed8,717525757.3489282
eb7173223a27076d16b87f33,550910350.7201076
709d17b62bc95253601f243c,688550276.6249721
fdcf0e439ae8b2ff5730680d,749685925.2916809
2524e62e917e8a1aec5c9c26,571567257.8087661
ba601c13d20602c988d57246,674038031.4143656
397a7d1cfb809e34797f2bb4,808774472.8903816
b54d3ce25f3f03cf3fa0127f,453663074.333475
d51bcf03d649839ca803c357,471138085.9267787
e9fac47a0f02f27abc96d568,857678415.2402805
a52bd93aa6b0d965914f1101,692277678.4622942
16601a92574531c1fd57a359,626386133.7432466
0e64230b70f4a227b444115e,980953539.6506778
ba2118c330e19baf4f3ecf94,770862776.6201694
055e29f236bb61603d4ce9eb,781331234.3136376
7c5c0f2d9a0e355069fe1c64,745597704.0497531
e781547cf6f8cb4ec0742b5c,679552734.805232
8caab74ced535ec5e75acdfd,552110009.8446958
9d64345229b60ad1853d94ce,474997909.9608292
d128186867f91603af4fa481,875139120.311981
f8fb6d1b0dafc28920393dab,913370962.0345304
33b92225cef255b0e4b4edf9,513492212.28837705
7eb78d4dea434674a230caa6,704567751.7580681
833bd3c8ef9d4da2f304a94a,754494244.2033905
331f0957d55d7f03df7fdc4b,1050798973.8155773
cee124f4b9031f59c4fbef47,1023651477.7886196
8a9663cb622a55f2a1a8e3b4,908075920.1814129
25d4a0ec9301ba5d53deb780,541939433.5048301
38d4b1837c595b6d9a23e994,813813734.639788
a21923caba05da05449d60f6,698111951.3759133
63cff4b5ebb2b6528ad34cd6,709011032.4303839
948c392520e1cb3a030ce86c,893806707.5107288
b2e7fd7bcd93309664cd225e,773829694.3337976
9d6be7123f2c6e610971374e,1050615261.6802096
3676e34e4824101f3fd9aa2c,585471881.8831025
f849ad486e84a82190675b89,692131832.9872481
2fb8b2990751692b8ef1ab6e,707581596.0470271
5155f70c7f8978e487e71479,711526412.49258
4f076c220dad47bd9bf248a6,789983970.9683883
480041bbef3a540df2a36ea2,786274766.0924325
4ca66e564ed478d06c471357,703358249.7787402
454e4126257189bcce9b681b,852968731.338681
10ce9c7a0a58aad19778e5f2,802976862.1541537
dfe8e2542755d41d920e28b8,525353448.9067394
5115b0da9c95559dcee9e58d,832307970.0599462
8a0053376ffdc75d0bdde77a,766898456.6204151
5688288ee38f1a69894ac77a,700649336.5700411
1fe514ada76363511cc79105,746505266.8550924
885a312d9a5bfa8a8db5279a,494325269.4262505
c716d4dfb5a3c2e1120bd84f,467517299.9769043
689aafdc12fd1610c2393a6c,594133683.0902007
c0c4ecc8d3aefc53c4c06a38,741875808.7678822
30091c32a5046d563597bbf4,481270608.3496372
2e58c9b6fbe9c57c83bc0aed,816810003.1008896
3f7c5d8304fc650bf97247ee,726425913.2217773
56334a9db3ccc24faf138edf,579663182.9644669
6d0680692396c07afc1a260c,605428683.1383541
9e07dd563b6ff4572f5d9031,781876182.8756765
1278c9fd86258bcb435e7127,655569622.4770226
acf0f98cd8f8c8ce06f30ab9,1073031601.4833062
5e3785bd517f4faa2bcf43d6,901681680.8467917
cfc61dd41ee5f5dcb76bacfc,547833473.1800244
2f171883b97d9c02b90f93a9,395502111.3248113
46aa67b5e0abe39dae442d76,395502111.3248113
50cb49d65d04a5d166f96e3c,414237321.126836
06c1673c4a7444e7aa80abb7,409430627.82369417
53881f29c7a6bef0ab537466,536053614.3925118
2b028932adc74c961170a4ce,422203703.502983
f3a1bbe01d265470a2d7332a,479003883.74818647
b42d5b5b38686929eadd56d9,460825099.8758791
bafc63f23f097c24d36c76fd,510042266.2491908
f164514211012e3a1686b148,494444446.7339411
82b90288bffe8c1c0b5a1259,471791884.6884323
2fe64bad1bc8a43fedfe0700,508517272.8028895
da5b958667b31f4f9a1d84a9,511116667.3095135
b3bc9a04a3ebc1b911326735,874131078.6846532
9ff3acb07666d53f00d1f1db,598468718.3326242
13a44ce5066ce00846b59ae3,664204731.1499232
bb45c98dbab56e5abe20ac0d,719059286.113159
f88bade1cb7ee0fa643f31ad,616210816.7112275
e9ab6916a79b4d5182d33bf5,644029398.175513
144162ecfcba71bf09048dae,544367588.3174275
19466034c2ce19c24a179fe6,592755617.4610676
3787f6da3e961c0e10d30e6d,732046250.0716211
908330b0d2651093c0bb6719,655209223.4390743
66b7baef9c6c3c7ad24636e1,628943635.3091059
69cb0f3d422c2c78373c2e0c,864833533.067556
1e866483995b30ec7f79d9e8,716256986.6494138
866f2a55f42cf30c4105631b,716256986.6494138
fede7e1a7a6f23338af6f40e,713989434.3226317
7447156f2967391975d335f0,592755617.4610676
08451af5a81fd6a63c4012cd,561758239.0138472
f63608198bfcc858abe1ab0a,691606018.8356768
e9a0dff7ae48bd3fa2ecfcfc,649226548.9092466
cc97f62e2fb9d3e31ef1c00f,809727491.7404554
ed40f198ace8a4405cce7a1a,722394049.8426408
bf17b59bf2ac2d06894bd786,725529034.5584778
e118b149654cca1c0b3a58a2,1053276877.861513
7f9bdd2157f6c3d488c77ddf,815049686.147199
9350225547486ad75c0b5ab3,843715908.7239339
d1166776fca47427c77fa8e1,739523275.2926414
f719b387fac4f688b57dc646,780059408.3644686
6ce8991a39ec7b9883f85000,751557590.2603298
353743db4334fee80ac08d0b,1043144222.0159683
372a3934e8179422b5cf5729,777587886.3588848
81516aa72c98ded9223db098,830708720.4414419
9e80db4c35139bbb18775644,1012377238.117387
12ed2c22a923c840ef616a3c,819452043.5813094
7bc57b136bcec053cbd073f3,819521300.4858891
77a06084509952c6cfe8f501,530879633.87728894
73578b4214e2eca83b1e70ac,604359920.5189971
527e571030a7d8fbbf1a41c4,645285224.5249507
961baf163a07179bceba67a2,824093414.4059623
76b41682fa6953a3b20d3f27,604151928.1643184
cceb25e83ecf22252aa92d2e,634720460.1077225
210ff5d4404ee8578a5ecf9f,658381840.3465698
398274b1c46fd88151420c6e,431231498.5525457
5b328b80dd844db2e946302b,374245748.7633726
4195fdfe50e42e9981fa2f4f,493977051.7630199
2d4031f171f965d7dbce0ef6,609180483.6913038
fc1b713d5605b0030421d5a2,857352598.4184003
cf6092df1f22a7c4b8ff9d50,606501233.905489
8dbdd7c8971a514eb7cb4d3f,576598996.8347418
c197faa8bdbd51c075a6d3bc,577858535.6435983
1985a2a5c3b2b0c7eca22afe,742206512.4499525
92a1a8b617b6d2c3669167a6,692121033.4605182
2a330fdcebb247d6a6fdea23,551223797.2389886
c3dd975d0aed59a65a784e47,738971340.0317005
608a2339d558a6cea9478756,679316252.567188
c0ccf6d535d1316e37e1024e,785557982.4370575
229a7640d41a8b8d6d2f8f83,725825357.0196128
e3950ce025371da2b4ad9db6,739704023.7870357
a7e41393473834db30f2c1da,758465297.43759
7dcd1597e11f83093cbfd7a5,873670120.0878927
71235a69058912dec1d355a0,1053643620.0658551
349602317da0e456d88fe24f,778023658.8459114
ddccad3e5a4eaf791ce3a7c9,605784939.0356936
776d7d1326576f07762ab3c7,590052791.1797866
1b88c06bb3c1bc2bb39d1b86,688070278.0870688
1c5c4f4c731545aa3388c554,580091361.1377853
aaa67089a753d255215c15be,610742639.7461845
d6d5717a4b7e2edaef162b6a,484972935.04865426
0ba20e953e8e76add161cd6c,394498784.5108787
13c39860029403ea94b5439a,1001721773.4633086
d5436eeef04e1a8e51a38912,402469496.35599864
21f00ad1214253dd5bb97817,862301372.8983971
5a3119efc021fd0f102ab958,513349423.76230675
331c515e7f0dbb4460810999,532699353.45629686
9e360588b18cb15aec3b6609,780624075.1580763
a7cc7d2ceedf4d69664dc734,450952619.07178557
4e78cffaea2008f3919ba0ae,436092692.01039326
452e0518f7164287e47e6354,714000334.1897979
74286242739391c4eaecefbe,535618714.19237787
df06b65985649c7107b794a4,455220547.1593377
b6a21387674a509514fa5518,942266658.871859
6752fcf8f1af18d61124e32c,748599923.2608854
a7e40088cf53acfc65f4b3f5,874002519.1240757
61b9307a25be3119effbd0d2,420799325.1920689
3061729865dd2d68858600b1,514226201.23437816
ad38d5660b6f1eef23b76039,407264838.2432393
1d493f3954b15e84c41afc82,477300269.2782669
57744cb947a923584fc6bcc4,443129305.26529515
16f60cac352cc0d668d226d0,409682315.654815
accf7bdeeff29ec7a209c509,404047358.0069431
a694b9ab05641a6325764e63,448231240.6095104
bdeddd3f84cb0ffdd1fc27bd,450766287.2690461
de9ab30042562789601833f6,430207049.5978851
1a95522f43288e32addff2ba,450619737.32570237
3cc722d5c764ac261611c2b0,434574809.455434
aba85a8a7ea2def1fdd18587,516528415.1370474
b272c1025cf5c1e1df47042c,564414581.8915042
5c449356b8b2d7e0928cce59,451488876.03598726
a56d3b5bc13c9849cf676750,575869000.4289947
942c934c0d41ab822d60c795,452302741.8228234
b0fe09d086490092f1690fc2,562982238.3238599
7abc8a11d3d6c905de3f567e,532242713.0647357
16716773b2a43df0332622bb,595809336.0429555
98fdd3fc6c9447d0f05eb1c0,514017603.5156664
a59f39373ee368259b441de6,549889846.3381022
cb778195c5d61a7c4185424c,683097655.7828766
c0277899d5f185cc78fc4a79,546745403.5852253
44effc9574c74ea4ad98ede4,709495155.4061371
e2d00e4fd93a02ea81895355,613223589.2697568
ab405cd390c0681c3c67836e,595515247.8363031
86db204f7ef6e0e0e6687246,692386786.7920092
97b791fd94b2339ba115a75a,523444533.8756351
3897d9b5fe3a0cfaed7c18a6,565595686.4745055
ce206b82f2de3793156baadd,660741260.4573525
2c924b9d45667f7168bae6ee,642754693.1610662
358eb586d9649d20dca9bfcd,611575077.7641828
71b1fe15c5bffb750c99f648,574134036.3857692
eca500b92ff96f10ccd45e54,542810788.992984
7b63445c5e1ce95bd12c31ee,664915854.4559193
97d64459dfb368b1f6067ab2,620290026.9314874
1b09874d5a3e4c9e0d544198,724215988.4654126
54fb79bb019bfd10e5481ec9,726646755.3546252
b3b63d292523ce0a925b871c,679214963.5462474
09759befd8899fc1e359935f,711854997.5593253
62e0110b1c8dda16cc7da89c,654256324.6919081
d98ba43504fb49a4f0bd9c05,558710669.7036178
48815b454dfb64fe60e2cde4,583058346.9921932
40a65310ce666e80a9611d4c,718800788.4728225
a8c5674b5d110d99a1e097af,791109259.2814465
ee9e7dcede0ffc20442b4407,773805758.0644171
9e858250fcb7320b65bed9c7,776479693.9573005
bc76b078832a3a81b6d637f8,1025999039.31906
b06d3ee14ccf3d46fe2431fb,659216954.8890488
87332a7e03cb851342667b98,748523501.15539
faa37a79a1d72e4b8b0c80a6,748523501.15539
0821109831351eb2501e362b,713602477.3776796
8d01d6561223272181235c69,823816428.8327694
a0f1c94cd34fcba92f59a59a,733169953.2766749
f6a5c88d1bca87c1e89d8084,910059185.261169
55118881731616058c929b1a,759962263.5199673
bed1fbafde11c156b655e04f,1005238320.3406126
819d2a7c3330480b7217577d,769291033.0508734
e1967b56ab8ecd035bf39534,724530864.9694219
08d0615cff29645ee70e20e9,836638433.6023462
2e8af16a155fe18c8c6730a2,1002633942.4322375
882e8e77fa1a71288f6b61cf,850617748.9649452
7930bb0822caea5f6451bfa6,802683795.9331468
993a18ae04d78d374f854262,941373084.9706254
e5527bb25c85988e00da339d,1076020237.003641
07bd45129563bd2fd974deeb,408369901.5459374
83727953ecffc17bed632d94,436992590.37195605
2e2d3f42f4f8369733b3bcb9,737914371.8268306
3b23a71bf40e800a66bdeab2,472035528.5309346
894f346e0ad39c57fc0f369f,830827538.4661256
d1fcd31555048d043cf084be,554659301.7814277
8d48f73816b248d1166a09db,634349900.9544544
32d5a20c542a8194a6aae965,495258867.1795429
53870de54350a8cd7c13f014,675508669.3371266
31cdb68dc6476128c4bb2f5c,988906561.820256
4be6d93d8ae1375156444f05,537754761.6796073
33a7f6aebc3e2d480d287199,719953821.8765043
e1e188d3f9940f9dad98488c,679563793.6037676
76167f6ca3d2c404104b77fd,601630258.1155847
9297c340db8a74e10dbba148,703155023.4524925
0e001ee8f27e1a2fffaa0225,1171238000.4633284
ae3868ac8c44128b8a955829,724870104.5094918
bcbd20cfc50e2f032b174b56,387491607.32894874
253560c855216bd9eb102595,556445007.2253653
c9c769e7ccc99016f61269d0,482327563.2401922
7c07ba1982289ca3abcbece3,605644447.5833746
c5c024d11b3ebb2cd088bf6a,782253180.9845496
f0a8fb06fcdf8997bcdcb03d,821577944.877112
806f9ab2a016e774689ce2b9,374587555.07042545
4491bda913188aad3c66ef20,686523254.6243516
0c37c0d27631960f9e0fda1d,712487472.3059553
b50b45bda0905a116f238c1d,441495183.9513814
f0f8e755058d48542b9cc4e3,883755084.4435716
b3005057f48c1794b7974f4f,554045851.3602601
e1e5b0bd721a67318a3848ed,393961420.12474704
d96155b72c02bfa04f7ea98f,479725045.1530702
3825ce5030d951ef0fc2f7c5,402242169.0360712
99587dcb4237fe90acb15b5e,434438581.9910928
452ae373210337b8008ea2a3,903299719.7174803
09ae7df5577582ce7e7b0aa7,674788375.2018218
b98967876009fab4290736f1,634917332.1092153
24a4a43ae4c687bda1066227,871054405.44983
c509f2036a11b7132c633d2a,796746029.5738667
bda914dbacd42b2b7c6c5179,569974330.8004295
5a681060eeb2fc8f1b3261da,480333251.0818086
016bb199b12846ccb0b03191,783511255.6989067
ba94676bc0385678ce3780a3,533097272.79624677
b2183e5bca67574df7d5985b,447694993.5909505
baae43ea29f7e419bbecf998,566612973.7192496
ff1a7adf260e637bf316812f,398106558.66536236
8e56b5dbc4cf628ac12e5bef,940717046.4119213
c8941b8d7626f7b33628158f,1003304614.1683131
d504ed869ece1b1d6e724452,403303772.65321934
1acb5576ccae1f0534f614df,565656567.4867222
ff228869121d053ca7bbe431,851295869.8714272
ee4dea05e93581750d613c59,484609829.83630323
5d507cdfb7c233cf96dc6a83,814009900.4180692
faae4324336f1211ce4c7809,527149053.1455159
9a8e471c8f4488c3799483ba,470360417.8181411
d040e15e50d655f4d19bff54,404485343.87852085
efc7e89ddf3de559154d8e0c,810063543.7027732
e91598736dbb7319952f0dfc,634249071.7621648
4046ebeeb7ab85affcfe337c,913925801.482426
d12059af22bc7d6ff170430f,966638233.4999825
99d39d72083d7485e8944a3e,434656285.90849316
b9ab2dcd8d1855e4bdd540c4,884761145.512736
97106114a8d353ffebbd07b7,850256940.0287249
d5c950db90c92be5fe753189,728698889.9010072
119833a13f3f7df22d2b270a,489188510.252328
b2078743e33e1acc49c2d2ca,670550929.6837952
fb9371f86ca6f4e62ae374c3,522744015.4140466
6a39a747417143f0cd24f3bd,1004768526.5269746
7bc0c9e2760e4b1488522768,797985954.514386
3898683e5d24bab9eea24d30,554511482.8931693
be0e466ca7d6942282c8626d,733395512.1224178
2d65980024ded46854c25260,1002493003.7472876
87aa28825a5b8ffbac5f2e2f,613914331.4982727
918b0d900ead8267aab4cdf7,578469881.2208592
0c85506b301862fb58b467cb,448380999.8276383
4bd031478b15017efd41b2bf,918701931.6038973
48bee96c1f65b8e283d67483,494227459.762292
7618cb8d215425c931f47886,479601217.04832214
a7a219e7cd18f3c4b83649e0,432212399.3938083
9d3f5b59b9735da05588b3d5,419187818.2760817
6ac5f5f52cfeed2f0ac9d018,551447469.0872128
d885902c923752eab7b619e5,414862363.1376655
b183e2562cc4816244ce0e1e,620768530.2206855
88622b66e6c47cc62c3824c1,687241992.5223193
01230eede2a4a74ec4ee5105,541297946.5814626
060451a9e3e0416ff41d253d,657692337.6129711
3ca0e7723afebbf53e390297,757267347.4404699
e2ecbfaacf11ed16fd71abcd,499260185.44873106
1f0d83013ea5e4c3f4beb583,572353917.1686667
450c4eff7e37a271fc24ce3b,561890387.5997484
a70d331be751cdc3bd0aab29,376597481.0895955
41ac76d4fa450fe0c377a0e5,381228017.2049157
2ef8a530db816223dcf474a1,480927682.58133924
d09c1af87ddad4ad11b82626,430040067.7336724
35b1cd8020e7efbb9ba5adde,706328736.5773718
6714f846f2fa3527641ad96c,697110581.979095
4cd5338bcf246ebf263baa35,442417077.18707216
0878a639ab8e6b6e69a3df41,789484887.4863459
f4c118396d781c140d8c9b08,485124229.53178144
27151512d4b592014137ac1f,815022237.317253
8e5123f5ef1da66571ccb600,1041191988.0573747
c491a13a87fa1ef595b35826,708164627.4955375
52d6c4bcb442eebdab338116,990648636.9271826
e23d93ade25e73614d7bcd77,871727604.2930696
43059ceabe98412315566838,795144804.6382807
93b7fc7c4f07a7f117e687a4,617551339.7918068
09caddf25db3ac8e1a98565b,557972025.3557982
e3034ebf243b024cbef83cc9,607941789.8831307
63cc884a9c5c888de176461a,559237316.2824018
069fb1f8d0f06ac2fee87314,575908468.4414328
059aaea3859c4b9662ab4df8,420631788.92035687
148b157ece514d99be0a7f93,406548043.5642003
9c4f397c093dde7de5d485cb,539225899.6837361
e28d8dac5c1c75d295a9eb3f,420631788.92035687
a804849802cc0820d25f955b,420631788.92035687
fc43df7f26644fa464ecb090,446524625.262633
608b26adceba64d9ebc5486d,420631788.92035687
be8bbf40db0dde8ed4cf338c,420631788.92035687
d255f73d4066fe559065266f,396165810.49332035
c552cfa8e6b8c8be2c963ae8,426346017.39101475
5ee020d4adc767b3b16fffdb,407852942.2097795
2a01945c2ce528c02b391c61,430833755.1530153
dd7ee555ce0b2d58dbd8a9ea,394122493.81782067
a732aefa7ea4715325e9e80e,440601989.38547885
c6faa40acaccc1603c29df96,446524625.262633
fd8caba10cd4d1df27605358,422283144.63233966
788c49c17df556bce0abf6ce,596900378.1399268
2d0d803cdbeaec6e2626eebb,464833191.71976763
0872074f7bd512dbd4609c85,427814881.14059675
3f97341f90b11e6a7a7f7c2c,539349056.2512437
2bfa301ea435f929e6c0d1ba,428536663.40980804
1d029020622a600aad4c2991,658964609.2018082
8a100bd7f5da66664a2680e8,430828908.5138227
1441a28c376a20c90d72cfac,507467849.6582012
495eeef459e80680720a0ec8,444883952.1208748
df81d07cc6e8fb0a01c0f404,471717259.19731265
e23ae41983b9f112f05bb703,577712700.5473121
a2ba273b099221390bee92a9,445890921.5848396
63dfd58a5c43cc7c0a468209,434862611.3799128
27aa789e29e52ef8d78b9bf5,493061331.5831723
fbd613ac06b6bf20d76822db,482743714.1824549
2a805135d8030b614d9df9aa,513986006.3661071
22c9b57a67cbef0920d09174,457928242.3094823
fb76da6072bea5801e407990,440650065.24785584
9050b1061469970ce28742a7,499645189.15950596
96f5db1dd0f36d1087172fcf,570174551.7642915
38cccc333e2c38bd608e1880,480035766.0818641
efede59a47d17737f90f4bcb,641434900.8296257
bca5301e6460eb859b7ef34a,461397533.03895074
a23a13e43f3e08ab82c6ef82,474084292.4180592
8437a42a8e7ebca46eb088cd,433563704.32105684
6e3cbc252c449fd4b758b97b,496736693.2614014
6cc6b0672aaccb8909f3a751,558435068.2497125
c60c2efec3c12959d86fe3c8,457283749.27329695
d0e45d520227ef8a1f53ba28,564743688.7237469
e45293f1e6ceb2fe79f6e0d5,587772131.8586973
4202dc3f8255586e1ccfff46,471123583.44151306
1d04d5450762d664fcfab674,537886725.952234
a3f969063f78dbd95e6ee795,470884348.6677542
2e3fc1d628f6727880d3d4e6,496284827.15248376
22ea31eadbd3a54216443137,435255643.1658537
6490a1eff73727bf62458b0c,483285190.47852814
49721aafec7123f6ff4d8010,544095473.2940751
bce608b4629b6c8512ea2fde,604463228.5867493
a7ba3ccc4831ae7e539f0cfa,485161942.54752845
959b2293af0ee4f7c9fea7c0,563413910.3182522
bbbf74a3abf9cd8718384a65,618611864.2312807
680a71ef7ec15bd919c06320,466054226.1835516
0bcdef6d56052acd2afad93d,471251418.509105
1bb885a07f57936b919629b9,531750863.07392055
8a222af682e2d7796643ccf7,535969934.16205233
3370a48ec22302456c41ded9,617091813.0847712
46fb04e7578da5741f6da4b8,510914364.41222435
e9da7f2549d914aab6a30e10,432088807.3600011
10d0506d84d778da572ec635,496693996.69745785
966e8fc9af08e76f8b276245,456403595.6644861
0da2a849e0f83b17b006e50b,433948432.8635466
f7101a05db93cbefd6a3b31f,430554597.1987418
b74fd7f7db38ec233c6ad71f,462087544.9621698
0d63e52a47fa884e36f10810,479199247.950986
77fa49bcb52539888d481ab1,551084148.5902097
6f412fbb33519fdd31e741c4,429332773.48000133
6615da422a3864d415b28fe9,440787205.52139455
f258fdece395f0c4f4da6a96,513548798.73734653
c54c645c340f59dd5f47bea4,479464803.21584874
bdd287e9de82903f210878d6,638096080.2359903
e110abe74ba0ad062c9b575f,562905493.4766666
47e5ea8cb7f5ab6703803690,508314887.73587954
e71c6f7437c633e2d9da643e,473424683.0655108
783161faf2e3501c38c0aaaa,478396014.84157884
5fc3de15eb0cd87be5ed2e6f,495893172.0651618
4066155e224520530ce985eb,453928044.344214
7745863791b5cc6d49f84c8b,506102240.3188823
aa7551be1b8d6278d38fbb00,447534624.2750553
d654c9bbda61c4c0ee1ae2cc,445139117.47359765
d224080523a2bf2e81698d15,501695747.75932354
5f8d0a2ab1f9136de446528a,491927779.28854555
405fec98d5a3c8981173311c,439523481.1378884
2a9e77fd00aaaf773d130914,461002942.7033372
279b76adc4bc9f8dd86759b1,460611187.50907093
f815ec1a63e980717c9c3290,463312431.0728265
a8fc825e34bd9bd56ec5331f,485167920.1684298
248ed6abe6e528dedde951a3,512787422.14712495
2bce6544d58b6970192a1838,427361510.8237202
352a76b301243d22d1b31f79,435117999.9672324
bb9991da696d6e1f13a32d0f,558383616.5813198
8e88e6cc55ca769e472aadfe,478691408.609904
339ca7bc687766f517ab3274,445696112.0788982
93375efb2e74f4913d21d94f,444331369.7876305
17d7e6d321bb7394546e6b7b,488341797.82433337
0f601f5ee798174ea9d52caf,528673028.98303485
8ec8cac469f2448654312aaf,711353980.5752472
affb62139f02e524692ebc5b,691407164.5589942
c01199a4b2fbf0f6cbdf2a65,910102378.2389911
4d1f49443787c874ba19f968,573510378.4226533
035c61042b7dbc7ef888d1a7,826408644.0949255
0fc7d98f75bc1c0b782a328e,635853326.06787
b1924a5697dfe829b5b8ad76,634847431.8059567
d0100c18dba3c334327b29e1,569922103.8117554
add1a20e8bba47aad2edec69,588070197.5097988
fe8a78de9ba7b59a112e0046,648195621.9976305
b319d049a3a8e4a095940106,656175199.2094545
303dc73dc1130de9aa2f70f3,622697887.2533064
e471b2ef30c388893119a010,546110029.014942
9309d812688d0d2bdd33d830,703198579.1010188
fdb192e57e3e48f70a492b87,626809150.6054927
c514c9a35632e5a9c0476a31,565555031.3766377
3bee8a9981a1e9e13a05cafd,626853255.2264622
9c942287410db3d0739e182e,888839921.1243031
f59b9c03bcd4e0e06d23fb47,629008753.3838003
4c11f4ebc622483532c24a06,572637359.6030837
1f53612f7029a21e2e9f74e1,735455068.7737479
1f4b6eaf52fb940e666c1c93,714683079.8668517
dc65f0bafddf39c6c4b2c9f2,711166523.8739003
344823ba2777540ffa2a8fbc,679062927.991923
8cef9b18f20e9c5a32e7ccc9,771063333.4857055
413d6e4fb772beff60f73e2b,690989166.0306517
15d3ae51558bfeef80b9e97b,675141436.3950853
b81c26f2ea6b66c8315d1146,589914831.1691421
c3786f81345d39fd8b353da3,624240090.7114403
6c568d2287dcf12b2aacd388,557795915.118284
e6482f3b6184515453d16bf2,603858007.5724154
32c7b848ef60432d98f415c5,686884737.126761
1689c3e3982382e27a4ae074,659586115.0106199
3d0cc51b7a2392f3be3b1666,639023774.3846972
1dbec7879e793ba9685741b4,651896684.0806789
82ff2a63a863c089ea90bb5d,737235108.58756
3d9856c3ee0a4b5a833c69ab,704969143.4056063
6f293451319bae38c71b8266,574378800.6180323
dfc817b569fd71d2dd47e980,840484087.2453119
c34d46d83e76f54d53cadcb2,598394588.4116946
e08ed8c82d05dc3cad8cd2c1,588080963.9817597
e21f2a8d9c641e45d442686a,620914938.5823299
f1793973b462cdbffb1ad648,623991447.0683025
b15bcd6248958d98867ea585,677875040.8689294
e640424f3b7d1db403c36ba0,644994421.1215723
658c0b009a09339a3f312145,688233604.5818284
f01fa45466e2730f935a4128,633347263.1470262
b4d69c7bc93efb3790eb1422,608386688.7936082
c2242a77d30c0abbed667ce4,533467457.1221328
39542105a7c46ded0cc373a7,808251930.0980723
13f42390057bd294cd787822,685582021.2794416
183d99d88d1e7d995180918c,604347922.8345104
60dd7dc49139e7816dd8b143,638219655.4925842
6d2ec752890a2f1c4094044d,626456212.824556
0e776964ba3733f3ac18a7a0,683694836.9069221
92369f73435d1ac3fa95f185,637032925.4366095
8db285eda04ca37b86dc9724,575781873.4258944
a7b14faa46e7b73ee4e95ee6,685454671.4943328
010e676743f6afc01fd0838b,534304073.18172634
987199d3a23c08ca887b301d,614628970.8613979
4fd8643e1c43ce9a0c18a19e,598159625.5305408
4d0985935e1432b3916d45be,560416700.6991432
4623317e8c9044e314ccc4e8,650409360.2661874
ef8430c4d15e5887b8103bc3,601863010.7382332
cd6ecb0f77acd93cc1c9038e,556352922.5127438
b0962bfdb6a2c79a0ca84e48,821309108.5650125
7bf592c5c34bfe6a5df3dd40,847781241.3482821
9337becb0628955b47e45b98,599962292.9233384
9ed0bcdb62b2223d716d40d3,713869741.2575419
4255eae670033d9c9e9a6e3c,607793055.431171
c5346c37454ac2b13b92240e,650588385.5957949
94fd4bb5f41087921ca12b58,567462217.5003676
ded674ba9c7b76cda404bac6,662024502.9916092
ce25e9fd3bce9b75050aef5d,617590623.3425658
4e7d3cbe3c62123fa7e2d969,550836100.023348
dcf5b42ecb23800a458562e9,629278559.5990337
0d53bfcecf0397ca27e5f78c,875584096.3193715
f4ecb15ef992a677e8b4fee7,628669839.1853544
46eeb8f186f86f7859274d4d,607486817.8787935
b5a7d4288dc7a7868678b9e4,631341359.1336212
34f99327fe595ba6e32d89a1,652932236.8828299
9a53016fdce3d3b5c2baf3fa,616422816.6157489
26be10d0ce8b763e9b457e76,610122028.0435053
2e111ff939191cc6df2c59bd,675654026.4596807
ddcce0b9776593e3ef3ce21b,692518993.8766881
937c0b6350beb0f51e53ff8c,648644906.1981117
f50941445773dd62e87e0416,546110029.014942
93a1aefcc4ccafe4866bfc76,609178990.8780924
70c0a72b31dbc1b97c102c13,533761813.5788972
8aa9e1e89993aa49c5c3eced,648643305.0108593
2a5ecebe40fc09b45d6ee5fc,679067912.282838
5f798656baebb094a3c83793,706310186.4153261
596b6f435f76058493a16cd6,729732833.962806
1c510a71734e955f75187106,783147932.7340817
07de14db9dcc2d4f9eac0dd2,954910237.3601401
29503210dfd57bfef8f16802,664423586.8992397
89575a90c7b9b960c8f4e052,741674909.3911655
bb5a6045d18e19613325dffd,842319520.8940735
f984d34c8f27e3cdb7c2a44a,962826895.5666658
90822d4e3a369948cdc4d998,763454913.2723744
5b9a21a42d5f50ed4b10581c,811631412.0622734
1be01d052c6a65c5ed286bf4,915499798.8275257
b73d317e1e8ddc3d5d0743ef,804028440.0091422
bcd302e3b5342ecd8cc056bd,774234814.3329198
eb8956f0c4a885619bf1ff79,762514597.6437639
d5b950c5510c19ccb926e7c8,998877678.8705261
1e37ea0918a00bcfaded3453,682286847.1795813
1d55f4694f3e000ee3ce47b3,767587223.075603
cdc3e114698984145df842c7,1008774630.1647917
9c611e246a612ac6906abe8e,755900415.0795838
c0c820463dfec602a6118ed6,837568779.7823558
6302d4fff078a118c3211794,757007035.8449845
c98807fc596bb2f505b4da9b,1016529759.4643651
cdde8657b5a215915a04126d,801453884.7795618
3b2fa7905fd8fcb3e11ebcf2,837848369.892676
59764968800501c68631aea3,791113391.5049697
9eab02171cb5f15963670172,741762971.2057648
61f84e5a07f37865c31d4a07,688295344.4215512
1494f223c9d3ffba26e42738,773184966.522257
ba137cbd10757ad20e5991c4,866656657.0539086
d2fb81a477ef3690cb11c93f,785344075.1345981
ec4f7794cb756b995d5d207f,815082783.2976942
ea4add08aa912717cd42f9f7,779439988.3504497
f11d7627e2f18c9a75595501,733920932.1419718
8095589d5e1a55a76281e13b,882411400.662462
f5add08cb615eb18b3153bf2,702771369.4591885
1894346a27970572aa703cd2,965574939.203837
805a491334f865f06ff42329,765922119.2072725
062d5544f5c96db90fa3a526,769240601.8921642
332201e2583141f3a02dcca4,751215522.7676563
4baf1bfced8e85013eca94b9,837848369.892676
8bc002e1f02beb4d83a6f6ae,805354374.3621417
adebafcf3eb0d34ae31718ef,817024647.0866607
60b5b0aa0c1319557cd0cc85,962017652.1326321
3393fece8a6ed311ad865e66,936660943.0965872
df4a1968046eed5326119599,824922030.2153425
b044b9a587b2c6ca00447177,800748007.9633248
005ab848b35907e42aa0f4f2,920362712.2048751
140a0002732574ecc516e9a8,773399734.773529
bd850d1ccfc4b21a72f3ec44,836774116.9632181
c6dc8c201ce38ff2ea49cd68,1034520975.2481258
572ae40f693551547e13a196,1003992967.8017037
b39d1b2637dd8e307c8ba13f,774505665.6545203
2ad02d6d56b95ff3382b53b6,823271811.7458544
5201393754f4a5f2a476ef0e,933091166.5499845
72a66bc6d15390eb05a5c688,813308456.2300513
1f1f3e47f3593e4b2824e628,530186340.23300415
bb7e14611ea6b5e4abb5b89c,624392581.7636441
b82f8abc8001cd6731c4ef45,614029146.5863128
6228854021e72af611d2e59a,580671632.2868313
6d21e1de9c880bfbb17350cd,669778135.8870509
7cfa0c98191ef9b7c45f0520,440894515.624979
a739d80c3fb6b166a2c2182b,482268932.90881395
36f85981124e858c157f83df,491985057.99618685
3d6d51ca99f2747d6b92dd19,602768716.3772311
092b7b5bafe25bf485de37a4,675158565.5726082
f2e0163fa07f89820739dfcf,808487558.2594597
ba47346e7a53412e78363ac4,627618961.6452458
f86e80b2a831572b85b04e55,582890458.7396759
199a6f7df516a685f086dfa2,410510216.0387206
81f6d6790aca5e9270c3d1a1,439480276.528643
74f099ca0d949c8042569d51,440733726.10078746
4df3717406f9852284576caa,589534773.7880545
5246f7d8023a4c178af6d10c,544955926.0121642
69d9908e13bf7c8ac4c30531,447457997.19757223
e336d9d892441c7ad886a98d,483527061.06123143
f82e1c70884ee1285e1bc491,459740157.0522309
0ffbcf7d58378c85b4103c7a,429248996.2892191
3679e1844a35c0c87fffefeb,453383667.99463475
955a15a734e56eb287555307,488140147.72772634
722f262a44b2bb6fc05ec35a,453117999.9241311
48c346042d9cb826a3714466,440937849.75878865
bc4b7bbf5df92f476b6be103,579739521.0359838
667685f89a61aa2ad5c9ac7d,457489670.0033197
8be5fca8f4339712c6f3e29e,687563292.457042
09a5fd22f920267b464e2a00,645680397.129458
f6d2d31af94a6a73912dd9f5,935429663.2531482
0e9a5ea81f6d91038d8711d9,659312544.6177279
8b2d8edfa6788ddc0c7b3eba,689972602.0402879
2f48a73bfcc91272161afd39,630892336.052383
a78417c74b8c99279912e427,674655534.7815158
4d69f7c7e0e837879abbdf78,664061644.3984628
926a7b18e48cdbf6ac3b396b,686347898.1073494
a06733f7b3ba964c20ae2698,697508256.9411923
02d598a32d864c289e3ba6b0,705866893.754324
3977cf1326ff502251f78f66,640319547.9866729
c3cdfd0733404ec885eb3edd,636732610.0793577
a28bb09e30bca82627e595c2,673492225.0727156
0a2f8c8ca6094e6626d4e8b1,656347887.1653392
ac9baabfd96d58e376149a7e,855012675.4460471
700a052900adbfa149dd5b6c,899767083.44848
4b30968cdae59b4ef3298f19,754391940.1105281
c673d94552bc3e451672939f,943016261.0540159
75392e8381e1c891377fcb29,676589755.0092509
a55d7074220aa6a750297c08,738799112.3227158
81eea19e7c12d65d21e23648,693625933.0841405
69df7bc1d82d9723c70eca70,681307808.6758101
815cfcc4d26738f74cbb67ae,779976007.0116085
5ea150753f8d07c71af45cd9,767961372.4500132
f851b02d18e74610a900bf14,813807648.2563157
76b9af8036e38d5d30ac4c7a,1025166467.2456607
4ec5ab39cae4afc3b0e69438,831065415.2505451
c74020c85c9fcb2a2cb3ac74,539846829.2701658
6d6ad5e3ebaba1c11dec0f16,566084131.7663859
acbe4eb98668ff4967a8cb86,622303816.4739823
16a40e3dbfbb9c703e04028e,538071777.9597254
ee5fa0932e098cba28d950b1,703625839.4793019
5f9fa56b99677a489a9966bf,624392581.7636441
4045e30cced205e8c5b2373c,453416876.7184144
eb2c7a973d4d6ce8e6ae87a0,789400077.1482018
99c69eeb96e1016a7e53b33f,629105321.3501219
aa7f56d05ed29183b825d61d,445602576.4391285
4630a9af58fb79c0008e5fa1,560204843.8657584
ac003932eba3a174c5b998ee,540846661.330074
56a7470ed14454665aaef75a,1098983706.7785935
a4e4f56336e07304cb946b1c,836243698.2254837
00ce045307538da1b0bb7972,484795301.68542755
cad720be1395e2ab5869807c,435852562.36105126
344be03236aed65e74b14a2f,429169884.98579323
58a86bf535b4c16b50dfca06,417102487.4910574
d52c3915fd7d2ef8c92a22fe,412060718.49883384
8a4b7e86a90a296e10a49ea3,434158958.82478213
e1717a317481b0765a7a6a0d,459790053.5897545
97fc10f5ce4a6fd7357381a6,429169884.98579323
428f4bc76d4cd315ba8f89e9,413125954.1183338
4d882ac2b82569f74aa08824,425481359.68300676
948ba87dfd7993460c967cb4,427380898.3131715
1bee6a5aed5417181a3db77f,430723840.1901924
63cdd73026431f5566fe246e,420120524.4242716
013e2a07f94a99323b64d370,804508793.6049668
ff56b24cf15289dc6d14800f,636774798.9472336
7bdb94165857bcd37206cf18,456965858.17999357
1d1e29d9601aa0eddb4d6c2c,525466969.06717926
a8c9489973c54b93737dfe20,601739188.6129262
254892c6b84c59ff5ac4f354,432205312.99812764
c6e9772058edb2268434d7cf,735580142.6812173
916a413537580440c4ac6028,626055138.8685913
bab8e472424cd57faab87ff2,455800834.4595351
eae5eecfa2fe828afbc94b0a,524772469.7358377
da26059a2cf36e02b8702320,456571043.5835075
e18fecb7e40bbcaf26c863cb,654041002.5153375
a55906464634558b94d9298e,478548692.08092254
3032ae39e739fe46e9e198e5,570628773.9146179
663e062b85f16c2419f8456b,460585602.6354486
aad0e527c4bf6283f76b5bed,695244307.5064002
32fbc0f1934f7325a404a2eb,715404852.9307716
07d1137c1f0aaecbbad32f7b,619087750.2973325
3058b792e3f6781e438a2e9b,681630224.947279
33d6b1bbab4524c3aa03756c,452794401.7023057
c75d43b8089321e359e14264,609088687.2830977
29ea1796aede16cab8a50497,480522843.39026517
bed21c41b31a3bf2095aa273,475942693.96106946
ec232a7ee3aeac713516614b,578796396.5498368
bb7c68c2652c7e124d88631c,475899369.11611396
697b6c6f7666391fc689cfb9,661262205.1624221
d912e45dda1a3a628fdf50d6,558127724.3042829
96fa88a07329d3988b6b41b3,683658223.1495965
66019487c37339e9354ca999,461501359.55178463
fd2dcbcb8a31e97f31d22a53,693592312.1232471
1a309175498997e1b8f0aae7,951260023.7174463
e83119808dd08ca090f5ed85,471025803.32338315
1a26960e24de046588ca7837,575688508.9647609
379c4fce87557848548b0944,450642944.9803479
b2d7355eb2aa975900776275,581015587.5110697
3b05e06aa0bc40b9db16416e,434104640.61992705
4a5405b1e181f5b10fec35a6,701440340.7503098
aff22625564f00844ea2610b,529575728.82752156
b40addfc0da42b0e530503f0,616045182.2704821
9200d647b6ce9aea67ff8ac7,692131832.9872481
3057660e38fb757dbc8bd898,691264897.8203055
799be2171dae4763df530e4d,559913127.694488
819265a930d32a97533d132d,927847735.1824863
9ba689b29d0696fb7ebc44d5,1126046925.4459388
0f7e28b6efb9d550ba28a1e0,765809472.8690299
57551742fefae23bb32571f4,577490305.8077874
9569a50febeb4163e28c192c,783065492.0460511
1d03efada56f8a70bdae6aea,679419512.4778043
bfa56d6230b858591743473e,903813670.8105307
ca54914a1cf1028b9c8b681f,556953369.344846
54304b6117b797791d266cc0,688102153.8536803
166ae8e3d0704209d6715240,688184157.7557454
b56659e70367566a4ddb81b2,765944867.1563712
2641f220611056a1f5616dae,707031857.5642096
08a82bb9fbe4b7abb50cece1,568577232.3174491
b40a9888ec0379fbf85516a3,961119984.9495676
d35462df6c686296a3c7bb23,630018827.3338326
db244703ce223e6acacbe85d,741754228.9538345
a90df94f959030227fa015b0,494257513.02026653
d97d462ac4f5d9cbbf04e9ca,753916170.6685145
7fe6ac57e87b8126ac4f8530,728450235.0261784
69c28dce8eeaa86605143419,863298233.5364622
2bd6682ad8343b69fae1a59e,812473758.7242285
2e6fb29cbc1ccc3d97c92c72,657636297.9664791
9eabba4531191127ee91621b,641010377.4501108
d0c411218ffa7c3ebc10783e,648009308.4854871
0c61a011d7fe0227be2b3575,670087952.3221265
2c47c3ef9e139d8c4513a090,584954034.0661036
f6503aab62a68ca16eba3fec,1100627808.3058517
e7dc05756684b070b36d681f,640057878.0935798
17484950b143d0395907ae6d,568873962.0010693
3d997123b33373024bd2cbe1,667405789.8363279
ddba305c2a3ad29db24a0658,849392717.3988135
b65efc402cfddc0aed4e1d76,702491029.5511136
4a7ecb05c9886bc35f6b9160,709724630.553845
b4e14604b888c994b64f94ba,718011801.1087636
ab37764e5f4e00097eac947a,668553475.7712821
764da64c41700da5ee80b8c7,631068364.9024905
8a84a073b855e37a12327357,640355400.8271817
5a6878f8a47f1fa2fc1d600d,988063114.20237
505f3d545ce83d0c848f828d,986543545.2081169
6687a2299f38c15598d11eef,814526641.848927
533134592237b2748915eed8,818159916.1893951
daae80933675e767b50bdd17,755572539.9604803
945f85a061dc4e95e779e27e,1021180815.7701867
62dc69d80cd6ea9fb7fe52db,568812192.992403
153436858070f7e724f0cbc1,707703764.5139056
7f9875a5336a32d73df2402c,839365944.6113849
ac11141115d391be44e6426c,542169611.4517062
f8243b7b679dfe8303180d73,873206147.9442029
1376106ebc19c929df27bb62,800980964.5921037
f591597c9a1ddd9852eb3cfd,801457118.7764078
a748841236a7a7fb33138845,599387584.5172061
6ef43ab43841696400d91859,573551031.7628942
601310d800d88f0d387235e4,892585649.2487153
db81ec58863dcc5d12839883,526559026.9612468
68d35dadc6d0dea61bf4b513,379639732.82286006
ba9be0b67571b1e9242664e1,532228938.18547523
1690af2e30b05da545f1576f,859379710.4169111
fc72ebf9381496067101da61,407664803.68754184
3a2e95f5eddda4df84b2e2b3,543561561.605547
a660d5809085b4823e287a5e,441213529.70304334
799301c01a3e7fc2af5a14a9,776371466.2760221
824cad597aae34d7d59ac939,534706734.9651505
23cfc154896b93bce4356ae6,522511625.54531705
a9b96d2a23ed155043085e87,827079196.9031317
f5d529ff6a35fa78ab14de21,508856749.5575777
9b337cb1451a8fb078dc9a07,798119964.0811917
cd1fc7362660bce494b5117a,409927574.39880323
26454cbe44a07cd0df12ca07,763201678.0422871
cc5563550bebb29c83ae3054,726557517.7936693
109bb36f29b223a81dbfa340,784502294.0250087
31081c78ce92e1d8dbb315b9,518065619.81279635
502aca1a1097438b32eb362e,977964310.9316343
4c90ce573f1d61d11294d05c,994805208.8416088
87f1e9ca16a7ea48de04fa73,897342920.0722476
224f6e839dcbd91491f3f1ac,459949952.5432406
8ee7d2e0692e49bf9d308b4b,744770783.2051394
a3ff6a1fe37a1bb736b1100d,874568159.1465515
97d49e61c1ef55451e52c8e7,912775057.5242089
b6514cdb1e2cf37e3ff8090e,829180295.8686761
