property_id,price
d56159653f5d2abc5ed5acd7,640382669.7097728
45550aa81c0151f1fd9fd8fe,826288161.3734947
735deef3382aa15930482f3e,504726794.1818415
0dd49fa8bb7be52b851c6dc9,640382669.7097728
7d3220a91e78f8bc2924d1cd,640382669.7097728
d3054072b2175deec2c1f8dc,389940819.54637635
b7574b06d593fca4eac59815,389940819.54637635
79e822115c5c1a4531366001,375402787.88139135
d3ed5316a463d38c1bd321d0,1156931763.8583803
2f1880c9b8f7ac2715e1236d,749950507.7734324
dcca1c7f109175760ff531c6,651489888.5521466
dfc4f3facf91bbd93ee0fa4d,417298214.75058615
30e134a6cbe61d7954d0f56b,348490927.9822926
385fee7bd9ad7722d45dd034,464401629.91067624
87199c236bf22903d1aafdd0,349658115.2834133
19e19ad0cd6b5e84d8aa970e,457036151.59073615
907f968e78d748fde69dd44f,616750536.7946718
be094e5db0f784e3aa013aae,382715945.1170503
7ab96f83915bc84f8c03c1bd,376897899.00356096
07f4aa9b9ff5b0b05d31e6c0,785575648.6372544
e9be8cd37abed8ab510ba1f5,802426349.7241578
5f6ad58df27b562db077b5ce,705068684.0691853
ee96d947484aaace40f9b77f,773967528.813136
15c4aef8401208054697b81e,563305196.4493432
22d6cb11333f2839b8112b89,1376996213.4113517
288c09c33907dadbae495c11,1232245839.7500563
f71d2bca0c5fe2720a1544c4,384801218.2187012
451744cf3ce55a98db8a3562,384801218.2187012
fba9ae05a6a8a9e0c6268a9f,384801218.2187012
1338e58f7dcebf5a1ea59388,384801218.2187012
a817e8da0ada143ac87277ee,352293242.7101586
46d8bb3e9a0ca584d3c7a317,428141030.67656827
b2506aa9463aebf01e1e00ca,428141030.67656827
7ec025b9b6e6f33bf65af41b,428141030.67656827
2ff531e27672ecd2362eed55,482104809.4353718
9b3cf0d1b91b9c6a2a887647,482104809.4353718
7db5291ce4602d9b2b266872,340637972.79386157
65d5918e826c33bb950fc008,431520621.47758
395c34e4b8f52cbdb0522459,431520621.47758
855f4b67d2bd6d18fd03d8e7,431520621.47758
9ff06409b37e5b5dece4604a,431520621.47758
0508cd7bd2c77ebb6fea1e56,431520621.47758
b45fff2e718e54772d46a3fd,431520621.47758
cf4d2297b73dbc357d21e31b,431520621.47758
0ada7044c5b29925abc90879,431520621.47758
6305f02255274ab5fb6bd39c,646261404.8695462
d9a94194ae1350512beff3e6,646261404.8695462
e3896296cb80d50d9ad3f903,646261404.8695462
6514f355887c64136edb5595,618342218.954564
f03400cc18e12903b3ffbe5a,602099355.6463864
4e134600155a64783b3f8c3e,433201648.77290535
d63ebc63c82fbf66d8b6ffd3,602099355.6463864
1bd64811bd59706844230198,602099355.6463864
a83921284639eedd4a511cb6,602099355.6463864
a2f3f7a1cd573e2a33f52e2d,602099355.6463864
47344a66471fa51f61c64652,602099355.6463864
78fd849c9429091347d7e5c9,602099355.6463864
c3daf2abea55af99c9579319,602099355.6463864
52864916eb1984abca41ec66,955811000.1275914
c62494a9d7aede44f2f84023,955811000.1275914
a2b576643f7a032371587e5e,1272110793.7935617
e53bc68f0e97ccead24f3e56,515583100.447286
fd82c710aad91bc90af490fe,618115272.5255177
d436abc2ee37ba3dd561e940,618115272.5255177
216a598114a403676011cb51,515583100.447286
ea230d5eccd2b687888173bb,783695839.6077846
18bd0dd7580f2a7cb19a90b9,340084389.469736
b143c8ca6d334f6a73c3f2a0,417051828.8184994
ab388cb4fa511968783bafee,402397180.7346207
6a4f08cd04d558a56af732d9,441943764.216269
7216c895aa047c4f405c4941,464873170.35734457
a493488dcd906dc74cf8a604,452470384.4647797
7844b0b2bc65dced90a355c6,452470384.4647797
c1976383069b6b82ab29d092,461795753.1434555
e5cfd99e2308b7b73581dbdc,463258808.97537005
c18c2ea88f4ac53970b53d2c,402397180.7346207
842c9f0e4edf1e5a672ce15e,452470384.4647797
7dd1e46dcbddc6bf5ef694de,411013099.18556225
6cc4f32b39180bd1ec7e117b,452470384.4647797
79e643789a85dc4ffad49a25,793648488.4069927
b3402a9173d289d6db78e09d,618115272.5255177
a446507813234e358db8b573,482298692.529495
c8ef57ddfb35061d1876f94e,616820243.1557988
360be0df2c003005e3db080e,1134671445.9938495
9ab245a4c91877cb7a8661ce,1174584957.6421957
a57a34c7486e7a40e8deb316,521644815.80728203
ceba7d0f56f6cb03538962fb,521644815.80728203
d5475993f9db58c3e4baf7a3,714043731.4133658
d37a1dda09e30da13ff5bfc3,521644815.80728203
68a8b8d077a8232723bf37e9,844581473.5555211
e1eea7716ca6490b7640717a,521644815.80728203
4ae6d75b10848d259ecba576,521644815.80728203
17afbce5c0b56732abbea936,521644815.80728203
84a2673eccd3cf3bd7fd3eb0,963082343.4267806
f2f4e6cbafe527b155707f01,963082343.4267806
de2e3a592cda5b76c9573c5c,963082343.4267806
fac651cf404a58f24dc7d286,1408967913.1996284
e6f312a0877af26b69855a3d,1294712499.8141198
333a643c623a9bc75f3a40f2,963082343.4267806
64593641e470908ef23b46cb,1073919235.383347
ce9f2f0071be658ae75ca6f9,902626437.2552223
9ab385e399a4673732b6a799,611420096.9774246
3429c774b736cefc051e2c55,447519900.3397644
a51ad0372758b2bbfe73f8fd,447519900.3397644
8c801a266256e3fbabe7e3d2,638131381.8179762
ca2f81b8fb6fda20aefb0ccb,611420096.9774246
3c1b1f86087f9b99380e387c,611420096.9774246
b0cad5d612954b8cab18101c,844220249.9521382
7eb991f4c69215377e4dac8f,754452926.8459666
0d130b8bea4321300396fa34,1333913617.6927078
8dfa059401e1dca80ae65ae1,685561471.7654936
3e3f264cd0ac7a65ed2349a2,1048323777.8725499
112dce80bf512f3f24391d23,389955332.1615169
ff25ded6333278149f8fb68f,613417548.2050829
d555b82c192794e87e9d536f,613417548.2050829
a787382d96ef9fce8f27bc70,1196341824.3761091
8c3aa295f7bcfd9a43eb2037,1006725682.490248
13ac95652fb3cf6c43dafc66,337930241.9002786
42fc6a80b882c32f6264ac10,385092424.82307976
1e9c53e09220d689a0210ab9,349693659.6846575
3348706086aa3db5c92259c3,412095908.2806741
66d402a9b7d05f29282ddb00,393528933.1527339
cf88be51d6f31c10e5868ff7,412095908.2806741
30b3f38716be209a894b0942,393528933.1527339
0a5908a92d0ba3e36f54b1f3,430782627.09605443
dd206b6ea2d7f6555109ea39,412095908.2806741
c641febd8bc2ece3e4d2d8b6,642573336.8885939
c11fdc02a288af0572a2bca1,686711375.6680554
35dc60a65969b264ab283d6d,642573336.8885939
d9cb0f637cd4feaaaf8a21c0,853146793.256007
7e8dfae9a5f1faf8afa706f7,379086784.0358212
a280fe7610c254b935c9dcfc,401993487.93307537
85524880fdc4e4daf90e96fd,468287219.4047491
f361109d06f6609c16724b39,483833496.6517675
3f6b2f0c0876c21755369cb6,586629442.7805728
de26819064a290ce78d8fcc1,586629442.7805728
91be1260a84ab7fa3521c495,586629442.7805728
18c8dc4549d38c918af2972e,586629442.7805728
782b0fb8641849c2c34291e6,468287219.4047491
54933f8b33a4fd6f031ed5be,586629442.7805728
953176c9a901b4f61c030432,571233370.9647332
357e2add3d68167a4f3ce15e,571233370.9647332
90332d50e91925eb9b614bef,571233370.9647332
11723d1d472bf1a3fdd8b72c,993445281.9552335
01f8b6799e2910f7769db175,993445281.9552335
a0d5001f7dd42d7f0c91d2a9,458956473.72254163
d4439c35bcb88e1490916c67,651967392.5305971
4a73dad0ff8a5262e8b07c4b,993445281.9552335
3dd8085a65f24b497ea59557,993445281.9552335
39ef085809bc80e32e7b6af6,993445281.9552335
b98ee16e8fd7d1c75a9da13c,993445281.9552335
16deb26bf740fa61e258f545,651967392.5305971
732a3bd457d7798e1fd892f6,651967392.5305971
1376058cb128a1c7729cd2e9,458956473.72254163
cac7e7c3e13af91bdc7107e8,993445281.9552335
9f3dfa6e1422f6aeac527c61,458956473.72254163
4dd3d1288ccb66ee4fb9c097,1204901480.093422
15fb97d6a43731d61e95d004,651967392.5305971
dac29573163315edf99e0e7a,458956473.72254163
b93f2864087d41c3c92d43c3,544905684.8801662
cd4656aed92f5c0a0b6b7c0c,544905684.8801662
556210496090b42ac10cf1b8,1272110793.7935617
762979729fb21e56a32ed14e,1272110793.7935617
ea935b76abe664d5e2c4736f,431520621.47758
40e9ef1e7c6749b7a8d04ea9,431520621.47758
058265732a484ac8d5497f5c,431520621.47758
6f52ea8340cdd283f9a79720,431520621.47758
cafe7c1ee67458e05c84d5fb,646261404.8695462
3f45ed2f08a2b03b738fbb5e,433201648.77290535
f203b18854b75c4564d7a17d,646261404.8695462
d5333f639d11bc3ab073ed72,384801218.2187012
c14f644116669a160446a945,384801218.2187012
de585856ff546e00a5a4672e,384801218.2187012
7a80663cae7c191b5d025fa0,384801218.2187012
71f80198e68fbba902650b1a,384801218.2187012
f3523e0626df8cea803ead0f,384801218.2187012
619abd5f978b1573761be86d,384801218.2187012
17a2323b855e93533a9f09f2,482104809.4353718
38e8630f2c05ea38e2257c21,482104809.4353718
1e3798d739f85ee0e5a314ca,482104809.4353718
46d0544f411bbfb6b452858c,482104809.4353718
605e7a71eecb13b23ffca0c1,424517702.931178
7515b37b7ae7c62f3dafbe7d,482104809.4353718
28be121ada9c9303be802474,482104809.4353718
331d54f8a1bd3dabce73d6d9,482104809.4353718
22d167639ccaace593dffa31,482104809.4353718
36cd68fc3ffab79fcaa340ab,482104809.4353718
db924733e88c361cdfab874a,693378658.0576769
64eea2e9a13a8edfe8ac7027,602099355.6463864
97fe6eeed892111bfa20255b,602099355.6463864
b54e6757829ac95e2076d954,602099355.6463864
dd59b8122458557041903207,602099355.6463864
b35c58fc1c05a77433025318,602099355.6463864
c41964afa164d8b75f8dbe92,602099355.6463864
96b3ea80cce599b68f96f86e,602099355.6463864
a4bc87ad4f1ad97c0a63d843,602099355.6463864
16e62269e6aa2ea052d05f71,602099355.6463864
518b37b51f824fa0fb5075d3,602099355.6463864
e083d83369cbc93fb94842a1,602099355.6463864
57deff02895d5286eda10d89,602099355.6463864
7ed35835fbe694bc237abe38,602099355.6463864
b48efa9ddf36e85164354f26,602099355.6463864
5910c9b29a1025bada93a5e1,602099355.6463864
10a650e8cb5425c97f08f68a,602099355.6463864
9e0feca2ec3043ae6f840631,602099355.6463864
35ce37bbecac6b164fa21e6c,602099355.6463864
c4955010d066e013812a85ea,602099355.6463864
d5a83c31bec18d1c3eb9af7d,602099355.6463864
70217bd08583854329722821,602099355.6463864
28e748e7aa0a447731e06706,602099355.6463864
27929c0a3e0fd2d6d2969e03,602099355.6463864
5c5ea0d8bae75e0a5c88414f,602099355.6463864
2233f50cf7b04791cf1ddeaa,602099355.6463864
bf430621f17dcaf17fb91ac7,602099355.6463864
d8dc9de06461e0220bc55906,602099355.6463864
d988975f8c4e6ee8fd8dc1e1,782170736.6726565
bab884e0f99df269805e83a4,782170736.6726565
8fa9b20af1508af7a01e2267,718410198.7146066
b6f195d44ddbe10b78b97191,420668149.5103957
2ab0eeac4a228d5769fb4365,420668149.5103957
347a4deda03bfdde6d1c163d,522863935.034046
17230f18b30b94606fea047d,522863935.034046
eab4ae491bbbe7b8ab107229,522863935.034046
07c753474a847bf2bccd55b7,522863935.034046
b7ce05400f0261743073e072,522863935.034046
4a33d213841d2af537aa967a,620415570.0499989
04eb0b590ce7483c615b043b,649078874.6585052
a01a51af09a3dc387a18b58c,463316704.75684386
270b930a9e22d5016ffa4019,939320820.1960077
5ed1320fe84a518e267ff537,780276184.255425
f04b574dc221473cfd616e22,618115272.5255177
6f7e390aa6135019dc5a828f,618115272.5255177
776d4a19fb3852fe6dcd3ddb,618115272.5255177
b7f164b79658952248866c34,618115272.5255177
aafeff5826516e363471e439,515583100.447286
eba6a2b80a17a846ae560ece,352342162.70850295
90e62f8656ae504bf6175e0d,431634148.86931694
dc4331d09a1e36baaa6bde53,463258808.97537005
372d67ccb9d251e290891f0a,320024922.896061
a7801c67a0ddd71c50ba38d3,338787533.511666
e4d6b81f169cab8ea0244d75,363456305.6643655
cd5c6655243a4be0912bc92a,521644815.80728203
f7a7281a19733251134364fc,963082343.4267806
a716ec25a219961fbe90f367,963082343.4267806
8bd45966c16d4eafb49ee2a2,771812971.1539291
baabbdaa5e8f69fc90d303c1,1199862263.363012
8bed46960db1b2a7954ffbcb,1199862263.363012
dbc123f9502159d660f375ca,956172389.4519188
a4683facc81ccda10e9ae388,902626437.2552223
3a576586fa1aac85c2ffb75b,964012727.6207693
b1fb98d0ba25b21c6647d423,1242849682.2637455
97fa4be3ed93c37c048f507c,613417548.2050829
cf184cc576effe39c0f857b8,475038409.32241935
784f67fcb2d009d352740ed1,450992575.6255461
f4d6ce332121f814aa663fca,525487963.86486995
c87ae84ef029febca1e633e8,587709261.8603595
e876c6fd9c161861fb92ad5a,1221282543.0268018
9047c4764f2c6b1a10b87e99,568172050.1701456
234c94e9a248ae57bb5a0771,447900158.2957088
a49c2976ca4f24f3a6b622e3,447900158.2957088
ffc171cf73514bed077339a6,447900158.2957088
fba83f5feea2522888377066,447900158.2957088
1a593800d5785ecc36c25ead,571233370.9647332
ab157c9601861dc387a91b82,586629442.7805728
f87f8003f15b0fbc12609514,483833496.6517675
f44d035ea2b15b2c69d4da50,685650971.6031308
fc815b59cce7934f816f0502,571233370.9647332
32915b77ca68000ba9eed6d8,483833496.6517675
cb083fa7ff634f424a351840,468287219.4047491
4f3c7b9bc78f882f858b3d3a,483833496.6517675
53d33316e237830ad463a26b,468287219.4047491
f5d852e25d51377686c43bc8,483833496.6517675
64731b6eaf4fd2bb6c155013,586629442.7805728
dad7e45e4706ab2564ef9cf1,458956473.72254163
255914e9b13ad94efa6ed365,458956473.72254163
5a8950a64b4aea4ac13dad45,993445281.9552335
70f51b4abf26651111305b1b,651967392.5305971
8919ca18fff7571002e440ec,993445281.9552335
f776a4e0c8c82b3d29756b34,1204901480.093422
7ea4af39a7e577ffbd600f0d,651967392.5305971
45fc0d46c7a4df7ff6976fce,993445281.9552335
7cdcecc706fc7c79cce45b20,651967392.5305971
3503f56e09e639be4762ff2d,651967392.5305971
f70ac0d227db6f5333aa821e,651967392.5305971
20db610da64f80afc1621b12,458956473.72254163
c80ef212c870e2f20ed2234a,651967392.5305971
7dc68d5cac1b7fcdab35586e,458956473.72254163
a478fb93a131fee4119bb9f9,1042774532.8139049
7749b2b534213ec7b536372b,616342812.6289775
43e59f5312e304fc21c1e052,1127772423.8079953
82a7920524816f3db7f5a4ca,499141980.6544975
1a7e331d9ff88ae5efafa8ea,525522610.4575413
a57350d4c79a415137281cb7,421325575.89597046
f3a6132006d54d0e22a17e84,620350627.72425
14caab87a129f51b2b70508e,642573336.8885939
ba2423d79744d763aa3744f8,642573336.8885939
1caac10c1121a795a172889b,943870508.3744384
40768729f2697b87ed6519d1,524888416.7747571
843234d3c6c20bb60a17fbee,696729966.0051054
cd2e4dff930a1c7a1a569992,512486472.19419515
5a6eab133b7e95155f6a9012,430782627.09605443
5bba6c40aeb129c433d2c58e,544191671.5588905
ad3c644b506498127c7beef1,637281131.7120421
a379656c49f4cb1cfc5b3f03,544191671.5588905
998c1a6ace613d8a7468ba5c,422601786.60863495
dd610d7ece83bb02dcd7a22f,431720779.08235973
539467d04a2b3e78c592b11b,431720779.08235973
e40fe4ac43cabe82c03dda59,431720779.08235973
5561eab714583013b422e7d4,422601786.60863495
d9110b2b5b1c02766da9e24e,637281131.7120421
c72cf05b93b9c290c063b08b,637281131.7120421
d71cc157c0c43935989009f5,615598702.85718
4199eaa19ddf8ac436bb2ba3,637281131.7120421
d23d12bd86def2657038a481,1046366792.5556724
ca438e13d8aa6285858da0aa,1046366792.5556724
a173eb804f4bcf6bfe889417,1046366792.5556724
9b3677d498c2ccf69c756ec7,1114833946.8802824
f8c787390e4c6d2e99fc7c3d,401943974.7999808
a188aa896d1b4520ccd6b65f,401943974.7999808
9fa39c9eb4b10a20dda6c3c2,544191671.5588905
7bc9022fa1eadbd9ab39acd9,544191671.5588905
46f0731f62232b32eb733dc3,544191671.5588905
b6767d1e329ff5e28c42f632,457501955.2153912
abde4b06769fcb1d5577fa7f,457501955.2153912
1496d159d31717ce254f67a7,457501955.2153912
1470749d0d2551a93827e441,457501955.2153912
3ac517f74dbf8cdc8feadfe8,705663132.0832499
fc6616c62030a53d2aa46b12,631379267.5707473
8497f34947cb4c0ff18a0eaa,637281131.7120421
3b2936127f5a4684a1d3de22,637281131.7120421
dab58562904cd13a93d913e1,637281131.7120421
69d1e47b6bdc57512f1838a5,637281131.7120421
23c7f9a0534a4ae6a24e38a6,592629313.4372118
640e9fe41fb79ecba89d8951,933619512.0494303
31f6a25d56f3bb36386d07ae,582512999.2050738
bfb30ae71cdca27f5a5494c6,751419441.4083472
baacf0dbd690644d74f3a929,845230537.215727
cdcb874d2e62220d12230632,803327945.851323
1421bdbd9cf7572b799b732c,803327945.851323
ee9e5adab1455d38edfcaa6e,789526447.1947416
1fae43a9450fae02919962b9,638131381.8179762
5f9ee280509afd55d24f39b7,614619363.8761746
82902f2082dd405ab538ff58,447519900.3397644
eae52c81f779a61f57cb5b58,955316061.5649863
4ec0aee1b202642d2739068b,614619363.8761746
f4c6c3210a3c2eb935c6d5bb,786140176.9731146
14a14706d405569501327924,336301131.4629266
146a5a4f3d111dc7b955ce42,614619363.8761746
99bdce7cdea643b0442976f5,611420096.9774246
733c7cdfd50db77066a67140,740654371.357917
de328410e22767c66d919423,614619363.8761746
d0116b53467b3081664fb268,955316061.5649863
dc722ea5c4d62773f9fb6bbc,434273184.83051294
e84605e3aadd50b064c8eac3,955316061.5649863
31a3719e57ab1425e7267fad,447519900.3397644
34993717af3f861b9735df6e,611420096.9774246
543822711986a454cfd764e3,611420096.9774246
5bbc4ff9cc3ddacb39469e27,955316061.5649863
d7ced905983af0800c19b7fe,614619363.8761746
02d5bac2567ee9e19041ad42,611420096.9774246
f4897a8a0a911a2acfb8e8c7,955316061.5649863
4ba19ab08d1fe7f72d0dd37a,452895362.3852154
b7c07f8afe037d55bddb8e41,434273184.83051294
40b20b5a3a986802d64f7675,447519900.3397644
01fb5931cb55f5308382818e,955316061.5649863
7cd0c7174b957df1f004fc88,611420096.9774246
ca13bacbf6dc8d1b09fe4c67,447519900.3397644
0ed0dc77661be57aab63bc83,391249917.3160907
d03558acc19951a882bd568b,515410417.2158056
b8cca0d70fb46f3a31473e98,749198450.0791576
f665a58fa8eda69547c1a159,616660664.2336209
8aa5ae4637ba83e672cd3ab9,599251705.1608856
a6da1996f66e545041d920d6,1028092485.8779112
b828609eff041a68fa243a12,599251705.1608856
3f39a260b81dd7de1dff2b31,403637566.5265278
40fd167916ff071afdc44792,616660664.2336209
6ca31945172976c3a11732c6,616660664.2336209
1437d1f1601d26a3dca7594f,599251705.1608856
ebab054e5f256bf4e382002a,1194942705.3870091
0838d0df248d723da4e25ea9,599251705.1608856
7a134e45b9ebe710c6c6efe6,616660664.2336209
6e9c7f27d6b89c5f9696fae6,403637566.5265278
bd12c705950c46e679c34bf6,1194942705.3870091
fa2c1092f17ce021964f8953,1028092485.8779112
e3202b635974f7a3367c0ff9,616660664.2336209
49bdf0f970af03d83a57dcff,599251705.1608856
91af29fa680d8033188ffc39,372117916.24411285
cb626b981c0997d254388e76,403637566.5265278
155a8e4186d1626fdda4d0ee,599251705.1608856
d337476c2cfa780518523a6b,403637566.5265278
7c3ea8523ece273991a190da,616660664.2336209
674c02227165e1c7189c54e4,1028092485.8779112
17056748001fd65cb961b384,616660664.2336209
f56bca5bebfc765162c8cae0,1028092485.8779112
5f4b0ec9c7452b888b33c3e8,409244676.89678633
13dbc077e552640736267a49,384498162.1307564
cb645955c851790e83e696a7,616660664.2336209
649cca8c83352caf7442f20a,505671974.3226878
fc8836e71725949c5f3fa7f7,1299376149.9359713
4f431d80287051ca323f2c08,706277973.439314
42defcc69fa22e4c858f3c24,616660664.2336209
291a2f9022933c9d81311e81,616660664.2336209
d48a061a2040d851937413aa,616660664.2336209
55d2ad80322427ee3426dceb,616660664.2336209
8c41bfacbc1a6ab831b26fa8,616660664.2336209
c7214222fefdd8d2ad7f8f8f,723624637.1983427
b3d9a095c9c73004643c9e78,616660664.2336209
d49aeae19e13909e75dda2b6,616660664.2336209
dd10dcc52d2549df85f2a8ec,616660664.2336209
6732b448d2e4f32679f235ad,1120900470.6020188
f08a5c2992cfee4c0910f68c,616660664.2336209
e3a62f080c25f404ca995e06,616660664.2336209
7634d584c3042533942e2dc0,697352673.5567068
ae58dee872922a9c678dbfcc,643861258.494697
5ec01e911785dbd5b49b166c,514661967.86221474
9bc12d9c9ad95064412c3413,607150517.2377616
7acdaa0cee1ee62e15f4490b,419393294.2028482
d76d5b14d0acc5295b8057e2,499669563.5840946
32f3364ac1fabdd13db1cfe5,337717713.9897384
8cab957b322f1aba06bae4ad,555857634.137766
e3dc8b417819e9afe3fc7d0d,505524984.8544991
c71fbecd8f7310c201adbf40,492716010.9075305
54c9bffcdc46819f67e4b3d1,766320804.9317732
4d94a2295f612b96264a0db8,620350627.72425
874f4a836cb74be301e068cd,804621531.0236264
a18925f908acda4171bfbe36,896136848.3937198
a587c7419568288d68c46feb,550401552.3293045
19994da77ce4f2db3efe6660,412739520.9929858
9c4dece6127f1f3f3bc1e0f7,420668149.5103957
09c28a830f8093802384071c,420668149.5103957
5766f7cfab59c920081e3046,420668149.5103957
964b7d9de17c1ce396fb83fd,338755071.72378415
44f77a86369d6607753adc09,522863935.034046
7f25471be85adf0baeb8ebbc,522863935.034046
6859481703fb0cb34c1e564d,464049149.27480847
7ba0c14dce0cb09ef5735d9f,464049149.27480847
62cd6a29e98a5b7a5ad38050,994855609.1323925
9c6d7e6260e4fe83d43706d4,605136151.5645566
5dbcb55dbba823dc31b041f6,1098362181.0554695
85abc5c0353c5b678f087824,528948170.71056604
56dd1bc39664f8e9f316851b,649078874.6585052
b23341faa7307d9d6009c6d8,463316704.75684386
2af941adae2e8dfd66542055,649078874.6585052
268f887f25d416dcd3c0c9c2,768957636.9349451
9ddc7272fe43f07035d3da63,1333274200.5624907
4002635ca8b087877ad22d5b,926349718.6827984
b515b1caa608ff42574e5a06,614619363.8761746
710542343cece039a279dbee,611420096.9774246
187a143dbd6d4bd81d6d9c32,434273184.83051294
26db92c003c8e67d92d88aaf,1045415808.8748589
641ac8f4f60ae2b9cf6add93,611420096.9774246
784714647351cb6745c867b1,611420096.9774246
5fcf1e2ab4edf13ec844decf,611420096.9774246
2575d932e98c421bbb38b267,614619363.8761746
af9d2f5f62bf74a7fa9c74f4,611420096.9774246
4db8d529af9f718e6d81a85d,431720779.08235973
9a3368605e5f563e29182f3b,401943974.7999808
5ff696d8369101b6dc60e2ed,401943974.7999808
95ade3ab8dc04237acd6441a,330952342.4879197
607ed21e896eb5ffb50d5ead,427155210.6571729
40d9a852bbed67a6036c6d8b,457501955.2153912
97badba651a94721af5df3f0,615598702.85718
b2f089146c30929c4836f0fb,457501955.2153912
936307e2f478c3ff7b9652e3,615598702.85718
b6d5cb459999de084965e993,615598702.85718
aeb66f808982c6308d891f55,544191671.5588905
cf8418c60f4e54dfa09b1e6e,544191671.5588905
1dcf71e8fbfef2c6534576df,828839981.6505115
c78b16f05ef58855da0d4f2f,362015972.2390618
19ecf1fc86396ada203c2a19,799143713.4476293
985fc7ab5aabf1831ce3d298,637281131.7120421
8aaeae6bcfcee5ad928ce28d,637281131.7120421
1a93cae134c79a43b13ce656,637281131.7120421
ffad647e8ee35eaea6378fb6,637281131.7120421
c21a3eaa136ef8a912ce7b74,637281131.7120421
fabe0f299a4e4bc6f51d54b9,637281131.7120421
5af99278b1091dca9b0b0332,505128687.3359589
3f0c845deec1c24472a35efd,1371798548.0428197
c10f25fd39dd36287a6cde73,1272201831.5425127
f37d31c512866b575780c4b7,913807331.8677088
5d34f871e5a5cb3a655a0b13,556149453.0614872
95bb852a958d7b16fd676e3c,1126366133.2068028
24857a7a80d5f13a52eeb054,634242612.7613866
f9796e9d13fe1becef435e54,1244153476.4265213
1c2739878e452a340a4e8972,764567516.4652109
698f3f1929a2dbbc69865b65,602099355.6463864
bc230105784ca8640e499ca2,428141030.67656827
622fdba953206a65224f2c82,428141030.67656827
6765fc17d98c08142d3d7757,602099355.6463864
6f35fcba4ffd6a58bce85892,428141030.67656827
d8654c08e95b39e3b4891cd9,602099355.6463864
33305df46dc2186c7e3f727e,955811000.1275914
0cec193a20d720af010383b1,646261404.8695462
734efe04fa6b326ae1d072e8,431520621.47758
69190139558b2ef3eface18d,428141030.67656827
bb084299ad23f245d7cc5b69,646261404.8695462
d4c7b3372d70b898b167b92a,602099355.6463864
4a119b1bbf04b4bd6051c5b1,646261404.8695462
f844345b6224bc76bc3c6f91,431520621.47758
052505ca8210e5e651fc0b63,618342218.954564
5731cdf8cac0b8371d786c90,602099355.6463864
594d8d78af90086bf8cdf09c,602099355.6463864
fcaddcc78938f3a234dd2d3f,369639396.8682001
1574958978c9b5d23d9521b5,646261404.8695462
55902baa0ece72e2e8c869d6,646261404.8695462
46161effff173111bb6c3a32,602099355.6463864
b3fcd9cbfd485e4e1da6c89c,428141030.67656827
213ddc1761cd6b018349786a,646261404.8695462
be3b1df5f008636e14bec3fe,602099355.6463864
dd27922be5b6f730f8b4e058,431520621.47758
cd2aeb1b2649ef421102def7,602099355.6463864
a226b4af016a772dc7e39ac8,433201648.77290535
dcef5b332fd31d0ed8d754f3,428141030.67656827
481492907baba4574d4a6f35,602099355.6463864
10e5e54ab66b58b3f41ec381,646261404.8695462
d48866a153ea0fd23a858cd6,428141030.67656827
d273a2075d28e343a657d9de,1150375305.602803
90a711f776d53cf654614649,602099355.6463864
f87c76eb5071c5b309e3ac3a,431520621.47758
74df03749e60c216a3e1292f,431520621.47758
03a84af05df0f577e09d60c1,431520621.47758
78682041182f01ee4db04e8e,1272110793.7935617
25c76b5a1da0c2d8158b3732,602099355.6463864
af8f09175265e1546200ff86,431520621.47758
c8d4ffb290aa9cea002e8d67,431520621.47758
cb89ad8156c3428ac80a4db3,646261404.8695462
7602cb1e6fef087d8ee81aac,431520621.47758
00c75d59ed4777481a50cbd3,646261404.8695462
fd36cffb856c2a14982a5fa9,602099355.6463864
06ccfa37fa6b011ac38422de,384801218.2187012
257b533b6a66b40d0f097c55,482104809.4353718
736eef4bb36681acbcc3c41b,424517702.931178
e1a4437b17f7bec650d8cd97,482104809.4353718
ecabfcb8ce9bb47ec3089c7e,482104809.4353718
a5a46af0c9fb5c0a03855660,602099355.6463864
920b50f4355cd2674ceee068,602099355.6463864
410e5af026805ec8088f2e71,602099355.6463864
efa0c01632d13ab59f629ab1,431520621.47758
5965d19a68a8414b0419bc68,602099355.6463864
64955a117f2d9264eb59fa82,955811000.1275914
8cd46b5c9cbd056d3712f155,602099355.6463864
65f736c3fee3d14c31a57d1f,602099355.6463864
66e9c614882d58c022de7a2c,602099355.6463864
8c787c1e6161b18601e6d7de,428141030.67656827
29a115ba5b198689fce5f93b,369639396.8682001
de8ee990e70c8e5ad167dc89,431520621.47758
0b65098a19c2fc1caa6577ed,602099355.6463864
70ea0403b722a1dae1ff9b18,602099355.6463864
5c77e242474e477513b60ad8,428141030.67656827
1655a92b20740a11a5889519,428141030.67656827
1709b1446b20b21482dd2d36,955811000.1275914
e5dba7fa0cfb81488b0c331e,433201648.77290535
d09dc3a3270073e5f1cb353c,646261404.8695462
368e740cb71b9175fe5b7b6a,955811000.1275914
b8a8ad4c0215077d3e5aa472,955811000.1275914
1f4a78e094987ce29f054fb8,384801218.2187012
aae3a99ac764b8e9bfc562cf,482104809.4353718
a63ecc5539e8725af4128cb5,482104809.4353718
a29e18f37ded2e901181d7d2,482104809.4353718
14ead7469d05e5eacce6a575,602099355.6463864
1cbf39c44f6b0fdbf9554845,602099355.6463864
9012294b64280c565a88a1d8,602099355.6463864
dc0e9ce44b9932c6e48a9390,602099355.6463864
a4f272acb4b3b4f5fc72e99d,602099355.6463864
b0a7295da89516be1c44512e,646261404.8695462
b638b937d4f62949b9eb9fce,602099355.6463864
cadd4a6e1075b57f7b74c63e,646261404.8695462
a88f4eeeeac5ccd1ba9b8a4e,955811000.1275914
29616bf14b5f1cd42786a91d,431520621.47758
f03f97ca55e9a43928c18237,431520621.47758
5fb9bd3aee2e1320dcbea448,431520621.47758
34bcfc2f0cefad790922879e,646261404.8695462
8c9849cf3d20991e5126420b,922331939.3345135
ca7b9296080c9fc9fb232782,955811000.1275914
63a5989d0dad994a6af7734c,384801218.2187012
7d25023ecf668945c87e0666,384801218.2187012
fde3d4a4a819b1fa40530238,384801218.2187012
e3338ac993873aca45755dc8,384801218.2187012
bfeab1b12dd82efa96efac31,384801218.2187012
2d564574f0191164ff1d068b,384801218.2187012
5529d858e9c9e3e92ce8a95a,384801218.2187012
2755af908b841e9024718b3d,384801218.2187012
623df36ea9610ed5c58dbd8b,384801218.2187012
77924a3c7880310a4822e5a7,384801218.2187012
24fd0b7f75feda5db89a4127,384801218.2187012
c2b9a3b2747f32d26c8219fe,384801218.2187012
3c3c7861a9727bedf5e3cb29,482104809.4353718
822ba8fd3c7392bda84461a4,482104809.4353718
4625168852b335b223a05bb3,482104809.4353718
b732ff1637ec53286e890865,482104809.4353718
706bddaf0b87e4f076247450,482104809.4353718
917218fe1425d2c222da1ed3,482104809.4353718
7ac0428c4b7197ca14f3b86a,482104809.4353718
e828e83be8651bc2e07641e2,482104809.4353718
4d069f925100b6cad0b657b8,482104809.4353718
a50640d13126880a423521e8,482104809.4353718
45e92799de1a5334c3d2d72f,482104809.4353718
93ca9e75cbeaceee69b4f0e4,693378658.0576769
8fc4070ce12262679c381515,602099355.6463864
63182bbbd5f94cea67de2d8b,602099355.6463864
6e163c3a0e30e7bf1e909661,602099355.6463864
3cd016f68705e73b819cf74b,602099355.6463864
3da41d55a2b9f78c2b10c75d,602099355.6463864
0eb8f10c9d5ded1b09f60baf,602099355.6463864
330c37fb5065311564fd35a2,602099355.6463864
b849cef46f19e13d3fc9d5c5,602099355.6463864
7bc034984b19479f29886cc9,602099355.6463864
5cae4522fa829a1614739b64,602099355.6463864
bf6bd06201e60a4c98c8623d,602099355.6463864
549ebb2f616d50ca778e92cb,602099355.6463864
448ad6cf4b43298a39c7b5e6,602099355.6463864
e9a37a1a4150461126dbb6e9,433201648.77290535
1d4c50978603ef41377af057,602099355.6463864
bb71a24bc5ea4051d84ecacd,602099355.6463864
286ab2411118455780314355,602099355.6463864
045108344bf09b01b597e7ce,602099355.6463864
d714e15ab5c2d5a2503bffcb,602099355.6463864
60823c81f0b98e8a57192a9b,602099355.6463864
dfa988a524343181a0d3ead5,602099355.6463864
fe8bcbd17b16ad023a202843,602099355.6463864
69fe76202cd89637a15de1d4,602099355.6463864
e7cf67cbc08fa04be9f0a3d4,602099355.6463864
670583e7a2ec6e337429fbf9,602099355.6463864
796935018bf2b241646a2dae,602099355.6463864
5f5856dd16c0e5131835e650,602099355.6463864
ea2e380226005bb55c724ce1,602099355.6463864
f40defb11ff73ba4e3db7611,602099355.6463864
a4b2dd2771f49951c027eef2,602099355.6463864
a949ede7227c8f8587715029,782170736.6726565
83f402857435d4fadb27fa36,782170736.6726565
36ab522893b5f01caea4cd0d,718410198.7146066
8e4875b7ecd0898571f0b1ae,412739520.9929858
7ef3f8bfd0368696369ac957,412739520.9929858
73ec13a5687c542137eb9a41,412739520.9929858
6334eb4a37d102ee00c6e2a1,412739520.9929858
fab91f0b03598c943fa425dd,412739520.9929858
c57c3c7edd591e16c0b7c1f6,412739520.9929858
03aea1b6ff072f117ec733af,412739520.9929858
91b57e8d6c41b7afe949bcba,412739520.9929858
ebbc5fdad817b304af3585c4,412739520.9929858
0232a50c9afca03cbf4277c8,412739520.9929858
05b12b1916e51a804419c654,412739520.9929858
95c9cee9b36fd1d68f647aa5,412739520.9929858
3d31144a77cb51647f3deb02,412739520.9929858
ea87e3259c2b0d6263d39a2f,412739520.9929858
61f634438de4a10a861f42c0,412739520.9929858
c3ca43d0474dea2f2dfb9791,412739520.9929858
a13a3638569b89ddf1260470,412739520.9929858
124959d1429de095473bf5a0,412739520.9929858
4d85bbc09ae56cd85a8f87c6,412739520.9929858
2c13f29a8b9ac9b464e3a582,412739520.9929858
70215712bdd8ae7585520550,420668149.5103957
3352469ca509e8ca652fad1a,420668149.5103957
893caa7433c200e0d43e9f27,522863935.034046
767cb14f03c909c595c2a731,522863935.034046
11433baf7716402e8c58bd33,522863935.034046
e07ca567b0678126a1aec803,522863935.034046
b2286067a73bc0049328b55b,522863935.034046
c85d56080167254c7bc19303,522863935.034046
5b9ef8d6defdaf13dccc5ae9,522863935.034046
f7972b1936c6d9e95d3f632b,522863935.034046
defd03ae7d0c0a44baf80abd,522863935.034046
6fffb7958a58a73b0e16f2b2,522863935.034046
5d86a1db39e324770ae58efa,522863935.034046
c56163e390d9e5a7a76e77be,522863935.034046
fd5ba2795eb7b5fe338d6b4e,522863935.034046
24d6d85cd0e2dc3deb2db896,522863935.034046
feea3a2bd9f643219de51c46,522863935.034046
055d7c66464d7e327711b497,522863935.034046
046aaa4162cd410e92b216d0,522863935.034046
b6bf2760cfa26cb28fc989fa,522863935.034046
3a6262eed8967d695182e435,522863935.034046
cf3665f24927de548639ee4d,522863935.034046
4c243fc50d5511a1288bdc0f,522863935.034046
d753227b5c685e93b378baea,522863935.034046
149e49c22fa0eb163a36c932,522863935.034046
8baa01b8c6d29c82a6108cb8,522863935.034046
2d437a09b860d9d46644ea23,522863935.034046
66bd80fd26836fd426be5733,522863935.034046
a30e69524af9c1bddbc5de34,522863935.034046
fcc96840d952d32a7300366c,522863935.034046
659bccaa707b94f303610225,522863935.034046
df1c66d8dfb9520c6818a32b,522863935.034046
dd1dacc0c90022e5b40849bf,522863935.034046
1a06bfdfaa9d9ac754ad07bb,522863935.034046
a0ecc8ce0592a40959bd755f,522863935.034046
739c2b9be0941e4c126d2f3a,522863935.034046
d723eb2516802250027312b4,522863935.034046
04cc75f46642efb1192f1875,522863935.034046
9f37bcaa95fb0044aeef6075,464049149.27480847
7be8abb5d23794ac47ceda32,464049149.27480847
c06c737cc0cef7fafa3fc4c5,464049149.27480847
48e71c45f41778f8dca24cf5,464049149.27480847
b41f7c1cb9cfbd188f8e0233,620415570.0499989
32ce96d8adc8e549b90b4a8b,620415570.0499989
c6bb4ca5a0c839d38dd8ce19,620415570.0499989
1d91edf33a141fa2181abc4b,620415570.0499989
aba4e24dcc6998e5020731c8,620415570.0499989
00af33cff3ff7c6927306df4,620415570.0499989
6d2328def08bae481705e20c,649078874.6585052
7815163b8e4a54843d121dc1,649078874.6585052
c9f92088dbdc0d81412968dd,649078874.6585052
8e1bd01ce4b7910d42f59be4,649078874.6585052
5fd89a857727753eae6632f3,649078874.6585052
332e395d4ce62523a2e3208e,649078874.6585052
4fc89ee51cb0e1b9d6459819,649078874.6585052
2571fe181b6ab939eac19d2d,649078874.6585052
af98a0e223a825cbab78ae49,649078874.6585052
ae187fea3c46c3fbee7e6e8f,649078874.6585052
c681519ec1ee1a28f6a3607b,649078874.6585052
bebcca3e75e747b5a01f5485,649078874.6585052
0842a0730545c623043b1d8e,649078874.6585052
973afa2d67c20297aa108bda,649078874.6585052
64a9f0bf04f1c890cc6e31eb,649078874.6585052
9e92b27f554068b7dfb640cd,649078874.6585052
57b7aff18c444fa3c577b079,649078874.6585052
6b23f191d2ccbebf9166926c,649078874.6585052
b80c961aeb98d24d968c71d3,649078874.6585052
064c1cd5e94efdf8c7262fec,649078874.6585052
723078b6cbdf02c88286c596,649078874.6585052
e239ff5eaaebb287beaf76fa,649078874.6585052
b3b30d8b869eaad2382c5447,649078874.6585052
3f295e6c14e23cff1468bf82,649078874.6585052
be78bb0e06d5768ac1908247,463316704.75684386
4daf52564456895ca7f4429c,463316704.75684386
c832701653f1e7f01913660f,649078874.6585052
82433a009defc21498037127,649078874.6585052
b53d3d578b1d7d9e00c8a00d,649078874.6585052
36fab4c38cdd91de650e6abd,939320820.1960077
bed932e11a599f7cd4bfa31a,780276184.255425
1d9addd835c9fe8665e01500,430070937.645971
d8216aa4e029c0d3d646efbc,464033502.1782976
c1b0ddd3c104ec4482d5025b,409315756.21415746
bd0f754b0fd9b7af284419b2,1161527099.59384
01e907d7672006fa2bba8b0f,421325575.89597046
7ad046b20064565644ebfaca,525522610.4575413
1ac2b23683ba89e9175d1b99,525522610.4575413
ab4c55e78eb83d80c153f50e,525522610.4575413
2ad54bda875fcf8c6b675bf5,421325575.89597046
07e76c765d1137cdd7c2ff53,421325575.89597046
5531b9663c5a37a2bdd97e9a,525522610.4575413
c740655aea4eab7066446c42,414771307.2197941
3b6c37e7e6ff1c03ee4fe995,512486472.19419515
1b5d3ddc71634099fa1f04a8,639251432.1716458
1ad916edbe6fd38f40289a04,512486472.19419515
a1368aa4d3ae850bbfd90bca,512486472.19419515
0f728f676325ece6a001b4d5,524888416.7747571
0f98c4e431100aa87e6fa6af,613417548.2050829
91a08474a18644c43224c62b,537128516.9088112
185dd9366a6dd1e820880917,537128516.9088112
e364018f4d994cd15d4af374,613417548.2050829
77348acef84ef77f6a076268,613939180.563253
7f8f506137780f4cf12e73b6,484049654.1781871
809082a38e6fc3faa66845b9,504726794.1818415
2072a783a44474cd0dd10d7d,510688976.57106376
b71905255273cbb0af1290a9,538123458.6463939
c7d5f021595b58c507f47d3b,1327098663.8534617
65ba1feafecd7efdcf214ed2,623976736.6466384
72eb64cd02ad2a54b65083eb,801695448.2261401
35d79b2ac92083bc439124ac,592777209.9653114
2f7d36523df4a5eee3edbe05,498266223.607451
b0d20a04106ebb87e2cdea37,1080301942.3788583
43650eb8b70dfa256ca64979,651967392.5305971
311fa1bf3c405f9bed13b38a,401993487.93307537
d12dc721a59af021e8ac68e5,401993487.93307537
36f9a0ea831710344f468bba,401993487.93307537
1eacbf36422a54f1327fa291,401993487.93307537
9567966987eb1d3117677cc5,379086784.0358212
e5bc85e227ed7dabfccbd005,401993487.93307537
d1f39f86c82916524273bada,316695291.0847807
deeb837c2c6bcbd01930431d,458956473.72254163
57aa22792684debb8d4079dc,483833496.6517675
5b0530f544da162b9a8ff772,458956473.72254163
b7d66c5f1ad06dfcae5b33ff,447900158.2957088
bc353a421fc579770e432176,483833496.6517675
45ae1e929b0fc88718151191,468287219.4047491
b04449c499843cf46ccb695e,458956473.72254163
e4d89c9d33a0f2659df21185,468287219.4047491
b2a7a8ccbbec39b63e4cd028,458956473.72254163
3be69554b1cb31ed5732a836,483833496.6517675
de7f584df6103e8bf95f4a37,385003788.1547271
0f4de499e5bd2c57fcc75013,483833496.6517675
b4fd0aa09f993bbfb1fa8abf,447900158.2957088
88a83e58eaf136a82ab1fe37,483833496.6517675
379429ee3675d1adbf816cc5,447900158.2957088
c6084b85c8d95e0ededc25d1,458956473.72254163
8eae4346936f8c6c67be81ba,483833496.6517675
a13fc9e9b4e47340a5d53bcb,458956473.72254163
7b8a4d701066372dfbdffbec,483833496.6517675
a62a6094ffed3ea7a54fee73,483833496.6517675
bf0ad098fbccd3548d834ff1,447900158.2957088
0a231779f131c36d8e6910f4,468287219.4047491
51ba7338f5900d8ef12206fe,483833496.6517675
81b14dbf863114fdddb38579,458956473.72254163
adaa406ec9ac311e9f9c0bbe,447900158.2957088
4cb11f32806c0e07b4251984,447900158.2957088
3fee486268a1451a7b9fff7c,468287219.4047491
5666f3c36f0ce4eab2c39299,458956473.72254163
8a8dff62516671aee2250cb0,586629442.7805728
ee4fc6a146e888e993a4412a,571233370.9647332
5a16b30f4d580352710e92f1,586629442.7805728
424bb491c71e913e900db76f,651967392.5305971
100bdfc998bbde3d00548bdb,616342812.6289775
d793efed9a723e77ca8272f8,586629442.7805728
725c029b7c5807a4b0ba2bc9,586629442.7805728
b6d3345346f43dba053ceccc,651967392.5305971
888bc3c4ceaa108e048ad28d,571233370.9647332
267e000c89d3416e551462c2,586629442.7805728
0ab4a4b8adda35f634812221,586629442.7805728
823ed628bddea9b56792d108,586629442.7805728
a189bd7e4eecdd18ebc7d353,651967392.5305971
da16828139a19aa11bd94ffe,651967392.5305971
874102a58234cc7888902d42,651967392.5305971
789e5d19fa507823cc4c5296,651967392.5305971
174bcb77be3b7e408e61d7e1,586629442.7805728
31a1492e589f317a58a79df7,586629442.7805728
0825f2ca4baf5b34231ecfd2,651967392.5305971
ebc96ea800887a647422b8fe,586629442.7805728
969b956eb7769b6f509d3ee6,651967392.5305971
6ef9135481d8fc882a1a735f,571233370.9647332
5f501c4532ade3f412359a1c,651967392.5305971
c6d075772255b1efa52317ac,586629442.7805728
535bdffc5b79d62aa6179c48,651967392.5305971
e95653d504208e8da19fdd03,651967392.5305971
e4e529e778dbc89f854252f1,586629442.7805728
ec5866fcdb9afffad2d7f5c6,651967392.5305971
814694a725a50c306d774342,651967392.5305971
1cd6531d8539468cd5f4b315,447341949.55285794
0c3e734afaa6b7c370754082,586629442.7805728
f80eace37237614562f942aa,651967392.5305971
3aee70815bcf6effcf0e5fdf,586629442.7805728
ea21ddfa37d60737492509cf,586629442.7805728
67c78ce1b8a64f36ddf90cf6,586629442.7805728
fd2efcb61008dc9d11756381,1042774532.8139049
f51658b9fea670bd943d6db7,993445281.9552335
b83b0a53ead29faf9dffc0fe,993445281.9552335
c1329245f57c5d9019105382,1042774532.8139049
98665b825fb3a06b914d39cf,993445281.9552335
24e90a7d9a2bd0c30a4f661e,993445281.9552335
6e64677f8d730e1f9ca240d2,993445281.9552335
a742819d8e4cf8fdfda6e094,828894448.7709602
ed75d1c40109eeb51fd636f1,993445281.9552335
cfc2ab56604b4e3734d7cbbe,993445281.9552335
ed5622c308bfd10602e939ca,1042774532.8139049
5f537d233678443192d22642,993445281.9552335
aaa79ce67339dc53b4f41dd2,993445281.9552335
5f467c6c80023b0174823d85,993445281.9552335
46fcc0d53b263beae95b8eb9,993445281.9552335
2bd47c19e5d29a3157fb8465,1204901480.093422
9c9c2f05352c92c02d080e96,1204901480.093422
cf8fb8db6f74c236cad0cfcd,1100361130.547374
f42a53a05dc90e617e0e4c38,565935397.1071346
bd612d494e2f21051556ebe7,700925109.0971321
ed1c8ac25a3db5120c92525f,448519412.1499446
2c30c2736472590fe45277c3,475879093.4855565
bbe2c06e6f90c4234a7781ab,705068684.0691853
b527813993b7bf4a10c05683,795042210.7301568
2f610d2242d583654337d468,1379192197.6386814
dc25c9240c67effcf655b02d,544191671.5588905
c35f5ef73168d03cba1b1f4f,401943974.7999808
e88009be52bf5803ba3665d3,457501955.2153912
12a63d4fcb56c1d690e1bbb1,428856700.1338605
1d58ad85a82f7731e0f198dc,1126366133.2068028
a2fdc7da13d098cfeba13b76,414572708.736355
1969ba34b72e61337246cb5b,457790917.99786466
8be43cd8653accbb8fe8a270,480884006.6873877
10092cf2f8afb3658ae475ac,542862033.904648
0fd313e5a0f02df07eb6b104,338787533.511666
9b5f013e795f5fa610d03238,408940741.68137836
b1ec4b8badc955f9f4fe2131,594992767.000995
e491adef93281c097ab08dea,444279613.4824332
9a65fe451b30c59beb3d62ef,402397180.7346207
0d3245463127143a8a52014b,704005561.2381788
a0e3198470f97f6a169044b3,1092775888.926385
33e4901b6e72593513a02207,618115272.5255177
f45234a3f0aceb12341be024,949378146.4516217
a71d53ec4fd0d64f8c06da2c,1067674471.8663789
f1b30c4ea99f19a81d12f73b,1306980762.741606
a52e2c893f85b49e2499cbab,618115272.5255177
b2fd7ee866066f3ae0dfb3c0,618115272.5255177
5acc9d767e3117bed0fd8464,618115272.5255177
0449a82dd1667c8c564904f8,963082343.4267806
a0a8d63b5f43b87c0c7e1fb1,963082343.4267806
03de77e22e987fc3fed4eb78,611420096.9774246
3fed1dd17fcfbd2b86e73143,452895362.3852154
04fe204d03bd1c9876242ccd,772998179.6454295
32bdf33933c29b1cbf89539c,614619363.8761746
3f6c05c97778fbdc86304bf4,614619363.8761746
478e13e8c1cb5bc80f1080e0,611420096.9774246
3128a4896665d38feb72b456,611420096.9774246
fba6203abad5f4b3b721f29e,614619363.8761746
b25f461b3d48d833a73316a9,955316061.5649863
1282e129e1a355b161621dd8,607150517.2377616
293320b55fad21ea3f4a5899,333047952.3583086
de2f5db1cd1024a9734871c3,392703158.3175077
200897b1f8bcd7c116a85306,409136685.34815603
7023f5a68e1ce9cfd23fd021,395163906.8356144
13faa4142e9d60412abb4184,400304836.7879383
d74d0241fe5222f5c5b67222,409136685.34815603
0e51111c47813a0b0dd51b64,628553511.1513427
25e3793214088669aaaa4ca5,894860081.2520541
43d7b77a99e86e8bd21a19ff,1408386556.3525696
38b87cf007043b76670207d8,786140176.9731146
8fedbf13ebb7cd3475fa3074,955316061.5649863
4be510fa977b93e34a789f26,434273184.83051294
8f165174bc07c28f9fddeee3,366742768.86069745
7ff6f389e364e67c4238df8a,434273184.83051294
2c91099736f3158f7f09778f,452895362.3852154
7bb1bc81e6eb3b4390440165,614619363.8761746
74e43ea3081841278c76cda6,434273184.83051294
9b948f070b94c18e00a857a7,614619363.8761746
99340b6cf8f818392d501e9e,955316061.5649863
b27088c3ccd93e7d8d5571c2,614619363.8761746
4b45cba0d601f29c2b7db97a,611420096.9774246
362212de783981c9ddb767bb,447519900.3397644
5aa78a2bc8ec5e2be315fbcc,955316061.5649863
92fecc04105a999a622ba3cd,447519900.3397644
5098115b26f2473c812b70ed,611420096.9774246
e9860f6b4c3e6699e62f6c31,391249917.3160907
71273ae563da6bbc66aa87af,391249917.3160907
6c6e7af42a6ddf62b04c35fe,391249917.3160907
484922bbe02cb218ced0e779,391249917.3160907
76745c2648b66151008f6399,391249917.3160907
2100201e0851e80488371b67,391249917.3160907
5885faa4aac834118c5e4351,391249917.3160907
f340405bd7f2c4bf524c50d9,391249917.3160907
1951c1c8855fed5db8031e5c,391249917.3160907
7dd96ddad0fa88f5c5978e39,391249917.3160907
db7535339826028d0fb3355a,413297028.93698883
4317746d5b88142780e6897c,515410417.2158056
5796e37eb1a995db5cc06eea,413297028.93698883
817915cc3582112fb5541a49,515410417.2158056
ba524c4e2f13109ce814ea38,515410417.2158056
c2439ab65fe194d1d60eaa07,515410417.2158056
92e4dcc5911b42e7f70311d7,515410417.2158056
6bf86a580c8b510b7447071a,515410417.2158056
975482a692bb98df98b2f243,515410417.2158056
336888717766096b24215b26,515410417.2158056
ad79f4fa23a28cc84487517a,515410417.2158056
d925c1d4dcb68990c7204b33,515410417.2158056
f4658aee77fa0e35a71da7f1,515410417.2158056
210d58091ea74bb902915250,515410417.2158056
186d4731b3af01bbe4d08b23,611420096.9774246
b760fde2d4df27a168ce0e80,611420096.9774246
2e653d2567a47067df169d97,611420096.9774246
8b63358f3cdf8df0eb1f43e2,611420096.9774246
c09d691e4c7d7b8c8f6a8370,611420096.9774246
4502e2809bb5bd47b2781212,611420096.9774246
d03101c7f823dd7d17e49a83,611420096.9774246
f5dbd7dcf63b08f711561e58,611420096.9774246
9855712ed7be7e865656de13,764040023.5530761
5a6397b85f45fba27dd9311f,731764969.6121385
4d1b0315b5aaf21bac150d96,512486472.19419515
32c7a2d032ee21f8bbc6eccf,447006325.8338489
beae197df95b84881128790d,393528933.1527339
0cf7a6d43221664a060ef681,696729966.0051054
c431fd6dbad57351a497fae8,473448268.3174395
b1f8fdc8e3e25517ab80c065,415502025.6805694
7b346d5a5f5ec7165d1f8644,403449714.2165561
947ba86487536d611f548142,1236538910.4942763
8398ba3b03595704b5897704,463258808.97537005
3f895518a7fccca44e534578,444279613.4824332
232e859fc353dbff75c97cf8,949378146.4516217
b234ef225690d57e7c2af4c0,1092775888.926385
393e2e7ea1f20eb6b4148d60,478373942.35856014
668db5244c4d5b5c76b0b395,778010831.6405714
646de9441934226c2ffeff77,618115272.5255177
de53880a3299626eb6c2cdf9,1306980762.741606
07f10df13b244dc33b464582,500418023.73639125
e4aa393309860fd5e30f49d9,1303020191.2544408
8c714badfcdef8ccc73df9cb,1266238669.0295005
0f8ded86be8d3543a5069b6f,401943974.7999808
3e9d73530ff24d3f4a543091,401943974.7999808
076ceb408227ab2563a663d0,401943974.7999808
e0ae474a5307ef4057da4994,357324573.4094023
d41fc79d800458b1691bbb87,544191671.5588905
dc8262e1493ed593103acfa6,544191671.5588905
bd6c24498bf413b6c5adf81a,544191671.5588905
885c77c839d705ca7d04d383,544191671.5588905
b8896656cf6f5dd7c33ae46c,509399009.97780824
34a9e3ca94ac06347d879942,615598702.85718
ca3b5cd3505049f1471c47e8,536842577.0137941
8c05c66be6008af7f6dcc10b,788198745.7727435
565fb93190cd34ac8b01f01b,788198745.7727435
6c8119e00b901efd2dd40f0b,637281131.7120421
34c92caf68dd0cec9fc383ef,637281131.7120421
68939c438c34e79a317a4f3b,637281131.7120421
dfaba547699e319462abfd6d,637281131.7120421
dd1d2e305d37d9dde55393b0,637281131.7120421
c32df77def9978a84f8ba7f1,637281131.7120421
62103a85a8ddcfbf5e40e284,646256595.2648351
93bcdd2a8ee1d5b61d00d58a,779587501.1651984
9700892d7133ff2c0d1763e7,1046366792.5556724
fca6d7455056792cd61e2ddf,433201648.77290535
4e84c5953b493be7ca96103a,646261404.8695462
42fc4101da60fdb41f41f0a4,618342218.954564
12d40725335f83e2fb9b937a,433201648.77290535
2b9681901b216f2174af0089,646261404.8695462
9ab74e81283becc00a779172,428141030.67656827
8f378dc1215f9213f187c02c,431520621.47758
4a3a6698b5490216e8f8e6f5,1272110793.7935617
0dd795526c080e8efdf8eb0e,428141030.67656827
3e7217f628a1d0fc9bc47071,371781107.3471025
157195fb2358bf2d5051c439,646261404.8695462
37063e689732880621e4e733,955811000.1275914
3bc68bc2d6a2b81f9e3b9a50,384801218.2187012
ce21f368495d385fbd98de73,482104809.4353718
1a6af7fd6a5b0602052c4c27,482104809.4353718
e38259adbfd953bf085a69b6,482104809.4353718
0cb6801c9b57e874102ca349,602099355.6463864
79f1a5bc0be914956d632658,602099355.6463864
f571f85be35a72b2ac358d27,369639396.8682001
163bec92a997aa8263f5a909,431520621.47758
9ce3000cd80aeec2c5188e8e,428141030.67656827
6a6178c4cae2e92a08b0dd0d,431520621.47758
d52cd6eee468311666218625,693378658.0576769
8eccd2a6352c33d8c7abcea7,646261404.8695462
53d3e32b1dc782308e352a33,646261404.8695462
be26f0523e5cb13846539384,646261404.8695462
ad7739088e8febc68abb42e5,646261404.8695462
add4f9dd26fa34829aa25eaf,778530994.3085673
17005d6ec889a947397ab980,421325575.89597046
3fb3a581a9a74146dcf9b71f,421325575.89597046
51c4a8b438bb0d97f712af31,525522610.4575413
0aa1332c56bf357f492da2c0,421325575.89597046
6cc06c89c226a062fc46795a,525522610.4575413
682b38de3539b2a584446922,382035075.3364743
1cfe9cba4c2015e7b58f05a0,600233457.2998693
17d34f9cb105ca5010191142,546181593.497071
1fc0faf46f3b533f2cae2c06,994107020.3202547
12f9e1f78c630defe302f781,651967392.5305971
87bd6ee6f17d2bd5b61b0ddf,993445281.9552335
fd4ce3ddaf79d1b97043ce0b,1204901480.093422
97aacb0847561f45a5540f21,586629442.7805728
a6dac56445613d70e49647e5,993445281.9552335
8b1acd29eb268fd684036180,651967392.5305971
656c13ca7a1974df58e1b826,1100361130.547374
56f72c2d672b7bc3c264f7fd,613417548.2050829
3771c66b9ecd6db0b201d4c4,416046703.648576
45e2395bee937c187e3486e2,537128516.9088112
7c6880b05c212c66b8961b71,537128516.9088112
e0ae8d2a51c771aef5f245e9,613417548.2050829
3573093e56e95a982a41879c,613417548.2050829
0920b2df9df4f0e509a7efb5,537128516.9088112
43600371d44fbbc81f6b6fa3,416046703.648576
2684f67bcc89c8a5b95e5592,537128516.9088112
ca463fbe3e5cacc152aa70a6,416046703.648576
0935e87627068206f6d9c0c4,597662649.9268415
10afe23f1f58f96422c97934,397385982.3515779
f3c8cf1fbbd6cced1fba0930,427473912.0149096
abfda926d174a8da1d946e27,381260683.4037898
fc9fb2f209a4b5e66f89712b,492795219.03522444
15d10635d71919d0c9663fde,504726794.1818415
79733fdf8881b0d25412abcd,504726794.1818415
7254c91fc9b51e76c6fd2a99,640382669.7097728
b732021729ecf88d6297b48c,640382669.7097728
edf4e11d1f1aa6f8080c3156,640382669.7097728
0706ce398b2bd64913e68d39,826288161.3734947
ea4a797b3d73d1b2cba9d651,528889917.78151447
6c598362e322971968739673,325002418.1410865
130a119701171ed3c439c527,558630213.1466297
849c918d78991c57f32f2031,448394858.7925697
036fc9e01b2b1e3ef4574372,816335392.2647994
e4ee1a81aa121aa5f55e20f3,1037936932.1344645
de926223fe4296d96466c685,1130477840.7095766
340ae520163a220061bd7f28,369639396.8682001
11e36a3effeb0119b8bded5b,646261404.8695462
2492a7a74edb57f784f6361c,482104809.4353718
1900e7808046a5fe89d8e440,955811000.1275914
fba35c04cfb7b6db50cbb57b,614619363.8761746
daff79365fd94d1d3a2bbbd3,434273184.83051294
51230c899cea0054bb74cc44,391249917.3160907
5e04875f99a5e4476c0b4186,515410417.2158056
542db19bc6b9a1366715dd7e,611420096.9774246
a117f625c794b7d52ec67cd4,504726794.1818415
4c59acda820b7b75823fa277,504726794.1818415
f040a167241599987e7b0967,640382669.7097728
4a016eba4744dd01954f137f,359071061.3829839
0d995f0ad226dd21bc96ff6b,558630213.1466297
3d44c742b1aa4c022a968ea2,430781830.18406427
e47aa2541fb576b9915fd625,469079967.75817895
61fe9ea90c8a777971db8384,742262563.3076909
4a611bd82c9216a3771ca7b6,647764062.4173498
0cc5caa9b48a835c92da7653,929944843.5848551
9a7f24ba55c92696d377bcb8,640575616.4591795
32366fe92222b329e3d03b29,800190879.0361725
aa26461420614755c2a52db2,817033831.4824991
53a447ad5e011909080c0ecb,1366601942.966975
9d790c8c474c9de2afeb00a2,421325575.89597046
dbf200ef5f1e15211e2fc6d3,620350627.72425
b96c9e2591a4cdf9c4e0c09d,620350627.72425
78eb6f51d94a61a967da24f4,620350627.72425
fb338e93dda9159476b8382c,525522610.4575413
72536bfda19f78d370d95f26,651489888.5521466
7c581e2b9daf20131803eed3,855312758.6955497
50cb0ad562ab5ef4e06f84ed,565935397.1071346
a24901956dac4ee0e4b0c91f,855312758.6955497
c1b386f478152f9be1f546ea,438614805.3766406
1f34129d15f992a3b62d4b21,438614805.3766406
299117d35bcdd48afa4c2eb0,448519412.1499446
4ff6c53c0bcfd1d24bac7ad5,878702125.556275
2e52008bd11000eb776bd80a,1341811469.3246067
56b78bb57b2d1f064c47891f,409244676.89678633
ef64a8989a6444cc529dd1cb,516942789.47094595
078f7c6532204fe046b13d14,786063475.5362501
28c0649dd8b294574a876e95,1001864495.4919392
6b9b9d28723c7ad176a9306e,868766219.5016308
a640228932682c0c04538ac3,1028092485.8779112
b19efe9cbc26d61daff5ae90,444212984.04008895
dc69d70e4d2713fcdfd93dd9,437284242.1136356
358e85ba765ddde3ac31be33,345556161.20159715
5e6b2661bb7ba0ce4776d483,332505152.36159015
0b6dcb5c1952dcea931e2c20,516942789.47094595
cde84d2435eb1d0d4ffe2a43,566317210.4598948
bac550d41b2cbdc6a110ec7c,516942789.47094595
78fbb49efe7dc0d8e144ad83,822202170.6825628
606affed5c707249158c4b49,775590786.9497559
d44778d36fc789f8b8c745b4,616660664.2336209
27ee3504d1df34ee8ae5dbb2,918042794.0131088
60bae7a45a084f117eda823d,616660664.2336209
98aee6a36f208227a992f9b6,1130334021.948173
388a6dbda422f886e503e685,1302636343.337464
2869a2d2689af65497775b1a,772151821.0945799
19993833220392781bc15279,1128329059.1194239
f0efda3f7fb18af1b44d6aa5,634702005.9351256
cb915d1ef92dff803c5cceae,924957212.5009665
4bf02d040efe5358d4a5940a,995903694.2091717
1382140d8fb634851d4d210e,1354446617.258517
b8ea07763f2e1a3d635eb23c,403858556.1705296
8ec00d454698c119085cbee7,403858556.1705296
30d5185ca2ac2fcda2bcb79c,403858556.1705296
d0ea7bcd8cef8588ca50c778,403858556.1705296
fe6c19c6f54606a611d412c8,347923751.0230708
f22ae3d17c92427f5227cbf7,347923751.0230708
92b3b7d8dac6b2f6d5fcfd9a,403858556.1705296
8c44d216517f5c59e2611aac,403858556.1705296
b85fa4bc59149a7a25447537,347923751.0230708
99f10097f39b32a478877340,481047727.3878383
44f8d5ab70828e06198579f3,756389861.5307176
1f674965c913f9fe282d07cd,481047727.3878383
60e768892afb284b0e5042bb,464049149.27480847
8a6d013451e46411d35c2b6a,481047727.3878383
6f953b9964d60f6a74c81226,463316704.75684386
05076b448cfbf9dede72904a,649078874.6585052
47051c25acf866250b5d3ec4,463316704.75684386
0952c73b02dd5432aebdf2c1,463316704.75684386
cc3ef2f4fd5568aea96c257e,649078874.6585052
834fe4a1e9e4efeefb5aba08,463316704.75684386
104cd052884247b14d697673,463316704.75684386
8bf61f106e60d6be03799de7,649078874.6585052
c13e387f56342f88c993f0a2,649078874.6585052
ae664789baac0c47d13c3c19,649078874.6585052
ecd1e3003c5d74a3c7cbdb11,652055126.6531513
561cf254aba002fdef8258ff,691927318.3982035
98799228c26c9e4899bed65e,612883569.3748578
03025756be203027ab75aaae,564058152.5953714
8997555e7bea06f7b90ce821,592777209.9653114
e91a3f962129068a3a76d209,592777209.9653114
4bd0a354d75759510ab6bb46,592777209.9653114
f6c1705a83c039f7a7d46255,592777209.9653114
0c4afcff5f5a90cb79807682,592777209.9653114
d3222a7545e302bf10894658,402541965.1992673
03463535ae93b8b123eaba8b,501557633.3395313
360e5cc9ee1282e5a6ea17dc,592777209.9653114
07f24808e42c9e11a7c20232,501557633.3395313
b80d0456fba49a40fd774e5d,801695448.2261401
f865411c20924c43a080794a,592777209.9653114
c578eb2dffe903475aecbffa,501557633.3395313
d639498fabe1db1236656593,592777209.9653114
e6e3bcae6ba114caf108049f,402541965.1992673
7dd9760286606c45e6a15926,592777209.9653114
2c5f07a9402cc93f4c683759,592777209.9653114
e3295e732bcf306a2d338387,501557633.3395313
240ccc45a242f80f817b04d9,501557633.3395313
a7ff59863f8719590146e71c,592777209.9653114
e6477c2014ad081d22f12b9d,501557633.3395313
807687fdb46614d9aa139b20,592777209.9653114
317d8f9d18599b346639a4d1,501557633.3395313
b85acd44e18ab485d3ac543e,501557633.3395313
e61476e47d7e7be706d23fee,592777209.9653114
270a97e07eec2be02cd89a86,592777209.9653114
4c9dc4494a3428435457f575,402541965.1992673
26e58d0b13e7f7f5a54585d2,592777209.9653114
166e1e60acca831bfad07736,592777209.9653114
aa25d9f8737f142b8cfa970b,801695448.2261401
44cdcca08e1e66a1496fac6a,501557633.3395313
d75b7730e8c291ed41d7caf1,592777209.9653114
6d1534800bf0ce97197efb6f,592777209.9653114
8b13054b3318289aac1f13db,358697369.8029224
c6cb6ccd3f5876c9b9e29685,463284554.3773356
0356797c1683d002bcd94899,1453391168.383115
558cb38bcb8de04588bdfa30,419393294.2028482
0685f2225b939147c8482e6f,383167964.31482774
cf1ba56710023ede80a8381e,645441326.5199285
2d4bd56e71f90e6fb387a2b4,1235699796.745189
b96b8e1d636f0c10c63e5c6e,637281131.7120421
534be635a841fe21c7a702f2,544191671.5588905
dd5b4eb5d20b8b9c813ba52b,401943974.7999808
46941e09b153ec19f86c0c2a,688621819.3428835
9f06ad3793ede2ba7f39de43,544191671.5588905
b3df8c66475021fc04f107a6,544191671.5588905
468df200fa490e667bfaa31d,544191671.5588905
8130ab67c5e0d96a9a67fb12,637281131.7120421
f7ea437311c0d217b0d572b2,401943974.7999808
ca0b59b35225b44447967ef8,387289157.96152127
90961073d9887bc1023315a0,387289157.96152127
a1421c30fb33a249bcd54394,387289157.96152127
c87d9677bed80b0fe06308b7,353694144.7284114
d331a4d58875a393080fdc48,334685533.2122324
2f3281ef06475d2114fbf9a7,330952342.4879197
487ede1f7f155194b69c531a,322383441.15485126
04308f869d7c992ed3ea646a,457501955.2153912
912471caea3c71e3f9f70877,422601786.60863495
1baabd705f72393167dba5c8,457501955.2153912
aa4c66791884ea2a8357924a,431720779.08235973
1ce08c19161bd0545eef8a16,422601786.60863495
01eb0a2c1033c30830161321,422601786.60863495
b2759de47d28e8cc05c94e36,457501955.2153912
bcdea05b890394a10d24601c,457501955.2153912
db9f66f68aa772fe29e37edc,431720779.08235973
bd094081331ab259b1076261,457501955.2153912
81e7c8c1894e0c3a9315ff27,380150013.1662707
7cc9cdd32c209a62908a18ad,402199855.7827857
1e18024ab7d931bc7ab5873f,759657670.1427133
baa146a6537e8630180fdd35,873886456.4236809
8b788f742021f2438ffbf528,329646256.6668818
66d41314804d77ea0f440695,994919996.8229588
72dec1e6e65f6117e10a2473,450789140.29277664
4066da904062a0041a809b02,394692798.13696533
b7570bfc5ddc7caaf610908d,402199855.7827857
f6c6eb3fac9658c4951c4222,523222423.4852791
5fe25ab9cf4ea071cd6287dd,332611320.8828497
0ef36d33e6c378c946b8a65e,523099779.0583232
991a94dd1e99de493672da14,523099779.0583232
798d87a368f073efafead25b,523099779.0583232
9e8cbeb53820394a460f0879,394692798.13696533
7b5582907bf47bb9e873a513,850325543.3134551
0f21ea53a480e4363b8d7aa9,615598702.85718
ee667413d1cc49427ad448f9,637281131.7120421
12bb70a95996dc6e286086ed,461733399.2290951
9e9e3655ffa5921889cd8ae1,986667073.9102454
f2bfe55b6188070fc5c3f59e,983924740.0192796
1f00fb18ad48b32c666fd319,625325119.3141594
86f15ce6ea8e97837e6b9383,734494155.8050568
7002d00c9acf8b8a4a5865b6,803327945.851323
3e85deb0237521f1a7a8fa84,1046366792.5556724
1bf77cd1c4037f4d2ed28036,1046366792.5556724
ce8e1e2e4a79fa55a8547457,1046366792.5556724
73a8efbc036911954c07b91c,1046366792.5556724
9a2051367d6dcbd90a4d60e0,803327945.851323
3804d5b313b742228ef0f1d8,1046366792.5556724
fd7b741b96080ca5b964cac4,1046366792.5556724
c4cf9ab3776289a412684892,899459370.6318725
1c51566c7dedd4a46503131d,825605400.7826589
62259b400be228a30a655a59,736627318.1228274
e5092b4a94f1c231a0c47680,1114833946.8802824
6f435cb10e5728ef45be9f29,978984864.0128284
04a071d777e60627223e28d4,392933193.25578046
1117078fa37ed101e9120923,614619363.8761746
d56fda10944b088d9cbe1162,392933193.25578046
e01c49250329331a442615d6,392933193.25578046
30ab0bbf876dfa515b266c9f,447519900.3397644
6aaefcb58913bb3f49954b2d,614619363.8761746
629a6122db92e378f0eab96e,614619363.8761746
a8549fa4bb56a2bcc0e15b11,392933193.25578046
34291b30d129222905ffdaba,447519900.3397644
cd5658fc146ae4b5d78fb565,447519900.3397644
ce14bec246191176c16c4e27,447519900.3397644
46529f0455fd35b2f4a489d0,447519900.3397644
52b3823c59546a6ff3de4d09,392933193.25578046
959b7ea50d93bf1c36e35005,955316061.5649863
5c6edbdf110bca5a66a51585,392933193.25578046
d4f6cc3cc6e923cd37d0fbb7,447519900.3397644
2865962bdff8929888a51341,614619363.8761746
105bcd15e02d39f70ec2ecb7,447519900.3397644
b2357bf117ecb5b9082871ca,392933193.25578046
273cb73a7bdec0d291e845f1,392933193.25578046
1f4cd62152d4940990ac6a9d,392933193.25578046
a13ff325f90eb49363f59052,611420096.9774246
40871d7ade3e592560d0b3e3,434273184.83051294
ad2081cd75928b8f5e506944,955316061.5649863
1508ebe40f90f90a68f6dd69,392933193.25578046
d3cda82d1fa53a7ca1b46a33,611420096.9774246
dc20d46be2470d85ad9e7e45,392933193.25578046
0a7fb26822c2ca556f62a257,447519900.3397644
40a1cefb3cbb7e2972e30d97,392933193.25578046
4c3a2b3e3d5999f747ae0d53,955316061.5649863
a8870552db951bc4e76e7f9a,392933193.25578046
cc48e66185c23195cf958612,452895362.3852154
09d4b5b5c2f97ff88215708d,614619363.8761746
a59320023948e2d915c07306,447519900.3397644
a74214a0d4d40b898ee2be88,447519900.3397644
dd9f28d722d43112651786e6,391249917.3160907
275360e29bf3309e09ec41d9,391249917.3160907
1e21ee2ab4ef88194cc85166,391249917.3160907
268c1e17bc17dd646d1885cb,391249917.3160907
33e22ea4154e8f71062dba8b,515410417.2158056
5b5db88fa09ecd8f4b9cef6a,515410417.2158056
c41dfc0b917edb6e6ef7b1c8,611420096.9774246
3ba6b07e752fa580f630eb8f,611420096.9774246
fa6db64bd7cd8b0f1c0e2453,611420096.9774246
2422ffac7337b402339dc550,611420096.9774246
dd6d47e2626e2bf24f842f21,611420096.9774246
bb433dc1bd769d684d8b3352,955316061.5649863
812ad0d57e4291da184bfae5,390135184.3372932
51a0a1a680770b625579e25b,1296245754.0503712
a91fd5b9b1a791a6af59b70d,771766073.2980485
094da6ca19427f1a943105f6,1156639845.148585
7af0a604d1901925aa179436,600545779.7341065
890df90091e14d1c3a1b30e8,458956473.72254163
aac17b54a68bd216e2bd1d45,379086784.0358212
fce26c7fbf0bc93937ea5198,571233370.9647332
b4245f075bc41aa29b55d324,745661246.7790604
bb70d80b0c6ad3022160c8af,421325575.89597046
ac85c8f7605ceff58dcb55cb,414771307.2197941
520415ebcdd1a4059d18e2fc,620350627.72425
81547b223494084af3e15bf3,525522610.4575413
a0f1496a0b4a7cd8b850f010,620350627.72425
436fd4dce2ff0f71232f4b6c,352293242.7101586
3923f0e655615aa6b52721b8,613417548.2050829
afe03b938be9cf14e98d4a0b,416046703.648576
0f1c472b94feffc41f1caa44,416046703.648576
5b76ae185e6b41243777cb4a,416046703.648576
d70b133f81d6f1c9d93e2ed5,416046703.648576
865459f5342a0102d255fa07,416046703.648576
fea5eb95dfad452d6786b042,420386622.98019433
415622d0f7adb1a9f7009a63,434756795.1331148
543edc342ad39b149501aaeb,537128516.9088112
89e1d01cb5bfdf567faca443,537128516.9088112
e86b99e5dac8ed0d8296e950,537128516.9088112
2c85b19f02bb3768c10d14fc,537128516.9088112
c17a3139c360750a6de5950a,537128516.9088112
cf76e6077d47a14abaf0cfb3,537128516.9088112
82ad4b3d5a215f17e745d77e,537128516.9088112
dbb4260c89524c78de7433be,421971130.7655129
5b312ebdf71ab7971f9fd2d6,576972736.2422884
b3413352f0280412f53562e0,537128516.9088112
28fc5f188c5e11717cdb4a98,537128516.9088112
c4d7a906b747428aabd368cf,537128516.9088112
a4dec2ce375ab5e4bffa5966,537128516.9088112
546d570784c7ab8746bba80e,494123862.14284545
cca9a08bc4a91f317b851f11,1006725682.490248
bf43226ba66a3e2033d32fe0,576972736.2422884
c2717194de73e1a1d8dce40f,383057638.37543076
acfc06021a7a81313d85f62b,393545496.73739785
2d531a26f8b1a8afa511e3dd,575424462.7697163
4a8acae29064919c68fc8600,494123862.14284545
691b030abfe1190802349715,325216214.13776493
a302ef23e1d0d6a273274cd0,482340678.9076436
a742f415d6c57e8493762c57,613417548.2050829
4672d1c9c3b04fcc87a0ae9b,613417548.2050829
371a0ee537001f7a9d58465a,613417548.2050829
ca5eecb01282d4a84017bd50,613417548.2050829
40eefaf8c26b8b4736308bf7,613417548.2050829
a7ff08f7e09b19c1546453fa,613417548.2050829
07a6da2c9c4833ee4cbe8625,613417548.2050829
b2d32589626abfc81e44cf70,613417548.2050829
aeb68eb7eecc4aecd5529717,613417548.2050829
3c0b438c7a4fcbfaff9f678e,613417548.2050829
c37b357d57918c3a651a5760,613417548.2050829
b65c0544e9deed76615a3138,613417548.2050829
3a8b7b9048c82797fb01a8a1,613417548.2050829
7549cbd5c8003204c85ce1a5,599628526.6106865
21b4c1ad11bb1feac4d02308,613417548.2050829
b972611aaf1b68340de16545,613417548.2050829
eb3356f3856526dc140be7f4,599628526.6106865
93ba409ab36d3e10eaae18c1,839062025.929656
5717732a654405ba208c0f5f,1330177377.7539396
aebb556fa6c9275a9b5c543c,1274457531.1047006
fc72e535900c592d6053b806,613417548.2050829
04d77c8ade9a55fddd28b00c,613417548.2050829
028adaf559a05c8882893767,613417548.2050829
95781f187bd3fffa3d1b19f5,613417548.2050829
cc2c78d41e3fe29de0b4ec4c,613417548.2050829
f78886545677e19e472fd0c4,613417548.2050829
3dcdbb92628e6a200adf48e8,1306073818.8768117
4993d1487d78cd9ae2c23619,1277963608.257234
a8a2c61f2b994411af5d9bde,1333913617.6927078
57fd11f829e31e198326ac98,1196341824.3761091
59b9a5730cc8a41bb7a1d16a,975242771.7455577
85b8a65f1b00f78e67622bfb,742366775.5646205
971c610e55f133a1d1e6c2b2,908275205.6814142
0f9867abe3ea0b9c5363982c,1079464521.5353005
086521dbe18727963538aa7b,820203347.8851733
bda3c74ea6f73407a3c0a17e,763323500.310381
257c765ac81bcf773473039b,383417183.524922
80d2415c0460088d69574285,1048892123.3065242
1554f8aa4c8fbe17e9e82d0e,613417548.2050829
00f6a62599f25ac506113149,806107217.4095947
ae26e4726c16cb2f6a6d3f2e,806107217.4095947
8018df1613094a9e4606c875,806107217.4095947
eae4a1cce7c039c644f01c6a,769751359.995047
b07cd6c30350efc5de211a8e,769736418.6728858
5a2624a08494481388f6daff,637281131.7120421
b8eb177e22c63e84738e7788,637281131.7120421
ca02c904cf5eb96ad20705ca,327015984.295768
8e6dfdcc28f830f2696de9cf,1023340373.2474949
99fdac6a2ddb1136f7117f0a,392933193.25578046
22e9f1b4b5e887cb5f0dbfd1,400244437.93076414
d89f812c7edfeb3121bf639a,434273184.83051294
19957244dabc3f727733527d,434273184.83051294
ad1322132f3b533b4aced580,400244437.93076414
40c2ea5f89f5b77cc09d1455,434273184.83051294
140c4de69883df9f3fb3a538,331120607.0743938
5529091bcc05ba5cb2156b15,392933193.25578046
55c5e58ec636586755df3dee,447519900.3397644
6049fb02c166ec9b4471a7c6,614619363.8761746
758b4df32244a51b2271a891,447519900.3397644
2ed1ae5e6fa77e447af230fb,515410417.2158056
527a1c27e038e45d2d1fcd9f,447519900.3397644
1d0c3ba50087cf01637de6c0,413297028.93698883
d0804da971548399183ecb85,855881474.7797924
46a7d0f520dd1e78c0cbce0f,855881474.7797924
57e5120d0b71ec6a67746a59,515410417.2158056
b5292c1e1683d40be46bc2de,447519900.3397644
01e9c7531cf3c63c04b9189f,413297028.93698883
06e91b526821a6ad1372fc44,413297028.93698883
34bca71dc9c74a2072f11e9f,614619363.8761746
22385ae2b3e7640e8c40411b,614619363.8761746
6e4adafdd872a2837921276f,452895362.3852154
8cd3031963c612efd0049f8d,452895362.3852154
43b2fb09efd1593a94b61b4c,452895362.3852154
74448f56811e9562536eff6d,955316061.5649863
44f0e088fee626993778e7fb,611420096.9774246
6e6f7fa167c0f617f50c86cb,611420096.9774246
83da5fb4c15e3daf727a3cc6,611420096.9774246
b45c8a6224ae2656b4189526,731764969.6121385
0d926a0b5ef567c627a7eb0a,665379514.0019686
c73a1177d787a5ed72b8a9a7,421325575.89597046
75c1083db5c940e626c02f53,398382752.15804416
b925c9218f5132c6c81f3a18,363904693.18932927
9a091c59b3cb4c730372b34b,529248217.56381756
bcc704b2e178dd20497e073e,359055271.17939055
6f65de020f663622146b89aa,442339375.6012482
9f3680d00c86707fba024dac,523228517.16598165
18d5cc463455fdb4d443a6f2,375074357.1538532
f1d76d78f9266d9552bb86f2,714429085.2005159
74dbd25d407e51337f883659,878349041.580047
88ff73eb829a6ec5bfcc0222,879643259.6759412
ed5559fbfaba86299e87ed89,748692388.8985556
5d97aad3e83e26b551c3399a,584016662.6203768
2258ec00dec6a2b85f439135,584016662.6203768
6c94fd185169e708a08d3535,416046703.648576
ddaa88a11432ca21d3eca774,416046703.648576
2749b5cfd2728ebdf124a0a3,416046703.648576
a7546a6c6194506dffd65360,537128516.9088112
6de7bfc5e8149ebc40ec0e4b,427473912.0149096
6f83f14861e13af92a2b8cf9,427473912.0149096
d71d0c8357f09fe2f77bedde,532524276.74292636
90b28f5125a0b8a0e3b10580,695908183.2580235
940e08f8fc66ac29f6d76687,613417548.2050829
41d2864e1f73e29f222c61e0,613417548.2050829
f7399e57df358ae7adc9e08f,613417548.2050829
1679719f26e7c650f24eee6d,781406677.1290195
0803ef3270948a30b3fee2f0,496342387.12095445
4a3defc2b7d2cd751c9c970e,933377571.9727491
8bd2490f83568ba653cb74f6,779116809.4919194
b4ffd0a2cdcadfb962578199,814988049.1773854
7e5064603267b61520d8f83b,391249917.3160907
88964e1202647db0519a8a00,391249917.3160907
f3d94d0616744b87ff139533,515410417.2158056
60704a08df293592e4cb5719,515410417.2158056
347d5081f7bd36c8edc1f352,515410417.2158056
41d3afc1118758b5314db48e,515410417.2158056
80a1dc97797c41b61f46ec6a,515410417.2158056
c0ff8812c1e8eeab07c698a1,515410417.2158056
a9a4a765b1daec2f3ed59a80,611420096.9774246
33258f995a375ca192ca4d3c,611420096.9774246
80b6c823bad5b4c0fff46657,764040023.5530761
719055eed27f361071cb9eca,731764969.6121385
9a354d8c526efc5bcce59dca,731764969.6121385
9850d970fe9fd9bae89f09ad,789552644.8422644
f2c87b07466aad7328b7e0b0,789552644.8422644
27ca0c2320c520342717355d,392933193.25578046
e958bd2b19db118c31f893cd,392933193.25578046
46dcddfc78444011abd29870,447519900.3397644
061d3fd39da1b4b1397054c1,614619363.8761746
3d1a8884a9687e53e5fb0bb7,723917777.0978153
1c0236d4bc291372483a9151,515583100.447286
c1420f278d45b85c56f415fa,618115272.5255177
ce6fc507df0105c68c29214c,385092424.82307976
e4f26a73bad4e41c375dd897,943870508.3744384
719190aff81379902beb6497,696729966.0051054
da627dae6941b59d1eb98e35,512486472.19419515
2189d3297ea703e50ec34d96,696729966.0051054
c7205874bee601a7b01a0cd3,696729966.0051054
a22bc19d0d83b13a53630b7b,396563619.0159685
8acebaa9fd7e917d7e3b391b,385092424.82307976
4e104916ab915cf3c0bef846,696729966.0051054
b0df95e9fc94d9aeebc960df,696729966.0051054
ab419cd48b81038c5a30c721,641533839.4407047
5b9bae6f556700e099fedf08,409244676.89678633
989360149d9cc6088391db4d,616660664.2336209
bad7560aac04600e1ec1a9ce,616660664.2336209
08d9f04bc4ebdc74e9d80b16,616660664.2336209
f4311c45516bafcfe8864c70,516942789.47094595
c84e1db639ee43ad83f930c3,409244676.89678633
f778fa43c92344cfbd700432,516942789.47094595
2019bd32dbd09fa285a388f7,616660664.2336209
4db834146c4e73b515d510ce,409244676.89678633
9f9f2548425519863e2cd6b6,451718534.0072441
6c3bb7e1696df587990161b1,403637566.5265278
82f08aadf1eeaf2058b50592,486372867.03792864
753e74e4dbefeccf3e6b27fb,486372867.03792864
a26149f589edb9a903782a3f,486372867.03792864
bd264728a0464376e22b6bee,486372867.03792864
2d5564a502635dce2d46ef8e,616660664.2336209
05bcc7d7db8d352216a4af59,616660664.2336209
4794d9994512f01a4bbb6c48,616660664.2336209
64a4528640fe492865ebc0dd,599251705.1608856
f655ec98cd42b0bf2d7cfbfe,599251705.1608856
b09de5f1e028d4fafeb8a22b,599251705.1608856
4c79f17573007a39bb2b4b7b,616660664.2336209
824894236c20b081af2c9868,599251705.1608856
107e76f0c913e19217662faf,1028092485.8779112
d5e2bbb69ba3876b93af2d3c,1028092485.8779112
a2905faba4c1177603e6cd5b,875389552.2805066
d13e3d432783206eecb0e192,1028092485.8779112
6fecee4b1e5f50c0b27dbba4,1194942705.3870091
57891292fbd530872cbe68b2,1194942705.3870091
d0d6a1b5c60ad420ebf2ab8f,696729966.0051054
711736da4f0e8282fc8c9e69,696729966.0051054
f32a3b542efba398907ec912,512486472.19419515
299a94a02e887c6ab1de59c7,385092424.82307976
ad844bdb1150508a4c6d57b8,512486472.19419515
78c17e6ceb87f7587364c873,506442798.7203377
22e8713e2051c88cdafe2364,561878128.9914305
79c5085c14068e492e402a26,1107145573.5334208
205e9d987013859f391b27b5,1031469182.0321317
36aa7d0cbfe40adf3c86a134,523899431.71570086
d54d787189cc8f014ae58aaa,544191671.5588905
fe2f1459eb0a380dc31e3a4e,845230537.215727
ad663952ff2ba1953efdc460,544191671.5588905
b7320c35e90f33fbb1c28813,544191671.5588905
8f90134b8e68948cb18fced1,637281131.7120421
2dfeb06300828182d4109c43,637281131.7120421
3f5a0cbba1433e9b6588dd73,544191671.5588905
f952c40e24c9df4ab2d62017,637281131.7120421
462c7546b358b00e617ce012,544191671.5588905
e0df3391aeb8d3f4b00f418b,544191671.5588905
1e48878318d35476c3e87520,401943974.7999808
e3903705d5a48c6d9f828ab9,544191671.5588905
9e590ad7d22105456bebc767,637281131.7120421
d0fe3d393eee5c0cea5bb6e2,401943974.7999808
57b3791f2c5acffb0097f7c4,431720779.08235973
e11f9a5cf9d6ab0ffddd6096,620350627.72425
9a3920f803b087c29b487cec,620350627.72425
6cc0fe8ddc318f1bbad360c5,692815264.2223562
3e0c656b64d39ab38201a112,386481756.14588946
cd55abdb54bd56d54b11fad2,692815264.2223562
7cd39eb8de56700519d8f287,714022355.1472719
d762007a4ea5de370738e875,600233457.2998693
f4fc67d9b9c6078003f9af35,789531922.4296186
dc0a4632d7378c25be351760,515703351.15126735
530a3bae5a13291c69bb8474,515583100.447286
32b678be83da2a07b37f3012,452470384.4647797
349768047d470d2fa6ff1930,778010831.6405714
e017c3311e2fdeb50a686547,1214417367.7474258
bd0329ddd50f2dc4dafebd26,1137291168.0384126
f6252e878aef5f8a641c3d6e,544191671.5588905
45ae8ffacfd00fb4a4f53d0f,1046366792.5556724
d186e369ed884150e71906da,955811000.1275914
7b9e6b7eb3a5db0443193fbd,602099355.6463864
1ddeeae13139b7c9ada353a3,428141030.67656827
a1ae6f9f5d02548c89b23904,602099355.6463864
dc298d37c5235e15b4cd68a3,514661967.86221474
f640753edfd8fb1a995f1de1,387728953.57436806
69a1f439de0f06e1143a0006,652305924.2271162
98f253233bfcd16533e2a448,997801318.8083888
ece6f8c652d4227370ef0fcf,843685209.976955
599506739a6544839bd97b81,820016491.0580772
a12f49f4ac3c5bb0dc7d8d20,342810191.1702419
9da00f8ff8e19d26c1342274,879694132.5344908
cf5213877dfb4df98f0dc10f,610228494.8045638
84c7006b5a63add890a224e8,903895990.4294015
88aed38ca59c09e1a6202672,719910065.7250503
e6bda9370c80a5f7e5cb6b07,755360465.4090055
3b54ab53b6e3453e333a0939,417298214.75058615
e72ff7414cceec6b162df345,565935397.1071346
f2d4c1faeb7694370bc65ec2,565935397.1071346
e1ffd027cce28c44c0d2f80c,447548905.5657618
5c5039602efa36222e64108a,447548905.5657618
b50f2c871166ee1009416be6,567303945.8326263
5e7e36116dbc08932f5fcbf0,567303945.8326263
325ce336d3df17a078db5166,567303945.8326263
a26e967b288a1eb6d8e71d46,388823523.8730027
139331d23d9e3c40cf083a7d,640382669.7097728
1704b2d5f4a33401fb153608,324816415.32582027
ee70354146295365bf241d9c,469079967.75817895
fbb0a76f05908c118f7a3df6,373059235.0257999
2aeb794adc9892354aff7240,448394858.7925697
b0a32581cbb586f9710dc3e2,663811268.9934388
ad7f3aae29fa1e7ec900b563,653373772.6331159
1695225258263bd2f463b21e,689872009.5939646
f72fb486fae49fc1de1fdcfd,1215329260.9718752
6b8f7074aed7ae7e6cfbb090,1335491323.6542783
619dab52b321ab297a604185,1282324269.8955646
b5bb9af24f9de68e91a1df76,1366601942.966975
ac3d21f51637207d3e031c2d,614619363.8761746
2aac28d03c2110d871b5f274,434273184.83051294
9ef498b11563827597c82947,447519900.3397644
4f2ca698ff03df0c6386e48f,452895362.3852154
606df4826416ea0f146ddf99,447519900.3397644
9ff08a6ca1c63480c563442c,611420096.9774246
ec27554aa1c62314f4d46fc8,392933193.25578046
762374e94f17a8783a66d598,447519900.3397644
83ca3a41ca4b5337107c197e,515410417.2158056
c166a9293fa27e910e1fa9c1,515410417.2158056
57f8a1e37c4ffb1b8cbd342a,611420096.9774246
393d99ca47315ae98fe9e7c8,1045415808.8748589
9bef4aacc63605f2b2b62292,452895362.3852154
a266efa4e41df357ac4edda4,955316061.5649863
adfdb0eda9aa97f0d3005c4d,544191671.5588905
f05aee3e433cb036653b4375,637281131.7120421
2dfd1808bb95170a088deac6,637281131.7120421
dadf0a00434e8ceefb3e26af,637281131.7120421
4336ff9b2dc1d97ac8f9694a,387289157.96152127
eb14a5813f860bb74740da2b,387289157.96152127
3d580d0df1bf9dd124c282c9,387289157.96152127
49bb5311607e4c7600caa03b,457501955.2153912
78a39ae05ac53535ba0fad2c,457501955.2153912
936e18fcf06ca3c46eda7c8c,457501955.2153912
23f12add67accdc9ed40f59f,431720779.08235973
eb1b9e15dcb88964f79e6a4a,457501955.2153912
e2b7f984616fff25e3dd6a3f,615598702.85718
b8e2b98548a234a245d7935c,637281131.7120421
79382c56606e701e44d55033,1046366792.5556724
983874e637a1a5782f31089f,516942789.47094595
3da9de8f610e5c40401a5b78,516942789.47094595
cd69a049dd8a3822e228ebaf,616660664.2336209
604f1b5149f770a8f370fc75,409244676.89678633
0d24fc1c5deb78eb1a0caa51,422422803.58333975
583af1118e60e46c347ec593,616660664.2336209
13b181b46359620191e6e4c1,409244676.89678633
50d8333064f0560cbe549f89,369459170.7641646
d9000c1afed253d05de7819b,363032509.80615616
792ac070d1a314f585f09987,363032509.80615616
3e874c25176a3abb336b31ac,363032509.80615616
419ce7158ed62eb6897cf09e,363032509.80615616
b6b87c05c4238be76d94da2b,363032509.80615616
980d809e549333b475477bf9,363032509.80615616
a7df3d344010d5bb7dc70bf0,363032509.80615616
3d474c6a88ceb86e00f68b3a,363032509.80615616
be4bdb73add69f12f7aa6d06,369459170.7641646
fa5234ddf23dd0d9cbd3cac2,363032509.80615616
91a08f81b621333ac58c3845,486372867.03792864
702aaf395bc78986a008d70a,403637566.5265278
86b0c9c1277e9143ee765b43,403637566.5265278
9c2c22e70cffe6836f554f24,403637566.5265278
31f56b841b122b35615bae2c,403637566.5265278
41227dc9c9948a5f0688e426,486372867.03792864
781989d4b732f961f91bc3e4,403637566.5265278
cfed0221146f4d83d641e1aa,437284242.1136356
8ec491780efb2c27df8dc08b,403637566.5265278
8a5866428508658b4a2a4cb4,486372867.03792864
156dc81d6e14a71716aebcab,486372867.03792864
c24be8293c8f4080562ec0fa,403637566.5265278
7fa11c05ed1c123c1a457b1f,486372867.03792864
a63c36f6e7e7ce7c7e7fe457,444212984.04008895
f9bca38d3e08176649504e74,486372867.03792864
3d389130627ca7bade643f47,486372867.03792864
70314b0bd995a4b03c771ae7,486372867.03792864
a3c3c9fc04cf2e2a051a12e6,403637566.5265278
4cbe75a162b076c4c454dfe9,403637566.5265278
0c62d4d501a426cc8fde0c36,444212984.04008895
533363375cf2cbc50d86773c,486372867.03792864
21d0f28d5f30a64352e60ac4,403637566.5265278
471b5135fced50f7cb4197e2,403637566.5265278
1c7586fd8a1a38bbda9c92cb,403637566.5265278
a0f28aaedd12f3d0eee8c6ea,403637566.5265278
8923182b6dcc9f2d8be1ab53,486372867.03792864
67f694b29bfa494bd9d9cf44,486372867.03792864
b721a5846527d5338322c9d6,403637566.5265278
ed09fe201c9ab02a91779dcd,486372867.03792864
f49045b312d12268eefedcba,486372867.03792864
22ae194316f34d482bdf404b,403637566.5265278
4f450ba5de4766e5ecb8a4a5,403637566.5265278
235a2209cde8f8b0276c845a,486372867.03792864
f563f0899884de7f9bdab405,403637566.5265278
5b462279f602c5b67ada82ee,486372867.03792864
fa4af69aa064a4306cb110d0,403637566.5265278
a70d32ccaa78ae9417aa7e4f,403637566.5265278
77c9e5e3a6d965ede708cda6,403637566.5265278
5637f3d3278ea049333afff4,403637566.5265278
1b1c220eb91c9448b520b76a,486372867.03792864
f4a6ec71ad7790df9578324f,403637566.5265278
217e1715fdd5db76ce93cfe2,403637566.5265278
2cfa1397c901b4e940d9f673,403637566.5265278
44672de0d6d9d0cb3b4ae938,486372867.03792864
1c50477e5b3a67f3d8fec62c,486372867.03792864
0a2a67e8b310471b115c60bf,403637566.5265278
06220a42e68510eccb4d790d,486372867.03792864
611a3e1d63c6ce5ff8779243,403637566.5265278
1284d7ed08122731aa7c0461,403637566.5265278
d44eebc871d1fa6981c32ccb,403637566.5265278
43272151f217feab78190393,599251705.1608856
6bff92260afd556a98d3e3a5,599251705.1608856
00586a92b53f4a8f9f6b3022,616660664.2336209
745e7f6a83b55196f231466f,616660664.2336209
9c558e10e5bbf230f16968f6,599251705.1608856
1b425a31cbb73b713f291e19,616660664.2336209
076ccba20dac8bfcf184b8a8,599251705.1608856
c8fd8b729f4ac6270aff9c9d,372117916.24411285
52f026e670e9851b08c70542,599251705.1608856
00304df33a3c9a7e396ddd3a,616660664.2336209
ee27eba49457286b5ab76172,616660664.2336209
97b57932e5e20416bad6919e,599251705.1608856
e570c5f58a20fda42bfb535b,616660664.2336209
79acb227b5ea365414982957,599251705.1608856
d24258de8d2ca10186660a1c,616660664.2336209
8a8c202c069c20696c2de85a,599251705.1608856
40f301afabee5be092ba20ad,616660664.2336209
afa842858299a6ebee166e31,599251705.1608856
7641dcf512a05ca754930bed,616660664.2336209
8c9b472c55d4b99e44041de5,599251705.1608856
88b98c026b7650192034535f,725757978.2772803
9bdb1bc52a9ddfe92e6a948b,616660664.2336209
4abef5720fd889512ecff70a,616660664.2336209
58b139bc16fa2731e4b76f28,599251705.1608856
9ad9ac8728cfc2387285c24f,616660664.2336209
75fd5603c4de9678627f81d9,616660664.2336209
9f4a25a5550f016ef2370229,599251705.1608856
d4f4d0ed36ac9affd71f302f,599251705.1608856
51bf7bc1c19fcd42e71f2463,616660664.2336209
49ce19caa1325233d0de331e,599251705.1608856
5aa1667bc8db26bac1c72f5f,616660664.2336209
b43b36ea4f81bbfd4dc4d781,599251705.1608856
2a623b33f3cc1f54620b5233,616660664.2336209
8745eefb9e2761ff7eef558f,616660664.2336209
0e49eaa5cde9375b1f026820,599251705.1608856
f5acbf43add5776430d8d4a9,616660664.2336209
ca50f7143937a99accef865f,616660664.2336209
0e1bc8ba1953ec8c28e53b9e,616660664.2336209
980bafcd065c8e3d6cece127,599251705.1608856
c81133d5a58d7e8eebb10c8c,616660664.2336209
09656004f0a7f544580958fb,725757978.2772803
edd342f84fc90478e344ea1f,599251705.1608856
76974826c758eec5c255c5da,616660664.2336209
63b09e45c1b7dca181491030,599251705.1608856
89952b237fda041b09f0efa1,616660664.2336209
219164e1d9b14cabb9bbb8ab,616660664.2336209
ac8aa244c21a9b86de4ed599,616660664.2336209
92ba222e2dd63a4453a30637,599251705.1608856
bfaf8b7796c8c57bb5997be7,616660664.2336209
dd5a565f854eaef90976c5fc,616660664.2336209
f8ccd21343b112d8f9e7123c,616660664.2336209
a90991f865ac81cdb3de201f,599251705.1608856
fc57fa9bbc16d1b8106c2c70,599251705.1608856
9ee3218bc61636cf0d7f8107,616660664.2336209
c00592c7c0c3a863a1bab9c3,599251705.1608856
f0aa18bf86a36daeb59946e8,616660664.2336209
e186499af986f1959f729b9b,616660664.2336209
18420ed4661539a2d72ff400,599251705.1608856
957731b9940c9131d92a22fa,616660664.2336209
9172caeeaf6498737fa0c6dd,616660664.2336209
c798ea36d2e4a8119723eae7,616660664.2336209
eb963f082209fc077aa72bc9,616660664.2336209
07b7ba964a8e30dc16d66443,1028092485.8779112
7fe364ae771a7689d2fa5584,1028092485.8779112
c59e06a2ed37fd750cf39976,1028092485.8779112
ce03d8ae43a426e074ed35f5,868766219.5016308
b76c45ccae25a06dd5fc432e,875389552.2805066
f855725acc115bbbf03bacec,875389552.2805066
b0b0db3bbe07839bc2b600fe,1028092485.8779112
cfc8dcf337e020b875ef1572,1028092485.8779112
390107256faa08574d7231d2,1028092485.8779112
fb10f3b45e865b4626f65ddf,1028092485.8779112
75f167e2273fbecb2c81ac0e,1028092485.8779112
a7b15424d7c025d885636a72,1028092485.8779112
f9c11e980254045d7478f273,875389552.2805066
e0b13f6dc213d05133252d15,1028092485.8779112
c12f362b9060344ad044cfb7,1028092485.8779112
f872f224d2af413cd104f24d,1028092485.8779112
092045750c36a8945c526a12,525522610.4575413
5ef33cf17d4b45277edf35a1,421325575.89597046
fc64387d7c3c91a6e6e876ab,620350627.72425
c1168159d4e2fffdd5662757,525522610.4575413
cb604e3a56cc847189462004,620350627.72425
9e95710c61a4706e21cf70b3,421325575.89597046
ab37f67a3afa274e719ecbd8,525522610.4575413
970cb360eb64128037be7e23,525522610.4575413
e42fc32db529e088f15cec8b,620350627.72425
8925028d6e7a6cfce9967779,525522610.4575413
759e76e38d84a4188dff5446,620350627.72425
83a376df2024c4c9fbf2a0ca,485007881.02366674
a8bb80d99280e332084b3950,442339375.6012482
c16ab4a11cf67a39fec6f049,507151826.9342453
9cd1127b1bc10db6b8ce5d4b,948177281.3233835
ddfa979b1d7cdea1d7dd0a86,405654607.38605237
d78f7a1592c0779093150ddc,514661967.86221474
97ce3e0ef38ad12f7fa8c4d0,348369756.0363607
5c789f2834a1a69aede6316c,383167964.31482774
c29ec380fc7295a9a770a74b,377292550.2210762
5987f6171a2bcb37062ccc94,906287164.5182517
1e91de6194769980800b4de8,890813204.0823197
0a0f206f04bfb10c137388d3,770638380.9438014
34dd15023216e187daaf5a07,526971737.0646902
33d2d1db291a13affdc209bf,457501955.2153912
6fa5e5160d7c2bed824bc0d0,457501955.2153912
8c04aa7506b8c80c1bac23f5,863938073.1683843
e5d445e39104d9ee6b244822,637281131.7120421
2ca6b3016a89139ec7590f9a,637281131.7120421
e567e9e5862b13f0085505d4,409244676.89678633
edd1c4fdbef4e6beafbd39b8,409244676.89678633
039a9029c4341b1528ca6b46,409244676.89678633
fa1533051ea4145f7f710ed9,403637566.5265278
9c99a85c5dd878568582dd9f,403637566.5265278
9ec426691c80918203394ee1,440632996.54330564
66f58d9d1e1eb7e81cab24a2,516942789.47094595
0d0f8ce05ebe99dd3bb7b23b,516942789.47094595
6a65986cecddc5c47fbddb9e,516942789.47094595
a82fc744f537ddc6fbd16883,516942789.47094595
d4c40178c19d6cb2fcc88e48,516942789.47094595
4034cb3cb77e9cb39cc98fc5,516942789.47094595
41ae9d3d280d4eebe510606a,486372867.03792864
4aaf6763c105ddf2a6eddbfe,369824109.4174953
633a7038a23ffaf4b3f7896d,599251705.1608856
2a531aa9576c5f91891cc8a9,599251705.1608856
85d58cf85a179e167428ffa5,599251705.1608856
42f05e5d4862d653efda75c0,599251705.1608856
256a46a6d45d168169f63aab,599251705.1608856
4b0fba692104472b36c38c3d,599251705.1608856
253c85b226a15d0ec2fbbff4,599251705.1608856
b0bb2299d5f456f800993a11,671605204.5929967
47fe78f6299f757b231be10e,599251705.1608856
4d09ece928ffac7e7d270bd8,616660664.2336209
fc762d2d172737cabbdfcc75,616660664.2336209
2809252a96f47776d12021af,616660664.2336209
29eb473852b36dcfbda0c702,616660664.2336209
231c050bebe12f568ef92afc,444212984.04008895
acaf9e18bbc7295633d92e01,616660664.2336209
860435300909449c0443c10e,616660664.2336209
f967ad5e086f485c27f09990,681490364.8807138
678927546243e932b48d6058,1028092485.8779112
c537ea2620b8c3a3f013c0b9,1028092485.8779112
10037227b2a24d9a72ced322,697352673.5567068
1b4b3662ca18e731acc18928,1062329713.8347744
e6717956eeaadb3e95840256,589741940.108577
ccc4457f68fcc1a416e3acf3,512486472.19419515
94d91969cc4b9aa1e856d801,696729966.0051054
2cc821cd7b5fa82b27308f87,401394156.0249207
f05b3779581ac0015f29571f,711525764.7662996
dfe09a5f848e8e819c361ac9,440315851.6416272
ba87ed2a657b0b042a05460e,532438544.3521374
f967aa89a4440cc1c44bdc54,381204978.22396845
81fc8d666c8735e1095d0d4a,889408248.3207558
fd8b9540f1e9da778d566d25,651489888.5521466
70baafa9789d2fcf1bc212bb,565935397.1071346
4911f8879e5bc9c27ac13bb1,341954500.26826876
ce53f3477814fdea2889cd2c,483754762.02824295
62f022e19ce6608919eab5f9,447548905.5657618
55657bb933aa2ea3083e0b90,447548905.5657618
808dd470aed6064f02aa5103,422806961.812901
39bc028f3b42d9ea48808ad0,447548905.5657618
c0c01ecbb9189d77098659b8,438614805.3766406
57c68d470f6248d00b6719e4,795042210.7301568
26c66cf2f43bea00e6387326,651489888.5521466
b5f0dfbd34392f6855bb4b52,553352801.9209747
25202264e18928158b89278b,651489888.5521466
e93abbb49b24717d3a0767e8,651489888.5521466
906e1f2e1bc5cd51a55b0266,705068684.0691853
eef1d35ffd08dd161a36a2d1,882591574.7999446
35e0cac576415a4e61acec80,1003026711.3233755
53ebe061b85f046ed12ee9c5,995423510.9953923
059d77736dc72013de7767f1,422422803.58333975
17d7986a62e0b066e4e5530e,409244676.89678633
8236c798dbffb3db51d5d744,363032509.80615616
587e67078115103d184970be,374384856.84767467
7569fb4aaa9a52d6a525e3b0,450092957.8998707
db122cadb7a9c33f420fe246,450223509.74797785
e852246b7661d30dd2e1f0ab,445330224.61162096
f04eb16931448e87aec205fd,363032509.80615616
90e858d3740d4aec0fa21c12,403637566.5265278
65647ca6e47eb2b9ba20058d,516942789.47094595
d0792d22549d1b3f63baf3ad,369459170.7641646
76c4045b5dad9a8226e9244a,486372867.03792864
fac4f0bee67523194fd4312f,421386561.896453
ba89ed56d156579ce288dbcc,486372867.03792864
adce397b6d1473b9b6d02865,599251705.1608856
f1a924badef699637ea8fcc2,599251705.1608856
3bdce823d3b96e8f0170d96d,599251705.1608856
439004dc23f97a878ebf371a,540313244.2085806
192e05cd731950f91fef1d83,1077926521.729539
5110c49047db23ac3aa4ace4,616660664.2336209
f4f7bd9d03eecf35e9f37619,616660664.2336209
141dfd80a005f7b32bf70375,616660664.2336209
08513fe1cddb2cad74874a59,444212984.04008895
6b23aa3ca5edd20134811cea,444212984.04008895
0fcab263453a9f196468e552,695080484.5663277
127e08fa99afcaa339eff684,616660664.2336209
d2c46ef63db73ba3cb7e32a1,616660664.2336209
7c50c93bc9e8846345892c12,616660664.2336209
63698398738ebc7ccebac817,616660664.2336209
417e974a3f0d97e502e49800,616660664.2336209
6483f2fcdfbd26c621a527fb,1028092485.8779112
3b739666f401ca6b2135652c,1028092485.8779112
1b750e6e2e92e8222482cb46,697352673.5567068
dd34882ac55c57480663f7ec,781406677.1290195
026c6384ceba017c5f2cd66e,427473912.0149096
3f4272a3a4b14ce152fc3abb,416046703.648576
5cccf025fcc0a7d9ea01b170,537128516.9088112
c8d179013c5bb6379693ef03,475381667.09336364
8c258d10ce32150f5fe5b712,613417548.2050829
eeb6fa8f820ec63aa0aaa303,695908183.2580235
ec8b305ddc2bc211a8a05d0c,416046703.648576
5a84e6d2ab8db0fc60775d03,427473912.0149096
015d17895f32e2a8b616ca1b,446529544.9273468
6fa35f1af6d51d341a3165ae,537128516.9088112
17821a9cb766b0f3ecf24e83,394838325.8139589
23141c17df584746755dc508,353647152.159677
00076c8f390d5dcccc133309,613417548.2050829
25488b1c8fedde6250b413ba,371591536.5675108
5ba6b4953759b45cb83512c7,908835359.3360281
8ea02baab0c59eac6584f62d,958235775.2277447
b5c34f90096fc88b8ca758f2,701830823.5553268
35bc25d0f9de2ed4f714fc8c,565935397.1071346
8b0e1911b8ab8028409dc9fe,855312758.6955497
2ba1672e49c023258d262d1d,417298214.75058615
2d778563921376962d126cbb,565935397.1071346
bfe7c873b2fbad871327994a,565935397.1071346
72d0f19409c85dbe32cf6ec4,855312758.6955497
d406baf5cc9b4473ae9b8426,408666247.3922955
070912b7e5fb205918c1f4a3,338959790.6462618
659abd72d12756ba0670f466,499317999.8134315
7a464b948b65544159cd0db0,447548905.5657618
e89774d061d50c83b409a071,387819830.4590549
fd6b2efe5da2c35058333bbf,523680889.9996618
4577c1623c8407e95e893e63,447548905.5657618
21adc839dec9e8efb128abf1,444406817.85006297
aa843a050ebe8e4b3a04e9ef,871224645.8618141
0252fcaf7bcde09274d34be5,791384621.6951038
46d77c92811f0c87d2d4907d,951755883.1770631
a8c662f906075eedb098ae5d,607476413.4262382
b8b46931b93b7750e0d1ada3,567303945.8326263
efde559422ec1dcc55abc686,773967528.813136
339bc881458ca34bdcb771da,882591574.7999446
d7ad6527cae719481f849927,882591574.7999446
df3abaff81c430b4ba85d4a3,639911669.9685729
bfd2f20a7bfb0d865d7f7193,1379192197.6386814
fa3ee96e6b6ffdfd00aa335e,1389276489.9150834
163228979751798ded8c3fcb,611420096.9774246
3578144f12e13e98e8cb2480,391249917.3160907
7136cad475a0480044707984,515410417.2158056
93f5694b4854068f42ffe55b,391249917.3160907
51608bf64739db05c47a3bc8,515410417.2158056
6a01b6d09d516d67f4a2fb43,392933193.25578046
5f26f33bd89fa7563ac6873f,392933193.25578046
aba54b001154ad881dfeea6c,392933193.25578046
b2eb63e5da917ce649a72142,434273184.83051294
1427aec89ee9564b95e93cd4,447519900.3397644
a0087db5e9e2cdd6073021a7,434273184.83051294
4396f94f7f3c403c43d3ede9,452895362.3852154
aa703cc78a1ce659901e711b,447519900.3397644
0dd1bb83f0f18af30da139f4,447519900.3397644
37efd3e2a5b6567957c62081,447519900.3397644
ea47ad6335e74dea06228b16,447519900.3397644
8a975117ab302b77ac057823,447519900.3397644
ca5949c4bcf0b63e5d1be784,447519900.3397644
e9f3f41366d5d784c2928937,447519900.3397644
7a9c505db21b777203d34bf6,447519900.3397644
238cf9f99c4b01777a97f82d,447519900.3397644
385fcde12021f4bbae6ac2fa,434273184.83051294
d9eaec557a7a6674565db1ac,802070894.5292764
30b0c440c0bc8c6005855ff8,611420096.9774246
09feba43c0b8f3560fe09be8,611420096.9774246
2547bcc87b618d3d7e22dc21,614619363.8761746
1240a616080d6ba5459335a5,611420096.9774246
7cbc8fca4f84908ed4e7192a,611420096.9774246
151a16e94d538a7a6d658ee0,611420096.9774246
a8ecaa9120c6da21229cf145,611420096.9774246
3ca34fa833e6ba10cb4b1944,611420096.9774246
dca2e851b82c512f01611ade,614619363.8761746
3747996611a842c452865a9c,614619363.8761746
3528df61a44a9895248336c9,614619363.8761746
398a67970cee5dc873d71bbc,611420096.9774246
1ba2c2eedb352ef9bb59c638,611420096.9774246
f6f4a467f40bace72ecff598,611420096.9774246
b2af9047dbf58867ed0c42af,786140176.9731146
012b8d616667a6dcece0dfaf,955316061.5649863
0b117f10e699f10f97a7e7c6,955316061.5649863
8d5192b6208902ddf4804839,955316061.5649863
b86cad78da7bf06b5ac39f99,704485204.5217147
4cc8c95dee29e43463a8dfd9,504726794.1818415
76846ed8b7ab36821b848f2f,647764062.4173498
5428bf7f37a94ce9fb2dd435,406966306.24954575
b22c39c3df7d8e32cec2ba43,388823523.8730027
44f5380847c175a42becfcdb,1059763648.7244333
fae53fba5d405b2e6a3abf01,338688967.9560325
3b52bd5eee5ef8e3871dcb3d,1261937041.747172
21eef7da02b0f2a2fd987135,510688976.57106376
1dd6b0ade195edae38a4a20a,510688976.57106376
f359afc7bb50cf6a61ac63d6,389940819.54637635
b0de107a8cfad95f09876eb2,889681720.1135553
2e8c76f4ed59cd3924f7136d,889681720.1135553
06a2efde5244f7d653ddfb8e,661008066.674038
f72e2f6cfbd32d97bbff3ac5,530617249.9759299
9705748d2bb061678a80826c,889681720.1135553
9620068cef0622c404e15960,388823523.8730027
cf2e8824527989d3cd29c058,401943974.7999808
6e606a7c8bc632ba0ba37184,544191671.5588905
63fa384ea296390350f23d7f,544191671.5588905
4d3f5e7ecf4d361d7eb55f5e,457501955.2153912
e31a209077a3e47712588730,457501955.2153912
5f18524e839c2987594a11a9,457501955.2153912
def06f49a0b8230ab613db94,615598702.85718
faa72370e4c7718964930805,615598702.85718
983503bb75d84c410d1c5d3e,637281131.7120421
30f381306494ebaa760b990c,422601786.60863495
5e72dbafa642e4f416e6f01a,422601786.60863495
3d5ece38670c1c96df4cfff8,422601786.60863495
1bd6861d451d128c8bdb72e4,637281131.7120421
072a6f084d31a5a4be4060dc,637281131.7120421
4d8deb43d663fb079262708f,637281131.7120421
f00b8eac1812a500d7a732ff,637281131.7120421
77a62d5e2c89da24f66a2118,637281131.7120421
961886897eda4b0ce54d1d82,637281131.7120421
6f6c83ff891e43b7c84728e0,1046366792.5556724
ca8c85e8100f64416146368e,1046366792.5556724
24297f4a3e14c24c941e7720,1046366792.5556724
98d7f0935f021acf313630a5,1046366792.5556724
a362533eea6c235049bf3359,640382669.7097728
2ddda0ae748b38a6258f660c,1235673236.1889684
b18107a422b9eb6da9fb692f,794045383.3545204
11cd643195dbe5dd4567b62a,889681720.1135553
c9ee7f0666429c0c15c37499,331388399.7403835
c386d1ac4fa8dcec4cbf9788,510688976.57106376
21e0bc9789139640ea33ed09,1094806559.6191247
cacb91ac1b835d62422b8a8e,804467973.3337555
bc41e69def6bc7490800c4a4,341324660.5481177
7a13669d2d7ed2e50b80b4d8,388823523.8730027
08dbbd8d672fd09463c061a5,389940819.54637635
cb93b0d5e9a26628b0462b14,430781830.18406427
d6a43f209f810455fa41dfd6,598939836.2807423
ed5dfe95f82f4c087af07045,776341474.0309502
02060d2f56e979a61427f806,718715945.4628067
88ffa9f0bc3f6c9f2e589a75,1127961541.691515
b48093abeaa178d1f7fbd83b,640382669.7097728
b42734770dacb7e580a6d742,646286723.7741579
d3aa845e96d22f31a3656aa1,388823523.8730027
becc3ae7a71d597bcb16d261,640382669.7097728
8dcfc24742ba669335a2d65f,640382669.7097728
45e2411d38589a2d85774c5f,640382669.7097728
9761b0f43949eb5307472ba2,640382669.7097728
e07035cb49625760c7da85d1,504726794.1818415
f88bb9c5a471504c13d3616c,388823523.8730027
4bb5265c6e63449e5fbaa270,826288161.3734947
ac73b8700744cb7835f328cd,640382669.7097728
a632ececd6a023aae8a7b730,504726794.1818415
858288683063dea9d5c57420,504726794.1818415
d04f549fdf8f34bab19a171c,388823523.8730027
6ed5fa8f114431d158d35f43,504726794.1818415
f849dfccaa8163d24ed935e2,826288161.3734947
bfde6e7200fc27e6e6f1497e,640382669.7097728
59c11d3de7153d2605cc2273,640382669.7097728
33ddf4e1ed8c864e9db16887,640382669.7097728
00f5ba660a4fcf6ddb96220a,504726794.1818415
a13004b87c6d7e7bf6b75730,640382669.7097728
eebc02ff14b6d270746ca055,640382669.7097728
65ba6e178f3565a84c6ff973,640382669.7097728
a57f40f00f80abc7450aaf9b,640382669.7097728
df37b916acdce817865197ae,640382669.7097728
b5c074ee2e2538aeca099fc4,826288161.3734947
004c9da9ef1b3b5e309e475a,504726794.1818415
c5b47ac5c4b7476d50bd56ec,640382669.7097728
778ec765417db9ee48d697de,504726794.1818415
b287339babba162e290d0fb0,504726794.1818415
4d35e00e86a9d508d82ea90a,388823523.8730027
0dc2a023fb6c5e0b92d86ae2,640382669.7097728
5787d7c671378e596edfb58c,640382669.7097728
8595b5517cb3f1ff8094d67c,504726794.1818415
f4d53276bdb5899c6f059c67,640382669.7097728
9562ef63320854bc6f94b5a4,374561486.286735
c04e72fb6244d9a9b28322b8,741127582.2118481
3d141576443a97b0202c9672,997258344.7017119
7caa4bad394586a46dfad854,696729966.0051054
8420bb74fadc0c8853cda025,391645623.72627544
b274adb68a37458cc5181fe2,526169968.49101114
8561bc940a91f029147430f1,906287164.5182517
258a968e403e747af5693a3a,968195162.0269755
0de34892fee879f449facb19,512486472.19419515
9634cfebe7e6b095f0065ee7,666445984.2737592
1f3544c9f47bc00fcdf59d74,362479565.1763094
e3077f6e47d130106e7165c9,668800568.800363
f0ce47907c3c30b6b5e990b1,783676931.9737272
1432cf7de2beb14fc7603ae7,998498947.4420612
60f0df18cb4324ce5f4bf650,741127582.2118481
7c1dc421f5a689aea5babe4c,522863935.034046
020dfae44183c65b708727c7,522863935.034046
92a9c07259efc617e7d58f9c,522863935.034046
18531c57f6dca78763d360bf,522863935.034046
dacd62440872b6e94ea56fab,412739520.9929858
b607bd072e8293d6594f3829,649078874.6585052
eb86c1da60250e5559fc3cfe,522863935.034046
fae649fc7256b9a3ec036583,522863935.034046
b7fa81aa571906a93e9b6cba,649078874.6585052
0823be832fff81b3f1291859,340542631.1040025
fca3a0fe5db369235960d285,464049149.27480847
496fd5c93b2a578d970ed55f,420668149.5103957
9c63c6c27c74c03f071385e2,464049149.27480847
6ebe90f7140b738b3696f086,423591453.3952905
7110d6374f3fc282e4f4bdb0,420668149.5103957
d33994c75d98941acffeeb90,921238534.385807
b8e8d84450f5e0bc8a721c94,649078874.6585052
cba57e3b393b3e392c7431fb,649078874.6585052
fc2ceba651bc629e7f690849,833083523.0174369
857761b5fc5c7d101cb765b6,620415570.0499989
55f67dd7302b68477e803399,620415570.0499989
19f538269846412f3e150a4a,635532746.871796
75e0fa8e5c83c49d3a0dea48,882943384.5701642
fcdbfb9e15352cf210cce7cd,939320820.1960077
c2b91ce4b1bc8c576a0ce1c8,939320820.1960077
73eaff92528288fdbcd61e2a,939320820.1960077
f6544a1c169aafe6c8142907,881651238.7582958
cba9aead5bad82b31da51e6e,989705512.5048964
b239bdcbfae846bf74791728,638131381.8179762
3b823e81c5378ee3c977e863,434273184.83051294
1b4db5fcd1f92d3aadd5c28f,614619363.8761746
b50a6b85399ea2c6b5c33405,452895362.3852154
1e6176a558f301d81bb050f8,955316061.5649863
8bcc1b035ea93a5192256b37,614619363.8761746
71a3f0980cdfea0ebb869935,447519900.3397644
8cd0345dfac13ab380240b0d,434273184.83051294
e66b2c71519ef8756db69b97,434273184.83051294
c843044c1fb30819300448d9,434273184.83051294
4ae10e7fec364242c88e511b,447519900.3397644
c9e92b994e48df83dcf9976b,1448689664.4097426
27f41f09ccf8d182c79cd48a,955316061.5649863
d8a7c0b01bb545c414e12a23,1045415808.8748589
f3e2fddf1dbb400788a5517d,452895362.3852154
89a066b7d6a31dd066fa0d32,614619363.8761746
c245bfa6587eeb55227c8a4d,434273184.83051294
500d7c5346ca11ba934e7ca5,611420096.9774246
536fa59adc007df763949045,955316061.5649863
223813dc0188fc229b63e8f3,955316061.5649863
7c972ecb7b90537b1da0deba,434273184.83051294
98d8411005ac05d77cb12516,614619363.8761746
d12c08cf48be75014a149873,611420096.9774246
955544a0bc2eff312e965c2e,955316061.5649863
20488db7a62f765ac8da0a2c,611420096.9774246
3f370094239ab6fc817e9ec0,1045415808.8748589
ff54bb34225682d25c551178,611420096.9774246
d0c7294b2184d0b4d0e2fa07,1045415808.8748589
104e960974eee31e7e0eac6b,955316061.5649863
0d477acd9c95e9ec63839a53,452895362.3852154
6d255e0026d70dd44229a2f7,614619363.8761746
926cdc0242544bbc850520ff,331120607.0743938
e75a05dc0018f29517948ea1,400244437.93076414
dc40c56571cbee9c2b7770f0,515410417.2158056
2f76a2b53e091df35a125b13,413297028.93698883
a4a49182c79c72854732594a,611420096.9774246
50287f73d47b4cc4c2e1840f,611420096.9774246
5efca36c25884a2822bb7a81,452895362.3852154
4347bf26ecd61ebc7a16b4a3,611420096.9774246
7c979648ab3729b2c0cd2106,611420096.9774246
f40acdcf5cb9925c09c9df7a,637281131.7120421
6ff3eaf8b5a2f16efddde1cc,544191671.5588905
d35596846155e74d1a637d7c,544191671.5588905
a389a1ca097a820fd9af9d15,637281131.7120421
ef450748c440c4958e5db54d,544191671.5588905
02779b92b2f9bafde0c75c11,637281131.7120421
77e5e0b64140fa00b0227a3b,544191671.5588905
eb55b0778607da932c3b311f,544191671.5588905
9fa391febd5d0a8e4c6ecb8f,386376826.0842634
6270356f1cc3dff186d0ff4e,422601786.60863495
ea7d5c601c3f8c86ca8f15e1,431720779.08235973
072efeafd082025bbc5a25e5,431720779.08235973
d8bb6151d30573c7595ee7c0,422601786.60863495
f26c43f2304c8c694c818a9b,457501955.2153912
14ea4a7c57d830eba13638b1,637281131.7120421
c1ac42dad98d2f23dcbf140d,615598702.85718
aa6af44635b5d51da4b02059,637281131.7120421
291a4ea1a695347e1901bd4b,637281131.7120421
024d2e34a561efaf4811c17a,615598702.85718
e5a40a555d11d4429b9675c3,637281131.7120421
3a10398b72905bd710ffe9e1,828839981.6505115
340d1313fc2dc8e5b6918262,791519188.545058
699bf5460c63a4d0e4542ade,1046366792.5556724
e98bb3a89bcec8650e33e730,394838325.8139589
5de86bddd492f76596b17a0d,446529544.9273468
95dae083200a9e43a5aaf210,1239902911.5690906
23fe512fcb21a0b84781a318,452339876.00855404
a9dd62f527cb0dbfa51aeb7f,537128516.9088112
8964dbb5b0cbfe509613a63f,537128516.9088112
f75009356c700f7da7106cc7,416598004.3766337
6f502f363fb55811478e3b88,510415576.1524134
a48f29071cf207b27ddb03da,613417548.2050829
b46bbf66cc82a4345c5da177,613417548.2050829
a460aea3370926825b0dbc13,695706938.5554056
7a21a8d99a85171334695004,627130876.9701387
279f6f594d3f8ca8e8a5e2d5,1295418444.0112147
bc3c509022e3f6104cba5203,1189080735.199
654d2a3a0e02065560ba2484,388976761.09152997
02a2ebb6eca5772e3526d78b,515583100.447286
d4646b7f4dbebf9785963cfc,515583100.447286
68fabddb27fc928b57efcfea,515583100.447286
53688de79b052b3185fa9435,463258808.97537005
bb962a9e3861b06ae1daf833,521644815.80728203
d80c5f0b8ba55e7cf105d282,521644815.80728203
ed88c773fa9ae8bb29645fbf,618115272.5255177
0c3af9e0e9c80a68acebd041,618115272.5255177
0faec12daf0493a512b2fa0c,1073919235.383347
1807debb0a0b590b9ba4ebcc,620350627.72425
20a2a0dfc963fb8a355e704b,620350627.72425
a2c033f497e62ea10ff8ba3d,801322408.0868593
985e40843a30150e6892e4f9,620350627.72425
2ba0807f8cbdac389424ae04,620350627.72425
9a565e7220cbc3d5d340e8d7,620350627.72425
33598222854631e92fb72baa,620350627.72425
03fb5bfbc1895115a04e8116,525522610.4575413
5045ba9a65b4bce4fd305f82,620350627.72425
277f6440854cb0c98728e685,620350627.72425
12c7037cfa63de49e984a789,620350627.72425
ed9976e922a774cafb601f5e,421325575.89597046
ccc70d1d8e4411331730bd7d,525522610.4575413
30d38a7bab2eaaef1ff6be0d,620350627.72425
31a6c440ca9eb29acc0f1086,620350627.72425
7a82ce4b2dcd2b43485f5047,620350627.72425
a74be48ad396ae4aa33ffed6,801322408.0868593
4ea46b833575642ecb2ed1cf,363904693.18932927
b780a0ec18c61b0760df9433,442339375.6012482
b83a5c303a2b079585b9b94f,480507051.9094429
a3c45875c0834b144f834798,450621711.22930646
c3ae3f44bbae215f7f2fad9b,442339375.6012482
5d54a0a596d49d9f85f1b5e8,552661823.2696131
355d1fb69bcb4e8e8ed9ba1a,619999498.4688835
cd791a46ed616911ae7d4fbd,782154096.9576257
d2d2f335839ed35571b19bb1,994107020.3202547
0823b0dc92805ab05d3f8650,974294039.3794305
f92f4d135119fa88994929ec,1266343993.0962675
401f0de98764e9fdd4055406,417298214.75058615
68a7d01e50462f7506f8c8d7,417298214.75058615
e4434407771070783b97c014,417298214.75058615
7e1153d411af129357ae5c10,417298214.75058615
f409c701e200046f574f4e06,565935397.1071346
30a8b9c197bc42f088d0b873,565935397.1071346
d5abd56b5a8ab8c2f61a07f3,634029507.3757023
805a27aeafb3ca91cac56d14,651489888.5521466
1ee04111d277e8758f740139,651489888.5521466
b9de7d7b9a8ef7c64e5f6bdf,651489888.5521466
5a12a15af3c0585d81ba8f5a,651489888.5521466
abb63383766a9853c1091c5a,651489888.5521466
1f95c205d5094c674f6e45a5,651489888.5521466
4911a6285f548dd30c8061e3,651489888.5521466
0b9730cff49bcaeb4d703c06,855312758.6955497
f033750cb9db15e886b156ce,855312758.6955497
fc7e93bffb7fbbdebebfaa2c,855312758.6955497
4f500afb7f7bb42189820a18,674867272.6074936
3921d7b508fa1591d40802d4,394053065.0348913
caddb9dce27a7e8012478da5,546123202.351035
4eeafa126ac5f301cf60f9ff,447548905.5657618
59afb00a84b4f2a9ffbf71c6,651489888.5521466
7baa3608aad1fbf357d789a6,802426349.7241578
a5b8869e9cd3d0cc32a0b298,1164118753.825915
d084dce4ab9c4008ffa3bbc4,874315136.6332783
e3ff13537ffb7172336ab5c0,878702125.556275
1bc2ae31ed1970ba52b1ff60,1231161306.7257943
eac7136b26bccb3c5d2b6202,616660664.2336209
073fccba71b28afd815be434,516942789.47094595
9b1c23d616e9407fff6553d6,409244676.89678633
4122eca7b73c1347a7814a70,516942789.47094595
cece8267e60c2461d6c409a2,616660664.2336209
ba4e89128058d5564987dfc5,409244676.89678633
69843aedb25a928097a22a89,363032509.80615616
a45863121bdec787e119b14c,363032509.80615616
02e8811bff38125bcf8e1a6d,363032509.80615616
d709a76487a49bf257489c0b,363032509.80615616
46c42803286c800351fe633b,403637566.5265278
2ae3ae7f794d558ec119287d,994775467.5827143
76991a35e9c1b69e1616659d,486372867.03792864
3de5d35f742cb4eb68d5f314,444212984.04008895
a53c748935206f61751dec1f,486372867.03792864
ddaf8a1e5e6922cc3dee5caa,403637566.5265278
841fed959f036a03697868e8,403637566.5265278
ebe1b5c9471f3441a388f7ac,480772494.65248305
f0f9bedbcb57383511805d17,616660664.2336209
f9402b785deedebd3ddbce6e,599251705.1608856
d1f92e6b18faf07ab70ca1ae,599251705.1608856
6e794276348acc39751eaf47,616660664.2336209
4b04e0296820d04421db5219,599251705.1608856
ea0ca17e989ec57a480aa464,616660664.2336209
cc6fcb8ea6556f676c13a76e,599251705.1608856
2778de5e56ad7ece898249e9,616660664.2336209
9f0bdae4f8609ec93588de3c,725757978.2772803
90dcc3f9428a4e7cc396a15b,599251705.1608856
2d7bf0032580e6b6dd1ce36b,803776394.759343
c45d86d17d1d0519b455b7d4,599251705.1608856
4c7e7cfb286d82aa96356fb5,868766219.5016308
edc204c3e18368e0a9eab593,1028092485.8779112
e789e801fb5d4501b5d64e2d,1028092485.8779112
3997c10ceccd2f8c8e43cda0,1028092485.8779112
580d8eee8dc4b7d43cb193c7,1028092485.8779112
c823e3fcfbf0c43bf2d82586,1028092485.8779112
30677852542c78698083d4f3,837100063.3596929
8fc78c514a2f1cdbc5ae6e1b,1194942705.3870091
73c618d704a2e1ac2bc41954,640382669.7097728
4ba85374c1d1f1d3f4632ca1,365437634.9726095
9a471715e4c4865b822a6b77,347854103.11189216
4e9f1e21c855f1166428fbdd,398961686.2833662
f11137d27a5d7fa57f94e97f,670546203.3213413
5fe5f3c5919c0ebd57ec8e36,424070850.20241344
e40742774df7d2b614f32de6,334272615.9254377
24b28522c72f7fc359f2a718,553003262.3431115
26ff1e1f4a6f6bda702fdabe,484903120.295402
9e617d1fd8a4f33d7b66098a,1036889745.0566494
3b4e889562e4078f8f369172,409244676.89678633
3a50d40f15b1cf5bfb338092,516942789.47094595
cb2188cb8e534973ea3411a5,363032509.80615616
fa57f96bc6affd285d10c4f9,373011913.4733486
c0ea6c76eb977d83c163fd7a,441323540.7859064
367cd12d7f4aa93124047eb9,486372867.03792864
54952b5f463c64c605576601,444212984.04008895
57eaaaf24cf82d885f0f1dff,486372867.03792864
f2ba4a7a0765c3ce737b5c81,486372867.03792864
5282c3c48495dc31359e70c6,423216125.56632507
552b01d72edb192663998c4b,616660664.2336209
5f3a1ab21669ad9234d4dc63,599251705.1608856
68f431548c330f84c46174f6,616660664.2336209
048051ce9bf8f6a48e9451fd,616660664.2336209
fa4028ad48fb2082d167989d,616660664.2336209
5b1902dd7768f5144ae7704c,599251705.1608856
be0a8f4be774eeaa42fe460d,616660664.2336209
16263617308958055850aef9,634702005.9351256
729f5fab1578f8cae4fca8f9,856363143.934455
bddb9388922dd56737d8847b,868766219.5016308
9847a4ab995b7b1c30196704,1028092485.8779112
d19937a773269962c7f9e8a3,1028092485.8779112
b3c8714dcaf5322475ce2c60,1028092485.8779112
875126e5776dabde40e29b09,1028092485.8779112
3a36f59d7c0e6c4eb85ca0cd,888043295.8417938
630f00e15cbd7826475d1509,1120900470.6020188
434782c3d1dc2b9ce7bcbbd9,505671974.3226878
a470bd174fc7587dc1449c89,1299376149.9359713
99c6f87ac92cc323c8caa005,835852441.1664835
ac9ae945fe25a46184057606,1194942705.3870091
15d910dd93e0aec22ccc2083,924957212.5009665
6e1a9c8457d3ac6a57598052,521644815.80728203
14e179618d1a44c5c55e23e6,328005135.7674209
2b8b979cf1952fcedc63ca9e,388976761.09152997
7cfc3061c0b2f3bd48375ab9,515583100.447286
7200e3ba2013876cdbbde972,823972281.0290756
9ddc1924043ee8361201b39d,966961564.1236138
f22d6cc8c9611a7c23fa8969,515583100.447286
b7c0a0a4f5c5b986a70ff249,515583100.447286
adf176b63ea23e08d252b5ea,1007783384.2534337
77069fb9fac6b61aa6a89ae3,618115272.5255177
7f0f27f6d30c743acb3e867f,760070181.2411796
7e299fd8c2d53ff1cf95aee3,618115272.5255177
f309733881a4f89d9c8a8958,618115272.5255177
0f937643c067371018c8deee,1079471723.586706
8e35609c1265ddf59e1c015c,783695839.6077846
c1ba606f32ce0337cbccc2b1,640382669.7097728
15f02dd18da12f4d7b0ac2ab,461349043.48335576
bcbe8ed608f233d5ed7362c1,685002356.5636876
14611fccccfa2a6499b2acef,420668149.5103957
b10b428245022d55db248b72,360879600.99683523
13e6c5cde1004803fed93cfc,420668149.5103957
ba31c38eada33f680d44627a,649078874.6585052
3786daeec4a4fb40ef07d8e5,620415570.0499989
7736ac030d8b587f44f7898b,463316704.75684386
98f89d21e5dbe53f8704e745,939320820.1960077
981fcb79db3881259eb303bb,360879600.99683523
08bb88dabf0070f72a801a4b,939320820.1960077
32d56542ab5486bdaf4466fc,1051929765.6564869
c0f911fe7ee2113ec59cb5f8,620415570.0499989
3adadd50e603746e5e4fc082,649078874.6585052
d117e9672b3ea0435e7a894d,360879600.99683523
020473766363019ee40d6685,620415570.0499989
b04d16faf40ee02eda59a9af,360879600.99683523
bd6f3819a1c0e551598fb9c7,464049149.27480847
5520cf373444931ed8630635,464049149.27480847
40355fef059659469e16e3ec,464049149.27480847
deb844a2812586991b3022f4,620415570.0499989
ac0b895f523b53b4abd013dd,620415570.0499989
ac208e250f5ae3e5e1008351,464049149.27480847
0064cd1c55914cc8370a096f,507999161.3443846
165fab7a9f8dd404cf4e9d9a,360879600.99683523
df3eca0f59974a812b4ea9b4,635532746.871796
1b7c062b606d0560e850a2e6,360879600.99683523
87ddb3a17b601cf7c61e8c07,464049149.27480847
837cb6389640f3919bc73e9b,620415570.0499989
77bab76414ecb20888cef7a1,939320820.1960077
a9268ef5b7133cf6ed1a376a,939320820.1960077
cf7cbedea50333cd2dfb0e30,649078874.6585052
b0cfed2d25a5d78c96d39d20,649078874.6585052
ec0c283eeb8db461c20af1d6,620415570.0499989
27c3b7ba2991e7bc0c9fc322,464049149.27480847
0332c7ec0d3e547ec6d61664,620415570.0499989
e58b92216ee6438a921ee0d4,620415570.0499989
f7959842378c94c9f620f561,420668149.5103957
cd0236af88ded6bc15b49eb2,463316704.75684386
d40e0c2222c0debe89735e88,420668149.5103957
2bc9bbe0f0216ed9d865a85a,463316704.75684386
e9bbc31499ca187c6a492175,620415570.0499989
f2409d037bc8b3e63ca69fd7,939320820.1960077
5ad71b7cfd356a75021174ab,360879600.99683523
67dec8c47ad4de9605d56db7,464049149.27480847
c6d679cc07ce4373197748a8,649078874.6585052
a36ff3637b7d2b1c52999ea8,635532746.871796
3a384d68b7ddab45e01b6e99,620415570.0499989
42d34ca2252acaf6e777d23b,1141841482.3812752
c4b2a42a8908cc35e649fb16,649078874.6585052
18c38418824075acaad8f960,464049149.27480847
85bb6775065df76bda33f738,620415570.0499989
14cee0bdd9dd5537b96d0786,620415570.0499989
ab332133aca64315672a7192,649078874.6585052
d53b60b0f2c65918153ca2e5,347923751.0230708
ed1f81648083d4d2726710ac,412739520.9929858
b6692a933facd74b4b11569e,347923751.0230708
90e00fc58569167c00fae7d0,347923751.0230708
8a514fffdec277cd46c7cc71,403858556.1705296
7f0b4b5851c77d78805320c5,347923751.0230708
fed1a608e3c0f2b79cd02ebb,347923751.0230708
075a5474294e25da55373a09,347923751.0230708
8826b9e008064cea38855d35,347923751.0230708
660eb3b40b2bcd07df8f5c3f,403858556.1705296
d55cdfba22aae78b6fab5491,347923751.0230708
ea6e83dbade169818975e5b3,481047727.3878383
dcac44d3f8024c6ea1632432,481047727.3878383
2772adb268cffadfb2917c2f,481047727.3878383
3192bb7190b9130c4e67be4e,522863935.034046
9d892f73b02f001c2f715607,481047727.3878383
c27d72aa1fc5d37f4cc105eb,481047727.3878383
6c0ac32bc8a66844197c5fb4,481047727.3878383
52338f4f7c8af6c649106a96,481047727.3878383
356815b8ffc300fe03073b7a,522863935.034046
22c780d56cb97fc34f29e9cb,481047727.3878383
806907598158861a6958388c,481047727.3878383
449cddc4dc3ef1e93b7f7c26,481047727.3878383
b225270821758e45cdead76d,481047727.3878383
e07bc486c6f5541e4788f83b,637149488.7407563
970c0d4928a9292748c0fd00,649078874.6585052
f73f720abdfe4b5adfa2bcda,463316704.75684386
48d3b0ef6e5f999bb90fbfc1,463316704.75684386
b3ec2f8af6e9adce047536b8,939320820.1960077
0e1c66f843e06f14d7264864,649078874.6585052
91c4f018fc7939d150593935,939320820.1960077
102434eee07ed18268857a9d,649078874.6585052
a4c70eae507d630c2f285eb5,649078874.6585052
45abee1de734dc32936d0b1d,463316704.75684386
82bdf442e186baa829e06da1,463316704.75684386
019cd320e02a64ba3ba9a37d,649078874.6585052
ba1b3c8ac8afafef56233c84,649078874.6585052
3c3a0f57e030472879f454d8,463316704.75684386
d520e90e7d0c44a6b8852e5b,463316704.75684386
38328747d2e1e0e568c05523,463316704.75684386
659e9ad0f593b644071cd850,463316704.75684386
3e6645f2cd377ba17ae2e46e,463316704.75684386
307eb683db84db535106c445,649078874.6585052
26c8961848e3a77d98049638,463316704.75684386
52373e15e9dc1ad371a0c090,463316704.75684386
e5b2a446c12222efc187e02e,649078874.6585052
156f706d1d30de19f7e369ea,649078874.6585052
aa94d2ad36bc0e91bf561be5,939320820.1960077
8ab41842b8e41b89d8670ecb,463316704.75684386
b19ab02a8e22f3e88a26031b,649078874.6585052
a6b1ca7a4e91c4c0f4366984,649078874.6585052
a277d5e8216fdc3d7c93eb2b,649078874.6585052
f939b7271c4d399a5e647f8f,649078874.6585052
941392f9a135909273422dec,731542584.0482682
e07d8e9e38e309958288a516,731542584.0482682
258f10f742fcc835d53063cf,780276184.255425
fb672b4cb1b66f2022f36a40,780276184.255425
ce9dbb6d009cbdbe654edcfc,969931224.1564395
22e524f1fab17d5b8616d741,969931224.1564395
7f0d874df9235245f47b04c3,780276184.255425
27a8a052b815998c771a1f55,969931224.1564395
b80593fba07e21f8bdbc352e,969931224.1564395
d18d990404e7fd07424f5a77,515583100.447286
033599f7e7ecd8d9c8cfba46,515583100.447286
51cf2fa527c3db62914169b7,515583100.447286
2b2fa2ed0055a19859e78446,618115272.5255177
a8e1adbf076dd737c079129c,618115272.5255177
adf948af7b24f9b6f29610cd,340084389.469736
23473bcde48f634641769e22,405054537.1330212
c90486bba327ede32dec60a6,517625219.066836
d254d88ea0989a609b71fb72,444279613.4824332
2373c595d24a7b862b518ec5,521644815.80728203
ec401de1c0ab2dbc149da048,515583100.447286
17c0a8fd3a2c8b5b18d61e4b,434811036.125068
1a1016e7a96da2237b391be5,687923433.5876147
c5b40b510bf7f121c93a2332,768461453.6412473
aca37e216a27b4dd5337df99,1132287551.1904798
96f59167d17d1c99f31be997,730256776.9247869
062b36cb4a87cec372f9f91d,618115272.5255177
0466a7e06b152c1860d44334,618115272.5255177
f44726680d0c594a2d430bbb,641085819.3525532
8aac8946e7ae5725971c5557,641085819.3525532
e1aa6c46135f4d1aa1b7a1f4,649078874.6585052
fdbe5801070756d1744211cc,522863935.034046
6ec4c88b8d3a16148e2e7348,649078874.6585052
57c87ce038e4e523b4ec189b,649078874.6585052
9bd500fb24eebd53d8262b62,649078874.6585052
85a86e01443aba593f95dae4,522863935.034046
13e2ec0a12c8a48a753b85ef,360879600.99683523
b93dc01af5f49e6dcfb7a547,360879600.99683523
71a42155184509caba01a1dc,320431100.41339463
25fb1c0c4aace859265de172,463316704.75684386
6f63e4f866bda86d5c993c8d,420668149.5103957
72bc42a5c73e7b1f9d54c835,463316704.75684386
c06f36b42021a1512cb6e3bb,393051140.2501564
f1a7fa5dc1996591ff97a34e,464049149.27480847
6128a8deb1f0bfbbf0d67769,463316704.75684386
b5254c6c29b4f6984d328216,464049149.27480847
6cb19c3e491a60bb2c166669,463316704.75684386
dda4ee9f3811c29e2b261a5c,463316704.75684386
7a564ce9a4ed3d2b8fbb1103,463316704.75684386
63b982fab95cd17211a4a58d,463316704.75684386
5272c50f1d8fded01f7fb0e0,463316704.75684386
02b47e60ab77588aff6cb433,420668149.5103957
ddcc7f7a087aa5f4797a8a5d,423591453.3952905
77a887ca508d924ad5203194,620415570.0499989
b57ab7afef2b8aee016ce6a0,620415570.0499989
640a801d503d85835eb65a42,620415570.0499989
767ff947b16b2271f516c28d,649078874.6585052
1dbb46a250f504e9c8673bed,649078874.6585052
fd6e9c9ed7679485dfd0b022,930780959.4957047
7dc4f9de14c2924b229ca0a3,620415570.0499989
3064379f468404110d594c87,620415570.0499989
6005ebd6442c62f8becdd2f5,649078874.6585052
b62e960eebdf95c2eaaaf9f3,649078874.6585052
7b0258f1aaee97661c34de64,620415570.0499989
91e2f9f7d4ed776d38a3274f,620415570.0499989
d505277049a254f960e114ef,845445177.1665905
32040dd7b8edfbe331773288,967316396.0407734
70e427235490d7d9c9239676,620415570.0499989
1a2aa38b8e18fd7ed5be77ff,1004695687.4058081
4883f7ce7086ba9c8ddd4315,538119679.324852
4116cde03803e63a3e87e847,649078874.6585052
d6de5d741702387dc3f4481f,649078874.6585052
2346533f4712f3bbd036d85b,921238534.385807
f6a12c0f02fcff1be042ed0e,833083523.0174369
eba3cb8156e0115bd7dfb525,939320820.1960077
ff27ae490bf03513b6bb386f,939320820.1960077
e87779bf2f8af86fc4ae9583,345424852.5577719
4a809b3987cff0290c1df8fc,313203842.7919004
8f4241a17d1211687bf232c4,565935397.1071346
bd8c1ff6f9919ec6f1dccda9,565935397.1071346
081e008e772c6a79b809a87b,788579760.6932609
0eff08cf4bc42dd442a70231,625759522.9140902
b4e084d14962cc58d4089955,700925109.0971321
d02c3b5ac6fa0ed6db06e490,1040820932.2656058
e8abf103cbe9fecbdd758516,700925109.0971321
05308c4f3d0e0887e4a68a92,662447331.0095851
256a6ba3ff423a899229f154,461547205.90091187
097314d920292b46eab5dbc1,481813013.82282096
4ce0fcf14266d144c82f8d4b,517521372.27937144
548791b5faf236b1c03b7523,651489888.5521466
40ef1682158d0c3cd07f484b,1161527099.59384
7b473504c85e9cb576f951e2,651489888.5521466
730c7382d76a07904f559b28,385092424.82307976
e05598d3c49f409b937ff2a1,512486472.19419515
844dc89fe6588acccf0c7536,385092424.82307976
ad1492590bf61d2cc83b493c,696729966.0051054
88fce3ad9b8a965dc11336cf,349693659.6846575
b76d853ea415967415ace0d7,696729966.0051054
c12c81b3eb12bb329466e88a,696729966.0051054
4e27458d179a469435d02ff4,430782627.09605443
8d15b4bb1447eba7a680ef47,444212984.04008895
482c7150c7555cb35558398c,616660664.2336209
e5d6be06fd53d317c8e5c7c0,486372867.03792864
f798e7105aa8aa66750a2c85,616660664.2336209
eb24e0a0ebfbe16eba466280,616660664.2336209
618dede0dbd48df4fe610af1,616660664.2336209
6fd936b82bcfd3cd2451bdfa,486372867.03792864
adbb5c4ba7be2903799a51b2,616660664.2336209
3a99197868ce338c738a3b20,599251705.1608856
d4c45f35f214fc226ec85b36,616660664.2336209
c3140ab2134de662162af508,367705290.18279463
0fe23ccd8e42605f4d9f78a7,334389052.9759335
8816e8101ddc4e704053e23c,994775467.5827143
64ecb100d7882ddec6bafbcb,516942789.47094595
9151a8c65e1f01ce591c595d,767127237.8639059
c8a40314be3014c2a218f5bd,516942789.47094595
29bd4cbe11f44759e07487fd,516942789.47094595
72ddab9ba5f24941e4dbed6b,616660664.2336209
1f18df9ee1b19359816ed13c,616660664.2336209
fb82175fad61a81e9b665fd3,616660664.2336209
dee2e190c4e2539124ac3ee1,616660664.2336209
0cc2f3a49dd703e7554ba638,616660664.2336209
ece0394e38b152e6c1571324,835852441.1664835
e14328c988a27176e9fc63af,802269792.9591722
a91664b9f15f9d6f262e7b2e,651967392.5305971
d54270fd6b09b38a978cd7b9,651967392.5305971
40c74dec061500aaa78f78b7,447900158.2957088
cbf6faf7b47b43b2a77b3654,1204901480.093422
52fa1eb3cc7cc2f77ff98764,483833496.6517675
bae512bdd3b04405c519bf4a,651967392.5305971
e7fbff0a25cde72a38e7c7bb,586629442.7805728
d3f297fadece964afe5f1cc4,651967392.5305971
2679ba671751ff16e76f1807,586629442.7805728
8059e45ca26bfefbb18d8e40,571233370.9647332
9e7ee8e17b1e76965e96ef95,571233370.9647332
9039bc918a76e486041842d0,571233370.9647332
1d7912750a5e345f7edcdcbf,468287219.4047491
4fe0482ad622080f55a0460f,571233370.9647332
953fd7541735fa8d9a342642,651967392.5305971
0b3021c156324d1e7974ce3b,1204901480.093422
b0a8e4b4ef6678e6b43865e2,651967392.5305971
bb47fda808b52f30364a4d6f,458956473.72254163
d846dbe691d0ee3ac5c3bec6,993445281.9552335
21932b5a5fa65d237ddb6293,458956473.72254163
07481a101afc1d5db45245df,648347697.3910868
d99c00c516cf57b6fd9e877b,405654607.38605237
6dbb494acdc64c03742fa730,607150517.2377616
35f69c7a9870ac62735d7639,607150517.2377616
2721f5495ef5dde16fd29cf4,607150517.2377616
0c068dbfdafa3429c71189af,405654607.38605237
f3293c4064d71f9322ca97b2,611420096.9774246
5eb268b95d7b6006b064f9af,611420096.9774246
e13a1c06ccbf814945dbc768,614619363.8761746
935a1e8c7e62ca9d3bff398e,614619363.8761746
f0c7ecd3b2261873d3664748,611420096.9774246
d2f20425e236285124eaebad,447519900.3397644
05926b977b5df59857194ec1,420989582.3613312
f548ef815603ec44f4629a60,955316061.5649863
6cd147720319f60ed2599361,611420096.9774246
6302477fe8172d08f3b4815f,434273184.83051294
b0af9b1e84a1886489d46b91,447519900.3397644
5f3a2a31f6d1838e0a9531fd,614619363.8761746
96786aff35713dc21f6bfe5f,611420096.9774246
68de232e27aa83405b4a19b9,1045415808.8748589
8d252e9b0912f09703110b81,434273184.83051294
f4e646df504728ee1e6ad0d8,391249917.3160907
e89cf4cc82c5283f3db6f5f6,391249917.3160907
1bc2c099466f9a989266be0d,391249917.3160907
bef2008b362c4af1fc3be566,391249917.3160907
7988f76ba063d25a4f467730,515410417.2158056
391a98a344e894c6397d62f3,515410417.2158056
5ab0b8b0d6d93c4654b5cc14,638131381.8179762
305d6abea2f3e496e3b6fcf4,611420096.9774246
f512fde4fa3f1f7fe885de83,611420096.9774246
c7b6e7a287602275f7854ef0,611420096.9774246
3d11a16b008c26fe43deca03,611420096.9774246
ac7f21d22d013874c362d440,611420096.9774246
c933750eeb53302db0245782,611420096.9774246
766a8ff17723a5c34324576b,611420096.9774246
802fe3175a2059f12d7edb99,388976761.09152997
508bfd077c80b6cdfc5a10e1,618115272.5255177
ddf8733adb641e15837bd728,515583100.447286
17914fbe0c3634dae8ce9d71,515583100.447286
09e4397bf9794fe24d87d07c,618115272.5255177
302918a3460b98acb64fafdd,463258808.97537005
a7e57a8be8fc8d8a844cf9f0,463258808.97537005
7b50b071f4d795c9b5ad7531,463258808.97537005
91a7bcd95c0c960e4cc22d91,452470384.4647797
5d4a23137173c0e2288ec418,463258808.97537005
751ba0c00d4fae1078c02fb9,391289050.0053247
e6bc998ad1d87c5be3559ab1,666008137.9107056
53aa9cd32e2a6aa346d3d789,666008137.9107056
06f22f7a8e4e78f45ae81638,521644815.80728203
2105c17a4e2f97183e24aa4b,618115272.5255177
ec13a869c212c39b6ba21b57,521644815.80728203
0b49dedfb53ec812962e31e7,618115272.5255177
69e6fbd4d3816c4cc37b265a,637557028.032593
ad46f8bd482500f3bb935737,618115272.5255177
368f7a70a62962bf31ec9583,1134671445.9938495
07412230b931192771072334,620381983.6305529
e63d334d9ae8b672dc7b7d5c,1134671445.9938495
3e1c2c5b0831edf78f7b7082,620381983.6305529
226277c02e8532922a1c769d,805047214.7470294
7902ada9116a1cf7458933cc,771812971.1539291
b21f6e217d6733230a8eb7b7,504726794.1818415
09ac622c303bce9ad5514442,388823523.8730027
ea63bca8e3a77fe88d88fafc,443751164.41808474
a3c7c54fa12d5b57dd997210,382489239.31709343
cdadb2607807935a0a5597e1,618909221.5957654
8d041784b65d33c76e5245a4,640382669.7097728
e6807209b634455bad257998,647764062.4173498
b1e3f1efb232cb0976506cc2,817033831.4824991
dea95d98e8bff87b905f9172,889681720.1135553
44b6382d9195ceb3f12d4939,889681720.1135553
41f33deb9990562def18c917,668421562.1798059
0a61250b2c208d42a3077bde,640382669.7097728
c714b30713eb7877ed3cd92a,330619003.2400525
bf120b883bfaf7641eda65a9,751965024.839041
90b34ed38e0f18988f11d77c,825829934.9537958
feade1f4b3b06fdc12ec213f,1206338363.14657
00bff9be2d524083e3b3149d,616816257.8982506
f1e38e53ddb8a9d5b641d934,922331939.3345135
49dbaf0bcca86f32f86e641e,602099355.6463864
18539b6cb6884f753e0ac18f,602099355.6463864
7586a79a0151387a1c0cd85a,646261404.8695462
d533a334c2ad9d510865fe54,646261404.8695462
95f7bbdcfb59b4cdb41b0394,602099355.6463864
4a2ae08359e1ecd39b43afbc,525522610.4575413
e8cf39cada5b7755f60306d1,620350627.72425
0489a476b376f7f6efbc193b,398382752.15804416
7b31b5e53015f8116fedb0c6,620350627.72425
4c0892a39011cc6a37fc1145,409516403.8482754
92d7d4fa9fd09075bec14a3c,620350627.72425
5e5ea93675900efebecaa19a,384329822.03037655
084de1226de9a6f4a6075c2d,382159678.4153613
54f16cb9563346e15b019102,312717902.9897469
512a6de80962ab797ed2bf72,733314103.045869
871befe27fa79fc1e1813b19,1127099469.822489
4e0b1df5e05ac505c701f519,442339375.6012482
37227e66adec69299f853e51,525522610.4575413
0a0e3ee960f60d04ffd6bc0a,620350627.72425
82b15a5da307865c7045dd56,620350627.72425
44d596fa36e3992208292ade,482104809.4353718
3569024b3ae4865240973e6d,602099355.6463864
31d3215c8345d48ce9734c65,482104809.4353718
147e7f5381d3c951fc446376,482104809.4353718
77deea164a3a622df41249f5,384801218.2187012
3cdee5304896e4cb9604ebe3,482104809.4353718
f5418917530b72c9fea14f66,602099355.6463864
ffcbce226963f10da8c53fd7,602099355.6463864
2fffe55a1584619bd7c489f6,602099355.6463864
3920eb3f72b96fcb58ef778a,369639396.8682001
d10bdbfbd411ae625dc80611,433201648.77290535
d61ac80c0d4737c3529f4a2e,431520621.47758
f8948886cb4cb018eca25d19,433201648.77290535
da5bf7f1c7b2f4ad670e2382,428141030.67656827
f406c9c3c92e9b31310a50ec,602099355.6463864
171b560236ce760573a990fb,955811000.1275914
4d852bd93332172bfb081aff,955811000.1275914
2e1f7569d134a931098a2ede,955811000.1275914
6d8d2ba62c52445d78f687ed,444212984.04008895
65ae1a893abdc2eaa63d9271,1194942705.3870091
c9c51c39725d7df94822fb20,403637566.5265278
56ddb54e50deaf650a25e82c,444212984.04008895
aeb330dede55fb66654901fa,1028092485.8779112
4f4e3350c429c6afc0bb0094,616660664.2336209
39377d0d271da03ad85c7bd1,486372867.03792864
bda2fcbba2b412981e708054,1028092485.8779112
eb89d0b7914010148e6bb597,599251705.1608856
513d0ddf1ce44ca671675fe1,616660664.2336209
14cd5f188cf6d2433240b5cd,486372867.03792864
dbbe0b6f5eb07a5f9ec873a2,444212984.04008895
f9acdd3fa50068bc0180d008,403637566.5265278
4a85c36fb854e922936b57fa,363032509.80615616
937876bdc44c3b8fe063a9aa,403637566.5265278
001399d3861c5792ccb8b515,1028092485.8779112
f28514aa4d6ffa36104411c7,444212984.04008895
3b185e3e31f7f5e6a1b3193c,516942789.47094595
f4c7cc4a249ae7037aa0b35e,610228486.0606494
b74a02ef5cc838952bb9afd4,616660664.2336209
75f5aff9fa70208ddd843779,616660664.2336209
b7273cac93fb7a0034039600,1189193270.746314
b73bcc0cbfa173c9fa404369,814523529.8879675
3c4c18326318a7207b589dbd,356241524.52058727
29a230f7dde5753e65b661dd,565935397.1071346
c083a5c64c4d6952accd7bdc,565935397.1071346
1cf29f882ee8b458b8f27091,651489888.5521466
94c15574aacdc5c3cf5a406b,565935397.1071346
661f7eaf134a5b142843368c,651489888.5521466
14a5bf235097782f468fbf23,417298214.75058615
d2d46c70dc048c92c8e4f09e,651489888.5521466
f6faf74c3f4e02a6b333b7af,651489888.5521466
6dfa362ff7a0d55693793db3,758433723.470877
b070e3747bcf22ed67509efc,618252815.0231878
7333f19416625d6f4244fe02,705068684.0691853
3c86651d9bbfbb335f15b544,454883271.6904962
9d8affa93ce4dc7c1a21b3a3,773967528.813136
eb8cc67810d95d1b102410b7,802426349.7241578
047f94605add5f6f84fc3f90,728588451.5919081
56ba332c82c36f07ba6bd271,882591574.7999446
5814a1dd61362ded4f1d8d8d,1232245839.7500563
141ac7bbe9637f9e5142135c,919722651.7246382
08db0ce5cd15db2404ff3d28,369639396.8682001
c38677ed0876b7996f596336,369639396.8682001
daa4d7da8d7df8efc1adc9d1,428141030.67656827
f15c6403c6d4e3676a607780,428141030.67656827
4d0cf77f8cfcada2265ac585,482104809.4353718
4caab3951bd6cb6dc71ac8a0,431520621.47758
7cb64b94877a9361f20027cd,431520621.47758
3f438d6202cfd4527bd8f983,431520621.47758
b7763beef728bc2021ebb841,431520621.47758
4cea8ea969dcc433fcb59d96,646261404.8695462
24fadbd1dec637edb728baa3,693378658.0576769
63cf422266e7c39a6c895b3e,602099355.6463864
dbaa5d47ff63125584bf7ac0,602099355.6463864
da12ac932dd8a2fabade4bdd,602099355.6463864
f35538e95b4a567f9b834034,602099355.6463864
6ee1e976768b68cbc8008950,433201648.77290535
a910019b3d18da92b4c6862f,602099355.6463864
a09413ca0b723170c26652a3,602099355.6463864
2b451da55be3683c33e4de31,602099355.6463864
561840990333852ace562b82,602099355.6463864
b6695af1ce28eb50d7a2c25d,955811000.1275914
9327563b40f2a0f888c68f28,1272110793.7935617
3438e5d77044f21743e56edc,613417548.2050829
63cde4fad1be942dc5ee695d,365211186.4220627
8e712705b7de6e791c8735de,389955332.1615169
85de01c0aa787152c77c6180,346037256.4039329
c9b0673becdedeede0209697,363283426.22436804
15ee6357e02b76367682d6bd,1048323777.8725499
5f284a75ec8e9c72abc76695,762746444.661121
37e696957da15625da71146e,753791801.8198112
96a478c359fea0014fde607d,769943988.119849
1a61721fb7306d55dd77b6ba,769943988.119849
a7577260fa10bf408f1997d8,672096420.0790075
b3f8ffa761119a5441a44ad4,882380357.023114
a5c85b445f503a56e0e2a924,1025683335.88543
5aac1a1d5da10b76ba4b690c,763579847.4223601
1420543e2eb5f38e4d38ba81,1296245754.0503712
a530e3ff6d7bc1abe333245d,447519900.3397644
aa9988248c7dedb016d8b6ae,611420096.9774246
fe8ab5495cae81b5478026a4,614619363.8761746
b463c62e3c21e339e7acb52f,614619363.8761746
00a5133e7373eae3f0be8f2e,434273184.83051294
38b424cb0e54f0f7f2745781,614619363.8761746
c43530f324a3ac90f53a8849,611420096.9774246
abf93b2418fcdac14293c9a7,447519900.3397644
9b1be976725ddd512cd222a8,614619363.8761746
9b7f17ddae12105d47fad7eb,611420096.9774246
3caab5e89722761d5ab2498a,434273184.83051294
a2f40c8227b466249d6cb659,955316061.5649863
e6a5007ffb7c1321d4fc21a8,515410417.2158056
0d50b435188b7830a6949026,515410417.2158056
d4bee60a74c2e2235f507ec0,611420096.9774246
b474103c4b637ca25b5d89e8,611420096.9774246
ce6ddb82d2ece3b8d58fcc63,731764969.6121385
28403f16831effcb75471738,360879600.99683523
03f518e2e5861002772345fd,360879600.99683523
011a6d0f12ba108ef15076b4,360879600.99683523
93ac0b004ca60ea56cc2bb9f,420668149.5103957
1b70fbd3e46da8c47c3eed61,522863935.034046
cb40d6ea6a1eab77a60c1ba3,522863935.034046
87c73db5d50e8ec3a22e6ccc,522863935.034046
9aea45bade274e4ed91ec301,464049149.27480847
43c22bfa9a14df7b0126c12e,464049149.27480847
6d848e54ee68e6d8f23b3b1a,464049149.27480847
e5cd7a2aed48057b0dc8d970,464049149.27480847
bc4b94c892fea57ebae3eeb6,464049149.27480847
e7bb12e99318573a6e6ce1cf,620415570.0499989
4b52ebb0f0a8878def4170c9,620415570.0499989
3e85b447edd3b23b5a0d3b79,620415570.0499989
15005fe7eb24aa25b9e3cee7,537603366.9819698
22e00f8057294350ddf4d42a,698833031.2364537
ddf2583bd65f02abf7ce3280,860346346.2987069
704e5657734af93d19a0e5fa,649078874.6585052
cc1a11362066152d21d4cc60,649078874.6585052
12062de068acd322b610fcf1,463316704.75684386
e9804af0513b2f68daf182b3,463316704.75684386
f13d8f4b2e3114d71e5ed941,649078874.6585052
11bccaef3431fc17953eb81c,649078874.6585052
ef2b9c11f884cc5f31c26f60,939320820.1960077
25986c851e13c92ede6c6d6b,939320820.1960077
37e28ed39a51956880d211af,939320820.1960077
9530217ea0b5d2395adfcc9d,1051083600.2963778
d8607e3261ef1546eb0c30f0,635532746.871796
22a025ad47ba22ea9fd1a094,651489888.5521466
1c88ddc21f3e8e4ca633621d,387289157.96152127
e45ba581daff88707ad842a9,431720779.08235973
d7e97cc158c6c54b02fe635c,457501955.2153912
04bb7cdebb8b66e783058248,644304353.255272
d60cf6dcb7b4b40077536604,878700719.3169822
85ceb648cee9f6f3d221254c,615598702.85718
f58528d3ddce3bc6c71bfce9,631379267.5707473
c269765ece36cd93058efab9,637281131.7120421
919bdfeb16dd0bf67787d53e,394159084.39373755
ed8eacb8746dbcc3c2ef3aa9,422601786.60863495
15ec532ec6fb73074b9b12c9,422601786.60863495
58a724e8a0e05140b07539b6,788954611.1625899
2b7a5be93795a65d29970b02,1046366792.5556724
6dde9af12b6597425160a47a,1146514046.6561663
f0ec99c13c61e89310ca9b8a,525522610.4575413
65c83da72c07b8e74bf581f5,525522610.4575413
3ecdb7a7d178b48361340ea9,525522610.4575413
af22669e3ed10470623fd8eb,620350627.72425
748c981380925e1247b9e64e,620350627.72425
78ab6cb1f62a7e781d4c4d0a,414771307.2197941
e80ba06329760362c7685ca5,479208012.2339675
3cecc0cc43ef46670a8e69bd,480507051.9094429
527e4b1b06637b5362c8f17d,442339375.6012482
cf9eb2cd0f20b13cc8816bbc,342106361.47128564
4b3a6baf8196a59bac8c08c0,527365060.4873249
9bb9864a6bcff25b17477717,442339375.6012482
4f7d630c921cff500705ee5a,675297066.9377404
7b7c0544ece4aa383fd5b4ce,576579953.7353286
191094739043620c72aad2a0,588219319.5784472
a20435d582c7646db231e7d2,557986655.6586874
1555743ec7e2f38904852860,450391848.5509179
1c7452cfc46652a60b7a4f05,780503900.172004
97439d5a82f970e7f50d51b9,816058758.6581877
7667cd57d0bec809417c9b11,620350627.72425
103f6eaf04b44c4013acf097,611444904.8181623
e6ef433629e193042bd30f4d,994107020.3202547
2ee7f959d069c9ca223115cc,994107020.3202547
b46625b69fba1afc154471e0,628888161.023866
5cc0700421954934cd8dc445,690974027.1977448
066f1b68f7c053a196662fe0,420989582.3613312
645e1c7b799a489887086a1d,611420096.9774246
f426c41d6d8bc99f359f480c,447519900.3397644
d1be4eae680cb16d0c842606,955316061.5649863
57a5f4f83a474ae156f207ee,611420096.9774246
53eab0ecc3ff098d55666699,955316061.5649863
54022fa49ecd9cf290aefc89,611420096.9774246
545db4962e6294cc5ed07727,614619363.8761746
8e17bc9f09099ba3138c232a,611420096.9774246
3b4b303bbeece313f92cb85e,611420096.9774246
d0119d7bb15452c473ed28ba,611420096.9774246
1a36f98c62f5126c8064314c,611420096.9774246
96a77e8e42d676b0da3fa572,614619363.8761746
d7d6f668e3e40d957163276f,447519900.3397644
5b908b8abd8dd0862440c172,611420096.9774246
81716dd4aedf72a6a14392e4,515410417.2158056
47d252717c4bcae3e1ff19e4,855881474.7797924
4f0b2f7e4d787a108a4d2537,515410417.2158056
90a43053efa1d292af692a87,515410417.2158056
c3df4b9fdaa4dcb13723b5f1,611420096.9774246
4b905620f76873355d317dc1,618115272.5255177
ea16314310144a10c81da9c7,515583100.447286
0e5db1a36a521a5d2912b238,515583100.447286
c53c58dd7b26902f67c3becd,388976761.09152997
6c17875f20f58b1fb211c18f,618115272.5255177
200020552855ed39d1af999a,515583100.447286
b44b862cbd855d46954eca5c,515583100.447286
ce47299ee877638c4729f60a,515583100.447286
3a28bf9841e6a9d3f1bc293a,618115272.5255177
3a488b9e24d9b8fc7c222e20,388976761.09152997
5469c33200ffa87952b356d0,515583100.447286
b57174dd86ed451448dc501b,388976761.09152997
ebe09efa32acf6d680341840,515583100.447286
33f7d5aa494288cc90d60456,618115272.5255177
de9a32ec454c2696cf75eb0d,388976761.09152997
df4400c44a166c851ff46eab,515583100.447286
5dcc8f6a6854a864dcd27a87,463258808.97537005
bc08ce9f24533cd644ef08b8,463258808.97537005
2935cc0e053bf558a8b73054,463258808.97537005
f08001f2590d7b734467c58b,452470384.4647797
5a9892659590355b91442979,604339387.2225748
ea34dfefac91681864c2bfe1,717923140.2458112
ee3b5d47d05a80c07751f7a1,618115272.5255177
448ad01af4c5cfba3feeab26,618115272.5255177
bcf43ae0b4b15ae168abca97,618115272.5255177
8ccd326e4f515bf7e817a14a,780601335.5491948
94535dcf38c9c6461a73db02,480583528.1806503
9b3557302e940d4da341cdab,580625964.1875459
edf8c961862a4ff8e1e44f1a,659201266.2250413
6e508fb72f189a4fa91bde58,531255330.251793
7d0a4771afb00cf9a38ccb81,1436869008.4968302
8c32b6b31d1a1d5736c4df61,786140176.9731146
da782fc0c8a79e3e250f0f67,515410417.2158056
c86e643b7f7b57b4482020ef,515410417.2158056
4632f1e8fc93e268ddeba07b,515410417.2158056
2cd372392fda500e6526695b,516942789.47094595
a05ef49ad8b2d6c466ac7412,513726457.9908834
9f50ed2b7e40847ffd877f4b,616660664.2336209
c00083aa30ba7d953361674f,616660664.2336209
50857161c59b991304f5c55c,616660664.2336209
3676f63aa0ab23ca7cd344b7,400641523.1221124
3710ec95af4702c45f165279,540313244.2085806
16db516a238934a730ced1e8,599251705.1608856
d450dd622183c7cc43a20d70,403637566.5265278
ba84fbef80c8a82895ec599d,1062329713.8347744
ee85a12b8f764bc15164dc7a,516942789.47094595
0038a3b703f4ec779bbcfe6b,618115272.5255177
aa643acab634ee591a2a43ce,478373942.35856014
d6438814f4ff3853bf6cdb13,789667085.8170779
a37522af63bbed2f4d10900e,1303020191.2544408
0b715ccd3b3e01444b855857,412739520.9929858
fbdb9caee4455e99259cf921,412739520.9929858
b3c02569b8fb721934f51c52,360879600.99683523
c07e2ef0bed4be12e41c783e,420668149.5103957
1b4e4016cb766bfadea42f73,420668149.5103957
ecf4e968c925cf8322f8a0bd,420668149.5103957
6cc0e6bfd30ed93fca2bb217,420668149.5103957
3e7f514983daa92e49a7c87a,391555983.9015887
97a22807207cdfb341d5c50c,355583314.6639328
3f9e95762d2f2056e9716039,464049149.27480847
255c5b92d71a00c3a73b9aa8,365981839.20009613
58d24ab99d74ae4c449c90ba,620415570.0499989
51d1df6e1f28c40dc9074b74,1148831519.9029136
16261339c3a99635717fcda8,649078874.6585052
1475cdbbac4aa486266e439f,649078874.6585052
2a9974fe07b1e4427e386e06,463316704.75684386
cf76689ebaa20c70d9db4d51,649078874.6585052
f9379319f992cbadc43b9189,649078874.6585052
62313cfe4272d263173e1ea9,771710833.7052815
b2c62bb0cf8d210dc4635653,939320820.1960077
5d2fd288d33283826210cb90,1051083600.2963778
3454ab4ad567d2d22d990fec,607150517.2377616
58be66aeab226c35330d57d5,515410417.2158056
315ea6fbd6b3261cae7fb900,611420096.9774246
6930d8e260fafaa5c317dc82,336301131.4629266
0fa99fd0e8cebb71a3bb0871,392933193.25578046
fba946e4ceea37176170835b,336301131.4629266
b53d4d8d0bd4a0ae84fbc22e,392933193.25578046
8bb1a2ecc997779d1addf12c,392933193.25578046
6dd97377cbc262b07ea2eb99,434273184.83051294
5c50853824c890a5a7f0cd70,434273184.83051294
4c3865a97f5877090e7a9649,447519900.3397644
a3cb2a035f98276076f2d848,452895362.3852154
40d04ff9c405cccfc82ed5a5,447519900.3397644
22caf82aae904c79057fcb3b,447519900.3397644
eaf87358d89af17c3e004c21,452895362.3852154
9ab5ef2c5650c4bd05248990,434273184.83051294
d96e3063ce77ab1235e2ba26,447519900.3397644
665d62a8019b27bf5ce6e6b4,447519900.3397644
56234f11aae98489ae00a8d3,447519900.3397644
76a5158e1a5c1f9fae8ee882,447519900.3397644
d974970034de145d469d09c5,452895362.3852154
7b5db1e4f4f47b4bf7c827ee,434273184.83051294
73ff6ce99ba5dd8cfab0faed,447519900.3397644
e1cecc8f17883ba6e2723826,447519900.3397644
857870b1412b84f0f19ed751,434273184.83051294
d89dff35fa1944191aa9ed98,611420096.9774246
86b89233e0176e034ae3cb7b,611420096.9774246
dd3d529f3745159d9e7746b2,614619363.8761746
af10ec1529a63d0bc10b056d,611420096.9774246
a2645174e4e15c49331f576a,611420096.9774246
311dcf366691c44243b7b89c,611420096.9774246
4cbc74a93e33f7b4812e1a7c,614619363.8761746
6e0140e1d667cecd155c6e23,614619363.8761746
dba6308e2358f30b7ec33f59,611420096.9774246
761ba98d35074faee3594dbc,611420096.9774246
b961220d34be930fada80887,614619363.8761746
c9c3973bb37b5c688a7c0157,611420096.9774246
79a0bffec81b17d606a606f5,611420096.9774246
135f6f92c4ec95847e8840eb,611420096.9774246
05858b1e4445f56f22e1f4bb,611420096.9774246
623b7d96c0fa09e50148aa7b,611420096.9774246
e61e5d3288f02b904d3b1e38,611420096.9774246
0d173e7afc8f8babbef6ae97,611420096.9774246
7635a792e5002ab99ceef583,611420096.9774246
4da93e7126354a474d435a4a,611420096.9774246
a4c71322f79dbbbedab3191a,611420096.9774246
57ef53ecf8b709ddc05aceec,614619363.8761746
65c3e09ee6f1ef0500ca4316,955316061.5649863
74d0b6e87c2045f95fd493c4,955316061.5649863
4a3d0390e005fa5b4c9403f4,955316061.5649863
a3aac701ae444b6d91b7bb0f,955316061.5649863
4afa3a1b63c076123e7a5279,771646625.0679151
c97adfa6f5ad3e3db6b80edd,955316061.5649863
58cdc29143b85386c76bedbd,955316061.5649863
1f81176d8a0c61a7177c6c2b,955316061.5649863
1c2e69465c75fb3af2d57351,955316061.5649863
7a10ffd970cc822108ce7cf0,955316061.5649863
3bfccc757ef82ff2774f2db9,1045415808.8748589
3c753ecb3a4f8ce43077a6c1,1045415808.8748589
100e9e2623cb0fc52fb08813,1045415808.8748589
90a269d52e47c1705f9b6cf0,1045415808.8748589
34f4df9fce2ec05633d0cbd1,441611070.67610794
1e4fd826fc8693b17f6efc3b,1211262005.8988848
efd9d848677015f13688453b,367005770.5873566
07cd866c871333283ecb2d23,659587465.2964613
76a307d6b36b8a51115e91b2,514661967.86221474
080969c751cb94822aeeb755,316087839.01003003
1e37fb708b70b6b5e8fb5cd2,520282111.35628545
4e47d2c8ccf9929ad9c84544,383167964.31482774
3c877a0fbe08cda958ff8f46,607150517.2377616
ae59a0d6441697841d86cfcb,526770713.6664634
2fdb80ee4f9a35663e92b3b2,591763380.8053794
3a513410a390c75fc14b0b3b,480193513.62921685
0616401503f2ebc05af7ce4f,409244676.89678633
98b973c8597d5805f87dd074,516942789.47094595
7063abb555d919d5300af3aa,697352673.5567068
88c4b21ecffe12cb6c408a6c,599251705.1608856
75a4421cced1111492d00298,363032509.80615616
0482cd89d767b3b7de976c3a,409244676.89678633
bda9e5d8048acbbe5a9d49ea,409244676.89678633
2152ed6b2b2eaf16ec272cb6,382495323.98310775
9bf2e0c1bc82010e92da2540,775590786.9497559
110af3c21ecdf156898c7c0d,1043769597.5061005
2790ead3eba9370f00024472,566317210.4598948
9b06c7cebd33cd26cd6cc089,1302636343.337464
fbb89795386c14f5088fccdc,772700206.2310145
e8a3d9d6134ae8d631791e52,1354446617.258517
5c535b7d92e34c0fe4b66891,794257605.5221373
d88544e4e85add30aa795ce6,405654607.38605237
01b78983d268b52137e5ac1b,405654607.38605237
25414034e50ca33fcdcda4cf,514661967.86221474
2212e0125cb7f75390020951,607150517.2377616
a4d5ea1b907e98be72b5c49b,607150517.2377616
2df90c0a3e2b9138fe276a75,1087350558.956348
c520b7e8de3796450ce49a30,350661553.51928943
35114fa32397272437e67a54,412884682.70176065
bb5726ac16b4ade709151159,417187936.94244367
b4dc6733589bb35444b74c55,1064381285.3323987
3b0b0bb06d95c5ea1aed2d95,703928113.3594596
fb7bd85c05cd74d945d22de0,409136685.34815603
6396667677a878ff61e1b536,591763380.8053794
47b5804ba1a998c3e7544092,542911966.0418515
ad4d91ed26c1fd5702b94064,633526059.3129867
2b802261b8bd839aa0b04b16,779030446.8753072
0bf9fe130da23aea7142bb7a,733357500.9749017
90511f2411d4a37a7224b995,614619363.8761746
1355fdce5b97bb36da15734e,955316061.5649863
775a6affce535c5a19ea5f30,611420096.9774246
e36d70d72c2758d7fef242df,447519900.3397644
2fde05df6a3aa9f57385e6a7,434273184.83051294
5e0100ae728e347eedce5b14,955316061.5649863
a636ffa140f80412f003734d,611420096.9774246
74746d24b9bd86e23338bcd9,611420096.9774246
99c539fecb3bc233288ff905,614619363.8761746
44760087930212643641eeb4,1045415808.8748589
2c5d940b5ef2276f1fac1ca5,611420096.9774246
b26f22f1fd5a991ecd1e07f8,452895362.3852154
1ffafa78622c45ea4127ce82,614619363.8761746
32a555016892e7a74d231545,614619363.8761746
8d06037db08d0754bb67da4f,420989582.3613312
80255211d99c72e343b32798,1099210606.5602705
070062cd1c769f3be9255af1,1045415808.8748589
0451f65828e628c2220df77f,611420096.9774246
d96f6225db81dbf3d1a0e9bd,392933193.25578046
b1527eec2e6709dc51e03f9e,611420096.9774246
5464fe43eded098294d634ba,614619363.8761746
ea37ad89fbe4159940586718,392933193.25578046
4057a676e7012fd37af9c3b1,331120607.0743938
51273a81121232e7f30cfd1e,331120607.0743938
3cfd9ba5c6993718c0c532ff,400244437.93076414
8567e677b30c410df80004c9,515410417.2158056
7a34bcd9f86f5036b526c3f4,413297028.93698883
3dda25226646e1e91f4c948d,413297028.93698883
a2529027db6b525e365e7be0,413297028.93698883
c6115d5e908e04e67915a581,515410417.2158056
8d0ae601094562744c8dba4f,515410417.2158056
55209683056fe2f9faef7fc8,413297028.93698883
e840095310907e82a159d683,413297028.93698883
278fcdbf16e3064ba42c6785,611420096.9774246
74af10afa02e7724eeeef108,651489888.5521466
b763f71e8a5bdeecf0f3f0e5,417298214.75058615
5472d536d1b6b731537bb67e,417298214.75058615
995ba6d1fd63d5160fb18e71,543742223.2084398
f424ca724e7df1c37ed78aa9,651489888.5521466
c2aa451b62293042b7244fff,565935397.1071346
d4ca9506161d3f4bb3ca57fa,417298214.75058615
799862427c1f335eadedf4e8,387700715.51693606
1f3b3bd08063993c23586c93,447548905.5657618
817422f4c278ff27a22b05d7,447548905.5657618
db9798a3f9ac287754f3ae01,422425575.7261739
7ead45d1f505649429904307,627380647.3832381
ac7ab254166442188c6c5c25,878702125.556275
67250a8950aebdbc67f7fbfa,805692471.3299338
641f4319c315cbb74872b8ac,363032509.80615616
710b0541a025b1b6a5a80c41,338969758.0342925
a10f459124248ef30f290cad,516942789.47094595
1aac53220223d0d823e70d0f,421325575.89597046
9d0ae0c4dc11d8c6d94e545e,525522610.4575413
be685d2954b8c7337ec94942,442339375.6012482
e43151473292e4e98f121f63,529452875.09524757
e04fab3d74d14be3b8dd2c8c,421513703.12300974
c77509a6eb6665bb8eb07d95,620350627.72425
9753470e033b35407a2eca2d,620350627.72425
825f57ad0527d4abf41cffc9,684093941.3192607
0d8074979d302868c2534262,955978977.73266
15a3e60c7a5d55243057d7df,388976761.09152997
6de06f867a28393a9e95c7d4,388976761.09152997
4d418d0079828e244dbaff5a,515583100.447286
2de93fc191360ae22b0402dd,515583100.447286
86792949f2e6a347208cbffd,483390224.8854288
6d8a0768adedcc1070d28390,515583100.447286
459963742bbaadbd9db97723,744298934.3977183
235b10cad7233d579a966948,387345625.9113735
4443407341bec8b7b0af40b4,778010831.6405714
d7047492f4c53a0cdbde60e5,1214417367.7474258
5541cbe23acd6ffd4aa0d939,618115272.5255177
1d0853f825cc0aec6f5544cb,618115272.5255177
f016623361c6ccc5163e79d5,1137291168.0384126
d280fed64d1c23ac9d79ce20,618115272.5255177
7e86f11cd63ff6c8a3c12fe2,755621289.4437739
9d7f161ee660b1bcb54574b1,902626437.2552223
a0722c5527c6d3cd5cac9477,1199862263.363012
278a2cd98528eb1341a6b685,512486472.19419515
b755f88ff3907bbe2a417e07,943870508.3744384
2bb55b0a92d62454867bb158,785976396.4270548
960c9349b6ef9b747ebe5829,1067981776.9839637
2c8352c418097f82a50d9bbf,1096820210.722164
47d7ba800f164f397fcafa9d,639047954.8591143
610061a0e67aea7d222f08cf,1160074105.7971232
a33de2559b5f56d1b3cfce08,498148059.92036635
f020fef57e9069e4dea2d71f,1267135828.702648
883f095dd3f7e972d7dd3c2b,544191671.5588905
b0b784bfe2d3c1b3b1320613,637281131.7120421
1ea66dd4a72d93f5967be730,401943974.7999808
90b04117887941ac898a67a8,387289157.96152127
022357a3d48ea87d58ffb46e,387289157.96152127
292224fa68b0303a90063801,431720779.08235973
6cf924390dd3ed4454403887,431720779.08235973
555a293dbc104e00f182fe34,457501955.2153912
e13ef02a57d35f71a4fe6121,431720779.08235973
c82929467d22589ec62c0475,431720779.08235973
18a74c9a49ad381aee5e02de,457501955.2153912
da40d46cb91d9e59fe12e6ba,431720779.08235973
6320f26d77fcd56675db6b97,422601786.60863495
3307731f3bc518012912f1b3,422601786.60863495
ba94572d1e050bb92522f112,457501955.2153912
6e0d6bcb01e99fc4959d3f7f,431720779.08235973
dc3cbbb2fa00043d02958219,457501955.2153912
495aa774f4db66db6df30e93,457501955.2153912
6ba298925ffad32daae55385,422601786.60863495
8df5099d856c7f9de43990ab,422601786.60863495
93c5c5d9d1e99824178be9ff,422601786.60863495
ffbce3ccf241890ec95104e4,431720779.08235973
2c03c38782e365e68b32d6bf,457501955.2153912
7734421098413f27fae86fef,422601786.60863495
2b50969f1faab80655bb9104,457501955.2153912
025a98586386211b1519f9be,431720779.08235973
6013b8c04f7b9fbc74ef1ec4,431720779.08235973
11075db1cf9899c8640e1b90,431720779.08235973
61ba09084039a467410aeadb,457501955.2153912
eb2880c2433c4b2500fd40ef,457501955.2153912
f7f8607535159c82dbfc6c14,431720779.08235973
35c7a7c0ace36f4b95423c4c,457501955.2153912
c71123c31d02408cdaa74daa,422601786.60863495
dd8aa138623604829d56ac2c,431720779.08235973
cb94eee5ecfc75d0fd5ba6e5,431720779.08235973
ae6bfb4eb4770f2266e3b961,457501955.2153912
573ea1962372999346590c0f,631379267.5707473
9f7204b4bb3ffb8591e3164d,703922936.1460307
a4410bebf9843297fe32d63c,615598702.85718
2afd9dd680803e3c12d5242b,637281131.7120421
a7618c242fd918ed894304b5,615598702.85718
5ebc5cc2c1488f681cd119f2,637281131.7120421
cd53a991573ecb5c53f47986,615598702.85718
75ecbc0c0e8e76bb8d734f60,637281131.7120421
47c2934aaa5934c68dcb9e51,637281131.7120421
386ad1ba1cada9649f3415c0,637281131.7120421
9ca0839c9c294674e86eb691,637281131.7120421
bdbaafd11259af6300321a89,615598702.85718
2e41ceccc918145dbe7de0be,615598702.85718
11df35a3fbcef34e47747e38,637281131.7120421
b0bcb64f2f2ba69cc712e0ae,637281131.7120421
bce0a4447db2d54d36661011,637281131.7120421
ef7ba10407cd74590ea3fff3,703922936.1460307
a743dc3903eaf3576046ef3d,637281131.7120421
b3d072ebd7908688d908d350,615598702.85718
a48abdedbe3d132276dbe403,615598702.85718
c6b7e739125907c86a8997d3,637281131.7120421
813d9415d9abca46ad4d92f0,637281131.7120421
c631f8920a2fd1160f6b15cc,637281131.7120421
16194707d4e85fe332411bd4,637281131.7120421
31e241881acaceb02ef915d2,637281131.7120421
a3f1214ea44063ad10956fca,637281131.7120421
ab086fddcb949e3dc0ed9b5d,637281131.7120421
ec4df02b32d90c019125d108,637281131.7120421
09eb808ca3859318d6328db8,637281131.7120421
f520fd12dd3ed32ba78d357b,637281131.7120421
0a2f7379cd1bed7d2d2d5a01,637281131.7120421
30652905d3eacda34ff61a9e,615598702.85718
0509650d34981639b9c64a22,637281131.7120421
77cd6b199ee485314bc74626,615598702.85718
10c836c2e566dfe9edcf3d8e,1046366792.5556724
e109ccb29c02c9b35b789c90,1046366792.5556724
2d60a221b478264cab9816f7,803327945.851323
d34c48ffe935cec3358b2247,1046366792.5556724
9cbed1ed72b444c22d8c1614,1023340373.2474949
735c3aff4c151dbc32f9a76b,1046366792.5556724
a4b6ceedaf89cff74a292ab5,1046366792.5556724
052957f95b6e7b41bc625009,1046366792.5556724
33a61cda27fadacce0d1aa7b,1046366792.5556724
6c3bc8c58ce67b8bb9f5894f,1046366792.5556724
1988513503246248b80c7f17,1046366792.5556724
57c29184563b31f5f752c5c1,1046366792.5556724
bc6a7d4ceee8bbff9ac5eda8,1046366792.5556724
f1b7ae24195b4414e6d6a001,1046366792.5556724
e7b3ec90b47c9e6009ca8a75,1046366792.5556724
39b62c6fca161b80bc6726c4,1046366792.5556724
55163359d7cd910861059389,914020466.1789117
df35908d6ae2847dfc73cf9f,914020466.1789117
ac822dd448e04e9f8dd1721d,1114833946.8802824
7e86148f53beefced6e0f3e4,620350627.72425
6eff15cd6372aeaab2e665d8,525522610.4575413
0a1af9bb571b90233856289a,620350627.72425
b3cc5930a3cb26e35a45e09a,620350627.72425
0c12f73305bc7d72bdbd9789,525522610.4575413
ac048209de77cae737d60545,421325575.89597046
9239fafbffc066dff0811302,325218890.71630085
8e0ba427ea909cb7943929b0,449469196.2952842
b3c99f30b16fa80cdb4f213c,526263976.1601909
d1dc16c82942902c668a5c9b,546181593.497071
5cfc9e48ab90da0f4e98a7ae,772583083.0635258
9abad9f79352ed42d1a9f099,391249917.3160907
dedeafb60b4a39950e7a984d,391249917.3160907
74cca5cd08c4bbf5d0404d74,611420096.9774246
b6aa1cb0187c4a1715517fca,391249917.3160907
e22bad460ec1bc991f14bfbc,611420096.9774246
594d46a91315527995cbd807,611420096.9774246
2c0b4c8269cbe25a4e85e049,434273184.83051294
1014d3a98e886e1a7358e29f,447519900.3397644
73d6bb3d6ae08921a6117f5d,434273184.83051294
de3b619a7c80549db6ab16af,452895362.3852154
da34d6cd832009e428d2b467,434273184.83051294
104722434c2deed04a901aa0,434273184.83051294
cee66eef685e4764b9553a02,447519900.3397644
58b40969f1b73182cb6d30db,447519900.3397644
964e9c3f87176e761484543e,772998179.6454295
19487167081a9b0dd09d7975,614619363.8761746
7d8e345c9b16d0fd69f848ea,955316061.5649863
7d4ba999100c8e694fd820cf,771646625.0679151
c6b157e7a6ca08d04ec4de4f,486372867.03792864
84ec2d5245cfa146dab05065,616660664.2336209
c844a386941b86a3d4c0312a,363032509.80615616
0648aae13097ac649fe714b9,616660664.2336209
34f220a8ee1f24bcc5790364,363032509.80615616
d12eda0ba04f846d73cd7acf,1194942705.3870091
c12904320223ddd043f39c63,400641523.1221124
8bce0097d22b34a804b502bb,336510064.73639697
ec1171cac1eee089be6f427d,385778513.38835436
5d85d77a06d0f0324d15d162,1043769597.5061005
0349908483ce628a0a5fc164,822202170.6825628
d74da3bb780515b1273d741c,772700206.2310145
64cb8fc8412c9247a5c243ce,1354446617.258517
3a53919313bd750f2b1af906,1120367839.065331
91d265ffaa6b407e9747b15b,918042794.0131088
1db1d1b76e09197dd915a8f1,1329304360.7728603
6645a3080e5d10779672d139,646261404.8695462
3ff6e77706eae698f86eec29,602099355.6463864
4670d21fa84e40184f03d5de,433201648.77290535
ee8bad3fdc93f7fb79c9cbd8,646261404.8695462
b624f0438025478c9f66fec2,922331939.3345135
37dba4927e327d3a4a0c1d36,431520621.47758
8d16b1bdea35630a3b09b192,431520621.47758
d54a4c353cebf18d452be515,428141030.67656827
c402811ade75f5e3dee73ac3,431520621.47758
dd926903e87d691a0f15dba3,482104809.4353718
cb01687abe09df6838e1b224,482104809.4353718
6ad3e1a47d1055b55d14e091,482104809.4353718
b8d50a94e8166e471fd8282b,482104809.4353718
a77d82703468f2f9e8f2ea0e,602099355.6463864
5d2be469f69f31090769efe3,782170736.6726565
c4e8559ee733a551649a5dcf,674065354.6135767
5996fc90f923d6e8527097ae,512486472.19419515
32d5772adbcc785ecbc2c55f,385092424.82307976
5f088237d263c37e78264bba,512486472.19419515
799afa0396b9f268f239db51,357470463.99726254
bd23b1463f0936d2ced5fc67,504726794.1818415
8f35a5d800d98481d7a8b6a4,504726794.1818415
371b5ecf08973fc6e6849d14,504726794.1818415
fa70a55dd0e2053a1b566de1,365778728.87106377
584364cece0bc4d17f0e7fac,389940819.54637635
cd968f8973a267790a38f2f2,458858035.1210226
c46b122728ef4c9ae8be444f,559939846.3684736
4056182cbd8c12cd87ad9e84,510688976.57106376
6ac747618b6ca674e86cd275,395515502.94864553
afb02897c700dbac941ba8b1,456293062.5218085
198cd3f4e9be65b83f01ceea,501524653.6039986
c92bdf97d7f0a9a12c024406,430781830.18406427
e00e5934d1941490834c3145,647764062.4173498
5b139fdb19ff722a846d71f0,792266879.4155656
8b554961129384797391d1ae,809259617.0349648
854e27be18fb8f24fd433eb7,800190879.0361725
241d9f8599ce6cadac1d6609,861457372.9579499
b85b37ae83ef95baa03752f9,925598787.6989404
5b3ba9e56e24e08e1f81e220,388823523.8730027
58c6518f9d2d0526d31e7566,388823523.8730027
38a1e2050dcab9b4c70c5e83,504726794.1818415
da94e4a5fdebe3ae7bb1adcc,504726794.1818415
49fb2771ea6c1e8950cc9a57,504726794.1818415
f2b67c40a560af8729bc6072,504726794.1818415
13fc2dd1cd32d9cfa457a5b1,640382669.7097728
b6ebc3b8408793f5058cbb90,640382669.7097728
75ce506dcb994b10497e6816,826288161.3734947
6dbfb281abaa9a6956c080d7,329479513.9861888
af67a68803a18663e4b03eb1,509719428.6803182
a9c212f77a048ddc33ecebba,403093053.16133076
df89fa06e32e90b0b6c2014e,510688976.57106376
f20a7f264a8285a75dacdc1d,741977014.8333572
61a363a73f3c93aa1775c4ff,845626494.765154
d8c1f7303b205fbaba2890b9,388823523.8730027
70962daad7cd15ee8af564fa,640382669.7097728
087caf4bce7b0a3fe3c47dc6,388823523.8730027
5d2200b04fde91f830478aa4,388823523.8730027
821eabfeef3dcc622fbcbfc4,374135444.0459196
3d722d960b860b4bee79ae2f,573440944.130321
4d3d887d2236c2f897f3bbd4,558630213.1466297
7fcbcd9e274b75a157cf5d5e,610816379.593823
88ea2d2d7cb6d641df3ad76d,917726313.7366867
c06088db17767866b7f4ba7d,1013618456.7117302
e4a9626b1107b9397d0067aa,539181015.3456926
82abb1fb693f34877bf1327e,1063014464.850209
3279efb86571efde18eeebef,401943974.7999808
afca7b219d52b22522abd00c,544191671.5588905
7712f963ee37e91abb7342e7,544191671.5588905
2a2f455525c8e0bd709db91a,637281131.7120421
833ded72a8cc9c0d606a7a74,637281131.7120421
f3bf0be37be6292ba0a8736b,637281131.7120421
c06c8b6425e3a7c2d7481e42,387289157.96152127
27d4f17375f76219b446c092,387289157.96152127
9b7de95ec90da0dc8cff7011,431720779.08235973
8fdc9f203c3de5d486de7ba0,431720779.08235973
ebf2d540aff82f1aadf95f9b,457501955.2153912
51c48d17e774d6cd84f4c355,457501955.2153912
5c1d1ee26cbde5b766cb4ca1,422601786.60863495
2d26b8360f1da9a677670fcd,422601786.60863495
ce1b06502cb0c5d9846cff9a,422601786.60863495
3186cd0a3125adf3b25587aa,615598702.85718
f839de5370a225ff993f5b2e,615598702.85718
2900dcf3f944a7fcb33aff36,615598702.85718
3f54091296f773f5a1bb240b,637281131.7120421
499f6f4997474415f0bd596f,637281131.7120421
110539d2ac34e5180e3fd95b,1046366792.5556724
dccbc668caff517f649cadbb,803327945.851323
823c9c7abf2d00140766a2bb,1114833946.8802824
94af5eccfe170cbe7d428184,611420096.9774246
dd21457e18f07d7a927c0104,385003788.1547271
5219cb469fff40cd9606bad9,401993487.93307537
5a83bd697db5076016c0671e,468287219.4047491
2a1edfd6cf74573521ed74a1,468287219.4047491
40aad45bb7a980c9c5e1884e,586629442.7805728
a315b497dd8e80464bf0480b,571233370.9647332
7095d576a0b963eb340d8fdf,483833496.6517675
9d6288cfead77d622f5f5b95,896949906.9958327
4caf356c110a50c6c94f3eab,651967392.5305971
23101b0002252f3d4b3e1d5e,993445281.9552335
8d1f7b0cfde7e496e7bfe972,458956473.72254163
28e572584fea1555e2a517ed,651967392.5305971
6666ab486afcbc162fb560c6,993445281.9552335
b0978c973ec3291e950185c1,993445281.9552335
d6cfd3ddca2a59f0b6999d77,458956473.72254163
a77f5c03a98636d90f50e11a,993445281.9552335
e6387696767d20cfa4918ca9,458956473.72254163
1dc0fe5bcea9d08874871326,447900158.2957088
ccdf0abddccb1a670f31c2f2,616342812.6289775
3ba769d65f02217656e0f5b5,586629442.7805728
628b3b56449724e7d945351b,651967392.5305971
b47713520859d58efa95bb06,651967392.5305971
e6c6625db90e519f9dcf1b23,458956473.72254163
3e1a1b2a518d3ca2fe3950b4,458956473.72254163
24849579dc9ba7fef1b24396,483833496.6517675
6103571d9525ded3c09668c6,447900158.2957088
a678e89692df9b14da9f19b2,483833496.6517675
47bed52dee0d311ae0016b08,651967392.5305971
36c0d26b83e575a500a6c30c,483833496.6517675
34447730b60ad12f4775894d,993445281.9552335
aec1778ae3b5e60cac280b79,586629442.7805728
d95f38f5d1293c74ac52e823,993445281.9552335
5dedb7b64b6ad0b514de2bfb,651967392.5305971
60c71a98253b5550d773a529,458956473.72254163
099ee1a7c91105ef46b5e7e8,586629442.7805728
b56533bb19eefcb244e69470,993445281.9552335
62f46b8989bee43db86ff589,379086784.0358212
4d485ae48974213b1594c905,993445281.9552335
c627c6287efaeb6fd9049312,447900158.2957088
976945e68af6a66f6fb0850d,483833496.6517675
93e443a5b3864d52765e6484,993445281.9552335
6ef9ce7a53ba3bd892e21f1b,483833496.6517675
6f3041147f930cd6cd4fae05,447900158.2957088
3917b95a3d05a5e58c117f68,385003788.1547271
d61ccfd4239026feb484cc93,401993487.93307537
b443781523fa0b5be4ad7739,571233370.9647332
6f0fcd78c473e4e04fd411c8,571233370.9647332
7f134c92e20aa9c6f084edc1,468287219.4047491
75075631f0fd84fb0ff49417,651967392.5305971
eae4243c274735d616c6b9bb,1204901480.093422
25d233d2779009affadf5e91,651967392.5305971
1990717d8c7aa8e732bb1165,993445281.9552335
71b99de83d83dd970b00f07f,1204901480.093422
243ab5db6e47f3536d04d312,993445281.9552335
61cb98125f43429f7f93c898,791384621.6951038
6ed772640e5a311cbfd17c31,417298214.75058615
d9f0b4c92bdc9476f50638ed,401983787.66153
796eb5ae3ca5b63c9fbb240a,773967528.813136
e6f3eee9f5048005f24f0943,802426349.7241578
291ff191bb029742387a72a3,631379267.5707473
829bde7f8716daf76f65ffab,637281131.7120421
110a2f124bad0f9381edce7d,845230537.215727
76b719681617ff7f28d33df3,637281131.7120421
eaa6d58e226904e9993b3493,544191671.5588905
af3e3a83257eb507b96b2a1f,637281131.7120421
43969367322e86c68b51c2fa,401943974.7999808
50fe589dea73e764b7735938,387289157.96152127
13c9960a03a1c446aa5515cd,457501955.2153912
e7834f52ebad3d3cd00d069b,422601786.60863495
fae37ecd6046e53ea121b1c6,422601786.60863495
8a0d2f8860a90322d6c3b61f,457501955.2153912
008c7a02d158f3b17ee8e015,431720779.08235973
3ea6e8da2cb0bf83872dfd8c,431720779.08235973
9b184e58842bcb14dd42103b,457501955.2153912
43eeb2567c61bfbb059fcd4e,422601786.60863495
ac7f6087e19c2d3502368fac,431720779.08235973
73494d52196ef9838b1be34a,615598702.85718
112d996c4c0662bd13af3ea0,615598702.85718
8c3a02c9ca043cf0f322ba84,615598702.85718
a757ba01a02acbdee50462b6,615598702.85718
64e3401f22d18b573ff0504a,615598702.85718
acd7394afcee30e084844c63,637281131.7120421
35255f80583ffbd504250554,615598702.85718
370a0d0da794efd58cab251d,615598702.85718
cdb5f8327360c750469cee74,637281131.7120421
dbffe8f46b3d9da2e57c97fc,615598702.85718
25b1ada57fd1e5c88d939c71,615598702.85718
05f79195e285c126125d258c,615598702.85718
62c017eac96743cfbb61e86b,637281131.7120421
3ca7f183cc0b303e5d455309,803327945.851323
a3dbd504524f980ac5325150,1023340373.2474949
5703df84eef7ca9bec5bde45,803327945.851323
513aa9c91c245ee4be31507c,1046366792.5556724
d41d07d1aa700278cb81ff30,623936608.0800514
207e39d9cc4402edd48864d5,515583100.447286
7134b03f54b10f282ac34fcd,963082343.4267806
6d860c215908949c4ba1c536,412739520.9929858
f35f884365b1bf6fb303d7b5,412739520.9929858
4f480aae78aa068901ee9468,412739520.9929858
39a12600317b58457f68b5b8,412739520.9929858
5f0c7a6b4f46203648a0bacc,412739520.9929858
d01f6c0b2b338289e9fe3768,412739520.9929858
613ad83abcebf6598f0079ab,522863935.034046
effc32659ff9bf30faffb3db,522863935.034046
73fbb3e6b22b957ba6b7557c,522863935.034046
6c8c5e22025ca4f450a428c3,522863935.034046
d6e333e793f75c2ab34fb127,522863935.034046
b82e52830b51e823ac7187fe,522863935.034046
35ed4187f732a1ea68dce712,522863935.034046
0c5067ff99e15fcf99792cbf,522863935.034046
0ad01fb039a198262ec59b72,522863935.034046
906014f0ee3f3f4f0576d4da,522863935.034046
13477d8ef90576ca84258984,522863935.034046
3083a7ab1deb092f7aca6a54,522863935.034046
a92ae34df90cbf8af7695ed0,637149488.7407563
82d22ca21e31222068e1ecba,649078874.6585052
11727589f7c66554e9114407,649078874.6585052
9982169d6f3e9ca61dacfed5,649078874.6585052
2de0ad9bf15232d6056285fe,649078874.6585052
eb6e6060b78676d13d6bda48,649078874.6585052
6f37300b1fefaaf746f53907,649078874.6585052
7698775967b96e3e7bf66e6c,649078874.6585052
863e5cf88a808b8ca96907ff,649078874.6585052
77b5c9a5f534a5b80cc16d09,649078874.6585052
ade0c9cf1f9106e342c69bd1,649078874.6585052
6fb45859693c703fd9c812c8,649078874.6585052
45badd183bb1a4c630174f3a,649078874.6585052
f66bad2cd4b09ac29f540f63,649078874.6585052
fa3017d74586eb4c3b5b7db9,637149488.7407563
f09bb33b65b5ebb8fffc3a21,649078874.6585052
600dc823c42aa64f60fc3ab9,649078874.6585052
c1d9119fa7ae7d44362f18ce,649078874.6585052
a1305fd943ae63715529209e,649078874.6585052
8d81b4681ad0055c274e7da4,649078874.6585052
cbb10e7618b1385cf922e815,649078874.6585052
b09111ea69c4be8ae120ddc3,649078874.6585052
099f07f9ec4ff6d835337f86,649078874.6585052
c70f6bd5ca138bacfdf8b5cf,649078874.6585052
a6c86ab7381f6c43fdd61a01,649078874.6585052
58c2b87098ad454b1fadb13a,649078874.6585052
6afff7782d129021eebee968,649078874.6585052
ad92f3ea52673dee0a56902a,780276184.255425
3e040e87b89a043564f0d0a2,780276184.255425
49d020d2056717c2108b0927,780276184.255425
a4ca465294c114b1065bfead,780276184.255425
ca9520c7b8432b0521b2e8dc,360879600.99683523
4d20f253940a4492b4f6a9f0,360879600.99683523
09b61cf8ff3ff09ac892d073,360879600.99683523
86e81141e429bd81d7f0e73d,320431100.41339463
b9826d7a6132b16df1bf58e1,420668149.5103957
a90c60e05e29b77963a11246,420668149.5103957
6e9984a3c3daf63fce5cd3d6,463316704.75684386
a9eafeeab4ba51d3644f4052,463316704.75684386
f74eed3a7dad1bd8d92854d0,620415570.0499989
5b377636fe30946fff973f3d,620415570.0499989
5bf6c1862c0bc967da2cc484,937134173.5641311
cd5111edd2fe80f56db29531,649078874.6585052
c76c4695ed005277a59451f4,649078874.6585052
7dab6cd1002a8521e5825bcc,649078874.6585052
5b57258272dfd1babb29e7fb,649078874.6585052
f68b7dfd0579838324895097,649078874.6585052
812646c7de863919cae5edff,649078874.6585052
0da10eb6093728074b34fb75,649078874.6585052
c64346c8b0ba32a55292e66a,1297306167.0776458
ad6317cbcbb8bc27b0774fca,1185325084.2039673
9f43c80d2fa31a09592b030b,939320820.1960077
5b84f5de073000ad4d4b1a04,1319517040.5670197
d94d18cbc812d560c1e38ffb,1141841482.3812752
ab3110b5dc8ce81471f69c16,1066376971.0008852
138a1990291ba31024455eb3,1066376971.0008852
646bb3de5a1cfe4bfb7a7ea7,1284433677.5268633
d8fde541f142e6a7f0b28099,537128516.9088112
ef61986cca74fe8585b1b287,474064571.0578114
e1d8eacecd35515eb19f9135,1174801445.3219237
8346d64ed6211083fd420ede,515583100.447286
4340fcb9c80733260565c24b,618115272.5255177
ff5a27ffe7de039e65170f9e,618115272.5255177
ce407c1e25333d7c7eba1b0a,618115272.5255177
f927027bc766ae6c111fb685,317302278.8650876
3f9a3edf25152433969f98e9,463258808.97537005
987476ca395533347581b2df,452470384.4647797
17d0e3208fdf10c77e95bdf4,521644815.80728203
b485036419de03f5bad01f35,623666847.3445363
d3f7847147c88352bd3b9707,618115272.5255177
aabaec5accad3f545f864a3d,618115272.5255177
400a103762ad652e81c8d3c6,767233497.5037802
acf15357c1a919b6ee78f676,1000921312.0872879
8d983b9ca65f19ff3d69985f,988637858.3991492
b9a80a4d84eb918792324dcd,385092424.82307976
223b3c04803ae7b855f9fd10,696729966.0051054
e5c8f2d536c3f931eff2d70c,512486472.19419515
f976ec33e004b2d4d32c2eb2,385092424.82307976
cb00e44cea76a92e9c44e793,385092424.82307976
0e6dcbf136294f2a99410052,385092424.82307976
102de0a5ee4f19454b922b96,696729966.0051054
cb1c8ab11838d9f0a1197e25,696729966.0051054
2e2f1072d8db7372b2c2419d,385092424.82307976
8c4cc779f5034e9c10b2e698,349693659.6846575
85734fd69714897264ce2214,412095908.2806741
5694c1f689779fb5ca95686f,642573336.8885939
f3bb60434cb36fcdfe218478,596519243.7814034
cf8bbd3528d3e7e2b8f50c29,761396740.3123043
7db1c8214f229d865da455cc,696729966.0051054
f3478cf008a7ad268a434ba3,544191671.5588905
5440ee15bccc4eaf827fefa8,637281131.7120421
78e85ca7c532a77700bfae6d,637281131.7120421
eb5e382e1372c4e94f467673,637281131.7120421
5a11cc89d3b01eb87535ff1b,637281131.7120421
d0f5cebc2059ca89aae30c76,431720779.08235973
883371e374936fdd74d09fe8,431720779.08235973
9ab4e5f8cf2b807603329cdd,431720779.08235973
c37c7859956931d77cd5c9a8,431720779.08235973
730804efcdd755786bf734ff,357468567.7398696
9d021f3fcbe5f82fa1c1fd94,562695162.1327215
975ea2f56001edae07f28fca,365872845.3507613
8fea95d0a70b1ea918803f58,457501955.2153912
4718488d664194a3c0c5b446,457501955.2153912
1b87ffa033dcbf4e2805dbb8,457501955.2153912
1a77ac51e03c77ad280be447,457501955.2153912
228d165257ef052ad50433c7,457501955.2153912
513a83ac5bfe27c5b813ce4d,457501955.2153912
73bde441e18a9548c034372d,911011498.4513767
26301269301b6f96862af599,422601786.60863495
7b30dbf2f6d835ea0c14b392,422601786.60863495
254de3f3fc52b8cb62141baa,422601786.60863495
f566603aacc78da47a283804,422601786.60863495
990c8d65ca11a97a1d34c5e5,422601786.60863495
a9878134c12696d8199a1ff3,522023708.83594066
58185ef7646efa724e904f5b,510802960.4806264
37d5b8f329ed1ec29d4bc035,395253434.25935936
e6f948282e81570fd03e4df2,615598702.85718
8b801b4cc1d254d0277fba5f,615598702.85718
33a334a16c4547b9d7842c3d,615598702.85718
1ad9e105d9da875001111075,828718071.2023288
08ad96681afa49c74721daad,615598702.85718
beb73d27906bea7a7d880791,631379267.5707473
bda5b2e5a87a4905a30f3b8a,637281131.7120421
5cf70a67ec25288657d6fff4,637281131.7120421
baeb4e9d612bffb63ae3564a,637281131.7120421
1902f509aa05287ba42f546c,637281131.7120421
c0cf9517f20ae81c79ceb0ed,637281131.7120421
2ca8b22013c529b412ad764b,637281131.7120421
b38816ece917027a179663d4,986667073.9102454
c89167e42af0d42c88e8573a,738250253.4563743
09254c66d93cbbf2675b775e,703922936.1460307
89f8ccb0c1e2136adf87a10e,1023340373.2474949
cff851746578050bdfd46090,1046366792.5556724
d53ddfac67129aebbe054024,1046366792.5556724
53b5ffa0cf0dd12e4eeb6a2a,1046366792.5556724
62db5fd2a4eb831d281ba8ba,1046366792.5556724
59b5fe8d4f5ae272dbaa5ba0,1046366792.5556724
3c1b7a0a306e16e8c22d78c9,1046366792.5556724
5219c3cae1c92b52551a8571,1046366792.5556724
de6aef9a5e47a614b75ee576,1038527276.2045792
d168181ef0dcb853171cdbb4,1272003901.0766275
6c8e27967ec63e6dec4bd6ac,914020466.1789117
8544bc14286a51e60ffee7b0,1227212154.2472525
ed48916725be6970cd2f273a,388976761.09152997
9ff3268cd15cf039ab958413,388976761.09152997
16cc5c280124618cd5d00027,388976761.09152997
ac028c1580f6e4da4ccedf0c,388976761.09152997
673f2b913006ee8b33e75b5e,515583100.447286
191f96722301456877893b22,515583100.447286
a7d8e636db44cf5d3ceb67cd,618115272.5255177
1310e9cafc0b9fc21c212f73,618115272.5255177
1bbbe4e1eb264f5c69467e50,325766211.170455
283c1142d027be336a7bfacd,338787533.511666
4d09c2354c67243c968dbbcb,443021575.6684577
db3edc43e89840a65749cd94,483390224.8854288
0274166db611aabe4e946a83,414572708.736355
8153b36347669087e363801f,452470384.4647797
e04473aa943812de1d662058,666289205.700763
7742e8923a4b832e3d94f3c7,594992767.000995
536b5a8aea016aaa90fe744a,618115272.5255177
d2c02052de9c97c531a4453f,515583100.447286
48378a6148532f71abcc2f98,618115272.5255177
fb0dbfeedbab00cdc7eb93ee,618115272.5255177
699412bfdab1157487c81725,618115272.5255177
a63c26369cfbabfc9c2603b6,704005561.2381788
34e5602cb58501859e32dc9f,744298934.3977183
da83b03a6c9d405f55714b0c,963082343.4267806
d938d682332fa9e5c4986024,500418023.73639125
e9e39766e2c96bc783d580a9,1306980762.741606
fce89a9ffaba32f9f7c5895d,1199862263.363012
2d6aaefe0f50db8acde6fd1b,1266238669.0295005
1710873f951e7f695fca3568,416046703.648576
0ce068461fb3bf34eee000bc,473264721.42629707
b5606ddf3a4e60e2a0e0d6a8,715993558.4894425
2c2e56e3e5210c111c7de708,427473912.0149096
94118bd8c3da3f14f9c7836f,390135184.3372932
d20a5b3eb857e1f4b548066e,613417548.2050829
ad37e23456bd4d90010f7784,613417548.2050829
c5602c608080e2546dea5463,613417548.2050829
e3bd8bd5884a55fc1a151687,447895341.49792343
aa31e5995379bc38dd40b8f3,613417548.2050829
fe8a10fb4031669a9b21c919,970866183.2677728
08eaca41f26eb387b67bf30d,1025683335.88543
23ef4d57d130e4130205f30d,988238397.3857251
d6f1594affb8db7a865e3452,402541965.1992673
abd9cf3c36309d590e58c2a7,501557633.3395313
1c177af5bb41e26ac0135b4a,501557633.3395313
a05da8df13eb4b121d536912,463284554.3773356
5a5a581ad5540fc82cd3c2ed,562981863.8656927
b50ff8bfc0b4c4b165c5ccf7,569851176.2196536
2abbf26e80643dfc1b75edcb,659385637.5795683
ec903c33a379d8d2cc04ab36,592777209.9653114
c062d873af3b7cb98ccbeec9,839355378.7580932
927de0269795dbe0566a0326,613417548.2050829
ee703dca75c4dfd5d035c9a1,416046703.648576
b8a42b02c50438c2ad7598a1,394838325.8139589
f7216fd19f41ca5ea66a9169,394838325.8139589
f487761a658a4247563faa38,420110441.1444258
caf878b42daeee3c7de336e9,522863935.034046
29d0dd2d4b120dd54c34b13c,522863935.034046
1cfc7d60ce613536d23b093d,780276184.255425
c6c7409bbf52c86461aa1dd7,649078874.6585052
312ef52e0250429a5ecb3b27,780276184.255425
48299e52748ecff3b69f7a90,522863935.034046
a02f6ef1f148659297d46b33,464049149.27480847
67f664c8f9250a22c10b4f67,586549462.1373513
4977af03eebca1aa266289e2,464049149.27480847
39af71aaea23b5c1e987de32,430537070.5833318
d69b019e6d54faa1cb044d39,768957636.9349451
024e94e72ae88464621539eb,490102758.2440694
b980c778ecb2709696265c10,1329634581.743622
8780134f8b40f0fec4d1b661,1135353052.4354045
107f29b67164ad6861cb7059,859197786.9738779
c8958d280d0cf2d8a0b481f3,444212984.04008895
1f8f74ce8831d5532f330925,599251705.1608856
7be46b6dd9891ab771fc4be4,486372867.03792864
4f4f7d2b14079ddf8754d6ad,599251705.1608856
5921ce922675f6517f8f0007,1194942705.3870091
49f0323d28ef0610248c87c0,725757978.2772803
3ef167ca6c4ac77f6968d17d,599251705.1608856
8d2f9968ec8aece8d1a20137,516942789.47094595
4bad47078442f3416b2c1ff4,516942789.47094595
5e1cc2905f7a701f895123d8,616660664.2336209
a8633d3336d097920bc8a9b3,646261404.8695462
72fe83366bf13a53937b7034,602099355.6463864
ce78e1dbbf0f7aee98e244df,602099355.6463864
11be39d287e5a8bdbecb5994,602099355.6463864
40a561bf79fa7a08155e1183,618342218.954564
3dbafa8cd5225e261ec9b6ef,369639396.8682001
68cd88b657b59f5671f59e04,428141030.67656827
6a2ce95a8be0654f193592e5,433201648.77290535
4e613cde51f9760d3c051562,602099355.6463864
1b69d2c7fa8f802c4af1369b,646261404.8695462
f126c4b36c00d0ca11c21a2d,431520621.47758
e6a7e6b41e6c6bbdc16e1e14,646261404.8695462
5a69ebde2e113923ddbcd18d,646261404.8695462
72f0540aab38ebaaf9a389f6,407574664.03203607
75b5bb7b5ff8ebcc863fbdcc,646261404.8695462
096912698fd9a59d94935478,602099355.6463864
f0ad965090221d2349e90d5c,602099355.6463864
1c224347a1445ae01184e0a2,1272110793.7935617
0ee7273686a0a92fbf48a383,955811000.1275914
e2094d28cacad3e2a711c5ca,352293242.7101586
f50e0ea2c3831235704b8c72,384801218.2187012
1e64759f297a66524eb07b7e,482104809.4353718
7636a187e29abcbd8fad6244,424517702.931178
9b858a70a031475e422e375f,602099355.6463864
56c2e8e14f9c6c9a9f046a08,433201648.77290535
1bd7b990be19afa5acc78bc0,602099355.6463864
8b36b7364e4a4c80a6e50bed,778488849.6497039
d348d38769937c8f350297bb,778530994.3085673
f4350916cbddd5a544c6ae46,409244676.89678633
237bce11f35d32ff029498a3,516942789.47094595
faf92fbca9baf8cce4a00063,516942789.47094595
812c9b5407424f956d308b06,616660664.2336209
9fd4adb5c63fba5a11661b23,616660664.2336209
168f81689afa1f055d8bf7c8,616660664.2336209
2a9bbffb1b98c49d79bae509,616660664.2336209
b95ecad591e5c69fdad8763d,369459170.7641646
dc51caa89a74da37ae644ff8,369459170.7641646
d97895a836e6ea22ff3265d8,403637566.5265278
de754bceba2d206a9cb4f116,403637566.5265278
036177aff84b1901e0f18759,403637566.5265278
8a6cb559a488d6ce1b641585,486372867.03792864
74c4f233c7f385be73168e0f,486372867.03792864
27a6f3e8f9649ccce7680f0a,486372867.03792864
711045fc099712aae3fe4d14,486372867.03792864
01e033f5bd502c4ad398ece7,486372867.03792864
a99261116e0158109b3e3bc3,486372867.03792864
2d8d64261ba659302da4a481,444212984.04008895
9adaadeeaf6a403e1c8754bf,599251705.1608856
2ab24b9c5349427998338d21,599251705.1608856
09ce36a03c52d6721bc5276b,599251705.1608856
80b37d5ebdb325edef39258f,616660664.2336209
78a080fc98669c0cd9153904,616660664.2336209
2d14ad8ab9573c406e203ed4,616660664.2336209
145f33a8350a080231306bd1,616660664.2336209
b0aaae3a435fde30c4c02fac,1028092485.8779112
b3f5af523b5d6d938693ebfe,1028092485.8779112
25d62e6b1a1a52cd8080354f,868766219.5016308
5a06a8b33611251b62d77e72,868766219.5016308
e93a9b257ecd815c860d0b82,603739903.1831852
610f192d22864016cc2df1c9,512486472.19419515
4e665d479b3bf2e25cd463a2,696729966.0051054
343be18b0f77260f32ec05d2,512486472.19419515
33dbec39ef8c0667e4c3f039,696729966.0051054
b24fb90a2aa5d9d0c7e1541b,943870508.3744384
b56a3a017449fc4ce417009e,333017135.81473464
e0dd5e6879d824a95c3c1773,412095908.2806741
156a20e2bf9e48b9a360f9c4,393528933.1527339
d5583fa23ed97a3b9413e910,712920224.5235534
4e6f695bcd4d3c0d8497c1fd,1144169136.3527215
da7a511a5f470d99ab2bc4a6,640382669.7097728
22a6058ffe790c98a8922258,826288161.3734947
0c19c54de06d1c139df99ab0,640382669.7097728
48e687093fb26d29cda9ad6e,365778728.87106377
3ad3c519ced4b63ddbfdb0a1,373059235.0257999
0b221ebf810f632568c1e2c9,640382669.7097728
7930f32456e796e40fbf78ed,668748030.3402741
f084bfc530f4039f6631537b,809259617.0349648
f9793063f561dc76c0b49a9d,889681720.1135553
4d2ec23fff8eb502a9d93353,830081196.1690227
a6f570e11883e74654898d75,1031648141.3576335
cdf11b53a23fcf9b6032cc8d,1130477840.7095766
6f968f62a6fa4dc255397bf7,696729966.0051054
d692ba46b098c6658799ea8f,385092424.82307976
774a4b48d34052a978b1180f,512486472.19419515
acea4c7aa1185baaf6d3b60f,696729966.0051054
07ce6f95a7719abc9a204b6d,696729966.0051054
b371665aece480b8c1602773,696729966.0051054
5edc37d9746cbef8352f0fa4,512486472.19419515
26617e1fb3b4f0e4a70e1b0e,518027581.49939144
b1a13541b37964b8b85f4669,374324530.8466184
94213637892f5fe643cbe8ca,358468652.37850034
742acc26686d04596ba60a34,393528933.1527339
acb1d16ce30aee0a39f01f09,541954892.8973192
e0d837e6d5d74fe91d39d23c,625146098.9528089
29028322a6d692edc5ca713f,937034451.9967177
03d54a6e80d48c96a7f6a1fa,612645702.5311009
8616b310e335f539ab1109dc,825646027.144461
6c21f6a3513869f93b32e9ec,1083462350.7231066
10084cfff54a17bcda6f19d3,618115272.5255177
169c742419c0d4335d09fb45,618115272.5255177
0f06896d7502890175cbc4a0,618115272.5255177
7d2e3464d5f2f79ac29e6c0c,388976761.09152997
de9053a55630670ee8e59c9d,783695839.6077846
8d54b9bd24cd9da341cc942a,515583100.447286
95570bee1792641c7c12e4ef,767233497.5037802
6d0c5546a498fafba15f2e17,515583100.447286
ed43b0ac46067bf886457c01,618115272.5255177
8890eca19a9e1cdc9e0f0541,618115272.5255177
760a5dbccf4eb4ccc2622b77,402397180.7346207
20fe2d7fb3910ef786cff965,463258808.97537005
602abdc140c40112afc1dc98,402397180.7346207
b7f906741cae6861bd5fb922,402397180.7346207
4d45fbe5a5d39188b5eccbfe,452470384.4647797
08f74ad7f06f2c409903ddf9,625021600.4760157
7be186f4eeff5c0efd58e424,402397180.7346207
3d1a767dc286fe1cb86ed9f6,452470384.4647797
2ec9f5265334241fc594976f,789667085.8170779
d737b8b7b39e99f7d877b7ed,521644815.80728203
8fc50169e6ec98a3f4229ffd,618115272.5255177
942133ad6b84f9d08e1d4e7d,618115272.5255177
c965b03014d21473b27072f8,618115272.5255177
f1c8da86597a427e24dcd557,521644815.80728203
8ed5e7770d03c43ed19abf42,618115272.5255177
68ea36e3f441cb6da8d36198,1066625240.3744049
c97715bec6032974060480d6,618115272.5255177
e6eb47d050702ed49ef5c49f,618115272.5255177
5a82fa348f3b97e74cdd3a61,571579886.3511537
cd05166ab9bf3128c23fb8c7,618115272.5255177
cbe4318f63d73fea6238079b,963082343.4267806
efcc8d268982e95fe2fdb311,1313030420.9877505
c45d7f326a2f279760d1a4ae,885861045.7521979
7c5ce0e65cb26773edc9ddef,963082343.4267806
357fda0abf79ec95f73e3584,359071061.3829839
a1e8f0c7cfbfecfd1549b0b5,386778124.85422486
3f208f32cc24d8ce1506ed90,510688976.57106376
87ca8a2b3251a38d45730f5c,447438049.7301912
728961e03bfa6e3242f06d8a,510688976.57106376
b9f9dd0d368df912e6e0ce70,925583704.7785069
429b049255a7edf227a980a1,537128516.9088112
a6259664a05091ef92129c7c,537128516.9088112
674c915c52b27df2c06b8bd3,537128516.9088112
f8be64dc83c5923983fbb770,537128516.9088112
445fa7f5e8e9d7f12e8991d4,814988049.1773854
0842816a5ef4f24435c8df22,806107217.4095947
40558b62d83e4362efe1fe26,328925643.1432008
bc474096496b98177e40f590,581496866.7843311
2b55989b2253416428ece917,581496866.7843311
7158e3a6d456211d4533e246,473136487.59071434
d4fac54e137f5d27ce5f457a,634579341.6734493
faee80ca0efce20e731823bb,763736528.2143948
8ec09555f5a47f96a8683699,832271733.6438789
2d7a48a6b9fff20ded24f86d,416046703.648576
514b09016ef85b9ddc4fafb2,620350627.72425
a1c975ab16effc6f97935e16,620350627.72425
e803e3806630c6579f004610,620350627.72425
26526235b34fa5b7349df00a,398382752.15804416
ba762cf12cc038e5c43bc6f5,546181593.497071
45aa335dae223bccb31ff7cc,612261890.0700282
1dd3d7e197075859c1ff5b23,620350627.72425
2db9b3463f85dfa87347d6e3,620350627.72425
f72cc14d79ce15491a96ddfe,909509008.6009169
4e25bad08182b79f5ba9639b,1088414689.2525303
e724a1db86d8d0c6334041b6,391249917.3160907
8fa53bd51f5d54be50b3fa29,400244437.93076414
fb7048ba61e9e6b1de829bdf,515410417.2158056
4bf70f19da0bddec9241d310,328598948.0512822
13c7f3592bd432c7cd0a42ab,614619363.8761746
cb64b363295d36b9b0fde3cc,611420096.9774246
bdc17ea3f30318b11df30508,611420096.9774246
cb7f62ac4c1afbb4256601f0,611420096.9774246
5d6c275d9d3326e738c875c8,731764969.6121385
9865836c04a9582688f50496,482104809.4353718
55a615b65a28b64d46ec63e4,482104809.4353718
dcc9e2c9c1151bd9f93f44b8,602099355.6463864
1a2c0e46bc18bf3224450064,602099355.6463864
3de8187003cbf6c4813bee45,385003788.1547271
d62663a447beaec69808f85a,401993487.93307537
1ae17f134221d5d9ee69ebd9,571233370.9647332
35e55d060b1c4239a85c0ebb,468287219.4047491
45917f1bac415feac7e41124,468287219.4047491
ed44705c17c414af8442b6ae,651967392.5305971
6f01f2c67343ebb8ec717a5b,651967392.5305971
8f2218126da9580268661c70,651967392.5305971
5b36bc6e78872d2ca6d3d1f9,651967392.5305971
c5c7631ddb5b485d0e992f7b,651967392.5305971
43c88f1874dc7f91c899df36,884947246.7907697
dc544c90e6ee38346a6002bd,634029507.3757023
02990998f3621fc5a3d0ee63,417298214.75058615
dbab5ea45ae910567c97fbb0,565935397.1071346
bbf80c409ab3a6784028eb6f,417298214.75058615
40e56beaf4a7f28f8108b132,417298214.75058615
e857db57a89e165eade00770,565935397.1071346
41fc4ca2b3f48508d840bbb1,565935397.1071346
08c1db1e620e975c4d476b2c,417298214.75058615
8a1d93bbc83f4728657317d1,565935397.1071346
6be0ddd4180b5eb92908da05,438614805.3766406
ff1498465e4db86f4f652e87,441666138.1762329
6410d336f6e61c4a81403c61,438614805.3766406
169cdb07bd175b4325fd28fb,447548905.5657618
546b56fbf616a6dfd1ad9d88,567303945.8326263
666af58bb684c2d8e7574e86,651489888.5521466
9fe75dbfd537f9ebc6653f18,567303945.8326263
ef961c130fa3b9015b103154,882591574.7999446
035ea0f13f2ca01c902d5388,696729966.0051054
7800f742ee14c4b4142f8b58,512486472.19419515
0c621256c4d7ca81045fcde2,512486472.19419515
50db9d168354ea3d75a03a6f,512486472.19419515
7bcd1fe7a140b6eeb4df2aae,512486472.19419515
49a4cebdb22fc2d72bd1aa78,385092424.82307976
69ae1f2868fe714ad8e2f114,328977266.68908066
ca4f4a66d83f2043a7dca261,378367372.68952566
c0ef32a7a294e5891505bf35,378367372.68952566
5ad6f4091b77715b7f74587c,765553628.1648409
331e915e2a66fb70380282d6,537128516.9088112
3a00543fb00cbc044a5b3527,410289778.95047784
81df59c6d8be19568d16ea3e,323167910.6573803
88a4da0d72977b0c56b31061,394838325.8139589
3ff9e75c6de41de517d1c4a4,350809783.65017605
147f80fbae69dd577ff19950,860122874.9169589
78beee9b7fab8600d420fd27,459222423.0440472
c3733b88ebafc0a05f5bdc99,427473912.0149096
568509a7aba60f8fe2d0cd5a,650667258.0273658
f6d3f7e963c9aa1783b3adab,755125194.0624102
ffcf6794a400aba909383b41,820006940.6903291
fa0aa00078cc178de0cc7d96,613417548.2050829
eec51f949083f39691e37e15,868671752.9357961
26f3d5bc3adcd1396747a414,701830823.5553268
cb9e058f82b10cf80990beea,696729966.0051054
22a0f3315f7600e5120db131,385092424.82307976
bf6845aac15fde9b89a7208b,512486472.19419515
6e3cbbbd3f4d0578144cf021,385092424.82307976
98a0289e513d5ba036b24252,340789616.3204595
597d3f78e2f413acabf825c0,417515084.5467174
43a91a731e86b9a0784f717d,597101723.8232975
f34ff57e272cd08056e6a243,748908554.5411754
6f68b289516faa0b7ef36a34,342815958.2484133
8bd8a7e19b6d3b8bcabb84d9,451420611.23878795
74b64bd536ebbcd7c30ef8fd,800879604.3314266
f968e756cbe6504fa0f32458,1142140151.7596889
e99d9dcb9880cbfd219b4297,610762731.6184424
4c9e6812520f4aea4ce435ae,841461557.5429323
78419be95416d2991ade8be1,385092424.82307976
d417ff438d2a418b1f9e50b6,814422879.6952444
3ac77ed776aa4630c7293240,582936006.0692974
95173735a8f6e554f083c065,1211953933.2490437
83da39bc1a2eeb75e2825c22,546921084.4298612
4bf89c9e50c5417ed669c481,626573345.9762669
f90fd39477c8da38e33ba0fb,504726794.1818415
b45bb2d0d137de6984d4e1ec,826288161.3734947
bb812343bd6cd66e9cf9a9ba,510688976.57106376
e299f614cd8ae525fc8fd0e6,640382669.7097728
521e9326a2003c7b56fc4365,1014797531.4242729
dd59ac4f6706a1399360bd14,792266879.4155656
d6c6e7f923ce2cffba8ff9df,800190879.0361725
df07a34d0ee2f78f115c45cb,817033831.4824991
db6061f876f890071f7ed957,817033831.4824991
b31601cf48b268f3b4107564,637281131.7120421
3a9b2ef74c59e96a6b107357,349644349.7452212
d600310e19c926cda14ac923,1198473341.698958
183f2cf1a1c7eb9700b6e72a,1340298142.461437
42556b1bae874a5c09777873,1122930042.6568427
57c1ed738536d177d66fc52c,1268683771.3553839
26cdd114566b7cc63cd96fb8,829578576.0505971
0f679cc583a47b30ea132bbb,590235377.1303796
32ea7e13e8d9391aa9b7ab9e,369672773.01317376
0a482968c7cdf212401d72b7,599950257.3768116
85e4ee2583c51592d68ef5d9,357324573.4094023
f4ce15aaa352d707b68cf773,799143713.4476293
7d383abbb6ac49c6599ffb0c,652334230.950729
6c67b1b0991a1d79251855c3,1114724807.8123283
9e52ce2cb6f6b7e2a152dd54,634242612.7613866
bdeed3a7395cdb9b175273a6,646256595.2648351
423ddbfe2f575e6bcb22e7b8,637281131.7120421
3247399a31df838ec5fe58c5,651225626.7289063
bd57e5cd29d935cb26006835,637281131.7120421
bf00f36c4dbb273d7ba4b7dd,431720779.08235973
48b9efef82faf72bcbdf66b2,615598702.85718
d2526a3e39ea01f87c99d073,615598702.85718
651d5cd65f80c4938deb7da4,412739520.9929858
0be7803a34b11d89133beaf4,412739520.9929858
a54b0b282edbd217e9509287,522863935.034046
550c5061428d09afa0c409f3,522863935.034046
7538c609fdd115c9dac551f4,649078874.6585052
d7e3cdd3ac239a5c318f2e9b,649078874.6585052
9bb193ea939c5308a738fcef,360879600.99683523
33425419e1a8e854418c5180,369764356.47656745
fedf2e30e390f5cf74b27e97,377165086.53292686
024c5c787d005adbe770b9bf,420668149.5103957
13f681a090b36edf38a4abd0,411570188.3476313
442c6bda79f63bae28674b1e,588515797.8345975
47e0c773f65485ab7c78d49f,544338600.3858527
9e30b310c820d0426f504d90,470072448.6098006
8cdfda9067e0934a8ebe0894,464049149.27480847
0a8aaa78f68d43e3b1bf6c51,464049149.27480847
1101f533fd18cae5d32c1cbe,464049149.27480847
9f6af9ac2404a8d55f24286b,464049149.27480847
75060f295e0aba8e1224f766,464049149.27480847
f0e68102ff84f49d90fe38f4,325447211.3814685
3c45bf3e3e31e7804ac91704,664054290.7862761
f908e1de4c4be0d77411a998,463316704.75684386
ca643c04044fabc6fc566d12,463316704.75684386
8aa76df8fea21a42fb6229ff,620415570.0499989
c214d2383936dafbe0652c51,620415570.0499989
993898470c6676ce46ede92d,620415570.0499989
18f6240cad6e92f9151099c5,692771370.6695638
1e63fac2629793fdcb793f1e,614443742.8159407
e0137390f0186c98f4e91263,940975796.6367749
e35f95823a486c52b0f4c2b6,433543191.0999364
ede10672118071a215ae09fc,649078874.6585052
fcf46edf6d612ff1f5ed6134,649078874.6585052
df4be33c0931aa86231b7a2e,649078874.6585052
53fdb16ec08e794dba9a10ea,649078874.6585052
74c24c5e142e5267456b24a7,649078874.6585052
f1bc08407f40396c094e0499,649078874.6585052
496ce19c015093e97144d375,649078874.6585052
a183a1c009abf7251fd725a1,982005816.2522918
6bdd97526b1a9cf10853df1b,1101015860.1255958
f083a8f187e2227696695ee1,599645227.829805
2621e068043a5019aeed6c8c,605011300.9567279
3b43e7acfab46651b099b1ed,822532513.1573275
6565b3281cc2d632febbb6dc,939320820.1960077
09e47ad8508e7cfee83c6d68,939320820.1960077
88b02e7b20ce6db956afcdd2,939320820.1960077
bfc41facefe9428865e4c29f,939320820.1960077
569bb17b961fbdadf7106d56,939320820.1960077
2314e3ffc7242a429e00207c,939320820.1960077
4bc1e2cf5e5ffcbe1020df08,1066982915.0692991
949c4a5382aff4750b4dff83,1414429734.5963316
a63b4a22614d334b4a61ea16,723316346.2309774
734fbae84cebd50aaf71c48d,1066376971.0008852
f92935374a7ef86314223c5b,500608054.8425895
6cc8e22f11d382206273af23,620350627.72425
701768887155444b77c4f446,358175292.9886587
13c86cdff4dd32a9f8b9adcf,620350627.72425
8002e2cd1b70ddcae88ebc4b,994107020.3202547
d0d77497c8a7d567f01d3afe,615598702.85718
95a7b01cd60cd10e7364a600,544191671.5588905
d1e38d7cbd32567c874e194b,544191671.5588905
e674ba41f9657ac8f30d4f7c,544191671.5588905
6bb760d54e5b0f54d9612a8a,420989582.3613312
9e3bbcdba89c647e4ce53182,447519900.3397644
72927abf4bcd53d6907aeeda,611420096.9774246
aebaae467e5f01db3afe69ff,434273184.83051294
3ad457c8855ab8921a7974c7,611420096.9774246
1f3d3fbcb686ada1a96e01e4,447519900.3397644
0775d831f68b88ca59eb871d,611420096.9774246
5fa3b0993cb43d3c72c30093,614619363.8761746
bef19d0084cfc9f6fa37ddd0,614619363.8761746
85a856b4d0dfb1fae861f513,614619363.8761746
07fa1ad76017843232107517,1045415808.8748589
4049086139009c35dfebb3ab,447519900.3397644
655120f80a39c19221623311,614619363.8761746
71dca93007d6ba45fa40eaad,614619363.8761746
9f41ce015f02d67e193c41f5,392933193.25578046
9017bd24d173b2fcf564b32b,955316061.5649863
e5ef29d41082025c42f7c921,447519900.3397644
5c60d7880850970facc54bb8,771646625.0679151
f51fce25d8376d48fbe73a43,391249917.3160907
9dc7b0a394309d8b76d0bb7c,611420096.9774246
a12ac99bf63b547fd9180a79,611420096.9774246
378d846a7af35e0c3efe53a9,611420096.9774246
0872198056be7edd5eff220c,611420096.9774246
efddad1eec775ce61d3b7b64,611420096.9774246
70c19d59c6b9e194b6bc09fe,599251705.1608856
b0d3d98076883f346cee8d04,616660664.2336209
c7694e92a97bb66794e62fbc,486372867.03792864
7b4fcc72822460a428c19282,1028092485.8779112
a6baf4631223d9b24de8b590,444212984.04008895
a6f616d63d134f14ced205d1,1028092485.8779112
50c123baa5783185ddbe29c6,599251705.1608856
24756921525595f1684929ba,516942789.47094595
caf9c761d21329c993a0bdf3,516942789.47094595
193d70ead1ff1043845e7671,516942789.47094595
62ea31859e01c2f4d4e97baa,516942789.47094595
272b5b5c28e46c6f5ad95c22,516942789.47094595
552ab0964056c1d1d1b7398c,616660664.2336209
23799891583435710f66303a,614619363.8761746
34896afec0b639648c527483,614619363.8761746
eaf53eeb911ecbae638409e5,392933193.25578046
b1fdade0fbf0470060fc2708,434273184.83051294
8a20478528e97700dcc84abb,452895362.3852154
702525f05b47353c95b0905e,515410417.2158056
b84c837c5a1fd0f1ebc5f8a6,515410417.2158056
ee2d16316e6f4f2388494c7f,611420096.9774246
ea4af07bef4ed93e81ded95c,611420096.9774246
1a71d0d3503f9eff28acef6f,826288161.3734947
1fe392004a09aeeaa6e8bce7,504726794.1818415
46d4b0cdc81137aa56f516df,640382669.7097728
4d666967b74ccdf5b04e9787,320611847.03813577
fcf79745f8cd716d3ff9d27b,430781830.18406427
aa8a19a2fd3e2cfeb3b7dbd9,510688976.57106376
f055602beb49dd6040641c9a,345287020.7196759
7b1377c8d81755bb9b501064,510688976.57106376
17d0418e4a439e9de8006f5f,647764062.4173498
48f1c6e343a4724ed865533b,640382669.7097728
353207faab3dcf10feaac8ee,1075818467.4507842
ff188e88378c8e2abed8119e,649078874.6585052
424b41f5e01ea2e2ccd3ca48,522863935.034046
608cf4f46a188cf84f853c72,522863935.034046
f9e7582dd99d36bfada56249,649078874.6585052
d52f04fb69bed41ffb10fce8,620415570.0499989
ea84b58f733c8e491db98a52,649078874.6585052
68699eb9653684fdd3fc79b0,620415570.0499989
31f52502e89beb1b2e0dc3d3,649078874.6585052
fd41747287a480d5c4dcb56d,939320820.1960077
b7afdbc1b57b52e6fb03accf,1141841482.3812752
48b270a493af4fa28dab9211,447519900.3397644
2a787b39e84958ca6b7001d0,611420096.9774246
e439c77c0d871996bf06bf88,614619363.8761746
91b8b9db5372a2c3a5c30c58,452895362.3852154
038272b33c075765464761e8,447519900.3397644
fe8e45caf7605fb91d6bc5f7,614619363.8761746
d354a2581dcb183c0cd70540,434273184.83051294
9421ce9f204f373a50357fce,391249917.3160907
56bd3b61805077405af098a9,391249917.3160907
0a606d19ae362a58922b172e,515410417.2158056
ededebb1a544fb3246d3e131,515410417.2158056
6b6c365359d20be719ce815a,515410417.2158056
b8b22c1afac62b05ad389dc5,515410417.2158056
3e3717eda8ec9a68c9d83027,515410417.2158056
03be8ec62dae56680beb2cf3,515410417.2158056
fe6c8cd2e792d62a4c324da5,515410417.2158056
f9c133f7a12f2b8c1b2beedc,515410417.2158056
4ec47b8100d224499ec608e8,611420096.9774246
143ca16847cc47d4a4c01ac0,452895362.3852154
22127243f7ba3a68c3fc33bf,514661967.86221474
835eff7679889fcff6795d8a,405654607.38605237
4ed3eb724d4e57a7b35ddf5c,514661967.86221474
4d743a1250f7d91e2782708e,514661967.86221474
9f5cf735a842860e7ac753cf,607150517.2377616
e54a8b735724b2af56c7a36e,405654607.38605237
3b39471f854357b7e5d2853f,607150517.2377616
91bd11b5a8e0c0124be78f46,339664091.2740721
6121943254877ee48716c4e1,528213036.9415577
3f4c2c98a5a6cb78d7d26327,399665531.2919644
2b6d63d6b072901effbc8e1e,775372411.6322554
7e4b240c601e37977faffeb0,775372411.6322554
ac29d71a80307cab65f29ff4,1136512812.2343037
70c77552b1bb67a2a71c2ee1,1031469182.0321317
54a09a85767156b072c808c8,616660664.2336209
244210fb4bcc0a04f2cdff95,1028092485.8779112
9a2b53c1c7151a8b26a71edc,363032509.80615616
918c48a512fd6ff22fdce5d3,486372867.03792864
effe4219e6cb56e5ab70ff6b,1028092485.8779112
936e6d2192f28a2b40939a4d,1062329713.8347744
ad9a1b23979f0edd2ee19f38,422422803.58333975
8a8e4996e24142eb413c0d12,1028092485.8779112
31c69cf4d197f97ac594a896,599251705.1608856
143f07eb2a8f0a9e26fc4c56,868766219.5016308
e5fd3cdc6a19653275c7f4a8,616660664.2336209
5c7efb015b8ff7f108c99723,616660664.2336209
394718d9d069a126e13be804,599251705.1608856
56f30ea777f5493139f22384,1194942705.3870091
37d5a902f1036cf3d80c275b,516942789.47094595
3f418a8bcc7adfa87e0f67dd,516942789.47094595
051416c05445860d5b4095e6,516942789.47094595
887761f34ce0996bb05ac48a,616660664.2336209
e02fa06a8de8a603e417d5ad,616660664.2336209
6f5929e67fb8da068b91096c,651967392.5305971
291479f573955e063f2d8bda,651967392.5305971
e60850405ccec092b8fb5d02,651967392.5305971
464864b367e16547fe319229,586629442.7805728
4c14547b7e02e75204ca9f4a,458956473.72254163
6183257f16bce94113879745,483833496.6517675
46c34a4e5987c20eb1f5ff99,379086784.0358212
3f39b25dedb96409dc9d1947,993445281.9552335
e7a85e64ee07971696f555f2,993445281.9552335
33043b254b9085fc82ee1f7f,401993487.93307537
bd2759d469829bb8926dbe09,458956473.72254163
affae17b6cc59bdaa30e29c2,993445281.9552335
e611d41aaf38a58acaa0bf23,512486472.19419515
0de426088a306321990cf60e,430782627.09605443
685982808b30597cc013e2c7,412095908.2806741
4cfd1be6a93641b110fcaf67,393528933.1527339
68fb3b3cc3e5b13440eb014b,1269171586.7658038
532bf5813d7e70958f71a480,642573336.8885939
06ee1d8f3ea326a0e3a9791d,642573336.8885939
1862e0c4d8e89fd2302ab376,1361270801.594452
f3dea3d678d959aaf6b2849f,1247028848.0229886
2478e48a3c6bedd57c13c72c,514661967.86221474
efa36c7738fc14a11cc352eb,514661967.86221474
2f6dfe9443645d6629eeccb9,636347656.2002815
bc7e867cad6f221dc44754b2,607150517.2377616
e4f2fecf58a038d7b18f7160,931107049.4374701
a7620d5599ec354541c8af13,1321433241.483925
484cde8e47fbf62a339c8219,388976761.09152997
5fcd9836a3ea537fe86d457d,515583100.447286
1b288024824312c8b1681bd9,515583100.447286
44e4574527acc86977f5bc41,618115272.5255177
8b716bc4d6d833f9bff3e729,618115272.5255177
0ab85344c5fe6ccb0edb6313,618115272.5255177
03ad99f1799f2a20c8cc0a50,767233497.5037802
6db318f828d464be421eb572,783695839.6077846
c3e648317c360c76b94bf541,347096181.6206674
19cb65620d2330624252d01c,404485609.43091536
dba9fa9642ebc97ccd765db6,442614913.9942194
1d2467e5f991b935d676e906,402397180.7346207
4091a115125eb4a67f494620,402397180.7346207
d197410ebc0e3b9937464923,455297937.088913
722699e593085cdd72102baf,452470384.4647797
c059affd0c19f6d4d76f37c2,449268374.43424904
855dcebac302ec5760f67121,521644815.80728203
f433278518a80c3301f26cfa,618115272.5255177
66a45b0aaf5f696d35f5cebb,700721162.6752411
0152ffa8757aaaf417e9f997,823112946.1839309
55b72f6c7163a9b0b3b0b262,516942789.47094595
c8346a875be8391145a2f9aa,516942789.47094595
11c86230e62bd2c9ba44131f,616660664.2336209
c4b97a459e2c6d13710fa273,616660664.2336209
8bcebf3cdc54d4ec99ba0d88,363032509.80615616
ad159116d166e45b70329bd5,486372867.03792864
6f060a8ee8d6d15f46289759,486372867.03792864
ab5f089f9d2ac1bf52222ec5,403637566.5265278
f4fc2da675d6a2583054fc56,486372867.03792864
89eed91bf5148b5645408222,486372867.03792864
0761d0b7c6e319a75b06d420,534860103.7601845
ce84187750fa7aadd141b5fb,616660664.2336209
ad77298955813089bce818a2,372117916.24411285
3abe8f334f0f20f8006ca5d6,616660664.2336209
36445c32822146606f75dfdb,599251705.1608856
f9798cc6285c9fb3ed7cb668,616660664.2336209
59dd396f70b8458772307895,616660664.2336209
83e91710343450cb0812a6e4,725757978.2772803
1e7a931100be734988955242,868766219.5016308
bedc5ab20edc896f814c3f06,1028092485.8779112
f884247fa6414f384480bf38,504726794.1818415
f34a38cdec7eb598e55fa41e,504726794.1818415
106ad411e13ea21ad68e5f59,1052444628.1580552
a87c585acf2a147e381005f5,504726794.1818415
ad755859e7b6afbc021fcf6d,640382669.7097728
8015080cf97316a08453a9fb,640382669.7097728
f56d8f5cfaca0691c6ffbe00,504726794.1818415
8ad016d414e2d2be053d7612,504726794.1818415
8b91a957eca1985938860c28,504726794.1818415
20bce83e2b75fc535a148dc8,430781830.18406427
5724ecee1b12e888d538c1fe,504726794.1818415
1e90d068f3c86c6f691649ff,504726794.1818415
0fd954262ee740999c31d407,504726794.1818415
a6d7b144058ebc326b9803bb,640382669.7097728
a81abab882910584371c7b66,504726794.1818415
9e41c4b41cbdc2553d80e362,504726794.1818415
b6fcc49ad3656cbd3f4c2ea6,640382669.7097728
9a296eb9b63ffbdf2a07cd0d,826288161.3734947
3fbc0746bd620a0baabbd859,570703672.6712654
3043d0b025fac4ed90b448e6,453566094.38331854
219555efc5b4291791143252,350870253.01283395
a00863c7c53b2c059ce22dfb,373108189.4537138
28b838c94d10823ceed62e0e,325496764.52238506
7e64ab35f5e336d5bd2e1b51,504726794.1818415
52f24ab479fad35c8bb5a8f6,388823523.8730027
0d1ef14606c58310cae371f2,389940819.54637635
a465a567a4f60ac534505bdd,640382669.7097728
8694b149f7c0deadf820f0e4,504726794.1818415
16d6b756f5ebcacf221918b8,504726794.1818415
7d132190218425df1857b8b8,602099355.6463864
7c7a3f51a58dfd1588d7c088,384801218.2187012
64d1c45a2968b0fbf0eeacaa,602099355.6463864
4fdc382b65441412fef509ad,602099355.6463864
04ece9352b3810031f3f9a90,482104809.4353718
8b5b351e07a26c25cf51e176,428141030.67656827
f923bfcb8cdb543c23bafd52,431520621.47758
a15a12446d2e5993a0a6c423,431520621.47758
ab3e1642655f7e705cb047a9,431520621.47758
b62fc917b3e8ddd64bb81018,428141030.67656827
835842cdc8ea0a2206c2b46e,431520621.47758
02ce5bc5d5d286a4cc0928f6,433201648.77290535
d8e51f7b40bf1887ac007163,433201648.77290535
90f320e94aa429856e37bb35,431520621.47758
967a7676754d6f9aa3e14473,433201648.77290535
9251f3dafa0e747b6e78f295,433201648.77290535
17b5e8357e17b516d947ebe3,646261404.8695462
f943cfd29effc9c048b8e106,602099355.6463864
41719542347401b04dfbaa59,646261404.8695462
bd6ad9a9ab28aaef9b4955c8,646261404.8695462
bbff88040e5b20e874cfad9a,646261404.8695462
3d6a9a4f2336a46eb62e6a47,618342218.954564
493367258be5d63dc8db97d1,618342218.954564
67cf2149b4c214da77694088,955811000.1275914
8d2e85825e95f6941445cace,922331939.3345135
01afa737bcfa6b1ab530eb09,955811000.1275914
25813f7204a2e796170c4836,416046703.648576
3cb1773d90dc240c4ffed5c4,613417548.2050829
6c81a0b90366db9f514362b4,613417548.2050829
44c8131b88accb3b46b79ba5,416046703.648576
ff185be4fdbe3790c72d00cb,394838325.8139589
851f50292e30b0a464c0804d,427473912.0149096
6fc2a4f29e3b896bce631ee0,389955332.1615169
cabc4fd04b60a66bdbe2cf9a,1048323777.8725499
61e9c2375626a18bc9920c5d,504726794.1818415
396c8060d9767b4debf2a54c,640382669.7097728
92ba019bd942fa33ab742924,504726794.1818415
ff71037ec8e5a91aad6f0686,640382669.7097728
d162a90b37622c1dc6550690,389909688.46520966
e1490f0730f8fdc36993027c,557549888.1434947
5a066d6bb65d28c2094051f6,430781830.18406427
9c7bcf000cb37f48d9f15422,510688976.57106376
528a6345df87dd0db33bf822,458521550.9690467
579ee47bc31f5408314bca28,409626963.24148804
eb61a13df1c8d8d0efc4db3a,417298214.75058615
b649d315ff3c97c4e8e9db73,354939935.3160783
d8dd26eb78ff22272358e302,565935397.1071346
6ae2221c504027acfb7368e8,447979723.54139096
3ce908c9b70f349158f7d04a,700925109.0971321
7cf74cbec871e465ec2f6a61,700925109.0971321
02e9b077d6cece81387fda35,651489888.5521466
865ed399cc344e0638e45128,651489888.5521466
d9ed55fb72efda67f5144330,789163514.7426865
9fdbab0b428f19e7e8dc35b0,1019626363.7789404
c061b886b7136a1b00c8ea2d,743209284.6481388
fd0f6c0b5234ec1f6c7d1fd8,451150316.91528827
9df90c0644948ea5539939eb,631379267.5707473
547661e79bf0c62cb8de63d1,401943974.7999808
68963f5f3657cb64276e3beb,637281131.7120421
cab0a460167bb64c037cf25d,544191671.5588905
31977cd5d4c09eff149e74ea,637281131.7120421
23264fdd1059460e079e5810,544191671.5588905
4769743185eaeb0e4158e0e0,544191671.5588905
780c809c52509bb4855a4efc,544191671.5588905
f64d4e029592761bee698958,387289157.96152127
be364e85b988ef8627ece74e,387289157.96152127
c73c38b652e9418f06f89b67,387289157.96152127
213032fd36fa1a6342570158,457501955.2153912
d519a8de5fdd1a84ca1baac3,422601786.60863495
df91a494d5d244f20dab0eb0,431720779.08235973
9be92b361ffd3ea2c69be23b,431720779.08235973
cad16b2ea432d926d961109a,457501955.2153912
56b22bd973f94a4bfaaf6b33,431720779.08235973
84114798ccd01ae3dc97cb27,380972460.1347962
fe2bf1f402addaf17a213030,422601786.60863495
e01c1b69abb6a4c1c69c77d7,422601786.60863495
24671f63cd061228ec0b5b9b,362015972.2390618
f54c16df774e70d49355cf4c,457501955.2153912
5537b994e85c2688fe555d5c,457501955.2153912
1e5919cbe4373aa261d672d7,431720779.08235973
cc125d0f70d6d0819d6d90ee,457501955.2153912
51f94ebbd6d2533862a1fdbf,661144973.6526366
fe409f9ea8d18c9d9ba4d02e,431720779.08235973
753b47e2a3b9fcdf9d7fd9fa,431720779.08235973
6bdb3153f267395eefbf588c,431720779.08235973
9bde9f216ecb90814670e87f,422601786.60863495
7f5280804c59f56fba3d6201,427155210.6571729
ceaf16e097500022498950ff,457501955.2153912
aef06b27b0a080b5ee539b6b,431720779.08235973
abc668bf93ec7d1951c65cf6,431720779.08235973
56822f406646f93fb39d9e60,431720779.08235973
2690ba8b22a95cb837cb87b6,457501955.2153912
180172e4eee8ba756207b3a8,457501955.2153912
c11cd2e00942ffe56db5ae88,422601786.60863495
75a287d87aaf6ffe7b6db546,431720779.08235973
08f35bfbfe1bd663c40d9e54,431720779.08235973
c2bbdb2e5d0191071e6db37b,556149453.0614872
b129a508d1d98a1b6dd2f61f,457501955.2153912
335626f385c28e8370c207cb,457501955.2153912
898ed7299f0c7b8a99e4877b,431720779.08235973
a98022fc80dd6ff27de693f9,457501955.2153912
a59f1631e721d231eab4d146,637281131.7120421
98c9c866109bedd605ab7dbd,637281131.7120421
cc9743189c3671adbb1be49b,637281131.7120421
e22b8126863c9ca8fb04df9f,615598702.85718
247715511199c5b680088b56,615598702.85718
6e51ca1a9c2bba9fa0cbe5db,615598702.85718
ba8d6800443dcf95bf9c1037,637281131.7120421
5ec6e033b9dcb454c57050c3,637281131.7120421
156ecfd8ca6004281b191db7,1177042963.6361954
edc3879a1102740f2f96227a,637281131.7120421
c02ce25a3334860d3bad53e8,637281131.7120421
d041129f83f1f13fd7b35e4b,615598702.85718
6946fb4c877f35e9215ef4be,637281131.7120421
ff2897a56a0fd08996d19424,637281131.7120421
e1b64df8e809ba220c9722aa,615598702.85718
c13263f9c8628bdef086106b,637281131.7120421
e2b8d1aba0c583984aab25bd,622386313.5358077
3786baf40b31a20f3bf3aa80,637281131.7120421
bcf12785c25f6e600eee8fc0,615598702.85718
f85d09bb2ea40bd4b68465da,637281131.7120421
1f40dff9a973064aa4737eea,637281131.7120421
79beab95c6857412ebbbdedd,637281131.7120421
5ed8cd2cf2c6dd5b5241d6ac,615598702.85718
ca8dacc29a57d39640e3e59c,703922936.1460307
723655990d58df33d55009b5,637281131.7120421
79a675215fed2e293b27f43d,637281131.7120421
57999ba0ed9089739a1f4de1,637281131.7120421
00cea81b78d6007eb405d5b3,637281131.7120421
c00facb3e4cbb27c47a621db,1272201831.5425127
d1481d9d2bc9d1a3811f2faa,1046366792.5556724
26313750bd29b2c59a81b58e,1046366792.5556724
2bbbe93b615c46483056bfe6,1046366792.5556724
0f8fa0a074b743c92f0fc56f,1046366792.5556724
b925f9ef733930be26417458,1046366792.5556724
0183b38955437e8d0128a013,803327945.851323
1c9f65b631d2f2856bc97079,803327945.851323
c11d82cd360eae99c04009b1,1046366792.5556724
4a80ffd8e908a3291a32fb6d,1046366792.5556724
1a0134583a5854d5aa9cdb9f,1046366792.5556724
5f5346deedcb7cf5dcd1e9be,1023340373.2474949
f17c8b14e56a76ea84a45fd6,1046366792.5556724
b8ff548543842246ad439703,1114833946.8802824
53462704cfc47d32492b4847,1114833946.8802824
25f925538316d3cdda8218c4,1114833946.8802824
ffe653c61bf13df43fa22190,412739520.9929858
228d98c82021e2325263c7d2,420668149.5103957
f32a7d08d176bf9177dbcab1,522863935.034046
f2c86c1edac4eec6c01ec11d,320431100.41339463
06e350e3c733e5a0afb613cb,464049149.27480847
e2544529df4efb7e90afcd21,464049149.27480847
a639ec3b943cf90cb28bc1b3,620415570.0499989
a1320186028a726935bc1cc5,637149488.7407563
97337d2f347a50e0ef518516,649078874.6585052
8f619dd7fcf5e1a17af301c4,649078874.6585052
72569ddc5828fc702b2fc773,955316061.5649863
ec674ba8cd16c2264d270901,1448689664.4097426
2b05f001ed1a84425a45d0ac,614619363.8761746
0a7758f69ddd8fb27a839661,447519900.3397644
e3ec7a8fba3e1ea07a135dfc,434273184.83051294
4163b665043ed27d7bf26c00,452895362.3852154
69f7b81b70ea61f304ccd36d,786140176.9731146
ff61104cbeb37f077c565fd1,452895362.3852154
883ee78c03efdb4bdc57796b,434273184.83051294
fafaa5dcf66d22bff322c72e,391249917.3160907
eaf0f2b00b6994a9ba8c5ed0,391249917.3160907
9b1590945c0c7f7b0704d287,515410417.2158056
766d34ea891f3af53f1391ba,515410417.2158056
b8680f925773229571014e61,611420096.9774246
2fcab31c752b699af5e8ce8b,611420096.9774246
96d14697ed6847ee757d113f,514661967.86221474
ded79c11c30167a9d8accf77,405654607.38605237
ac50dfe70b599ae93ddee4fe,607150517.2377616
3fc7a0f9c30978f24d688fb7,607150517.2377616
083f05fe52ab15e8d481ad41,950078784.5505841
075be16d8d9ed6831d139b2e,441611070.67610794
ffce0b151f293cad0a6f770f,813688032.2415453
5997da918101ff14bddf20eb,435699255.6612579
e102f1d841d7cdb596d50624,389809217.0281308
a2c3da753f0116aa5842d4ec,780043782.5547915
43228eaa1230dc0f7f1473df,385092424.82307976
4349d6bfd5a518fcb231cb3f,592777209.9653114
c6c978051fdc655d21a370ab,592777209.9653114
f4cdf3ff86fe70fae3e59f4c,592777209.9653114
ac154aaafe98dae45bf9782e,988238397.3857251
01f6c99999c154461765f4c4,592777209.9653114
d7d30819fc6ad6e7e41453c1,801695448.2261401
383b3198861942064a63184a,392520443.591118
3a2f110334251e97abe3583f,319002775.4466223
9b9db425b698a4931173b5a4,498266223.607451
3b51828a1e891f3a52a4653c,501266445.5113454
c94dc49efe0a350bb522a56a,463284554.3773356
39e4765ae5c8284e1f3f618b,658150601.9861442
04b28e63fbba92daf83865ba,592777209.9653114
b9643a26731cf2a9a243ef33,574686006.2678297
19e03fc1a7ca4b0761eb9ef3,592777209.9653114
c0224f0cee5a388014db4f55,1110364826.3661582
c4074029fba935dafd82eba8,421443025.6087874
0a8d749a2336d8f66a4f19ef,363032509.80615616
e84da6ce78339d50a72cd87d,378127357.8319195
e9830411c3092327f4e66a99,516942789.47094595
17d51fdfe8fd16185bf5feb4,516942789.47094595
f07126d58455b20f547c4380,516942789.47094595
8fe7db56d501b9c11461f62b,486372867.03792864
1ae2058fbe26f384be45df4d,504805311.80104697
e74a31e6edd4459d4e215c5a,486372867.03792864
c91945dcab0bf200c3ef321e,486372867.03792864
933018604a8d5a9020aac221,599251705.1608856
876ebdaa0bc953890e323843,599251705.1608856
4fd907c202de4f06cade3b3b,616660664.2336209
e40f616637f6187024b34086,616660664.2336209
f9038f7e24e0a29bd9f3e24d,616660664.2336209
b27fc4e7f6042d70a7651038,616660664.2336209
e68b18b57fbc5fd6cbb477e1,616660664.2336209
326a82671272d893ce699476,451718534.0072441
d2655e69f5dbd09ddb9268e7,616660664.2336209
440cd2efd45c019c7151902d,697352673.5567068
e5099db945e4f04aa3f0bfeb,512486472.19419515
3477d85a434f66df58fbc094,512486472.19419515
56991f74ed430ed942b2d6d6,512486472.19419515
7ac1b85bd87929705b7a86ca,512486472.19419515
0e1fbbe248919eb71e53ea75,481799601.007701
75c16273d3a593752446c27b,624752089.0171528
7e74469fe0b030254756296d,1047288002.7666321
35fca2d53ed17ea7637c528a,761396740.3123043
963cc728f3bc207a7ad74ec4,607897684.2005087
fa9dec2129f7218b4c4d4b35,790514583.072851
1d0a6bf40e609fc74a319310,525522610.4575413
b9551c416341fb167049d4ce,620350627.72425
89131a0af2db172538723b08,525522610.4575413
3e66557e876a876c259c40a0,410159121.1040587
078144699729ee0c46f36123,929074833.9660065
fd15189b99da46b098a949e6,565935397.1071346
d69209d7a26bd306bde5a37d,651489888.5521466
89690c80b7adcb8a8afe531a,565935397.1071346
0e0d19168609ac1d75253edc,565935397.1071346
6cd0aca2bc40d83473a39885,565935397.1071346
6ea0d50e822913d0f444d89e,651489888.5521466
39579c195f288da8d77f5ce9,651489888.5521466
bc54f5dc4e9ce267ea592813,565935397.1071346
1d43fd3f7fb4e24a0b7c9ec3,565935397.1071346
2566d8588566312ffa4fde42,855312758.6955497
8d27746cd9d2532fe9cfc408,336791519.0301708
95b822f76b4d3d6ceb0c5077,734390246.7969855
eba86391ca00fb217ed1f774,626895297.4576461
b9a0575867a59dc5dcbb9cce,447548905.5657618
0845e73ae95dbd4aec3f1f43,447548905.5657618
419a2f823e87ab67b1311bee,651489888.5521466
552217c633d2562cdcaa81bb,651461536.0204167
4fd7984773d2872e51574ffd,792572962.7942505
a87ed2154a2351cf26f0027d,567303945.8326263
a2522c9d3edb7e7a23a42b74,858399476.4444579
357e58ef96c53f39e267b80c,1003026711.3233755
cf0ca58262feb1f8b0dc7b68,724997629.9625244
1cb79aba890b35f9d2a400f6,1280779664.7639265
d5c79ef12f43e2bc19e22fdc,607150517.2377616
776e1192349cb7cf1579056a,607150517.2377616
7de63633c7666484bd098e2b,383167964.31482774
ca1b1c17572f776fc1059691,403999312.037119
53e94de217ec45ad576fd83b,667980580.2714106
ed5c3d2952d2575b1bb757ee,499562949.2507235
bdfa334bc331e3e547f7568f,950078784.5505841
9c6a01e3c7ef87d27185e9f3,1022636270.8675171
05d9818d3f9f2a5c358d3911,723503942.1187545
f6c990e406b3756ee39b3b30,416046703.648576
19ace6cdfbd8bed6e99c86d9,416046703.648576
6a04f8684e083eb6319b5272,427473912.0149096
179bf83034539c8a391e0310,624386629.1838174
a42081eac6834da0560ea4ef,613417548.2050829
784fa9e78f7cfeca4133e8ed,613417548.2050829
978edd828fc71300e6723e06,613417548.2050829
61d6969334fc63611c810e2b,607150517.2377616
4d592a67596afbca92d26bcb,607150517.2377616
50f8068603edac10c87411ec,607150517.2377616
9965f598c5b95b3cfaac50ad,885561967.0568476
66cf83769d16a4d659edba6d,632320318.7036759
9c2c2b01934d1d519e651786,608137773.9773177
2b4913f28d07628bf2d3ed92,854520015.6350778
9baf7967c49fa209de8dda95,651489888.5521466
7a0f887a9426270ff3c24e36,744004181.5260626
c1034173dda31d20c4efbed1,662447331.0095851
c4a3d64de5e401a86395a919,501697930.85486776
c4cef41167a5e8354a61feb4,892520702.6136386
f52226b24ca3d5b04b7cfcde,1040820932.2656058
36d5003f0b5ec7f80e89262d,882591574.7999446
641600a4cbb13b35dc7913e8,861466694.6287173
c31c4bd09d8cfba562ed2b41,616660664.2336209
0df96c81adcd6fbc2f7141c3,616660664.2336209
4499adb2aa3aee94d1f1a1b3,616660664.2336209
4ec06163d39f96baebe11bd3,409244676.89678633
692cc1c9949d35ae11412fd6,616660664.2336209
f1da5388b772159ec90c3210,616660664.2336209
e7ae63f81f8fad37bb9c1b32,516942789.47094595
d39797a12d9a4aaf15ac11e6,516942789.47094595
efc5412fb02ba9d8f604e493,616660664.2336209
bee2e008ee41f8a711fb8d29,616660664.2336209
80279a7533c44bbae477ea4b,516942789.47094595
edc43e57b2905405a13f8f3f,363032509.80615616
751795587d1396e0daa25783,403637566.5265278
6d90801ea8cbc12f9e2131a3,403637566.5265278
71fe067a5ae994180f530686,403637566.5265278
2e99240e23b0542f1cc75026,403637566.5265278
fd6112c82d5808311b08e29f,403637566.5265278
0ac639a7c5ec115b3df8111b,403637566.5265278
af0cfebd54f32b9b92c5fdf3,403637566.5265278
b0015b31facc48a49f1313ef,486372867.03792864
2347f69ec1ce4a3fb6989eb7,437284242.1136356
209bf65e11bd7053d9658824,599251705.1608856
41877a677d1856bf609515fe,599251705.1608856
cf60297d9d9bf1268f35ad95,616660664.2336209
a33800eaaf178e01558ee926,599251705.1608856
69e663ffb4935aecb875854c,599251705.1608856
595415e95e075b70c39d5c5d,599251705.1608856
719679261d84d6b93035143d,616660664.2336209
9f149071cf61295815e3f875,868766219.5016308
3d24d985b95a3e200a734bc2,1028092485.8779112
bbe705b86c6ed4da775b68f0,384801218.2187012
e1d875468eea7b2eecbb49c7,646261404.8695462
0802b7e10706252dab8db909,646261404.8695462
2f412384597554f3dab07985,602099355.6463864
da8b5c8a320821ab8ca00a80,602099355.6463864
0f10d20cff5664f9564bc88f,1272110793.7935617
ab8699d3c685fa834d7ccb3f,407574664.03203607
85956152686438c48c52e018,686833690.973825
ed9c4f4e06183b15b877f077,620350627.72425
12e32a758e15fbeefa255207,801322408.0868593
22cfdfbff44541dba9091753,620350627.72425
314a1e163d0b77b0f384da29,421325575.89597046
23959a0f6e27c8c2b4a7f436,620350627.72425
6ab5a87a537d2ce326c867c1,680764474.7711251
d9ebae84cb53d29bbd8a466e,323684252.3463371
9511afb73b656135daaceb43,1227149084.034281
9231ec89e58a3daf459c5b43,1371925078.43275
8d97cda83fc7353a86c9393a,1363669512.7312315
3b380c563ed2505b7630feaa,1057777812.7293686
6e5ca223128fa2de422b4009,479208012.2339675
ee30ab004ac5270daf59758e,607597377.8486414
d6fee4f680569a54f4267215,1100162190.9873996
db3b84e5b3a9097392a57319,1012760836.776889
cef379fa831f936cad745dbc,567961647.525925
4db8d32011163bc4fe01d02e,616922672.8087742
f842221d74340270e757fd41,847051936.5377738
f6173e36f95ad05b8e94321b,1084130715.8959002
5960f14f2a81075fa66568f8,480583528.1806503
cdeba97450c735185e486eab,996376851.331663
f9a802cbc802d49a087cf23e,1328136964.0861545
6a9ef848f22fecb9569098c2,740489523.8004675
f3986309e4fc4cde2b5feed9,1040071229.1897072
6c3435048735371c36dd3892,822588532.1134953
f019dfbfa7fbbddec988fb25,1024769541.1292593
4526cb4a2b8238dcc4e496e3,1160947145.4261098
95561bd325f60967cb6653dc,557986655.6586874
9f3e09a3461bce2fee7e1c40,1347145584.91968
1034b1af0331daddad70f3a5,558774548.2083603
3ee9cfee7b0acd482672ed47,620350627.72425
adb51a572f3198367e3760ef,525522610.4575413
5c802e198dc0906016741026,341438959.25102687
671603ba1f755be5d7219a01,385092424.82307976
001d77bfb387bdf0b53e9e83,698049999.6000532
fd9fda1abfcdd1066a177e14,512486472.19419515
e1e78f3432ea2dff6b69c6c0,353019774.7121826
378e6374da00b72bcd7920df,512486472.19419515
54ec4fd8f49c897c644ce83a,512486472.19419515
a67ef3a182aa268bc4d9ea14,512486472.19419515
8100a4b0288d5d9d9dc86d2f,512486472.19419515
699ac8957d9b4eb7fcfbcc40,512486472.19419515
7b35a3e9f3e67fa1974f5c25,696729966.0051054
6e5383a7f9a68147c2788565,873389748.3665153
fca1c40a338288036b1eb25c,1115824416.7369342
237da4784755f090c89f07be,696729966.0051054
21a7c5d6ea818dfb25077e13,696729966.0051054
0cf7dd52e117832b4698b310,696729966.0051054
677c8056695a5a539dcfa3d0,696729966.0051054
e4b85269ca413066323f66e0,1125104714.1409178
9019f1dd02ede61479b62406,943870508.3744384
958f3e102c6ecf5f6386a004,614619363.8761746
b05c741bc5013a7a6abd31d6,614619363.8761746
2c58f2cbd00035febac060e1,772998179.6454295
89d36acc5f617a6a97e02f23,434273184.83051294
2fba6801eb9a7bce7ed2c081,447519900.3397644
45ccde79aee811756030903d,452895362.3852154
5bdb5174517b8faa23df9587,955316061.5649863
36a11817b32bc24eda6ec8eb,447519900.3397644
f1319a9332946bd68db250c2,434273184.83051294
39f70d6b68b22668a0631f37,391249917.3160907
3958d0cb732f3d623764be54,391249917.3160907
f67028acda5ecaa4c8781ba6,515410417.2158056
76f50ce5f30cb96d48a69357,515410417.2158056
9e5efd4741a57b9af54e9265,515410417.2158056
8c45ac143f5cc43e9249c17b,515410417.2158056
2a66eb4d2a205bc4474c0afa,611420096.9774246
85cf1ee98e1a85ff4619e27c,615598702.85718
84c2ab0573d3cbffa0be90f4,615598702.85718
48976c41de22ddaea3f8c296,457501955.2153912
001c03f6103d35389825b62e,615598702.85718
ceab390b6906d5cbe65fc402,422601786.60863495
79f989fd66108a2c38a9764e,637281131.7120421
cc385eff95aa00310eb22111,637281131.7120421
ed764bed1d05cb1e9a4e67f8,1046366792.5556724
857c5dae475eadef41c25603,637281131.7120421
7148b0d9e2e1e92d41633230,637281131.7120421
7f3e02524981fc7e40eccfdc,355654255.27996254
ccc625df8f51248e3dc93214,388823523.8730027
b38776cf09ec8e90fceeec84,399947923.9274639
48ebc3d79e01061c926066ba,365748156.1047598
9580bf8358095abb15a10c36,320611847.03813577
d26d35e33a0cf88f735a9322,324735794.94054204
b4c2a0a1a63d35a9a08a6e15,806107217.4095947
1bf1913f806bd4b461233551,434756795.1331148
34d1394dbb483e55d1cc2da5,390991211.03468424
7bef2da7f3c160e94fe91ead,345635376.407814
528014ff6b7cdbfc174f4fcb,537128516.9088112
bf1dae54bab00fcd3e8c9ce2,613939180.563253
f270dfd9ef449a02b6d7ae2e,427473912.0149096
31d6f089626c4fd08536fac0,510415576.1524134
259f4f7fd5d851be70d63633,411071124.6688196
6b74ef5c8ab1df614bfba866,592577840.9761039
7ee7fba3a30e0e7c2ed3043c,613417548.2050829
b24bd44eefc3ccf053939dfd,613417548.2050829
0545fc14aece3f37864ced2d,673658556.5560281
e07eb36210e90ef0419fa0d0,882585393.9866637
3991b04509fa61b36a8f7d2a,664644215.5235827
387af5fb4b4a7f5c3fdcce57,630558754.1237851
6852e8bbadc1a9f4fbcd695d,769943988.119849
8c3373f9c0372b87ef021512,933377571.9727491
6123a0dd128e45216f832e3d,388863442.55203676
0913364c688d7375d0f7af5d,428141030.67656827
8831ae77efac99a6c58ce05d,646261404.8695462
b6283a5714e0b977110318ea,428141030.67656827
d2d8f5356f77507f8839280c,602099355.6463864
f36bb15462fb29f80b127458,955811000.1275914
7abf9cd6b26e2e2bb6d91e5c,602099355.6463864
1a5f6f7e8b7af9d48644f1e0,602099355.6463864
8e2a5f8431996ae0db65d0be,646261404.8695462
29535d858fa3a11792697820,955811000.1275914
8e4df02eee6cab9bd1011987,433201648.77290535
5a4039f0ca12767138ae585f,384801218.2187012
d84248b3ce8ff6f5fa480a83,384801218.2187012
5838e86b74020a5bead56161,384801218.2187012
02091877f01c926c350b013b,384801218.2187012
df298574e35dda90fb568023,384801218.2187012
d8b83253855448caa81f7780,384801218.2187012
1163ab2c0bc8c998e121b922,384801218.2187012
14f9ab54432e5f54a50be4a5,384801218.2187012
f4e0fa1172c1d4b70b6c4d73,384801218.2187012
4345863fe83682f6091d8a77,482104809.4353718
6c5bbbfa3a1515e5cdec9ae1,482104809.4353718
742da63af109164c21dd57af,482104809.4353718
fdc28a68bf8a5bc86288b4c7,482104809.4353718
0f4b077de4ba5f5db6fb0065,482104809.4353718
320ff6c0320674fd278f6fc7,482104809.4353718
6acf9cef08906fe569c38572,482104809.4353718
853febf898a1dba351d6f917,482104809.4353718
8ae41ff6a828f175a9f628b2,482104809.4353718
56ae6108c1b53c649da2f6ba,482104809.4353718
aa990d4e5f1a0fc4f0bb29aa,482104809.4353718
cb8b826e929f4f8a8e3687bd,482104809.4353718
b85a7389bab2e651f05369da,482104809.4353718
1fe929afafa91bee53df4e86,482104809.4353718
02e89c055b7692dab024defc,482104809.4353718
66bc6e56bcac9bfc4a7341d8,693378658.0576769
63cee15dc4a6808616a2c2e6,602099355.6463864
9a889078a0225c013570609f,602099355.6463864
3548fa5ad26ba2ea999380a0,602099355.6463864
d9d8aeafa748f8f1ff2fca22,602099355.6463864
9e2c21d635fc25f7790cafa9,433201648.77290535
f99adfe85d32b0a66f4d483a,602099355.6463864
eb64fd330053a41ce5be4a7e,602099355.6463864
ea8d704272b2cd066a7e7867,602099355.6463864
e7c92ef9784a92c8b7fca693,602099355.6463864
a9b83e18ae78d307d1b39b15,602099355.6463864
ab8d6823d905f1f0ccf4a75c,602099355.6463864
8447ca83d928dc34c2e7f9fa,602099355.6463864
5bd24b842a67601630036d0c,602099355.6463864
38d5b9319bc16bae99fe73b9,602099355.6463864
e1558509b120809eface5b87,602099355.6463864
4b8d7217da1b1f225f254914,602099355.6463864
09e0c3a1b90d46c361007323,602099355.6463864
d090a9e520ef74848bb060a6,602099355.6463864
07284e4caec09fbbb16adf2f,602099355.6463864
f8bb20be599b79cbe29f36cb,602099355.6463864
07dd30f04c5953f325df9aad,602099355.6463864
622872d345b4b0d9c1b9302f,602099355.6463864
fc9151dd6f8850502c747bab,602099355.6463864
0fdd03a2dfb18e323d96f468,602099355.6463864
ad7cfe29b56c915dd016897c,602099355.6463864
f40a182d82c489f55c64ab7b,782170736.6726565
fb06aae0e711d628b16eb910,782170736.6726565
7dabee85f750266dce02399e,718410198.7146066
ebcab2f8506c64a461591d1c,649078874.6585052
340f96c7de105aec5b7a28b9,780276184.255425
be1c6023731fb633c4f41f96,412739520.9929858
d6b051fbaa13e3d92a798521,649078874.6585052
bd04c8b6b5e381cd5f881379,522863935.034046
2ca47f5c36ea5d1cf00dbd2f,522863935.034046
3f2c18ea5d8e9a25adca4c42,649078874.6585052
5bd59dbebb0d6fa71efa4c66,649078874.6585052
bdac2f1c4b306a7742f60ab9,522863935.034046
a0e26a9d56cfb3b7228e5d75,522863935.034046
933740e21e9b61721b2c6053,649078874.6585052
a3b9c1a3b81f17e6b22b6152,522863935.034046
445e241d8bfaceb149609d6a,522863935.034046
937f0b37f566f65a1871615d,522863935.034046
9a76a405640f670c6355630a,522863935.034046
7a0f351e8562fb7aafe6e714,412739520.9929858
4c5b79f3656501fce2e2178d,522863935.034046
201053b106a0b89a0a47e2cc,320431100.41339463
724a5f9542f86cc43334d3e6,320431100.41339463
afaadd87a196e04b934e0b1a,360879600.99683523
a46cfad2458ac7ca4134818c,420668149.5103957
f640eb21bdbb9369acc4e863,464049149.27480847
8b3350aaa66b9fa1c682c15d,464049149.27480847
1340b0805cb34eb9a982190f,420668149.5103957
055d5ab6b22d4d0ac325fe73,463316704.75684386
faed63c1287896e97987c4c9,463316704.75684386
a094be8af52cf76977fa5083,463316704.75684386
feb3384733ed8feeedf9ce8b,463316704.75684386
eec4d59429b1d1bb75b4d686,464049149.27480847
3e9754a961d2cf348c9ff7af,463316704.75684386
8f8a92abd28c8990534e847d,463316704.75684386
256491790d0a2d5e1ebdc2e2,464049149.27480847
ede7995bc4e7e672fda4fa5a,649078874.6585052
9e8a11484838eed1f4673a32,620415570.0499989
8aad5795547ade3c804c0ef0,649078874.6585052
4ec4683fcf928d9fb33eb7b9,620415570.0499989
ee18825bcf4065d29287b54e,649078874.6585052
485cd615660dda11586f797c,620415570.0499989
8b450ea6c21fe0b5157529a4,620415570.0499989
0d45e78397d4bc0d363be47e,649078874.6585052
bfa4cb65827c4ebb91478e53,649078874.6585052
deb2c93acfaf6994bb3c0608,620415570.0499989
571e1a8c252cd67ee0475974,635532746.871796
04e337d3c692f3429d47aef4,620415570.0499989
cd2913f013727119158b98c0,649078874.6585052
ba63594585c484bbd20ed3a1,620415570.0499989
beb7b99cf12926d8714d1c5d,620415570.0499989
0fbc9e52ccf1b7ea8136cbbe,649078874.6585052
f36031f3a3f77a3fcad337aa,785635190.8413659
7738f18d533d0f0379e3a06d,939320820.1960077
20c3cc21b44eb37d0b359c1a,881651238.7582958
78257e76c16db549022fbf2c,939320820.1960077
4baceaad0b0081bdaa37473c,939320820.1960077
6bbf67d88846e94a63014eee,939320820.1960077
edb259013ceb62ad9b23eee3,939320820.1960077
ecfe155a407ad2c2f74522e8,860346346.2987069
6906a20be4962df7725dda7c,1051083600.2963778
5d86b884df3627d93f206952,926349718.6827984
cac3eb4606346268cea48e32,1141841482.3812752
e7439820086f8d1cb13d7c9b,680327295.9276077
b940561f2d48444e139eaf71,431520621.47758
4433060d0fa95ae1382f2de1,428141030.67656827
27dd503d4fbf4d5f5d850d4d,602099355.6463864
42a73bad238f2d3f5e376044,431520621.47758
2b53b13cd912f353cf9c4757,646261404.8695462
4cb59b46927df31150830d5e,431520621.47758
2f3d01cbf0ee0b985386418d,431520621.47758
d12e6de49fcca906c3586994,384801218.2187012
8f541a839df1ae79d563427f,384801218.2187012
ae5ff2b5eb4f9ac44fef666c,482104809.4353718
ca77a424800783bb9c5c0450,482104809.4353718
c0ec1e7ae2c6c3c2f2ae34b8,482104809.4353718
2372f7c0499de8aa2e5ffa06,482104809.4353718
46de3fbec5bc6c0e256e7751,482104809.4353718
4d8b338266822739bc9c8fc9,602099355.6463864
86d46a3fd9d7bbcac3319829,602099355.6463864
b13fce1462ed87e57ddec917,842680994.2777581
625caf4f4f56f3f6bfd3f786,392933193.25578046
2214e2c62cf8d2d14f11d47c,447519900.3397644
cee8fedd5685633435d77a06,614619363.8761746
061386497cc2dede3ea70b1e,447519900.3397644
3ce50f34a7974ec17178a79f,447519900.3397644
855ce1721230ba103fc0ae84,392933193.25578046
ff3b85eb538fb9a7dd03f459,392933193.25578046
111bf82100a6fab0c9ded743,611420096.9774246
8877941794810464749ba5d5,614619363.8761746
1122a042822658cb504dc147,611420096.9774246
d7d924ec35768a3e6bd39b20,452895362.3852154
27cf45528b4266162f7c9029,447519900.3397644
916f946082d03023ffad6f2a,611420096.9774246
68181ef118970fdb1d83f030,955316061.5649863
2f0bbbbb466fae3fe5c4f614,434273184.83051294
17c8b228fa2591e3a234d55c,391249917.3160907
e5d9afdaf318dbe749bf9950,391249917.3160907
ce2cce355f493a75ab59b242,413297028.93698883
b6825cfa2fde9b42fcf04c59,515410417.2158056
6fb3e33e16eb81331d389ad7,452895362.3852154
e29d9a401a246c00f5eb2413,611420096.9774246
fdf103976a39cc12f5effaa2,611420096.9774246
d1526bc5e5446680841a9cd7,764040023.5530761
a96cb9d988f5dc99bf5df4ea,764040023.5530761
760125efabf13246774a9f16,654625986.2797325
229607e2faf76efeeadcdfce,428141030.67656827
f14b11d270282b317d9cbadc,646261404.8695462
8a41638edfc5183469b6c43f,428141030.67656827
ba249dc7eae0609f20ccf234,646261404.8695462
0dfc7d77d3dca86a221fe62b,955811000.1275914
ed7f61ea4c9095bd4aca258a,431520621.47758
d2ce77db7cade7f2c6189002,428141030.67656827
9d18c354e8939c9f18598f22,369639396.8682001
b95689add02915dab555d9f7,1272110793.7935617
1c35d9468cdc55670d48db84,602099355.6463864
caa4aecacff2beded2e76beb,431520621.47758
017487de3455d9f642a7fadc,602099355.6463864
8ed9c13717d2bb274a81e460,955811000.1275914
c2eeb1cf0549df1359ef4dcb,369639396.8682001
3a413637f3108ddf7bd53bcc,369639396.8682001
145a241c80430b1e4ddebcfe,431520621.47758
c954618c48b70cb00efb49fe,428141030.67656827
fda6cee77fbfbce6ec0eabdd,602099355.6463864
b92c9c464e23f8b987290769,431520621.47758
d81b170177769c0121b8935a,602099355.6463864
7a832790d068e1e85182b5a5,431520621.47758
462ced9cfb28550c160e5664,602099355.6463864
edd9a278b86b1c56e237a0f3,431520621.47758
fe9b6a82fcc3266ddcb3e36b,646261404.8695462
fa74fbeb90bdaf8eb26f8329,602099355.6463864
a70b6661eda6ef616e19dded,431520621.47758
cbcf4d76223673724b0f9811,384801218.2187012
ba16ae6ca55dc3c0d5480944,482104809.4353718
3c840c206546c20b3e53d4fa,482104809.4353718
c61076b24927a46ef506322c,602099355.6463864
2e797c8302fb7ada13ef2d4c,743258357.7841401
3c9e3b97db788dcd10acf0e1,758678788.0625932
28db5acb7b224d44e3d7ce80,522863935.034046
c7aad87d39537083a5620757,522863935.034046
099721566fdd0a32546fedbd,522863935.034046
bc67f29c8679adf31353bec6,522863935.034046
eb40a304997a6e66c550b704,649078874.6585052
3882da646752a82db088c614,637149488.7407563
68c319925551b9484778bb65,649078874.6585052
711b570ff195fb77229deb35,780276184.255425
e7a2e8e1c22a52f78ffd1b19,780276184.255425
814d93fc94b4de6d3a860bcb,360879600.99683523
817da44fa842fe304b93c199,360879600.99683523
5cb29f5aaad14b6c33813580,360879600.99683523
8a1105028a1a1b83c5080abb,381395855.6085314
82b69c38d041325a4bb2fbce,320558194.3755582
a57d01ed5a9641ad64f7f032,420668149.5103957
90186e67d802be6d12eb3696,464049149.27480847
f781bb1ed340e08b23258ceb,464049149.27480847
db05818b6de8d77c1c3fd053,364092776.4862288
f4ed8924f5d1a3e6374715aa,826168503.8458191
d792d1eec60822752c8d52f1,464049149.27480847
47a3c63f65a9794384c655dc,463316704.75684386
ebacf31727972e81d0a0d904,463316704.75684386
a759e4c03e49c419c8f0cd2d,463316704.75684386
0648a4bd7ca088f4b3834401,657400503.5974714
b25734bf3ca94e775f467e85,463316704.75684386
65a8795e7a5b88acd7a469c4,620415570.0499989
b799aa1dd2de813ccad401e8,620415570.0499989
c01440b8ff0d80e7bbad715c,620415570.0499989
a20cd5193779526b43612ebe,620415570.0499989
0cddda1c211fcdce819d5f8f,649078874.6585052
69bcce6b58fc3702580d3234,649078874.6585052
ac7c0c806b57e4942d9ead3e,649078874.6585052
aa9e131fe4e7982a374bbb84,649078874.6585052
290725d6b15062397597b954,649078874.6585052
5f0fa37b7c5cf77e0508abd2,1294808699.9690983
c76f482d2a8f8db5eb79ae89,1210653900.949851
f651cc17b051c962e4124795,635532746.871796
250d84aac8add089061d3204,860346346.2987069
d3f9cf66c1c05f55325b894a,939320820.1960077
7198cf5aae5d0d5ba2e43b96,939320820.1960077
766c7906cf0493736436fdea,1304784482.0665765
78f670c0d7a26c0323281ffa,881651238.7582958
ec0eb8d68807f52b681f138e,881651238.7582958
446138cfd3749c0b6715b0c3,649078874.6585052
64b4837e4550ce39f2f85342,649078874.6585052
1103c663f6b5ed0309a767b2,649078874.6585052
b9a573a3f2cedd87c7dc6477,464049149.27480847
de54862f5b7b8ff345c6b297,340542631.1040025
16b3311b337c0cb9312ddba1,420668149.5103957
a1c2003dfcdce97d21f9cd15,463316704.75684386
262688a95a32f10fa070a887,420668149.5103957
8e374b19fb87640c56243088,463316704.75684386
4032d6a6a13399797a794ab7,464049149.27480847
99f1712af0fe96f67d11037b,420668149.5103957
bcc584e6a08822158e2a1454,464049149.27480847
ad14f4403926de76de2604c6,340997391.66304934
01f855427cbe3eb51b38288f,665722988.9136415
4673ef4fa28aabb0fe61043b,345627745.276919
f4cf541f02d99ea1851b9f12,420668149.5103957
bfe19954cd4680149c682587,464049149.27480847
fed8f3bf4a2d7a426901706c,649078874.6585052
480aa7fe286f4aa31f56d4b9,649078874.6585052
1e9850a50070dd51861a5e63,620415570.0499989
e26dcf5836f5bb53553cc413,845445177.1665905
c7ac975025713f368bdb0af8,611116028.4390969
73fd5bc0aee47d89a160f5d1,620415570.0499989
5bb9dac6e0e9409e89aa6cee,649078874.6585052
9b15aa6c85804621f5c42566,939320820.1960077
199fe72cad28e4554e359ff1,939320820.1960077
b28ba88f3665a2f26c2f8e47,939320820.1960077
453ef603a66a34f17ae22227,881651238.7582958
d8f4955ed4fc363d6d9ea897,881651238.7582958
f2eca7e3226f625807f7d6be,1428939868.3234515
361ccd7f37ada9c07ffcf71c,939320820.1960077
e7d1ee027da436cbaa122f48,1141841482.3812752
554ec896fe4f9d8f2e8eabe0,1141841482.3812752
ba79c72aa8bbb0517c899b59,607150517.2377616
69dd957e78fcdd4d8e874acb,419393294.2028482
df91a3c7f364df5e6831f2de,412739520.9929858
77866048ba7b69532d0a18cc,522863935.034046
a792bde8819aebc5b2d73a6a,649078874.6585052
6293e4a72b5c84782bcdbf78,522863935.034046
bcee01a5d6a36f48d99a5e4b,649078874.6585052
c58b56f1202d1cdffdda3021,464049149.27480847
ed3275b560f020baeb9ce3c0,464049149.27480847
2a872557ba401f4c95e0ad2e,845445177.1665905
6b8c1c7c855656b0e56f0bb6,792752055.2614546
d6297cc548b16bff11eea51a,715640714.8186611
dadce7c7a446a6a177821b73,649078874.6585052
f5d9d8082e7652e97973e0e4,939320820.1960077
2ef9126614eeef828f797e66,860346346.2987069
c70439fc435337f1e8fd2f5e,1141841482.3812752
79631cac54b1e71c1022da12,1343377391.6351655
6fca3b70ba2c68d9e0d2540f,380330994.39062077
5b29d453bd368190e0e356c2,483547725.832978
25995099875f0ee622ebc31d,779793711.581268
34bd7be0761ab3d43da7a81c,476789863.2443033
b8e15d182ac0c74fba332b8b,478373942.35856014
901e3b835718ccae27c8831b,594992767.000995
e1c7a101e5d518583f9a2a7b,975762252.5384045
02f6ffcfcdd3dbba94dd7b33,1067674471.8663789
2162e09e137eb5f4a1f32b16,463258808.97537005
5eb815f9023e6eb97786233f,1306980762.741606
d2ab14487e0ecf640a785277,500418023.73639125
437167a9db41b677da7d5a7d,444279613.4824332
c3f889c41c1effea85bcc706,385092424.82307976
155da5ad9ad19d57a7632cd0,512486472.19419515
43d1fb0646562c3f1dd6fefa,512486472.19419515
8eb66c4b057dd4b07b5fbca5,512486472.19419515
f9718594fa52500c16e3cd71,696729966.0051054
d9c46d54ba6df0d21ed4ca49,599251705.1608856
d3f688e0deaff6648f2925b6,409244676.89678633
093a92c6846c924f88ba8750,918042794.0131088
9b1223cd8c9d7b348d6a5c94,995903694.2091717
8209afd76e36d8b5c4f7a991,388976761.09152997
29fd909e7cef62de53430e1a,388976761.09152997
76df3d616d8bc1de789bd83b,388976761.09152997
8aa5d44a72b2a6851d14ef86,515583100.447286
eb4e1b72abce1d184dd4d5e4,515583100.447286
2ba24fd47c2ef8520bccf6eb,618115272.5255177
1c9e38cd216595b33e283134,618115272.5255177
2fc150cf6ea4141106bb8ac4,325982943.9849502
8dd46fd8ff592358e4c3e7e5,347096181.6206674
d5e001b2f1dad3962cfff9aa,463258808.97537005
6e73e42a0d2ef8d6e403112b,421570290.263158
2537dfc786054c61eb3a80b5,666008137.9107056
19c77db46d23e0c07a06a8b2,463258808.97537005
e6424086fe1cf2a2931f4847,666008137.9107056
66526276a7e8da597683e8c9,521644815.80728203
cedd20027ebbf47baaa0dbff,521644815.80728203
ac7c323295addefb43c62acc,620381983.6305529
a8e74eb5eb523143cb291cea,618115272.5255177
ad393e9070779969b496fa72,618115272.5255177
64d9dff81c79a16579cef2f4,1134671445.9938495
ea91281d5eaf6b8f436d47f6,1134671445.9938495
06e59cc783be86bd145a56c6,618115272.5255177
7458171e4db497a4cc1365fb,1095926934.2726645
12d73fb8f4ca87b19ca46231,620381983.6305529
5e935d4a03c6abc86ac5adfa,963082343.4267806
2754b4e12a7604efe8e03f5b,805047214.7470294
9ea7a0d65493cb5487ed2084,403637566.5265278
7845cf57552577b059dd13ae,409244676.89678633
6e710984bbf2662a9cc7bc4c,345556161.20159715
47720fb9e2586dced75db114,400641523.1221124
cbd48f3342e63a84173a8dfd,332505152.36159015
cb83c138aefeadb184d2c7e0,553520701.0093035
397d4e490eb2db8a1b18051b,479578936.404017
4f65732875c007d3c1102140,403637566.5265278
1f8ad363a0539a6f2455c3fc,408025079.69789135
9535ab027f9f2a9a8fdc21fd,457118207.4760943
248993a27da888a6e3ffefe4,434459442.6138904
cd07b4553b6d3863a9e444e8,516942789.47094595
f53fe605b0a2857cf3facf73,599251705.1608856
ae48e30b60ec254bf0dc89ac,516942789.47094595
2a0e902f3c07cc9696000177,516942789.47094595
d57535248bb34f65ae678a39,540313244.2085806
9949cbc958bbc0114404960a,692984706.5922581
841c57617a075690ce412083,553580773.3232915
9fc4385ea76cabf741d38789,385778513.38835436
0367da7dc5374f1957a1b7f6,873516847.4016573
7703f868650a8252e954e457,803776394.759343
4cb9319ff5adaa62386b713b,803776394.759343
dbb30f9d010677de2aee1b71,994775467.5827143
0b54c51a787fe58bdf677658,875146731.8783882
5234aeb6d817b8ad876e50fe,601536958.7642606
77359d0d34ba4c9d825e46ed,336510064.73639697
b84795015be5077f942f5170,385778513.38835436
75f5290d61164d42b39d9d51,370199383.6272437
b46d50c84edaa7feba938671,803776394.759343
be8c05b72ee7867fdcb05455,1043769597.5061005
356712646865d98127b92a57,566317210.4598948
ab765acf8b87daf1673b3a97,780301342.666971
3a2cacbd3b4f9a23514b1433,916056105.6625013
3c6d485d7b01ddd6147746c2,553624810.2250518
054cd21c3b12f165bd520313,775590786.9497559
e114160e3ffe6a703eb42440,552674986.0462753
a38b2d75349c56ce04f02a94,606658867.7398565
71fdd2b1214b9371ef149c1c,825371557.9085172
10970057efd092c98037498d,516942789.47094595
7543d0e85e6328ebc8283d75,516942789.47094595
db1cfd89dad114c11ab2d409,822202170.6825628
760f24a443eb01721c6ffea3,1028092485.8779112
a1508f30ba87423e7393b4fd,1028092485.8779112
5814dc311aa87b24e26aceb3,616660664.2336209
f26c2bb4d5787541e9c36463,1028092485.8779112
cf07a5af6ee98d735bde14bd,616660664.2336209
8b716c3dca89b7caa7db1aad,651569616.7861828
df89e7dea6c313b0cc262249,616660664.2336209
3e2c1d2cba8755ffad9cff27,1195890481.7528276
6771a8c70428fec0f21d51a1,505671974.3226878
d8171d498291341094daaa39,1072616875.9208581
3d43dd23536f843c2c5bd268,1163604144.7490342
785dea91d94ab384bbd6ce3e,677262548.7830176
6c316d2bb84fff36bb01f14c,1299376149.9359713
08ba99aa6a8ee752209de6ae,475060335.6262088
d177236e8c725d4405025916,1120367839.065331
9a6b537a7319b3446977919d,1242801279.5400698
e2e7b03feffb21bad63eca2d,755604058.9834642
f2fa898e1bcccbdb92dd91e9,845962227.8014885
2c340ee014e39ad0fd1309d8,1166604484.0254135
7ee83e5d70855ed21455b6d5,924957212.5009665
fdd4b5fcf9ebadf96545038c,634702005.9351256
512b4ad817c387bed877b7d1,1302636343.337464
3ba644c7be754c21e3cc48ee,738775182.867144
cb38dc837baf3e0531c6c115,916099537.4935561
5e931fda1e62fe41ff0f2ba2,533709261.5307155
0ce9a7d4b0682dbbca68e070,599893767.2534485
8d114cef336100a8d8c81ce1,772700206.2310145
ebc3a6574ebc530ef715ea7e,681490364.8807138
4c2b14bfeacd87b878cbcc92,706277973.439314
577b17cb350bd2a646725b6d,1120900470.6020188
0dbe463995c605bcdffb133b,365046719.29823405
88f3f39ea06fb882c69bbd10,370784276.91680783
e54567ced41a40938b85485b,662035155.5412105
cb6d29f005078d4d4efc2d04,831045188.6458031
1d0919344e52b315441aeafb,559791720.0597347
62c39ad30e9a26d8cf3593b4,932602361.800546
a02bf67aecbac445a12da958,1354446617.258517
06baade01a74972cc4a419ec,692707510.643988
3943b64f9550a575f15d6d29,1007056844.1350477
b62d64605362afc574ea5b0b,1180658165.466429
0ef45eb4356e2f0331ad2457,835852441.1664835
6700ad4d4d7f70def59a5d59,829562555.3301971
19ad2fa7e170c67870ee58f7,861337136.3275454
919c1e281329379c4d130416,1051273982.5757176
8a451ef547efb90a8fcfa6c8,862741419.3157902
5c208e5c37aad07602f7cd7f,409244676.89678633
164fb89266e40a2530400599,409244676.89678633
5fc0f0c4fa019b6f1b2a016d,409244676.89678633
3b16ff50ec7fa717efbd62ab,516942789.47094595
30e6d4e1c53e9e81ff66df43,516942789.47094595
cdae3bf05372c13649a2adc8,516942789.47094595
170a69c11cf4f855ed015bed,886832580.6586834
e14b31f8a454e47c383cae94,363032509.80615616
14a8134a56af1b328321cad4,486372867.03792864
ea8cc21bf7d48979bcae1458,486372867.03792864
c287dbff188e95f833ab21f0,486372867.03792864
2cd0b2d7561919f0223608d5,345556161.20159715
1acc5749203f964fa8b2092a,351775824.1089494
9543c16bd5eea47111e6b266,385778513.38835436
d415dc486936995f8b3704e3,336510064.73639697
ab946dfa5b9d7214a3756978,677262548.7830176
803711fede531ad1621a6823,662035155.5412105
f83f29f28978d7dd76cf5942,706277973.439314
4bf284e6ba81bcaa21a437fd,692707510.643988
d8ed50fbd5ed46d36b3d2dba,399827423.01702136
b40128f5e17574a5d3da9a32,616660664.2336209
506d4cc6613a07c313a12de4,599251705.1608856
558b7d06789a1c8e488c38d2,599251705.1608856
38410183814a757520143737,616660664.2336209
560a750cb6f8683ccac4563b,599251705.1608856
48740edcbe275bed3c82efed,616660664.2336209
50b2bb276e598c9cfdb42b0b,599251705.1608856
302adfed183564312f9e3087,634702005.9351256
063e53d45e5e7945f1f10fc2,845962227.8014885
6e2c39fbeb5392e6aee9b644,1028092485.8779112
8d6c523d4100ab0c83a31fed,1028092485.8779112
6d6aaf30227f16b2be29e79c,1028092485.8779112
e73e5e75cb18f52dd7239361,505671974.3226878
dd625806063f76dcf53582d5,1120900470.6020188
a4b16572b8bb786561baa3c9,1299376149.9359713
9446f801f30e8b2997fbd72a,1194942705.3870091
941569c4352c3a2e32c908c3,1194942705.3870091
8b4c54125d9165554e4123a3,933377571.9727491
d50f33fe5acdaf5caf1c6ac5,420386622.98019433
46ff039321805b51870c64f2,665135434.3546215
1ac6c220eb690db798a3d4d5,737904738.3904527
faf872c4bca132b52dec368c,746319511.5481457
d92232d77f7a124e7ff13ee9,762746444.661121
f9a136d7944cb7768b598a88,384801218.2187012
e03610db09ed7315cfcd64c9,428141030.67656827
8c51f1b43f15b70d2a294918,340637972.79386157
21d141a84af5f0e2ade9b0b8,431520621.47758
55c7cbf5e572d2342d0d7071,646261404.8695462
54c0e5e6d368ec51f6e75c1e,646261404.8695462
434ff40bff8fad0962ec07e4,646261404.8695462
0a199d5741b5a6213b39b793,646261404.8695462
9931470b50580f51e1a4fac7,646261404.8695462
89498fdf642e770ea75be7d8,646261404.8695462
aba39002de605f9ff34bd542,618342218.954564
0c1c0ba7d75dc4090b7183f5,602099355.6463864
2ac425aa592565b44b25cdc3,602099355.6463864
c0cdcb5f860e3a974c401861,602099355.6463864
4ec741bc6ab20515070cf1ee,602099355.6463864
3d4c48167a8de8cb0e4956f6,602099355.6463864
f5741fdd9f509d3bb02e35bc,602099355.6463864
c1d0c0846ec652774ed5474b,602099355.6463864
ed2c02ddcf0e54789d9d2675,955811000.1275914
0e05eba6eed4e55e89dc5f14,955811000.1275914
b29e5a75740c8439aefc9321,955811000.1275914
218445f989b2da5eff4029f4,955811000.1275914
0c7da0c2613129bc322b1da5,955811000.1275914
a41210034abe19957b317d1b,955811000.1275914
0cb4217cde38e09571fa73ba,1272110793.7935617
9df0663317db1cf4121a222d,782170736.6726565
62be98264dbfd418ba21cfac,922331939.3345135
939ce1536f15c0e6bf203dd4,560007079.5126988
d9028df78f9b14a720dbaa8c,560007079.5126988
b05f4b5fae2f2faaddb377fb,512486472.19419515
65ac61968819927b8fd9b990,512486472.19419515
1e83b53963792d7445e19d27,943870508.3744384
72eb1af691a950fbb7e8d635,416576880.13632065
94fecb92077ffe3a72aedec4,454476655.5248186
f660a48b0eb17e98dd77c0bc,554400654.0825386
27fe3fc3838695ce34c5d287,371915564.88835126
9ff4b1fc1970cd5c102cb755,1115478587.2281108
b54940561992090411749db3,384801218.2187012
d4990842f549d8139fa94c87,602099355.6463864
f6013cab49ef9188aaf87972,602099355.6463864
cc2e8713dd087d3b842d2f11,482104809.4353718
fb8aa6b6c5d2499d404f3f73,482104809.4353718
6a8b9fd89b745a52703715ab,369639396.8682001
4721d06c49413558bda1fb68,369639396.8682001
0100b3a412accebf6a3aa4b1,369639396.8682001
215e8852679b9cb6c4029ce3,369639396.8682001
0afec1b2e7060b99dbe41a10,369639396.8682001
4ff17c9b88aeeff105b8301c,428141030.67656827
6eee8548b87c9349ce90ac2b,428141030.67656827
9b264d26a196a76951308cca,431520621.47758
945fad7539481410e8bb60e5,428141030.67656827
f727924f0f35ec9fb58d0c31,428141030.67656827
c7876dc81e250503076f43f2,431520621.47758
e4f3e425e9f6e393999d7a08,431520621.47758
cee1833e8964355b9aabbce2,433201648.77290535
9a1819c45b01c341647a2410,428141030.67656827
ce95aab452311a0cc27e0c7b,433201648.77290535
e6eff72b7c5b0fc2677af2ad,431520621.47758
3b368c10d243f6bc9c027061,428141030.67656827
510c03bfb80d92d180803887,433201648.77290535
664934c8e209352d2c79c971,428141030.67656827
689ba3a92dd7c12f1965031c,431520621.47758
93d4c413d2a1ac59f1b46830,431520621.47758
08b09c586530266c14e611f9,431520621.47758
7157dafd306fa99e4c2ad233,431520621.47758
74e15493f395fdd312d50cc8,431520621.47758
c34c94e7129f84267a5e4fd7,431520621.47758
fc0572d7185e132770c3bad7,602099355.6463864
5c1bd88edef0a4146c871fcc,646261404.8695462
a28a31f7d0e3fc6298606078,602099355.6463864
f388112376e68ccb2290074b,646261404.8695462
05d1c33ea8c89ded7391ea92,646261404.8695462
dfd84193c81ca8430fd27ad0,602099355.6463864
8b89813a4ae5f9209f854be1,602099355.6463864
d7b9566ffb28c753bea96f0e,602099355.6463864
8062b4109c12a95dd62bd43e,602099355.6463864
6d305d6f3e3c2a53515d5f6d,602099355.6463864
ff143fed55f12a0105f9f88d,602099355.6463864
0fd9a2a99c44c9e5565fc17b,602099355.6463864
7f85c59323701ee0e75abb92,646261404.8695462
19baa03dc4143a83920a7d2a,602099355.6463864
bc23ec33573f28442b36f60b,646261404.8695462
9957e5492f63fa295772246b,602099355.6463864
62e376b22a4cf0d84b7f6bff,646261404.8695462
0867853879129bfb46dae700,646261404.8695462
92c5129009b7e377fa004a93,602099355.6463864
6b9d38e0b9a3e28e3e695be1,618342218.954564
b6da2728ee41d035da57c822,955811000.1275914
adf5879151c7236f5e055e1f,955811000.1275914
bb31607d0bc3ee4a37fc912d,922331939.3345135
3ef8fee6a5cf42827d8bf562,955811000.1275914
e6016afcc032d20fc9d6f2be,922331939.3345135
f3962b552d34eb8bf38b4763,955811000.1275914
bce7369d51094d3a9d3495e6,955811000.1275914
55bfd350162592f2571e3a0d,955811000.1275914
3f226452520ee8f04e306bb9,955811000.1275914
b16fda9be5edaf4cbcf07122,618342218.954564
e6f5ae869a5b7a30e8f0fd0d,955811000.1275914
ab0babf6941ef43c35acb951,618342218.954564
3bed16373c8ae820187e3d5a,955811000.1275914
bc1335d419a1c0f6e6860470,1272110793.7935617
98575cb25b358dde32ad042a,1272110793.7935617
fb50f2f13a30fccc3903577e,1272110793.7935617
7a608479334951a3afdc655a,728112843.7498261
9cb40496518bb99a7a00a2ea,1449026554.2350557
a69ded1c20e05bd6b3a90028,651489888.5521466
71d422db0c0c638e448142bc,565935397.1071346
fad033a3c81708df7b6ee73d,651489888.5521466
99fae85157be04554b236007,417298214.75058615
dcd314dabc7d162cfc29c81d,651489888.5521466
1c65d5172e53b4c7f1c4d6a9,651489888.5521466
cb6d4db44c789fcfe8236b40,651489888.5521466
ee2c509989c7155bb472c5b0,651489888.5521466
73b60c9053ff8193c2dd2823,417298214.75058615
2a487cfffeb12837a5586a41,417298214.75058615
c9d285946ffc4c4b3ee95da8,651489888.5521466
6a21be8a7a429eacb1de8c1d,565935397.1071346
2a7fc28219bee48a2368e730,651489888.5521466
5b169f28ea1dc473ddf11580,348490927.9822926
58b3ab31de2f9fdb0da0dc8d,496334634.2077039
2054c61f0162a18c6fa2291e,376897899.00356096
39940234a26e7264b464450b,513383098.55963594
550157aa4dae5fafc5d795b4,634029507.3757023
ca87bd8401c0c7bbc4b3f286,883202247.08353
a8fdb6fb681aeae4d5c22f9a,974470542.051049
998c864a446f06d114f42fa2,861776730.8687767
bc57535516748048e38d4a2d,1191571748.8097763
ddd55d8001b809f304883ce4,417298214.75058615
b9fecb3e6a507ba17764c303,354936295.21627814
4bd30aa3e2b4aa077ae27490,565935397.1071346
d7ee2851bb69088f851970e9,557070939.7006475
40eb0c78da8b51b53548d914,1098316031.825728
1097d9a61690cc58a4b91e62,379086784.0358212
6aebff5b1fb3a438c2c7969f,483833496.6517675
af672710affcd7e44eee9ba3,379086784.0358212
fbe3b74f9e11c829d4dc69d3,1204901480.093422
6b7219005737d8660d134ace,1204901480.093422
042bd2cfb2d33467149ece1e,651967392.5305971
d5999beafbdc8acc8a6ad809,586629442.7805728
4ba65b1fb8d8ab0a914b0b8c,483833496.6517675
230864c9c9c5959f9f0d36ee,447900158.2957088
8520fdd4f5fec0ba861ca9ac,379086784.0358212
447dd594fdadb1b12ab32e6c,447900158.2957088
3d405df6e5dd012419f43ba6,993445281.9552335
e120c33346ead011ab7789ce,483833496.6517675
505740f7746e0154932dbdc0,483833496.6517675
e9a427f23e80fa59d9d517c0,331120607.0743938
97388d009acd9e5ad49e7c4f,434273184.83051294
a100f050c34e438070ff487a,434273184.83051294
96d14a1d29b7abc2cad573cd,515410417.2158056
f69e25355ce3887bb1078fef,447519900.3397644
86276ef138e0babab9863276,447519900.3397644
344f3bcc1acdba48c12f8441,614619363.8761746
f3dbdb2b69017cfa026ee18b,614619363.8761746
ba32f2964e8b68ff5555fc34,611420096.9774246
fb7154b2dfd2a48c13ef70cc,611420096.9774246
089dc5de66c6c4132734b9c0,611420096.9774246
5c2ba5028fd94a6b9859de70,452895362.3852154
e8544410d811163a13c6a326,452895362.3852154
74d8df07206df08e8f3dc232,611420096.9774246
6fb4126e3ff41b8052fd0657,611420096.9774246
ba35cce2e715bda1684c937b,955316061.5649863
d7997b9126bef50985bab347,384801218.2187012
da3aafeb2d0105f8e09c051f,384801218.2187012
5daf1136686fc538db40afad,384801218.2187012
88f632cc304cd769e2d4be27,384801218.2187012
c5dc941305b5fb59e66479ba,384801218.2187012
ec422df56b811a0aa42d8bbc,384801218.2187012
bc8bd1feaa8fca4c52e130f6,369639396.8682001
60c116411ab3cca49f7f49f1,369639396.8682001
75ae43992df8ef41eaf9d98a,428141030.67656827
87ee5c7c49ced4ec99f44d5f,428141030.67656827
918f56ffe325f21522cc60d3,482104809.4353718
dae09210f48e5bbe0d31c728,482104809.4353718
c1ae2af40e1ea9da6380b8ee,482104809.4353718
e7b717278f7c95cbfceba80b,482104809.4353718
387f18b1f01b1aae536752e5,482104809.4353718
c036fb38fbd2d1b59ed5b7f7,482104809.4353718
76c510c0ad11fa67f0e9a4de,482104809.4353718
ff46d9f7dd86b8bff7cc305c,340637972.79386157
23d95cbbc056b4456b94c97d,431520621.47758
fc65a77fbdd07fb490ad870e,431520621.47758
8f0a61533b6a01badf43b6ed,646261404.8695462
c26990b034ee83450a4517b1,693378658.0576769
53ffa19a09c447f3759f86f3,602099355.6463864
86d80d3757377df6f2b8a0b3,602099355.6463864
c757b3960436c23dfaed4f2d,602099355.6463864
fd1431e595693fac0406151d,602099355.6463864
42b6cf2a5225dc62342d3a20,602099355.6463864
6f8a0e8f1bce0243ea50213c,602099355.6463864
02277f636716264116015dde,433201648.77290535
b72459ea34fa22d1fd012dc5,602099355.6463864
cf4ebcab3fe4d12e1a20146a,955811000.1275914
ae2c10850b4a8ffca934cc72,955811000.1275914
0e22a41ec27869c8f83f9be9,955811000.1275914
22a43024821ad081e654c5be,953232820.7118977
2054c223fcd48a48f67d02fd,412739520.9929858
9af6ac77a9aa0c6da3cdaeb0,345627745.276919
6601706d2133f96aecfcbfbb,420668149.5103957
ce011b7462e9be36184a2984,522863935.034046
f759f71e444c16a59187a067,522863935.034046
84cfb0342a0bf2c6777de39d,464049149.27480847
760fd4c893a56a4586030772,464049149.27480847
fc174b19baedc11f78b647d2,620415570.0499989
aff9e510eba008f3ba5c1847,620415570.0499989
a5a4c0f268548993b61d65c6,720895361.5341251
6cfb8a07fc1100569413b33a,620415570.0499989
94301e20cb91669986c4b34f,649078874.6585052
52c1ab7484e412ccbf5d57a5,649078874.6585052
2538cfce1c108ebfb1056c8d,463316704.75684386
d57541684e5c00bd9354cc35,545284887.7197933
123106a60208725514f3a343,463316704.75684386
7f2a2959f5ae816761be658c,1219971256.3316092
fd5758238e7ec91e415779f7,649078874.6585052
e3197263bf47b3d37f027e11,649078874.6585052
8e5661e79f4fc282abac1f37,649078874.6585052
cdfc387f8246a1bb3110d724,649078874.6585052
c53f3bdfe8159bae98ab005d,939320820.1960077
200ea08f57fa23013d0e661a,939320820.1960077
603c736378e07570fb985ab0,939320820.1960077
cc019e30685c91634d2fd4f4,939320820.1960077
b0d394d6c9b8967250854c66,939320820.1960077
f7a79e1211fc72e06a3a82b6,1141841482.3812752
8a1ea9d91b3d8a66c6341243,780276184.255425
22903633f8c4d91158f65c58,780276184.255425
bb67d95fc94532b1fbe80ba6,780276184.255425
a8e696037f8747f562ec98fe,486222075.65969205
72e4fa00e8aab44cf210251f,635532746.871796
d70948f87875325380885803,1066376971.0008852
a0e53cdd1132bd19b8ba0c54,758678788.0625932
882eb7115cd5b8b09fca0e47,412739520.9929858
529d6599d8a64c63566a11e9,412739520.9929858
e26eafffe4ca3c22b7f4a272,522863935.034046
4e4abc111c07656e5bbdb0ee,522863935.034046
46e7860100b0c09a6a475b9e,522863935.034046
7bfbcfd0fb8f5b6d553c2d0d,522863935.034046
5fedc401fc32ecc4d9ba7e89,522863935.034046
aee8b22ecf19495fc5894a08,522863935.034046
313e17c442fa3040065b7489,649078874.6585052
26206185deb023a344eb2e99,780276184.255425
4a9e2358d64df916e2cfa213,360879600.99683523
2f6515defc3b21d82e0ca4dc,360879600.99683523
a9b18720f68c7002dc71c3af,360879600.99683523
af911ba38d5376a8aa53fcef,420668149.5103957
025b094e1ea7248f4aba72f0,315376561.7312527
f81aa0f575dbbacdbdc681f9,420668149.5103957
848067a69d18a171e7fa34f2,420668149.5103957
e22ca3f1c8073e246079d57f,464049149.27480847
11444a88bb3b230b4feb5b58,464049149.27480847
7a9264f3a12de839a42c1783,464049149.27480847
6d825b439d8622ab90245049,463316704.75684386
d2d317f2990465269ef58c41,620415570.0499989
2860e4435c857cc8a661ec97,620415570.0499989
39c70622597e64c4821d0731,620415570.0499989
2d6f5bc20de99dd0bd4e34bc,845445177.1665905
37ac1ae3a7e2a3319eafbb58,649078874.6585052
fe6fb32f623a9e3d5586a8d3,792752055.2614546
501531d637608f7098ba6242,649078874.6585052
69f59487924240bac2e75bd4,715640714.8186611
358e1287e24c3c4fb353315b,649078874.6585052
55e307c88e2a943acd64a9a5,650229908.4262073
19105db21495d546e6792a25,635532746.871796
375419559910484b17782b47,939320820.1960077
c9d254244e315974cdf5d921,939320820.1960077
adeb9a6ac3d357bd96c019ea,939320820.1960077
b08e0cfc5bdf5bdf5068ebdd,881651238.7582958
8da2439f391c6db92b9260f5,881651238.7582958
d0751cb5e704e28e03514fb7,881651238.7582958
9051c6d14018b4894b560e2f,881651238.7582958
54c3eff286c62f05ebe2ba57,613417548.2050829
975ee5aeee84593bbeb331b1,416046703.648576
5102f4786cc032e24781c7ab,1167981882.3768256
cfcd97bfad6e013aeb57a2a8,613417548.2050829
f304bc9e9edfc24eeeb720d5,613417548.2050829
bd05a6f6ebf924adf92e5577,806107217.4095947
a7b459470ef58ef3bed7437b,390991211.03468424
37e009a57645b845b1673b8b,489660509.30422837
b70082fdca35092802f8745f,358373172.7498133
8a69b9d7461107db6d16d1a9,416598004.3766337
adf055978a7a8e9bbd88e741,377940704.7776379
6c02bbf7f6b087a1f0c8a47a,427473912.0149096
d91017d9c530e058ace2e017,446529544.9273468
89016540f8b3fb727d863bec,1172099972.1992722
506b653545eebba4c8821588,888803513.6207186
01fe5add1e7df4b15dd73bc9,654093543.7518404
4911d01ea0a4505d5db5bb2d,461082756.9186736
68bda8b092d5a53a35dfaf07,853068615.2034626
70bec150e1d8ac537cfd90e2,882380357.023114
0e21abdf04b36e5f6a1fc337,1244535842.025103
f53efb47de2bca5912ad7517,937421744.320455
82d6244acae149ed9ed88e8e,504726794.1818415
755a4fb96ff2b2276836f49b,504726794.1818415
f15ae83fbc4e4ee3f646b4c9,318508164.8809423
eac458ffc1da75fa1a4ab384,596557541.0002258
6f7bc7fd41ed908494d8e098,532245489.5427331
12d1678bc86ccdcc8ad756be,1023719259.6553291
6e07d31b81f3fc9b9de8e1a8,1496581897.6123822
6c618bfe55cac120a4f1e08b,770638380.9438014
22958cc4622a0050d1aead77,424598327.97696483
c7c3da1f12d872a3726736f5,412884682.70176065
ce30c2c7cda56a69005300d4,349621181.9441383
7a26e5936765b409b7b73cf2,1015289821.4658947
8d5a73b1d27a66b3f72fa662,716937713.6131214
3b8302dabc47048245acc09f,633526059.3129867
909182c92bbc39b00536ce6b,430576716.6032953
963da21c3c571d7bbc36f1b6,461712362.40588176
a73504d5982fef268f5ff589,607150517.2377616
50563038c05963223b459beb,607150517.2377616
b9a0058c58cabd619e226178,1087350558.956348
0037d98f6ac46a86e36def45,401993487.93307537
38117bca778373247df86e14,324887358.3674503
4eeb8b5347526d721092a7be,379086784.0358212
0b6cd71df4dde546e665f865,379086784.0358212
bd066d5d19d41c06b904d51c,379086784.0358212
f10e210fc04e3fb073568323,379086784.0358212
9f504cc4e6b170155d38c687,379086784.0358212
3e4c1e6435ea1a9c3150aed0,324887358.3674503
052c93502aa794e0574db9e9,379086784.0358212
343f45e7d178eb780a9a9818,324887358.3674503
c0c4fa199f0ad751930cf78d,379086784.0358212
5d86154fc1769d4dccac1269,379086784.0358212
e1fb88779e55aef2b66f2c10,401993487.93307537
c26af6fdd00a85a17b823d92,379086784.0358212
be3ee4457a26c6b6ad4237d7,379086784.0358212
9bdc79dd02cdf39f92e8c869,401993487.93307537
1d4bafec52ec7575161bcbe0,447900158.2957088
0f15a78ce3ff90b6894fe3c7,447900158.2957088
afa5698724bea14940667231,443157002.2772957
4d8e365b35a6b8ebe6d7a15f,483833496.6517675
6ff848f65f2507e58cfaa231,447900158.2957088
e13947242fe19bc3925919f8,447900158.2957088
c02caec41084656408c2696e,458956473.72254163
d6fd079beb9f759fa4c6886f,447900158.2957088
d14f7f939468e641c43abfe4,385003788.1547271
8f6076f8ed13e87862d82255,483833496.6517675
8d5e662ba25a71727f1eac77,458956473.72254163
bd2f9648ee9ebc1fdbfa53b3,458956473.72254163
da8f986b6ee6f594780f4a91,458956473.72254163
af7131ea57639ce5aa1e102f,458956473.72254163
30e10a03626eeaf8bc2c380e,483833496.6517675
6caf180e36fe18078703db02,447900158.2957088
a40861d6573e4539ee3c23e5,521288213.5879886
d5f905cebe05262cfc44bb11,651967392.5305971
809800b56b7b29399986115f,586629442.7805728
6b2d7f88f15cbf7d998986da,586629442.7805728
a0ede3a514cede68b721d994,571233370.9647332
179d467dacdf674a66c7310c,616342812.6289775
97f9cfef1e35be84ceea2a46,651967392.5305971
b7e01962fda2102f1402a444,651967392.5305971
6665e5bc4774d04321d1ba9f,586629442.7805728
6c09a3ccddc797f77d63f1bc,651967392.5305971
97986583e1c988373765eab5,651967392.5305971
56807890f8587cd75893aec9,651967392.5305971
0f2fb3cf22613a339c88f7e4,571233370.9647332
a967a4f0b1dd36d7264cb408,651967392.5305971
08ead1ac0b9b30c2a72db17f,993445281.9552335
1b989360ec91f5da55806bc4,993445281.9552335
b289cd856f9d15493d31ef6f,828894448.7709602
88668347361a227b6dbba15e,1042774532.8139049
ec3f1679451b9c0037f89386,993445281.9552335
9cd01a5cba1674559752f5c4,1204901480.093422
2bd96c7fe678945fcaf9662f,1213208086.6624775
9f118569fb8b084f0615fa22,316327863.5441449
033521a46dae036839ad6c90,310848735.01347244
bc1ee1f8ffe1ac88f08e2459,383167964.31482774
c62886167530efe1f84086ba,416986561.01868933
d58f191c74d26bc1fb02cfe2,454501246.5678457
981b55d5c38361caaddaddad,514661967.86221474
ef26c0f1cd9e3203ad16558f,514661967.86221474
74cd885ec200a0c21fa9e03c,514661967.86221474
fcfa51e5eec6829b9f4f2c59,368270364.5179289
c3bbe8c09f5e58281dddd412,504134276.40687656
8f36d25584407d9e3c326e71,691920907.4092753
51f4aec91124a9a96f4c5372,607150517.2377616
b7becde9261820feb7cd926e,607150517.2377616
65070c554133f2b4143fe051,607150517.2377616
c2a2ddb94f60de25378aecee,607150517.2377616
5ec3abf721e13b0d55829bba,775372411.6322554
502aff943d74cd4cbb976dcc,526971737.0646902
11e6e5ee92c97e31d34db891,1219250422.1486557
b1589aa1f58f6dffa93a3a61,1473708902.3895335
783ecf989538582ad008fd95,954856822.0879191
1770bd5b0a07a6aa785e0caa,537128516.9088112
53715a484e20d6152c76fdab,537128516.9088112
ef73428a38c201019267afb1,684291966.9580723
932a93e3ee2093d7f806fef8,639519328.8050277
00e9afbd1d27062a7bd40a3c,1202932968.2219925
a11a82cec7f8a243e2f90539,737904738.3904527
e4a70600296b0bde6c28fb19,746319511.5481457
0a1b1a3d68b04cdcb2d757cb,1248211940.7675002
7c06a2f06cb4226f9043578c,815012776.3960743
5e113e1e878da12e312cf875,1221282543.0268018
a72f5204153b7c92f52d871a,762746444.661121
fc17f35d300be9680971f95b,412739520.9929858
13ab6a062601d40843de37b8,412739520.9929858
22abc78ce812c519511f8a4c,758678788.0625932
faee4c33e892029b79b63742,758678788.0625932
c8d39eef5a5422e0da4172cd,320431100.41339463
b13683c625c97c23333269eb,360879600.99683523
00e7c5894c739852052f566a,463316704.75684386
2703313a3e5a6fef2157928c,464049149.27480847
8dd453e986d05c6c1dd104d2,463316704.75684386
22b34331d7ca2ea642d29946,463316704.75684386
23187388f9d6e2bffb88b9ed,620415570.0499989
6b49a668de0edbe7f8110740,649078874.6585052
ef0e5b23069a9fe377b77ccf,649078874.6585052
c37348f8247ade33ac513855,649078874.6585052
1d19edc1e0d907e5ab0899e5,620415570.0499989
c73ee8d419b96c6e7c53f95d,620415570.0499989
6251cda3676ecbdb6555c526,650229908.4262073
d12d6ea066b67c3db9b2dfb5,881651238.7582958
8ba4e8e071e458a13efd179a,515583100.447286
9b8d798a2c455a960ee74503,515583100.447286
d663ca1a0d29b4cbc5cae9ce,515583100.447286
dc3b8d97b11cc2af4cfbcc79,618115272.5255177
7d50144c4b2ead9b7b9f594c,618115272.5255177
ff9cb7bc0b972d4515ea3837,338787533.511666
267e46cb9eaec6c7009348b6,463258808.97537005
1769a8ec5ec94aedc397b4ae,463258808.97537005
dadd9ddd29102f529caa3bbe,336312799.5405848
251903f4b947b337e0134415,452470384.4647797
e1b753c283bb9c6d4e438bec,611188411.0088296
16fb51fd3d35db53eebbe5b8,846513001.1983601
8f543f9c31af1eb17ef1e353,625743828.0023662
20c3cb2d4fa486b23eb81bc2,521644815.80728203
6fb9e9ac6d44d3a286f317ae,521644815.80728203
15b57b0ad8794d64a2784ce6,844581473.5555211
d9ce31250d4ae25c3b850124,586224723.6436467
f90efcbfcafe544674c02586,618115272.5255177
05a98feedbd3f422bf063112,618115272.5255177
ea359d571ad0c986f826d31e,932232461.5029532
b02f1997e6e6f97dc808b8cf,876069512.8362006
307acb7b4044cfa5680e4227,1134671445.9938495
ddce386b0ad3199ca09aac93,788661630.9931252
9e28972500d8ca3fb3b76fd9,704005561.2381788
687b1dd576eb7d06a08c3439,744298934.3977183
23b2b5b9f5bf3e1208f5f80d,963082343.4267806
dddaba511b6a18f49b41c1af,963082343.4267806
874e3e3ec6f67c160807628d,963082343.4267806
67ade5109553a9d784886a46,963082343.4267806
6879f05563a9f0748088cc65,963082343.4267806
dce05cf86b42124fc93d41da,1265503180.6367006
1ea5db844a6d3a926480351b,596904387.7856624
4e9acf6e9f80f65178766740,633526059.3129867
a35450284f8dc27e0ed717f0,1090686802.364733
069499abc4e393fe540777b4,381928119.3798231
cd10d6e28fd7ce92518ea31a,813688032.2415453
3edc0e70e7cf6a21be2f0d53,377292550.2210762
2e2ff1e620063f416a387058,495038190.45641124
1ffdc10c53bb83d3be84c327,1123215760.977368
3c95dcc4bc3788b4cd5602d5,514661967.86221474
aa592f388454d575e0006206,492977815.44607466
f7e5bf5b0f6157ed1f604d37,348369756.0363607
513c6ea5a3c2c560c409eaa8,904942640.8323567
7cf15f80838e8edf4f9cdead,1043699763.5408508
49737c7682eff2513869b3f7,1019790317.5063161
4e8cdb49a2bdf68ad8d12625,695908183.2580235
86af11931b004aad3fd27b88,492795219.03522444
90921c9fce21986dd23bc645,963848138.0590891
d79d71be963d418a4c9dec68,1248211940.7675002
c27b2b735106bd5a77a15616,781406677.1290195
b6129a71f8e320aee8abd0c4,781406677.1290195
26922ebaf11e35a7a320d30b,1221282543.0268018
23f859b889afe2639ad55a21,621820316.3942252
ddf47d32045769c0596826db,1471945679.0406487
1d0c635770f2e51aed4c8664,1296245754.0503712
e6144e15d5cafcfe87c07c9a,525522610.4575413
a7c7923f9a4d004eab43413b,873736982.8846097
42b3b56289972176c20c4990,385928403.37911606
b63f49396431089dd646837f,549653326.6492877
e0b041a39e732783f98bde56,1048181815.8038236
409eb9b8f2ba87ca299a7f6d,537128516.9088112
1a46c13974f3634ca6dcb51e,537128516.9088112
4b068c79664179605b145a15,537128516.9088112
afeba13fa3f81249549cd2eb,416598004.3766337
3a3ce11d981d0893ec732e22,492795219.03522444
ed68664efdb7377c33f4010d,627130876.9701387
93de58cb0d8fbe74b0cbb556,702326336.3072248
faa204421a94ef95b79eddf6,781406677.1290195
acdb13c4c8e2a48b0bdabd91,779354944.4198352
5271cd1cb962066407490051,789695620.043052
933251193ded6df07c83128a,1296463206.0816307
524e00e537f841c13497cd52,458956473.72254163
a9d4f256527be98066c493fa,651967392.5305971
2207c1ed62f59d6eacb3c18d,483833496.6517675
97ea5dc81ba49ade4f8f580b,483833496.6517675
72488318dfb2181843f17c03,651967392.5305971
76698030899efea431dbb81f,379086784.0358212
e84888d2f22e14a5016ac789,447900158.2957088
d9398ef84ae71419cb7cc82c,586629442.7805728
6d32649478d9d86d840969f6,483833496.6517675
81600c1e6b6e3ae770e40b28,993445281.9552335
68075b0ac8e779bf5e66dd3d,483833496.6517675
6d7ac64b8b9f27f61fb155ec,483833496.6517675
d3bf3146ec856cc26c607d70,977550565.8902045
d12298e0d398e9d21d2e2eed,458956473.72254163
97b69097fee8d8496a6b8c04,447900158.2957088
fa6e53a7107c0e33e3d505d1,1042774532.8139049
7279c610bda9354e1c840b0e,447900158.2957088
6f3070318ab65b867b2702f0,401993487.93307537
e08aabb998103a941d24d0a9,385003788.1547271
415e1faab81016a460db7a0b,385003788.1547271
8b871cc48b99bd4190877bd3,401993487.93307537
7240bbe28e950ed75637b504,385003788.1547271
831629494c6d15d5ff6a00a1,401993487.93307537
1cccddc33bd892b44d7e4b7a,571233370.9647332
f9cc6760b1112ce5197bf399,571233370.9647332
0901e845b6c56d4761377a09,468287219.4047491
2a33fa5b25963f3dc928f668,571233370.9647332
83e9507b9ca2987a21d1b195,651967392.5305971
9381bdf491d48236e84590fa,651967392.5305971
c041a933261204155415c2d4,651967392.5305971
a1cd867286d6e82181e5d1bb,458956473.72254163
240d2474c81482baaf79b6fd,458956473.72254163
ddc1c85af165e47502447242,651967392.5305971
58f02c785ee9a506e899b967,733685205.7706974
8b353ba6823f4f800635f0cb,544905684.8801662
68cda50b602acb4efeb275a7,523899431.71570086
96cb3c08c80815907de81e73,544191671.5588905
f54dbd8f0aa752f79c581e5c,637281131.7120421
52a438d024af0d5c38627ad0,544191671.5588905
1b5db6af0a1c0f7787064020,828839981.6505115
84a7286c91f1ca3ecacdaaa2,1041569209.1411976
bc6d6249873222ac7f22b73d,791519188.545058
12501015fb631d7c10ff08fb,405654607.38605237
85b633e09a41cf22a10f28c8,514661967.86221474
7acb92246dbaaec1cc7b423f,419393294.2028482
bfba8fe959dd2e44a4202943,579393589.6597584
5325f16558ed6d2689bcbb46,419393294.2028482
d4653d505cede3d24e258d4b,579393589.6597584
5146ecaa8b7ed507c4f30785,779030446.8753072
f5b9cbae30356fb3a1d005c6,671705173.0244225
205ffcec56fd884ab24c5600,651489888.5521466
ae7ce478fb66882a2c952012,651489888.5521466
efc9ae02fd6c3f18db866cac,855312758.6955497
2221052e00c236f31e6d5a06,417298214.75058615
54673ffd4971d04493a1b1c7,565935397.1071346
b0bbdcf0916b246ca95c4721,565935397.1071346
1ef15e2b882a0da85858269e,651489888.5521466
9881fb167319b34cc23da955,651489888.5521466
9d2a195e645a9e8556683b4b,565935397.1071346
14acd96163e6b3e17177f35b,447548905.5657618
b2c5af8615b8899deb16c896,447548905.5657618
4c40683e401dae89f6537ab0,447548905.5657618
dd007a202a0a3d56ebc4868c,447548905.5657618
6d9c89a406cf2e755d4172c5,447548905.5657618
7387e7e385063c180f05a7cb,447548905.5657618
9dfd5df5a2efca3fbf2c07c8,567303945.8326263
2a9e75d221912230f98485cd,651489888.5521466
86ce27f9ca03821d13030f18,651489888.5521466
3dbf89c6e97182647bb44e69,651489888.5521466
eaa4893a313d85fcf38dbb6b,567303945.8326263
c57e1c323ddeaa7475e5189e,436598320.7101621
84856812b63dfd9630fa49e7,563305196.4493432
945202a450bea48fa7f2a95c,882591574.7999446
fd689e54d5c418dc9f2425e7,882591574.7999446
eb90d9e9eb53b44b07ef9613,882591574.7999446
79005399fa92d05558fd6f6f,882591574.7999446
5cde51bd6de3759821216d5c,882591574.7999446
230cb38e035b85a4353220e9,525522610.4575413
a22ed42197987a8534abf76f,801322408.0868593
43a2ceffa8ed90bc1a43255f,620350627.72425
8f2fbced5d357bcd6b1c7de9,801322408.0868593
6e895a15d402ea7fcee98156,620350627.72425
b6a2406025f0e1fa09690c2a,620350627.72425
f46d46ccc7fc415433e471e4,362308463.8799513
71710d25975271eb32c0c8f4,442339375.6012482
01b7bb1556b5c32df8f618cc,620964450.2817131
56e5afaecb2cac6293cde16d,382159678.4153613
70209b9024acb3e5baa769ff,684093941.3192607
efb0b413b3f661b23d674b3d,873736982.8846097
251db9c4b7398902b38b4a4e,484624925.4786044
e3e7ffecb903d2daccbf8a53,526263976.1601909
a92ed9a378272ff174ce2688,549470641.2032921
40a53a3f3d49f7905966295f,601750014.0465995
bcf2c303fc03897585831351,946334638.4654306
4b0ac2ce45d7ee385ca369a2,1191129830.0368261
85c7e8ac008493b34e8e0176,546181593.497071
0ff24418ecb6888dd8ec734f,1360900981.3356578
3164e0ecd246b8ed6cb6d054,1309942469.6392298
5f52e316136696cdb56e65a5,417298214.75058615
5ba4bb943139d7930cb91650,651489888.5521466
ba12ab0869d66e03df12b6d2,417298214.75058615
1a111211207627bb4c840442,565935397.1071346
9d2ec1ed9eac77d534ed514c,341954500.26826876
9030f17b47b3940c2e2c4093,341954500.26826876
3b224cf6107d815a2e78996c,448519412.1499446
ab0e770ac42dcc82b472c55f,438614805.3766406
75fd66abeaf040fa76eae2e7,616750536.7946718
c31d98f67673691ece007a65,430070937.645971
60d5f19c16554cc2d8e5940f,616588233.285557
53fd196fd0c0558ed1219329,325512990.2501009
27b06d060ecf702fc88c7956,754981048.5341011
dc014623ed69c32abce2d0f4,517521372.27937144
f1a8f09837660445961375c1,1199883631.309701
b98a462d9782988cb54ced54,1003026711.3233755
6ae4843a827b36bf189a32ff,602099355.6463864
84e4f6c6b5dec0da7f7ca0fa,482104809.4353718
b8f2b9c2e63f0091b6038ea6,602099355.6463864
e54c7ea1f012656f7fafa49c,371781107.3471025
f25f5df33f25576f805a95b5,602099355.6463864
ce9474244dc2d40f357146c0,369639396.8682001
54bc553b5b8abad0ceed4d53,369639396.8682001
e75d4ce522cf587cd66adae4,431520621.47758
b1f0b12c28c9bd2d16b3545a,431520621.47758
412e7b9e1de3df8c3dbcf198,431520621.47758
f52ce56f20251f018d7864e0,431520621.47758
6641ef09c0bf5f3180952b30,428141030.67656827
ada53307260fa34f3a6411f9,431520621.47758
51f0f76e2a8cf50ef3650901,431520621.47758
da482df3d0fc97f9f8582e22,433201648.77290535
55d47b5f3d0d2dd7c2bf4034,431520621.47758
1a6714ac2350ad371d8280ae,428141030.67656827
0006c9478f4e7edc53d84916,433201648.77290535
dfa7461510c6dbe5e119d106,428141030.67656827
5df95b44c73b249be0fc69e3,431520621.47758
76bd7a0b87bfb6d2723766ec,428141030.67656827
8570a1d8156dbcc267d3b495,602099355.6463864
94116b7517a06255bf4320c2,602099355.6463864
8ba2d7afde20563e38892304,602099355.6463864
f86ab537a2f5d8c2b223574c,602099355.6463864
9d0d2774fbcb6fcc66b865b8,646261404.8695462
9086e6e757243bdda003878d,602099355.6463864
5a3625846567d06dbe4cea0a,602099355.6463864
f51a78ac4b03665561552b0a,602099355.6463864
561a262410ca91d69a58645f,602099355.6463864
08d90f931e7e0a6f43c9d0e0,371781107.3471025
f47c64c8ee69e744e654d4b9,955811000.1275914
fcc4c878af8bdbda6e1fc86d,955811000.1275914
8d9b143cd8eb71b05d32cd2f,618342218.954564
ce6a3868227d78852fad9f62,955811000.1275914
d82f743ff414299f8c222db9,955811000.1275914
9b2c7e6cfb2d6c66e1ee8a6b,922331939.3345135
6e9009ad01cf466e8f8136e5,618342218.954564
a4bf0c02f139c695845c9507,955811000.1275914
16cf0d7977ed97d6ae8d2cc5,1272110793.7935617
d96855b0ec427f041e7a36c3,728112843.7498261
63613a9290bcd9e1bcf2786c,914142632.5094854
32036c1eb131e6cc4f3bad3e,412739520.9929858
ad47e82c9efcfa36ddac0a95,412739520.9929858
d5af3041d95f5e89969c9868,412739520.9929858
f2387712fa17435f56d7b102,412739520.9929858
c1c8024bb6c3635ff655843b,412739520.9929858
11e4350271e9cbb37bcb75af,522863935.034046
d012efd4a77c5aa5e8d6e508,522863935.034046
6240b85a47c079cd0efb077b,522863935.034046
85e332a999931ecd0e04475d,464049149.27480847
4ec02a406caf200b700f5c62,620415570.0499989
f3270f2ccbcccf3046346809,620415570.0499989
bfc5aa443994e3f3f78c6105,620415570.0499989
aa09cc29ab2f2cfc79e5bc7e,649078874.6585052
6eec5b03718975e5137d5e92,649078874.6585052
6974d82e41437d61c627b16e,649078874.6585052
ae3f7f428b49e6948ebe6fff,649078874.6585052
a9a710b78e776c16eec24be6,649078874.6585052
249cf6f96144f769030d1b4d,463316704.75684386
645f3c4490ce43ed68c7df10,649078874.6585052
3413f37549869d2172b76d6e,649078874.6585052
956600c9a4ed31e588f8c593,939320820.1960077
00ba709f184e70be13e5bf9b,939320820.1960077
275c8bfdd3fec33752493861,939320820.1960077
3206523e850b5b5fbce567a3,939320820.1960077
9c9ffb3401ab6ab90fcb555e,1141841482.3812752
4962650cfa3decf487ccbd0c,780276184.255425
a541b35c62878dc2c425235d,926349718.6827984
2112e589911b979db6e05a6c,815962799.7260312
c9cfeb97323bd6a0564e1903,486372867.03792864
30e1bd4619483b0e896b5229,444212984.04008895
48aa146a36aba8a0270a8a1d,1028092485.8779112
678a80840673787b3aa64228,616660664.2336209
392abbc83cfacfe87c401e27,486372867.03792864
51744814dd3a7e60c0791041,616660664.2336209
c6faa5d2ac8e74c26fdaad4a,616660664.2336209
1f2c22839c470363ff41551f,1028092485.8779112
5438c2127072b47e3af428d8,1028092485.8779112
32e182242a654ac03a8f3ea8,486372867.03792864
0a45eb817938241ca988c2e3,444212984.04008895
e74d815ad652f7046ba33295,927036509.8142798
2887a0d34994d284759db20e,516942789.47094595
621c3051ef29e8da01e6bb2a,516942789.47094595
54de2275006e273686ae5fac,616660664.2336209
b0a0cc38f73c9d90bff6ad92,616660664.2336209
f4df4ad4366bd794594c111f,1031937024.9633085
763206de4c26e3825b69f4c6,651967392.5305971
d5ddcb0a54416bdadb4bf57b,483833496.6517675
bf17eca5afccd9cd6299b9a4,586629442.7805728
02888257efaae858fdc7938e,586629442.7805728
1f8ecf6c089ce6168b3be52f,651967392.5305971
fd7a48744bf966e417f34a51,993445281.9552335
655d6eafd78be856479767e2,651967392.5305971
27472c6c6a801eb749b9719d,651967392.5305971
18fd9bee381e7a8c29a44c4b,651967392.5305971
da5d47596a755078a2261328,483833496.6517675
737c83218f0e486ef4feba40,483833496.6517675
2390c275fccc98eb4fa33af0,447900158.2957088
35616923c84423b44d1d1438,1042774532.8139049
22fcf0650753e2b5a2fa3786,651967392.5305971
9d8e7178912841c2a1232ad2,483833496.6517675
36c2cae6de0add92f32d29f4,616342812.6289775
699b68daa574a0f169436ccc,385003788.1547271
c3bd0b8277a37832f56be54b,385003788.1547271
6b3411cb8c50c1498572e681,468287219.4047491
fad4ecc419fb64b3f77971ad,468287219.4047491
4034cd9a70d18fe0c883a0fa,468287219.4047491
8f9417de118ef8486538955f,993445281.9552335
33f4f9988387bfc237d114fa,401943974.7999808
40c9f947e826f89c6ff3f898,401943974.7999808
351701c5d1b821253e2c8c42,401943974.7999808
f6b405af32c398147475dc9b,544191671.5588905
45750daec6238508791d0d4c,615598702.85718
eb85bf9ab77f59615960fbe0,544191671.5588905
0ab6e52af85ebf23432d7698,544191671.5588905
9b13a371ed4724d2e2966447,544191671.5588905
081bbc273db70f1d2cc84ed2,544191671.5588905
e113c48e4e1b53adaca275f2,544191671.5588905
4bb0666c55d174e0280482a0,544191671.5588905
ca516516b33dc09d712b3154,544191671.5588905
631e6aee6ec1f720f3c78775,544191671.5588905
c7746198cb5871bd687c2538,637281131.7120421
58a5dacf2f664512c2b00ea2,637281131.7120421
6d8998442d831addafbc878f,703922936.1460307
7d4ffe0038b3ebc149d8f4cd,845230537.215727
55ae7bc854658aa5fa49d368,713583865.5345789
042ff73057dce4d92d383cf7,386376826.0842634
807c04729620ec60ef18598d,431720779.08235973
5dead94ad2dd86dd41448994,457501955.2153912
bb90c874275456d5fe0de83d,457501955.2153912
6ea5fbf037ba7e5c74d7ca39,457501955.2153912
86dd7931177df94a649a4d62,457501955.2153912
58ac250fa52a1ac7ce39f70f,457501955.2153912
2861f1a224b4c879b845779f,457501955.2153912
8d06af8e439c45e0e125de91,457501955.2153912
bb2dedf6198be0f3ce2c4ffb,433125229.8418914
57d8cac189a13c180f08cd2d,422601786.60863495
db575f8a4e10a29fe81b335e,615598702.85718
e8c79fd41b001fb1da0d4fe1,615598702.85718
b81679b32ea288e9665dee49,1114833946.8802824
841482deb90d19ecb1ec8a06,388976761.09152997
214df9371aa59f68e5740212,515583100.447286
bc52abbda9027e10b879ed50,515583100.447286
ce8ce41a36b610be164a25de,618115272.5255177
a67412a01feb64ca6e772858,618115272.5255177
d87896f889ddfe1ba210d74d,405054537.1330212
556a39ca66e10ba3545f2234,483390224.8854288
50cb893af4ad0e21a69f05d5,483390224.8854288
3b5a5d6536a9fd24f02e8ba0,463258808.97537005
121cc20fd81d6322f56d5c53,496168337.14698094
b9c893f3c3ac4dce40d0ea19,483390224.8854288
47bf8d322af3c13e8868ed0a,483390224.8854288
a4325969a50a14c948446f9e,515583100.447286
4583a6b01449530079415768,618115272.5255177
920e2bd03c9d34e36fc38ad5,618115272.5255177
0a59b506798fb96edd7681c7,618115272.5255177
e8d2cdda77c1d885e21c7bbc,1242836742.8042054
8abe99f2b71b13dfe7d71616,1265503180.6367006
c07e98122103d1546d995f9b,963082343.4267806
29fdab43da21ed0d22c9c71d,345416159.4346908
f2ba7982bed03cac394ef87a,567303945.8326263
eac89e705cfd337a99417320,341954500.26826876
40713332e88c6d3a393c8b2a,448519412.1499446
a9aad230d22f7dede73acc8c,882591574.7999446
3b7fd4008e14e394dd09a0e9,1379192197.6386814
098327587a877bd50df27551,444406817.85006297
0379b6a001e4018c34e944da,662447331.0095851
45f24dd99d362f49c0adb875,333524219.8709602
dce1dd028695bfc5a47aa6a1,368513369.40245664
cfeb702df06baadf29f12eda,549551236.0794318
9ff5828e084070628ef2ad96,401983787.66153
6920e6d7fff656d66844949a,802426349.7241578
31ed69311bfbbe000f4483d4,513383098.55963594
d300473e3d2ced1177c9fbd3,886261107.0539011
2cb64650b876ccbc7337a0e4,565935397.1071346
3ab2ed6d140698cfa41f2e3f,428141030.67656827
9f8697b55cb665ebb054f9fd,431520621.47758
7e844f8a24422ec3b833b4a8,369639396.8682001
55a615a3b3919798d54e885f,646261404.8695462
fd26da8e62b5d1155962f0c5,433201648.77290535
ee9171c496fa78b1461acf88,602099355.6463864
d5182c47a954c964445f25d1,922331939.3345135
e064b4dd7b4e64a3e0016f0b,646261404.8695462
36753a5e31b0edb1eecb8bcc,433201648.77290535
c2ee475efec76c46efbf1b08,602099355.6463864
3baeb28cb33d048bcd6e42cf,384801218.2187012
6a6d990b9b1bea0f844d3065,384801218.2187012
e93dbc804920c0bf7bcf8cb3,384801218.2187012
b9ea1b9fc0e46ba0724cbc0c,384801218.2187012
95e98113e39820523e95adf4,384801218.2187012
942ed340950f02adf9749a36,482104809.4353718
8538a41c0e0fdcb3829364e8,482104809.4353718
804289a128775f7d1652cb43,482104809.4353718
3dec1da01706b06f5d6a9266,482104809.4353718
fe004acdfad6ac6b00911ef0,602099355.6463864
6c679d5b6a1c1b74bf483478,602099355.6463864
ba54b5ebc5d4f554bc56dec3,602099355.6463864
5b9469c3ff6b197bfe3513cd,602099355.6463864
2ca6ce8266afc6721d179335,602099355.6463864
94160aa4e5c54bb479b1d0db,509557727.6688871
eea6a2137473c3ba6708b576,364588103.2370961
9969f6f4bfb29e3a97c2fccc,464049149.27480847
68006626a3321fb0de032307,464049149.27480847
2149d04442f73cfc78f93bab,464049149.27480847
01cac7d033166094ab9f87b0,464049149.27480847
15515ecdd35e9f175842a738,1043761611.874461
86f1d6fc54152004e69027a0,620415570.0499989
0bcf7987c4b0ba485c44caf9,620415570.0499989
107fffd601a2bb7a3e4a69e8,620415570.0499989
5a44636153b1d4a74d58513a,620415570.0499989
5ae08e5999ca2ba0a1e2d8a7,620415570.0499989
369e9e64898ea16b7ffefb7c,620415570.0499989
192b505186d0bcadb46b7032,649078874.6585052
6dde6686bfdff12620f198d3,463316704.75684386
503a04e079773a04f2abe075,463316704.75684386
42b5ebbca90572b9cea79177,463316704.75684386
0b6f2534f862a7ef551a116c,463316704.75684386
05e06a93e9f01dd3984a85ab,463316704.75684386
c6706db3eb4f0bbb0510578a,649078874.6585052
2babb357d1d828c49bb89be0,649078874.6585052
3951171501fc51e2d830cc82,649078874.6585052
fb72b8e0457c0199e158e599,649078874.6585052
df865201353bc7b915b56ac6,649078874.6585052
8d1b3071f5396359c0b6cc62,939320820.1960077
c451b61851c8ae1e6222109e,939320820.1960077
e1c33552eeab60683f2f89d5,761479174.7255188
1d8d51cfdf78f1361710708c,651489888.5521466
bdc8e1a1e06d387f9c7b026b,651489888.5521466
2b36d797d32013a126e15709,341954500.26826876
13b3a55d79b79ea89a73d21a,341954500.26826876
e57ad52764215c3d54740ac5,341954500.26826876
19e11b2d60326895b5e6ba01,341954500.26826876
f6e1752b9f4a0a3c8573910a,341954500.26826876
062efee92601be294d7346a1,341954500.26826876
e2c3acee51cdd03b1f211278,438614805.3766406
9390ae5c166e1a976e53e16b,359107810.63775843
db3aeb3a96304f3c255e8a22,341624388.94348055
d353be29e7ed2c35b920f7c3,588553658.4036231
893c1b081e383de73b9f2e16,422425575.7261739
8302e2afc48d6eda16784da6,626712169.3415476
f1e9676bc91a76740f4e9b0e,651489888.5521466
ce86066ad78dea43089d25c1,882591574.7999446
c89ac55660cee4608bff27d5,447900158.2957088
b183776d007d85bef0f6671a,483833496.6517675
e8872302ba40e4ea413689da,468287219.4047491
0afc6cbb60f34f1cf00fdfb0,458956473.72254163
a811af7cf12afb1dd9b8eb86,458956473.72254163
7947f71467036449efb99972,993445281.9552335
2ead9549bab6f1386b7a2c77,1204901480.093422
b54e8d557263624947f979cf,651967392.5305971
fabd2201750747891eb6af77,1204901480.093422
7c3f7b513bb20c918a51dec6,651967392.5305971
0dcc222d83e1bf05f2c2c090,993445281.9552335
3ee3ee47bfa21462a1fd455d,544905684.8801662
1dc3b6ea53413ece15bea33b,884947246.7907697
f44362b932a8b70ad4b99a29,447900158.2957088
5372f93d988c3c917629f9f3,447900158.2957088
5c25ccfc7ae77f1d85981a79,447900158.2957088
4df222356df121a41adadda7,447900158.2957088
bf38bb7a2a7ea663cc8f3d57,447900158.2957088
ad0025f5b240d00936c82f9b,586629442.7805728
2afa66b726ed0b1492b9e01b,586629442.7805728
a528312b77b7f84741c2bf29,586629442.7805728
1cbeccacfa11843a256b2e2e,525522610.4575413
d11eadc78d95c96f50b41a10,620350627.72425
c918e02b3e6d80125a2db1cc,351095093.1109957
b2af005e93b0242e0f62f298,605769438.9811859
ed9703ed896c6118a3458e78,362185851.38938224
8ed11c1d4e7aa1ccf0ea0508,348058354.90803295
9717b066e135a82feb422181,526263976.1601909
294985765f4d12e51a68a451,684093941.3192607
edbeef6a08dd17a941634d49,546181593.497071
26cc292628ce4aa87cd287d6,751511931.5446767
47f7065118bcd4c3878e50fc,600233457.2998693
e369c63f83c44329ddad488d,600233457.2998693
383c0948aac71636973507f4,635132277.4814934
6bd1a412c01387af8810ce57,744669713.6746116
4b92ca1cee4739104e620871,1142876609.2619917
0123237414f757b9c3809f88,972193119.5869797
6e36550a6ff6fdb2711a88c1,1262273427.0510995
1b5de74aea685b506a952f4e,376897899.00356096
d85fafb4d5ec056e6db9a79b,530845066.2137049
cd097f6cd92275ec8ace1f20,797485533.6037191
ced1f52def08143f0b2b6849,565935397.1071346
89a03e25c43a555b47c53864,565935397.1071346
f8d64df401009704c152bcb6,422614159.13810706
2a5aedaaad2d908122f28f22,705068684.0691853
edd0b57b90629fb00d036e34,949056192.4715585
f8731413b0d976c03b7e05ca,818841653.6148034
01abe3cfc94be46c1153c82d,651489888.5521466
aa7f5d0d2fd5474cc67cc70e,651489888.5521466
4912c91afa6e4aff6ffdc6a8,890000000.0000367
9d805330fb0df9ae73003ceb,795042210.7301568
7daa9115f755a6c70411b9cc,874315136.6332783
f5896513d1cb044108d23785,1139643283.6509469
3ff2a2fd905d81f0422c54b2,405654607.38605237
02ed31afcba033953c79d95d,383167964.31482774
c2164829374d5e880c1a1f31,514661967.86221474
3f6eba5c365508ac192f2b82,419393294.2028482
3289958459cd87f24089cd14,419393294.2028482
ecc3362a649cf08afef96fc0,419393294.2028482
264e00a64cecb861d2c05b1d,607150517.2377616
d5b5bbf927f763a43190fabd,607150517.2377616
2691d7125e9046e597437f2b,906348785.6720953
7cf183ed411cf82df26640e9,758678788.0625932
f81107599bc083fec4a13ca3,758678788.0625932
3c2a535f1df831771b859a86,412739520.9929858
9e871ee8a61b183aa9051b72,522863935.034046
e066ee04cd3a597dac8ced59,522863935.034046
2f4ed160fe2a21722e6299f8,522863935.034046
e0ae53aa3cc9e9ba7ce65f74,522863935.034046
78d727d0e61a7c8b1cf6fb1a,649078874.6585052
b42f936db049a74c7d24b0ef,649078874.6585052
62e9330888566f1f826e1ee7,649078874.6585052
3fcc5ff04edf753621d6cbb6,649078874.6585052
d4ae25b207949fbf0df3b404,320431100.41339463
14bc234ffb3ff7f974afc8e7,420668149.5103957
64fbc9cac3f15c0f1a16f4d7,420668149.5103957
5fa1c8237da8fc7683bc10e0,420668149.5103957
7bf4beee26ba81ad0b884f9f,430537070.5833318
72a47f70aa99d42320e54787,464049149.27480847
07641db461323a5cfcda4f98,463316704.75684386
3af2a1ec9efa6884a8254d28,463316704.75684386
3adca5eeda4939a5ea11444b,463316704.75684386
37d39cb7d3849a784497ed0d,463316704.75684386
b9baaab70cb83475ac3bbab4,488178256.91023254
74e178e2398895d2288e6fcb,586549462.1373513
ec15e2a131d9724b012d68ea,620415570.0499989
ee042a4b4a0bf9a1dcdf1eab,620415570.0499989
35381d7a5b25317d7588ce77,620415570.0499989
18ac3368b1f6d8f7171b07b3,620415570.0499989
3dbb09358256bae5199e1318,637149488.7407563
4662aa1c44351dfe271e3a9d,649078874.6585052
034a30994bb2e0e446e35957,649078874.6585052
4cdbcefc434b48ba3d51a498,649078874.6585052
3d3317303679a6a5a381d0ea,1054199280.8143106
68f4e3d4355bb71db0f35a65,681901123.5118654
b3c77f4a398b61d9c204f8a1,635532746.871796
3865974fbc1b412f24c47eaf,635532746.871796
84ab3ece52fe00ee50f057aa,860346346.2987069
dcdb8d97ae65daf55570c88c,939320820.1960077
7ea01fd99b389d08ca50c0a6,490102758.2440694
51df325f026f4cc5ed2e9a65,1329634581.743622
1f11cd977996d909ffacadef,1304784482.0665765
5ae03c0e33dc7d3e0e0d54a5,939320820.1960077
da88bf5bc2a7310ff382be4c,1135353052.4354045
035de58d60807ee2c272ce82,1141841482.3812752
0cf82b1128ebb8d1087b640d,1118287508.936368
bd8b005383020611b8922147,607150517.2377616
f5c79a564600bcad99c74f03,471081384.3276517
b11672f22fafd555f940a8dc,503548454.49408776
2bc88a5c4bea2bd00fd8f13c,514661967.86221474
b2b99019a929584b4904b98d,514661967.86221474
678d0e011f710cefa49f6465,514661967.86221474
f7de22825945329521642f49,514661967.86221474
79b5a037bea858706838a62d,524327990.3599498
9f339d547d83b4ef956a3690,846000443.081526
127e197a2f70e7ddb5dc92aa,392682504.8768369
65b8c48546af394a924decbc,504680948.2254369
cdc0c282ee62c51e3a20459a,716937713.6131214
ec824ecd0319e05d1ca6a9c7,632881636.838191
95f27bf0d25bbcd0d1eb9cdb,607150517.2377616
ac0ee54bdc08632efc0d771d,607150517.2377616
904ad71e7d108930d69a7332,496459874.71270764
7f4e6f790de012946197e0df,596904387.7856624
473cb30713e88ecf782651fd,629963827.6579068
59a309a6af425b2028a2ad69,1160987800.2099628
8a1b0f59f86e33a7aa7c2c23,755675624.9079204
1e884932e57cfcab75ebbacd,969823986.1257035
8e273f1dde4801825fb19742,752973819.0610735
1f9c0f9c3c6460a323171d72,1020669598.482197
5dba98aa20e371c3947c19b9,811129633.4471658
51516e102f8d43a07037ed29,1120432993.1851447
6eabd14e55ff090e8a93c727,569093955.5909414
e224f9ffc7bd70369a5e8b68,1387591436.6363206
35cb50346289f0590dd24d83,826288161.3734947
2aecb598de8c74d9d5108d8c,832928398.2024364
69c7e97037c747b93c33251b,983463058.5223554
b9b95c89c988f68429822e81,504726794.1818415
fa2c5c19c86087f207c379ab,504726794.1818415
9bcd34e7a974c977f65925f3,1348064849.4474733
3611c89dc71078cd0aefd2cd,441124533.8323658
9ab273eca8cd5dd4b6339ca4,388823523.8730027
4347966ceb1770f758cb6e37,910663605.9318042
2a68f627f4dc8060484cdb18,1131354158.5033276
55ff644abd72eaff17d533f0,1496581897.6123822
db563e5a1cd9eb1be832bf5f,1189619281.349232
a0e9310061ff0084d63dd242,936715591.6862422
7ff62b2f8a28d60f6c4237c6,935389415.4955304
c42c59e8a08e8657ab4201f1,405859680.399365
de28370454624724128a0688,621232136.3515526
514aefd8a44ca048a8088c51,925897914.7326115
3d3a318662cbe218db0878e7,668748030.3402741
2714bcd5c0c503c3bee0e0b2,809259617.0349648
5461aeb15c7f826f0ce157e8,388823523.8730027
db352cbc2aa3066ea9b34184,640382669.7097728
22b066e6dbd0f2562a0554f1,1496581897.6123822
daf8d6d3f4ba21513341eb3e,1052444628.1580552
523605d1fbb75b0c5acec5f7,388823523.8730027
c59c2a19b93ca666b7c389d4,640382669.7097728
61e57e5539c40e5ffeb77997,388823523.8730027
c1fc25faadb151c73ff254ec,504726794.1818415
63e73f1b8b385d89de1329c2,595187127.3255908
80ded3bf4f2973a5ceb1ffb7,366968761.4874848
e1f5f0e96e5865370423c142,782789362.9587821
3bc1d407f7e7c8e67f7dd27c,779793711.581268
d87c489d3572187e3280965b,1050265447.643865
110d49e1d79a3534e146b300,640382669.7097728
7baf3723bac87b0b393ba52c,640382669.7097728
8e9e35321545774dc1f85776,504726794.1818415
e0d6155cb3cdac98f81d44e8,640382669.7097728
bcf775187c0f5ae1cc0e8ca6,504726794.1818415
a792122a1b292f482caf25d1,504726794.1818415
09fe153b0027697e58bd08b5,338688967.9560325
a7283f1587ffd80f4723475f,320168257.8177205
67a10f161cf7215302b6ca1b,350870253.01283395
f403b20cb52d4ad3f9469ee7,479205513.38428384
643e13f00dfe7787a19b1254,406712455.1446319
0eb7c68fb7ea1e58f3e76345,653373772.6331159
cabf47337c2cd619f12fe69f,825303072.9865549
55c5eeb4861e8cd71731274d,1178887941.2128408
363c96b85cf07dacbb10b92e,401943974.7999808
49b59d19432dbeb8921e57b8,544191671.5588905
818ee3b0c3862d4aae6e7776,359809621.0969906
b15c662c56b19d3843737dd4,431720779.08235973
03243195c467c67e67a7823e,457501955.2153912
5db50c50b523f3d454e94dc9,457501955.2153912
0798af235e9926b1e7e4642d,457501955.2153912
83852e78afcc4127481adccc,422601786.60863495
7fe25ebd70b89f4602bee6a2,815955422.9187522
175590951b6f8c6b8b4af9ff,428856700.1338605
d4dd48521efc020762ea141e,428581958.52981895
a681d6e9ccc7bc60eeaf7e3c,637281131.7120421
e137b5003b8c8f18892ee9d3,637281131.7120421
90dfa0d7be06e7a1dc15770e,637281131.7120421
7fb856eba0ae98a40eac3efd,637281131.7120421
9f52855eab4ca5161f1fb492,637281131.7120421
494580f4974c33d7ce0cdb28,637281131.7120421
d972dc3dfccf2a48a6384e54,637281131.7120421
7cc8772ebde8902f55e14b44,615598702.85718
deda3ad684384ed67711ae71,634764878.8655949
b288c52e4d0fab9f579122a0,966298633.3776985
0bc16b384acd3f8263e386de,1009458234.9889607
b40d1d2b7c1db9cc57c65fce,803327945.851323
c2580329ee6d7a03925725aa,803327945.851323
7e73516d57a251061b3916e0,1045086040.8259121
7749f3bcfa8339444b0a8b7e,421325575.89597046
557e40fdc93c1824b0bed769,421325575.89597046
edbb5db63dbd0452c51047a0,414771307.2197941
383af3a5794a0ec3efe78b2f,414771307.2197941
90ae7af091c23957b88de5e9,507151826.9342453
b1d9704dd39c6cef28ae3d17,533260622.73349947
44916ca9b874075f55949f87,546181593.497071
0515734883eea12cdacb7aab,620350627.72425
faf9f8aa50d936c1465e880c,620350627.72425
f37c9693e058492ec3715de9,620350627.72425
562c7846b05072561d96698d,620350627.72425
4a629aaf60a113402834c042,620350627.72425
ccc4e48073c3da10a2e2d08a,620350627.72425
8532c64eaed74b64b4d4707c,554755526.8638192
528a96aa31409c32bc9f1f63,1077161356.2961233
36fd9fc1f1d9b2e10c1c6463,412739520.9929858
91561030d87ff5bc0a497f1d,412739520.9929858
eb09010915ee68091d6675d4,522863935.034046
56c41a58ed5b9864b68fc910,522863935.034046
bf6005f6f71da582a6fab8c7,522863935.034046
86ee80cbe81724e6919bdb73,522863935.034046
0caa7856aca178f826fe90c4,522863935.034046
9e41f25cf2e77f3fbe903368,649078874.6585052
019f4a25794ef01294845b51,649078874.6585052
d6fc6059bba177ab56d85ec6,649078874.6585052
436089e2bf605d00849691e8,649078874.6585052
02a9c37b3d92a6da473c6fbc,649078874.6585052
bde81ef5ff9edabfc7e30d10,649078874.6585052
379fcab709c66fa146d3491f,649078874.6585052
28ac1562ebb5050f1492f576,780276184.255425
e68f5a98070efada9b5538ee,360879600.99683523
80aef024b0ecebb01913504d,360879600.99683523
f45161bb79292e974dc88b5c,420668149.5103957
6de3c3d53d6aee18ccdee958,420668149.5103957
5f2f7596a284915ebdb81a35,464049149.27480847
291fc50c4ffe7935b01e5d9c,464049149.27480847
42ac33321bb1920fe2a78036,463316704.75684386
c8e00b4dcfa2d05d6a7fde26,620415570.0499989
5c0e328a04f881674ae1046e,620415570.0499989
c28cb417dd28fe4d4d41d114,620415570.0499989
8e160f094a0425aca23f04ac,620415570.0499989
a8944be7383b5689b5039c87,649078874.6585052
cb7ed5960f325114bd3489c3,649078874.6585052
275d73c7dc0fda7cbecfea89,649078874.6585052
85c24df2d836cc8addd9b7b0,649078874.6585052
0fa87864632b7bbbd161f879,681513281.0631589
c7f422224808e043753683f8,860346346.2987069
c51d1eff1b6d29b4164df520,1051083600.2963778
b50e8c13de383e64711193f5,417298214.75058615
1308dad458274c698b2fec72,417298214.75058615
6a1024c5da689de67bdfa274,565935397.1071346
6e426f60d25aa8a4c6f8c9e9,565935397.1071346
b80f3a46440daae51308d459,651489888.5521466
f59ed9b8ef1726f1a55a4dc3,546123202.351035
368eddd8b6d39bcc7124a41e,444406817.85006297
391cfff759030283411dfe1a,490873845.49186355
4f140229175de685a0999773,599997358.8782922
cd365053914fcde97b7ee9a8,448519412.1499446
16a05fee8dfbe78d26664c3a,530973505.88586414
c462f0736fdefd319cee232e,567303945.8326263
b419d977b283e33c0b3da86b,914646646.7282506
6eb27e2a66d08a8a60567272,651489888.5521466
7486ef139d41d91423317e0e,651489888.5521466
e663064dd77e3c63ab9222af,882591574.7999446
9a6849637f1b8332ab289e27,1379192197.6386814
498de85ba30cb01e9c686081,401943974.7999808
3507f260c3c6e195fc444533,401943974.7999808
e538d52c9b2dc994491be3db,401943974.7999808
f016ba59a64f287099fc4af4,544191671.5588905
380ae516dd46442f97acfe14,544191671.5588905
c97e4d7e08db3171290e939c,544191671.5588905
f7847aaf1491103fd931aa5b,637281131.7120421
08f6bf438980d55b35ce7537,637281131.7120421
a6a06973b5a4c990d5873b7c,637281131.7120421
6e26918c69487a735a639c1c,637281131.7120421
cfbc690c55e5c2bd8dd9d89d,637281131.7120421
56fe5c13f11813b82dfb04f8,637281131.7120421
296f0158b5cc1541cfc8419e,1046366792.5556724
6ed2970ed02a3e50ac984aa1,525522610.4575413
4c9f3af11fa91e729384580c,620350627.72425
2ce779caef0637db97954912,620350627.72425
d743892816160218a63dcd35,620350627.72425
758efd6f99db309c67cefb12,442339375.6012482
a4146ec09d782b08e8198e11,820963450.3918446
f415c2bc1bc0fdca091285cf,1276736417.6831043
39ef4fb2a43fa3bba15a0b16,828563871.1820717
874ee4f1b9c6dfd3d2358834,1144510753.2809658
e9d514f90ebff0de1936d09c,611420096.9774246
9f15c77d67021f349714806c,611420096.9774246
a600ed86cff36e636d204f39,515410417.2158056
58f55e9bf743e2e3ad43c274,611420096.9774246
af1aeb2ba89d29973f73511c,515410417.2158056
bee721e93b8d8e7cb37dc992,515410417.2158056
bd52dc8dc5398e5ca2952473,392933193.25578046
b71095bf5e80bcefafb12d52,336301131.4629266
a7f48fbdf807da68594e9ae0,392933193.25578046
50de04936770f874e1eb86c2,392933193.25578046
2ea47ef8f02712c32613fbd1,392933193.25578046
27eaac0ebf8a5ee99d143218,452895362.3852154
ee594b6bb0751dab39055b3e,452895362.3852154
eba0410242fa1e8dea90b194,452895362.3852154
a619d30d6f2e2aa3b9613c04,434273184.83051294
df58a4244134d3493f3c9f30,420989582.3613312
32dd96f4f07f67806146ec46,434273184.83051294
a77ef77ffa731e8980d36b27,515410417.2158056
a2a1665a693852185673f6c1,611420096.9774246
8267eeb41ed1e68144301a3f,614619363.8761746
887ba6b287a8b3ccdd5691b5,614619363.8761746
1fc94e9dec93d52e0062e07e,614619363.8761746
ffd3d51ecc85abff64258e1c,611420096.9774246
3eb79541c2ce9413d2c54736,614619363.8761746
fcefb2186b13c8bc39b17915,614619363.8761746
d4a43654382201db5d318dca,614619363.8761746
15fbd295328ad698d3c76aec,614619363.8761746
7f5e87fbb4952caa0cb658e2,611420096.9774246
9d348aa70957592dbc56ef32,611420096.9774246
2ac1105447a71f68a50105d1,611420096.9774246
d8ba9eb448ce35ed404e68e3,771646625.0679151
21d42e80f6f818eed990bfc7,955316061.5649863
81c890b0d7cf787a091d4081,955316061.5649863
518858c561af5c13c8aef9f9,955316061.5649863
01cda25ee8545b9fe19717ed,955316061.5649863
2c34c1e1655e87ada03f411a,855881474.7797924
48f9e9a87e7fc0a678460e05,786140176.9731146
76ae7be5da1785c37736fdb8,1045415808.8748589
3918fa99179953461fe07f2a,1045415808.8748589
305080502cba05a1c165560b,468287219.4047491
5c3aaf3f75d6d3ae9b55cee6,392933193.25578046
2ab263b5d1ba72fa562d64e6,955316061.5649863
6d13129db564ad15e69fd534,614619363.8761746
7de7a2a651273df62aa6a21c,611420096.9774246
59f9cc9b23cdea5bd4cc3ae9,447519900.3397644
d4436ad417941fde0aed2818,614619363.8761746
80ab8d9f157c25b40f102854,611420096.9774246
06ca01d3ff86406e896b6fa6,447519900.3397644
88f36882dae9a0487383b769,392933193.25578046
da474e23f34cb63de4ef28a4,611420096.9774246
04f968f1873a655fde8702f6,400244437.93076414
1dc1a51628b8eb1bba214498,331120607.0743938
e7cb4cf600b9d931eb295c71,515410417.2158056
9052c644813d546987a72305,413297028.93698883
1e32a8825a7ea79c28e27a8d,413297028.93698883
82f34c2a6644c4cb0649c44b,611420096.9774246
95815bf7c79e4bff3f41b233,611420096.9774246
f64f642775ed2c9f45aff215,388976761.09152997
4cac81eebdeb45eb0e8aa5fe,388976761.09152997
c6da2874d2dfbb2ebab542bf,515583100.447286
e7c08555cb8f5c7d0f32fdda,515583100.447286
10b7c99bee9a4a21e1f32d50,515583100.447286
f21625fb82740d6f4cf1c325,618115272.5255177
1c3236613cf95c84c5791bdb,618115272.5255177
b11c3a4642f7eee2e443eb32,618115272.5255177
cd08976dc2d69110375f8541,347096181.6206674
a44c7ace8ab50de7ed8e5a66,347096181.6206674
fa8f13da6d8be3bc1f05fcee,347096181.6206674
77bd7837b02bd8f2c290c9f8,402397180.7346207
11a79681fb0a3f6eedf11d1f,463258808.97537005
70c3b086af66b0c9db4b0b96,463258808.97537005
64ea18085495f759116f62c9,521644815.80728203
ebf4bda17341de806444ba83,521644815.80728203
54228579fd8812c3ea160341,1092215511.902888
dae0265a0f2f79d3dc010ac8,618115272.5255177
7340afa659775cc18d83aa4a,618115272.5255177
5ba05f67a77cebe5cda31e74,618115272.5255177
33dfb510aae260ccefa4d349,1080176670.8990445
82af190e32398942775056d5,618115272.5255177
a9b9263f6aafe8531f3dadca,963082343.4267806
9a38e7293e9ad7d8462eeaf7,1199862263.363012
5852773a80f7f1b929c7dabc,1358078649.115831
52fbef3effd854b0ad0f62b1,803327945.851323
0016e35cfd881ee2e37b49b3,457501955.2153912
380759598c614cbe10ae4bfc,1046366792.5556724
fb63e870ceb7ff355299f3da,457501955.2153912
285b8cb5e9c887794ed2fd1b,457501955.2153912
f003a46a1c8e04da0052d72f,431720779.08235973
a731b326a61043070c3c853b,457501955.2153912
d2644b46136fd95c0fc2353d,431720779.08235973
8248697f70c21fa361840755,1046366792.5556724
075b5c16441d9d67cf638386,401943974.7999808
6bb2ac0cf2369cd8fd85bc12,544191671.5588905
2c0b3d69fca6677ba9e95327,637281131.7120421
c73ffac843c155f24985e6f6,637281131.7120421
78b57a58368ab056c11bb0dc,422601786.60863495
90b25b6b913c1bf0396c149a,637281131.7120421
fa29c89363ac9cb59667a43d,422601786.60863495
eba756e88209c420d288c4be,422601786.60863495
e7081fb59ffa298320321633,637281131.7120421
db1c3ece26da7b342eb7c8a5,422601786.60863495
f9ef8fcf24d28ce11e71d758,696729966.0051054
2f854c9df6212c39091bcf28,512486472.19419515
ccc66d77e5f68779b1c016db,512486472.19419515
47d288f8f9227013424d6976,319331825.47699964
3e891afdcb568befebd66fe4,581357794.0949777
2d1f036c96e92d9c557605cb,393528933.1527339
dd9d63c612aaddbd86676c34,430782627.09605443
13cf784fb3553f75acf25a4b,393528933.1527339
57dd353ac00d0e99abdb3733,1163180570.6767986
ed0051ae106fd0df60a14586,780043782.5547915
0997324f14c5823413463546,1202131334.5648813
e2cdca1756b1635dd1ac2b2c,602099355.6463864
7700df9486a1684157527739,384801218.2187012
e790b21630ab963a65c53df0,602099355.6463864
2bbbd9878a1e7c55bdacb330,602099355.6463864
decb25b7fdc0eb259831cc71,602099355.6463864
fdbc74fb5882051327b3caf8,482104809.4353718
39dee9b1661292cdda6c4823,602099355.6463864
354e2de1e3a81a63e7fae4bf,482104809.4353718
f80b9e8c51cd71c5be281652,369639396.8682001
a96b19e82d9811d5de1ed0e6,369639396.8682001
5e5ca2753a908aa1b7fe80a2,431520621.47758
495b6e61d1b887f8b4c1bcbf,424517702.931178
ad8ac9edabcf2d4b06ba9fc1,602099355.6463864
359f6a66a407e30b40979d2c,646261404.8695462
ad351bb6437583ec871b1739,602099355.6463864
262b1c8ce7db2b4aca2400a1,955811000.1275914
6808b10f5876ca36f569a4b8,922331939.3345135
54c74b36962edcc922573792,537128516.9088112
e7fc4e6b1fdb38ffe68fb680,537128516.9088112
1c9325df5599379a73e18053,613417548.2050829
8c9bf9031bd378c1105e3f3e,582875387.2634614
be70989d473cd731f6d8e580,446529544.9273468
46136f5f078dd31170c58e64,801322408.0868593
7055f85f7749c4646577a51a,387289157.96152127
861aa922b483f9bf7884dac5,387289157.96152127
45f18e0bb676d2495a227dfb,431720779.08235973
9cca7c1e9ff65766c8dd2e29,387289157.96152127
b2b7020e66872c8d83468cec,431720779.08235973
7634d7acd4197594271c84d5,387289157.96152127
11ffdf367d817b582d590db7,544191671.5588905
103687e73b0528ec29725f1e,457501955.2153912
8b5369b126b75c497b1a7b73,457501955.2153912
b33c9b03cc12a253e4936cc3,615598702.85718
ab177c5d60492f2ff087708a,457501955.2153912
05bbd028f30492fc0a9f35d0,457501955.2153912
2b9fd26383758104d567d474,457501955.2153912
4addcabbe23020d3d0d46ac6,457501955.2153912
d93ba0c32244c455e0f7baf4,457501955.2153912
92b772a38d5e38bb51a3f621,615598702.85718
135ca1dc80ae4d9993ec46f5,457501955.2153912
ed5192bd8038c77ed2e46f0c,457501955.2153912
3a878d44356885ea61bd882b,457501955.2153912
c29c69bc6758d5976024e455,457501955.2153912
dc486a3d7e9e2e608ab2a7b0,457501955.2153912
1a34acf8e509659534a56b63,457501955.2153912
5716ed7d678cc2575397174d,544191671.5588905
444c68a7a6cd0b794768d5af,544191671.5588905
8a724286cf661794084aa87a,637281131.7120421
ff9c4796bc3ef18ae7bb724e,637281131.7120421
35984f749eeb84eaf938bb08,637281131.7120421
0998999f12dfdd50c597c6c1,1046366792.5556724
58bc65fd2e0e4430fb353d83,1046366792.5556724
fe483817d899e0044abc3787,637281131.7120421
183a8459fa248605b8b5bc1c,637281131.7120421
a1f0d61cef676fbf798b5473,422601786.60863495
d7d3cd587d291f389ba2e8d1,637281131.7120421
ff8e7294270343a00978dbc2,422601786.60863495
0996cb112fc3919564e87c37,637281131.7120421
f183e3651c485e0001e64880,1046366792.5556724
e28474959994ea9c0c2eeac6,637281131.7120421
682c0a5f5f3130a61b5214d8,637281131.7120421
245663c600727f7c214063c9,637281131.7120421
dea79d1b25bb9c78d331e3e6,637281131.7120421
ba212b5f12959e34b4887315,637281131.7120421
dd4eb14b56cb00130955d021,1051175910.3251609
4c94103d4366bcaaee4b550f,803327945.851323
7bd9cefba3f5dab498ef926c,1272906692.2489846
1d7a2572b466070f08c6e564,512486472.19419515
a38e7af984a471331b2d758c,696729966.0051054
b6775aefafa4dcc161eaf6d5,385092424.82307976
8654295684292e74d0245238,512486472.19419515
f0ae62ce6eebc4d07415c48d,696729966.0051054
969219d7b193ac92e7a008ec,512486472.19419515
651d6af0968fc05584cb3d25,512486472.19419515
4f992c2a0526c0074bbcd875,385092424.82307976
9536c686b6ec514d92493f9b,512486472.19419515
5384587ecbf956275d86e60a,349693659.6846575
bab5690da7c42909464cb9a2,412095908.2806741
bc91072d808fe7b43e972f42,393528933.1527339
37cf2c5c1c6fb6e601d2f76e,333084261.0507732
4cdaece5d1dd4e089a99f47b,491277535.3534476
b37af80bba5adc197cb51649,589514649.169702
552152b60bdc1ca16d2dbb71,696729966.0051054
32354bff9df0267a5e139156,743269267.4470036
fe4a6d7d7ed28b85c5816fa2,605925555.2886177
afbc7773755043a40a7f9d6f,401943974.7999808
daf2efda70c6f3cd9257d0dc,431720779.08235973
66fa7c9e82a2876216b14b1e,431720779.08235973
e34517b1563d829104e230b4,387289157.96152127
222a35842b0bc09f48e1d0cf,431720779.08235973
c5a64fe5ed5901734d98a22b,431720779.08235973
05db9fc492801eac98f69c7e,387289157.96152127
6e4ce81e713a571601d861a2,431720779.08235973
79fe5105ed7a7861d3c0187c,387289157.96152127
70ea911907d320da1f7f9c41,387289157.96152127
e60024d6e0b5aa52e27a3b5a,401943974.7999808
bb63f086543cde77832bd4ed,401943974.7999808
b3c2187fa96006fecc6b8ba0,334279772.85579765
9499edd83df77bd6a90560c8,334279772.85579765
a947158782fe2832cea53040,431720779.08235973
2e1608b8c646a102e27df16b,457501955.2153912
77fbf1f0c35c1025ea4803e3,457501955.2153912
f9e6a759b069e04b0cbf0182,457501955.2153912
1e158f436f2a4caedd1563a2,457501955.2153912
67af004f80b08fae38f472eb,615598702.85718
386ee01c3f7bd8bdb91181ad,615598702.85718
36ffb5566bc35fbce9e42679,457501955.2153912
b58533a6850620b0960db713,457501955.2153912
41353584f956b9e316c6c67d,457501955.2153912
b1d1bc7ea83d5c584988b95c,457501955.2153912
6b1c0866e6f12f7fa8de94b2,457501955.2153912
fa4fd8380dd2620c672facc5,457501955.2153912
44394e66504a4d77587ee105,615598702.85718
d841d6a82425710e36460f64,615598702.85718
33501f96ba3b02da073d586d,457501955.2153912
831693b6fb81df1359e45db7,457501955.2153912
7192b9d32e4ad55f6af9e241,544191671.5588905
4f99b97100d003ba3a2ecd46,544191671.5588905
83d969bfc020aea27d2b829b,615598702.85718
39be6f994f2cd3d68b51126c,615598702.85718
712f16cf2506710d7f2a2e8d,457501955.2153912
7ba618fdb1fe8694eaecb64f,433125229.8418914
d8735967c942d1a7b0cff7c6,637281131.7120421
b4ef40e00d089a35d750888a,637281131.7120421
7d73a548c2a29ef2d9655e1d,422601786.60863495
63131b8d125073c7dfec72f2,1046366792.5556724
a65655a4f42564ac48bdffa4,637281131.7120421
033d3f8ff56907db4c453700,637281131.7120421
05e8878bcb68d03e3b656eb3,637281131.7120421
2ff0775d2c131d19804f2a2e,637281131.7120421
9957ccd807718945178bb847,1046366792.5556724
7bcfd82ced5d6f1ae390d388,422601786.60863495
adcc03f332b427be46f118a5,1046366792.5556724
b5dd038cf35169bfd0e62eb7,1046366792.5556724
35b789e1d63f8f25980d21a1,1046366792.5556724
c9a215f284e095850c809425,637281131.7120421
d26efb0e1213e19c378edfbd,637281131.7120421
9990217fa4eae1d1c4ed051a,637281131.7120421
2e9390c4423db604e1c7c4ec,637281131.7120421
6faf9b6c30b176e36f2f1d32,637281131.7120421
5b83d91f4d6364d3e4be1428,637281131.7120421
0d9616f0ac8b0c2e9e0a97a3,422601786.60863495
9c9fd309cfb505b628f84fab,637281131.7120421
98b77fc0888335702d082f8b,637281131.7120421
051d68945b95562009d4029c,637281131.7120421
eb8021804e63016fd934c9b2,637281131.7120421
ed6c8c45bc8c1d160cf0d0eb,1046366792.5556724
9fc8c3523883947769b2fe6c,637281131.7120421
3e9cdf767389ee551b5349a3,422601786.60863495
512effa47a1c7a5420bdcd6e,492323094.88742113
0768e70fbda0e09b88c1548a,422601786.60863495
acfa7a1cb136e4474b7efe32,637281131.7120421
a343e6ec6eadb287711d3834,637281131.7120421
a698d80ede6cf6243fd9ed99,803327945.851323
fa5c81237a94f2f78f05977d,845230537.215727
999c8da7dbed7412dcbafb70,845230537.215727
c33613eff66948d1bb8ea3bc,773727527.5685755
a642351076b7706a733dc52f,778812502.1765912
c69e08214cb1fbc09ced0971,367406521.51983774
48a20e676a060954308c9ecf,350041053.562984
304ce5835e685778b1c2b6a1,512486472.19419515
c859144477dcaacbc1654a8c,512486472.19419515
98865eb2f40b8a30893cd351,512486472.19419515
68dd15c8e9b71171348ea24b,963069207.0250875
3c660885ddd7e98ba5ea26a1,1226237598.1913633
c670315562766401f92913d0,537128516.9088112
777a8d05edda0a335d89e90d,537128516.9088112
81f5c32a2c2d3b32329a645b,613417548.2050829
40525fc425906c9485f1ddfc,394838325.8139589
8b6efcdb553f6e936bd90f3e,427473912.0149096
94dc108f1d146641b221cb81,392544552.121589
1034ee7a5160fecdb5e8c27c,427473912.0149096
48b34600046c903f0ae4e6d1,1139533363.6820533
edca31377b4f7299f8b45187,1239902911.5690906
b1586cdf68f36926c3bf72a2,388976761.09152997
70b15c2a38c404e62ad05171,388976761.09152997
ce18358366157fa869bf3833,388976761.09152997
6883fb90099426e6f3922909,388976761.09152997
1b7151cf29b565b2f1caa559,388976761.09152997
f2ec3a3598c99bb8c38cd680,388976761.09152997
38026eb43ff9876cd5767ac3,388976761.09152997
9f68ff98e302ab06df4fc672,388976761.09152997
2d2ee255ed2144b9fa1fcc39,515583100.447286
029224b78e8f358aa9c38e94,515583100.447286
88da5851280dbe750968c565,515583100.447286
1c67456195075a051513b28c,515583100.447286
9741ff1b895a038c32205784,515583100.447286
75fdbee42ec89d428143066c,515583100.447286
9f27627b9e439fce085cb01c,623936608.0800514
a4a4a57cf20ad739291aafcb,623936608.0800514
84a074517742e09a7eb6f320,618115272.5255177
28fd0437736c1b17c7ea1f33,618115272.5255177
beadf1de0732143f0699895d,618115272.5255177
b027f75411dce9c742c5d0f1,618115272.5255177
182077fd9c5142d503309490,618115272.5255177
b1df92683a593edc3f2b45ad,618115272.5255177
38cbcd7f88c1520fa083af9a,618115272.5255177
8ab5eda5b66a6c2becffad29,618115272.5255177
e68ceeb098f60054c19fda0e,618115272.5255177
e6ac4d158437142c15bbd4d9,618115272.5255177
a448d8246781ae78dae61619,618115272.5255177
4e878e99ad2fc34400381c3d,618115272.5255177
beaa09cb49a98e8025fd7e8a,618115272.5255177
3df855d8893dbc62eabd95c6,618115272.5255177
cbfc3ca911ca23517da8c2d0,618115272.5255177
a020e479dc5db78794a5fa77,618115272.5255177
6247fb0e5261d4225f6c9f1e,618115272.5255177
93822a34ec8dcf104e7f49c4,618115272.5255177
17d311554f40ae8b40234c31,618115272.5255177
762e044ce9371d7b8c7acb6f,618115272.5255177
2fad468e1c248f40ee3586ad,618115272.5255177
fc25df25f4151a16cf0c90f8,618115272.5255177
39c1613acc0ba4fe622c1f31,783695839.6077846
2c15a0733cdb932ba8f2225f,783695839.6077846
1db68ed64501f35c51d74c5c,783695839.6077846
1d968cecf268a7f14def1af7,783695839.6077846
77c886207faa6965238b152c,323518837.90231454
86242b25bcb2dd775d25191a,463258808.97537005
a8b457cf82926e25cd862af1,844581473.5555211
fec1212eae4e6369d5555d8c,521644815.80728203
8f59ec48e38092ab01c23e33,952138164.4491652
490b89e972abd7e64b5ba6c2,521644815.80728203
f8f217756d32f31faa784c2f,789667085.8170779
1c2ec62e8ebba12c6146a04c,618115272.5255177
2afa1699af46ad8124f76e4e,618115272.5255177
8c1695c9a31de0f956e4ccdc,618115272.5255177
d88bba495701ae7a44eecc64,885861045.7521979
00571815d5a7f208eb3e7737,963082343.4267806
d626a635ee75c23aee2fb327,1289461074.0787094
7e3937cfe43dc906983fd321,870628266.4742478
ddd8906ea4a22b782c7888bd,599251705.1608856
258abe0fc321f6b24d37ad86,486372867.03792864
f637a4885488bbd499199148,444212984.04008895
97f5e6ee143998e0b3fc97c0,486372867.03792864
be4b96920e3aa5c57baa13b3,363032509.80615616
6e7f3a0cb6246f13656fc95c,1028092485.8779112
0cdcd8cd52bd1967dab88a5f,486372867.03792864
83da19e7fbbca11083090574,363032509.80615616
f0cb484eb3f6e04b5b1806ab,486372867.03792864
fbf8b0f1159e89428778c847,486372867.03792864
7c316b981173919b6cae5516,599251705.1608856
d6496a3215daad9089fcd5c6,868766219.5016308
e104567c1cc70000692f502c,599251705.1608856
c4476befe0002dcd0c315993,486372867.03792864
3008e821640b33a8d70beec9,409244676.89678633
9eaaf577807d86ab64fb14ae,333759969.4125228
9db120a76af04028d2f0ce68,334389052.9759335
81e1f8b1c0e3b15f2ebfd84a,409244676.89678633
9943a2530009f62cab6b466f,438389716.30900115
a8052c48a500926214eb2e1e,516942789.47094595
3335313b9060ff29782906b6,516942789.47094595
cb93bf58a01eb262cb003061,616660664.2336209
0e04f84529d92f2832ef986f,616660664.2336209
807d7f5155bd299afbb6491f,616660664.2336209
76558d67def95bc708039f05,681490364.8807138
bb19983466b1a1184ee7ea1c,616660664.2336209
34067d9b2b4e45be1e5cfa32,748840715.692918
1c4fab7d9cf798617fa90a19,384801218.2187012
b4d610e0ecfe007c133a5ea4,384801218.2187012
ffbedc0873b99654d10188a3,384801218.2187012
ac413fd87de33153899a1d04,428141030.67656827
83349bba5fbddbfa2db5078a,482104809.4353718
0a759932f763df64a463ac18,482104809.4353718
fd9ebf37acdbb0e4bffd2fb3,431520621.47758
f725f6ebcc3fdeed22bee385,431520621.47758
ceee9fd6e692196b960443d8,431520621.47758
bc10eea54e4a1767881a2391,431520621.47758
4ed5718470ffa3e5b5f40bae,431520621.47758
debd031585e9527fe00f116d,646261404.8695462
23b5f2af5d39edd25db6a522,646261404.8695462
f51000446ab65417942e535d,646261404.8695462
e6ed64435c659f236cf213a8,646261404.8695462
b160d30961ddd3dac16184b8,646261404.8695462
0cad79296edb4b18582dd77c,602099355.6463864
7bbf8e16cc32dec423afa6b3,602099355.6463864
acf98212eb702c79f16bb058,602099355.6463864
1747dd033c2c2769974a06af,433201648.77290535
d54e80ee72354c70cb84323a,433201648.77290535
de901d3433ade456e9edcd79,433201648.77290535
3fea10126c0c651f02de7167,433201648.77290535
f823f6d95b4340e8e4dd0d57,433201648.77290535
ff6fa86afbf9da2aa8eb7991,433201648.77290535
a966f298e8d4d3d580a72d99,433201648.77290535
5b0918cab84af6fa6c464037,602099355.6463864
bb1ece5366ebb2ef9d52708d,380183794.69422835
fa926bec03068764c8545d41,515655654.33603585
3bb987adb4ff573ef09b8c12,483265773.3977396
d7fb188814d4c118ccd83989,533442451.899713
ba511b37b4bda08d191c68da,433392013.3245176
3c2f62f464aa5c48c470bff2,613417548.2050829
3256c6c6f30aea9cc79b7283,769943988.119849
9844c3773f7a50c71f218e99,858088466.7236886
23229e392dbd8fd9d80637da,865288244.2069435
e0f47a028df2dbe9129cde7d,1163137570.023865
a12f0f00148e564ef78838c5,1380151183.1625535
d3ace27450b980262ba9bf76,1315212646.848277
0668a4a4521c783a2d817413,761841731.0570999
768f69f0241fe339b6f52fa2,577529930.2167995
e78ef4d2b165a8e8781c258d,565053757.2635442
631ecfa47fe167bfaaa967e5,354473191.36569494
954e3065b1e8b31a68f6d4be,402541965.1992673
e81c5c1b820636f691e5c5cc,797705054.4973438
b4c779732e827ab2fec8e8eb,777395571.7120848
b58208759ce1402501f68906,705167986.3043002
59805e5f4080246ac1d92b34,501557633.3395313
a3fd38336516b98117e328b7,592777209.9653114
c0bf06891690188e17ceeb8a,501557633.3395313
efc8ccaeb09a5e1bb0bfe011,651967392.5305971
8e604d41e0cfe9c93ad536d8,993445281.9552335
f770b66579bf2b55a714c43a,586629442.7805728
4e01f07ee4b1241360de460e,993445281.9552335
dba1be42bef913f35a95735b,651967392.5305971
d839ca90c5df85e5cab54ea1,651967392.5305971
ffaca67ff9f0d7cbd5bbd295,993445281.9552335
6f17875bd3ecf00566dd5c1b,586629442.7805728
10d01825744060a7b777ee4e,483833496.6517675
185b333862e7420f25622efa,483833496.6517675
7f7141f5e1a7964ac6dc688e,993445281.9552335
adae78b82caeb073d84f02ee,651967392.5305971
4c0f9275581b5572635613a1,385003788.1547271
9d6810aa1035e91b72de6a26,385003788.1547271
069798704327652a899a189d,468287219.4047491
2f34de2546f13e8a9dee1edf,571233370.9647332
8147da5e5f53a163443e8506,468287219.4047491
6834b61ee23cf04daf4fb83e,993445281.9552335
59cbc0e7dc6e6922feffab8f,458956473.72254163
7cfe5c3f5cb1bf095eb2c503,464049149.27480847
d916219daa90cd2d99edc609,464049149.27480847
e78ad3483c5aa5a7a4310720,620415570.0499989
d048fdc255a5a7f474d48c0a,1098362181.0554695
b76a3fe6a49dcae6e6bf5815,620415570.0499989
75fa60dfb737ad50073848f2,696729966.0051054
83c1d0e2b8826844416abd9b,512486472.19419515
8c02948b66db263420c20d3d,696729966.0051054
33ab442cf58cfaa33eefb6dd,420709558.87465036
d379dc03d78685ad14c647c0,370028511.3526353
5e36efb290bb265d81706bd4,624437531.6675951
db534a5f57e92d29b9e150cf,696729966.0051054
5354a816a7da90e205448832,417298214.75058615
f0862f57dd6be5e7659c65ba,447548905.5657618
7d58eba13f418d890ef563da,662447331.0095851
c2fc3f04c3870e14b89d5fbb,1154736528.1587017
15537000b6806ee84d4615bf,1040820932.2656058
e82508e88e3f62fc8e67dc16,781533097.2438313
86ee57ce617b2be312a9efd6,1003026711.3233755
6bcc29a0afc735bcf3621595,882591574.7999446
d79e2addf7c11180be222103,882591574.7999446
adeadac88e573824f08efa21,689148009.509025
922c37e46fe9e75e73fc1f35,447548905.5657618
5d09f2d1cc5fec761ac4372d,700925109.0971321
8c5aa3c826f325a9a6c6f524,700925109.0971321
fd0c010fa0c4b84dc75ede86,754981048.5341011
c23150d0aaaf932579561998,616588233.285557
163405cd6248bc3e832dc93a,639590648.7697744
eed12d0c3e65e9989fc4f4bd,758678788.0625932
e6fd53315e92a55c6b67405f,412739520.9929858
7a3ec914a15b47726567af96,464049149.27480847
7f02f056d5eb4aff92b44659,464049149.27480847
2d5d9119602c228b333402a4,649078874.6585052
43fefda5a3b0781578d9f2d3,649078874.6585052
513211d9f07fd6645711ae31,401993487.93307537
c3e1e0d2618556de7df13403,447900158.2957088
b4a4d705930d9afe896dff17,385003788.1547271
e44b023e39910ed29f4dde2d,447900158.2957088
4e78d095988a92642a1bd18c,447900158.2957088
92507b623f039b4ef5be8870,571233370.9647332
e216fba4bffe753a527ecd4c,483833496.6517675
24a4199c17f9c56f0b3ed12f,586629442.7805728
6bbf09c3bbc3e3a000cd2afb,468287219.4047491
b3d45812baa819caa1400255,586629442.7805728
2688e4cd1fd441d1da455504,468287219.4047491
5dc1fd6ec7ec8c8af71e3b6b,685650971.6031308
f7b7e298ca8fb75e11e92999,468287219.4047491
05b71daf88eff5ae8cf5789d,468287219.4047491
e8a7ddb4e5d43d156692326c,993445281.9552335
632820af2a0477aea5ccfa1e,651967392.5305971
43a3fbb8218e73b956ca50fe,993445281.9552335
398c195aa41ace34a16b0d7b,646261404.8695462
ef3887783a12f591198d6c27,431520621.47758
e6653cc1c94306d4e56ba216,516942789.47094595
166c21ff83e97c6e74169d92,697352673.5567068
d0fccd2708fc7def00c72317,616660664.2336209
d66bd7e4bc7b51d23af57de2,616660664.2336209
8b47b76193159a21c3580a3f,697352673.5567068
448d159391c38e4ffcc405b4,369459170.7641646
9ce7fb3190866e6a02e01e26,486372867.03792864
c25f892c01420855f61c3dd9,444212984.04008895
2d5ccb12ebb6fc7d4ba462b0,444212984.04008895
9eb4041ed9e159ec0d890de6,444212984.04008895
c342f6492f90ccf623e8e8cf,486372867.03792864
c3a78d9bb10165d9be188394,599251705.1608856
1978d8fc2031af21e98a4e9e,616660664.2336209
d6d581e852a025b61cffd6cc,599251705.1608856
ea28f68a1d1d81d29b88531d,616660664.2336209
a3cc0422a37512ae124013d8,599251705.1608856
073a3ae443f3333f0f526f7e,616660664.2336209
57238dca767ebf3a842c5f10,1028092485.8779112
113887ac25fbff9d30fe8d35,444212984.04008895
fed1a50c562ffd7f30451adf,403637566.5265278
b1e9075645f4b374c7301346,616660664.2336209
6517c1efabdea4c1f93078b7,486372867.03792864
b966fa606a3b50d3ac7249f6,1194942705.3870091
e0ad3e9588636f454e9e484d,616660664.2336209
d7ad46cde8eca723de6510d7,599251705.1608856
447f51e37fda773ab748814b,486372867.03792864
a6b992c9bf4eb32ab3d1df4e,400641523.1221124
3a9c7ec02f3e7e419669fee2,345556161.20159715
c908280d0461c3585af94d53,822202170.6825628
b3616a055e722e3720cca48c,516942789.47094595
45a8f6d942533794501d775d,516942789.47094595
b6da1db3aa02debd11e26edc,540313244.2085806
6d12669907d7d80d0b458a93,687067731.236764
5122b2e9638d3438434fc56b,1354446617.258517
6367a127b452cfa27043f74f,772700206.2310145
fb3d29813052141c015669c2,388976761.09152997
5fb76f2095eb1a5cacc2524d,388976761.09152997
95632ec6578a204881694dc2,515583100.447286
846b75324c0f3cbb027387c3,515583100.447286
940dd8311f2b49d4ec212fde,767233497.5037802
bd0261ab68cf56950ccdced9,463258808.97537005
f79f0c23b5cb96b5d022582c,463258808.97537005
795cd68f9a5ef45902712524,463258808.97537005
d908973d90db91f772890c9e,402397180.7346207
d670be6c848b1e92abbf415d,402397180.7346207
87b940bd3dae37b9fdac5d4f,463258808.97537005
8a7ddcd0c452e7993bc5087b,426245276.8271391
8925e22f8511be30d50545cd,618115272.5255177
1342c307971094041c9c240b,979841564.7206076
385488342bff3d3587250c84,1079097741.9590714
f8e25b7d7e93c45df1b3a4c5,1000921312.0872879
fa4f331f05b1488990a69ec8,1199862263.363012
a71d187784b309d65cea0b14,999074574.8571965
0f44b84024412099f27439a7,607150517.2377616
0ea1a5d32324d270cde1993a,514661967.86221474
b13cdf9314a34852e8db4221,514661967.86221474
75e0815e2ba7269a10d9786f,419393294.2028482
f42b6680baf774d27fdf1e48,419393294.2028482
5cde1a59393643d7ed4e909b,499562949.2507235
8736dfe0f1c6e2181b0ee31e,954043263.7849116
5859ec20de4a5036292ee947,824105201.4965254
1eee0ff52c53f04307cc3216,517646657.9866658
b455979bc938acd34a580eac,572426980.9443145
6921133528bd6fa3675ce8de,771636095.6078682
3d266736d0307404a5804073,464049149.27480847
f4f6e48b618064ced466c302,473757252.7259393
dcf606270a4612aafc5f9f29,464049149.27480847
5e455623c380290e0a8e4e48,430537070.5833318
ac3c9d9357fbe72959817602,586549462.1373513
f48fb9d9c42b0ebee72cfcaa,364092776.4862288
dc99f2871bc05ea7e8a97d72,518531012.13275343
b5cfd5eba0b6297cefd6d3d5,1297306167.0776458
0dd30227247f145bae82f96c,1185325084.2039673
9f347bf53e4ca4d264a45241,528948170.71056604
81406ce289219cdab015549d,937134173.5641311
a085fab6d9b9d8c24472cfb0,1319517040.5670197
1fce0e993a57a3e3873b8d7c,1304784482.0665765
af67d51867f382dcd9cf34b0,776684123.9051919
432f082ac51bb0d39ce45b0c,1135353052.4354045
b6281efabdbff697d70925e6,860346346.2987069
9215d29512b14aab6178da01,1333274200.5624907
6218a5d7267f02c576e5bf16,463316704.75684386
d66cca2c8e08c89af26e7622,620415570.0499989
ad3b4ae81c322a9f91381bea,620415570.0499989
3a40bebb521445fcd32cf033,881651238.7582958
c1ca38f941200a9d666aaedc,420592051.289584
a1da74ec074df16a1e8690b9,1422198947.4690797
502154647e351af240615b98,649078874.6585052
b57cd3eb0290984f061e1053,463316704.75684386
4db632fdebc000c9e64a589b,464049149.27480847
e380184391898aaa2d3dc540,927055478.3844503
dca45f1c1a79ea5ebe639920,649078874.6585052
961de1cc8601447b03682e1d,464049149.27480847
60a4f09c268e61fbbe423ff1,347923751.0230708
c3191b6b40191009ae9f4b7f,1256292573.3725379
478ac408d2a5c603aa23cbd5,649078874.6585052
ecdb747ee4a3ebf958252309,320431100.41339463
6c36e346957e336a33a7708d,464049149.27480847
09b18e3f3cabb7d5469a8d51,620415570.0499989
f1a5856ba56e7b12cbb9459b,360879600.99683523
c378ef33f40f8be9263e517b,620415570.0499989
b45911f1875da543199e97b6,995777647.8431156
678c70903bcb6c90e3578d6f,849827131.9497397
be22ce55ba31cbf7cd285e5b,464049149.27480847
2dc58e6aab9399e9677265a6,939320820.1960077
dae55582e86b1f514a4ec3bc,649078874.6585052
c119f62348e418d9ada13362,788420871.6491321
33510511ff07dc7354cca7e8,620415570.0499989
16b79a8af9d6376c73c2478e,649078874.6585052
714f90489426e80933ef31b3,463316704.75684386
6c8e1cda487c9841c8d297d4,463316704.75684386
6d9c4bf994147d8892d27f27,908713376.1438357
1b300634b71b898299c54671,721214638.7601715
181caecd269e115cb5cfd75e,468622904.22303873
059516a91f938d2e8fbcca0b,877230349.509467
c42ce8f9f62f7a315e028e3b,493323679.4396646
bc23e25cc246ced4731ce5f5,770535094.6446942
de44f54fd6b1b62f30956f5c,620415570.0499989
2ef897a38b95d7b769856e78,464049149.27480847
2280b5f7c47c3b36924b84a9,577402526.7054518
16ef7eaf29eab571e229e537,1146735885.3313324
48b1f800656bcae6a9e70802,542857144.8194034
b4aa025f8813a3f0b132b7e0,659999999.9999685
3c6092e8458ee81aed0db0a3,752179209.7585425
d919dc64995903c9120eb61a,746746185.2383546
ef53741b01120666a08db213,640608845.7738636
c3dc5ad23dc8cfce0671adde,746746185.2383546
a270fe47ba30ef0056ec6c4c,473757252.7259393
f550bc7ab5992a6fb48eb60a,939320820.1960077
28f980b3c741866e0db5b761,620415570.0499989
c2ebd39857dbbacb99e6cc96,649078874.6585052
bb9fa21902daecf876c0467f,966572123.1115831
fea142787b18327108ee8929,655357633.8583678
a1647603f732f97a99f5ec6e,1023151879.5395275
775f25d8144580541bf2746b,766771415.6001642
527a8fb085995119f846a5d1,939320820.1960077
8b69bb9fd7f0f19a248f5cf3,420668149.5103957
3b14b48188fdbb0917414039,474885225.8269393
02259637b8ef1311c69d3d90,881438406.9471301
50eeed30ba674cb079689afb,420668149.5103957
5fc3634e1fcc96b9215a6cd9,816921411.7977142
23cc24e23a1d74159ff78464,849664182.5554954
44551251fe345b31ed71aa5b,758678788.0625932
82ad984f02ccda30bd60da8c,832102281.384993
5734cd4805f5c055d36ec645,620415570.0499989
fc7ecefb27bbb5c3e25e899f,369764356.47656745
5ecbd5b92092264f4e9101bd,453556989.1049802
83a8d9df3a535fd273b27c15,1029498381.3060387
d76fadda8063e44483aa024e,975753175.0777059
a15bf12a6b8749ac8f9de19c,413892622.20982116
a3f32d81f4cd99dc85a16bcb,380097810.0771047
4029115038a899d98dc93d3a,1452091281.4697812
2326bb628b4a571921eb7345,1094672419.7428207
471d6fb8037049e1e4d120a7,1068212224.6574167
b73945103f07da807f7a30dc,1420091552.8526647
d6f4479f9226e52c93d70eca,585639786.6734297
420b03095062d9571144a276,643161743.0808564
ac0185c8f724ddd40bc0d235,464049149.27480847
228280554ba149e60f81d639,840562001.8002791
8a44e15417d8e520a99454b2,490003938.4602696
8978ec4c5b2f02fbc1f57820,860346346.2987069
2ab88dcecdb565b6412f5bfa,544338600.3858527
1dd6f560c804c4548561cae6,802167262.3943942
90e94b7e392f84e01a5f1551,649078874.6585052
84aa7d1c2590f37f0fd6dca1,799793451.4981766
0821fde7debf7cc445434024,420668149.5103957
b9973b07c84b99dd1018050d,481280345.81117463
169013bdcc2ef214e0163ccb,598335678.0253125
3c8eaefb3f5dd8d4c9f5386c,620415570.0499989
42d91ed3f3615247f57ebecc,795923880.2790385
a7f1397df30d6521c216e331,781998979.1283966
f6c6ee12e338b1f9730b6e2c,394967085.00753236
8f4687b666256e136148c3d0,781998979.1283966
925f83e20a153a1e094bc606,955531378.0551668
cd270a11dd8257648d1f0444,784299375.4107102
ab11db71265771ed4d9de64b,360879600.99683523
ec199e33b7557dd669fe1aa4,348212611.547737
b47fe4670c6b065a9e1db429,394967085.00753236
918947d51e52e0caf692f22f,409521205.8520236
070543b03770991d65cc337f,1052944615.85088
f45dfcffe189327cb0d303f2,799962100.7206142
d2e7484c81358d4c79f040b7,649078874.6585052
73ff3a6b0cf4f7ffb244507b,649078874.6585052
b0cdf05097df437354564bc8,330910354.4971622
33ea5de5e8f5c639a213414d,1066982915.0692991
c94056bc09a4bea0e853cc41,582831580.4376696
6d5a91ae44cad7849dc4e969,841071723.5477422
b52e0738dec9d2f119c75a9c,622111847.2395414
0e35349077490a01f25e2ddb,996273138.2043241
9a5fdeb5f389590eb46e7aac,1188876041.179566
337c81be4cb14d494ca69db4,825519387.9395638
ff28f1a1ea72e21acb157f08,1307336438.521928
e83ef75473fefbf8d7e52302,497201958.8460885
6d3e508ff42615eb78862723,649078874.6585052
3b7ddf527979726fb8aa1683,389633381.14308316
7b08cade91e2be20656ee856,585698667.6006529
59cb7abb39785d5263a156c3,649078874.6585052
bc48ec7245297b4cb85dca1c,649078874.6585052
0f366a36001c0766521b9dce,815734132.9021541
6ea022e53741adac484c1798,798490626.0164768
aebd6304298f84e7d440c379,1051083600.2963778
c5b333e454ed6e93ad32d96d,1043940987.1756749
bcd31d201096351079cf7ce4,556270583.13923
46cf5b18fd7bac0d3332d70a,824448968.5991985
1dcff645d389e7b687a498f2,912300044.9525076
cadbfbea1d03e6538af648e5,501149611.5336235
9dc0c6ef8389978be58daa59,1129904707.456046
fdc00f6ebd155e84a387878c,435099064.6407374
99c1b39476ee8e2ebfff6ffc,620415570.0499989
8930f231a5b9d8db14e9c656,1012329734.2514598
2dee15f1b082bb986f8d9513,534967172.05542403
346c734ce163296a07526a35,649078874.6585052
6079fb3769f843e99b47988a,522863935.034046
f5802200af1d28eb48466c1d,412739520.9929858
1f8068ab65469ba56a1f0c4a,412739520.9929858
1ee45a731b6f0242b6d2936d,522863935.034046
56b7a6da82134b135fb7de2d,620415570.0499989
340c4d762f830197fdaf0977,939320820.1960077
1bdc0d441e63089737ac4c27,649078874.6585052
b3d82ceeac64b64142286375,464049149.27480847
947421747f33db213e6b1326,464049149.27480847
bfdbb7aef98d4855d459ac94,917647270.5705739
80e88d50c151d5534a57f61c,649078874.6585052
d0f6e19e92c03b40a5aae3fa,1202370205.1180558
6e2a3e49dd6434ed01eb5e71,752152801.7277757
89e2d612654b3c792311faf7,645974594.3942297
29425249fed4a74ada083dc5,595122676.6713938
fe0182e1795e2b87eef4bf41,563882467.6140251
dc9cd30b760a1280e0318512,829378831.7192779
d22313a06e43b8ab8f6672fa,556576084.7408884
f91cc2e5edcbb704c293084a,1307526020.0310743
dae776f643e809387148900f,1028067863.9133937
e55634fce84f78466095e730,531785059.6230589
a507a938532411f06c57ed8f,760196323.830268
30f3b383f2d5e4709c9304b1,928118189.2948022
aaa43db51d1ddea564d1bd2e,555437891.0844717
b3e76a0a1fcacd0218c17908,388938859.3376373
e548ef7a5650696c0e968cf3,920445043.2701026
939afc1f6250d528b0be8e3a,970396468.5090002
405baee61afa4b08dc25e586,937877667.9524884
0c4781c598c06d538c5fcdf7,541228047.3099045
fc321e2d9b4e954e80805be2,626189600.5942822
dce18d258c352b7edc60c304,626189600.5942822
7b0a2bd964c04d01387d78de,541228047.3099045
43fd6b5cb01d05c9b1db0e65,626189600.5942822
cf0152b0a5e886e8291ef4a8,541228047.3099045
d05030b0eb8931161855450b,626189600.5942822
281ea3a3fab48c028721ee1d,541228047.3099045
4fcba82455866a6931590dec,1036288280.7169919
ecc5e3781d5e004ceef8cf76,397041577.74370444
409cb370961c60bacbdf7416,316290954.7972306
54445913b2dc2d6ba35abc66,397041577.74370444
51a8c190ffb673d4fc27f4e1,887622989.8039362
80e7c6b194b3229e3e2b9aae,801005212.2862973
bbfc9b05caa647bd95b3c88f,500063520.8669539
128cb9247755abf5f2801431,500063520.8669539
ac180e846fda5cd7f1123f6d,829999762.6376147
1e7173670334937dc61243a1,935717489.963764
c2555955d5175b31e5f783ac,690395289.0765024
d87bbd60fdb8b84a9fe23ba7,613294523.1537184
825012911321d636425cd0bb,952540118.5161589
54561e6ed5570577ea97eeeb,929480387.4962598
3a2a2df4f07902b04b809125,823988137.9736505
ea7e3ba584cc5ee45ff8ba7b,613294523.1537184
25093735f186b70beb018317,727056213.4615209
7fe1adc0a5873cbba4b021d1,1074077319.692041
461749398bbd48d69b444d7b,407634494.2030034
eb8f668912b70fd554c8c723,517965229.7851148
e2f00293305c464b361b6178,717776625.4803516
02a0a38b45e1b196165b0098,414177094.415256
0e6dc789744b678028e74d56,414177094.415256
58954e79191c62ceb1ead100,976611201.7457598
23aa0804aabdc61650b8562a,643278446.2609539
ef64565957b5278185b2429e,663494626.0281788
253725ec3d7939088faf71b7,456585085.36989564
a9683df184aa8b4ad5d0cc5a,598668615.8824046
3c38153bc36b364b92548965,622245889.093592
286cdf6dfcd95ee9edf73a93,385164171.1201428
df93a6e36d9f19e252fa9de3,516440334.3988468
586fde402c82c1eb5a74d634,447162843.7958864
5fd3b0299c0d52e48195fbdc,444381135.9509224
06d33fff99a62c330ef2d585,550850500.8367212
df98fd10dd8ae59956994521,457664878.3275842
361715cb422c5fcd9125d5e6,449721614.24979484
af68665ae8711d009e8810ff,457664878.3275842
63f3295df28c02953241e2a0,689235823.2169522
62d338c26b44153bb075b234,584541327.3689816
41a269c661f20e443a7a25f6,880799688.233491
c5a8695b7aeba06e46266959,669666644.4247147
17e5796a30da5eaf310d02b4,406261048.8697374
69acab4a6f82ae943850b9ae,541228047.3099045
5fc3ffb33090bf75a81aad8b,541228047.3099045
02d89daa77bb313328fe0c4e,396408658.72026956
6ad1fb94accb91bbc30449c4,481056492.04579186
a1cd215fa99b8776818d0b0b,504483210.3989955
0553a3aa7d961ada6dfcd52d,568202413.2903874
c6ecbe7b57db2db74b0d788f,662678314.506474
a4b23fbdbc7bbd45c5ebf80e,1115930553.30792
3bb15c6313ee70bf4d88f4e0,421006961.4520786
e05c52c9c8fcb792ace06b61,388206865.2036502
5fc77edb0e5bec0ed8e72a60,996915705.3002152
85e15a0a63ffe482c68ec474,885613065.7080477
859025f2f41efa521a74a00c,465431074.6635174
1672a21e6b2d8d0525df1759,336970769.7311711
7d4097722aad95158c51d24a,686344344.2920347
174fa597347f2b1d3e9016e3,635157673.7137564
3f081fb77ad08f8370569bf9,367991354.76391196
74cea4c9dc0e00dbbcff8b1d,1129517541.127596
4f5de1bc90694fedd216ef40,1348731532.7731364
8fa4be9ac1ef719dda1f96bf,519784554.19538957
3db3b80a902c10004cd3a3d5,1267649842.168691
bf02fad806fde4e3575e75c7,622913637.8989401
edd2afd07fa1305fc3126078,450489641.4408232
bd5d2030639ef16370cca032,774217657.753564
87e74ed42a2c8c97f7bdd239,1246940862.2161243
d1c6037d0750bcfe47d425a5,478333159.3710143
763c9a528d0f99f34e5b0031,470483128.23348564
8b674605311d296990ec72e7,366367581.68239564
d7cc3d199e538258fcc83f75,430028859.8018926
ec6ffe86e9ece6fc03556ea5,440841037.898406
9762ecd72557ad6728274e1d,526287026.6079935
49a2d111903c77053d44573f,395686618.42857635
d06ab7503c6deaf9cd405f66,1297677698.8837857
23e7dd821ec2601ee2c6e353,1118183242.8757422
81519727c7ad9f60d2c5f224,965113352.0130156
a4a5b6a844c14b4eca92dc49,1118183242.8757422
7e647c5e0a7d95ce87cfc8fd,790371481.3462718
7a1bca1ed03e7cd0e277fb95,442992929.4704468
03eb8da7205428e61bfb2845,435385656.1406686
82780776619be0eade3d72ef,493581141.47839916
4c03afca943c3f2484b8db6f,442992929.4704468
85d731901b48348f57932240,537184741.8432708
739de8928aab4ec77a1ecb0b,601145363.3879473
7f45d3809b08bb32a45139f8,494139899.74460846
cd14f8aa1613d754221c4735,694761162.2515419
537a9a2dd0ace0d0131722a1,575866767.5847207
2d4a781f969a4fa2a4f04a7a,625284193.9260184
e3676f99542f27c9037fca29,765700280.6634254
bb33aa4f1a7732fc8ef19039,379208965.0103874
9f11661702873852a3d65ed6,420187449.1426486
d7f22a4e6daa572583e02640,322057714.60053426
f6ce37c42fad91fce47758aa,349272038.13096476
f57cab248d2d832725d78135,406835443.27134395
9d73758bf7569cab4837e49c,632788792.6599717
322bad590ae06fb48f80c533,504055147.6885597
5a7b67d4c79ecd83b7ab66e9,1018710146.4442906
8dfd846e6df9a040ae1188b7,501948452.3890078
44a587fc89d6b6489157ff49,1025945727.833197
f9ce5b7edb104d4e8407a344,393744967.080115
73786d11f1fa714aaa9f1f90,884309432.1454926
cc72295ef156cb2d60d6b10f,1153572611.675048
c9851396352bfeb05fbd7580,1268620361.115229
b3561144c745ae3d329dfe1e,490793903.79899794
7ccaf332cf87e07b38b340d9,1266947007.4902585
d63fe229354bef8b02b4a934,642616005.1218151
2e0a8235637e98dfea862909,1004963600.9722422
0a1b14f320e330b405b27a6b,574614807.218711
db41266d7b500a6daead96cc,341932029.4355112
364b8b8759e3c408c4005021,380585710.39138585
73bcd7efb7a25587bb1c31ff,645203948.6200727
17060f24d81fe2661c7628c9,645203948.6200727
98318f22c00ab335d8aa23c0,554129631.5373466
c926feb307c493aea729001d,366334925.62279147
58d92e8a26589e37b7123716,532647187.60239726
54d11dce9374378326f7ac62,380585710.39138585
8e79eebcff019c3362a76a26,478333159.3710143
02cb957c3db9ded3691a9004,801448092.194484
561689dc0f267cc5011ede3a,715025649.3987467
1533da89d388196f19e2c5a3,717776625.4803516
069ddc5d1f3c855e6498ac50,413433514.4749642
d3aee2a35856634eb710efa9,457664878.3275842
4bad966abb5e8c4121ec69fc,529093959.40544695
f059e39d22124eb9e7e8e20c,848031199.5398189
3360f48c1ec30dd1c3175101,436452313.70650274
2218c6bddc994984cdc6e567,477706200.64234287
c2a9b4b389ae6f20140e21eb,878990675.1017727
d135cfa351ed6abe4ec2033b,559018775.8045462
668e5bdda1f4011578534f54,1259942377.8087199
d2aa3386ae240d7387424e07,409413098.6250405
e4f2ec7e2f4389c1efa52c0f,409413098.6250405
d4f90a6b73b1e179d3f8eb70,409413098.6250405
5738bc8873b341bf92ece0db,540475982.6009201
2906d21b1d96a1ec43bab50b,467410235.02658665
4e1bfbbd8689a95fc97fabdd,467410235.02658665
78410b0193dc989de2d24da3,467410235.02658665
fd7f194d9929a6f28ea57cf4,467410235.02658665
5e7ac1ffc0886c27471d1a54,467410235.02658665
879d9e3b4ef9063de41ddaed,512324199.6064234
4bf620c6c6d4c916bea70e81,630653385.141696
573bf87f57db6e037aeb94b1,630653385.141696
3ff7b739ce65f0b3066806ba,630653385.141696
a456f85bbae3f189ff424e8f,630653385.141696
6683685692e955a8ff172c89,649137079.0578697
82e1ae440b386c7da3a580be,887231069.198801
efd178c4aaf3fc9d05b8dbdb,522861899.2576369
55ea155410b001104518e992,511626446.11587036
32a10e550bf7095627d17da3,644021085.908323
823124264778e5ed64d8664d,579705989.9202865
fb01d990afd25ef96ed048da,1082513268.8120472
df22426db407f4c660681c7f,626189600.5942822
44fab96fa2ea501e0b94548d,1013478892.904058
871204bd1b3505acfa632954,689235823.2169522
3d63320260d150d134fe8648,689235823.2169522
b8b9b90d5721a9ed5e72b328,395898948.19005156
926d12cfe05643554837664c,395898948.19005156
cfba6db03f0e38d1aa0802a7,541228047.3099045
97b12012ece8a740944aa547,541228047.3099045
8de317591cefdbc375a41483,541228047.3099045
46d34fc9a8edcc199a537b30,626189600.5942822
262e3b4091dfa6b71af020ea,626189600.5942822
396761edaa353e0828949bbb,351862489.49599725
8c18d3417886c150136a03ba,513869874.6786605
f053d3918234bad409410755,457143922.2567044
8f5444b81998e52ad76b3ddc,638230680.9136709
0daf89cf494e0f40a94d3e5c,574291490.6709493
dd8c289ec872be3fe3352313,838538327.703302
f02f6c5b97b8e3cc5d5a74dd,765997363.8489068
5f39cf56c4e1bd43f61ecde4,476873284.4486868
5e187b07578d582ff3d8e189,886987735.2989225
bd018b302f732baecd085ff0,1028233660.9056488
674cccf4c7772d6091166aae,891607754.7075199
38e84c560b0455548ce186e4,689235823.2169522
d14173913bf5ed21e3ab50fb,489544049.7008304
cb8844cf2070d8697bcccf27,344264738.0503341
6b44648a905e7f4c0de6c855,590927959.785951
148aedc984c7f6831c7f9601,587384189.4918371
ff9d1cf7bd90c5e47a0bba3f,396449537.762356
9353136b0c791bec58f93ad2,414177094.415256
de2137c70bacfd5087bc5c68,455602778.70057386
12bf6b9badebc2902cc11c62,358588232.9801338
c0706c78d5d98202dc24e46b,809617998.3978124
4394a27b21889bf78927ddf8,435636821.53174984
0ebbe9d3831727f90d677ed0,1156300171.978623
caec584b5b6998684bbc6a70,469405906.3602197
0c302f1c924f8efe0b6bb58e,838569313.1784427
e056ada7a37336bbe878f38b,830776876.0407003
905cea21c0ce1cae97fe86ab,1040263068.040487
e286b12e5aa7929334322842,520000709.99896854
6cd4e68300a8bafb9d22700d,1077621505.751904
39124b1ec419566a371af8d4,894276826.1706028
6110b5bf07cf38c437c7ca8a,1243375825.5839648
6f8a22e4dd21f44bc6d383af,1239101777.3379169
71eebcb108c4828b8bd5b84a,500063520.8669539
5d61946d53efdd9bd0af140b,613294523.1537184
c0620585c12f3d9f1298696f,397041577.74370444
d27283e3c941f8fc256c3f4f,500063520.8669539
2acc857ede19953734600dcd,397041577.74370444
32474481a0f8af34a4edfec9,500063520.8669539
6720db016112cd2a4a5e0358,687937625.410822
959d0cba47f650933b9a5168,884590550.1204314
32d2c5f1707b00c93407a19a,380903482.4668578
0ffdec8eb5272d9fe4775251,481456022.55649155
c77d7a08d5b9abd4d3082fb5,480494347.9610374
a3021c7c465dfdd38cda9f9c,858857068.3182303
aa24974831a0c608635bbcea,675205622.8966691
eeca3f5c399785a1cf15b1c6,505354208.1853195
0b51fb3a65a86d7799f27264,399310707.67298806
1af16b7f14dc04f05edf71ea,795778631.78506
e0d7e4dffa0f3dbc40c7da53,496582097.36142766
cfeb42023e2737491b3e4283,887152438.0787
dd4e23681e00fa1cb9a679a1,481456022.55649155
153c89081fd85dcc66a02421,693966872.0549357
f25b2ce0d988bf5490fd780a,380585710.39138585
8700c9b62ff5a5c3394b0bd8,478333159.3710143
a53b105919c7b46c0cc1b003,419155747.9830143
1c835128915211131bc561ab,431228869.2978431
a0c6e0c6fe41e32b3bcb2b26,478333159.3710143
4eff2f2297ce85a0a3964d2c,902432859.9152169
57062f248424c47282d3da30,627045487.8591357
99e860bbf3033ee4654d393b,683474469.6311785
db8912c5c5e5e49431b2c85c,728743058.9284035
3151daf55106dd159f27a8b6,431228869.2978431
3e8a4318d93b1fed4c48f48d,1003495160.06603
4c8ca73cb51a58933de61f0b,461407533.81751144
925754da6fea9c9cdc06e18e,645203948.6200727
05119815bd72ced29391ba87,645203948.6200727
aae7cca10bd7f041c8e02d23,645203948.6200727
4890edc33a555cbbac71795c,645203948.6200727
902fbbf9f5037be8759775a7,645203948.6200727
d013a0e910b1fe2e3913af7a,645203948.6200727
9c38b9798313a3091d13b340,1337610619.644519
f04d3ee8b175c8f2f30f4f39,1251556582.0577705
f0f883c45e8470e74280e8ca,1205496817.5248413
af820361d5f20198bacf839c,431514654.8123916
01636da0aa2bc223af023a13,571099871.8615978
cdef6e87c007bcd9b4efa9fa,830489169.6738155
1d45332e2f04df18cdac590c,519749378.07181716
db3dae76fed5fdbed29862fe,493647070.11659133
f36a379e0149d4800e793001,494842994.38469917
30d2ac3ecb8150e4d4339d1a,916969039.6585042
7f78955c480d050f2c8ae3c9,650800029.0107367
cb1dcee1f4ede0877be1ad15,822389426.5857985
a32d2c51f2bd5f23bb519d12,819201847.101215
bcac2a4cacf13a91805557c1,364265794.3163633
a21afcc258e50a538dfd43ed,364254496.4011855
7202b83b651382e2630359c3,465904602.2616256
77d6855eb6a30d268e49eb1a,428225011.7439673
204ddf6ba4822d55ba80f713,466047198.1987065
e0587d29cb717f725e991ef3,851836747.554219
c606665f3a3f70ef61fa5cf0,1152711424.5861812
44412a9e16b2824c4a520a72,527894440.1804519
313abf19d78b719cce4b3188,702576792.3658782
99ad7b36c3c916393e951507,567990446.2607185
c34c2aabac06323fa180b24b,556946409.3207977
37f39916813a58b844e17833,838036236.0074046
6ab7f97fb9880e48fab16a1a,527894440.1804519
0e6c74a0056ee94b10bfa86a,681026620.4207764
7fdbc3fed9c9607e6d01e958,534888310.9789662
01018b9796a105be650ec802,826709056.6761357
16ede6f8833a93677d05a131,413605532.80548394
0a53b0b7c365879a6d2cce39,780671251.2595875
a293de027279019418c070b5,464702043.8287165
973ab56a202e039f5ef37353,365577704.4739181
3e18c851788fa8724ca8b7cb,533420360.0941549
0a4b0a004c894654663bdcdb,1047995054.3218287
55d4b530b881abfce2d03e56,777813139.2490355
405bc08707001684d19f6edd,682493350.5747429
dffa1057472b06bfc0fa7a66,1139327794.2954865
d061615fcc6355d79665f9a6,641056179.5213897
6cd96d73fc58b1502bc6ead8,965113352.0130156
db78a3ce9c6f6a7f4ecc6853,596180339.4464209
1498ce1c1bbe2e89b84a4a45,761198224.5606177
3035d7ea4b71d204b588dccf,510364408.96865654
2b8e9560dd58d880dbe77c61,646000529.7643688
e8948741a987cbb3759b7a44,589676766.5773293
20718780218eac9668776956,470033144.0331667
c0a9e3f5c57cfbb4aa9b2357,696884177.4210483
5e9e9339fe1c3a06470cf7c6,457702769.1024857
f852e0f3fb8563ea6918164f,1244243932.6465328
e38b4072ff8b856487864f31,855369479.6055825
8cfa1121fc87d9483ec63611,914995665.901519
1a805101f78cbb783e6f919d,575999470.1624486
98502628de3c4fd3905000a7,391023281.4104726
ff7ebaf86962fd0ab6ff41f3,497417390.9347206
69442123283ab024a911506e,1001976561.4415592
ce6e91b53465250effacca98,787297735.7615272
5d42f42059617a5ca7ff3a32,460829678.17325073
01edceb6c5afc2af1e129e86,342804236.5085885
fdad0c86eb89fe93633c8571,319866321.690053
831725656d9df81b63c0ae38,510065509.255568
d1f8eacef9bb4d300d086837,905014203.6902905
3b6d88f864f6c1759f957c73,1325883227.0429983
5a38f908d8d75c5810280e12,405170255.72865784
c7c835349181bd3f0d964eca,1266052689.0224545
edd4d560363f7575aee42d39,979560375.4284991
8f3924eb214f5194d21499b2,704129494.6067691
466c542d7825d36d18a86486,705391291.8022615
0b71d334a6db66cf6f1a8eb1,927303845.1449878
7a91cfb02df63e4396b15aeb,348760017.67459184
6140125d2a94efe499a6941d,430028859.8018926
080df3efe1fe81f97e74c4c9,358378538.1985817
e148c2b109eecef0175b3c5d,525388136.22010916
40aaf6665b489033ba0e55b5,1057049234.5502527
05498e49d0b875ae6aaddd83,360636655.8706475
397d0f6319465fd7fea6f710,814460215.463817
7e6d8c4742b38854d819696b,883260060.8578842
9a8d13d56d677379ebf9a347,1163982532.3304935
06bbc353bf62fda3b3786fd0,563795476.5917634
09fd7896d5445f422892b196,527935048.24912566
57c63e412f3fceedd3a7e698,500219911.17489433
32cb6246cd94f962f780a1fa,414177094.415256
b0f9bfd521802b0d2586300b,717776625.4803516
2a99204f0a53c4a4d0a2393f,717776625.4803516
7651626df0e2e3119b801466,717776625.4803516
59e48259a076518d929f5db8,367200418.2845145
e7b721ed96269bb195906bae,381468782.0312856
61c3c304eb8a06b5a483efd9,910279950.8353097
3c26b2954be250bfe239db68,460721772.3700577
0df87025a6351b435958ce95,1040268629.8728576
df82719238ea0e102c282c09,633884940.3576535
57c74f7b9bc5e33cc823439f,771896734.5594598
4195a9d13c0a526d7cc959f8,626189600.5942822
0d00fdc440d7612434a6b91f,626189600.5942822
0c91369119a06c40623afbb4,541228047.3099045
5a6b30b4d33e068d421bc2a1,541228047.3099045
f4beded3c5ed9fd6cd5177c0,541228047.3099045
95e561c7292d64305a2cf4f9,626189600.5942822
67138978493b84ff42daad45,430504513.2562572
7da10de45c866c7d066d2586,520650756.8439278
3c3cc027fb179e91a46f11f4,408423692.8635894
df3ada98307fc85428022d00,430504513.2562572
e029c89d59f2caf4af4bd908,581561947.9608662
105d05ab3d5334b976e448e5,408423692.8635894
253fe7aef58ea97fefef922a,535307671.65899116
43e11f10650837933261fa7e,492493517.49543804
b111b17ae1fc17e3491b7a5b,854922496.9839083
63e1ff737ea11ec607ecee08,626189600.5942822
ae703276c49b6a6a9c39770f,843371781.2567909
799bc0f95ef9a23fc16bb1d4,1327061559.838326
bb9fe73a8742dec9b2e79135,1245461831.724699
a9b3d963a14c2c7435f30fbf,1293680750.5411112
7a48bc2c3f4aad08dc7fd5a8,385164171.1201428
7621f476bc8040270958de6e,537184741.8432708
c49644baf8dc51d3f76d7e7c,704392881.7907903
8c107da7487ed0cd409f4daa,395898948.19005156
1bc8874a13914055c2759a35,395898948.19005156
fcfd6f08490be39064aae41c,395898948.19005156
23178c72b063ecbaaa04b37a,541228047.3099045
10bf1c2d1124f6d8f8b9497b,541228047.3099045
c29b30cc5db2ffc273e4cb14,541228047.3099045
f7d11c2601959921f536f804,626189600.5942822
acbb07a2c7a0e39c0102b3a1,626189600.5942822
844e127aa7802cdf75db074c,626189600.5942822
e2d88f49873bbcc5476f4ff5,626189600.5942822
42aa1e6f6b8220a63fe165b2,626189600.5942822
ab1c43d6fc4f08e315e322d7,847691067.1435367
9299c976b1afe4d2c0bf351e,847691067.1435367
cd62ad28163c8df131a8f2fb,408423692.8635894
e5e06913ec3c851340d7c91a,408423692.8635894
d9b46a34e48e04b5a3e026cc,650501348.7023852
782a6028457ec55d4fd5189e,615617358.8436983
11a905e4e01e7d15d35cbb82,503669492.1060137
3b3e423e248b23090a2897ee,437150478.7161398
5915093d458d4b6589e86f59,468711650.8594282
3d162a854aa05447e2cae0c0,812311841.0329193
662a3e343a7e207ecc09d6b7,424217582.30433327
289db1292d4ee40a1ed6e518,601848367.0533808
d43d2bda7b6e4d5177c0d032,879919637.1941781
b57ebf09cc691bcf009ef115,1251930418.741021
21f5bac85d5eec57acf501ef,755798002.4320683
2fa288389b3031d595973793,717917445.7131507
c900d19cade1443983274ac4,891877908.0024782
67bd5b20df7f2a9cf4e04358,500219911.17489433
e111bda6d24089dac82907ad,378913225.0962178
7910ac9782a1a315f68799c4,500219911.17489433
ee786b818284cb382c755e9d,717776625.4803516
f9b0a27bd3619ae88ffe5455,527935048.24912566
ad1c32cf75ffbcfc842e3959,378913225.0962178
5648633b1f92de1ddaa7e7ab,500219911.17489433
1ba481abe0d3890c42884d97,500219911.17489433
ce60e2ce2a420052e67564d2,414177094.415256
87e1b1170c163689d60bcd09,546707991.0702741
bb4c7900162be66534d17541,951906871.6128012
68340674853f0ea101e32b46,717776625.4803516
d10f89691119d4a4a2c1e650,1337894662.2082667
d414907e75a1c105ad2b74d1,381863718.067703
c9b6d3bce20b7f528fff8123,404412924.9280619
be1695a7b8d3dc68c9887abc,565850999.1211491
debd60afab03fd1552719270,565850999.1211491
de060e07dfb0a5494c5550a3,565850999.1211491
3d6815fb68ce959cb95e225e,565850999.1211491
d93f6d8fe212ee3c0f7cca95,565850999.1211491
1ac702e7c265717b34419fe7,565850999.1211491
a157596804522e03efabce48,565850999.1211491
069c529aaef7d7e0774c4a66,565850999.1211491
0669fb98aed75d79f8decb7f,565850999.1211491
7057326ac489bcc17d580883,565850999.1211491
e3d6fe5d97bf4fe851aee9d3,565850999.1211491
f80b20e0649dcf1c16003255,565850999.1211491
364256d0881131148655e006,717776625.4803516
0f9c26956bfe983c8c7fc227,1284591615.401324
9756b47e9dd47f99dbb23115,717776625.4803516
27d413eab7b562b984c5a682,717776625.4803516
ad17072ff24e0fc0e61963b4,717776625.4803516
473a59415b6214218a15e363,717776625.4803516
ef72df5586ad0cbe59e36e07,717776625.4803516
9129b78a741bf5e24df5379d,565850999.1211491
964734d3430de94d22c927cc,500219911.17489433
530b25326f39c347a35a8caa,500219911.17489433
482f57e65a3f4c6792775a05,357928467.36132264
738e86beb569a7bf51fbe199,322057714.60053426
c5788cd5507c577b7b585ffa,365375731.5647077
be164f9025f346390b986668,347680285.2109477
ea2efa1a857332559120b823,623648288.5597266
f3dd24a17ea51b7a2b0f037e,715375697.9527444
7aa8d04246d3e84e5ac470bc,771896734.5594598
6361330195fa7cdc6d5c603b,1008570970.1448313
6820ee22d6fafc9c030cb286,1201438242.2309349
472601b5b5719855ae3528af,646102781.5828717
3ce2c7f1ee7569e1b916cddc,609612216.6978512
afb03f7cea99023ecea7610a,537184741.8432708
404364fe956884368e2f8300,486258389.2094773
c658639b590415bc6ea44119,453006658.3616823
42f1a529f5ff3a6371dccea5,621122570.761131
e2e4641b20d81a90033a536a,521613673.9168312
253b34c2c5ce15cbd8b5826d,594931156.4108952
86ff8f274b698e7757ced1af,875022517.5901648
c4aef1d92cf264c548ef1f2f,452468574.87064946
e8603da6012c2116a70176b7,792705337.9824487
52b52aced4853a3e3d7fa058,570117325.7533603
7d9a9c3b4442efdb53c24448,500219911.17489433
a7bacd6f783756c9e7cdc068,395510741.70824224
68a00651ead62911f850cacd,403559033.75257975
1e7e26077db3bca2821a9b45,663494626.0281788
8aa21f48a83be25f924f85c7,443875143.5817848
48107a1dd2a3b027637f250a,622245889.093592
6bbb24fd1b9df3df4e939fc3,456585085.36989564
aa45f8fda8801c3b4923f4b6,643278446.2609539
ce164af02f76ab3a68b0f980,590757992.1138171
c32249c7c0819b1a29fd611b,690058336.0807483
f8d4ec209ad5fa5ba4a68e56,616224055.0749816
cc03087e0f18d59c521b6ce2,598668615.8824046
fa631a714774fc22ca15ec10,650333246.5463259
c310efec13e312442f7e1a01,808695678.1994559
534466a857d28dcc598e3a49,947458705.7041588
4a81bdc14b5bcc4c84f5ce4b,467291357.0613805
79ac12d8436c07b620190b9c,462834540.2049768
f69962045e9aea6b8200888c,418258886.9115344
9752758072e096fce6f7f4cf,378663208.9813009
56fc1855dc6375dee0506133,416933253.44298977
2fc19f73fb877ed8b88a5250,564552767.5324775
63a25d279fc5a9e8fc1dfae3,397041577.74370444
71978c139faf2a251db6ff5e,334327629.76492876
f4dc67569fd340be3dc592d5,484872728.7243663
0b829c23806ff01a0c84e9a9,500063520.8669539
a23ff4d1b2e24f537a75242e,500063520.8669539
3a103803cf9cf0451582d89f,389729089.2009482
eff8b3fe996b6d7db10b0263,456870013.6357444
9d53330b44c300e396cdb402,650463150.485235
301b5da33d32c0632b16e8a8,613294523.1537184
357e653c4bea02df1b08c62a,996788980.2301522
9af17837ac2bbe7c8ba16e0f,385164171.1201428
246576e24f66d495fe0d509b,537184741.8432708
cb70f4993947b640317a07b9,537184741.8432708
949292b23ece12b655122038,337655350.30483544
4bdff22689954e5b1e575d30,745298424.3131902
7c69d43fe2488db51e6c8da3,367907255.4074388
6f543782174a964402b64de4,681198057.753699
a59e7f0e0596ea6633781335,817906881.3234454
767ae7de1818d645a33749e2,865743359.2333754
e667133c29f90c8fbf30ede7,535570654.82450575
3fcacd1cf9770a2724a5fb01,651765879.5716332
601193433c99337fe806b158,637283324.1608552
42c282041583e6e2090b50f2,684450114.547254
3bc80c56871193dd782696d3,514700348.15974265
bee9de3e2817bdd591c02897,478333159.3710143
0f761aab549e7f6bc025ab0f,645203948.6200727
3b9971f91bbe4b8dcc704ba0,645203948.6200727
8f428b58a5189effe993ca4b,353362010.41614664
0af466463f2cf50d61315da4,609572239.2204108
1a486877c62f2aced41a2ca0,645203948.6200727
c9fdc3f80534b32f1a75f530,669672290.4287724
97419310c7e696dc8ca61f7e,817105920.9723833
49d9cb2bcc98d69222b03165,828595825.9486572
99fa9611d644cf325e20e603,1282664780.5613468
976d317efade1dd77ef3687c,502886013.85863364
b9bd63208716e4e0f2dedceb,416279308.0857223
834263730047f308d71d4d8c,493280532.3996091
d6bf8bfc752bf4580e99794f,933074663.7571481
58bc2b0acdb0702732894fa9,509541027.46258223
c3b8b774037044a2524913a6,816859610.3023902
eb339d562b72b3bf51073cc1,414313683.1174917
c8244d916b0110b1acbd38ac,539491406.2803864
65bb6acd9be0f8d95fbc722f,563516760.411131
5644b84ee2edcf7267b2189c,686939400.3465446
22eb737351bd0958d3e60efe,633999073.1175245
0e2a5d040f6361adb9927388,599356019.7811974
be9f5ade682aa1fced79b068,354826253.3491732
8445e5cf42307960535a3b11,535357861.91628593
1b002164d34a71bd06e0445b,752527388.6878921
c80f897787541816ad63bc17,446895646.5829575
673c72783eb4f9a02c511b83,1116038759.0875192
3b29177e99201cf4eaae612a,742815800.3587246
91c5967cc1acb3f108d6e0f1,395156201.45642364
334b5b9fc68a18387ae59ebf,393945669.22929835
c9d096d4353b8eb843e793d1,718617636.1970551
92cade7b5347d1c00a48a1fc,980819855.1356404
1d4bbb5b756033b4be28643a,827125425.632671
e1eb183eb261b6de96e20a56,902755280.246116
7ea8da3b1481993b14bed9d4,391236394.8568325
78bb43910ad6ed105610d9dd,735388821.8424925
32c1f617f2b1f537ef703712,755990545.4363085
a7e6d3c76bb5507e00ccb501,500219911.17489433
6c75d7867807d942c975079f,856095507.2995205
e9182661e36239f091259232,347695719.2839607
c926ee21c2bd9da7da193514,348087464.347329
27bcae7ffb9f79b8f59fe1c3,399484464.9117209
6cda1a7622d5577c0056ba40,834795081.2944158
67c945ee31cf1fa0a874e4a6,623074109.7796347
5a8638c17d14ec4f6d447b8c,397041577.74370444
82bef17c2a4db1f6dc6eaf01,500063520.8669539
09dcdf0b8b37c1d537b9fcf8,500063520.8669539
2cc9f2411f98d0fd41511211,449526573.4861664
aa1eaa63043c5c29ab6a1323,500063520.8669539
35b03ab66c19ba2049ddb9a4,572381634.8637497
90470cdcdd2b813b39f28ab3,613294523.1537184
ba187eee3858263fa664812a,613294523.1537184
c06a1d212fed896b6ee4e1c5,613294523.1537184
8a8c8f5aa68c4e530d62776d,613294523.1537184
662a221bbbd961c285069c49,613294523.1537184
ee796b35e39c7beb6aee2b49,613294523.1537184
53de17a986d62a44d7897200,613294523.1537184
68925fb9f8f0c84fa0ffa9fb,613294523.1537184
6a6d4f8251ff961609019ddf,348831074.08532774
3477646f548971044f8f0494,411129061.94510305
c82434222f4129168fa82e5b,538245996.8305475
4c00508300f40d74c79f2596,454532083.5104134
27bebaf73dff207d7f6829e2,512427894.1517503
d0ba7b90f6ba3392a165b46a,875108472.4132777
61974f593c799e5d5090c067,346903581.9484776
c08b016afc6a07105d7703a2,496229979.3339198
011c2017b63235bf0ed3f241,483426614.04702216
7f73a8e83d41ea252ad61197,445152017.2789269
0c25a552c34e114a1780739a,337682541.4059093
21e96ca8dbe2f12b55723335,506434751.4365576
30f6404e8034dbd513aa8a30,797616401.4886153
f2fce80439462bb9231d7fba,384130284.56983423
40d5384e2e8f8fef2032928a,430764319.265976
95f17e64d2222c904a7d42cc,439210308.5253075
59374f70d5e7da97e3b8b35f,1071977690.8403709
ba30cf03fbfb0e36e5d415bf,1133818571.5825574
c2424b4861f2ef50f8876c0c,507826518.3941992
e7def7d0999433ad6d3ea412,724955537.0090739
7f1a4e79fa92196101baa7eb,843371781.2567909
37e0fe114a3c7406daa57443,535307671.65899116
897c0578bdc8d59843bcbe38,465571351.5040709
7e554b821e6955ab259a25f3,395898948.19005156
23b0d67dc2a0ae6e5ebc9eee,395898948.19005156
d43f045d046fbc8f5ecf465e,730176264.0810139
498d632cf0868a8e641cecb2,395898948.19005156
6b9bba3c6afa1f999a9429bd,395898948.19005156
12db154d9d29cafa574ad387,354021039.59794617
61779f1bec05260cf10a0d2b,730176264.0810139
986defbe9082519824ebc882,541228047.3099045
f72992cff50931d2e19b3ccd,541228047.3099045
0e2d6e5882fd3b4eeb9ef286,541228047.3099045
9702737c9e4ecb12d0f9ea5c,541228047.3099045
c36cf907ee28017eb1b40674,541228047.3099045
a7ad9c8b5bae531abf68f8d0,541228047.3099045
6f3dd53b0935c9593a301bdc,541228047.3099045
11f8f836e5626605ee4b41c6,1191973946.1547763
16fe92ffdb7e1aeefcde80f4,668612399.3547292
c1eace64bd2c9f6bea289c4b,626189600.5942822
fc2ac43013ba8ab17da28041,626189600.5942822
5e6b54654c98c2517c2e31d7,626189600.5942822
f0e8b39d2e4644dade9d8954,626189600.5942822
22796587bee45b8f64ee6e44,626189600.5942822
dc8c76f5b3977f90839918b0,626189600.5942822
27663c0e271e26dfdbf4d289,626189600.5942822
2fc96ec5fb2c8dec0a5b09ab,626189600.5942822
49d42ab711abd95fb5947c0d,626189600.5942822
b8984fe54819f5fcc43860fd,847691067.1435367
8d3f4ec0c37443eb3f953584,1100395570.9577622
001dbdd202e9908ee42713a8,1101836695.2096121
fc5f41aad1b4bdcbd8298037,577903473.264713
34926bd7f9880e277e75a447,496595987.740506
00eb120ba4410ed8efa24a8e,467410235.02658665
eb0c6a8231b38b2a1e1f789a,467410235.02658665
0f059b39ca45bbbcb996fa45,630653385.141696
06a5364639452a9d663a2dbc,409413098.6250405
cd19dcd4aff76caaa1cffe54,475725899.18187493
7272c3521b7083038ff0a690,502066745.7188915
a480b654e1b8b7134091e613,1267924698.9777899
ba24834c9fb0e87c4ea7d1a0,862856897.21703
ac46e3eb688cb1cb17da2545,949144364.5441117
3053732169b2260529f90133,522664295.74042267
ab0c047373b5d1810fe42bd9,536563294.4679574
698383c101fb784f8e1b1ee6,626258792.5733893
1b09c89b546d0058cb09c1a9,754671965.4972504
64edef308b6a9805f0846cbc,902568751.1387303
995a5799d9a1a7e4dfe4fe34,1480386987.5440574
d4f1fcd4c20dec55e977720a,1069492745.2622411
21264b5a73fd27b85a4e2654,585592934.061191
d464858ed94a1a74948f479a,666685122.723077
dc420bf2dd1759b7f281cfa6,1145141392.1692085
0a268e25a5f3a0bfd8898a40,332617069.8755969
a3460f00d48816ef66e3acc3,502886013.85863364
9559637fc2bdf96defd2438d,726247031.1648669
421db6a58670e53f563eb9ad,541228047.3099045
7b6322fd5810990820167a23,471732452.0408626
17fbebdfe6bc0618ecdd247c,1082351234.816715
00f2621035b1969d53f03fca,848724447.9193054
e97c998a6a0709605432ccb1,370816105.99548215
39e306be57a992bcc75e089a,333479802.6661962
55d0225b44a81e82eea3efcf,877950476.940898
c7c5ee499c712082931032a4,1310930815.157415
f15f48d4cf4f85a3cd68dfa3,395898948.19005156
01db5867a69f8ea7849d69e8,990466799.5501167
7c29fc3861c9f074e3a89449,626189600.5942822
5ae2fec22f535ec2490174c5,349469804.5912554
a6731fb85da65ce14468341e,497443720.6313568
4e327acca2e033c3fb305c5d,562971084.7970285
37b8e8a194e4f2fed7ddcd96,482597272.19864875
a8dc954142c54e570bccdca5,564685096.5789789
b427d767b071c3e5ac2a078c,358428874.68133193
a9407f510e67bdb27ad59b46,430504513.2562572
ba7120c89c8de0e57e30646d,569985973.1822814
4f5bc448658287ffb3d49b75,708935957.8155738
758d9f47824eb74d1b486024,1108316689.5589097
84fb7e582456d7409f27cd2a,843371781.2567909
0a6ade3bea1768aab76680ed,1200072236.5586445
f6e74a4b1e026352e5759b2e,801474043.5781024
639b98d0798b5670e7bb2569,1099513317.0181026
32ecec7d5c47d02969368779,352119556.01523805
cac82fdc4d960947bbc590c8,371206171.79994184
c2b880a6bc90cdef9dac52ca,610509213.8404787
dd8eff6162c32ecbc6972509,416825326.27746296
6e2f79cf68ac0ba2b1a6b0c4,1156062631.198523
a904fab9fa4f41a11f673fd9,843335452.8277885
bf11c5dfcb321e020601e9ba,1160627268.1989198
488cdcddd0938ad0205ab8f0,1203824898.5897868
b92929668e884453d3a0d633,380585710.39138585
09eeb116cb0944a28742d282,478333159.3710143
c16e9d9444f85bdfade710a0,478333159.3710143
c15cecbbe717e72f09a84271,478333159.3710143
0bbd23df46a4ea4e4734b680,478333159.3710143
de28e62bd01870dfceb5d78b,478333159.3710143
92c4faf0ba1fbac44db6d1c8,645203948.6200727
91892eac5e9565b12b2a99f7,645203948.6200727
ba72421716765ef6aad9b4cd,826496618.6078421
a99df3a2cd4f2346c6e903dc,329787107.28901833
59a3b1a44c35ed4936cf7843,431228869.2978431
cd74b689350ef612ddf1b96a,392195864.1391943
5664cfe452394ff9376bcc8b,369114265.7697892
d4c6dda51fa949743a46e835,434751458.24304944
b7f47484bbd8113c62cc8c1f,544172185.272817
d4dfddb6564c9f46b26e7aab,461538078.01464367
aab240140aa4b6602234d88e,645203948.6200727
29671ce02e285f69afeb3fc2,645203948.6200727
5cd742ea274b4a8832114080,632455492.9008727
c876ed979c9127674000b740,475755470.4726617
45269f56121b796d0392e2da,1051552773.8410159
e981d4fb3a33f372ac26901d,1168391796.0091643
2f13a428281ffc425f2c2e38,372826663.5921005
407e4196114b64578beac143,579167068.0248636
342027b17940a0cc5cdbf8d9,1111603237.7406387
dad2bbb0fe138e426000a33e,720811455.7606435
e77da26aa7ecdab5505fab60,489544049.7008304
8fddeb4ca696706f6cbe573b,773448872.5437546
fe368a7d2e09fe88b1b972e4,398781660.55634534
6fcea2c6b9e39576e10581ea,457664878.3275842
91d35b9421c4982b54dd520a,526939476.60988384
eecc82010ce9803ebea6dc75,385164171.1201428
b957548768ef014088a61b5a,385164171.1201428
5790e4cf8102dba35e184ca1,489544049.7008304
cbab68c32d78424452249d9d,689235823.2169522
4e0b293ec3d5eda7d9fcf8b6,565850999.1211491
1f8742e662666147955c9872,565850999.1211491
aad38b9f22ccf36b0fba4e7c,565850999.1211491
44e9224b9735235fc7271672,485776429.45273906
b61e9e4f3a2e894932b58ed6,707922116.0865824
2b36d2ed79caaccd687f2ab0,397041577.74370444
7bdd64032a4f011bd4fe7df6,397041577.74370444
0890a0d20f33b9af2bfe488b,397041577.74370444
ea7c9e327eab66ca286f6726,621773707.6287801
98510008e150296ca9d27d0f,500063520.8669539
41abd8a2cbca609cf868f227,771462249.0702841
83196bef0e5dc6c981bc57a9,613294523.1537184
20289e986c1959f0c83a6a4b,561977172.455122
fb39ca089d05381b3a7ba847,323428938.0876769
d2da963bf6c2f6fe724be23c,1142512027.501626
670f7dfbe2eba87e55176257,982600265.3886439
469b33a6f153ec334b6123d7,583290804.4757271
c38ce4f3763795c61efee6f3,451497942.08698493
8553a05c2b30be81c64a6295,912115118.3935579
d8b3a1d0cffc913ebd05b931,816172481.0943018
f0fb8232343d235741a20586,912115118.3935579
887d749eeaaae288b2818b86,590757992.1138171
126f4d890004b8035a7de091,717776625.4803516
7d157359b413e107f5f9cfd6,565850999.1211491
65010e340fa495d060e32f7d,565850999.1211491
8164023f628f550f322aad61,508130499.0788422
8c2423c14aefa13d255fa77b,430764319.265976
e9772a54bc6638c723dcebdc,680020644.1088886
171149ef76fe0a2074c5bf69,615227511.997152
96448fa0eb077563a2d168ca,538778878.4033562
3bf1bea2a835d7fd11e47ce8,382399228.47004145
2f4b0b1b81c792f43f4ccd5c,382399228.47004145
086540702ba0876c0c05c5d5,934429891.0853777
57d17db2cc5ce1aa889f1f50,964243387.2646966
3b6cedd9966332f0722208cf,552568436.7576251
351a3e1b62cd51d46913a8eb,873641307.7570375
33b702ced6de5f7ab8b29e7a,576892806.6427274
e0e6852c6d6393d6d3719131,1092187433.0164924
bf5e687721e030639ec81416,457664878.3275842
314479aa7b73ef6ef44e1c89,489544049.7008304
822896f609e7761b58e7f6e7,494139899.74460846
5b6f21752f3744ec6e529d74,575866767.5847207
5d91dd63b6aef851e0c78389,601145363.3879473
0a369278a1ef6f5e9d79e2e3,524032553.50785875
7523e95fc2afaf31bcf30979,951504115.9073627
cb9de5719b978a78c71db699,625284193.9260184
af8c90983a23ee15c72b8e22,1432415593.4164333
e35d8f589e6b1909f5e4132b,993855091.1769422
ecaa5e38ff6cddc14942eb7a,683326390.5782295
d2eeec3fb1ee4d686758534e,648527732.0588531
e97d03ef9638c8e1d270ed2a,386510617.7056318
cbd78f55af1db4d89b53b496,363310794.7642148
1b2fa2ee5927660313569617,684450114.547254
f7f00e13da4910d724aba4f6,470480965.74051505
9a6b77dc2c414f0baa11effc,477706200.64234287
bd4d0b8799fa5999c5d2ee3c,778745746.167337
bd6b68abb113370c35786557,1123021377.8900225
4da8ef54252a92d9cc62c174,991191811.8367659
38d6c2a9beac610279bc110f,580110696.6585336
32e6518755191bef743b28f6,1180149228.1092334
4fd8d01a5c3abb90ad70cbe6,553345329.0800503
5d9f8f380a6434096a0cd906,419217113.30039865
724c854b1a991f060701d005,419217113.30039865
1bd78ecec17b584e827dd0f9,413433514.4749642
7e6f68184d84e09cc9ebc09f,413433514.4749642
c0174ef555bfdd648acf4346,378205767.31048876
6463505a740324c7aa869d79,740133544.4685012
f239b7fe0de40d208c01c45d,457664878.3275842
bd98add659faedc1820f96a0,457664878.3275842
ad662354d28a9b2d65f537f7,537184741.8432708
8e8852450fd5556f748c98cf,457664878.3275842
8fd5b95f5808b4676043de35,457664878.3275842
73a23c9d154fec88d396d2a8,606864401.3474658
374ca1a16b8eba42b35374ac,457664878.3275842
ff058f978e97c389e7a31f6b,457664878.3275842
9d7f2c004fd359136a662c9c,457664878.3275842
2cc0129b386acf9cdfa4eeb3,457664878.3275842
c139bf6b72a93a73155e1f5b,591521925.2027208
0c017cf9740cb67d530267d0,457664878.3275842
44ff213b9cfb3604b7e4b66f,457664878.3275842
a09c957598e6cde56cdba03c,457664878.3275842
c846d5698bb295697186555d,489544049.7008304
a84cafc064a35cc0ad698009,404527944.56567514
ecda0d714f52da919223a520,689235823.2169522
b9398d6bec5cc44fa39b8bdc,689235823.2169522
79d230806fbfe96368b83dbf,1334241057.308583
a28b1d82d3f7dbf8746d5742,937713884.0299381
a6555836840c7dd496ba9094,489544049.7008304
83ce7c2d2823f888f2e06ea8,689235823.2169522
631f4c509de8dd64f1c400db,689235823.2169522
2afd31619c21dc537e4797ca,689235823.2169522
0be57099d9c3ad8a16984861,689235823.2169522
ff29f12bbd7ac4b860909966,689235823.2169522
d955edf16ddb9d3f59501a9f,1334241057.308583
96298da2f44ca873f345867b,489544049.7008304
e6396355c1249c6290906b78,689235823.2169522
39f9f736d802b166ed688224,689235823.2169522
38a0fcb41f0dbe8b0ef7af8f,689235823.2169522
79b955adf84fb2c52381921a,489544049.7008304
e335b8464a61ea0781f7928d,937713884.0299381
71a929d79a6cccbce6ac5d79,689235823.2169522
41454361857cf70c44e1f5ac,489544049.7008304
a16ca6293e2ee2969f3334c5,764691658.3808161
4083248d3d2f2bbf9589b971,577432157.1427717
de630da5e1c9e27bfd94efcb,1028589437.5374955
f2a4f5010f3da37e27505ece,489369080.6426756
53647abd1d1b10c9226eac73,395898948.19005156
e51873d6421addab3b539dd4,395898948.19005156
be8fbefb8e06fe169237d4bd,728525179.7812148
257c889187ad5de900a430c9,541228047.3099045
3198c4acc62c1a2276bf15de,477513829.91624165
b22350d505b87dffaae3a5e2,756341150.7621052
49ad389014995f0187edf726,408423692.8635894
025d96090a8e5bd6f786e9b6,465571351.5040709
4a7156189e1f06b0fe87a7fc,362268583.298754
e91425bd357561183b935d27,362268583.298754
c9d996f458794961d9957c1d,362268583.298754
084de965e32a2a65bd3aff5f,362268583.298754
880bd21afee7038459b5847e,535307671.65899116
2dba091723891d8907905a74,626189600.5942822
a39f9fd2f143b8ce1f7e1277,362268583.298754
37050aba3553f3869d59f809,626189600.5942822
35a39cf33d16f8f5ff75fd6c,465571351.5040709
7c463a59e7d2f2b4bbd07e12,362268583.298754
035d955df5a765531d1d0d07,541228047.3099045
be706475abdfd64aabfe45fb,362268583.298754
bf41b26c090dbf0a19252e43,626189600.5942822
21aa860fd839233ed8b82653,535307671.65899116
b870c8bd8f95426a7e1f9c88,362268583.298754
c5a5676bdb1698f8c38cdcd5,541228047.3099045
3487768de3a13b7ee3df0254,755798002.4320683
dda7a886135a1fd8106d04b8,924934251.3191403
ee102e9d0791ee82ee4da2e8,478333159.3710143
1d4891dc27e0050efcc6c403,478333159.3710143
dc1fa8fcd0ffb8872d434dbf,554129631.5373466
2a5f727304ad67d1cd269361,470483128.23348564
2b10af4fcbef695b327b7d0b,912210139.8693646
516881e914708f6ea6062ad1,470483128.23348564
5a428139d5ce6bbd9505945c,645203948.6200727
38dbf1b9c5963e9c3d008340,645203948.6200727
02c6e8c7f36a2c68851600c6,478333159.3710143
d2684e676cae87d75dea5ea0,478333159.3710143
027947dd01dc991ffefc5082,380585710.39138585
0af13e27cfe9b8f237a9949c,645203948.6200727
32421841f7eeda76160d7959,380585710.39138585
96ad0e75433cc18f20ed83f5,645203948.6200727
b387b5eebf501a620f352504,645203948.6200727
8ed95f9bf057114664ea441c,380585710.39138585
114318a8e5822ece53ad897c,380585710.39138585
3bdd7be0b5e18d266189d991,478333159.3710143
0d2c4bbd8a4dbeb6337b5c14,478333159.3710143
a98637742a212e332cb5d1f0,478333159.3710143
acbec9114912932b9cbaf0a3,558389448.9255621
fd81506b0a00fab1ff680b64,663494626.0281788
49e531941384af389b0aff59,518685919.6167213
8f221efe392ba42b519e5f57,598668615.8824046
1f33395df1e4f6a185c507cb,456585085.36989564
fa823373d2e7fc9443ebb6ff,856095507.2995205
0a6966f19bc2c303886ca82c,622245889.093592
15d9a0353ad54798ef95e0d3,717776625.4803516
0d95d756b838d3a319277424,527935048.24912566
d644b23e4bce0e6e50ab9356,717776625.4803516
6dbc77ad8c5c1e39f72cd2f6,717776625.4803516
2fb5206d246ee7ab22fb8143,643278446.2609539
f1582fc47e7b8c0eb0cc9949,630653385.141696
8d7dd9de4e919fec5916862e,885340676.110486
0b67da6d74bb3998c80893f4,540475982.6009201
736d25efc9e570379d32c089,675205622.8966691
4615a8a7af9d7cefc7fe4c4a,1125804912.6530938
8b753628bd37b9759dad06ea,476903627.50805455
5c7c83526b72ced12a08e573,501645844.2601456
9baa578a930a94f761119fdb,509679602.81345946
8fe1a07cbe9b8f3498cf74b0,361054406.5114338
67a7cfe6e95aa5200c064717,694946151.918307
b7e3b0c90c0d3bfe5befec54,659500584.7201493
e6a547b2c0d126c9b6800515,891963859.0191987
b08f88ef973c9d1c3a86695d,850432699.643827
5933c18b8cb17cc6e4ae91cf,826326560.3920695
64a24372d58a2cf535c3aac0,882356670.7898343
e6f9288cdadc5851d29fabff,1031684459.1025183
71ba2f992908a5f91f832406,469323823.8672773
3af4b54bb5ee5fcff80f1e53,504917014.5035374
40d3f1f00de86e74e0304bd1,470483128.23348564
3b758c26283c2f11251bfb89,932628174.4086672
70cb6337c8c3f5225fa80026,764509545.6553661
0dd510aaba8036e8fd9d667a,1108800694.0282507
ef6ac2a5102d7be910a3e4c8,387994617.9215046
24c32572ca6161a603a7d0d0,343064499.8675453
c7be09a810b9e54d2dfba4b2,661605810.3969222
01a5a230e8a808d844e64397,1083978776.1145244
5ade8e9c79288d511ce1fd79,686843426.7913575
7cf50019422bc9569a985736,861836920.2238894
d4716e228067a7bb0f30aa30,505242892.4149304
cb79e02041eddcfa9225346a,1021436863.4129262
b059afb753452ba358fb432e,1310471395.8182993
fd9f78fb2d2f4d01e462bcea,1303485268.8468447
6337f924f515625e7fa638a4,677492837.2007031
3adcc2c662c8c7c9db5f0982,400328955.8066226
6b7aff233052b9bcb6b9448a,1151652111.4299324
cc51811e23409f4d77995768,407706812.05787075
e3cd7b6dc0495d5109086407,908919210.419788
e63f468e1d9f86530d47ba4c,394705982.7661552
8bad8a7faae115ac9007b13a,643596131.9018588
d563312854016e9115d034aa,1086504870.8397248
57c7684f8cd8d78909711b53,627274585.578794
76b8190137ba3daa55db33a6,491359851.16908383
2bcc6a15181273b2fad05e3b,443502631.11003137
b998aeafe2cc93bbd96dd9fd,398752766.5569485
eb77734d12df7528af57c674,398752766.5569485
e8df85384a1f51c31015ba08,565850999.1211491
b0a03d567e287bf4cbd7bec3,414177094.415256
dc8bc7cb687a3a42b7e7d5fb,717776625.4803516
147de03212e554abbf3fc3b7,414177094.415256
c09b8c236316b87a92a620b2,717776625.4803516
f5006b435fc92111d55c0603,565850999.1211491
ed70b749e030cc8715c0eba5,558389448.9255621
2a9bbd878f3f45745d76f059,717776625.4803516
503f33d11f75b6b5102ba4ad,354514161.1670767
41479709513815cf5fc1eac9,545064828.8853686
0181972aeb6bf451012a47c6,645203948.6200727
0b35c4a3f20cc0eb751acbac,380585710.39138585
e5de98822287c2caf8b209da,645203948.6200727
f3d82ce1c6fac06e4997f7ba,380585710.39138585
8e17d7d78e7acffdcb04d982,537561557.0488455
f1e7a0c7804083963b5b6de6,363908357.5967162
918dbe66979d16b147bd3322,470483128.23348564
35dedbaace193598c9c438a7,366134804.8679926
e67fa931031bed13c711ad00,448403249.9480982
eb2bbf82cb615e3227305b55,350729071.9856201
e8d83f7dcb876d5d05ae3e98,431228869.2978431
2be93bf5132bb788bf045c28,460050683.4935298
ac2b1b560e8bc4fa1deb6f87,645203948.6200727
674ea6932fa9e6b7581479dc,645203948.6200727
4893b21db2d6aa4417e1cd1d,826262685.8989135
2dbef742d0c59d21ad7392e3,839213159.0025415
fc16776abc877decb82a5954,761405853.8700703
6f84d405f419590075610c5e,380585710.39138585
52cec2691ff635031fce9507,380585710.39138585
830b1a2d33f7754b9acfdd82,380585710.39138585
fa908c8dd43fcbe9f721c0d5,645203948.6200727
90c3b93badfe7231410e95bf,645203948.6200727
60a495b86d6eff1e345ecb06,645203948.6200727
0468cf58f40372acb9d5fefa,645203948.6200727
c523380518164e1e317cf1b8,868492375.6326181
142cf530f13cbccc3cc9d0a6,826496618.6078421
e0432ecc0c1fb2b00b5435af,431228869.2978431
3af3a702988bfa0599727982,985066496.4956001
99fad8a7877c57c0af05b318,461407533.81751144
b57250de388b7172a39dae8f,554129631.5373466
42fa0158217c9cb820f2a06b,648893093.229667
8fd452d3f5f1dbb3b65f5274,645203948.6200727
27881ecd655786b093349ab0,645203948.6200727
38029a1aa22c0a5beb065edb,645203948.6200727
6750be41e08a725705256b0c,843389627.8787686
90bf218565cd67ed83240033,1148782373.3976
c6a089a9bb326c22e3f3aaa7,763248482.6236796
ede08c77d6090e0900654eff,1337138432.6598887
2f7784465c1c69c8f786a0a9,1226714910.55526
5943151d9a76010179f6c297,413433514.4749642
82a3742862a06803242b703d,457664878.3275842
b815204eed4398e600b366ad,689235823.2169522
11c4dba68fb47eb9c49df169,431228869.2978431
4ae7dd50c6b743bd47340f20,554129631.5373466
d81a040e22d541a74122f3c3,360128300.8060417
34c84d0a410920c303ba69f8,518899132.6224557
6b0828221f9cdf5cf39e7c15,424504421.18041384
c50d5b4e75f165eeeb2eba97,478333159.3710143
572488a9a75f64434dca5dc5,478333159.3710143
0e67ae9abf1e2b2f66a91a28,478333159.3710143
cb00154afcad81df60ee58f6,478333159.3710143
75801c34fb510d824a7d8366,359296236.73783433
98f2d7810641693c44096ada,472070710.6366901
1fb4c88bbf995f77f2f29b7e,689568185.4524875
0abc98f7ea1e477c6fe3425c,838801977.0280344
b3401023d3097815687d1160,645203948.6200727
f1ef14babbc4123c5157eb9e,459997625.301359
ecf47573fe1ff641f6914d0a,1125062731.1866972
0ddd21dcfe89f72e2246ed79,385164171.1201428
402f18888d480f5af146daab,385164171.1201428
61b3bd442f6fc8838e2f45af,663786000.7366308
c4eccc400db2dc9627c9879f,537184741.8432708
ab38b4fae64ab90a55b5a403,521884491.53089064
7f4cdc01f9086bcee46d1d6c,689235823.2169522
1be9d865ac8d01f0378bc148,1419517586.81432
f2f43244cda8e2f5219f3db8,500063520.8669539
89ca905d858c7731313c82e1,613294523.1537184
5bbd0476c27c53e2bcaf9462,613294523.1537184
7e177acdec9c0fe684d8fe44,613294523.1537184
b764bb8ae8ba0d736bf54f5a,397041577.74370444
75f6d6beb64d846d965fa9ef,613294523.1537184
b5293710d0cd75f95de001f6,322892583.6258491
8b8ec04a78d3826b2c8a5754,706489545.9848473
e35579e8b9b24dcccf93abba,421605670.63344437
db5e320f51680100f1ec06f9,444879307.2534047
59be3c447844f31267366cbe,503349214.42950195
0f3b424c398a8e8b53162c37,608602229.2963761
57f4a3f6fe2e41ad97116002,511624330.3999002
1c6038b67a40f0749a72e6cd,596377553.1858817
e5da0e3919341762d5beed25,466111602.84529155
40efc0dc313284d3b57492f9,612952438.074052
601da8fc375ba0b3df3b38bc,940475175.1619952
61a12496ac1e6f39c5ac5d3b,1168576265.2206008
8635edb61b1dda6f4742cac7,1369511881.6911154
ce12b48120daa5704a4c81e2,324695952.30999345
acf4d60dad7953065b59ced3,868880143.7390813
56e3e7d822e13838ab9f85b0,886040459.8733058
7ea2c18341f69f21b523906c,818401105.5027565
dd2396a42097b2e8bce52a72,625180874.0734376
41f99600339a7afc8e386e6e,521776204.5483586
b2d160f54ce5f98f46818e4d,809976808.6723206
00dd36caffef00fcde85b235,806150978.5013291
471bd64a0576aa67f494eb98,1151338088.7743945
79e307acac5f42f2696b0436,1250920541.5095696
e65a4eec62e2a5bbfaad5565,626189600.5942822
4845ca0d30483b36bfa55061,626189600.5942822
6784e116d96e03911e2a07f7,465571351.5040709
4184fd9a546823ff1fea0b74,408423692.8635894
616a5485bc7721ecfcc21c70,385652597.45400715
6ff3186df9d15b65dae5bd17,455879732.54605615
886706f32695891af743f986,528494003.38328266
daeb02020f23715e663b4a38,615617358.8436983
93fa1c8ebb75b77dea76ab99,574291490.6709493
ab25a6737b3ee0c4e9cf4ae6,579906176.6120818
c5641447732d3d1269965ffb,1132508385.4999793
86b290218a62d0c51b099a08,809806179.7841753
d7b82133acf54bd3eac338c1,1242341137.1864939
10fbecd8de540f1fe4c57b7d,375338111.76375747
137baf1609138c6ca2715c7c,547994724.4378892
f5534949a53bef05de31b07e,412085516.28645563
466d4240af2cfd09a31cf3ff,410217051.2273617
7478693f3e7e8963e95be8bb,321624277.5406229
6e537e91af0de67558bc1ee2,478333159.3710143
f5b0b51ed49be034c290efd2,478333159.3710143
a4885ce6808ffdb878c41f97,443753122.71387535
a14506a4800c27223fc34728,814825599.7198712
e8e97b7919856f9cbb9ad02f,645203948.6200727
e16685dae2bd3b0a4803ec9a,811766756.1249161
044b8431b186eb022cf6fc24,775328612.3464278
60de8c37c9eb96efc432451e,610859942.8651137
59b88e154c07bb7c0ddb4e8f,626189600.5942822
71590ac868415f3a185dc15c,626189600.5942822
6388b4cfd09e2b1219268cb2,541228047.3099045
f865cd15368fefd8c9d6aabf,626189600.5942822
ffd916080b1019827491de0b,601848367.0533808
6b8ce573bc2ee68ace26a67f,615617358.8436983
7ce704ef5752dd496a61d857,574291490.6709493
6b1a1afa055c15908a855e9e,535307671.65899116
2a9338f62c99dbad25aec5d3,738391528.7409419
c2282da3ece2dca6e8a3bca5,626189600.5942822
5e6324cfe41c3676c7d0a5da,674499958.3488436
f1a4afc2e543ce4260f1d781,1126977399.3243225
5d17daf3e98cf433267d978f,1384049277.7614892
d5f41dd3258aa346367d7725,564723461.2632701
da35c757f211ecaab20aeb3d,645203948.6200727
8d9cd237c737f6e62092a08e,912210139.8693646
9dd98816533e4ca8516a5474,1226803243.7494388
27d14f352b2983177e836e3c,645203948.6200727
3dd4fa53bc59e5852f9fee98,1337610619.644519
3ca74495aa9adbd533ccfb96,645203948.6200727
dc93d8ca60d60a118f61390b,431228869.2978431
dd7b4c374bbbcc60bb090fe8,380585710.39138585
f925a05397ca6163230f7ad1,645203948.6200727
66a59937c54eff29ab14b474,478333159.3710143
077db8e0877b924d1b57ab1e,645203948.6200727
aebc3c6079c1a80f8b2f1c7d,645203948.6200727
ae41a566826a10d5a6768d36,645203948.6200727
489fca3e6dc044412d00cca1,645203948.6200727
fc2f58cc289d29fffe8a5fe0,478333159.3710143
59519bb6d5d299ee0b767224,554129631.5373466
19921a97a52bed6c6b8f4135,645203948.6200727
ae08b7f31e69fd930ef4c832,645203948.6200727
1b67fbd144a4a3ef40bd9824,380585710.39138585
9e142165bbde850d4379a49d,645203948.6200727
d3e971e2e224a20530ee295c,645203948.6200727
a672cd6c8c284e14913222d8,685198284.1907748
93086ab3e32aa9599708382a,922226096.5729378
63773145b1a896df26504b0d,356352479.05429757
17707d66753c1eb0aca28926,507591694.9361562
6a2d4d9a257fdfb2ead837a1,395548688.2133404
f9158cf51f5e9f644349a774,390658371.8296543
c09c39339b5bbd48f349a430,461407533.81751144
d470d84f5d8299c52fa24499,509793094.70305324
9d028997ff036c154c3fda0b,645203948.6200727
40ce7321869b706210eda9da,431228869.2978431
3fc826461ec4648e4f7877da,531621820.07965326
0e7dbec40eab1b3e5c6bc665,842698048.3091358
81b3256980dd7d7f49030c78,1251875363.6972754
fed2e1459e9ccc06943a05d1,1150810446.0793772
c535169307e21e5df7ec88e6,395898948.19005156
d78d84e4e42f145e02e423c9,395898948.19005156
3e523ee3a6c2d89436539792,395898948.19005156
5f2df52db15d2e0ebd327a36,541228047.3099045
1c1ff56435675288e78c4735,512503246.85189766
ec4226205a38a45d97f35828,541228047.3099045
3214488a8fa9cf8b3dae877a,626189600.5942822
4a4fe76c58f5735ce6b018aa,626189600.5942822
ff3696c808d4835d6c7cc9e3,541228047.3099045
1aee9081ac4a04490eb3f0e9,541228047.3099045
8dd954e7312e6e6a07d6d4db,541228047.3099045
daa52a91f1fee77f75550246,541228047.3099045
a4ad34eb244e48afe23a780d,395898948.19005156
0b4b741487c001323f508d5d,395898948.19005156
cb383b7a746ed55b21a8b245,626189600.5942822
4b092d4d5885cc224f6775e9,834737964.6605629
ba12305002d24055c159ed34,368778584.4811344
bd74d43d99a240ef4190ecfd,521230856.1097323
4957e0b129c5caf47b026c58,408423692.8635894
eb270972f0f69f1671a0a740,765884278.552608
d51d3ef396efd4760c979de4,445235309.2687412
ac65d147ee69785195ef7da1,850337420.3679831
53ab42a93b6deb152951f82f,626189600.5942822
5826567e12ee3192785e36f3,1258545686.8749492
ab64918f2b2b4646e87297c2,898726823.4403006
88b0d688281db2ef0a782921,499264562.2780454
dcceb6a2073faf9f89f3431d,960110920.83117
73bf75d5762e3dd30fca7b3a,843371781.2567909
a45ba5d63cd1971de19c25db,790660962.0994334
8467eedcf9a48fee0d72d95f,1017881422.5225761
6184f12f3a903658f3319290,534347617.5058168
92ab018394a5398b832d0b97,624995658.1215903
e8e215437d023387c4a55515,800276988.80954
7b8a6949d55b5bb27c3c6839,735186441.4360256
33f1a7739cb556a78af083de,621214655.9356308
39c6bd862f908b7e8088f0dd,478333159.3710143
ae556ff5f318b73d3b29142d,478333159.3710143
e2fed68e0b614e65c05200b7,645203948.6200727
c62a4288a4a0336b1436132e,645203948.6200727
f23b32fa4894b6d59f73c151,645203948.6200727
4ac4fbcacef08524ccbf3623,333115336.6805371
5b5bb8156b98eb51a58e73bd,451955516.93271255
53fbed4f9680917f0615ae7e,431228869.2978431
730b528617c2841eea5addaf,528306511.1771546
13d08f7e14471fcf517c204a,427024899.7593196
da273cee807e254fc9aabb9d,858929090.8845564
b8f7bd85b61951ce83d7f57b,1427207090.0345676
4954ce465ba712543bdf34fb,348199326.0966121
b7483c951d2c19de665f07b6,350390083.5208064
913cdfdd62e35472522d0a6a,434152505.0114179
be28b90a71e2922437f25110,406824476.5384857
b71857f1cc385219f114035c,370816105.99548215
a72041a40ca87928c695b2f8,427388453.99113774
65a626faaed9d9e3b172415d,434152505.0114179
229bcf400e309619268dda31,427388453.99113774
367bc4fef78a9800f8616d02,427388453.99113774
dc0ac888f1e87924e3994b4e,414613158.2221017
6996e88c10a94d9ee7d05357,368737953.9602903
cb8fbae1b4141461127c97da,756413211.0721278
d2de34876a7a6914c2dc479e,1124391023.9702415
c666974c4303d43b87714c62,667357750.7779537
e8491a7994738d098a7aede1,1151389351.3219604
9a6440e5318b2de28b180a2a,1049742631.4849737
9ebe11eba1a88fcb24fcd141,453355859.876038
78b0f0bd0494fba0293eb0c3,511913507.5098545
047b0ded64dcae203a3015eb,681994853.7060786
7b95396ef4d0e97de8fb4986,808086788.1617742
08f1c136d5a456c0215ebea4,1004963600.9722422
0880b703bf2064f59f2bf20f,959320581.3757826
cfc069bd55e152e40b3a1391,1041112371.2943585
0a00771ee714a2f3f96c31a3,424802628.2945029
06acca3d0ef4685dc055ffa5,336620106.3556277
f802b026db4bf9d68cf00b16,375572658.51619995
4aebacb9ecd0a117307c7841,803194697.7955463
81ccb7e0255eee6274f5d930,891515043.6485319
cd17bb739ac79f80d6f651a8,1045170156.736531
917829a0aba571cbe794838d,538931168.8087409
5b83b73ec31031582aabc527,380880079.210601
5e18ac352e3f3119f5f9197a,1124391023.9702415
b7eb15346797508f47ae094f,705716034.3931284
5ac98c971b9293bc6a8a6aae,897482650.5383453
e196b7cdeab1468d5d4e07c5,1116705590.4163089
0ea201bfd515584bbf72f902,892520429.7464259
d2e6ab3b3106f36f2c3fc119,420187449.1426486
59db28ba77489750903261d5,1042179771.9433597
b348c76e55613f53c8bbc94b,919861075.474169
a1e38854d6725e9c48c128b1,346083532.3201684
b86c526fed01211fdbb62815,1042858967.670305
1d2b83d973547da8c168f743,559250729.6788708
0fe3dbfdf25d4b013b842b51,483680620.64608747
71a20a4daea6d31de942b2ce,1307526020.0310743
35352b370a31d01748616b01,1015373195.6813605
27942219389ecffbce2e1d9e,981617370.8296204
62fbacd4e172983a2a998daf,626189600.5942822
00c1165df93a4cfe679f54e2,541228047.3099045
207f669778ed0db0e619ed40,541228047.3099045
5ca0586ab7d20dce5e9ca8a0,626189600.5942822
cc27435df779f16e6a62b0c2,626189600.5942822
7a94d3d31471ae313659aeae,626189600.5942822
efebd19fc5a2ab30f2ccedcf,395898948.19005156
8037e40c0c8b20ab6e0d4b78,359615805.19927686
5ae3359bfe2a704de00e8801,408423692.8635894
a5587c93c012375dee920f71,430504513.2562572
ee7f7d547af56773a4b0afaa,989190923.0184643
9ed988dd6739eb7ad7aa5a06,858172816.6920537
26c08d7331ae19e1934a22da,850337420.3679831
767024c66d3a88bb18407b6d,734920898.4202679
6afa85ee6594d1c8296f04b2,541228047.3099045
551ca6ad1ecfc7ac21f8ef0d,922259171.7491033
1f79204a8f62c29b0a1b29d5,403035829.1358228
3dc0fa238745fbc31ba88853,389193513.10048175
4bc3f597867c6844e9b47fc9,349272038.13096476
53973c17ea7e89fbee5e6cf4,333513805.6665687
05397b2087e5cf381809f169,546803270.5714653
584990ea9718bb5598495061,385795135.940556
2e7c6a89d2cf2d835839f5f1,641344900.1554531
5c02d79c59fb636ca4cbe86e,432258586.6335209
114436e00c03b44096823522,939029303.2621523
60caee98c3cc8526d16d7f44,554072725.7042669
8207612808b5947f2802d2a6,764895864.3728977
31a73382ae20331521bf2e6f,695458835.0404255
c58947cd4f238cfdc0007bf7,1363519798.5279903
a7ee02ad2a4fa122799a2dfa,886703623.828431
c77a63e92b9f727034913d8f,461387166.090625
56c6bf831d3c6737e3844969,620773961.3612161
73ec6f4da3c277958cd2c228,1126000956.56649
7dcd1916c0485e0b80f9eeb4,1269700338.1574395
cafa94c4a56c23ec73ee9071,1124084742.7778175
d5ccfaaaa739b2bb2b3d46f7,731907192.830889
e6d2e862f58445084b2980bb,1340947955.9001963
62f96ed5c1e5f28117949a23,374046470.8336209
20d8980a4fa8e094b7a5f00c,374046470.8336209
0172678cb0737e21a317eda4,384528615.95634246
6254ee88812e303bdedb8767,1183214510.42557
a812ed43db71868625b351bb,794274062.2918288
2bd1c70db60a44d4400847ca,1160357247.9950452
b057dd8a9c2082d1a78cba88,385283389.4351142
2fb149a70fa14ac05582ae69,515555533.34877414
47e282cb12ae01243d713178,451205257.14526737
ae47cf27964393fd56a52d7e,611392950.8824658
21642991a20d6b0d17dea2bb,489393340.63481253
43b10ad2660d7552ab6c3b10,916806163.1927415
64e5093d6bae57e8b4298123,946427930.8458668
9d8d3e6fb432174770c74e71,810612363.8711185
9f2498c12d7b41c213bec0ff,499188233.79151076
6461c0a03ad3ecf2f8112759,904886915.9774785
09b15382686c42fd89b24285,1454943868.1971035
da846b08fe2205d2e2a3dc71,626189600.5942822
2a89ac6511416d0920f1b9a2,772333909.132139
3e9083411c44213130b2ece8,419217113.30039865
0f0df5694eb388d843e1f17c,419217113.30039865
ee6a288e644183bb191a6526,413433514.4749642
8f570610ef199a3ecc49a0a5,606864401.3474658
3115e2391cc3a078b5e6066f,606864401.3474658
c7e45098251c687efe670815,457664878.3275842
8a3b7f5a8da339fe19e8f138,457664878.3275842
2f801cf48edb712627196b2c,457664878.3275842
a147a8c29757c5d0c592d347,457664878.3275842
86b0aa633bb16582bab5640f,457664878.3275842
c9620e3e2dce92bf95c57c6d,606864401.3474658
b746e4a5c9d04cf4dbf887da,457664878.3275842
915842a8a03914c08a6607c3,457664878.3275842
e9e6e054c1d09a22b7efa20a,457664878.3275842
4b6fb9b705d80ff350bd620e,457664878.3275842
9a51784f33b0cdfce8312163,655221978.6322018
176c9a90fcbceb91569fa3e2,689235823.2169522
c97e70a767a3661c4869bf86,489544049.7008304
a6bdb6221b88a24c9f8381b0,489544049.7008304
0a1e6a95a0f9598150c121ce,937713884.0299381
37d12acc69d0e3e92420e62d,689235823.2169522
d433ad6c3cdbd707e6839082,489544049.7008304
36bec92975612d091a3c78b1,489544049.7008304
3eb97ecf8069775b9104af85,689235823.2169522
9aeed339b2d916cc89f38bc3,689235823.2169522
f404deec9ec16a8460397815,489544049.7008304
8a0114372706f30bf6867a2e,489544049.7008304
681e772045fbee930fcc9ff3,1334241057.308583
0816f29a68aa35abd5978e7c,689235823.2169522
670fe8f7b8ebe006885b2777,689235823.2169522
d36dd340e5875df6cba999ad,689235823.2169522
8ae869c5033c248f881ac313,577761028.5960263
294b04da3eaabadd55da9c20,1028589437.5374955
17b360d57782208f5afdfe4b,577432157.1427717
88ed5ebb575d026f8d440c60,413743319.5039647
e611a37562f88ebe07bb28d3,428225011.7439673
e685650979374c571dea2ec1,413222401.0555828
10d47d2c73f0ccbc97979bcd,426080741.0396044
fe96a7d758a874b1f0c42145,534888310.9789662
a7634531887e969c9c5469d8,344818772.4691846
42f38b1b2dc077c88a746c1e,465258198.891853
25e832098d9e6e7c2f9afe2c,664875570.5204602
b7dc47c641b46ca99fb83a0e,1173054967.695987
0391d158ab104c5cdba31872,888645430.4054602
a3c4d0ba7b85b9a6370e131a,1082149222.1912224
27721beb237824844adbc289,1003928677.8954253
6e807e25b64bf0de81f51c12,1241198751.3029974
d2637d64e4022075c8f539e1,844281686.7439274
faedbe92e3296977872a4aeb,1088061315.9159362
5bbc190cdc5ff3296801ac0a,520650756.8439278
9b0abbbbfe0bc85686304ad6,395898948.19005156
f8263893418eb0752dae48f3,465571351.5040709
1e73d6064abab2cccdb6610c,465571351.5040709
c0155096575af5fc8db843cf,312016709.900522
9c7f7b0ebe440f60d3bd478e,465571351.5040709
25187d9f4cfe89a525ef2493,465571351.5040709
85815a09bde2a30e296f65bf,465571351.5040709
fd45b984efcdb0b434033fd9,395898948.19005156
5dac2d2027b6c81c1b7ee3a4,465571351.5040709
7df538c0c831520e6d36e39f,362268583.298754
14b81320fc31c7a513242171,465571351.5040709
8026e480ba395cfe1e09cec6,465571351.5040709
80bbc51dd90d131d091521a0,395898948.19005156
ae6ac510d3e46a50ef24896e,465571351.5040709
06b90d41ad3ce1d0d389fea9,541228047.3099045
8d911c1a195567dae3cad99e,546541801.2476798
2876aa9ef0b44e43084393fa,408423692.8635894
76556774906f9e12b319c232,408423692.8635894
9662cce3c4b92d1c99849899,810612363.8711185
de3d078e5d524d8a7b65841c,541228047.3099045
547c8638128424b89d602f50,840485788.2176034
c8a3dc3654c53cf66953de0e,541228047.3099045
21c8b93e50ac884e63514f10,921797396.8186748
49a0715897795017ee0de843,542556745.9781371
5d646ababb10f51c141e0d8a,626189600.5942822
da598f8a82b1ad1b02961cd1,918026447.1011072
84d8f7109615519f2ab0a48c,626189600.5942822
0d027b81f8391d73fe0046aa,626189600.5942822
079bc331430e94ee76f8097e,626189600.5942822
61055e6eb1910507640ce6b4,516424852.3570787
3f6effb8881ea683838437be,499264562.2780454
92c8d6ee8496b91821d7ba3e,626189600.5942822
78a08f21f7d7c51ff4d5b8ac,626189600.5942822
f7ee7282cb9edc77740f392b,626189600.5942822
694b0a500f1619c4ac4c85fb,732626680.5081469
13d43933e04c3c7a9e5071cd,847691067.1435367
5abb555cb9d65db8e6c28201,377383714.9769831
ee8103b958673c589b9cb27b,1055646130.5327138
5b3a467a3b0feb8ed81be1b7,1049842457.9431133
e570a5157e02d440a78ca008,599201621.4788282
70298b5e8fbd66aee975ff14,645203948.6200727
2b552d7b1a1488dfd618b120,380585710.39138585
f4ea9c80fe71a1bd0b692475,645203948.6200727
e6a9d5c9a82ba73e76817a81,645203948.6200727
9b58b5c993540ec3ab1e4a0c,380585710.39138585
00858277a3cf4f31b8e3f738,478333159.3710143
d937ac866f671e4a0c090879,645203948.6200727
7d02b3479cb2d89d55bd4fe7,478333159.3710143
bf79649b531e876c5f03883b,478333159.3710143
66a2ec5aac8969b2be538c1c,478333159.3710143
7637c251618135e082a9e2b8,826496618.6078421
e8c9070ca596f88bc2e0868a,478333159.3710143
64adcb2941e9553ee394caee,478333159.3710143
0bc8475715e42b752649b4e6,320065217.38348675
956ad3b1dcbe8f236efe2d2b,422673089.89756936
dc81900a751b64dedcb4ac39,642495494.5778012
02e52d3895522d9be85c4544,388310359.38743293
49d6752dd196e7dd583baf44,392195864.1391943
8364aa431b2e267e41efabc2,509793094.70305324
1b59d33f9000d2e1aad46239,357719178.107266
74a791baebeffcb7e7b917d0,459997625.301359
0a3911a1a9284f2ff81689e6,387472980.4743166
6276bb8ceb13d174b8e405f0,444752884.398942
d573d2caf8c67aa32bbe592b,318182183.7067744
57cafce17dc4de3bf8a9ba90,925690064.8785135
1dc9e5c684c831b204d21585,554129631.5373466
48df432642971a97d3d4bd45,645203948.6200727
4902ccbe8456d3f0a29e5059,645203948.6200727
3a810dc80d3a63f8cf106717,699975243.0799001
c9859204696f3440cdb541c3,894303469.8661188
349fa9cfa15d8f8bdcbe863a,1320662762.154084
d0bdb51c8020a37fe8344650,1036150239.6826501
7b037e6e5d110999e51b79c9,700194211.068358
f677c51266f5ada9e23f20eb,324726341.5428001
1b85d69a0f8ce1d6ac4d4475,348087464.347329
4570a3ca0571c70657b4a1c6,487609370.20692116
de32ca7785b71dbcc76a50a1,655730714.2673026
4e3cce6b581e74879c2dbc4f,414313683.1174917
09c4d4b5d1c0118d877d5734,520000709.99896854
b9809baae395914981a9296f,534020219.3187794
fa56058283c975be76d7c990,590229960.2882423
7b32938ebf0b1b167a3d2d20,416312675.9743932
bb38c1c17612ce593e5ae7bd,385368311.7679114
bf0485c2e267d06b9b1d90c6,859088658.897696
0357d0ee6e0646113ea543cf,371091611.68878233
ddf5182c482fca7d881fcba4,765229998.5676851
47e6a61fd652a3dd37556ddf,461592819.0767183
a9054883a22542257c7e778f,368213981.12796485
d7c70d831e88d552da09ff29,1012805761.6163714
d4d138bbc80a0b29ed28a4d6,405486572.55990183
dc9119767bf4f21fcccdcc69,905687852.3282151
e8caed8cd754b0e3d43e6954,785308912.587466
033307467830cb865a785e3e,467410235.02658665
5498b3e3ca091bb81be87166,630653385.141696
bcaded180edb36336c2f5b96,630653385.141696
ee4377ff95580b93e80ae08c,630653385.141696
c25e1e289cac1bbbee489122,630653385.141696
7e41d90a838048eda035fb27,630653385.141696
f418efb887a15127cf2563b1,630653385.141696
93b27fa67eae8cdfcb846772,630653385.141696
6a42271a0b03bf9a856d1acf,606661606.487271
2af9e271765438a47fa7e7a9,326746403.4536002
11429e0923f804d7dc5d27b6,1054661504.976359
c218434cb0b05ebcef935e5b,435322018.3511603
a98e4f4db7afb8a6c9f69400,500063520.8669539
3c35c8993bb937164ae4a880,955297238.2860341
c23a1372c81ba03e6dabb0df,563093532.9205456
cb332695a296899d1c798426,1008134107.6714388
2ace3da2fc4e0c022f7a8755,672844511.1634043
14f1bf9aa68aee1ac094097c,841833889.0050056
649a2784beb9b821d36179af,465571351.5040709
6bbb8f89bae38eff88c89c46,408423692.8635894
1905b860a8d463c3048b4e46,664909370.8729846
3ec50faceb434f716d73613c,1243375825.5839648
99543a17b33ab955d03adfef,825458535.2059661
edbafba81b92efa9b1400987,1258681269.8203385
9b3846c7abf642e0a6220e7a,400020366.3020187
691c35e98d0d5780aa82aa06,681103150.0047374
395fbdeb9f0c0586a2b20edc,344361691.35187405
4803a3aedb6c20eb194469c1,410515446.649242
bf95acc88b60a3d531fbd42e,554823430.0431122
b936e36ecacd7cbc3498cee4,396079699.5895571
293c8a0a4a358fe7554a4ae1,380585710.39138585
5a72e2a62121158efe59069d,380585710.39138585
605276b332b5e5984b83ea8d,478333159.3710143
d3de7e975a9215d04567e467,478333159.3710143
44b623f7fca1a306560172ac,478333159.3710143
9a6a8802cbf3549870c55031,478333159.3710143
f43c684b789900c58c8b5fd4,478333159.3710143
dd7ec9d7dfad5364dd303f49,478333159.3710143
506f2b1ff3e4e7e43a5596f2,431228869.2978431
090d371309090bf83b6fe0f1,554129631.5373466
886be9a1881866ab1f300533,868469127.4533792
ef34f331871e8ca6573981e1,587919027.584974
53bbf1d3345eabc2a8b7f5ff,669672290.4287724
5bb87c8d49ba8ae67a659b52,645203948.6200727
21dd47ac3c4e1d6bd0ed2485,645203948.6200727
f59686ef2740247394547078,645203948.6200727
8fac177c5a8b4faa21b33138,645203948.6200727
b2bc172a3ab25b8caef50189,645203948.6200727
a10055de743532d7b7bd29a0,438543334.1645284
c344e3be381326a1b6cb5989,715025649.3987467
3fa4ef366575bc72ca5a0582,600953609.1399559
e9205b722e624eba0fd36145,1312133280.1773021
e75699a7693c678786ced75c,764509545.6553661
23208132621583ce4a46de77,631219249.9862112
558d9e4b57fbe6c7e0a09a95,770119727.2491179
1a6ecf722b2eed8cdc19ba20,478333159.3710143
11734add51785f1ddb999c5e,478333159.3710143
82c9ce0d018c1d620b7a6689,478333159.3710143
80d95b058cb11ec829b5ec96,478333159.3710143
cd89201cfe3fa19a4eb14bf1,645203948.6200727
d0a5f33f0689445e22db6626,645203948.6200727
c7c99ae9259b34bf9b8ba799,431228869.2978431
73806685dec82cf637f19384,431228869.2978431
83007c444fa52b34482ed55e,527715667.24842364
e08561df5747246d74136dc4,388310359.38743293
5b0219cdbb8ed527aec91659,1061002598.276235
119805b72aeb50f05d3a5bd9,1146322852.300458
fd20cc372715855081e24eae,945090146.3695241
e4a021b625f4ffbed391c6e7,912210139.8693646
902d4fc2c44ae5ca2703426e,689235823.2169522
71aacbd62d72d3eb29a744dc,689235823.2169522
7290697f96d8e2101089984a,537184741.8432708
314153750510e92ddcecf33c,722296468.9549204
9d576cf721ad30ab1a4fd554,438288318.58546007
50160783a9a0503df5a38dee,468049241.85332245
0f4abd70b68453d3500eebb5,387751069.75303286
42cde300d741cb134a529031,396882319.32851833
1e9cb258a0b7e08244d7fcb1,419457048.49284565
febc9a1b054671445d756cec,841100930.6591144
39351adf139f820864dfe8f4,686212857.8104229
b4fac45659e67d4e91fe65ff,352467665.14268816
fbe555f6bd0edc1bc950d9ea,724694002.8839182
67308f6bb80d2a203e306104,367426849.4828575
799cb909791d43a1eb305eaf,541228047.3099045
4354c1b6b27a87c451ddaf36,541228047.3099045
0b937a3ea4864896b744108e,356654994.62244874
b96d8b77fb5ba71ebce2fb26,541228047.3099045
f4b1645da3f4286e39f2fe4a,601848367.0533808
a2d1de4211aff373009809ec,503669492.1060137
50b619ba3e0b2a4c6512bc97,615617358.8436983
3d57abd322b0077efa1091df,535307671.65899116
652793275729ff3b69e86072,541228047.3099045
1e2270f9f49aaf3be01dab49,1008287993.8259295
99970db787f55a4d1963942e,371863885.052444
801d821fd6ab7ee01b62a800,387923064.5059046
2abd46909a251b8ebbd37133,431228869.2978431
20a783884d6bcf1aa5697772,392195864.1391943
2fc38ab2689eb24f63e32efc,645203948.6200727
1f592cc4ed728909040f953d,380585710.39138585
d1dca15e36fcc5ec14dfd870,380585710.39138585
54f7aab6b91b48272a81fb47,380585710.39138585
b6d84e7d569d8d0f0d0c9066,478333159.3710143
54d10cb2a44179fd4d726f1b,478333159.3710143
341c307eedfce3f735f4a63f,478333159.3710143
1e057cf20757627d1b006141,429963098.15448576
798bf22408ef6814759da1f5,686615033.6903261
9ef3691cdc2bcece41b47e78,645203948.6200727
fd5793113661540ee34b8cb8,645203948.6200727
9c4ce4e9f12764544cc8bded,645203948.6200727
542b5322e59a3273e10dcda9,645203948.6200727
af578bfec5d84cc2f4ffb8bd,728152773.6297475
a310528e34207b5dd813df8f,557142363.0180781
ecf5c9bd618e3976ceb5697f,1192899636.9885087
d342a1ae299065045a957767,1102225760.4144459
f5dcdfdcc8f414cb7a38309f,659500584.7201493
4090c1b86074c8e769cc72fd,402635404.1351501
7ef2d4777310765d0c8121af,931821710.5082635
39222ab30001b3cf45b7de65,580571205.6428478
91a73bedc30e0c2acd95d6eb,560047951.8821696
d1e6d6900eebd9ace65d6c36,513903073.1777596
592c9c45c07388359f663219,387258910.68224216
738111512f5e5052927468d9,626189600.5942822
0db51d4771623f5fc1026d74,408423692.8635894
82c9556e19072558cbe3a7ff,430504513.2562572
c1e51ab95336a51885b4c672,408423692.8635894
0eda675541a035b1f620ccc8,626189600.5942822
cf379b41b70374ac4cf82dc4,626189600.5942822
d90c961aa01e51d63e50a2de,535307671.65899116
990379c9f9f210206c6f1916,1260215697.8741853
f8189811dc639d760937df95,642224502.0268066
3d1deb639d94b292552a123c,395898948.19005156
43041a793a13a4171f22e492,541228047.3099045
052d00805b2602cac76fed4d,541228047.3099045
c76207e622cf8a208910707a,395898948.19005156
ebe33bde2abbecd6d1fb0cfc,541228047.3099045
2e23ee2beaf5293f57a5c504,383293098.2426721
abbd422c412c2d57f5df62ba,561049081.9857125
648217f4d8b5e0e65dea066c,608003667.470544
52e7657a539be5f36f48bed8,794269632.9213307
3a276f0df8c12422e14107c5,1287913276.4958673
dc537b5973d2b94acf6f23df,718244047.7621346
0a41279a5ea9b92bf8cb79c0,1143512663.846132
80ed77aff62d4c57ede6ba94,627012179.6135975
1fbc660f780245bd72015f07,541228047.3099045
df1f513009808ebd46ec0847,541228047.3099045
58708fd9e83147daf1a80c48,362268583.298754
52b699f9900d81ae85ddc7d6,650501348.7023852
98c5b154ec80083bf6f51835,601848367.0533808
588400f7829874f9de919e39,503669492.1060137
46a2a88ef09b2aab932ea02a,408423692.8635894
31474c62a8f39e250fb2882b,765999958.4251454
b40873d316de1c295f2a97ec,397041577.74370444
bf4b8b23cd87377169684e98,500063520.8669539
a34b3b037805f2ec489a95fc,500063520.8669539
963985c57392ed0423d74caf,500063520.8669539
a93a37e4cc75c069e14ffa00,613294523.1537184
071f284d07719a3517c55567,613294523.1537184
5d030db414b00948ec10d18f,351951863.24592125
6e57de8c4ec2e42832cd4b09,705739476.4702361
d9ee40ccf461ce3e9ebb815c,660635577.9497764
ee13d186a24af238d06e0c2b,593580966.3937178
f27397321c007765244e56e3,866345379.2576848
959397711c3f452486ae591c,1196819514.8762097
a41222195e5c7d7987dc3c7e,380585710.39138585
ad14cc63c36789bfc1bac0ef,354905906.43055844
79ea72e7b03cfd4fdb5219b3,478333159.3710143
cf68e05962a41395844e9c80,478333159.3710143
4a20d03d09fb9d0ee5565ec9,601316092.5937759
734c9446d0674b8d6545bfef,842777896.5165441
d9706de7190ae64c83e65769,675520128.7060145
b778282fc4b9c43055629e44,568604364.873666
a4d4d6480b56d6198c0120d4,695684216.4587088
7557a9bc12cf0f2901c00264,957464894.8334774
41376f69b086937257387f1d,623639041.3008418
2910f3631d1db77e4b61f8b5,708137203.4888601
3a8a506c99ede47ae2257e87,551005668.6093667
25d89911e830697217d460f5,436757025.1941335
365a227184022e99f1d2a816,1010635062.6616044
c6e34cb4e79a729a5df4183a,569891634.5769615
c5c3f06bbf812593d1b95a40,728594006.054619
acd6ad0081960c0f17b144dc,719845460.2136326
344a104d2210954497a5a388,953098074.0069367
c0109086d0f49aac6c3f3f18,1038164986.8721199
c42c99f5da3248e7bcc73fa7,1069258917.2675594
8e1e9ae57400052cbbaed9dc,1202413956.2742326
8cdd55d191f206b0841e56eb,565850999.1211491
c1e0b47866cf4a0120e4b3d6,385526286.16364264
45a033d121ca5afef24161ba,430764319.265976
bc834280fb45fb308d957640,680375064.9250757
9ddc14c8e7fe7ffb078e0019,918114294.1073182
7d66238672def6f73c25247a,452470421.5981876
2c12cbaa1f14553c1d41b958,446438074.7520445
196969a98960a68088266261,650501348.7023852
a5a3cab55661982b7d30bc78,530458438.3139619
6464d5cc161ac659dd963897,387923064.5059046
e9f44786cf982100af0984e4,792679100.7408664
6302e608d8f37e63f4e5cc27,436388243.3121827
ab614a5008d68aebe34aa201,499264562.2780454
06bfbccfb3ec0b1f65f4b351,663026765.5792457
f7f46ac9158f0a1edd01709e,891785474.8291055
6e233ae6294318baaeebb59b,777034118.1215761
bf6e713a689f574b532edd4c,909714484.2741289
a7e97bdf2d4f2f62f9889c3b,491332700.5433654
784822ba0060eac9358cce22,322499195.7495934
13c51ea93d19df6c273a1502,363312453.251125
176e00102fb65cba56279287,569541570.7449269
52e5904902e4d75ad87afde7,530130183.39465994
728ce22c8db9bd0abe3f20a8,887531508.3932486
e8bf121ec117e383c843bc51,508702021.12585574
878ff8ef3c862929bbb19ebc,896646448.1772991
ed80ba018de35d5d76d50db4,844347239.3864695
9267fcc93ae3b6df8c12d9fb,635157673.7137564
babe27dc477f5e1b7e438422,603855443.7005283
a4173461aa676e09227559fc,428718250.8406571
f0b2a0602bb5a83f0827ac75,1099743364.953431
2da346c00d6fc39268f12b82,681026620.4207764
9ec5fbf8767dd0d2744a79b4,590284801.9422866
c85e9bd6e20ee2a883d0a7d9,348981777.94820774
191cb509fd44e580ee32486f,478333159.3710143
053d37bf1d988505b5e91809,541228047.3099045
4d3a66e028dc8f3e9ad9e9cf,847691067.1435367
c75b265c0eb946ce77e32ce7,831096419.4038014
d233eb8af3ef7e325f6c8f9f,402434885.0533615
7f7f5313341b3ca499968716,555370137.2205071
4fa51848638f4437a3e31682,747864054.4103082
9090236db3ef719edf72a330,1378959385.4987824
4dacc190eae91b059dacbb00,1251986124.2773669
ccd2f6ec8e9841f1068b7c76,638287128.1282305
a354cdbaff42acd1a0b5d82d,471099137.44650084
da8d3092ed0e085a83a7d67a,689235823.2169522
1181e18553eafcf5edf6fa05,494754081.57127035
5b146f1914acf2ae78360fec,541228047.3099045
a0fa0aca2f6c2ae65a98ccbc,626189600.5942822
038bb35043651579f443c481,626189600.5942822
430c46358b85ad4a741c7187,362268583.298754
4becfb041b0439429f2cffb4,395898948.19005156
feb87029d5a2e8125e165bef,370209032.79750323
61ffbbc24b30698ab8f735c0,460883969.152944
0e3067f71dfb9dc2e03bba59,400089163.1793455
b8ec643c66478da376153333,556469154.785886
c8bccdccc9186136a332e995,1126033573.334588
0f4765c8929a87746217e957,1268366006.7355137
68c145df0ef91fb4d14d001b,360441911.2981474
e5b92a0c67c506ca6e92315a,475805233.704444
a482103965890c922a66eedf,702816290.795495
1d917f9f5a3cd44cc4dc8d2e,687764163.7831228
4cc968db25c2cf03991c0041,687764163.7831228
91ba0c5b21b52734d1e244f0,925310194.3091521
d6a8f4abcb02142c6dd15b30,432311759.92960346
0587e7e1f03af8ea6c46290e,441613618.9313964
61e1e0c49f3aafee6ec9179d,717115377.4028891
797da4e993a993ef80277108,587016940.7862034
b8acc8e72f2c498fede3fefb,778640382.1283056
ef2ae24039bf2cff1caa4340,535424239.4025183
cfb8d15c6b0c0e6ee4b92109,784814494.3597015
05aecff6fd8d866c6c157a9a,573326940.8176414
b2e37eb7cde5cf4290649ad3,1010276401.6809993
b7ecbd35179a7658f3c11b41,1239308955.057551
699095150a7f3f32c40454fe,1126319296.3701766
989a4fc1590097414d7c3fa3,428381448.01890075
b6853999c45e21646a0d1b20,350364523.1570214
6ddb6863958ded0d72fcc6a9,581414359.741442
f6fc3807b54d8c69459c4f64,431894397.07291806
6528ca87df8bb477f4b6b8c7,402561122.52194595
7bba885503ea7716ffea503c,387340469.31623316
846e6f1ba1c94966314345d8,700773893.3938775
04e6a79dd3e4d8d17c8b5387,1089135873.0333498
4d60db10157fd0b5eab9a23f,817225953.3689005
0d7d434afcc5e93050e0b86d,893116750.0340198
bb9ffa04d913d06846d082a7,1008976941.2736709
80abc4c356813c1e4ead1e1e,395898948.19005156
df8979b26c9971dd7c3500d8,626189600.5942822
6ea18874ea84b5b4840f9b85,626189600.5942822
aa75ed5781e6e8584143daa4,626189600.5942822
c8c8d083c9b9600059a8b8d1,408423692.8635894
5c8f3b7ccb4340263c255d00,465571351.5040709
79b943894c4dd68bfd8cde7f,398255559.1839148
64f36d32a3a64853227fa69b,1252848987.084901
d7080c3742cd9d72e9d0ae48,439770559.4722566
8333d32b98625a2742cfabd6,747864054.4103082
bddcc7fb72bb973f84b864dd,904411850.636794
5a80dd0f68dc2cf9fb1b0c03,350814406.28893095
5d82060575bdb7be33e63ecb,848460038.3271958
de416f239b27327e0f78b862,684292163.2671933
816f93a2e035e4fcf61ee4c9,613294523.1537184
aca1776ef24acabe172d573f,613294523.1537184
af32aa018cdfd081a81bbc80,397041577.74370444
7d133cde943d189c9abbb6e4,397041577.74370444
80035ad5b3b4a948469800bb,613294523.1537184
95bdebef7fdc2ac0e9541c51,735812835.2557389
d038e5695b32bdc6fff1f72d,478333159.3710143
2979f2d91d649a8c14f5453c,478333159.3710143
a0be286778d94153d3b22ccb,826496618.6078421
57e8ea351ecd1ff0825b1324,902432859.9152169
c84f96cf4570158c3832c3f3,813523124.8069586
93ab279de0b7b414ce758153,819566876.7936236
2018131ad3f6e5aa8f4be704,892479278.4787232
eb055771816b45213df3ff3b,443554955.83807725
8e3700ec731701361d7bb7c9,417242645.8270343
422e994aaca85628ff759004,581760404.9386849
569e2cad5c18a5f393f80a8d,749491776.0532926
7b4ca3a8d09968e48c185260,694517346.3888378
12785f791e04b3a49547fbc6,713535453.6624621
02ea72128a99862e9537718e,527935048.24912566
fd77ee8ca0551b5b614b40e1,717776625.4803516
ffbf6a54fb00029ba24dd3ad,500219911.17489433
a295b12b773127f15e83e174,427801109.4758178
90f0cf22cf9c8fcc290e495d,387763602.34721696
220d466e3737f1f2a8ed06ae,378852936.9037074
235c56f4afd6d87f1b3e199b,345738444.73273975
eb0f3b14782c9a484408c606,781890399.1570282
4188712d431ba996cd59fbe5,482467833.340652
3dfd7e954d6f7f40af60bc9d,347432238.4870482
00e80be4feb1e8593b7713fe,457741474.9865448
eabdd1bad2bc4351ba4a2635,747864054.4103082
850342685ececa472945f7ed,677492837.2007031
ecc4d05489c5ffc8164d5469,384403705.6103437
2406d47133763272a965ef51,360856462.6257633
b9430e8c145c2a0d7efab2a4,885783030.6908149
4f8dfb8de411b8a05c55dbbb,865277388.8472447
574b6bef16abb21fd67db401,419056384.7178803
e7ef0d61e27de15f10b0d643,694338591.6039767
647ec3f486cedf045cdd3b68,471361646.25833225
69d83d8492db7ade6c37c3de,464626086.9156387
6c07175274fba6a0dc467cbe,394651550.91317445
a5a71962df1b8bc45bf5547e,738131198.1674185
ff61abc1e7843e20b1bf8656,387313276.6121796
540c4d7a79864885d73cca95,462138344.3434883
17d0f69ae2c4f1aaa1aca9c7,580035388.9715514
80de6a9303eedbfd1c69601f,952511871.6570939
7cf573f273b14a6cfafa3ec8,453291949.88117236
eb9ab213defc2de5d878653f,424146240.95161104
69f7ab8608b5328f106b42e5,694338591.6039767
9daaca90887e5144c35daeff,421108171.82884836
2bd08c0964ef4a95295db843,622439966.9372675
34f0542a538cee9f3624d897,437706612.0892925
847a7fbd4425fd2fbc4b3edf,1444608853.9775805
22428154baf95870f1d83fdc,752233251.7999372
18e89f083fdbce3da0a82a4a,1189946985.2366676
63674e7ddf6f2b4d7c6d5c1b,355256192.3752957
0e97f66cf4208c1a57d1fb17,396162809.63325226
a90f7cd68b662c87d9fc2d5e,763441575.238799
2086639384041f3a9b519140,804176322.4432847
d38353aaffa4af168518c6c5,458584103.8113624
d994f3919c3c8fe0ebd538ad,765290603.2120757
ea9d6dc517c77ff8bffd596b,999451952.2876687
ff83788b9f8db0297f6c0148,914143070.7997197
9d9564415e52518c2817f66f,451290853.1135312
9362189c5d784741c9b0f8e7,753139194.7978535
ffb510bd3f847f4ede255fbb,498387422.7434513
7d3e4ead63a869bae978027e,755911519.024679
5dc404d1c214abd2d45b2a0a,755911519.024679
64335f6d4c1a7514377be77d,514835359.33517003
b81801f02a73feb1db7f5e83,518480621.1990378
b5d6fe84ee7c6a703891112d,1040955704.3915288
af0502ae1fe341c2ce1b5325,471361646.25833225
ec43b2789c9cc266a8e0d1f6,631698036.7774899
7ff8b0b5ab4fd12f3be399ce,559037341.4024309
d5c8073e3ceefbfbb547eee3,797745760.4822677
66379c5752189c150954b4f0,389729089.2009482
6a3f9046cfdbf4eefca3ca69,690395289.0765024
b549a72c938d767ed504bd83,608491951.3593806
f48e503ebd3908838c1f2ae6,540679443.8958898
e58ba64bfa5280630bfcfa97,553596852.7944803
07edd16680605925192efcf1,381898384.5903698
70b821bc1c7dd846a8be343c,571051896.4221599
d84d7edc4a4896c4a8722328,585836115.4172256
6d592a69209ef3356e656c44,380810072.00323176
ca9b2ef10b512905af6be620,880604670.8558314
bbf16146922556095f53b5ea,933175043.0316904
86e80098f5a3e7dbd635838d,620610005.3188131
dad46c20f9f7d834e522fdd1,846269078.2903596
e2dcb036931bf4b2aa030036,785533395.6307029
aa7a25411bc0f9f93dcc40df,318721493.01210755
e192181121fe58a8bf94aecf,559250729.6788708
5aa715bbe2b178ad0c9e4b08,1004963600.9722422
43b5b5a9a1615eba48ab8b66,367819847.5466103
dc91e3fe1b190fd8cf2584c9,560819466.8038212
1014341bbcd2fd5775631f78,534225312.4257189
7f2e9d302a6ed1770db9f7cf,649368935.1280929
73f4074e5e09e52e0e03598f,611122754.0457371
0460eacc73398bb95f0518e2,1117223222.1734643
5a44be6fad8878eb2c394ca9,645203948.6200727
936cdcce007bce08a72112b7,645203948.6200727
8334a4cc7db8ed5c0071fe95,478333159.3710143
e3e9d1d073b129c697c1e9e9,645203948.6200727
dd9a60c3d502ca3cc98d9b73,645203948.6200727
949184accb5878f82fd5c10f,380585710.39138585
bbc675f7edfa0425c78c15ea,478333159.3710143
7436750d73f2e56b4f29e98f,645203948.6200727
cf81103f31f74edfe0453de8,478333159.3710143
620e467297aed5c47e22735a,347640034.5983297
41037a3f8625082544979179,556210384.8762048
6a2db40e5f210a31b2f7119e,392195864.1391943
0083ef74db679d22463a1afe,431228869.2978431
b19be1ad7f60717a943ff0f7,470483128.23348564
0906b6a88fb1eb0d7bfb6bb5,487728942.92324936
f82adf71d17c261b41a5231a,771930834.739951
bdda694c42c52ba4803d482f,584364543.3928429
80f633154b6f94b8fa24f213,576582338.760593
f69aa18a64d8b8494fd9fe3f,363882647.0370568
3146f3ec9b237fa0944cec7b,441841294.82429
5db3d671b5aa03dc33f258dc,392233774.1687478
d5239537894ce7f2a9cb5a49,431228869.2978431
bc28e66374356a4fcf9b62d7,443147570.0505413
3697e556be961a16a621f3e5,392195864.1391943
bb6f66493fbafa76d70b0a34,470483128.23348564
e78a4111d943044a9a32ed80,645203948.6200727
044e2daf937c0d8373f2e914,764509545.6553661
77668d4325802de9d63609a9,645203948.6200727
a85ba83751915d8d5d1a0e09,492069316.6592877
429460d5f5c5381e945cf449,1040103761.6271553
a53dc5c58f7384729ba37a21,651585606.939175
a4dba76865fbd14aa19c0286,763248482.6236796
7573c18a79e5e3ee0610d7cc,763248482.6236796
f13f72c1cb469db92b25c2fb,1193684968.8112483
45dd7eee4488e88d71d46783,1161677178.1758301
dd4fd04b9fd80818bd543f9d,500063520.8669539
500a3c5953f89b431184fead,500063520.8669539
d2e737461b916ba78030c76f,500063520.8669539
e1e69b5a90431b8a44265487,519749378.07181716
49cc8164d94a2afe8b750af4,434098982.0055267
e9b054016b281140d2566d88,634803360.6659957
32161228e9c502d2c21beaa3,320992142.0109217
9017accdd4fe3229fc45280b,363387384.70044935
17fed4a312a9b773f64861d3,366966209.8263499
8632f5681d04d9c934675409,1157531126.965043
8356123e4d10a479a12e98bb,458501103.57650405
70463649ffbda5fdf3c10ec8,943796166.070781
1414ec3cdd3f6ab772fc7584,579908329.9611819
937708417ef2642b7d05abad,842365662.6802872
afbe90d764c1821cdb26e38a,537281588.3470188
14331a3db021936067b15890,434345083.4513436
793efc460dd25b67c644e92f,789764550.8318299
0a9e4dd0eec86037a36fe769,873641292.1891533
e5168779de76d99010e37c7c,977866255.9673942
016dd08801ad1a1e7f6e695b,1223941363.279581
ce509ce153f452ff8a997538,927440709.9698212
66d8ce8e6aad18a4963275fc,536112417.1237755
8398e3b96d1311c7264f6603,854675331.0396705
e9081115ab418ef1031326c3,373614825.31027013
5c8240a1ebf6138f81dac715,749924315.7528381
18cb1adb2078fef29a613a96,894899001.4499477
4167fdc804227ed43224a32c,1018258438.288862
b5d0ae257748ea92c47d8fc2,514946415.2816653
1d17f0ff708e6f0b93a990ec,666067354.5651066
764f506bb2aa1ac4de918a71,404422816.23951054
7a861f1e3af4dbbf55b2c301,414794466.44183636
1562a23a312478d7a05a33dd,623578190.6623327
0a040fd24e23a77f0c58495c,689235823.2169522
7f0f5931fe148f6187ebf512,380585710.39138585
9fcdcb2be94744d00e734a3a,1161899113.1065814
f181f74e96a93820a23bc0a0,478333159.3710143
5193b43c32a2bfb3aac6b2af,645203948.6200727
6cc7718e834ba47a429d6874,422673089.89756936
b8d06f4ce0d6e71ba0fddc26,666952874.8038636
30a30e4ab286fd822c68ab5a,545333094.715251
f99bdff027d28ceca0caacd1,545333094.715251
f46f5e911c6c595efb5b7ab5,545333094.715251
a7f0c831d82505044f370b1a,350390083.5208064
17069e9f4ba45c93738b109a,352119556.01523805
dd5c910c2a3d63b8fa92096f,350390083.5208064
a33329c9ed11ee8b87aad6b4,350390083.5208064
925b457b5df270a68b84753b,350390083.5208064
d206aafc71e8aec2afc3f8ee,350390083.5208064
f8232717e74332384075dde8,350390083.5208064
f60d9f0751a14efe41be383b,350390083.5208064
13adc7946bd4e6e3e4416e52,350390083.5208064
230cdc90e6c825d391d5025d,352119556.01523805
e98cb170e4383546988c6829,350390083.5208064
5bc46671989de2534553ae49,350390083.5208064
3b98c8e46cf8477a1968244f,350390083.5208064
f9f5fa4ad495197a5c9b492c,350390083.5208064
0bd42f8ee9d36dae4cf35886,324504560.5060891
567ca46ac91cc53e3b479547,504082570.1980758
f0ebddf2bd5aac661e4945ce,568617388.8274829
eee841bc785b1824b6419a73,435322018.3511603
004776514ad269b380581066,389062450.5591464
bd3edc7854cffd6b6debfb98,433429336.61905056
0b42bbe66e438fa81a2ff77a,433429336.61905056
a33bfa6cf99e26bd9c49f8d8,435322018.3511603
8b45db8a4f2c0f772c8d44cf,389062450.5591464
262b5b0bb408d7cf53073832,435322018.3511603
5844c83fecdf7e09b188c2f0,435322018.3511603
9cc3c05f0e81b8f6454b80ea,435322018.3511603
07c46b493733d74c4f384b79,435322018.3511603
932ce2fe93b8e1ec0e7bbc8f,435322018.3511603
559fabe06aaee537322d0af8,389062450.5591464
f4da2c8dd901cca9cdd51025,435322018.3511603
84eb4861db0816bc8722f379,435322018.3511603
d0dc69570223bce949a4c17e,433429336.61905056
abc2ff9d0e7848169fca170f,435322018.3511603
3e3880088f0df7c447e27840,389062450.5591464
3580dcbd0a6d7d6d3546dad6,389062450.5591464
f123231ff18912a3dfd7cae7,389062450.5591464
78a7eac41dd672cd1863e3b4,433429336.61905056
97def72de478566ad58020a3,435322018.3511603
e3e2e3080cc309d34014e8fd,435322018.3511603
71be583d473084bc0608d066,433429336.61905056
ac6a4c672dfbe20f5bafbd89,435322018.3511603
f4fc081a112f5ee1b3a09e70,435322018.3511603
d8add8f5e0aa562a63c894d7,389062450.5591464
88ab887e18e38d0b8315286e,435322018.3511603
07c8af84608e6c9206ad6961,435322018.3511603
2b352d996677e67156391e25,435322018.3511603
ced624c6debaa01c732e9f60,433429336.61905056
ef92f63b46f27ccd2151a21c,433429336.61905056
f4022026c279a9b77a894ee2,435322018.3511603
e2e2218086e6ef5377c01b68,435322018.3511603
4af83eb7718f5823ae69fe47,435322018.3511603
ee98e745afca6de4550fe570,435322018.3511603
bd1fda425d792fb0de7b4499,435322018.3511603
86b2d3ad1dacb372734f810e,389062450.5591464
98abd5139cc3ea136faf7c8c,435322018.3511603
4582ec985de48290c5f1f5e1,435322018.3511603
312a6b2a57dc6947f95213a5,435322018.3511603
86a47522586da2884181f128,433429336.61905056
b41edc115f6b439caf392941,389062450.5591464
fac682b61b813044a3e3ad01,435322018.3511603
63f4e57fb2cc22659e80d6fc,433429336.61905056
4310c7a552b20afd46f930d9,435322018.3511603
4f18341de355d2cf57a03983,389062450.5591464
a418dbb6d04e505c133c6c1c,469779981.64422745
afce1d7c5576dc49c80bdabf,433429336.61905056
5ec12159380f4d1a85e8b0ef,435322018.3511603
78d10967c36cbf346bd58f63,433429336.61905056
f995364cc33c431b3c93db45,435322018.3511603
99b31d0b5d5ab75a2653b1a1,435322018.3511603
42d42ad031a2c62be9b5cdca,435322018.3511603
73d09646de4e0ab46feaceba,389062450.5591464
bef4759bfc25c7d44a8112af,435322018.3511603
c038742e427830aef3ac1c17,389062450.5591464
e96a7f5424558193663ef6f4,435322018.3511603
1af243eb63d893b1251f44dd,433429336.61905056
a083fd17c5e7c9d33540b922,389062450.5591464
549024cda1c093c9f8bc2ea3,389062450.5591464
164cf5fb9a759f2e4be67b6e,389062450.5591464
65ff6cef76efb4c83ac0611e,545497563.9406585
784b1db005d39c2f57666efb,429803796.380446
a2f06081983f748fcd74652d,490130213.11740977
66e4f010db2febff23b4a4f5,414613158.2221017
9702cf3039b86f97c003e20c,546065062.7488979
48de5d43e88caea594ccd27c,546065062.7488979
6732c28a236aa1ccc0cb2c86,546065062.7488979
8a1d1f70adbdeb233ed3ec3a,611739961.0956516
c775d4f60fea55d5511da4d4,611739961.0956516
1f4109e1a4b47a9b11c2c019,546065062.7488979
31ef69bed8e54b5e1fb245aa,546065062.7488979
882907ccf178b23a02ce262e,546065062.7488979
2868ac4225657a13f6149e6e,611739961.0956516
cf6f0a3cc030024f4e9ad06d,546065062.7488979
0a1cdd0d5c3c8b973ab1a98c,610352713.4659201
0d099b1e1a314dfd9aee5293,611739961.0956516
898d1eb301c92ab6603e0b81,611739961.0956516
9fdf7d85fc65849cda3afda7,546065062.7488979
f5ee97750fd4e04eafa9d1d7,611739961.0956516
ef9cf29f71434be184a4ebd9,545333094.715251
e4559824c3390efd6282960a,610352713.4659201
f8dc73052c66ab334cb7be14,611739961.0956516
2e992370de3eed4ec1271589,611739961.0956516
e2bbe9221780d01a265e2ef4,611739961.0956516
b65a2a140ad5fc6e3e26b6e3,546065062.7488979
3dea0748459a295fcbd2f0b6,611739961.0956516
7a1cb1f751cd36bdb6412ba2,611739961.0956516
1381c0399ebbf19db3a11820,546065062.7488979
479b2c9c12602551bbd0212a,611739961.0956516
d463fae95232d30e0f78f93f,546065062.7488979
d0df2748d371d98d76408d66,611739961.0956516
9551dc6098b721dd495e5c57,610352713.4659201
fa736ec3f2f066cba4328908,611739961.0956516
37fc4ce5dfff7faba6bebf8c,611739961.0956516
f336d60e41c8bfee91d58728,546065062.7488979
65e1a61d984712e76829c821,611739961.0956516
65eaf65f8dccb8e49a93b753,611739961.0956516
36eb8139a5ca1b8459eb52c1,735676999.9877082
c357cc3d2f4b45ca3e1250d2,492958391.7373844
4b75f2b374e8674e8b55eceb,773126104.1733683
9c20784acde0823e9479be2f,858683775.5747956
0f2aa0d9fdcfe894caa8fddc,818927825.9957275
23374ef76774d4f95f022473,873641307.7570375
4224e69acf9fb071d4cab498,832172533.0150905
a41d05f2ae3e022c16088bd0,873641307.7570375
9b30c679d7da9169580773a1,832172533.0150905
2795cdb2f4d568a782dcfc3f,873641307.7570375
5399af7ea98c97b5906efe1d,873641307.7570375
5e93ed2a9b36625c4450b5bd,873641307.7570375
d04d42ff91707e3957b4a29c,832172533.0150905
f32ea78bc5ea15d700d3c118,873641307.7570375
8ce2d6e505ad1da079f34a8d,873641307.7570375
014799b9ef7d5244fb6640ff,832172533.0150905
f50a72cfa82f3742189b7fc0,873641307.7570375
8876b38f90f5571639b7d879,873641307.7570375
239a2dd25f604c730136c720,873641307.7570375
db297b6ab332cbbba338e7a0,873641307.7570375
5aaed76349fc95f6c12ced7b,873641307.7570375
10c94f25ce3f7532bf4f3152,701593728.9571601
d0ac1f63c75987c92038bd30,873641307.7570375
db5ea791b33be91840a6d045,735229543.0534767
8627562772d9d63bac507fcd,691877782.0192467
b1ecdceb6ac00b6b047c241b,881922274.0971026
f499c1513abf0b05aa1f460e,1077650548.066808
0d8b0ca08838d1dac052d51c,1077650548.066808
c54a573c9aef013dfa2abeff,1077650548.066808
f02865ea64b156bf4cf4cfa4,905823695.5110549
087b564ba475edbea431d4e4,1138841416.6698482
2d3236cf646f19a25932676a,1077650548.066808
68b547621c25c7418cfdf5dc,645203948.6200727
097a1a08a389439cc2c760f8,381340740.6255713
e9c905ff64c7e2f8c21b0a9c,371441119.69787073
464039bbcabc650d659f6683,718119664.6001732
93c24fa31fa780d28ecbc318,547483421.8111471
a73206cd21136b209f25c7cc,373823812.15426934
852a11f12646f0a1121824c2,384117764.04641676
61953f4c9bac7cac5ddda5d9,1039218120.6831089
5a5377f2d087b7bb183783bb,586066934.7327509
0a85c354c48921e0ca202d15,1073332412.5658383
12f9d50fad58e4e40a187d98,1125533969.3382983
45ac018012e7dd91d41a5876,609612216.6978512
28f905e91295a47d106a3214,1166012405.8898385
395e3718423aeac3d40494a7,565850999.1211491
1fd7e9b1e717578f751c21c7,717776625.4803516
e8bdc4a088a6b99a538a6f0a,414177094.415256
45b894a8b028be29ed137f1e,1250385239.1607497
f5c866d489889ab2f124799c,717776625.4803516
3d0de71d822da8a999bb6222,616224055.0749816
ecd0b4bfd66fe04c278dd4ae,457664878.3275842
9a61bfe6ba2b8364a92e5a97,837721993.9351279
e8b8d0c4cb87efc13344bcd2,936489871.6415354
1f39ea319382fb0e41ead713,1203806135.2980685
d61700c4ecc128290bc42d3f,336729568.23293567
d87cbdc4896e0e0160999520,384953855.5440012
d1281c9f037ea5c4fa683b84,338745455.6276509
310e768d2e8836432f8b3e97,430686702.11943364
c5498cdddd7856e99d21f52b,406835443.27134395
d3169d4a467cb7eac41849ff,505093318.0790064
2eeb4b0d7afa57b63778b69f,1204282577.1342072
7b3621124731bcd2e543562c,620023157.2543343
5703b4ab6e77d88f751bc6e7,642616005.1218151
2c567face144ca714454abf2,1325051831.5012603
7169b5a3b9a796162de685cf,1292474693.352489
fd19e1b2e61f5efde879f6dd,738912802.0380098
55f0e95dc857256aec65ec1a,1381782434.3761325
ab03c034e2a420f395ca094a,388231755.0206457
ee3c0c7fe3fe73ad0449870c,1321916634.777833
e59afca092e0ddaf60c9419c,623564365.1733251
99e48a46a1a599471d3260e0,368780534.76989204
419398139a3aa2ca2be3f941,386837841.05815417
54c33befb89cc873771c3be6,1140247945.6570737
cb29bd3ae3d5da88c99d3db5,542678243.4842484
24258361a4ba8f772a83ba7c,562469187.9622782
539c12d2fe8cbf950b75a0fd,366320118.1416805
7b81996f3abd287b50adf8da,599201621.4788282
0d9e73c14529fa3f1ec8a56f,478333159.3710143
dd178fd542fc716e32b4136a,475603489.29745156
9aad22f3d25e46538e1558fb,645203948.6200727
93df4118ec3536b312822d90,763248482.6236796
7c6319c04025c4ed6aa3f051,478333159.3710143
98e04fd660ca1276d1510a72,478333159.3710143
4a8eaccbde5a4a6747818d29,478333159.3710143
9f6ae3eaafbdfd8d5c0e64c8,645203948.6200727
5929c81cfde8ae068a8b822c,645203948.6200727
b94ea2b8b847a47140d04008,645203948.6200727
ac1b644a8d2ec042ca91f89c,478333159.3710143
8df9256029f526ca313202b7,478333159.3710143
e029511780468f4cfbd10d3e,478333159.3710143
0878fd8b66aeb22f6af2d7af,380585710.39138585
76258b7b7e8778cd60d3435a,478333159.3710143
d64a2ad3297e2fad8ce66197,458500752.00521713
8af6bb75c85a2789156b3696,392195864.1391943
40db880aba8951909e6e4ef6,470483128.23348564
c9e20cadac540faa59d9aa3f,365173579.22758704
7d5459e48101349c75d43aec,648893093.229667
fb0664d59b6333ae1861f343,855787550.3882821
bc6b57600fa9edfe13fb3118,792384737.4551699
d309cdb5688ff7bdbb682d17,554949119.6594176
d17ba799e68d7775f2104b3a,537184741.8432708
2baa6afba131b74487c94d74,537184741.8432708
0b7c8732558fc04f4fc51ec1,537184741.8432708
0d8cda2859d9903f6202af54,416998692.92808944
0f2913c5aa681a2bd45a5484,898383793.0629373
de6010c57fe78d975be38c2b,863234570.0582848
54b474bc7cb126bfe8e6c144,801875588.785051
b1dea7d384760535b770311a,500219911.17489433
9e90e02c8ed3ad137e4c3abc,717776625.4803516
b59711a5971a3b482db4d9f7,527935048.24912566
2c37a1280b18e095b43e19f5,707922116.0865824
fcd7c10d81aff25d9233214d,542373285.4425259
c3b8bbc492a7d7bdd63da22f,733460067.8956923
42aaf6521fdf1dc9bc50f88e,547994724.4378892
3c268e9119b8027f78f91954,548632893.0501722
c8d5a0e9614dcf96a500206f,354006301.6825036
6c778557da9b5d99f90b1238,843937993.1694047
4514844d15690b7331fdb6cb,1016968937.1503693
d8e981acf77bb46a9dbd3109,611739961.0956516
b940ba03ea60d4cdc5d2d429,832172533.0150905
4fab4e66ead1948498d2a4dd,350390083.5208064
a5620899d410af623a3ff4a9,1138841416.6698482
f45e3be8500d7bd91cc8855a,350390083.5208064
4b82eef445edeae7a55fd019,435322018.3511603
29881785ae39aec014c4982c,611739961.0956516
0d9f91cbcc9339146bf75bba,389062450.5591464
b839e76df5d73e7d53691707,611739961.0956516
7ac96f16bdc50ee7619f3548,611739961.0956516
a102a0a268840439c2c8f4c6,333179187.7920334
e1132006785632e4ec5deb02,580639660.6615198
a041ed3fc0b60fc4ce3cf847,665936327.6151344
84b758716f47bb0f4e4a2bed,580044557.4246945
84394774ab45e0c8b733bed2,526754803.2567841
2c1c91f2bb4d9dae38a44360,350915426.9776681
8ba9304ea7b8d2b071bb0699,639039256.461086
9a76cc7c650230c670e703e7,964766970.5336992
9b0833992397c6e50b54715f,627627550.5289223
6f192e6a537c1509521e1e8a,885637185.6176442
d1668e2d35a939ed126a3f8e,820249667.1367563
a17807447696896bb61ef8ab,727949874.4318353
d043d368d2584ae95ad3672c,937713884.0299381
7f2e3f2eb5abf86b56897250,689235823.2169522
fdb1cffa6b7346fde667d72c,413433514.4749642
58a3a9f44bc7846ae26413e5,457664878.3275842
af230af0c73a5f2b72787c1b,937713884.0299381
3cd5562115870363ed5d7558,606864401.3474658
cb9d8fe7c18dba6827836403,689235823.2169522
742fd57dd463c1b5cb79f63e,689235823.2169522
0d30768d188b6bb53d599ea1,937713884.0299381
c455b8a15dbfff94c2909f37,489544049.7008304
8541eec88f0dd8229b4fb041,419217113.30039865
54aad3aa4a166d2d50df48cb,937713884.0299381
eb9a59d4e85a3f124e866f47,937713884.0299381
d65946f9c27e417e6bc60057,413433514.4749642
dfbb0ed74ed85bd186f40ccc,419217113.30039865
84b05da6a859ff5384f37ee7,489544049.7008304
e2da7c1bb33be76b86b9a07a,689235823.2169522
456243bb3fab3e74df21b5a0,689235823.2169522
a947c2ea296f1da3d10b0a06,489544049.7008304
3929df6d73b3ba01bc018476,457664878.3275842
ce44699aeddaeb77f23c9b9c,937713884.0299381
3cd3537b5f9475657060cae8,1334241057.308583
4520ceed2e5fe3458850a805,937713884.0299381
00dea98fbfbfeae74c513bb6,937713884.0299381
16da41b1128c039ff8f83919,489544049.7008304
111d509185303ed970d710c7,722068335.0044987
83ad1ce7ef6d70842ec986f2,487920755.8799464
74f8ffe35e8d3bc9be725d7a,413433514.4749642
f5e7ab7c2edf566fa22501b9,881012444.828522
2e1f3fb2323fa16150f8bc88,457664878.3275842
f8bf37a8f81a310e299385a5,457664878.3275842
7b71229680a50bc26677a427,489544049.7008304
1f7daef9ba898c4d8ac1c81b,457664878.3275842
415b68c7a5cfb073676c443b,419217113.30039865
856559e93205dd1561d8ada3,606864401.3474658
6d534e4baa1740d7839664eb,457664878.3275842
9ea78159ad117bd9c0b04291,689235823.2169522
38faca2d6e338d328428f986,419217113.30039865
fcc6c3c10bb52776accaf06f,606864401.3474658
9120f0e5a6f505a2553bfd58,1334241057.308583
583a8d8c5d7fa63125f62155,689235823.2169522
3d04304c8644c81114c36f98,457664878.3275842
21fcb5c7e497f0580b820379,689235823.2169522
6542b39cc8d2d13dc828772d,606864401.3474658
091f6342ad934f4e7f84045d,1334241057.308583
fe8305e287f6a8e7899c9459,457664878.3275842
d4492ffc4aaa4ca9c4dd2357,689235823.2169522
319b9accf9980ef2ef81099b,606864401.3474658
fa84c07cc90e2a2058b57c9e,419217113.30039865
c4749eb8f59cca469236df01,419217113.30039865
b8a5928cf1f7e704e9933bed,689235823.2169522
c2ffdd10fe424afa1b09f31d,419217113.30039865
f221dd5d745def063eeb7258,606864401.3474658
319ba1ec06c9b6ca6990f4c1,937713884.0299381
29e7796eabea247af4e8a0f7,457664878.3275842
ddbca69ad74877086c4110e6,689235823.2169522
c858f0f3f5594e7bb0f3b6a4,937713884.0299381
88ae3f4a8ef76675c66e925f,937713884.0299381
27e0810a702796d97878c34c,489544049.7008304
7450139ad1b39b2a380472fa,937713884.0299381
35ae7661d8191507cf9e7cdf,648666222.999965
93b8ea95ca1c1ff3881d91d2,419217113.30039865
8e4709859d50a75dd08b03e5,689235823.2169522
7026113e0cd7b2d17f8a3459,689235823.2169522
9af956dd8d83bc715592b97a,591521925.2027208
df10ecb67d79e645f77a90a6,937713884.0299381
14feeb619f409386e6eaeda5,457664878.3275842
1a6b9a6d92ec5e905ac97cce,606864401.3474658
057585ba19d6144408d4e2da,419217113.30039865
72699647b590d11ed9b2f2e8,345154193.64277697
cbc99d6202cd3a31e1c14a16,408998568.52315843
ce1d63bc4411a615b816a76c,743150697.4585338
04f0fd25e2456759753bd2bc,509131017.1569696
8c0154eb5be437746213aec8,1246940862.2161243
e23017438478050a655f6d67,614074614.3472738
8f0b6d6dd914911c7e90d302,1127519736.0721152
4b38595746dcb78fbb459781,615784964.632862
95aebb36dc0b4ea86db49492,1023811246.2347922
f900f7a9c5e2ea51689e8992,928044097.2169256
3fa0d9e247f28968a5bf8476,448678269.9139913
1240f50cf2d8ef1d8713e671,358588232.9801338
14a55e5887af840860b41ddf,451081114.4095703
3ffefb3f453c54585fa6ef22,769542580.7471259
c3b357d17afd631df02dc39a,939009356.8114142
a15aced0fffc97e219f99545,354905906.43055844
cf707785919dbb92cfc7b5f6,1367370529.5870397
70ebbf6a402f0f707b893979,599149314.7305561
aefb3cb6ad2de9ffa90b9534,599149314.7305561
b2809471a0164e3d41b8fa60,982791026.4095099
6d11001f164d81734a82ec1d,369457138.2321858
ad71acd782a4fce4d9af04be,443089063.8973117
ca86f53a857c23b15eef428a,623892729.1970773
580452a616b4f5170eb628d0,931821710.5082635
7dc609a3c7a3ab1f9a3146e6,422383008.4015987
e8fc9a1fd4b39f946b914398,629266497.8536578
0d3bc6532812ea618d154bdc,1202592106.6714382
1ee436f045a0662037f9d2cf,789155751.7580326
8697b1d337145af0ef8e4619,1226977272.454563
9a08127164a0bb61cefb3680,380597330.29273903
e08e1f260e5c3231c49e5a96,367991354.76391196
b96502e30fecdfae7796f1d6,623074109.7796347
a0b178016cd26a1d2072e7fc,366367581.68239564
5e3d7da3cfe55ad1fe609579,759517519.2101839
30f77637dd52e728efaddd6d,1023760503.5431892
2202c5c9a16b771d1e242c18,750928569.3321115
3dc8277f29d0a2406fa25ce1,823428733.3539879
a0f86ac00934b57d85b44dde,598993182.0231913
9168a08b1fac4c5448626ff0,657053488.4208158
cec8daf847f52cb2845a9f58,1147888650.953738
ab7559b75b340275587e50b7,1194451889.682562
a392f7f9ace844d712ab2b4a,1114612205.398848
dd21c6799a32ce6ef27f5281,613398726.3128191
275ec6bd936600c7eceac599,1151192249.477177
978195f1745ab7e3d69e1f50,1193057776.5799887
0e3f82238c54e85ca4229977,986203389.5296566
bc168cfefe964762cdf8755b,967815816.8426317
d22d5776b6305308c9e774d7,569937339.2437208
94d3fe901550dd4ba77ffbaf,1040263068.040487
63717ed97f95e32b2ca321f3,1364465752.7830782
a7df0496d6ce217fadfad10d,1044629794.3458203
51a696388218fc2e412f8806,602038901.3589388
a918c218ff761315988c6335,625180874.0734376
d3609eabe59175fcb4441ac2,1266478224.2246718
8af2e264b801b3e155e52be8,1097587096.8604357
76e4ebad138d50c690f0aec1,348394091.1936115
9a9553eb431458a3e30fc672,498832166.9399628
117f37774a78d65f9e68f906,366367581.68239564
0c8b133effcdbcd49d52add5,1040263068.040487
5e8b2528c1c0a5c12a476919,826926154.0093085
38d6842c2807d54f386bdb5c,1190514039.2415478
55f747145222c070fdd50175,1159612281.9479098
ca7d715827b39c417e5b75ad,514767603.7563675
b219848e66fb065d4d2441bc,958108208.5716987
a04d3f4eb8810a346fd29ab5,1193057776.5799887
0b06da0ceff947975cf8951e,1209899586.6524727
3f35c44229ba13940d8a705d,1208467002.5713544
8bdebb8914fbcaad625b1764,368895273.2223957
f4635193372f669612744011,989573870.2303975
611a369172eb6e3e2e4bdbfb,1121487537.504552
6689af92cae5d7c9c3e2f215,1027083807.4813733
e382002b0685aabb01891743,737218037.1062149
edbb6dd10f8c9e7596368225,565850999.1211491
89b0592a715c9e135967f947,717776625.4803516
a67c6f6400a176e0a07d6772,717776625.4803516
5c6e6dae74e39d33621c7119,717776625.4803516
0e1c100d8e57de8296363d6f,541228047.3099045
e2e639b53456889ab5350ba0,395898948.19005156
93acd9176ff299221e0d2152,626189600.5942822
cb482d76b3b4904c595f2dc1,541228047.3099045
a0e15809e0a284fde27b16ee,847691067.1435367
9a958690c3947f5a8f05cc80,626189600.5942822
889bd77c8271961a6e4925ea,626189600.5942822
dc082fe46a714afd43b9dc19,541228047.3099045
99f8eedcdc31cc0ff6fda7a6,541228047.3099045
dfa744f733abef97d82dbb32,626189600.5942822
d50b80d68eb3b928e4bb4317,465571351.5040709
a58acad50184e66794d8d704,626189600.5942822
52871480f7bdf5ac3d785630,626189600.5942822
8b083d7ac086f52fd2942a82,535307671.65899116
301ce25214ddb4b5144373ef,843371781.2567909
6d76a22793aa9b571da64572,843371781.2567909
d7c48db0385bdbf7ecb7088f,955007040.2770029
874e2c6f3e9f90db80d243d0,515133478.0448535
249667af8d0835c9830e2b37,417498364.5221779
75d3c9e0da9a24f4849f2078,385596674.35084105
9e45b127ea0303f973bac9d1,417129209.67367357
daa0be53e7a1d7ff76f32955,788047352.2336947
bf7463534babd284da6ca671,365375731.5647077
0283890ab76b10547b27e634,775466178.2579541
5fd213a5236154ae5206c372,1306511438.487604
317e95fad7d399673719537e,857778591.0515445
fb14ddcaa459b49a3b30eb3a,894616156.6909544
4cb5e4aa83c476a5b71d77ce,824907493.1040468
f54d358d26af89636906f686,1140247945.6570737
f002603a6990ec405d82cc47,1140247945.6570737
e3b7dc4e8990f3cd436bf738,550367923.531263
97c799300453ab511bd06361,1144246899.2698226
3c1ee7e502c6bfb20873b47c,656582478.7439618
cf7741583fc5315ba70b70f1,915118313.0175644
36a0a1f0432c954604825b6e,643346673.9903497
9836bf9b64f27104c7863b79,535990399.040011
68a3f9ac977f56cd39a6a1b9,743476039.7833349
b676ed2d0af6807cc2b28ac8,1160333990.4509177
430112bf4fa9324f0149a879,789501807.2253364
fa00e05d83ee890a38c3a686,734464976.3572115
7d503f126b5863fa0626d4bb,635212142.2099246
ec03a01c961659f2cfd9c973,417377535.2744872
6a112af84d5a81f3d16dfc32,687184637.3067654
4c5d3dd8802acb9ee22ab912,992965906.8780205
d029158b36963961fdcc3974,809520291.886872
c2071e85fbffa3d2c2168319,928986227.1124803
60a04215bee81d26f20cf0c3,794752223.7974671
6d4a961e099de1939adc6496,791889439.4734381
2383b8bc2cd3d307caba34ba,867416792.1914834
d9357452fcd193b6c5284bc8,1321848529.8694243
863f8f2aeda01a9fea1cb3e0,1243271389.6720595
d1a6132098a4bd640321c7d3,927277979.7477921
6edd2530070918074c8e7d07,868756767.3635254
1cfe7df5431f3dc6a9289551,1361825057.1215477
c617d1f15d294f0b0aea8ed8,696043849.0766735
bbdd78a7ed332e679c8e526b,347218345.2178807
45969f25857aa7263927b400,746123991.5720758
cdacddfdb6ce41a3eb752496,694746273.919528
3f87d08afecc4aba03587848,1370712575.7774174
f21d2c0802e3858d493c1984,1128041473.625298
660f3f9ed9a72d8875a9efcd,944768833.004711
04e29dbe2175919265c82463,1265830766.7402484
e4082fa99f92fc7a89092fff,1236964070.9933236
05402dd344c77623fa053ffa,1176180407.2317333
c5f7f0323f554a7419f78359,569891634.5769615
501193fb57014ffbd7bf218f,571721566.9040807
0922cc27581d9058e55a2239,517906891.7257441
4dcaaac494053749f30875fa,1376201158.9878209
506763d35b04358fb0e967ff,940408819.6582344
8c40078231bf7af2f3a06457,419176054.15954053
53e14e867f8b02c6043ae02a,382641339.13989264
2364014bfd851a68a824d1da,962834273.7725953
f788ac4a8b2a6dc11c458c90,734464976.3572115
093c849ad2bea8292c4d15f9,1126869504.1967611
71a8b68f38fccf71a229df76,554042611.9693775
ebacfa0a8e569ab603cccd11,346600570.5250107
c963faee3ac527dfab08f61c,620773961.3612161
ce3deac5963eeb96826c14f1,630597438.4792694
5607cef08511dbbf3288a5bd,475805233.704444
8a9e6d0839f9fabad2fc3214,992965906.8780205
ff03a8cc833d067d439b9903,799389553.1051314
d3e119e8fa4d96abaa8c43c2,1504883228.3113692
25b893f6073bd66258a9cf03,449581729.348332
0d70ceba3aea278cb4a2082a,682088992.5312445
07f9017eb4b8c169eb9de536,1143255182.2662537
7cad62cfb4fc3ad9acb09f1f,702816290.795495
41d174db6f695472063ceef3,572495959.2925065
4ecf579a5d5e70d3b4314ef7,1049680837.3950027
41df29e27c0bbb52aa8ffe49,827027093.800121
cd77cb445eb0f72df89b9fb7,946671408.1139525
65766c8572b629744f00b45c,387338811.505684
946eb4523f76bb23d0348309,710314879.7357761
453202a234f5b370ae9e586f,627558465.4494298
4e1b5798dcbed1842f260b17,645974594.3942297
f1cb3c0b97ae1c6819fb86e0,1015414036.6423535
24a89527a6744456750baf54,607922530.213597
a281d59b685eda4978e0c84c,1105279647.3797963
6cc9d912370da36c38ac2cbc,1179105711.1253853
10563c278e7ce8eb2066d398,1032167997.7138542
a1b0b8d18cd78b7cd555dd55,846508873.3550675
3cf9282136fad24af0f7ebb1,773137165.1364967
077659c14c3cebbe192f8247,1127004380.0407112
c372834e8e7a4279f861aa4c,366862355.7383201
29daf0d5008fa9e3f0f30132,347218345.2178807
08e1ad8d1f0be0287a395ef6,621328704.7874523
19c07fc2b01a0edec4784e64,580413406.1357414
c2b5216a8050ea0fe4008f59,1038164986.8721199
29cc054742b256e6fbc6da1c,799389553.1051314
755a3e09dba04bb6ba6c9851,717115377.4028891
c98157c582392cb895071f28,1008733633.4546832
84f47e531a916b7f7dc1f1b3,872401494.3258712
231688922448e4d64622120e,590694046.2863255
9c7c68df14c238ce0b497dd2,1289468864.9672737
d5e29042106130114cf3694c,395945873.5074623
08d4fa42a34c74c94db5080b,1004330039.5330346
e89fbcbd4d3414e30c30fc29,992965906.8780205
22af7bb676cb4c9ffe014506,379142042.64942133
b20d6ca58e91ae70b6e0a1a5,1311460851.4637449
5c372bd1e01f3243256e27ca,366320118.1416805
1242d7e61857ba8ad285b6f4,743476039.7833349
196ac46f656726bcb8087ba9,641161414.8511224
ae513b65e06b69e1ff2ad8ec,473988438.3667056
bb26b45df6a70b6414958912,439453902.5222605
9425283b41165156aacfd43b,367299949.1267595
689b510fa99bda54284cfe7e,584389199.5531517
c57d333e383039db0fcd2620,682098818.6130106
86e98ed0bd2565b661b81ef4,1160083892.7092485
0e694269bbff1e45395190d6,1163609948.761025
6511180e3128e083bbbb6940,1049742631.4849737
59b271bf9e2d29ed35352f5e,481938909.2018371
a4c324b1353d2f7ea3ae9727,481938909.2018371
193ff8d291a9f163a4f3301b,404613858.810814
8ee4a7cef562d388b8444c29,338715334.48063153
53bdf5c3cd800459acca551c,812072603.6252909
35ef99962cd5984ca87bd326,490615314.8288498
dc33d5ffcd2aa2b7d56d2ad3,595621650.141677
05c47739fa4c4f00285a2c48,1373023981.6335533
a51d415712d8d6c8add7009b,1284495387.788763
71493c81121558b8ba18c1c8,439453902.5222605
853a14b680761098d4bf6136,613294523.1537184
c9d5c08973c493f3acdef892,397041577.74370444
7dcbeb0aef2e2cac0d73315a,359030701.9576902
ae5a4da0000f79f12142e2a7,489733816.3915478
1f6050fd5261a2d21d5a178e,350364523.1570214
e3f39c6e4a41fbdc4bc30e0f,574658533.5768701
9d157878dbb41c14b52a956f,443554955.83807725
e1fdbdecc84b991f582a2e00,409982731.39099437
3a26efe201689493724ba464,627265760.6900638
6670cde3fbc11c263c6c3163,583398751.6283032
780ae52ac9eae675f6fdb312,490171848.3928583
24f22d76b86498d5c3563288,435598285.2875771
fda25a0b6b9f62f92e3ea6b8,885953106.5891796
678ba0c80536dd27e385b31f,355256192.3752957
ba0d0663943a118228fd12bf,405358310.95727646
81ba4b47e9222c15c4102992,387340469.31623316
d9ec26c1c3e1811e38f070b2,454491247.8462
aa850af0c6203104e6ed02fa,451995198.81130177
c697ec00214cad882d5e9812,449298448.8595813
4b193d78ea6e3740bf37b36a,449298448.8595813
08c61259a756e617d976e8b8,1067961265.5059775
c1c1dc8df6996a94ef3c7d33,395072479.55576444
3fdfa23ac43d1df0503ccf1e,655547130.1853303
bd4526ea5b404df442892788,393143884.04696506
1062419f9cf94418ba88b6b8,387789152.9727328
1102f91444b8e1abb636f1bc,738131198.1674185
b96b4bf38bdbd61d4dd0bde5,975023817.7760551
45ee2db87e9ca0a1a9faf050,520314347.61642194
556cb23459a9007127b3ad46,672844511.1634043
a613b18945052b4576595c4c,802298959.793763
fce385656705a8f4389cbb6a,1060768577.4366194
bdac560af3e155db33d13d57,516091887.10894555
fedc2418db2353b7c97a260d,914385830.4097081
4565bcc95c54bf0c8d376eb0,956912933.2447212
5fc559104e0ba1112ce00f5d,924100925.4789586
74fdeb4c56b29662f13aa8ca,963334104.2771811
fbaf74ce4c2c6e88950d3fdb,575309920.6329769
5de0f045039122af0052c544,964925007.8542176
e18337bbdfb106a3f1739960,650463150.485235
e1b9ae3e0ce3da16f18e1079,841100930.6591144
a57435d71ccc5f032baee302,494929273.3419736
fc5e8e45dd0a338ab5835428,915769064.8604063
918bec54bd7587daafff66e9,1181542085.6870604
86137b9624049333f7e0315a,1047131778.5700606
0fca6767d8f442da1f8bc6d2,431459283.99285996
3ea5478270517f299b20bd06,711440814.4837683
dfff73eccd591bb26453eec5,601129637.2718818
e2dad5c148ecc797018439b3,731733195.632677
b5a62d480bc544f891fd8521,864352666.7358297
cb09a84a1d7b929607d01ee5,654158006.550781
af067a8546e1177eefe24916,451708418.54461163
d6f9abcb58befa3d05373a72,793461210.8738452
ec2f16aabd36fd9ee2203276,1308874641.6827862
dcafab7adc7b763bb934496b,387500214.8037479
ede43dcb1715b959ba34a37d,595115970.1011844
40dd67aeb6e9979211c9345d,471482183.925238
31f630c44db4be5360a57640,870619510.4291683
ee8651631861c1b94283a953,1104724370.9379911
b7d245742eef110adc91b5fa,688733451.5709552
ffc49242bb0edf3e22076501,936765001.341136
5c5963c17bafef1a1bfd5e03,877585185.8583797
6c589b7e6a3cfad34e98bd87,688733451.5709552
71ab3644da08b8cb0a0b34b3,844522423.0096502
aa668782ae5d0c16e57193fe,1285224860.102668
46673c69814a0b3f25818dee,1204276218.8206542
b2a417a8d2440f9124fd2ee8,602350178.2006772
3e0ccd899ad73579898fe73c,1161687802.0299656
e6f2c7d7317fd433e26878e4,1162699784.05983
2d91b3a8c62b890fd246183c,1292291266.344928
fa653848d69ce620a41a73ac,1173304380.2726493
3b6c94e3e3684eac73b3e7f6,1167149531.693521
a6a07d35b3834bc6f81beb6d,521954707.51697254
a39617b7adfeb6ae7d5ee5f0,1113342469.7500165
95e5e774dac6f0159e8afc0d,659606659.2643291
995362e3fea8e54538ac135c,526533714.91636634
42525c57e13abbfafe9bb395,1322760221.1356268
1ae6fd60628e7d186a5e0174,460594962.3502878
082293a465231208059c5d53,460594962.3502878
732615f6d1526ec9bd519eda,584774373.3392748
99e9c4f8fd7fb7929da10a20,456131182.15374047
1a75e436fc23e7f48e639b9c,625853272.7445525
54cdeb67ca9ea56205e4e533,1035727098.0767268
c412ab869616d6576cbb8309,501383029.27006376
b17840ce59c9d9619b46534d,483391873.1860809
a14f071d8e5c338d9ebed23c,372065403.60045177
84d8504f0e860b0760c3592d,657268314.3008114
a3d03a25f84f4d50d2a308b0,623578190.6623327
bcdcce01d86d648c4502d42f,691988411.953237
33379968a83c8a90c23e77dc,346737350.1785769
ecc36a3a4610829ee3f88993,533509440.5497944
f4eca80958b7a22922b0efa1,522558577.60812676
3b4ce006ef95420847da20b9,480192086.8455765
4fb644a95cc04f7bc6cda786,400759958.55145717
f8fad48343ee5134dbae918f,400759958.55145717
6e8e08e09da8dc598b8a8b2b,533509440.5497944
56ff1f7e81fda0c8491c354d,522558577.60812676
444f102b4d54503044154ff5,480192086.8455765
e0eae2174807cc7ada38c726,874574870.3050082
afde90f91b01b0282bb94335,910390772.0436589
1d35c364daa0f021ef263c60,432852353.6642272
8c47395a28f8177923d7b75b,394705982.7661552
98c98982020ba42198aeb45d,926771990.5112467
ff424474d2d10a2c2a1c1892,643019193.0654786
971a322e9087b67650689ea0,1208531265.636187
45a7517c4d29f5bc7787dedf,894387535.9783963
74a51274abc8358d628ecfe4,926771990.5112467
11dc32d92ac579720303c019,854745001.0248238
4c25d939eb3ec218403dc4ce,847298469.2040744
55597a7b8637f24198415ed8,1329696299.214308
eb7173223a27076d16b87f33,567072811.1923711
709d17b62bc95253601f243c,806079981.1014506
fdcf0e439ae8b2ff5730680d,1377072537.8633504
2524e62e917e8a1aec5c9c26,697332630.6998327
ba601c13d20602c988d57246,926771990.5112467
397a7d1cfb809e34797f2bb4,847298469.2040744
b54d3ce25f3f03cf3fa0127f,415764453.38784134
d51bcf03d649839ca803c357,422436510.8030319
e9fac47a0f02f27abc96d568,1408031927.8619673
a52bd93aa6b0d965914f1101,854799140.1660764
16601a92574531c1fd57a359,550588110.75354
0e64230b70f4a227b444115e,981748945.6105707
ba2118c330e19baf4f3ecf94,685004635.1739897
055e29f236bb61603d4ce9eb,869666775.8837229
7c5c0f2d9a0e355069fe1c64,1167770814.5467997
e781547cf6f8cb4ec0742b5c,713197648.1937596
8caab74ced535ec5e75acdfd,824333028.2566779
9d64345229b60ad1853d94ce,449256490.2819884
d128186867f91603af4fa481,627232840.1358469
f8fb6d1b0dafc28920393dab,730211506.0089213
33b92225cef255b0e4b4edf9,453102934.4735076
7eb78d4dea434674a230caa6,845234394.416286
833bd3c8ef9d4da2f304a94a,671397375.1069318
331f0957d55d7f03df7fdc4b,1081368532.7571752
cee124f4b9031f59c4fbef47,1258525260.3701253
8a9663cb622a55f2a1a8e3b4,1267795796.202531
25d4a0ec9301ba5d53deb780,787972556.5329974
38d4b1837c595b6d9a23e994,1406192912.215448
a21923caba05da05449d60f6,1029006957.1823125
63cff4b5ebb2b6528ad34cd6,804820242.7098463
948c392520e1cb3a030ce86c,1123501226.6081963
b2e7fd7bcd93309664cd225e,1199322120.6330094
9d6be7123f2c6e610971374e,1443203913.1711369
3676e34e4824101f3fd9aa2c,952825478.1962508
f849ad486e84a82190675b89,703777282.7095332
2fb8b2990751692b8ef1ab6e,583682119.7270383
5155f70c7f8978e487e71479,763902242.1680722
4f076c220dad47bd9bf248a6,648050988.9409751
480041bbef3a540df2a36ea2,1109322344.899001
4ca66e564ed478d06c471357,1194191246.4438605
454e4126257189bcce9b681b,1202969006.9473212
10ce9c7a0a58aad19778e5f2,632445179.2573712
dfe8e2542755d41d920e28b8,537184741.8432708
5115b0da9c95559dcee9e58d,1111797532.1098387
8a0053376ffdc75d0bdde77a,937713884.0299381
5688288ee38f1a69894ac77a,684856261.2503942
1fe514ada76363511cc79105,860770958.6581016
885a312d9a5bfa8a8db5279a,494139899.74460846
c716d4dfb5a3c2e1120bd84f,601145363.3879473
689aafdc12fd1610c2393a6c,575866767.5847207
c0c4ecc8d3aefc53c4c06a38,664330687.3137695
30091c32a5046d563597bbf4,514032019.0114845
2e58c9b6fbe9c57c83bc0aed,1049926316.6341095
3f7c5d8304fc650bf97247ee,735122686.0647004
56334a9db3ccc24faf138edf,563111601.0685982
6d0680692396c07afc1a260c,569342951.0351925
9e07dd563b6ff4572f5d9031,831096419.4038014
1278c9fd86258bcb435e7127,640282911.749021
acf0f98cd8f8c8ce06f30ab9,1198448800.9254766
5e3785bd517f4faa2bcf43d6,815740272.9608401
cfc61dd41ee5f5dcb76bacfc,532647187.60239726
2f171883b97d9c02b90f93a9,360662918.4261235
46aa67b5e0abe39dae442d76,360662918.4261235
50cb49d65d04a5d166f96e3c,344774873.6867412
06c1673c4a7444e7aa80abb7,397235527.57782674
53881f29c7a6bef0ab537466,607422862.1970862
2b028932adc74c961170a4ce,366837006.0832126
f3a1bbe01d265470a2d7332a,335768590.9978834
b42d5b5b38686929eadd56d9,769842872.8723958
bafc63f23f097c24d36c76fd,596724518.6236088
f164514211012e3a1686b148,465283804.03918475
82b90288bffe8c1c0b5a1259,495375025.0217329
2fe64bad1bc8a43fedfe0700,498394208.08658445
da5b958667b31f4f9a1d84a9,633138592.1735547
b3bc9a04a3ebc1b911326735,830264710.3943334
9ff3acb07666d53f00d1f1db,605534229.0883795
13a44ce5066ce00846b59ae3,1009508327.2324576
bb45c98dbab56e5abe20ac0d,727914346.8087864
f88bade1cb7ee0fa643f31ad,508270912.61286485
e9ab6916a79b4d5182d33bf5,727914346.8087864
144162ecfcba71bf09048dae,489536168.8476245
19466034c2ce19c24a179fe6,485225698.33161575
3787f6da3e961c0e10d30e6d,1119568620.8998468
908330b0d2651093c0bb6719,441549064.5412873
66b7baef9c6c3c7ad24636e1,526433980.28842777
69cb0f3d422c2c78373c2e0c,856539408.2708708
1e866483995b30ec7f79d9e8,602625188.917805
866f2a55f42cf30c4105631b,602625188.917805
fede7e1a7a6f23338af6f40e,1119568620.8998468
7447156f2967391975d335f0,485225698.33161575
08451af5a81fd6a63c4012cd,487740447.4217764
f63608198bfcc858abe1ab0a,708172189.2942274
e9a0dff7ae48bd3fa2ecfcfc,651038343.6158514
cc97f62e2fb9d3e31ef1c00f,666733596.2087572
ed40f198ace8a4405cce7a1a,620642888.9699498
bf17b59bf2ac2d06894bd786,817857177.0601696
e118b149654cca1c0b3a58a2,1133727602.2033365
7f9bdd2157f6c3d488c77ddf,933821219.1283046
9350225547486ad75c0b5ab3,892022674.3189389
d1166776fca47427c77fa8e1,872677911.82454
f719b387fac4f688b57dc646,1213832547.612697
6ce8991a39ec7b9883f85000,1213832547.612697
353743db4334fee80ac08d0b,450470527.6429235
372a3934e8179422b5cf5729,981828817.0074686
81516aa72c98ded9223db098,1281593096.9255009
9e80db4c35139bbb18775644,915610654.1812438
12ed2c22a923c840ef616a3c,1074550367.1183617
7bc57b136bcec053cbd073f3,1024861056.2127128
77a06084509952c6cfe8f501,512760980.9917101
73578b4214e2eca83b1e70ac,626189600.5942822
527e571030a7d8fbbf1a41c4,626189600.5942822
961baf163a07179bceba67a2,626189600.5942822
76b41682fa6953a3b20d3f27,626189600.5942822
cceb25e83ecf22252aa92d2e,626189600.5942822
210ff5d4404ee8578a5ecf9f,626189600.5942822
398274b1c46fd88151420c6e,356654994.62244874
5b328b80dd844db2e946302b,329629333.54716486
4195fdfe50e42e9981fa2f4f,561049081.9857125
2d4031f171f965d7dbce0ef6,637720214.4566525
fc1b713d5605b0030421d5a2,922075436.3107294
cf6092df1f22a7c4b8ff9d50,535307671.65899116
8dbdd7c8971a514eb7cb4d3f,626189600.5942822
c197faa8bdbd51c075a6d3bc,640856739.1704638
1985a2a5c3b2b0c7eca22afe,916784361.4964641
92a1a8b617b6d2c3669167a6,545741981.3038568
2a330fdcebb247d6a6fdea23,535307671.65899116
c3dd975d0aed59a65a784e47,827770964.0416214
608a2339d558a6cea9478756,738391528.7409419
c0ccf6d535d1316e37e1024e,1003859735.2576531
229a7640d41a8b8d6d2f8f83,843371781.2567909
e3950ce025371da2b4ad9db6,843371781.2567909
a7e41393473834db30f2c1da,731060236.9694723
7dcd1597e11f83093cbfd7a5,1260732698.7466521
71235a69058912dec1d355a0,1018781757.8499509
349602317da0e456d88fe24f,1004560412.856254
ddccad3e5a4eaf791ce3a7c9,537184741.8432708
776d7d1326576f07762ab3c7,625284193.9260184
1b88c06bb3c1bc2bb39d1b86,689235823.2169522
1c5c4f4c731545aa3388c554,537184741.8432708
aaa67089a753d255215c15be,680593270.9270476
d6d5717a4b7e2edaef162b6a,585836115.4172256
0ba20e953e8e76add161cd6c,364866080.8987204
13c39860029403ea94b5439a,1062189862.1423115
d5436eeef04e1a8e51a38912,387350994.54089105
21f00ad1214253dd5bb97817,1292966023.8626113
5a3119efc021fd0f102ab958,363861753.4376738
331c515e7f0dbb4460810999,427953517.29472494
9e360588b18cb15aec3b6609,821934177.5627663
a7cc7d2ceedf4d69664dc734,479676283.3043986
4e78cffaea2008f3919ba0ae,437068214.2948302
452e0518f7164287e47e6354,920220202.4178267
74286242739391c4eaecefbe,572781824.0368129
df06b65985649c7107b794a4,398035651.40334874
b6a21387674a509514fa5518,1066025970.6002802
6752fcf8f1af18d61124e32c,533407649.06102484
a7e40088cf53acfc65f4b3f5,1187447096.5812376
61b9307a25be3119effbd0d2,350390083.5208064
3061729865dd2d68858600b1,352119556.01523805
ad38d5660b6f1eef23b76039,350390083.5208064
1d493f3954b15e84c41afc82,350390083.5208064
57744cb947a923584fc6bcc4,352119556.01523805
16f60cac352cc0d668d226d0,350390083.5208064
accf7bdeeff29ec7a209c509,350390083.5208064
a694b9ab05641a6325764e63,435322018.3511603
bdeddd3f84cb0ffdd1fc27bd,389062450.5591464
de9ab30042562789601833f6,389062450.5591464
1a95522f43288e32addff2ba,435322018.3511603
3cc722d5c764ac261611c2b0,389062450.5591464
aba85a8a7ea2def1fdd18587,469779981.64422745
b272c1025cf5c1e1df47042c,435322018.3511603
5c449356b8b2d7e0928cce59,433429336.61905056
a56d3b5bc13c9849cf676750,433429336.61905056
942c934c0d41ab822d60c795,389062450.5591464
b0fe09d086490092f1690fc2,435322018.3511603
7abc8a11d3d6c905de3f567e,435322018.3511603
16716773b2a43df0332622bb,433429336.61905056
98fdd3fc6c9447d0f05eb1c0,433429336.61905056
a59f39373ee368259b441de6,460594962.3502878
cb778195c5d61a7c4185424c,675047965.6630284
c0277899d5f185cc78fc4a79,546065062.7488979
44effc9574c74ea4ad98ede4,611739961.0956516
e2d00e4fd93a02ea81895355,611739961.0956516
ab405cd390c0681c3c67836e,611739961.0956516
86db204f7ef6e0e0e6687246,611739961.0956516
97b791fd94b2339ba115a75a,546065062.7488979
3897d9b5fe3a0cfaed7c18a6,546065062.7488979
ce206b82f2de3793156baadd,546065062.7488979
2c924b9d45667f7168bae6ee,546065062.7488979
358eb586d9649d20dca9bfcd,611739961.0956516
71b1fe15c5bffb750c99f648,546065062.7488979
eca500b92ff96f10ccd45e54,546065062.7488979
7b63445c5e1ce95bd12c31ee,611739961.0956516
97d64459dfb368b1f6067ab2,611739961.0956516
1b09874d5a3e4c9e0d544198,611739961.0956516
54fb79bb019bfd10e5481ec9,611739961.0956516
b3b63d292523ce0a925b871c,611739961.0956516
09759befd8899fc1e359935f,611739961.0956516
62e0110b1c8dda16cc7da89c,611739961.0956516
d98ba43504fb49a4f0bd9c05,611739961.0956516
48815b454dfb64fe60e2cde4,611739961.0956516
40a65310ce666e80a9611d4c,844927679.0098488
a8c5674b5d110d99a1e097af,873641307.7570375
ee9e7dcede0ffc20442b4407,873641307.7570375
9e858250fcb7320b65bed9c7,873641307.7570375
bc76b078832a3a81b6d637f8,832172533.0150905
b06d3ee14ccf3d46fe2431fb,649666552.472452
87332a7e03cb851342667b98,873641307.7570375
faa37a79a1d72e4b8b0c80a6,873641307.7570375
0821109831351eb2501e362b,873641307.7570375
8d01d6561223272181235c69,832172533.0150905
a0f1c94cd34fcba92f59a59a,818927825.9957275
f6a5c88d1bca87c1e89d8084,873641307.7570375
55118881731616058c929b1a,832172533.0150905
bed1fbafde11c156b655e04f,873641307.7570375
819d2a7c3330480b7217577d,873641307.7570375
e1967b56ab8ecd035bf39534,649666552.472452
08d0615cff29645ee70e20e9,832172533.0150905
2e8af16a155fe18c8c6730a2,873641307.7570375
882e8e77fa1a71288f6b61cf,1077650548.066808
7930bb0822caea5f6451bfa6,1077650548.066808
993a18ae04d78d374f854262,1130505000.5518847
e5527bb25c85988e00da339d,1412618823.4621646
07bd45129563bd2fd974deeb,361865064.45093435
83727953ecffc17bed632d94,378019174.596901
2e2d3f42f4f8369733b3bcb9,938802551.407843
3b23a71bf40e800a66bdeab2,347573928.80317944
894f346e0ad39c57fc0f369f,956924885.351337
d1fcd31555048d043cf084be,565627163.9850476
8d48f73816b248d1166a09db,626065490.0152097
32d5a20c542a8194a6aae965,579908329.9611819
53870de54350a8cd7c13f014,660999991.8302355
31cdb68dc6476128c4bb2f5c,961808275.9280924
4be6d93d8ae1375156444f05,439984399.53138286
33a7f6aebc3e2d480d287199,758695540.2674365
e1e188d3f9940f9dad98488c,652886562.9775406
76167f6ca3d2c404104b77fd,603426963.8800513
9297c340db8a74e10dbba148,684088380.1877757
0e001ee8f27e1a2fffaa0225,1105251708.9302368
ae3868ac8c44128b8a955829,667075834.310182
bcbd20cfc50e2f032b174b56,376888616.2953295
253560c855216bd9eb102595,542809961.0066409
c9c769e7ccc99016f61269d0,453635904.3013202
7c07ba1982289ca3abcbece3,526315268.0986022
c5c024d11b3ebb2cd088bf6a,841120413.089502
f0a8fb06fcdf8997bcdcb03d,673430201.5901444
806f9ab2a016e774689ce2b9,331563206.8101698
4491bda913188aad3c66ef20,661191685.2796333
0c37c0d27631960f9e0fda1d,749907218.6816424
b50b45bda0905a116f238c1d,391853164.046945
f0f8e755058d48542b9cc4e3,1229756502.1700032
b3005057f48c1794b7974f4f,579982855.3831784
e1e5b0bd721a67318a3848ed,317137180.08633184
d96155b72c02bfa04f7ea98f,546225996.8158115
3825ce5030d951ef0fc2f7c5,361865064.45093435
99587dcb4237fe90acb15b5e,598503867.5750235
452ae373210337b8008ea2a3,1195170521.0539553
09ae7df5577582ce7e7b0aa7,1391002638.8576548
b98967876009fab4290736f1,768350738.5111185
24a4a43ae4c687bda1066227,1111603237.7406387
c509f2036a11b7132c633d2a,950666770.7388767
bda914dbacd42b2b7c6c5179,417259412.6529616
5a681060eeb2fc8f1b3261da,558548204.133049
016bb199b12846ccb0b03191,831110535.7126974
ba94676bc0385678ce3780a3,497601131.0901121
b2183e5bca67574df7d5985b,535764054.2495243
baae43ea29f7e419bbecf998,615090156.2474052
ff1a7adf260e637bf316812f,330109161.4334218
8e56b5dbc4cf628ac12e5bef,1525134489.808991
c8941b8d7626f7b33628158f,1178487057.9654012
d504ed869ece1b1d6e724452,337029350.7974554
1acb5576ccae1f0534f614df,584201807.9400535
ff228869121d053ca7bbe431,1183400852.10603
ee4dea05e93581750d613c59,529515786.33654636
5d507cdfb7c233cf96dc6a83,855775542.5594522
faae4324336f1211ce4c7809,577903473.264713
9a8e471c8f4488c3799483ba,369457138.2321858
d040e15e50d655f4d19bff54,380613645.5924892
efc7e89ddf3de559154d8e0c,961307124.621928
e91598736dbb7319952f0dfc,852153243.981316
4046ebeeb7ab85affcfe337c,868618363.6070645
d12059af22bc7d6ff170430f,1074806910.78428
99d39d72083d7485e8944a3e,406109002.0887127
b9ab2dcd8d1855e4bdd540c4,1134451563.7458744
97106114a8d353ffebbd07b7,956855205.4339622
d5c950db90c92be5fe753189,882356670.7898343
119833a13f3f7df22d2b270a,497321536.60123885
b2078743e33e1acc49c2d2ca,958787912.9321928
fb9371f86ca6f4e62ae374c3,534716350.912904
6a39a747417143f0cd24f3bd,1048985677.4225498
7bc0c9e2760e4b1488522768,914157376.7983884
3898683e5d24bab9eea24d30,629266497.8536578
be0e466ca7d6942282c8626d,913596838.6602576
2d65980024ded46854c25260,1137107203.6976616
87aa28825a5b8ffbac5f2e2f,729519347.2743977
918b0d900ead8267aab4cdf7,547304928.0366206
0c85506b301862fb58b467cb,492840415.4053684
4bd031478b15017efd41b2bf,872344679.705866
48bee96c1f65b8e283d67483,492702344.0505454
7618cb8d215425c931f47886,375983773.9074505
a7a219e7cd18f3c4b83649e0,399173028.96828926
9d3f5b59b9735da05588b3d5,384840296.2364445
6ac5f5f52cfeed2f0ac9d018,614898764.1257308
d885902c923752eab7b619e5,353321563.1127402
b183e2562cc4816244ce0e1e,345306908.51842356
88622b66e6c47cc62c3824c1,982202732.4999714
01230eede2a4a74ec4ee5105,694958029.5150577
060451a9e3e0416ff41d253d,476260256.1034459
3ca0e7723afebbf53e390297,1108104998.8489344
e2ecbfaacf11ed16fd71abcd,439984399.53138286
1f0d83013ea5e4c3f4beb583,665359544.1564285
450c4eff7e37a271fc24ce3b,525617911.8396282
a70d331be751cdc3bd0aab29,335149793.5461261
41ac76d4fa450fe0c377a0e5,337055987.7793604
2ef8a530db816223dcf474a1,495622325.0125593
d09c1af87ddad4ad11b82626,380880079.210601
35b1cd8020e7efbb9ba5adde,993715851.7967141
6714f846f2fa3527641ad96c,747350499.6532314
4cd5338bcf246ebf263baa35,373285567.2508524
0878a639ab8e6b6e69a3df41,950326328.2918599
f4c118396d781c140d8c9b08,393482597.4620722
27151512d4b592014137ac1f,645311374.8644167
8e5123f5ef1da66571ccb600,1241903319.3541229
c491a13a87fa1ef595b35826,758695540.2674365
52d6c4bcb442eebdab338116,1384796575.4316292
e23d93ade25e73614d7bcd77,1230123366.2967389
43059ceabe98412315566838,890409704.6819835
93b7fc7c4f07a7f117e687a4,545333094.715251
09caddf25db3ac8e1a98565b,545333094.715251
e3034ebf243b024cbef83cc9,545333094.715251
63cc884a9c5c888de176461a,545333094.715251
069fb1f8d0f06ac2fee87314,545333094.715251
059aaea3859c4b9662ab4df8,350390083.5208064
148b157ece514d99be0a7f93,350390083.5208064
9c4f397c093dde7de5d485cb,650920052.1597847
e28d8dac5c1c75d295a9eb3f,350390083.5208064
a804849802cc0820d25f955b,350390083.5208064
fc43df7f26644fa464ecb090,350390083.5208064
608b26adceba64d9ebc5486d,350390083.5208064
be8bbf40db0dde8ed4cf338c,350390083.5208064
d255f73d4066fe559065266f,350390083.5208064
c552cfa8e6b8c8be2c963ae8,350390083.5208064
5ee020d4adc767b3b16fffdb,350390083.5208064
2a01945c2ce528c02b391c61,350390083.5208064
dd7ee555ce0b2d58dbd8a9ea,350390083.5208064
a732aefa7ea4715325e9e80e,352119556.01523805
c6faa40acaccc1603c29df96,350390083.5208064
fd8caba10cd4d1df27605358,350390083.5208064
788c49c17df556bce0abf6ce,568617388.8274829
2d0d803cdbeaec6e2626eebb,435322018.3511603
0872074f7bd512dbd4609c85,435322018.3511603
3f97341f90b11e6a7a7f7c2c,389062450.5591464
2bfa301ea435f929e6c0d1ba,389062450.5591464
1d029020622a600aad4c2991,433429336.61905056
8a100bd7f5da66664a2680e8,389062450.5591464
1441a28c376a20c90d72cfac,389062450.5591464
495eeef459e80680720a0ec8,435322018.3511603
df81d07cc6e8fb0a01c0f404,433429336.61905056
e23ae41983b9f112f05bb703,435322018.3511603
a2ba273b099221390bee92a9,389062450.5591464
63dfd58a5c43cc7c0a468209,389062450.5591464
27aa789e29e52ef8d78b9bf5,433429336.61905056
fbd613ac06b6bf20d76822db,435322018.3511603
2a805135d8030b614d9df9aa,435322018.3511603
22c9b57a67cbef0920d09174,435322018.3511603
fb76da6072bea5801e407990,435322018.3511603
9050b1061469970ce28742a7,469779981.64422745
96f5db1dd0f36d1087172fcf,435322018.3511603
38cccc333e2c38bd608e1880,433429336.61905056
efede59a47d17737f90f4bcb,433429336.61905056
bca5301e6460eb859b7ef34a,435322018.3511603
a23a13e43f3e08ab82c6ef82,435322018.3511603
8437a42a8e7ebca46eb088cd,389062450.5591464
6e3cbc252c449fd4b758b97b,433429336.61905056
6cc6b0672aaccb8909f3a751,435322018.3511603
c60c2efec3c12959d86fe3c8,435322018.3511603
d0e45d520227ef8a1f53ba28,435322018.3511603
e45293f1e6ceb2fe79f6e0d5,433429336.61905056
4202dc3f8255586e1ccfff46,435322018.3511603
1d04d5450762d664fcfab674,433429336.61905056
a3f969063f78dbd95e6ee795,435322018.3511603
2e3fc1d628f6727880d3d4e6,433429336.61905056
22ea31eadbd3a54216443137,389062450.5591464
6490a1eff73727bf62458b0c,435322018.3511603
49721aafec7123f6ff4d8010,433429336.61905056
bce608b4629b6c8512ea2fde,433429336.61905056
a7ba3ccc4831ae7e539f0cfa,433429336.61905056
959b2293af0ee4f7c9fea7c0,435322018.3511603
bbbf74a3abf9cd8718384a65,435322018.3511603
680a71ef7ec15bd919c06320,435322018.3511603
0bcdef6d56052acd2afad93d,435322018.3511603
1bb885a07f57936b919629b9,435322018.3511603
8a222af682e2d7796643ccf7,435322018.3511603
3370a48ec22302456c41ded9,435322018.3511603
46fb04e7578da5741f6da4b8,435322018.3511603
e9da7f2549d914aab6a30e10,389062450.5591464
10d0506d84d778da572ec635,389062450.5591464
966e8fc9af08e76f8b276245,435322018.3511603
0da2a849e0f83b17b006e50b,389062450.5591464
f7101a05db93cbefd6a3b31f,389062450.5591464
b74fd7f7db38ec233c6ad71f,435322018.3511603
0d63e52a47fa884e36f10810,435322018.3511603
77fa49bcb52539888d481ab1,435322018.3511603
6f412fbb33519fdd31e741c4,389062450.5591464
6615da422a3864d415b28fe9,389062450.5591464
f258fdece395f0c4f4da6a96,389062450.5591464
c54c645c340f59dd5f47bea4,433429336.61905056
bdd287e9de82903f210878d6,435322018.3511603
e110abe74ba0ad062c9b575f,435322018.3511603
47e5ea8cb7f5ab6703803690,435322018.3511603
e71c6f7437c633e2d9da643e,435322018.3511603
783161faf2e3501c38c0aaaa,435322018.3511603
5fc3de15eb0cd87be5ed2e6f,433429336.61905056
4066155e224520530ce985eb,435322018.3511603
7745863791b5cc6d49f84c8b,469779981.64422745
aa7551be1b8d6278d38fbb00,435322018.3511603
d654c9bbda61c4c0ee1ae2cc,389062450.5591464
d224080523a2bf2e81698d15,484681928.5990645
5f8d0a2ab1f9136de446528a,469779981.64422745
405fec98d5a3c8981173311c,389062450.5591464
2a9e77fd00aaaf773d130914,435322018.3511603
279b76adc4bc9f8dd86759b1,435322018.3511603
f815ec1a63e980717c9c3290,435322018.3511603
a8fc825e34bd9bd56ec5331f,435322018.3511603
248ed6abe6e528dedde951a3,389062450.5591464
2bce6544d58b6970192a1838,389062450.5591464
352a76b301243d22d1b31f79,389062450.5591464
bb9991da696d6e1f13a32d0f,435322018.3511603
8e88e6cc55ca769e472aadfe,435322018.3511603
339ca7bc687766f517ab3274,389062450.5591464
93375efb2e74f4913d21d94f,389062450.5591464
17d7e6d321bb7394546e6b7b,389062450.5591464
0f601f5ee798174ea9d52caf,389062450.5591464
8ec8cac469f2448654312aaf,653073741.2332219
affb62139f02e524692ebc5b,611739961.0956516
c01199a4b2fbf0f6cbdf2a65,610352713.4659201
4d1f49443787c874ba19f968,611739961.0956516
035c61042b7dbc7ef888d1a7,611739961.0956516
0fc7d98f75bc1c0b782a328e,611739961.0956516
b1924a5697dfe829b5b8ad76,611739961.0956516
d0100c18dba3c334327b29e1,546065062.7488979
add1a20e8bba47aad2edec69,611739961.0956516
fe8a78de9ba7b59a112e0046,611739961.0956516
b319d049a3a8e4a095940106,546065062.7488979
303dc73dc1130de9aa2f70f3,546065062.7488979
e471b2ef30c388893119a010,546065062.7488979
9309d812688d0d2bdd33d830,610352713.4659201
fdb192e57e3e48f70a492b87,611739961.0956516
c514c9a35632e5a9c0476a31,546065062.7488979
3bee8a9981a1e9e13a05cafd,546065062.7488979
9c942287410db3d0739e182e,611739961.0956516
f59b9c03bcd4e0e06d23fb47,611739961.0956516
4c11f4ebc622483532c24a06,546065062.7488979
1f53612f7029a21e2e9f74e1,611739961.0956516
1f4b6eaf52fb940e666c1c93,611739961.0956516
dc65f0bafddf39c6c4b2c9f2,611739961.0956516
344823ba2777540ffa2a8fbc,611739961.0956516
8cef9b18f20e9c5a32e7ccc9,546065062.7488979
413d6e4fb772beff60f73e2b,611739961.0956516
15d3ae51558bfeef80b9e97b,610352713.4659201
b81c26f2ea6b66c8315d1146,611739961.0956516
c3786f81345d39fd8b353da3,546065062.7488979
6c568d2287dcf12b2aacd388,546065062.7488979
e6482f3b6184515453d16bf2,546065062.7488979
32c7b848ef60432d98f415c5,611739961.0956516
1689c3e3982382e27a4ae074,611739961.0956516
3d0cc51b7a2392f3be3b1666,546065062.7488979
1dbec7879e793ba9685741b4,611739961.0956516
82ff2a63a863c089ea90bb5d,611739961.0956516
3d9856c3ee0a4b5a833c69ab,611739961.0956516
6f293451319bae38c71b8266,546065062.7488979
dfc817b569fd71d2dd47e980,611739961.0956516
c34d46d83e76f54d53cadcb2,546065062.7488979
e08ed8c82d05dc3cad8cd2c1,546065062.7488979
e21f2a8d9c641e45d442686a,611739961.0956516
f1793973b462cdbffb1ad648,611739961.0956516
b15bcd6248958d98867ea585,611739961.0956516
e640424f3b7d1db403c36ba0,546065062.7488979
658c0b009a09339a3f312145,611739961.0956516
f01fa45466e2730f935a4128,546065062.7488979
b4d69c7bc93efb3790eb1422,611739961.0956516
c2242a77d30c0abbed667ce4,611739961.0956516
39542105a7c46ded0cc373a7,611739961.0956516
13f42390057bd294cd787822,611739961.0956516
183d99d88d1e7d995180918c,546065062.7488979
60dd7dc49139e7816dd8b143,611739961.0956516
6d2ec752890a2f1c4094044d,546065062.7488979
0e776964ba3733f3ac18a7a0,611739961.0956516
92369f73435d1ac3fa95f185,546065062.7488979
8db285eda04ca37b86dc9724,611739961.0956516
a7b14faa46e7b73ee4e95ee6,611739961.0956516
010e676743f6afc01fd0838b,546065062.7488979
987199d3a23c08ca887b301d,611739961.0956516
4fd8643e1c43ce9a0c18a19e,611739961.0956516
4d0985935e1432b3916d45be,546065062.7488979
4623317e8c9044e314ccc4e8,611739961.0956516
ef8430c4d15e5887b8103bc3,546065062.7488979
cd6ecb0f77acd93cc1c9038e,611739961.0956516
b0962bfdb6a2c79a0ca84e48,611739961.0956516
7bf592c5c34bfe6a5df3dd40,611739961.0956516
9337becb0628955b47e45b98,546065062.7488979
9ed0bcdb62b2223d716d40d3,611739961.0956516
4255eae670033d9c9e9a6e3c,611739961.0956516
c5346c37454ac2b13b92240e,611739961.0956516
94fd4bb5f41087921ca12b58,546065062.7488979
ded674ba9c7b76cda404bac6,610352713.4659201
ce25e9fd3bce9b75050aef5d,611739961.0956516
4e7d3cbe3c62123fa7e2d969,546065062.7488979
dcf5b42ecb23800a458562e9,611739961.0956516
0d53bfcecf0397ca27e5f78c,611739961.0956516
f4ecb15ef992a677e8b4fee7,611739961.0956516
46eeb8f186f86f7859274d4d,611739961.0956516
b5a7d4288dc7a7868678b9e4,611739961.0956516
34f99327fe595ba6e32d89a1,611739961.0956516
9a53016fdce3d3b5c2baf3fa,546065062.7488979
26be10d0ce8b763e9b457e76,546065062.7488979
2e111ff939191cc6df2c59bd,611739961.0956516
ddcce0b9776593e3ef3ce21b,611739961.0956516
937c0b6350beb0f51e53ff8c,611739961.0956516
f50941445773dd62e87e0416,546065062.7488979
93a1aefcc4ccafe4866bfc76,611739961.0956516
70c0a72b31dbc1b97c102c13,546065062.7488979
8aa9e1e89993aa49c5c3eced,610352713.4659201
2a5ecebe40fc09b45d6ee5fc,610352713.4659201
5f798656baebb094a3c83793,873641307.7570375
596b6f435f76058493a16cd6,873641307.7570375
1c510a71734e955f75187106,873641307.7570375
07de14db9dcc2d4f9eac0dd2,873641307.7570375
29503210dfd57bfef8f16802,832172533.0150905
89575a90c7b9b960c8f4e052,873641307.7570375
bb5a6045d18e19613325dffd,873641307.7570375
f984d34c8f27e3cdb7c2a44a,873641307.7570375
90822d4e3a369948cdc4d998,873641307.7570375
5b9a21a42d5f50ed4b10581c,832172533.0150905
1be01d052c6a65c5ed286bf4,873641307.7570375
b73d317e1e8ddc3d5d0743ef,818927825.9957275
bcd302e3b5342ecd8cc056bd,873641307.7570375
eb8956f0c4a885619bf1ff79,649666552.472452
d5b950c5510c19ccb926e7c8,873641307.7570375
1e37ea0918a00bcfaded3453,873641307.7570375
1d55f4694f3e000ee3ce47b3,873641307.7570375
cdc3e114698984145df842c7,832172533.0150905
9c611e246a612ac6906abe8e,873641307.7570375
c0c820463dfec602a6118ed6,873641307.7570375
6302d4fff078a118c3211794,649666552.472452
c98807fc596bb2f505b4da9b,873641307.7570375
cdde8657b5a215915a04126d,873641307.7570375
3b2fa7905fd8fcb3e11ebcf2,873641307.7570375
59764968800501c68631aea3,832172533.0150905
9eab02171cb5f15963670172,873641307.7570375
61f84e5a07f37865c31d4a07,873641307.7570375
1494f223c9d3ffba26e42738,873641307.7570375
ba137cbd10757ad20e5991c4,649666552.472452
d2fb81a477ef3690cb11c93f,832172533.0150905
ec4f7794cb756b995d5d207f,873641307.7570375
ea4add08aa912717cd42f9f7,873641307.7570375
f11d7627e2f18c9a75595501,873641307.7570375
8095589d5e1a55a76281e13b,873641307.7570375
f5add08cb615eb18b3153bf2,873641307.7570375
1894346a27970572aa703cd2,873641307.7570375
805a491334f865f06ff42329,873641307.7570375
062d5544f5c96db90fa3a526,873641307.7570375
332201e2583141f3a02dcca4,649666552.472452
4baf1bfced8e85013eca94b9,873641307.7570375
8bc002e1f02beb4d83a6f6ae,873641307.7570375
adebafcf3eb0d34ae31718ef,873641307.7570375
60b5b0aa0c1319557cd0cc85,1025934823.9129989
3393fece8a6ed311ad865e66,1138841416.6698482
df4a1968046eed5326119599,1138841416.6698482
b044b9a587b2c6ca00447177,1077650548.066808
005ab848b35907e42aa0f4f2,1077650548.066808
140a0002732574ecc516e9a8,1077650548.066808
bd850d1ccfc4b21a72f3ec44,1138841416.6698482
c6dc8c201ce38ff2ea49cd68,1138841416.6698482
572ae40f693551547e13a196,1077650548.066808
b39d1b2637dd8e307c8ba13f,1138841416.6698482
2ad02d6d56b95ff3382b53b6,1138841416.6698482
5201393754f4a5f2a476ef0e,1130505000.5518847
72a66bc6d15390eb05a5c688,969338183.7773367
1f1f3e47f3593e4b2824e628,613294523.1537184
bb7e14611ea6b5e4abb5b89c,500063520.8669539
b82f8abc8001cd6731c4ef45,500063520.8669539
6228854021e72af611d2e59a,500063520.8669539
6d21e1de9c880bfbb17350cd,613294523.1537184
7cfa0c98191ef9b7c45f0520,356447688.4258653
a739d80c3fb6b166a2c2182b,636206102.894787
36f85981124e858c157f83df,563093532.9205456
3d6d51ca99f2747d6b92dd19,621250624.7175177
092b7b5bafe25bf485de37a4,611122754.0457371
f2e0163fa07f89820739dfcf,962361018.1725541
ba47346e7a53412e78363ac4,841312639.1249348
f86e80b2a831572b85b04e55,650920052.1597847
199a6f7df516a685f086dfa2,350390083.5208064
81f6d6790aca5e9270c3d1a1,352119556.01523805
74f099ca0d949c8042569d51,389062450.5591464
4df3717406f9852284576caa,433429336.61905056
5246f7d8023a4c178af6d10c,435322018.3511603
69d9908e13bf7c8ac4c30531,389062450.5591464
e336d9d892441c7ad886a98d,484681928.5990645
f82e1c70884ee1285e1bc491,435322018.3511603
0ffbcf7d58378c85b4103c7a,389062450.5591464
3679e1844a35c0c87fffefeb,435322018.3511603
955a15a734e56eb287555307,435322018.3511603
722f262a44b2bb6fc05ec35a,435322018.3511603
48c346042d9cb826a3714466,389062450.5591464
bc4b7bbf5df92f476b6be103,433429336.61905056
667685f89a61aa2ad5c9ac7d,356001002.3054599
8be5fca8f4339712c6f3e29e,610352713.4659201
09a5fd22f920267b464e2a00,611739961.0956516
f6d2d31af94a6a73912dd9f5,611739961.0956516
0e9a5ea81f6d91038d8711d9,610352713.4659201
8b2d8edfa6788ddc0c7b3eba,611739961.0956516
2f48a73bfcc91272161afd39,546065062.7488979
a78417c74b8c99279912e427,610352713.4659201
4d69f7c7e0e837879abbdf78,610352713.4659201
926a7b18e48cdbf6ac3b396b,611739961.0956516
a06733f7b3ba964c20ae2698,611739961.0956516
02d598a32d864c289e3ba6b0,611739961.0956516
3977cf1326ff502251f78f66,546065062.7488979
c3cdfd0733404ec885eb3edd,546065062.7488979
a28bb09e30bca82627e595c2,611739961.0956516
0a2f8c8ca6094e6626d4e8b1,611739961.0956516
ac9baabfd96d58e376149a7e,873641307.7570375
700a052900adbfa149dd5b6c,873641307.7570375
4b30968cdae59b4ef3298f19,873641307.7570375
c673d94552bc3e451672939f,873641307.7570375
75392e8381e1c891377fcb29,649666552.472452
a55d7074220aa6a750297c08,649666552.472452
81eea19e7c12d65d21e23648,873641307.7570375
69df7bc1d82d9723c70eca70,649666552.472452
815cfcc4d26738f74cbb67ae,818927825.9957275
5ea150753f8d07c71af45cd9,873641307.7570375
f851b02d18e74610a900bf14,766955839.8006705
76b9af8036e38d5d30ac4c7a,997616525.4803189
4ec5ab39cae4afc3b0e69438,613294523.1537184
c74020c85c9fcb2a2cb3ac74,500063520.8669539
6d6ad5e3ebaba1c11dec0f16,613294523.1537184
acbe4eb98668ff4967a8cb86,613294523.1537184
16a40e3dbfbb9c703e04028e,500063520.8669539
ee5fa0932e098cba28d950b1,834999330.5103161
5f9fa56b99677a489a9966bf,500063520.8669539
4045e30cced205e8c5b2373c,428855861.6011038
eb2c7a973d4d6ce8e6ae87a0,914385830.4097081
99c69eeb96e1016a7e53b33f,817642254.7048333
aa7f56d05ed29183b825d61d,485621984.8403272
4630a9af58fb79c0008e5fa1,558036315.5754414
ac003932eba3a174c5b998ee,459655335.92211014
56a7470ed14454665aaef75a,1167149531.693521
a4e4f56336e07304cb946b1c,672844511.1634043
00ce045307538da1b0bb7972,583398751.6283032
cad720be1395e2ab5869807c,396552814.4483795
344be03236aed65e74b14a2f,441846569.1353924
58a86bf535b4c16b50dfca06,320992142.0109217
d52c3915fd7d2ef8c92a22fe,382096261.1321663
8a4b7e86a90a296e10a49ea3,389872151.3127471
e1717a317481b0765a7a6a0d,702646485.2705221
97fc10f5ce4a6fd7357381a6,441846569.1353924
428f4bc76d4cd315ba8f89e9,422159474.90571165
4d882ac2b82569f74aa08824,378189250.9717082
948ba87dfd7993460c967cb4,406610246.7994224
1bee6a5aed5417181a3db77f,362809957.8686959
63cdd73026431f5566fe246e,353321563.1127402
013e2a07f94a99323b64d370,920312177.5908566
ff56b24cf15289dc6d14800f,562825661.9296389
7bdb94165857bcd37206cf18,396693774.2661992
1d1e29d9601aa0eddb4d6c2c,652440116.4117057
a8c9489973c54b93737dfe20,933466588.8998522
254892c6b84c59ff5ac4f354,391564493.5086876
c6e9772058edb2268434d7cf,1039567962.7236549
916a413537580440c4ac6028,443650021.95388967
bab8e472424cd57faab87ff2,391169182.4167055
eae5eecfa2fe828afbc94b0a,417830605.412888
da26059a2cf36e02b8702320,409678927.13116354
e18fecb7e40bbcaf26c863cb,1023022803.8295683
a55906464634558b94d9298e,655287933.2205212
3032ae39e739fe46e9e198e5,1156519029.8346558
663e062b85f16c2419f8456b,560797931.8861636
aad0e527c4bf6283f76b5bed,1104478511.5073893
32fbc0f1934f7325a404a2eb,1239137671.033888
07d1137c1f0aaecbbad32f7b,658180627.9526533
3058b792e3f6781e438a2e9b,789764550.8318299
33d6b1bbab4524c3aa03756c,451837245.0740771
c75d43b8089321e359e14264,561764937.9584612
29ea1796aede16cab8a50497,594000716.0721619
bed21c41b31a3bf2095aa273,524522373.5778977
ec232a7ee3aeac713516614b,633310479.5235813
bb7c68c2652c7e124d88631c,525617911.8396282
697b6c6f7666391fc689cfb9,923830753.0586684
d912e45dda1a3a628fdf50d6,565956683.1454633
96fa88a07329d3988b6b41b3,789764550.8318299
66019487c37339e9354ca999,608044216.5746962
fd2dcbcb8a31e97f31d22a53,1041346109.1758224
1a309175498997e1b8f0aae7,1057532427.6204581
e83119808dd08ca090f5ed85,617033682.68336
1a26960e24de046588ca7837,943842645.5196043
379c4fce87557848548b0944,378019174.596901
b2d7355eb2aa975900776275,793046496.8699288
3b05e06aa0bc40b9db16416e,391123453.85627496
4a5405b1e181f5b10fec35a6,722103270.4183319
aff22625564f00844ea2610b,399355397.4851295
b40addfc0da42b0e530503f0,522239770.5011483
9200d647b6ce9aea67ff8ac7,658536406.4521369
3057660e38fb757dbc8bd898,781297911.0851823
799be2171dae4763df530e4d,363849075.3955586
819265a930d32a97533d132d,994265157.5613981
9ba689b29d0696fb7ebc44d5,999962781.1711527
0f7e28b6efb9d550ba28a1e0,603496021.5968829
57551742fefae23bb32571f4,408241538.01883495
9569a50febeb4163e28c192c,708696414.2897897
1d03efada56f8a70bdae6aea,1181440971.6394415
bfa56d6230b858591743473e,661338669.0014651
ca54914a1cf1028b9c8b681f,345306908.51842356
54304b6117b797791d266cc0,661191685.2796333
166ae8e3d0704209d6715240,567852263.7336125
b56659e70367566a4ddb81b2,961808275.9280924
2641f220611056a1f5616dae,977866255.9673942
08a82bb9fbe4b7abb50cece1,443615648.00179684
b40a9888ec0379fbf85516a3,1025856670.8212749
d35462df6c686296a3c7bb23,635909162.896638
db244703ce223e6acacbe85d,744740485.1059095
a90df94f959030227fa015b0,416757379.91191864
d97d462ac4f5d9cbbf04e9ca,977866255.9673942
7fe6ac57e87b8126ac4f8530,891861885.7663984
69c28dce8eeaa86605143419,982310512.0829297
2bd6682ad8343b69fae1a59e,793004486.4444095
2e6fb29cbc1ccc3d97c92c72,781297911.0851823
9eabba4531191127ee91621b,712132587.1881474
d0c411218ffa7c3ebc10783e,652886562.9775406
0c61a011d7fe0227be2b3575,768350738.5111185
2c47c3ef9e139d8c4513a090,422657755.0858368
f6503aab62a68ca16eba3fec,1084121087.8768466
e7dc05756684b070b36d681f,556977009.4857457
17484950b143d0395907ae6d,490847906.69062364
3d997123b33373024bd2cbe1,1181440971.6394415
ddba305c2a3ad29db24a0658,1103199668.5134943
b65efc402cfddc0aed4e1d76,982041519.0648602
4a7ecb05c9886bc35f6b9160,702433094.1713232
b4e14604b888c994b64f94ba,728578980.1052227
ab37764e5f4e00097eac947a,925594967.9336467
764da64c41700da5ee80b8c7,468399544.7002542
8a84a073b855e37a12327357,744740485.1059095
5a6878f8a47f1fa2fc1d600d,1318117449.4598324
505f3d545ce83d0c848f828d,1095686099.4565184
6687a2299f38c15598d11eef,1304362815.9067748
533134592237b2748915eed8,718860655.7799759
daae80933675e767b50bdd17,1096697453.7186627
945f85a061dc4e95e779e27e,882120129.935544
62dc69d80cd6ea9fb7fe52db,443152279.60159916
153436858070f7e724f0cbc1,959121408.9623387
7f9875a5336a32d73df2402c,821844965.9084125
ac11141115d391be44e6426c,462049129.98979837
f8243b7b679dfe8303180d73,1139045005.1914058
1376106ebc19c929df27bb62,406074518.5755135
f591597c9a1ddd9852eb3cfd,871690936.7681452
a748841236a7a7fb33138845,522861899.2576369
6ef43ab43841696400d91859,579974891.9451935
601310d800d88f0d387235e4,1179144245.0048974
db81ec58863dcc5d12839883,522861899.2576369
68d35dadc6d0dea61bf4b513,342854914.37300897
ba9be0b67571b1e9242664e1,381898384.5903698
1690af2e30b05da545f1576f,959806960.2444127
fc72ebf9381496067101da61,390117028.2239873
3a2e95f5eddda4df84b2e2b3,591474306.6217984
a660d5809085b4823e287a5e,434243583.8275085
799301c01a3e7fc2af5a14a9,1224094080.02746
824cad597aae34d7d59ac939,560989278.8145165
23cfc154896b93bce4356ae6,547025285.8083721
a9b96d2a23ed155043085e87,1080880751.0447
f5d529ff6a35fa78ab14de21,522702812.8067572
9b337cb1451a8fb078dc9a07,1046421978.8232244
cd1fc7362660bce494b5117a,330757179.26128614
26454cbe44a07cd0df12ca07,837612862.2298845
cc5563550bebb29c83ae3054,1323046894.4136143
109bb36f29b223a81dbfa340,639268052.5967572
31081c78ce92e1d8dbb315b9,548689102.437734
502aca1a1097438b32eb362e,1099145915.951831
4c90ce573f1d61d11294d05c,1056884220.8473101
87f1e9ca16a7ea48de04fa73,916943831.9128689
224f6e839dcbd91491f3f1ac,433740683.45194
8ee7d2e0692e49bf9d308b4b,1031970907.480561
a3ff6a1fe37a1bb736b1100d,751079761.2087712
97d49e61c1ef55451e52c8e7,554441771.6843327
b6514cdb1e2cf37e3ff8090e,1212857731.5213373
