property_id,price
d56159653f5d2abc5ed5acd7,974408818.9903979
45550aa81c0151f1fd9fd8fe,1019010179.0631561
735deef3382aa15930482f3e,677741878.9110559
0dd49fa8bb7be52b851c6dc9,869769001.2022083
7d3220a91e78f8bc2924d1cd,1045918880.1038487
d3054072b2175deec2c1f8dc,377836677.5697991
b7574b06d593fca4eac59815,370548340.0306679
79e822115c5c1a4531366001,438514444.7713313
d3ed5316a463d38c1bd321d0,1304434160.4526608
2f1880c9b8f7ac2715e1236d,1056640477.93457
dcca1c7f109175760ff531c6,536708050.14902943
dfc4f3facf91bbd93ee0fa4d,496995587.5250313
30e134a6cbe61d7954d0f56b,369150351.6489462
385fee7bd9ad7722d45dd034,433253934.6962441
87199c236bf22903d1aafdd0,481028375.03293884
19e19ad0cd6b5e84d8aa970e,445148079.5620648
907f968e78d748fde69dd44f,781946484.4181739
be094e5db0f784e3aa013aae,384167235.53572345
7ab96f83915bc84f8c03c1bd,376256060.9023187
07f4aa9b9ff5b0b05d31e6c0,1116667753.5522163
e9be8cd37abed8ab510ba1f5,922251556.161436
5f6ad58df27b562db077b5ce,501957254.34238017
ee96d947484aaace40f9b77f,1009680131.7082448
15c4aef8401208054697b81e,1145183690.1847436
22d6cb11333f2839b8112b89,1374013139.0411577
288c09c33907dadbae495c11,1522036333.469125
f71d2bca0c5fe2720a1544c4,433872803.58173853
451744cf3ce55a98db8a3562,437668412.3526316
fba9ae05a6a8a9e0c6268a9f,489457016.40483713
1338e58f7dcebf5a1ea59388,417095184.11035144
a817e8da0ada143ac87277ee,370267221.2586097
46d8bb3e9a0ca584d3c7a317,579790561.8995605
b2506aa9463aebf01e1e00ca,384722658.933986
7ec025b9b6e6f33bf65af41b,449999341.1049501
2ff531e27672ecd2362eed55,945852308.5167525
9b3cf0d1b91b9c6a2a887647,507364715.0479529
7db5291ce4602d9b2b266872,415552009.9316003
65d5918e826c33bb950fc008,435831004.49535376
395c34e4b8f52cbdb0522459,759116616.3078014
855f4b67d2bd6d18fd03d8e7,826717429.4908584
9ff06409b37e5b5dece4604a,535326855.5505797
0508cd7bd2c77ebb6fea1e56,551311637.7528101
b45fff2e718e54772d46a3fd,638588921.5168223
cf4d2297b73dbc357d21e31b,467557366.05054516
0ada7044c5b29925abc90879,557296475.6241223
6305f02255274ab5fb6bd39c,802240825.1656098
d9a94194ae1350512beff3e6,862564099.9472897
e3896296cb80d50d9ad3f903,985585069.2419332
6514f355887c64136edb5595,948978666.9072721
f03400cc18e12903b3ffbe5a,903179460.038655
4e134600155a64783b3f8c3e,784303739.3432705
d63ebc63c82fbf66d8b6ffd3,854268697.654292
1bd64811bd59706844230198,872129697.5521162
a83921284639eedd4a511cb6,682574636.0332755
a2f3f7a1cd573e2a33f52e2d,908368973.1000016
47344a66471fa51f61c64652,785524362.4490824
78fd849c9429091347d7e5c9,719016946.9478728
c3daf2abea55af99c9579319,765857946.5931318
52864916eb1984abca41ec66,963638065.5394405
c62494a9d7aede44f2f84023,1208012964.740463
a2b576643f7a032371587e5e,1334482153.0513272
e53bc68f0e97ccead24f3e56,489612969.2634876
fd82c710aad91bc90af490fe,777905472.862708
d436abc2ee37ba3dd561e940,884277938.766658
216a598114a403676011cb51,849360185.0546821
ea230d5eccd2b687888173bb,802896435.9415332
18bd0dd7580f2a7cb19a90b9,403611234.7940555
b143c8ca6d334f6a73c3f2a0,429946314.06419235
ab388cb4fa511968783bafee,401462317.63579243
6a4f08cd04d558a56af732d9,500430609.57128453
7216c895aa047c4f405c4941,468013095.2735078
a493488dcd906dc74cf8a604,564452811.7723545
7844b0b2bc65dced90a355c6,519156124.9152078
c1976383069b6b82ab29d092,441609489.25419545
e5cfd99e2308b7b73581dbdc,414748906.0108339
c18c2ea88f4ac53970b53d2c,455584370.0757763
842c9f0e4edf1e5a672ce15e,792428762.0365998
7dd1e46dcbddc6bf5ef694de,469972608.4491733
6cc4f32b39180bd1ec7e117b,573036298.884763
79e643789a85dc4ffad49a25,946510463.5457175
b3402a9173d289d6db78e09d,1057692151.769075
a446507813234e358db8b573,503863919.40094036
c8ef57ddfb35061d1876f94e,634919522.8910286
360be0df2c003005e3db080e,1348419062.8945417
9ab245a4c91877cb7a8661ce,1327761717.7310421
a57a34c7486e7a40e8deb316,926820160.1810342
ceba7d0f56f6cb03538962fb,606012086.9508251
d5475993f9db58c3e4baf7a3,918983031.0567156
d37a1dda09e30da13ff5bfc3,650887464.2631687
68a8b8d077a8232723bf37e9,503565620.7249887
e1eea7716ca6490b7640717a,576798157.758729
4ae6d75b10848d259ecba576,853125612.6654528
17afbce5c0b56732abbea936,904058937.9826591
84a2673eccd3cf3bd7fd3eb0,970561435.2775522
f2f4e6cbafe527b155707f01,1232470022.28123
de2e3a592cda5b76c9573c5c,809434684.7408749
fac651cf404a58f24dc7d286,1396677966.0232115
e6f312a0877af26b69855a3d,1440702789.5074031
333a643c623a9bc75f3a40f2,1162085971.3593874
64593641e470908ef23b46cb,866983239.3706505
ce9f2f0071be658ae75ca6f9,1244353456.4431198
9ab385e399a4673732b6a799,1236174555.2961743
3429c774b736cefc051e2c55,536301499.6828023
a51ad0372758b2bbfe73f8fd,657815890.0818143
8c801a266256e3fbabe7e3d2,731390670.9106373
ca2f81b8fb6fda20aefb0ccb,801784569.4761456
3c1b1f86087f9b99380e387c,971985717.4629849
b0cad5d612954b8cab18101c,1091819960.3808255
7eb991f4c69215377e4dac8f,1123546537.1397247
0d130b8bea4321300396fa34,1628573047.310431
8dfa059401e1dca80ae65ae1,1088410123.6663177
3e3f264cd0ac7a65ed2349a2,1091052176.0848663
112dce80bf512f3f24391d23,437823088.03570163
ff25ded6333278149f8fb68f,643098757.1924865
d555b82c192794e87e9d536f,963619913.1542007
a787382d96ef9fce8f27bc70,1202052829.7274487
8c3aa295f7bcfd9a43eb2037,977417532.6621213
13ac95652fb3cf6c43dafc66,381504039.10750014
42fc6a80b882c32f6264ac10,393770786.92369694
1e9c53e09220d689a0210ab9,358291135.48656857
3348706086aa3db5c92259c3,514023188.5124533
66d402a9b7d05f29282ddb00,641594169.920626
cf88be51d6f31c10e5868ff7,351222984.7882531
30b3f38716be209a894b0942,386168622.8768923
0a5908a92d0ba3e36f54b1f3,365766535.30698824
dd206b6ea2d7f6555109ea39,575312336.8912336
c641febd8bc2ece3e4d2d8b6,557907170.3794255
c11fdc02a288af0572a2bca1,911413532.822528
35dc60a65969b264ab283d6d,446981827.48353446
d9cb0f637cd4feaaaf8a21c0,831700448.1637975
7e8dfae9a5f1faf8afa706f7,475756172.65470064
a280fe7610c254b935c9dcfc,391668443.94857216
85524880fdc4e4daf90e96fd,519391422.5470623
f361109d06f6609c16724b39,433891434.72370464
3f6b2f0c0876c21755369cb6,803708824.6990079
de26819064a290ce78d8fcc1,489142523.59059453
91be1260a84ab7fa3521c495,1191027520.3953896
18c8dc4549d38c918af2972e,703495869.1277254
782b0fb8641849c2c34291e6,442355569.2208909
54933f8b33a4fd6f031ed5be,963747752.1562146
953176c9a901b4f61c030432,723457084.9775608
357e2add3d68167a4f3ce15e,902895914.0967977
90332d50e91925eb9b614bef,871374946.3147597
11723d1d472bf1a3fdd8b72c,1317192617.7522864
01f8b6799e2910f7769db175,1171348823.9456463
a0d5001f7dd42d7f0c91d2a9,438430947.9156806
d4439c35bcb88e1490916c67,417843007.34818745
4a73dad0ff8a5262e8b07c4b,1113517070.9657035
3dd8085a65f24b497ea59557,873507491.0367808
39ef085809bc80e32e7b6af6,1297899897.233045
b98ee16e8fd7d1c75a9da13c,1118694903.9890761
16deb26bf740fa61e258f545,830255584.0324851
732a3bd457d7798e1fd892f6,571935983.0431408
1376058cb128a1c7729cd2e9,865507581.2846329
cac7e7c3e13af91bdc7107e8,938799930.4900713
9f3dfa6e1422f6aeac527c61,492053951.0607278
4dd3d1288ccb66ee4fb9c097,1071649300.6571479
15fb97d6a43731d61e95d004,957050162.355223
dac29573163315edf99e0e7a,581774592.0649644
b93f2864087d41c3c92d43c3,1068602042.62348
cd4656aed92f5c0a0b6b7c0c,1068602042.62348
556210496090b42ac10cf1b8,1334482153.0513272
762979729fb21e56a32ed14e,1334482153.0513272
ea935b76abe664d5e2c4736f,435831004.49535376
40e9ef1e7c6749b7a8d04ea9,441746655.6084391
058265732a484ac8d5497f5c,462569132.3530015
6f52ea8340cdd283f9a79720,724091535.3071654
cafe7c1ee67458e05c84d5fb,802240825.1656098
3f45ed2f08a2b03b738fbb5e,461298970.6612354
f203b18854b75c4564d7a17d,1152668032.059714
d5333f639d11bc3ab073ed72,473981017.62041223
c14f644116669a160446a945,416398348.75353473
de585856ff546e00a5a4672e,407420996.77200496
7a80663cae7c191b5d025fa0,471414868.12805694
71f80198e68fbba902650b1a,416019063.48570937
f3523e0626df8cea803ead0f,414967081.2717747
619abd5f978b1573761be86d,409375579.83487344
17a2323b855e93533a9f09f2,556092303.3727967
38e8630f2c05ea38e2257c21,597382058.0652475
1e3798d739f85ee0e5a314ca,468074233.4496916
46d0544f411bbfb6b452858c,604365193.2499052
605e7a71eecb13b23ffca0c1,518565446.73197496
7515b37b7ae7c62f3dafbe7d,612921991.5799352
28be121ada9c9303be802474,504001130.89393204
331d54f8a1bd3dabce73d6d9,659072615.6907632
22d167639ccaace593dffa31,517356149.7082055
36cd68fc3ffab79fcaa340ab,560786226.4851406
db924733e88c361cdfab874a,1073153500.051018
64eea2e9a13a8edfe8ac7027,792103108.3810658
97fe6eeed892111bfa20255b,659174894.1609868
b54e6757829ac95e2076d954,641711926.7781495
dd59b8122458557041903207,619334614.628479
b35c58fc1c05a77433025318,834438124.0457206
c41964afa164d8b75f8dbe92,788130072.5896833
96b3ea80cce599b68f96f86e,773148274.2484205
a4bc87ad4f1ad97c0a63d843,864385054.7954171
16e62269e6aa2ea052d05f71,833350987.3713914
518b37b51f824fa0fb5075d3,836906036.7934806
e083d83369cbc93fb94842a1,903961167.8583524
57deff02895d5286eda10d89,1018867003.3070275
7ed35835fbe694bc237abe38,761809896.951116
b48efa9ddf36e85164354f26,1218096173.7644281
5910c9b29a1025bada93a5e1,826944285.6798084
10a650e8cb5425c97f08f68a,688651500.6881126
9e0feca2ec3043ae6f840631,1054420228.5575905
35ce37bbecac6b164fa21e6c,595223977.5759152
c4955010d066e013812a85ea,1035792704.9349321
d5a83c31bec18d1c3eb9af7d,827879225.323812
70217bd08583854329722821,849147777.0956358
28e748e7aa0a447731e06706,637878964.3496088
27929c0a3e0fd2d6d2969e03,728753667.2146727
5c5ea0d8bae75e0a5c88414f,1066936080.6129166
2233f50cf7b04791cf1ddeaa,754555500.5875106
bf430621f17dcaf17fb91ac7,693199742.2630223
d8dc9de06461e0220bc55906,531480264.7439351
d988975f8c4e6ee8fd8dc1e1,862796494.6337692
bab884e0f99df269805e83a4,1133132384.1990035
8fa9b20af1508af7a01e2267,1009333478.2489803
b6f195d44ddbe10b78b97191,419511789.1131966
2ab0eeac4a228d5769fb4365,409187334.00035125
347a4deda03bfdde6d1c163d,564232154.2921194
17230f18b30b94606fea047d,439820491.5326203
eab4ae491bbbe7b8ab107229,753271197.7229706
07c753474a847bf2bccd55b7,721351355.2382419
b7ce05400f0261743073e072,587501703.4849981
4a33d213841d2af537aa967a,807934079.0231925
04eb0b590ce7483c615b043b,773920329.2147207
a01a51af09a3dc387a18b58c,421369990.97016716
270b930a9e22d5016ffa4019,1364685169.395266
5ed1320fe84a518e267ff537,1191391422.5152032
f04b574dc221473cfd616e22,687915665.032337
6f7e390aa6135019dc5a828f,703500858.1648198
776d4a19fb3852fe6dcd3ddb,478589750.16384566
b7f164b79658952248866c34,814097157.0175848
aafeff5826516e363471e439,347553659.3501817
eba6a2b80a17a846ae560ece,360153953.9538824
90e62f8656ae504bf6175e0d,507872142.5292653
dc4331d09a1e36baaa6bde53,581196624.8450972
372d67ccb9d251e290891f0a,357842328.3607244
a7801c67a0ddd71c50ba38d3,374277309.15313727
e4d6b81f169cab8ea0244d75,445015815.154651
cd5c6655243a4be0912bc92a,926820160.1810342
f7a7281a19733251134364fc,1051642337.9776235
a716ec25a219961fbe90f367,1232470022.28123
8bd45966c16d4eafb49ee2a2,1236717716.2543507
baabbdaa5e8f69fc90d303c1,1366132463.7764163
8bed46960db1b2a7954ffbcb,1347213717.5936635
dbc123f9502159d660f375ca,1560302570.606458
a4683facc81ccda10e9ae388,1244353456.4431198
3a576586fa1aac85c2ffb75b,1392099185.7508874
b1fb98d0ba25b21c6647d423,1291815526.795725
97fa4be3ed93c37c048f507c,399603555.91516525
cf184cc576effe39c0f857b8,494820263.03988713
784f67fcb2d009d352740ed1,432740813.47217655
f4d6ce332121f814aa663fca,643506750.6810985
c87ae84ef029febca1e633e8,507848528.9620683
e876c6fd9c161861fb92ad5a,1231341951.5334508
9047c4764f2c6b1a10b87e99,935708758.0580677
234c94e9a248ae57bb5a0771,410915659.78004867
a49c2976ca4f24f3a6b622e3,416663347.94554603
ffc171cf73514bed077339a6,554356797.8502172
fba83f5feea2522888377066,435810816.9663847
1a593800d5785ecc36c25ead,705534177.8406318
ab157c9601861dc387a91b82,1098173162.7766788
f87f8003f15b0fbc12609514,465000084.4534737
f44d035ea2b15b2c69d4da50,830099430.4860009
fc815b59cce7934f816f0502,657858176.3694265
32915b77ca68000ba9eed6d8,444879025.46625674
cb083fa7ff634f424a351840,611299481.5386125
4f3c7b9bc78f882f858b3d3a,473654479.18886703
53d33316e237830ad463a26b,612635459.409532
f5d852e25d51377686c43bc8,526790591.06911165
64731b6eaf4fd2bb6c155013,914972881.7349094
dad7e45e4706ab2564ef9cf1,354617033.1115422
255914e9b13ad94efa6ed365,838969306.4091529
5a8950a64b4aea4ac13dad45,790788992.1548973
70f51b4abf26651111305b1b,830596751.1887783
8919ca18fff7571002e440ec,1159927203.1321912
f776a4e0c8c82b3d29756b34,1333396224.8872292
7ea4af39a7e577ffbd600f0d,833703572.6557527
45fc0d46c7a4df7ff6976fce,1091485571.7716901
7cdcecc706fc7c79cce45b20,1107625205.3461254
3503f56e09e639be4762ff2d,674978750.9111676
f70ac0d227db6f5333aa821e,645805471.9563079
20db610da64f80afc1621b12,483127561.7857705
c80ef212c870e2f20ed2234a,634297850.3310703
7dc68d5cac1b7fcdab35586e,538744864.8815883
a478fb93a131fee4119bb9f9,970718485.9391134
7749b2b534213ec7b536372b,611738196.3837351
43e59f5312e304fc21c1e052,895716248.0343248
82a7920524816f3db7f5a4ca,767229290.0506394
1a7e331d9ff88ae5efafa8ea,971394144.6529211
a57350d4c79a415137281cb7,368751834.20995724
f3a6132006d54d0e22a17e84,1030267438.2674285
14caab87a129f51b2b70508e,626336767.8088192
ba2423d79744d763aa3744f8,951796884.785592
1caac10c1121a795a172889b,1376217122.1967466
40768729f2697b87ed6519d1,853461739.4966211
843234d3c6c20bb60a17fbee,805124465.668223
cd2e4dff930a1c7a1a569992,547172864.997595
5a6eab133b7e95155f6a9012,673659744.4202554
5bba6c40aeb129c433d2c58e,826699062.0527287
ad3c644b506498127c7beef1,731848781.3586352
a379656c49f4cb1cfc5b3f03,686876937.4149497
998c1a6ace613d8a7468ba5c,787127290.1824663
dd610d7ece83bb02dcd7a22f,435508402.5863139
539467d04a2b3e78c592b11b,411631547.34598166
e40fe4ac43cabe82c03dda59,478208114.2747504
5561eab714583013b422e7d4,516129459.4584282
d9110b2b5b1c02766da9e24e,909887781.8114282
c72cf05b93b9c290c063b08b,865914120.0689213
d71cc157c0c43935989009f5,617309224.79096
4199eaa19ddf8ac436bb2ba3,1074754458.6025186
d23d12bd86def2657038a481,1055055267.7494309
ca438e13d8aa6285858da0aa,968138307.2204301
a173eb804f4bcf6bfe889417,1236112867.3784285
9b3677d498c2ccf69c756ec7,1333965314.4531271
f8c787390e4c6d2e99fc7c3d,500511779.2105755
a188aa896d1b4520ccd6b65f,546079095.9712383
9fa39c9eb4b10a20dda6c3c2,556478694.3065186
7bc9022fa1eadbd9ab39acd9,624640005.8549712
46f0731f62232b32eb733dc3,570677063.8477329
b6767d1e329ff5e28c42f632,471214782.41298145
abde4b06769fcb1d5577fa7f,661209673.4515492
1496d159d31717ce254f67a7,432464458.0781768
1470749d0d2551a93827e441,568856786.8054572
3ac517f74dbf8cdc8feadfe8,710735617.0882586
fc6616c62030a53d2aa46b12,1040323114.9621762
8497f34947cb4c0ff18a0eaa,948983407.8164197
3b2936127f5a4684a1d3de22,598229920.466157
dab58562904cd13a93d913e1,821676936.0206907
69d1e47b6bdc57512f1838a5,707310498.7001737
23c7f9a0534a4ae6a24e38a6,940423718.441915
640e9fe41fb79ecba89d8951,1126851419.498193
31f6a25d56f3bb36386d07ae,1100315872.6871006
bfb30ae71cdca27f5a5494c6,1135704949.416843
baacf0dbd690644d74f3a929,765582555.0660362
cdcb874d2e62220d12230632,1025625700.8945395
1421bdbd9cf7572b799b732c,974785953.7628978
ee9e5adab1455d38edfcaa6e,882238649.1934115
1fae43a9450fae02919962b9,884259826.7828604
5f9ee280509afd55d24f39b7,704719111.4635012
82902f2082dd405ab538ff58,655994592.8835719
eae52c81f779a61f57cb5b58,899268991.4899569
4ec0aee1b202642d2739068b,891919144.6442517
f4c6c3210a3c2eb935c6d5bb,1199880759.8501885
14a14706d405569501327924,361019990.5560604
146a5a4f3d111dc7b955ce42,1036245670.8311833
99bdce7cdea643b0442976f5,810910449.8125756
733c7cdfd50db77066a67140,425187897.9624327
de328410e22767c66d919423,926662517.3302298
d0116b53467b3081664fb268,1036667514.3261441
dc722ea5c4d62773f9fb6bbc,537638567.5159649
e84605e3aadd50b064c8eac3,1398085814.8853505
31a3719e57ab1425e7267fad,681628782.3084754
34993717af3f861b9735df6e,671719502.068211
543822711986a454cfd764e3,1184688504.6155126
5bbc4ff9cc3ddacb39469e27,1172886583.8512878
d7ced905983af0800c19b7fe,1280023380.4234524
02d5bac2567ee9e19041ad42,1315926994.9161613
f4897a8a0a911a2acfb8e8c7,1234492743.3757474
4ba19ab08d1fe7f72d0dd37a,989298609.0617716
b7c07f8afe037d55bddb8e41,388775628.6549194
40b20b5a3a986802d64f7675,720010344.4637358
01fb5931cb55f5308382818e,1269476993.299847
7cd0c7174b957df1f004fc88,1099624202.4425907
ca13bacbf6dc8d1b09fe4c67,796469588.8794014
0ed0dc77661be57aab63bc83,408256484.00454235
d03558acc19951a882bd568b,426715748.3038756
b8cca0d70fb46f3a31473e98,820935752.6570884
f665a58fa8eda69547c1a159,1057929281.7078846
8aa5ae4637ba83e672cd3ab9,700072881.3787725
a6da1996f66e545041d920d6,880712680.0356432
b828609eff041a68fa243a12,870209549.5689944
3f39a260b81dd7de1dff2b31,496060038.0522516
40fd167916ff071afdc44792,1173427090.466342
6ca31945172976c3a11732c6,1084437210.9238555
1437d1f1601d26a3dca7594f,708761791.1352949
ebab054e5f256bf4e382002a,1332561618.6316187
0838d0df248d723da4e25ea9,744216569.5543245
7a134e45b9ebe710c6c6efe6,781306769.2506636
6e9c7f27d6b89c5f9696fae6,404477900.3878591
bd12c705950c46e679c34bf6,1350104418.7358935
fa2c1092f17ce021964f8953,976772273.4165738
e3202b635974f7a3367c0ff9,1077698022.457468
49bdf0f970af03d83a57dcff,1283128224.005903
91af29fa680d8033188ffc39,681628120.8119935
cb626b981c0997d254388e76,411551060.6744243
155a8e4186d1626fdda4d0ee,929319758.3933282
d337476c2cfa780518523a6b,488110847.162724
7c3ea8523ece273991a190da,726444907.3104265
674c02227165e1c7189c54e4,1007214495.7803471
17056748001fd65cb961b384,1092351220.895506
f56bca5bebfc765162c8cae0,1391091653.623155
5f4b0ec9c7452b888b33c3e8,480268794.1289688
13dbc077e552640736267a49,381879411.7651999
cb645955c851790e83e696a7,1222682466.3652852
649cca8c83352caf7442f20a,893032430.9542699
fc8836e71725949c5f3fa7f7,1372329962.5452104
4f431d80287051ca323f2c08,540576865.7626034
42defcc69fa22e4c858f3c24,1267252510.1847165
291a2f9022933c9d81311e81,1274669421.116737
d48a061a2040d851937413aa,1164830571.8438594
55d2ad80322427ee3426dceb,539467318.1580706
8c41bfacbc1a6ab831b26fa8,1252014072.1514857
c7214222fefdd8d2ad7f8f8f,768488853.9830599
b3d9a095c9c73004643c9e78,1260462614.017787
d49aeae19e13909e75dda2b6,1149541980.8143919
dd10dcc52d2549df85f2a8ec,783077154.5113132
6732b448d2e4f32679f235ad,1034147057.3638223
f08a5c2992cfee4c0910f68c,1255436519.8177495
e3a62f080c25f404ca995e06,1402046101.1045299
7634d584c3042533942e2dc0,1029071122.7573662
ae58dee872922a9c678dbfcc,1179174436.854364
5ec01e911785dbd5b49b166c,459549362.4323085
9bc12d9c9ad95064412c3413,839798136.3837537
7acdaa0cee1ee62e15f4490b,490942064.26358867
d76d5b14d0acc5295b8057e2,894651126.5739661
32f3364ac1fabdd13db1cfe5,351746614.45347357
8cab957b322f1aba06bae4ad,653805897.1690744
e3dc8b417819e9afe3fc7d0d,448966973.0634725
c71fbecd8f7310c201adbf40,563510249.186645
54c9bffcdc46819f67e4b3d1,811764685.0290314
4d94a2295f612b96264a0db8,689419347.3649482
874f4a836cb74be301e068cd,923634202.5126094
a18925f908acda4171bfbe36,964907929.8940253
a587c7419568288d68c46feb,1109196278.2407606
19994da77ce4f2db3efe6660,444765186.58737797
9c4dece6127f1f3f3bc1e0f7,432229017.10432047
09c28a830f8093802384071c,488355395.65221447
5766f7cfab59c920081e3046,432229017.10432047
964b7d9de17c1ce396fb83fd,383816573.14958376
44f77a86369d6607753adc09,466774711.98366034
7f25471be85adf0baeb8ebbc,442511096.64932525
6859481703fb0cb34c1e564d,393212051.16709644
7ba0c14dce0cb09ef5735d9f,467567367.24388295
62cd6a29e98a5b7a5ad38050,500202168.2005909
9c6d7e6260e4fe83d43706d4,592561278.252156
5dbcb55dbba823dc31b041f6,1097610195.969781
85abc5c0353c5b678f087824,649625790.2019932
56dd1bc39664f8e9f316851b,907217618.1772319
b23341faa7307d9d6009c6d8,629539134.3789679
2af941adae2e8dfd66542055,636202776.091379
268f887f25d416dcd3c0c9c2,845916576.139908
9ddc7272fe43f07035d3da63,1420774580.6687567
4002635ca8b087877ad22d5b,1083588682.9139597
b515b1caa608ff42574e5a06,735917533.6044592
710542343cece039a279dbee,728027628.4982048
187a143dbd6d4bd81d6d9c32,570333364.4165359
26db92c003c8e67d92d88aaf,1078361366.2315948
641ac8f4f60ae2b9cf6add93,965280881.3398807
784714647351cb6745c867b1,726530944.257904
5fcf1e2ab4edf13ec844decf,834435348.4068934
2575d932e98c421bbb38b267,1059764141.568499
af9d2f5f62bf74a7fa9c74f4,897097354.2878731
4db8d529af9f718e6d81a85d,411631547.34598166
9a3368605e5f563e29182f3b,527206321.03533757
5ff696d8369101b6dc60e2ed,482866276.1094926
95ade3ab8dc04237acd6441a,418732391.73525935
607ed21e896eb5ffb50d5ead,430877408.3806885
40d9a852bbed67a6036c6d8b,414703365.8515413
97badba651a94721af5df3f0,617309224.79096
b2f089146c30929c4836f0fb,562080648.3422244
936307e2f478c3ff7b9652e3,856260223.6580553
b6d5cb459999de084965e993,1317299530.731248
aeb66f808982c6308d891f55,586734445.8345941
cf8418c60f4e54dfa09b1e6e,537848319.8560302
1dcf71e8fbfef2c6534576df,506242744.71018225
c78b16f05ef58855da0d4f2f,425393939.6945122
19ecf1fc86396ada203c2a19,1060225496.6511729
985fc7ab5aabf1831ce3d298,968720777.8438298
8aaeae6bcfcee5ad928ce28d,953961834.2126993
1a93cae134c79a43b13ce656,1074754458.6025186
ffad647e8ee35eaea6378fb6,807630391.1281176
c21a3eaa136ef8a912ce7b74,988911980.6906023
fabe0f299a4e4bc6f51d54b9,752343014.9271096
5af99278b1091dca9b0b0332,889593974.2281122
3f0c845deec1c24472a35efd,1457099417.7586908
c10f25fd39dd36287a6cde73,1371276099.5155609
f37d31c512866b575780c4b7,1253994203.7417886
5d34f871e5a5cb3a655a0b13,541479927.845842
95bb852a958d7b16fd676e3c,1031902425.0573316
24857a7a80d5f13a52eeb054,915012937.3667927
f9796e9d13fe1becef435e54,1291524847.520233
1c2739878e452a340a4e8972,1267502537.0389636
698f3f1929a2dbbc69865b65,727108385.3067385
bc230105784ca8640e499ca2,495559255.0062317
622fdba953206a65224f2c82,443800404.70617133
6765fc17d98c08142d3d7757,777016799.8524
6f35fcba4ffd6a58bce85892,458310372.40056515
d8654c08e95b39e3b4891cd9,709111841.1168288
33305df46dc2186c7e3f727e,1384025672.4818325
0cec193a20d720af010383b1,743020344.7017474
734efe04fa6b326ae1d072e8,479052461.6559697
69190139558b2ef3eface18d,404960332.4640379
bb084299ad23f245d7cc5b69,555047314.1051399
d4c7b3372d70b898b167b92a,806018861.9223514
4a119b1bbf04b4bd6051c5b1,937578351.4392481
f844345b6224bc76bc3c6f91,478154502.01376253
052505ca8210e5e651fc0b63,902462313.2474625
5731cdf8cac0b8371d786c90,1113507246.7410629
594d8d78af90086bf8cdf09c,798191245.6498085
fcaddcc78938f3a234dd2d3f,409080022.09765476
1574958978c9b5d23d9521b5,562452204.4096589
55902baa0ece72e2e8c869d6,999042103.9604285
46161effff173111bb6c3a32,1086068281.7166052
b3fcd9cbfd485e4e1da6c89c,402062316.97759265
213ddc1761cd6b018349786a,785300782.4675431
be3b1df5f008636e14bec3fe,1235401412.8244898
dd27922be5b6f730f8b4e058,396607291.2418452
cd2aeb1b2649ef421102def7,929343462.6964097
a226b4af016a772dc7e39ac8,661419298.14448
dcef5b332fd31d0ed8d754f3,484017260.08471334
481492907baba4574d4a6f35,1084656798.3938398
10e5e54ab66b58b3f41ec381,899131266.8072761
d48866a153ea0fd23a858cd6,413948334.1512092
d273a2075d28e343a657d9de,1152808350.7276206
90a711f776d53cf654614649,929527297.3704789
f87c76eb5071c5b309e3ac3a,429956751.1678788
74df03749e60c216a3e1292f,373496672.6618239
03a84af05df0f577e09d60c1,495166557.7034225
78682041182f01ee4db04e8e,1353828911.6314106
25c76b5a1da0c2d8158b3732,929354278.6655015
af8f09175265e1546200ff86,415892904.58834
c8d4ffb290aa9cea002e8d67,364290233.0317682
cb89ad8156c3428ac80a4db3,530983686.4538887
7602cb1e6fef087d8ee81aac,690003618.5604714
00c75d59ed4777481a50cbd3,962786712.5970811
fd36cffb856c2a14982a5fa9,763085486.8298362
06ccfa37fa6b011ac38422de,374644484.4020249
257b533b6a66b40d0f097c55,752797284.4621881
736eef4bb36681acbcc3c41b,570643965.1657873
e1a4437b17f7bec650d8cd97,566662323.6365291
ecabfcb8ce9bb47ec3089c7e,566662323.6365291
a5a46af0c9fb5c0a03855660,870968675.4830625
920b50f4355cd2674ceee068,858209538.491994
410e5af026805ec8088f2e71,839436373.7779958
efa0c01632d13ab59f629ab1,430530522.78870225
5965d19a68a8414b0419bc68,1074962136.0520105
64955a117f2d9264eb59fa82,913284996.3336015
8cd46b5c9cbd056d3712f155,727108385.3067385
65f736c3fee3d14c31a57d1f,849137111.5815582
66e9c614882d58c022de7a2c,1113507246.7410629
8c787c1e6161b18601e6d7de,380389286.72417057
29a115ba5b198689fce5f93b,387740311.0846341
de8ee990e70c8e5ad167dc89,707738144.2693928
0b65098a19c2fc1caa6577ed,1084656798.3938398
70ea0403b722a1dae1ff9b18,806018861.9223514
5c77e242474e477513b60ad8,433682930.01436514
1655a92b20740a11a5889519,425183238.17359996
1709b1446b20b21482dd2d36,963638065.5394405
e5dba7fa0cfb81488b0c331e,476203004.5632555
d09dc3a3270073e5f1cb353c,937578351.4392481
368e740cb71b9175fe5b7b6a,1384025672.4818325
b8a8ad4c0215077d3e5aa472,1246166812.9194546
1f4a78e094987ce29f054fb8,420010977.08951336
aae3a99ac764b8e9bfc562cf,852402482.8122231
a63ecc5539e8725af4128cb5,777852233.2095999
a29e18f37ded2e901181d7d2,790281679.553977
14ead7469d05e5eacce6a575,634292441.2675842
1cbf39c44f6b0fdbf9554845,733997349.0178534
9012294b64280c565a88a1d8,920916957.0826657
dc0e9ce44b9932c6e48a9390,692365280.2333964
a4f272acb4b3b4f5fc72e99d,1155960912.3196414
b0a7295da89516be1c44512e,1114550684.9181025
b638b937d4f62949b9eb9fce,937897647.1813892
cadd4a6e1075b57f7b74c63e,988166361.664588
a88f4eeeeac5ccd1ba9b8a4e,1088293701.3419912
29616bf14b5f1cd42786a91d,624876892.6809251
f03f97ca55e9a43928c18237,585116608.8629261
5fb9bd3aee2e1320dcbea448,497634278.4585847
34bcfc2f0cefad790922879e,704733231.0364094
8c9849cf3d20991e5126420b,992392467.9750764
ca7b9296080c9fc9fb232782,1341447884.5789444
63a5989d0dad994a6af7734c,416019063.48570937
7d25023ecf668945c87e0666,473981017.62041223
fde3d4a4a819b1fa40530238,499228838.30893534
e3338ac993873aca45755dc8,471414868.12805694
bfeab1b12dd82efa96efac31,416398348.75353473
2d564574f0191164ff1d068b,414967081.2717747
5529d858e9c9e3e92ce8a95a,392452868.9837133
2755af908b841e9024718b3d,407645965.9402694
623df36ea9610ed5c58dbd8b,399492109.8872079
77924a3c7880310a4822e5a7,407420996.77200496
24fd0b7f75feda5db89a4127,409615857.54307705
c2b9a3b2747f32d26c8219fe,409375579.83487344
3c3c7861a9727bedf5e3cb29,954447944.5578345
822ba8fd3c7392bda84461a4,597382058.0652475
4625168852b335b223a05bb3,653689040.2387344
b732ff1637ec53286e890865,604365193.2499052
706bddaf0b87e4f076247450,552015482.0777012
917218fe1425d2c222da1ed3,556092303.3727967
7ac0428c4b7197ca14f3b86a,517356149.7082055
e828e83be8651bc2e07641e2,545066489.2541507
4d069f925100b6cad0b657b8,560786226.4851406
a50640d13126880a423521e8,659072615.6907632
45e92799de1a5334c3d2d72f,468074233.4496916
93ca9e75cbeaceee69b4f0e4,1073153500.051018
8fc4070ce12262679c381515,792103108.3810658
63182bbbd5f94cea67de2d8b,693199742.2630223
6e163c3a0e30e7bf1e909661,659174894.1609868
3cd016f68705e73b819cf74b,773148274.2484205
3da41d55a2b9f78c2b10c75d,688651500.6881126
0eb8f10c9d5ded1b09f60baf,849147777.0956358
330c37fb5065311564fd35a2,833350987.3713914
b849cef46f19e13d3fc9d5c5,826944285.6798084
7bc034984b19479f29886cc9,830556949.6339252
5cae4522fa829a1614739b64,1054420228.5575905
bf6bd06201e60a4c98c8623d,866762019.624852
549ebb2f616d50ca778e92cb,1353154643.653882
448ad6cf4b43298a39c7b5e6,531480264.7439351
e9a37a1a4150461126dbb6e9,664377730.757339
1d4c50978603ef41377af057,619334614.628479
bb71a24bc5ea4051d84ecacd,836906036.7934806
286ab2411118455780314355,827879225.323812
045108344bf09b01b597e7ce,903961167.8583524
d714e15ab5c2d5a2503bffcb,1266931626.0902157
60823c81f0b98e8a57192a9b,761809896.951116
dfa988a524343181a0d3ead5,864385054.7954171
fe8bcbd17b16ad023a202843,1218096173.7644281
69fe76202cd89637a15de1d4,637878964.3496088
e7cf67cbc08fa04be9f0a3d4,595223977.5759152
670583e7a2ec6e337429fbf9,1035792704.9349321
796935018bf2b241646a2dae,788130072.5896833
5f5856dd16c0e5131835e650,728753667.2146727
ea2e380226005bb55c724ce1,1018867003.3070275
f40defb11ff73ba4e3db7611,1105092586.6978452
a4b2dd2771f49951c027eef2,834438124.0457206
a949ede7227c8f8587715029,862796494.6337692
83f402857435d4fadb27fa36,1133132384.1990035
36ab522893b5f01caea4cd0d,1009333478.2489803
8e4875b7ecd0898571f0b1ae,480702189.01302636
7ef3f8bfd0368696369ac957,446142592.76082444
73ec13a5687c542137eb9a41,422573605.46418774
6334eb4a37d102ee00c6e2a1,387456576.66745406
fab91f0b03598c943fa425dd,576626526.9851142
c57c3c7edd591e16c0b7c1f6,572044623.4225887
03aea1b6ff072f117ec733af,452305076.7675237
91b57e8d6c41b7afe949bcba,394176334.6742946
ebbc5fdad817b304af3585c4,392448574.35938555
0232a50c9afca03cbf4277c8,427033717.2108342
05b12b1916e51a804419c654,442781466.2402028
95c9cee9b36fd1d68f647aa5,526944413.52644396
3d31144a77cb51647f3deb02,612331806.6220312
ea87e3259c2b0d6263d39a2f,514070595.30897224
61f634438de4a10a861f42c0,555648112.3121302
c3ca43d0474dea2f2dfb9791,435077666.403778
a13a3638569b89ddf1260470,405729417.5307768
124959d1429de095473bf5a0,506176757.2929461
4d85bbc09ae56cd85a8f87c6,585225353.0797116
2c13f29a8b9ac9b464e3a582,420475355.9017569
70215712bdd8ae7585520550,488219882.31338036
3352469ca509e8ca652fad1a,418598585.4249374
893caa7433c200e0d43e9f27,781216435.2126402
767cb14f03c909c595c2a731,477009264.0049389
11433baf7716402e8c58bd33,820163150.8173045
e07ca567b0678126a1aec803,762799239.002299
b2286067a73bc0049328b55b,670038990.5694368
c85d56080167254c7bc19303,675700159.004716
5b9ef8d6defdaf13dccc5ae9,622506402.8288487
f7972b1936c6d9e95d3f632b,633934919.7891996
defd03ae7d0c0a44baf80abd,785519713.5728059
6fffb7958a58a73b0e16f2b2,834099787.3841132
5d86a1db39e324770ae58efa,548173841.3221701
c56163e390d9e5a7a76e77be,491767534.5342625
fd5ba2795eb7b5fe338d6b4e,857959378.6394932
24d6d85cd0e2dc3deb2db896,919061865.4255043
feea3a2bd9f643219de51c46,831592824.1459178
055d7c66464d7e327711b497,697707832.8921106
046aaa4162cd410e92b216d0,642084232.6054894
b6bf2760cfa26cb28fc989fa,840700121.0002078
3a6262eed8967d695182e435,943365482.020342
cf3665f24927de548639ee4d,725060623.3590487
4c243fc50d5511a1288bdc0f,719438303.0211937
d753227b5c685e93b378baea,751727838.0383977
149e49c22fa0eb163a36c932,764352277.7689776
8baa01b8c6d29c82a6108cb8,655539047.3914444
2d437a09b860d9d46644ea23,568765460.6434807
66bd80fd26836fd426be5733,776131369.4506755
a30e69524af9c1bddbc5de34,462305899.2069703
fcc96840d952d32a7300366c,743565388.2429906
659bccaa707b94f303610225,658903675.7719803
df1c66d8dfb9520c6818a32b,656660051.6427467
dd1dacc0c90022e5b40849bf,452241212.84092635
1a06bfdfaa9d9ac754ad07bb,567320422.9917376
a0ecc8ce0592a40959bd755f,634640999.4844925
739c2b9be0941e4c126d2f3a,690163663.8544235
d723eb2516802250027312b4,723055212.1882833
04cc75f46642efb1192f1875,482697986.51988935
9f37bcaa95fb0044aeef6075,568780467.27108
7be8abb5d23794ac47ceda32,475129801.75139505
c06c737cc0cef7fafa3fc4c5,513859217.5734641
48e71c45f41778f8dca24cf5,488454184.4739518
b41f7c1cb9cfbd188f8e0233,914631901.0432105
32ce96d8adc8e549b90b4a8b,790063986.8346034
c6bb4ca5a0c839d38dd8ce19,1064937373.206432
1d91edf33a141fa2181abc4b,872471073.7673925
aba4e24dcc6998e5020731c8,790063986.8346034
00af33cff3ff7c6927306df4,751070458.1516106
6d2328def08bae481705e20c,743834021.0180602
7815163b8e4a54843d121dc1,735855123.2156641
c9f92088dbdc0d81412968dd,815846890.542006
8e1bd01ce4b7910d42f59be4,987783038.345503
5fd89a857727753eae6632f3,928808592.5920304
332e395d4ce62523a2e3208e,458518429.05972177
4fc89ee51cb0e1b9d6459819,982933455.6869674
2571fe181b6ab939eac19d2d,1004694157.3806647
af98a0e223a825cbab78ae49,730057343.5445323
ae187fea3c46c3fbee7e6e8f,1007661302.5369664
c681519ec1ee1a28f6a3607b,954555268.7136331
bebcca3e75e747b5a01f5485,689389763.2651609
0842a0730545c623043b1d8e,704888628.9231595
973afa2d67c20297aa108bda,794226905.6287181
64a9f0bf04f1c890cc6e31eb,1016997518.6924088
9e92b27f554068b7dfb640cd,1138129453.9272642
57b7aff18c444fa3c577b079,868310912.2871404
6b23f191d2ccbebf9166926c,962597695.3970315
b80c961aeb98d24d968c71d3,1233111311.2144284
064c1cd5e94efdf8c7262fec,684890656.2136277
723078b6cbdf02c88286c596,1131491670.754365
e239ff5eaaebb287beaf76fa,1015056854.0620981
b3b30d8b869eaad2382c5447,1080373374.4108832
3f295e6c14e23cff1468bf82,1255471691.6704693
be78bb0e06d5768ac1908247,437641749.43774307
4daf52564456895ca7f4429c,540435806.6602402
c832701653f1e7f01913660f,933461392.1692548
82433a009defc21498037127,842276429.2592493
b53d3d578b1d7d9e00c8a00d,772741299.9205068
36fab4c38cdd91de650e6abd,873159807.0404357
bed932e11a599f7cd4bfa31a,1428841079.2881575
1d9addd835c9fe8665e01500,404145104.7581041
d8216aa4e029c0d3d646efbc,910870358.854619
c1b0ddd3c104ec4482d5025b,501669936.6338961
bd0f754b0fd9b7af284419b2,1266191110.6452415
01e907d7672006fa2bba8b0f,431348892.8667958
7ad046b20064565644ebfaca,448763291.6490109
1ac2b23683ba89e9175d1b99,745406121.3178719
ab4c55e78eb83d80c153f50e,444549736.28243625
2ad54bda875fcf8c6b675bf5,458743434.79126763
07e76c765d1137cdd7c2ff53,411558687.442394
5531b9663c5a37a2bdd97e9a,762298918.2624016
c740655aea4eab7066446c42,701736533.1036913
3b6c37e7e6ff1c03ee4fe995,753804962.7535133
1b5d3ddc71634099fa1f04a8,626233321.9548551
1ad916edbe6fd38f40289a04,664580635.6073822
a1368aa4d3ae850bbfd90bca,860295394.4586842
0f728f676325ece6a001b4d5,792600956.5806535
0f98c4e431100aa87e6fa6af,740550786.6928715
91a08474a18644c43224c62b,523453334.37598693
185dd9366a6dd1e820880917,631081309.6074762
e364018f4d994cd15d4af374,1236419921.9155524
77348acef84ef77f6a076268,543715918.5629096
7f8f506137780f4cf12e73b6,474658317.6966374
809082a38e6fc3faa66845b9,604318716.388897
2072a783a44474cd0dd10d7d,755228543.0863903
b71905255273cbb0af1290a9,468636297.9693031
c7d5f021595b58c507f47d3b,1185210506.4754689
65ba1feafecd7efdcf214ed2,1171748100.8028395
72eb64cd02ad2a54b65083eb,1396975928.035383
35d79b2ac92083bc439124ac,438832742.40040594
2f7d36523df4a5eee3edbe05,657373138.1401086
b0d20a04106ebb87e2cdea37,1201776885.1920266
43650eb8b70dfa256ca64979,833703572.6557527
311fa1bf3c405f9bed13b38a,391668443.94857216
d12dc721a59af021e8ac68e5,391668443.94857216
36f9a0ea831710344f468bba,391668443.94857216
1eacbf36422a54f1327fa291,391668443.94857216
9567966987eb1d3117677cc5,408604660.2511755
e5bc85e227ed7dabfccbd005,391668443.94857216
d1f39f86c82916524273bada,609420092.4337169
deeb837c2c6bcbd01930431d,612073299.80498
57aa22792684debb8d4079dc,465000084.4534737
5b0530f544da162b9a8ff772,840965585.681747
b7d66c5f1ad06dfcae5b33ff,379983497.0496711
bc353a421fc579770e432176,444879025.46625674
45ae1e929b0fc88718151191,562039225.44886
b04449c499843cf46ccb695e,698454687.3904393
e4d89c9d33a0f2659df21185,423995339.80461156
b2a7a8ccbbec39b63e4cd028,543946468.420723
3be69554b1cb31ed5732a836,538275528.8752997
de7f584df6103e8bf95f4a37,378156226.15468687
0f4de499e5bd2c57fcc75013,433891434.72370464
b4fd0aa09f993bbfb1fa8abf,429341595.9204403
88a83e58eaf136a82ab1fe37,594533629.3556807
379429ee3675d1adbf816cc5,430192961.1556686
c6084b85c8d95e0ededc25d1,786211116.7457665
8eae4346936f8c6c67be81ba,476635429.50017697
a13fc9e9b4e47340a5d53bcb,852156191.1609106
7b8a4d701066372dfbdffbec,675729861.760453
a62a6094ffed3ea7a54fee73,486398006.3602642
bf0ad098fbccd3548d834ff1,429341595.9204403
0a231779f131c36d8e6910f4,634871183.412178
51ba7338f5900d8ef12206fe,658244366.9072679
81b14dbf863114fdddb38579,568942751.038259
adaa406ec9ac311e9f9c0bbe,596759198.8304757
4cb11f32806c0e07b4251984,419861807.183713
3fee486268a1451a7b9fff7c,641117288.1856676
5666f3c36f0ce4eab2c39299,626733006.1323502
8a8dff62516671aee2250cb0,596460066.7598593
ee4fc6a146e888e993a4412a,778275401.401674
5a16b30f4d580352710e92f1,786252373.9652108
424bb491c71e913e900db76f,904870567.8946798
100bdfc998bbde3d00548bdb,1135687235.2437136
d793efed9a723e77ca8272f8,743991274.8535362
725c029b7c5807a4b0ba2bc9,703495869.1277254
b6d3345346f43dba053ceccc,1178430464.6706777
888bc3c4ceaa108e048ad28d,852719948.0093579
267e000c89d3416e551462c2,937779783.0536959
0ab4a4b8adda35f634812221,922855197.0844281
823ed628bddea9b56792d108,803708824.6990079
a189bd7e4eecdd18ebc7d353,1221624699.1972015
da16828139a19aa11bd94ffe,1162746609.6713831
874102a58234cc7888902d42,754837292.4068311
789e5d19fa507823cc4c5296,715186833.9531327
174bcb77be3b7e408e61d7e1,953491252.6321568
31a1492e589f317a58a79df7,704961846.3865464
0825f2ca4baf5b34231ecfd2,1178074468.3271315
ebc96ea800887a647422b8fe,872158683.1637716
969b956eb7769b6f509d3ee6,1098854582.3552282
6ef9135481d8fc882a1a735f,725722736.0422426
5f501c4532ade3f412359a1c,847553368.1611327
c6d075772255b1efa52317ac,835477761.1065322
535bdffc5b79d62aa6179c48,1315340651.0564325
e95653d504208e8da19fdd03,1162746609.6713831
e4e529e778dbc89f854252f1,817860213.3297788
ec5866fcdb9afffad2d7f5c6,1089534108.7757523
814694a725a50c306d774342,1150007733.083931
1cd6531d8539468cd5f4b315,688725912.750543
0c3e734afaa6b7c370754082,786252373.9652108
f80eace37237614562f942aa,845284953.5240853
3aee70815bcf6effcf0e5fdf,703495869.1277254
ea21ddfa37d60737492509cf,729270672.5427151
67c78ce1b8a64f36ddf90cf6,735272037.9467613
fd2efcb61008dc9d11756381,981736203.4685502
f51658b9fea670bd943d6db7,1113517070.9657035
b83b0a53ead29faf9dffc0fe,1174179876.653898
c1329245f57c5d9019105382,956762541.7488601
98665b825fb3a06b914d39cf,1429122900.157317
24e90a7d9a2bd0c30a4f661e,1060292111.8483114
6e64677f8d730e1f9ca240d2,865902520.3419048
a742819d8e4cf8fdfda6e094,1150928370.075958
ed75d1c40109eeb51fd636f1,1008768743.9006011
cfc2ab56604b4e3734d7cbbe,953598287.5563239
ed5622c308bfd10602e939ca,1062580690.5288764
5f537d233678443192d22642,1264581160.5891244
aaa79ce67339dc53b4f41dd2,1399489485.555569
5f467c6c80023b0174823d85,894759598.1074705
46fcc0d53b263beae95b8eb9,1317192617.7522864
2bd47c19e5d29a3157fb8465,1333396224.8872292
9c9c2f05352c92c02d080e96,1351429577.2596734
cf8fb8db6f74c236cad0cfcd,1361908047.2125869
f42a53a05dc90e617e0e4c38,426734812.068214
bd612d494e2f21051556ebe7,913415222.7309295
ed1c8ac25a3db5120c92525f,593902744.5074497
2c30c2736472590fe45277c3,493880206.5140155
bbe2c06e6f90c4234a7781ab,709274947.7165673
b527813993b7bf4a10c05683,996513975.6215093
2f610d2242d583654337d468,1439966019.8126206
dc25c9240c67effcf655b02d,674883805.3256621
c35f5ef73168d03cba1b1f4f,424496023.50271577
e88009be52bf5803ba3665d3,564403639.5829434
12a63d4fcb56c1d690e1bbb1,615435724.1072387
1d58ad85a82f7731e0f198dc,1298460842.3537643
a2fdc7da13d098cfeba13b76,458117666.12100327
1969ba34b72e61337246cb5b,435810900.6820802
8be43cd8653accbb8fe8a270,518921853.02723163
10092cf2f8afb3658ae475ac,524008542.8584326
0fd313e5a0f02df07eb6b104,374277309.15313727
9b5f013e795f5fa610d03238,439222317.22162247
b1ec4b8badc955f9f4fe2131,542200459.53104
e491adef93281c097ab08dea,372655401.7213149
9a65fe451b30c59beb3d62ef,568053811.3474897
0d3245463127143a8a52014b,894580544.2734193
a0e3198470f97f6a169044b3,1090632213.8161833
33e4901b6e72593513a02207,462295303.94624144
f45234a3f0aceb12341be024,1116402389.0343218
a71d53ec4fd0d64f8c06da2c,1017699827.6871856
f1b30c4ea99f19a81d12f73b,1351416675.6274567
a52e2c893f85b49e2499cbab,892216723.9256167
b2fd7ee866066f3ae0dfb3c0,963481313.2081121
5acc9d767e3117bed0fd8464,812658110.7497998
0449a82dd1667c8c564904f8,962628590.2892196
a0a8d63b5f43b87c0c7e1fb1,991885149.8401395
03de77e22e987fc3fed4eb78,632006600.9574422
3fed1dd17fcfbd2b86e73143,441181484.5174965
04fe204d03bd1c9876242ccd,1128778822.6528428
32bdf33933c29b1cbf89539c,704719111.4635012
3f6c05c97778fbdc86304bf4,716346283.7868046
478e13e8c1cb5bc80f1080e0,725489649.9518723
3128a4896665d38feb72b456,805471610.2628145
fba6203abad5f4b3b721f29e,642265770.3223678
b25f461b3d48d833a73316a9,1398085814.8853505
1282e129e1a355b161621dd8,944517657.0639172
293320b55fad21ea3f4a5899,363043624.51741266
de2f5db1cd1024a9734871c3,415376918.50479317
200897b1f8bcd7c116a85306,412824012.6404385
7023f5a68e1ce9cfd23fd021,389632479.03188974
13faa4142e9d60412abb4184,508359274.96286106
d74d0241fe5222f5c5b67222,508663007.0397521
0e51111c47813a0b0dd51b64,809054706.4396323
25e3793214088669aaaa4ca5,960663544.1762424
43d7b77a99e86e8bd21a19ff,1414343611.5114696
38b87cf007043b76670207d8,1206188520.6990106
8fedbf13ebb7cd3475fa3074,1145670287.4275117
4be510fa977b93e34a789f26,429348653.651828
8f165174bc07c28f9fddeee3,979756780.9011981
7ff6f389e364e67c4238df8a,515295873.2849141
2c91099736f3158f7f09778f,481133747.6999304
7bb1bc81e6eb3b4390440165,761654946.3314933
74e43ea3081841278c76cda6,598815948.8050425
9b948f070b94c18e00a857a7,559409196.1354712
99340b6cf8f818392d501e9e,1458828955.9606588
b27088c3ccd93e7d8d5571c2,714161450.9727427
4b45cba0d601f29c2b7db97a,663575913.8864193
362212de783981c9ddb767bb,640432340.2243582
5aa78a2bc8ec5e2be315fbcc,1277269715.7749524
92fecc04105a999a622ba3cd,457434804.7208174
5098115b26f2473c812b70ed,813097923.6647906
e9860f6b4c3e6699e62f6c31,395121101.37449807
71273ae563da6bbc66aa87af,414050073.1281516
6c6e7af42a6ddf62b04c35fe,425495244.0208069
484922bbe02cb218ced0e779,437576066.60947806
76745c2648b66151008f6399,425309739.9348042
2100201e0851e80488371b67,370496626.4548906
5885faa4aac834118c5e4351,504168780.62595886
f340405bd7f2c4bf524c50d9,488292283.3098871
1951c1c8855fed5db8031e5c,523471167.01944715
7dd96ddad0fa88f5c5978e39,492029899.62868536
db7535339826028d0fb3355a,648291802.7418783
4317746d5b88142780e6897c,679957225.7738822
5796e37eb1a995db5cc06eea,562175114.8542103
817915cc3582112fb5541a49,711315425.9222169
ba524c4e2f13109ce814ea38,695084588.4808445
c2439ab65fe194d1d60eaa07,746540999.2068897
92e4dcc5911b42e7f70311d7,539294025.376655
6bf86a580c8b510b7447071a,603906298.6007798
975482a692bb98df98b2f243,467004515.388203
336888717766096b24215b26,809816144.0920321
ad79f4fa23a28cc84487517a,787995845.1582088
d925c1d4dcb68990c7204b33,674423173.8688867
f4658aee77fa0e35a71da7f1,520219723.51765925
210d58091ea74bb902915250,633974269.8017511
186d4731b3af01bbe4d08b23,851568778.2879927
b760fde2d4df27a168ce0e80,777417426.6577997
2e653d2567a47067df169d97,929104602.0234568
8b63358f3cdf8df0eb1f43e2,866389654.2635953
c09d691e4c7d7b8c8f6a8370,850466122.9390066
4502e2809bb5bd47b2781212,1181054618.194726
d03101c7f823dd7d17e49a83,834299475.0402734
f5dbd7dcf63b08f711561e58,1150539421.2477672
9855712ed7be7e865656de13,1068053850.5046358
5a6397b85f45fba27dd9311f,957324183.026772
4d1b0315b5aaf21bac150d96,769374188.310411
32c7a2d032ee21f8bbc6eccf,493380370.9243194
beae197df95b84881128790d,628964483.2669082
0cf7a6d43221664a060ef681,704996539.2214946
c431fd6dbad57351a497fae8,567524578.3488415
b1f8fdc8e3e25517ab80c065,451791516.81878334
7b346d5a5f5ec7165d1f8644,445846594.881145
947ba86487536d611f548142,1417429219.7953947
8398ba3b03595704b5897704,555912067.7043314
3f895518a7fccca44e534578,372655401.7213149
232e859fc353dbff75c97cf8,1116402389.0343218
b234ef225690d57e7c2af4c0,1090632213.8161833
393e2e7ea1f20eb6b4148d60,635584511.353389
668db5244c4d5b5c76b0b395,848744802.5928535
646de9441934226c2ffeff77,812658110.7497998
de53880a3299626eb6c2cdf9,1351416675.6274567
07f10df13b244dc33b464582,885940980.0770756
e4aa393309860fd5e30f49d9,1398387956.5154362
8c714badfcdef8ccc73df9cb,1515508133.0916717
0f8ded86be8d3543a5069b6f,530928606.2934301
3e9d73530ff24d3f4a543091,437026633.8328284
076ceb408227ab2563a663d0,383453361.2720972
e0ae474a5307ef4057da4994,389582951.7890063
d41fc79d800458b1691bbb87,854972713.7631327
dc8262e1493ed593103acfa6,569552061.133071
bd6c24498bf413b6c5adf81a,563885992.9418554
885c77c839d705ca7d04d383,673080350.9750081
b8896656cf6f5dd7c33ae46c,464328478.10825825
34a9e3ca94ac06347d879942,1285379476.641173
ca3b5cd3505049f1471c47e8,708749430.360614
8c05c66be6008af7f6dcc10b,1013741728.3293923
565fb93190cd34ac8b01f01b,1006798447.6373829
6c8119e00b901efd2dd40f0b,1053076074.5326596
34c92caf68dd0cec9fc383ef,1186077522.229295
68939c438c34e79a317a4f3b,1194709799.5219393
dfaba547699e319462abfd6d,581293805.9314265
dd1d2e305d37d9dde55393b0,1156047373.3438087
c32df77def9978a84f8ba7f1,907556339.5143558
62103a85a8ddcfbf5e40e284,902200297.2144526
93bcdd2a8ee1d5b61d00d58a,845893683.6457027
9700892d7133ff2c0d1763e7,1392978912.1352432
fca6d7455056792cd61e2ddf,498644952.4545594
4e84c5953b493be7ca96103a,802768409.7103922
42fc4101da60fdb41f41f0a4,969066177.4227197
12d40725335f83e2fb9b937a,955860721.2003117
2b9681901b216f2174af0089,953887893.931583
9ab74e81283becc00a779172,418768810.70856017
8f378dc1215f9213f187c02c,568655379.367763
4a3a6698b5490216e8f8e6f5,1383948122.573775
0dd795526c080e8efdf8eb0e,505414505.01645726
3e7217f628a1d0fc9bc47071,685755848.0327605
157195fb2358bf2d5051c439,742911206.0869962
37063e689732880621e4e733,1032237061.3300787
3bc68bc2d6a2b81f9e3b9a50,461100790.0259987
ce21f368495d385fbd98de73,509234099.6668498
1a6af7fd6a5b0602052c4c27,642943836.0521158
e38259adbfd953bf085a69b6,523435222.09854287
0cb6801c9b57e874102ca349,620028400.1400205
79f1a5bc0be914956d632658,770659120.0040681
f571f85be35a72b2ac358d27,398604434.28857386
163bec92a997aa8263f5a909,635297566.4294174
9ce3000cd80aeec2c5188e8e,407961323.21574306
6a6178c4cae2e92a08b0dd0d,563962839.1153162
d52cd6eee468311666218625,849238644.6984957
8eccd2a6352c33d8c7abcea7,849182074.2663738
53d3e32b1dc782308e352a33,1048200655.2539275
be26f0523e5cb13846539384,634753281.288376
ad7739088e8febc68abb42e5,600120435.1235863
add4f9dd26fa34829aa25eaf,1262742167.2815645
17005d6ec889a947397ab980,396963548.17473626
3fb3a581a9a74146dcf9b71f,395537583.97754496
51c4a8b438bb0d97f712af31,796866187.79703
0aa1332c56bf357f492da2c0,390687036.9053319
6cc06c89c226a062fc46795a,436807877.6477532
682b38de3539b2a584446922,386582833.8969881
1cfe9cba4c2015e7b58f05a0,763813280.6328858
17d34f9cb105ca5010191142,830400427.1031746
1fc0faf46f3b533f2cae2c06,1213170712.67553
12f9e1f78c630defe302f781,881485273.3082849
87bd6ee6f17d2bd5b61b0ddf,1069516739.8249058
fd4ce3ddaf79d1b97043ce0b,1356300112.521657
97aacb0847561f45a5540f21,700722583.5722096
a6dac56445613d70e49647e5,1146967981.9108636
8b1acd29eb268fd684036180,607214268.311644
656c13ca7a1974df58e1b826,1361908047.2125869
56f72c2d672b7bc3c264f7fd,676927498.266642
3771c66b9ecd6db0b201d4c4,371683836.87787324
45e2395bee937c187e3486e2,737602970.3876252
7c6880b05c212c66b8961b71,463655885.8465443
e0ae8d2a51c771aef5f245e9,786374494.5991709
3573093e56e95a982a41879c,1047263449.5085202
0920b2df9df4f0e509a7efb5,441525555.18305886
43600371d44fbbc81f6b6fa3,384838439.6371291
2684f67bcc89c8a5b95e5592,586673181.8381768
ca463fbe3e5cacc152aa70a6,371683836.87787324
0935e87627068206f6d9c0c4,609512153.0651294
10afe23f1f58f96422c97934,437392492.4931958
f3c8cf1fbbd6cced1fba0930,425815370.0406214
abfda926d174a8da1d946e27,504051487.0353889
fc9fb2f209a4b5e66f89712b,631948966.7283642
15d10635d71919d0c9663fde,488623608.60692596
79733fdf8881b0d25412abcd,882214575.7910818
7254c91fc9b51e76c6fd2a99,995732706.2511609
b732021729ecf88d6297b48c,782935305.3985257
edf4e11d1f1aa6f8080c3156,1138248760.4485946
0706ce398b2bd64913e68d39,726584672.8832729
ea4a797b3d73d1b2cba9d651,911394493.3354802
6c598362e322971968739673,396875253.34938383
130a119701171ed3c439c527,506192312.58278894
849c918d78991c57f32f2031,521339315.90147215
036fc9e01b2b1e3ef4574372,964628573.1749928
e4ee1a81aa121aa5f55e20f3,1020835324.0482293
de926223fe4296d96466c685,1031447108.2979597
340ae520163a220061bd7f28,465561483.74752045
11e36a3effeb0119b8bded5b,705334593.5129803
2492a7a74edb57f784f6361c,648818275.0437157
1900e7808046a5fe89d8e440,1036107469.793469
fba35c04cfb7b6db50cbb57b,816616785.0527599
daff79365fd94d1d3a2bbbd3,470002996.5637636
51230c899cea0054bb74cc44,428656268.2620523
5e04875f99a5e4476c0b4186,580849296.033294
542db19bc6b9a1366715dd7e,767170408.762724
a117f625c794b7d52ec67cd4,788004788.8196497
4c59acda820b7b75823fa277,785997319.1784443
f040a167241599987e7b0967,765399280.4988412
4a016eba4744dd01954f137f,359228979.7175067
0d995f0ad226dd21bc96ff6b,533823471.2179017
3d44c742b1aa4c022a968ea2,360359099.40311044
e47aa2541fb576b9915fd625,541510433.5510727
61fe9ea90c8a777971db8384,796016593.2265066
4a611bd82c9216a3771ca7b6,1022486244.8038824
0cc5caa9b48a835c92da7653,909288492.1847609
9a7f24ba55c92696d377bcb8,937380508.2766908
32366fe92222b329e3d03b29,732747790.7016476
aa26461420614755c2a52db2,582683299.5502849
53a447ad5e011909080c0ecb,1439518569.80695
9d790c8c474c9de2afeb00a2,441291185.6147824
dbf200ef5f1e15211e2fc6d3,756288922.4898435
b96c9e2591a4cdf9c4e0c09d,803057668.5801919
78eb6f51d94a61a967da24f4,1142602234.7307396
fb338e93dda9159476b8382c,407792717.60380334
72536bfda19f78d370d95f26,1299402192.4988482
7c581e2b9daf20131803eed3,930225779.3181031
50cb0ad562ab5ef4e06f84ed,659196099.1154999
a24901956dac4ee0e4b0c91f,1097836163.6319923
c1b386f478152f9be1f546ea,489624429.37501043
1f34129d15f992a3b62d4b21,370557721.22490126
299117d35bcdd48afa4c2eb0,810492767.4011552
4ff6c53c0bcfd1d24bac7ad5,584415881.7257061
2e52008bd11000eb776bd80a,1401608409.3304975
56b78bb57b2d1f064c47891f,475306312.2349434
ef64a8989a6444cc529dd1cb,775909404.5897827
078f7c6532204fe046b13d14,862459914.6518576
28c0649dd8b294574a876e95,1184741146.1907578
6b9b9d28723c7ad176a9306e,1009762317.7489433
a640228932682c0c04538ac3,997371465.1032935
b19efe9cbc26d61daff5ae90,454217432.2303076
dc69d70e4d2713fcdfd93dd9,727947719.3719708
358e85ba765ddde3ac31be33,375870666.43605316
5e6b2661bb7ba0ce4776d483,389390841.3117785
0b6dcb5c1952dcea931e2c20,749395200.4713062
cde84d2435eb1d0d4ffe2a43,654330537.7813032
bac550d41b2cbdc6a110ec7c,522555142.09231025
78fbb49efe7dc0d8e144ad83,1201017383.0229309
606affed5c707249158c4b49,738206102.6775101
d44778d36fc789f8b8c745b4,847848362.0047984
27ee3504d1df34ee8ae5dbb2,926758319.6525702
60bae7a45a084f117eda823d,733769542.3824767
98aee6a36f208227a992f9b6,1389209885.3317232
388a6dbda422f886e503e685,1423107060.8657708
2869a2d2689af65497775b1a,1178869447.9549875
19993833220392781bc15279,1468189088.3685944
f0efda3f7fb18af1b44d6aa5,903496850.9017154
cb915d1ef92dff803c5cceae,1253820154.444978
4bf02d040efe5358d4a5940a,1257674495.8507376
1382140d8fb634851d4d210e,1389978600.8880258
b8ea07763f2e1a3d635eb23c,429778388.5265349
8ec00d454698c119085cbee7,431274472.3564924
30d5185ca2ac2fcda2bcb79c,449189788.3377598
d0ea7bcd8cef8588ca50c778,445324502.964393
fe6c19c6f54606a611d412c8,382729199.5442896
f22ae3d17c92427f5227cbf7,386156395.91621643
92b3b7d8dac6b2f6d5fcfd9a,467098859.9411574
8c44d216517f5c59e2611aac,384789067.04254913
b85fa4bc59149a7a25447537,382531786.1781316
99f10097f39b32a478877340,757501447.4643536
44f8d5ab70828e06198579f3,1010495493.3666928
1f674965c913f9fe282d07cd,385128144.4454957
60e768892afb284b0e5042bb,707870313.0717624
8a6d013451e46411d35c2b6a,607162016.3255347
6f953b9964d60f6a74c81226,512987929.9746873
05076b448cfbf9dede72904a,947722961.8262581
47051c25acf866250b5d3ec4,552541855.8329445
0952c73b02dd5432aebdf2c1,565810498.2106194
cc3ef2f4fd5568aea96c257e,615591118.2137657
834fe4a1e9e4efeefb5aba08,590029580.1661091
104cd052884247b14d697673,611672829.1259183
8bf61f106e60d6be03799de7,931552238.1859745
c13e387f56342f88c993f0a2,850189293.1805621
ae664789baac0c47d13c3c19,620634050.721205
ecd1e3003c5d74a3c7cbdb11,709239642.7350718
561cf254aba002fdef8258ff,963682482.4698858
98799228c26c9e4899bed65e,1037348892.5104922
03025756be203027ab75aaae,1047425505.322597
8997555e7bea06f7b90ce821,892196455.3324825
e91a3f962129068a3a76d209,784550223.3611982
4bd0a354d75759510ab6bb46,754911573.8346628
f6c1705a83c039f7a7d46255,818459227.7202669
0c4afcff5f5a90cb79807682,800592788.857363
d3222a7545e302bf10894658,446355900.0393377
03463535ae93b8b123eaba8b,798092181.3981651
360e5cc9ee1282e5a6ea17dc,647936452.946902
07f24808e42c9e11a7c20232,644828277.6791935
b80d0456fba49a40fd774e5d,1070279294.2134607
f865411c20924c43a080794a,1057592575.2005156
c578eb2dffe903475aecbffa,602780420.7100606
d639498fabe1db1236656593,588860839.1040336
e6e3bcae6ba114caf108049f,399391979.8736108
7dd9760286606c45e6a15926,782603173.3558632
2c5f07a9402cc93f4c683759,750455365.8334796
e3295e732bcf306a2d338387,508612798.37635344
240ccc45a242f80f817b04d9,882311220.8967946
a7ff59863f8719590146e71c,725372197.226453
e6477c2014ad081d22f12b9d,464619227.4473159
807687fdb46614d9aa139b20,518571609.03224844
317d8f9d18599b346639a4d1,547750168.9605366
b85acd44e18ab485d3ac543e,452278051.4131999
e61476e47d7e7be706d23fee,649614014.7894198
270a97e07eec2be02cd89a86,685771572.504909
4c9dc4494a3428435457f575,382902692.5057415
26e58d0b13e7f7f5a54585d2,971939441.5815614
166e1e60acca831bfad07736,813121093.2602522
aa25d9f8737f142b8cfa970b,1008784925.9242272
44cdcca08e1e66a1496fac6a,593332711.6046528
d75b7730e8c291ed41d7caf1,717132748.9529322
6d1534800bf0ce97197efb6f,684794481.4438826
8b13054b3318289aac1f13db,375418326.1666608
c6cb6ccd3f5876c9b9e29685,485927889.3086237
0356797c1683d002bcd94899,1243113470.1296725
558cb38bcb8de04588bdfa30,691382732.2116725
0685f2225b939147c8482e6f,377355081.3945063
cf1ba56710023ede80a8381e,1044034627.8294481
2d4bd56e71f90e6fb387a2b4,1484254330.5730686
b96b8e1d636f0c10c63e5c6e,776171739.8073468
534be635a841fe21c7a702f2,708526337.3904705
dd5b4eb5d20b8b9c813ba52b,434194805.19810355
46941e09b153ec19f86c0c2a,1502125319.5302856
9f06ad3793ede2ba7f39de43,887007553.0179046
b3df8c66475021fc04f107a6,518405428.80831575
468df200fa490e667bfaa31d,923440973.0886288
8130ab67c5e0d96a9a67fb12,840091711.3311942
f7ea437311c0d217b0d572b2,368797856.48277825
ca0b59b35225b44447967ef8,386902996.87993294
90961073d9887bc1023315a0,460951991.1192263
a1421c30fb33a249bcd54394,358580213.50576866
c87d9677bed80b0fe06308b7,396251121.4702099
d331a4d58875a393080fdc48,397500175.53074497
2f3281ef06475d2114fbf9a7,406206486.63406074
487ede1f7f155194b69c531a,375677018.8825532
04308f869d7c992ed3ea646a,887871921.7182275
912471caea3c71e3f9f70877,516129459.4584282
1baabd705f72393167dba5c8,495199843.9387902
aa4c66791884ea2a8357924a,478208114.2747504
1ce08c19161bd0545eef8a16,851556739.56114
01eb0a2c1033c30830161321,503650994.92002803
b2759de47d28e8cc05c94e36,469576154.33348924
bcdea05b890394a10d24601c,444997364.6087622
db9f66f68aa772fe29e37edc,407904204.91212744
bd094081331ab259b1076261,419629884.91204494
81e7c8c1894e0c3a9315ff27,463351847.9165029
7cc9cdd32c209a62908a18ad,656878361.8456542
1e18024ab7d931bc7ab5873f,763052473.3556168
baa146a6537e8630180fdd35,908599133.2757086
8b788f742021f2438ffbf528,397145026.82240194
66d41314804d77ea0f440695,914569209.8925946
72dec1e6e65f6117e10a2473,403347818.83931834
4066da904062a0041a809b02,571000724.5831554
b7570bfc5ddc7caaf610908d,577589410.8496312
f6c6eb3fac9658c4951c4222,574736388.934409
5fe25ab9cf4ea071cd6287dd,451701348.4108836
0ef36d33e6c378c946b8a65e,664520788.3792216
991a94dd1e99de493672da14,572784431.5769502
798d87a368f073efafead25b,664520788.3792216
9e8cbeb53820394a460f0879,549479277.6258972
7b5582907bf47bb9e873a513,669103595.2948943
0f21ea53a480e4363b8d7aa9,868786305.1591452
ee667413d1cc49427ad448f9,821676936.0206907
12bb70a95996dc6e286086ed,733103715.4350933
9e9e3655ffa5921889cd8ae1,1118534641.2136881
f2bfe55b6188070fc5c3f59e,1086971137.83203
1f00fb18ad48b32c666fd319,605589425.7427996
86f15ce6ea8e97837e6b9383,862087153.39158
7002d00c9acf8b8a4a5865b6,1383299148.5804744
3e85deb0237521f1a7a8fa84,1055055267.7494309
1bf77cd1c4037f4d2ed28036,860853480.2587614
ce8e1e2e4a79fa55a8547457,1236112867.3784285
73a8efbc036911954c07b91c,968138307.2204301
9a2051367d6dcbd90a4d60e0,1083696787.3871138
3804d5b313b742228ef0f1d8,1170309272.6569743
fd7b741b96080ca5b964cac4,1269650759.8100598
c4cf9ab3776289a412684892,890047746.1845301
1c51566c7dedd4a46503131d,1123887387.2770383
62259b400be228a30a655a59,1024214771.5890956
e5092b4a94f1c231a0c47680,1333965314.4531271
6f435cb10e5728ef45be9f29,1353516984.968209
04a071d777e60627223e28d4,366720923.7496028
1117078fa37ed101e9120923,810094722.3043907
d56fda10944b088d9cbe1162,466506806.8780384
e01c49250329331a442615d6,560526017.1314723
30ab0bbf876dfa515b266c9f,410919698.4166486
6aaefcb58913bb3f49954b2d,760472168.831012
629a6122db92e378f0eab96e,879618210.1374253
a8549fa4bb56a2bcc0e15b11,367948492.78816974
34291b30d129222905ffdaba,538417984.4449688
cd5658fc146ae4b5d78fb565,442780062.74034435
ce14bec246191176c16c4e27,506459784.42966396
46529f0455fd35b2f4a489d0,489694135.32353306
52b3823c59546a6ff3de4d09,362782681.36051834
959b7ea50d93bf1c36e35005,1083628674.8252964
5c6edbdf110bca5a66a51585,367948492.78816974
d4f6cc3cc6e923cd37d0fbb7,388528592.73122615
2865962bdff8929888a51341,596064983.1299143
105bcd15e02d39f70ec2ecb7,420178283.00351053
b2357bf117ecb5b9082871ca,362782681.36051834
273cb73a7bdec0d291e845f1,464751699.1329387
1f4cd62152d4940990ac6a9d,364710083.5409127
a13ff325f90eb49363f59052,950138908.6378808
40871d7ade3e592560d0b3e3,429348653.651828
ad2081cd75928b8f5e506944,1143555304.6676176
1508ebe40f90f90a68f6dd69,466506806.8780384
d3cda82d1fa53a7ca1b46a33,1083072940.7867527
dc20d46be2470d85ad9e7e45,467305098.37556666
0a7fb26822c2ca556f62a257,442780062.74034435
40a1cefb3cbb7e2972e30d97,429530609.7540616
4c3a2b3e3d5999f747ae0d53,1000799798.4564489
a8870552db951bc4e76e7f9a,449340090.68688625
cc48e66185c23195cf958612,626719840.8687633
09d4b5b5c2f97ff88215708d,828134184.4583998
a59320023948e2d915c07306,569108936.4955674
a74214a0d4d40b898ee2be88,402445770.2286731
dd9f28d722d43112651786e6,593271670.6125706
275360e29bf3309e09ec41d9,375271263.33494616
1e21ee2ab4ef88194cc85166,445568017.61824137
268c1e17bc17dd646d1885cb,418306680.13463736
33e22ea4154e8f71062dba8b,659545479.9910567
5b5db88fa09ecd8f4b9cef6a,771315119.0069629
c41dfc0b917edb6e6ef7b1c8,737090930.6111364
3ba6b07e752fa580f630eb8f,1284957083.8955247
fa6db64bd7cd8b0f1c0e2453,1319801392.5205507
2422ffac7337b402339dc550,1186988088.0469475
dd6d47e2626e2bf24f842f21,737393397.5696136
bb433dc1bd769d684d8b3352,872220099.1236943
812ad0d57e4291da184bfae5,458556215.7404228
51a0a1a680770b625579e25b,1396648207.2345467
a91fd5b9b1a791a6af59b70d,853740011.2952676
094da6ca19427f1a943105f6,1216496199.9377239
7af0a604d1901925aa179436,895079163.6737487
890df90091e14d1c3a1b30e8,413037725.52661103
aac17b54a68bd216e2bd1d45,330122623.8332791
fce26c7fbf0bc93937ea5198,552827391.4887834
b4245f075bc41aa29b55d324,761606779.4957944
bb70d80b0c6ad3022160c8af,371279489.804123
ac85c8f7605ceff58dcb55cb,422318601.0396737
520415ebcdd1a4059d18e2fc,720327459.9873325
81547b223494084af3e15bf3,592247896.0785221
a0f1496a0b4a7cd8b850f010,834417060.006473
436fd4dce2ff0f71232f4b6c,371753548.67568773
3923f0e655615aa6b52721b8,730958221.8612729
afe03b938be9cf14e98d4a0b,380582144.0059639
0f1c472b94feffc41f1caa44,403728999.43733054
5b76ae185e6b41243777cb4a,380565191.827434
d70b133f81d6f1c9d93e2ed5,388242355.12783736
865459f5342a0102d255fa07,360933388.5091046
fea5eb95dfad452d6786b042,441158156.667989
415622d0f7adb1a9f7009a63,401945341.51021904
543edc342ad39b149501aaeb,428177396.36749595
89e1d01cb5bfdf567faca443,716546656.3134272
e86b99e5dac8ed0d8296e950,424605581.2133866
2c85b19f02bb3768c10d14fc,517337033.7856866
c17a3139c360750a6de5950a,583396340.094265
cf76e6077d47a14abaf0cfb3,414444026.18288267
82ad4b3d5a215f17e745d77e,528869729.0434893
dbb4260c89524c78de7433be,538906887.0242898
5b312ebdf71ab7971f9fd2d6,579914087.9116552
b3413352f0280412f53562e0,426093489.53291535
28fc5f188c5e11717cdb4a98,393790173.3219736
c4d7a906b747428aabd368cf,748065669.7423478
a4dec2ce375ab5e4bffa5966,616596350.2841473
546d570784c7ab8746bba80e,523422198.5180871
cca9a08bc4a91f317b851f11,977417532.6621213
bf43226ba66a3e2033d32fe0,670015189.4323958
c2717194de73e1a1d8dce40f,403120352.16029066
acfc06021a7a81313d85f62b,434626370.52295643
2d531a26f8b1a8afa511e3dd,715325038.6229415
4a8acae29064919c68fc8600,569419973.2416455
691b030abfe1190802349715,348434804.3211503
a302ef23e1d0d6a273274cd0,462498963.68423426
a742f415d6c57e8493762c57,1122675053.4827685
4672d1c9c3b04fcc87a0ae9b,1349679196.2386014
371a0ee537001f7a9d58465a,776470024.2714136
ca5eecb01282d4a84017bd50,796802942.8088297
40eefaf8c26b8b4736308bf7,829546467.870384
a7ff08f7e09b19c1546453fa,689093446.0632733
07a6da2c9c4833ee4cbe8625,623327643.1434141
b2d32589626abfc81e44cf70,831470194.866335
aeb68eb7eecc4aecd5529717,799334546.7102344
3c0b438c7a4fcbfaff9f678e,898849518.1365517
c37b357d57918c3a651a5760,868826072.045002
b65c0544e9deed76615a3138,959066448.7803518
3a8b7b9048c82797fb01a8a1,581018683.5438125
7549cbd5c8003204c85ce1a5,976479227.2403659
21b4c1ad11bb1feac4d02308,1059389205.7277628
b972611aaf1b68340de16545,691148407.7870804
eb3356f3856526dc140be7f4,840106753.9602993
93ba409ab36d3e10eaae18c1,892617208.0290568
5717732a654405ba208c0f5f,1072551610.6745567
aebb556fa6c9275a9b5c543c,1493165718.882475
fc72e535900c592d6053b806,1134118710.7283423
04d77c8ade9a55fddd28b00c,898434380.4906461
028adaf559a05c8882893767,814824655.1972356
95781f187bd3fffa3d1b19f5,740139602.1318339
cc2c78d41e3fe29de0b4ec4c,1176448836.6745813
f78886545677e19e472fd0c4,642649355.1031553
3dcdbb92628e6a200adf48e8,1615433655.1091104
4993d1487d78cd9ae2c23619,1411133821.139224
a8a2c61f2b994411af5d9bde,1628573047.310431
57fd11f829e31e198326ac98,1202052829.7274487
59b9a5730cc8a41bb7a1d16a,1231840520.2929528
85b8a65f1b00f78e67622bfb,833489682.1256497
971c610e55f133a1d1e6c2b2,928680604.2890903
0f9867abe3ea0b9c5363982c,986985493.8098398
086521dbe18727963538aa7b,866523001.880615
bda3c74ea6f73407a3c0a17e,783131618.3502713
257c765ac81bcf773473039b,462216179.02390957
80d2415c0460088d69574285,1269657058.461813
1554f8aa4c8fbe17e9e82d0e,887336238.697116
00f6a62599f25ac506113149,1052171460.4424765
ae26e4726c16cb2f6a6d3f2e,1146068452.2822304
8018df1613094a9e4606c875,1019570069.0982522
eae4a1cce7c039c644f01c6a,930821143.6299193
b07cd6c30350efc5de211a8e,1339630331.7062516
5a2624a08494481388f6daff,1130328398.1897857
b8eb177e22c63e84738e7788,867398196.2795252
ca02c904cf5eb96ad20705ca,619711239.6793482
8e6dfdcc28f830f2696de9cf,892387173.0111936
99fdac6a2ddb1136f7117f0a,390687992.5945761
22e9f1b4b5e887cb5f0dbfd1,421581098.8434592
d89f812c7edfeb3121bf639a,582201703.7711146
19957244dabc3f727733527d,423823831.4743512
ad1322132f3b533b4aced580,459934022.48281515
40c2ea5f89f5b77cc09d1455,411548980.6980878
140c4de69883df9f3fb3a538,453621379.55691254
5529091bcc05ba5cb2156b15,421196778.5861076
55c5e58ec636586755df3dee,494757982.4013574
6049fb02c166ec9b4471a7c6,626715191.4563627
758b4df32244a51b2271a891,469281370.1165297
2ed1ae5e6fa77e447af230fb,715526308.4141761
527a1c27e038e45d2d1fcd9f,568283973.7583588
1d0c3ba50087cf01637de6c0,469713228.17202836
d0804da971548399183ecb85,1023175339.149384
46a7d0f520dd1e78c0cbce0f,1023175339.149384
57e5120d0b71ec6a67746a59,834108922.2090898
b5292c1e1683d40be46bc2de,614801600.4908428
01e9c7531cf3c63c04b9189f,568271474.505003
06e91b526821a6ad1372fc44,373333930.6873538
34bca71dc9c74a2072f11e9f,1072658535.8277375
22385ae2b3e7640e8c40411b,564689332.1020889
6e4adafdd872a2837921276f,473108991.8699582
8cd3031963c612efd0049f8d,614724409.5502723
43b2fb09efd1593a94b61b4c,693587062.5982947
74448f56811e9562536eff6d,764701970.2329313
44f0e088fee626993778e7fb,721962819.1006489
6e6f7fa167c0f617f50c86cb,738443072.4173807
83da5fb4c15e3daf727a3cc6,838040640.0711914
b45c8a6224ae2656b4189526,552553822.8008695
0d926a0b5ef567c627a7eb0a,1126358885.9707744
c73a1177d787a5ed72b8a9a7,417292485.55361587
75c1083db5c940e626c02f53,343442223.9102887
b925c9218f5132c6c81f3a18,369272510.2653094
9a091c59b3cb4c730372b34b,418270818.20152575
bcc704b2e178dd20497e073e,374729437.4112968
6f65de020f663622146b89aa,450185853.1230455
9f3680d00c86707fba024dac,805664983.8323015
18d5cc463455fdb4d443a6f2,398008709.18178266
f1d76d78f9266d9552bb86f2,771434353.3029366
74dbd25d407e51337f883659,1124153014.7031517
88ff73eb829a6ec5bfcc0222,1129930572.6413434
ed5559fbfaba86299e87ed89,726422409.7362628
5d97aad3e83e26b551c3399a,778661710.2348934
2258ec00dec6a2b85f439135,778661710.2348934
6c94fd185169e708a08d3535,422650441.7609387
ddaa88a11432ca21d3eca774,429220770.1777094
2749b5cfd2728ebdf124a0a3,421327950.2554058
a7546a6c6194506dffd65360,780124889.4874587
6de7bfc5e8149ebc40ec0e4b,505001664.3218552
6f83f14861e13af92a2b8cf9,438355412.6722256
d71d0c8357f09fe2f77bedde,525278927.7172801
90b28f5125a0b8a0e3b10580,703647979.3538588
940e08f8fc66ac29f6d76687,859982413.3121139
41d2864e1f73e29f222c61e0,622151210.6409023
f7399e57df358ae7adc9e08f,881040868.0094727
1679719f26e7c650f24eee6d,999052813.8272754
0803ef3270948a30b3fee2f0,545864649.241457
4a3defc2b7d2cd751c9c970e,1139505428.2418988
8bd2490f83568ba653cb74f6,1020495388.0057527
b4ffd0a2cdcadfb962578199,922558155.6840214
7e5064603267b61520d8f83b,413785034.6320094
88964e1202647db0519a8a00,646971141.6431587
f3d94d0616744b87ff139533,584687660.9684384
60704a08df293592e4cb5719,492127875.23755026
347d5081f7bd36c8edc1f352,910811475.0145456
41d3afc1118758b5314db48e,623589502.8427738
80a1dc97797c41b61f46ec6a,598754945.724449
c0ff8812c1e8eeab07c698a1,591079518.0510511
a9a4a765b1daec2f3ed59a80,587435963.5864173
33258f995a375ca192ca4d3c,758231710.3335649
80b6c823bad5b4c0fff46657,703882343.7761458
719055eed27f361071cb9eca,960832600.3886157
9a354d8c526efc5bcce59dca,976072827.0714806
9850d970fe9fd9bae89f09ad,780798780.376361
f2c87b07466aad7328b7e0b0,941558287.4287621
27ca0c2320c520342717355d,389528855.4783464
e958bd2b19db118c31f893cd,389528855.4783464
46dcddfc78444011abd29870,468333529.0643081
061d3fd39da1b4b1397054c1,752920726.0171655
3d1a8884a9687e53e5fb0bb7,781095882.6273817
1c0236d4bc291372483a9151,647599618.4212794
c1420f278d45b85c56f415fa,863609601.7982699
ce6fc507df0105c68c29214c,375943732.43037015
e4f26a73bad4e41c375dd897,953018789.3036242
719190aff81379902beb6497,911153906.6902698
da627dae6941b59d1eb98e35,455030423.53707063
2189d3297ea703e50ec34d96,842375015.3561352
c7205874bee601a7b01a0cd3,712082973.3634475
a22bc19d0d83b13a53630b7b,513691454.7844653
8acebaa9fd7e917d7e3b391b,405495706.9404065
4e104916ab915cf3c0bef846,743635336.73258
b0df95e9fc94d9aeebc960df,777974508.0460175
ab419cd48b81038c5a30c721,474475807.49505514
5b9bae6f556700e099fedf08,570899975.193133
989360149d9cc6088391db4d,803578338.250463
bad7560aac04600e1ec1a9ce,581228189.8816258
08d9f04bc4ebdc74e9d80b16,1000263300.2731794
f4311c45516bafcfe8864c70,808275705.1630099
c84e1db639ee43ad83f930c3,475306312.2349434
f778fa43c92344cfbd700432,741094573.4142406
2019bd32dbd09fa285a388f7,758853415.6217026
4db834146c4e73b515d510ce,416466515.67407995
9f9f2548425519863e2cd6b6,726346999.9159396
6c3bb7e1696df587990161b1,454232057.7270047
82f08aadf1eeaf2058b50592,693816658.216643
753e74e4dbefeccf3e6b27fb,396380583.3132042
a26149f589edb9a903782a3f,486829267.729249
bd264728a0464376e22b6bee,435029044.54115963
2d5564a502635dce2d46ef8e,996650534.301817
05bcc7d7db8d352216a4af59,758000024.1732225
4794d9994512f01a4bbb6c48,544988986.8885182
64a4528640fe492865ebc0dd,866668516.3525019
f655ec98cd42b0bf2d7cfbfe,794433061.4727625
b09de5f1e028d4fafeb8a22b,800635884.5631098
4c79f17573007a39bb2b4b7b,968409754.1308634
824894236c20b081af2c9868,1077719168.6431067
107e76f0c913e19217662faf,944832195.3375756
d5e2bbb69ba3876b93af2d3c,1325803259.2691863
a2905faba4c1177603e6cd5b,1098710331.4084642
d13e3d432783206eecb0e192,1456907720.3595922
6fecee4b1e5f50c0b27dbba4,1276211227.3512022
57891292fbd530872cbe68b2,1271085648.8416576
d0d6a1b5c60ad420ebf2ab8f,1026256950.1209201
711736da4f0e8282fc8c9e69,1083164217.4543755
f32a3b542efba398907ec912,588429145.1962308
299a94a02e887c6ab1de59c7,408924013.9403675
ad844bdb1150508a4c6d57b8,832612750.87503
78c17e6ceb87f7587364c873,405933975.59116095
22e8713e2051c88cdafe2364,623986987.1030437
79c5085c14068e492e402a26,1172493266.7496965
205e9d987013859f391b27b5,1353882309.687473
36aa7d0cbfe40adf3c86a134,829788271.6738677
d54d787189cc8f014ae58aaa,740516333.4510438
fe2f1459eb0a380dc31e3a4e,741887579.6262063
ad663952ff2ba1953efdc460,713235821.8931118
b7320c35e90f33fbb1c28813,742387901.3396541
8f90134b8e68948cb18fced1,498609708.1813818
2dfeb06300828182d4109c43,880116570.5488981
3f5a0cbba1433e9b6588dd73,415639494.9485156
f952c40e24c9df4ab2d62017,674265855.3865304
462c7546b358b00e617ce012,612076516.8255906
e0df3391aeb8d3f4b00f418b,644988204.0192668
1e48878318d35476c3e87520,454541777.07291085
e3903705d5a48c6d9f828ab9,667530220.6795596
9e590ad7d22105456bebc767,1330676231.9115949
d0fe3d393eee5c0cea5bb6e2,514994362.75024676
57b3791f2c5acffb0097f7c4,569969736.8938189
e11f9a5cf9d6ab0ffddd6096,1183308137.2358825
9a3920f803b087c29b487cec,734221810.2268432
6cc0fe8ddc318f1bbad360c5,916726854.8421463
3e0c656b64d39ab38201a112,464711726.3781244
cd55abdb54bd56d54b11fad2,916726854.8421463
7cd39eb8de56700519d8f287,702874949.1310416
d762007a4ea5de370738e875,763813280.6328858
f4fc67d9b9c6078003f9af35,671719290.4002585
dc0a4632d7378c25be351760,895939275.3794222
530a3bae5a13291c69bb8474,505185044.86797035
32b678be83da2a07b37f3012,371363868.9602165
349768047d470d2fa6ff1930,848744802.5928535
e017c3311e2fdeb50a686547,1215716159.2747893
bd0329ddd50f2dc4dafebd26,1231047450.3401556
f6252e878aef5f8a641c3d6e,546146755.2831184
45ae8ffacfd00fb4a4f53d0f,1289695019.003912
d186e369ed884150e71906da,1177959907.8460326
7b9e6b7eb3a5db0443193fbd,657007540.0800654
1ddeeae13139b7c9ada353a3,399307135.0447702
a1ae6f9f5d02548c89b23904,738734878.396431
dc298d37c5235e15b4cd68a3,806816434.2952381
f640753edfd8fb1a995f1de1,423243219.1429597
69a1f439de0f06e1143a0006,543172120.1371194
98f253233bfcd16533e2a448,1236504093.0273318
ece6f8c652d4227370ef0fcf,1055540329.955914
599506739a6544839bd97b81,901217609.8682694
a12f49f4ac3c5bb0dc7d8d20,424595379.10401994
9da00f8ff8e19d26c1342274,1237828345.9278672
cf5213877dfb4df98f0dc10f,561831749.2616932
84c7006b5a63add890a224e8,835108911.3811386
88aed38ca59c09e1a6202672,844500903.8557066
e6bda9370c80a5f7e5cb6b07,674812846.9145957
3b54ab53b6e3453e333a0939,349718324.7888275
e72ff7414cceec6b162df345,665001377.7805436
f2d4c1faeb7694370bc65ec2,666407570.5324444
e1ffd027cce28c44c0d2f80c,556597842.018485
5c5039602efa36222e64108a,613726837.0562778
b50f2c871166ee1009416be6,721941948.1803222
5e7e36116dbc08932f5fcbf0,531561433.43435144
325ce336d3df17a078db5166,797658003.3771888
a26e967b288a1eb6d8e71d46,449489790.33120114
139331d23d9e3c40cf083a7d,862770058.9461346
1704b2d5f4a33401fb153608,370262386.5241656
ee70354146295365bf241d9c,541510433.5510727
fbb0a76f05908c118f7a3df6,453388197.7918571
2aeb794adc9892354aff7240,485256480.6347106
b0a32581cbb586f9710dc3e2,1066882353.8339261
ad7f3aae29fa1e7ec900b563,915158412.7116661
1695225258263bd2f463b21e,798681992.7514713
f72fb486fae49fc1de1fdcfd,1146766914.2284925
6b8f7074aed7ae7e6cfbb090,1290823893.8816874
619dab52b321ab297a604185,1310069763.3185463
b5bb9af24f9de68e91a1df76,1439518569.80695
ac3d21f51637207d3e031c2d,802331302.5040394
2aac28d03c2110d871b5f274,422591070.56988376
9ef498b11563827597c82947,555739909.3053529
4f2ca698ff03df0c6386e48f,512790317.32017547
606df4826416ea0f146ddf99,438848529.64379764
9ff08a6ca1c63480c563442c,1129151633.220264
ec27554aa1c62314f4d46fc8,346371198.0024772
762374e94f17a8783a66d598,435193032.2526156
83ca3a41ca4b5337107c197e,665484895.6161186
c166a9293fa27e910e1fa9c1,548395228.9220825
57f8a1e37c4ffb1b8cbd342a,493057942.4448882
393d99ca47315ae98fe9e7c8,1305236421.207742
9bef4aacc63605f2b2b62292,524624462.2064284
a266efa4e41df357ac4edda4,1073650341.5785038
adfdb0eda9aa97f0d3005c4d,1103788745.8863266
f05aee3e433cb036653b4375,653586149.5801382
2dfd1808bb95170a088deac6,1065208097.8144993
dadf0a00434e8ceefb3e26af,1108016037.3906891
4336ff9b2dc1d97ac8f9694a,379758381.51208436
eb14a5813f860bb74740da2b,395987364.94060946
3d580d0df1bf9dd124c282c9,462487552.1591565
49bb5311607e4c7600caa03b,463183090.2669133
78a39ae05ac53535ba0fad2c,715072913.2358614
936e18fcf06ca3c46eda7c8c,653551794.5232004
23f12add67accdc9ed40f59f,373114281.8957982
eb1b9e15dcb88964f79e6a4a,445568254.2348961
e2b7f984616fff25e3dd6a3f,1285379476.641173
b8e2b98548a234a245d7935c,569516136.5594378
79382c56606e701e44d55033,1392978912.1352432
983874e637a1a5782f31089f,774877344.3982648
3da9de8f610e5c40401a5b78,593704828.7145013
cd69a049dd8a3822e228ebaf,730486920.3953799
604f1b5149f770a8f370fc75,388070125.3417673
0d24fc1c5deb78eb1a0caa51,565119086.7590485
583af1118e60e46c347ec593,1078081492.8908606
13b181b46359620191e6e4c1,357458250.6980645
50d8333064f0560cbe549f89,489358215.3096929
d9000c1afed253d05de7819b,374340432.2223489
792ac070d1a314f585f09987,366493117.2715225
3e874c25176a3abb336b31ac,421527766.9773915
419ce7158ed62eb6897cf09e,393963128.20761305
b6b87c05c4238be76d94da2b,358465263.1973823
980d809e549333b475477bf9,502167157.76764375
a7df3d344010d5bb7dc70bf0,392022296.05775017
3d474c6a88ceb86e00f68b3a,388923281.9823976
be4bdb73add69f12f7aa6d06,533354605.1231791
fa5234ddf23dd0d9cbd3cac2,446058244.2855081
91a08f81b621333ac58c3845,596483593.7258761
702aaf395bc78986a008d70a,469132625.68871313
86b0c9c1277e9143ee765b43,391712915.46392363
9c2c22e70cffe6836f554f24,446434993.106895
31f56b841b122b35615bae2c,406996919.76061016
41227dc9c9948a5f0688e426,509964435.74104285
781989d4b732f961f91bc3e4,410331773.2237457
cfed0221146f4d83d641e1aa,536285286.8730535
8ec491780efb2c27df8dc08b,486142904.2502594
8a5866428508658b4a2a4cb4,544735929.3526819
156dc81d6e14a71716aebcab,537974602.8669163
c24be8293c8f4080562ec0fa,401471161.94876724
7fa11c05ed1c123c1a457b1f,559264813.763646
a63c36f6e7e7ce7c7e7fe457,705019291.7760051
f9bca38d3e08176649504e74,535339762.169921
3d389130627ca7bade643f47,639789055.5305027
70314b0bd995a4b03c771ae7,415283183.74397224
a3c3c9fc04cf2e2a051a12e6,429543958.6637125
4cbe75a162b076c4c454dfe9,468444443.63800144
0c62d4d501a426cc8fde0c36,793220708.5768406
533363375cf2cbc50d86773c,637407396.5599507
21d0f28d5f30a64352e60ac4,425478088.75448245
471b5135fced50f7cb4197e2,457070125.82868594
1c7586fd8a1a38bbda9c92cb,420054727.4864087
a0f28aaedd12f3d0eee8c6ea,428012377.8688851
8923182b6dcc9f2d8be1ab53,514626437.69748724
67f694b29bfa494bd9d9cf44,636012024.6218013
b721a5846527d5338322c9d6,453491824.4056149
ed09fe201c9ab02a91779dcd,556106803.0637895
f49045b312d12268eefedcba,605581572.3688813
22ae194316f34d482bdf404b,401471161.94876724
4f450ba5de4766e5ecb8a4a5,417676119.4289944
235a2209cde8f8b0276c845a,609747664.0959522
f563f0899884de7f9bdab405,443239111.821587
5b462279f602c5b67ada82ee,666334141.7439972
fa4af69aa064a4306cb110d0,485849629.50766075
a70d32ccaa78ae9417aa7e4f,413113102.270142
77c9e5e3a6d965ede708cda6,475438020.97583854
5637f3d3278ea049333afff4,420988518.39027
1b1c220eb91c9448b520b76a,631667341.7586594
f4a6ec71ad7790df9578324f,422355886.65353316
217e1715fdd5db76ce93cfe2,480212351.6824373
2cfa1397c901b4e940d9f673,432614860.03894585
44672de0d6d9d0cb3b4ae938,523039502.3068997
1c50477e5b3a67f3d8fec62c,442098212.0939926
0a2a67e8b310471b115c60bf,402831344.04933053
06220a42e68510eccb4d790d,452522151.0268105
611a3e1d63c6ce5ff8779243,489786179.9951161
1284d7ed08122731aa7c0461,403437347.2592894
d44eebc871d1fa6981c32ccb,459732989.9426557
43272151f217feab78190393,714349455.4558598
6bff92260afd556a98d3e3a5,722861511.4123055
00586a92b53f4a8f9f6b3022,750579189.4381684
745e7f6a83b55196f231466f,699100702.3481284
9c558e10e5bbf230f16968f6,912896392.908729
1b425a31cbb73b713f291e19,834264346.9229208
076ccba20dac8bfcf184b8a8,983321508.5031008
c8fd8b729f4ac6270aff9c9d,641919761.4193724
52f026e670e9851b08c70542,795489928.8291976
00304df33a3c9a7e396ddd3a,775919748.7329803
ee27eba49457286b5ab76172,846677330.7424288
97b57932e5e20416bad6919e,1061319360.8543863
e570c5f58a20fda42bfb535b,658934082.2583995
79acb227b5ea365414982957,715608368.712183
d24258de8d2ca10186660a1c,859708202.1139435
8a8c202c069c20696c2de85a,568448182.7417618
40f301afabee5be092ba20ad,812662362.8737118
afa842858299a6ebee166e31,1020641443.0988011
7641dcf512a05ca754930bed,682816111.0655276
8c9b472c55d4b99e44041de5,850409239.2613496
88b98c026b7650192034535f,892722198.6181282
9bdb1bc52a9ddfe92e6a948b,841394320.7582353
4abef5720fd889512ecff70a,780337294.306256
58b139bc16fa2731e4b76f28,585839857.9208539
9ad9ac8728cfc2387285c24f,489325126.43277705
75fd5603c4de9678627f81d9,1233872515.6949813
9f4a25a5550f016ef2370229,929687279.0461762
d4f4d0ed36ac9affd71f302f,789920963.8091732
51bf7bc1c19fcd42e71f2463,841206664.2571038
49ce19caa1325233d0de331e,955620904.9280417
5aa1667bc8db26bac1c72f5f,1022390573.6876739
b43b36ea4f81bbfd4dc4d781,981673992.1472445
2a623b33f3cc1f54620b5233,834978282.0578902
8745eefb9e2761ff7eef558f,981727250.7915381
0e49eaa5cde9375b1f026820,612963796.094937
f5acbf43add5776430d8d4a9,694818462.2366282
ca50f7143937a99accef865f,1318697888.7013721
0e1bc8ba1953ec8c28e53b9e,562113044.9704013
980bafcd065c8e3d6cece127,752242825.0304164
c81133d5a58d7e8eebb10c8c,1374498079.7341821
09656004f0a7f544580958fb,1332849315.7096221
edd342f84fc90478e344ea1f,518311946.0011072
76974826c758eec5c255c5da,636053169.8673599
63b09e45c1b7dca181491030,591905671.5708433
89952b237fda041b09f0efa1,1098767316.8612976
219164e1d9b14cabb9bbb8ab,885023272.9248166
ac8aa244c21a9b86de4ed599,1305498118.43251
92ba222e2dd63a4453a30637,734017881.2555844
bfaf8b7796c8c57bb5997be7,849697603.8577944
dd5a565f854eaef90976c5fc,1023504057.914815
f8ccd21343b112d8f9e7123c,704171567.281937
a90991f865ac81cdb3de201f,767102588.324203
fc57fa9bbc16d1b8106c2c70,1188217375.653427
9ee3218bc61636cf0d7f8107,895429904.4340787
c00592c7c0c3a863a1bab9c3,596303329.8515205
f0aa18bf86a36daeb59946e8,1042627320.9974009
e186499af986f1959f729b9b,844611565.4116924
18420ed4661539a2d72ff400,925131490.837858
957731b9940c9131d92a22fa,1053411025.7192361
9172caeeaf6498737fa0c6dd,690232225.8982896
c798ea36d2e4a8119723eae7,967364184.2788911
eb963f082209fc077aa72bc9,1310442783.5548928
07b7ba964a8e30dc16d66443,1217566447.5362513
7fe364ae771a7689d2fa5584,1242909773.8336494
c59e06a2ed37fd750cf39976,1391145027.8269935
ce03d8ae43a426e074ed35f5,1253085325.3541949
b76c45ccae25a06dd5fc432e,738117672.8783106
f855725acc115bbbf03bacec,1038744850.6452259
b0b0db3bbe07839bc2b600fe,1282266633.919942
cfc8dcf337e020b875ef1572,1393443477.7025633
390107256faa08574d7231d2,727046727.374532
fb10f3b45e865b4626f65ddf,919390857.4964559
75f167e2273fbecb2c81ac0e,870141106.4282552
a7b15424d7c025d885636a72,970278252.4145705
f9c11e980254045d7478f273,1092253120.9443936
e0b13f6dc213d05133252d15,1456907720.3595922
c12f362b9060344ad044cfb7,783940503.7390718
f872f224d2af413cd104f24d,1125122881.7371087
092045750c36a8945c526a12,736227493.2487705
5ef33cf17d4b45277edf35a1,648799371.0401874
fc64387d7c3c91a6e6e876ab,705967944.5451074
c1168159d4e2fffdd5662757,803001447.2893287
cb604e3a56cc847189462004,1290451630.5286596
9e95710c61a4706e21cf70b3,643095874.6732832
ab37f67a3afa274e719ecbd8,808539465.4250634
970cb360eb64128037be7e23,780568930.2444141
e42fc32db529e088f15cec8b,1283556970.3961802
8925028d6e7a6cfce9967779,447568272.515068
759e76e38d84a4188dff5446,679016050.244473
83a376df2024c4c9fbf2a0ca,413722415.33609605
a8bb80d99280e332084b3950,669534763.0647655
c16ab4a11cf67a39fec6f049,544924400.4423574
9cd1127b1bc10db6b8ce5d4b,1247719953.4589787
ddfa979b1d7cdea1d7dd0a86,373135564.25416327
d78f7a1592c0779093150ddc,816714797.8989773
97ce3e0ef38ad12f7fa8c4d0,369123926.870492
5c789f2834a1a69aede6316c,381582867.864773
c29ec380fc7295a9a770a74b,376276097.99300003
5987f6171a2bcb37062ccc94,1148342796.8377683
1e91de6194769980800b4de8,670438113.7425966
0a0f206f04bfb10c137388d3,1216321185.515343
34dd15023216e187daaf5a07,903218405.8655369
33d2d1db291a13affdc209bf,719363191.2933344
6fa5e5160d7c2bed824bc0d0,553234174.4561268
8c04aa7506b8c80c1bac23f5,971418516.245297
e5d445e39104d9ee6b244822,822826328.3695732
2ca6b3016a89139ec7590f9a,1106400720.9159584
e567e9e5862b13f0085505d4,426365170.78617126
edd1c4fdbef4e6beafbd39b8,413481396.34609085
039a9029c4341b1528ca6b46,368826825.098988
fa1533051ea4145f7f710ed9,500554140.58961236
9c99a85c5dd878568582dd9f,441661422.0131959
9ec426691c80918203394ee1,449605554.6086172
66f58d9d1e1eb7e81cab24a2,945790862.8457177
0d0f8ce05ebe99dd3bb7b23b,832169258.11359
6a65986cecddc5c47fbddb9e,794342560.5289631
a82fc744f537ddc6fbd16883,957568484.2417046
d4c40178c19d6cb2fcc88e48,604309305.9454986
4034cb3cb77e9cb39cc98fc5,725539895.2130045
41ae9d3d280d4eebe510606a,661673351.7136967
4aaf6763c105ddf2a6eddbfe,425372215.18240416
633a7038a23ffaf4b3f7896d,704397254.3766292
2a531aa9576c5f91891cc8a9,846138059.2952147
85d58cf85a179e167428ffa5,827284785.6012685
42f05e5d4862d653efda75c0,843476365.8702476
256a46a6d45d168169f63aab,726931724.1996899
4b0fba692104472b36c38c3d,869451245.9359261
253c85b226a15d0ec2fbbff4,788509082.5855823
b0bb2299d5f456f800993a11,602495935.6325237
47fe78f6299f757b231be10e,851214016.6278126
4d09ece928ffac7e7d270bd8,509767200.97896445
fc762d2d172737cabbdfcc75,965486118.8255496
2809252a96f47776d12021af,1022739443.2985826
29eb473852b36dcfbda0c702,1022371658.4088957
231c050bebe12f568ef92afc,443610822.91816384
acaf9e18bbc7295633d92e01,735506106.5356516
860435300909449c0443c10e,665197295.1290655
f967ad5e086f485c27f09990,1135450172.7308047
678927546243e932b48d6058,1312054993.349572
c537ea2620b8c3a3f013c0b9,1325463417.4445426
10037227b2a24d9a72ced322,952614049.5039483
1b4b3662ca18e731acc18928,1380230647.3092504
e6717956eeaadb3e95840256,940429711.7270359
ccc4457f68fcc1a416e3acf3,835089161.6968228
94d91969cc4b9aa1e856d801,766704276.5036145
2cc821cd7b5fa82b27308f87,402026872.9291127
f05b3779581ac0015f29571f,716615119.0427368
dfe09a5f848e8e819c361ac9,394252334.1717247
ba87ed2a657b0b042a05460e,524672722.8134853
f967aa89a4440cc1c44bdc54,385846330.8151481
81fc8d666c8735e1095d0d4a,934423513.9751728
fd8b9540f1e9da778d566d25,454612047.8787655
70baafa9789d2fcf1bc212bb,754068897.3361905
4911f8879e5bc9c27ac13bb1,410924499.6120707
ce53f3477814fdea2889cd2c,404831358.8133911
62f022e19ce6608919eab5f9,436907592.3304207
55657bb933aa2ea3083e0b90,415327213.0283458
808dd470aed6064f02aa5103,428474925.7096047
39bc028f3b42d9ea48808ad0,415881802.69065696
c0c01ecbb9189d77098659b8,536367533.8743258
57c68d470f6248d00b6719e4,996513975.6215093
26c66cf2f43bea00e6387326,921424515.9318761
b5f0dfbd34392f6855bb4b52,544351493.5081941
25202264e18928158b89278b,888883924.9633921
e93abbb49b24717d3a0767e8,753998778.8138849
906e1f2e1bc5cd51a55b0266,709274947.7165673
eef1d35ffd08dd161a36a2d1,1396432728.0750356
35e0cac576415a4e61acec80,1354233387.5343597
53ebe061b85f046ed12ee9c5,1368604180.972058
059d77736dc72013de7767f1,514476661.2861679
17d7986a62e0b066e4e5530e,586556119.3220711
8236c798dbffb3db51d5d744,376374537.7020802
587e67078115103d184970be,420864381.59185296
7569fb4aaa9a52d6a525e3b0,448318820.4232973
db122cadb7a9c33f420fe246,451556557.3934686
e852246b7661d30dd2e1f0ab,438401429.55690265
f04eb16931448e87aec205fd,523232186.93842393
90e858d3740d4aec0fa21c12,512569610.3994373
65647ca6e47eb2b9ba20058d,853521575.3968316
d0792d22549d1b3f63baf3ad,407910779.9259521
76c4045b5dad9a8226e9244a,582084006.7759122
fac4f0bee67523194fd4312f,433572933.8686447
ba89ed56d156579ce288dbcc,444469600.1848674
adce397b6d1473b9b6d02865,822365165.4655094
f1a924badef699637ea8fcc2,602365506.0575494
3bdce823d3b96e8f0170d96d,792851098.8104005
439004dc23f97a878ebf371a,638719220.6929884
192e05cd731950f91fef1d83,1344324788.2667954
5110c49047db23ac3aa4ace4,919575604.541646
f4f7bd9d03eecf35e9f37619,1155750179.3406882
141dfd80a005f7b32bf70375,1077484315.7251122
08513fe1cddb2cad74874a59,453052792.169375
6b23aa3ca5edd20134811cea,460155859.3992876
0fcab263453a9f196468e552,966723283.197055
127e08fa99afcaa339eff684,552562823.1588186
d2c46ef63db73ba3cb7e32a1,795982090.211871
7c50c93bc9e8846345892c12,1098767316.8612976
63698398738ebc7ccebac817,796929008.7314062
417e974a3f0d97e502e49800,1151639410.5059001
6483f2fcdfbd26c621a527fb,1170633178.8886225
3b739666f401ca6b2135652c,829062554.6108277
1b750e6e2e92e8222482cb46,834120765.2719718
dd34882ac55c57480663f7ec,999052813.8272754
026c6384ceba017c5f2cd66e,528354187.25218385
3f4272a3a4b14ce152fc3abb,408533030.7559694
5cccf025fcc0a7d9ea01b170,444530748.6619271
c8d179013c5bb6379693ef03,384102345.14735836
8c258d10ce32150f5fe5b712,968519012.173074
eeb6fa8f820ec63aa0aaa303,703647979.3538588
ec8b305ddc2bc211a8a05d0c,556622961.6515751
5a84e6d2ab8db0fc60775d03,613682131.7232476
015d17895f32e2a8b616ca1b,739376327.8747021
6fa35f1af6d51d341a3165ae,739682697.0448941
17821a9cb766b0f3ecf24e83,478840178.87070084
23141c17df584746755dc508,435710140.9170951
00076c8f390d5dcccc133309,845266012.5478071
25488b1c8fedde6250b413ba,409144084.6869278
5ba6b4953759b45cb83512c7,898224803.1444638
8ea02baab0c59eac6584f62d,955292449.1691223
b5c34f90096fc88b8ca758f2,1340087805.7569942
35bc25d0f9de2ed4f714fc8c,814450861.8680173
8b0e1911b8ab8028409dc9fe,1381316986.5722365
2ba1672e49c023258d262d1d,658429970.5784061
2d778563921376962d126cbb,564561894.3312378
bfe7c873b2fbad871327994a,1049617021.7385862
72d0f19409c85dbe32cf6ec4,1309997698.15095
d406baf5cc9b4473ae9b8426,361137625.29138553
070912b7e5fb205918c1f4a3,375545292.07058054
659abd72d12756ba0670f466,404274797.856268
7a464b948b65544159cd0db0,630529842.1485142
e89774d061d50c83b409a071,381510857.6522431
fd6b2efe5da2c35058333bbf,737732843.234522
4577c1623c8407e95e893e63,661982712.245014
21adc839dec9e8efb128abf1,542037315.0823203
aa843a050ebe8e4b3a04e9ef,1083281493.6625671
0252fcaf7bcde09274d34be5,846777449.6941526
46d77c92811f0c87d2d4907d,1156145641.867566
a8c662f906075eedb098ae5d,705571193.2968041
b8b46931b93b7750e0d1ada3,523761357.45456284
efde559422ec1dcc55abc686,912691886.9046134
339bc881458ca34bdcb771da,946224195.5565298
d7ad6527cae719481f849927,948448519.3189306
df3abaff81c430b4ba85d4a3,834022134.5349913
bfd2f20a7bfb0d865d7f7193,1439966019.8126206
fa3ee96e6b6ffdfd00aa335e,1341658785.335358
163228979751798ded8c3fcb,586438279.0154097
3578144f12e13e98e8cb2480,428860125.7499716
7136cad475a0480044707984,814861865.6307096
93f5694b4854068f42ffe55b,499094995.97052044
51608bf64739db05c47a3bc8,735899284.2826394
6a01b6d09d516d67f4a2fb43,385459445.7527276
5f26f33bd89fa7563ac6873f,423568307.064766
aba54b001154ad881dfeea6c,354701795.67808115
b2eb63e5da917ce649a72142,379813238.67454416
1427aec89ee9564b95e93cd4,476608925.13920236
a0087db5e9e2cdd6073021a7,463187650.0679369
4396f94f7f3c403c43d3ede9,656142175.799711
aa703cc78a1ce659901e711b,710494828.0863605
0dd1bb83f0f18af30da139f4,611852541.7038684
37efd3e2a5b6567957c62081,454856570.8144084
ea47ad6335e74dea06228b16,519709236.76724243
8a975117ab302b77ac057823,475624631.0060954
ca5949c4bcf0b63e5d1be784,428800546.20536137
e9f3f41366d5d784c2928937,577538186.6908106
7a9c505db21b777203d34bf6,439902088.611302
238cf9f99c4b01777a97f82d,471328028.14182043
385fcde12021f4bbae6ac2fa,409400470.36687064
d9eaec557a7a6674565db1ac,659732881.8623667
30b0c440c0bc8c6005855ff8,900846375.0279468
09feba43c0b8f3560fe09be8,1184688504.6155126
2547bcc87b618d3d7e22dc21,588361260.2076769
1240a616080d6ba5459335a5,1246154491.664112
7cbc8fca4f84908ed4e7192a,1155738922.0768423
151a16e94d538a7a6d658ee0,701162134.0136721
a8ecaa9120c6da21229cf145,1129635720.4733236
3ca34fa833e6ba10cb4b1944,808198972.4348903
dca2e851b82c512f01611ade,1083211338.0800474
3747996611a842c452865a9c,906680329.666635
3528df61a44a9895248336c9,743044392.0863476
398a67970cee5dc873d71bbc,1145726812.247573
1ba2c2eedb352ef9bb59c638,592826464.1031865
f6f4a467f40bace72ecff598,1176060340.136117
b2af9047dbf58867ed0c42af,807022095.0033153
012b8d616667a6dcece0dfaf,909164488.4349813
0b117f10e699f10f97a7e7c6,959003876.579773
8d5192b6208902ddf4804839,1187958494.3094096
b86cad78da7bf06b5ac39f99,1065419885.790741
4cc8c95dee29e43463a8dfd9,632654402.7643558
76846ed8b7ab36821b848f2f,890557440.038408
5428bf7f37a94ce9fb2dd435,647176082.7681127
b22c39c3df7d8e32cec2ba43,451461422.85680366
44f5380847c175a42becfcdb,1486351247.7416627
fae53fba5d405b2e6a3abf01,351653642.43559027
3b52bd5eee5ef8e3871dcb3d,1465326823.8770819
21eef7da02b0f2a2fd987135,451234400.3877254
1dd6b0ade195edae38a4a20a,626108740.1029975
f359afc7bb50cf6a61ac63d6,414180020.2161732
b0de107a8cfad95f09876eb2,1308567394.1739526
2e8c76f4ed59cd3924f7136d,873072573.490406
06a2efde5244f7d653ddfb8e,713745728.2735809
f72e2f6cfbd32d97bbff3ac5,583569133.8542849
9705748d2bb061678a80826c,979525438.2584817
9620068cef0622c404e15960,505913931.70900255
cf2e8824527989d3cd29c058,527265047.96872145
6e606a7c8bc632ba0ba37184,492014142.4625671
63fa384ea296390350f23d7f,730460946.1737764
4d3f5e7ecf4d361d7eb55f5e,476679954.8505472
e31a209077a3e47712588730,773562058.221664
5f18524e839c2987594a11a9,705186794.9514465
def06f49a0b8230ab613db94,710430659.1665426
faa72370e4c7718964930805,710430659.1665426
983503bb75d84c410d1c5d3e,1098588202.2072873
30f381306494ebaa760b990c,607060831.8566117
5e72dbafa642e4f416e6f01a,777396928.189175
3d5ece38670c1c96df4cfff8,607060831.8566117
1bd6861d451d128c8bdb72e4,756269928.5730603
072a6f084d31a5a4be4060dc,1048675551.1762315
4d8deb43d663fb079262708f,929577641.4822454
f00b8eac1812a500d7a732ff,851067289.1261342
77a62d5e2c89da24f66a2118,633437149.6010286
961886897eda4b0ce54d1d82,972162871.7223376
6f6c83ff891e43b7c84728e0,1299485682.5599682
ca8c85e8100f64416146368e,1153352674.5217116
24297f4a3e14c24c941e7720,1225459042.7072613
98d7f0935f021acf313630a5,870967695.1126517
a362533eea6c235049bf3359,794937468.4742285
2ddda0ae748b38a6258f660c,1555078209.4250157
b18107a422b9eb6da9fb692f,928801517.1516558
11cd643195dbe5dd4567b62a,1113003817.772395
c9ee7f0666429c0c15c37499,331326443.43424433
c386d1ac4fa8dcec4cbf9788,660017447.2483779
21e0bc9789139640ea33ed09,1128198285.7006345
cacb91ac1b835d62422b8a8e,1216071077.4623303
bc41e69def6bc7490800c4a4,370830785.2711007
7a13669d2d7ed2e50b80b4d8,398391215.52911216
08dbbd8d672fd09463c061a5,441347514.5152381
cb93b0d5e9a26628b0462b14,675613479.3005718
d6a43f209f810455fa41dfd6,662043211.77324
ed5dfe95f82f4c087af07045,909301944.6747572
02060d2f56e979a61427f806,826186377.4217569
88ffa9f0bc3f6c9f2e589a75,1222071346.513554
b48093abeaa178d1f7fbd83b,790187265.4439842
b42734770dacb7e580a6d742,956562111.3794938
d3aa845e96d22f31a3656aa1,387637804.6879386
becc3ae7a71d597bcb16d261,768032662.725168
8dcfc24742ba669335a2d65f,768886188.3018851
45e2411d38589a2d85774c5f,786166803.5577729
9761b0f43949eb5307472ba2,1116377368.5685287
e07035cb49625760c7da85d1,432367017.544152
f88bb9c5a471504c13d3616c,404536437.46669394
4bb5265c6e63449e5fbaa270,1032109569.7308366
ac73b8700744cb7835f328cd,669879612.4764456
a632ececd6a023aae8a7b730,479287259.3180084
858288683063dea9d5c57420,586179573.6403152
d04f549fdf8f34bab19a171c,388332290.850019
6ed5fa8f114431d158d35f43,424836437.50166684
f849dfccaa8163d24ed935e2,1065185488.1659845
bfde6e7200fc27e6e6f1497e,1199737851.5236597
59c11d3de7153d2605cc2273,940414983.14615
33ddf4e1ed8c864e9db16887,666153485.398217
00f5ba660a4fcf6ddb96220a,615489541.6768625
a13004b87c6d7e7bf6b75730,738451716.1927321
eebc02ff14b6d270746ca055,784741149.3237752
65ba6e178f3565a84c6ff973,810492323.8857589
a57f40f00f80abc7450aaf9b,590764418.742621
df37b916acdce817865197ae,911149586.0279446
b5c074ee2e2538aeca099fc4,1113067111.312865
004c9da9ef1b3b5e309e475a,520543061.47758913
c5b47ac5c4b7476d50bd56ec,620029602.5606475
778ec765417db9ee48d697de,749367556.8270398
b287339babba162e290d0fb0,576806862.092869
4d35e00e86a9d508d82ea90a,362607694.33865166
0dc2a023fb6c5e0b92d86ae2,729175156.4293936
5787d7c671378e596edfb58c,849874686.6705142
8595b5517cb3f1ff8094d67c,544744395.9184735
f4d53276bdb5899c6f059c67,818311783.5951995
9562ef63320854bc6f94b5a4,449161811.5566887
c04e72fb6244d9a9b28322b8,931942145.9741232
3d141576443a97b0202c9672,1204220864.511852
7caa4bad394586a46dfad854,800851235.1213036
8420bb74fadc0c8853cda025,388967875.26452374
b274adb68a37458cc5181fe2,746769007.2763964
8561bc940a91f029147430f1,1148342796.8377683
258a968e403e747af5693a3a,1283200073.2778068
0de34892fee879f449facb19,600529412.4166323
9634cfebe7e6b095f0065ee7,634991528.861686
1f3544c9f47bc00fcdf59d74,398096218.49211407
e3077f6e47d130106e7165c9,990204930.53423
f0ce47907c3c30b6b5e990b1,1048798048.2238477
1432cf7de2beb14fc7603ae7,1256590983.2442157
60f0df18cb4324ce5f4bf650,870930087.908201
7c1dc421f5a689aea5babe4c,732076812.2517421
020dfae44183c65b708727c7,453004019.1414519
92a9c07259efc617e7d58f9c,506826584.3601253
18531c57f6dca78763d360bf,597208696.6921419
dacd62440872b6e94ea56fab,524869725.3846509
b607bd072e8293d6594f3829,734547245.6894019
eb86c1da60250e5559fc3cfe,573147285.9192097
fae649fc7256b9a3ec036583,678431890.5019469
b7fa81aa571906a93e9b6cba,864650202.7445304
0823be832fff81b3f1291859,425281894.025546
fca3a0fe5db369235960d285,441916603.3813019
496fd5c93b2a578d970ed55f,377135149.31323653
9c63c6c27c74c03f071385e2,775553341.733219
6ebe90f7140b738b3696f086,476090871.255162
7110d6374f3fc282e4f4bdb0,501145722.82688606
d33994c75d98941acffeeb90,1077643312.4407656
b8e8d84450f5e0bc8a721c94,838786804.8969125
cba57e3b393b3e392c7431fb,982801722.8504717
fc2ceba651bc629e7f690849,796883261.2970518
857761b5fc5c7d101cb765b6,693923644.8033749
55f67dd7302b68477e803399,731407715.4894786
19f538269846412f3e150a4a,912541570.7257284
75e0fa8e5c83c49d3a0dea48,1353287517.9800134
fcdbfb9e15352cf210cce7cd,808885685.3300515
c2b91ce4b1bc8c576a0ce1c8,783523932.0666146
73eaff92528288fdbcd61e2a,1356827587.0712426
f6544a1c169aafe6c8142907,921324195.1162043
cba9aead5bad82b31da51e6e,1108782209.1718438
b239bdcbfae846bf74791728,969950415.4473771
3b823e81c5378ee3c977e863,498086358.07335526
1b4db5fcd1f92d3aadd5c28f,668497255.8037579
b50a6b85399ea2c6b5c33405,500034444.2100894
1e6176a558f301d81bb050f8,811603258.6243594
8bcc1b035ea93a5192256b37,756971885.4189786
71a3f0980cdfea0ebb869935,500072822.6249149
8cd0345dfac13ab380240b0d,498086358.07335526
e66b2c71519ef8756db69b97,427512742.3246756
c843044c1fb30819300448d9,416581836.4055814
4ae10e7fec364242c88e511b,528862343.16674906
c9e92b994e48df83dcf9976b,1360230001.6403573
27f41f09ccf8d182c79cd48a,1261243282.2921066
d8a7c0b01bb545c414e12a23,1272079130.3894978
f3e2fddf1dbb400788a5517d,991141691.7387415
89a066b7d6a31dd066fa0d32,796967725.8885866
c245bfa6587eeb55227c8a4d,409797159.68906665
500d7c5346ca11ba934e7ca5,827165326.6936821
536fa59adc007df763949045,849798848.0282834
223813dc0188fc229b63e8f3,1005438264.9864451
7c972ecb7b90537b1da0deba,436528219.0441972
98d8411005ac05d77cb12516,867002742.1364596
d12c08cf48be75014a149873,984090572.9519866
955544a0bc2eff312e965c2e,1242501503.6722848
20488db7a62f765ac8da0a2c,828939336.4269233
3f370094239ab6fc817e9ec0,1268954226.817286
ff54bb34225682d25c551178,984090572.9519866
d0c7294b2184d0b4d0e2fa07,1268954226.817286
104e960974eee31e7e0eac6b,871398932.0934839
0d477acd9c95e9ec63839a53,589067669.5254903
6d255e0026d70dd44229a2f7,1048091891.9292598
926cdc0242544bbc850520ff,472558733.29346454
e75a05dc0018f29517948ea1,471978684.75497055
dc40c56571cbee9c2b7770f0,567346552.7860109
2f76a2b53e091df35a125b13,648291802.7418783
a4a49182c79c72854732594a,446538740.7118681
50287f73d47b4cc4c2e1840f,964292509.6640441
5efca36c25884a2822bb7a81,469746372.31000936
4347bf26ecd61ebc7a16b4a3,704711751.4313577
7c979648ab3729b2c0cd2106,707433180.0284415
f40acdcf5cb9925c09c9df7a,865847704.5187854
6ff3eaf8b5a2f16efddde1cc,693055419.4448955
d35596846155e74d1a637d7c,818958947.9118168
a389a1ca097a820fd9af9d15,735031886.5567875
ef450748c440c4958e5db54d,823455849.1386846
02779b92b2f9bafde0c75c11,613409486.3782525
77e5e0b64140fa00b0227a3b,587853377.5564117
eb55b0778607da932c3b311f,823455849.1386846
9fa391febd5d0a8e4c6ecb8f,379205788.2614844
6270356f1cc3dff186d0ff4e,696606382.348556
ea7d5c601c3f8c86ca8f15e1,458763939.1457757
072efeafd082025bbc5a25e5,525895332.78936374
d8bb6151d30573c7595ee7c0,541389201.9196674
f26c43f2304c8c694c818a9b,495199843.9387902
14ea4a7c57d830eba13638b1,777669356.9122405
c1ac42dad98d2f23dcbf140d,896973704.6340064
aa6af44635b5d51da4b02059,715950955.6513821
291a4ea1a695347e1901bd4b,1158061498.6284373
024d2e34a561efaf4811c17a,916143046.103431
e5a40a555d11d4429b9675c3,678603745.3826908
3a10398b72905bd710ffe9e1,699623374.0866245
340d1313fc2dc8e5b6918262,997903940.5448247
699bf5460c63a4d0e4542ade,1045117370.730525
e98bb3a89bcec8650e33e730,623263180.2549771
5de86bddd492f76596b17a0d,881783734.6265554
95dae083200a9e43a5aaf210,1219002427.7353947
23fe512fcb21a0b84781a318,389644210.6047485
a9dd62f527cb0dbfa51aeb7f,595365449.6957761
8964dbb5b0cbfe509613a63f,936620579.075921
f75009356c700f7da7106cc7,667485127.0710778
6f502f363fb55811478e3b88,503858197.947052
a48f29071cf207b27ddb03da,830599577.9576005
b46bbf66cc82a4345c5da177,897163041.0689073
a460aea3370926825b0dbc13,994980223.713767
7a21a8d99a85171334695004,767452978.1636854
279f6f594d3f8ca8e8a5e2d5,1350125439.7242584
bc3c509022e3f6104cba5203,1368018001.4937735
654d2a3a0e02065560ba2484,531998029.71157634
02a2ebb6eca5772e3526d78b,736643206.500088
d4646b7f4dbebf9785963cfc,487759197.0037246
68fabddb27fc928b57efcfea,735964873.2831886
53688de79b052b3185fa9435,787929260.5154477
bb962a9e3861b06ae1daf833,681516432.9754015
d80c5f0b8ba55e7cf105d282,840963998.9754058
ed88c773fa9ae8bb29645fbf,753140845.8337715
0c3af9e0e9c80a68acebd041,1150824859.3027692
0faec12daf0493a512b2fa0c,1395836973.4726207
1807debb0a0b590b9ba4ebcc,882075159.118857
20a2a0dfc963fb8a355e704b,867098064.991785
a2c033f497e62ea10ff8ba3d,1129613808.997155
985e40843a30150e6892e4f9,981853836.5047466
2ba0807f8cbdac389424ae04,776585981.8948426
9a565e7220cbc3d5d340e8d7,1088321658.2905755
33598222854631e92fb72baa,1195342307.5059655
03fb5bfbc1895115a04e8116,718757372.2139196
5045ba9a65b4bce4fd305f82,682242189.6594892
277f6440854cb0c98728e685,832224712.6571556
12c7037cfa63de49e984a789,559530131.2735143
ed9976e922a774cafb601f5e,436812870.4517143
ccc70d1d8e4411331730bd7d,542000529.1326587
30d38a7bab2eaaef1ff6be0d,692687819.1504378
31a6c440ca9eb29acc0f1086,1304452003.2339091
7a82ce4b2dcd2b43485f5047,837967119.9564219
a74be48ad396ae4aa33ffed6,886398446.3742005
4ea46b833575642ecb2ed1cf,369272510.2653094
b780a0ec18c61b0760df9433,499863259.21121097
b83a5c303a2b079585b9b94f,485104830.1696635
a3c45875c0834b144f834798,480697283.06915694
c3ae3f44bbae215f7f2fad9b,432670065.782648
5d54a0a596d49d9f85f1b5e8,853703084.4386848
355d1fb69bcb4e8e8ed9ba1a,713333078.3975621
cd791a46ed616911ae7d4fbd,999119607.0974332
d2d2f335839ed35571b19bb1,790904008.6786041
0823b0dc92805ab05d3f8650,1441931326.9741032
f92f4d135119fa88994929ec,1261799694.8039718
401f0de98764e9fdd4055406,414913759.94098634
68a7d01e50462f7506f8c8d7,397767144.6736146
e4434407771070783b97c014,522891432.96348226
7e1153d411af129357ae5c10,377088017.08959734
f409c701e200046f574f4e06,517196973.6654013
30a8b9c197bc42f088d0b873,634589014.1265144
d5abd56b5a8ab8c2f61a07f3,794274199.9698012
805a27aeafb3ca91cac56d14,860970732.9514668
1ee04111d277e8758f740139,562097709.6468067
b9de7d7b9a8ef7c64e5f6bdf,735528354.6750942
5a12a15af3c0585d81ba8f5a,537043947.6274583
abb63383766a9853c1091c5a,1084385916.5428786
1f95c205d5094c674f6e45a5,1003295685.1489294
4911a6285f548dd30c8061e3,999540374.6875074
0b9730cff49bcaeb4d703c06,844103223.1881711
f033750cb9db15e886b156ce,719543236.0812622
fc7e93bffb7fbbdebebfaa2c,1136533609.3162408
4f500afb7f7bb42189820a18,972799174.0107299
3921d7b508fa1591d40802d4,389050799.96699166
caddb9dce27a7e8012478da5,488244558.65414494
4eeafa126ac5f301cf60f9ff,426505754.3166071
59afb00a84b4f2a9ffbf71c6,643277223.5877352
7baa3608aad1fbf357d789a6,806516003.0846691
a5b8869e9cd3d0cc32a0b298,1031473191.3725497
d084dce4ab9c4008ffa3bbc4,1128272130.535422
e3ff13537ffb7172336ab5c0,1036109884.3063382
1bc2ae31ed1970ba52b1ff60,1277391262.1616738
eac7136b26bccb3c5d2b6202,785564258.885642
073fccba71b28afd815be434,533152596.7718099
9b1c23d616e9407fff6553d6,394617423.50603116
4122eca7b73c1347a7814a70,730488367.1788429
cece8267e60c2461d6c409a2,1383855772.3481286
ba4e89128058d5564987dfc5,394617423.50603116
69843aedb25a928097a22a89,426059421.83038527
a45863121bdec787e119b14c,339655612.82773834
02e8811bff38125bcf8e1a6d,383024980.0577075
d709a76487a49bf257489c0b,353052359.2000197
46c42803286c800351fe633b,442760180.46071136
2ae3ae7f794d558ec119287d,915031606.5273404
76991a35e9c1b69e1616659d,652160135.3133404
3de5d35f742cb4eb68d5f314,806623354.9187299
a53c748935206f61751dec1f,573903570.8325616
ddaf8a1e5e6922cc3dee5caa,372479683.4103003
841fed959f036a03697868e8,466841878.91113955
ebe1b5c9471f3441a388f7ac,709264052.1826285
f0f9bedbcb57383511805d17,719493370.8386037
f9402b785deedebd3ddbce6e,703144447.646049
d1f92e6b18faf07ab70ca1ae,707604404.4201171
6e794276348acc39751eaf47,853240948.9516804
4b04e0296820d04421db5219,519383328.00890046
ea0ca17e989ec57a480aa464,1077698022.457468
cc6fcb8ea6556f676c13a76e,873293958.1131783
2778de5e56ad7ece898249e9,1234823752.755089
9f0bdae4f8609ec93588de3c,765824160.4924085
90dcc3f9428a4e7cc396a15b,868042182.5364093
2d7bf0032580e6b6dd1ce36b,697917148.6003046
c45d86d17d1d0519b455b7d4,895404872.4310846
4c7e7cfb286d82aa96356fb5,974743405.7238586
edc204c3e18368e0a9eab593,1409304121.5238576
e789e801fb5d4501b5d64e2d,967107741.3781724
3997c10ceccd2f8c8e43cda0,1235713659.1597826
580d8eee8dc4b7d43cb193c7,1055657808.8856999
c823e3fcfbf0c43bf2d82586,1357372958.5260866
30677852542c78698083d4f3,1006696090.7863668
8fc78c514a2f1cdbc5ae6e1b,1332561618.6316187
73c618d704a2e1ac2bc41954,907270347.2450166
4ba85374c1d1f1d3f4632ca1,359867805.5414308
9a471715e4c4865b822a6b77,427664322.3728214
4e9f1e21c855f1166428fbdd,500784494.70845574
f11137d27a5d7fa57f94e97f,899241970.3469424
5fe5f3c5919c0ebd57ec8e36,508907556.14182836
e40742774df7d2b614f32de6,385407240.94705224
24b28522c72f7fc359f2a718,996622509.3892782
26ff1e1f4a6f6bda702fdabe,619729823.3047407
9e617d1fd8a4f33d7b66098a,1393342709.563777
3b4e889562e4078f8f369172,411163992.3454345
3a50d40f15b1cf5bfb338092,384966035.8359284
cb2188cb8e534973ea3411a5,462933504.22643673
fa57f96bc6affd285d10c4f9,354817212.33335495
c0ea6c76eb977d83c163fd7a,387178378.51583934
367cd12d7f4aa93124047eb9,445104446.1547054
54952b5f463c64c605576601,419488951.29868776
57eaaaf24cf82d885f0f1dff,463161255.6297401
f2ba4a7a0765c3ce737b5c81,579954106.7651236
5282c3c48495dc31359e70c6,375106025.1667776
552b01d72edb192663998c4b,781306769.2506636
5f3a1ab21669ad9234d4dc63,936054181.9245939
68f431548c330f84c46174f6,1156954807.2108512
048051ce9bf8f6a48e9451fd,1238320541.428216
fa4028ad48fb2082d167989d,642798821.7566828
5b1902dd7768f5144ae7704c,1283128224.005903
be0a8f4be774eeaa42fe460d,806478450.052735
16263617308958055850aef9,903496850.9017154
729f5fab1578f8cae4fca8f9,922647308.3376412
bddb9388922dd56737d8847b,1046605053.9837681
9847a4ab995b7b1c30196704,1327361892.5846515
d19937a773269962c7f9e8a3,1391091653.623155
b3c8714dcaf5322475ce2c60,1273166420.5046206
875126e5776dabde40e29b09,895538419.1183243
3a36f59d7c0e6c4eb85ca0cd,1316886748.1545885
630f00e15cbd7826475d1509,1034147057.3638223
434782c3d1dc2b9ce7bcbbd9,893032430.9542699
a470bd174fc7587dc1449c89,1372329962.5452104
99c6f87ac92cc323c8caa005,1024729025.5509107
ac9ae945fe25a46184057606,1226728403.6249578
15d910dd93e0aec22ccc2083,1253820154.444978
6e1a9c8457d3ac6a57598052,736931770.9179258
14e179618d1a44c5c55e23e6,428993755.1765052
2b8b979cf1952fcedc63ca9e,369836312.1515923
7cfc3061c0b2f3bd48375ab9,834081589.9931133
7200e3ba2013876cdbbde972,1048810108.8053764
9ddc1924043ee8361201b39d,1136933272.376559
f22d6cc8c9611a7c23fa8969,817238534.1628116
b7c0a0a4f5c5b986a70ff249,592436473.4946568
adf176b63ea23e08d252b5ea,888216947.3932961
77069fb9fac6b61aa6a89ae3,919975555.4406614
7f0f27f6d30c743acb3e867f,1016842399.580954
7e299fd8c2d53ff1cf95aee3,1050812917.5316097
f309733881a4f89d9c8a8958,787328433.6706667
0f937643c067371018c8deee,925938563.3417954
8e35609c1265ddf59e1c015c,861070257.6376014
c1ba606f32ce0337cbccc2b1,820594802.602036
15f02dd18da12f4d7b0ac2ab,671841431.749855
bcbe8ed608f233d5ed7362c1,1257780712.5284944
14611fccccfa2a6499b2acef,420595597.08783376
b10b428245022d55db248b72,383416600.1856502
13e6c5cde1004803fed93cfc,472183644.1119156
ba31c38eada33f680d44627a,721465075.9535621
3786daeec4a4fb40ef07d8e5,848465903.370736
7736ac030d8b587f44f7898b,963307909.7428851
98f89d21e5dbe53f8704e745,942292940.7070217
981fcb79db3881259eb303bb,354259373.9674511
08bb88dabf0070f72a801a4b,987422549.2025584
32d56542ab5486bdaf4466fc,824840780.5872203
c0f911fe7ee2113ec59cb5f8,702429454.4257401
3adadd50e603746e5e4fc082,872359338.8435955
d117e9672b3ea0435e7a894d,354272607.77389085
020473766363019ee40d6685,768902907.7819455
b04d16faf40ee02eda59a9af,355979078.3499047
bd6f3819a1c0e551598fb9c7,391859532.7983366
5520cf373444931ed8630635,449239998.6604025
40355fef059659469e16e3ec,431066824.0965075
deb844a2812586991b3022f4,826570313.2752215
ac0b895f523b53b4abd013dd,635044404.9000782
ac208e250f5ae3e5e1008351,630531778.5285796
0064cd1c55914cc8370a096f,484515754.3951869
165fab7a9f8dd404cf4e9d9a,388387022.438695
df3eca0f59974a812b4ea9b4,1076760854.8547118
1b7c062b606d0560e850a2e6,493061505.94793445
87ddb3a17b601cf7c61e8c07,660512977.6515534
837cb6389640f3919bc73e9b,1029564490.3903399
77bab76414ecb20888cef7a1,1104789957.4905717
a9268ef5b7133cf6ed1a376a,838310544.5228434
cf7cbedea50333cd2dfb0e30,772741299.9205068
b0cfed2d25a5d78c96d39d20,740542063.357167
ec0c283eeb8db461c20af1d6,868269493.4634464
27c3b7ba2991e7bc0c9fc322,713818020.1972238
0332c7ec0d3e547ec6d61664,1180440571.191296
e58b92216ee6438a921ee0d4,784262789.9087428
f7959842378c94c9f620f561,427317285.6809989
cd0236af88ded6bc15b49eb2,963307909.7428851
d40e0c2222c0debe89735e88,427317285.6809989
2bc9bbe0f0216ed9d865a85a,866108415.0163088
e9bbc31499ca187c6a492175,625408971.4720778
f2409d037bc8b3e63ca69fd7,1288355271.3013284
5ad71b7cfd356a75021174ab,414393933.6802438
67dec8c47ad4de9605d56db7,538572312.7080327
c6d679cc07ce4373197748a8,1370279075.9099548
a36ff3637b7d2b1c52999ea8,1252921775.2377462
3a384d68b7ddab45e01b6e99,938206511.8750331
42d34ca2252acaf6e777d23b,1452204967.0540287
c4b2a42a8908cc35e649fb16,782267463.1443186
18c38418824075acaad8f960,656510009.5206578
85bb6775065df76bda33f738,806394560.5085175
14cee0bdd9dd5537b96d0786,734616941.6238127
ab332133aca64315672a7192,956057251.5891132
d53b60b0f2c65918153ca2e5,404655989.1684409
ed1f81648083d4d2726710ac,427174137.66323376
b6692a933facd74b4b11569e,349293728.4847172
90e00fc58569167c00fae7d0,459411497.22597706
8a514fffdec277cd46c7cc71,511249968.4377891
7f0b4b5851c77d78805320c5,401534442.35753846
fed1a608e3c0f2b79cd02ebb,445679135.4168348
075a5474294e25da55373a09,346824533.9098385
8826b9e008064cea38855d35,449850958.16244715
660eb3b40b2bcd07df8f5c3f,429778388.5265349
d55cdfba22aae78b6fab5491,371641530.51559496
ea6e83dbade169818975e5b3,631762719.604496
dcac44d3f8024c6ea1632432,464631367.06483316
2772adb268cffadfb2917c2f,439584167.9990086
3192bb7190b9130c4e67be4e,833391757.6391169
9d892f73b02f001c2f715607,478278545.1718589
c27d72aa1fc5d37f4cc105eb,700285333.8849746
6c0ac32bc8a66844197c5fb4,717901664.0522484
52338f4f7c8af6c649106a96,648175272.8826932
356815b8ffc300fe03073b7a,583031242.2332958
22c780d56cb97fc34f29e9cb,418496698.10343677
806907598158861a6958388c,724684904.8943125
449cddc4dc3ef1e93b7f7c26,581797001.723864
b225270821758e45cdead76d,485687114.67237794
e07bc486c6f5541e4788f83b,856622188.8684006
970c0d4928a9292748c0fd00,944245597.504659
f73f720abdfe4b5adfa2bcda,703712406.0661049
48d3b0ef6e5f999bb90fbfc1,552245907.075063
b3ec2f8af6e9adce047536b8,1107226213.471605
0e1c66f843e06f14d7264864,841368455.9413387
91c4f018fc7939d150593935,973195240.2886306
102434eee07ed18268857a9d,1123576647.4552755
a4c70eae507d630c2f285eb5,999445804.0988982
45abee1de734dc32936d0b1d,663280506.0377882
82bdf442e186baa829e06da1,712865493.5784957
019cd320e02a64ba3ba9a37d,654556347.6023062
ba1b3c8ac8afafef56233c84,811478999.7958038
3c3a0f57e030472879f454d8,949303804.7598466
d520e90e7d0c44a6b8852e5b,747143344.6454359
38328747d2e1e0e568c05523,494046494.0106844
659e9ad0f593b644071cd850,653383968.7438946
3e6645f2cd377ba17ae2e46e,399598577.7551124
307eb683db84db535106c445,789939402.8640333
26c8961848e3a77d98049638,726340186.1111219
52373e15e9dc1ad371a0c090,653503297.2278248
e5b2a446c12222efc187e02e,635268366.8139647
156f706d1d30de19f7e369ea,690331281.528356
aa94d2ad36bc0e91bf561be5,1000473852.0782336
8ab41842b8e41b89d8670ecb,426578855.82873976
b19ab02a8e22f3e88a26031b,717945663.9250342
a6b1ca7a4e91c4c0f4366984,674365957.0107638
a277d5e8216fdc3d7c93eb2b,798387403.7713954
f939b7271c4d399a5e647f8f,1125769661.8426094
941392f9a135909273422dec,754277003.7097028
e07d8e9e38e309958288a516,1451477554.4755824
258f10f742fcc835d53063cf,1403145389.9490921
fb672b4cb1b66f2022f36a40,991371815.4560527
ce9dbb6d009cbdbe654edcfc,843030209.3274347
22e524f1fab17d5b8616d741,1053372919.0542921
7f0d874df9235245f47b04c3,948302693.9446263
27a8a052b815998c771a1f55,1053372919.0542921
b80593fba07e21f8bdbc352e,1325596823.9338646
d18d990404e7fd07424f5a77,597123751.2902955
033599f7e7ecd8d9c8cfba46,1041357871.8936756
51cf2fa527c3db62914169b7,584782749.944805
2b2fa2ed0055a19859e78446,1137497791.3285482
a8e1adbf076dd737c079129c,1266660082.2584085
adf948af7b24f9b6f29610cd,408472699.7179167
23473bcde48f634641769e22,421005305.49274826
c90486bba327ede32dec60a6,543541720.2392712
d254d88ea0989a609b71fb72,372655401.7213149
2373c595d24a7b862b518ec5,892963650.2459363
ec401de1c0ab2dbc149da048,710374480.574803
17c0a8fd3a2c8b5b18d61e4b,466718942.3142017
1a1016e7a96da2237b391be5,524776220.48622996
c5b40b510bf7f121c93a2332,747145972.3605869
aca37e216a27b4dd5337df99,1251499228.495485
96f59167d17d1c99f31be997,669107198.8514239
062b36cb4a87cec372f9f91d,807705169.2489607
0466a7e06b152c1860d44334,698900063.9076083
f44726680d0c594a2d430bbb,773719277.0084498
8aac8946e7ae5725971c5557,766529741.4402919
e1aa6c46135f4d1aa1b7a1f4,726136159.4468502
fdbe5801070756d1744211cc,631277163.6621008
6ec4c88b8d3a16148e2e7348,769250987.5545216
57c87ce038e4e523b4ec189b,795989868.3567353
9bd500fb24eebd53d8262b62,814596903.0951095
85a86e01443aba593f95dae4,730166812.6588
13e2ec0a12c8a48a753b85ef,462560030.03483856
b93dc01af5f49e6dcfb7a547,414065162.8416321
71a42155184509caba01a1dc,412304545.9521743
25fb1c0c4aace859265de172,663280506.0377882
6f63e4f866bda86d5c993c8d,428663773.0005864
72bc42a5c73e7b1f9d54c835,552541855.8329445
c06f36b42021a1512cb6e3bb,397459055.83199334
f1a7fa5dc1996591ff97a34e,604620892.3053663
6128a8deb1f0bfbbf0d67769,775025720.0236413
b5254c6c29b4f6984d328216,443325193.39210004
6cb19c3e491a60bb2c166669,540435806.6602402
dda4ee9f3811c29e2b261a5c,747143344.6454359
7a564ce9a4ed3d2b8fbb1103,663280506.0377882
63b982fab95cd17211a4a58d,503144878.77469224
5272c50f1d8fded01f7fb0e0,560609348.3610103
02b47e60ab77588aff6cb433,446869757.7734601
ddcc7f7a087aa5f4797a8a5d,476090871.255162
77a887ca508d924ad5203194,834087293.6127023
b57ab7afef2b8aee016ce6a0,1069133047.4421252
640a801d503d85835eb65a42,914631901.0432105
767ff947b16b2271f516c28d,755520923.0889052
1dbb46a250f504e9c8673bed,732883057.756724
fd6e9c9ed7679485dfd0b022,854273391.2919636
7dc4f9de14c2924b229ca0a3,753378461.0705346
3064379f468404110d594c87,849091759.163684
6005ebd6442c62f8becdd2f5,911083827.2514409
b62e960eebdf95c2eaaaf9f3,1024959716.8308941
7b0258f1aaee97661c34de64,663655033.8745552
91e2f9f7d4ed776d38a3274f,856085324.7774918
d505277049a254f960e114ef,858655657.1541088
32040dd7b8edfbe331773288,883062967.2295585
70e427235490d7d9c9239676,875768154.9980869
1a2aa38b8e18fd7ed5be77ff,987910506.6324879
4883f7ce7086ba9c8ddd4315,768484165.4095775
4116cde03803e63a3e87e847,1308283063.330424
d6de5d741702387dc3f4481f,952171303.5287622
2346533f4712f3bbd036d85b,1077643312.4407656
f6a12c0f02fcff1be042ed0e,796883261.2970518
eba3cb8156e0115bd7dfb525,1330174365.0059102
ff27ae490bf03513b6bb386f,1453395248.1899397
e87779bf2f8af86fc4ae9583,394596502.1888077
4a809b3987cff0290c1df8fc,368768654.4365693
8f4241a17d1211687bf232c4,695752606.7965606
bd8c1ff6f9919ec6f1dccda9,749258687.3641421
081e008e772c6a79b809a87b,737914896.088624
0eff08cf4bc42dd442a70231,675427799.8633906
b4e084d14962cc58d4089955,913415222.7309295
d02c3b5ac6fa0ed6db06e490,1106212026.4988296
e8abf103cbe9fecbdd758516,913415222.7309295
05308c4f3d0e0887e4a68a92,667373673.1644454
256a6ba3ff423a899229f154,634875924.3994212
097314d920292b46eab5dbc1,780146169.8664751
4ce0fcf14266d144c82f8d4b,513926265.42283297
548791b5faf236b1c03b7523,684908689.7647175
40ef1682158d0c3cd07f484b,1323436147.7665458
7b473504c85e9cb576f951e2,880799623.2637941
730c7382d76a07904f559b28,423795792.0366329
e05598d3c49f409b937ff2a1,789203742.4236697
844dc89fe6588acccf0c7536,396310382.4637363
ad1492590bf61d2cc83b493c,890490950.4563488
88fce3ad9b8a965dc11336cf,395892468.08795935
b76d853ea415967415ace0d7,839200378.821882
c12c81b3eb12bb329466e88a,1154244330.0267494
4e27458d179a469435d02ff4,656126171.6383907
8d15b4bb1447eba7a680ef47,367129792.8058611
482c7150c7555cb35558398c,988620703.7632959
e5d6be06fd53d317c8e5c7c0,557332259.160785
f798e7105aa8aa66750a2c85,1156663937.8817239
eb24e0a0ebfbe16eba466280,749942046.0719768
618dede0dbd48df4fe610af1,660685546.1487982
6fd936b82bcfd3cd2451bdfa,510746130.2325943
adbb5c4ba7be2903799a51b2,1119679233.8069618
3a99197868ce338c738a3b20,585762965.4225842
d4c45f35f214fc226ec85b36,654341655.641605
c3140ab2134de662162af508,374471961.0990648
0fe23ccd8e42605f4d9f78a7,391572669.70833755
8816e8101ddc4e704053e23c,915031606.5273404
64ecb100d7882ddec6bafbcb,798620440.6585321
9151a8c65e1f01ce591c595d,644484824.0019633
c8a40314be3014c2a218f5bd,794993326.7364194
29bd4cbe11f44759e07487fd,573949812.3527324
72ddab9ba5f24941e4dbed6b,1234705534.7482395
1f18df9ee1b19359816ed13c,860091790.1762465
fb82175fad61a81e9b665fd3,1327589603.5126204
dee2e190c4e2539124ac3ee1,833313920.4413584
0cc2f3a49dd703e7554ba638,946947938.2366732
ece0394e38b152e6c1571324,1024729025.5509107
e14328c988a27176e9fc63af,1086805206.18361
a91664b9f15f9d6f262e7b2e,949638634.0869511
d54270fd6b09b38a978cd7b9,1132632179.0917814
40c74dec061500aaa78f78b7,612246044.1889172
cbf6faf7b47b43b2a77b3654,1181334136.3487532
52fa1eb3cc7cc2f77ff98764,434541711.5848617
bae512bdd3b04405c519bf4a,923450551.8135477
e7fbff0a25cde72a38e7c7bb,976394651.4293984
d3f297fadece964afe5f1cc4,897464397.0106746
2679ba671751ff16e76f1807,626004520.9240329
8059e45ca26bfefbb18d8e40,558067792.3220209
9e7ee8e17b1e76965e96ef95,917101421.4948483
9039bc918a76e486041842d0,628282174.2557805
1d7912750a5e345f7edcdcbf,443715819.5758239
4fe0482ad622080f55a0460f,612780747.9577329
953fd7541735fa8d9a342642,872669066.7965084
0b3021c156324d1e7974ce3b,1089298544.4128253
b0a8e4b4ef6678e6b43865e2,728257822.0081507
bb47fda808b52f30364a4d6f,653509062.0327891
d846dbe691d0ee3ac5c3bec6,1361211503.434418
21932b5a5fa65d237ddb6293,653509062.0327891
07481a101afc1d5db45245df,1060693418.8623059
d99c00c516cf57b6fd9e877b,396479883.0952291
6dbb494acdc64c03742fa730,906770550.991261
35f69c7a9870ac62735d7639,543149387.5473171
2721f5495ef5dde16fd29cf4,1066644842.5046489
0c068dbfdafa3429c71189af,571981937.430919
f3293c4064d71f9322ca97b2,1095682065.3300755
5eb268b95d7b6006b064f9af,725489649.9518723
e13a1c06ccbf814945dbc768,669684007.0166912
935a1e8c7e62ca9d3bff398e,703759386.9127029
f0c7ecd3b2261873d3664748,1113804743.5034451
d2f20425e236285124eaebad,617944041.8949364
05926b977b5df59857194ec1,484861178.51759493
f548ef815603ec44f4629a60,1374762764.3046145
6cd147720319f60ed2599361,844057533.5731815
6302477fe8172d08f3b4815f,435369716.17439586
b0af9b1e84a1886489d46b91,657815890.0818143
5f3a2a31f6d1838e0a9531fd,1005654773.4687573
96786aff35713dc21f6bfe5f,1099624202.4425907
68de232e27aa83405b4a19b9,1334203011.8636644
8d252e9b0912f09703110b81,413352136.8106427
f4e646df504728ee1e6ad0d8,396540563.6377332
e89cf4cc82c5283f3db6f5f6,459418152.4776959
1bc2c099466f9a989266be0d,390960959.13436455
bef2008b362c4af1fc3be566,399595702.96083176
7988f76ba063d25a4f467730,686985005.4009591
391a98a344e894c6397d62f3,439589871.5831331
5ab0b8b0d6d93c4654b5cc14,946199121.6694582
305d6abea2f3e496e3b6fcf4,979903019.3603032
f512fde4fa3f1f7fe885de83,798969901.5030476
c7b6e7a287602275f7854ef0,1102373452.8529541
3d11a16b008c26fe43deca03,785102198.2939384
ac7f21d22d013874c362d440,715503640.0188279
c933750eeb53302db0245782,587627584.7853367
766a8ff17723a5c34324576b,731808092.974058
802fe3175a2059f12d7edb99,446706673.19048136
508bfd077c80b6cdfc5a10e1,966703500.6973797
ddf8733adb641e15837bd728,744606358.7494185
17914fbe0c3634dae8ce9d71,784651317.8514545
09e4397bf9794fe24d87d07c,708779151.0952781
302918a3460b98acb64fafdd,529727661.6843345
a7e57a8be8fc8d8a844cf9f0,491070937.38108385
7b50b071f4d795c9b5ad7531,651623260.6561835
91a7bcd95c0c960e4cc22d91,887470862.9271532
5d4a23137173c0e2288ec418,529074137.8184029
751ba0c00d4fae1078c02fb9,684334771.449491
e6bc998ad1d87c5be3559ab1,555669000.2004869
53aa9cd32e2a6aa346d3d789,555669000.2004869
06f22f7a8e4e78f45ae81638,948752520.6846983
2105c17a4e2f97183e24aa4b,581501731.5197595
ec13a869c212c39b6ba21b57,776087529.2362701
0b49dedfb53ec812962e31e7,698226194.2337364
69e6fbd4d3816c4cc37b265a,1132845980.9000552
ad46f8bd482500f3bb935737,976522477.5786682
368f7a70a62962bf31ec9583,1348419062.8945417
07412230b931192771072334,745925582.0347816
e63d334d9ae8b672dc7b7d5c,1348419062.8945417
3e1c2c5b0831edf78f7b7082,745925582.0347816
226277c02e8532922a1c769d,910983695.6601182
7902ada9116a1cf7458933cc,1236717716.2543507
b21f6e217d6733230a8eb7b7,846987474.218704
09ac622c303bce9ad5514442,460666964.8090608
ea63bca8e3a77fe88d88fafc,487092039.0650626
a3c7c54fa12d5b57dd997210,476385251.37072635
cdadb2607807935a0a5597e1,645713115.3975394
8d041784b65d33c76e5245a4,962527240.8616723
e6807209b634455bad257998,558714458.3162591
b1e3f1efb232cb0976506cc2,1156096522.2000616
dea95d98e8bff87b905f9172,1241860076.252411
44b6382d9195ceb3f12d4939,896906314.3159375
41f33deb9990562def18c917,839512505.553496
0a61250b2c208d42a3077bde,907270347.2450166
c714b30713eb7877ed3cd92a,371870994.23260695
bf120b883bfaf7641eda65a9,860819716.4730422
90b34ed38e0f18988f11d77c,1049894113.0712532
feade1f4b3b06fdc12ec213f,800625765.537995
00bff9be2d524083e3b3149d,660140421.4568162
f1e38e53ddb8a9d5b641d934,1057757928.0354294
49dbaf0bcca86f32f86e641e,1252164992.3591228
18539b6cb6884f753e0ac18f,956725868.3208736
7586a79a0151387a1c0cd85a,699995138.7491645
d533a334c2ad9d510865fe54,665523687.6399201
95f7bbdcfb59b4cdb41b0394,773148274.2484205
4a2ae08359e1ecd39b43afbc,651035580.1931823
e8cf39cada5b7755f60306d1,948865330.5243584
0489a476b376f7f6efbc193b,393103875.96387166
7b31b5e53015f8116fedb0c6,1170258446.587647
4c0892a39011cc6a37fc1145,482049258.8760159
92d7d4fa9fd09075bec14a3c,1094218942.1660202
5e5ea93675900efebecaa19a,425866156.5880486
084de1226de9a6f4a6075c2d,762445876.3460653
54f16cb9563346e15b019102,413856302.6693916
512a6de80962ab797ed2bf72,991756185.010045
871befe27fa79fc1e1813b19,1160637420.36158
4e0b1df5e05ac505c701f519,469412671.09518087
37227e66adec69299f853e51,746972117.4288373
0a0e3ee960f60d04ffd6bc0a,715974937.8247312
82b15a5da307865c7045dd56,847059942.8925476
44d596fa36e3992208292ade,515073883.20061934
3569024b3ae4865240973e6d,505062456.2875594
31d3215c8345d48ce9734c65,464365168.7653251
147e7f5381d3c951fc446376,708566344.6761539
77deea164a3a622df41249f5,392331554.8774609
3cdee5304896e4cb9604ebe3,621933736.5347906
f5418917530b72c9fea14f66,584505110.3765843
ffcbce226963f10da8c53fd7,668891528.0554566
2fffe55a1584619bd7c489f6,733608060.2682867
3920eb3f72b96fcb58ef778a,387098407.9363917
d10bdbfbd411ae625dc80611,461411336.6151036
d61ac80c0d4737c3529f4a2e,575831080.4451635
f8948886cb4cb018eca25d19,407607817.19046736
da5bf7f1c7b2f4ad670e2382,593493793.8335608
f406c9c3c92e9b31310a50ec,727355975.7207848
171b560236ce760573a990fb,1218305619.6649508
4d852bd93332172bfb081aff,1218305619.6649508
2e1f7569d134a931098a2ede,864998213.7105851
6d8d2ba62c52445d78f687ed,787286726.294674
65ae1a893abdc2eaa63d9271,1307987591.3594635
c9c51c39725d7df94822fb20,444679931.1142803
56ddb54e50deaf650a25e82c,613260809.2164019
aeb330dede55fb66654901fa,1055657808.8856999
4f4e3350c429c6afc0bb0094,763502978.3920513
39377d0d271da03ad85c7bd1,463161255.6297401
bda2fcbba2b412981e708054,967107741.3781724
eb89d0b7914010148e6bb597,653280028.1610589
513d0ddf1ce44ca671675fe1,1077698022.457468
14cd5f188cf6d2433240b5cd,445104446.1547054
dbbe0b6f5eb07a5f9ec873a2,514490168.0002341
f9acdd3fa50068bc0180d008,501500101.38577247
4a85c36fb854e922936b57fa,365583352.2257117
937876bdc44c3b8fe063a9aa,444679931.1142803
001399d3861c5792ccb8b515,1235713659.1597826
f28514aa4d6ffa36104411c7,639165373.4583349
3b185e3e31f7f5e6a1b3193c,777824055.7095605
f4c7cc4a249ae7037aa0b35e,704449882.3986403
b74a02ef5cc838952bb9afd4,900442640.937083
75f5aff9fa70208ddd843779,668325892.4805273
b7273cac93fb7a0034039600,1269148997.7060623
b73bcc0cbfa173c9fa404369,1133767684.0381584
3c4c18326318a7207b589dbd,365657469.5069181
29a230f7dde5753e65b661dd,758792338.6965897
c083a5c64c4d6952accd7bdc,659741364.2747011
1cf29f882ee8b458b8f27091,813918620.8155565
94c15574aacdc5c3cf5a406b,498051631.8026185
661f7eaf134a5b142843368c,583975205.3650866
14a5bf235097782f468fbf23,592967533.051562
d2d46c70dc048c92c8e4f09e,844121556.3856752
f6faf74c3f4e02a6b333b7af,1032347461.9062091
6dfa362ff7a0d55693793db3,802641175.7190418
b070e3747bcf22ed67509efc,841092184.2594093
7333f19416625d6f4244fe02,501957254.34238017
3c86651d9bbfbb335f15b544,647714856.4873058
9d8affa93ce4dc7c1a21b3a3,1009680131.7082448
eb8cc67810d95d1b102410b7,922251556.161436
047f94605add5f6f84fc3f90,766832599.143343
56ba332c82c36f07ba6bd271,1371044542.821417
5814a1dd61362ded4f1d8d8d,1522036333.469125
141ac7bbe9637f9e5142135c,1248099069.443649
08db0ce5cd15db2404ff3d28,469953892.15528834
c38677ed0876b7996f596336,329046566.0362026
daa4d7da8d7df8efc1adc9d1,455122733.018104
f15c6403c6d4e3676a607780,474200789.01215893
4d0cf77f8cfcada2265ac585,522893546.79038805
4caab3951bd6cb6dc71ac8a0,472865275.81923264
7cb64b94877a9361f20027cd,527450374.35083735
3f438d6202cfd4527bd8f983,443425012.2888239
b7763beef728bc2021ebb841,464270514.8880873
4cea8ea969dcc433fcb59d96,839915757.3800452
24fadbd1dec637edb728baa3,890678257.689323
63cf422266e7c39a6c895b3e,800358025.978699
dbaa5d47ff63125584bf7ac0,777965955.182499
da12ac932dd8a2fabade4bdd,665051092.4438864
f35538e95b4a567f9b834034,1443725026.1939435
6ee1e976768b68cbc8008950,589815168.2428904
a910019b3d18da92b4c6862f,762707190.1664337
a09413ca0b723170c26652a3,690123003.253657
2b451da55be3683c33e4de31,1027112175.7900428
561840990333852ace562b82,720927218.4642484
b6695af1ce28eb50d7a2c25d,1087986806.6930366
9327563b40f2a0f888c68f28,1276198752.7484922
3438e5d77044f21743e56edc,901513904.1018926
63cde4fad1be942dc5ee695d,453891817.4562061
8e712705b7de6e791c8735de,437823088.03570163
85de01c0aa787152c77c6180,441479291.0005904
c9b0673becdedeede0209697,389747029.5248605
15ee6357e02b76367682d6bd,1091052176.0848663
5f284a75ec8e9c72abc76695,900616464.4705374
37e696957da15625da71146e,651189668.4947096
96a478c359fea0014fde607d,1180282880.3969104
1a61721fb7306d55dd77b6ba,1180282880.3969104
a7577260fa10bf408f1997d8,854138026.6719018
b3f8ffa761119a5441a44ad4,1251590734.1688259
a5c85b445f503a56e0e2a924,1227544302.3286228
5aac1a1d5da10b76ba4b690c,1047197997.5132958
1420543e2eb5f38e4d38ba81,1396648207.2345467
a530e3ff6d7bc1abe333245d,507503033.39908826
aa9988248c7dedb016d8b6ae,852417899.1466285
fe8ab5495cae81b5478026a4,668698102.3474355
b463c62e3c21e339e7acb52f,655729598.4261489
00a5133e7373eae3f0be8f2e,415315265.44602036
38b424cb0e54f0f7f2745781,704719111.4635012
c43530f324a3ac90f53a8849,657668925.9974204
abf93b2418fcdac14293c9a7,613375894.5459783
9b1be976725ddd512cd222a8,1280023380.4234524
9b7f17ddae12105d47fad7eb,937178218.9722953
3caab5e89722761d5ab2498a,418160510.2679313
a2f40c8227b466249d6cb659,1036667514.3261441
e6a5007ffb7c1321d4fc21a8,604683020.1067525
0d50b435188b7830a6949026,442938898.41614866
d4bee60a74c2e2235f507ec0,849367971.2522018
b474103c4b637ca25b5d89e8,644215956.6447016
ce6ddb82d2ece3b8d58fcc63,602560814.2188725
28403f16831effcb75471738,394802083.3039113
03f518e2e5861002772345fd,374190789.6528258
011a6d0f12ba108ef15076b4,367424253.5051521
93ac0b004ca60ea56cc2bb9f,460903307.3750133
1b70fbd3e46da8c47c3eed61,463979905.46264714
cb40d6ea6a1eab77a60c1ba3,648459430.8143122
87c73db5d50e8ec3a22e6ccc,768348635.7197871
9aea45bade274e4ed91ec301,420119958.2256852
43c22bfa9a14df7b0126c12e,656815619.7666284
6d848e54ee68e6d8f23b3b1a,478398911.8864236
e5cd7a2aed48057b0dc8d970,443881888.80136913
bc4b94c892fea57ebae3eeb6,459174552.0588248
e7bb12e99318573a6e6ce1cf,724753020.6935523
4b52ebb0f0a8878def4170c9,592812291.7085909
3e85b447edd3b23b5a0d3b79,658580843.1976349
15005fe7eb24aa25b9e3cee7,707964694.3788373
22e00f8057294350ddf4d42a,765012251.7782329
ddf2583bd65f02abf7ce3280,976703962.5767852
704e5657734af93d19a0e5fa,849820289.9671688
cc1a11362066152d21d4cc60,510041057.2920261
12062de068acd322b610fcf1,783475997.5003074
e9804af0513b2f68daf182b3,812214238.9207511
f13d8f4b2e3114d71e5ed941,790005715.9735967
11bccaef3431fc17953eb81c,1046608596.3253311
ef2b9c11f884cc5f31c26f60,902532180.1553695
25986c851e13c92ede6c6d6b,1340374349.889572
37e28ed39a51956880d211af,1356827587.0712426
9530217ea0b5d2395adfcc9d,1351749205.2261775
d8607e3261ef1546eb0c30f0,1047308486.1207684
22a025ad47ba22ea9fd1a094,922498288.6682957
1c88ddc21f3e8e4ca633621d,337313452.5102127
e45ba581daff88707ad842a9,480599216.54706854
d7e97cc158c6c54b02fe635c,720927758.6328967
04bb7cdebb8b66e783058248,511450723.00295705
d60cf6dcb7b4b40077536604,1078806735.3088741
85ceb648cee9f6f3d221254c,682599658.8423035
f58528d3ddce3bc6c71bfce9,823569685.3020885
c269765ece36cd93058efab9,630075547.0824084
919bdfeb16dd0bf67787d53e,476714714.18312097
ed8eacb8746dbcc3c2ef3aa9,855166828.379072
15ec532ec6fb73074b9b12c9,573024303.9454747
58a724e8a0e05140b07539b6,799945215.5987818
2b7a5be93795a65d29970b02,855900449.8522996
6dde9af12b6597425160a47a,1159508405.025154
f0ec99c13c61e89310ca9b8a,623033051.5640283
65c83da72c07b8e74bf581f5,736206369.42577
3ecdb7a7d178b48361340ea9,843923962.7166109
af22669e3ed10470623fd8eb,909368695.1344053
748c981380925e1247b9e64e,1144964423.0052614
78ab6cb1f62a7e781d4c4d0a,468670838.4137118
e80ba06329760362c7685ca5,516506947.7646661
3cecc0cc43ef46670a8e69bd,554689013.5536782
527e4b1b06637b5362c8f17d,661348627.7702969
cf9eb2cd0f20b13cc8816bbc,402083369.45500267
4b3a6baf8196a59bac8c08c0,440102560.7183046
9bb9864a6bcff25b17477717,579502024.8097086
4f7d630c921cff500705ee5a,505146182.5656176
7b7c0544ece4aa383fd5b4ce,722328408.5650811
191094739043620c72aad2a0,817059691.5079488
a20435d582c7646db231e7d2,995651544.1590142
1555743ec7e2f38904852860,482379802.96180433
1c7452cfc46652a60b7a4f05,815091397.553893
97439d5a82f970e7f50d51b9,894429250.0290232
7667cd57d0bec809417c9b11,677873686.066133
103f6eaf04b44c4013acf097,1267445019.3322616
e6ef433629e193042bd30f4d,1030869933.0038841
2ee7f959d069c9ca223115cc,1306947935.3007023
b46625b69fba1afc154471e0,847752158.4689842
5cc0700421954934cd8dc445,1285840654.2373636
066f1b68f7c053a196662fe0,760642842.333291
645e1c7b799a489887086a1d,1113804743.5034451
f426c41d6d8bc99f359f480c,425884430.3747337
d1be4eae680cb16d0c842606,1374762764.3046145
57a5f4f83a474ae156f207ee,725489649.9518723
53eab0ecc3ff098d55666699,1203858840.0251176
54022fa49ecd9cf290aefc89,1107515799.4416883
545db4962e6294cc5ed07727,1280023380.4234524
8e17bc9f09099ba3138c232a,1117918245.729963
3b4b303bbeece313f92cb85e,769225926.0692768
d0119d7bb15452c473ed28ba,937751917.5507348
1a36f98c62f5126c8064314c,785652929.709274
96a77e8e42d676b0da3fa572,699997453.7671272
d7d6f668e3e40d957163276f,471224379.5408709
5b908b8abd8dd0862440c172,541832890.7009345
81716dd4aedf72a6a14392e4,432744048.54637265
47d252717c4bcae3e1ff19e4,1023175339.149384
4f0b2f7e4d787a108a4d2537,543369631.1102295
90a43053efa1d292af692a87,487692648.16725475
c3df4b9fdaa4dcb13723b5f1,728015592.2541759
4b905620f76873355d317dc1,847542558.619727
ea16314310144a10c81da9c7,508924386.4360453
0e5db1a36a521a5d2912b238,542256586.0452629
c53c58dd7b26902f67c3becd,503498624.5009335
6c17875f20f58b1fb211c18f,1215601512.343777
200020552855ed39d1af999a,581613292.0262479
b44b862cbd855d46954eca5c,624420195.9008733
ce47299ee877638c4729f60a,617454020.7868718
3a28bf9841e6a9d3f1bc293a,845807513.9990114
3a488b9e24d9b8fc7c222e20,373857773.4183133
5469c33200ffa87952b356d0,397891685.6714248
b57174dd86ed451448dc501b,568204710.4707805
ebe09efa32acf6d680341840,797972954.510372
33f7d5aa494288cc90d60456,1246038369.6917403
de9a32ec454c2696cf75eb0d,613946699.3680433
df4400c44a166c851ff46eab,720896020.3737891
5dcc8f6a6854a864dcd27a87,475846230.41083306
bc08ce9f24533cd644ef08b8,441278901.4666101
2935cc0e053bf558a8b73054,475846230.41083306
f08001f2590d7b734467c58b,557858319.0193721
5a9892659590355b91442979,706367447.4692503
ea34dfefac91681864c2bfe1,677030642.5013885
ee3b5d47d05a80c07751f7a1,1218891061.3045893
448ad01af4c5cfba3feeab26,1218891061.3045893
bcf43ae0b4b15ae168abca97,1090156332.719835
8ccd326e4f515bf7e817a14a,894622892.8440262
94535dcf38c9c6461a73db02,428480668.95658684
9b3557302e940d4da341cdab,723809854.259913
edf8c961862a4ff8e1e44f1a,833822711.4112781
6e508fb72f189a4fa91bde58,1248769967.607458
7d0a4771afb00cf9a38ccb81,1441022993.8887403
8c32b6b31d1a1d5736c4df61,1156096357.1545825
da782fc0c8a79e3e250f0f67,389292641.5745872
c86e643b7f7b57b4482020ef,459828999.55457526
4632f1e8fc93e268ddeba07b,533491676.9614589
2cd372392fda500e6526695b,703980703.7258407
a05ef49ad8b2d6c466ac7412,878247908.6939248
9f50ed2b7e40847ffd877f4b,1075247461.2227602
c00083aa30ba7d953361674f,394574151.307444
50857161c59b991304f5c55c,741582621.5730835
3676f63aa0ab23ca7cd344b7,451476156.75499433
3710ec95af4702c45f165279,709525125.5608317
16db516a238934a730ced1e8,480101727.4765855
d450dd622183c7cc43a20d70,448698949.8904122
ba84fbef80c8a82895ec599d,1400650203.6914458
ee85a12b8f764bc15164dc7a,716739331.0657954
0038a3b703f4ec779bbcfe6b,932376126.4196476
aa643acab634ee591a2a43ce,635584511.353389
d6438814f4ff3853bf6cdb13,997613037.1878766
a37522af63bbed2f4d10900e,1398387956.5154362
0b715ccd3b3e01444b855857,401434613.7886914
fbdb9caee4455e99259cf921,410393863.18860316
b3c02569b8fb721934f51c52,458263568.2889922
c07e2ef0bed4be12e41c783e,416258136.6468722
1b4e4016cb766bfadea42f73,404194455.98218334
ecf4e968c925cf8322f8a0bd,411804790.79651666
6cc0e6bfd30ed93fca2bb217,411305151.8370728
3e7f514983daa92e49a7c87a,453092187.78821963
97a22807207cdfb341d5c50c,396592734.091241
3f9e95762d2f2056e9716039,540252298.3349763
255c5b92d71a00c3a73b9aa8,405825162.3971986
58d24ab99d74ae4c449c90ba,985415731.3176498
51d1df6e1f28c40dc9074b74,1215522818.0247738
16261339c3a99635717fcda8,1032211530.6274164
1475cdbbac4aa486266e439f,773903330.1139508
2a9974fe07b1e4427e386e06,854093278.3115325
cf76689ebaa20c70d9db4d51,1070412582.9301012
f9379319f992cbadc43b9189,813283476.5311328
62313cfe4272d263173e1ea9,848987168.6955502
b2c62bb0cf8d210dc4635653,1168669621.2065656
5d2fd288d33283826210cb90,1351749205.2261775
3454ab4ad567d2d22d990fec,644157421.9067116
58be66aeab226c35330d57d5,685416893.9560664
315ea6fbd6b3261cae7fb900,819749597.2897462
6930d8e260fafaa5c317dc82,517693847.116171
0fa99fd0e8cebb71a3bb0871,342389492.11855453
fba946e4ceea37176170835b,439174680.42765737
b53d4d8d0bd4a0ae84fbc22e,415963348.0271064
8bb1a2ecc997779d1addf12c,437244589.32106245
6dd97377cbc262b07ea2eb99,441868880.65824586
5c50853824c890a5a7f0cd70,489655221.88147396
4c3865a97f5877090e7a9649,824507418.0354451
a3cb2a035f98276076f2d848,398508548.3083775
40d04ff9c405cccfc82ed5a5,408706367.8840274
22caf82aae904c79057fcb3b,495750385.14693743
eaf87358d89af17c3e004c21,747999839.1238585
9ab5ef2c5650c4bd05248990,404967764.3121381
d96e3063ce77ab1235e2ba26,489248491.6497939
665d62a8019b27bf5ce6e6b4,436616576.8485219
56234f11aae98489ae00a8d3,518895589.30827296
76a5158e1a5c1f9fae8ee882,556790975.0415473
d974970034de145d469d09c5,654901293.9807814
7b5db1e4f4f47b4bf7c827ee,523464548.8243514
73ff6ce99ba5dd8cfab0faed,435193032.2526156
e1cecc8f17883ba6e2723826,466823230.94506454
857870b1412b84f0f19ed751,379813238.67454416
d89dff35fa1944191aa9ed98,1220287512.9225402
86b89233e0176e034ae3cb7b,997610576.4288313
dd3d529f3745159d9e7746b2,1016226401.5379459
af10ec1529a63d0bc10b056d,1026669819.1338332
a2645174e4e15c49331f576a,967784216.5827876
311dcf366691c44243b7b89c,1206748677.986394
4cbc74a93e33f7b4812e1a7c,560575921.4704258
6e0140e1d667cecd155c6e23,718491068.9509852
dba6308e2358f30b7ec33f59,941358409.6853728
761ba98d35074faee3594dbc,740172162.104197
b961220d34be930fada80887,1150615061.5666118
c9c3973bb37b5c688a7c0157,729049900.1397647
79a0bffec81b17d606a606f5,967784216.5827876
135f6f92c4ec95847e8840eb,484507432.9782106
05858b1e4445f56f22e1f4bb,1062803594.6525009
623b7d96c0fa09e50148aa7b,787242869.5994157
e61e5d3288f02b904d3b1e38,984090572.9519866
0d173e7afc8f8babbef6ae97,1198119554.1803966
7635a792e5002ab99ceef583,800102451.5171615
4da93e7126354a474d435a4a,1067417736.2433403
a4c71322f79dbbbedab3191a,943701738.1970011
57ef53ecf8b709ddc05aceec,802331302.5040394
65c3e09ee6f1ef0500ca4316,966656276.4585686
74d0b6e87c2045f95fd493c4,1114130178.9172587
4a3d0390e005fa5b4c9403f4,1253238034.5831814
a3aac701ae444b6d91b7bb0f,990874644.7076502
4afa3a1b63c076123e7a5279,1192582952.3921604
c97adfa6f5ad3e3db6b80edd,1210845696.4718218
58cdc29143b85386c76bedbd,1264374525.1915383
1f81176d8a0c61a7177c6c2b,1306463043.8120065
1c2e69465c75fb3af2d57351,1024322184.084709
7a10ffd970cc822108ce7cf0,1247499313.549255
3bfccc757ef82ff2774f2db9,1274500886.2992938
3c753ecb3a4f8ce43077a6c1,1437870384.4094095
100e9e2623cb0fc52fb08813,1047133740.364075
90a269d52e47c1705f9b6cf0,1333125628.5935922
34f4df9fce2ec05633d0cbd1,551181334.3342797
1e4fd826fc8693b17f6efc3b,1126566289.7472804
efd9d848677015f13688453b,428996324.5938181
07cd866c871333283ecb2d23,1138899495.682061
76a307d6b36b8a51115e91b2,832607633.2091684
080969c751cb94822aeeb755,360118510.6873267
1e37fb708b70b6b5e8fb5cd2,533198276.25576586
4e47d2c8ccf9929ad9c84544,481474275.82137257
3c877a0fbe08cda958ff8f46,1086215456.9647849
ae59a0d6441697841d86cfcb,437429829.767339
2fdb80ee4f9a35663e92b3b2,504471893.43948215
3a513410a390c75fc14b0b3b,504962339.11811334
0616401503f2ebc05af7ce4f,496823857.8730141
98b973c8597d5805f87dd074,575810342.9096501
7063abb555d919d5300af3aa,896344081.8902303
88c4b21ecffe12cb6c408a6c,856336472.8135992
75a4421cced1111492d00298,462933504.22643673
0482cd89d767b3b7de976c3a,378844503.2127597
bda9e5d8048acbbe5a9d49ea,423995104.5994581
2152ed6b2b2eaf16ec272cb6,425495012.3340988
9bf2e0c1bc82010e92da2540,738206102.6775101
110af3c21ecdf156898c7c0d,1097289244.6273153
2790ead3eba9370f00024472,654330537.7813032
9b06c7cebd33cd26cd6cc089,1423107060.8657708
fbb89795386c14f5088fccdc,845962362.9869658
e8a3d9d6134ae8d631791e52,1389978600.8880258
5c535b7d92e34c0fe4b66891,946322933.0293081
d88544e4e85add30aa795ce6,469446342.62415963
01b78983d268b52137e5ac1b,418660644.3666397
25414034e50ca33fcdcda4cf,635038934.5433996
2212e0125cb7f75390020951,798480551.5182806
a4d5ea1b907e98be72b5c49b,519663458.62819016
2df90c0a3e2b9138fe276a75,862587382.1512495
c520b7e8de3796450ce49a30,388683605.5058091
35114fa32397272437e67a54,435571987.1369949
bb5726ac16b4ade709151159,491442048.49078923
b4dc6733589bb35444b74c55,956980192.7257391
3b0b0bb06d95c5ea1aed2d95,558123087.4515942
fb7bd85c05cd74d945d22de0,536093379.18550235
6396667677a878ff61e1b536,539913500.5289634
47b5804ba1a998c3e7544092,915708446.5196756
ad4d91ed26c1fd5702b94064,734627665.316675
2b802261b8bd839aa0b04b16,847768596.2772173
0bf9fe130da23aea7142bb7a,704870863.5911365
90511f2411d4a37a7224b995,739368368.0624893
1355fdce5b97bb36da15734e,1190092020.226051
775a6affce535c5a19ea5f30,846084146.4275867
e36d70d72c2758d7fef242df,747768554.0662578
2fde05df6a3aa9f57385e6a7,432525114.263405
5e0100ae728e347eedce5b14,1374762764.3046145
a636ffa140f80412f003734d,985396919.0190692
74746d24b9bd86e23338bcd9,725489649.9518723
99c539fecb3bc233288ff905,824566865.7057743
44760087930212643641eeb4,1355063357.263008
2c5d940b5ef2276f1fac1ca5,1113804743.5034451
b26f22f1fd5a991ecd1e07f8,807303792.3575559
1ffafa78622c45ea4127ce82,750600201.2229863
32a555016892e7a74d231545,699997453.7671272
8d06037db08d0754bb67da4f,760642842.333291
80255211d99c72e343b32798,1381700763.2035635
070062cd1c769f3be9255af1,1355063357.263008
0451f65828e628c2220df77f,769225926.0692768
d96f6225db81dbf3d1a0e9bd,424381831.3609545
b1527eec2e6709dc51e03f9e,1155738922.0768423
5464fe43eded098294d634ba,739368368.0624893
ea37ad89fbe4159940586718,391478300.2757989
4057a676e7012fd37af9c3b1,472558733.29346454
51273a81121232e7f30cfd1e,349309078.08308715
3cfd9ba5c6993718c0c532ff,414502880.4492762
8567e677b30c410df80004c9,751333711.8923019
7a34bcd9f86f5036b526c3f4,651713869.049598
3dda25226646e1e91f4c948d,651713869.049598
a2529027db6b525e365e7be0,453376034.8666911
c6115d5e908e04e67915a581,626159128.8395855
8d0ae601094562744c8dba4f,443300807.786469
55209683056fe2f9faef7fc8,455631000.85492706
e840095310907e82a159d683,651713869.049598
278fcdbf16e3064ba42c6785,1145452430.716886
74af10afa02e7724eeeef108,863408252.9342945
b763f71e8a5bdeecf0f3f0e5,392964861.7330863
5472d536d1b6b731537bb67e,685345970.0972879
995ba6d1fd63d5160fb18e71,868836608.5265989
f424ca724e7df1c37ed78aa9,845066494.4068537
c2aa451b62293042b7244fff,993871359.4273576
d4ca9506161d3f4bb3ca57fa,383244203.19667476
799862427c1f335eadedf4e8,378992902.6216904
1f3b3bd08063993c23586c93,489591003.1386164
817422f4c278ff27a22b05d7,445724705.13032013
db9798a3f9ac287754f3ae01,862956168.0930938
7ead45d1f505649429904307,608565218.9447579
ac7ab254166442188c6c5c25,795429770.5219094
67250a8950aebdbc67f7fbfa,1071162120.5158738
641f4319c315cbb74872b8ac,370027319.55341613
710b0541a025b1b6a5a80c41,415146227.76542974
a10f459124248ef30f290cad,565248664.6726182
1aac53220223d0d823e70d0f,419045421.0540463
9d0ae0c4dc11d8c6d94e545e,776658059.0607277
be685d2954b8c7337ec94942,565777108.6296667
e43151473292e4e98f121f63,430007454.43886244
e04fab3d74d14be3b8dd2c8c,594067195.6280456
c77509a6eb6665bb8eb07d95,733135729.8509097
9753470e033b35407a2eca2d,1059746587.2100463
825f57ad0527d4abf41cffc9,995333566.842904
0d8074979d302868c2534262,1221211148.5341272
15a3e60c7a5d55243057d7df,458125298.1521466
6de06f867a28393a9e95c7d4,362216032.46165967
4d418d0079828e244dbaff5a,585572454.6445377
2de93fc191360ae22b0402dd,446509089.8017911
86792949f2e6a347208cbffd,391862328.3718348
6d8a0768adedcc1070d28390,851686614.7125663
459963742bbaadbd9db97723,787245749.7353648
235b10cad7233d579a966948,462110405.3556556
4443407341bec8b7b0af40b4,848744802.5928535
d7047492f4c53a0cdbde60e5,1215716159.2747893
5541cbe23acd6ffd4aa0d939,976522477.5786682
1d0853f825cc0aec6f5544cb,892216723.9256167
f016623361c6ccc5163e79d5,1231047450.3401556
d280fed64d1c23ac9d79ce20,963481313.2081121
7e86f11cd63ff6c8a3c12fe2,1056229106.3955598
9d7f161ee660b1bcb54574b1,1244353456.4431198
a0722c5527c6d3cd5cac9477,1347213717.5936635
278a2cd98528eb1341a6b685,481593898.6540459
b755f88ff3907bbe2a417e07,1027190526.3660533
2bb55b0a92d62454867bb158,986469894.1176205
960c9349b6ef9b747ebe5829,1295929607.7424667
2c8352c418097f82a50d9bbf,1078407922.185955
47d7ba800f164f397fcafa9d,476888156.87002295
610061a0e67aea7d222f08cf,1289877752.587769
a33de2559b5f56d1b3cfce08,665234968.3369813
f020fef57e9069e4dea2d71f,1293182603.8034878
883f095dd3f7e972d7dd3c2b,622294770.0360025
b0b784bfe2d3c1b3b1320613,671014990.2826828
1ea66dd4a72d93f5967be730,480620622.052911
90b04117887941ac898a67a8,375659060.83818406
022357a3d48ea87d58ffb46e,375980313.6935108
292224fa68b0303a90063801,550680556.1795505
6cf924390dd3ed4454403887,487956128.62952864
555a293dbc104e00f182fe34,534327349.06239384
e13ef02a57d35f71a4fe6121,440667497.7745726
c82929467d22589ec62c0475,683074984.2234182
18a74c9a49ad381aee5e02de,467927522.49227184
da40d46cb91d9e59fe12e6ba,571565831.3461616
6320f26d77fcd56675db6b97,861486660.2634937
3307731f3bc518012912f1b3,724364997.3394908
ba94572d1e050bb92522f112,465403732.4548433
6e0d6bcb01e99fc4959d3f7f,386068401.17050976
dc3cbbb2fa00043d02958219,548340913.6498924
495aa774f4db66db6df30e93,410646617.5030688
6ba298925ffad32daae55385,541389201.9196674
8df5099d856c7f9de43990ab,742397015.0816152
93c5c5d9d1e99824178be9ff,783225483.4464968
ffbce3ccf241890ec95104e4,414503947.6053383
2c03c38782e365e68b32d6bf,750479493.6654683
7734421098413f27fae86fef,661623706.7229145
2b50969f1faab80655bb9104,598183176.6629657
025a98586386211b1519f9be,424860885.4295488
6013b8c04f7b9fbc74ef1ec4,649702251.7395914
11075db1cf9899c8640e1b90,588636551.3326812
61ba09084039a467410aeadb,655611738.3262701
eb2880c2433c4b2500fd40ef,425302612.5940638
f7f8607535159c82dbfc6c14,408508640.9507828
35c7a7c0ace36f4b95423c4c,456093646.4051468
c71123c31d02408cdaa74daa,573024303.9454747
dd8aa138623604829d56ac2c,386068401.17050976
cb94eee5ecfc75d0fd5ba6e5,487487376.02900374
ae6bfb4eb4770f2266e3b961,662419500.3644766
573ea1962372999346590c0f,1128954447.0648298
9f7204b4bb3ffb8591e3164d,912693741.7603621
a4410bebf9843297fe32d63c,744610468.5597428
2afd9dd680803e3c12d5242b,901035245.4766499
a7618c242fd918ed894304b5,547006567.1760103
5ebc5cc2c1488f681cd119f2,845859060.3129553
cd53a991573ecb5c53f47986,961923970.2577418
75ecbc0c0e8e76bb8d734f60,782978140.4790452
47c2934aaa5934c68dcb9e51,1093665589.540399
386ad1ba1cada9649f3415c0,695346863.5818677
9ca0839c9c294674e86eb691,1112629963.763539
bdbaafd11259af6300321a89,735986739.1387676
2e41ceccc918145dbe7de0be,552454688.561595
11df35a3fbcef34e47747e38,890881475.6790907
b0bcb64f2f2ba69cc712e0ae,740368825.2287334
bce0a4447db2d54d36661011,641807388.0535479
ef7ba10407cd74590ea3fff3,817087052.0572021
a743dc3903eaf3576046ef3d,739394929.7412555
b3d072ebd7908688d908d350,963962003.0237772
a48abdedbe3d132276dbe403,916143046.103431
c6b7e739125907c86a8997d3,830499492.0495045
813d9415d9abca46ad4d92f0,1303999903.371044
c631f8920a2fd1160f6b15cc,777772863.3755945
16194707d4e85fe332411bd4,777669356.9122405
31e241881acaceb02ef915d2,987254269.7023977
a3f1214ea44063ad10956fca,912754612.3575377
ab086fddcb949e3dc0ed9b5d,710009971.2050966
ec4df02b32d90c019125d108,1010450181.3724562
09eb808ca3859318d6328db8,750199449.2340547
f520fd12dd3ed32ba78d357b,944469775.4272012
0a2f7379cd1bed7d2d2d5a01,990221537.5093864
30652905d3eacda34ff61a9e,917837794.036278
0509650d34981639b9c64a22,788652394.7882003
77cd6b199ee485314bc74626,531286973.5493277
10c836c2e566dfe9edcf3d8e,1160448658.6779544
e109ccb29c02c9b35b789c90,903211215.8336589
2d60a221b478264cab9816f7,925990501.0499103
d34c48ffe935cec3358b2247,1006493111.4036722
9cbed1ed72b444c22d8c1614,748506105.7677877
735c3aff4c151dbc32f9a76b,1193292501.289726
a4b6ceedaf89cff74a292ab5,847322222.1962234
052957f95b6e7b41bc625009,1040886000.711672
33a61cda27fadacce0d1aa7b,1102684105.5208051
6c3bc8c58ce67b8bb9f5894f,891402445.6572411
1988513503246248b80c7f17,1265047628.9726923
57c29184563b31f5f752c5c1,1368564855.03216
bc6a7d4ceee8bbff9ac5eda8,904436794.4660035
f1b7ae24195b4414e6d6a001,1421235167.8950655
e7b3ec90b47c9e6009ca8a75,951965966.8063167
39b62c6fca161b80bc6726c4,1143367612.3795996
55163359d7cd910861059389,1514835108.8075643
df35908d6ae2847dfc73cf9f,1084370330.265342
ac822dd448e04e9f8dd1721d,1195411590.6992702
7e86148f53beefced6e0f3e4,495872262.94960487
6eff15cd6372aeaab2e665d8,437673935.15645015
0a1af9bb571b90233856289a,605463992.1071055
b3cc5930a3cb26e35a45e09a,571653258.3164296
0c12f73305bc7d72bdbd9789,547507115.0893075
ac048209de77cae737d60545,392314969.8365811
9239fafbffc066dff0811302,331359129.7313491
8e0ba427ea909cb7943929b0,510297804.3411295
b3c99f30b16fa80cdb4f213c,659438082.7505143
d1dc16c82942902c668a5c9b,957521691.6888493
5cfc9e48ab90da0f4e98a7ae,937664765.5192293
9abad9f79352ed42d1a9f099,440744645.88279957
dedeafb60b4a39950e7a984d,440744645.88279957
74cca5cd08c4bbf5d0404d74,879116523.8709757
b6aa1cb0187c4a1715517fca,440744645.88279957
e22bad460ec1bc991f14bfbc,857099021.5937316
594d46a91315527995cbd807,618072889.606735
2c0b4c8269cbe25a4e85e049,384569584.7760342
1014d3a98e886e1a7358e29f,569740409.3908249
73d6bb3d6ae08921a6117f5d,425883213.4830297
de3b619a7c80549db6ab16af,469133647.69044507
da34d6cd832009e428d2b467,414605859.3977386
104722434c2deed04a901aa0,449332672.2731969
cee66eef685e4764b9553a02,435193032.2526156
58b40969f1b73182cb6d30db,435193032.2526156
964e9c3f87176e761484543e,585871124.6851732
19487167081a9b0dd09d7975,1205356631.6870177
7d8e345c9b16d0fd69f848ea,1310723083.1034846
7d4ba999100c8e694fd820cf,1032565694.5364373
c6b157e7a6ca08d04ec4de4f,534072257.5170248
84ec2d5245cfa146dab05065,788118271.3575342
c844a386941b86a3d4c0312a,425638325.77293223
0648aae13097ac649fe714b9,1061074556.4758434
34f220a8ee1f24bcc5790364,381453516.25397134
d12eda0ba04f846d73cd7acf,1214685241.9404354
c12904320223ddd043f39c63,451476156.75499433
8bce0097d22b34a804b502bb,438251083.68575037
ec1171cac1eee089be6f427d,441212761.54486614
5d85d77a06d0f0324d15d162,1097289244.6273153
0349908483ce628a0a5fc164,1201017383.0229309
d74da3bb780515b1273d741c,845962362.9869658
64cb8fc8412c9247a5c243ce,1389978600.8880258
3a53919313bd750f2b1af906,1284602125.7260973
91d265ffaa6b407e9747b15b,926758319.6525702
1db1d1b76e09197dd915a8f1,1508883614.5464063
6645a3080e5d10779672d139,1049767968.4035517
3ff6e77706eae698f86eec29,922126994.0825949
4670d21fa84e40184f03d5de,466419456.37853026
ee8bad3fdc93f7fb79c9cbd8,1038512568.1484668
b624f0438025478c9f66fec2,1061768243.491705
37dba4927e327d3a4a0c1d36,536292713.6267375
8d16b1bdea35630a3b09b192,509308951.44245297
d54a4c353cebf18d452be515,401421304.65722054
c402811ade75f5e3dee73ac3,680020461.7832004
dd926903e87d691a0f15dba3,707019332.4187099
cb01687abe09df6838e1b224,579364770.0445205
6ad3e1a47d1055b55d14e091,606965730.3074716
b8d50a94e8166e471fd8282b,593921117.9546868
a77d82703468f2f9e8f2ea0e,648438288.8403443
5d2be469f69f31090769efe3,721698029.7771575
c4e8559ee733a551649a5dcf,733423563.1885811
5996fc90f923d6e8527097ae,692947848.4594014
32d5772adbcc785ecbc2c55f,583221214.8115517
5f088237d263c37e78264bba,722906036.9650421
799afa0396b9f268f239db51,371223081.96078545
bd23b1463f0936d2ced5fc67,744464850.0796529
8f35a5d800d98481d7a8b6a4,552231408.8819201
371b5ecf08973fc6e6849d14,462656953.6890177
fa70a55dd0e2053a1b566de1,438087007.262564
584364cece0bc4d17f0e7fac,372425311.7397009
cd968f8973a267790a38f2f2,443532605.1270796
c46b122728ef4c9ae8be444f,728861497.822847
4056182cbd8c12cd87ad9e84,575222780.7316544
6ac747618b6ca674e86cd275,447277898.65833956
afb02897c700dbac941ba8b1,574022507.9131063
198cd3f4e9be65b83f01ceea,759615963.721078
c92bdf97d7f0a9a12c024406,437701969.3175887
e00e5934d1941490834c3145,1068580305.9652511
5b139fdb19ff722a846d71f0,846009000.342825
8b554961129384797391d1ae,1072910076.574556
854e27be18fb8f24fd433eb7,732747790.7016476
241d9f8599ce6cadac1d6609,728289697.3156605
b85b37ae83ef95baa03752f9,854182610.0930777
5b3ba9e56e24e08e1f81e220,440150787.19371814
58c6518f9d2d0526d31e7566,435645411.94036406
38a1e2050dcab9b4c70c5e83,459386767.5860027
da94e4a5fdebe3ae7bb1adcc,726229166.1159912
49fb2771ea6c1e8950cc9a57,792383608.2152635
f2b67c40a560af8729bc6072,575056806.5838906
13fc2dd1cd32d9cfa457a5b1,862193818.2058297
b6ebc3b8408793f5058cbb90,1167034663.170244
75ce506dcb994b10497e6816,711480135.2789767
6dbfb281abaa9a6956c080d7,334507856.3082113
af67a68803a18663e4b03eb1,461729876.30954444
a9c212f77a048ddc33ecebba,451313166.92867005
df89fa06e32e90b0b6c2014e,569956351.5340558
f20a7f264a8285a75dacdc1d,1050412713.0847869
61a363a73f3c93aa1775c4ff,725367596.3397633
d8c1f7303b205fbaba2890b9,410444286.9823751
70962daad7cd15ee8af564fa,1207281783.8976681
087caf4bce7b0a3fe3c47dc6,658180553.1419156
5d2200b04fde91f830478aa4,407979804.195974
821eabfeef3dcc622fbcbfc4,387481588.9799893
3d722d960b860b4bee79ae2f,433589787.95068526
4d3d887d2236c2f897f3bbd4,586307941.3557758
7fcbcd9e274b75a157cf5d5e,724834503.4047446
88ea2d2d7cb6d641df3ad76d,1077170721.8624475
c06088db17767866b7f4ba7d,1107253956.7243147
e4a9626b1107b9397d0067aa,834636198.1796411
82abb1fb693f34877bf1327e,1151071403.576314
3279efb86571efde18eeebef,500907042.84754765
afca7b219d52b22522abd00c,605190835.5292724
7712f963ee37e91abb7342e7,623450036.3224765
2a2f455525c8e0bd709db91a,921603707.4662839
833ded72a8cc9c0d606a7a74,783314476.8041388
f3bf0be37be6292ba0a8736b,983662237.2223995
c06c8b6425e3a7c2d7481e42,432191154.73960733
27d4f17375f76219b446c092,347484860.6617461
9b7de95ec90da0dc8cff7011,607472634.5830815
8fdc9f203c3de5d486de7ba0,404338094.75244826
ebf2d540aff82f1aadf95f9b,526160555.3884175
51c48d17e774d6cd84f4c355,419629884.91204494
5c1d1ee26cbde5b766cb4ca1,787127290.1824663
2d26b8360f1da9a677670fcd,851556739.56114
ce1b06502cb0c5d9846cff9a,484008864.3765106
3186cd0a3125adf3b25587aa,1159798740.2807367
f839de5370a225ff993f5b2e,557778311.9788815
2900dcf3f944a7fcb33aff36,561707624.6207896
3f54091296f773f5a1bb240b,1062837753.5484823
499f6f4997474415f0bd596f,880592686.3903953
110539d2ac34e5180e3fd95b,943870690.4897646
dccbc668caff517f649cadbb,1242748287.5321245
823c9c7abf2d00140766a2bb,1305703963.619469
94af5eccfe170cbe7d428184,863505149.5230861
dd21457e18f07d7a927c0104,429049919.996977
5219cb469fff40cd9606bad9,391668443.94857216
5a83bd697db5076016c0671e,441146117.6401947
2a1edfd6cf74573521ed74a1,378735745.84869254
40aad45bb7a980c9c5e1884e,803708824.6990079
a315b497dd8e80464bf0480b,658087514.8415229
7095d576a0b963eb340d8fdf,433891434.72370464
9d6288cfead77d622f5f5b95,881964878.7396821
4caf356c110a50c6c94f3eab,800561555.5180415
23101b0002252f3d4b3e1d5e,980079015.461195
8d1f7b0cfde7e496e7bfe972,689417585.0336819
28e572584fea1555e2a517ed,622660534.2864786
6666ab486afcbc162fb560c6,1051042868.9440553
b0978c973ec3291e950185c1,1016154627.5051851
d6cfd3ddca2a59f0b6999d77,806351579.6934267
a77f5c03a98636d90f50e11a,1184544855.14008
e6387696767d20cfa4918ca9,832198294.0755512
1dc0fe5bcea9d08874871326,413977649.55742955
ccdf0abddccb1a670f31c2f2,959387991.5897522
3ba769d65f02217656e0f5b5,1098173162.7766788
628b3b56449724e7d945351b,786376937.9005864
b47713520859d58efa95bb06,965050715.4922534
e6c6625db90e519f9dcf1b23,619087765.1263633
3e1a1b2a518d3ca2fe3950b4,543946468.420723
24849579dc9ba7fef1b24396,465000084.4534737
6103571d9525ded3c09668c6,417027702.16293085
a678e89692df9b14da9f19b2,524889412.94005764
47bed52dee0d311ae0016b08,743806214.9396275
36c0d26b83e575a500a6c30c,577517871.2428037
34447730b60ad12f4775894d,1231290742.617407
aec1778ae3b5e60cac280b79,922855197.0844281
d95f38f5d1293c74ac52e823,1231290742.617407
5dedb7b64b6ad0b514de2bfb,904870567.8946798
60c71a98253b5550d773a529,832198294.0755512
099ee1a7c91105ef46b5e7e8,617106388.3162351
b56533bb19eefcb244e69470,1173112666.067909
62f46b8989bee43db86ff589,405907550.35501134
4d485ae48974213b1594c905,953598287.5563239
c627c6287efaeb6fd9049312,379983497.0496711
976945e68af6a66f6fb0850d,444879025.46625674
93e443a5b3864d52765e6484,865902520.3419048
6ef9ce7a53ba3bd892e21f1b,732863001.93714
6f3041147f930cd6cd4fae05,416663347.94554603
3917b95a3d05a5e58c117f68,513386179.9897239
d61ccfd4239026feb484cc93,376289773.1173612
b443781523fa0b5be4ad7739,664894399.5488745
6f0fcd78c473e4e04fd411c8,713431975.8640625
7f134c92e20aa9c6f084edc1,617986357.7335593
75075631f0fd84fb0ff49417,663559393.5496981
eae4243c274735d616c6b9bb,1178229749.981619
25d233d2779009affadf5e91,657808458.8508558
1990717d8c7aa8e732bb1165,1093964668.5979457
71b99de83d83dd970b00f07f,1134914107.4485276
243ab5db6e47f3536d04d312,818310481.1148707
61cb98125f43429f7f93c898,846777449.6941526
6ed772640e5a311cbfd17c31,545198178.6845146
d9f0b4c92bdc9476f50638ed,435859931.8387493
796eb5ae3ca5b63c9fbb240a,912691886.9046134
e6f3eee9f5048005f24f0943,733537583.8926485
291ff191bb029742387a72a3,794073938.5274014
829bde7f8716daf76f65ffab,853351007.6353595
110a2f124bad0f9381edce7d,1440014286.3330193
76b719681617ff7f28d33df3,939981878.2371957
eaa6d58e226904e9993b3493,743775643.1071596
af3e3a83257eb507b96b2a1f,1076546620.8749053
43969367322e86c68b51c2fa,389100030.8785079
50fe589dea73e764b7735938,357644742.4546389
13c9960a03a1c446aa5515cd,495199843.9387902
e7834f52ebad3d3cd00d069b,501682669.75087446
fae37ecd6046e53ea121b1c6,521505700.9074683
8a0d2f8860a90322d6c3b61f,379885360.8190488
008c7a02d158f3b17ee8e015,410022980.0054633
3ea6e8da2cb0bf83872dfd8c,571783427.4301646
9b184e58842bcb14dd42103b,448003328.21145105
43eeb2567c61bfbb059fcd4e,494366403.79320717
ac7f6087e19c2d3502368fac,423712998.49531025
73494d52196ef9838b1be34a,1039821355.1341659
112d996c4c0662bd13af3ea0,709921836.9328452
8c3a02c9ca043cf0f322ba84,563596586.0140958
a757ba01a02acbdee50462b6,1060346958.2449391
64e3401f22d18b573ff0504a,705542654.7437158
acd7394afcee30e084844c63,763660744.2695156
35255f80583ffbd504250554,849778150.788399
370a0d0da794efd58cab251d,1039228861.2859495
cdb5f8327360c750469cee74,987254269.7023977
dbffe8f46b3d9da2e57c97fc,1051300588.0065365
25b1ada57fd1e5c88d939c71,869171841.8638272
05f79195e285c126125d258c,504580797.3042927
62c017eac96743cfbb61e86b,964805872.9852885
3ca7f183cc0b303e5d455309,1392483526.559304
a3dbd504524f980ac5325150,1167080654.7991698
5703df84eef7ca9bec5bde45,1063425504.8176036
513aa9c91c245ee4be31507c,1088980116.031625
d41d07d1aa700278cb81ff30,1034754431.9719951
207e39d9cc4402edd48864d5,511328203.8902247
7134b03f54b10f282ac34fcd,949445845.6666678
6d860c215908949c4ba1c536,387605748.7662096
f35f884365b1bf6fb303d7b5,412293836.13525563
4f480aae78aa068901ee9468,427732261.30973864
39a12600317b58457f68b5b8,414038396.4259632
5f0c7a6b4f46203648a0bacc,415432209.9498816
d01f6c0b2b338289e9fe3768,390798523.15492237
613ad83abcebf6598f0079ab,723566306.2962636
effc32659ff9bf30faffb3db,703896876.1819692
73fbb3e6b22b957ba6b7557c,742863652.1441567
6c8c5e22025ca4f450a428c3,504609615.2932539
d6e333e793f75c2ab34fb127,553886823.8056726
b82e52830b51e823ac7187fe,460517495.56065
35ed4187f732a1ea68dce712,915655511.9697661
0c5067ff99e15fcf99792cbf,915655511.9697661
0ad01fb039a198262ec59b72,651050813.4563771
906014f0ee3f3f4f0576d4da,464677142.5760389
13477d8ef90576ca84258984,437408799.1469094
3083a7ab1deb092f7aca6a54,600144695.1445407
a92ae34df90cbf8af7695ed0,957240325.9485596
82d22ca21e31222068e1ecba,789119475.9969561
11727589f7c66554e9114407,790733136.3306451
9982169d6f3e9ca61dacfed5,838999201.4204949
2de0ad9bf15232d6056285fe,772625413.5977284
eb6e6060b78676d13d6bda48,721522235.3797218
6f37300b1fefaaf746f53907,1075300419.8580725
7698775967b96e3e7bf66e6c,854942285.5671083
863e5cf88a808b8ca96907ff,819834272.6190017
77b5c9a5f534a5b80cc16d09,901031412.015008
ade0c9cf1f9106e342c69bd1,841370856.0583515
6fb45859693c703fd9c812c8,610198343.6219842
45badd183bb1a4c630174f3a,530173483.56525207
f66bad2cd4b09ac29f540f63,677946752.0893245
fa3017d74586eb4c3b5b7db9,1075919397.741286
f09bb33b65b5ebb8fffc3a21,1068444743.2617552
600dc823c42aa64f60fc3ab9,639845954.7457294
c1d9119fa7ae7d44362f18ce,1063573117.7423055
a1305fd943ae63715529209e,845581572.7949648
8d81b4681ad0055c274e7da4,696862166.0288259
cbb10e7618b1385cf922e815,1213721124.184871
b09111ea69c4be8ae120ddc3,828849083.8239927
099f07f9ec4ff6d835337f86,652338467.0455472
c70f6bd5ca138bacfdf8b5cf,820039795.4614532
a6c86ab7381f6c43fdd61a01,605587660.7035025
58c2b87098ad454b1fadb13a,627068998.8467212
6afff7782d129021eebee968,946954608.5483528
ad92f3ea52673dee0a56902a,1173914089.9841535
3e040e87b89a043564f0d0a2,1123818992.8775897
49d020d2056717c2108b0927,797252790.1334991
a4ca465294c114b1065bfead,1017470531.8459238
ca9520c7b8432b0521b2e8dc,382471595.11647934
4d20f253940a4492b4f6a9f0,419398091.23666435
09b61cf8ff3ff09ac892d073,430442079.9266525
86e81141e429bd81d7f0e73d,647168551.3071398
b9826d7a6132b16df1bf58e1,429111666.05842406
a90c60e05e29b77963a11246,410206966.3712315
6e9984a3c3daf63fce5cd3d6,689994850.992211
a9eafeeab4ba51d3644f4052,476565980.82710147
f74eed3a7dad1bd8d92854d0,912520758.5361148
5b377636fe30946fff973f3d,791904884.8382133
5bf6c1862c0bc967da2cc484,1204029234.729726
cd5111edd2fe80f56db29531,737488864.2783928
c76c4695ed005277a59451f4,983926842.0614445
7dab6cd1002a8521e5825bcc,694658432.6861293
5b57258272dfd1babb29e7fb,665621947.233998
f68b7dfd0579838324895097,781646470.0265039
812646c7de863919cae5edff,1158775894.2438533
0da10eb6093728074b34fb75,909512837.9603614
c64346c8b0ba32a55292e66a,1215919202.3610299
ad6317cbcbb8bc27b0774fca,1236066995.1928544
9f43c80d2fa31a09592b030b,1005771112.4475737
5b84f5de073000ad4d4b1a04,1389729868.1932917
d94d18cbc812d560c1e38ffb,1205411466.9873283
ab3110b5dc8ce81471f69c16,1161183875.519212
138a1990291ba31024455eb3,1118209166.7814918
646bb3de5a1cfe4bfb7a7ea7,1238209361.411799
d8fde541f142e6a7f0b28099,734891784.8951554
ef61986cca74fe8585b1b287,463931659.169177
e1d8eacecd35515eb19f9135,1337534418.6373477
8346d64ed6211083fd420ede,729845895.3970363
4340fcb9c80733260565c24b,920369443.6989754
ff5a27ffe7de039e65170f9e,836450954.8198853
ce407c1e25333d7c7eba1b0a,932376126.4196476
f927027bc766ae6c111fb685,368914817.46821815
3f9a3edf25152433969f98e9,817709939.5355929
987476ca395533347581b2df,509843304.62997454
17d0e3208fdf10c77e95bdf4,443190281.2996038
b485036419de03f5bad01f35,689236824.3582014
d3f7847147c88352bd3b9707,739729119.221844
aabaec5accad3f545f864a3d,545166841.6073446
400a103762ad652e81c8d3c6,927287383.2818972
acf15357c1a919b6ee78f676,1339243415.2293465
8d983b9ca65f19ff3d69985f,1437505536.2848024
b9a80a4d84eb918792324dcd,402511105.67415
223b3c04803ae7b855f9fd10,811873238.2022336
e5c8f2d536c3f931eff2d70c,810364906.0082711
f976ec33e004b2d4d32c2eb2,511644899.7980097
cb00e44cea76a92e9c44e793,402828544.5515635
0e6dcbf136294f2a99410052,454570823.28122896
102de0a5ee4f19454b922b96,799748830.4445584
cb1c8ab11838d9f0a1197e25,987500210.8467779
2e2f1072d8db7372b2c2419d,495864465.5867175
8c4cc779f5034e9c10b2e698,366866472.8808254
85734fd69714897264ce2214,705676141.8312258
5694c1f689779fb5ca95686f,849682297.2731726
f3bb60434cb36fcdfe218478,637488433.6696488
cf8bbd3528d3e7e2b8f50c29,972047411.6449292
7db1c8214f229d865da455cc,610365262.3110186
f3478cf008a7ad268a434ba3,667586429.5215602
5440ee15bccc4eaf827fefa8,886312533.8322134
78e85ca7c532a77700bfae6d,913665408.9268069
eb5e382e1372c4e94f467673,888791088.0076761
5a11cc89d3b01eb87535ff1b,770491666.7746776
d0f5cebc2059ca89aae30c76,478208114.2747504
883371e374936fdd74d09fe8,442993129.36850137
9ab4e5f8cf2b807603329cdd,497379198.60967034
c37c7859956931d77cd5c9a8,655192910.0411494
730804efcdd755786bf734ff,384370841.05347514
9d021f3fcbe5f82fa1c1fd94,609679667.2029142
975ea2f56001edae07f28fca,424849216.6494989
8fea95d0a70b1ea918803f58,655611738.3262701
4718488d664194a3c0c5b446,688299271.786885
1b87ffa033dcbf4e2805dbb8,598183176.6629657
1a77ac51e03c77ad280be447,419629884.91204494
228d165257ef052ad50433c7,750479493.6654683
513a83ac5bfe27c5b813ce4d,412125727.79938823
73bde441e18a9548c034372d,499254615.2777601
26301269301b6f96862af599,516129459.4584282
7b30dbf2f6d835ea0c14b392,613870900.2350843
254de3f3fc52b8cb62141baa,661623706.7229145
f566603aacc78da47a283804,724364997.3394908
990c8d65ca11a97a1d34c5e5,494366403.79320717
a9878134c12696d8199a1ff3,765892306.8503653
58185ef7646efa724e904f5b,724453778.2477366
37d5b8f329ed1ec29d4bc035,538709191.9456737
e6f948282e81570fd03e4df2,1037158701.3746445
8b801b4cc1d254d0277fba5f,547006567.1760103
33a334a16c4547b9d7842c3d,735986739.1387676
1ad9e105d9da875001111075,1086067040.3349576
08ad96681afa49c74721daad,714226807.251107
beb73d27906bea7a7d880791,1128954447.0648298
bda5b2e5a87a4905a30f3b8a,777772863.3755945
5cf70a67ec25288657d6fff4,739394929.7412555
baeb4e9d612bffb63ae3564a,1303999903.371044
1902f509aa05287ba42f546c,658217646.6513445
c0cf9517f20ae81c79ceb0ed,1193120607.4682376
2ca8b22013c529b412ad764b,1093665589.540399
b38816ece917027a179663d4,989578140.7932587
c89167e42af0d42c88e8573a,1184508471.1887202
09254c66d93cbbf2675b775e,817087052.0572021
89f8ccb0c1e2136adf87a10e,883687586.0584996
cff851746578050bdfd46090,904436794.4660035
d53ddfac67129aebbe054024,847322222.1962234
53b5ffa0cf0dd12e4eeb6a2a,1193292501.289726
62db5fd2a4eb831d281ba8ba,1160448658.6779544
59b5fe8d4f5ae272dbaa5ba0,1236112867.3784285
3c1b7a0a306e16e8c22d78c9,891402445.6572411
5219c3cae1c92b52551a8571,1093587001.1813715
de6aef9a5e47a614b75ee576,1026628690.4654446
d168181ef0dcb853171cdbb4,1319514020.1957536
6c8e27967ec63e6dec4bd6ac,1514835108.8075643
8544bc14286a51e60ffee7b0,1417415608.428465
ed48916725be6970cd2f273a,429086708.37094426
9ff3268cd15cf039ab958413,398742331.7323632
16cc5c280124618cd5d00027,378280668.45723605
ac028c1580f6e4da4ccedf0c,541479656.4787977
673f2b913006ee8b33e75b5e,850944214.4149289
191f96722301456877893b22,751857697.3402765
a7d8e636db44cf5d3ceb67cd,717760439.8480517
1310e9cafc0b9fc21c212f73,748292832.0935407
1bbbe4e1eb264f5c69467e50,432117799.2196389
283c1142d027be336a7bfacd,374277309.15313727
4d09c2354c67243c968dbbcb,579451973.0136342
db3edc43e89840a65749cd94,573331789.8125523
0274166db611aabe4e946a83,511426466.67765313
8153b36347669087e363801f,651481828.5450606
e04473aa943812de1d662058,1118416538.1556566
7742e8923a4b832e3d94f3c7,542200459.53104
536b5a8aea016aaa90fe744a,1087073675.5349398
d2c02052de9c97c531a4453f,504035531.19911784
48378a6148532f71abcc2f98,812658110.7497998
fb0dbfeedbab00cdc7eb93ee,873807858.4778656
699412bfdab1157487c81725,970519151.7625295
a63c26369cfbabfc9c2603b6,894580544.2734193
34e5602cb58501859e32dc9f,787245749.7353648
da83b03a6c9d405f55714b0c,1252571330.3943362
d938d682332fa9e5c4986024,885940980.0770756
e9e39766e2c96bc783d580a9,1351416675.6274567
fce89a9ffaba32f9f7c5895d,1333275958.0555305
2d6aaefe0f50db8acde6fd1b,1515508133.0916717
1710873f951e7f695fca3568,420424371.4083194
0ce068461fb3bf34eee000bc,632203583.5711198
b5606ddf3a4e60e2a0e0d6a8,910357115.3208284
2c2e56e3e5210c111c7de708,639678392.9562427
94118bd8c3da3f14f9c7836f,512068894.69436187
d20a5b3eb857e1f4b548066e,688695292.3117203
ad37e23456bd4d90010f7784,828187897.7869358
c5602c608080e2546dea5463,443308353.442758
e3bd8bd5884a55fc1a151687,605252664.6383296
aa31e5995379bc38dd40b8f3,803480212.9852175
fe8a10fb4031669a9b21c919,1016614729.5038706
08eaca41f26eb387b67bf30d,1227544302.3286228
23ef4d57d130e4130205f30d,688633928.45957
d6f1594affb8db7a865e3452,399272523.8848639
abd9cf3c36309d590e58c2a7,466081534.4330291
1c177af5bb41e26ac0135b4a,770860081.3941035
a05da8df13eb4b121d536912,611333446.4682994
5a5a581ad5540fc82cd3c2ed,700885787.1584904
b50ff8bfc0b4c4b165c5ccf7,987955171.9675114
2abbf26e80643dfc1b75edcb,995674340.7352333
ec903c33a379d8d2cc04ab36,997532789.1391975
c062d873af3b7cb98ccbeec9,1316014827.6801333
927de0269795dbe0566a0326,1057739547.3293161
ee703dca75c4dfd5d035c9a1,411661279.8953859
b8a42b02c50438c2ad7598a1,456299680.17880577
f7216fd19f41ca5ea66a9169,456299680.17880577
f487761a658a4247563faa38,619000300.0376853
caf878b42daeee3c7de336e9,849476451.3263648
29d0dd2d4b120dd54c34b13c,831085887.2885398
1cfc7d60ce613536d23b093d,1316579450.9730647
c6c7409bbf52c86461aa1dd7,807835360.5223782
312ef52e0250429a5ecb3b27,1199540604.3471239
48299e52748ecff3b69f7a90,604843261.997468
a02f6ef1f148659297d46b33,871979043.8376346
67f664c8f9250a22c10b4f67,542383551.5490509
4977af03eebca1aa266289e2,568092954.835475
39af71aaea23b5c1e987de32,431093373.7881916
d69b019e6d54faa1cb044d39,845916576.139908
024e94e72ae88464621539eb,887526720.867152
b980c778ecb2709696265c10,1370267305.618906
8780134f8b40f0fec4d1b661,1029660866.9893594
107f29b67164ad6861cb7059,1253815776.157841
c8958d280d0cf2d8a0b481f3,847902292.2043359
1f8f74ce8831d5532f330925,936054181.9245939
7be46b6dd9891ab771fc4be4,514351512.62227744
4f4f7d2b14079ddf8754d6ad,744216569.5543245
5921ce922675f6517f8f0007,1350104418.7358935
49f0323d28ef0610248c87c0,841245139.004763
3ef167ca6c4ac77f6968d17d,700072881.3787725
8d2f9968ec8aece8d1a20137,895027621.8166326
4bad47078442f3416b2c1ff4,421899061.7343135
5e1cc2905f7a701f895123d8,716404245.2480086
a8633d3336d097920bc8a9b3,1282677835.150317
72fe83366bf13a53937b7034,1113507246.7410629
ce78e1dbbf0f7aee98e244df,785443767.8386143
11be39d287e5a8bdbecb5994,806018861.9223514
40a561bf79fa7a08155e1183,768714950.9684507
3dbafa8cd5225e261ec9b6ef,378782919.16173446
68cd88b657b59f5671f59e04,400514701.06175184
6a2ce95a8be0654f193592e5,486509394.3084683
4e613cde51f9760d3c051562,769056048.4229109
1b69d2c7fa8f802c4af1369b,699311534.3296282
f126c4b36c00d0ca11c21a2d,707738144.2693928
e6a7e6b41e6c6bbdc16e1e14,743020344.7017474
5a69ebde2e113923ddbcd18d,848309461.6571726
72f0540aab38ebaaf9a389f6,760355369.7977214
75b5bb7b5ff8ebcc863fbdcc,937578351.4392481
096912698fd9a59d94935478,727108385.3067385
f0ad965090221d2349e90d5c,1155960912.3196414
1c224347a1445ae01184e0a2,1353828911.6314106
0ee7273686a0a92fbf48a383,1375095247.577899
e2094d28cacad3e2a711c5ca,384134490.999486
f50e0ea2c3831235704b8c72,459578692.74866617
1e64759f297a66524eb07b7e,907537635.834296
7636a187e29abcbd8fad6244,440095566.51558626
9b858a70a031475e422e375f,789930006.2791041
56c2e8e14f9c6c9a9f046a08,660579751.1535186
1bd7b990be19afa5acc78bc0,488717042.96394867
8b36b7364e4a4c80a6e50bed,753545549.394157
d348d38769937c8f350297bb,867874061.0106331
f4350916cbddd5a544c6ae46,386823844.8935202
237bce11f35d32ff029498a3,917809115.0004646
faf92fbca9baf8cce4a00063,501620460.51225823
812c9b5407424f956d308b06,823386610.1809099
9fd4adb5c63fba5a11661b23,549261575.1663545
168f81689afa1f055d8bf7c8,745649779.8798774
2a9bbffb1b98c49d79bae509,903478002.4821002
b95ecad591e5c69fdad8763d,387600491.08910716
dc51caa89a74da37ae644ff8,387600491.08910716
d97895a836e6ea22ff3265d8,401667851.0473926
de754bceba2d206a9cb4f116,406760298.5831584
036177aff84b1901e0f18759,476923196.8472313
8a6cb559a488d6ce1b641585,786667938.2722039
74c4f233c7f385be73168e0f,445104446.1547054
27a6f3e8f9649ccce7680f0a,614970512.6783473
711045fc099712aae3fe4d14,419201128.0332594
01e033f5bd502c4ad398ece7,463161255.6297401
a99261116e0158109b3e3bc3,455880248.11646175
2d8d64261ba659302da4a481,613260809.2164019
9adaadeeaf6a403e1c8754bf,1091121183.597256
2ab24b9c5349427998338d21,651544610.7806368
09ce36a03c52d6721bc5276b,659987210.7492783
80b37d5ebdb325edef39258f,841394320.7582353
78a080fc98669c0cd9153904,1141977776.589779
2d14ad8ab9573c406e203ed4,745273892.5472139
145f33a8350a080231306bd1,763502978.3920513
b0aaae3a435fde30c4c02fac,1055657808.8856999
b3f5af523b5d6d938693ebfe,967107741.3781724
25d62e6b1a1a52cd8080354f,853252619.3350686
5a06a8b33611251b62d77e72,1008813397.074387
e93a9b257ecd815c860d0b82,855158220.4634852
610f192d22864016cc2df1c9,756644839.7244023
4e665d479b3bf2e25cd463a2,735984441.9629328
343be18b0f77260f32ec05d2,476977314.43925065
33dbec39ef8c0667e4c3f039,887645623.5654259
b24fb90a2aa5d9d0c7e1541b,1066230963.9822328
b56a3a017449fc4ce417009e,448622348.6690215
e0dd5e6879d824a95c3c1773,613028433.479506
156a20e2bf9e48b9a360f9c4,371701922.70351654
d5583fa23ed97a3b9413e910,788802231.176685
4e6f695bcd4d3c0d8497c1fd,1393817853.5373065
da7a511a5f470d99ab2bc4a6,703486676.6453612
22a6058ffe790c98a8922258,933524919.152507
0c19c54de06d1c139df99ab0,766160624.2755786
48e687093fb26d29cda9ad6e,381551886.1579447
3ad3c519ced4b63ddbfdb0a1,422995336.5832787
0b221ebf810f632568c1e2c9,417726500.536135
7930f32456e796e40fbf78ed,712246614.1980013
f084bfc530f4039f6631537b,998940817.5016177
f9793063f561dc76c0b49a9d,767582491.7085344
4d2ec23fff8eb502a9d93353,1181202767.459122
a6f570e11883e74654898d75,875305015.5060059
cdf11b53a23fcf9b6032cc8d,1335368234.148681
6f968f62a6fa4dc255397bf7,1193829844.2163389
d692ba46b098c6658799ea8f,465808482.6396915
774a4b48d34052a978b1180f,547172864.997595
acea4c7aa1185baaf6d3b60f,822371562.5159779
07ce6f95a7719abc9a204b6d,797751503.552186
b371665aece480b8c1602773,963023608.5253918
5edc37d9746cbef8352f0fa4,775971623.7138458
26617e1fb3b4f0e4a70e1b0e,805637445.9632802
b1a13541b37964b8b85f4669,467403582.4156683
94213637892f5fe643cbe8ca,484951688.1979652
742acc26686d04596ba60a34,497010529.62373877
acb1d16ce30aee0a39f01f09,811634259.8746916
e0d837e6d5d74fe91d39d23c,755747658.8387117
29028322a6d692edc5ca713f,770949342.1371573
03d54a6e80d48c96a7f6a1fa,555966925.8408127
8616b310e335f539ab1109dc,737018204.5698701
6c21f6a3513869f93b32e9ec,1292829385.8197196
10084cfff54a17bcda6f19d3,1285893336.8744586
169c742419c0d4335d09fb45,901650143.268657
0f06896d7502890175cbc4a0,919627368.6469431
7d2e3464d5f2f79ac29e6c0c,592081435.9807783
de9053a55630670ee8e59c9d,824632988.8233727
8d54b9bd24cd9da341cc942a,779437789.982741
95570bee1792641c7c12e4ef,1060364623.0536668
6d0c5546a498fafba15f2e17,438536620.87036943
ed43b0ac46067bf886457c01,1139489547.3103604
8890eca19a9e1cdc9e0f0541,1231482910.584834
760a5dbccf4eb4ccc2622b77,566470789.0495316
20fe2d7fb3910ef786cff965,685240742.0227437
602abdc140c40112afc1dc98,391075773.2675541
b7f906741cae6861bd5fb922,401462317.63579243
4d45fbe5a5d39188b5eccbfe,969727825.363669
08f74ad7f06f2c409903ddf9,631484023.120533
7be186f4eeff5c0efd58e424,466379386.00914794
3d1a767dc286fe1cb86ed9f6,772628708.9080485
2ec9f5265334241fc594976f,997613037.1878766
d737b8b7b39e99f7d877b7ed,616122963.5260829
8fc50169e6ec98a3f4229ffd,999515855.2770507
942133ad6b84f9d08e1d4e7d,1189963730.9531198
c965b03014d21473b27072f8,1147208967.5711508
f1c8da86597a427e24dcd557,1021243027.5761826
8ed5e7770d03c43ed19abf42,749718314.9122411
68ea36e3f441cb6da8d36198,1475733213.9977598
c97715bec6032974060480d6,1057692151.769075
e6eb47d050702ed49ef5c49f,1144712079.5801058
5a82fa348f3b97e74cdd3a61,1046013062.889122
cd05166ab9bf3128c23fb8c7,752532507.9473768
cbe4318f63d73fea6238079b,1181908384.2016616
efcc8d268982e95fe2fdb311,1368550249.813463
c45d7f326a2f279760d1a4ae,816175693.6240705
7c5ce0e65cb26773edc9ddef,1332593879.3715575
357fda0abf79ec95f73e3584,379961241.7035481
a1e8f0c7cfbfecfd1549b0b5,575120857.2509916
3f208f32cc24d8ce1506ed90,730218956.398621
87ca8a2b3251a38d45730f5c,717061925.9014183
728961e03bfa6e3242f06d8a,467718307.23258644
b9f9dd0d368df912e6e0ce70,875482536.2144703
429b049255a7edf227a980a1,472058693.62770605
a6259664a05091ef92129c7c,742081577.0924895
674c915c52b27df2c06b8bd3,636904312.4090098
f8be64dc83c5923983fbb770,803727791.138103
445fa7f5e8e9d7f12e8991d4,1458658863.1755254
0842816a5ef4f24435c8df22,797866779.1217725
40558b62d83e4362efe1fe26,349475298.60138625
bc474096496b98177e40f590,733103124.6879345
2b55989b2253416428ece917,733103124.6879345
7158e3a6d456211d4533e246,404685660.32184947
d4fac54e137f5d27ce5f457a,858969246.4424404
faee80ca0efce20e731823bb,820059071.1202348
8ec09555f5a47f96a8683699,1210203912.2851875
2d7a48a6b9fff20ded24f86d,481640656.4315701
514b09016ef85b9ddc4fafb2,733507147.0505916
a1c975ab16effc6f97935e16,940403525.3488761
e803e3806630c6579f004610,1140755083.1414554
26526235b34fa5b7349df00a,342914346.0146853
ba762cf12cc038e5c43bc6f5,562235102.1804634
45aa335dae223bccb31ff7cc,680445508.2017956
1dd3d7e197075859c1ff5b23,1171766780.553105
2db9b3463f85dfa87347d6e3,1275601648.2867055
f72cc14d79ce15491a96ddfe,1008492948.479288
4e25bad08182b79f5ba9639b,1360390543.467343
e724a1db86d8d0c6334041b6,559033064.8742206
8fa53bd51f5d54be50b3fa29,417063276.1092808
fb7048ba61e9e6b1de829bdf,514959239.7782986
4bf70f19da0bddec9241d310,578177930.2028028
13c7f3592bd432c7cd0a42ab,703655160.894854
cb64b363295d36b9b0fde3cc,874684309.9956288
bdc17ea3f30318b11df30508,817260582.1163256
cb7f62ac4c1afbb4256601f0,853485885.455592
5d6c275d9d3326e738c875c8,1005643059.4422019
9865836c04a9582688f50496,409247132.4778976
55a615b65a28b64d46ec63e4,437754414.04022855
dcc9e2c9c1151bd9f93f44b8,762850290.5680344
1a2c0e46bc18bf3224450064,675672005.6622826
3de8187003cbf6c4813bee45,414172948.86642295
d62663a447beaec69808f85a,397911935.3304771
1ae17f134221d5d9ee69ebd9,553957289.0494752
35e55d060b1c4239a85c0ebb,439597195.3713286
45917f1bac415feac7e41124,489721269.33092666
ed44705c17c414af8442b6ae,650107739.6754323
6f01f2c67343ebb8ec717a5b,503741814.57878315
8f2218126da9580268661c70,1046580171.8988867
5b36bc6e78872d2ca6d3d1f9,544079887.5176862
c5c7631ddb5b485d0e992f7b,490958920.99002326
43c88f1874dc7f91c899df36,1157537681.0641289
dc544c90e6ee38346a6002bd,743011047.297563
02990998f3621fc5a3d0ee63,423987630.17308503
dbab5ea45ae910567c97fbb0,607274630.5894345
bbf80c409ab3a6784028eb6f,407537087.6831542
40e56beaf4a7f28f8108b132,407537087.6831542
e857db57a89e165eade00770,524756597.0063642
41fc4ca2b3f48508d840bbb1,451654150.5213021
08c1db1e620e975c4d476b2c,406471652.17291903
8a1d93bbc83f4728657317d1,575824502.1440481
6be0ddd4180b5eb92908da05,372201043.7727261
ff1498465e4db86f4f652e87,477588138.4128293
6410d336f6e61c4a81403c61,506718225.38286775
169cdb07bd175b4325fd28fb,399150109.4696667
546b56fbf616a6dfd1ad9d88,929443620.756011
666af58bb684c2d8e7574e86,797187931.0335063
9fe75dbfd537f9ebc6653f18,759302117.7635206
ef961c130fa3b9015b103154,1214005180.2752638
035ea0f13f2ca01c902d5388,642491810.2330372
7800f742ee14c4b4142f8b58,770377213.0156016
0c621256c4d7ca81045fcde2,958952037.1147026
50db9d168354ea3d75a03a6f,829888680.25283
7bcd1fe7a140b6eeb4df2aae,604534098.7018163
49a4cebdb22fc2d72bd1aa78,485868814.1379601
69ae1f2868fe714ad8e2f114,358611677.85091
ca4f4a66d83f2043a7dca261,401276833.4702982
c0ef32a7a294e5891505bf35,401276833.4702982
5ad6f4091b77715b7f74587c,797395531.1060466
331e915e2a66fb70380282d6,713283777.7713702
3a00543fb00cbc044a5b3527,397204281.0632624
81df59c6d8be19568d16ea3e,411442218.4061644
88a4da0d72977b0c56b31061,595180099.3786737
3ff9e75c6de41de517d1c4a4,350874430.29191834
147f80fbae69dd577ff19950,721698437.1771529
78beee9b7fab8600d420fd27,539881901.7273198
c3733b88ebafc0a05f5bdc99,531760536.01587063
568509a7aba60f8fe2d0cd5a,598965969.5280713
f6d3f7e963c9aa1783b3adab,1020979446.8752954
ffcf6794a400aba909383b41,841926020.5846238
fa0aa00078cc178de0cc7d96,769739918.004246
eec51f949083f39691e37e15,943486593.7812937
26f3d5bc3adcd1396747a414,1340087805.7569942
cb9e058f82b10cf80990beea,794888418.5391693
22a0f3315f7600e5120db131,417939704.37043864
bf6845aac15fde9b89a7208b,729750434.4048226
6e3cbbbd3f4d0578144cf021,535961054.82009095
98a0289e513d5ba036b24252,368948886.19017285
597d3f78e2f413acabf825c0,478892617.47271734
43a91a731e86b9a0784f717d,622675675.655067
f34ff57e272cd08056e6a243,848158728.8577293
6f68b289516faa0b7ef36a34,394010122.174013
8bd8a7e19b6d3b8bcabb84d9,479272891.32482225
74b64bd536ebbcd7c30ef8fd,1088443871.360759
f968e756cbe6504fa0f32458,1139466269.5368996
e99d9dcb9880cbfd219b4297,1204767963.001951
4c9e6812520f4aea4ce435ae,766094159.3611809
78419be95416d2991ade8be1,491164091.7497265
d417ff438d2a418b1f9e50b6,499335930.85757095
3ac77ed776aa4630c7293240,991819703.1552576
95173735a8f6e554f083c065,1287252552.3783717
83da39bc1a2eeb75e2825c22,663136261.8674699
4bf89c9e50c5417ed669c481,842816555.9419438
f90fd39477c8da38e33ba0fb,693703207.5321727
b45bb2d0d137de6984d4e1ec,475821016.99787575
bb812343bd6cd66e9cf9a9ba,376038740.36029094
e299f614cd8ae525fc8fd0e6,768427724.998262
521e9326a2003c7b56fc4365,921438897.1327212
dd59ac4f6706a1399360bd14,846009000.342825
d6c6e7f923ce2cffba8ff9df,732747790.7016476
df07a34d0ee2f78f115c45cb,1069125179.8260454
db6061f876f890071f7ed957,1034443301.1881429
b31601cf48b268f3b4107564,735031886.5567875
3a9b2ef74c59e96a6b107357,452672992.104629
d600310e19c926cda14ac923,1216078435.7623868
183f2cf1a1c7eb9700b6e72a,1390139997.6169212
42556b1bae874a5c09777873,1234458062.8211799
57c1ed738536d177d66fc52c,1422016687.0341232
26cdd114566b7cc63cd96fb8,1202845220.0595255
0f679cc583a47b30ea132bbb,653364739.1185777
32ea7e13e8d9391aa9b7ab9e,376284339.8558835
0a482968c7cdf212401d72b7,767556228.5229808
85e4ee2583c51592d68ef5d9,389582951.7890063
f4ce15aaa352d707b68cf773,1060225496.6511729
7d383abbb6ac49c6599ffb0c,948509848.8741441
6c67b1b0991a1d79251855c3,1308342512.250779
9e52ce2cb6f6b7e2a152dd54,915012937.3667927
bdeed3a7395cdb9b175273a6,902200297.2144526
423ddbfe2f575e6bcb22e7b8,914617590.6666645
3247399a31df838ec5fe58c5,663217407.1240152
bd57e5cd29d935cb26006835,977121863.2030236
bf00f36c4dbb273d7ba4b7dd,453317822.7960664
48b9efef82faf72bcbdf66b2,709921836.9328452
d2526a3e39ea01f87c99d073,937277462.1796631
651d5cd65f80c4938deb7da4,426792554.859774
0be7803a34b11d89133beaf4,489031274.12556255
a54b0b282edbd217e9509287,782741550.832125
550c5061428d09afa0c409f3,526606984.305764
7538c609fdd115c9dac551f4,777198006.7150106
d7e3cdd3ac239a5c318f2e9b,1163079784.0474598
9bb193ea939c5308a738fcef,402231538.5669036
33425419e1a8e854418c5180,355310696.7496097
fedf2e30e390f5cf74b27e97,415191169.7291993
024c5c787d005adbe770b9bf,388522333.3999351
13f681a090b36edf38a4abd0,449197854.5505271
442c6bda79f63bae28674b1e,696319251.4172201
47e0c773f65485ab7c78d49f,575745381.9116368
9e30b310c820d0426f504d90,408793597.9164742
8cdfda9067e0934a8ebe0894,847729756.5150884
0a8aaa78f68d43e3b1bf6c51,744621289.2522883
1101f533fd18cae5d32c1cbe,671810689.6529508
9f6af9ac2404a8d55f24286b,505374698.9331015
75060f295e0aba8e1224f766,517784353.00860214
f0e68102ff84f49d90fe38f4,415136362.63110155
3c45bf3e3e31e7804ac91704,463608221.2752871
f908e1de4c4be0d77411a998,713845421.0191091
ca643c04044fabc6fc566d12,1036076701.4117398
8aa76df8fea21a42fb6229ff,671259495.8198324
c214d2383936dafbe0652c51,712282683.4078947
993898470c6676ce46ede92d,869613106.5970982
18f6240cad6e92f9151099c5,935770510.9228002
1e63fac2629793fdcb793f1e,877506084.0305451
e0137390f0186c98f4e91263,1043930259.8175666
e35f95823a486c52b0f4c2b6,495517458.5678709
ede10672118071a215ae09fc,1098138252.643959
fcf46edf6d612ff1f5ed6134,942081369.7423525
df4be33c0931aa86231b7a2e,1188969516.2739658
53fdb16ec08e794dba9a10ea,812553115.3919777
74c24c5e142e5267456b24a7,977967570.3889226
f1bc08407f40396c094e0499,1338105804.7731693
496ce19c015093e97144d375,570874355.6384166
a183a1c009abf7251fd725a1,874022479.7502618
6bdd97526b1a9cf10853df1b,1046265000.8356413
f083a8f187e2227696695ee1,834898511.3043661
2621e068043a5019aeed6c8c,676419632.1268567
3b43e7acfab46651b099b1ed,1204231303.6854696
6565b3281cc2d632febbb6dc,1321493993.514026
09e47ad8508e7cfee83c6d68,1290365098.8352318
88b02e7b20ce6db956afcdd2,1230431823.6447701
bfc41facefe9428865e4c29f,1098824700.8741632
569bb17b961fbdadf7106d56,1358292762.8048785
2314e3ffc7242a429e00207c,773791679.2692283
4bc1e2cf5e5ffcbe1020df08,1169980499.2106886
949c4a5382aff4750b4dff83,1319845815.9725842
a63b4a22614d334b4a61ea16,835184540.9525201
734fbae84cebd50aaf71c48d,1337244772.5543926
f92935374a7ef86314223c5b,1004632939.4992641
6cc8e22f11d382206273af23,997919509.4515406
701768887155444b77c4f446,361008702.92287016
13c86cdff4dd32a9f8b9adcf,1064981011.3110276
8002e2cd1b70ddcae88ebc4b,1137161302.4744878
d0d77497c8a7d567f01d3afe,685145149.2201422
95a7b01cd60cd10e7364a600,656263407.3645221
d1e38d7cbd32567c874e194b,794183993.5161508
e674ba41f9657ac8f30d4f7c,626623751.0688653
6bb760d54e5b0f54d9612a8a,760642842.333291
9e3bbcdba89c647e4ce53182,510095021.7693756
72927abf4bcd53d6907aeeda,769225926.0692768
aebaae467e5f01db3afe69ff,450949709.7406718
3ad457c8855ab8921a7974c7,1113804743.5034451
1f3d3fbcb686ada1a96e01e4,476608925.13920236
0775d831f68b88ca59eb871d,1145726812.247573
5fa3b0993cb43d3c72c30093,703759386.9127029
bef19d0084cfc9f6fa37ddd0,797890703.2966614
85a856b4d0dfb1fae861f513,699997453.7671272
07fa1ad76017843232107517,1355063357.263008
4049086139009c35dfebb3ab,428800546.20536137
655120f80a39c19221623311,835784161.8022187
71dca93007d6ba45fa40eaad,739368368.0624893
9f41ce015f02d67e193c41f5,389528855.4783464
9017bd24d173b2fcf564b32b,1374762764.3046145
e5ef29d41082025c42f7c921,611852541.7038684
5c60d7880850970facc54bb8,1133701413.0057025
f51fce25d8376d48fbe73a43,388119327.442152
9dc7b0a394309d8b76d0bb7c,628642256.93192
a12ac99bf63b547fd9180a79,552759732.049661
378d846a7af35e0c3efe53a9,881910961.6305581
0872198056be7edd5eff220c,1006691669.7903366
efddad1eec775ce61d3b7b64,933544803.6478698
70c19d59c6b9e194b6bc09fe,778226160.6470199
b0d3d98076883f346cee8d04,1138513224.78339
c7694e92a97bb66794e62fbc,521734136.6923554
7b4fcc72822460a428c19282,830329821.7946562
a6baf4631223d9b24de8b590,460653532.8538496
a6f616d63d134f14ced205d1,1304527987.8664894
50c123baa5783185ddbe29c6,995645096.1540307
24756921525595f1684929ba,808108038.4270053
caf9c761d21329c993a0bdf3,760927818.0324166
193d70ead1ff1043845e7671,544718613.8902532
62ea31859e01c2f4d4e97baa,691087369.0303878
272b5b5c28e46c6f5ad95c22,743146176.4063047
552ab0964056c1d1d1b7398c,1200722588.84086
23799891583435710f66303a,704562267.3121563
34896afec0b639648c527483,913790551.6955614
eaf53eeb911ecbae638409e5,392342500.8748246
b1fdade0fbf0470060fc2708,471464992.7370049
8a20478528e97700dcc84abb,398508548.3083775
702525f05b47353c95b0905e,439647949.8253745
b84c837c5a1fd0f1ebc5f8a6,513823047.1624564
ee2d16316e6f4f2388494c7f,675068522.8776848
ea4af07bef4ed93e81ded95c,1115239795.7731605
1a71d0d3503f9eff28acef6f,918065721.8100332
1fe392004a09aeeaa6e8bce7,471716023.68600106
46d4b0cdc81137aa56f516df,1179143478.715958
4d666967b74ccdf5b04e9787,360088734.1030517
fcf79745f8cd716d3ff9d27b,501071114.3030069
aa8a19a2fd3e2cfeb3b7dbd9,500760615.9327373
f055602beb49dd6040641c9a,529831365.7840809
7b1377c8d81755bb9b501064,624322511.8504336
17d0418e4a439e9de8006f5f,921454665.0046268
48f1c6e343a4724ed865533b,1189791306.4319706
353207faab3dcf10feaac8ee,889589722.0272963
ff188e88378c8e2abed8119e,703650738.0021296
424b41f5e01ea2e2ccd3ca48,677939031.9814404
608cf4f46a188cf84f853c72,421673134.6372452
f9e7582dd99d36bfada56249,1021937972.4202362
d52f04fb69bed41ffb10fce8,962391597.0471474
ea84b58f733c8e491db98a52,958984518.432987
68699eb9653684fdd3fc79b0,1286891867.6614904
31f52502e89beb1b2e0dc3d3,903716341.0178803
fd41747287a480d5c4dcb56d,1395119601.413187
b7afdbc1b57b52e6fb03accf,1419479993.870305
48b270a493af4fa28dab9211,431075518.9561149
2a787b39e84958ca6b7001d0,620200663.3051957
e439c77c0d871996bf06bf88,802331302.5040394
91b8b9db5372a2c3a5c30c58,629114453.9541439
038272b33c075765464761e8,498808700.1123471
fe8e45caf7605fb91d6bc5f7,853918689.0871627
d354a2581dcb183c0cd70540,510569229.37719905
9421ce9f204f373a50357fce,414965025.6616848
56bd3b61805077405af098a9,553646849.380421
0a606d19ae362a58922b172e,716009669.4373897
ededebb1a544fb3246d3e131,482079940.754818
6b6c365359d20be719ce815a,696128704.8767769
b8b22c1afac62b05ad389dc5,350481684.5487783
3e3717eda8ec9a68c9d83027,610259105.8123475
03be8ec62dae56680beb2cf3,755991525.3678268
fe6c8cd2e792d62a4c324da5,765049792.6452745
f9c133f7a12f2b8c1b2beedc,572371778.2502121
4ec47b8100d224499ec608e8,1272578072.3515213
143ca16847cc47d4a4c01ac0,656142175.799711
22127243f7ba3a68c3fc33bf,606021620.998184
835eff7679889fcff6795d8a,445954786.1284113
4ed3eb724d4e57a7b35ddf5c,884137970.8578962
4d743a1250f7d91e2782708e,604900036.9505162
9f5cf735a842860e7ac753cf,1078148751.7842398
e54a8b735724b2af56c7a36e,429921158.07400084
3b39471f854357b7e5d2853f,963152074.8316408
91bd11b5a8e0c0124be78f46,363399711.3920897
6121943254877ee48716c4e1,413337753.54265195
3f4c2c98a5a6cb78d7d26327,395299238.2273247
2b6d63d6b072901effbc8e1e,995643538.3308733
7e4b240c601e37977faffeb0,995643538.3308733
ac29d71a80307cab65f29ff4,902879204.1574726
70c77552b1bb67a2a71c2ee1,1353882309.687473
54a09a85767156b072c808c8,776540414.8764038
244210fb4bcc0a04f2cdff95,1298484983.1541376
9a2b53c1c7151a8b26a71edc,490438529.89593714
918c48a512fd6ff22fdce5d3,700382270.0205461
effe4219e6cb56e5ab70ff6b,942972664.289362
936e6d2192f28a2b40939a4d,1116521271.4870017
ad9a1b23979f0edd2ee19f38,521334736.2275832
8a8e4996e24142eb413c0d12,1323301848.5708954
31c69cf4d197f97ac594a896,838106530.0893319
143f07eb2a8f0a9e26fc4c56,1101589831.985841
e5fd3cdc6a19653275c7f4a8,836211343.5334326
5c7efb015b8ff7f108c99723,736330970.6872907
394718d9d069a126e13be804,783780941.3316246
56f30ea777f5493139f22384,1456847308.8101532
37d5a902f1036cf3d80c275b,639903141.0466758
3f418a8bcc7adfa87e0f67dd,870448588.0418513
051416c05445860d5b4095e6,457127770.3931711
887761f34ce0996bb05ac48a,1146875258.156372
e02fa06a8de8a603e417d5ad,607935124.5688268
6f5929e67fb8da068b91096c,1178430464.6706777
291479f573955e063f2d8bda,1315340651.0564325
e60850405ccec092b8fb5d02,825909664.6437176
464864b367e16547fe319229,704961846.3865464
4c14547b7e02e75204ca9f4a,514077710.2199142
6183257f16bce94113879745,468978296.51843256
46c34a4e5987c20eb1f5ff99,467720103.63550884
3f39b25dedb96409dc9d1947,1399489485.555569
e7a85e64ee07971696f555f2,1035978132.5815307
33043b254b9085fc82ee1f7f,380911974.57471853
bd2759d469829bb8926dbe09,689417585.0336819
affae17b6cc59bdaa30e29c2,974647619.9097719
e611d41aaf38a58acaa0bf23,840429027.0803738
0de426088a306321990cf60e,439534494.8025429
685982808b30597cc013e2c7,633737151.3422475
4cfd1be6a93641b110fcaf67,363949465.18802595
68fb3b3cc3e5b13440eb014b,1372660638.0887759
532bf5813d7e70958f71a480,1194301247.3917265
06ee1d8f3ea326a0e3a9791d,742458554.4692197
1862e0c4d8e89fd2302ab376,1611820767.0304508
f3dea3d678d959aaf6b2849f,1498884092.57669
2478e48a3c6bedd57c13c72c,760799254.5573096
efa36c7738fc14a11cc352eb,482676385.9743143
2f6dfe9443645d6629eeccb9,625428903.8808718
bc7e867cad6f221dc44754b2,807489164.2178923
e4f2fecf58a038d7b18f7160,1172066589.320078
a7620d5599ec354541c8af13,1466581624.8784165
484cde8e47fbf62a339c8219,541161935.3393934
5fcd9836a3ea537fe86d457d,621953110.3494904
1b288024824312c8b1681bd9,407916500.6938262
44e4574527acc86977f5bc41,860556074.5216116
8b716bc4d6d833f9bff3e729,571347728.4071717
0ab85344c5fe6ccb0edb6313,999926014.2536187
03ad99f1799f2a20c8cc0a50,681195903.8183552
6db318f828d464be421eb572,1331812391.8224442
c3e648317c360c76b94bf541,390337269.01298493
19cb65620d2330624252d01c,356753274.0888189
dba9fa9642ebc97ccd765db6,513753150.7170489
1d2467e5f991b935d676e906,435385015.01221997
4091a115125eb4a67f494620,534718128.68935513
d197410ebc0e3b9937464923,408517100.1404773
722699e593085cdd72102baf,369489864.5658324
c059affd0c19f6d4d76f37c2,520148989.7265073
855dcebac302ec5760f67121,672604160.3688434
f433278518a80c3301f26cfa,757072649.0108954
66a45b0aaf5f696d35f5cebb,748193216.0635971
0152ffa8757aaaf417e9f997,1263198247.430121
55b72f6c7163a9b0b3b0b262,569278107.5267928
c8346a875be8391145a2f9aa,433593667.6562359
11c86230e62bd2c9ba44131f,935083173.6284751
c4b97a459e2c6d13710fa273,532885277.94102716
8bcebf3cdc54d4ec99ba0d88,401976587.04255605
ad159116d166e45b70329bd5,508662955.00524074
6f060a8ee8d6d15f46289759,644313865.9580958
ab5f089f9d2ac1bf52222ec5,608449436.0785829
f4fc2da675d6a2583054fc56,478133035.7438102
89eed91bf5148b5645408222,691375922.9045895
0761d0b7c6e319a75b06d420,431305461.50616455
ce84187750fa7aadd141b5fb,719949327.870135
ad77298955813089bce818a2,637551077.6745659
3abe8f334f0f20f8006ca5d6,918218088.3929012
36445c32822146606f75dfdb,925520301.1804695
f9798cc6285c9fb3ed7cb668,893482818.9267728
59dd396f70b8458772307895,960267835.3933595
83e91710343450cb0812a6e4,1033226540.4970248
1e7a931100be734988955242,1232245302.9582658
bedc5ab20edc896f814c3f06,1027818530.2565563
f884247fa6414f384480bf38,580062017.059936
f34a38cdec7eb598e55fa41e,824489518.5699251
106ad411e13ea21ad68e5f59,1210789766.7465644
a87c585acf2a147e381005f5,417647518.83848476
ad755859e7b6afbc021fcf6d,1051654799.5585977
8015080cf97316a08453a9fb,1188619449.7952552
f56d8f5cfaca0691c6ffbe00,728208005.9478183
8ad016d414e2d2be053d7612,761375882.0174043
8b91a957eca1985938860c28,838719324.6163687
20bce83e2b75fc535a148dc8,643084910.6805532
5724ecee1b12e888d538c1fe,725665363.517186
1e90d068f3c86c6f691649ff,867671136.5219406
0fd954262ee740999c31d407,449398295.7470095
a6d7b144058ebc326b9803bb,656803198.5000173
a81abab882910584371c7b66,732289858.7554603
9e41c4b41cbdc2553d80e362,847749624.833858
b6fcc49ad3656cbd3f4c2ea6,778931782.9034467
9a296eb9b63ffbdf2a07cd0d,1098270405.1779654
3fbc0746bd620a0baabbd859,473982584.8320126
3043d0b025fac4ed90b448e6,454946207.6270621
219555efc5b4291791143252,373351544.14704376
a00863c7c53b2c059ce22dfb,413366702.0521232
28b838c94d10823ceed62e0e,420607234.47807914
7e64ab35f5e336d5bd2e1b51,1059738756.477084
52f24ab479fad35c8bb5a8f6,685284946.1270002
0d1ef14606c58310cae371f2,413076752.2569924
a465a567a4f60ac534505bdd,1150850941.5559196
8694b149f7c0deadf820f0e4,838489880.809825
16d6b756f5ebcacf221918b8,954400790.0038905
7d132190218425df1857b8b8,1028403428.5112811
7c7a3f51a58dfd1588d7c088,431112009.78031236
64d1c45a2968b0fbf0eeacaa,862907786.6959811
4fdc382b65441412fef509ad,1072377147.2650439
04ece9352b3810031f3f9a90,833796501.2676203
8b5b351e07a26c25cf51e176,387628926.0058934
f923bfcb8cdb543c23bafd52,573600911.3159177
a15a12446d2e5993a0a6c423,459577090.96907866
ab3e1642655f7e705cb047a9,573600911.3159177
b62fc917b3e8ddd64bb81018,428879130.9886258
835842cdc8ea0a2206c2b46e,739910744.0413896
02ce5bc5d5d286a4cc0928f6,953755977.7679225
d8e51f7b40bf1887ac007163,557629891.6549585
90f320e94aa429856e37bb35,585297908.50974
967a7676754d6f9aa3e14473,503094733.31456393
9251f3dafa0e747b6e78f295,799338326.4846045
17b5e8357e17b516d947ebe3,606009969.7500021
f943cfd29effc9c048b8e106,750820243.864455
41719542347401b04dfbaa59,642838256.8913552
bd6ad9a9ab28aaef9b4955c8,606835468.138271
bbff88040e5b20e874cfad9a,856561350.3424453
3d6a9a4f2336a46eb62e6a47,1100510617.1283739
493367258be5d63dc8db97d1,1100510617.1283739
67cf2149b4c214da77694088,1007675540.303771
8d2e85825e95f6941445cace,1020796681.4867562
01afa737bcfa6b1ab530eb09,1246425519.1526442
25813f7204a2e796170c4836,490761626.01204526
3cb1773d90dc240c4ffed5c4,1055752418.8981123
6c81a0b90366db9f514362b4,1022522378.5268865
44c8131b88accb3b46b79ba5,481640656.4315701
ff185be4fdbe3790c72d00cb,458090626.8663368
851f50292e30b0a464c0804d,461078252.54745066
6fc2a4f29e3b896bce631ee0,437823088.03570163
cabc4fd04b60a66bdbe2cf9a,1091052176.0848663
61e9c2375626a18bc9920c5d,568225458.5383581
396c8060d9767b4debf2a54c,702451460.3891265
92ba019bd942fa33ab742924,668228490.5189292
ff71037ec8e5a91aad6f0686,647696772.6645838
d162a90b37622c1dc6550690,394950396.6457826
e1490f0730f8fdc36993027c,567847610.2674963
5a066d6bb65d28c2094051f6,643396715.5322114
9c7bcf000cb37f48d9f15422,653659904.3113137
528a6345df87dd0db33bf822,784370093.4022043
579ee47bc31f5408314bca28,587019198.8529152
eb61a13df1c8d8d0efc4db3a,396839029.60909355
b649d315ff3c97c4e8e9db73,362347597.73018444
d8dd26eb78ff22272358e302,858027817.3302857
6ae2221c504027acfb7368e8,492692584.8201441
3ce908c9b70f349158f7d04a,913415222.7309295
7cf74cbec871e465ec2f6a61,913415222.7309295
02e9b077d6cece81387fda35,995196165.8071156
865ed399cc344e0638e45128,1212058464.2579699
d9ed55fb72efda67f5144330,1224747333.5397606
9fdbab0b428f19e7e8dc35b0,1072479326.8839746
c061b886b7136a1b00c8ea2d,992165138.3117787
fd0f6c0b5234ec1f6c7d1fd8,770109502.2928535
9df90c0644948ea5539939eb,722979892.6849672
547661e79bf0c62cb8de63d1,595374250.1121509
68963f5f3657cb64276e3beb,885729036.5586084
cab0a460167bb64c037cf25d,349647759.7277749
31977cd5d4c09eff149e74ea,928893873.6074203
23264fdd1059460e079e5810,544471951.272047
4769743185eaeb0e4158e0e0,525169375.171242
780c809c52509bb4855a4efc,509407841.4415832
f64d4e029592761bee698958,375980313.6935108
be364e85b988ef8627ece74e,378989967.137303
c73c38b652e9418f06f89b67,386902996.87993294
213032fd36fa1a6342570158,480060170.4450609
d519a8de5fdd1a84ca1baac3,742397015.0816152
df91a494d5d244f20dab0eb0,411631547.34598166
9be92b361ffd3ea2c69be23b,571565831.3461616
cad16b2ea432d926d961109a,471705771.7925179
56b22bd973f94a4bfaaf6b33,683074984.2234182
84114798ccd01ae3dc97cb27,403102349.4036022
fe2bf1f402addaf17a213030,861486660.2634937
e01c1b69abb6a4c1c69c77d7,787127290.1824663
24671f63cd061228ec0b5b9b,425393939.6945122
f54c16df774e70d49355cf4c,456093646.4051468
5537b994e85c2688fe555d5c,447246102.2777653
1e5919cbe4373aa261d672d7,404338094.75244826
cc125d0f70d6d0819d6d90ee,534327349.06239384
51f94ebbd6d2533862a1fdbf,771742581.7648453
fe409f9ea8d18c9d9ba4d02e,386068401.17050976
753b47e2a3b9fcdf9d7fd9fa,649702251.7395914
6bdb3153f267395eefbf588c,440667497.7745726
9bde9f216ecb90814670e87f,861486660.2634937
7f5280804c59f56fba3d6201,430877408.3806885
ceaf16e097500022498950ff,465403732.4548433
aef06b27b0a080b5ee539b6b,424860885.4295488
abc668bf93ec7d1951c65cf6,386068401.17050976
56822f406646f93fb39d9e60,408508640.9507828
2690ba8b22a95cb837cb87b6,385737467.9220469
180172e4eee8ba756207b3a8,444997364.6087622
c11cd2e00942ffe56db5ae88,851556739.56114
75a287d87aaf6ffe7b6db546,383509517.92661136
08f35bfbfe1bd663c40d9e54,588636551.3326812
c2bbdb2e5d0191071e6db37b,541479927.845842
b129a508d1d98a1b6dd2f61f,548340913.6498924
335626f385c28e8370c207cb,425302612.5940638
898ed7299f0c7b8a99e4877b,550680556.1795505
a98022fc80dd6ff27de693f9,410646617.5030688
a59f1631e721d231eab4d146,1074754458.6025186
98c9c866109bedd605ab7dbd,901035245.4766499
cc9743189c3671adbb1be49b,987254269.7023977
e22b8126863c9ca8fb04df9f,961923970.2577418
247715511199c5b680088b56,699234875.4989097
6e51ca1a9c2bba9fa0cbe5db,861076320.653184
ba8d6800443dcf95bf9c1037,641807388.0535479
5ec6e033b9dcb454c57050c3,845859060.3129553
156ecfd8ca6004281b191db7,1378281104.4769561
edc3879a1102740f2f96227a,990221537.5093864
c02ce25a3334860d3bad53e8,750199449.2340547
d041129f83f1f13fd7b35e4b,963962003.0237772
6946fb4c877f35e9215ef4be,750373066.9057295
ff2897a56a0fd08996d19424,695346863.5818677
e1b64df8e809ba220c9722aa,818532551.2893517
c13263f9c8628bdef086106b,944469775.4272012
e2b8d1aba0c583984aab25bd,955528382.6904263
3786baf40b31a20f3bf3aa80,890881475.6790907
bcf12785c25f6e600eee8fc0,552454688.561595
f85d09bb2ea40bd4b68465da,956663307.0852904
1f40dff9a973064aa4737eea,1010450181.3724562
79beab95c6857412ebbbdedd,907556339.5143558
5ed8cd2cf2c6dd5b5241d6ac,1285379476.641173
ca8dacc29a57d39640e3e59c,912693741.7603621
723655990d58df33d55009b5,1112629963.763539
79a675215fed2e293b27f43d,830499492.0495045
57999ba0ed9089739a1f4de1,782978140.4790452
00cea81b78d6007eb405d5b3,710009971.2050966
c00facb3e4cbb27c47a621db,1371276099.5155609
d1481d9d2bc9d1a3811f2faa,1040886000.711672
26313750bd29b2c59a81b58e,951965966.8063167
2bbbe93b615c46483056bfe6,1368564855.03216
0f8fa0a074b743c92f0fc56f,1265047628.9726923
b925f9ef733930be26417458,903211215.8336589
0183b38955437e8d0128a013,925990501.0499103
1c9f65b631d2f2856bc97079,645450885.7790354
c11d82cd360eae99c04009b1,1392978912.1352432
4a80ffd8e908a3291a32fb6d,1421235167.8950655
1a0134583a5854d5aa9cdb9f,1102684105.5208051
5f5346deedcb7cf5dcd1e9be,748506105.7677877
f17c8b14e56a76ea84a45fd6,1143367612.3795996
b8ff548543842246ad439703,1349125333.229206
53462704cfc47d32492b4847,1195411590.6992702
25f925538316d3cdda8218c4,1382889655.7118516
ffe653c61bf13df43fa22190,494325451.54503274
228d98c82021e2325263c7d2,413005726.4624276
f32a7d08d176bf9177dbcab1,591573103.3202043
f2c86c1edac4eec6c01ec11d,453072758.82677567
06e350e3c733e5a0afb613cb,502996161.115226
e2544529df4efb7e90afcd21,541507682.2372296
a639ec3b943cf90cb28bc1b3,502261057.9889584
a1320186028a726935bc1cc5,849541464.0534294
97337d2f347a50e0ef518516,394913934.7667411
8f619dd7fcf5e1a17af301c4,1054698261.0520818
72569ddc5828fc702b2fc773,1008526219.642736
ec674ba8cd16c2264d270901,1372636090.343381
2b05f001ed1a84425a45d0ac,805196608.1626713
0a7758f69ddd8fb27a839661,443340391.53799814
e3ec7a8fba3e1ea07a135dfc,433534504.6965835
4163b665043ed27d7bf26c00,448584880.8353949
69f7b81b70ea61f304ccd36d,779977406.4714915
ff61104cbeb37f077c565fd1,407226181.8394756
883ee78c03efdb4bdc57796b,432854116.19743735
fafaa5dcf66d22bff322c72e,389025845.8897144
eaf0f2b00b6994a9ba8c5ed0,495528687.05962986
9b1590945c0c7f7b0704d287,605898758.7454967
766d34ea891f3af53f1391ba,850025500.9413582
b8680f925773229571014e61,684011507.8877814
2fcab31c752b699af5e8ce8b,1130937668.4942646
96d14697ed6847ee757d113f,695786730.2216178
ded79c11c30167a9d8accf77,521348355.5530335
ac50dfe70b599ae93ddee4fe,748531096.1281157
3fc7a0f9c30978f24d688fb7,753263873.5896666
083f05fe52ab15e8d481ad41,1128255386.1458404
075be16d8d9ed6831d139b2e,606973095.2822934
ffce0b151f293cad0a6f770f,1286501547.2942445
5997da918101ff14bddf20eb,489351859.9555465
e102f1d841d7cdb596d50624,352284273.9721361
a2c3da753f0116aa5842d4ec,1000082390.9835751
43228eaa1230dc0f7f1473df,369288088.687733
4349d6bfd5a518fcb231cb3f,741185324.9333006
c6c978051fdc655d21a370ab,677589704.4271798
f4cdf3ff86fe70fae3e59f4c,780924164.9360156
ac154aaafe98dae45bf9782e,892319720.51743
01f6c99999c154461765f4c4,703977087.7666442
d7d30819fc6ad6e7e41453c1,1175946894.9706924
383b3198861942064a63184a,414576552.95019686
3a2f110334251e97abe3583f,368784466.4844885
9b9db425b698a4931173b5a4,735227341.2104251
3b51828a1e891f3a52a4653c,792791647.0255684
c94dc49efe0a350bb522a56a,825031360.8836882
39e4765ae5c8284e1f3f618b,782951681.1860172
04b28e63fbba92daf83865ba,1082263184.9488983
b9643a26731cf2a9a243ef33,1279711543.315966
19e03fc1a7ca4b0761eb9ef3,1053024699.8094058
c0224f0cee5a388014db4f55,1361176103.44917
c4074029fba935dafd82eba8,448857886.4381772
0a8d749a2336d8f66a4f19ef,396717380.486879
e84da6ce78339d50a72cd87d,406783668.9189212
e9830411c3092327f4e66a99,482286602.51250076
17d51fdfe8fd16185bf5feb4,709968208.5270036
f07126d58455b20f547c4380,692459859.987434
8fe7db56d501b9c11461f62b,569432131.9292955
1ae2058fbe26f384be45df4d,508364230.343202
e74a31e6edd4459d4e215c5a,582629444.8293341
c91945dcab0bf200c3ef321e,453395515.2294803
933018604a8d5a9020aac221,784256411.2169641
876ebdaa0bc953890e323843,746090665.259654
4fd907c202de4f06cade3b3b,1279210801.295101
e40f616637f6187024b34086,1125567588.4765823
f9038f7e24e0a29bd9f3e24d,1121541770.16658
b27fc4e7f6042d70a7651038,843617392.1185265
e68b18b57fbc5fd6cbb477e1,768651780.6486561
326a82671272d893ce699476,828761508.378463
d2655e69f5dbd09ddb9268e7,1107829336.6641545
440cd2efd45c019c7151902d,858708266.5521495
e5099db945e4f04aa3f0bfeb,701002698.6563407
3477d85a434f66df58fbc094,956840458.6352072
56991f74ed430ed942b2d6d6,975764503.9348305
7ac1b85bd87929705b7a86ca,954977311.6017513
0e1fbbe248919eb71e53ea75,660930212.9423842
75c16273d3a593752446c27b,731882174.157364
7e74469fe0b030254756296d,1024965174.0179795
35fca2d53ed17ea7637c528a,1031066177.2287881
963cc728f3bc207a7ad74ec4,834056406.3817108
fa9dec2129f7218b4c4d4b35,875693112.6015455
1d0a6bf40e609fc74a319310,597874610.7973098
b9551c416341fb167049d4ce,833287174.3939188
89131a0af2db172538723b08,533541587.6723517
3e66557e876a876c259c40a0,436372007.3234779
078144699729ee0c46f36123,1085924530.4469264
fd15189b99da46b098a949e6,709377130.9072775
d69209d7a26bd306bde5a37d,811026979.657116
89690c80b7adcb8a8afe531a,819929850.1774051
0e0d19168609ac1d75253edc,570863322.9039835
6cd0aca2bc40d83473a39885,875569673.5647388
6ea0d50e822913d0f444d89e,864087254.8266088
39579c195f288da8d77f5ce9,1207820717.3940206
bc54f5dc4e9ce267ea592813,594897461.492208
1d43fd3f7fb4e24a0b7c9ec3,740752019.8740729
2566d8588566312ffa4fde42,1165832770.8829985
8d27746cd9d2532fe9cfc408,374331170.81847334
95b822f76b4d3d6ceb0c5077,784377378.0619204
eba86391ca00fb217ed1f774,571320244.2092853
b9a0575867a59dc5dcbb9cce,502496763.1901438
0845e73ae95dbd4aec3f1f43,486422073.992921
419a2f823e87ab67b1311bee,1315861204.275428
552217c633d2562cdcaa81bb,607940160.0118273
4fd7984773d2872e51574ffd,977652032.9937907
a87ed2154a2351cf26f0027d,904154747.896607
a2522c9d3edb7e7a23a42b74,1082043396.175033
357e58ef96c53f39e267b80c,1354233387.5343597
cf0ca58262feb1f8b0dc7b68,882500741.0387626
1cb79aba890b35f9d2a400f6,1466597614.891484
d5c79ef12f43e2bc19e22fdc,810676625.1891437
776e1192349cb7cf1579056a,926430413.9768375
7de63633c7666484bd098e2b,585158045.9830557
ca1b1c17572f776fc1059691,613956137.5989236
53e94de217ec45ad576fd83b,671126196.3241761
ed5c3d2952d2575b1bb757ee,1074219933.7207844
bdfa334bc331e3e547f7568f,1128255386.1458404
9c6a01e3c7ef87d27185e9f3,953457350.3407924
05d9818d3f9f2a5c358d3911,1038036941.308529
f6c990e406b3756ee39b3b30,434521883.7004555
19ace6cdfbd8bed6e99c86d9,424489145.38500696
6a04f8684e083eb6319b5272,456727651.4407777
179bf83034539c8a391e0310,557123676.555067
a42081eac6834da0560ea4ef,942155112.6443924
784fa9e78f7cfeca4133e8ed,1131088887.3405285
978edd828fc71300e6723e06,1236291272.9525075
61d6969334fc63611c810e2b,804533185.4910316
4d592a67596afbca92d26bcb,598259348.0821459
50f8068603edac10c87411ec,589578982.5733936
9965f598c5b95b3cfaac50ad,912937955.226054
66cf83769d16a4d659edba6d,1062432167.9510038
9c2c2b01934d1d519e651786,518587017.11411345
2b4913f28d07628bf2d3ed92,1017439893.3519228
9baf7967c49fa209de8dda95,896317040.4530407
7a0f887a9426270ff3c24e36,1096111811.4369543
c1034173dda31d20c4efbed1,667373673.1644454
c4a3d64de5e401a86395a919,586176035.3602833
c4cef41167a5e8354a61feb4,876673817.0146394
f52226b24ca3d5b04b7cfcde,1106212026.4988296
36d5003f0b5ec7f80e89262d,935317831.4545188
641600a4cbb13b35dc7913e8,1176901681.9484956
c31c4bd09d8cfba562ed2b41,1190719338.3827634
0df96c81adcd6fbc2f7141c3,693016231.9425591
4499adb2aa3aee94d1f1a1b3,1342604503.916954
4ec06163d39f96baebe11bd3,463044837.3335023
692cc1c9949d35ae11412fd6,445888015.32317483
f1da5388b772159ec90c3210,1248013904.9604151
e7ae63f81f8fad37bb9c1b32,995795895.4042438
d39797a12d9a4aaf15ac11e6,667404039.0002553
efc5412fb02ba9d8f604e493,695296628.2920251
bee2e008ee41f8a711fb8d29,642921461.3459172
80279a7533c44bbae477ea4b,876645529.721657
edc43e57b2905405a13f8f3f,404955508.68489075
751795587d1396e0daa25783,455088552.24617827
6d90801ea8cbc12f9e2131a3,494660956.17306197
71fe067a5ae994180f530686,494660956.17306197
2e99240e23b0542f1cc75026,439369947.38728315
fd6112c82d5808311b08e29f,518438830.9713555
0ac639a7c5ec115b3df8111b,564340567.5435839
af0cfebd54f32b9b92c5fdf3,494660956.17306197
b0015b31facc48a49f1313ef,429737842.11700827
2347f69ec1ce4a3fb6989eb7,529238296.4110134
209bf65e11bd7053d9658824,723123521.8651159
41877a677d1856bf609515fe,839573234.103528
cf60297d9d9bf1268f35ad95,1189673668.7829866
a33800eaaf178e01558ee926,843476365.8702476
69e663ffb4935aecb875854c,915585845.3349102
595415e95e075b70c39d5c5d,726651326.9095631
719679261d84d6b93035143d,956609910.86088
9f149071cf61295815e3f875,821521272.7335657
3d24d985b95a3e200a734bc2,1258399426.6780462
bbe705b86c6ed4da775b68f0,374709616.2401362
e1d875468eea7b2eecbb49c7,743020344.7017474
0802b7e10706252dab8db909,699311534.3296282
2f412384597554f3dab07985,769056048.4229109
da8b5c8a320821ab8ca00a80,785443767.8386143
0f10d20cff5664f9564bc88f,1353828911.6314106
ab8699d3c685fa834d7ccb3f,760355369.7977214
85956152686438c48c52e018,1033351872.2618821
ed9c4f4e06183b15b877f077,657141856.4754958
12e32a758e15fbeefa255207,900460342.0555065
22cfdfbff44541dba9091753,1107749225.189435
314a1e163d0b77b0f384da29,384129040.9702965
23959a0f6e27c8c2b4a7f436,955595373.2253073
6ab5a87a537d2ce326c867c1,649875507.5681618
d9ebae84cb53d29bbd8a466e,361018240.19942224
9511afb73b656135daaceb43,1121582867.9711769
9231ec89e58a3daf459c5b43,1441253546.9364884
8d97cda83fc7353a86c9393a,1167284619.4139898
3b380c563ed2505b7630feaa,1220861776.0834522
6e5ca223128fa2de422b4009,528223961.3055422
ee30ab004ac5270daf59758e,681266766.1328945
d6fee4f680569a54f4267215,1059647577.9126663
db3b84e5b3a9097392a57319,956527612.9517312
cef379fa831f936cad745dbc,507986471.6341612
4db8d32011163bc4fe01d02e,463245569.0848004
f842221d74340270e757fd41,940360503.9907013
f6173e36f95ad05b8e94321b,1090134720.350776
5960f14f2a81075fa66568f8,499925923.5767894
cdeba97450c735185e486eab,925173983.637643
f9a802cbc802d49a087cf23e,1551578934.4233537
6a9ef848f22fecb9569098c2,1081524950.8409064
f3986309e4fc4cde2b5feed9,1111171995.496746
6c3435048735371c36dd3892,1041308174.0972934
f019dfbfa7fbbddec988fb25,1150215104.0775816
4526cb4a2b8238dcc4e496e3,1243797630.0277622
95561bd325f60967cb6653dc,891951054.5496819
9f3e09a3461bce2fee7e1c40,1426922955.8943553
1034b1af0331daddad70f3a5,452952676.56575066
3ee9cfee7b0acd482672ed47,752413863.4505544
adb51a572f3198367e3760ef,668389333.2322391
5c802e198dc0906016741026,425884765.74490565
671603ba1f755be5d7219a01,400836719.382434
001d77bfb387bdf0b53e9e83,882341047.1613752
fd9fda1abfcdd1066a177e14,737868359.2259183
e1e78f3432ea2dff6b69c6c0,590090161.5827825
378e6374da00b72bcd7920df,661442330.9589372
54ec4fd8f49c897c644ce83a,850986541.3424283
a67ef3a182aa268bc4d9ea14,704902870.9775087
8100a4b0288d5d9d9dc86d2f,490700238.65405
699ac8957d9b4eb7fcfbcc40,897912494.3055102
7b35a3e9f3e67fa1974f5c25,1092961919.4011588
6e5383a7f9a68147c2788565,1005734459.1015383
fca1c40a338288036b1eb25c,1249218238.917332
237da4784755f090c89f07be,679481572.2814008
21a7c5d6ea818dfb25077e13,850643345.0092502
0cf7dd52e117832b4698b310,766804557.6784447
677c8056695a5a539dcfa3d0,908396548.2281193
e4b85269ca413066323f66e0,997428783.6471009
9019f1dd02ede61479b62406,487998995.3136927
958f3e102c6ecf5f6386a004,434684489.43631667
b05c741bc5013a7a6abd31d6,434684489.43631667
2c58f2cbd00035febac060e1,682476676.6462077
89d36acc5f617a6a97e02f23,657336354.1370298
2fba6801eb9a7bce7ed2c081,672077436.2832624
45ccde79aee811756030903d,831006417.6451617
5bdb5174517b8faa23df9587,1187958494.3094096
36a11817b32bc24eda6ec8eb,476608925.13920236
f1319a9332946bd68db250c2,438978524.99748737
39f70d6b68b22668a0631f37,639694315.9958102
3958d0cb732f3d623764be54,473715006.4919619
f67028acda5ecaa4c8781ba6,602275855.5021256
76f50ce5f30cb96d48a69357,610259105.8123475
9e5efd4741a57b9af54e9265,609135157.8761963
8c45ac143f5cc43e9249c17b,736441902.6752008
2a66eb4d2a205bc4474c0afa,758231710.3335649
85cf1ee98e1a85ff4619e27c,832986542.1356127
84c2ab0573d3cbffa0be90f4,746825757.4189211
48976c41de22ddaea3f8c296,381268432.9393076
001c03f6103d35389825b62e,856260223.6580553
ceab390b6906d5cbe65fc402,855776718.2736799
79f989fd66108a2c38a9764e,807630391.1281176
cc385eff95aa00310eb22111,771403782.4438772
ed764bed1d05cb1e9a4e67f8,1008944571.7896351
857c5dae475eadef41c25603,953391870.2875876
7148b0d9e2e1e92d41633230,899008641.6678206
7f3e02524981fc7e40eccfdc,374752337.5905245
ccc625df8f51248e3dc93214,441952614.5267992
b38776cf09ec8e90fceeec84,526043732.4930564
48ebc3d79e01061c926066ba,369205140.7525686
9580bf8358095abb15a10c36,328956047.6754107
d26d35e33a0cf88f735a9322,534231879.4179453
b4c2a0a1a63d35a9a08a6e15,736022995.8861713
1bf1913f806bd4b461233551,374798394.285523
34d1394dbb483e55d1cc2da5,401556602.0439751
7bef2da7f3c160e94fe91ead,369346186.25086814
528014ff6b7cdbfc174f4fcb,496820667.09445477
bf1dae54bab00fcd3e8c9ce2,627432559.5418775
f270dfd9ef449a02b6d7ae2e,614500989.1935989
31d6f089626c4fd08536fac0,427705892.91928893
259f4f7fd5d851be70d63633,388892124.63596636
6b74ef5c8ab1df614bfba866,934649748.3859676
7ee7fba3a30e0e7c2ed3043c,688092583.9635165
b24bd44eefc3ccf053939dfd,830599577.9576005
0545fc14aece3f37864ced2d,750321293.3561498
e07eb36210e90ef0419fa0d0,1251238667.115785
3991b04509fa61b36a8f7d2a,915603984.9976206
387af5fb4b4a7f5c3fdcce57,915102443.98376
6852e8bbadc1a9f4fbcd695d,802054131.9207354
8c3373f9c0372b87ef021512,1031284921.7793907
6123a0dd128e45216f832e3d,912597191.8419906
0913364c688d7375d0f7af5d,412810796.12608254
8831ae77efac99a6c58ce05d,704733231.0364094
b6283a5714e0b977110318ea,380389286.72417057
d2d8f5356f77507f8839280c,983134856.582393
f36bb15462fb29f80b127458,1236721282.816045
7abf9cd6b26e2e2bb6d91e5c,970901748.8106725
1a5f6f7e8b7af9d48644f1e0,576374212.9951466
8e2a5f8431996ae0db65d0be,881144337.0069392
29535d858fa3a11792697820,1060283428.4579678
8e4df02eee6cab9bd1011987,513324655.4843312
5a4039f0ca12767138ae585f,442227008.7150661
d84248b3ce8ff6f5fa480a83,471414868.12805694
5838e86b74020a5bead56161,407420996.77200496
02091877f01c926c350b013b,409375579.83487344
df298574e35dda90fb568023,414967081.2717747
d8b83253855448caa81f7780,473981017.62041223
1163ab2c0bc8c998e121b922,416398348.75353473
14f9ab54432e5f54a50be4a5,428613069.47030395
f4e0fa1172c1d4b70b6c4d73,394601289.3652475
4345863fe83682f6091d8a77,560786226.4851406
6c5bbbfa3a1515e5cdec9ae1,680746309.2595359
742da63af109164c21dd57af,604365193.2499052
fdc28a68bf8a5bc86288b4c7,781642366.204075
0f4b077de4ba5f5db6fb0065,580517046.9368536
320ff6c0320674fd278f6fc7,597382058.0652475
6acf9cef08906fe569c38572,953547033.1476876
853febf898a1dba351d6f917,556092303.3727967
8ae41ff6a828f175a9f628b2,481047374.0231507
56ae6108c1b53c649da2f6ba,504001130.89393204
aa990d4e5f1a0fc4f0bb29aa,659072615.6907632
cb8b826e929f4f8a8e3687bd,612921991.5799352
b85a7389bab2e651f05369da,468074233.4496916
1fe929afafa91bee53df4e86,504824023.6835931
02e89c055b7692dab024defc,478386107.50925535
66bc6e56bcac9bfc4a7341d8,1073153500.051018
63cee15dc4a6808616a2c2e6,619334614.628479
9a889078a0225c013570609f,415496822.2416812
3548fa5ad26ba2ea999380a0,544979762.022024
d9d8aeafa748f8f1ff2fca22,864385054.7954171
9e2c21d635fc25f7790cafa9,470951464.5404354
f99adfe85d32b0a66f4d483a,849147777.0956358
eb64fd330053a41ce5be4a7e,490786224.47689176
ea8d704272b2cd066a7e7867,826944285.6798084
e7c92ef9784a92c8b7fca693,834438124.0457206
a9b83e18ae78d307d1b39b15,761809896.951116
ab8d6823d905f1f0ccf4a75c,1010143243.5343716
8447ca83d928dc34c2e7f9fa,461198378.2780055
5bd24b842a67601630036d0c,738734878.396431
38d5b9319bc16bae99fe73b9,728753667.2146727
e1558509b120809eface5b87,688651500.6881126
4b8d7217da1b1f225f254914,1073891006.9156003
09e0c3a1b90d46c361007323,490786224.47689176
d090a9e520ef74848bb060a6,659174894.1609868
07284e4caec09fbbb16adf2f,1054420228.5575905
f8bb20be599b79cbe29f36cb,1018867003.3070275
07dd30f04c5953f325df9aad,903961167.8583524
622872d345b4b0d9c1b9302f,827879225.323812
fc9151dd6f8850502c747bab,728232232.1379566
0fdd03a2dfb18e323d96f468,836906036.7934806
ad7cfe29b56c915dd016897c,595223977.5759152
f40a182d82c489f55c64ab7b,1133132384.1990035
fb06aae0e711d628b16eb910,862796494.6337692
7dabee85f750266dce02399e,1009333478.2489803
ebcab2f8506c64a461591d1c,669326065.77098
340f96c7de105aec5b7a28b9,794497152.858354
be1c6023731fb633c4f41f96,397219558.06736106
d6b051fbaa13e3d92a798521,982303682.8212897
bd04c8b6b5e381cd5f881379,501862868.72513634
2ca47f5c36ea5d1cf00dbd2f,457441754.46518415
3f2c18ea5d8e9a25adca4c42,846288427.8545841
5bd59dbebb0d6fa71efa4c66,902802627.612211
bdac2f1c4b306a7742f60ab9,845579988.9993862
a0e26a9d56cfb3b7228e5d75,628606711.778866
933740e21e9b61721b2c6053,829000537.7136183
a3b9c1a3b81f17e6b22b6152,707561847.3944263
445e241d8bfaceb149609d6a,460351680.85257256
937f0b37f566f65a1871615d,607902059.2638086
9a76a405640f670c6355630a,580184835.3686091
7a0f351e8562fb7aafe6e714,433496488.2497993
4c5b79f3656501fce2e2178d,698422328.8053415
201053b106a0b89a0a47e2cc,647603267.1807532
724a5f9542f86cc43334d3e6,386115516.2414442
afaadd87a196e04b934e0b1a,379684389.7633409
a46cfad2458ac7ca4134818c,525990389.1488266
f640eb21bdbb9369acc4e863,425658452.7357727
8b3350aaa66b9fa1c682c15d,550630021.6065112
1340b0805cb34eb9a982190f,478940083.74603856
055d5ab6b22d4d0ac325fe73,518158779.2443793
faed63c1287896e97987c4c9,686528790.3753029
a094be8af52cf76977fa5083,869500512.1440179
feb3384733ed8feeedf9ce8b,869500512.1440179
eec4d59429b1d1bb75b4d686,547592259.8774918
3e9754a961d2cf348c9ff7af,779109230.3202608
8f8a92abd28c8990534e847d,1101030572.1784453
256491790d0a2d5e1ebdc2e2,469019288.3757355
ede7995bc4e7e672fda4fa5a,1212037006.1781619
9e8a11484838eed1f4673a32,687220227.618075
8aad5795547ade3c804c0ef0,683134336.2468913
4ec4683fcf928d9fb33eb7b9,662810628.1004978
ee18825bcf4065d29287b54e,1256479414.8077583
485cd615660dda11586f797c,826920197.0882212
8b450ea6c21fe0b5157529a4,938206511.8750331
0d45e78397d4bc0d363be47e,599196158.8016213
bfa4cb65827c4ebb91478e53,1087044941.049916
deb2c93acfaf6994bb3c0608,642674605.9876276
571e1a8c252cd67ee0475974,912541570.7257284
04e337d3c692f3429d47aef4,764627075.3293759
cd2913f013727119158b98c0,1250617159.1856177
ba63594585c484bbd20ed3a1,539542152.8036467
beb7b99cf12926d8714d1c5d,879552856.880097
0fbc9e52ccf1b7ea8136cbbe,1232838205.7629957
f36031f3a3f77a3fcad337aa,902700307.6314083
7738f18d533d0f0379e3a06d,983636107.432874
20c3cc21b44eb37d0b359c1a,921324195.1162043
78257e76c16db549022fbf2c,969767485.4805399
4baceaad0b0081bdaa37473c,1054351817.3060967
6bbf67d88846e94a63014eee,1340374349.889572
edb259013ceb62ad9b23eee3,1236688169.718063
ecfe155a407ad2c2f74522e8,820769668.8871081
6906a20be4962df7725dda7c,1351749205.2261775
5d86b884df3627d93f206952,1512626926.9188976
cac3eb4606346268cea48e32,1384066017.4687383
e7439820086f8d1cb13d7c9b,813266242.739036
b940561f2d48444e139eaf71,464553780.1541528
4433060d0fa95ae1382f2de1,443963286.1822773
27dd503d4fbf4d5f5d850d4d,651310638.7708964
42a73bad238f2d3f5e376044,529964594.51477265
2b53b13cd912f353cf9c4757,643603585.780475
4cb59b46927df31150830d5e,473125179.7434655
2f3d01cbf0ee0b985386418d,439475747.296308
d12e6de49fcca906c3586994,388470220.6184661
8f541a839df1ae79d563427f,386207317.5246871
ae5ff2b5eb4f9ac44fef666c,538573195.2123623
ca77a424800783bb9c5c0450,956321777.1909869
c0ec1e7ae2c6c3c2f2ae34b8,519145175.7925901
2372f7c0499de8aa2e5ffa06,787693192.6665655
46de3fbec5bc6c0e256e7751,538898350.9755187
4d8b338266822739bc9c8fc9,955284995.2240161
86d46a3fd9d7bbcac3319829,872163811.7906162
b13fce1462ed87e57ddec917,988819635.5656747
625caf4f4f56f3f6bfd3f786,383093195.06041765
2214e2c62cf8d2d14f11d47c,636371787.220887
cee8fedd5685633435d77a06,1301883346.9260185
061386497cc2dede3ea70b1e,435193032.2526156
3ce50f34a7974ec17178a79f,776015489.1101925
855ce1721230ba103fc0ae84,357324801.4376351
ff3b85eb538fb9a7dd03f459,359774109.6170951
111bf82100a6fab0c9ded743,508539287.6636806
8877941794810464749ba5d5,802331302.5040394
1122a042822658cb504dc147,508539287.6636806
d7d924ec35768a3e6bd39b20,524612745.32385117
27cf45528b4266162f7c9029,594718314.6404319
916f946082d03023ffad6f2a,971592194.4276971
68181ef118970fdb1d83f030,1018299302.4484649
2f0bbbbb466fae3fe5c4f614,598674790.740931
17c8b228fa2591e3a234d55c,495544487.8846151
e5d9afdaf318dbe749bf9950,563518467.936915
ce2cce355f493a75ab59b242,648291802.7418783
b6825cfa2fde9b42fcf04c59,731414586.7227321
6fb3e33e16eb81331d389ad7,469133647.69044507
e29d9a401a246c00f5eb2413,704711751.4313577
fdf103976a39cc12f5effaa2,704711751.4313577
d1526bc5e5446680841a9cd7,1444790789.1406004
a96cb9d988f5dc99bf5df4ea,1444790789.1406004
760125efabf13246774a9f16,667419022.5051838
229607e2faf76efeeadcdfce,421485390.2241475
f14b11d270282b317d9cbadc,705334593.5129803
8a41638edfc5183469b6c43f,434574793.04338086
ba249dc7eae0609f20ccf234,612570951.440511
0dfc7d77d3dca86a221fe62b,1384025672.4818325
ed7f61ea4c9095bd4aca258a,481648270.46298283
d2ce77db7cade7f2c6189002,380389286.72417057
9d18c354e8939c9f18598f22,415106766.18653613
b95689add02915dab555d9f7,995652155.5279593
1c35d9468cdc55670d48db84,1084656798.3938398
caa4aecacff2beded2e76beb,569548150.6809464
017487de3455d9f642a7fadc,986769398.6197703
8ed9c13717d2bb274a81e460,963638065.5394405
c2eeb1cf0549df1359ef4dcb,355107051.1331914
3a413637f3108ddf7bd53bcc,465561483.74752045
145a241c80430b1e4ddebcfe,727903209.8089179
c954618c48b70cb00efb49fe,613779616.7447898
fda6cee77fbfbce6ec0eabdd,825607315.8783915
b92c9c464e23f8b987290769,414333085.36147374
d81b170177769c0121b8935a,915390734.587367
7a832790d068e1e85182b5a5,477048517.49431753
462ced9cfb28550c160e5664,1113507246.7410629
edd9a278b86b1c56e237a0f3,432779209.6774811
fe9b6a82fcc3266ddcb3e36b,1282677835.150317
fa74fbeb90bdaf8eb26f8329,727108385.3067385
a70b6661eda6ef616e19dded,430917100.52836543
cbcf4d76223673724b0f9811,540004550.6905626
ba16ae6ca55dc3c0d5480944,918271600.2291722
3c840c206546c20b3e53d4fa,698080234.9548635
c61076b24927a46ef506322c,1045182735.5961852
2e797c8302fb7ada13ef2d4c,849707951.7944924
3c9e3b97db788dcd10acf0e1,569062263.9869747
28db5acb7b224d44e3d7ce80,677304614.0360061
c7aad87d39537083a5620757,502738766.7608263
099721566fdd0a32546fedbd,832322969.9824352
bc67f29c8679adf31353bec6,786942480.6629249
eb40a304997a6e66c550b704,894766335.2373453
3882da646752a82db088c614,605756759.073452
68c319925551b9484778bb65,850550006.4553436
711b570ff195fb77229deb35,1138820671.8361683
e7a2e8e1c22a52f78ffd1b19,956175981.197967
814d93fc94b4de6d3a860bcb,478837837.80034965
817da44fa842fe304b93c199,362335310.2357375
5cb29f5aaad14b6c33813580,379684389.7633409
8a1105028a1a1b83c5080abb,383026940.7497837
82b69c38d041325a4bb2fbce,353200691.85874397
a57d01ed5a9641ad64f7f032,478940083.74603856
90186e67d802be6d12eb3696,661899874.21961
f781bb1ed340e08b23258ceb,441916603.3813019
db05818b6de8d77c1c3fd053,425787397.1569
f4ed8924f5d1a3e6374715aa,1060796725.5059202
d792d1eec60822752c8d52f1,946196923.3879918
47a3c63f65a9794384c655dc,518158779.2443793
ebacf31727972e81d0a0d904,747143344.6454359
a759e4c03e49c419c8f0cd2d,663280506.0377882
0648a4bd7ca088f4b3834401,943335511.9187965
b25734bf3ca94e775f467e85,727808562.145575
65a8795e7a5b88acd7a469c4,470172829.4444359
b799aa1dd2de813ccad401e8,757994860.8338356
c01440b8ff0d80e7bbad715c,660509352.772676
a20cd5193779526b43612ebe,496091684.44552815
0cddda1c211fcdce819d5f8f,896714379.9037762
69bcce6b58fc3702580d3234,751747965.1082287
ac7c0c806b57e4942d9ead3e,694768666.7864419
aa9e131fe4e7982a374bbb84,581155602.3248752
290725d6b15062397597b954,682688559.2258651
5f0fa37b7c5cf77e0508abd2,1158819839.6361358
c76f482d2a8f8db5eb79ae89,1297473393.2293303
f651cc17b051c962e4124795,643450060.9541738
250d84aac8add089061d3204,1035984552.8841894
d3f9cf66c1c05f55325b894a,1236688169.718063
7198cf5aae5d0d5ba2e43b96,969767485.4805399
766c7906cf0493736436fdea,1367759552.8956113
78f670c0d7a26c0323281ffa,601220811.9900022
ec0eb8d68807f52b681f138e,1230171288.8568523
446138cfd3749c0b6715b0c3,1269028658.4822688
64b4837e4550ce39f2f85342,892544399.1179498
1103c663f6b5ed0309a767b2,556498565.5803804
b9a573a3f2cedd87c7dc6477,717355588.4012661
de54862f5b7b8ff345c6b297,394837645.0328902
16b3311b337c0cb9312ddba1,478940083.74603856
a1c2003dfcdce97d21f9cd15,518158779.2443793
262688a95a32f10fa070a887,408074446.4304278
8e374b19fb87640c56243088,727808562.145575
4032d6a6a13399797a794ab7,946196923.3879918
99f1712af0fe96f67d11037b,424298664.8778694
bcc584e6a08822158e2a1454,502359789.76913947
ad14f4403926de76de2604c6,389816672.2212434
01f855427cbe3eb51b38288f,916347902.9907998
4673ef4fa28aabb0fe61043b,376544924.8648658
f4cf541f02d99ea1851b9f12,535206093.5566005
bfe19954cd4680149c682587,549738299.8756813
fed8f3bf4a2d7a426901706c,598724219.802562
480aa7fe286f4aa31f56d4b9,808783271.5285484
1e9850a50070dd51861a5e63,619132334.0188326
e26dcf5836f5bb53553cc413,506643747.8829498
c7ac975025713f368bdb0af8,900311219.5459012
73fd5bc0aee47d89a160f5d1,891008655.1968712
5bb9dac6e0e9409e89aa6cee,740208128.4720991
9b15aa6c85804621f5c42566,969767485.4805399
199fe72cad28e4554e359ff1,1054351817.3060967
b28ba88f3665a2f26c2f8e47,1236688169.718063
453ef603a66a34f17ae22227,1033212839.0782351
d8f4955ed4fc363d6d9ea897,1001568201.750387
f2eca7e3226f625807f7d6be,1454829334.0290885
361ccd7f37ada9c07ffcf71c,863965141.8383231
e7d1ee027da436cbaa122f48,1335217782.2352467
554ec896fe4f9d8f2e8eabe0,1046365397.4953092
ba79c72aa8bbb0517c899b59,1034134503.1920037
69dd957e78fcdd4d8e874acb,456508396.42768437
df91a3c7f364df5e6831f2de,409834292.08006746
77866048ba7b69532d0a18cc,868044939.1047063
a792bde8819aebc5b2d73a6a,1219387278.8276544
6293e4a72b5c84782bcdbf78,970895557.5672029
bcee01a5d6a36f48d99a5e4b,737042552.1724634
c58b56f1202d1cdffdda3021,886859882.8925117
ed3275b560f020baeb9ce3c0,470980736.8649375
2a872557ba401f4c95e0ad2e,700875339.4549892
6b8c1c7c855656b0e56f0bb6,998420672.8454211
d6297cc548b16bff11eea51a,1136025236.2113886
dadce7c7a446a6a177821b73,928342955.7351563
f5d9d8082e7652e97973e0e4,1356827587.0712426
2ef9126614eeef828f797e66,1090358346.8848925
c70439fc435337f1e8fd2f5e,1375451599.0148766
79631cac54b1e71c1022da12,1496754677.6242192
6fca3b70ba2c68d9e0d2540f,395709922.7901916
5b29d453bd368190e0e356c2,823264619.2249326
25995099875f0ee622ebc31d,911486371.2568444
34bd7be0761ab3d43da7a81c,559467672.0645227
b8e15d182ac0c74fba332b8b,552926326.7398938
901e3b835718ccae27c8831b,542200459.53104
e1c7a101e5d518583f9a2a7b,1217464420.9082403
02f6ffcfcdd3dbba94dd7b33,1017699827.6871856
2162e09e137eb5f4a1f32b16,479326688.4820426
5eb815f9023e6eb97786233f,1351416675.6274567
d2ab14487e0ecf640a785277,885940980.0770756
437167a9db41b677da7d5a7d,372655401.7213149
c3f889c41c1effea85bcc706,444381907.890573
155da5ad9ad19d57a7632cd0,758625607.5192888
43d1fb0646562c3f1dd6fefa,637678688.2656564
8eb66c4b057dd4b07b5fbca5,859438333.6962558
f9718594fa52500c16e3cd71,1086428934.852278
d9c46d54ba6df0d21ed4ca49,604165420.4585587
d3f688e0deaff6648f2925b6,388070125.3417673
093a92c6846c924f88ba8750,926758319.6525702
9b1223cd8c9d7b348d6a5c94,1257674495.8507376
8209afd76e36d8b5c4f7a991,400315493.99053955
29fd909e7cef62de53430e1a,474670278.7271167
76df3d616d8bc1de789bd83b,423885370.82674277
8aa5d44a72b2a6851d14ef86,705053851.4700922
eb4e1b72abce1d184dd4d5e4,636729740.3047695
2ba24fd47c2ef8520bccf6eb,548477751.4075139
1c9e38cd216595b33e283134,1165534856.2648315
2fc150cf6ea4141106bb8ac4,328584234.98376465
8dd46fd8ff592358e4c3e7e5,360119265.0589135
d5e001b2f1dad3962cfff9aa,679608406.4580901
6e73e42a0d2ef8d6e403112b,487564721.2555281
2537dfc786054c61eb3a80b5,555669000.2004869
19c77db46d23e0c07a06a8b2,477480598.9855102
e6424086fe1cf2a2931f4847,555669000.2004869
66526276a7e8da597683e8c9,471634723.21401364
cedd20027ebbf47baaa0dbff,471634723.21401364
ac7c323295addefb43c62acc,745925582.0347816
a8e74eb5eb523143cb291cea,1056319802.685482
ad393e9070779969b496fa72,741129195.1726898
64d9dff81c79a16579cef2f4,1348419062.8945417
ea91281d5eaf6b8f436d47f6,1348419062.8945417
06e59cc783be86bd145a56c6,1137865327.838543
7458171e4db497a4cc1365fb,1041150439.0341216
12d73fb8f4ca87b19ca46231,745925582.0347816
5e935d4a03c6abc86ac5adfa,904884082.3489826
2754b4e12a7604efe8e03f5b,1290670041.8958902
9ea7a0d65493cb5487ed2084,464925995.32279307
7845cf57552577b059dd13ae,394329740.96975404
6e710984bbf2662a9cc7bc4c,375870666.43605316
47720fb9e2586dced75db114,451476156.75499433
cbd48f3342e63a84173a8dfd,389390841.3117785
cb83c138aefeadb184d2c7e0,489918536.77364266
397d4e490eb2db8a1b18051b,425638043.7970981
4f65732875c007d3c1102140,370715745.92855835
1f8ad363a0539a6f2455c3fc,397683706.09090227
9535ab027f9f2a9a8fdc21fd,447570239.1062086
248993a27da888a6e3ffefe4,430326322.1268141
cd07b4553b6d3863a9e444e8,793705864.587115
f53fe605b0a2857cf3facf73,856336472.8135992
ae48e30b60ec254bf0dc89ac,833938690.882914
2a0e902f3c07cc9696000177,668920277.7497523
d57535248bb34f65ae678a39,709525125.5608317
9949cbc958bbc0114404960a,653454359.9201306
841c57617a075690ce412083,479348638.3606493
9fc4385ea76cabf741d38789,422434689.06984454
0367da7dc5374f1957a1b7f6,1120668918.1042087
7703f868650a8252e954e457,505470813.3604314
4cb9319ff5adaa62386b713b,697917148.6003046
dbb30f9d010677de2aee1b71,915031606.5273404
0b54c51a787fe58bdf677658,1080073241.9813251
5234aeb6d817b8ad876e50fe,591311764.5248162
77359d0d34ba4c9d825e46ed,438251083.68575037
b84795015be5077f942f5170,441212761.54486614
75f5290d61164d42b39d9d51,424946309.093347
b46d50c84edaa7feba938671,697917148.6003046
be8c05b72ee7867fdcb05455,1097289244.6273153
356712646865d98127b92a57,654330537.7813032
ab765acf8b87daf1673b3a97,510361105.69528145
3a2cacbd3b4f9a23514b1433,1038304145.9863926
3c6d485d7b01ddd6147746c2,618398576.9595839
054cd21c3b12f165bd520313,738206102.6775101
e114160e3ffe6a703eb42440,571848006.4669865
a38b2d75349c56ce04f02a94,984546335.4153936
71fdd2b1214b9371ef149c1c,1080263250.990973
10970057efd092c98037498d,709001326.1371704
7543d0e85e6328ebc8283d75,384966035.8359284
db1cfd89dad114c11ab2d409,1201017383.0229309
760f24a443eb01721c6ffea3,1029872739.1353317
a1508f30ba87423e7393b4fd,1391091653.623155
5814dc311aa87b24e26aceb3,708491650.5516897
f26c2bb4d5787541e9c36463,1125122881.7371087
cf07a5af6ee98d735bde14bd,904944646.5532764
8b716c3dca89b7caa7db1aad,948998955.951511
df89e7dea6c313b0cc262249,368650555.742164
3e2c1d2cba8755ffad9cff27,893372301.9211081
6771a8c70428fec0f21d51a1,893032430.9542699
d8171d498291341094daaa39,1397879374.7622833
3d43dd23536f843c2c5bd268,1242449449.2562716
785dea91d94ab384bbd6ce3e,950585530.2732472
6c316d2bb84fff36bb01f14c,1372329962.5452104
08ba99aa6a8ee752209de6ae,733642787.5884476
d177236e8c725d4405025916,1284602125.7260973
9a6b537a7319b3446977919d,1379078763.1015525
e2e7b03feffb21bad63eca2d,1127682286.7069497
f2fa898e1bcccbdb92dd91e9,785385728.5104873
2c340ee014e39ad0fd1309d8,1302482316.6258404
7ee83e5d70855ed21455b6d5,1253820154.444978
fdd4b5fcf9ebadf96545038c,903496850.9017154
512b4ad817c387bed877b7d1,1423107060.8657708
3ba644c7be754c21e3cc48ee,800012259.5246841
cb38dc837baf3e0531c6c115,914999177.2089673
5e931fda1e62fe41ff0f2ba2,815794502.0544579
0ce9a7d4b0682dbbca68e070,639029235.2383112
8d114cef336100a8d8c81ce1,845962362.9869658
ebc3a6574ebc530ef715ea7e,1135450172.7308047
4c2b14bfeacd87b878cbcc92,540576865.7626034
577b17cb350bd2a646725b6d,1034147057.3638223
0dbe463995c605bcdffb133b,539013554.4039026
88f3f39ea06fb882c69bbd10,477504004.5672654
e54567ced41a40938b85485b,914305475.9313815
cb6d29f005078d4d4efc2d04,854021143.4104863
1d0919344e52b315441aeafb,534396241.8634906
62c39ad30e9a26d8cf3593b4,981324228.8694311
a02bf67aecbac445a12da958,1389978600.8880258
06baade01a74972cc4a419ec,768911408.2635424
3943b64f9550a575f15d6d29,1209026934.0674696
b62d64605362afc574ea5b0b,1472712113.0309618
0ef45eb4356e2f0331ad2457,1024729025.5509107
6700ad4d4d7f70def59a5d59,831382951.2510067
19ad2fa7e170c67870ee58f7,1141621241.2886283
919c1e281329379c4d130416,1297597640.5633824
8a451ef547efb90a8fcfa6c8,964071635.347176
5c208e5c37aad07602f7cd7f,468064778.4762019
164fb89266e40a2530400599,388070125.3417673
5fc0f0c4fa019b6f1b2a016d,428580592.84006584
3b16ff50ec7fa717efbd62ab,722181857.8891178
30e6d4e1c53e9e81ff66df43,709001326.1371704
cdae3bf05372c13649a2adc8,384966035.8359284
170a69c11cf4f855ed015bed,1096517366.857028
e14b31f8a454e47c383cae94,421504466.2843475
14a8134a56af1b328321cad4,497768956.5341881
ea8cc21bf7d48979bcae1458,832258121.7375093
c287dbff188e95f833ab21f0,676982609.3580878
2cd0b2d7561919f0223608d5,375870666.43605316
1acc5749203f964fa8b2092a,388969415.3151684
9543c16bd5eea47111e6b266,441212761.54486614
d415dc486936995f8b3704e3,438251083.68575037
ab946dfa5b9d7214a3756978,950585530.2732472
803711fede531ad1621a6823,914305475.9313815
f83f29f28978d7dd76cf5942,540576865.7626034
4bf284e6ba81bcaa21a437fd,768911408.2635424
d8ed50fbd5ed46d36b3d2dba,441996394.68481946
b40128f5e17574a5d3da9a32,878407945.949485
506d4cc6613a07c313a12de4,754698430.8382406
558b7d06789a1c8e488c38d2,792148655.2438891
38410183814a757520143737,806478450.052735
560a750cb6f8683ccac4563b,936054181.9245939
48740edcbe275bed3c82efed,802659490.3940521
50b2bb276e598c9cfdb42b0b,700072881.3787725
302adfed183564312f9e3087,903496850.9017154
063e53d45e5e7945f1f10fc2,785385728.5104873
6e2c39fbeb5392e6aee9b644,1416633430.418046
8d6c523d4100ab0c83a31fed,1003789003.5820738
6d6aaf30227f16b2be29e79c,1391091653.623155
e73e5e75cb18f52dd7239361,893032430.9542699
dd625806063f76dcf53582d5,1034147057.3638223
a4b16572b8bb786561baa3c9,1372329962.5452104
9446f801f30e8b2997fbd72a,1461832121.2577243
941569c4352c3a2e32c908c3,1350104418.7358935
8b4c54125d9165554e4123a3,1162687126.3483455
d50f33fe5acdaf5caf1c6ac5,405237949.5621048
46ff039321805b51870c64f2,1117930412.7904532
1ac6c220eb690db798a3d4d5,892644473.4425861
faf872c4bca132b52dec368c,701547810.2592832
d92232d77f7a124e7ff13ee9,849050868.6957468
f9a136d7944cb7768b598a88,603977205.9030148
e03610db09ed7315cfcd64c9,458027120.2844647
8c51f1b43f15b70d2a294918,371866093.8344197
21d141a84af5f0e2ade9b0b8,657818761.4247997
55c7cbf5e572d2342d0d7071,724085245.3751774
54c0e5e6d368ec51f6e75c1e,1294995989.6224875
434ff40bff8fad0962ec07e4,607181952.1462045
0a199d5741b5a6213b39b793,652775287.159766
9931470b50580f51e1a4fac7,590526706.3956378
89498fdf642e770ea75be7d8,943332847.1979818
aba39002de605f9ff34bd542,743657956.9346031
0c1c0ba7d75dc4090b7183f5,1012697305.7961625
2ac425aa592565b44b25cdc3,966891964.2814598
c0cdcb5f860e3a974c401861,747105187.4619709
4ec741bc6ab20515070cf1ee,614801054.9436839
3d4c48167a8de8cb0e4956f6,1100478900.6304998
f5741fdd9f509d3bb02e35bc,975066999.1542895
c1d0c0846ec652774ed5474b,843908866.7249628
ed2c02ddcf0e54789d9d2675,1139210572.8110206
0e05eba6eed4e55e89dc5f14,1216526598.211117
b29e5a75740c8439aefc9321,750859480.7470753
218445f989b2da5eff4029f4,1093037272.0303812
0c7da0c2613129bc322b1da5,945493233.1239406
a41210034abe19957b317d1b,1273557407.2080882
0cb4217cde38e09571fa73ba,1327536260.376936
9df0663317db1cf4121a222d,806032250.5894493
62be98264dbfd418ba21cfac,981270937.3092228
939ce1536f15c0e6bf203dd4,1181495634.4746358
d9028df78f9b14a720dbaa8c,1181495634.4746358
b05f4b5fae2f2faaddb377fb,640420983.9064573
65ac61968819927b8fd9b990,557321878.9624536
1e83b53963792d7445e19d27,1174868828.924747
72eb1af691a950fbb7e8d635,470032234.71111023
94fecb92077ffe3a72aedec4,487678680.39947045
f660a48b0eb17e98dd77c0bc,471416516.5762025
27fe3fc3838695ce34c5d287,396927348.12121826
9ff4b1fc1970cd5c102cb755,1233775767.7789655
b54940561992090411749db3,433422308.66785586
d4990842f549d8139fa94c87,527469664.3455805
f6013cab49ef9188aaf87972,864385054.7954171
cc2e8713dd087d3b842d2f11,396772092.53315276
fb8aa6b6c5d2499d404f3f73,586740452.1479291
6a8b9fd89b745a52703715ab,383186318.425408
4721d06c49413558bda1fb68,380964417.49288386
0100b3a412accebf6a3aa4b1,387798405.21509117
215e8852679b9cb6c4029ce3,385609320.6766003
0afec1b2e7060b99dbe41a10,422781659.7634415
4ff17c9b88aeeff105b8301c,453330938.624366
6eee8548b87c9349ce90ac2b,442744542.45408803
9b264d26a196a76951308cca,507340479.0191524
945fad7539481410e8bb60e5,484017260.08471334
f727924f0f35ec9fb58d0c31,380848130.01947856
c7876dc81e250503076f43f2,556357214.6042717
e4f3e425e9f6e393999d7a08,555825278.61318
cee1833e8964355b9aabbce2,570212009.3588535
9a1819c45b01c341647a2410,691687756.3190826
ce95aab452311a0cc27e0c7b,542195214.0674285
e6eff72b7c5b0fc2677af2ad,432779209.6774811
3b368c10d243f6bc9c027061,372728353.40529966
510c03bfb80d92d180803887,431170979.1685251
664934c8e209352d2c79c971,416424972.37154776
689ba3a92dd7c12f1965031c,519599156.5870806
93d4c413d2a1ac59f1b46830,551575562.0378557
08b09c586530266c14e611f9,625017464.4875023
7157dafd306fa99e4c2ad233,501596720.94481146
74e15493f395fdd312d50cc8,450094139.179231
c34c94e7129f84267a5e4fd7,613974278.9487149
fc0572d7185e132770c3bad7,509152308.1478622
5c1bd88edef0a4146c871fcc,704877118.7972908
a28a31f7d0e3fc6298606078,604920043.9262904
f388112376e68ccb2290074b,1152668032.059714
05d1c33ea8c89ded7391ea92,602966741.7091845
dfd84193c81ca8430fd27ad0,509152308.1478622
8b89813a4ae5f9209f854be1,1047351316.3412409
d7b9566ffb28c753bea96f0e,725914139.9133072
8062b4109c12a95dd62bd43e,701528928.3850546
6d305d6f3e3c2a53515d5f6d,1134494863.6926973
ff143fed55f12a0105f9f88d,701528928.3850546
0fd9a2a99c44c9e5565fc17b,1055715209.2918613
7f85c59323701ee0e75abb92,628682348.5892305
19baa03dc4143a83920a7d2a,1033243521.6198912
bc23ec33573f28442b36f60b,616214672.228322
9957e5492f63fa295772246b,972413842.9610199
62e376b22a4cf0d84b7f6bff,1162112715.9114347
0867853879129bfb46dae700,920575626.9260924
92c5129009b7e377fa004a93,816420219.1001472
6b9d38e0b9a3e28e3e695be1,1152632808.1959593
b6da2728ee41d035da57c822,1400023923.443971
adf5879151c7236f5e055e1f,813593809.3279911
bb31607d0bc3ee4a37fc912d,1067803408.1863961
3ef8fee6a5cf42827d8bf562,1209606677.7754226
e6016afcc032d20fc9d6f2be,1216232787.5985956
f3962b552d34eb8bf38b4763,1098616688.4234717
bce7369d51094d3a9d3495e6,1170337888.820735
55bfd350162592f2571e3a0d,1094580361.5408804
3f226452520ee8f04e306bb9,1202279547.590392
b16fda9be5edaf4cbcf07122,1152632808.1959593
e6f5ae869a5b7a30e8f0fd0d,994500288.7852341
ab0babf6941ef43c35acb951,1101248860.8141224
3bed16373c8ae820187e3d5a,1036107469.793469
bc1335d419a1c0f6e6860470,1334482153.0513272
98575cb25b358dde32ad042a,1210888207.8628445
fb50f2f13a30fccc3903577e,1203499380.5533931
7a608479334951a3afdc655a,1271820013.7143717
9cb40496518bb99a7a00a2ea,1360701508.3500814
a69ded1c20e05bd6b3a90028,593073213.8177886
71d422db0c0c638e448142bc,983898892.1233395
fad033a3c81708df7b6ee73d,856731222.9618639
99fae85157be04554b236007,404257432.7913716
dcd314dabc7d162cfc29c81d,863103609.7079502
1c65d5172e53b4c7f1c4d6a9,744328860.41731
cb6d4db44c789fcfe8236b40,807154479.2057207
ee2c509989c7155bb472c5b0,936231522.5123718
73b60c9053ff8193c2dd2823,502445081.01057595
2a487cfffeb12837a5586a41,396245111.865288
c9d285946ffc4c4b3ee95da8,1326966355.5098457
6a21be8a7a429eacb1de8c1d,908207614.8112106
2a7fc28219bee48a2368e730,670231291.7094946
5b169f28ea1dc473ddf11580,369150351.6489462
58b3ab31de2f9fdb0da0dc8d,540231458.7960367
2054c61f0162a18c6fa2291e,376256060.9023187
39940234a26e7264b464450b,535587218.3892613
550157aa4dae5fafc5d795b4,879217898.3590672
ca87bd8401c0c7bbc4b3f286,960432848.7709979
a8fdb6fb681aeae4d5c22f9a,969041381.0883398
998c864a446f06d114f42fa2,1097292360.5793955
bc57535516748048e38d4a2d,1162510775.5445375
ddd55d8001b809f304883ce4,431589751.1146862
b9fecb3e6a507ba17764c303,369155277.9498201
4bd30aa3e2b4aa077ae27490,640831469.3895541
d7ee2851bb69088f851970e9,603461812.3836048
40eb0c78da8b51b53548d914,1074553376.517997
1097d9a61690cc58a4b91e62,469570813.16072565
6aebff5b1fb3a438c2c7969f,586766205.953586
af672710affcd7e44eee9ba3,429519384.3640541
fbe3b74f9e11c829d4dc69d3,1207240222.1930456
6b7219005737d8660d134ace,1255737309.7635825
042bd2cfb2d33467149ece1e,875307639.3490865
d5999beafbdc8acc8a6ad809,667321222.8210232
4ba65b1fb8d8ab0a914b0b8c,473732250.1963884
230864c9c9c5959f9f0d36ee,603886747.836641
8520fdd4f5fec0ba861ca9ac,375905402.0500454
447dd594fdadb1b12ab32e6c,410915659.78004867
3d405df6e5dd012419f43ba6,958736638.0492792
e120c33346ead011ab7789ce,526790591.06911165
505740f7746e0154932dbdc0,482468665.51692134
e9a427f23e80fa59d9d517c0,383831122.77063036
97388d009acd9e5ad49e7c4f,404967764.3121381
a100f050c34e438070ff487a,379813238.67454416
96d14a1d29b7abc2cad573cd,631869993.2222947
f69e25355ce3887bb1078fef,480231209.05151755
86276ef138e0babab9863276,539786204.8019238
344f3bcc1acdba48c12f8441,856353610.3479952
f3dbdb2b69017cfa026ee18b,907609888.059134
ba32f2964e8b68ff5555fc34,1246479209.632943
fb7154b2dfd2a48c13ef70cc,788346047.8888048
089dc5de66c6c4132734b9c0,756161054.8036892
5c2ba5028fd94a6b9859de70,748919548.9270982
e8544410d811163a13c6a326,729113069.3912568
74d8df07206df08e8f3dc232,984090572.9519866
6fb4126e3ff41b8052fd0657,569778458.1486924
ba35cce2e715bda1684c937b,959003876.579773
d7997b9126bef50985bab347,425019701.41740084
da3aafeb2d0105f8e09c051f,447241040.50598127
5daf1136686fc538db40afad,395035060.66009736
88f632cc304cd769e2d4be27,403035597.9344192
c5dc941305b5fb59e66479ba,495667312.2437181
ec422df56b811a0aa42d8bbc,484906362.75058025
bc8bd1feaa8fca4c52e130f6,349277502.1468978
60c116411ab3cca49f7f49f1,375289494.21971506
75ae43992df8ef41eaf9d98a,461733487.8935393
87ee5c7c49ced4ec99f44d5f,632105768.06169
918f56ffe325f21522cc60d3,432715511.3642821
dae09210f48e5bbe0d31c728,440155191.4915003
c1ae2af40e1ea9da6380b8ee,626147681.1191515
e7b717278f7c95cbfceba80b,673640670.6596293
387f18b1f01b1aae536752e5,646084581.4458888
c036fb38fbd2d1b59ed5b7f7,674058485.858973
76c510c0ad11fa67f0e9a4de,667545032.1791865
ff46d9f7dd86b8bff7cc305c,474473054.5750343
23d95cbbc056b4456b94c97d,584424636.5227994
fc65a77fbdd07fb490ad870e,703295475.059993
8f0a61533b6a01badf43b6ed,756349140.7953987
c26990b034ee83450a4517b1,971946563.4940788
53ffa19a09c447f3759f86f3,833350987.3713914
86d80d3757377df6f2b8a0b3,905271582.8015373
c757b3960436c23dfaed4f2d,929960062.1004438
fd1431e595693fac0406151d,564576276.6530677
42b6cf2a5225dc62342d3a20,747077017.2042825
6f8a0e8f1bce0243ea50213c,816236258.7130879
02277f636716264116015dde,435717891.4591709
b72459ea34fa22d1fd012dc5,1203716250.7909544
cf4ebcab3fe4d12e1a20146a,1149716344.364574
ae2c10850b4a8ffca934cc72,1345988343.3920183
0e22a41ec27869c8f83f9be9,1271582213.739712
22a43024821ad081e654c5be,1242072835.1980014
2054c223fcd48a48f67d02fd,381493993.93628097
9af6ac77a9aa0c6da3cdaeb0,376544924.8648658
6601706d2133f96aecfcbfbb,478940083.74603856
ce011b7462e9be36184a2984,524568632.1148603
f759f71e444c16a59187a067,661706662.9524378
84cfb0342a0bf2c6777de39d,459293304.5014163
760fd4c893a56a4586030772,420119958.2256852
fc174b19baedc11f78b647d2,1286891867.6614904
aff9e510eba008f3ba5c1847,924634015.2383103
a5a4c0f268548993b61d65c6,841461169.1515479
6cfb8a07fc1100569413b33a,695831515.5088526
94301e20cb91669986c4b34f,484711045.91782254
52c1ab7484e412ccbf5d57a5,912793876.7355207
2538cfce1c108ebfb1056c8d,909918685.5760788
d57541684e5c00bd9354cc35,631400563.0391124
123106a60208725514f3a343,518158779.2443793
7f2a2959f5ae816761be658c,1544606274.8252337
fd5758238e7ec91e415779f7,916239235.0188527
e3197263bf47b3d37f027e11,903716341.0178803
8e5661e79f4fc282abac1f37,1151006600.0730522
cdfc387f8246a1bb3110d724,958984518.432987
c53f3bdfe8159bae98ab005d,1340374349.889572
200ea08f57fa23013d0e661a,1395119601.413187
603c736378e07570fb985ab0,798637289.1920807
cc019e30685c91634d2fd4f4,969767485.4805399
b0d394d6c9b8967250854c66,1290383279.2278981
f7a79e1211fc72e06a3a82b6,1347231624.7516608
8a1ea9d91b3d8a66c6341243,769279289.0089902
22903633f8c4d91158f65c58,553092880.1044894
bb67d95fc94532b1fbe80ba6,1037690190.7882239
a8e696037f8747f562ec98fe,496844830.296485
72e4fa00e8aab44cf210251f,1205579947.0967624
d70948f87875325380885803,1547042642.4643538
a0e53cdd1132bd19b8ba0c54,628946461.8226511
882eb7115cd5b8b09fca0e47,563340110.3555785
529d6599d8a64c63566a11e9,415432209.9498816
e26eafffe4ca3c22b7f4a272,777955372.654819
4e4abc111c07656e5bbdb0ee,602807524.0961658
46e7860100b0c09a6a475b9e,647195739.6559954
7bfbcfd0fb8f5b6d553c2d0d,835952149.8498122
5fedc401fc32ecc4d9ba7e89,903779772.8882089
aee8b22ecf19495fc5894a08,835952149.8498122
313e17c442fa3040065b7489,681109339.6417472
26206185deb023a344eb2e99,1119314699.5298388
4a9e2358d64df916e2cfa213,566821257.0778543
2f6515defc3b21d82e0ca4dc,493061505.94793445
a9b18720f68c7002dc71c3af,376627879.5823501
af911ba38d5376a8aa53fcef,463888113.10224384
025b094e1ea7248f4aba72f0,372175002.3201745
f81aa0f575dbbacdbdc681f9,519144760.33556604
848067a69d18a171e7fa34f2,396059893.0551196
e22ca3f1c8073e246079d57f,505377029.340114
11444a88bb3b230b4feb5b58,737118211.5567297
7a9264f3a12de839a42c1783,460296998.86502415
6d825b439d8622ab90245049,671117987.3995351
d2d317f2990465269ef58c41,765218435.3806634
2860e4435c857cc8a661ec97,1182794829.656988
39c70622597e64c4821d0731,964414073.6227615
2d6f5bc20de99dd0bd4e34bc,700875339.4549892
37ac1ae3a7e2a3319eafbb58,804350524.5613451
fe6fb32f623a9e3d5586a8d3,998420672.8454211
501531d637608f7098ba6242,697320234.1030647
69f59487924240bac2e75bd4,1136025236.2113886
358e1287e24c3c4fb353315b,1189494910.5651119
55e307c88e2a943acd64a9a5,899517841.0159287
19105db21495d546e6792a25,643450060.9541738
375419559910484b17782b47,1377393344.9562776
c9d254244e315974cdf5d921,1356827587.0712426
adeb9a6ac3d357bd96c019ea,908861700.7359809
b08e0cfc5bdf5bdf5068ebdd,1244988833.2862866
8da2439f391c6db92b9260f5,1100929357.2806134
d0751cb5e704e28e03514fb7,1000946357.0373256
9051c6d14018b4894b560e2f,1028365257.6278358
54c3eff286c62f05ebe2ba57,544733625.5059593
975ee5aeee84593bbeb331b1,367380149.72244537
5102f4786cc032e24781c7ab,1238911746.2805738
cfcd97bfad6e013aeb57a2a8,726098785.2151309
f304bc9e9edfc24eeeb720d5,820437962.924032
bd05a6f6ebf924adf92e5577,939445760.558256
a7b459470ef58ef3bed7437b,431957100.5215436
37e009a57645b845b1673b8b,687270122.5936328
b70082fdca35092802f8745f,452598970.920697
8a69b9d7461107db6d16d1a9,538279513.291263
adf055978a7a8e9bbd88e741,416249156.1396999
6c02bbf7f6b087a1f0c8a47a,459516504.061253
d91017d9c530e058ace2e017,766037408.8829606
89016540f8b3fb727d863bec,1039767081.4004295
506b653545eebba4c8821588,1359247692.6264164
01fe5add1e7df4b15dd73bc9,792802446.0886326
4911d01ea0a4505d5db5bb2d,552271901.871846
68bda8b092d5a53a35dfaf07,1392148627.0522406
70bec150e1d8ac537cfd90e2,1195880945.5060542
0e21abdf04b36e5f6a1fc337,1259125381.6055136
f53efb47de2bca5912ad7517,1144779845.961859
82d6244acae149ed9ed88e8e,642953106.4991267
755a4fb96ff2b2276836f49b,858455766.9828825
f15ae83fbc4e4ee3f646b4c9,384865864.55125827
eac458ffc1da75fa1a4ab384,632328173.292048
6f7bc7fd41ed908494d8e098,587356756.1127082
12d1678bc86ccdcc8ad756be,1106188225.8017552
6e07d31b81f3fc9b9de8e1a8,1422701658.2396188
6c618bfe55cac120a4f1e08b,586706519.6314472
22958cc4622a0050d1aead77,473110476.7213289
c7c3da1f12d872a3726736f5,435571987.1369949
ce30c2c7cda56a69005300d4,395261499.1214039
7a26e5936765b409b7b73cf2,1106962640.147955
8d5a73b1d27a66b3f72fa662,707968421.918481
3b8302dabc47048245acc09f,734627665.316675
909182c92bbc39b00536ce6b,397302859.957552
963da21c3c571d7bbc36f1b6,645417497.713488
a73504d5982fef268f5ff589,784751855.8903391
50563038c05963223b459beb,823961396.9914795
b9a0058c58cabd619e226178,1201162117.2332225
0037d98f6ac46a86e36def45,459371999.585995
38117bca778373247df86e14,578112259.0995489
4eeb8b5347526d721092a7be,453164879.421224
0b6cd71df4dde546e665f865,453164879.421224
bd066d5d19d41c06b904d51c,453505626.6905956
f10e210fc04e3fb073568323,453164879.421224
9f504cc4e6b170155d38c687,453164879.421224
3e4c1e6435ea1a9c3150aed0,578112259.0995489
052c93502aa794e0574db9e9,453164879.421224
343f45e7d178eb780a9a9818,578112259.0995489
c0c4fa199f0ad751930cf78d,451958104.7391046
5d86154fc1769d4dccac1269,451834776.12606525
e1fb88779e55aef2b66f2c10,459371999.585995
c26af6fdd00a85a17b823d92,453164879.421224
be3ee4457a26c6b6ad4237d7,399744370.05756444
9bdc79dd02cdf39f92e8c869,459371999.585995
1d4bafec52ec7575161bcbe0,491847157.360838
0f15a78ce3ff90b6894fe3c7,422616879.35916346
afa5698724bea14940667231,761560350.250808
4d8e365b35a6b8ebe6d7a15f,555543659.9477518
6ff848f65f2507e58cfaa231,445684192.34710324
e13947242fe19bc3925919f8,411790501.0646206
c02caec41084656408c2696e,852156191.1609106
d6fd079beb9f759fa4c6886f,405997276.4350533
d14f7f939468e641c43abfe4,577748300.0737512
8f6076f8ed13e87862d82255,535629938.7007926
8d5e662ba25a71727f1eac77,838969306.4091529
bd2f9648ee9ebc1fdbfa53b3,568942751.038259
da8f986b6ee6f594780f4a91,838969306.4091529
af7131ea57639ce5aa1e102f,838969306.4091529
30e10a03626eeaf8bc2c380e,683918756.1994623
6caf180e36fe18078703db02,496387443.309838
a40861d6573e4539ee3c23e5,789290292.0128609
d5f905cebe05262cfc44bb11,804787716.8788024
809800b56b7b29399986115f,601242917.331726
6b2d7f88f15cbf7d998986da,937372112.7679302
a0ede3a514cede68b721d994,768704736.7640711
179d467dacdf674a66c7310c,959387991.5897522
97f9cfef1e35be84ceea2a46,1118842334.0183444
b7e01962fda2102f1402a444,769489881.5757263
6665e5bc4774d04321d1ba9f,681576848.2154845
6c09a3ccddc797f77d63f1bc,985026580.104066
97986583e1c988373765eab5,1116542455.924425
56807890f8587cd75893aec9,725104044.7955943
0f2fb3cf22613a339c88f7e4,724804548.0736675
a967a4f0b1dd36d7264cb408,1106630328.027482
08ead1ac0b9b30c2a72db17f,1374421962.3906467
1b989360ec91f5da55806bc4,1133877733.3140838
b289cd856f9d15493d31ef6f,1068511567.1172291
88668347361a227b6dbba15e,956762541.7488601
ec3f1679451b9c0037f89386,1189780214.1869051
9cd01a5cba1674559752f5c4,1325508984.6739883
2bd96c7fe678945fcaf9662f,1144480161.1923409
9f118569fb8b084f0615fa22,389914747.7875372
033521a46dae036839ad6c90,359288695.0206795
bc1ee1f8ffe1ac88f08e2459,582623700.2043976
c62886167530efe1f84086ba,465823978.92645717
d58f191c74d26bc1fb02cfe2,542509294.5615797
981b55d5c38361caaddaddad,547484576.9929739
ef26c0f1cd9e3203ad16558f,737973112.9973298
74cd885ec200a0c21fa9e03c,774247798.485706
fcfa51e5eec6829b9f4f2c59,364907881.8471171
c3bbe8c09f5e58281dddd412,655801262.0518858
8f36d25584407d9e3c326e71,770011637.0522784
51f4aec91124a9a96f4c5372,550135108.539713
b7becde9261820feb7cd926e,672543664.2268645
65070c554133f2b4143fe051,664164824.9575198
c2a2ddb94f60de25378aecee,1011753251.8787106
5ec3abf721e13b0d55829bba,995643538.3308733
502aff943d74cd4cbb976dcc,903218405.8655369
11e6e5ee92c97e31d34db891,1233305462.2587767
b1589aa1f58f6dffa93a3a61,1440357023.947533
783ecf989538582ad008fd95,1248710473.1018226
1770bd5b0a07a6aa785e0caa,721159522.5281624
53715a484e20d6152c76fdab,850125244.1386375
ef73428a38c201019267afb1,516170922.4169558
932a93e3ee2093d7f806fef8,717964035.9387093
00e9afbd1d27062a7bd40a3c,1175781639.841038
a11a82cec7f8a243e2f90539,892644473.4425861
e4a70600296b0bde6c28fb19,701547810.2592832
0a1b1a3d68b04cdcb2d757cb,1214454917.2644296
7c06a2f06cb4226f9043578c,695272422.5667131
5e113e1e878da12e312cf875,1231341951.5334508
a72f5204153b7c92f52d871a,849050868.6957468
fc17f35d300be9680971f95b,492647679.0361801
13ab6a062601d40843de37b8,578463953.2230955
22abc78ce812c519511f8a4c,828839717.3954152
faee4c33e892029b79b63742,683799981.1461496
c8d39eef5a5422e0da4172cd,575467596.479948
b13683c625c97c23333269eb,501048149.21223533
00e7c5894c739852052f566a,831474588.9056208
2703313a3e5a6fef2157928c,657646255.9128089
8dd453e986d05c6c1dd104d2,520977986.71986544
22b34331d7ca2ea642d29946,469927738.6477774
23187388f9d6e2bffb88b9ed,840620616.9119449
6b49a668de0edbe7f8110740,1065342397.810103
ef0e5b23069a9fe377b77ccf,1127951366.2075553
c37348f8247ade33ac513855,889767286.3196592
1d19edc1e0d907e5ab0899e5,705851386.3099157
c73ee8d419b96c6e7c53f95d,747511824.1208903
6251cda3676ecbdb6555c526,1034453984.1528267
d12d6ea066b67c3db9b2dfb5,974831907.7311143
8ba4e8e071e458a13efd179a,680874728.3090087
9b8d798a2c455a960ee74503,459706473.9677253
d663ca1a0d29b4cbc5cae9ce,672087333.3349253
dc3b8d97b11cc2af4cfbcc79,876555118.8031328
7d50144c4b2ead9b7b9f594c,1206997561.9804301
ff9cb7bc0b972d4515ea3837,374277309.15313727
267e46cb9eaec6c7009348b6,446496340.788942
1769a8ec5ec94aedc397b4ae,667112451.5328555
dadd9ddd29102f529caa3bbe,554309264.6917315
251903f4b947b337e0134415,519156124.9152078
e1b753c283bb9c6d4e438bec,927264466.5081807
16fb51fd3d35db53eebbe5b8,1251900788.210818
8f543f9c31af1eb17ef1e353,754956086.7922765
20c3cb2d4fa486b23eb81bc2,807303346.5599247
6fb9e9ac6d44d3a286f317ae,579908172.0247847
15b57b0ad8794d64a2784ce6,503565620.7249887
d9ce31250d4ae25c3b850124,940525781.352417
f90efcbfcafe544674c02586,745169887.66258
05a98feedbd3f422bf063112,847505576.1195197
ea359d571ad0c986f826d31e,1122353768.9741676
b02f1997e6e6f97dc808b8cf,1243287777.4656804
307acb7b4044cfa5680e4227,1268662367.5979643
ddce386b0ad3199ca09aac93,801329766.6784257
9e28972500d8ca3fb3b76fd9,894580544.2734193
687b1dd576eb7d06a08c3439,787245749.7353648
23b2b5b9f5bf3e1208f5f80d,1449275001.3875818
dddaba511b6a18f49b41c1af,970561435.2775522
874e3e3ec6f67c160807628d,941066963.3001409
67ade5109553a9d784886a46,1232470022.28123
6879f05563a9f0748088cc65,1051642337.9776235
dce05cf86b42124fc93d41da,1345981644.0709352
1ea5db844a6d3a926480351b,891291949.8004231
4e9acf6e9f80f65178766740,734627665.316675
a35450284f8dc27e0ed717f0,1372704519.3510013
069499abc4e393fe540777b4,384834488.8184213
cd10d6e28fd7ce92518ea31a,1104355179.6770205
3edc0e70e7cf6a21be2f0d53,376276097.99300003
2e2ff1e620063f416a387058,539276806.844613
1ffdc10c53bb83d3be84c327,735200479.0565414
3c95dcc4bc3788b4cd5602d5,591329827.4811296
aa592f388454d575e0006206,606669866.4236143
f7e5bf5b0f6157ed1f604d37,369123926.870492
513c6ea5a3c2c560c409eaa8,1328092618.6747475
7cf15f80838e8edf4f9cdead,1460451733.6467366
49737c7682eff2513869b3f7,916156064.5352945
4e8cdb49a2bdf68ad8d12625,703647979.3538588
86af11931b004aad3fd27b88,631948966.7283642
90921c9fce21986dd23bc645,899560816.4065881
d79d71be963d418a4c9dec68,1214454917.2644296
c27b2b735106bd5a77a15616,999052813.8272754
b6129a71f8e320aee8abd0c4,999052813.8272754
26922ebaf11e35a7a320d30b,1231341951.5334508
23f859b889afe2639ad55a21,650820427.7202203
ddf47d32045769c0596826db,1414551043.6677766
1d0c635770f2e51aed4c8664,1396648207.2345467
e6144e15d5cafcfe87c07c9a,743252399.0184749
a7c7923f9a4d004eab43413b,1300847204.8777268
42b3b56289972176c20c4990,398976546.11247736
b63f49396431089dd646837f,535804251.3596686
e0b041a39e732783f98bde56,1249821009.7973266
409eb9b8f2ba87ca299a7f6d,497406327.9006499
1a46c13974f3634ca6dcb51e,588531426.4385546
4b068c79664179605b145a15,843923890.4389511
afeba13fa3f81249549cd2eb,545833534.2312939
3a3ce11d981d0893ec732e22,631948966.7283642
ed68664efdb7377c33f4010d,874119975.3319228
93de58cb0d8fbe74b0cbb556,806148732.1075559
faa204421a94ef95b79eddf6,999052813.8272754
acdb13c4c8e2a48b0bdabd91,1043301560.5191485
5271cd1cb962066407490051,897664568.5690985
933251193ded6df07c83128a,1231355672.562089
524e00e537f841c13497cd52,501700073.7341214
a9d4f256527be98066c493fa,1098854582.3552282
2207c1ed62f59d6eacb3c18d,433891434.72370464
97ea5dc81ba49ade4f8f580b,716416362.4797052
72488318dfb2181843f17c03,1057194661.6399571
76698030899efea431dbb81f,365837642.51175135
e84888d2f22e14a5016ac789,611973291.4301058
d9398ef84ae71419cb7cc82c,803708824.6990079
6d32649478d9d86d840969f6,454578075.9226528
81600c1e6b6e3ae770e40b28,1186370239.748932
68075b0ac8e779bf5e66dd3d,473459157.083802
6d7ac64b8b9f27f61fb155ec,431129068.48765033
d3bf3146ec856cc26c607d70,1161799653.1319351
d12298e0d398e9d21d2e2eed,590997626.6471624
97b69097fee8d8496a6b8c04,381320940.80043983
fa6e53a7107c0e33e3d505d1,981736203.4685502
7279c610bda9354e1c840b0e,724023169.6650069
6f3070318ab65b867b2702f0,372728557.92333174
e08aabb998103a941d24d0a9,388780471.97083426
415e1faab81016a460db7a0b,396440758.09819794
8b871cc48b99bd4190877bd3,459371999.585995
7240bbe28e950ed75637b504,403057534.8079125
831629494c6d15d5ff6a00a1,459371999.585995
1cccddc33bd892b44d7e4b7a,747223269.4682008
f9cc6760b1112ce5197bf399,703366685.1451131
0901e845b6c56d4761377a09,457047967.8046603
2a33fa5b25963f3dc928f668,565679318.8443317
83e9507b9ca2987a21d1b195,560712474.0431532
9381bdf491d48236e84590fa,774633239.2784057
c041a933261204155415c2d4,1170452820.627714
a1cd867286d6e82181e5d1bb,838969306.4091529
240d2474c81482baaf79b6fd,838969306.4091529
ddc1c85af165e47502447242,721337773.3090559
58f02c785ee9a506e899b967,950585722.1525829
8b353ba6823f4f800635f0cb,1027270660.2223262
68cda50b602acb4efeb275a7,889859519.3473468
96cb3c08c80815907de81e73,596818023.0659037
f54dbd8f0aa752f79c581e5c,1169697175.6867507
52a438d024af0d5c38627ad0,683340829.0930611
1b5db6af0a1c0f7787064020,699623374.0866245
84a7286c91f1ca3ecacdaaa2,1097453061.7937825
bc6d6249873222ac7f22b73d,997903940.5448247
12501015fb631d7c10ff08fb,485659003.2860092
85b633e09a41cf22a10f28c8,1118651782.3960466
7acb92246dbaaec1cc7b423f,634137595.2772821
bfba8fe959dd2e44a4202943,911835339.9652677
5325f16558ed6d2689bcbb46,560151575.8321594
d4653d505cede3d24e258d4b,911835339.9652677
5146ecaa8b7ed507c4f30785,847768596.2772173
f5b9cbae30356fb3a1d005c6,1145194420.2382097
205ffcec56fd884ab24c5600,729364272.3985794
ae7ce478fb66882a2c952012,577204686.9406708
efc9ae02fd6c3f18db866cac,1050142738.0624411
2221052e00c236f31e6d5a06,425445889.3116113
54673ffd4971d04493a1b1c7,711456500.0994871
b0bbdcf0916b246ca95c4721,711654082.8387208
1ef15e2b882a0da85858269e,812382372.9817505
9881fb167319b34cc23da955,1089976473.393354
9d2a195e645a9e8556683b4b,836776973.949113
14acd96163e6b3e17177f35b,691175296.7738754
b2c5af8615b8899deb16c896,530358591.3242573
4c40683e401dae89f6537ab0,557797106.4984843
dd007a202a0a3d56ebc4868c,776109212.5009177
6d9c89a406cf2e755d4172c5,417269753.2886765
7387e7e385063c180f05a7cb,516509152.3372702
9dfd5df5a2efca3fbf2c07c8,758625474.7103354
2a9e75d221912230f98485cd,684265895.7685295
86ce27f9ca03821d13030f18,833995888.885953
3dbf89c6e97182647bb44e69,741091329.3327527
eaa4893a313d85fcf38dbb6b,930481975.4906825
c57e1c323ddeaa7475e5189e,769097841.5180798
84856812b63dfd9630fa49e7,1027539666.8590904
945202a450bea48fa7f2a95c,770018397.0904089
fd689e54d5c418dc9f2425e7,1204501233.6401067
eb90d9e9eb53b44b07ef9613,924996632.2932422
79005399fa92d05558fd6f6f,1018210125.3120111
5cde51bd6de3759821216d5c,962257629.8090409
230cb38e035b85a4353220e9,797917697.3508027
a22ed42197987a8534abf76f,592052173.0584075
43a2ceffa8ed90bc1a43255f,610695423.4798971
8f2fbced5d357bcd6b1c7de9,646107663.470912
6e895a15d402ea7fcee98156,1043429144.860372
b6a2406025f0e1fa09690c2a,610695423.4798971
f46d46ccc7fc415433e471e4,450482473.12682694
71710d25975271eb32c0c8f4,524812229.2444738
01b7bb1556b5c32df8f618cc,658585045.6674526
56e5afaecb2cac6293cde16d,406130039.3179979
70209b9024acb3e5baa769ff,995333566.842904
efb0b413b3f661b23d674b3d,1300847204.8777268
251db9c4b7398902b38b4a4e,1019898509.3235471
e3e7ffecb903d2daccbf8a53,659438082.7505143
a92ed9a378272ff174ce2688,525855083.8073216
40a53a3f3d49f7905966295f,1242034438.832047
bcf2c303fc03897585831351,1043112966.2833545
4b0ac2ce45d7ee385ca369a2,819000211.9570237
85c7e8ac008493b34e8e0176,661622101.4804577
0ff24418ecb6888dd8ec734f,1467199328.8509562
3164e0ecd246b8ed6cb6d054,1098656890.3322144
5f52e316136696cdb56e65a5,404637332.0290069
5ba4bb943139d7930cb91650,891646004.0203974
ba12ab0869d66e03df12b6d2,376822582.1264387
1a111211207627bb4c840442,841539403.149316
9d2ec1ed9eac77d534ed514c,455178984.7663645
9030f17b47b3940c2e2c4093,455178984.7663645
3b224cf6107d815a2e78996c,826741566.371372
ab0e770ac42dcc82b472c55f,424562571.8157864
75fd66abeaf040fa76eae2e7,781946484.4181739
c31d98f67673691ece007a65,501398346.4081206
60d5f19c16554cc2d8e5940f,987176364.3088006
53fd196fd0c0558ed1219329,376971357.9546157
27b06d060ecf702fc88c7956,1274958574.1637547
dc014623ed69c32abce2d0f4,671232830.7539407
f1a8f09837660445961375c1,1362582967.8356485
b98a462d9782988cb54ced54,1354233387.5343597
6ae4843a827b36bf189a32ff,831474741.8058974
84e4f6c6b5dec0da7f7ca0fa,635523367.7989954
b8f2b9c2e63f0091b6038ea6,722798646.3813642
e54c7ea1f012656f7fafa49c,535950021.49525523
f25f5df33f25576f805a95b5,918994993.6347871
ce9474244dc2d40f357146c0,422781659.7634415
54bc553b5b8abad0ceed4d53,385609320.6766003
e75d4ce522cf587cd66adae4,556357214.6042717
b1f0b12c28c9bd2d16b3545a,551575562.0378557
412e7b9e1de3df8c3dbcf198,507340479.0191524
f52ce56f20251f018d7864e0,625017464.4875023
6641ef09c0bf5f3180952b30,400059689.4898859
ada53307260fa34f3a6411f9,643484936.1242708
51f0f76e2a8cf50ef3650901,555825278.61318
da482df3d0fc97f9f8582e22,703256834.3275303
55d47b5f3d0d2dd7c2bf4034,555628183.7879989
1a6714ac2350ad371d8280ae,412948144.53016096
0006c9478f4e7edc53d84916,466185351.90065646
dfa7461510c6dbe5e119d106,416424972.37154776
5df95b44c73b249be0fc69e3,551749495.3008895
76bd7a0b87bfb6d2723766ec,458032447.7004224
8570a1d8156dbcc267d3b495,972413842.9610199
94116b7517a06255bf4320c2,949351655.9592291
8ba2d7afde20563e38892304,701528928.3850546
f86ab537a2f5d8c2b223574c,509152308.1478622
9d0d2774fbcb6fcc66b865b8,704877118.7972908
9086e6e757243bdda003878d,1088307575.8648534
5a3625846567d06dbe4cea0a,1134494863.6926973
f51a78ac4b03665561552b0a,816420219.1001472
561a262410ca91d69a58645f,1407424913.5074873
08d90f931e7e0a6f43c9d0e0,800440747.2056856
f47c64c8ee69e744e654d4b9,1094580361.5408804
fcc4c878af8bdbda6e1fc86d,1202279547.590392
8d9b143cd8eb71b05d32cd2f,1152632808.1959593
ce6a3868227d78852fad9f62,1170337888.820735
d82f743ff414299f8c222db9,1209606677.7754226
9b2c7e6cfb2d6c66e1ee8a6b,1067803408.1863961
6e9009ad01cf466e8f8136e5,1152632808.1959593
a4bf0c02f139c695845c9507,994500288.7852341
16cf0d7977ed97d6ae8d2cc5,1210888207.8628445
d96855b0ec427f041e7a36c3,1271820013.7143717
63613a9290bcd9e1bcf2786c,1069542842.4232695
32036c1eb131e6cc4f3bad3e,381612344.15489566
ad47e82c9efcfa36ddac0a95,456304002.6308032
d5af3041d95f5e89969c9868,421109417.6027116
f2387712fa17435f56d7b102,399450205.70741504
c1c8024bb6c3635ff655843b,410429680.6138609
11e4350271e9cbb37bcb75af,516770416.29537946
d012efd4a77c5aa5e8d6e508,685406465.651794
6240b85a47c079cd0efb077b,678076520.9818405
85e332a999931ecd0e04475d,395596391.4148202
4ec02a406caf200b700f5c62,702034094.2877266
f3270f2ccbcccf3046346809,992385854.2706745
bfc5aa443994e3f3f78c6105,712282683.4078947
aa09cc29ab2f2cfc79e5bc7e,771776167.0965414
6eec5b03718975e5137d5e92,769231841.3886111
6974d82e41437d61c627b16e,947358032.8595105
ae3f7f428b49e6948ebe6fff,767643091.4253522
a9a710b78e776c16eec24be6,752540076.8428717
249cf6f96144f769030d1b4d,848936857.8127898
645f3c4490ce43ed68c7df10,977967570.3889226
3413f37549869d2172b76d6e,1098138252.643959
956600c9a4ed31e588f8c593,1251218592.4321625
00ba709f184e70be13e5bf9b,957526082.1553955
275c8bfdd3fec33752493861,1043189222.2087241
3206523e850b5b5fbce567a3,1346610109.083611
9c9ffb3401ab6ab90fcb555e,1340888555.3501453
4962650cfa3decf487ccbd0c,1119314699.5298388
a541b35c62878dc2c425235d,1512626926.9188976
2112e589911b979db6e05a6c,1525783935.0334094
c9cfeb97323bd6a0564e1903,674552350.1546944
30e1bd4619483b0e896b5229,514490168.0002341
48aa146a36aba8a0270a8a1d,1235713659.1597826
678a80840673787b3aa64228,726405508.3566254
392abbc83cfacfe87c401e27,467436737.2790166
51744814dd3a7e60c0791041,811210569.7369707
c6faa5d2ac8e74c26fdaad4a,802960905.3534403
1f2c22839c470363ff41551f,967107741.3781724
5438c2127072b47e3af428d8,1055657808.8856999
32e182242a654ac03a8f3ea8,428725180.6318447
0a45eb817938241ca988c2e3,877017515.8488442
e74d815ad652f7046ba33295,669336225.2053703
2887a0d34994d284759db20e,741094573.4142406
621c3051ef29e8da01e6bb2a,852907259.1600642
54de2275006e273686ae5fac,1128303630.6440725
b0a0cc38f73c9d90bff6ad92,1140311695.3460913
f4df4ad4366bd794594c111f,848174917.4554179
763206de4c26e3825b69f4c6,948499061.645114
d5ddcb0a54416bdadb4bf57b,496188295.5453086
bf17eca5afccd9cd6299b9a4,547899999.0563886
02888257efaae858fdc7938e,699227663.6009971
1f8ecf6c089ce6168b3be52f,981760214.6454087
fd7a48744bf966e417f34a51,1241369850.271772
655d6eafd78be856479767e2,1052838827.1011977
27472c6c6a801eb749b9719d,709977231.6794243
18fd9bee381e7a8c29a44c4b,807185254.2503668
da5d47596a755078a2261328,545150039.4887621
737c83218f0e486ef4feba40,414291046.8317423
2390c275fccc98eb4fa33af0,430608385.94079363
35616923c84423b44d1d1438,1092261468.397367
22fcf0650753e2b5a2fa3786,744235356.2592196
9d8e7178912841c2a1232ad2,565362327.763822
36c2cae6de0add92f32d29f4,931833073.9531126
699b68daa574a0f169436ccc,410626903.506262
c3bd0b8277a37832f56be54b,364503021.1949152
6b3411cb8c50c1498572e681,409068989.33642167
fad4ecc419fb64b3f77971ad,708568044.2562482
4034cd9a70d18fe0c883a0fa,464214595.39967585
8f9417de118ef8486538955f,1182458982.2142456
33f4f9988387bfc237d114fa,478114555.07756305
40c9f947e826f89c6ff3f898,370899298.3506245
351701c5d1b821253e2c8c42,376342739.2120646
f6b405af32c398147475dc9b,810634303.6518148
45750daec6238508791d0d4c,966181452.1839513
eb85bf9ab77f59615960fbe0,740885352.8418735
0ab6e52af85ebf23432d7698,642719827.6057096
9b13a371ed4724d2e2966447,804416356.6375422
081bbc273db70f1d2cc84ed2,819588139.096758
e113c48e4e1b53adaca275f2,755990382.902092
4bb0666c55d174e0280482a0,639255552.4833612
ca516516b33dc09d712b3154,801013589.013257
631e6aee6ec1f720f3c78775,533890785.9797875
c7746198cb5871bd687c2538,627469426.4234719
58a5dacf2f664512c2b00ea2,889340091.9983991
6d8998442d831addafbc878f,1126403803.0442142
7d4ffe0038b3ebc149d8f4cd,713065092.6161083
55ae7bc854658aa5fa49d368,732681381.3964442
042ff73057dce4d92d383cf7,382314807.2018733
807c04729620ec60ef18598d,412564562.66796273
5dead94ad2dd86dd41448994,463183090.2669133
bb90c874275456d5fe0de83d,445568254.2348961
6ea5fbf037ba7e5c74d7ca39,608164878.6969533
86dd7931177df94a649a4d62,542640047.0648564
58ac250fa52a1ac7ce39f70f,478589665.27127576
2861f1a224b4c879b845779f,399858697.8971858
8d06af8e439c45e0e125de91,590293452.531125
bb2dedf6198be0f3ce2c4ffb,702481489.6787263
57d8cac189a13c180f08cd2d,406604145.12148076
db575f8a4e10a29fe81b335e,937277462.1796631
e8c79fd41b001fb1da0d4fe1,699234875.4989097
b81679b32ea288e9665dee49,1349125333.229206
841482deb90d19ecb1ec8a06,506288496.42465246
214df9371aa59f68e5740212,643150949.2893159
bc52abbda9027e10b879ed50,516214575.3166655
ce8ce41a36b610be164a25de,794718028.0208048
a67412a01feb64ca6e772858,532731132.580768
d87896f889ddfe1ba210d74d,334352686.3762573
556a39ca66e10ba3545f2234,531502267.04949194
50cb893af4ad0e21a69f05d5,485951353.28029305
3b5a5d6536a9fd24f02e8ba0,405575610.92058766
121cc20fd81d6322f56d5c53,538972140.6168206
b9c893f3c3ac4dce40d0ea19,623342683.5242174
47bf8d322af3c13e8868ed0a,485951353.28029305
a4325969a50a14c948446f9e,761230016.0662367
4583a6b01449530079415768,1218891061.3045893
920e2bd03c9d34e36fc38ad5,1218891061.3045893
0a59b506798fb96edd7681c7,842541629.9386386
e8d2cdda77c1d885e21c7bbc,1260605781.283336
8abe99f2b71b13dfe7d71616,1345981644.0709352
c07e98122103d1546d995f9b,1098950156.9057705
29fdab43da21ed0d22c9c71d,397182560.5213574
f2ba7982bed03cac394ef87a,575205296.7440696
eac89e705cfd337a99417320,406290942.9188963
40713332e88c6d3a393c8b2a,562333765.6274695
a9aad230d22f7dede73acc8c,1063595150.5627054
3b7fd4008e14e394dd09a0e9,1439966019.8126206
098327587a877bd50df27551,542037315.0823203
0379b6a001e4018c34e944da,667373673.1644454
45f24dd99d362f49c0adb875,390621062.003042
dce1dd028695bfc5a47aa6a1,363501530.6612749
cfeb702df06baadf29f12eda,450595068.75600487
9ff5828e084070628ef2ad96,435859931.8387493
6920e6d7fff656d66844949a,733537583.8926485
31ed69311bfbbe000f4483d4,570701590.5053746
d300473e3d2ced1177c9fbd3,778944090.1142838
2cb64650b876ccbc7337a0e4,422505129.48556834
3ab2ed6d140698cfa41f2e3f,405305873.6947414
9f8697b55cb665ebb054f9fd,612170881.6579922
7e844f8a24422ec3b833b4a8,371839780.97196174
55a615a3b3919798d54e885f,886456653.4632641
fd26da8e62b5d1155962f0c5,542195214.0674285
ee9171c496fa78b1461acf88,1131655064.802528
d5182c47a954c964445f25d1,924846480.1973287
e064b4dd7b4e64a3e0016f0b,920575626.9260924
36753a5e31b0edb1eecb8bcc,570212009.3588535
c2ee475efec76c46efbf1b08,832075807.7848555
3baeb28cb33d048bcd6e42cf,368965162.20329726
6a6d990b9b1bea0f844d3065,432035058.7929339
e93dbc804920c0bf7bcf8cb3,438644611.172351
b9ea1b9fc0e46ba0724cbc0c,408347413.8769303
95e98113e39820523e95adf4,403979897.2929615
942ed340950f02adf9749a36,422781072.01485735
8538a41c0e0fdcb3829364e8,566951939.7038425
804289a128775f7d1652cb43,692992736.8164039
3dec1da01706b06f5d6a9266,594745911.0331603
fe004acdfad6ac6b00911ef0,728753667.2146727
6c679d5b6a1c1b74bf483478,792103108.3810658
ba54b5ebc5d4f554bc56dec3,531480264.7439351
5b9469c3ff6b197bfe3513cd,688270993.9742433
2ca6ce8266afc6721d179335,1188864108.8972788
94160aa4e5c54bb479b1d0db,409734791.87259233
eea6a2137473c3ba6708b576,358959294.5054958
9969f6f4bfb29e3a97c2fccc,637718215.7973281
68006626a3321fb0de032307,595627113.261077
2149d04442f73cfc78f93bab,650397960.3491956
01cac7d033166094ab9f87b0,630955521.7887747
15515ecdd35e9f175842a738,911801324.9008491
86f1d6fc54152004e69027a0,975826691.8357341
0bcf7987c4b0ba485c44caf9,622330563.1060852
107fffd601a2bb7a3e4a69e8,790063986.8346034
5a44636153b1d4a74d58513a,515133545.58192337
5ae08e5999ca2ba0a1e2d8a7,817845258.2889345
369e9e64898ea16b7ffefb7c,773268383.6323668
192b505186d0bcadb46b7032,713441289.505706
6dde6686bfdff12620f198d3,712865493.5784957
503a04e079773a04f2abe075,785614292.3444589
42b5ebbca90572b9cea79177,571089627.9583085
0b6f2534f862a7ef551a116c,733985971.6123785
05e06a93e9f01dd3984a85ab,454141305.28727394
c6706db3eb4f0bbb0510578a,1100464717.2269557
2babb357d1d828c49bb89be0,743807271.652041
3951171501fc51e2d830cc82,1266974762.0682325
fb72b8e0457c0199e158e599,1314700829.7501547
df865201353bc7b915b56ac6,579914519.4317784
8d1b3071f5396359c0b6cc62,1166242673.5854032
c451b61851c8ae1e6222109e,839502679.1310155
e1c33552eeab60683f2f89d5,1023782103.9540749
1d8d51cfdf78f1361710708c,804103139.8334067
bdc8e1a1e06d387f9c7b026b,804103139.8334067
2b36d797d32013a126e15709,455178984.7663645
13b3a55d79b79ea89a73d21a,453640324.65522313
e57ad52764215c3d54740ac5,455178984.7663645
19e11b2d60326895b5e6ba01,455178984.7663645
f6e1752b9f4a0a3c8573910a,453617506.7842406
062efee92601be294d7346a1,455060187.49318004
e2c3acee51cdd03b1f211278,469672271.4486083
9390ae5c166e1a976e53e16b,414086155.6541205
db3aeb3a96304f3c255e8a22,473597129.35815996
d353be29e7ed2c35b920f7c3,708235314.4777697
893c1b081e383de73b9f2e16,1100279961.0248985
8302e2afc48d6eda16784da6,574678307.9819375
f1e9676bc91a76740f4e9b0e,914525638.9076389
ce86066ad78dea43089d25c1,1359799304.5107172
c89ac55660cee4608bff27d5,392278555.76927054
b183776d007d85bef0f6671a,830882727.5346168
e8872302ba40e4ea413689da,491955705.65494174
0afc6cbb60f34f1cf00fdfb0,706656792.861571
a811af7cf12afb1dd9b8eb86,840254910.9489743
7947f71467036449efb99972,1264581160.5891244
2ead9549bab6f1386b7a2c77,1154269309.3304992
b54e8d557263624947f979cf,1151854654.59351
fabd2201750747891eb6af77,1321556391.4737182
7c3f7b513bb20c918a51dec6,835711358.8340724
0dcc222d83e1bf05f2c2c090,988768399.3932586
3ee3ee47bfa21462a1fd455d,674200720.1146208
1dc3b6ea53413ece15bea33b,1157016715.4616764
f44362b932a8b70ad4b99a29,429450359.0756675
5372f93d988c3c917629f9f3,428624373.98811734
5c25ccfc7ae77f1d85981a79,418583080.21145004
4df222356df121a41adadda7,414661013.3072593
bf38bb7a2a7ea663cc8f3d57,428624373.98811734
ad0025f5b240d00936c82f9b,489142523.59059453
2afa66b726ed0b1492b9e01b,890703678.6715794
a528312b77b7f84741c2bf29,742312498.0824261
1cbeccacfa11843a256b2e2e,604264616.926581
d11eadc78d95c96f50b41a10,944003065.8412269
c918e02b3e6d80125a2db1cc,402785277.97822815
b2af005e93b0242e0f62f298,483612255.84536046
ed9703ed896c6118a3458e78,385492713.75533116
8ed11c1d4e7aa1ccf0ea0508,406479657.02771425
9717b066e135a82feb422181,659438082.7505143
294985765f4d12e51a68a451,995333566.842904
edbeef6a08dd17a941634d49,962702645.1158539
26cc292628ce4aa87cd287d6,1062913136.8223456
47f7065118bcd4c3878e50fc,763813280.6328858
e369c63f83c44329ddad488d,647242822.4866418
383c0948aac71636973507f4,617481504.0115194
6bd1a412c01387af8810ce57,1329463456.2340934
4b92ca1cee4739104e620871,1467241167.0123565
0123237414f757b9c3809f88,1217451631.4304569
6e36550a6ff6fdb2711a88c1,1450732003.7700505
1b5de74aea685b506a952f4e,353041774.0526022
d85fafb4d5ec056e6db9a79b,446697719.9269157
cd097f6cd92275ec8ace1f20,779833119.3921033
ced1f52def08143f0b2b6849,603941673.6643959
89a03e25c43a555b47c53864,703482922.2584537
f8d64df401009704c152bcb6,475981187.4382183
2a5aedaaad2d908122f28f22,709274947.7165673
edd0b57b90629fb00d036e34,698412027.2795937
f8731413b0d976c03b7e05ca,1107993052.524172
01abe3cfc94be46c1153c82d,1080220016.886021
aa7f5d0d2fd5474cc67cc70e,940642455.4583161
4912c91afa6e4aff6ffdc6a8,1043452417.6216369
9d805330fb0df9ae73003ceb,996513975.6215093
7daa9115f755a6c70411b9cc,1128272130.535422
f5896513d1cb044108d23785,1492014176.5568109
3ff2a2fd905d81f0422c54b2,409979528.3409812
02ed31afcba033953c79d95d,585158045.9830557
c2164829374d5e880c1a1f31,845414057.3235397
3f6eba5c365508ac192f2b82,490011600.61423737
3289958459cd87f24089cd14,496223903.5609701
ecc3362a649cf08afef96fc0,467286797.63851655
264e00a64cecb861d2c05b1d,1017758563.7118249
d5b5bbf927f763a43190fabd,876997511.8388801
2691d7125e9046e597437f2b,1274420268.5089784
7cf183ed411cf82df26640e9,480080224.2928151
f81107599bc083fec4a13ca3,721626036.0294769
3c2a535f1df831771b859a86,411727841.51776266
9e871ee8a61b183aa9051b72,1011303286.543134
e066ee04cd3a597dac8ced59,462565895.19861263
2f4ed160fe2a21722e6299f8,700446828.1120925
e0ae53aa3cc9e9ba7ce65f74,644583970.1925508
78d727d0e61a7c8b1cf6fb1a,669122881.0207229
b42f936db049a74c7d24b0ef,1186836812.707429
62e9330888566f1f826e1ee7,1059126350.6294537
3fcc5ff04edf753621d6cbb6,726822537.6865101
d4ae25b207949fbf0df3b404,507981997.38845104
14bc234ffb3ff7f974afc8e7,409957759.86451375
64fbc9cac3f15c0f1a16f4d7,396059893.0551196
5fa1c8237da8fc7683bc10e0,481558024.4061115
7bf4beee26ba81ad0b884f9f,431093373.7881916
72a47f70aa99d42320e54787,414850550.7950968
07641db461323a5cfcda4f98,407586818.82575387
3af2a1ec9efa6884a8254d28,740151374.7482736
3adca5eeda4939a5ea11444b,1008628836.8710002
37d39cb7d3849a784497ed0d,730012357.2134938
b9baaab70cb83475ac3bbab4,720972986.8132217
74e178e2398895d2288e6fcb,542383551.5490509
ec15e2a131d9724b012d68ea,695831515.5088526
ee042a4b4a0bf9a1dcdf1eab,713326675.8342998
35381d7a5b25317d7588ce77,620662807.5336398
18ac3368b1f6d8f7171b07b3,938285250.6050239
3dbb09358256bae5199e1318,866743001.1475495
4662aa1c44351dfe271e3a9d,1107206530.7852905
034a30994bb2e0e446e35957,808783271.5285484
4cdbcefc434b48ba3d51a498,1086711363.331472
3d3317303679a6a5a381d0ea,1205813597.5171509
68f4e3d4355bb71db0f35a65,600797389.3124068
b3c77f4a398b61d9c204f8a1,1040011900.6335309
3865974fbc1b412f24c47eaf,1201908247.6273997
84ab3ece52fe00ee50f057aa,1090052332.4351263
dcdb8d97ae65daf55570c88c,908011205.342449
7ea01fd99b389d08ca50c0a6,887526720.867152
51df325f026f4cc5ed2e9a65,1370267305.618906
1f11cd977996d909ffacadef,1367759552.8956113
5ae03c0e33dc7d3e0e0d54a5,966140084.9518642
da88bf5bc2a7310ff382be4c,1029660866.9893594
035de58d60807ee2c272ce82,1347231624.7516608
0cf82b1128ebb8d1087b640d,1309575495.6175227
bd8b005383020611b8922147,443484475.29487884
f5c79a564600bcad99c74f03,503792622.7413739
b11672f22fafd555f940a8dc,446905139.91395473
2bc88a5c4bea2bd00fd8f13c,515074890.97812414
b2b99019a929584b4904b98d,1047540041.8497027
678d0e011f710cefa49f6465,545147028.7761207
f7de22825945329521642f49,476200023.72162324
79b5a037bea858706838a62d,535741068.6483073
9f339d547d83b4ef956a3690,928100265.529451
127e197a2f70e7ddb5dc92aa,429743623.61298764
65b8c48546af394a924decbc,589556636.3091453
cdc0c282ee62c51e3a20459a,707968421.918481
ec824ecd0319e05d1ca6a9c7,511403130.0426365
95f27bf0d25bbcd0d1eb9cdb,721906094.1481959
ac0ee54bdc08632efc0d771d,824732604.3473221
904ad71e7d108930d69a7332,790780450.8383386
7f4e6f790de012946197e0df,891291949.8004231
473cb30713e88ecf782651fd,463318659.97757024
59a309a6af425b2028a2ad69,966579670.7431327
8a1b0f59f86e33a7aa7c2c23,1074075215.6223025
1e884932e57cfcab75ebbacd,1249261787.0869532
8e273f1dde4801825fb19742,868877823.8590529
1f9c0f9c3c6460a323171d72,1301026981.5840495
5dba98aa20e371c3947c19b9,1334230648.7026315
51516e102f8d43a07037ed29,1064443065.5168762
6eabd14e55ff090e8a93c727,883753611.6848115
e224f9ffc7bd70369a5e8b68,1286872280.7860305
35cb50346289f0590dd24d83,1377463564.184066
2aecb598de8c74d9d5108d8c,997699448.5370153
69c7e97037c747b93c33251b,969135032.6768851
b9b95c89c988f68429822e81,488623608.60692596
fa2c5c19c86087f207c379ab,658022350.9552517
9bcd34e7a974c977f65925f3,1343572416.0921655
3611c89dc71078cd0aefd2cd,535432944.88348234
9ab273eca8cd5dd4b6339ca4,377981000.1403391
4347966ceb1770f758cb6e37,1045635559.5745356
2a68f627f4dc8060484cdb18,1086487804.9138546
55ff644abd72eaff17d533f0,1515301760.290651
db563e5a1cd9eb1be832bf5f,1397857258.1375585
a0e9310061ff0084d63dd242,1094198588.6126986
7ff62b2f8a28d60f6c4237c6,1075883263.8921716
c42c59e8a08e8657ab4201f1,515805082.4821564
de28370454624724128a0688,762001730.5383437
514aefd8a44ca048a8088c51,995299056.4093367
3d3a318662cbe218db0878e7,712246614.1980013
2714bcd5c0c503c3bee0e0b2,998940817.5016177
5461aeb15c7f826f0ce157e8,544632360.2660135
db352cbc2aa3066ea9b34184,710279159.0431623
22b066e6dbd0f2562a0554f1,1635733206.0397286
daf8d6d3f4ba21513341eb3e,1210789766.7465644
523605d1fbb75b0c5acec5f7,536809783.7842486
c59c2a19b93ca666b7c389d4,1097417724.7355912
61e57e5539c40e5ffeb77997,536809783.7842486
c1fc25faadb151c73ff254ec,681443924.2940176
63e73f1b8b385d89de1329c2,488568606.65902525
80ded3bf4f2973a5ceb1ffb7,462586167.0325955
e1f5f0e96e5865370423c142,773484517.0722167
3bc1d407f7e7c8e67f7dd27c,911486371.2568444
d87c489d3572187e3280965b,1395314681.904923
110d49e1d79a3534e146b300,1143072739.0781577
7baf3723bac87b0b393ba52c,997007055.1062866
8e9e35321545774dc1f85776,719236117.1849692
e0d6155cb3cdac98f81d44e8,743156610.9743769
bcf775187c0f5ae1cc0e8ca6,699209600.0651091
a792122a1b292f482caf25d1,443770655.922605
09fe153b0027697e58bd08b5,350063937.2912398
a7283f1587ffd80f4723475f,359816023.35459757
67a10f161cf7215302b6ca1b,369238725.1081017
f403b20cb52d4ad3f9469ee7,545494084.531061
643e13f00dfe7787a19b1254,436141974.8820924
0eb7c68fb7ea1e58f3e76345,915158412.7116661
cabf47337c2cd619f12fe69f,977837679.6112664
55c5eeb4861e8cd71731274d,1226453950.8580184
363c96b85cf07dacbb10b92e,399581266.3348376
49b59d19432dbeb8921e57b8,760835807.6301794
818ee3b0c3862d4aae6e7776,357024647.8419063
b15c662c56b19d3843737dd4,443499251.1066598
03243195c467c67e67a7823e,416960713.78686196
5db50c50b523f3d454e94dc9,714089582.7653435
0798af235e9926b1e7e4642d,536895669.3151715
83852e78afcc4127481adccc,454141305.28727394
7fe25ebd70b89f4602bee6a2,692281690.650264
175590951b6f8c6b8b4af9ff,443518040.9062252
d4dd48521efc020762ea141e,500457197.1610254
a681d6e9ccc7bc60eeaf7e3c,1142019738.9372647
e137b5003b8c8f18892ee9d3,595912320.7263105
90dfa0d7be06e7a1dc15770e,489027901.9467504
7fb856eba0ae98a40eac3efd,1098466164.9537394
9f52855eab4ca5161f1fb492,912754612.3575377
494580f4974c33d7ce0cdb28,1126929947.545151
d972dc3dfccf2a48a6384e54,986214689.8201121
7cc8772ebde8902f55e14b44,790011685.7843089
deda3ad684384ed67711ae71,442243217.9729091
b288c52e4d0fab9f579122a0,898293191.4781532
0bc16b384acd3f8263e386de,1055421943.7388175
b40d1d2b7c1db9cc57c65fce,955123864.4724934
c2580329ee6d7a03925725aa,956401011.4407003
7e73516d57a251061b3916e0,1242837813.628716
7749f3bcfa8339444b0a8b7e,422879887.20749193
557e40fdc93c1824b0bed769,422879887.20749193
edbb5db63dbd0452c51047a0,431156486.8161711
383af3a5794a0ec3efe78b2f,508251368.42130184
90ae7af091c23957b88de5e9,523664673.26322424
b1d9704dd39c6cef28ae3d17,558648581.5207263
44916ca9b874075f55949f87,572042153.9106996
0515734883eea12cdacb7aab,531430170.7577615
faf9f8aa50d936c1465e880c,1042557138.2218432
f37c9693e058492ec3715de9,631980301.7275785
562c7846b05072561d96698d,716487847.6077254
4a629aaf60a113402834c042,1092878476.553793
ccc4e48073c3da10a2e2d08a,842547708.2810241
8532c64eaed74b64b4d4707c,568789408.4386222
528a96aa31409c32bc9f1f63,1115134095.2230544
36fd9fc1f1d9b2e10c1c6463,389902430.2173023
91561030d87ff5bc0a497f1d,475321722.84833366
eb09010915ee68091d6675d4,676005612.5212593
56c41a58ed5b9864b68fc910,492477302.9176937
bf6005f6f71da582a6fab8c7,491048596.9362145
86ee80cbe81724e6919bdb73,449470502.3438613
0caa7856aca178f826fe90c4,812636924.0001396
9e41f25cf2e77f3fbe903368,1054698261.0520818
019f4a25794ef01294845b51,968283395.8755558
d6fc6059bba177ab56d85ec6,1023971813.9603055
436089e2bf605d00849691e8,919241692.9373302
02a9c37b3d92a6da473c6fbc,659401505.7538304
bde81ef5ff9edabfc7e30d10,841822137.0706217
379fcab709c66fa146d3491f,967367321.3495212
28ac1562ebb5050f1492f576,853279944.2865539
e68f5a98070efada9b5538ee,507777493.51782405
80aef024b0ecebb01913504d,335527879.90902805
f45161bb79292e974dc88b5c,404194455.98218334
6de3c3d53d6aee18ccdee958,390085948.06844395
5f2f7596a284915ebdb81a35,507330715.30220616
291fc50c4ffe7935b01e5d9c,425658452.7357727
42ac33321bb1920fe2a78036,604714481.5063543
c8e00b4dcfa2d05d6a7fde26,892333008.0122249
5c0e328a04f881674ae1046e,882692684.4850898
c28cb417dd28fe4d4d41d114,562483259.271932
8e160f094a0425aca23f04ac,819443266.3398081
a8944be7383b5689b5039c87,1021937972.4202362
cb7ed5960f325114bd3489c3,915915814.8320236
275d73c7dc0fda7cbecfea89,946620233.9496346
85c24df2d836cc8addd9b7b0,787179995.5809844
0fa87864632b7bbbd161f879,754468337.9443858
c7f422224808e043753683f8,1164059657.5955834
c51d1eff1b6d29b4164df520,1351749205.2261775
b50e8c13de383e64711193f5,496995587.5250313
1308dad458274c698b2fec72,496995587.5250313
6a1024c5da689de67bdfa274,742404527.3143401
6e426f60d25aa8a4c6f8c9e9,614458640.753145
b80f3a46440daae51308d459,702357393.2029063
f59ed9b8ef1726f1a55a4dc3,481079305.854678
368eddd8b6d39bcc7124a41e,542037315.0823203
391cfff759030283411dfe1a,572058334.7961391
4f140229175de685a0999773,497169456.98851764
cd365053914fcde97b7ee9a8,863775630.8832519
16a05fee8dfbe78d26664c3a,654490955.6260691
c462f0736fdefd319cee232e,1164942675.057185
b419d977b283e33c0b3da86b,1201710140.6555676
6eb27e2a66d08a8a60567272,1148275423.2725532
7486ef139d41d91423317e0e,583198979.6994479
e663064dd77e3c63ab9222af,1138759428.3780143
9a6849637f1b8332ab289e27,1439966019.8126206
498de85ba30cb01e9c686081,489311859.5159794
3507f260c3c6e195fc444533,453889533.179699
e538d52c9b2dc994491be3db,367385831.8997649
f016ba59a64f287099fc4af4,705018245.1331805
380ae516dd46442f97acfe14,696644876.4927145
c97e4d7e08db3171290e939c,722968740.1256785
f7847aaf1491103fd931aa5b,1163990283.9981341
08f6bf438980d55b35ce7537,1163990283.9981341
a6a06973b5a4c990d5873b7c,716793086.3322641
6e26918c69487a735a639c1c,1277466966.756921
cfbc690c55e5c2bd8dd9d89d,1043116545.4357405
56fe5c13f11813b82dfb04f8,740241246.9108987
296f0158b5cc1541cfc8419e,860853480.2587614
6ed2970ed02a3e50ac984aa1,692544116.6390551
4c9f3af11fa91e729384580c,779235122.1431361
2ce779caef0637db97954912,916989152.8506161
d743892816160218a63dcd35,1084891511.00836
758efd6f99db309c67cefb12,515983017.4936824
a4146ec09d782b08e8198e11,774034250.1365441
f415c2bc1bc0fdca091285cf,1264845861.3180768
39ef4fb2a43fa3bba15a0b16,932942379.5227363
874ee4f1b9c6dfd3d2358834,1235124392.9742782
e9d514f90ebff0de1936d09c,725985506.6271919
9f15c77d67021f349714806c,486390390.8630209
a600ed86cff36e636d204f39,645660562.3377038
58f55e9bf743e2e3ad43c274,583134636.2328503
af1aeb2ba89d29973f73511c,535567730.8438731
bee721e93b8d8e7cb37dc992,682429128.1470215
bd52dc8dc5398e5ca2952473,354110371.7059066
b71095bf5e80bcefafb12d52,638357960.5717092
a7f48fbdf807da68594e9ae0,516298105.8843741
50de04936770f874e1eb86c2,400674570.76525265
2ea47ef8f02712c32613fbd1,380841424.65956116
27eaac0ebf8a5ee99d143218,938999182.1923518
ee594b6bb0751dab39055b3e,521150385.7546246
eba0410242fa1e8dea90b194,615527226.393963
a619d30d6f2e2aa3b9613c04,404967764.3121381
df58a4244134d3493f3c9f30,760642842.333291
32dd96f4f07f67806146ec46,470635355.4271342
a77ef77ffa731e8980d36b27,654434462.9121801
a2a1665a693852185673f6c1,1117918245.729963
8267eeb41ed1e68144301a3f,758632853.3251227
887ba6b287a8b3ccdd5691b5,739368368.0624893
1fc94e9dec93d52e0062e07e,878501334.7939566
ffd3d51ecc85abff64258e1c,846084146.4275867
3eb79541c2ce9413d2c54736,704719111.4635012
fcefb2186b13c8bc39b17915,937834576.1461577
d4a43654382201db5d318dca,841179969.3753304
15fbd295328ad698d3c76aec,1193871608.5381534
7f5e87fbb4952caa0cb658e2,769225926.0692768
9d348aa70957592dbc56ef32,805471610.2628145
2ac1105447a71f68a50105d1,1184688504.6155126
d8ba9eb448ce35ed404e68e3,1064600672.4537216
21d42e80f6f818eed990bfc7,1246144125.6780484
81c890b0d7cf787a091d4081,905383758.527689
518858c561af5c13c8aef9f9,1092834997.8709311
01cda25ee8545b9fe19717ed,1398085814.8853505
2c34c1e1655e87ada03f411a,1023175339.149384
48f9e9a87e7fc0a678460e05,1277163591.3501463
76ae7be5da1785c37736fdb8,1355063357.263008
3918fa99179953461fe07f2a,1059583127.2685996
305080502cba05a1c165560b,707147223.6512716
5c3aaf3f75d6d3ae9b55cee6,466546900.9885536
2ab263b5d1ba72fa562d64e6,1036667514.3261441
6d13129db564ad15e69fd534,937834576.1461577
7de7a2a651273df62aa6a21c,1117918245.729963
59f9cc9b23cdea5bd4cc3ae9,656262724.7796794
d4436ad417941fde0aed2818,937834576.1461577
80ab8d9f157c25b40f102854,805471610.2628145
06ca01d3ff86406e896b6fa6,681628782.3084754
88f36882dae9a0487383b769,466546900.9885536
da474e23f34cb63de4ef28a4,805471610.2628145
04f968f1873a655fde8702f6,400626745.05471146
1dc1a51628b8eb1bba214498,339600092.4746204
e7cb4cf600b9d931eb295c71,477753821.1840522
9052c644813d546987a72305,451828032.1649124
1e32a8825a7ea79c28e27a8d,453466518.72345155
82f34c2a6644c4cb0649c44b,1007828088.8270252
95815bf7c79e4bff3f41b233,718957718.4412916
f64f642775ed2c9f45aff215,597299049.264174
4cac81eebdeb45eb0e8aa5fe,440057349.08913255
c6da2874d2dfbb2ebab542bf,766444571.5345075
e7c08555cb8f5c7d0f32fdda,762472315.0537242
10b7c99bee9a4a21e1f32d50,579196763.5439389
f21625fb82740d6f4cf1c325,452764622.11711746
1c3236613cf95c84c5791bdb,1060272482.7519473
b11c3a4642f7eee2e443eb32,1155183609.4330614
cd08976dc2d69110375f8541,412368616.9484376
a44c7ace8ab50de7ed8e5a66,359106518.91260076
fa8f13da6d8be3bc1f05fcee,538294442.1251112
77bd7837b02bd8f2c290c9f8,376846556.5822653
11a79681fb0a3f6eedf11d1f,475846230.41083306
70c3b086af66b0c9db4b0b96,475846230.41083306
64ea18085495f759116f62c9,727791849.4313885
ebf4bda17341de806444ba83,616122963.5260829
54228579fd8812c3ea160341,765965436.7719747
dae0265a0f2f79d3dc010ac8,1218891061.3045893
7340afa659775cc18d83aa4a,1308381934.4862974
5ba05f67a77cebe5cda31e74,1062928219.2028064
33dfb510aae260ccefa4d349,1158063336.6077466
82af190e32398942775056d5,1218891061.3045893
a9b9263f6aafe8531f3dadca,759714826.1344434
9a38e7293e9ad7d8462eeaf7,1333275958.0555305
5852773a80f7f1b929c7dabc,1464754953.1455011
52fbef3effd854b0ad0f62b1,974785953.7628978
0016e35cfd881ee2e37b49b3,661209673.4515492
380759598c614cbe10ae4bfc,996151086.3802872
fb63e870ceb7ff355299f3da,524722579.30605674
285b8cb5e9c887794ed2fd1b,845637678.42044
f003a46a1c8e04da0052d72f,433435637.05360514
a731b326a61043070c3c853b,599430020.4790401
d2644b46136fd95c0fc2353d,443817195.48882675
8248697f70c21fa361840755,1249710864.6458929
075b5c16441d9d67cf638386,371742112.59992254
6bb2ac0cf2369cd8fd85bc12,738209100.3009491
2c0b3d69fca6677ba9e95327,1015603752.4123119
c73ffac843c155f24985e6f6,1016214839.4421711
78b57a58368ab056c11bb0dc,947795052.2406011
90b25b6b913c1bf0396c149a,673910903.0656347
fa29c89363ac9cb59667a43d,947795052.2406011
eba756e88209c420d288c4be,710188311.9035729
e7081fb59ffa298320321633,974573654.1968707
db1c3ece26da7b342eb7c8a5,947795052.2406011
f9ef8fcf24d28ce11e71d758,820050305.3151175
2f854c9df6212c39091bcf28,619657924.2279749
ccc66d77e5f68779b1c016db,513245676.06065685
47d288f8f9227013424d6976,353516992.2162252
3e891afdcb568befebd66fe4,513076017.30957586
2d1f036c96e92d9c557605cb,502148257.2217243
dd9d63c612aaddbd86676c34,575356979.6752688
13cf784fb3553f75acf25a4b,502148257.2217243
57dd353ac00d0e99abdb3733,1295929966.3278084
ed0051ae106fd0df60a14586,991600265.0743495
0997324f14c5823413463546,1478662324.3422987
e2cdca1756b1635dd1ac2b2c,741429136.8965095
7700df9486a1684157527739,477470995.3726652
e790b21630ab963a65c53df0,554867369.167083
2bbbd9878a1e7c55bdacb330,448152074.8094935
decb25b7fdc0eb259831cc71,840658116.5541154
fdbc74fb5882051327b3caf8,642943836.0521158
39dee9b1661292cdda6c4823,758110478.3159199
354e2de1e3a81a63e7fae4bf,798135348.6125869
f80b9e8c51cd71c5be281652,356388605.6008421
a96b19e82d9811d5de1ed0e6,335693966.03461874
5e5ca2753a908aa1b7fe80a2,881929086.4482385
495b6e61d1b887f8b4c1bcbf,440095566.51558626
ad8ac9edabcf2d4b06ba9fc1,804952615.9814621
359f6a66a407e30b40979d2c,951671961.7911148
ad351bb6437583ec871b1739,824651718.867035
262b1c8ce7db2b4aca2400a1,1047620264.9569777
6808b10f5876ca36f569a4b8,1078312328.3726184
54c74b36962edcc922573792,450137326.77146626
e7fc4e6b1fdb38ffe68fb680,721853923.083077
1c9325df5599379a73e18053,912900040.614033
8c9bf9031bd378c1105e3f3e,773322359.4751023
be70989d473cd731f6d8e580,699584001.0488275
46136f5f078dd31170c58e64,983306514.2705865
7055f85f7749c4646577a51a,396925377.48508406
861aa922b483f9bf7884dac5,403581502.1286674
45f18e0bb676d2495a227dfb,414842897.82632303
9cca7c1e9ff65766c8dd2e29,411647493.9640711
b2b7020e66872c8d83468cec,562305623.4966614
7634d7acd4197594271c84d5,429073478.8162548
11ffdf367d817b582d590db7,653770717.8924856
103687e73b0528ec29725f1e,477985605.77342093
8b5369b126b75c497b1a7b73,600968732.5343657
b33c9b03cc12a253e4936cc3,614619200.1138093
ab177c5d60492f2ff087708a,414668773.4450878
05bbd028f30492fc0a9f35d0,695205538.4530959
2b9fd26383758104d567d474,600968732.5343657
4addcabbe23020d3d0d46ac6,600968732.5343657
d93ba0c32244c455e0f7baf4,600968732.5343657
92b772a38d5e38bb51a3f621,630208351.6368316
135ca1dc80ae4d9993ec46f5,627742739.274959
ed5192bd8038c77ed2e46f0c,610741055.2557867
3a878d44356885ea61bd882b,695205538.4530959
c29c69bc6758d5976024e455,419629884.91204494
dc486a3d7e9e2e608ab2a7b0,695205538.4530959
1a34acf8e509659534a56b63,534602178.1901191
5716ed7d678cc2575397174d,404801578.33370674
444c68a7a6cd0b794768d5af,656497422.2372164
8a724286cf661794084aa87a,922839558.3451805
ff9c4796bc3ef18ae7bb724e,1098466164.9537394
35984f749eeb84eaf938bb08,1031478488.7160225
0998999f12dfdd50c597c6c1,1177363961.8738666
58bc65fd2e0e4430fb353d83,820392336.4702893
fe483817d899e0044abc3787,1039278974.9877636
183a8459fa248605b8b5bc1c,870604216.0021935
a1f0d61cef676fbf798b5473,584677440.4763917
d7d3cd587d291f389ba2e8d1,821676936.0206907
ff8e7294270343a00978dbc2,632588436.0080779
0996cb112fc3919564e87c37,904665024.6315385
f183e3651c485e0001e64880,874819818.5987766
e28474959994ea9c0c2eeac6,698284818.236418
682c0a5f5f3130a61b5214d8,1102471902.0034723
245663c600727f7c214063c9,626237892.7151407
dea79d1b25bb9c78d331e3e6,605172802.1931814
ba212b5f12959e34b4887315,802018912.8697734
dd4eb14b56cb00130955d021,1354709795.8509035
4c94103d4366bcaaee4b550f,1017880625.1084299
7bd9cefba3f5dab498ef926c,1343329869.7197347
1d7a2572b466070f08c6e564,652667068.8420737
a38e7af984a471331b2d758c,913943572.7423098
b6775aefafa4dcc161eaf6d5,587359679.3162161
8654295684292e74d0245238,476129561.6217434
f0ae62ce6eebc4d07415c48d,1180858540.9953825
969219d7b193ac92e7a008ec,514504816.65594673
651d6af0968fc05584cb3d25,526559223.23054
4f992c2a0526c0074bbcd875,453698221.06199175
9536c686b6ec514d92493f9b,852829741.5074365
5384587ecbf956275d86e60a,412880977.9803873
bab5690da7c42909464cb9a2,463771459.3798824
bc91072d808fe7b43e972f42,399290930.7217053
37cf2c5c1c6fb6e601d2f76e,404546366.8672216
4cdaece5d1dd4e089a99f47b,466475239.5743582
b37af80bba5adc197cb51649,592000504.2243419
552152b60bdc1ca16d2dbb71,848142945.6947464
32354bff9df0267a5e139156,546565080.06077
fe4a6d7d7ed28b85c5816fa2,1076806387.0728347
afbc7773755043a40a7f9d6f,415304969.0343518
daf2efda70c6f3cd9257d0dc,413000847.8292838
66fa7c9e82a2876216b14b1e,696993564.3039056
e34517b1563d829104e230b4,360826178.4651532
222a35842b0bc09f48e1d0cf,428566205.36127955
c5a64fe5ed5901734d98a22b,418088716.7741956
05db9fc492801eac98f69c7e,360705590.3218846
6e4ce81e713a571601d861a2,480599216.54706854
79fe5105ed7a7861d3c0187c,395303704.7144842
70ea911907d320da1f7f9c41,547417339.2501076
e60024d6e0b5aa52e27a3b5a,392823771.47491044
bb63f086543cde77832bd4ed,392823771.47491044
b3c2187fa96006fecc6b8ba0,382444635.87592775
9499edd83df77bd6a90560c8,382444635.87592775
a947158782fe2832cea53040,506666785.0503436
2e1608b8c646a102e27df16b,470131969.6250645
77fbf1f0c35c1025ea4803e3,523108565.4018931
f9e6a759b069e04b0cbf0182,608652121.8031167
1e158f436f2a4caedd1563a2,714089582.7653435
67af004f80b08fae38f472eb,434529883.45383835
386ee01c3f7bd8bdb91181ad,1088060695.3895733
36ffb5566bc35fbce9e42679,471734053.54311657
b58533a6850620b0960db713,471705771.7925179
41353584f956b9e316c6c67d,550257946.3168795
b1d1bc7ea83d5c584988b95c,453817218.0586649
6b1c0866e6f12f7fa8de94b2,579784094.1868995
fa4fd8380dd2620c672facc5,673730339.074498
44394e66504a4d77587ee105,906329964.0081908
d841d6a82425710e36460f64,492728662.9877289
33501f96ba3b02da073d586d,470921598.2817506
831693b6fb81df1359e45db7,616890961.5810938
7192b9d32e4ad55f6af9e241,685461030.3444861
4f99b97100d003ba3a2ecd46,514148271.4916683
83d969bfc020aea27d2b829b,712844455.1093699
39be6f994f2cd3d68b51126c,772129015.9582092
712f16cf2506710d7f2a2e8d,879184948.6583089
7ba618fdb1fe8694eaecb64f,702481489.6787263
d8735967c942d1a7b0cff7c6,735031886.5567875
b4ef40e00d089a35d750888a,1142019738.9372647
7d73a548c2a29ef2d9655e1d,573152618.9065195
63131b8d125073c7dfec72f2,952674434.567377
a65655a4f42564ac48bdffa4,706933969.6583581
033d3f8ff56907db4c453700,595912320.7263105
05e8878bcb68d03e3b656eb3,1127996997.0665781
2ff0775d2c131d19804f2a2e,805924970.774852
9957ccd807718945178bb847,1127220210.0083578
7bcfd82ced5d6f1ae390d388,406604145.12148076
adcc03f332b427be46f118a5,991420843.6962143
b5dd038cf35169bfd0e62eb7,923386137.976834
35b789e1d63f8f25980d21a1,1260431354.6786308
c9a215f284e095850c809425,877764446.6334486
d26efb0e1213e19c378edfbd,1102692871.346057
9990217fa4eae1d1c4ed051a,1254598470.132584
2e9390c4423db604e1c7c4ec,550561195.665027
6faf9b6c30b176e36f2f1d32,842039847.4621457
5b83d91f4d6364d3e4be1428,740415444.6727275
0d9616f0ac8b0c2e9e0a97a3,541044652.0199528
9c9fd309cfb505b628f84fab,1077475994.6605494
98b77fc0888335702d082f8b,1112796015.743084
051d68945b95562009d4029c,1112796015.743084
eb8021804e63016fd934c9b2,826574269.5126776
ed6c8c45bc8c1d160cf0d0eb,947564251.5274264
9fc8c3523883947769b2fe6c,975440439.963938
3e9cdf767389ee551b5349a3,454141305.28727394
512effa47a1c7a5420bdcd6e,392725814.7709306
0768e70fbda0e09b88c1548a,463006828.6263826
acfa7a1cb136e4474b7efe32,843886554.1762189
a343e6ec6eadb287711d3834,706682839.9521518
a698d80ede6cf6243fd9ed99,1124529620.4249952
fa5c81237a94f2f78f05977d,839289518.561628
999c8da7dbed7412dcbafb70,827313470.9960908
c33613eff66948d1bb8ea3bc,855942589.1083088
a642351076b7706a733dc52f,661243381.852671
c69e08214cb1fbc09ced0971,374915444.90516144
48a20e676a060954308c9ecf,402252987.1707188
304ce5835e685778b1c2b6a1,702446458.115186
c859144477dcaacbc1654a8c,765144122.7015325
98865eb2f40b8a30893cd351,511540828.9429835
68dd15c8e9b71171348ea24b,1306505661.997537
3c660885ddd7e98ba5ea26a1,1349685260.1047769
c670315562766401f92913d0,473898049.9925338
777a8d05edda0a335d89e90d,725157496.9412149
81f5c32a2c2d3b32329a645b,648595139.0157408
40525fc425906c9485f1ddfc,394916792.74708545
8b6efcdb553f6e936bd90f3e,618439106.9165616
94dc108f1d146641b221cb81,490948136.2681777
1034ee7a5160fecdb5e8c27c,587981977.050803
48b34600046c903f0ae4e6d1,1154137560.119608
edca31377b4f7299f8b45187,1430616317.1574297
b1586cdf68f36926c3bf72a2,412263583.25692075
70b15c2a38c404e62ad05171,361777644.5185263
ce18358366157fa869bf3833,420950745.8326046
6883fb90099426e6f3922909,390659029.17897725
1b7151cf29b565b2f1caa559,398749618.98262256
f2ec3a3598c99bb8c38cd680,410399595.03295624
38026eb43ff9876cd5767ac3,381555211.1363972
9f68ff98e302ab06df4fc672,421749537.3308952
2d2ee255ed2144b9fa1fcc39,732334172.2816839
029224b78e8f358aa9c38e94,461137503.49946046
88da5851280dbe750968c565,773576311.6806828
1c67456195075a051513b28c,506116755.2327006
9741ff1b895a038c32205784,655679887.4059365
75fdbee42ec89d428143066c,409979099.97016275
9f27627b9e439fce085cb01c,946017265.626014
a4a4a57cf20ad739291aafcb,913465961.409397
84a074517742e09a7eb6f320,559152895.3028817
28fd0437736c1b17c7ea1f33,782964752.156598
beadf1de0732143f0699895d,702297983.8654311
b027f75411dce9c742c5d0f1,837229928.5234379
182077fd9c5142d503309490,862737394.0875884
b1df92683a593edc3f2b45ad,541352071.783141
38cbcd7f88c1520fa083af9a,818887413.210075
8ab5eda5b66a6c2becffad29,794531849.4899001
e68ceeb098f60054c19fda0e,993159261.5672194
e6ac4d158437142c15bbd4d9,1175984711.0376997
a448d8246781ae78dae61619,713237435.1136258
4e878e99ad2fc34400381c3d,855149916.9193432
beaa09cb49a98e8025fd7e8a,561842523.0437306
3df855d8893dbc62eabd95c6,635417496.5046972
cbfc3ca911ca23517da8c2d0,1173943449.7977552
a020e479dc5db78794a5fa77,1252768136.3373652
6247fb0e5261d4225f6c9f1e,706913887.2628027
93822a34ec8dcf104e7f49c4,709036937.8864782
17d311554f40ae8b40234c31,699550845.2872233
762e044ce9371d7b8c7acb6f,835754835.6429083
2fad468e1c248f40ee3586ad,1105473046.6004403
fc25df25f4151a16cf0c90f8,1275890583.4400525
39c1613acc0ba4fe622c1f31,937081361.6866741
2c15a0733cdb932ba8f2225f,1027317473.3292217
1db68ed64501f35c51d74c5c,1197052300.2162292
1d968cecf268a7f14def1af7,1160270696.5535197
77c886207faa6965238b152c,391269436.34710795
86242b25bcb2dd775d25191a,472285964.765578
a8b457cf82926e25cd862af1,703573655.599694
fec1212eae4e6369d5555d8c,864213771.7679914
8f59ec48e38092ab01c23e33,1071638666.2819682
490b89e972abd7e64b5ba6c2,887804577.3295343
f8f217756d32f31faa784c2f,997613037.1878766
1c2ec62e8ebba12c6146a04c,1097326561.4617097
2afa1699af46ad8124f76e4e,729121667.6862044
8c1695c9a31de0f956e4ccdc,523272884.5209016
d88bba495701ae7a44eecc64,1196155431.540203
00571815d5a7f208eb3e7737,1341278060.7990255
d626a635ee75c23aee2fb327,1292390106.8228974
7e3937cfe43dc906983fd321,963310302.4127904
ddd8906ea4a22b782c7888bd,1078817977.5869174
258abe0fc321f6b24d37ad86,429737842.11700827
f637a4885488bbd499199148,1036103117.4217019
97f5e6ee143998e0b3fc97c0,661673351.7136967
be4b96920e3aa5c57baa13b3,404955508.68489075
6e7f3a0cb6246f13656fc95c,1131623624.120266
0cdcd8cd52bd1967dab88a5f,434459745.5035874
83da19e7fbbca11083090574,412866763.7729024
f0cb484eb3f6e04b5b1806ab,699988898.9247491
fbf8b0f1159e89428778c847,385995281.53198236
7c316b981173919b6cae5516,643234506.428159
d6496a3215daad9089fcd5c6,974743405.7238586
e104567c1cc70000692f502c,1005761578.485811
c4476befe0002dcd0c315993,463993331.5488892
3008e821640b33a8d70beec9,470844543.72748166
9eaaf577807d86ab64fb14ae,363643143.55503386
9db120a76af04028d2f0ce68,391572669.70833755
81e1f8b1c0e3b15f2ebfd84a,435836084.2990289
9943a2530009f62cab6b466f,495907982.57102203
a8052c48a500926214eb2e1e,465848943.6867974
3335313b9060ff29782906b6,579762247.2729918
cb93bf58a01eb262cb003061,795417170.9430082
0e04f84529d92f2832ef986f,502818893.7431404
807d7f5155bd299afbb6491f,626603160.1436787
76558d67def95bc708039f05,1135450172.7308047
bb19983466b1a1184ee7ea1c,735277047.7463377
34067d9b2b4e45be1e5cfa32,615520950.3783059
1c4fab7d9cf798617fa90a19,475125456.20908946
b4d610e0ecfe007c133a5ea4,391468710.00881857
ffbedc0873b99654d10188a3,361369229.4341183
ac413fd87de33153899a1d04,495175116.0309675
83349bba5fbddbfa2db5078a,688884259.3712733
0a759932f763df64a463ac18,568207601.0672688
fd9ebf37acdbb0e4bffd2fb3,570168300.2016356
f725f6ebcc3fdeed22bee385,438400752.4836741
ceee9fd6e692196b960443d8,570168300.2016356
bc10eea54e4a1767881a2391,646788821.7962255
4ed5718470ffa3e5b5f40bae,590959241.159214
debd031585e9527fe00f116d,958878631.077458
23b5f2af5d39edd25db6a522,878775115.2668835
f51000446ab65417942e535d,744488561.1348549
e6ed64435c659f236cf213a8,492703306.1599343
b160d30961ddd3dac16184b8,740531690.7661995
0cad79296edb4b18582dd77c,925578368.5203334
7bbf8e16cc32dec423afa6b3,789305925.5954676
acf98212eb702c79f16bb058,704586542.4036058
1747dd033c2c2769974a06af,664377730.757339
d54e80ee72354c70cb84323a,664377730.757339
de901d3433ade456e9edcd79,664377730.757339
3fea10126c0c651f02de7167,664377730.757339
f823f6d95b4340e8e4dd0d57,664377730.757339
ff6fa86afbf9da2aa8eb7991,664377730.757339
a966f298e8d4d3d580a72d99,664377730.757339
5b0918cab84af6fa6c464037,727108385.3067385
bb1ece5366ebb2ef9d52708d,380612739.81309074
fa926bec03068764c8545d41,504047072.27219397
3bb987adb4ff573ef09b8c12,486992524.2608419
d7fb188814d4c118ccd83989,456981613.87662363
ba511b37b4bda08d191c68da,447556430.78839165
3c2f62f464aa5c48c470bff2,887336238.697116
3256c6c6f30aea9cc79b7283,1047201114.4293253
9844c3773f7a50c71f218e99,914948507.2755469
23229e392dbd8fd9d80637da,867634914.4051508
e0f47a028df2dbe9129cde7d,1206105509.5392025
a12f0f00148e564ef78838c5,1350598325.4543839
d3ace27450b980262ba9bf76,1570201926.144274
0668a4a4521c783a2d817413,923697308.654116
768f69f0241fe339b6f52fa2,1012576828.3561156
e78ef4d2b165a8e8781c258d,555083101.8204134
631ecfa47fe167bfaaa967e5,399327663.25145084
954e3065b1e8b31a68f6d4be,551028099.4699849
e81c5c1b820636f691e5c5cc,798450506.3865608
b4c779732e827ab2fec8e8eb,1121278046.8138125
b58208759ce1402501f68906,788316371.9826841
59805e5f4080246ac1d92b34,722552075.3733532
a3fd38336516b98117e328b7,1018927328.6306367
c0bf06891690188e17ceeb8a,492016908.1414062
efc8ccaeb09a5e1bb0bfe011,927603995.9768461
8e604d41e0cfe9c93ad536d8,1259423608.296954
f770b66579bf2b55a714c43a,830232319.8280747
4e01f07ee4b1241360de460e,1191483615.4565022
dba1be42bef913f35a95735b,810502656.8241448
d839ca90c5df85e5cab54ea1,825909664.6437176
ffaca67ff9f0d7cbd5bbd295,1195001602.4863331
6f17875bd3ecf00566dd5c1b,923013445.7408483
10d01825744060a7b777ee4e,651281067.3241549
185b333862e7420f25622efa,737770362.2697332
7f7141f5e1a7964ac6dc688e,1147963919.1657362
adae78b82caeb073d84f02ee,920144927.108016
4c0f9275581b5572635613a1,406415558.3209249
9d6810aa1035e91b72de6a26,479271200.7035234
069798704327652a899a189d,445568696.60968536
2f34de2546f13e8a9dee1edf,596135077.5847435
8147da5e5f53a163443e8506,641117288.1856676
6834b61ee23cf04daf4fb83e,1093964668.5979457
59cbc0e7dc6e6922feffab8f,1044081288.6612053
7cfe5c3f5cb1bf095eb2c503,802222335.2205782
d916219daa90cd2d99edc609,703852742.0042586
e78ad3483c5aa5a7a4310720,548030928.963173
d048fdc255a5a7f474d48c0a,1097610195.969781
b76a3fe6a49dcae6e6bf5815,754385721.627378
75fa60dfb737ad50073848f2,968632838.4047561
83c1d0e2b8826844416abd9b,486487783.92255414
8c02948b66db263420c20d3d,927591493.2651427
33ab442cf58cfaa33eefb6dd,369336218.3054242
d379dc03d78685ad14c647c0,456932433.90025276
5e36efb290bb265d81706bd4,625444410.7123688
db534a5f57e92d29b9e150cf,1070473758.9711268
5354a816a7da90e205448832,402978542.5971005
f0862f57dd6be5e7659c65ba,429504314.57191044
7d58eba13f418d890ef563da,667373673.1644454
c2fc3f04c3870e14b89d5fbb,964169348.6916744
15537000b6806ee84d4615bf,1106212026.4988296
e82508e88e3f62fc8e67dc16,914143194.3891761
86ee57ce617b2be312a9efd6,1035930386.3508731
6bcc29a0afc735bcf3621595,1006619211.6855856
d79e2addf7c11180be222103,1295076816.0431125
adeadac88e573824f08efa21,819570844.3918562
922c37e46fe9e75e73fc1f35,450604312.92742735
5d09f2d1cc5fec761ac4372d,913415222.7309295
8c5aa3c826f325a9a6c6f524,913415222.7309295
fd0c010fa0c4b84dc75ede86,1274958574.1637547
c23150d0aaaf932579561998,987176364.3088006
163405cd6248bc3e832dc93a,882224394.1376969
eed12d0c3e65e9989fc4f4bd,558485205.4120125
e6fd53315e92a55c6b67405f,400498747.4446658
7a3ec914a15b47726567af96,591465677.9571484
7f02f056d5eb4aff92b44659,455819483.2523199
2d5d9119602c228b333402a4,435643624.3738248
43fefda5a3b0781578d9f2d3,777272325.9364026
513211d9f07fd6645711ae31,340148220.39282763
c3e1e0d2618556de7df13403,518067599.07934713
b4a4d705930d9afe896dff17,489186188.3061958
e44b023e39910ed29f4dde2d,550191923.9313849
4e78d095988a92642a1bd18c,433826871.6465916
92507b623f039b4ef5be8870,728613268.4015751
e216fba4bffe753a527ecd4c,584731565.9310615
24a4199c17f9c56f0b3ed12f,672806445.0253353
6bbf09c3bbc3e3a000cd2afb,651346940.3806571
b3d45812baa819caa1400255,700693542.1362058
2688e4cd1fd441d1da455504,702713464.2229698
5dc1fd6ec7ec8c8af71e3b6b,950841428.3657438
f7b7e298ca8fb75e11e92999,619933059.6697124
05b71daf88eff5ae8cf5789d,460480644.42265016
e8a7ddb4e5d43d156692326c,1106111925.3666594
632820af2a0477aea5ccfa1e,686395830.2889756
43a3fbb8218e73b956ca50fe,1024467280.7351925
398c195aa41ace34a16b0d7b,1015038179.0439725
ef3887783a12f591198d6c27,643075913.8172306
e6653cc1c94306d4e56ba216,561624394.5387182
166c21ff83e97c6e74169d92,1340165157.554033
d0fccd2708fc7def00c72317,1248388924.56271
d66bd7e4bc7b51d23af57de2,1031343224.6909592
8b47b76193159a21c3580a3f,1299489164.3502164
448d159391c38e4ffcc405b4,521840424.8955927
9ce7fb3190866e6a02e01e26,439750854.3237097
c25f892c01420855f61c3dd9,542432350.1060313
2d5ccb12ebb6fc7d4ba462b0,573443162.064886
9eb4041ed9e159ec0d890de6,386319429.04339117
c342f6492f90ccf623e8e8cf,504595437.3160537
c3a78d9bb10165d9be188394,640564797.305822
1978d8fc2031af21e98a4e9e,778955573.960778
d6d581e852a025b61cffd6cc,917524514.887865
ea28f68a1d1d81d29b88531d,924127572.052334
a3cc0422a37512ae124013d8,704397254.3766292
073a3ae443f3333f0f526f7e,796877769.3242861
57238dca767ebf3a842c5f10,1290918833.1468747
113887ac25fbff9d30fe8d35,700039929.819965
fed1a50c562ffd7f30451adf,496060038.0522516
b1e9075645f4b374c7301346,781306769.2506636
6517c1efabdea4c1f93078b7,391160820.4317202
b966fa606a3b50d3ac7249f6,1355926125.4744964
e0ad3e9588636f454e9e484d,862018219.390191
d7ad46cde8eca723de6510d7,1283128224.005903
447f51e37fda773ab748814b,951794225.9571872
a6b992c9bf4eb32ab3d1df4e,451476156.75499433
3a9c7ec02f3e7e419669fee2,375870666.43605316
c908280d0461c3585af94d53,1201017383.0229309
b3616a055e722e3720cca48c,800271809.5073011
45a8f6d942533794501d775d,722181857.8891178
b6da1db3aa02debd11e26edc,709525125.5608317
6d12669907d7d80d0b458a93,698157167.4718275
5122b2e9638d3438434fc56b,1389978600.8880258
6367a127b452cfa27043f74f,845962362.9869658
fb3d29813052141c015669c2,446401240.7957381
5fb76f2095eb1a5cacc2524d,423608276.3173027
95632ec6578a204881694dc2,453681563.66604185
846b75324c0f3cbb027387c3,721942666.9056542
940dd8311f2b49d4ec212fde,907676440.8968041
bd0261ab68cf56950ccdced9,878191587.6690453
f79f0c23b5cb96b5d022582c,488561233.8433498
795cd68f9a5ef45902712524,702187797.8055277
d908973d90db91f772890c9e,384625258.1161146
d670be6c848b1e92abbf415d,401462317.63579243
87b940bd3dae37b9fdac5d4f,431376445.5624987
8a7ddcd0c452e7993bc5087b,418568131.2081734
8925e22f8511be30d50545cd,501439758.23934835
1342c307971094041c9c240b,924296679.6380241
385488342bff3d3587250c84,731199142.7781636
f8e25b7d7e93c45df1b3a4c5,1339243415.2293465
fa4f331f05b1488990a69ec8,1333275958.0555305
a71d187784b309d65cea0b14,1271436815.237269
0f44b84024412099f27439a7,769615061.784569
0ea1a5d32324d270cde1993a,624349487.5387303
b13cdf9314a34852e8db4221,816263338.1355875
75e0815e2ba7269a10d9786f,436962220.3759589
f42b6680baf774d27fdf1e48,549359695.6202991
5cde1a59393643d7ed4e909b,905085527.4541217
8736dfe0f1c6e2181b0ee31e,1084615007.963868
5859ec20de4a5036292ee947,1084217284.1735313
1eee0ff52c53f04307cc3216,852542355.3976314
b455979bc938acd34a580eac,622093529.6574727
6921133528bd6fa3675ce8de,828053007.8199638
3d266736d0307404a5804073,441602053.236546
f4f6e48b618064ced466c302,412776238.8769921
dcf606270a4612aafc5f9f29,472375456.129654
5e455623c380290e0a8e4e48,431093373.7881916
ac3c9d9357fbe72959817602,542383551.5490509
f48fb9d9c42b0ebee72cfcaa,425787397.1569
dc99f2871bc05ea7e8a97d72,628094464.0466105
b5cfd5eba0b6297cefd6d3d5,1215919202.3610299
0dd30227247f145bae82f96c,1236066995.1928544
9f347bf53e4ca4d264a45241,649625790.2019932
81406ce289219cdab015549d,1204029234.729726
a085fab6d9b9d8c24472cfb0,1389729868.1932917
1fce0e993a57a3e3873b8d7c,1367759552.8956113
af67d51867f382dcd9cf34b0,1253795460.3687286
432f082ac51bb0d39ce45b0c,1029660866.9893594
b6281efabdbff697d70925e6,1142444262.7999105
9215d29512b14aab6178da01,1420774580.6687567
6218a5d7267f02c576e5bf16,833378894.2369056
d66cca2c8e08c89af26e7622,938285250.6050239
ad3b4ae81c322a9f91381bea,604145378.4142332
3a40bebb521445fcd32cf033,880978515.6829606
c1ca38f941200a9d666aaedc,537703714.557618
a1da74ec074df16a1e8690b9,1124097692.1010573
502154647e351af240615b98,672178761.795689
b57cd3eb0290984f061e1053,747143344.6454359
4db632fdebc000c9e64a589b,879755401.4043567
e380184391898aaa2d3dc540,741455114.3792431
dca45f1c1a79ea5ebe639920,838101358.99462
961de1cc8601447b03682e1d,678603710.9296578
60a4f09c268e61fbbe423ff1,382729199.5442896
c3191b6b40191009ae9f4b7f,1237358761.9200497
478ac408d2a5c603aa23cbd5,967883060.0846704
ecdb747ee4a3ebf958252309,507981997.38845104
6c36e346957e336a33a7708d,867825562.8036005
09b18e3f3cabb7d5469a8d51,814172216.253974
f1a5856ba56e7b12cbb9459b,365324612.3916675
c378ef33f40f8be9263e517b,663655033.8745552
b45911f1875da543199e97b6,853407391.1539512
678c70903bcb6c90e3578d6f,1181027188.5823956
be22ce55ba31cbf7cd285e5b,610043890.2601582
2dc58e6aab9399e9677265a6,1321699563.7327213
dae55582e86b1f514a4ec3bc,845128363.6370432
c119f62348e418d9ada13362,870984123.3821732
33510511ff07dc7354cca7e8,586900915.154942
16b79a8af9d6376c73c2478e,1175240260.5011368
714f90489426e80933ef31b3,560609348.3610103
6c8e1cda487c9841c8d297d4,503251921.14502454
6d9c4bf994147d8892d27f27,1213272808.6850479
1b300634b71b898299c54671,988412798.965846
181caecd269e115cb5cfd75e,479146223.95615673
059516a91f938d2e8fbcca0b,701033751.0049392
c42ce8f9f62f7a315e028e3b,513216750.2569049
bc23e25cc246ced4731ce5f5,797177684.4124854
de44f54fd6b1b62f30956f5c,582751529.4926953
2ef897a38b95d7b769856e78,562193554.5566422
2280b5f7c47c3b36924b84a9,529553481.0217433
16ef7eaf29eab571e229e537,1244179872.0836926
48b1f800656bcae6a9e70802,519609760.5923681
b4aa025f8813a3f0b132b7e0,437629215.58021086
3c6092e8458ee81aed0db0a3,742515138.3773806
d919dc64995903c9120eb61a,821276254.8746836
ef53741b01120666a08db213,1035789278.5476488
c3dc5ad23dc8cfce0671adde,1112993790.7571447
a270fe47ba30ef0056ec6c4c,378682079.32205
f550bc7ab5992a6fb48eb60a,1453395248.1899397
28f980b3c741866e0db5b761,753378461.0705346
c2ebd39857dbbacb99e6cc96,812553115.3919777
bb9fa21902daecf876c0467f,918016049.6918453
fea142787b18327108ee8929,504625516.60607404
a1647603f732f97a99f5ec6e,1271547897.2952886
775f25d8144580541bf2746b,735347536.716309
527a8fb085995119f846a5d1,971709965.276043
8b69bb9fd7f0f19a248f5cf3,446869757.7734601
3b14b48188fdbb0917414039,510589684.8344817
02259637b8ef1311c69d3d90,1032283539.7155195
50eeed30ba674cb079689afb,433616462.5696467
5fc3634e1fcc96b9215a6cd9,1295527548.8274672
23cc24e23a1d74159ff78464,858500752.2393318
44551251fe345b31ed71aa5b,569062263.9869747
82ad984f02ccda30bd60da8c,895091586.1224385
5734cd4805f5c055d36ec645,985415731.3176498
fc7ecefb27bbb5c3e25e899f,385397638.04879564
5ecbd5b92092264f4e9101bd,589844300.1121558
83a8d9df3a535fd273b27c15,1120000319.101765
d76fadda8063e44483aa024e,777982944.6509632
a15bf12a6b8749ac8f9de19c,391901946.44295734
a3f32d81f4cd99dc85a16bcb,519545341.575079
4029115038a899d98dc93d3a,1273929606.6445227
2326bb628b4a571921eb7345,697292512.2286686
471d6fb8037049e1e4d120a7,920851002.9576887
b73945103f07da807f7a30dc,1363311359.0106099
d6f4479f9226e52c93d70eca,554305991.2155472
420b03095062d9571144a276,795482853.5398489
ac0185c8f724ddd40bc0d235,604620892.3053663
228280554ba149e60f81d639,1011460815.9716316
8a44e15417d8e520a99454b2,401450577.131781
8978ec4c5b2f02fbc1f57820,1035984552.8841894
2ab88dcecdb565b6412f5bfa,499187383.8520768
1dd6f560c804c4548561cae6,1317975148.1700556
90e94b7e392f84e01a5f1551,1308283063.330424
84aa7d1c2590f37f0fd6dca1,512660043.18133783
0821fde7debf7cc445434024,428663773.0005864
b9973b07c84b99dd1018050d,437067613.40027696
169013bdcc2ef214e0163ccb,668164872.0160679
3c8eaefb3f5dd8d4c9f5386c,765218435.3806634
42d91ed3f3615247f57ebecc,1043643928.6803751
a7f1397df30d6521c216e331,1312441195.1513386
f6c6ee12e338b1f9730b6e2c,492946797.78755546
8f4687b666256e136148c3d0,1255421331.4681761
925f83e20a153a1e094bc606,1149043676.3872063
cd270a11dd8257648d1f0444,846048074.468381
ab11db71265771ed4d9de64b,374190789.6528258
ec199e33b7557dd669fe1aa4,354734631.2062487
b47fe4670c6b065a9e1db429,455519662.6786224
918947d51e52e0caf692f22f,410766593.322096
070543b03770991d65cc337f,1074987820.473972
f45dfcffe189327cb0d303f2,527188102.17161727
d2e7484c81358d4c79f040b7,686551355.711804
73ff3a6b0cf4f7ffb244507b,1021937972.4202362
b0cdf05097df437354564bc8,397167350.0417315
33ea5de5e8f5c639a213414d,1127745734.3225672
c94056bc09a4bea0e853cc41,609808801.8806194
6d5a91ae44cad7849dc4e969,885455265.7469343
b52e0738dec9d2f119c75a9c,616977182.5611249
0e35349077490a01f25e2ddb,1049305020.1384696
9a5fdeb5f389590eb46e7aac,1428493530.909447
337c81be4cb14d494ca69db4,928752680.0696107
ff28f1a1ea72e21acb157f08,1246569730.515809
e83ef75473fefbf8d7e52302,449642119.5594984
6d3e508ff42615eb78862723,682688559.2258651
3b7ddf527979726fb8aa1683,387088044.2572441
7b08cade91e2be20656ee856,527210992.93391305
59cb7abb39785d5263a156c3,825751942.5587157
bc48ec7245297b4cb85dca1c,896714379.9037762
0f366a36001c0766521b9dce,874032161.3938888
6ea022e53741adac484c1798,965173176.5835388
aebd6304298f84e7d440c379,1330055078.3766975
c5b333e454ed6e93ad32d96d,873540530.7610538
bcd31d201096351079cf7ce4,576084394.4169426
46cf5b18fd7bac0d3332d70a,701099184.0318868
1dcff645d389e7b687a498f2,1013541532.3871678
cadbfbea1d03e6538af648e5,474472737.9092704
9dc0c6ef8389978be58daa59,1055198114.546168
fdc00f6ebd155e84a387878c,404732268.920307
99c1b39476ee8e2ebfff6ffc,849091759.163684
8930f231a5b9d8db14e9c656,785245095.1090987
2dee15f1b082bb986f8d9513,613191080.1517946
346c734ce163296a07526a35,755520923.0889052
6079fb3769f843e99b47988a,649225254.5491025
f5802200af1d28eb48466c1d,407360215.3610798
1f8068ab65469ba56a1f0c4a,407360215.3610798
1ee45a731b6f0242b6d2936d,649225254.5491025
56b7a6da82134b135fb7de2d,1069133047.4421252
340c4d762f830197fdaf0977,1039754084.7171319
1bdc0d441e63089737ac4c27,448022556.5525406
b3d82ceeac64b64142286375,503917867.24855953
947421747f33db213e6b1326,695875162.2758934
bfdbb7aef98d4855d459ac94,909899038.6348714
80e88d50c151d5534a57f61c,982801722.8504717
d0f6e19e92c03b40a5aae3fa,1454387387.4935174
6e2a3e49dd6434ed01eb5e71,986725216.0797001
89e2d612654b3c792311faf7,811170120.5493661
29425249fed4a74ada083dc5,401746632.14711636
fe0182e1795e2b87eef4bf41,527126730.802068
dc9cd30b760a1280e0318512,970342054.5159324
d22313a06e43b8ab8f6672fa,440406030.29276204
f91cc2e5edcbb704c293084a,1092219466.3694968
dae776f643e809387148900f,1215195878.2337615
e55634fce84f78466095e730,638810977.825702
a507a938532411f06c57ed8f,1060980608.7805628
30f3b383f2d5e4709c9304b1,1304684911.2480378
aaa43db51d1ddea564d1bd2e,520196676.6371263
b3e76a0a1fcacd0218c17908,452094076.33140445
e548ef7a5650696c0e968cf3,1121976789.3771515
939afc1f6250d528b0be8e3a,948221405.365648
405baee61afa4b08dc25e586,1087892007.4716003
0c4781c598c06d538c5fcdf7,819057563.5694383
fc321e2d9b4e954e80805be2,1140463502.8943326
dce18d258c352b7edc60c304,822557142.4390342
7b0a2bd964c04d01387d78de,1009483192.1478956
43fd6b5cb01d05c9b1db0e65,798131995.5064166
cf0152b0a5e886e8291ef4a8,954135834.2434344
d05030b0eb8931161855450b,789338139.1486357
281ea3a3fab48c028721ee1d,837097624.8740884
4fcba82455866a6931590dec,956021668.555338
ecc5e3781d5e004ceef8cf76,585784220.0647366
409cb370961c60bacbdf7416,343944887.46929914
54445913b2dc2d6ba35abc66,616991400.9424506
51a8c190ffb673d4fc27f4e1,1207985871.730502
80e7c6b194b3229e3e2b9aae,735412285.3124332
bbfc9b05caa647bd95b3c88f,558345126.1678455
128cb9247755abf5f2801431,483433651.70791584
ac180e846fda5cd7f1123f6d,1045140025.4541576
1e7173670334937dc61243a1,1155428222.0346704
c2555955d5175b31e5f783ac,865042904.8868736
d87bbd60fdb8b84a9fe23ba7,724813373.7254251
825012911321d636425cd0bb,1293672159.5535328
54561e6ed5570577ea97eeeb,1057653555.8127569
3a2a2df4f07902b04b809125,820555166.0422002
ea7e3ba584cc5ee45ff8ba7b,1138576309.0072172
25093735f186b70beb018317,984870430.2942592
7fe1adc0a5873cbba4b021d1,1098323138.8805041
461749398bbd48d69b444d7b,469483397.01129323
eb8f668912b70fd554c8c723,712722946.1116217
e2f00293305c464b361b6178,483652430.7881472
02a0a38b45e1b196165b0098,644161293.3807751
0e6dc789744b678028e74d56,448648632.99983895
58954e79191c62ceb1ead100,1048778129.2836708
23aa0804aabdc61650b8562a,1000932798.1140279
ef64565957b5278185b2429e,549622734.8084615
253725ec3d7939088faf71b7,656224487.4254943
a9683df184aa8b4ad5d0cc5a,921565725.2904183
3c38153bc36b364b92548965,737803107.0352788
286cdf6dfcd95ee9edf73a93,371593419.4331659
df93a6e36d9f19e252fa9de3,685884255.8084402
586fde402c82c1eb5a74d634,464403922.6325547
5fd3b0299c0d52e48195fbdc,463729206.7924933
06d33fff99a62c330ef2d585,497655989.5957729
df98fd10dd8ae59956994521,487263714.98909926
361715cb422c5fcd9125d5e6,472658482.8985673
af68665ae8711d009e8810ff,781929437.5906593
63f3295df28c02953241e2a0,769601492.9825301
62d338c26b44153bb075b234,1180960788.641029
41a269c661f20e443a7a25f6,876030580.8971167
c5a8695b7aeba06e46266959,724570758.1956731
17e5796a30da5eaf310d02b4,517179841.82910466
69acab4a6f82ae943850b9ae,633002019.6072366
5fc3ffb33090bf75a81aad8b,745861136.9284154
02d89daa77bb313328fe0c4e,404040851.47493887
6ad1fb94accb91bbc30449c4,656767935.6426362
a1cd215fa99b8776818d0b0b,425706731.24806887
0553a3aa7d961ada6dfcd52d,579998367.855042
c6ecbe7b57db2db74b0d788f,974400882.6383253
a4b23fbdbc7bbd45c5ebf80e,1149610200.5122025
3bb15c6313ee70bf4d88f4e0,688817797.9356163
e05c52c9c8fcb792ace06b61,574623785.103298
5fc77edb0e5bec0ed8e72a60,1254290849.5795302
85e15a0a63ffe482c68ec474,1447243426.9248347
859025f2f41efa521a74a00c,497245922.9403284
1672a21e6b2d8d0525df1759,433387994.53004414
7d4097722aad95158c51d24a,683315083.5368779
174fa597347f2b1d3e9016e3,633907970.799669
3f081fb77ad08f8370569bf9,509679695.814658
74cea4c9dc0e00dbbcff8b1d,1341751681.8493352
4f5de1bc90694fedd216ef40,1533274013.0070581
8fa4be9ac1ef719dda1f96bf,382387708.8131067
3db3b80a902c10004cd3a3d5,1452074925.4741318
bf02fad806fde4e3575e75c7,757276610.9576554
edd2afd07fa1305fc3126078,456997519.74183017
bd5d2030639ef16370cca032,877380568.0429149
87e74ed42a2c8c97f7bdd239,1112005082.528776
d1c6037d0750bcfe47d425a5,490526994.0674902
763c9a528d0f99f34e5b0031,432482610.5551965
8b674605311d296990ec72e7,478480615.26270455
d7cc3d199e538258fcc83f75,443938518.65066594
ec6ffe86e9ece6fc03556ea5,577691840.2130934
9762ecd72557ad6728274e1d,646133524.2024992
49a2d111903c77053d44573f,596165813.44919
d06ab7503c6deaf9cd405f66,1439998741.1348982
23e7dd821ec2601ee2c6e353,1497512573.5704908
81519727c7ad9f60d2c5f224,1058840419.5487332
a4a5b6a844c14b4eca92dc49,1442074658.0836756
7e647c5e0a7d95ce87cfc8fd,1014986267.7943233
7a1bca1ed03e7cd0e277fb95,444125775.5998754
03eb8da7205428e61bfb2845,485452796.4510822
82780776619be0eade3d72ef,446265487.3689327
4c03afca943c3f2484b8db6f,435231060.85013884
85d731901b48348f57932240,824802769.7431319
739de8928aab4ec77a1ecb0b,726564824.025036
7f45d3809b08bb32a45139f8,628698053.1745116
cd14f8aa1613d754221c4735,566099596.6781833
537a9a2dd0ace0d0131722a1,867860167.5237448
2d4a781f969a4fa2a4f04a7a,1021821886.7993671
e3676f99542f27c9037fca29,889027947.393767
bb33aa4f1a7732fc8ef19039,380108808.1136173
9f11661702873852a3d65ed6,365717716.17604995
d7f22a4e6daa572583e02640,388667537.4599319
f6ce37c42fad91fce47758aa,406993966.6786559
f57cab248d2d832725d78135,487929983.7023864
9d73758bf7569cab4837e49c,778296869.1816783
322bad590ae06fb48f80c533,434096465.8705914
5a7b67d4c79ecd83b7ab66e9,1124649879.1733587
8dfd846e6df9a040ae1188b7,421691709.4687324
44a587fc89d6b6489157ff49,1490200346.0998614
f9ce5b7edb104d4e8407a344,645717529.2070439
73786d11f1fa714aaa9f1f90,728463466.6082612
cc72295ef156cb2d60d6b10f,1291829787.0694377
c9851396352bfeb05fbd7580,1319219553.3444307
b3561144c745ae3d329dfe1e,517534675.46240854
7ccaf332cf87e07b38b340d9,1067066486.6282794
d63fe229354bef8b02b4a934,743167785.2496995
2e0a8235637e98dfea862909,873405692.2233375
0a1b14f320e330b405b27a6b,1186460100.6199565
db41266d7b500a6daead96cc,386080667.252673
364b8b8759e3c408c4005021,577345344.8368182
73bcd7efb7a25587bb1c31ff,712917019.4177047
17060f24d81fe2661c7628c9,1081943484.8142626
98318f22c00ab335d8aa23c0,790878961.87054
c926feb307c493aea729001d,399032441.2945388
58d92e8a26589e37b7123716,533797905.24979407
54d11dce9374378326f7ac62,460114595.7305891
8e79eebcff019c3362a76a26,978267205.7475191
02cb957c3db9ded3691a9004,723717718.2988586
561689dc0f267cc5011ede3a,1247120951.8391762
1533da89d388196f19e2c5a3,971993247.2982125
069ddc5d1f3c855e6498ac50,358466957.15212274
d3aee2a35856634eb710efa9,777022755.8107709
4bad966abb5e8c4121ec69fc,658078926.2260826
f059e39d22124eb9e7e8e20c,956975300.1511049
3360f48c1ec30dd1c3175101,491452321.00144655
2218c6bddc994984cdc6e567,464854128.3568297
c2a9b4b389ae6f20140e21eb,1199107060.4930875
d135cfa351ed6abe4ec2033b,649729000.7439533
668e5bdda1f4011578534f54,1297734668.9032993
d2aa3386ae240d7387424e07,453468788.97124654
e4f2ec7e2f4389c1efa52c0f,562007634.018311
d4f90a6b73b1e179d3f8eb70,419806063.011055
5738bc8873b341bf92ece0db,519982714.13881385
2906d21b1d96a1ec43bab50b,817154460.2719891
4e1bfbbd8689a95fc97fabdd,591398211.392288
78410b0193dc989de2d24da3,982565408.0083961
fd7f194d9929a6f28ea57cf4,440552485.8643306
5e7ac1ffc0886c27471d1a54,868308139.3823711
879d9e3b4ef9063de41ddaed,484327115.0491212
4bf620c6c6d4c916bea70e81,840842118.7447766
573bf87f57db6e037aeb94b1,866725264.1502516
3ff7b739ce65f0b3066806ba,946283809.6799549
a456f85bbae3f189ff424e8f,674945520.2460496
6683685692e955a8ff172c89,722625854.7097557
82e1ae440b386c7da3a580be,1078027811.9352033
efd178c4aaf3fc9d05b8dbdb,485822737.31704694
55ea155410b001104518e992,480592136.1297996
32a10e550bf7095627d17da3,583298581.7420309
823124264778e5ed64d8664d,689283368.8437916
fb01d990afd25ef96ed048da,1196944265.6816275
df22426db407f4c660681c7f,652660917.687365
44fab96fa2ea501e0b94548d,1206488995.891245
871204bd1b3505acfa632954,1248366253.4001245
3d63320260d150d134fe8648,822082012.7955072
b8b9b90d5721a9ed5e72b328,363750378.1012601
926d12cfe05643554837664c,402227499.623975
cfba6db03f0e38d1aa0802a7,515790815.60610586
97b12012ece8a740944aa547,775493471.3008517
8de317591cefdbc375a41483,628343205.7628728
46d34fc9a8edcc199a537b30,1205290658.6043713
262e3b4091dfa6b71af020ea,940279334.3028853
396761edaa353e0828949bbb,445351243.8550106
8c18d3417886c150136a03ba,419293529.6426
f053d3918234bad409410755,717776257.8329582
8f5444b81998e52ad76b3ddc,673856637.2931017
0daf89cf494e0f40a94d3e5c,979282003.8643317
dd8c289ec872be3fe3352313,737560226.8854284
f02f6c5b97b8e3cc5d5a74dd,773471649.477624
5f39cf56c4e1bd43f61ecde4,775743776.695793
5e187b07578d582ff3d8e189,752629874.7722133
bd018b302f732baecd085ff0,942620243.7611449
674cccf4c7772d6091166aae,1098766572.3334675
38e84c560b0455548ce186e4,1029049923.4710623
d14173913bf5ed21e3ab50fb,839267005.9813828
cb8844cf2070d8697bcccf27,397273286.01388264
6b44648a905e7f4c0de6c855,603412157.8132669
148aedc984c7f6831c7f9601,536310914.4203373
ff9d1cf7bd90c5e47a0bba3f,425357904.9040135
9353136b0c791bec58f93ad2,490779828.838492
de2137c70bacfd5087bc5c68,765660179.617386
12bf6b9badebc2902cc11c62,422739921.7910169
c0706c78d5d98202dc24e46b,1255940903.8875313
4394a27b21889bf78927ddf8,432133360.93392825
0ebbe9d3831727f90d677ed0,1393896488.269467
caec584b5b6998684bbc6a70,646576948.8636461
0c302f1c924f8efe0b6bb58e,780306734.1119549
e056ada7a37336bbe878f38b,760089610.3965715
905cea21c0ce1cae97fe86ab,1087134598.8116722
e286b12e5aa7929334322842,611677637.8203857
6cd4e68300a8bafb9d22700d,957563950.8770232
39124b1ec419566a371af8d4,792166763.7152859
6110b5bf07cf38c437c7ca8a,1267953030.5728052
6f8a22e4dd21f44bc6d383af,1536868790.0917206
71eebcb108c4828b8bd5b84a,704930327.200254
5d61946d53efdd9bd0af140b,820246041.9746859
c0620585c12f3d9f1298696f,385791186.8940401
d27283e3c941f8fc256c3f4f,560124628.7525607
2acc857ede19953734600dcd,397017649.4844614
32474481a0f8af34a4edfec9,404012886.6797182
6720db016112cd2a4a5e0358,693255093.1019217
959d0cba47f650933b9a5168,1233156412.051647
32d2c5f1707b00c93407a19a,416300517.9346082
0ffdec8eb5272d9fe4775251,515289620.4859229
c77d7a08d5b9abd4d3082fb5,468278931.4586045
a3021c7c465dfdd38cda9f9c,825367813.1795505
aa24974831a0c608635bbcea,632000734.8455987
eeca3f5c399785a1cf15b1c6,758006483.437218
0b51fb3a65a86d7799f27264,411483610.75250226
1af16b7f14dc04f05edf71ea,516720627.719761
e0d7e4dffa0f3dbc40c7da53,619993246.1147791
cfeb42023e2737491b3e4283,992165167.9633368
dd4e23681e00fa1cb9a679a1,493014113.5910517
153c89081fd85dcc66a02421,841406226.9100707
f25b2ce0d988bf5490fd780a,396727698.78577656
8700c9b62ff5a5c3394b0bd8,522326455.1140966
a53b105919c7b46c0cc1b003,543105791.0305175
1c835128915211131bc561ab,425171971.6474239
a0c6e0c6fe41e32b3bcb2b26,922918475.4059348
4eff2f2297ce85a0a3964d2c,830094733.2321314
57062f248424c47282d3da30,641186877.289498
99e860bbf3033ee4654d393b,655857671.4687244
db8912c5c5e5e49431b2c85c,651475952.7298927
3151daf55106dd159f27a8b6,494774418.6146726
3e8a4318d93b1fed4c48f48d,1373759091.733116
4c8ca73cb51a58933de61f0b,711891831.3279684
925754da6fea9c9cdc06e18e,762888082.7515817
05119815bd72ced29391ba87,903608769.8519032
aae7cca10bd7f041c8e02d23,694828374.9807148
4890edc33a555cbbac71795c,839646604.0710064
902fbbf9f5037be8759775a7,1170455420.1587808
d013a0e910b1fe2e3913af7a,671743379.3916309
9c38b9798313a3091d13b340,1218419723.0957844
f04d3ee8b175c8f2f30f4f39,1211585774.7988698
f0f883c45e8470e74280e8ca,1085442511.0529733
af820361d5f20198bacf839c,651468542.0689719
01636da0aa2bc223af023a13,641667225.5739996
cdef6e87c007bcd9b4efa9fa,1377672302.1776376
1d45332e2f04df18cdac590c,463319535.9412754
db3dae76fed5fdbed29862fe,489795565.35070646
f36a379e0149d4800e793001,625549352.0060829
30d2ac3ecb8150e4d4339d1a,1220788618.9992745
7f78955c480d050f2c8ae3c9,739801036.9901931
cb1dcee1f4ede0877be1ad15,937235447.3459008
a32d2c51f2bd5f23bb519d12,1109927465.5879276
bcac2a4cacf13a91805557c1,518758953.5088489
a21afcc258e50a538dfd43ed,378172550.89751744
7202b83b651382e2630359c3,448765230.04812175
77d6855eb6a30d268e49eb1a,496090176.14083874
204ddf6ba4822d55ba80f713,428525324.89944035
e0587d29cb717f725e991ef3,917434041.2361457
c606665f3a3f70ef61fa5cf0,1134143349.1593616
44412a9e16b2824c4a520a72,671462475.2054707
313abf19d78b719cce4b3188,739655141.8456963
99ad7b36c3c916393e951507,718976064.3829334
c34c2aabac06323fa180b24b,434265798.42691875
37f39916813a58b844e17833,932825659.0012356
6ab7f97fb9880e48fab16a1a,581654536.4250407
0e6c74a0056ee94b10bfa86a,519447207.960714
7fdbc3fed9c9607e6d01e958,701701851.7964944
01018b9796a105be650ec802,1108942683.2826047
16ede6f8833a93677d05a131,466094486.4241186
0a53b0b7c365879a6d2cce39,987077963.4593298
a293de027279019418c070b5,389286889.21934277
973ab56a202e039f5ef37353,493232991.0547246
3e18c851788fa8724ca8b7cb,496091201.85797226
0a4b0a004c894654663bdcdb,1000289400.964382
55d4b530b881abfce2d03e56,1141518286.0512202
405bc08707001684d19f6edd,753910613.3104964
dffa1057472b06bfc0fa7a66,1281173142.0837314
d061615fcc6355d79665f9a6,753614111.0362371
6cd96d73fc58b1502bc6ead8,834830453.3500971
db78a3ce9c6f6a7f4ecc6853,561488658.1263472
1498ce1c1bbe2e89b84a4a45,1022616051.2596965
3035d7ea4b71d204b588dccf,707778406.2748543
2b8e9560dd58d880dbe77c61,966304036.0353123
e8948741a987cbb3759b7a44,918327976.5557786
20718780218eac9668776956,786821239.2794925
c0a9e3f5c57cfbb4aa9b2357,981217077.8903519
5e9e9339fe1c3a06470cf7c6,574425962.1760762
f852e0f3fb8563ea6918164f,1499378381.7529182
e38b4072ff8b856487864f31,1175821654.1041596
8cfa1121fc87d9483ec63611,919681148.1528541
1a805101f78cbb783e6f919d,471332365.28296375
98502628de3c4fd3905000a7,517708321.47514534
ff7ebaf86962fd0ab6ff41f3,456444374.4722434
69442123283ab024a911506e,1277784130.18548
ce6e91b53465250effacca98,1173679075.847345
5d42f42059617a5ca7ff3a32,591234685.7998855
01edceb6c5afc2af1e129e86,353054352.6393783
fdad0c86eb89fe93633c8571,369205996.163117
831725656d9df81b63c0ae38,645670226.1464068
d1f8eacef9bb4d300d086837,1428334145.350847
3b6d88f864f6c1759f957c73,1455187167.6011667
5a38f908d8d75c5810280e12,567343274.4185395
c7c835349181bd3f0d964eca,1477984331.7924206
edd4d560363f7575aee42d39,876211095.9315045
8f3924eb214f5194d21499b2,1056375958.9114071
466c542d7825d36d18a86486,879233809.8572448
0b71d334a6db66cf6f1a8eb1,920764981.404183
7a91cfb02df63e4396b15aeb,408381514.2283005
6140125d2a94efe499a6941d,437876529.62028474
080df3efe1fe81f97e74c4c9,386027282.7555723
e148c2b109eecef0175b3c5d,458726323.28526706
40aaf6665b489033ba0e55b5,1428720358.5469396
05498e49d0b875ae6aaddd83,420043104.5214511
397d0f6319465fd7fea6f710,1221534157.1303587
7e6d8c4742b38854d819696b,1238888053.4101584
9a8d13d56d677379ebf9a347,1237393517.513781
06bbc353bf62fda3b3786fd0,718235774.0925066
09fd7896d5445f422892b196,929831251.1884887
57c63e412f3fceedd3a7e698,707159086.3144536
32cb6246cd94f962f780a1fa,399554714.63539475
b0f9bfd521802b0d2586300b,806709648.7030028
2a99204f0a53c4a4d0a2393f,714364394.3739332
7651626df0e2e3119b801466,801856305.4722795
59e48259a076518d929f5db8,449550330.1031189
e7b721ed96269bb195906bae,382492082.98630893
61c3c304eb8a06b5a483efd9,896110921.813635
3c26b2954be250bfe239db68,366401469.16605663
0df87025a6351b435958ce95,1286613830.5109515
df82719238ea0e102c282c09,699893321.2462441
57c74f7b9bc5e33cc823439f,851747210.4719914
4195a9d13c0a526d7cc959f8,608657534.6866285
0d00fdc440d7612434a6b91f,793324470.0361584
0c91369119a06c40623afbb4,530973678.2908108
5a6b30b4d33e068d421bc2a1,896320364.6110393
f4beded3c5ed9fd6cd5177c0,795876968.6646345
95e561c7292d64305a2cf4f9,1194524813.5703368
67138978493b84ff42daad45,543419418.8046805
7da10de45c866c7d066d2586,503571279.4631045
3c3cc027fb179e91a46f11f4,523109847.4770123
df3ada98307fc85428022d00,544380453.7140055
e029c89d59f2caf4af4bd908,692193316.6624199
105d05ab3d5334b976e448e5,636662388.535476
253fe7aef58ea97fefef922a,592725766.0692751
43e11f10650837933261fa7e,582269773.6680927
b111b17ae1fc17e3491b7a5b,521203773.43138987
63e1ff737ea11ec607ecee08,1175494386.9805202
ae703276c49b6a6a9c39770f,1030059240.4672288
799bc0f95ef9a23fc16bb1d4,1459875560.014172
bb9fe73a8742dec9b2e79135,1339068145.0643497
a9b3d963a14c2c7435f30fbf,1232542046.2110584
7a48bc2c3f4aad08dc7fd5a8,367218354.8967171
7621f476bc8040270958de6e,743154352.32709
c49644baf8dc51d3f76d7e7c,752254963.6584316
8c107da7487ed0cd409f4daa,595027863.979988
1bc8874a13914055c2759a35,466524752.5840944
fcfd6f08490be39064aae41c,413759599.42703533
23178c72b063ecbaaa04b37a,640779985.0498811
10bf1c2d1124f6d8f8b9497b,781696769.5950639
c29b30cc5db2ffc273e4cb14,694813297.1771073
f7d11c2601959921f536f804,842906819.7622473
acbb07a2c7a0e39c0102b3a1,1161629847.3202868
844e127aa7802cdf75db074c,539694585.7873241
e2d88f49873bbcc5476f4ff5,681140597.3522367
42aa1e6f6b8220a63fe165b2,1293538838.1283123
ab1c43d6fc4f08e315e322d7,1136231617.9783819
9299c976b1afe4d2c0bf351e,925943461.8362665
cd62ad28163c8df131a8f2fb,844650015.6704491
e5e06913ec3c851340d7c91a,615951626.7158897
d9b46a34e48e04b5a3e026cc,519565720.9626908
782a6028457ec55d4fd5189e,716714624.9373364
11a905e4e01e7d15d35cbb82,628712872.2379967
3b3e423e248b23090a2897ee,492183806.64311284
5915093d458d4b6589e86f59,574082909.2392025
3d162a854aa05447e2cae0c0,928133487.5551721
662a3e343a7e207ecc09d6b7,551849117.1196631
289db1292d4ee40a1ed6e518,1073937803.321659
d43d2bda7b6e4d5177c0d032,705721226.2104297
b57ebf09cc691bcf009ef115,1312484672.0095038
21f5bac85d5eec57acf501ef,991161789.2762862
2fa288389b3031d595973793,689278639.3443779
c900d19cade1443983274ac4,1185546900.40511
67bd5b20df7f2a9cf4e04358,449460709.4150376
e111bda6d24089dac82907ad,379495240.2338249
7910ac9782a1a315f68799c4,826923831.3335598
ee786b818284cb382c755e9d,907905177.9764131
f9b0a27bd3619ae88ffe5455,606975545.7938377
ad1c32cf75ffbcfc842e3959,410400692.1392802
5648633b1f92de1ddaa7e7ab,547993423.4963884
1ba481abe0d3890c42884d97,449460709.4150376
ce60e2ce2a420052e67564d2,595705617.6451159
87e1b1170c163689d60bcd09,649332861.3626057
bb4c7900162be66534d17541,844520854.5174396
68340674853f0ea101e32b46,488006047.93663555
d10f89691119d4a4a2c1e650,1384799082.4277718
d414907e75a1c105ad2b74d1,381075147.73143214
c9b6d3bce20b7f528fff8123,544769933.424903
be1695a7b8d3dc68c9887abc,835207684.114442
debd60afab03fd1552719270,958826312.0760013
de060e07dfb0a5494c5550a3,468812797.4352619
3d6815fb68ce959cb95e225e,623683253.6767972
d93f6d8fe212ee3c0f7cca95,823398399.6592438
1ac702e7c265717b34419fe7,577211444.0839227
a157596804522e03efabce48,678769724.192113
069c529aaef7d7e0774c4a66,786080832.8315178
0669fb98aed75d79f8decb7f,680103640.4499826
7057326ac489bcc17d580883,730015287.2813629
e3d6fe5d97bf4fe851aee9d3,665213589.7015903
f80b20e0649dcf1c16003255,550478305.0916611
364256d0881131148655e006,809240285.1545839
0f9c26956bfe983c8c7fc227,1454124485.9652822
9756b47e9dd47f99dbb23115,865197364.716296
27d413eab7b562b984c5a682,1075787465.3036556
ad17072ff24e0fc0e61963b4,680903104.671599
473a59415b6214218a15e363,921996347.2852088
ef72df5586ad0cbe59e36e07,1061130556.1200527
9129b78a741bf5e24df5379d,633692599.7494073
964734d3430de94d22c927cc,581529451.4712865
530b25326f39c347a35a8caa,455459050.12729573
482f57e65a3f4c6792775a05,466454029.2921475
738e86beb569a7bf51fbe199,381823924.17833745
c5788cd5507c577b7b585ffa,394537178.5434199
be164f9025f346390b986668,466122258.5337606
ea2efa1a857332559120b823,498583594.7344022
f3dd24a17ea51b7a2b0f037e,669936001.6952888
7aa8d04246d3e84e5ac470bc,1015779448.5751591
6361330195fa7cdc6d5c603b,908924675.0494694
6820ee22d6fafc9c030cb286,1488467353.1531582
472601b5b5719855ae3528af,988657529.655469
3ce2c7f1ee7569e1b916cddc,585229610.4278936
afb03f7cea99023ecea7610a,414425668.2906623
404364fe956884368e2f8300,854767154.7347895
c658639b590415bc6ea44119,529406349.8605869
42f1a529f5ff3a6371dccea5,693579197.0844136
e2e4641b20d81a90033a536a,637660384.5975791
253b34c2c5ce15cbd8b5826d,745107565.8484015
86ff8f274b698e7757ced1af,867144997.6766742
c4aef1d92cf264c548ef1f2f,439356646.45231956
e8603da6012c2116a70176b7,1174954659.8091815
52b52aced4853a3e3d7fa058,457440836.9117845
7d9a9c3b4442efdb53c24448,621206056.1870062
a7bacd6f783756c9e7cdc068,462564890.48019093
68a00651ead62911f850cacd,483904033.8353581
1e7e26077db3bca2821a9b45,549622734.8084615
8aa21f48a83be25f924f85c7,681165890.7530103
48107a1dd2a3b027637f250a,737803107.0352788
6bbb24fd1b9df3df4e939fc3,623129691.6131359
aa45f8fda8801c3b4923f4b6,1000932798.1140279
ce164af02f76ab3a68b0f980,559613602.9428653
c32249c7c0819b1a29fd611b,560582222.4154924
f8d4ec209ad5fa5ba4a68e56,599422775.1055149
cc03087e0f18d59c521b6ce2,921565725.2904183
fa631a714774fc22ca15ec10,706572448.6724164
c310efec13e312442f7e1a01,747603060.0621587
534466a857d28dcc598e3a49,945636336.9543735
4a81bdc14b5bcc4c84f5ce4b,488570381.78495806
79ac12d8436c07b620190b9c,527805192.84908235
f69962045e9aea6b8200888c,456430026.39616776
9752758072e096fce6f7f4cf,458890944.4517337
56fc1855dc6375dee0506133,916319709.9214134
2fc19f73fb877ed8b88a5250,422016583.92957705
63a25d279fc5a9e8fc1dfae3,393499317.2371254
71978c139faf2a251db6ff5e,368535273.14205146
f4dc67569fd340be3dc592d5,626592642.0243803
0b829c23806ff01a0c84e9a9,719693053.4652293
a23ff4d1b2e24f537a75242e,713512126.4939291
3a103803cf9cf0451582d89f,471623353.06816703
eff8b3fe996b6d7db10b0263,596658825.2678475
9d53330b44c300e396cdb402,659137441.8704889
301b5da33d32c0632b16e8a8,921525224.4123313
357e653c4bea02df1b08c62a,881367642.0004675
9af17837ac2bbe7c8ba16e0f,440593298.503208
246576e24f66d495fe0d509b,819967529.1126374
cb70f4993947b640317a07b9,667874779.6095166
949292b23ece12b655122038,421267509.2253149
4bdff22689954e5b1e575d30,845168291.8504187
7c69d43fe2488db51e6c8da3,440315504.6139304
6f543782174a964402b64de4,819325529.5941828
a59e7f0e0596ea6633781335,688934072.5907266
767ae7de1818d645a33749e2,1037594052.3576392
e667133c29f90c8fbf30ede7,448138201.83109367
3fcacd1cf9770a2724a5fb01,744503822.0109136
601193433c99337fe806b158,605024638.4475015
42c282041583e6e2090b50f2,952167215.0771754
3bc80c56871193dd782696d3,607142174.4042331
bee9de3e2817bdd591c02897,580528652.5584813
0f761aab549e7f6bc025ab0f,1196510671.783801
3b9971f91bbe4b8dcc704ba0,1037517318.1663738
8f428b58a5189effe993ca4b,343857785.72530884
0af466463f2cf50d61315da4,911991858.0373212
1a486877c62f2aced41a2ca0,1197610257.2749968
c9fdc3f80534b32f1a75f530,906892407.1389911
97419310c7e696dc8ca61f7e,896766748.0056546
49d9cb2bcc98d69222b03165,988600714.345223
99fa9611d644cf325e20e603,1327466066.7458687
976d317efade1dd77ef3687c,440423038.11637384
b9bd63208716e4e0f2dedceb,456246932.0345531
834263730047f308d71d4d8c,612865776.0238116
d6bf8bfc752bf4580e99794f,963111648.9884889
58bc2b0acdb0702732894fa9,445105026.31589884
c3b8b774037044a2524913a6,553402472.9251007
eb339d562b72b3bf51073cc1,550524486.2114516
c8244d916b0110b1acbd38ac,875213035.4035469
65bb6acd9be0f8d95fbc722f,1003383997.6212689
5644b84ee2edcf7267b2189c,685737560.6130745
22eb737351bd0958d3e60efe,1006816935.5020568
0e2a5d040f6361adb9927388,703813472.0512521
be9f5ade682aa1fced79b068,605800536.7574323
8445e5cf42307960535a3b11,747905600.6737279
1b002164d34a71bd06e0445b,742943328.6069458
c80f897787541816ad63bc17,876798830.5099082
673c72783eb4f9a02c511b83,1106583731.914168
3b29177e99201cf4eaae612a,948444000.9946363
91c5967cc1acb3f108d6e0f1,491727394.6004337
334b5b9fc68a18387ae59ebf,439797140.8626054
c9d096d4353b8eb843e793d1,620619143.979305
92cade7b5347d1c00a48a1fc,1023202472.5745281
1d4bbb5b756033b4be28643a,977437910.9093171
e1eb183eb261b6de96e20a56,1293777871.6238637
7ea8da3b1481993b14bed9d4,424162763.7406131
78bb43910ad6ed105610d9dd,731058097.5071123
32c1f617f2b1f537ef703712,1091504181.5063086
a7e6d3c76bb5507e00ccb501,958394132.9011458
6c75d7867807d942c975079f,991549275.0235881
e9182661e36239f091259232,442760381.1755492
c926ee21c2bd9da7da193514,370041100.9496249
27bcae7ffb9f79b8f59fe1c3,422258196.7959575
6cda1a7622d5577c0056ba40,1037017141.6066777
67c945ee31cf1fa0a874e4a6,518341795.16265565
5a8638c17d14ec4f6d447b8c,499059556.4057497
82bef17c2a4db1f6dc6eaf01,693470829.043671
09dcdf0b8b37c1d537b9fcf8,544635829.8157347
2cc9f2411f98d0fd41511211,455308959.6148245
aa1eaa63043c5c29ab6a1323,800406230.4674416
35b03ab66c19ba2049ddb9a4,709592788.5270107
90470cdcdd2b813b39f28ab3,890380394.436127
ba187eee3858263fa664812a,480096753.4486978
c06a1d212fed896b6ee4e1c5,613197521.1804402
8a8c8f5aa68c4e530d62776d,657477415.201271
662a221bbbd961c285069c49,929081296.4705455
ee796b35e39c7beb6aee2b49,1124064579.7720609
53de17a986d62a44d7897200,615582278.4844712
68925fb9f8f0c84fa0ffa9fb,975209000.1919875
6a6d4f8251ff961609019ddf,402108057.4396716
3477646f548971044f8f0494,389019649.3445079
c82434222f4129168fa82e5b,592411846.5826538
4c00508300f40d74c79f2596,517738213.9647177
27bebaf73dff207d7f6829e2,651202019.1566963
d0ba7b90f6ba3392a165b46a,1413706470.73557
61974f593c799e5d5090c067,321069746.7387366
c08b016afc6a07105d7703a2,523325028.3846973
011c2017b63235bf0ed3f241,473255385.7205939
7f73a8e83d41ea252ad61197,558073188.0845357
0c25a552c34e114a1780739a,401963494.8393677
21e96ca8dbe2f12b55723335,704651305.0693774
30f6404e8034dbd513aa8a30,454139821.8610267
f2fce80439462bb9231d7fba,425324643.95123
40d5384e2e8f8fef2032928a,470461985.2382188
95f17e64d2222c904a7d42cc,631896642.2596918
59374f70d5e7da97e3b8b35f,1022141300.0283781
ba30cf03fbfb0e36e5d415bf,1436333889.7070854
c2424b4861f2ef50f8876c0c,642863470.8981446
e7def7d0999433ad6d3ea412,1379717197.971259
7f1a4e79fa92196101baa7eb,1202662771.288143
37e0fe114a3c7406daa57443,744181582.854012
897c0578bdc8d59843bcbe38,430529525.53780776
7e554b821e6955ab259a25f3,391088541.7610334
23b0d67dc2a0ae6e5ebc9eee,377671411.5935618
d43f045d046fbc8f5ecf465e,554512382.099019
498d632cf0868a8e641cecb2,383730155.0383801
6b9bba3c6afa1f999a9429bd,397057109.78764176
12db154d9d29cafa574ad387,374169021.812556
61779f1bec05260cf10a0d2b,554512382.099019
986defbe9082519824ebc882,1035229717.4224123
f72992cff50931d2e19b3ccd,631890800.8880891
0e2d6e5882fd3b4eeb9ef286,660351490.2395622
9702737c9e4ecb12d0f9ea5c,685426766.251314
c36cf907ee28017eb1b40674,489475101.7174695
a7ad9c8b5bae531abf68f8d0,631890800.8880891
6f3dd53b0935c9593a301bdc,639359258.378471
11f8f836e5626605ee4b41c6,1208137520.0987916
16fe92ffdb7e1aeefcde80f4,817406826.994105
c1eace64bd2c9f6bea289c4b,873350410.3137506
fc2ac43013ba8ab17da28041,1248923132.6821773
5e6b54654c98c2517c2e31d7,1236235515.8155553
f0e8b39d2e4644dade9d8954,828929546.151036
22796587bee45b8f64ee6e44,979109242.8474469
dc8c76f5b3977f90839918b0,670862647.236826
27663c0e271e26dfdbf4d289,651302752.4709567
2fc96ec5fb2c8dec0a5b09ab,1236235515.8155553
49d42ab711abd95fb5947c0d,901880753.9272028
b8984fe54819f5fcc43860fd,484442600.7544173
8d3f4ec0c37443eb3f953584,1102928295.050775
001dbdd202e9908ee42713a8,1058861147.7544068
fc5f41aad1b4bdcbd8298037,676712557.4678719
34926bd7f9880e277e75a447,980325064.3453227
00eb120ba4410ed8efa24a8e,793901582.866385
eb0c6a8231b38b2a1e1f789a,819506819.8307927
0f059b39ca45bbbcb996fa45,798338760.0955
06a5364639452a9d663a2dbc,487169914.3148039
cd19dcd4aff76caaa1cffe54,385235141.99741
7272c3521b7083038ff0a690,678906067.7898078
a480b654e1b8b7134091e613,1602658767.1804502
ba24834c9fb0e87c4ea7d1a0,1002066141.8023088
ac46e3eb688cb1cb17da2545,920710830.6487696
3053732169b2260529f90133,517868912.01240647
ab0c047373b5d1810fe42bd9,567094554.2600554
698383c101fb784f8e1b1ee6,465184766.7538728
1b09c89b546d0058cb09c1a9,1144595092.1304374
64edef308b6a9805f0846cbc,1236722240.115614
995a5799d9a1a7e4dfe4fe34,1418440853.2089152
d4f1fcd4c20dec55e977720a,1508542863.9423296
21264b5a73fd27b85a4e2654,556301199.0858551
d464858ed94a1a74948f479a,648917542.568902
dc420bf2dd1759b7f281cfa6,1538238141.8050258
0a268e25a5f3a0bfd8898a40,330338965.5504962
a3460f00d48816ef66e3acc3,551000524.4641476
9559637fc2bdf96defd2438d,871675133.4614974
421db6a58670e53f563eb9ad,622231725.2655592
7b6322fd5810990820167a23,435523042.0539761
17fbebdfe6bc0618ecdd247c,1084594460.6858914
00f2621035b1969d53f03fca,1033266458.208322
e97c998a6a0709605432ccb1,427059203.9861879
39e306be57a992bcc75e089a,371786372.9491179
55d0225b44a81e82eea3efcf,922426500.9441195
c7c5ee499c712082931032a4,1490787338.641804
f15f48d4cf4f85a3cd68dfa3,473061471.4997531
01db5867a69f8ea7849d69e8,1250873498.554369
7c29fc3861c9f074e3a89449,830170395.6671599
5ae2fec22f535ec2490174c5,345964433.9621537
a6731fb85da65ce14468341e,447736841.7729683
4e327acca2e033c3fb305c5d,660972729.175061
37b8e8a194e4f2fed7ddcd96,470024696.8239793
a8dc954142c54e570bccdca5,573889650.0898217
b427d767b071c3e5ac2a078c,375258402.56901914
a9407f510e67bdb27ad59b46,568929306.6631646
ba7120c89c8de0e57e30646d,519096714.3991863
4f5bc448658287ffb3d49b75,786786993.0787393
758d9f47824eb74d1b486024,1212580825.55183
84fb7e582456d7409f27cd2a,1140682468.3361137
0a6ade3bea1768aab76680ed,1204609189.4380782
f6e74a4b1e026352e5759b2e,779978867.5593624
639b98d0798b5670e7bb2569,1068373722.9195249
32ecec7d5c47d02969368779,456871561.8460121
cac82fdc4d960947bbc590c8,424591329.9750205
c2b880a6bc90cdef9dac52ca,766188681.1724421
dd8eff6162c32ecbc6972509,480725825.7948605
6e2f79cf68ac0ba2b1a6b0c4,1310540112.8838942
a904fab9fa4f41a11f673fd9,1005250222.1087047
bf11c5dfcb321e020601e9ba,1252235398.8949974
488cdcddd0938ad0205ab8f0,1485112508.174978
b92929668e884453d3a0d633,431279115.8879657
09eeb116cb0944a28742d282,895995592.3447073
c16e9d9444f85bdfade710a0,614408009.5463309
c15cecbbe717e72f09a84271,611617921.6880106
0bbd23df46a4ea4e4734b680,576894819.9489837
de28e62bd01870dfceb5d78b,540030798.7117579
92c4faf0ba1fbac44db6d1c8,589341413.183299
91892eac5e9565b12b2a99f7,656952931.4546278
ba72421716765ef6aad9b4cd,1352920868.255401
a99df3a2cd4f2346c6e903dc,365870121.2929399
59a3b1a44c35ed4936cf7843,692791972.3403033
cd74b689350ef612ddf1b96a,584462465.0567218
5664cfe452394ff9376bcc8b,441324506.5920198
d4c6dda51fa949743a46e835,468325695.79851216
b7f47484bbd8113c62cc8c1f,509180423.00239164
d4dfddb6564c9f46b26e7aab,451083011.15466976
aab240140aa4b6602234d88e,467455958.197471
29671ce02e285f69afeb3fc2,1233222113.9003465
5cd742ea274b4a8832114080,662193347.7903092
c876ed979c9127674000b740,719725365.4054852
45269f56121b796d0392e2da,1418477901.3866627
e981d4fb3a33f372ac26901d,1411204920.6573272
2f13a428281ffc425f2c2e38,525052754.232522
407e4196114b64578beac143,677160419.4213469
342027b17940a0cc5cdbf8d9,1247091672.1243696
dad2bbb0fe138e426000a33e,715201792.8275803
e77da26aa7ecdab5505fab60,857409689.6521571
8fddeb4ca696706f6cbe573b,823224790.4938252
fe368a7d2e09fe88b1b972e4,494538086.58277136
6fcea2c6b9e39576e10581ea,794390112.6982691
91d35b9421c4982b54dd520a,776965778.5491048
eecc82010ce9803ebea6dc75,532550792.6332984
b957548768ef014088a61b5a,371732747.6522269
5790e4cf8102dba35e184ca1,866204845.8572862
cbab68c32d78424452249d9d,1101055069.2411907
4e0b293ec3d5eda7d9fcf8b6,967377010.5554737
1f8742e662666147955c9872,524179868.71260464
aad38b9f22ccf36b0fba4e7c,630809524.3711033
44e9224b9735235fc7271672,551953954.1800233
b61e9e4f3a2e894932b58ed6,580025893.9393873
2b36d2ed79caaccd687f2ab0,651015481.9461024
7bdd64032a4f011bd4fe7df6,453690175.14567
0890a0d20f33b9af2bfe488b,463643408.34440714
ea7c9e327eab66ca286f6726,576212713.0967504
98510008e150296ca9d27d0f,775757006.8271048
41abd8a2cbca609cf868f227,1001954957.4378954
83196bef0e5dc6c981bc57a9,1266336494.3608227
20289e986c1959f0c83a6a4b,746007607.5800602
fb39ca089d05381b3a7ba847,371058894.2014206
d2da963bf6c2f6fe724be23c,1323282942.0011883
670f7dfbe2eba87e55176257,910289564.3208864
469b33a6f153ec334b6123d7,485865383.6863667
c38ce4f3763795c61efee6f3,480618027.7375682
8553a05c2b30be81c64a6295,1202875836.2827299
d8b3a1d0cffc913ebd05b931,1122168007.0845592
f0fb8232343d235741a20586,1146798872.1446953
887d749eeaaae288b2818b86,707999541.5153584
126f4d890004b8035a7de091,1218181827.4370325
7d157359b413e107f5f9cfd6,611177496.0488377
65010e340fa495d060e32f7d,613420427.6197901
8164023f628f550f322aad61,496224040.68035907
8c2423c14aefa13d255fa77b,547372964.7454422
e9772a54bc6638c723dcebdc,741828208.8956581
171149ef76fe0a2074c5bf69,633004161.7215685
96448fa0eb077563a2d168ca,448489579.394651
3bf1bea2a835d7fd11e47ce8,387118727.43872166
2f4b0b1b81c792f43f4ccd5c,387118727.43872166
086540702ba0876c0c05c5d5,1189095047.1754234
57d17db2cc5ce1aa889f1f50,1056473023.6085535
3b6cedd9966332f0722208cf,534449952.73240346
351a3e1b62cd51d46913a8eb,1279507835.4316216
33b702ced6de5f7ab8b29e7a,517177039.64240545
e0e6852c6d6393d6d3719131,1196629952.3804054
bf5e687721e030639ec81416,781929437.5906593
314479aa7b73ef6ef44e1c89,649134696.3667585
822896f609e7761b58e7f6e7,628698053.1745116
5b6f21752f3744ec6e529d74,867860167.5237448
5d91dd63b6aef851e0c78389,726564824.025036
0a369278a1ef6f5e9d79e2e3,569268519.342507
7523e95fc2afaf31bcf30979,987043155.4348305
cb9de5719b978a78c71db699,1021821886.7993671
af8c90983a23ee15c72b8e22,1405675171.4443376
e35d8f589e6b1909f5e4132b,1203628981.5148134
ecaa5e38ff6cddc14942eb7a,1053466907.5046084
d2eeec3fb1ee4d686758534e,1172096669.013236
e97d03ef9638c8e1d270ed2a,386869894.00085443
cbd78f55af1db4d89b53b496,413881372.0442504
1b2fa2ee5927660313569617,800195933.0142096
f7f00e13da4910d724aba4f6,502212158.97319263
9a6b77dc2c414f0baa11effc,484738528.5141697
bd4d0b8799fa5999c5d2ee3c,1093790111.3424687
bd6b68abb113370c35786557,1396622120.231722
4da8ef54252a92d9cc62c174,1111940038.7741551
38d6c2a9beac610279bc110f,504378990.20611566
32e6518755191bef743b28f6,1153700981.328429
4fd8d01a5c3abb90ad70cbe6,832935803.5127972
5d9f8f380a6434096a0cd906,434132006.1608113
724c854b1a991f060701d005,409834797.5732168
1bd78ecec17b584e827dd0f9,353865491.193222
7e6f68184d84e09cc9ebc09f,560523076.1135784
c0174ef555bfdd648acf4346,455156515.1032684
6463505a740324c7aa869d79,769882563.1845058
f239b7fe0de40d208c01c45d,658131911.5318569
bd98add659faedc1820f96a0,456128324.1671878
ad662354d28a9b2d65f537f7,894562944.2480153
8e8852450fd5556f748c98cf,639133184.4204009
8fd5b95f5808b4676043de35,660841625.1950183
73a23c9d154fec88d396d2a8,827788230.3331501
374ca1a16b8eba42b35374ac,627685002.6757814
ff058f978e97c389e7a31f6b,785577079.2953128
9d7f2c004fd359136a662c9c,649692750.4984436
2cc0129b386acf9cdfa4eeb3,687681952.8683
c139bf6b72a93a73155e1f5b,371809306.13703394
0c017cf9740cb67d530267d0,574356274.3952998
44ff213b9cfb3604b7e4b66f,626708839.8346486
a09c957598e6cde56cdba03c,665871217.3533988
c846d5698bb295697186555d,793059058.4653696
a84cafc064a35cc0ad698009,506814944.0133244
ecda0d714f52da919223a520,745658456.4933378
b9398d6bec5cc44fa39b8bdc,817783264.1687188
79d230806fbfe96368b83dbf,1373373468.2926385
a28b1d82d3f7dbf8746d5742,1316667497.9008248
a6555836840c7dd496ba9094,684682634.3850985
83ce7c2d2823f888f2e06ea8,1085353235.15282
631f4c509de8dd64f1c400db,959627496.4970535
2afd31619c21dc537e4797ca,1220203361.2469776
0be57099d9c3ad8a16984861,955689492.7132262
ff29f12bbd7ac4b860909966,1298636485.905937
d955edf16ddb9d3f59501a9f,1293559260.5396392
96298da2f44ca873f345867b,673693554.5658462
e6396355c1249c6290906b78,1268012958.6911058
39f9f736d802b166ed688224,1196943375.030012
38a0fcb41f0dbe8b0ef7af8f,757232012.2380764
79b955adf84fb2c52381921a,665913845.4641244
e335b8464a61ea0781f7928d,1183737264.9311492
71a929d79a6cccbce6ac5d79,1295993726.5881844
41454361857cf70c44e1f5ac,462841230.3609695
a16ca6293e2ee2969f3334c5,1376253330.1120868
4083248d3d2f2bbf9589b971,1048069396.6599071
de630da5e1c9e27bfd94efcb,1255093564.1196146
f2a4f5010f3da37e27505ece,463728718.1683153
53647abd1d1b10c9226eac73,429258452.33059996
e51873d6421addab3b539dd4,429909056.55120194
be8fbefb8e06fe169237d4bd,692565935.5111167
257c889187ad5de900a430c9,525709581.8508258
3198c4acc62c1a2276bf15de,740337725.2254279
b22350d505b87dffaae3a5e2,774946389.6616277
49ad389014995f0187edf726,705983852.8267812
025d96090a8e5bd6f786e9b6,426074831.5846902
4a7156189e1f06b0fe87a7fc,452388471.7662698
e91425bd357561183b935d27,451485921.55728984
c9d996f458794961d9957c1d,455245787.6102442
084de965e32a2a65bd3aff5f,455245787.6102442
880bd21afee7038459b5847e,568020453.9887393
2dba091723891d8907905a74,913649594.9008812
a39f9fd2f143b8ce1f7e1277,456206827.4876011
37050aba3553f3869d59f809,707036706.037324
35a39cf33d16f8f5ff75fd6c,474381911.03242284
7c463a59e7d2f2b4bbd07e12,446773009.9073814
035d955df5a765531d1d0d07,876787771.5283886
be706475abdfd64aabfe45fb,452483660.1645114
bf41b26c090dbf0a19252e43,1103559909.117162
21aa860fd839233ed8b82653,514119044.239537
b870c8bd8f95426a7e1f9c88,451804071.0752378
c5a5676bdb1698f8c38cdcd5,473035213.48158586
3487768de3a13b7ee3df0254,901505391.221934
dda7a886135a1fd8106d04b8,1181439771.0720232
ee102e9d0791ee82ee4da2e8,566150868.7808188
1d4891dc27e0050efcc6c403,509681314.1700097
dc1fa8fcd0ffb8872d434dbf,645661087.3588948
2a5f727304ad67d1cd269361,750137375.4732577
2b10af4fcbef695b327b7d0b,954417073.3229719
516881e914708f6ea6062ad1,1012991655.9289764
5a428139d5ce6bbd9505945c,932157522.7276149
38dbf1b9c5963e9c3d008340,1448428121.6623576
02c6e8c7f36a2c68851600c6,669886370.6648339
d2684e676cae87d75dea5ea0,580206953.2153182
027947dd01dc991ffefc5082,435063754.96855086
0af13e27cfe9b8f237a9949c,760618570.2344671
32421841f7eeda76160d7959,495659754.1998593
96ad0e75433cc18f20ed83f5,780038849.9437724
b387b5eebf501a620f352504,829949836.5779077
8ed95f9bf057114664ea441c,436724852.85861456
114318a8e5822ece53ad897c,521149818.4323132
3bdd7be0b5e18d266189d991,647461022.0462853
0d2c4bbd8a4dbeb6337b5c14,720169216.559671
a98637742a212e332cb5d1f0,725412361.8728987
acbec9114912932b9cbaf0a3,499936984.4005328
fd81506b0a00fab1ff680b64,549622734.8084615
49e531941384af389b0aff59,461364974.72100604
8f221efe392ba42b519e5f57,921565725.2904183
1f33395df1e4f6a185c507cb,656224487.4254943
fa823373d2e7fc9443ebb6ff,761618393.1054224
0a6966f19bc2c303886ca82c,737803107.0352788
15d9a0353ad54798ef95e0d3,1192077912.4821782
0d95d756b838d3a319277424,628933291.9195552
d644b23e4bce0e6e50ab9356,1238562523.5793743
6dbc77ad8c5c1e39f72cd2f6,1071682687.2931732
2fb5206d246ee7ab22fb8143,1000932798.1140279
f1582fc47e7b8c0eb0cc9949,753345009.1534948
8d7dd9de4e919fec5916862e,1250782091.21429
0b67da6d74bb3998c80893f4,416451646.69987684
736d25efc9e570379d32c089,943247201.3639388
4615a8a7af9d7cefc7fe4c4a,1336377773.7755654
8b753628bd37b9759dad06ea,435068088.92015535
5c7c83526b72ced12a08e573,552113362.2713873
9baa578a930a94f761119fdb,442212274.4732591
8fe1a07cbe9b8f3498cf74b0,392614905.59451574
67a7cfe6e95aa5200c064717,669515609.6532832
b7e3b0c90c0d3bfe5befec54,507490979.5030513
e6a547b2c0d126c9b6800515,969690610.8391814
b08f88ef973c9d1c3a86695d,1117824384.3208601
5933c18b8cb17cc6e4ae91cf,1210678971.770916
64a24372d58a2cf535c3aac0,906284184.5513387
e6f9288cdadc5851d29fabff,1349783800.0044665
71ba2f992908a5f91f832406,621834182.2419251
3af4b54bb5ee5fcff80f1e53,474065586.5913072
40d3f1f00de86e74e0304bd1,464606739.0451659
3b758c26283c2f11251bfb89,916803996.2525698
70cb6337c8c3f5225fa80026,1260895049.9724417
0dd510aaba8036e8fd9d667a,1240767090.9102936
ef6ac2a5102d7be910a3e4c8,470498103.33243334
24c32572ca6161a603a7d0d0,372836757.88139796
c7be09a810b9e54d2dfba4b2,693188823.9210033
01a5a230e8a808d844e64397,1148721734.1871324
5ade8e9c79288d511ce1fd79,714816360.0090933
7cf50019422bc9569a985736,937217092.8923209
d4716e228067a7bb0f30aa30,771356490.4081466
cb79e02041eddcfa9225346a,857296472.5295627
b059afb753452ba358fb432e,1528499883.1498744
fd9f78fb2d2f4d01e462bcea,1234356096.7518604
6337f924f515625e7fa638a4,970829587.2926623
3adcc2c662c8c7c9db5f0982,663268322.1365751
6b7aff233052b9bcb6b9448a,1429705523.780181
cc51811e23409f4d77995768,456396196.91019607
e3cd7b6dc0495d5109086407,704526361.7642577
e63f468e1d9f86530d47ba4c,357536637.1589722
8bad8a7faae115ac9007b13a,788073544.7404212
d563312854016e9115d034aa,1067670158.4513355
57c7684f8cd8d78909711b53,466404631.8033573
76b8190137ba3daa55db33a6,459031027.4587667
2bcc6a15181273b2fad05e3b,635406337.6837823
b998aeafe2cc93bbd96dd9fd,429016754.25490123
eb77734d12df7528af57c674,413153669.6854183
e8df85384a1f51c31015ba08,1063768162.7561002
b0a03d567e287bf4cbd7bec3,406407070.7071325
dc8bc7cb687a3a42b7e7d5fb,909999257.9152601
147de03212e554abbf3fc3b7,663730830.723466
c09b8c236316b87a92a620b2,801906050.3210974
f5006b435fc92111d55c0603,436202829.9709017
ed70b749e030cc8715c0eba5,974922501.6922383
2a9bbd878f3f45745d76f059,548402522.7743524
503f33d11f75b6b5102ba4ad,383237163.05895823
41479709513815cf5fc1eac9,598782268.7729498
0181972aeb6bf451012a47c6,857184428.7288256
0b35c4a3f20cc0eb751acbac,373823229.02881247
e5de98822287c2caf8b209da,664289582.3897243
f3d82ce1c6fac06e4997f7ba,501628991.81846255
8e17d7d78e7acffdcb04d982,585951565.0490357
f1e7a0c7804083963b5b6de6,407127710.2210561
918dbe66979d16b147bd3322,800299216.9670135
35dedbaace193598c9c438a7,348960966.3135475
e67fa931031bed13c711ad00,506075541.8959002
eb2bbf82cb615e3227305b55,400052337.07394326
e8d83f7dcb876d5d05ae3e98,664592013.2638296
2be93bf5132bb788bf045c28,477838645.862017
ac2b1b560e8bc4fa1deb6f87,564059216.3962631
674ea6932fa9e6b7581479dc,452692522.35878634
4893b21db2d6aa4417e1cd1d,1068147427.5916724
2dbef742d0c59d21ad7392e3,801810991.2883892
fc16776abc877decb82a5954,1217814335.7681022
6f84d405f419590075610c5e,594005573.1337092
52cec2691ff635031fce9507,437516751.76716757
830b1a2d33f7754b9acfdd82,533666667.19760454
fa908c8dd43fcbe9f721c0d5,1252373557.4785476
90c3b93badfe7231410e95bf,843842820.62405
60a495b86d6eff1e345ecb06,641024021.5254637
0468cf58f40372acb9d5fefa,894938815.486832
c523380518164e1e317cf1b8,1128962669.341012
142cf530f13cbccc3cc9d0a6,766975889.1231822
e0432ecc0c1fb2b00b5435af,486857141.437266
3af3a702988bfa0599727982,734356376.7193155
99fad8a7877c57c0af05b318,570416971.9040303
b57250de388b7172a39dae8f,1181527068.481617
42fa0158217c9cb820f2a06b,602400897.8461372
8fd452d3f5f1dbb3b65f5274,931494238.7118065
27881ecd655786b093349ab0,1157196903.2072995
38029a1aa22c0a5beb065edb,941284119.502646
6750be41e08a725705256b0c,1113726761.3088298
90bf218565cd67ed83240033,1474014920.1449883
c6a089a9bb326c22e3f3aaa7,861471103.3642414
ede08c77d6090e0900654eff,1295584967.334872
2f7784465c1c69c8f786a0a9,1520668017.0623639
5943151d9a76010179f6c297,492898135.2692454
82a3742862a06803242b703d,681733248.6831019
b815204eed4398e600b366ad,1097005414.7531734
11c4dba68fb47eb9c49df169,558328845.327997
4ae7dd50c6b743bd47340f20,858107272.1782746
d81a040e22d541a74122f3c3,363355907.0481173
34c84d0a410920c303ba69f8,497141926.53222394
6b0828221f9cdf5cf39e7c15,408962194.40502715
c50d5b4e75f165eeeb2eba97,560641779.820636
572488a9a75f64434dca5dc5,437407191.69912803
0e67ae9abf1e2b2f66a91a28,604404044.5734104
cb00154afcad81df60ee58f6,612914465.7092495
75801c34fb510d824a7d8366,396100608.5889268
98f2d7810641693c44096ada,805374617.1219468
1fb4c88bbf995f77f2f29b7e,657899410.6487763
0abc98f7ea1e477c6fe3425c,955065057.1701473
b3401023d3097815687d1160,723590233.7370405
f1ef14babbc4123c5157eb9e,549408641.8078365
ecf47573fe1ff641f6914d0a,1260050500.3696194
0ddd21dcfe89f72e2246ed79,471782123.95984924
402f18888d480f5af146daab,407945032.65068233
61b3bd442f6fc8838e2f45af,579840904.658306
c4eccc400db2dc9627c9879f,602616188.2118754
ab38b4fae64ab90a55b5a403,837507840.3422604
7f4cdc01f9086bcee46d1d6c,946523508.320146
1be9d865ac8d01f0378bc148,1565810847.871131
f2f43244cda8e2f5219f3db8,657972322.5318664
89ca905d858c7731313c82e1,649180691.4561226
5bbd0476c27c53e2bcaf9462,977427856.8849877
7e177acdec9c0fe684d8fe44,651079354.4407084
b764bb8ae8ba0d736bf54f5a,397641937.10222703
75f6d6beb64d846d965fa9ef,843849819.7427886
b5293710d0cd75f95de001f6,343965359.4863366
8b8ec04a78d3826b2c8a5754,790834866.1311947
e35579e8b9b24dcccf93abba,495957521.73307526
db5e320f51680100f1ec06f9,429225184.1948169
59be3c447844f31267366cbe,508577407.67353153
0f3b424c398a8e8b53162c37,1000429972.2781316
57f4a3f6fe2e41ad97116002,684489620.1496023
1c6038b67a40f0749a72e6cd,605108295.9564534
e5da0e3919341762d5beed25,601650490.8435065
40efc0dc313284d3b57492f9,665047264.8871126
601da8fc375ba0b3df3b38bc,1410305926.2154894
61a12496ac1e6f39c5ac5d3b,1514021531.6273003
8635edb61b1dda6f4742cac7,1412685958.06933
ce12b48120daa5704a4c81e2,379728541.1440359
acf4d60dad7953065b59ced3,1150497870.9478145
56e3e7d822e13838ab9f85b0,724838807.7796389
7ea2c18341f69f21b523906c,899748623.4325012
dd2396a42097b2e8bce52a72,987955826.7822312
41f99600339a7afc8e386e6e,687574872.7152187
b2d160f54ce5f98f46818e4d,1208661124.2018805
00dd36caffef00fcde85b235,1279537873.5810337
471bd64a0576aa67f494eb98,1353876848.346311
79e307acac5f42f2696b0436,1177826308.5082915
e65a4eec62e2a5bbfaad5565,649745452.0630367
4845ca0d30483b36bfa55061,703254063.8348964
6784e116d96e03911e2a07f7,388135002.4895871
4184fd9a546823ff1fea0b74,595513242.270473
616a5485bc7721ecfcc21c70,365530932.26589
6ff3186df9d15b65dae5bd17,382583677.8269911
886706f32695891af743f986,690275742.6694338
daeb02020f23715e663b4a38,720877371.7248927
93fa1c8ebb75b77dea76ab99,865180772.1829925
ab25a6737b3ee0c4e9cf4ae6,623008840.4845717
c5641447732d3d1269965ffb,1194809344.3513782
86b290218a62d0c51b099a08,1050120176.7688073
d7b82133acf54bd3eac338c1,1419530607.8214884
10fbecd8de540f1fe4c57b7d,406783953.556761
137baf1609138c6ca2715c7c,460564524.48448664
f5534949a53bef05de31b07e,466298884.5934435
466d4240af2cfd09a31cf3ff,461357912.85996205
7478693f3e7e8963e95be8bb,393395846.4273919
6e537e91af0de67558bc1ee2,599663964.9693087
f5b0b51ed49be034c290efd2,755676262.2825155
a4885ce6808ffdb878c41f97,595096773.7064674
a14506a4800c27223fc34728,953473525.3034229
e8e97b7919856f9cbb9ad02f,1245314425.2465231
e16685dae2bd3b0a4803ec9a,1048923397.7687329
044b8431b186eb022cf6fc24,640515382.9848332
60de8c37c9eb96efc432451e,963805812.2844384
59b88e154c07bb7c0ddb4e8f,1083252241.4447303
71590ac868415f3a185dc15c,741487494.3608712
6388b4cfd09e2b1219268cb2,838784955.8909947
f865cd15368fefd8c9d6aabf,780322963.659359
ffd916080b1019827491de0b,1022751816.7268202
6b8ce573bc2ee68ace26a67f,720877371.7248927
7ce704ef5752dd496a61d857,865180772.1829925
6b1a1afa055c15908a855e9e,649564881.381817
2a9338f62c99dbad25aec5d3,668817856.7026201
c2282da3ece2dca6e8a3bca5,823609886.6146333
5e6324cfe41c3676c7d0a5da,1067421992.9635758
f1a4afc2e543ce4260f1d781,1279392378.2864466
5d17daf3e98cf433267d978f,1484863556.2695575
d5f41dd3258aa346367d7725,438948120.4410464
da35c757f211ecaab20aeb3d,566921240.848536
8d9cd237c737f6e62092a08e,1241138051.1151438
9dd98816533e4ca8516a5474,1347718882.0459137
27d14f352b2983177e836e3c,930549202.7733557
3dd4fa53bc59e5852f9fee98,1347819431.707188
3ca74495aa9adbd533ccfb96,900371649.3406563
dc93d8ca60d60a118f61390b,497992651.3044753
dd7b4c374bbbcc60bb090fe8,575853562.5488156
f925a05397ca6163230f7ad1,589076049.8879217
66a59937c54eff29ab14b474,789732425.5889366
077db8e0877b924d1b57ab1e,472879613.9536846
aebc3c6079c1a80f8b2f1c7d,648940975.8968666
ae41a566826a10d5a6768d36,823338469.9697149
489fca3e6dc044412d00cca1,685668510.6886123
fc2f58cc289d29fffe8a5fe0,546825653.6627364
59519bb6d5d299ee0b767224,662456876.8041679
19921a97a52bed6c6b8f4135,781596012.433734
ae08b7f31e69fd930ef4c832,1036254232.0475802
1b67fbd144a4a3ef40bd9824,550207306.1888953
9e142165bbde850d4379a49d,784496029.5552692
d3e971e2e224a20530ee295c,858224053.9471196
a672cd6c8c284e14913222d8,699853657.168485
93086ab3e32aa9599708382a,1098507321.3157918
63773145b1a896df26504b0d,411640051.588202
17707d66753c1eb0aca28926,504145526.5208056
6a2d4d9a257fdfb2ead837a1,412479925.06929857
f9158cf51f5e9f644349a774,495717059.3671717
c09c39339b5bbd48f349a430,650669850.566967
d470d84f5d8299c52fa24499,492440192.76035774
9d028997ff036c154c3fda0b,1007798899.9760017
40ce7321869b706210eda9da,525607856.39869916
3fc826461ec4648e4f7877da,567929408.3127539
0e7dbec40eab1b3e5c6bc665,1230431255.3663485
81b3256980dd7d7f49030c78,1204000614.6936522
fed2e1459e9ccc06943a05d1,1317063282.870817
c535169307e21e5df7ec88e6,442005086.3070294
d78d84e4e42f145e02e423c9,544250152.4221544
3e523ee3a6c2d89436539792,544250152.4221544
5f2df52db15d2e0ebd327a36,544450850.0257107
1c1ff56435675288e78c4735,541815547.2311424
ec4226205a38a45d97f35828,858556145.3830622
3214488a8fa9cf8b3dae877a,695629736.8370072
4a4fe76c58f5735ce6b018aa,1004678020.6047363
ff3696c808d4835d6c7cc9e3,823542888.2551061
1aee9081ac4a04490eb3f0e9,951655485.886371
8dd954e7312e6e6a07d6d4db,539588868.5115762
daa52a91f1fee77f75550246,862242159.4733274
a4ad34eb244e48afe23a780d,489263529.2153477
0b4b741487c001323f508d5d,544250152.4221544
cb383b7a746ed55b21a8b245,672726170.4975864
4b092d4d5885cc224f6775e9,384262902.1465906
ba12305002d24055c159ed34,368978405.98333216
bd74d43d99a240ef4190ecfd,487047160.81524616
4957e0b129c5caf47b026c58,496480088.1089809
eb270972f0f69f1671a0a740,971857856.2137955
d51d3ef396efd4760c979de4,448426623.3214535
ac65d147ee69785195ef7da1,888983478.4453968
53ab42a93b6deb152951f82f,1305223827.9161441
5826567e12ee3192785e36f3,1157372515.7643037
ab64918f2b2b4646e87297c2,1132953576.2256792
88b0d688281db2ef0a782921,897569609.3023174
dcceb6a2073faf9f89f3431d,1112961151.1558683
73bf75d5762e3dd30fca7b3a,776734435.2470716
a45ba5d63cd1971de19c25db,1077002048.013321
8467eedcf9a48fee0d72d95f,1131297157.2070422
6184f12f3a903658f3319290,628643285.6391053
92ab018394a5398b832d0b97,835470265.5000126
e8e215437d023387c4a55515,766887230.9812117
7b8a6949d55b5bb27c3c6839,1088048696.030939
33f1a7739cb556a78af083de,1082868230.5393493
39c6bd862f908b7e8088f0dd,771113777.8395164
ae556ff5f318b73d3b29142d,438643954.19753516
e2fed68e0b614e65c05200b7,600757223.0734773
c62a4288a4a0336b1436132e,642573137.889094
f23b32fa4894b6d59f73c151,1073404448.9143932
4ac4fbcacef08524ccbf3623,350643691.2799513
5b5bb8156b98eb51a58e73bd,494503089.2014868
53fbed4f9680917f0615ae7e,434491205.77949697
730b528617c2841eea5addaf,747131468.5135881
13d08f7e14471fcf517c204a,470548728.09960085
da273cee807e254fc9aabb9d,724520951.6116271
b8f7bd85b61951ce83d7f57b,1502140247.1067574
4954ce465ba712543bdf34fb,458118147.00953925
b7483c951d2c19de665f07b6,363980006.3935579
913cdfdd62e35472522d0a6a,654134882.9207565
be28b90a71e2922437f25110,592305886.4904538
b71857f1cc385219f114035c,485934831.1076667
a72041a40ca87928c695b2f8,651957090.4813087
65a626faaed9d9e3b172415d,654134882.9207565
229bcf400e309619268dda31,651957090.4813087
367bc4fef78a9800f8616d02,651957090.4813087
dc0ac888f1e87924e3994b4e,642341612.7384465
6996e88c10a94d9ee7d05357,469494363.2911782
cb8fbae1b4141461127c97da,1132344361.0260606
d2de34876a7a6914c2dc479e,1163232606.3987553
c666974c4303d43b87714c62,811684576.5609232
e8491a7994738d098a7aede1,1435467013.7514124
9a6440e5318b2de28b180a2a,1267295332.921447
9ebe11eba1a88fcb24fcd141,450932025.4331888
78b0f0bd0494fba0293eb0c3,633469167.5498961
047b0ded64dcae203a3015eb,692000668.6749355
7b95396ef4d0e97de8fb4986,905750507.3707598
08f1c136d5a456c0215ebea4,873405692.2233375
0880b703bf2064f59f2bf20f,997103938.6950358
cfc069bd55e152e40b3a1391,929185959.3332391
0a00771ee714a2f3f96c31a3,653504669.4164398
06acca3d0ef4685dc055ffa5,399624414.181764
f802b026db4bf9d68cf00b16,367129363.6332999
4aebacb9ecd0a117307c7841,1201244472.923738
81ccb7e0255eee6274f5d930,1105570003.7028656
cd17bb739ac79f80d6f651a8,1405440764.3628516
917829a0aba571cbe794838d,555182790.9285371
5b83b73ec31031582aabc527,410603160.3745981
5e18ac352e3f3119f5f9197a,1288537646.1574016
b7eb15346797508f47ae094f,707872625.5073308
5ac98c971b9293bc6a8a6aae,991952502.0064746
e196b7cdeab1468d5d4e07c5,1382794882.4591217
0ea201bfd515584bbf72f902,1184888028.5240018
d2e6ab3b3106f36f2c3fc119,367571919.3100177
59db28ba77489750903261d5,999821066.9867575
b348c76e55613f53c8bbc94b,1214965646.896936
a1e38854d6725e9c48c128b1,369259805.9732832
b86c526fed01211fdbb62815,1074731986.7787826
1d2b83d973547da8c168f743,660909110.8392502
0fe3dbfdf25d4b013b842b51,541722780.1365769
71a20a4daea6d31de942b2ce,1317195742.8319511
35352b370a31d01748616b01,942126821.3243835
27942219389ecffbce2e1d9e,1330660609.958205
62fbacd4e172983a2a998daf,1033785883.1188761
00c1165df93a4cfe679f54e2,895140134.9487592
207f669778ed0db0e619ed40,561424527.9344695
5ca0586ab7d20dce5e9ca8a0,734333262.5833522
cc27435df779f16e6a62b0c2,1333672478.8691382
7a94d3d31471ae313659aeae,789535033.2959111
efebd19fc5a2ab30f2ccedcf,512657414.64965224
8037e40c0c8b20ab6e0d4b78,379790373.2056273
5ae3359bfe2a704de00e8801,562205495.4726418
a5587c93c012375dee920f71,603721711.1822366
ee7f7d547af56773a4b0afaa,1054347007.7218972
9ed988dd6739eb7ad7aa5a06,966472120.8548373
26c08d7331ae19e1934a22da,767112232.0092111
767024c66d3a88bb18407b6d,932059661.0868727
6afa85ee6594d1c8296f04b2,585043394.8289386
551ca6ad1ecfc7ac21f8ef0d,981840206.8384613
1f79204a8f62c29b0a1b29d5,429948082.293765
3dc0fa238745fbc31ba88853,406446634.08568996
4bc3f597867c6844e9b47fc9,378199293.28255224
53973c17ea7e89fbee5e6cf4,354678414.1310949
05397b2087e5cf381809f169,581141126.5665288
584990ea9718bb5598495061,373541417.52732813
2e7c6a89d2cf2d835839f5f1,664522114.5438855
5c02d79c59fb636ca4cbe86e,433878861.3022257
114436e00c03b44096823522,1100176550.0752368
60caee98c3cc8526d16d7f44,472501974.3040487
8207612808b5947f2802d2a6,920275793.3892844
31a73382ae20331521bf2e6f,753186330.397729
c58947cd4f238cfdc0007bf7,1605455946.0888875
a7ee02ad2a4fa122799a2dfa,1286703969.0039346
c77a63e92b9f727034913d8f,584650103.3435919
56c6bf831d3c6737e3844969,708564498.5154523
73ec6f4da3c277958cd2c228,1279906561.769567
7dcd1916c0485e0b80f9eeb4,991864528.2627163
cafa94c4a56c23ec73ee9071,1087295513.5470726
d5ccfaaaa739b2bb2b3d46f7,646180656.5271697
e6d2e862f58445084b2980bb,1528592860.2111197
62f96ed5c1e5f28117949a23,401770078.0183048
20d8980a4fa8e094b7a5f00c,401770078.0183048
0172678cb0737e21a317eda4,437309749.18983734
6254ee88812e303bdedb8767,1513084661.7159164
a812ed43db71868625b351bb,939558992.0713904
2bd1c70db60a44d4400847ca,1262566246.4273791
b057dd8a9c2082d1a78cba88,374677640.0359149
2fb149a70fa14ac05582ae69,495957434.3666576
47e282cb12ae01243d713178,494749339.3274666
ae47cf27964393fd56a52d7e,723977202.6864728
21642991a20d6b0d17dea2bb,707874681.0804878
43b10ad2660d7552ab6c3b10,790242572.1187865
64e5093d6bae57e8b4298123,1178865923.6797318
9d8d3e6fb432174770c74e71,659698961.9192371
9f2498c12d7b41c213bec0ff,407619712.7260518
6461c0a03ad3ecf2f8112759,756809128.8775576
09b15382686c42fd89b24285,1142101463.2888393
da846b08fe2205d2e2a3dc71,555968188.6346142
2a89ac6511416d0920f1b9a2,1233760854.6003883
3e9083411c44213130b2ece8,661245072.9872471
0f0df5694eb388d843e1f17c,458186154.087673
ee6a288e644183bb191a6526,379525389.3605162
8f570610ef199a3ecc49a0a5,691854992.1095544
3115e2391cc3a078b5e6066f,984402574.1159726
c7e45098251c687efe670815,506509960.36153936
8a3b7f5a8da339fe19e8f138,801135457.7522817
2f801cf48edb712627196b2c,681379820.6754649
a147a8c29757c5d0c592d347,701158477.6604631
86b0aa633bb16582bab5640f,609041730.1272804
c9620e3e2dce92bf95c57c6d,713611718.9959003
b746e4a5c9d04cf4dbf887da,994530769.0831811
915842a8a03914c08a6607c3,507191801.2405322
e9e6e054c1d09a22b7efa20a,724024944.5122696
4b6fb9b705d80ff350bd620e,446805251.8831841
9a51784f33b0cdfce8312163,710237752.5558097
176c9a90fcbceb91569fa3e2,1364314235.2484057
c97e70a767a3661c4869bf86,714562301.0944635
a6bdb6221b88a24c9f8381b0,912246458.0381202
0a1e6a95a0f9598150c121ce,1167509083.167041
37d12acc69d0e3e92420e62d,800333318.6399108
d433ad6c3cdbd707e6839082,1006063360.4843647
36bec92975612d091a3c78b1,886545926.9079183
3eb97ecf8069775b9104af85,1222954060.960352
9aeed339b2d916cc89f38bc3,516152261.8842413
f404deec9ec16a8460397815,514831651.84157777
8a0114372706f30bf6867a2e,1210526896.2744787
681e772045fbee930fcc9ff3,1337315663.0918186
0816f29a68aa35abd5978e7c,778630474.8900343
670fe8f7b8ebe006885b2777,872103395.1805502
d36dd340e5875df6cba999ad,1208245779.8355324
8ae869c5033c248f881ac313,1344177135.979654
294b04da3eaabadd55da9c20,1273996840.605909
17b360d57782208f5afdfe4b,1229112802.770039
88ed5ebb575d026f8d440c60,467732189.1897763
e611a37562f88ebe07bb28d3,538321596.7623072
e685650979374c571dea2ec1,487560059.8898195
10d47d2c73f0ccbc97979bcd,571299891.8390709
fe96a7d758a874b1f0c42145,460575309.4575269
a7634531887e969c9c5469d8,361705803.35367274
42f38b1b2dc077c88a746c1e,472273097.82419306
25e832098d9e6e7c2f9afe2c,778830057.2778192
b7dc47c641b46ca99fb83a0e,1174909883.2248738
0391d158ab104c5cdba31872,1101282423.800843
a3c4d0ba7b85b9a6370e131a,1255252084.6677568
27721beb237824844adbc289,984387847.9221797
6e807e25b64bf0de81f51c12,1511089499.8039033
d2637d64e4022075c8f539e1,896355950.1923584
faedbe92e3296977872a4aeb,1559939656.482451
5bbc190cdc5ff3296801ac0a,616081259.1411908
9b0abbbbfe0bc85686304ad6,419835048.0027493
f8263893418eb0752dae48f3,375027131.26198006
1e73d6064abab2cccdb6610c,370447062.45580626
c0155096575af5fc8db843cf,327464348.4525338
9c7f7b0ebe440f60d3bd478e,375027131.26198006
25187d9f4cfe89a525ef2493,369977653.5384991
85815a09bde2a30e296f65bf,374650588.99164176
fd45b984efcdb0b434033fd9,381833611.9447583
5dac2d2027b6c81c1b7ee3a4,370433803.41826457
7df538c0c831520e6d36e39f,413057686.64409643
14b81320fc31c7a513242171,376332102.3660206
8026e480ba395cfe1e09cec6,370410709.7414804
80bbc51dd90d131d091521a0,384018478.9542437
ae6ac510d3e46a50ef24896e,375288811.36428887
06b90d41ad3ce1d0d389fea9,781378665.8882471
8d911c1a195567dae3cad99e,546256571.7823315
2876aa9ef0b44e43084393fa,407858357.1901958
76556774906f9e12b319c232,436846258.0718485
9662cce3c4b92d1c99849899,998803344.5740243
de3d078e5d524d8a7b65841c,615175926.9828492
547c8638128424b89d602f50,1152172129.4601443
c8a3dc3654c53cf66953de0e,949794249.2074769
21c8b93e50ac884e63514f10,1178817339.202053
49a0715897795017ee0de843,719426472.4392173
5d646ababb10f51c141e0d8a,662867940.707646
da598f8a82b1ad1b02961cd1,997666540.8167297
84d8f7109615519f2ab0a48c,716490516.3074805
0d027b81f8391d73fe0046aa,899644055.003637
079bc331430e94ee76f8097e,904545976.0173732
61055e6eb1910507640ce6b4,700557919.7278051
3f6effb8881ea683838437be,816551396.9846306
92c8d6ee8496b91821d7ba3e,826868025.2066497
78a08f21f7d7c51ff4d5b8ac,1157207750.5473704
f7ee7282cb9edc77740f392b,1129383191.8875875
694b0a500f1619c4ac4c85fb,875693534.3088975
13d43933e04c3c7a9e5071cd,1191250941.6214247
5abb555cb9d65db8e6c28201,400136294.5542069
ee8103b958673c589b9cb27b,1238629021.8694003
5b3a467a3b0feb8ed81be1b7,1410500343.1133041
e570a5157e02d440a78ca008,752705512.3968364
70298b5e8fbd66aee975ff14,698646052.9812114
2b552d7b1a1488dfd618b120,338342314.6693524
f4ea9c80fe71a1bd0b692475,807733201.5285509
e6a9d5c9a82ba73e76817a81,681855705.6674432
9b58b5c993540ec3ab1e4a0c,401827735.8666882
00858277a3cf4f31b8e3f738,727582757.7441853
d937ac866f671e4a0c090879,1066209667.639324
7d02b3479cb2d89d55bd4fe7,790840588.9739851
bf79649b531e876c5f03883b,537345493.0319704
66a2ec5aac8969b2be538c1c,790840588.9739851
7637c251618135e082a9e2b8,1022983675.3288921
e8c9070ca596f88bc2e0868a,538765375.2854906
64adcb2941e9553ee394caee,495525000.4603663
0bc8475715e42b752649b4e6,470322619.38940036
956ad3b1dcbe8f236efe2d2b,544419549.4939798
dc81900a751b64dedcb4ac39,529081645.43893576
02e52d3895522d9be85c4544,503327952.2673966
49d6752dd196e7dd583baf44,438918074.50099707
8364aa431b2e267e41efabc2,559700695.4965277
1b59d33f9000d2e1aad46239,383080958.65460396
74a791baebeffcb7e7b917d0,701137915.065058
0a3911a1a9284f2ff81689e6,467258239.3166083
6276bb8ceb13d174b8e405f0,523790943.5793475
d573d2caf8c67aa32bbe592b,408416720.2993729
57cafce17dc4de3bf8a9ba90,1189314202.6419501
1dc9e5c684c831b204d21585,1063208110.6977037
48df432642971a97d3d4bd45,755223405.4106107
4902ccbe8456d3f0a29e5059,577360235.5619726
3a810dc80d3a63f8cf106717,902106055.0528095
c9859204696f3440cdb541c3,1204509838.0312
349fa9cfa15d8f8bdcbe863a,1380197209.2464566
d0bdb51c8020a37fe8344650,1114020904.314397
7b037e6e5d110999e51b79c9,1011452568.7403579
f677c51266f5ada9e23f20eb,356355538.9225094
1b85d69a0f8ce1d6ac4d4475,402431168.78551644
4570a3ca0571c70657b4a1c6,656646240.2087567
de32ca7785b71dbcc76a50a1,1029035301.8113835
4e3cce6b581e74879c2dbc4f,536060953.1832827
09c4d4b5d1c0118d877d5734,658465554.666708
b9809baae395914981a9296f,1006743738.8135312
fa56058283c975be76d7c990,1033430048.6371359
7b32938ebf0b1b167a3d2d20,652108717.3092016
bb38c1c17612ce593e5ae7bd,365213664.12678665
bf0485c2e267d06b9b1d90c6,1128878350.1014202
0357d0ee6e0646113ea543cf,594755482.8970697
ddf5182c482fca7d881fcba4,829201635.6300136
47e6a61fd652a3dd37556ddf,823273961.7489367
a9054883a22542257c7e778f,372876677.1401133
d7c70d831e88d552da09ff29,1230065765.1804469
d4d138bbc80a0b29ed28a4d6,592734247.43478
dc9119767bf4f21fcccdcc69,763285292.7631911
e8caed8cd754b0e3d43e6954,1039725648.1314138
033307467830cb865a785e3e,627158231.2657492
5498b3e3ca091bb81be87166,707244523.8480513
bcaded180edb36336c2f5b96,1176191509.780735
ee4377ff95580b93e80ae08c,1223525507.7448733
c25e1e289cac1bbbee489122,961216411.1323551
7e41d90a838048eda035fb27,1124321517.0739152
f418efb887a15127cf2563b1,772295636.6766745
93b27fa67eae8cdfcb846772,673292212.8462366
6a42271a0b03bf9a856d1acf,733604503.9218396
2af9e271765438a47fa7e7a9,367097484.4965543
11429e0923f804d7dc5d27b6,1025018481.981647
c218434cb0b05ebcef935e5b,691024239.3657633
a98e4f4db7afb8a6c9f69400,565188825.7807536
3c35c8993bb937164ae4a880,1040703410.4107695
c23a1372c81ba03e6dabb0df,567445466.7143577
cb332695a296899d1c798426,822601934.2003171
2ace3da2fc4e0c022f7a8755,1020186119.3226384
14f1bf9aa68aee1ac094097c,1008601332.8621017
649a2784beb9b821d36179af,510164687.6425331
6bbb8f89bae38eff88c89c46,484400536.3161236
1905b860a8d463c3048b4e46,493831168.3929618
3ec50faceb434f716d73613c,1585717279.4864213
99543a17b33ab955d03adfef,1001657298.947095
edbafba81b92efa9b1400987,1385945430.0571191
9b3846c7abf642e0a6220e7a,441091125.9498609
691c35e98d0d5780aa82aa06,658022114.6346738
395fbdeb9f0c0586a2b20edc,424830407.7318225
4803a3aedb6c20eb194469c1,545485195.628454
bf95acc88b60a3d531fbd42e,435076088.5638134
b936e36ecacd7cbc3498cee4,420723284.95505923
293c8a0a4a358fe7554a4ae1,592525158.7086554
5a72e2a62121158efe59069d,418352253.59923714
605276b332b5e5984b83ea8d,506285276.66302514
d3de7e975a9215d04567e467,631755398.6361781
44b623f7fca1a306560172ac,633795772.4579358
9a6a8802cbf3549870c55031,391400438.28141034
f43c684b789900c58c8b5fd4,631755398.6361781
dd7ec9d7dfad5364dd303f49,587614066.0352789
506f2b1ff3e4e7e43a5596f2,851381232.061096
090d371309090bf83b6fe0f1,681686795.6168485
886be9a1881866ab1f300533,684717078.567869
ef34f331871e8ca6573981e1,589750679.8257419
53bbf1d3345eabc2a8b7f5ff,778158500.5607854
5bb87c8d49ba8ae67a659b52,907168863.1468244
21dd47ac3c4e1d6bd0ed2485,821747712.6569589
f59686ef2740247394547078,1127035162.2488086
8fac177c5a8b4faa21b33138,436947673.2984696
b2bc172a3ab25b8caef50189,960300794.0535642
a10055de743532d7b7bd29a0,614918959.2996262
c344e3be381326a1b6cb5989,839980461.3650396
3fa4ef366575bc72ca5a0582,969584657.2619792
e9205b722e624eba0fd36145,1168505736.8328536
e75699a7693c678786ced75c,587969106.4101275
23208132621583ce4a46de77,1137323443.7815788
558d9e4b57fbe6c7e0a09a95,1348083429.4104335
1a6ecf722b2eed8cdc19ba20,779820196.9930493
11734add51785f1ddb999c5e,661762637.7879089
82c9ce0d018c1d620b7a6689,593169174.7512115
80d95b058cb11ec829b5ec96,482788492.8279987
cd89201cfe3fa19a4eb14bf1,821747712.6569589
d0a5f33f0689445e22db6626,534907705.0559235
c7c99ae9259b34bf9b8ba799,415842137.52301514
73806685dec82cf637f19384,482732037.17788345
83007c444fa52b34482ed55e,582018171.5825125
e08561df5747246d74136dc4,492992396.2490645
5b0219cdbb8ed527aec91659,1142413684.2493575
119805b72aeb50f05d3a5bd9,1046737473.5786103
fd20cc372715855081e24eae,1165697493.2882082
e4a021b625f4ffbed391c6e7,958567579.6815314
902d4fc2c44ae5ca2703426e,883319240.3064762
71aacbd62d72d3eb29a744dc,712841456.1486248
7290697f96d8e2101089984a,712054439.6680636
314153750510e92ddcecf33c,1080241915.6473737
9d576cf721ad30ab1a4fd554,411706520.5169434
50160783a9a0503df5a38dee,642821933.4948448
0f4abd70b68453d3500eebb5,361484952.94874144
42cde300d741cb134a529031,485663592.2199855
1e9cb258a0b7e08244d7fcb1,788331531.8343261
febc9a1b054671445d756cec,939176839.7304672
39351adf139f820864dfe8f4,1023295491.5426426
b4fac45659e67d4e91fe65ff,363102864.4660179
fbe555f6bd0edc1bc950d9ea,1397129097.0807958
67308f6bb80d2a203e306104,414044064.93472296
799cb909791d43a1eb305eaf,486716155.99852794
4354c1b6b27a87c451ddaf36,704727142.3988502
0b937a3ea4864896b744108e,364779748.05668294
b96d8b77fb5ba71ebce2fb26,644465323.6338009
f4b1645da3f4286e39f2fe4a,875712913.7954847
a2d1de4211aff373009809ec,655267836.3145074
50b619ba3e0b2a4c6512bc97,716714624.9373364
3d57abd322b0077efa1091df,1099476742.5545704
652793275729ff3b69e86072,493609383.01343095
1e2270f9f49aaf3be01dab49,1411480055.3919787
99970db787f55a4d1963942e,346800841.1967432
801d821fd6ab7ee01b62a800,696865458.5240481
2abd46909a251b8ebbd37133,446198788.05457914
20a783884d6bcf1aa5697772,426105784.4866639
2fc38ab2689eb24f63e32efc,979556062.0947585
1f592cc4ed728909040f953d,612194864.5564718
d1dca15e36fcc5ec14dfd870,612194864.5564718
54f7aab6b91b48272a81fb47,614541293.1110303
b6d84e7d569d8d0f0d0c9066,893747573.5892214
54d10cb2a44179fd4d726f1b,1020308408.7261028
341c307eedfce3f735f4a63f,777159723.2098532
1e057cf20757627d1b006141,365564504.6120706
798bf22408ef6814759da1f5,566865381.9426237
9ef3691cdc2bcece41b47e78,1168957542.8110166
fd5793113661540ee34b8cb8,1136365263.2556465
9c4ce4e9f12764544cc8bded,867833064.3199936
542b5322e59a3273e10dcda9,1067533766.5657301
af578bfec5d84cc2f4ffb8bd,1029344128.2821076
a310528e34207b5dd813df8f,872263137.102571
ecf5c9bd618e3976ceb5697f,1433964621.6711972
d342a1ae299065045a957767,1519857814.8243737
f5dcdfdcc8f414cb7a38309f,665771598.3371596
4090c1b86074c8e769cc72fd,632197303.8810687
7ef2d4777310765d0c8121af,852716440.6408395
39222ab30001b3cf45b7de65,710092791.1003151
91a73bedc30e0c2acd95d6eb,877555027.4138267
d1e6d6900eebd9ace65d6c36,646145780.2962518
592c9c45c07388359f663219,423054157.69416076
738111512f5e5052927468d9,1039226878.9479882
0db51d4771623f5fc1026d74,508940633.92065626
82c9556e19072558cbe3a7ff,384671622.15786684
c1e51ab95336a51885b4c672,592107407.1129713
0eda675541a035b1f620ccc8,1068606620.8781663
cf379b41b70374ac4cf82dc4,807891134.0826865
d90c961aa01e51d63e50a2de,875751860.6797998
990379c9f9f210206c6f1916,1251576437.6990738
f8189811dc639d760937df95,764798342.2314823
3d1deb639d94b292552a123c,439059697.7094588
43041a793a13a4171f22e492,816637023.3724617
052d00805b2602cac76fed4d,704281039.5880544
c76207e622cf8a208910707a,486242641.8840738
ebe33bde2abbecd6d1fb0cfc,532291626.6150836
2e23ee2beaf5293f57a5c504,386924265.4055536
abbd422c412c2d57f5df62ba,408350650.81835705
648217f4d8b5e0e65dea066c,905944254.6093347
52e7657a539be5f36f48bed8,1171182322.1492367
3a276f0df8c12422e14107c5,1285567389.5224466
dc537b5973d2b94acf6f23df,1255742148.9080331
0a41279a5ea9b92bf8cb79c0,1191305136.1042101
80ed77aff62d4c57ede6ba94,663396518.3783727
1fbc660f780245bd72015f07,536443241.66403776
df1f513009808ebd46ec0847,690317050.3378531
58708fd9e83147daf1a80c48,400598109.4113253
52b699f9900d81ae85ddc7d6,519565720.9626908
98c5b154ec80083bf6f51835,1022751816.7268202
588400f7829874f9de919e39,628712872.2379967
46a2a88ef09b2aab932ea02a,630289252.8233614
31474c62a8f39e250fb2882b,1091218908.4714797
b40873d316de1c295f2a97ec,397857036.7267425
bf4b8b23cd87377169684e98,788407051.3528081
a34b3b037805f2ec489a95fc,558371340.2929131
963985c57392ed0423d74caf,648446385.4855585
a93a37e4cc75c069e14ffa00,654641326.076033
071f284d07719a3517c55567,652286889.5011759
5d030db414b00948ec10d18f,403590065.6590916
6e57de8c4ec2e42832cd4b09,937040162.3855362
d9ee40ccf461ce3e9ebb815c,667338800.5345615
ee13d186a24af238d06e0c2b,767180641.2127334
f27397321c007765244e56e3,887647899.6206926
959397711c3f452486ae591c,1316752619.575016
a41222195e5c7d7987dc3c7e,374158641.49189425
ad14cc63c36789bfc1bac0ef,368957951.7048316
79ea72e7b03cfd4fdb5219b3,483451336.2441142
cf68e05962a41395844e9c80,547646171.994906
4a20d03d09fb9d0ee5565ec9,473990565.404534
734c9446d0674b8d6545bfef,947960046.2150483
d9706de7190ae64c83e65769,686521410.2294397
b778282fc4b9c43055629e44,890114153.9886086
a4d4d6480b56d6198c0120d4,896456373.0260131
7557a9bc12cf0f2901c00264,1116942228.781078
41376f69b086937257387f1d,954957186.0581241
2910f3631d1db77e4b61f8b5,498527801.9942139
3a8a506c99ede47ae2257e87,817255054.6573048
25d89911e830697217d460f5,506091890.8935315
365a227184022e99f1d2a816,839793957.0348536
c6e34cb4e79a729a5df4183a,1045766843.8510507
c5c3f06bbf812593d1b95a40,1236252020.9132257
acd6ad0081960c0f17b144dc,1111940707.5561926
344a104d2210954497a5a388,754615969.89008
c0109086d0f49aac6c3f3f18,740869870.8771837
c42c99f5da3248e7bcc73fa7,904691477.2267196
8e1e9ae57400052cbbaed9dc,1491497261.1096945
8cdd55d191f206b0841e56eb,710591779.5465188
c1e0b47866cf4a0120e4b3d6,554683741.6737019
45a033d121ca5afef24161ba,773098462.5885563
bc834280fb45fb308d957640,493733473.49361306
9ddc14c8e7fe7ffb078e0019,1266243749.5785873
7d66238672def6f73c25247a,770602297.2642357
2c12cbaa1f14553c1d41b958,434830931.37766355
196969a98960a68088266261,519565720.9626908
a5a3cab55661982b7d30bc78,676164810.2237837
6464d5cc161ac659dd963897,542124517.465237
e9f44786cf982100af0984e4,1092650979.0835686
6302e608d8f37e63f4e5cc27,453054558.1590108
ab614a5008d68aebe34aa201,745662395.9944553
06bfbccfb3ec0b1f65f4b351,1161358950.4103167
f7f46ac9158f0a1edd01709e,1077648561.6932395
6e233ae6294318baaeebb59b,998853501.6935533
bf6e713a689f574b532edd4c,1343334923.500363
a7e97bdf2d4f2f62f9889c3b,591576947.3475761
784822ba0060eac9358cce22,407937378.03024596
13c51ea93d19df6c273a1502,419290744.31421757
176e00102fb65cba56279287,514325943.4876588
52e5904902e4d75ad87afde7,491755486.2755556
728ce22c8db9bd0abe3f20a8,1267000770.997397
e8bf121ec117e383c843bc51,1362537334.508702
878ff8ef3c862929bbb19ebc,873104000.8540865
ed80ba018de35d5d76d50db4,1319586114.0393388
9267fcc93ae3b6df8c12d9fb,578093698.8853406
babe27dc477f5e1b7e438422,731326476.7808756
a4173461aa676e09227559fc,513995200.965441
f0b2a0602bb5a83f0827ac75,848815509.4190814
2da346c00d6fc39268f12b82,712479559.9753968
9ec5fbf8767dd0d2744a79b4,697773291.8652196
c85e9bd6e20ee2a883d0a7d9,383443192.4135568
191cb509fd44e580ee32486f,727619055.424298
053d37bf1d988505b5e91809,487673313.34917814
4d3a66e028dc8f3e9ad9e9cf,749379945.0078444
c75b265c0eb946ce77e32ce7,921912784.3399478
d233eb8af3ef7e325f6c8f9f,389420214.7983278
7f7f5313341b3ca499968716,651075834.248736
4fa51848638f4437a3e31682,860686008.1867635
9090236db3ef719edf72a330,1536836252.7005055
4dacc190eae91b059dacbb00,1485981484.070188
ccd2f6ec8e9841f1068b7c76,739872462.8784165
a354cdbaff42acd1a0b5d82d,744454100.1711886
da8d3092ed0e085a83a7d67a,727426608.8832914
1181e18553eafcf5edf6fa05,681604250.6389118
5b146f1914acf2ae78360fec,842135725.2830774
a0fa0aca2f6c2ae65a98ccbc,691083491.778994
038bb35043651579f443c481,880636808.9811614
430c46358b85ad4a741c7187,355015130.6772383
4becfb041b0439429f2cffb4,441910424.27898157
feb87029d5a2e8125e165bef,422417723.12985736
61ffbbc24b30698ab8f735c0,465807174.9131546
0e3067f71dfb9dc2e03bba59,453059874.618952
b8ec643c66478da376153333,497218003.3363083
c8bccdccc9186136a332e995,1049490279.2229756
0f4765c8929a87746217e957,1252746542.6921158
68c145df0ef91fb4d14d001b,375627823.7282624
e5b92a0c67c506ca6e92315a,551183306.1002297
a482103965890c922a66eedf,791888871.9683143
1d917f9f5a3cd44cc4dc8d2e,585732313.5262268
4cc968db25c2cf03991c0041,663218800.9237814
91ba0c5b21b52734d1e244f0,690107442.4099665
d6a8f4abcb02142c6dd15b30,451272152.275743
0587e7e1f03af8ea6c46290e,703862975.9332347
61e1e0c49f3aafee6ec9179d,658743286.2041608
797da4e993a993ef80277108,1006649950.3500568
b8acc8e72f2c498fede3fefb,743160635.6295562
ef2ae24039bf2cff1caa4340,543707700.1306037
cfb8d15c6b0c0e6ee4b92109,936089096.9470829
05aecff6fd8d866c6c157a9a,1015982721.9458202
b2e37eb7cde5cf4290649ad3,1204792144.0615954
b7ecbd35179a7658f3c11b41,1144404388.1794055
699095150a7f3f32c40454fe,1485085365.1579344
989a4fc1590097414d7c3fa3,487670448.9853371
b6853999c45e21646a0d1b20,372881234.4196664
6ddb6863958ded0d72fcc6a9,376858486.22490835
f6fc3807b54d8c69459c4f64,587228159.6704503
6528ca87df8bb477f4b6b8c7,444380049.944091
7bba885503ea7716ffea503c,490129425.8659704
846e6f1ba1c94966314345d8,678703720.2497646
04e6a79dd3e4d8d17c8b5387,1488738902.1242807
4d60db10157fd0b5eab9a23f,1025412907.8726085
0d7d434afcc5e93050e0b86d,1336784789.4297047
bb9ffa04d913d06846d082a7,1320318362.4327338
80abc4c356813c1e4ead1e1e,409009483.0307431
df8979b26c9971dd7c3500d8,865859166.9912592
6ea18874ea84b5b4840f9b85,795197492.0639865
aa75ed5781e6e8584143daa4,806172778.3890125
c8c8d083c9b9600059a8b8d1,646768023.7151656
5c8f3b7ccb4340263c255d00,471727072.1685905
79b943894c4dd68bfd8cde7f,680592321.2216083
64f36d32a3a64853227fa69b,1494515462.473617
d7080c3742cd9d72e9d0ae48,438400394.8394734
8333d32b98625a2742cfabd6,1027751448.831182
bddcc7fb72bb973f84b864dd,1018412993.9391369
5a80dd0f68dc2cf9fb1b0c03,455967227.0611927
5d82060575bdb7be33e63ecb,1061979724.9973173
de416f239b27327e0f78b862,800733398.4984953
816f93a2e035e4fcf61ee4c9,1104019780.4627204
aca1776ef24acabe172d573f,1046502770.6793771
af32aa018cdfd081a81bbc80,472039002.5926721
7d133cde943d189c9abbb6e4,623045658.5263351
80035ad5b3b4a948469800bb,808171349.4631565
95bdebef7fdc2ac0e9541c51,1148708072.7965791
d038e5695b32bdc6fff1f72d,715047781.1540407
2979f2d91d649a8c14f5453c,684327080.8113492
a0be286778d94153d3b22ccb,881627158.1943605
57e8ea351ecd1ff0825b1324,803198949.69781
c84f96cf4570158c3832c3f3,905129334.9031614
93ab279de0b7b414ce758153,747516082.060093
2018131ad3f6e5aa8f4be704,967896461.5264151
eb055771816b45213df3ff3b,454242624.1327024
8e3700ec731701361d7bb7c9,444358203.0523608
422e994aaca85628ff759004,728089268.0471013
569e2cad5c18a5f393f80a8d,707198112.3016593
7b4ca3a8d09968e48c185260,862252878.269581
12785f791e04b3a49547fbc6,930345119.7054758
02ea72128a99862e9537718e,1208440500.8945537
fd77ee8ca0551b5b614b40e1,1254895266.3100953
ffbf6a54fb00029ba24dd3ad,434161790.85930824
a295b12b773127f15e83e174,473298109.2969244
90f0cf22cf9c8fcc290e495d,379816741.73522246
220d466e3737f1f2a8ed06ae,374361477.27771366
235c56f4afd6d87f1b3e199b,413810902.1346759
eb0f3b14782c9a484408c606,987396722.3452065
4188712d431ba996cd59fbe5,447923233.69142026
3dfd7e954d6f7f40af60bc9d,383155753.11531323
00e80be4feb1e8593b7713fe,494742400.4000866
eabdd1bad2bc4351ba4a2635,818925395.6116939
850342685ececa472945f7ed,983294076.0534495
ecc4d05489c5ffc8164d5469,405943450.206756
2406d47133763272a965ef51,381923695.82246226
b9430e8c145c2a0d7efab2a4,1090734157.358937
4f8dfb8de411b8a05c55dbbb,751838538.274942
574b6bef16abb21fd67db401,590384665.1852864
e7ef0d61e27de15f10b0d643,823855564.1247097
647ec3f486cedf045cdd3b68,415173129.1770495
69d83d8492db7ade6c37c3de,454450487.8685259
6c07175274fba6a0dc467cbe,545294902.8279884
a5a71962df1b8bc45bf5547e,891038274.176816
ff61abc1e7843e20b1bf8656,347234079.96390885
540c4d7a79864885d73cca95,589179086.4094427
17d0f69ae2c4f1aaa1aca9c7,564246894.9981811
80de6a9303eedbfd1c69601f,1005488283.5170709
7cf573f273b14a6cfafa3ec8,502680599.72121954
eb9ab213defc2de5d878653f,538076681.2763251
69f7ab8608b5328f106b42e5,757467684.3202012
9daaca90887e5144c35daeff,435943136.44439757
2bd08c0964ef4a95295db843,682457810.5205858
34f0542a538cee9f3624d897,470453488.6255723
847a7fbd4425fd2fbc4b3edf,1516633185.8712504
22428154baf95870f1d83fdc,872125306.3992895
18e89f083fdbce3da0a82a4a,1298311213.653915
63674e7ddf6f2b4d7c6d5c1b,365340688.77017325
0e97f66cf4208c1a57d1fb17,375034704.6563511
a90f7cd68b662c87d9fc2d5e,781376194.1289735
2086639384041f3a9b519140,759326005.5854769
d38353aaffa4af168518c6c5,540809435.4140712
d994f3919c3c8fe0ebd538ad,1184670075.5257933
ea9d6dc517c77ff8bffd596b,1358232380.176073
ff83788b9f8db0297f6c0148,1105432464.8832076
9d9564415e52518c2817f66f,509681624.2014859
9362189c5d784741c9b0f8e7,941055150.8302975
ffb510bd3f847f4ede255fbb,397375171.56432176
7d3e4ead63a869bae978027e,1045626236.5277386
5dc404d1c214abd2d45b2a0a,1352073284.163676
64335f6d4c1a7514377be77d,778513924.0316265
b81801f02a73feb1db7f5e83,1134002133.9695737
b5d6fe84ee7c6a703891112d,1478267384.1869395
af0502ae1fe341c2ce1b5325,451844768.6607335
ec43b2789c9cc266a8e0d1f6,581582937.2109628
7ff8b0b5ab4fd12f3be399ce,853731199.555959
d5c8073e3ceefbfbb547eee3,1009452770.5859525
66379c5752189c150954b4f0,424362641.5280265
6a3f9046cfdbf4eefca3ca69,464609598.7390287
b549a72c938d767ed504bd83,767343057.3362763
f48e503ebd3908838c1f2ae6,590552194.8262092
e58ba64bfa5280630bfcfa97,565033891.4204146
07edd16680605925192efcf1,544122793.5260674
70b821bc1c7dd846a8be343c,440106245.38454014
d84d7edc4a4896c4a8722328,479446431.17357683
6d592a69209ef3356e656c44,514047268.64407045
ca9b2ef10b512905af6be620,992693970.3833814
bbf16146922556095f53b5ea,832966295.6379988
86e80098f5a3e7dbd635838d,578425324.1802137
dad46c20f9f7d834e522fdd1,1290126602.6722684
e2dcb036931bf4b2aa030036,1139726858.797723
aa7a25411bc0f9f93dcc40df,348090991.90445656
e192181121fe58a8bf94aecf,623670371.0289752
5aa715bbe2b178ad0c9e4b08,767171835.4322602
43b5b5a9a1615eba48ab8b66,378157364.70591277
dc91e3fe1b190fd8cf2584c9,700803460.8865981
1014341bbcd2fd5775631f78,513273980.1053047
7f2e9d302a6ed1770db9f7cf,753041387.3961467
73f4074e5e09e52e0e03598f,757541576.5190432
0460eacc73398bb95f0518e2,1483121710.5612457
5a44be6fad8878eb2c394ca9,1126644608.2452219
936cdcce007bce08a72112b7,832475266.2262956
8334a4cc7db8ed5c0071fe95,570291463.5723749
e3e9d1d073b129c697c1e9e9,814162697.0776259
dd9a60c3d502ca3cc98d9b73,762402474.3598723
949184accb5878f82fd5c10f,675080220.9691448
bbc675f7edfa0425c78c15ea,673399663.4337622
7436750d73f2e56b4f29e98f,970127412.6394857
cf81103f31f74edfe0453de8,839495409.1746838
620e467297aed5c47e22735a,361252621.73072505
41037a3f8625082544979179,522757908.3596979
6a2db40e5f210a31b2f7119e,461595886.1101873
0083ef74db679d22463a1afe,583894770.7134264
b19be1ad7f60717a943ff0f7,501117736.4217732
0906b6a88fb1eb0d7bfb6bb5,545858788.0086498
f82adf71d17c261b41a5231a,874923297.9494275
bdda694c42c52ba4803d482f,591748602.6770267
80f633154b6f94b8fa24f213,628289541.1724774
f69aa18a64d8b8494fd9fe3f,404787554.8573017
3146f3ec9b237fa0944cec7b,503007614.5209788
5db3d671b5aa03dc33f258dc,371861534.9316073
d5239537894ce7f2a9cb5a49,656604174.4181764
bc28e66374356a4fcf9b62d7,475607057.24939054
3697e556be961a16a621f3e5,452957687.24656975
bb6f66493fbafa76d70b0a34,885392286.8519572
e78a4111d943044a9a32ed80,1229934826.4136353
044e2daf937c0d8373f2e914,1181157960.3646607
77668d4325802de9d63609a9,866754114.0958791
a85ba83751915d8d5d1a0e09,862240219.4903535
429460d5f5c5381e945cf449,1076384272.2745874
a53dc5c58f7384729ba37a21,785472121.8790505
a4dba76865fbd14aa19c0286,1086485741.3289883
7573c18a79e5e3ee0610d7cc,777383407.7633995
f13f72c1cb469db92b25c2fb,1238552232.1130416
45dd7eee4488e88d71d46783,1315787551.6535087
dd4fd04b9fd80818bd543f9d,773033709.4164268
500a3c5953f89b431184fead,744276078.6383141
d2e737461b916ba78030c76f,596405082.4231962
e1e69b5a90431b8a44265487,602703780.331958
49cc8164d94a2afe8b750af4,509351133.20329434
e9b054016b281140d2566d88,851889650.2289817
32161228e9c502d2c21beaa3,371174223.80570173
9017accdd4fe3229fc45280b,320967176.62160665
17fed4a312a9b773f64861d3,383223149.40309733
8632f5681d04d9c934675409,1244940699.709444
8356123e4d10a479a12e98bb,512620053.3153636
70463649ffbda5fdf3c10ec8,809918903.3778489
1414ec3cdd3f6ab772fc7584,717681454.0925859
937708417ef2642b7d05abad,1145700321.7029824
afbe90d764c1821cdb26e38a,591545779.9990172
14331a3db021936067b15890,631137643.9893972
793efc460dd25b67c644e92f,660286630.37497
0a9e4dd0eec86037a36fe769,888556955.0856967
e5168779de76d99010e37c7c,1183682878.3836768
016dd08801ad1a1e7f6e695b,1265032132.2672048
ce509ce153f452ff8a997538,1085413029.827662
66d8ce8e6aad18a4963275fc,645619816.3670657
8398e3b96d1311c7264f6603,1284799054.3334653
e9081115ab418ef1031326c3,487445412.36091274
5c8240a1ebf6138f81dac715,1214106366.5040133
18cb1adb2078fef29a613a96,744374003.3473887
4167fdc804227ed43224a32c,1198044364.4920206
b5d0ae257748ea92c47d8fc2,392405885.70635486
1d17f0ff708e6f0b93a990ec,962306192.5740647
764f506bb2aa1ac4de918a71,882302271.54045
7a861f1e3af4dbbf55b2c301,411761778.75671804
1562a23a312478d7a05a33dd,550333801.421597
0a040fd24e23a77f0c58495c,724475329.6685716
7f0f5931fe148f6187ebf512,496302407.4516334
9fcdcb2be94744d00e734a3a,1295107538.4327998
f181f74e96a93820a23bc0a0,724268100.0905294
5193b43c32a2bfb3aac6b2af,1197610257.2749968
6cc7718e834ba47a429d6874,624076506.3389778
b8d06f4ce0d6e71ba0fddc26,718882513.7881582
30a30e4ab286fd822c68ab5a,696377350.5160782
f99bdff027d28ceca0caacd1,941902010.46927
f46f5e911c6c595efb5b7ab5,699002207.0939441
a7f0c831d82505044f370b1a,384704203.17444706
17069e9f4ba45c93738b109a,432962240.905783
dd5c910c2a3d63b8fa92096f,449823020.18535054
a33329c9ed11ee8b87aad6b4,380365344.01105803
925b457b5df270a68b84753b,369690995.54346275
d206aafc71e8aec2afc3f8ee,452516514.37112826
f8232717e74332384075dde8,386237289.5112243
f60d9f0751a14efe41be383b,369285074.38302046
13adc7946bd4e6e3e4416e52,354337159.65324813
230cdc90e6c825d391d5025d,485348417.0089949
e98cb170e4383546988c6829,449823020.18535054
5bc46671989de2534553ae49,611605058.9496547
3b98c8e46cf8477a1968244f,390749817.8992965
f9f5fa4ad495197a5c9b492c,370528680.7258204
0bd42f8ee9d36dae4cf35886,366038164.9658808
567ca46ac91cc53e3b479547,436142063.94570124
f0ebddf2bd5aac661e4945ce,952009986.1672215
eee841bc785b1824b6419a73,487984345.13300604
004776514ad269b380581066,494771336.68916893
bd3edc7854cffd6b6debfb98,493738940.3531739
0b42bbe66e438fa81a2ff77a,598961723.6468775
a33bfa6cf99e26bd9c49f8d8,631142790.6078329
8b45db8a4f2c0f772c8d44cf,411699693.5221539
262b5b0bb408d7cf53073832,643756468.878914
5844c83fecdf7e09b188c2f0,529249589.8070432
9cc3c05f0e81b8f6454b80ea,449990230.5460357
07c46b493733d74c4f384b79,477437067.9797294
932ce2fe93b8e1ec0e7bbc8f,387349125.1195331
559fabe06aaee537322d0af8,418181912.01923573
f4da2c8dd901cca9cdd51025,532170198.8882218
84eb4861db0816bc8722f379,629339586.7519534
d0dc69570223bce949a4c17e,911083498.5605528
abc2ff9d0e7848169fca170f,388065602.87242216
3e3880088f0df7c447e27840,444544544.3403327
3580dcbd0a6d7d6d3546dad6,532996693.77057344
f123231ff18912a3dfd7cae7,492961386.0144637
78a7eac41dd672cd1863e3b4,907837822.7532392
97def72de478566ad58020a3,671724973.343475
e3e2e3080cc309d34014e8fd,483407947.98027986
71be583d473084bc0608d066,569328492.643153
ac6a4c672dfbe20f5bafbd89,631362720.1223953
f4fc081a112f5ee1b3a09e70,483621335.0322703
d8add8f5e0aa562a63c894d7,530306449.1726286
88ab887e18e38d0b8315286e,554546482.0138215
07c8af84608e6c9206ad6961,703528299.5345904
2b352d996677e67156391e25,691236951.0495408
ced624c6debaa01c732e9f60,738103760.4238483
ef92f63b46f27ccd2151a21c,630711190.7481947
f4022026c279a9b77a894ee2,633545126.6714108
e2e2218086e6ef5377c01b68,602607854.1000272
4af83eb7718f5823ae69fe47,714758243.5232086
ee98e745afca6de4550fe570,629537404.6386687
bd1fda425d792fb0de7b4499,483222484.92113334
86b2d3ad1dacb372734f810e,444544544.3403327
98abd5139cc3ea136faf7c8c,838741231.0429171
4582ec985de48290c5f1f5e1,508613972.0731531
312a6b2a57dc6947f95213a5,381130128.0411931
86a47522586da2884181f128,650481780.4610853
b41edc115f6b439caf392941,392457155.6099394
fac682b61b813044a3e3ad01,788925534.0948554
63f4e57fb2cc22659e80d6fc,357927608.1582249
4310c7a552b20afd46f930d9,799330446.5142493
4f18341de355d2cf57a03983,401602885.6527501
a418dbb6d04e505c133c6c1c,688431404.1769252
afce1d7c5576dc49c80bdabf,665183111.8551397
5ec12159380f4d1a85e8b0ef,521434820.95832646
78d10967c36cbf346bd58f63,583755856.2864742
f995364cc33c431b3c93db45,581370991.4788682
99b31d0b5d5ab75a2653b1a1,464859752.3846295
42d42ad031a2c62be9b5cdca,631419493.5932199
73d09646de4e0ab46feaceba,396728509.8239269
bef4759bfc25c7d44a8112af,530466067.09857494
c038742e427830aef3ac1c17,408967217.76203316
e96a7f5424558193663ef6f4,638764340.0094143
1af243eb63d893b1251f44dd,630711190.7481947
a083fd17c5e7c9d33540b922,535492953.1024758
549024cda1c093c9f8bc2ea3,427265707.4789199
164cf5fb9a759f2e4be67b6e,637179410.633103
65ff6cef76efb4c83ac0611e,658088875.9943396
784b1db005d39c2f57666efb,534839703.636928
a2f06081983f748fcd74652d,673442598.643815
66e4f010db2febff23b4a4f5,642341612.7384465
9702cf3039b86f97c003e20c,922790908.7678859
48de5d43e88caea594ccd27c,763764611.0228319
6732c28a236aa1ccc0cb2c86,869672565.0156366
8a1d1f70adbdeb233ed3ec3a,927948164.8747765
c775d4f60fea55d5511da4d4,935868488.0479507
1f4109e1a4b47a9b11c2c019,840115401.3064541
31ef69bed8e54b5e1fb245aa,794425020.6237541
882907ccf178b23a02ce262e,482641531.5754662
2868ac4225657a13f6149e6e,883278512.6577345
cf6f0a3cc030024f4e9ad06d,679173057.9271562
0a1cdd0d5c3c8b973ab1a98c,1296843170.3110778
0d099b1e1a314dfd9aee5293,648433461.557813
898d1eb301c92ab6603e0b81,686766006.1257246
9fdf7d85fc65849cda3afda7,754714401.6352053
f5ee97750fd4e04eafa9d1d7,858203941.1325285
ef9cf29f71434be184a4ebd9,520015883.31412685
e4559824c3390efd6282960a,521751928.0286323
f8dc73052c66ab334cb7be14,744108397.8069695
2e992370de3eed4ec1271589,681309392.1027963
e2bbe9221780d01a265e2ef4,780841940.4505693
b65a2a140ad5fc6e3e26b6e3,610113821.5540936
3dea0748459a295fcbd2f0b6,561827487.6741968
7a1cb1f751cd36bdb6412ba2,585517281.1420699
1381c0399ebbf19db3a11820,610113821.5540936
479b2c9c12602551bbd0212a,778528039.6411736
d463fae95232d30e0f78f93f,610113821.5540936
d0df2748d371d98d76408d66,803950419.2783715
9551dc6098b721dd495e5c57,1253321620.9265008
fa736ec3f2f066cba4328908,704869202.006539
37fc4ce5dfff7faba6bebf8c,703597477.6438664
f336d60e41c8bfee91d58728,733123525.0726727
65e1a61d984712e76829c821,923201850.4361331
65eaf65f8dccb8e49a93b753,821636276.9469526
36eb8139a5ca1b8459eb52c1,890801191.9944507
c357cc3d2f4b45ca3e1250d2,546391475.2200936
4b75f2b374e8674e8b55eceb,1211352998.781649
9c20784acde0823e9479be2f,804469946.4743128
0f2aa0d9fdcfe894caa8fddc,972772626.1676934
23374ef76774d4f95f022473,1363158093.999858
4224e69acf9fb071d4cab498,1301379828.7267754
a41d05f2ae3e022c16088bd0,1288838921.0144892
9b30c679d7da9169580773a1,1223926767.4379556
2795cdb2f4d568a782dcfc3f,1329490772.1594799
5399af7ea98c97b5906efe1d,906724423.1362876
5e93ed2a9b36625c4450b5bd,1120093147.7538702
d04d42ff91707e3957b4a29c,1303681995.3474581
f32ea78bc5ea15d700d3c118,771681047.1092625
8ce2d6e505ad1da079f34a8d,1115114037.842201
014799b9ef7d5244fb6640ff,1366846091.2083893
f50a72cfa82f3742189b7fc0,989455348.696795
8876b38f90f5571639b7d879,964345499.0396379
239a2dd25f604c730136c720,1178703703.0850136
db297b6ab332cbbba338e7a0,1061758196.3058014
5aaed76349fc95f6c12ced7b,1289306814.6346288
10c94f25ce3f7532bf4f3152,1106790351.5357242
d0ac1f63c75987c92038bd30,1123054048.654498
db5ea791b33be91840a6d045,917888863.9495547
8627562772d9d63bac507fcd,993610699.3484455
b1ecdceb6ac00b6b047c241b,1540926533.2498374
f499c1513abf0b05aa1f460e,1355646985.0289688
0d8b0ca08838d1dac052d51c,1185911002.1142876
c54a573c9aef013dfa2abeff,1188525024.5624568
f02865ea64b156bf4cf4cfa4,1180603672.4399014
087b564ba475edbea431d4e4,1255033025.5058343
2d3236cf646f19a25932676a,1188525024.5624568
68b547621c25c7418cfdf5dc,1176360594.8671362
097a1a08a389439cc2c760f8,346411101.9448725
e9c905ff64c7e2f8c21b0a9c,352530302.5493716
464039bbcabc650d659f6683,589777432.5220059
93c24fa31fa780d28ecbc318,547751331.7841072
a73206cd21136b209f25c7cc,395855238.8217743
852a11f12646f0a1121824c2,426473317.45113
61953f4c9bac7cac5ddda5d9,1332578204.9662867
5a5377f2d087b7bb183783bb,591434529.7712852
0a85c354c48921e0ca202d15,1342965934.5684016
12f9d50fad58e4e40a187d98,923770945.4594587
45ac018012e7dd91d41a5876,657501613.5030439
28f905e91295a47d106a3214,1356607712.955741
395e3718423aeac3d40494a7,575700835.7715267
1fd7e9b1e717578f751c21c7,631083937.6019845
e8bdc4a088a6b99a538a6f0a,433832488.3704643
45b894a8b028be29ed137f1e,1518144475.7055566
f5c866d489889ab2f124799c,992464721.1413218
3d0de71d822da8a999bb6222,496376990.43863475
ecd0b4bfd66fe04c278dd4ae,561050358.2239952
9a61bfe6ba2b8364a92e5a97,1246977622.981274
e8b8d0c4cb87efc13344bcd2,1231094218.9437578
1f39ea319382fb0e41ead713,1313673391.4175973
d61700c4ecc128290bc42d3f,371171298.8302964
d87cbdc4896e0e0160999520,405553296.4691093
d1281c9f037ea5c4fa683b84,361892380.2028441
310e768d2e8836432f8b3e97,432696983.54421306
c5498cdddd7856e99d21f52b,437920870.46232843
d3169d4a467cb7eac41849ff,683748106.7486808
2eeb4b0d7afa57b63778b69f,1380546569.572563
7b3621124731bcd2e543562c,774794414.1292857
5703b4ab6e77d88f751bc6e7,684428140.5381536
2c567face144ca714454abf2,1119458794.4204376
7169b5a3b9a796162de685cf,1232776389.3101315
fd19e1b2e61f5efde879f6dd,1005476092.1495572
55f0e95dc857256aec65ec1a,1558848403.7138019
ab03c034e2a420f395ca094a,473450826.2253023
ee3c0c7fe3fe73ad0449870c,1481385994.0845234
e59afca092e0ddaf60c9419c,752342383.0198747
99e48a46a1a599471d3260e0,427808488.6765256
419398139a3aa2ca2be3f941,564135842.2860208
54c33befb89cc873771c3be6,1400614480.5019443
cb29bd3ae3d5da88c99d3db5,756128397.1337564
24258361a4ba8f772a83ba7c,630221554.0270306
539c12d2fe8cbf950b75a0fd,424496346.83866286
7b81996f3abd287b50adf8da,1164810282.5453289
0d9e73c14529fa3f1ec8a56f,580955104.4624103
dd178fd542fc716e32b4136a,644333706.102502
9aad22f3d25e46538e1558fb,859272870.3229592
93df4118ec3536b312822d90,966512747.6419034
7c6319c04025c4ed6aa3f051,580955104.4624103
98e04fd660ca1276d1510a72,491483990.5988394
4a8eaccbde5a4a6747818d29,869380348.4893241
9f6ae3eaafbdfd8d5c0e64c8,1197896564.0341392
5929c81cfde8ae068a8b822c,770541092.4418484
b94ea2b8b847a47140d04008,983161546.0732676
ac1b644a8d2ec042ca91f89c,1166040801.0809424
8df9256029f526ca313202b7,915629063.1330237
e029511780468f4cfbd10d3e,511744398.8741146
0878fd8b66aeb22f6af2d7af,430060098.5725692
76258b7b7e8778cd60d3435a,912756389.6016246
d64a2ad3297e2fad8ce66197,466907059.9634062
8af6bb75c85a2789156b3696,371465984.1115856
40db880aba8951909e6e4ef6,817380028.8700982
c9e20cadac540faa59d9aa3f,386630415.7590175
7d5459e48101349c75d43aec,665722642.4586287
fb0664d59b6333ae1861f343,835049700.4541909
bc6b57600fa9edfe13fb3118,885315759.6624597
d309cdb5688ff7bdbb682d17,695706061.1692288
d17ba799e68d7775f2104b3a,515382020.0873217
2baa6afba131b74487c94d74,626456044.2154046
0b7c8732558fc04f4fc51ec1,820770494.9304178
0d8cda2859d9903f6202af54,426085594.311591
0f2913c5aa681a2bd45a5484,823826011.6917156
de6010c57fe78d975be38c2b,824846292.8044322
54b474bc7cb126bfe8e6c144,1111339612.8947582
b1dea7d384760535b770311a,832534562.4247249
9e90e02c8ed3ad137e4c3abc,418256027.9404927
b59711a5971a3b482db4d9f7,1208440500.8945537
2c37a1280b18e095b43e19f5,745448621.4171212
fcd7c10d81aff25d9233214d,508003284.4229328
c3b8bbc492a7d7bdd63da22f,1005484110.1400765
42aaf6521fdf1dc9bc50f88e,495182435.966289
3c268e9119b8027f78f91954,612063838.9215417
c8d5a0e9614dcf96a500206f,465740754.26209825
6c778557da9b5d99f90b1238,789474173.7088057
4514844d15690b7331fdb6cb,815997334.5514464
d8e981acf77bb46a9dbd3109,700062038.0616487
b940ba03ea60d4cdc5d2d429,1203681415.8759828
4fab4e66ead1948498d2a4dd,401830070.58560055
a5620899d410af623a3ff4a9,1121680271.6818986
f45e3be8500d7bd91cc8855a,395525954.5765189
4b82eef445edeae7a55fd019,587012976.5054476
29881785ae39aec014c4982c,1144170545.1419992
0d9f91cbcc9339146bf75bba,408519440.87331325
b839e76df5d73e7d53691707,768740530.875658
7ac96f16bdc50ee7619f3548,863980564.4689689
a102a0a268840439c2c8f4c6,393298489.4684649
e1132006785632e4ec5deb02,708222337.2306247
a041ed3fc0b60fc4ce3cf847,823317793.3630707
84b758716f47bb0f4e4a2bed,528476906.66997445
84394774ab45e0c8b733bed2,527849706.6386266
2c1c91f2bb4d9dae38a44360,416442804.49909985
8ba9304ea7b8d2b071bb0699,656988094.6177056
9a76cc7c650230c670e703e7,910481551.754365
9b0833992397c6e50b54715f,832260746.3149545
6f192e6a537c1509521e1e8a,907922451.4203628
d1668e2d35a939ed126a3f8e,1131007283.4049308
a17807447696896bb61ef8ab,843192274.0405972
d043d368d2584ae95ad3672c,818393911.2033262
7f2e3f2eb5abf86b56897250,702879256.3904587
fdb1cffa6b7346fde667d72c,410196658.08158505
58a3a9f44bc7846ae26413e5,673272597.6988719
af230af0c73a5f2b72787c1b,1177512084.0983102
3cd5562115870363ed5d7558,836452721.644327
cb9d8fe7c18dba6827836403,819503362.2183218
742fd57dd463c1b5cb79f63e,916949325.2258701
0d30768d188b6bb53d599ea1,1054347432.0854753
c455b8a15dbfff94c2909f37,485699326.24069065
8541eec88f0dd8229b4fb041,418952755.1441691
54aad3aa4a166d2d50df48cb,1117223049.3116417
eb9a59d4e85a3f124e866f47,1032001141.4386643
d65946f9c27e417e6bc60057,392520553.12498206
dfbb0ed74ed85bd186f40ccc,432083496.2101797
84b05da6a859ff5384f37ee7,464430338.4063707
e2da7c1bb33be76b86b9a07a,464353432.07795036
456243bb3fab3e74df21b5a0,411669132.5918109
a947c2ea296f1da3d10b0a06,421691758.0731916
3929df6d73b3ba01bc018476,362053142.1728736
ce44699aeddaeb77f23c9b9c,1331981549.2361653
3cd3537b5f9475657060cae8,1518429926.9492419
4520ceed2e5fe3458850a805,1181999648.1593564
00dea98fbfbfeae74c513bb6,1233767029.34318
16da41b1128c039ff8f83919,710793737.6045527
111d509185303ed970d710c7,1173990419.395988
83ad1ce7ef6d70842ec986f2,559975412.8466593
74f8ffe35e8d3bc9be725d7a,420245543.2510115
f5e7ab7c2edf566fa22501b9,1147973251.38307
2e1f3fb2323fa16150f8bc88,512785947.17108685
f8bf37a8f81a310e299385a5,517739967.60945386
7b71229680a50bc26677a427,637952487.383427
1f7daef9ba898c4d8ac1c81b,565359278.2229065
415b68c7a5cfb073676c443b,419229863.3893285
856559e93205dd1561d8ada3,703955704.7292308
6d534e4baa1740d7839664eb,519074733.58301127
9ea78159ad117bd9c0b04291,514493031.7012117
38faca2d6e338d328428f986,439025263.3050018
fcc6c3c10bb52776accaf06f,715591896.074045
9120f0e5a6f505a2553bfd58,1148753868.3238766
583a8d8c5d7fa63125f62155,743201215.2867332
3d04304c8644c81114c36f98,838773463.259765
21fcb5c7e497f0580b820379,976225424.4316616
6542b39cc8d2d13dc828772d,819207664.3717054
091f6342ad934f4e7f84045d,1251759901.5059988
fe8305e287f6a8e7899c9459,531017450.7939495
d4492ffc4aaa4ca9c4dd2357,785971753.3384153
319b9accf9980ef2ef81099b,894229664.4864349
fa84c07cc90e2a2058b57c9e,561366704.610073
c4749eb8f59cca469236df01,415614408.1499554
b8a5928cf1f7e704e9933bed,953591669.1474814
c2ffdd10fe424afa1b09f31d,497677511.42684174
f221dd5d745def063eeb7258,769308165.947506
319ba1ec06c9b6ca6990f4c1,1255133032.831147
29e7796eabea247af4e8a0f7,432466629.881161
ddbca69ad74877086c4110e6,1137288010.3027072
c858f0f3f5594e7bb0f3b6a4,1157845728.8829746
88ae3f4a8ef76675c66e925f,1178436250.7204137
27e0810a702796d97878c34c,725994844.4939682
7450139ad1b39b2a380472fa,1288204196.0438395
35ae7661d8191507cf9e7cdf,812759350.9743847
93b8ea95ca1c1ff3881d91d2,417707821.17507195
8e4709859d50a75dd08b03e5,586885598.751432
7026113e0cd7b2d17f8a3459,726460904.3989064
9af956dd8d83bc715592b97a,383113676.77869874
df10ecb67d79e645f77a90a6,1042639934.5990615
14feeb619f409386e6eaeda5,431210256.5211702
1a6b9a6d92ec5e905ac97cce,782210562.1157583
057585ba19d6144408d4e2da,495668498.589453
72699647b590d11ed9b2f2e8,402333136.53486866
cbc99d6202cd3a31e1c14a16,547228990.2777476
ce1d63bc4411a615b816a76c,1167711625.8026397
04f0fd25e2456759753bd2bc,657275367.4507544
8c0154eb5be437746213aec8,1112005082.528776
e23017438478050a655f6d67,930179229.684576
8f0b6d6dd914911c7e90d302,1157359336.789307
4b38595746dcb78fbb459781,667580401.2884976
95aebb36dc0b4ea86db49492,1399731379.1565988
f900f7a9c5e2ea51689e8992,1074245195.6114378
3fa0d9e247f28968a5bf8476,392841127.8298363
1240f50cf2d8ef1d8713e671,422739921.7910169
14a55e5887af840860b41ddf,437187733.1940374
3ffefb3f453c54585fa6ef22,787854478.417479
c3b357d17afd631df02dc39a,971792571.7257895
a15aced0fffc97e219f99545,374618774.5556039
cf707785919dbb92cfc7b5f6,1216766797.8683717
70ebbf6a402f0f707b893979,566858238.3245372
aefb3cb6ad2de9ffa90b9534,580111503.8527013
b2809471a0164e3d41b8fa60,1137550915.8533168
6d11001f164d81734a82ec1d,515070816.550828
ad71acd782a4fce4d9af04be,589276371.5525047
ca86f53a857c23b15eef428a,1052075796.6549424
580452a616b4f5170eb628d0,796127993.2063543
7dc609a3c7a3ab1f9a3146e6,558988520.0230414
e8fc9a1fd4b39f946b914398,472253449.0525206
0d3bc6532812ea618d154bdc,1273667396.4350636
1ee436f045a0662037f9d2cf,882062238.3194066
8697b1d337145af0ef8e4619,1481373920.4030929
9a08127164a0bb61cefb3680,374081889.4764094
e08e1f260e5c3231c49e5a96,442843995.0069492
b96502e30fecdfae7796f1d6,518341795.16265565
a0b178016cd26a1d2072e7fc,444426838.0359938
5e3d7da3cfe55ad1fe609579,799177818.9271224
30f77637dd52e728efaddd6d,1035863634.26917
2202c5c9a16b771d1e242c18,974001416.2814697
3dc8277f29d0a2406fa25ce1,967622547.4243201
a0f86ac00934b57d85b44dde,658318239.1337725
9168a08b1fac4c5448626ff0,649728005.9210161
cec8daf847f52cb2845a9f58,1078938363.981768
ab7559b75b340275587e50b7,1460001943.1506922
a392f7f9ace844d712ab2b4a,1261097685.0774248
dd21c6799a32ce6ef27f5281,742401978.7196834
275ec6bd936600c7eceac599,1463008446.2271185
978195f1745ab7e3d69e1f50,1290578119.7084835
0e3f82238c54e85ca4229977,758034308.8524127
bc168cfefe964762cdf8755b,816192199.2553824
d22d5776b6305308c9e774d7,610660691.2671837
94d3fe901550dd4ba77ffbaf,1112350456.9169486
63717ed97f95e32b2ca321f3,1170972373.5435169
a7df0496d6ce217fadfad10d,780556987.1023735
51a696388218fc2e412f8806,654223468.1507859
a918c218ff761315988c6335,1086521771.8940716
d3609eabe59175fcb4441ac2,1386174800.1852462
8af2e264b801b3e155e52be8,1544501627.93055
76e4ebad138d50c690f0aec1,379078977.9856489
9a9553eb431458a3e30fc672,753647797.7858922
117f37774a78d65f9e68f906,458724069.93295664
0c8b133effcdbcd49d52add5,1178995389.3435032
5e8b2528c1c0a5c12a476919,1050009553.6221799
38d6842c2807d54f386bdb5c,1091912666.695291
55f747145222c070fdd50175,1059959587.7462405
ca7d715827b39c417e5b75ad,688966903.3812343
b219848e66fb065d4d2441bc,1097790276.772758
a04d3f4eb8810a346fd29ab5,1181980683.9450908
0b06da0ceff947975cf8951e,1153921374.2529635
3f35c44229ba13940d8a705d,1189204437.4510217
8bdebb8914fbcaad625b1764,434304492.2814517
f4635193372f669612744011,1236320217.5343318
611a369172eb6e3e2e4bdbfb,1262348030.9902864
6689af92cae5d7c9c3e2f215,1119695993.4108603
e382002b0685aabb01891743,627754618.5224779
edbb6dd10f8c9e7596368225,803288942.344443
89b0592a715c9e135967f947,620484547.8926184
a67c6f6400a176e0a07d6772,848062683.9148153
5c6e6dae74e39d33621c7119,1263711432.3023095
0e1c100d8e57de8296363d6f,476002059.11891824
e2e639b53456889ab5350ba0,429450088.93564636
93acd9176ff299221e0d2152,1020805287.9796287
cb482d76b3b4904c595f2dc1,473968714.7786523
a0e15809e0a284fde27b16ee,1108080373.0696542
9a958690c3947f5a8f05cc80,1302850926.7426646
889bd77c8271961a6e4925ea,786980524.0667981
dc082fe46a714afd43b9dc19,723055189.1520085
99f8eedcdc31cc0ff6fda7a6,397265744.51653063
dfa744f733abef97d82dbb32,868478530.983519
d50b80d68eb3b928e4bb4317,461045935.45163345
a58acad50184e66794d8d704,771861923.8094519
52871480f7bdf5ac3d785630,828517302.3064805
8b083d7ac086f52fd2942a82,738211522.0750399
301ce25214ddb4b5144373ef,1302452691.0219913
6d76a22793aa9b571da64572,1117988106.200422
d7c48db0385bdbf7ecb7088f,1445895242.0002964
874e2c6f3e9f90db80d243d0,498923815.8674442
249667af8d0835c9830e2b37,510158731.0582099
75d3c9e0da9a24f4849f2078,461011039.65333825
9e45b127ea0303f973bac9d1,365154024.966415
daa0be53e7a1d7ff76f32955,614696072.6451819
bf7463534babd284da6ca671,396629299.0163667
0283890ab76b10547b27e634,687503205.6319135
5fd213a5236154ae5206c372,1368760214.1785383
317e95fad7d399673719537e,706276724.0674212
fb14ddcaa459b49a3b30eb3a,786902103.2983698
4cb5e4aa83c476a5b71d77ce,849058099.2727606
f54d358d26af89636906f686,1389041882.7472603
f002603a6990ec405d82cc47,1400614480.5019443
e3b7dc4e8990f3cd436bf738,681695969.3187466
97c799300453ab511bd06361,951664061.4631546
3c1ee7e502c6bfb20873b47c,605345685.1059439
cf7741583fc5315ba70b70f1,845809867.1746703
36a0a1f0432c954604825b6e,683271340.6856884
9836bf9b64f27104c7863b79,791190086.7619073
68a3f9ac977f56cd39a6a1b9,1348738851.7799678
b676ed2d0af6807cc2b28ac8,1348854466.804581
430112bf4fa9324f0149a879,689572246.0302308
fa00e05d83ee890a38c3a686,821879326.315227
7d503f126b5863fa0626d4bb,685607714.6265861
ec03a01c961659f2cfd9c973,740369408.5225807
6a112af84d5a81f3d16dfc32,1158194023.6761289
4c5d3dd8802acb9ee22ab912,1096333361.170757
d029158b36963961fdcc3974,894201601.6516278
c2071e85fbffa3d2c2168319,791896468.7401645
60a04215bee81d26f20cf0c3,644666301.6553636
6d4a961e099de1939adc6496,773082466.3116165
2383b8bc2cd3d307caba34ba,514403678.0729712
d9357452fcd193b6c5284bc8,1531795455.3449535
863f8f2aeda01a9fea1cb3e0,890292054.5864367
d1a6132098a4bd640321c7d3,708471239.0503076
6edd2530070918074c8e7d07,831398276.8069826
1cfe7df5431f3dc6a9289551,1373592574.229896
c617d1f15d294f0b0aea8ed8,735229286.2257963
bbdd78a7ed332e679c8e526b,383599791.9962068
45969f25857aa7263927b400,1218466514.3340223
cdacddfdb6ce41a3eb752496,441408549.1941674
3f87d08afecc4aba03587848,1324990350.2215846
f21d2c0802e3858d493c1984,1043250000.5699104
660f3f9ed9a72d8875a9efcd,655850995.9821078
04e29dbe2175919265c82463,1135435875.2355013
e4082fa99f92fc7a89092fff,964249466.960908
05402dd344c77623fa053ffa,947474248.7446737
c5f7f0323f554a7419f78359,834844326.2489836
501193fb57014ffbd7bf218f,510419601.4582399
0922cc27581d9058e55a2239,469435942.7316537
4dcaaac494053749f30875fa,1105307971.5223608
506763d35b04358fb0e967ff,934359656.5757746
8c40078231bf7af2f3a06457,399315567.70741785
53e14e867f8b02c6043ae02a,398221707.2841214
2364014bfd851a68a824d1da,1192020735.801553
f788ac4a8b2a6dc11c458c90,777864124.0415754
093c849ad2bea8292c4d15f9,1088349283.4416993
71a8b68f38fccf71a229df76,610563238.7988575
ebacfa0a8e569ab603cccd11,423899737.09608924
c963faee3ac527dfab08f61c,585684940.7415066
ce3deac5963eeb96826c14f1,632511991.4320354
5607cef08511dbbf3288a5bd,558345163.4709378
8a9e6d0839f9fabad2fc3214,669906414.3361964
ff03a8cc833d067d439b9903,1193619945.3493557
d3e119e8fa4d96abaa8c43c2,986994996.9241093
25b893f6073bd66258a9cf03,898005406.4939054
0d70ceba3aea278cb4a2082a,964900103.1494169
07f9017eb4b8c169eb9de536,1356855467.404573
7cad62cfb4fc3ad9acb09f1f,519981323.3118105
41d174db6f695472063ceef3,789309303.0781372
4ecf579a5d5e70d3b4314ef7,881275080.0799359
41df29e27c0bbb52aa8ffe49,584851303.1480697
cd77cb445eb0f72df89b9fb7,941529878.8604382
65766c8572b629744f00b45c,628251036.3657029
946eb4523f76bb23d0348309,652637985.3753589
453202a234f5b370ae9e586f,798323500.0246743
4e1b5798dcbed1842f260b17,737805000.8482782
f1cb3c0b97ae1c6819fb86e0,1548785694.5411513
24a89527a6744456750baf54,475153499.67559326
a281d59b685eda4978e0c84c,1184099026.1713815
6cc9d912370da36c38ac2cbc,1158090741.0203779
10563c278e7ce8eb2066d398,893600147.9789168
a1b0b8d18cd78b7cd555dd55,979937876.9634093
3cf9282136fad24af0f7ebb1,712578708.5134383
077659c14c3cebbe192f8247,1053958934.4390072
c372834e8e7a4279f861aa4c,419341347.57130647
29daf0d5008fa9e3f0f30132,369831066.82924455
08e1ad8d1f0be0287a395ef6,483085922.31894827
19c07fc2b01a0edec4784e64,715571182.408906
c2b5216a8050ea0fe4008f59,950229395.6584511
29cc054742b256e6fbc6da1c,718449787.2674717
755a3e09dba04bb6ba6c9851,850768233.4378848
c98157c582392cb895071f28,817319104.8260341
84f47e531a916b7f7dc1f1b3,739499439.413735
231688922448e4d64622120e,595685121.8471771
9c7c68df14c238ce0b497dd2,1385785167.790576
d5e29042106130114cf3694c,425495319.41573364
08d4fa42a34c74c94db5080b,1245512037.2142837
e89fbcbd4d3414e30c30fc29,842322754.9365201
22af7bb676cb4c9ffe014506,386745827.72173387
b20d6ca58e91ae70b6e0a1a5,1377135725.9129977
5c372bd1e01f3243256e27ca,430941512.18172556
1242d7e61857ba8ad285b6f4,1439676343.9546323
196ac46f656726bcb8087ba9,814345172.3586723
ae513b65e06b69e1ff2ad8ec,392732327.2729072
bb26b45df6a70b6414958912,390450700.94084764
9425283b41165156aacfd43b,396388252.46253514
689b510fa99bda54284cfe7e,687450878.3457334
c57d333e383039db0fcd2620,962340781.4700938
86e98ed0bd2565b661b81ef4,1095523369.6961265
0e694269bbff1e45395190d6,1242522806.0889153
6511180e3128e083bbbb6940,1224564520.4694898
59b271bf9e2d29ed35352f5e,393833847.8923078
a4c324b1353d2f7ea3ae9727,393833847.8923078
193ff8d291a9f163a4f3301b,497975840.96795076
8ee4a7cef562d388b8444c29,367973933.629627
53bdf5c3cd800459acca551c,517577949.9341318
35ef99962cd5984ca87bd326,529639203.32508767
dc33d5ffcd2aa2b7d56d2ad3,705501039.6218189
05c47739fa4c4f00285a2c48,1153382065.548914
a51d415712d8d6c8add7009b,1063613337.0910918
71493c81121558b8ba18c1c8,390450700.94084764
853a14b680761098d4bf6136,784833663.2711148
c9d5c08973c493f3acdef892,437457615.3008934
7dcbeb0aef2e2cac0d73315a,378021633.3205692
ae5a4da0000f79f12142e2a7,898359880.5080323
1f6050fd5261a2d21d5a178e,372881234.4196664
e3f39c6e4a41fbdc4bc30e0f,768382179.5592543
9d157878dbb41c14b52a956f,439070417.2153768
e1fdbdecc84b991f582a2e00,466411507.38062245
3a26efe201689493724ba464,516546415.1567332
6670cde3fbc11c263c6c3163,556686236.215047
780ae52ac9eae675f6fdb312,415181569.80839664
24f22d76b86498d5c3563288,788059257.254453
fda25a0b6b9f62f92e3ea6b8,1881161454.9932456
678ba0c80536dd27e385b31f,369948336.0594312
ba0d0663943a118228fd12bf,433662803.5634872
81ba4b47e9222c15c4102992,490129425.8659704
d9ec26c1c3e1811e38f070b2,448020314.47722733
aa850af0c6203104e6ed02fa,488512174.2863831
c697ec00214cad882d5e9812,543968353.5793432
4b193d78ea6e3740bf37b36a,555524501.0238236
08c61259a756e617d976e8b8,877901882.6913426
c1c1dc8df6996a94ef3c7d33,432265323.09510136
3fdfa23ac43d1df0503ccf1e,962755484.979836
bd4526ea5b404df442892788,410887007.8955396
1062419f9cf94418ba88b6b8,458085424.2407564
1102f91444b8e1abb636f1bc,964072314.7865871
b96b4bf38bdbd61d4dd0bde5,1093819349.7395601
45ee2db87e9ca0a1a9faf050,711747343.7022828
556cb23459a9007127b3ad46,976080306.9528775
a613b18945052b4576595c4c,926879783.0917456
fce385656705a8f4389cbb6a,1062697937.5071075
bdac560af3e155db33d13d57,916092623.8736833
fedc2418db2353b7c97a260d,1164580944.5751026
4565bcc95c54bf0c8d376eb0,1000204910.9928983
5fc559104e0ba1112ce00f5d,1130232679.324999
74fdeb4c56b29662f13aa8ca,934570102.7148229
fbaf74ce4c2c6e88950d3fdb,926415581.361431
5de0f045039122af0052c544,971272662.3967592
e18337bbdfb106a3f1739960,516771148.8726371
e1b9ae3e0ce3da16f18e1079,1099891014.883534
a57435d71ccc5f032baee302,715895913.7945911
fc5e8e45dd0a338ab5835428,773501693.3746284
918bec54bd7587daafff66e9,723702478.9465387
86137b9624049333f7e0315a,767290599.3885337
0fca6767d8f442da1f8bc6d2,474552930.0500335
3ea5478270517f299b20bd06,744623920.9686384
dfff73eccd591bb26453eec5,570782102.6693479
e2dad5c148ecc797018439b3,818454973.8485781
b5a62d480bc544f891fd8521,921085954.0292434
cb09a84a1d7b929607d01ee5,899212907.2938881
af067a8546e1177eefe24916,586946796.5106982
d6f9abcb58befa3d05373a72,1183891457.7319756
ec2f16aabd36fd9ee2203276,1518326267.5364678
dcafab7adc7b763bb934496b,947712882.2770258
ede43dcb1715b959ba34a37d,713973670.9645575
40dd67aeb6e9979211c9345d,730416199.9934387
31f630c44db4be5360a57640,986220971.1411573
ee8651631861c1b94283a953,1222194655.4224765
b7d245742eef110adc91b5fa,1054191597.8872446
ffc49242bb0edf3e22076501,1250411604.0417442
5c5963c17bafef1a1bfd5e03,1146508757.1283743
6c589b7e6a3cfad34e98bd87,1038283382.2925779
71ab3644da08b8cb0a0b34b3,1088396278.4620392
aa668782ae5d0c16e57193fe,1182194024.7400625
46673c69814a0b3f25818dee,1564961537.4822514
b2a417a8d2440f9124fd2ee8,1138604951.0715888
3e0ccd899ad73579898fe73c,1428919894.0418704
e6f2c7d7317fd433e26878e4,1332314714.7804775
2d91b3a8c62b890fd246183c,1390394477.5679257
fa653848d69ce620a41a73ac,1156292477.5846903
3b6c94e3e3684eac73b3e7f6,1511730225.2936406
a6a07d35b3834bc6f81beb6d,872063744.7578981
a39617b7adfeb6ae7d5ee5f0,1457283660.1594977
95e5e774dac6f0159e8afc0d,674474070.3739263
995362e3fea8e54538ac135c,572698944.357336
42525c57e13abbfafe9bb395,1505041092.270109
1ae6fd60628e7d186a5e0174,482628515.8886015
082293a465231208059c5d53,479534779.61173695
732615f6d1526ec9bd519eda,407488916.10364604
99e9c4f8fd7fb7929da10a20,400499486.3165147
1a75e436fc23e7f48e639b9c,438119644.0384187
54cdeb67ca9ea56205e4e533,1261556464.370354
c412ab869616d6576cbb8309,651743856.4310349
b17840ce59c9d9619b46534d,517323637.8307725
a14f071d8e5c338d9ebed23c,408955674.8199407
84d8504f0e860b0760c3592d,1043367726.9364091
a3d03a25f84f4d50d2a308b0,518470130.47369856
bcdcce01d86d648c4502d42f,483431490.9896677
33379968a83c8a90c23e77dc,395949060.6987736
ecc36a3a4610829ee3f88993,393553779.17543745
f4eca80958b7a22922b0efa1,392399941.24255216
3b4ce006ef95420847da20b9,390163500.9207387
4fb644a95cc04f7bc6cda786,367456819.9935377
f8fad48343ee5134dbae918f,367456819.9935377
6e8e08e09da8dc598b8a8b2b,393553779.17543745
56ff1f7e81fda0c8491c354d,392399941.24255216
444f102b4d54503044154ff5,390163500.9207387
e0eae2174807cc7ada38c726,689854706.6323543
afde90f91b01b0282bb94335,513631909.2773702
1d35c364daa0f021ef263c60,382857118.66357124
8c47395a28f8177923d7b75b,398087602.78810877
98c98982020ba42198aeb45d,672254487.4617534
ff424474d2d10a2c2a1c1892,440624341.82534146
971a322e9087b67650689ea0,1041002876.9765831
45a7517c4d29f5bc7787dedf,644600458.8370281
74a51274abc8358d628ecfe4,1094591886.431523
11dc32d92ac579720303c019,803583647.3925748
4c25d939eb3ec218403dc4ce,820469944.4025078
55597a7b8637f24198415ed8,1095817974.9661818
eb7173223a27076d16b87f33,510104665.3177292
709d17b62bc95253601f243c,892013056.0057967
fdcf0e439ae8b2ff5730680d,948444148.7897074
2524e62e917e8a1aec5c9c26,584340956.0276921
ba601c13d20602c988d57246,842546328.0150836
397a7d1cfb809e34797f2bb4,775165355.2661846
b54d3ce25f3f03cf3fa0127f,397600991.80271566
d51bcf03d649839ca803c357,520657961.24379396
e9fac47a0f02f27abc96d568,1160948936.0205593
a52bd93aa6b0d965914f1101,830927363.9435546
16601a92574531c1fd57a359,704126468.6692094
0e64230b70f4a227b444115e,1128900642.057984
ba2118c330e19baf4f3ecf94,847471889.4110895
055e29f236bb61603d4ce9eb,979712057.075758
7c5c0f2d9a0e355069fe1c64,985691339.106902
e781547cf6f8cb4ec0742b5c,713932383.2601042
8caab74ced535ec5e75acdfd,517284388.64910454
9d64345229b60ad1853d94ce,530011595.4514252
d128186867f91603af4fa481,1066701301.3223108
f8fb6d1b0dafc28920393dab,1191117557.340607
33b92225cef255b0e4b4edf9,528886447.3525329
7eb78d4dea434674a230caa6,894375127.9797258
833bd3c8ef9d4da2f304a94a,963697978.1015017
331f0957d55d7f03df7fdc4b,1438833261.6857598
cee124f4b9031f59c4fbef47,1329220656.1317115
8a9663cb622a55f2a1a8e3b4,1385321900.2831368
25d4a0ec9301ba5d53deb780,735152984.087182
38d4b1837c595b6d9a23e994,1110921225.3827634
a21923caba05da05449d60f6,655324459.6064198
63cff4b5ebb2b6528ad34cd6,704631775.5666268
948c392520e1cb3a030ce86c,1191394445.1238627
b2e7fd7bcd93309664cd225e,1063585481.7101176
9d6be7123f2c6e610971374e,1531144356.1141965
3676e34e4824101f3fd9aa2c,932365079.2632141
f849ad486e84a82190675b89,687722194.4383172
2fb8b2990751692b8ef1ab6e,833318861.4018493
5155f70c7f8978e487e71479,1219780904.9613554
4f076c220dad47bd9bf248a6,960964817.8855237
480041bbef3a540df2a36ea2,981474470.1355835
4ca66e564ed478d06c471357,786855586.5426133
454e4126257189bcce9b681b,1254357942.3810964
10ce9c7a0a58aad19778e5f2,1158580325.5900517
dfe8e2542755d41d920e28b8,438398186.47164744
5115b0da9c95559dcee9e58d,1301248800.8797407
8a0053376ffdc75d0bdde77a,1294357711.365117
5688288ee38f1a69894ac77a,765455018.9979041
1fe514ada76363511cc79105,973024897.0209727
885a312d9a5bfa8a8db5279a,654694969.6239966
c716d4dfb5a3c2e1120bd84f,731539608.8129407
689aafdc12fd1610c2393a6c,920027965.6711957
c0c4ecc8d3aefc53c4c06a38,751913157.799298
30091c32a5046d563597bbf4,498924658.4235679
2e58c9b6fbe9c57c83bc0aed,1248562740.5892537
3f7c5d8304fc650bf97247ee,1058277975.6143999
56334a9db3ccc24faf138edf,810367026.6683973
6d0680692396c07afc1a260c,670264145.9984049
9e07dd563b6ff4572f5d9031,1021698816.9669585
1278c9fd86258bcb435e7127,824207811.8679231
acf0f98cd8f8c8ce06f30ab9,1512285034.2643743
5e3785bd517f4faa2bcf43d6,1131894751.4093497
cfc61dd41ee5f5dcb76bacfc,562584625.9749188
2f171883b97d9c02b90f93a9,352047719.2515699
46aa67b5e0abe39dae442d76,352047719.2515699
50cb49d65d04a5d166f96e3c,371542761.8558673
06c1673c4a7444e7aa80abb7,380855910.2338357
53881f29c7a6bef0ab537466,459437101.5206695
2b028932adc74c961170a4ce,383895878.21986634
f3a1bbe01d265470a2d7332a,438580855.78785163
b42d5b5b38686929eadd56d9,529651769.4818296
bafc63f23f097c24d36c76fd,720502087.459398
f164514211012e3a1686b148,578059559.7935915
82b90288bffe8c1c0b5a1259,453780190.8233251
2fe64bad1bc8a43fedfe0700,541176861.445847
da5b958667b31f4f9a1d84a9,736421899.4624234
b3bc9a04a3ebc1b911326735,1209757256.333868
9ff3acb07666d53f00d1f1db,680503545.2500987
13a44ce5066ce00846b59ae3,989413894.6681763
bb45c98dbab56e5abe20ac0d,938937696.3949182
f88bade1cb7ee0fa643f31ad,646829603.299407
e9ab6916a79b4d5182d33bf5,919449153.4622153
144162ecfcba71bf09048dae,816176772.9251517
19466034c2ce19c24a179fe6,759337304.4811052
3787f6da3e961c0e10d30e6d,1175333289.737386
908330b0d2651093c0bb6719,1007139573.8916382
66b7baef9c6c3c7ad24636e1,1056891521.8626348
69cb0f3d422c2c78373c2e0c,1348204553.324107
1e866483995b30ec7f79d9e8,860172726.1199884
866f2a55f42cf30c4105631b,860172726.1199884
fede7e1a7a6f23338af6f40e,1347210653.5566673
7447156f2967391975d335f0,759337304.4811052
08451af5a81fd6a63c4012cd,617185946.3649992
f63608198bfcc858abe1ab0a,720288811.5439287
e9a0dff7ae48bd3fa2ecfcfc,746863547.4601443
cc97f62e2fb9d3e31ef1c00f,1206763803.0836747
ed40f198ace8a4405cce7a1a,893082490.7330037
bf17b59bf2ac2d06894bd786,868724100.1653473
e118b149654cca1c0b3a58a2,1467003085.7221222
7f9bdd2157f6c3d488c77ddf,1154333772.2151911
9350225547486ad75c0b5ab3,1252453813.0378737
d1166776fca47427c77fa8e1,1125045568.2530973
f719b387fac4f688b57dc646,1334506344.560436
6ce8991a39ec7b9883f85000,1332130419.9004703
353743db4334fee80ac08d0b,1267795982.5888875
372a3934e8179422b5cf5729,1097093610.8584392
81516aa72c98ded9223db098,1279891287.8153484
9e80db4c35139bbb18775644,1347905075.0209894
12ed2c22a923c840ef616a3c,1194268888.7990577
7bc57b136bcec053cbd073f3,1193427744.392275
77a06084509952c6cfe8f501,617555537.4277189
73578b4214e2eca83b1e70ac,895626322.001391
527e571030a7d8fbbf1a41c4,966214558.5688792
961baf163a07179bceba67a2,1361480967.4567235
76b41682fa6953a3b20d3f27,1178202534.6805158
cceb25e83ecf22252aa92d2e,1106306052.4643817
210ff5d4404ee8578a5ecf9f,1103102581.2996686
398274b1c46fd88151420c6e,475934219.99992067
5b328b80dd844db2e946302b,396522258.4133715
4195fdfe50e42e9981fa2f4f,624741057.7494813
2d4031f171f965d7dbce0ef6,779596052.3573716
fc1b713d5605b0030421d5a2,1100067784.2969067
cf6092df1f22a7c4b8ff9d50,532945764.3702583
8dbdd7c8971a514eb7cb4d3f,1075428128.626087
c197faa8bdbd51c075a6d3bc,771838849.7793806
1985a2a5c3b2b0c7eca22afe,825075368.877306
92a1a8b617b6d2c3669167a6,667652032.1234704
2a330fdcebb247d6a6fdea23,824443495.2116114
c3dd975d0aed59a65a784e47,859438602.1010199
608a2339d558a6cea9478756,972933911.044667
c0ccf6d535d1316e37e1024e,1007602703.9821777
229a7640d41a8b8d6d2f8f83,1189866588.5952077
e3950ce025371da2b4ad9db6,1160871162.280497
a7e41393473834db30f2c1da,1029601987.8091685
7dcd1597e11f83093cbfd7a5,1215723000.3400433
71235a69058912dec1d355a0,1320296960.5469947
349602317da0e456d88fe24f,1026082880.611078
ddccad3e5a4eaf791ce3a7c9,640488077.021995
776d7d1326576f07762ab3c7,1021821886.7993671
1b88c06bb3c1bc2bb39d1b86,761893035.9266237
1c5c4f4c731545aa3388c554,606607892.076496
aaa67089a753d255215c15be,588960107.3702093
d6d5717a4b7e2edaef162b6a,618612709.1074299
0ba20e953e8e76add161cd6c,385252015.8885135
13c39860029403ea94b5439a,1508528104.378578
d5436eeef04e1a8e51a38912,386293853.6712217
21f00ad1214253dd5bb97817,1380571587.2423348
5a3119efc021fd0f102ab958,516797813.9413843
331c515e7f0dbb4460810999,704626123.3346225
9e360588b18cb15aec3b6609,819551686.9993547
a7cc7d2ceedf4d69664dc734,547801174.5859513
4e78cffaea2008f3919ba0ae,408424233.63404137
452e0518f7164287e47e6354,734426225.5041022
74286242739391c4eaecefbe,556560723.7187393
df06b65985649c7107b794a4,478064075.1991578
b6a21387674a509514fa5518,1468199968.730207
6752fcf8f1af18d61124e32c,745401287.3902379
a7e40088cf53acfc65f4b3f5,1537775725.837303
61b9307a25be3119effbd0d2,401991893.5647062
3061729865dd2d68858600b1,572973003.810867
ad38d5660b6f1eef23b76039,363282663.0040115
1d493f3954b15e84c41afc82,482739457.9709908
57744cb947a923584fc6bcc4,417511072.26031697
16f60cac352cc0d668d226d0,374651672.31435966
accf7bdeeff29ec7a209c509,335186971.7503812
a694b9ab05641a6325764e63,673963827.6521833
bdeddd3f84cb0ffdd1fc27bd,498925010.502499
de9ab30042562789601833f6,414391999.30646414
1a95522f43288e32addff2ba,352156302.00876594
3cc722d5c764ac261611c2b0,388183430.90595263
aba85a8a7ea2def1fdd18587,510285195.99866843
b272c1025cf5c1e1df47042c,699628015.4662281
5c449356b8b2d7e0928cce59,950057135.1345403
a56d3b5bc13c9849cf676750,592239414.8236247
942c934c0d41ab822d60c795,475763659.30270207
b0fe09d086490092f1690fc2,750371322.1561856
7abc8a11d3d6c905de3f567e,577705189.2592723
16716773b2a43df0332622bb,566071056.1171908
98fdd3fc6c9447d0f05eb1c0,555698278.0891689
a59f39373ee368259b441de6,504047090.4423823
cb778195c5d61a7c4185424c,1099005902.3218684
c0277899d5f185cc78fc4a79,593003760.9565673
44effc9574c74ea4ad98ede4,686258166.525256
e2d00e4fd93a02ea81895355,711459519.2844653
ab405cd390c0681c3c67836e,771896162.7667803
86db204f7ef6e0e0e6687246,769457605.9140884
97b791fd94b2339ba115a75a,760589690.9665122
3897d9b5fe3a0cfaed7c18a6,457466687.9674366
ce206b82f2de3793156baadd,797739452.8752329
2c924b9d45667f7168bae6ee,774242090.9114529
358eb586d9649d20dca9bfcd,957693261.5006897
71b1fe15c5bffb750c99f648,637456875.700894
eca500b92ff96f10ccd45e54,516419322.72294205
7b63445c5e1ce95bd12c31ee,960068817.2868613
97d64459dfb368b1f6067ab2,757621839.0515208
1b09874d5a3e4c9e0d544198,907080976.4482563
54fb79bb019bfd10e5481ec9,855815772.3740833
b3b63d292523ce0a925b871c,612917725.7655346
09759befd8899fc1e359935f,902610263.3976569
62e0110b1c8dda16cc7da89c,628225380.1385636
d98ba43504fb49a4f0bd9c05,926658027.3615091
48815b454dfb64fe60e2cde4,608414479.5857668
40a65310ce666e80a9611d4c,937506805.9590733
a8c5674b5d110d99a1e097af,859556505.482951
ee9e7dcede0ffc20442b4407,962657187.8817477
9e858250fcb7320b65bed9c7,1215599167.1474988
bc76b078832a3a81b6d637f8,1312869103.6149797
b06d3ee14ccf3d46fe2431fb,678461416.7817856
87332a7e03cb851342667b98,822972031.117502
faa37a79a1d72e4b8b0c80a6,822972031.117502
0821109831351eb2501e362b,1254393781.7611833
8d01d6561223272181235c69,950244244.8702981
a0f1c94cd34fcba92f59a59a,768910121.7544979
f6a5c88d1bca87c1e89d8084,1365331849.9713202
55118881731616058c929b1a,1340660660.2148144
bed1fbafde11c156b655e04f,1012595945.6694945
819d2a7c3330480b7217577d,1298265443.2231836
e1967b56ab8ecd035bf39534,795193333.2197158
08d0615cff29645ee70e20e9,1030962095.5849967
2e8af16a155fe18c8c6730a2,1063448886.0750782
882e8e77fa1a71288f6b61cf,1343583993.405177
7930bb0822caea5f6451bfa6,1095339585.9218576
993a18ae04d78d374f854262,1448785837.9351468
e5527bb25c85988e00da339d,1371448053.8948486
07bd45129563bd2fd974deeb,362253541.83810765
83727953ecffc17bed632d94,423652072.67830676
2e2d3f42f4f8369733b3bcb9,686025212.2301145
3b23a71bf40e800a66bdeab2,422875744.13868093
894f346e0ad39c57fc0f369f,1178889755.226802
d1fcd31555048d043cf084be,792437387.5011678
8d48f73816b248d1166a09db,744106319.291553
32d5a20c542a8194a6aae965,717681454.0925859
53870de54350a8cd7c13f014,945742396.8966478
31cdb68dc6476128c4bb2f5c,1086326765.9345112
4be6d93d8ae1375156444f05,580247402.7556626
33a7f6aebc3e2d480d287199,1112337800.5584004
e1e188d3f9940f9dad98488c,1046443554.972491
76167f6ca3d2c404104b77fd,1014581431.1131755
9297c340db8a74e10dbba148,752279191.3076546
0e001ee8f27e1a2fffaa0225,1280738685.5181243
ae3868ac8c44128b8a955829,818126545.4090916
bcbd20cfc50e2f032b174b56,378156374.3232954
253560c855216bd9eb102595,700869537.872941
c9c769e7ccc99016f61269d0,539721087.8148905
7c07ba1982289ca3abcbece3,640923936.5727111
c5c024d11b3ebb2cd088bf6a,1015441708.6310881
f0a8fb06fcdf8997bcdcb03d,842418547.2469656
806f9ab2a016e774689ce2b9,370627328.7736404
4491bda913188aad3c66ef20,813233787.6397965
0c37c0d27631960f9e0fda1d,965793226.4058478
b50b45bda0905a116f238c1d,507049538.7764685
f0f8e755058d48542b9cc4e3,978811994.444736
b3005057f48c1794b7974f4f,813608179.1435461
e1e5b0bd721a67318a3848ed,396766722.36156875
d96155b72c02bfa04f7ea98f,563587272.2810423
3825ce5030d951ef0fc2f7c5,373022988.544216
99587dcb4237fe90acb15b5e,400690248.3483166
452ae373210337b8008ea2a3,1489066325.066901
09ae7df5577582ce7e7b0aa7,1088921661.65558
b98967876009fab4290736f1,653509447.1249697
24a4a43ae4c687bda1066227,1488086226.3691933
c509f2036a11b7132c633d2a,964709610.147129
bda914dbacd42b2b7c6c5179,530894914.21288234
5a681060eeb2fc8f1b3261da,697052423.0863264
016bb199b12846ccb0b03191,860723485.1307361
ba94676bc0385678ce3780a3,567937964.9454317
b2183e5bca67574df7d5985b,452006810.4026981
baae43ea29f7e419bbecf998,578888268.4135765
ff1a7adf260e637bf316812f,383232768.9771981
8e56b5dbc4cf628ac12e5bef,1148986755.4882238
c8941b8d7626f7b33628158f,1588981149.6916096
d504ed869ece1b1d6e724452,369067486.4346251
1acb5576ccae1f0534f614df,827426777.7811576
ff228869121d053ca7bbe431,959535264.7023194
ee4dea05e93581750d613c59,644065623.3394942
5d507cdfb7c233cf96dc6a83,892610621.7379485
faae4324336f1211ce4c7809,602583319.2185566
9a8e471c8f4488c3799483ba,509331147.9525648
d040e15e50d655f4d19bff54,381877940.84425145
efc7e89ddf3de559154d8e0c,1242656243.4029675
e91598736dbb7319952f0dfc,665984665.8400555
4046ebeeb7ab85affcfe337c,1220854710.3860426
d12059af22bc7d6ff170430f,1456365659.5184362
99d39d72083d7485e8944a3e,469153540.018771
b9ab2dcd8d1855e4bdd540c4,1321826969.1327198
97106114a8d353ffebbd07b7,1034500142.8819265
d5c950db90c92be5fe753189,881819358.2782501
119833a13f3f7df22d2b270a,554560073.7394484
b2078743e33e1acc49c2d2ca,769065115.893158
fb9371f86ca6f4e62ae374c3,477130447.80560917
6a39a747417143f0cd24f3bd,1378760726.5504754
7bc0c9e2760e4b1488522768,1152295976.82302
3898683e5d24bab9eea24d30,810587479.3664558
be0e466ca7d6942282c8626d,780373844.787393
2d65980024ded46854c25260,1339793411.838238
87aa28825a5b8ffbac5f2e2f,692129150.8582556
918b0d900ead8267aab4cdf7,610547719.1584483
0c85506b301862fb58b467cb,506023348.66272557
4bd031478b15017efd41b2bf,1197235792.239614
48bee96c1f65b8e283d67483,492468677.39997494
7618cb8d215425c931f47886,514703180.983207
a7a219e7cd18f3c4b83649e0,467543773.6351281
9d3f5b59b9735da05588b3d5,400168083.5163843
6ac5f5f52cfeed2f0ac9d018,798431626.7788266
d885902c923752eab7b619e5,369859905.1574862
b183e2562cc4816244ce0e1e,604625755.2459044
88622b66e6c47cc62c3824c1,1027351940.4014741
01230eede2a4a74ec4ee5105,736759081.5048964
060451a9e3e0416ff41d253d,815722486.4377499
3ca0e7723afebbf53e390297,964747860.8371204
e2ecbfaacf11ed16fd71abcd,671025058.1832006
1f0d83013ea5e4c3f4beb583,822334305.9097288
450c4eff7e37a271fc24ce3b,786427410.4519234
a70d331be751cdc3bd0aab29,373128142.72658634
41ac76d4fa450fe0c377a0e5,375738431.0126825
2ef8a530db816223dcf474a1,537331538.5663235
d09c1af87ddad4ad11b82626,437215711.214689
35b1cd8020e7efbb9ba5adde,874945047.3861144
6714f846f2fa3527641ad96c,772391213.3675796
4cd5338bcf246ebf263baa35,463023824.0016876
0878a639ab8e6b6e69a3df41,959615044.9171287
f4c118396d781c140d8c9b08,471868655.1886051
27151512d4b592014137ac1f,842990409.7469184
8e5123f5ef1da66571ccb600,1483537124.243936
c491a13a87fa1ef595b35826,762043622.3618968
52d6c4bcb442eebdab338116,1233638179.6599164
e23d93ade25e73614d7bcd77,1372110250.8388782
43059ceabe98412315566838,1270997066.2092593
93b7fc7c4f07a7f117e687a4,558184313.9685796
09caddf25db3ac8e1a98565b,791457827.3641502
e3034ebf243b024cbef83cc9,655543378.3229873
63cc884a9c5c888de176461a,912414826.3546028
069fb1f8d0f06ac2fee87314,690789664.400737
059aaea3859c4b9662ab4df8,383299247.0892598
148b157ece514d99be0a7f93,344426769.1418208
9c4f397c093dde7de5d485cb,836578635.9837241
e28d8dac5c1c75d295a9eb3f,383299247.0892598
a804849802cc0820d25f955b,383299247.0892598
fc43df7f26644fa464ecb090,490109377.1387289
608b26adceba64d9ebc5486d,383299247.0892598
be8bbf40db0dde8ed4cf338c,383299247.0892598
d255f73d4066fe559065266f,325595285.01863694
c552cfa8e6b8c8be2c963ae8,384344899.6344877
5ee020d4adc767b3b16fffdb,375512868.60011077
2a01945c2ce528c02b391c61,501630279.0014485
dd7ee555ce0b2d58dbd8a9ea,355119847.81179166
a732aefa7ea4715325e9e80e,399534128.76988834
c6faa40acaccc1603c29df96,490109377.1387289
fd8caba10cd4d1df27605358,403254817.6086897
788c49c17df556bce0abf6ce,895789200.3716372
2d0d803cdbeaec6e2626eebb,540901980.2257831
0872074f7bd512dbd4609c85,425698962.5189413
3f97341f90b11e6a7a7f7c2c,637035549.1467514
2bfa301ea435f929e6c0d1ba,427580745.3734274
1d029020622a600aad4c2991,942207673.7928808
8a100bd7f5da66664a2680e8,410764901.53889436
1441a28c376a20c90d72cfac,528917984.37836295
495eeef459e80680720a0ec8,488483865.59320694
df81d07cc6e8fb0a01c0f404,835495214.2723328
e23ae41983b9f112f05bb703,845566300.2000577
a2ba273b099221390bee92a9,436894189.6948776
63dfd58a5c43cc7c0a468209,373757368.00550276
27aa789e29e52ef8d78b9bf5,839719664.8373728
fbd613ac06b6bf20d76822db,570613730.4192511
2a805135d8030b614d9df9aa,658416752.3876983
22c9b57a67cbef0920d09174,380928572.394559
fb76da6072bea5801e407990,428941336.1947932
9050b1061469970ce28742a7,402758893.32783926
96f5db1dd0f36d1087172fcf,738897925.10451
38cccc333e2c38bd608e1880,649832995.153815
efede59a47d17737f90f4bcb,1131145142.696217
bca5301e6460eb859b7ef34a,461189506.40226537
a23a13e43f3e08ab82c6ef82,428553471.7936261
8437a42a8e7ebca46eb088cd,397623010.805112
6e3cbc252c449fd4b758b97b,521531281.4782526
6cc6b0672aaccb8909f3a751,520602120.16639525
c60c2efec3c12959d86fe3c8,461493928.19414777
d0e45d520227ef8a1f53ba28,644212377.0761654
e45293f1e6ceb2fe79f6e0d5,658725576.8203192
4202dc3f8255586e1ccfff46,486514649.6096279
1d04d5450762d664fcfab674,959535603.9343249
a3f969063f78dbd95e6ee795,535240764.64479774
2e3fc1d628f6727880d3d4e6,553826609.9502143
22ea31eadbd3a54216443137,365877608.40125984
6490a1eff73727bf62458b0c,582122440.8136365
49721aafec7123f6ff4d8010,855691008.9065263
bce608b4629b6c8512ea2fde,736266104.7109729
a7ba3ccc4831ae7e539f0cfa,434388419.7467928
959b2293af0ee4f7c9fea7c0,709495048.0797713
bbbf74a3abf9cd8718384a65,572342688.8870447
680a71ef7ec15bd919c06320,657522218.5110174
0bcdef6d56052acd2afad93d,464240959.97164035
1bb885a07f57936b919629b9,697053669.2827069
8a222af682e2d7796643ccf7,547130774.7245109
3370a48ec22302456c41ded9,583938272.372437
46fb04e7578da5741f6da4b8,527455920.67147136
e9da7f2549d914aab6a30e10,411100741.4240617
10d0506d84d778da572ec635,664062680.5036496
966e8fc9af08e76f8b276245,398223812.8359042
0da2a849e0f83b17b006e50b,416524817.0664804
f7101a05db93cbefd6a3b31f,390203332.92268384
b74fd7f7db38ec233c6ad71f,396485772.1380123
0d63e52a47fa884e36f10810,481425751.7728614
77fa49bcb52539888d481ab1,798510949.5820422
6f412fbb33519fdd31e741c4,385155869.7971514
6615da422a3864d415b28fe9,437465226.4103862
f258fdece395f0c4f4da6a96,592929517.1200954
c54c645c340f59dd5f47bea4,393669126.81225526
bdd287e9de82903f210878d6,804167764.0673465
e110abe74ba0ad062c9b575f,660191555.6936357
47e5ea8cb7f5ab6703803690,638400383.5966861
e71c6f7437c633e2d9da643e,536892336.1307547
783161faf2e3501c38c0aaaa,446724724.9598584
5fc3de15eb0cd87be5ed2e6f,466122719.6321738
4066155e224520530ce985eb,439558471.21547276
7745863791b5cc6d49f84c8b,400434800.62719214
aa7551be1b8d6278d38fbb00,773981918.130332
d654c9bbda61c4c0ee1ae2cc,435704853.5972082
d224080523a2bf2e81698d15,482890404.4203544
5f8d0a2ab1f9136de446528a,522743586.38470465
405fec98d5a3c8981173311c,428434711.9937003
2a9e77fd00aaaf773d130914,421194204.86826193
279b76adc4bc9f8dd86759b1,612427055.9265743
f815ec1a63e980717c9c3290,452330609.17383695
a8fc825e34bd9bd56ec5331f,554314790.6189654
248ed6abe6e528dedde951a3,484856093.33293
2bce6544d58b6970192a1838,385561233.64638275
352a76b301243d22d1b31f79,446659445.27727103
bb9991da696d6e1f13a32d0f,571101164.2338974
8e88e6cc55ca769e472aadfe,536889206.260106
339ca7bc687766f517ab3274,429728357.94449407
93375efb2e74f4913d21d94f,426660746.202112
17d7e6d321bb7394546e6b7b,483218953.2039039
0f601f5ee798174ea9d52caf,631406149.2078793
8ec8cac469f2448654312aaf,887050041.4414835
affb62139f02e524692ebc5b,640590950.6642872
c01199a4b2fbf0f6cbdf2a65,1123212861.4772756
4d1f49443787c874ba19f968,972274268.0594287
035c61042b7dbc7ef888d1a7,1415011013.9236994
0fc7d98f75bc1c0b782a328e,1159188305.341547
b1924a5697dfe829b5b8ad76,474850711.6365296
d0100c18dba3c334327b29e1,606061945.5300776
add1a20e8bba47aad2edec69,944247380.4221574
fe8a78de9ba7b59a112e0046,543962791.3946458
b319d049a3a8e4a095940106,721809766.4283037
303dc73dc1130de9aa2f70f3,606923354.7922462
e471b2ef30c388893119a010,826373093.3256539
9309d812688d0d2bdd33d830,791706825.988674
fdb192e57e3e48f70a492b87,650753189.5301178
c514c9a35632e5a9c0476a31,663475793.3849243
3bee8a9981a1e9e13a05cafd,613815014.9877965
9c942287410db3d0739e182e,963353556.1174229
f59b9c03bcd4e0e06d23fb47,565731336.3709351
4c11f4ebc622483532c24a06,597820218.8854916
1f53612f7029a21e2e9f74e1,935737555.4114385
1f4b6eaf52fb940e666c1c93,779048306.4397504
dc65f0bafddf39c6c4b2c9f2,689465292.0714344
344823ba2777540ffa2a8fbc,1218095786.2798188
8cef9b18f20e9c5a32e7ccc9,1219299877.8518531
413d6e4fb772beff60f73e2b,652515620.8729436
15d3ae51558bfeef80b9e97b,756021395.8213903
b81c26f2ea6b66c8315d1146,1145423942.0794582
c3786f81345d39fd8b353da3,762891475.7728558
6c568d2287dcf12b2aacd388,803669849.6613226
e6482f3b6184515453d16bf2,912850051.4848154
32c7b848ef60432d98f415c5,800170264.5781931
1689c3e3982382e27a4ae074,787988155.4525115
3d0cc51b7a2392f3be3b1666,699190147.6702121
1dbec7879e793ba9685741b4,771525726.8269284
82ff2a63a863c089ea90bb5d,950325005.3259058
3d9856c3ee0a4b5a833c69ab,595230171.3972576
6f293451319bae38c71b8266,674201199.6201988
dfc817b569fd71d2dd47e980,1179079396.4218686
c34d46d83e76f54d53cadcb2,711499928.4833405
e08ed8c82d05dc3cad8cd2c1,716581614.1675327
e21f2a8d9c641e45d442686a,1138514225.6927466
f1793973b462cdbffb1ad648,791479289.8984771
b15bcd6248958d98867ea585,753834628.691049
e640424f3b7d1db403c36ba0,822364865.6581198
658c0b009a09339a3f312145,746953660.204026
f01fa45466e2730f935a4128,839399311.4467844
b4d69c7bc93efb3790eb1422,1042161865.2663149
c2242a77d30c0abbed667ce4,980302880.643313
39542105a7c46ded0cc373a7,1408258594.363614
13f42390057bd294cd787822,747069716.0275248
183d99d88d1e7d995180918c,622006219.476314
60dd7dc49139e7816dd8b143,748286513.0373327
6d2ec752890a2f1c4094044d,1155043700.3428676
0e776964ba3733f3ac18a7a0,783196545.2362641
92369f73435d1ac3fa95f185,726503706.6853015
8db285eda04ca37b86dc9724,1198207924.407468
a7b14faa46e7b73ee4e95ee6,739663156.2090201
010e676743f6afc01fd0838b,794243290.7207074
987199d3a23c08ca887b301d,781735690.4339954
4fd8643e1c43ce9a0c18a19e,1022390256.2466711
4d0985935e1432b3916d45be,604159764.6480165
4623317e8c9044e314ccc4e8,781889984.0131252
ef8430c4d15e5887b8103bc3,858126119.3389441
cd6ecb0f77acd93cc1c9038e,963415784.9034274
b0962bfdb6a2c79a0ca84e48,1043663377.3662308
7bf592c5c34bfe6a5df3dd40,960842721.4920561
9337becb0628955b47e45b98,850767078.1562288
9ed0bcdb62b2223d716d40d3,825154964.4076151
4255eae670033d9c9e9a6e3c,876142243.1651247
c5346c37454ac2b13b92240e,1180241247.5935316
94fd4bb5f41087921ca12b58,535750426.2013926
ded674ba9c7b76cda404bac6,734661286.8949246
ce25e9fd3bce9b75050aef5d,1112932984.4496348
4e7d3cbe3c62123fa7e2d969,966850220.7769278
dcf5b42ecb23800a458562e9,1217212496.15864
0d53bfcecf0397ca27e5f78c,821004599.4473157
f4ecb15ef992a677e8b4fee7,544181544.3330351
46eeb8f186f86f7859274d4d,874304846.4120835
b5a7d4288dc7a7868678b9e4,1029718035.650573
34f99327fe595ba6e32d89a1,513315008.1503186
9a53016fdce3d3b5c2baf3fa,745731660.7403995
26be10d0ce8b763e9b457e76,705820377.5132388
2e111ff939191cc6df2c59bd,1088211198.1563401
ddcce0b9776593e3ef3ce21b,750705952.8283385
937c0b6350beb0f51e53ff8c,559810645.2112
f50941445773dd62e87e0416,826373093.3256539
93a1aefcc4ccafe4866bfc76,717889556.1364982
70c0a72b31dbc1b97c102c13,782521222.3737617
8aa9e1e89993aa49c5c3eced,758246094.9776169
2a5ecebe40fc09b45d6ee5fc,538050924.7805178
5f798656baebb094a3c83793,992724227.8260243
596b6f435f76058493a16cd6,1030052622.7909522
1c510a71734e955f75187106,1144826011.3331573
07de14db9dcc2d4f9eac0dd2,1359792202.375596
29503210dfd57bfef8f16802,918035869.3093415
89575a90c7b9b960c8f4e052,692437321.6746134
bb5a6045d18e19613325dffd,1261843469.37676
f984d34c8f27e3cdb7c2a44a,1166156552.8659117
90822d4e3a369948cdc4d998,878806876.9390522
5b9a21a42d5f50ed4b10581c,904337770.1510677
1be01d052c6a65c5ed286bf4,1292301865.320187
b73d317e1e8ddc3d5d0743ef,1054527789.46565
bcd302e3b5342ecd8cc056bd,950779282.577379
eb8956f0c4a885619bf1ff79,1000293249.813731
d5b950c5510c19ccb926e7c8,1253601995.629797
1e37ea0918a00bcfaded3453,1070282779.6352649
1d55f4694f3e000ee3ce47b3,1119288466.0239477
cdc3e114698984145df842c7,1236504867.16756
9c611e246a612ac6906abe8e,1238352789.4521182
c0c820463dfec602a6118ed6,970522728.8635594
6302d4fff078a118c3211794,1199505451.676946
c98807fc596bb2f505b4da9b,1325468228.5277305
cdde8657b5a215915a04126d,1285545485.298032
3b2fa7905fd8fcb3e11ebcf2,1022127147.4312571
59764968800501c68631aea3,877561825.1619822
9eab02171cb5f15963670172,1218971575.399153
61f84e5a07f37865c31d4a07,1195117235.750794
1494f223c9d3ffba26e42738,1273142019.1956608
ba137cbd10757ad20e5991c4,955146899.8657789
d2fb81a477ef3690cb11c93f,1176309351.1513722
ec4f7794cb756b995d5d207f,940071896.4890023
ea4add08aa912717cd42f9f7,1312268976.6441214
f11d7627e2f18c9a75595501,1253843365.0114894
8095589d5e1a55a76281e13b,1244798748.4512565
f5add08cb615eb18b3153bf2,1235721248.2037156
1894346a27970572aa703cd2,1149766387.9799788
805a491334f865f06ff42329,815079947.3515365
062d5544f5c96db90fa3a526,1256791297.337337
332201e2583141f3a02dcca4,1172166397.0672095
4baf1bfced8e85013eca94b9,1022127147.4312571
8bc002e1f02beb4d83a6f6ae,926734870.839633
adebafcf3eb0d34ae31718ef,1303252259.9746723
60b5b0aa0c1319557cd0cc85,1379311336.9652727
3393fece8a6ed311ad865e66,1386985436.4747198
df4a1968046eed5326119599,1131753705.8576186
b044b9a587b2c6ca00447177,1349886708.4414837
005ab848b35907e42aa0f4f2,1312999867.059498
140a0002732574ecc516e9a8,963288473.8332014
bd850d1ccfc4b21a72f3ec44,1209812475.9742835
c6dc8c201ce38ff2ea49cd68,1308327180.9703062
572ae40f693551547e13a196,1127138328.3162591
b39d1b2637dd8e307c8ba13f,1217625201.6459918
2ad02d6d56b95ff3382b53b6,1106660518.0794866
5201393754f4a5f2a476ef0e,1374144415.7148526
72a66bc6d15390eb05a5c688,1045120287.6124504
1f1f3e47f3593e4b2824e628,569439116.2826418
bb7e14611ea6b5e4abb5b89c,683263866.4650021
b82f8abc8001cd6731c4ef45,606215602.427368
6228854021e72af611d2e59a,738709244.6933239
6d21e1de9c880bfbb17350cd,806116917.0129206
7cfa0c98191ef9b7c45f0520,414134572.4269906
a739d80c3fb6b166a2c2182b,635330694.4314374
36f85981124e858c157f83df,769156714.8928214
3d6d51ca99f2747d6b92dd19,746931346.3519466
092b7b5bafe25bf485de37a4,672343159.9469732
f2e0163fa07f89820739dfcf,1073852121.8399708
ba47346e7a53412e78363ac4,934024077.1175752
f86e80b2a831572b85b04e55,691002302.833705
199a6f7df516a685f086dfa2,399209471.30044425
81f6d6790aca5e9270c3d1a1,400220084.5380684
74f099ca0d949c8042569d51,409979364.3319116
4df3717406f9852284576caa,673544720.9390283
5246f7d8023a4c178af6d10c,555235170.4443729
69d9908e13bf7c8ac4c30531,431393923.65307015
e336d9d892441c7ad886a98d,525497429.79053175
f82e1c70884ee1285e1bc491,382549579.6303449
0ffbcf7d58378c85b4103c7a,436968447.8891624
3679e1844a35c0c87fffefeb,396629979.82389355
955a15a734e56eb287555307,481571965.973765
722f262a44b2bb6fc05ec35a,411653113.44349885
48c346042d9cb826a3714466,425975227.60425174
bc4b7bbf5df92f476b6be103,546250101.24382
667685f89a61aa2ad5c9ac7d,481766274.0215437
8be5fca8f4339712c6f3e29e,559994528.0232447
09a5fd22f920267b464e2a00,596971225.2804457
f6d2d31af94a6a73912dd9f5,1199447634.2180552
0e9a5ea81f6d91038d8711d9,533665229.7270513
8b2d8edfa6788ddc0c7b3eba,733654582.9873968
2f48a73bfcc91272161afd39,849111121.1773013
a78417c74b8c99279912e427,714989853.5233877
4d69f7c7e0e837879abbdf78,440936968.1304562
926a7b18e48cdbf6ac3b396b,614514588.4272151
a06733f7b3ba964c20ae2698,863463823.646846
02d598a32d864c289e3ba6b0,832016309.3120768
3977cf1326ff502251f78f66,694368441.1923151
c3cdfd0733404ec885eb3edd,699567543.0184087
a28bb09e30bca82627e595c2,1147522627.5422046
0a2f8c8ca6094e6626d4e8b1,691607033.6250497
ac9baabfd96d58e376149a7e,917580026.9061059
700a052900adbfa149dd5b6c,1224359571.6530616
4b30968cdae59b4ef3298f19,1084768060.5465543
c673d94552bc3e451672939f,1179698312.9774644
75392e8381e1c891377fcb29,869021404.70623
a55d7074220aa6a750297c08,968278498.7673775
81eea19e7c12d65d21e23648,877520025.6428037
69df7bc1d82d9723c70eca70,896538332.257373
815cfcc4d26738f74cbb67ae,740171612.4076653
5ea150753f8d07c71af45cd9,930428959.7368101
f851b02d18e74610a900bf14,1118684104.2936068
76b9af8036e38d5d30ac4c7a,1341632409.1166878
4ec5ab39cae4afc3b0e69438,1197356904.4757533
c74020c85c9fcb2a2cb3ac74,611738793.8174092
6d6ad5e3ebaba1c11dec0f16,798881728.3524408
acbe4eb98668ff4967a8cb86,681592206.9091287
16a40e3dbfbb9c703e04028e,635118139.6397383
ee5fa0932e098cba28d950b1,759645264.3992189
5f9fa56b99677a489a9966bf,683263866.4650021
4045e30cced205e8c5b2373c,580959344.3199509
eb2c7a973d4d6ce8e6ae87a0,1242930035.0957997
99c69eeb96e1016a7e53b33f,848654559.7287351
aa7f56d05ed29183b825d61d,466059356.87633586
4630a9af58fb79c0008e5fa1,662901349.9740782
ac003932eba3a174c5b998ee,525617408.7640996
56a7470ed14454665aaef75a,1511730225.2936406
a4e4f56336e07304cb946b1c,937734474.656371
00ce045307538da1b0bb7972,556686236.215047
cad720be1395e2ab5869807c,440506978.99000823
344be03236aed65e74b14a2f,396782813.4937177
58a86bf535b4c16b50dfca06,356429587.26624197
d52c3915fd7d2ef8c92a22fe,372784027.41055584
8a4b7e86a90a296e10a49ea3,425204199.4457974
e1717a317481b0765a7a6a0d,491904768.21175754
97fc10f5ce4a6fd7357381a6,396782813.4937177
428f4bc76d4cd315ba8f89e9,390100895.20985365
4d882ac2b82569f74aa08824,428827413.9599224
948ba87dfd7993460c967cb4,394370224.86273956
1bee6a5aed5417181a3db77f,396421127.9461226
63cdd73026431f5566fe246e,418883629.9532789
013e2a07f94a99323b64d370,1095513005.8553843
ff56b24cf15289dc6d14800f,788479895.2902704
7bdb94165857bcd37206cf18,466997163.9004864
1d1e29d9601aa0eddb4d6c2c,878774926.8582245
a8c9489973c54b93737dfe20,680793339.6642576
254892c6b84c59ff5ac4f354,450763025.67101955
c6e9772058edb2268434d7cf,848116813.7617484
916a413537580440c4ac6028,682563737.9534612
bab8e472424cd57faab87ff2,458877928.0299936
eae5eecfa2fe828afbc94b0a,549008587.8939589
da26059a2cf36e02b8702320,421245518.1490676
e18fecb7e40bbcaf26c863cb,925554555.3552048
a55906464634558b94d9298e,476125775.5461671
3032ae39e739fe46e9e198e5,932889784.3815883
663e062b85f16c2419f8456b,496228151.6703193
aad0e527c4bf6283f76b5bed,958108122.33408
32fbc0f1934f7325a404a2eb,1090845717.6768367
07d1137c1f0aaecbbad32f7b,636465482.8381215
3058b792e3f6781e438a2e9b,704903786.7592123
33d6b1bbab4524c3aa03756c,444861457.91412985
c75d43b8089321e359e14264,610498117.0213594
29ea1796aede16cab8a50497,453802508.4391008
bed21c41b31a3bf2095aa273,788845386.2115911
ec232a7ee3aeac713516614b,649659068.7258939
bb7c68c2652c7e124d88631c,516901670.1425285
697b6c6f7666391fc689cfb9,818264778.5699949
d912e45dda1a3a628fdf50d6,718930829.7371683
96fa88a07329d3988b6b41b3,861636468.4066346
66019487c37339e9354ca999,797937175.1981382
fd2dcbcb8a31e97f31d22a53,1182576320.8155344
1a309175498997e1b8f0aae7,1241105344.245836
e83119808dd08ca090f5ed85,662727738.8821177
1a26960e24de046588ca7837,550690909.1804618
379c4fce87557848548b0944,430626944.620204
b2d7355eb2aa975900776275,683833769.8479031
3b05e06aa0bc40b9db16416e,387066532.7034577
4a5405b1e181f5b10fec35a6,679949598.0593427
aff22625564f00844ea2610b,708584018.5062791
b40addfc0da42b0e530503f0,644665422.2727917
9200d647b6ce9aea67ff8ac7,685819534.195093
3057660e38fb757dbc8bd898,742247256.4662744
799be2171dae4763df530e4d,593990131.8988134
819265a930d32a97533d132d,1069001626.9503272
9ba689b29d0696fb7ebc44d5,1542307409.1000695
0f7e28b6efb9d550ba28a1e0,1001217927.7626603
57551742fefae23bb32571f4,633640146.2113892
9569a50febeb4163e28c192c,964374737.0261853
1d03efada56f8a70bdae6aea,742416326.1148955
bfa56d6230b858591743473e,1005603399.9468979
ca54914a1cf1028b9c8b681f,672775440.0697026
54304b6117b797791d266cc0,738237961.0963317
166ae8e3d0704209d6715240,756029712.8962383
b56659e70367566a4ddb81b2,1110303855.85895
2641f220611056a1f5616dae,1302645335.917118
08a82bb9fbe4b7abb50cece1,617308410.0893307
b40a9888ec0379fbf85516a3,1399158350.0479271
d35462df6c686296a3c7bb23,754116485.846859
db244703ce223e6acacbe85d,717985489.2204657
a90df94f959030227fa015b0,541181319.8819838
d97d462ac4f5d9cbbf04e9ca,920621502.598896
7fe6ac57e87b8126ac4f8530,793171537.45302
69c28dce8eeaa86605143419,1236467010.5598125
2bd6682ad8343b69fae1a59e,829384798.9020696
2e6fb29cbc1ccc3d97c92c72,1127551660.9501188
9eabba4531191127ee91621b,1227326377.2536561
d0c411218ffa7c3ebc10783e,704705250.5767542
0c61a011d7fe0227be2b3575,849222228.1167583
2c47c3ef9e139d8c4513a090,527877117.94078505
f6503aab62a68ca16eba3fec,1547507820.4007602
e7dc05756684b070b36d681f,630021590.537718
17484950b143d0395907ae6d,611289206.7808251
3d997123b33373024bd2cbe1,949466520.5943644
ddba305c2a3ad29db24a0658,1203780907.9345613
b65efc402cfddc0aed4e1d76,834801225.9758114
4a7ecb05c9886bc35f6b9160,735641771.104627
b4e14604b888c994b64f94ba,743420507.8394637
ab37764e5f4e00097eac947a,1172498452.4485676
764da64c41700da5ee80b8c7,874070758.0434349
8a84a073b855e37a12327357,1037005816.1015811
5a6878f8a47f1fa2fc1d600d,1210437653.1732118
505f3d545ce83d0c848f828d,1486641939.709272
6687a2299f38c15598d11eef,1109885735.0765407
533134592237b2748915eed8,946107452.0528277
daae80933675e767b50bdd17,1140535152.5922678
945f85a061dc4e95e779e27e,1137657005.4122968
62dc69d80cd6ea9fb7fe52db,886368178.4425904
153436858070f7e724f0cbc1,911285635.2577046
7f9875a5336a32d73df2402c,897405511.7566214
ac11141115d391be44e6426c,654284996.6341511
f8243b7b679dfe8303180d73,1263506127.1607099
1376106ebc19c929df27bb62,875492047.5570707
f591597c9a1ddd9852eb3cfd,1095188843.3840077
a748841236a7a7fb33138845,591297953.142003
6ef43ab43841696400d91859,888098979.4528958
601310d800d88f0d387235e4,1158627631.8194556
db81ec58863dcc5d12839883,550634542.3515487
68d35dadc6d0dea61bf4b513,371690735.9153658
ba9be0b67571b1e9242664e1,594541496.3896279
1690af2e30b05da545f1576f,1430055140.7571
fc72ebf9381496067101da61,414535683.8133442
3a2e95f5eddda4df84b2e2b3,629709047.970307
a660d5809085b4823e287a5e,473598522.26361215
799301c01a3e7fc2af5a14a9,868802543.5519843
824cad597aae34d7d59ac939,588404682.3699692
23cfc154896b93bce4356ae6,486550893.41048145
a9b96d2a23ed155043085e87,1230768461.6771176
f5d529ff6a35fa78ab14de21,525710139.6631869
9b337cb1451a8fb078dc9a07,802271252.8319055
cd1fc7362660bce494b5117a,391593659.0608642
26454cbe44a07cd0df12ca07,966794640.7910697
cc5563550bebb29c83ae3054,1386356863.1901937
109bb36f29b223a81dbfa340,1114316701.6312344
31081c78ce92e1d8dbb315b9,592968045.6308131
502aca1a1097438b32eb362e,1261884138.7778082
4c90ce573f1d61d11294d05c,1280726085.4224203
87f1e9ca16a7ea48de04fa73,1365476134.856327
224f6e839dcbd91491f3f1ac,395295332.45765907
8ee7d2e0692e49bf9d308b4b,982936434.234342
a3ff6a1fe37a1bb736b1100d,1065306314.5567333
97d49e61c1ef55451e52c8e7,1188787489.6940732
b6514cdb1e2cf37e3ff8090e,1513673302.4216418
