property_id,price
d56159653f5d2abc5ed5acd7,658820126.264101
45550aa81c0151f1fd9fd8fe,695815377.2317451
735deef3382aa15930482f3e,556157879.7705547
0dd49fa8bb7be52b851c6dc9,733958721.1476097
7d3220a91e78f8bc2924d1cd,563266495.133771
d3054072b2175deec2c1f8dc,401922723.893311
b7574b06d593fca4eac59815,398936761.9327412
79e822115c5c1a4531366001,419077713.70076424
d3ed5316a463d38c1bd321d0,1179506397.9423647
2f1880c9b8f7ac2715e1236d,717673977.3712538
dcca1c7f109175760ff531c6,681519871.0677048
dfc4f3facf91bbd93ee0fa4d,358754487.22337973
30e134a6cbe61d7954d0f56b,369859798.4708549
385fee7bd9ad7722d45dd034,513519819.24241865
87199c236bf22903d1aafdd0,438682660.7347132
19e19ad0cd6b5e84d8aa970e,445773649.996448
907f968e78d748fde69dd44f,674914485.1781739
be094e5db0f784e3aa013aae,408749525.08902186
7ab96f83915bc84f8c03c1bd,370481711.3121463
07f4aa9b9ff5b0b05d31e6c0,775227966.3148112
e9be8cd37abed8ab510ba1f5,663840242.0030848
5f6ad58df27b562db077b5ce,590253296.9110613
ee96d947484aaace40f9b77f,631208208.9094362
15c4aef8401208054697b81e,942337799.1381111
22d6cb11333f2839b8112b89,1240037934.5228446
288c09c33907dadbae495c11,1288588654.755054
f71d2bca0c5fe2720a1544c4,375396590.20282066
451744cf3ce55a98db8a3562,378469812.28735626
fba9ae05a6a8a9e0c6268a9f,388148473.014913
1338e58f7dcebf5a1ea59388,344191603.50223184
a817e8da0ada143ac87277ee,355678305.4470787
46d8bb3e9a0ca584d3c7a317,408150421.6596905
b2506aa9463aebf01e1e00ca,455732681.6936573
7ec025b9b6e6f33bf65af41b,363265708.25517166
2ff531e27672ecd2362eed55,473790595.718138
9b3cf0d1b91b9c6a2a887647,451379629.0707584
7db5291ce4602d9b2b266872,381494281.8201545
65d5918e826c33bb950fc008,364576168.58318824
395c34e4b8f52cbdb0522459,364576168.58318824
855f4b67d2bd6d18fd03d8e7,496117664.6774483
9ff06409b37e5b5dece4604a,483072026.50390905
0508cd7bd2c77ebb6fea1e56,475053848.96618927
b45fff2e718e54772d46a3fd,567080796.0871918
cf4d2297b73dbc357d21e31b,554584849.8906453
0ada7044c5b29925abc90879,486407114.2206276
6305f02255274ab5fb6bd39c,737595524.6597667
d9a94194ae1350512beff3e6,777481001.4760494
e3896296cb80d50d9ad3f903,562216121.515065
6514f355887c64136edb5595,821074329.1121504
f03400cc18e12903b3ffbe5a,577865465.3276626
4e134600155a64783b3f8c3e,439694938.4840159
d63ebc63c82fbf66d8b6ffd3,578935079.3584062
1bd64811bd59706844230198,624804762.8284626
a83921284639eedd4a511cb6,742461885.3783906
a2f3f7a1cd573e2a33f52e2d,730449945.3298244
47344a66471fa51f61c64652,743728432.3180462
78fd849c9429091347d7e5c9,521369174.3781829
c3daf2abea55af99c9579319,612390640.9780072
52864916eb1984abca41ec66,843429850.8978231
c62494a9d7aede44f2f84023,789499189.6388637
a2b576643f7a032371587e5e,1143746231.0923626
e53bc68f0e97ccead24f3e56,577478876.0141277
fd82c710aad91bc90af490fe,601662134.8465226
d436abc2ee37ba3dd561e940,601662134.8465226
216a598114a403676011cb51,548040427.3444778
ea230d5eccd2b687888173bb,950044862.2662024
18bd0dd7580f2a7cb19a90b9,346579666.8829426
b143c8ca6d334f6a73c3f2a0,470414379.4103923
ab388cb4fa511968783bafee,418303956.9697486
6a4f08cd04d558a56af732d9,433269191.9094082
7216c895aa047c4f405c4941,432003449.1604542
a493488dcd906dc74cf8a604,445879661.47333264
7844b0b2bc65dced90a355c6,491868225.85584205
c1976383069b6b82ab29d092,392872274.78487164
e5cfd99e2308b7b73581dbdc,521782269.3580975
c18c2ea88f4ac53970b53d2c,488832854.2287256
842c9f0e4edf1e5a672ce15e,433388485.1316556
7dd1e46dcbddc6bf5ef694de,400138809.61017984
6cc4f32b39180bd1ec7e117b,409980643.1934311
79e643789a85dc4ffad49a25,870689024.3139818
b3402a9173d289d6db78e09d,579225845.0110676
a446507813234e358db8b573,476960216.2913479
c8ef57ddfb35061d1876f94e,512012787.5750993
360be0df2c003005e3db080e,1039675515.3824725
9ab245a4c91877cb7a8661ce,1126315435.519228
a57a34c7486e7a40e8deb316,513016009.0918529
ceba7d0f56f6cb03538962fb,665819934.0693725
d5475993f9db58c3e4baf7a3,812812497.3448868
d37a1dda09e30da13ff5bfc3,594482819.6522794
68a8b8d077a8232723bf37e9,630408296.6600899
e1eea7716ca6490b7640717a,660201725.0716856
4ae6d75b10848d259ecba576,659596215.6318523
17afbce5c0b56732abbea936,516577882.0816352
84a2673eccd3cf3bd7fd3eb0,870033448.781287
f2f4e6cbafe527b155707f01,919957580.9654526
de2e3a592cda5b76c9573c5c,947105685.1058893
fac651cf404a58f24dc7d286,1397332217.9536674
e6f312a0877af26b69855a3d,1175008804.2954
333a643c623a9bc75f3a40f2,993116146.3032802
64593641e470908ef23b46cb,992157248.2287414
ce9f2f0071be658ae75ca6f9,908354065.4104174
9ab385e399a4673732b6a799,541327659.4224367
3429c774b736cefc051e2c55,577414808.9094383
a51ad0372758b2bbfe73f8fd,460112577.4060071
8c801a266256e3fbabe7e3d2,726190114.2718434
ca2f81b8fb6fda20aefb0ccb,539362160.8923063
3c1b1f86087f9b99380e387c,554650773.3840872
b0cad5d612954b8cab18101c,880920683.9117086
7eb991f4c69215377e4dac8f,810150047.5538088
0d130b8bea4321300396fa34,1354459337.928649
8dfa059401e1dca80ae65ae1,600268656.0427246
3e3f264cd0ac7a65ed2349a2,1124025393.1200266
112dce80bf512f3f24391d23,415129721.5878981
ff25ded6333278149f8fb68f,530481614.0320872
d555b82c192794e87e9d536f,720324890.1745869
a787382d96ef9fce8f27bc70,1174596514.7909348
8c3aa295f7bcfd9a43eb2037,1056420569.9864832
13ac95652fb3cf6c43dafc66,339322091.50652945
42fc6a80b882c32f6264ac10,392240918.2256998
1e9c53e09220d689a0210ab9,365017448.1896616
3348706086aa3db5c92259c3,451174924.171278
66d402a9b7d05f29282ddb00,392419968.8352797
cf88be51d6f31c10e5868ff7,360000658.53889364
30b3f38716be209a894b0942,405572713.4122213
0a5908a92d0ba3e36f54b1f3,437236039.0133053
dd206b6ea2d7f6555109ea39,379532222.3662895
c641febd8bc2ece3e4d2d8b6,642214214.9185632
c11fdc02a288af0572a2bca1,682623922.8009347
35dc60a65969b264ab283d6d,587413291.5811673
d9cb0f637cd4feaaaf8a21c0,869605227.4942359
7e8dfae9a5f1faf8afa706f7,391262732.9135114
a280fe7610c254b935c9dcfc,362459629.28584737
85524880fdc4e4daf90e96fd,430162489.60682994
f361109d06f6609c16724b39,457596456.38391834
3f6b2f0c0876c21755369cb6,655396834.4330559
de26819064a290ce78d8fcc1,544383261.8083758
91be1260a84ab7fa3521c495,572462106.8705474
18c8dc4549d38c918af2972e,572462106.8705474
782b0fb8641849c2c34291e6,562671553.5662242
54933f8b33a4fd6f031ed5be,695891441.3087777
953176c9a901b4f61c030432,586757170.4786831
357e2add3d68167a4f3ce15e,580610380.3975205
90332d50e91925eb9b614bef,432246357.82709306
11723d1d472bf1a3fdd8b72c,978917691.2455586
01f8b6799e2910f7769db175,824959277.538973
a0d5001f7dd42d7f0c91d2a9,493596040.26986134
d4439c35bcb88e1490916c67,629519224.384621
4a73dad0ff8a5262e8b07c4b,987111355.9777613
3dd8085a65f24b497ea59557,992032193.2916334
39ef085809bc80e32e7b6af6,992963530.5006258
b98ee16e8fd7d1c75a9da13c,992963530.5006258
16deb26bf740fa61e258f545,603328390.557115
732a3bd457d7798e1fd892f6,743640221.9830543
1376058cb128a1c7729cd2e9,506059690.4626612
cac7e7c3e13af91bdc7107e8,967560504.4103626
9f3dfa6e1422f6aeac527c61,494601587.74562895
4dd3d1288ccb66ee4fb9c097,1247134830.4758635
15fb97d6a43731d61e95d004,684392928.8609256
dac29573163315edf99e0e7a,483108750.99631965
b93f2864087d41c3c92d43c3,701566333.7617851
cd4656aed92f5c0a0b6b7c0c,701566333.7617851
556210496090b42ac10cf1b8,1143746231.0923626
762979729fb21e56a32ed14e,1143746231.0923626
ea935b76abe664d5e2c4736f,364576168.58318824
40e9ef1e7c6749b7a8d04ea9,653420853.1018645
058265732a484ac8d5497f5c,536395654.27944064
6f52ea8340cdd283f9a79720,411308923.41933733
cafe7c1ee67458e05c84d5fb,737595524.6597667
3f45ed2f08a2b03b738fbb5e,425838417.69292915
f203b18854b75c4564d7a17d,680292177.3976299
d5333f639d11bc3ab073ed72,444760840.33337384
c14f644116669a160446a945,370613819.3230358
de585856ff546e00a5a4672e,337241826.116291
7a80663cae7c191b5d025fa0,355251002.1607318
71f80198e68fbba902650b1a,383950111.61061156
f3523e0626df8cea803ead0f,374503685.5294844
619abd5f978b1573761be86d,451550618.7504339
17a2323b855e93533a9f09f2,476951396.3299142
38e8630f2c05ea38e2257c21,554117993.6335092
1e3798d739f85ee0e5a314ca,433032728.27315485
46d0544f411bbfb6b452858c,509761966.11085236
605e7a71eecb13b23ffca0c1,446240887.7966987
7515b37b7ae7c62f3dafbe7d,561961005.85344
28be121ada9c9303be802474,508203941.2022922
331d54f8a1bd3dabce73d6d9,473790595.718138
22d167639ccaace593dffa31,403364547.9608379
36cd68fc3ffab79fcaa340ab,416501773.9884399
db924733e88c361cdfab874a,914174744.2760013
64eea2e9a13a8edfe8ac7027,734772224.7292569
97fe6eeed892111bfa20255b,360682917.6222679
b54e6757829ac95e2076d954,792377578.6787442
dd59b8122458557041903207,610186624.6226995
b35c58fc1c05a77433025318,690443179.96659
c41964afa164d8b75f8dbe92,707141153.7098898
96b3ea80cce599b68f96f86e,666297462.0799313
a4bc87ad4f1ad97c0a63d843,585320068.6221592
16e62269e6aa2ea052d05f71,687531133.9860421
518b37b51f824fa0fb5075d3,568786648.4705414
e083d83369cbc93fb94842a1,571353300.5108578
57deff02895d5286eda10d89,600567777.6923813
7ed35835fbe694bc237abe38,786870445.5423008
b48efa9ddf36e85164354f26,590926860.6777625
5910c9b29a1025bada93a5e1,634025408.8575212
10a650e8cb5425c97f08f68a,406095478.4244102
9e0feca2ec3043ae6f840631,586562467.6356623
35ce37bbecac6b164fa21e6c,458387137.33877814
c4955010d066e013812a85ea,523971979.3489186
d5a83c31bec18d1c3eb9af7d,601794419.2084798
70217bd08583854329722821,640624779.9722531
28e748e7aa0a447731e06706,603254218.1889516
27929c0a3e0fd2d6d2969e03,602330708.9732507
5c5ea0d8bae75e0a5c88414f,432484737.15683055
2233f50cf7b04791cf1ddeaa,600536319.6307007
bf430621f17dcaf17fb91ac7,716519014.1545002
d8dc9de06461e0220bc55906,612694286.1655749
d988975f8c4e6ee8fd8dc1e1,743899298.0734904
bab884e0f99df269805e83a4,1117271165.7914498
8fa9b20af1508af7a01e2267,1120023442.248265
b6f195d44ddbe10b78b97191,435525751.8222315
2ab0eeac4a228d5769fb4365,435312805.7766678
347a4deda03bfdde6d1c163d,582360541.1247039
17230f18b30b94606fea047d,591161107.7687572
eab4ae491bbbe7b8ab107229,614020879.5273257
07c753474a847bf2bccd55b7,591272840.0350657
b7ce05400f0261743073e072,577899098.0185473
4a33d213841d2af537aa967a,643339484.371229
04eb0b590ce7483c615b043b,678968068.7728544
a01a51af09a3dc387a18b58c,429619504.0693265
270b930a9e22d5016ffa4019,855308989.1152635
5ed1320fe84a518e267ff537,750759945.6954292
f04b574dc221473cfd616e22,604888590.2984334
6f7e390aa6135019dc5a828f,541314578.9385505
776d4a19fb3852fe6dcd3ddb,519079679.146639
b7f164b79658952248866c34,769985357.8789444
aafeff5826516e363471e439,540372825.2955009
eba6a2b80a17a846ae560ece,363550655.7085638
90e62f8656ae504bf6175e0d,461649385.9649881
dc4331d09a1e36baaa6bde53,494896672.08306193
372d67ccb9d251e290891f0a,373573441.6561087
a7801c67a0ddd71c50ba38d3,378065616.912192
e4d6b81f169cab8ea0244d75,440297973.3167587
cd5c6655243a4be0912bc92a,513016009.0918529
f7a7281a19733251134364fc,1065321316.352972
a716ec25a219961fbe90f367,919957580.9654526
8bd45966c16d4eafb49ee2a2,865804313.9793215
baabbdaa5e8f69fc90d303c1,1073943951.2220995
8bed46960db1b2a7954ffbcb,1027093646.9374889
dbc123f9502159d660f375ca,1071254168.5665525
a4683facc81ccda10e9ae388,908354065.4104174
3a576586fa1aac85c2ffb75b,1113138667.214233
b1fb98d0ba25b21c6647d423,1125015611.9428015
97fa4be3ed93c37c048f507c,640774688.7929214
cf184cc576effe39c0f857b8,507170802.3216108
784f67fcb2d009d352740ed1,434449761.9439566
f4d6ce332121f814aa663fca,503187037.516045
c87ae84ef029febca1e633e8,473382541.2358682
e876c6fd9c161861fb92ad5a,892476979.0481206
9047c4764f2c6b1a10b87e99,780281055.4226543
234c94e9a248ae57bb5a0771,445636138.12478673
a49c2976ca4f24f3a6b622e3,427539615.8534938
ffc171cf73514bed077339a6,401547724.01852906
fba83f5feea2522888377066,355630117.07787764
1a593800d5785ecc36c25ead,575965567.393313
ab157c9601861dc387a91b82,621326644.1544368
f87f8003f15b0fbc12609514,537807038.8233966
f44d035ea2b15b2c69d4da50,664764652.7546703
fc815b59cce7934f816f0502,541232994.3851382
32915b77ca68000ba9eed6d8,507616157.9785578
cb083fa7ff634f424a351840,522241357.8404341
4f3c7b9bc78f882f858b3d3a,483062975.6586932
53d33316e237830ad463a26b,557579620.1224341
f5d852e25d51377686c43bc8,512475607.2532272
64731b6eaf4fd2bb6c155013,501987742.286711
dad7e45e4706ab2564ef9cf1,461608369.89005226
255914e9b13ad94efa6ed365,494525901.1429231
5a8950a64b4aea4ac13dad45,1191384394.8749363
70f51b4abf26651111305b1b,582870701.573569
8919ca18fff7571002e440ec,1062608623.6889659
f776a4e0c8c82b3d29756b34,1147500231.8733687
7ea4af39a7e577ffbd600f0d,694778119.6609877
45fc0d46c7a4df7ff6976fce,1047837980.6723275
7cdcecc706fc7c79cce45b20,670744926.753357
3503f56e09e639be4762ff2d,797114296.611727
f70ac0d227db6f5333aa821e,800046700.6801647
20db610da64f80afc1621b12,499701402.7341935
c80ef212c870e2f20ed2234a,673261343.8967742
7dc68d5cac1b7fcdab35586e,538966955.3429364
a478fb93a131fee4119bb9f9,1010705778.3690479
7749b2b534213ec7b536372b,669458188.5711612
43e59f5312e304fc21c1e052,945954908.4692726
82a7920524816f3db7f5a4ca,741310061.0777955
1a7e331d9ff88ae5efafa8ea,622674231.2176992
a57350d4c79a415137281cb7,366148677.1720907
f3a6132006d54d0e22a17e84,690026994.9837092
14caab87a129f51b2b70508e,660813199.5578158
ba2423d79744d763aa3744f8,645222604.4920328
1caac10c1121a795a172889b,911764196.308975
40768729f2697b87ed6519d1,637956609.1538088
843234d3c6c20bb60a17fbee,590501912.2843996
cd2e4dff930a1c7a1a569992,511040591.65776056
5a6eab133b7e95155f6a9012,385055603.79314804
5bba6c40aeb129c433d2c58e,509697243.0632622
ad3c644b506498127c7beef1,580833988.8406974
a379656c49f4cb1cfc5b3f03,539685043.9949273
998c1a6ace613d8a7468ba5c,464548806.4893747
dd610d7ece83bb02dcd7a22f,455975146.73013103
539467d04a2b3e78c592b11b,385274284.41942894
e40fe4ac43cabe82c03dda59,442000309.2351252
5561eab714583013b422e7d4,452487252.4553148
d9110b2b5b1c02766da9e24e,706877983.4359237
c72cf05b93b9c290c063b08b,600569175.3798589
d71cc157c0c43935989009f5,540589046.1578982
4199eaa19ddf8ac436bb2ba3,613290667.7514417
d23d12bd86def2657038a481,1192791359.0556192
ca438e13d8aa6285858da0aa,961595616.8252927
a173eb804f4bcf6bfe889417,1095039516.722621
9b3677d498c2ccf69c756ec7,1021976329.4065199
f8c787390e4c6d2e99fc7c3d,382963576.57243073
a188aa896d1b4520ccd6b65f,370805379.40935373
9fa39c9eb4b10a20dda6c3c2,501052284.90630543
7bc9022fa1eadbd9ab39acd9,557129449.0643464
46f0731f62232b32eb733dc3,553430730.0568618
b6767d1e329ff5e28c42f632,519890384.6305378
abde4b06769fcb1d5577fa7f,518496256.29769194
1496d159d31717ce254f67a7,367374117.84469235
1470749d0d2551a93827e441,416779836.1019889
3ac517f74dbf8cdc8feadfe8,612295718.4619908
fc6616c62030a53d2aa46b12,654115393.1119505
8497f34947cb4c0ff18a0eaa,482184338.71935153
3b2936127f5a4684a1d3de22,591922995.3524852
dab58562904cd13a93d913e1,603745213.5564444
69d1e47b6bdc57512f1838a5,760394875.864035
23c7f9a0534a4ae6a24e38a6,730162047.9447359
640e9fe41fb79ecba89d8951,959943820.1457897
31f6a25d56f3bb36386d07ae,811992954.411532
bfb30ae71cdca27f5a5494c6,915105983.5050898
baacf0dbd690644d74f3a929,969777897.4186178
cdcb874d2e62220d12230632,816556710.7641555
1421bdbd9cf7572b799b732c,846263219.2290472
ee9e5adab1455d38edfcaa6e,844436742.9973187
1fae43a9450fae02919962b9,616046252.3796524
5f9ee280509afd55d24f39b7,614130676.4097356
82902f2082dd405ab538ff58,492744627.01538175
eae52c81f779a61f57cb5b58,921185441.1794939
4ec0aee1b202642d2739068b,598388891.0037848
f4c6c3210a3c2eb935c6d5bb,882481085.9413722
14a14706d405569501327924,377497250.5851886
146a5a4f3d111dc7b955ce42,503975698.19990647
99bdce7cdea643b0442976f5,720536925.8935679
733c7cdfd50db77066a67140,537909101.6597674
de328410e22767c66d919423,569594891.1086841
d0116b53467b3081664fb268,912738696.0973082
dc722ea5c4d62773f9fb6bbc,442240953.7749738
e84605e3aadd50b064c8eac3,1003747219.8931247
31a3719e57ab1425e7267fad,413427961.92192626
34993717af3f861b9735df6e,411641093.16273046
543822711986a454cfd764e3,609069450.3309413
5bbc4ff9cc3ddacb39469e27,1000308754.5997523
d7ced905983af0800c19b7fe,625013946.5731351
02d5bac2567ee9e19041ad42,642351238.8272198
f4897a8a0a911a2acfb8e8c7,898829875.0079211
4ba19ab08d1fe7f72d0dd37a,453442560.4509482
b7c07f8afe037d55bddb8e41,413765862.71901166
40b20b5a3a986802d64f7675,531581141.5628938
01fb5931cb55f5308382818e,955901710.7155662
7cd0c7174b957df1f004fc88,550359030.0631578
ca13bacbf6dc8d1b09fe4c67,429586214.92297906
0ed0dc77661be57aab63bc83,428209455.08746135
d03558acc19951a882bd568b,557707131.976645
b8cca0d70fb46f3a31473e98,777059842.5102803
f665a58fa8eda69547c1a159,615199819.7052637
8aa5ae4637ba83e672cd3ab9,622169739.6293253
a6da1996f66e545041d920d6,1124345277.6224582
b828609eff041a68fa243a12,699090873.6577362
3f39a260b81dd7de1dff2b31,391074539.5038029
40fd167916ff071afdc44792,546520548.24312
6ca31945172976c3a11732c6,590506921.188403
1437d1f1601d26a3dca7594f,620472233.4332824
ebab054e5f256bf4e382002a,996917128.7430304
0838d0df248d723da4e25ea9,660881086.7059224
7a134e45b9ebe710c6c6efe6,657934399.7235575
6e9c7f27d6b89c5f9696fae6,461621248.96247107
bd12c705950c46e679c34bf6,1062254552.4870021
fa2c1092f17ce021964f8953,1068738177.5332786
e3202b635974f7a3367c0ff9,628627617.2420863
49bdf0f970af03d83a57dcff,597950847.9988363
91af29fa680d8033188ffc39,484788346.94838524
cb626b981c0997d254388e76,367088906.00521237
155a8e4186d1626fdda4d0ee,655235738.4172335
d337476c2cfa780518523a6b,446473144.08177763
7c3ea8523ece273991a190da,763955288.6336727
674c02227165e1c7189c54e4,1007214927.685688
17056748001fd65cb961b384,633827464.2162
f56bca5bebfc765162c8cae0,904418551.998554
5f4b0ec9c7452b888b33c3e8,371309688.6020282
13dbc077e552640736267a49,433293334.6787444
cb645955c851790e83e696a7,649980595.39795
649cca8c83352caf7442f20a,639749395.8736732
fc8836e71725949c5f3fa7f7,1257371660.715333
4f431d80287051ca323f2c08,578565300.1204312
42defcc69fa22e4c858f3c24,649980595.39795
291a2f9022933c9d81311e81,649980595.39795
d48a061a2040d851937413aa,649980595.39795
55d2ad80322427ee3426dceb,767611769.7726185
8c41bfacbc1a6ab831b26fa8,649980595.39795
c7214222fefdd8d2ad7f8f8f,582849475.6341842
b3d9a095c9c73004643c9e78,649980595.39795
d49aeae19e13909e75dda2b6,649980595.39795
dd10dcc52d2549df85f2a8ec,562473748.6348898
6732b448d2e4f32679f235ad,983751342.141843
f08a5c2992cfee4c0910f68c,649980595.39795
e3a62f080c25f404ca995e06,649980595.39795
7634d584c3042533942e2dc0,655616626.1427011
ae58dee872922a9c678dbfcc,913830057.5254275
5ec01e911785dbd5b49b166c,586556509.3494294
9bc12d9c9ad95064412c3413,724289716.8436091
7acdaa0cee1ee62e15f4490b,442684705.0369556
d76d5b14d0acc5295b8057e2,577523198.6044263
32f3364ac1fabdd13db1cfe5,329363318.1539863
8cab957b322f1aba06bae4ad,480894976.6719973
e3dc8b417819e9afe3fc7d0d,377279359.9342959
c71fbecd8f7310c201adbf40,394748681.2210284
54c9bffcdc46819f67e4b3d1,831402905.9987348
4d94a2295f612b96264a0db8,403149757.6681182
874f4a836cb74be301e068cd,951344690.3796617
a18925f908acda4171bfbe36,1021692698.1027279
a587c7419568288d68c46feb,841264453.7336932
19994da77ce4f2db3efe6660,392707435.5061688
9c4dece6127f1f3f3bc1e0f7,459308473.3873361
09c28a830f8093802384071c,469307831.2782665
5766f7cfab59c920081e3046,459308473.3873361
964b7d9de17c1ce396fb83fd,337754419.1133364
44f77a86369d6607753adc09,417270904.058301
7f25471be85adf0baeb8ebbc,585285912.4122313
6859481703fb0cb34c1e564d,469134839.79989946
7ba0c14dce0cb09ef5735d9f,474095754.4341636
62cd6a29e98a5b7a5ad38050,842182053.6120865
9c6d7e6260e4fe83d43706d4,615679587.7799864
5dbcb55dbba823dc31b041f6,1081543297.6942265
85abc5c0353c5b678f087824,589240895.2713112
56dd1bc39664f8e9f316851b,663037267.2586448
b23341faa7307d9d6009c6d8,517859555.6894195
2af941adae2e8dfd66542055,638732720.814857
268f887f25d416dcd3c0c9c2,887838669.4301465
9ddc7272fe43f07035d3da63,1279400958.525221
4002635ca8b087877ad22d5b,1072786608.8688185
b515b1caa608ff42574e5a06,550426642.1356908
710542343cece039a279dbee,591861994.9891664
187a143dbd6d4bd81d6d9c32,458131549.2644536
26db92c003c8e67d92d88aaf,991677857.6626807
641ac8f4f60ae2b9cf6add93,561887733.3129492
784714647351cb6745c867b1,591861994.9891664
5fcf1e2ab4edf13ec844decf,545707449.5990585
2575d932e98c421bbb38b267,541697328.1886734
af9d2f5f62bf74a7fa9c74f4,566895757.3675482
4db8d529af9f718e6d81a85d,385274284.41942894
9a3368605e5f563e29182f3b,348331240.68422514
5ff696d8369101b6dc60e2ed,323465923.4162526
95ade3ab8dc04237acd6441a,411952131.1768399
607ed21e896eb5ffb50d5ead,444644047.07697076
40d9a852bbed67a6036c6d8b,405134117.41354555
97badba651a94721af5df3f0,540589046.1578982
b2f089146c30929c4836f0fb,503622876.18369204
936307e2f478c3ff7b9652e3,600774211.2869773
b6d5cb459999de084965e993,557136100.375529
aeb66f808982c6308d891f55,456657424.1096821
cf8418c60f4e54dfa09b1e6e,406335253.0206909
1dcf71e8fbfef2c6534576df,731904091.2114073
c78b16f05ef58855da0d4f2f,488800706.91755396
19ecf1fc86396ada203c2a19,724500237.5029075
985fc7ab5aabf1831ce3d298,834655514.2975925
8aaeae6bcfcee5ad928ce28d,706877983.4359237
1a93cae134c79a43b13ce656,613290667.7514417
ffad647e8ee35eaea6378fb6,746225476.3798801
c21a3eaa136ef8a912ce7b74,543551416.1567491
fabe0f299a4e4bc6f51d54b9,842403766.5443391
5af99278b1091dca9b0b0332,649835833.7980704
3f0c845deec1c24472a35efd,1373574039.9932148
c10f25fd39dd36287a6cde73,1256420877.8512487
f37d31c512866b575780c4b7,937734824.0710856
5d34f871e5a5cb3a655a0b13,499841202.9378053
95bb852a958d7b16fd676e3c,1002000621.4833373
24857a7a80d5f13a52eeb054,662169857.1909319
f9796e9d13fe1becef435e54,1106529441.7705657
1c2739878e452a340a4e8972,798330077.403917
698f3f1929a2dbbc69865b65,663431681.2979889
bc230105784ca8640e499ca2,409230018.58458424
622fdba953206a65224f2c82,450354831.1177357
6765fc17d98c08142d3d7757,559836777.3120896
6f35fcba4ffd6a58bce85892,419302232.506825
d8654c08e95b39e3b4891cd9,820943869.7574524
33305df46dc2186c7e3f727e,1018768080.1059865
0cec193a20d720af010383b1,811400658.1627588
734efe04fa6b326ae1d072e8,477967968.25280535
69190139558b2ef3eface18d,411121205.92919004
bb084299ad23f245d7cc5b69,652869764.626796
d4c7b3372d70b898b167b92a,717821207.4404335
4a119b1bbf04b4bd6051c5b1,537888402.4874476
f844345b6224bc76bc3c6f91,454432424.02301633
052505ca8210e5e651fc0b63,844952579.2331833
5731cdf8cac0b8371d786c90,608121651.4090171
594d8d78af90086bf8cdf09c,635997943.0942428
fcaddcc78938f3a234dd2d3f,387739273.736364
1574958978c9b5d23d9521b5,544333111.8210651
55902baa0ece72e2e8c869d6,591756181.2078222
46161effff173111bb6c3a32,590926860.6777625
b3fcd9cbfd485e4e1da6c89c,427588843.63712037
213ddc1761cd6b018349786a,717252278.9940268
be3b1df5f008636e14bec3fe,582131463.0040469
dd27922be5b6f730f8b4e058,483928425.85922545
cd2aeb1b2649ef421102def7,756546160.0511346
a226b4af016a772dc7e39ac8,455397212.85563004
dcef5b332fd31d0ed8d754f3,412514192.75391877
481492907baba4574d4a6f35,529046756.4004194
10e5e54ab66b58b3f41ec381,737612140.4457521
d48866a153ea0fd23a858cd6,434587365.7924329
d273a2075d28e343a657d9de,1277736307.3790674
90a711f776d53cf654614649,572714951.2014861
f87c76eb5071c5b309e3ac3a,532966341.86962765
74df03749e60c216a3e1292f,441525836.25284827
03a84af05df0f577e09d60c1,371277562.8749187
78682041182f01ee4db04e8e,1074806802.386352
25c76b5a1da0c2d8158b3732,711743500.5796224
af8f09175265e1546200ff86,364576168.58318824
c8d4ffb290aa9cea002e8d67,514476324.3305292
cb89ad8156c3428ac80a4db3,652869764.626796
7602cb1e6fef087d8ee81aac,399347250.0935188
00c75d59ed4777481a50cbd3,643697684.1759489
fd36cffb856c2a14982a5fa9,631258510.8136405
06ccfa37fa6b011ac38422de,367739844.49891937
257b533b6a66b40d0f097c55,573654043.1558177
736eef4bb36681acbcc3c41b,564438470.0967008
e1a4437b17f7bec650d8cd97,475002507.0049971
ecabfcb8ce9bb47ec3089c7e,475002507.0049971
a5a46af0c9fb5c0a03855660,555135500.555739
920b50f4355cd2674ceee068,726528438.553561
410e5af026805ec8088f2e71,711743500.5796224
efa0c01632d13ab59f629ab1,490608939.7773153
5965d19a68a8414b0419bc68,636834136.3566617
64955a117f2d9264eb59fa82,960220383.3196926
8cd46b5c9cbd056d3712f155,663431681.2979889
65f736c3fee3d14c31a57d1f,663222959.3293288
66e9c614882d58c022de7a2c,608121651.4090171
8c787c1e6161b18601e6d7de,413521892.38670015
29a115ba5b198689fce5f93b,403380690.0714385
de8ee990e70c8e5ad167dc89,551545871.508576
0b65098a19c2fc1caa6577ed,529046756.4004194
70ea0403b722a1dae1ff9b18,717821207.4404335
5c77e242474e477513b60ad8,455968399.4114956
1655a92b20740a11a5889519,389282957.3459014
1709b1446b20b21482dd2d36,843429850.8978231
e5dba7fa0cfb81488b0c331e,468702655.63081104
d09dc3a3270073e5f1cb353c,537888402.4874476
368e740cb71b9175fe5b7b6a,1018768080.1059865
b8a8ad4c0215077d3e5aa472,910979138.2907976
1f4a78e094987ce29f054fb8,414946880.8366058
aae3a99ac764b8e9bfc562cf,466290568.10408807
a63ecc5539e8725af4128cb5,650210184.4606755
a29e18f37ded2e901181d7d2,504296191.1835131
14ead7469d05e5eacce6a575,753840243.3609077
1cbf39c44f6b0fdbf9554845,578769354.4100089
9012294b64280c565a88a1d8,745673513.5182822
dc0e9ce44b9932c6e48a9390,529019657.4606756
a4f272acb4b3b4f5fc72e99d,562222630.6758103
b0a7295da89516be1c44512e,677331498.5131912
b638b937d4f62949b9eb9fce,604110929.977743
cadd4a6e1075b57f7b74c63e,709006358.3196756
a88f4eeeeac5ccd1ba9b8a4e,1004297610.1781696
29616bf14b5f1cd42786a91d,409288729.97927773
f03f97ca55e9a43928c18237,390043372.49783283
5fb9bd3aee2e1320dcbea448,541089356.8147186
34bcfc2f0cefad790922879e,591756181.2078222
8c9849cf3d20991e5126420b,1061208081.9508137
ca7b9296080c9fc9fb232782,960220383.3196926
63a5989d0dad994a6af7734c,383950111.61061156
7d25023ecf668945c87e0666,444760840.33337384
fde3d4a4a819b1fa40530238,386051778.1466723
e3338ac993873aca45755dc8,355251002.1607318
bfeab1b12dd82efa96efac31,370613819.3230358
2d564574f0191164ff1d068b,374503685.5294844
5529d858e9c9e3e92ce8a95a,363997283.8064507
2755af908b841e9024718b3d,366904138.5286678
623df36ea9610ed5c58dbd8b,451550618.7504339
77924a3c7880310a4822e5a7,337241826.116291
24fd0b7f75feda5db89a4127,366904138.5286678
c2b9a3b2747f32d26c8219fe,451550618.7504339
3c3c7861a9727bedf5e3cb29,411285434.75833905
822ba8fd3c7392bda84461a4,554117993.6335092
4625168852b335b223a05bb3,413492098.2984327
b732ff1637ec53286e890865,509761966.11085236
706bddaf0b87e4f076247450,516649661.9231604
917218fe1425d2c222da1ed3,476951396.3299142
7ac0428c4b7197ca14f3b86a,403364547.9608379
e828e83be8651bc2e07641e2,567188419.5697308
4d069f925100b6cad0b657b8,416501773.9884399
a50640d13126880a423521e8,473790595.718138
45e92799de1a5334c3d2d72f,433032728.27315485
93ca9e75cbeaceee69b4f0e4,914174744.2760013
8fc4070ce12262679c381515,734772224.7292569
63182bbbd5f94cea67de2d8b,716519014.1545002
6e163c3a0e30e7bf1e909661,360682917.6222679
3cd016f68705e73b819cf74b,666297462.0799313
3da41d55a2b9f78c2b10c75d,406095478.4244102
0eb8f10c9d5ded1b09f60baf,640624779.9722531
330c37fb5065311564fd35a2,687531133.9860421
b849cef46f19e13d3fc9d5c5,634025408.8575212
7bc034984b19479f29886cc9,631276324.0392761
5cae4522fa829a1614739b64,586562467.6356623
bf6bd06201e60a4c98c8623d,631739623.1963747
549ebb2f616d50ca778e92cb,763520479.9108719
448ad6cf4b43298a39c7b5e6,612694286.1655749
e9a37a1a4150461126dbb6e9,492381067.93823
1d4c50978603ef41377af057,610186624.6226995
bb71a24bc5ea4051d84ecacd,568786648.4705414
286ab2411118455780314355,601794419.2084798
045108344bf09b01b597e7ce,571353300.5108578
d714e15ab5c2d5a2503bffcb,590926860.6777625
60823c81f0b98e8a57192a9b,786870445.5423008
dfa988a524343181a0d3ead5,585320068.6221592
fe8bcbd17b16ad023a202843,590926860.6777625
69fe76202cd89637a15de1d4,603254218.1889516
e7cf67cbc08fa04be9f0a3d4,458387137.33877814
670583e7a2ec6e337429fbf9,523971979.3489186
796935018bf2b241646a2dae,707141153.7098898
5f5856dd16c0e5131835e650,602330708.9732507
ea2e380226005bb55c724ce1,600567777.6923813
f40defb11ff73ba4e3db7611,523971979.3489186
a4b2dd2771f49951c027eef2,690443179.96659
a949ede7227c8f8587715029,743899298.0734904
83f402857435d4fadb27fa36,1117271165.7914498
36ab522893b5f01caea4cd0d,1120023442.248265
8e4875b7ecd0898571f0b1ae,351073029.90366226
7ef3f8bfd0368696369ac957,405428828.09101534
73ec13a5687c542137eb9a41,376303563.7014638
6334eb4a37d102ee00c6e2a1,393959686.10192657
fab91f0b03598c943fa425dd,420785249.3929096
c57c3c7edd591e16c0b7c1f6,414971867.8176357
03aea1b6ff072f117ec733af,414566981.5327585
91b57e8d6c41b7afe949bcba,363005442.5813128
ebbc5fdad817b304af3585c4,377483480.02043504
0232a50c9afca03cbf4277c8,356574268.75379825
05b12b1916e51a804419c654,390725871.7291507
95c9cee9b36fd1d68f647aa5,380244630.02419204
3d31144a77cb51647f3deb02,356862653.32078856
ea87e3259c2b0d6263d39a2f,378666073.0843391
61f634438de4a10a861f42c0,393458593.82113975
c3ca43d0474dea2f2dfb9791,351073029.90366226
a13a3638569b89ddf1260470,407384079.205644
124959d1429de095473bf5a0,420848307.9925686
4d85bbc09ae56cd85a8f87c6,356862653.32078856
2c13f29a8b9ac9b464e3a582,351073029.90366226
70215712bdd8ae7585520550,385130924.6527247
3352469ca509e8ca652fad1a,502979150.23479694
893caa7433c200e0d43e9f27,576053104.6757019
767cb14f03c909c595c2a731,577497840.117606
11433baf7716402e8c58bd33,554817904.1187078
e07ca567b0678126a1aec803,590691211.8673952
b2286067a73bc0049328b55b,558115539.62094
c85d56080167254c7bc19303,629387422.5168396
5b9ef8d6defdaf13dccc5ae9,417270904.058301
f7972b1936c6d9e95d3f632b,441682652.7104218
defd03ae7d0c0a44baf80abd,602408360.321404
6fffb7958a58a73b0e16f2b2,450360158.8217357
5d86a1db39e324770ae58efa,497386844.40034544
c56163e390d9e5a7a76e77be,834149588.2398207
fd5ba2795eb7b5fe338d6b4e,568438991.5876672
24d6d85cd0e2dc3deb2db896,450360158.8217357
feea3a2bd9f643219de51c46,482944238.7846106
055d7c66464d7e327711b497,611281172.7427269
046aaa4162cd410e92b216d0,461161695.24050283
b6bf2760cfa26cb28fc989fa,618772223.1263542
3a6262eed8967d695182e435,533186490.56110233
cf3665f24927de548639ee4d,565951223.6933861
4c243fc50d5511a1288bdc0f,567498314.8437924
d753227b5c685e93b378baea,556624713.1525198
149e49c22fa0eb163a36c932,611629551.543113
8baa01b8c6d29c82a6108cb8,427172705.2569425
2d437a09b860d9d46644ea23,584091078.320416
66bd80fd26836fd426be5733,567617540.0666544
a30e69524af9c1bddbc5de34,550560922.6242251
fcc96840d952d32a7300366c,479629688.70496887
659bccaa707b94f303610225,556624713.1525198
df1c66d8dfb9520c6818a32b,583696266.9935765
dd1dacc0c90022e5b40849bf,525237068.5653227
1a06bfdfaa9d9ac754ad07bb,570536399.8122495
a0ecc8ce0592a40959bd755f,520742276.1360385
739c2b9be0941e4c126d2f3a,489753288.7415259
d723eb2516802250027312b4,479629688.70496887
04cc75f46642efb1192f1875,505215273.8846301
9f37bcaa95fb0044aeef6075,495605450.9126171
7be8abb5d23794ac47ceda32,469701731.8978507
c06c737cc0cef7fafa3fc4c5,504769303.5283742
48e71c45f41778f8dca24cf5,496730713.3486202
b41f7c1cb9cfbd188f8e0233,614285410.965072
32ce96d8adc8e549b90b4a8b,717956720.9466175
c6bb4ca5a0c839d38dd8ce19,557159595.6860261
1d91edf33a141fa2181abc4b,634494560.3691351
aba4e24dcc6998e5020731c8,717956720.9466175
00af33cff3ff7c6927306df4,558105380.4390985
6d2328def08bae481705e20c,733238397.8464996
7815163b8e4a54843d121dc1,736399610.9115151
c9f92088dbdc0d81412968dd,562914242.4137603
8e1bd01ce4b7910d42f59be4,806886784.308198
5fd89a857727753eae6632f3,588022615.6877108
332e395d4ce62523a2e3208e,595939586.3985019
4fc89ee51cb0e1b9d6459819,595111569.4249314
2571fe181b6ab939eac19d2d,617947394.5834787
af98a0e223a825cbab78ae49,628807342.2156572
ae187fea3c46c3fbee7e6e8f,595111569.4249314
c681519ec1ee1a28f6a3607b,616344957.9130427
bebcca3e75e747b5a01f5485,614063147.2401152
0842a0730545c623043b1d8e,811330066.4143524
973afa2d67c20297aa108bda,612612446.1234112
64a9f0bf04f1c890cc6e31eb,595111569.4249314
9e92b27f554068b7dfb640cd,612612446.1234112
57b7aff18c444fa3c577b079,595111569.4249314
6b23f191d2ccbebf9166926c,766727095.7198159
b80c961aeb98d24d968c71d3,790316755.800139
064c1cd5e94efdf8c7262fec,609312363.1893468
723078b6cbdf02c88286c596,639477344.7952077
e239ff5eaaebb287beaf76fa,437542682.0071248
b3b30d8b869eaad2382c5447,623004923.048719
3f295e6c14e23cff1468bf82,700120984.5135741
be78bb0e06d5768ac1908247,484015272.8610177
4daf52564456895ca7f4429c,474614871.9169934
c832701653f1e7f01913660f,549489265.0610793
82433a009defc21498037127,766727095.7198159
b53d3d578b1d7d9e00c8a00d,673826893.2041097
36fab4c38cdd91de650e6abd,940099174.363464
bed932e11a599f7cd4bfa31a,630824405.7782937
1d9addd835c9fe8665e01500,456501777.0269326
d8216aa4e029c0d3d646efbc,530964812.57142884
c1b0ddd3c104ec4482d5025b,522410941.2124684
bd0f754b0fd9b7af284419b2,1000281673.9581332
01e907d7672006fa2bba8b0f,527234876.0882876
7ad046b20064565644ebfaca,550414412.0141581
1ac2b23683ba89e9175d1b99,555805377.0064732
ab4c55e78eb83d80c153f50e,613091008.8041521
2ad54bda875fcf8c6b675bf5,361096532.68595743
07e76c765d1137cdd7c2ff53,471859975.84501183
5531b9663c5a37a2bdd97e9a,539911951.0121261
c740655aea4eab7066446c42,419732295.585991
3b6c37e7e6ff1c03ee4fe995,543733119.227566
1b5d3ddc71634099fa1f04a8,566589546.3084241
1ad916edbe6fd38f40289a04,425648085.9514869
a1368aa4d3ae850bbfd90bca,563486987.7084035
0f728f676325ece6a001b4d5,628604013.039533
0f98c4e431100aa87e6fa6af,720383579.6798912
91a08474a18644c43224c62b,546906778.559139
185dd9366a6dd1e820880917,560795269.7446741
e364018f4d994cd15d4af374,738958469.8387828
77348acef84ef77f6a076268,526756780.21385336
7f8f506137780f4cf12e73b6,422896778.97265196
809082a38e6fc3faa66845b9,497290027.0753809
2072a783a44474cd0dd10d7d,512976967.9773857
b71905255273cbb0af1290a9,506871550.39832395
c7d5f021595b58c507f47d3b,1318120152.361764
65ba1feafecd7efdcf214ed2,825330056.8703271
72eb64cd02ad2a54b65083eb,1076745764.9929974
35d79b2ac92083bc439124ac,591390793.8966982
2f7d36523df4a5eee3edbe05,442366108.16086984
b0d20a04106ebb87e2cdea37,1099549720.1486764
43650eb8b70dfa256ca64979,694778119.6609877
311fa1bf3c405f9bed13b38a,362459629.28584737
d12dc721a59af021e8ac68e5,362459629.28584737
36f9a0ea831710344f468bba,362459629.28584737
1eacbf36422a54f1327fa291,362459629.28584737
9567966987eb1d3117677cc5,373203775.17969996
e5bc85e227ed7dabfccbd005,362459629.28584737
d1f39f86c82916524273bada,385198328.22828895
deeb837c2c6bcbd01930431d,527877776.4232257
57aa22792684debb8d4079dc,537807038.8233966
5b0530f544da162b9a8ff772,495657653.63337684
b7d66c5f1ad06dfcae5b33ff,473975424.4913019
bc353a421fc579770e432176,507616157.9785578
45ae1e929b0fc88718151191,430162489.60682994
b04449c499843cf46ccb695e,465818706.74332154
e4d89c9d33a0f2659df21185,527468528.199889
b2a7a8ccbbec39b63e4cd028,448488719.9664785
3be69554b1cb31ed5732a836,512475607.2532272
de7f584df6103e8bf95f4a37,409116060.46366006
0f4de499e5bd2c57fcc75013,457596456.38391834
b4fd0aa09f993bbfb1fa8abf,517867351.2282551
88a83e58eaf136a82ab1fe37,503856901.52116317
379429ee3675d1adbf816cc5,483331218.7361937
c6084b85c8d95e0ededc25d1,466698879.48147607
8eae4346936f8c6c67be81ba,479655393.6275476
a13fc9e9b4e47340a5d53bcb,432448646.01348567
7b8a4d701066372dfbdffbec,503677196.1542574
a62a6094ffed3ea7a54fee73,633814458.7253156
bf0ad098fbccd3548d834ff1,517867351.2282551
0a231779f131c36d8e6910f4,497317214.42403746
51ba7338f5900d8ef12206fe,505586332.95777714
81b14dbf863114fdddb38579,488084766.30804557
adaa406ec9ac311e9f9c0bbe,451897497.8208749
4cb11f32806c0e07b4251984,434595254.6026235
3fee486268a1451a7b9fff7c,549148895.8127724
5666f3c36f0ce4eab2c39299,509505335.20218605
8a8dff62516671aee2250cb0,645619021.660835
ee4fc6a146e888e993a4412a,587577088.6423743
5a16b30f4d580352710e92f1,648593618.0378374
424bb491c71e913e900db76f,710991782.4466381
100bdfc998bbde3d00548bdb,766123185.4361887
d793efed9a723e77ca8272f8,660253273.4695525
725c029b7c5807a4b0ba2bc9,572462106.8705474
b6d3345346f43dba053ceccc,544201343.6149534
888bc3c4ceaa108e048ad28d,649834848.7584329
267e000c89d3416e551462c2,534728574.91598314
0ab4a4b8adda35f634812221,572462106.8705474
823ed628bddea9b56792d108,655396834.4330559
a189bd7e4eecdd18ebc7d353,674662849.1304916
da16828139a19aa11bd94ffe,619120077.183352
874102a58234cc7888902d42,676112724.9164689
789e5d19fa507823cc4c5296,650613069.8973516
174bcb77be3b7e408e61d7e1,629553557.3314369
31a1492e589f317a58a79df7,635057127.7053884
0825f2ca4baf5b34231ecfd2,710774179.1025292
ebc96ea800887a647422b8fe,606750315.1189846
969b956eb7769b6f509d3ee6,729147597.9856205
6ef9135481d8fc882a1a735f,598345667.2159617
5f501c4532ade3f412359a1c,603328390.557115
c6d075772255b1efa52317ac,658027473.4187797
535bdffc5b79d62aa6179c48,684392928.8609256
e95653d504208e8da19fdd03,619120077.183352
e4e529e778dbc89f854252f1,620590656.8443077
ec5866fcdb9afffad2d7f5c6,623992634.8765392
814694a725a50c306d774342,674662849.1304916
1cd6531d8539468cd5f4b315,502902844.58888876
0c3e734afaa6b7c370754082,648593618.0378374
f80eace37237614562f942aa,652734508.2370051
3aee70815bcf6effcf0e5fdf,572462106.8705474
ea21ddfa37d60737492509cf,609317799.7457469
67c78ce1b8a64f36ddf90cf6,660253273.4695525
fd2efcb61008dc9d11756381,936112159.2828511
f51658b9fea670bd943d6db7,987111355.9777613
b83b0a53ead29faf9dffc0fe,970345699.7847506
c1329245f57c5d9019105382,1010705778.3690479
98665b825fb3a06b914d39cf,971385909.778189
24e90a7d9a2bd0c30a4f661e,1017096442.8889202
6e64677f8d730e1f9ca240d2,1010692724.3613669
a742819d8e4cf8fdfda6e094,874166515.1733744
ed75d1c40109eeb51fd636f1,841334110.3670497
cfc2ab56604b4e3734d7cbbe,822432967.0406436
ed5622c308bfd10602e939ca,996227693.6790283
5f537d233678443192d22642,992963530.5006258
aaa79ce67339dc53b4f41dd2,992963530.5006258
5f467c6c80023b0174823d85,1122516628.445772
46fcc0d53b263beae95b8eb9,978917691.2455586
2bd47c19e5d29a3157fb8465,1147500231.8733687
9c9c2f05352c92c02d080e96,1239720478.85821
cf8fb8db6f74c236cad0cfcd,963567667.5510126
f42a53a05dc90e617e0e4c38,497836604.77774364
bd612d494e2f21051556ebe7,783286780.3999983
ed1c8ac25a3db5120c92525f,454104296.8463006
2c30c2736472590fe45277c3,487209869.52813447
bbe2c06e6f90c4234a7781ab,658223648.9226667
b527813993b7bf4a10c05683,757548789.3457445
2f610d2242d583654337d468,1286047345.8125556
dc25c9240c67effcf655b02d,549213229.9415603
c35f5ef73168d03cba1b1f4f,371512772.0106798
e88009be52bf5803ba3665d3,501085227.23308873
12a63d4fcb56c1d690e1bbb1,416501775.5203631
1d58ad85a82f7731e0f198dc,945182493.57093
a2fdc7da13d098cfeba13b76,430487584.36273444
1969ba34b72e61337246cb5b,558974570.7124784
8be43cd8653accbb8fe8a270,444761877.588406
10092cf2f8afb3658ae475ac,457639084.10870844
0fd313e5a0f02df07eb6b104,378065616.912192
9b5f013e795f5fa610d03238,416531656.12280256
b1ec4b8badc955f9f4fe2131,542034375.4933307
e491adef93281c097ab08dea,451186832.9356973
9a65fe451b30c59beb3d62ef,355696979.2249293
0d3245463127143a8a52014b,610478075.9535161
a0e3198470f97f6a169044b3,1099183145.891282
33e4901b6e72593513a02207,515571515.14603984
f45234a3f0aceb12341be024,744573682.7533417
a71d53ec4fd0d64f8c06da2c,1003108002.1366622
f1b30c4ea99f19a81d12f73b,1276233209.2140992
a52e2c893f85b49e2499cbab,529816215.7331279
b2fd7ee866066f3ae0dfb3c0,619165094.3659468
5acc9d767e3117bed0fd8464,716586661.6423589
0449a82dd1667c8c564904f8,1013451217.5305024
a0a8d63b5f43b87c0c7e1fb1,956606792.5637534
03de77e22e987fc3fed4eb78,753554318.9895443
3fed1dd17fcfbd2b86e73143,453933758.8863581
04fe204d03bd1c9876242ccd,698020714.5152843
32bdf33933c29b1cbf89539c,614130676.4097356
3f6c05c97778fbdc86304bf4,625013946.5731351
478e13e8c1cb5bc80f1080e0,643026536.2589705
3128a4896665d38feb72b456,709326965.3507799
fba6203abad5f4b3b721f29e,588396076.0968224
b25f461b3d48d833a73316a9,1003747219.8931247
1282e129e1a355b161621dd8,575275929.2035532
293320b55fad21ea3f4a5899,339237677.88677055
de2f5db1cd1024a9734871c3,415750956.98145074
200897b1f8bcd7c116a85306,463742178.60600334
7023f5a68e1ce9cfd23fd021,372552020.94728875
13faa4142e9d60412abb4184,436625420.1382732
d74d0241fe5222f5c5b67222,486120443.5492554
0e51111c47813a0b0dd51b64,600937917.5889436
25e3793214088669aaaa4ca5,942905798.414157
43d7b77a99e86e8bd21a19ff,1438222115.5734813
38b87cf007043b76670207d8,896923392.4688035
8fedbf13ebb7cd3475fa3074,1070777077.8374748
4be510fa977b93e34a789f26,435960316.4055975
8f165174bc07c28f9fddeee3,490989025.9694031
7ff6f389e364e67c4238df8a,426849845.5731253
2c91099736f3158f7f09778f,446567864.808497
7bb1bc81e6eb3b4390440165,594369759.2091177
74e43ea3081841278c76cda6,426849845.5731253
9b948f070b94c18e00a857a7,510910216.9016799
99340b6cf8f818392d501e9e,893266424.5730867
b27088c3ccd93e7d8d5571c2,672303690.6921462
4b45cba0d601f29c2b7db97a,547822219.6683398
362212de783981c9ddb767bb,369117482.81388736
5aa78a2bc8ec5e2be315fbcc,955901710.7155662
92fecc04105a999a622ba3cd,504928730.7229726
5098115b26f2473c812b70ed,529410163.842641
e9860f6b4c3e6699e62f6c31,370708027.863142
71273ae563da6bbc66aa87af,380975261.3846317
6c6e7af42a6ddf62b04c35fe,474086385.18909955
484922bbe02cb218ced0e779,399008193.8221798
76745c2648b66151008f6399,460694106.16253227
2100201e0851e80488371b67,443290179.84753036
5885faa4aac834118c5e4351,428640343.4841282
f340405bd7f2c4bf524c50d9,416388234.7393578
1951c1c8855fed5db8031e5c,419841134.1931977
7dd96ddad0fa88f5c5978e39,371355073.1183714
db7535339826028d0fb3355a,394530864.8859005
4317746d5b88142780e6897c,594100915.6188356
5796e37eb1a995db5cc06eea,395933932.3727339
817915cc3582112fb5541a49,692703081.1683648
ba524c4e2f13109ce814ea38,547808580.6452361
c2439ab65fe194d1d60eaa07,692703081.1683648
92e4dcc5911b42e7f70311d7,536519396.5105054
6bf86a580c8b510b7447071a,576787440.8618424
975482a692bb98df98b2f243,535573458.55633897
336888717766096b24215b26,593098033.1380197
ad79f4fa23a28cc84487517a,484243794.1393417
d925c1d4dcb68990c7204b33,589905691.2763973
f4658aee77fa0e35a71da7f1,701563079.8892914
210d58091ea74bb902915250,607219510.5300026
186d4731b3af01bbe4d08b23,541003796.6729854
b760fde2d4df27a168ce0e80,547685311.3098947
2e653d2567a47067df169d97,611053914.4804704
8b63358f3cdf8df0eb1f43e2,611053914.4804704
c09d691e4c7d7b8c8f6a8370,556656965.0333785
4502e2809bb5bd47b2781212,523128457.42338985
d03101c7f823dd7d17e49a83,672342275.9670519
f5dbd7dcf63b08f711561e58,642351238.8272198
9855712ed7be7e865656de13,866492711.6383647
5a6397b85f45fba27dd9311f,714730170.1349825
4d1b0315b5aaf21bac150d96,590131258.1816901
32c7a2d032ee21f8bbc6eccf,524368437.7496553
beae197df95b84881128790d,435878217.91921914
0cf7a6d43221664a060ef681,662887504.2827195
c431fd6dbad57351a497fae8,518815946.0876867
b1f8fdc8e3e25517ab80c065,459819061.6551353
7b346d5a5f5ec7165d1f8644,449404551.9202011
947ba86487536d611f548142,1311833783.8955863
8398ba3b03595704b5897704,499008355.62380725
3f895518a7fccca44e534578,451186832.9356973
232e859fc353dbff75c97cf8,744573682.7533417
b234ef225690d57e7c2af4c0,1099183145.891282
393e2e7ea1f20eb6b4148d60,535899069.69071287
668db5244c4d5b5c76b0b395,890496853.6529394
646de9441934226c2ffeff77,716586661.6423589
de53880a3299626eb6c2cdf9,1276233209.2140992
07f10df13b244dc33b464582,623523302.7333311
e4aa393309860fd5e30f49d9,1328720081.137613
8c714badfcdef8ccc73df9cb,1290449745.691268
0f8ded86be8d3543a5069b6f,361813629.69911736
3e9d73530ff24d3f4a543091,376046124.69573534
076ceb408227ab2563a663d0,333393728.6074476
e0ae474a5307ef4057da4994,326918237.6048197
d41fc79d800458b1691bbb87,701349179.5624512
dc8262e1493ed593103acfa6,638736910.9945452
bd6c24498bf413b6c5adf81a,513101707.5416878
885c77c839d705ca7d04d383,590806857.0847064
b8896656cf6f5dd7c33ae46c,530201207.6070189
34a9e3ca94ac06347d879942,557136100.375529
ca3b5cd3505049f1471c47e8,522050536.4156252
8c05c66be6008af7f6dcc10b,620807250.7123297
565fb93190cd34ac8b01f01b,620807250.7123297
6c8119e00b901efd2dd40f0b,640286422.5213451
34c92caf68dd0cec9fc383ef,595930560.5502254
68939c438c34e79a317a4f3b,786751633.7382021
dfaba547699e319462abfd6d,740672378.2618066
dd1d2e305d37d9dde55393b0,595939195.4761455
c32df77def9978a84f8ba7f1,471651945.69252414
62103a85a8ddcfbf5e40e284,636080791.9737798
93bcdd2a8ee1d5b61d00d58a,893705385.3281344
9700892d7133ff2c0d1763e7,1080002446.1811645
fca6d7455056792cd61e2ddf,426221306.03548586
4e84c5953b493be7ca96103a,676444816.2620896
42fc4101da60fdb41f41f0a4,848846805.9847436
12d40725335f83e2fb9b937a,464652775.8484278
2b9681901b216f2174af0089,676444816.2620896
9ab74e81283becc00a779172,425693278.45163184
8f378dc1215f9213f187c02c,499142386.19585216
4a3a6698b5490216e8f8e6f5,1424710293.1369348
0dd795526c080e8efdf8eb0e,422634786.97957355
3e7217f628a1d0fc9bc47071,539228975.7633319
157195fb2358bf2d5051c439,573166269.3868344
37063e689732880621e4e733,910587021.3180823
3bc68bc2d6a2b81f9e3b9a50,392314948.57162
ce21f368495d385fbd98de73,458085187.7911402
1a6af7fd6a5b0602052c4c27,525870369.86574477
e38259adbfd953bf085a69b6,473790595.718138
0cb6801c9b57e874102ca349,547794206.4924768
79f1a5bc0be914956d632658,786870445.5423008
f571f85be35a72b2ac358d27,390400359.6012914
163bec92a997aa8263f5a909,401485786.80034655
9ce3000cd80aeec2c5188e8e,408096236.3374649
6a6178c4cae2e92a08b0dd0d,475053848.96618927
d52cd6eee468311666218625,928803090.9463584
8eccd2a6352c33d8c7abcea7,630031244.3200864
53d3e32b1dc782308e352a33,591756181.2078222
be26f0523e5cb13846539384,717668486.6607833
ad7739088e8febc68abb42e5,520333645.7574484
add4f9dd26fa34829aa25eaf,972757991.4677181
17005d6ec889a947397ab980,365948958.15457046
3fb3a581a9a74146dcf9b71f,421472628.38825834
51c4a8b438bb0d97f712af31,464349010.49461216
0aa1332c56bf357f492da2c0,365837961.558689
6cc06c89c226a062fc46795a,507661685.5373746
682b38de3539b2a584446922,383138862.83430445
1cfe9cba4c2015e7b58f05a0,617337438.1865472
17d34f9cb105ca5010191142,597309510.3518122
1fc0faf46f3b533f2cae2c06,732242498.5960066
12f9e1f78c630defe302f781,690084176.1022621
87bd6ee6f17d2bd5b61b0ddf,970345699.7847506
fd4ce3ddaf79d1b97043ce0b,1034213049.4103779
97aacb0847561f45a5540f21,625620537.707219
a6dac56445613d70e49647e5,1032148081.8267831
8b1acd29eb268fd684036180,678326621.8597547
656c13ca7a1974df58e1b826,963567667.5510126
56f72c2d672b7bc3c264f7fd,634377758.9065994
3771c66b9ecd6db0b201d4c4,377019479.8135646
45e2395bee937c187e3486e2,516296729.4195811
7c6880b05c212c66b8961b71,580553975.908024
e0ae8d2a51c771aef5f245e9,625584885.8461006
3573093e56e95a982a41879c,571113700.4548477
0920b2df9df4f0e509a7efb5,515312517.1602024
43600371d44fbbc81f6b6fa3,359126985.21699935
2684f67bcc89c8a5b95e5592,504202499.4425123
ca463fbe3e5cacc152aa70a6,377019479.8135646
0935e87627068206f6d9c0c4,668145182.002985
10afe23f1f58f96422c97934,467625552.26131797
f3c8cf1fbbd6cced1fba0930,503892184.72303736
abfda926d174a8da1d946e27,447790532.62526536
fc9fb2f209a4b5e66f89712b,572932580.9389315
15d10635d71919d0c9663fde,459315786.4735189
79733fdf8881b0d25412abcd,427983371.7109715
7254c91fc9b51e76c6fd2a99,612486408.3590394
b732021729ecf88d6297b48c,658820126.264101
edf4e11d1f1aa6f8080c3156,612486408.3590394
0706ce398b2bd64913e68d39,748638193.7660924
ea4a797b3d73d1b2cba9d651,830101480.3490844
6c598362e322971968739673,434448067.64478904
130a119701171ed3c439c527,549279055.5646021
849c918d78991c57f32f2031,401088640.6300251
036fc9e01b2b1e3ef4574372,704351753.77461
e4ee1a81aa121aa5f55e20f3,1080569975.2253003
de926223fe4296d96466c685,952349166.2505668
340ae520163a220061bd7f28,408899916.31719446
11e36a3effeb0119b8bded5b,729730672.6926893
2492a7a74edb57f784f6361c,493408408.4405431
1900e7808046a5fe89d8e440,974814983.5548341
fba35c04cfb7b6db50cbb57b,594624188.2228452
daff79365fd94d1d3a2bbbd3,435541373.6700559
51230c899cea0054bb74cc44,327072701.1169509
5e04875f99a5e4476c0b4186,513448710.44373316
542db19bc6b9a1366715dd7e,739297865.7395831
a117f625c794b7d52ec67cd4,441192846.5395549
4c59acda820b7b75823fa277,536016591.2297809
f040a167241599987e7b0967,418847201.7887204
4a016eba4744dd01954f137f,344607309.04168373
0d995f0ad226dd21bc96ff6b,543244999.0345725
3d44c742b1aa4c022a968ea2,450341173.9627606
e47aa2541fb576b9915fd625,477266137.88658994
61fe9ea90c8a777971db8384,686776128.6660058
4a611bd82c9216a3771ca7b6,577115954.3101825
0cc5caa9b48a835c92da7653,919368584.6668432
9a7f24ba55c92696d377bcb8,579990939.4783839
32366fe92222b329e3d03b29,653918990.8181636
aa26461420614755c2a52db2,848790274.4899194
53a447ad5e011909080c0ecb,1275280603.986984
9d790c8c474c9de2afeb00a2,421089806.5761146
dbf200ef5f1e15211e2fc6d3,610270718.7506919
b96c9e2591a4cdf9c4e0c09d,655585411.6035225
78eb6f51d94a61a967da24f4,623405808.9134974
fb338e93dda9159476b8382c,497063300.85543245
72536bfda19f78d370d95f26,663858733.8211555
7c581e2b9daf20131803eed3,688744200.4904317
50cb0ad562ab5ef4e06f84ed,612908465.5745736
a24901956dac4ee0e4b0c91f,781908229.3838562
c1b386f478152f9be1f546ea,418620340.65017205
1f34129d15f992a3b62d4b21,395913683.2460109
299117d35bcdd48afa4c2eb0,440914960.6446628
4ff6c53c0bcfd1d24bac7ad5,806233541.6006198
2e52008bd11000eb776bd80a,1304667496.1595323
56b78bb57b2d1f064c47891f,399093078.9926058
ef64a8989a6444cc529dd1cb,537169572.9132572
078f7c6532204fe046b13d14,816108792.3722901
28c0649dd8b294574a876e95,994096579.396471
6b9b9d28723c7ad176a9306e,918194254.937288
a640228932682c0c04538ac3,1110033179.61346
b19efe9cbc26d61daff5ae90,449109574.22669965
dc69d70e4d2713fcdfd93dd9,511424774.6432672
358e85ba765ddde3ac31be33,378137553.2341587
5e6b2661bb7ba0ce4776d483,344444292.4674444
0b6dcb5c1952dcea931e2c20,658999104.2368499
cde84d2435eb1d0d4ffe2a43,597961298.5094293
bac550d41b2cbdc6a110ec7c,663057876.8391701
78fbb49efe7dc0d8e144ad83,819964019.7976418
606affed5c707249158c4b49,685913224.3142724
d44778d36fc789f8b8c745b4,598273526.656844
27ee3504d1df34ee8ae5dbb2,933633704.0700347
60bae7a45a084f117eda823d,705604520.3415856
98aee6a36f208227a992f9b6,1178147733.8638642
388a6dbda422f886e503e685,1302345111.309883
2869a2d2689af65497775b1a,910124746.1396148
19993833220392781bc15279,1143305127.5596747
f0efda3f7fb18af1b44d6aa5,643537423.1260712
cb915d1ef92dff803c5cceae,908239528.2166097
4bf02d040efe5358d4a5940a,1014929945.8588265
1382140d8fb634851d4d210e,1177145858.1442676
b8ea07763f2e1a3d635eb23c,402714445.3831563
8ec00d454698c119085cbee7,408542099.9332296
30d5185ca2ac2fcda2bcb79c,421888777.0865014
d0ea7bcd8cef8588ca50c778,454469153.22864085
fe6c19c6f54606a611d412c8,376269089.5725056
f22ae3d17c92427f5227cbf7,381216969.5059929
92b3b7d8dac6b2f6d5fcfd9a,450496006.1777533
8c44d216517f5c59e2611aac,432031427.82644165
b85fa4bc59149a7a25447537,373973376.10368866
99f10097f39b32a478877340,462832162.1169228
44f8d5ab70828e06198579f3,669869617.8161128
1f674965c913f9fe282d07cd,518188760.1503409
60e768892afb284b0e5042bb,429581292.31953853
8a6d013451e46411d35c2b6a,516774857.9443135
6f953b9964d60f6a74c81226,443747224.42571396
05076b448cfbf9dede72904a,670326906.3457552
47051c25acf866250b5d3ec4,366331141.363068
0952c73b02dd5432aebdf2c1,511305788.82614076
cc3ef2f4fd5568aea96c257e,700281196.9828554
834fe4a1e9e4efeefb5aba08,531494090.4290804
104cd052884247b14d697673,412167814.33800673
8bf61f106e60d6be03799de7,833700381.9537134
c13e387f56342f88c993f0a2,740321978.7078596
ae664789baac0c47d13c3c19,457608044.29581743
ecd1e3003c5d74a3c7cbdb11,689757758.5199413
561cf254aba002fdef8258ff,792743114.1125557
98799228c26c9e4899bed65e,501138438.0655731
03025756be203027ab75aaae,461507086.4485687
8997555e7bea06f7b90ce821,647505243.3425053
e91a3f962129068a3a76d209,594395047.1014256
4bd0a354d75759510ab6bb46,682526238.3127816
f6c1705a83c039f7a7d46255,735591962.044838
0c4afcff5f5a90cb79807682,598819095.2868357
d3222a7545e302bf10894658,386623260.4815962
03463535ae93b8b123eaba8b,585407653.2932241
360e5cc9ee1282e5a6ea17dc,469878215.7002353
07f24808e42c9e11a7c20232,663070480.8619117
b80d0456fba49a40fd774e5d,775267607.2472872
f865411c20924c43a080794a,589841140.4978541
c578eb2dffe903475aecbffa,487818848.0373775
d639498fabe1db1236656593,450225728.45007145
e6e3bcae6ba114caf108049f,362497095.9968276
7dd9760286606c45e6a15926,684714059.6495961
2c5f07a9402cc93f4c683759,607346599.1989
e3295e732bcf306a2d338387,526087769.80110234
240ccc45a242f80f817b04d9,594642661.0467021
a7ff59863f8719590146e71c,603082262.5937754
e6477c2014ad081d22f12b9d,489334875.6490042
807687fdb46614d9aa139b20,589454572.4104793
317d8f9d18599b346639a4d1,509284560.94279087
b85acd44e18ab485d3ac543e,593667383.1887482
e61476e47d7e7be706d23fee,603646021.8262023
270a97e07eec2be02cd89a86,662197750.1057664
4c9dc4494a3428435457f575,352147349.50630176
26e58d0b13e7f7f5a54585d2,595762291.0896937
166e1e60acca831bfad07736,688914090.5748388
aa25d9f8737f142b8cfa970b,1032872004.1687216
44cdcca08e1e66a1496fac6a,538107975.1910993
d75b7730e8c291ed41d7caf1,502937677.87999773
6d1534800bf0ce97197efb6f,454247341.718001
8b13054b3318289aac1f13db,382110975.1322095
c6cb6ccd3f5876c9b9e29685,501281514.6483732
0356797c1683d002bcd94899,1145590640.9425344
558cb38bcb8de04588bdfa30,423282798.0379513
0685f2225b939147c8482e6f,387650904.48897177
cf1ba56710023ede80a8381e,604752589.8371466
2d4bd56e71f90e6fb387a2b4,1287566428.8933861
b96b8e1d636f0c10c63e5c6e,760879556.6404363
534be635a841fe21c7a702f2,506012345.233462
dd5b4eb5d20b8b9c813ba52b,419004211.0394945
46941e09b153ec19f86c0c2a,848616965.6291693
9f06ad3793ede2ba7f39de43,536601129.68073505
b3df8c66475021fc04f107a6,396613332.9532553
468df200fa490e667bfaa31d,427441031.7388637
8130ab67c5e0d96a9a67fb12,840433978.4919769
f7ea437311c0d217b0d572b2,348953203.92020047
ca0b59b35225b44447967ef8,372336345.0295752
90961073d9887bc1023315a0,424282380.2433296
a1421c30fb33a249bcd54394,390907058.7617123
c87d9677bed80b0fe06308b7,390240896.75728744
d331a4d58875a393080fdc48,387676203.0959893
2f3281ef06475d2114fbf9a7,368164861.0233925
487ede1f7f155194b69c531a,343158604.94090146
04308f869d7c992ed3ea646a,499592492.97141194
912471caea3c71e3f9f70877,452487252.4553148
1baabd705f72393167dba5c8,480933964.7567041
aa4c66791884ea2a8357924a,442000309.2351252
1ce08c19161bd0545eef8a16,512956638.6786703
01eb0a2c1033c30830161321,443228946.4442749
b2759de47d28e8cc05c94e36,484675357.9018796
bcdea05b890394a10d24601c,496445834.4827306
db9f66f68aa772fe29e37edc,410497871.56366616
bd094081331ab259b1076261,545229626.2421252
81e7c8c1894e0c3a9315ff27,428479427.7069513
7cc9cdd32c209a62908a18ad,476388185.0260931
1e18024ab7d931bc7ab5873f,630631660.745306
baa146a6537e8630180fdd35,863827365.9392964
8b788f742021f2438ffbf528,429373565.4174917
66d41314804d77ea0f440695,818796095.8055509
72dec1e6e65f6117e10a2473,415846226.68823
4066da904062a0041a809b02,441934904.13235873
b7570bfc5ddc7caaf610908d,476388185.0260931
f6c6eb3fac9658c4951c4222,501756976.728165
5fe25ab9cf4ea071cd6287dd,441755364.90412515
0ef36d33e6c378c946b8a65e,498959834.1344149
991a94dd1e99de493672da14,498959834.1344149
798d87a368f073efafead25b,498959834.1344149
9e8cbeb53820394a460f0879,441934904.13235873
7b5582907bf47bb9e873a513,783361894.3596687
0f21ea53a480e4363b8d7aa9,701640290.2084236
ee667413d1cc49427ad448f9,603745213.5564444
12bb70a95996dc6e286086ed,556979488.0721995
9e9e3655ffa5921889cd8ae1,1096993135.089289
f2bfe55b6188070fc5c3f59e,1093470651.3341928
1f00fb18ad48b32c666fd319,637314205.0703427
86f15ce6ea8e97837e6b9383,601921287.4448462
7002d00c9acf8b8a4a5865b6,803955516.3703624
3e85deb0237521f1a7a8fa84,1192791359.0556192
1bf77cd1c4037f4d2ed28036,1047820150.6185646
ce8e1e2e4a79fa55a8547457,1095039516.722621
73a8efbc036911954c07b91c,961595616.8252927
9a2051367d6dcbd90a4d60e0,892839482.4253118
3804d5b313b742228ef0f1d8,1080002446.1811645
fd7b741b96080ca5b964cac4,1041901241.1889708
c4cf9ab3776289a412684892,882363407.9275594
1c51566c7dedd4a46503131d,896907294.9269937
62259b400be228a30a655a59,810895464.8055774
e5092b4a94f1c231a0c47680,1021976329.4065199
6f435cb10e5728ef45be9f29,1178449728.5179791
04a071d777e60627223e28d4,396344887.446234
1117078fa37ed101e9120923,621479290.2305079
d56fda10944b088d9cbe1162,418352456.36415094
e01c49250329331a442615d6,454186877.64556265
30ab0bbf876dfa515b266c9f,513051612.3108587
6aaefcb58913bb3f49954b2d,514612791.6865586
629a6122db92e378f0eab96e,648982152.4516538
a8549fa4bb56a2bcc0e15b11,396344887.446234
34291b30d129222905ffdaba,487910125.49878585
cd5658fc146ae4b5d78fb565,361386204.4594851
ce14bec246191176c16c4e27,504501764.488055
46529f0455fd35b2f4a489d0,647854416.5044875
52b3823c59546a6ff3de4d09,396344887.446234
959b7ea50d93bf1c36e35005,1077845266.5833347
5c6edbdf110bca5a66a51585,396344887.446234
d4f6cc3cc6e923cd37d0fbb7,489595687.56818616
2865962bdff8929888a51341,587143267.8828579
105bcd15e02d39f70ec2ecb7,377771843.4687245
b2357bf117ecb5b9082871ca,396344887.446234
273cb73a7bdec0d291e845f1,418352456.36415094
1f4cd62152d4940990ac6a9d,400135574.8113837
a13ff325f90eb49363f59052,531249485.76010364
40871d7ade3e592560d0b3e3,435960316.4055975
ad2081cd75928b8f5e506944,890072648.9555457
1508ebe40f90f90a68f6dd69,418352456.36415094
d3cda82d1fa53a7ca1b46a33,580483473.9961424
dc20d46be2470d85ad9e7e45,355934085.2430176
0a7fb26822c2ca556f62a257,361386204.4594851
40a1cefb3cbb7e2972e30d97,359412934.10863215
4c3a2b3e3d5999f747ae0d53,921412187.7922959
a8870552db951bc4e76e7f9a,412415250.5413038
cc48e66185c23195cf958612,542649922.9625137
09d4b5b5c2f97ff88215708d,681497818.470082
a59320023948e2d915c07306,504928730.7229726
a74214a0d4d40b898ee2be88,500880530.4159444
dd9f28d722d43112651786e6,392698000.5384637
275360e29bf3309e09ec41d9,369946233.28095466
1e21ee2ab4ef88194cc85166,398040713.9556152
268c1e17bc17dd646d1885cb,454270239.5032436
33e22ea4154e8f71062dba8b,438558682.8131613
5b5db88fa09ecd8f4b9cef6a,543199306.1551088
c41dfc0b917edb6e6ef7b1c8,723613426.7709191
3ba6b07e752fa580f630eb8f,609069450.3309413
fa6db64bd7cd8b0f1c0e2453,520107956.7346876
2422ffac7337b402339dc550,526685863.3920493
dd6d47e2626e2bf24f842f21,672969391.5506176
bb433dc1bd769d684d8b3352,889952347.8657361
812ad0d57e4291da184bfae5,435959546.9737007
51a0a1a680770b625579e25b,1288437594.0625966
a91fd5b9b1a791a6af59b70d,800198473.6227155
094da6ca19427f1a943105f6,1027143301.1238741
7af0a604d1901925aa179436,602851410.3875265
890df90091e14d1c3a1b30e8,502623459.6802012
aac17b54a68bd216e2bd1d45,334421349.0820771
fce26c7fbf0bc93937ea5198,588456303.0836446
b4245f075bc41aa29b55d324,674969400.1027594
bb70d80b0c6ad3022160c8af,356803863.476861
ac85c8f7605ceff58dcb55cb,453669394.42512715
520415ebcdd1a4059d18e2fc,645861782.3809879
81547b223494084af3e15bf3,582399751.9647169
a0f1496a0b4a7cd8b850f010,645161530.5995022
436fd4dce2ff0f71232f4b6c,342715037.61575586
3923f0e655615aa6b52721b8,742835261.5222437
afe03b938be9cf14e98d4a0b,406703290.7597759
0f1c472b94feffc41f1caa44,384735835.8526677
5b76ae185e6b41243777cb4a,373348944.6646246
d70b133f81d6f1c9d93e2ed5,367109678.3458248
865459f5342a0102d255fa07,361503249.21130204
fea5eb95dfad452d6786b042,402821330.6308107
415622d0f7adb1a9f7009a63,354026909.69103265
543edc342ad39b149501aaeb,468074318.35987556
89e1d01cb5bfdf567faca443,443594390.70726645
e86b99e5dac8ed0d8296e950,551344858.5770667
2c85b19f02bb3768c10d14fc,588225480.8936646
c17a3139c360750a6de5950a,475983623.96441716
cf76e6077d47a14abaf0cfb3,483060526.8328481
82ad4b3d5a215f17e745d77e,516296729.4195811
dbb4260c89524c78de7433be,472696158.6181621
5b312ebdf71ab7971f9fd2d6,609780155.0871682
b3413352f0280412f53562e0,503493092.34427583
28fc5f188c5e11717cdb4a98,615787985.3331168
c4d7a906b747428aabd368cf,580144196.1617838
a4dec2ce375ab5e4bffa5966,636825902.3409936
546d570784c7ab8746bba80e,522458838.6650609
cca9a08bc4a91f317b851f11,1056420569.9864832
bf43226ba66a3e2033d32fe0,563840428.2210704
c2717194de73e1a1d8dce40f,432745666.7740097
acfc06021a7a81313d85f62b,406999994.0693596
2d531a26f8b1a8afa511e3dd,481237995.50367725
4a8acae29064919c68fc8600,522580525.243694
691b030abfe1190802349715,450725024.1631899
a302ef23e1d0d6a273274cd0,492994261.6698123
a742f415d6c57e8493762c57,685976500.0872825
4672d1c9c3b04fcc87a0ae9b,598548452.6286933
371a0ee537001f7a9d58465a,719857378.1717305
ca5eecb01282d4a84017bd50,711700840.2208962
40eefaf8c26b8b4736308bf7,618789848.4707409
a7ff08f7e09b19c1546453fa,702963820.7439989
07a6da2c9c4833ee4cbe8625,584629130.8480525
b2d32589626abfc81e44cf70,624949092.2508763
aeb68eb7eecc4aecd5529717,616328759.671647
3c0b438c7a4fcbfaff9f678e,616302038.2204901
c37b357d57918c3a651a5760,641216869.7137756
b65c0544e9deed76615a3138,536770675.32602406
3a8b7b9048c82797fb01a8a1,486267552.3931827
7549cbd5c8003204c85ce1a5,794015882.5380161
21b4c1ad11bb1feac4d02308,608102468.5667049
b972611aaf1b68340de16545,575089282.831362
eb3356f3856526dc140be7f4,633686307.7338855
93ba409ab36d3e10eaae18c1,939793302.7231517
5717732a654405ba208c0f5f,1331954970.5484638
aebb556fa6c9275a9b5c543c,1504176230.8243215
fc72e535900c592d6053b806,715997350.878867
04d77c8ade9a55fddd28b00c,677133501.0078195
028adaf559a05c8882893767,616473428.3054553
95781f187bd3fffa3d1b19f5,404507016.3262009
cc2c78d41e3fe29de0b4ec4c,571113700.4548477
f78886545677e19e472fd0c4,636030029.4004151
3dcdbb92628e6a200adf48e8,1516795642.2013702
4993d1487d78cd9ae2c23619,1358772064.6747615
a8a2c61f2b994411af5d9bde,1354459337.928649
57fd11f829e31e198326ac98,1174596514.7909348
59b9a5730cc8a41bb7a1d16a,1041263125.3216902
85b8a65f1b00f78e67622bfb,528809595.06784326
971c610e55f133a1d1e6c2b2,1033132054.2989117
0f9867abe3ea0b9c5363982c,1147237505.5067487
086521dbe18727963538aa7b,903237926.1762725
bda3c74ea6f73407a3c0a17e,760393160.119462
257c765ac81bcf773473039b,400001400.7343273
80d2415c0460088d69574285,1079067949.748291
1554f8aa4c8fbe17e9e82d0e,612625541.227737
00f6a62599f25ac506113149,581243200.736805
ae26e4726c16cb2f6a6d3f2e,713382907.3479309
8018df1613094a9e4606c875,973582183.5690446
eae4a1cce7c039c644f01c6a,829476900.5185355
b07cd6c30350efc5de211a8e,735016906.706526
5a2624a08494481388f6daff,778690204.8430375
b8eb177e22c63e84738e7788,667866165.7900382
ca02c904cf5eb96ad20705ca,457487600.7813533
8e6dfdcc28f830f2696de9cf,1096122800.3381982
99fdac6a2ddb1136f7117f0a,350099650.7118237
22e9f1b4b5e887cb5f0dbfd1,432182792.42025787
d89f812c7edfeb3121bf639a,380568376.2723025
19957244dabc3f727733527d,424677721.4610836
ad1322132f3b533b4aced580,401372763.56245506
40c2ea5f89f5b77cc09d1455,443644095.58175075
140c4de69883df9f3fb3a538,337199583.34832853
5529091bcc05ba5cb2156b15,363229097.8087858
55c5e58ec636586755df3dee,501237406.00700194
6049fb02c166ec9b4471a7c6,676176033.0107927
758b4df32244a51b2271a891,469139855.9540032
2ed1ae5e6fa77e447af230fb,586973805.3075533
527a1c27e038e45d2d1fcd9f,472282207.3496439
1d0c3ba50087cf01637de6c0,500325827.77794206
d0804da971548399183ecb85,666092326.3401372
46a7d0f520dd1e78c0cbce0f,666092326.3401372
57e5120d0b71ec6a67746a59,689703687.5815067
b5292c1e1683d40be46bc2de,413427961.92192626
01e9c7531cf3c63c04b9189f,581541499.8916434
06e91b526821a6ad1372fc44,495386286.86767024
34bca71dc9c74a2072f11e9f,518260641.70698225
22385ae2b3e7640e8c40411b,643801286.840797
6e4adafdd872a2837921276f,459873863.2327926
8cd3031963c612efd0049f8d,432600368.6352745
43b2fb09efd1593a94b61b4c,510675794.6148423
74448f56811e9562536eff6d,927419977.085581
44f0e088fee626993778e7fb,608084279.241771
6e6f7fa167c0f617f50c86cb,541132811.70037
83da5fb4c15e3daf727a3cc6,561884486.573319
b45c8a6224ae2656b4189526,825288586.3954769
0d926a0b5ef567c627a7eb0a,815080602.4268572
c73a1177d787a5ed72b8a9a7,428579713.3022271
75c1083db5c940e626c02f53,370189197.2929002
b925c9218f5132c6c81f3a18,372982775.1601793
9a091c59b3cb4c730372b34b,419406592.4698876
bcc704b2e178dd20497e073e,382939493.86694926
6f65de020f663622146b89aa,536644202.4877626
9f3680d00c86707fba024dac,581892704.1220624
18d5cc463455fdb4d443a6f2,398143014.7753099
f1d76d78f9266d9552bb86f2,698217758.8271922
74dbd25d407e51337f883659,916592310.5684583
88ff73eb829a6ec5bfcc0222,944907133.8409561
ed5559fbfaba86299e87ed89,841827144.3037363
5d97aad3e83e26b551c3399a,659438725.8359395
2258ec00dec6a2b85f439135,659438725.8359395
6c94fd185169e708a08d3535,403232647.05339396
ddaa88a11432ca21d3eca774,375676697.30136096
2749b5cfd2728ebdf124a0a3,370215415.6428352
a7546a6c6194506dffd65360,505660527.5372978
6de7bfc5e8149ebc40ec0e4b,608577376.8191199
6f83f14861e13af92a2b8cf9,390536508.59177
d71d0c8357f09fe2f77bedde,509478075.0925885
90b28f5125a0b8a0e3b10580,615139596.8351408
940e08f8fc66ac29f6d76687,720383579.6798912
41d2864e1f73e29f222c61e0,514799743.3299947
f7399e57df358ae7adc9e08f,744192393.2749168
1679719f26e7c650f24eee6d,762902834.8597682
0803ef3270948a30b3fee2f0,480622807.46958244
4a3defc2b7d2cd751c9c970e,901219073.1471729
8bd2490f83568ba653cb74f6,925816500.4835553
b4ffd0a2cdcadfb962578199,890913592.1656927
7e5064603267b61520d8f83b,416388234.7393578
88964e1202647db0519a8a00,346083405.9014235
f3d94d0616744b87ff139533,438558682.8131613
60704a08df293592e4cb5719,548899066.192181
347d5081f7bd36c8edc1f352,473012235.0899426
41d3afc1118758b5314db48e,570066540.1163456
80a1dc97797c41b61f46ec6a,602457719.2318652
c0ff8812c1e8eeab07c698a1,432921791.5000878
a9a4a765b1daec2f3ed59a80,637419707.5128945
33258f995a375ca192ca4d3c,709326965.3507799
80b6c823bad5b4c0fff46657,933942929.804641
719055eed27f361071cb9eca,769071010.5615847
9a354d8c526efc5bcce59dca,1080131934.8624334
9850d970fe9fd9bae89f09ad,754055885.8719102
f2c87b07466aad7328b7e0b0,772813017.0864799
27ca0c2320c520342717355d,425591422.1598891
e958bd2b19db118c31f893cd,425591422.1598891
46dcddfc78444011abd29870,501890320.4720608
061d3fd39da1b4b1397054c1,550426642.1356908
3d1a8884a9687e53e5fb0bb7,750438306.8476379
1c0236d4bc291372483a9151,439858247.89894694
c1420f278d45b85c56f415fa,738826746.363047
ce6fc507df0105c68c29214c,392018356.82768327
e4f26a73bad4e41c375dd897,660402614.5481322
719190aff81379902beb6497,758151214.6600996
da627dae6941b59d1eb98e35,449849705.5777197
2189d3297ea703e50ec34d96,695784856.8362526
c7205874bee601a7b01a0cd3,791049700.3675822
a22bc19d0d83b13a53630b7b,447164407.7905457
8acebaa9fd7e917d7e3b391b,378810099.0137497
4e104916ab915cf3c0bef846,596843794.6895455
b0df95e9fc94d9aeebc960df,713917712.1281921
ab419cd48b81038c5a30c721,608898042.9203057
5b9bae6f556700e099fedf08,389071411.44512576
989360149d9cc6088391db4d,742171136.6523173
bad7560aac04600e1ec1a9ce,662701933.3277174
08d9f04bc4ebdc74e9d80b16,699824319.4160602
f4311c45516bafcfe8864c70,433540108.6713058
c84e1db639ee43ad83f930c3,399093078.9926058
f778fa43c92344cfbd700432,520310754.4744211
2019bd32dbd09fa285a388f7,530918372.6815706
4db834146c4e73b515d510ce,399733495.69591266
9f9f2548425519863e2cd6b6,610791063.5992347
6c3bb7e1696df587990161b1,360862672.474033
82f08aadf1eeaf2058b50592,362483483.8867646
753e74e4dbefeccf3e6b27fb,388319665.606091
a26149f589edb9a903782a3f,436872089.8016938
bd264728a0464376e22b6bee,362483483.8867646
2d5564a502635dce2d46ef8e,622558756.9480118
05bcc7d7db8d352216a4af59,645221700.1038163
4794d9994512f01a4bbb6c48,486019224.09813845
64a4528640fe492865ebc0dd,494589259.3805756
f655ec98cd42b0bf2d7cfbfe,597950847.9988363
b09de5f1e028d4fafeb8a22b,653533771.6225687
4c79f17573007a39bb2b4b7b,722793244.7423545
824894236c20b081af2c9868,629181443.8520482
107e76f0c913e19217662faf,1140486275.820575
d5e2bbb69ba3876b93af2d3c,1043391401.3026162
a2905faba4c1177603e6cd5b,803603459.1505485
d13e3d432783206eecb0e192,962339898.1142989
6fecee4b1e5f50c0b27dbba4,1232863767.0654023
57891292fbd530872cbe68b2,1096645600.1700737
d0d6a1b5c60ad420ebf2ab8f,791049700.3675822
711736da4f0e8282fc8c9e69,791049700.3675822
f32a3b542efba398907ec912,593367924.5803124
299a94a02e887c6ab1de59c7,391652904.9954309
ad844bdb1150508a4c6d57b8,460395433.7383317
78c17e6ceb87f7587364c873,448166510.910224
22e8713e2051c88cdafe2364,538760369.641133
79c5085c14068e492e402a26,1219631008.420933
205e9d987013859f391b27b5,1017984670.0126503
36aa7d0cbfe40adf3c86a134,1052038730.1319481
d54d787189cc8f014ae58aaa,646510097.5320747
fe2f1459eb0a380dc31e3a4e,479084453.14491475
ad663952ff2ba1953efdc460,481270353.7848323
b7320c35e90f33fbb1c28813,495206148.8893317
8f90134b8e68948cb18fced1,494886140.8087609
2dfeb06300828182d4109c43,737733930.0274593
3f5a0cbba1433e9b6588dd73,589532447.8501725
f952c40e24c9df4ab2d62017,726611206.5915082
462c7546b358b00e617ce012,451800769.5407389
e0df3391aeb8d3f4b00f418b,634337049.3956766
1e48878318d35476c3e87520,395263132.1809695
e3903705d5a48c6d9f828ab9,473757641.5117808
9e590ad7d22105456bebc767,510639003.4300605
d0fe3d393eee5c0cea5bb6e2,382963576.57243073
57b3791f2c5acffb0097f7c4,450143443.76510644
e11f9a5cf9d6ab0ffddd6096,657931512.6892138
9a3920f803b087c29b487cec,735425902.9288019
6cc0fe8ddc318f1bbad360c5,834459306.7702547
3e0c656b64d39ab38201a112,471129804.99192756
cd55abdb54bd56d54b11fad2,834459306.7702547
7cd39eb8de56700519d8f287,532793232.2678806
d762007a4ea5de370738e875,617337438.1865472
f4fc67d9b9c6078003f9af35,798905241.3356894
dc0a4632d7378c25be351760,653311733.1773973
530a3bae5a13291c69bb8474,491543308.2546493
32b678be83da2a07b37f3012,401572648.71936893
349768047d470d2fa6ff1930,890496853.6529394
e017c3311e2fdeb50a686547,949611621.1020215
bd0329ddd50f2dc4dafebd26,898108370.7176658
f6252e878aef5f8a641c3d6e,532195885.75135607
45ae8ffacfd00fb4a4f53d0f,1015595851.1634496
d186e369ed884150e71906da,1018768080.1059865
7b9e6b7eb3a5db0443193fbd,600536319.6307007
1ddeeae13139b7c9ada353a3,434049409.5845947
a1ae6f9f5d02548c89b23904,679259337.6444292
dc298d37c5235e15b4cd68a3,483553461.846355
f640753edfd8fb1a995f1de1,434080036.99576133
69a1f439de0f06e1143a0006,693692472.5047534
98f253233bfcd16533e2a448,1056117802.9413674
ece6f8c652d4227370ef0fcf,952749730.4354727
599506739a6544839bd97b81,881438812.5576829
a12f49f4ac3c5bb0dc7d8d20,407287567.4267345
9da00f8ff8e19d26c1342274,942780290.7684548
cf5213877dfb4df98f0dc10f,553961668.288511
84c7006b5a63add890a224e8,787471377.5068539
88aed38ca59c09e1a6202672,694665073.3322307
e6bda9370c80a5f7e5cb6b07,781263301.3404945
3b54ab53b6e3453e333a0939,331205311.21598166
e72ff7414cceec6b162df345,587929542.3133327
f2d4c1faeb7694370bc65ec2,590409283.4177864
e1ffd027cce28c44c0d2f80c,399062033.2781698
5c5039602efa36222e64108a,459222409.4414971
b50f2c871166ee1009416be6,530513266.854937
5e7e36116dbc08932f5fcbf0,542983118.1497276
325ce336d3df17a078db5166,572538202.5601349
a26e967b288a1eb6d8e71d46,427116240.76747
139331d23d9e3c40cf083a7d,628554610.7958918
1704b2d5f4a33401fb153608,346523124.87585187
ee70354146295365bf241d9c,477266137.88658994
fbb0a76f05908c118f7a3df6,435618065.85757923
2aeb794adc9892354aff7240,425879349.01449096
b0a32581cbb586f9710dc3e2,788472912.1366315
ad7f3aae29fa1e7ec900b563,754027114.3260365
1695225258263bd2f463b21e,793799983.5788213
f72fb486fae49fc1de1fdcfd,1136592822.023973
6b8f7074aed7ae7e6cfbb090,1192918483.1655507
619dab52b321ab297a604185,1400020711.2105703
b5bb9af24f9de68e91a1df76,1275280603.986984
ac3d21f51637207d3e031c2d,590430871.9135761
2aac28d03c2110d871b5f274,432002685.9502446
9ef498b11563827597c82947,369469441.13641703
4f2ca698ff03df0c6386e48f,486052996.25890636
606df4826416ea0f146ddf99,488061126.9207091
9ff08a6ca1c63480c563442c,567189430.3837974
ec27554aa1c62314f4d46fc8,380478807.62113285
762374e94f17a8783a66d598,369117482.81388736
83ca3a41ca4b5337107c197e,706318831.0108814
c166a9293fa27e910e1fa9c1,529583430.93838996
57f8a1e37c4ffb1b8cbd342a,637419707.5128945
393d99ca47315ae98fe9e7c8,956286256.0525097
9bef4aacc63605f2b2b62292,474476177.55705106
a266efa4e41df357ac4edda4,1003824530.4384552
adfdb0eda9aa97f0d3005c4d,501052284.90630543
f05aee3e433cb036653b4375,479850431.8499298
2dfd1808bb95170a088deac6,719283869.1106886
dadf0a00434e8ceefb3e26af,675035710.0430503
4336ff9b2dc1d97ac8f9694a,371922559.23582906
eb14a5813f860bb74740da2b,353525592.454589
3d580d0df1bf9dd124c282c9,383923877.29912686
49bb5311607e4c7600caa03b,587155590.1844708
78a39ae05ac53535ba0fad2c,436357192.33014655
936e18fcf06ca3c46eda7c8c,498772314.4546113
23f12add67accdc9ed40f59f,454847268.4982872
eb1b9e15dcb88964f79e6a4a,525388522.46172285
e2b7f984616fff25e3dd6a3f,557136100.375529
b8e2b98548a234a245d7935c,482184338.71935153
79382c56606e701e44d55033,1080002446.1811645
983874e637a1a5782f31089f,430880497.37152934
3da9de8f610e5c40401a5b78,528893268.6894783
cd69a049dd8a3822e228ebaf,464833382.3455471
604f1b5149f770a8f370fc75,373828361.38487864
0d24fc1c5deb78eb1a0caa51,514460127.035753
583af1118e60e46c347ec593,714274196.8617262
13b181b46359620191e6e4c1,397104425.93524325
50d8333064f0560cbe549f89,464323398.9833706
d9000c1afed253d05de7819b,345909431.72999734
792ac070d1a314f585f09987,487043733.8475363
3e874c25176a3abb336b31ac,377876019.873471
419ce7158ed62eb6897cf09e,414586750.02041394
b6b87c05c4238be76d94da2b,334703957.98010635
980d809e549333b475477bf9,368176993.96268827
a7df3d344010d5bb7dc70bf0,355256042.10752803
3d474c6a88ceb86e00f68b3a,378164890.1162864
be4bdb73add69f12f7aa6d06,424521765.36341304
fa5234ddf23dd0d9cbd3cac2,339963051.5993071
91a08f81b621333ac58c3845,499817325.9043483
702aaf395bc78986a008d70a,384095729.04404384
86b0c9c1277e9143ee765b43,460239027.88966423
9c2c22e70cffe6836f554f24,464399847.78660935
31f56b841b122b35615bae2c,457555282.24478745
41227dc9c9948a5f0688e426,481388220.3484941
781989d4b732f961f91bc3e4,391074539.5038029
cfed0221146f4d83d641e1aa,472672566.7697316
8ec491780efb2c27df8dc08b,367088906.00521237
8a5866428508658b4a2a4cb4,510163589.2117106
156dc81d6e14a71716aebcab,560043659.8093157
c24be8293c8f4080562ec0fa,380144086.57171404
7fa11c05ed1c123c1a457b1f,413962163.81639653
a63c36f6e7e7ce7c7e7fe457,456388114.66339284
f9bca38d3e08176649504e74,607000436.0717663
3d389130627ca7bade643f47,502853599.24775153
70314b0bd995a4b03c771ae7,530180736.53706545
a3c3c9fc04cf2e2a051a12e6,380144086.57171404
4cbe75a162b076c4c454dfe9,446097864.0975692
0c62d4d501a426cc8fde0c36,461122572.2459054
533363375cf2cbc50d86773c,522852478.0063532
21d0f28d5f30a64352e60ac4,453860879.82436687
471b5135fced50f7cb4197e2,454300363.08241874
1c7586fd8a1a38bbda9c92cb,428926115.2429693
a0f28aaedd12f3d0eee8c6ea,367088906.00521237
8923182b6dcc9f2d8be1ab53,556783812.5677778
67f694b29bfa494bd9d9cf44,460610474.31911165
b721a5846527d5338322c9d6,431208058.24930567
ed09fe201c9ab02a91779dcd,376411967.3328734
f49045b312d12268eefedcba,413962163.81639653
22ae194316f34d482bdf404b,380144086.57171404
4f450ba5de4766e5ecb8a4a5,424923290.7627331
235a2209cde8f8b0276c845a,558677808.6314404
f563f0899884de7f9bdab405,385597183.2616975
5b462279f602c5b67ada82ee,619112228.1949013
fa4af69aa064a4306cb110d0,391074539.5038029
a70d32ccaa78ae9417aa7e4f,380144086.57171404
77c9e5e3a6d965ede708cda6,363511449.08010036
5637f3d3278ea049333afff4,453860879.82436687
1b1c220eb91c9448b520b76a,674507007.8689857
f4a6ec71ad7790df9578324f,462530189.2032105
217e1715fdd5db76ce93cfe2,445549997.4151191
2cfa1397c901b4e940d9f673,446097864.0975692
44672de0d6d9d0cb3b4ae938,481388220.3484941
1c50477e5b3a67f3d8fec62c,357843136.74909955
0a2a67e8b310471b115c60bf,461505658.9148859
06220a42e68510eccb4d790d,530576070.75544554
611a3e1d63c6ce5ff8779243,444714794.17590547
1284d7ed08122731aa7c0461,440977802.3747506
d44eebc871d1fa6981c32ccb,467443822.91668606
43272151f217feab78190393,750145296.487775
6bff92260afd556a98d3e3a5,619992046.4170128
00586a92b53f4a8f9f6b3022,487325221.1064594
745e7f6a83b55196f231466f,698969895.8208438
9c558e10e5bbf230f16968f6,622489863.943337
1b425a31cbb73b713f291e19,669415263.4577258
076ccba20dac8bfcf184b8a8,634283668.8639269
c8fd8b729f4ac6270aff9c9d,531668926.8520615
52f026e670e9851b08c70542,689632096.016991
00304df33a3c9a7e396ddd3a,622776093.5095482
ee27eba49457286b5ab76172,773488079.3973166
97b57932e5e20416bad6919e,597950847.9988363
e570c5f58a20fda42bfb535b,524670927.3373037
79acb227b5ea365414982957,677119289.7924474
d24258de8d2ca10186660a1c,713383560.943629
8a8c202c069c20696c2de85a,576563037.4530357
40f301afabee5be092ba20ad,720638365.0650314
afa842858299a6ebee166e31,634283668.8639269
7641dcf512a05ca754930bed,471945620.94333136
8c9b472c55d4b99e44041de5,653978095.5852892
88b98c026b7650192034535f,689457876.5157398
9bdb1bc52a9ddfe92e6a948b,753154732.4704419
4abef5720fd889512ecff70a,761362952.01188
58b139bc16fa2731e4b76f28,750145296.487775
9ad9ac8728cfc2387285c24f,696871796.6675835
75fd5603c4de9678627f81d9,534098213.5441562
9f4a25a5550f016ef2370229,597950847.9988363
d4f4d0ed36ac9affd71f302f,653533771.6225687
51bf7bc1c19fcd42e71f2463,659858644.0736655
49ce19caa1325233d0de331e,597950847.9988363
5aa1667bc8db26bac1c72f5f,626698386.775192
b43b36ea4f81bbfd4dc4d781,699120213.739381
2a623b33f3cc1f54620b5233,494984639.5057798
8745eefb9e2761ff7eef558f,606125535.2332517
0e49eaa5cde9375b1f026820,491197210.5009247
f5acbf43add5776430d8d4a9,751112282.598968
ca50f7143937a99accef865f,546520548.24312
0e1bc8ba1953ec8c28e53b9e,810669058.8624823
980bafcd065c8e3d6cece127,631985066.4108357
c81133d5a58d7e8eebb10c8c,546520548.24312
09656004f0a7f544580958fb,551042662.6115841
edd342f84fc90478e344ea1f,700248112.3302937
76974826c758eec5c255c5da,658480055.1308721
63b09e45c1b7dca181491030,694516457.5318505
89952b237fda041b09f0efa1,619551059.5243468
219164e1d9b14cabb9bbb8ab,715284375.4834315
ac8aa244c21a9b86de4ed599,546520548.24312
92ba222e2dd63a4453a30637,597950847.9988363
bfaf8b7796c8c57bb5997be7,721028380.2499981
dd5a565f854eaef90976c5fc,773488079.3973166
f8ccd21343b112d8f9e7123c,689028919.5975652
a90991f865ac81cdb3de201f,691417773.555229
fc57fa9bbc16d1b8106c2c70,597950847.9988363
9ee3218bc61636cf0d7f8107,663500492.373224
c00592c7c0c3a863a1bab9c3,608945791.5286286
f0aa18bf86a36daeb59946e8,590506921.188403
e186499af986f1959f729b9b,593373520.3082144
18420ed4661539a2d72ff400,619992046.4170128
957731b9940c9131d92a22fa,633827464.2162
9172caeeaf6498737fa0c6dd,638394919.42538
c798ea36d2e4a8119723eae7,546520548.24312
eb963f082209fc077aa72bc9,534098213.5441562
07b7ba964a8e30dc16d66443,1032753400.5435909
7fe364ae771a7689d2fa5584,1044743036.689375
c59e06a2ed37fd750cf39976,962339898.1142989
ce03d8ae43a426e074ed35f5,992648914.990566
b76c45ccae25a06dd5fc432e,801994405.0673484
f855725acc115bbbf03bacec,745140994.4819688
b0b0db3bbe07839bc2b600fe,904418551.998554
cfc8dcf337e020b875ef1572,933650654.4207149
390107256faa08574d7231d2,849217070.7293322
fb10f3b45e865b4626f65ddf,920052050.1750963
75f167e2273fbecb2c81ac0e,1053724168.5819498
a7b15424d7c025d885636a72,1156698373.3559906
f9c11e980254045d7478f273,963678772.4007473
e0b13f6dc213d05133252d15,962339898.1142989
c12f362b9060344ad044cfb7,1046597657.2037814
f872f224d2af413cd104f24d,1052902759.7273238
092045750c36a8945c526a12,521826092.3717155
5ef33cf17d4b45277edf35a1,373677288.01152354
fc64387d7c3c91a6e6e876ab,644056236.7698439
c1168159d4e2fffdd5662757,573835470.9260012
cb604e3a56cc847189462004,595973809.1804521
9e95710c61a4706e21cf70b3,373677288.01152354
ab37f67a3afa274e719ecbd8,579158491.8384596
970cb360eb64128037be7e23,495658704.48972636
e42fc32db529e088f15cec8b,668972076.4927465
8925028d6e7a6cfce9967779,465774795.052158
759e76e38d84a4188dff5446,636990048.915688
83a376df2024c4c9fbf2a0ca,466927575.96986145
a8bb80d99280e332084b3950,551630895.4185504
c16ab4a11cf67a39fec6f049,413990516.7341862
9cd1127b1bc10db6b8ce5d4b,966489946.8196602
ddfa979b1d7cdea1d7dd0a86,390175931.12813425
d78f7a1592c0779093150ddc,582807047.299008
97ce3e0ef38ad12f7fa8c4d0,393485252.3475992
5c789f2834a1a69aede6316c,395773546.416928
c29ec380fc7295a9a770a74b,383915158.318282
5987f6171a2bcb37062ccc94,716213742.6267445
1e91de6194769980800b4de8,709181705.9239752
0a0f206f04bfb10c137388d3,863624885.6701033
34dd15023216e187daaf5a07,602936845.2005897
33d2d1db291a13affdc209bf,453054929.2423969
6fa5e5160d7c2bed824bc0d0,512343093.7051272
8c04aa7506b8c80c1bac23f5,927152933.0287018
e5d445e39104d9ee6b244822,617143610.7876924
2ca6b3016a89139ec7590f9a,601130605.4696455
e567e9e5862b13f0085505d4,466559836.58363926
edd1c4fdbef4e6beafbd39b8,417603042.89043206
039a9029c4341b1528ca6b46,407163569.9154003
fa1533051ea4145f7f710ed9,441443969.11383086
9c99a85c5dd878568582dd9f,436870842.15290785
9ec426691c80918203394ee1,461599757.4430994
66f58d9d1e1eb7e81cab24a2,473575873.0746741
0d0f8ce05ebe99dd3bb7b23b,637471640.8673859
6a65986cecddc5c47fbddb9e,600039411.3853216
a82fc744f537ddc6fbd16883,632933201.5933841
d4c40178c19d6cb2fcc88e48,546517316.9068013
4034cb3cb77e9cb39cc98fc5,538145148.9272914
41ae9d3d280d4eebe510606a,563160347.8114283
4aaf6763c105ddf2a6eddbfe,397706033.7561706
633a7038a23ffaf4b3f7896d,597950847.9988363
2a531aa9576c5f91891cc8a9,615999912.7428708
85d58cf85a179e167428ffa5,655235738.4172335
42f05e5d4862d653efda75c0,682685440.0259384
256a46a6d45d168169f63aab,577880387.0859929
4b0fba692104472b36c38c3d,677119289.7924474
253c85b226a15d0ec2fbbff4,649652748.150069
b0bb2299d5f456f800993a11,724218063.60519
47fe78f6299f757b231be10e,661747573.4041629
4d09ece928ffac7e7d270bd8,795140275.2776523
fc762d2d172737cabbdfcc75,731808007.7062858
2809252a96f47776d12021af,639988553.793313
29eb473852b36dcfbda0c702,639988553.793313
231c050bebe12f568ef92afc,457753723.7747856
acaf9e18bbc7295633d92e01,662342603.0719559
860435300909449c0443c10e,657934399.7235575
f967ad5e086f485c27f09990,852270972.0215149
678927546243e932b48d6058,895264516.3269907
c537ea2620b8c3a3f013c0b9,1030692615.5263773
10037227b2a24d9a72ced322,635639695.0399126
1b4b3662ca18e731acc18928,1200630816.986231
e6717956eeaadb3e95840256,775820033.0643669
ccc4457f68fcc1a416e3acf3,437265978.6860623
94d91969cc4b9aa1e856d801,752118957.8473773
2cc821cd7b5fa82b27308f87,435576343.5241969
f05b3779581ac0015f29571f,676601472.062139
dfe09a5f848e8e819c361ac9,480152656.87061477
ba87ed2a657b0b042a05460e,492728031.8218056
f967aa89a4440cc1c44bdc54,356346301.80974567
81fc8d666c8735e1095d0d4a,972101862.7993131
fd8b9540f1e9da778d566d25,710364425.2232894
70baafa9789d2fcf1bc212bb,610578660.18144
4911f8879e5bc9c27ac13bb1,355644167.9037293
ce53f3477814fdea2889cd2c,503674175.4692141
62f022e19ce6608919eab5f9,467819976.6969475
55657bb933aa2ea3083e0b90,433911921.8643679
808dd470aed6064f02aa5103,457879729.8083542
39bc028f3b42d9ea48808ad0,431305044.98678094
c0c01ecbb9189d77098659b8,417480306.64482516
57c68d470f6248d00b6719e4,757548789.3457445
26c66cf2f43bea00e6387326,687336314.1467178
b5f0dfbd34392f6855bb4b52,570961490.068534
25202264e18928158b89278b,664707276.9885545
e93abbb49b24717d3a0767e8,672086577.0815729
906e1f2e1bc5cd51a55b0266,658223648.9226667
eef1d35ffd08dd161a36a2d1,991777150.3628441
35e0cac576415a4e61acec80,993464269.1412756
53ebe061b85f046ed12ee9c5,917217876.828569
059d77736dc72013de7767f1,526870945.9613655
17d7986a62e0b066e4e5530e,411802451.8491546
8236c798dbffb3db51d5d744,356060608.58461344
587e67078115103d184970be,412193803.12123156
7569fb4aaa9a52d6a525e3b0,447272678.61910546
db122cadb7a9c33f420fe246,450452845.15292525
e852246b7661d30dd2e1f0ab,438176233.2553413
f04eb16931448e87aec205fd,487043733.8475363
90e858d3740d4aec0fa21c12,391074539.5038029
65647ca6e47eb2b9ba20058d,644910842.4554646
d0792d22549d1b3f63baf3ad,388189282.59258944
76c4045b5dad9a8226e9244a,704251315.9181592
fac4f0bee67523194fd4312f,411191026.4581893
ba89ed56d156579ce288dbcc,510163589.2117106
adce397b6d1473b9b6d02865,546197265.5739014
f1a924badef699637ea8fcc2,579121358.3871311
3bdce823d3b96e8f0170d96d,578941613.1428384
439004dc23f97a878ebf371a,598983920.0838206
192e05cd731950f91fef1d83,1164168113.3483412
5110c49047db23ac3aa4ace4,462840547.1500826
f4f7bd9d03eecf35e9f37619,667436654.4573486
141dfd80a005f7b32bf70375,644496362.2207514
08513fe1cddb2cad74874a59,465300777.86659247
6b23aa3ca5edd20134811cea,457753723.7747856
0fcab263453a9f196468e552,705770682.7318232
127e08fa99afcaa339eff684,700616229.0424316
d2c46ef63db73ba3cb7e32a1,654693442.5938263
7c50c93bc9e8846345892c12,619551059.5243468
63698398738ebc7ccebac817,617664462.1800357
417e974a3f0d97e502e49800,614078030.9930999
6483f2fcdfbd26c621a527fb,1032277657.9738193
3b739666f401ca6b2135652c,1088092264.2625985
1b750e6e2e92e8222482cb46,646721866.0275297
dd34882ac55c57480663f7ec,762902834.8597682
026c6384ceba017c5f2cd66e,697701194.3072685
3f4272a3a4b14ce152fc3abb,394145030.5000664
5cccf025fcc0a7d9ea01b170,565201326.3407607
c8d179013c5bb6379693ef03,463732811.54858917
8c258d10ce32150f5fe5b712,726601283.9712136
eeb6fa8f820ec63aa0aaa303,615139596.8351408
ec8b305ddc2bc211a8a05d0c,362939815.26500285
5a84e6d2ab8db0fc60775d03,484881195.2900309
015d17895f32e2a8b616ca1b,641022734.2147855
6fa35f1af6d51d341a3165ae,552063063.0567046
17821a9cb766b0f3ecf24e83,422166319.59673977
23141c17df584746755dc508,391340438.0761283
00076c8f390d5dcccc133309,624949092.2508763
25488b1c8fedde6250b413ba,448920910.564571
5ba6b4953759b45cb83512c7,894038454.7498552
8ea02baab0c59eac6584f62d,1051216933.2187688
b5c34f90096fc88b8ca758f2,970322064.8367426
35bc25d0f9de2ed4f714fc8c,451786987.46105784
8b0e1911b8ab8028409dc9fe,1007961082.9740658
2ba1672e49c023258d262d1d,397680710.0990241
2d778563921376962d126cbb,488398445.79780114
bfe7c873b2fbad871327994a,604626859.4002821
72d0f19409c85dbe32cf6ec4,1015015597.1433386
d406baf5cc9b4473ae9b8426,385406049.473244
070912b7e5fb205918c1f4a3,336806433.99159014
659abd72d12756ba0670f466,412322169.9534631
7a464b948b65544159cd0db0,436120771.7070643
e89774d061d50c83b409a071,478098270.3187109
fd6b2efe5da2c35058333bbf,458072267.2094591
4577c1623c8407e95e893e63,510018285.73554254
21adc839dec9e8efb128abf1,450383791.00315213
aa843a050ebe8e4b3a04e9ef,998329332.3844364
0252fcaf7bcde09274d34be5,931606444.407223
46d77c92811f0c87d2d4907d,867460087.0860274
a8c662f906075eedb098ae5d,629509763.8173544
b8b46931b93b7750e0d1ada3,653603349.734516
efde559422ec1dcc55abc686,704065397.6681571
339bc881458ca34bdcb771da,1004681325.6305834
d7ad6527cae719481f849927,922613109.8624444
df3abaff81c430b4ba85d4a3,811415519.9886676
bfd2f20a7bfb0d865d7f7193,1286047345.8125556
fa3ee96e6b6ffdfd00aa335e,1397985636.5446105
163228979751798ded8c3fcb,637419707.5128945
3578144f12e13e98e8cb2480,397515447.478865
7136cad475a0480044707984,534243537.9604255
93f5694b4854068f42ffe55b,415893973.4203763
51608bf64739db05c47a3bc8,689703687.5815067
6a01b6d09d516d67f4a2fb43,450788145.70688903
5f26f33bd89fa7563ac6873f,446189451.4787955
aba54b001154ad881dfeea6c,355049701.1458457
b2eb63e5da917ce649a72142,432002685.9502446
1427aec89ee9564b95e93cd4,461780934.89029026
a0087db5e9e2cdd6073021a7,416658174.73270357
4396f94f7f3c403c43d3ede9,492702055.4595522
aa703cc78a1ce659901e711b,525935719.61906135
0dd1bb83f0f18af30da139f4,458133254.105376
37efd3e2a5b6567957c62081,487910125.49878585
ea47ad6335e74dea06228b16,497248850.2035081
8a975117ab302b77ac057823,485796742.879374
ca5949c4bcf0b63e5d1be784,459763603.57133555
e9f3f41366d5d784c2928937,510449150.043224
7a9c505db21b777203d34bf6,496066033.52059126
238cf9f99c4b01777a97f82d,414609408.75170076
385fcde12021f4bbae6ac2fa,381807935.94646853
d9eaec557a7a6674565db1ac,728440452.5546587
30b0c440c0bc8c6005855ff8,529410163.842641
09feba43c0b8f3560fe09be8,609069450.3309413
2547bcc87b618d3d7e22dc21,607828410.1189747
1240a616080d6ba5459335a5,523998439.681442
7cbc8fca4f84908ed4e7192a,556430229.2726407
151a16e94d538a7a6d658ee0,591861994.9891664
a8ecaa9120c6da21229cf145,542717324.5682844
3ca34fa833e6ba10cb4b1944,735550450.9214481
dca2e851b82c512f01611ade,638070153.7083122
3747996611a842c452865a9c,587688634.0758132
3528df61a44a9895248336c9,548965105.8839178
398a67970cee5dc873d71bbc,727467354.5322952
1ba2c2eedb352ef9bb59c638,483369285.24827194
f6f4a467f40bace72ecff598,642351238.8272198
b2af9047dbf58867ed0c42af,819974696.3255359
012b8d616667a6dcece0dfaf,1028481251.0077403
0b117f10e699f10f97a7e7c6,826942659.6294012
8d5192b6208902ddf4804839,882215331.1320378
b86cad78da7bf06b5ac39f99,912357649.9616678
4cc8c95dee29e43463a8dfd9,524477679.5157461
76846ed8b7ab36821b848f2f,584756269.8361353
5428bf7f37a94ce9fb2dd435,431729006.4045093
b22c39c3df7d8e32cec2ba43,399150954.102366
44f5380847c175a42becfcdb,997160849.5269579
fae53fba5d405b2e6a3abf01,321581030.3854689
3b52bd5eee5ef8e3871dcb3d,1392558138.4756067
21eef7da02b0f2a2fd987135,464519006.45209974
1dd6b0ade195edae38a4a20a,487413432.8409681
f359afc7bb50cf6a61ac63d6,411155002.7710923
b0de107a8cfad95f09876eb2,957284981.4126596
2e8c76f4ed59cd3924f7136d,806019069.2685261
06a2efde5244f7d653ddfb8e,562618699.4559124
f72e2f6cfbd32d97bbff3ac5,460373636.4270524
9705748d2bb061678a80826c,761792440.9261919
9620068cef0622c404e15960,369974326.98887765
cf2e8824527989d3cd29c058,376890354.281735
6e606a7c8bc632ba0ba37184,589861345.3167901
63fa384ea296390350f23d7f,500816680.96110004
4d3f5e7ecf4d361d7eb55f5e,520212091.83693635
e31a209077a3e47712588730,445438926.59015906
5f18524e839c2987594a11a9,447943811.7935358
def06f49a0b8230ab613db94,679445250.0269786
faa72370e4c7718964930805,679445250.0269786
983503bb75d84c410d1c5d3e,508542286.01403385
30f381306494ebaa760b990c,421893828.0289588
5e72dbafa642e4f416e6f01a,431405280.2976231
3d5ece38670c1c96df4cfff8,421893828.0289588
1bd6861d451d128c8bdb72e4,780788374.6062026
072a6f084d31a5a4be4060dc,543551416.1567491
4d8deb43d663fb079262708f,847715196.0377123
f00b8eac1812a500d7a732ff,726611206.5915082
77a62d5e2c89da24f66a2118,482184338.71935153
961886897eda4b0ce54d1d82,606611270.9161309
6f6c83ff891e43b7c84728e0,1049751775.7603037
ca8c85e8100f64416146368e,1052918968.6533319
24297f4a3e14c24c941e7720,1080002446.1811645
98d7f0935f021acf313630a5,1098936209.8873076
a362533eea6c235049bf3359,614436527.4561684
2ddda0ae748b38a6258f660c,1325647035.5652826
b18107a422b9eb6da9fb692f,893657358.3469292
11cd643195dbe5dd4567b62a,956148301.1711323
c9ee7f0666429c0c15c37499,322331226.79523414
c386d1ac4fa8dcec4cbf9788,400014255.90692043
21e0bc9789139640ea33ed09,1152587632.1421318
cacb91ac1b835d62422b8a8e,787731158.3935169
bc41e69def6bc7490800c4a4,359369817.73211473
7a13669d2d7ed2e50b80b4d8,407716354.2576633
08dbbd8d672fd09463c061a5,414553598.8443013
cb93b0d5e9a26628b0462b14,442749486.64182043
d6a43f209f810455fa41dfd6,471582149.1337657
ed5dfe95f82f4c087af07045,792920412.3862693
02060d2f56e979a61427f806,624587338.7347361
88ffa9f0bc3f6c9f2e589a75,978170760.7413144
b48093abeaa178d1f7fbd83b,438866243.5613786
b42734770dacb7e580a6d742,748006167.2955873
d3aa845e96d22f31a3656aa1,350619908.36538154
becc3ae7a71d597bcb16d261,617925948.2156348
8dcfc24742ba669335a2d65f,745551054.5364559
45e2411d38589a2d85774c5f,687132785.5126407
9761b0f43949eb5307472ba2,685240511.6577944
e07035cb49625760c7da85d1,473930826.54444647
f88bb9c5a471504c13d3616c,365187849.21866214
4bb5265c6e63449e5fbaa270,973730835.2379484
ac73b8700744cb7835f328cd,625849739.6394773
a632ececd6a023aae8a7b730,459062627.90107995
858288683063dea9d5c57420,518781140.0951656
d04f549fdf8f34bab19a171c,416072040.5132803
6ed5fa8f114431d158d35f43,508051639.09202963
f849dfccaa8163d24ed935e2,684385594.7649289
bfde6e7200fc27e6e6f1497e,692730900.0510702
59c11d3de7153d2605cc2273,543172170.2473712
33ddf4e1ed8c864e9db16887,639310965.3697428
00f5ba660a4fcf6ddb96220a,618419394.7299713
a13004b87c6d7e7bf6b75730,395253501.22428656
eebc02ff14b6d270746ca055,739526019.8455858
65ba6e178f3565a84c6ff973,624711618.8140082
a57f40f00f80abc7450aaf9b,467017387.9152488
df37b916acdce817865197ae,594951568.6075199
b5c074ee2e2538aeca099fc4,762317528.4154966
004c9da9ef1b3b5e309e475a,564076390.493789
c5b47ac5c4b7476d50bd56ec,591628397.2791976
778ec765417db9ee48d697de,550247389.4026456
b287339babba162e290d0fb0,479459839.64178556
4d35e00e86a9d508d82ea90a,352949233.43107545
0dc2a023fb6c5e0b92d86ae2,717960797.8403956
5787d7c671378e596edfb58c,652464879.38643
8595b5517cb3f1ff8094d67c,526626558.7201316
f4d53276bdb5899c6f059c67,608321330.3818562
9562ef63320854bc6f94b5a4,369077080.8098352
c04e72fb6244d9a9b28322b8,703954330.007422
3d141576443a97b0202c9672,1044688638.3449634
7caa4bad394586a46dfad854,748435527.4456095
8420bb74fadc0c8853cda025,411199533.7888627
b274adb68a37458cc5181fe2,497022256.18767315
8561bc940a91f029147430f1,716213742.6267445
258a968e403e747af5693a3a,1065771359.3879436
0de34892fee879f449facb19,601011509.8138592
9634cfebe7e6b095f0065ee7,715758380.3686202
1f3544c9f47bc00fcdf59d74,460831367.0178336
e3077f6e47d130106e7165c9,560911156.9675741
f0ce47907c3c30b6b5e990b1,767004017.8284894
1432cf7de2beb14fc7603ae7,857933945.4754225
60f0df18cb4324ce5f4bf650,724117645.7642182
7c1dc421f5a689aea5babe4c,580293318.7380787
020dfae44183c65b708727c7,504102073.5823929
92a9c07259efc617e7d58f9c,615558797.8582757
18531c57f6dca78763d360bf,437119264.904717
dacd62440872b6e94ea56fab,395641668.60151565
b607bd072e8293d6594f3829,719931067.3063639
eb86c1da60250e5559fc3cfe,579877171.4123535
fae649fc7256b9a3ec036583,563628991.2038325
b7fa81aa571906a93e9b6cba,760151701.8447475
0823be832fff81b3f1291859,341668248.48227334
fca3a0fe5db369235960d285,511392082.82441694
496fd5c93b2a578d970ed55f,437786844.15621215
9c63c6c27c74c03f071385e2,456841252.7451278
6ebe90f7140b738b3696f086,423927696.02252495
7110d6374f3fc282e4f4bdb0,459308473.3873361
d33994c75d98941acffeeb90,905433615.3390979
b8e8d84450f5e0bc8a721c94,664101438.6587178
cba57e3b393b3e392c7431fb,628525549.6856115
fc2ceba651bc629e7f690849,778625170.749257
857761b5fc5c7d101cb765b6,622532443.9357834
55f67dd7302b68477e803399,522480901.11508536
19f538269846412f3e150a4a,702462753.7880499
75e0fa8e5c83c49d3a0dea48,866583718.5985595
fcdbfb9e15352cf210cce7cd,841536736.4275398
c2b91ce4b1bc8c576a0ce1c8,912762858.2074754
73eaff92528288fdbcd61e2a,965869639.5077432
f6544a1c169aafe6c8142907,872610341.0266088
cba9aead5bad82b31da51e6e,886927414.6329036
b239bdcbfae846bf74791728,790775445.4275756
3b823e81c5378ee3c977e863,436324275.7070493
1b4db5fcd1f92d3aadd5c28f,693818530.0829583
b50a6b85399ea2c6b5c33405,452080008.2393773
1e6176a558f301d81bb050f8,966258221.3094735
8bcc1b035ea93a5192256b37,659808625.0122776
71a3f0980cdfea0ebb869935,473720216.58297515
8cd0345dfac13ab380240b0d,436324275.7070493
e66b2c71519ef8756db69b97,351084578.2531863
c843044c1fb30819300448d9,421475718.6502923
4ae10e7fec364242c88e511b,487910125.49878585
c9e92b994e48df83dcf9976b,1328953725.8193336
27f41f09ccf8d182c79cd48a,929601196.6409994
d8a7c0b01bb545c414e12a23,1238884654.2088914
f3e2fddf1dbb400788a5517d,452754590.36330974
89a066b7d6a31dd066fa0d32,625013946.5731351
c245bfa6587eeb55227c8a4d,430399207.0622558
500d7c5346ca11ba934e7ca5,540254147.3407836
536fa59adc007df763949045,1090872075.4584398
223813dc0188fc229b63e8f3,944628463.4040011
7c972ecb7b90537b1da0deba,413765862.71901166
98d8411005ac05d77cb12516,474866682.311076
d12c08cf48be75014a149873,642351238.8272198
955544a0bc2eff312e965c2e,897754697.6835665
20488db7a62f765ac8da0a2c,497872400.58123225
3f370094239ab6fc817e9ec0,977603734.6152341
ff54bb34225682d25c551178,642351238.8272198
d0c7294b2184d0b4d0e2fa07,977603734.6152341
104e960974eee31e7e0eac6b,890622728.9062728
0d477acd9c95e9ec63839a53,468979422.9492311
6d255e0026d70dd44229a2f7,459549442.05259144
926cdc0242544bbc850520ff,365849613.69627035
e75a05dc0018f29517948ea1,350453038.4075212
dc40c56571cbee9c2b7770f0,564872742.7860608
2f76a2b53e091df35a125b13,394530864.8859005
a4a49182c79c72854732594a,702695389.898322
50287f73d47b4cc4c2e1840f,608735581.133496
5efca36c25884a2822bb7a81,452181446.57386315
4347bf26ecd61ebc7a16b4a3,543640630.3834383
7c979648ab3729b2c0cd2106,532897504.7878987
f40acdcf5cb9925c09c9df7a,705710713.3959422
6ff3eaf8b5a2f16efddde1cc,564581809.9739262
d35596846155e74d1a637d7c,593316212.4559444
a389a1ca097a820fd9af9d15,785273815.6643286
ef450748c440c4958e5db54d,393662923.38559324
02779b92b2f9bafde0c75c11,685565154.6319132
77e5e0b64140fa00b0227a3b,504047546.8972068
eb55b0778607da932c3b311f,393662923.38559324
9fa391febd5d0a8e4c6ecb8f,419357259.72256196
6270356f1cc3dff186d0ff4e,494297126.7499043
ea7d5c601c3f8c86ca8f15e1,394125438.7347353
072efeafd082025bbc5a25e5,450143443.76510644
d8bb6151d30573c7595ee7c0,421268439.65113795
f26c43f2304c8c694c818a9b,480933964.7567041
14ea4a7c57d830eba13638b1,704089737.0803623
c1ac42dad98d2f23dcbf140d,597350377.5068015
aa6af44635b5d51da4b02059,610831399.7296361
291a4ea1a695347e1901bd4b,705710713.3959422
024d2e34a561efaf4811c17a,557136100.375529
e5a40a555d11d4429b9675c3,726611206.5915082
3a10398b72905bd710ffe9e1,607573491.6457359
340d1313fc2dc8e5b6918262,746453647.918341
699bf5460c63a4d0e4542ade,970520792.0019469
e98bb3a89bcec8650e33e730,430166557.07436055
5de86bddd492f76596b17a0d,555515224.6289824
95dae083200a9e43a5aaf210,1093249250.7311502
23fe512fcb21a0b84781a318,445638416.00495553
a9dd62f527cb0dbfa51aeb7f,592488150.6555642
8964dbb5b0cbfe509613a63f,528777690.58152103
f75009356c700f7da7106cc7,518583264.1855918
6f502f363fb55811478e3b88,390721451.1812579
a48f29071cf207b27ddb03da,641526196.0092016
b46bbf66cc82a4345c5da177,744283431.5035645
a460aea3370926825b0dbc13,626576611.5373147
7a21a8d99a85171334695004,591079776.1778737
279f6f594d3f8ca8e8a5e2d5,1255519424.7904403
bc3c509022e3f6104cba5203,1309772098.0985694
654d2a3a0e02065560ba2484,377748821.31652987
02a2ebb6eca5772e3526d78b,490523385.38329315
d4646b7f4dbebf9785963cfc,573563081.7499373
68fabddb27fc928b57efcfea,617146112.3877454
53688de79b052b3185fa9435,393302809.27543885
bb962a9e3861b06ae1daf833,554700716.2568787
d80c5f0b8ba55e7cf105d282,579319728.9067458
ed88c773fa9ae8bb29645fbf,515013615.03866667
0c3af9e0e9c80a68acebd041,624350233.008914
0faec12daf0493a512b2fa0c,1097636801.6559925
1807debb0a0b590b9ba4ebcc,599065123.0593671
20a2a0dfc963fb8a355e704b,400291096.38413477
a2c033f497e62ea10ff8ba3d,769461296.3802861
985e40843a30150e6892e4f9,660779073.2485719
2ba0807f8cbdac389424ae04,517311289.9050828
9a565e7220cbc3d5d340e8d7,664719352.1769583
33598222854631e92fb72baa,668972076.4927465
03fb5bfbc1895115a04e8116,622674231.2176992
5045ba9a65b4bce4fd305f82,666546400.4149551
277f6440854cb0c98728e685,590528423.6995394
12c7037cfa63de49e984a789,633971217.6968583
ed9976e922a774cafb601f5e,415191493.07190084
ccc70d1d8e4411331730bd7d,474061756.75290954
30d38a7bab2eaaef1ff6be0d,654218443.3717543
31a6c440ca9eb29acc0f1086,602416068.9416187
7a82ce4b2dcd2b43485f5047,586538159.7535808
a74be48ad396ae4aa33ffed6,959523414.8619903
4ea46b833575642ecb2ed1cf,372982775.1601793
b780a0ec18c61b0760df9433,496338994.3587623
b83a5c303a2b079585b9b94f,580321523.6966388
a3c45875c0834b144f834798,469616043.0038031
c3ae3f44bbae215f7f2fad9b,545295504.2921058
5d54a0a596d49d9f85f1b5e8,524939449.6482743
355d1fb69bcb4e8e8ed9ba1a,623505557.9524336
cd791a46ed616911ae7d4fbd,812491042.7223793
d2d2f335839ed35571b19bb1,1091951324.1068218
0823b0dc92805ab05d3f8650,996884061.3010936
f92f4d135119fa88994929ec,1208333245.8270507
401f0de98764e9fdd4055406,382035282.8563558
68a7d01e50462f7506f8c8d7,369188592.0629535
e4434407771070783b97c014,387046973.1236998
7e1153d411af129357ae5c10,376359369.31232554
f409c701e200046f574f4e06,677293991.6836348
30a8b9c197bc42f088d0b873,566690620.2564123
d5abd56b5a8ab8c2f61a07f3,637117339.6852943
805a27aeafb3ca91cac56d14,668547372.7936165
1ee04111d277e8758f740139,706974434.5692507
b9de7d7b9a8ef7c64e5f6bdf,672194293.2762247
5a12a15af3c0585d81ba8f5a,681765611.2846217
abb63383766a9853c1091c5a,671488203.9635177
1f95c205d5094c674f6e45a5,613099053.8831266
4911a6285f548dd30c8061e3,683941778.512436
0b9730cff49bcaeb4d703c06,720703182.5102602
f033750cb9db15e886b156ce,1025528523.6318399
fc7e93bffb7fbbdebebfaa2c,593908880.1527067
4f500afb7f7bb42189820a18,1018879443.3783059
3921d7b508fa1591d40802d4,426655944.3706877
caddb9dce27a7e8012478da5,406758860.8076503
4eeafa126ac5f301cf60f9ff,385637482.8663405
59afb00a84b4f2a9ffbf71c6,727801534.4664465
7baa3608aad1fbf357d789a6,712968484.0995457
a5b8869e9cd3d0cc32a0b298,1111327901.1650474
d084dce4ab9c4008ffa3bbc4,937640299.5473657
e3ff13537ffb7172336ab5c0,857528395.0270399
1bc2ae31ed1970ba52b1ff60,1170546913.5601845
eac7136b26bccb3c5d2b6202,741766259.2109847
073fccba71b28afd815be434,538145148.9272914
9b1c23d616e9407fff6553d6,403072392.72865593
4122eca7b73c1347a7814a70,564408045.1070465
cece8267e60c2461d6c409a2,610174487.28798
ba4e89128058d5564987dfc5,403072392.72865593
69843aedb25a928097a22a89,335142450.7852173
a45863121bdec787e119b14c,335881857.3655749
02e8811bff38125bcf8e1a6d,397056004.51039463
d709a76487a49bf257489c0b,346258185.60428226
46c42803286c800351fe633b,468344217.25759035
2ae3ae7f794d558ec119287d,856682401.0755872
76991a35e9c1b69e1616659d,648557740.8047807
3de5d35f742cb4eb68d5f314,476485300.50905687
a53c748935206f61751dec1f,396802456.03035754
ddaf8a1e5e6922cc3dee5caa,460239027.88966423
841fed959f036a03697868e8,380144086.57171404
ebe1b5c9471f3441a388f7ac,597366403.2183481
f0f9bedbcb57383511805d17,658480055.1308721
f9402b785deedebd3ddbce6e,692570096.517721
d1f92e6b18faf07ab70ca1ae,647642351.7072034
6e794276348acc39751eaf47,638705386.6904881
4b04e0296820d04421db5219,679685580.8056564
ea0ca17e989ec57a480aa464,628627617.2420863
cc6fcb8ea6556f676c13a76e,650132830.1669673
2778de5e56ad7ece898249e9,546520548.24312
9f0bdae4f8609ec93588de3c,805358096.5005773
90dcc3f9428a4e7cc396a15b,614664812.6355513
2d7bf0032580e6b6dd1ce36b,633044985.7541908
c45d86d17d1d0519b455b7d4,614927570.2371212
4c7e7cfb286d82aa96356fb5,906535798.3813947
edc204c3e18368e0a9eab593,1000989765.1785858
e789e801fb5d4501b5d64e2d,898918461.5071696
3997c10ceccd2f8c8e43cda0,954449879.6331744
580d8eee8dc4b7d43cb193c7,1067823598.1244818
c823e3fcfbf0c43bf2d82586,926885238.8343666
30677852542c78698083d4f3,1009849062.3265443
8fc78c514a2f1cdbc5ae6e1b,996917128.7430304
73c618d704a2e1ac2bc41954,707275572.7131218
4ba85374c1d1f1d3f4632ca1,353756408.00293076
9a471715e4c4865b822a6b77,378404588.44621295
4e9f1e21c855f1166428fbdd,392309494.23402226
f11137d27a5d7fa57f94e97f,636937700.8564084
5fe5f3c5919c0ebd57ec8e36,523810989.19239527
e40742774df7d2b614f32de6,345156284.76378095
24b28522c72f7fc359f2a718,562633694.2771579
26ff1e1f4a6f6bda702fdabe,652230282.5252372
9e617d1fd8a4f33d7b66098a,1040513925.0068133
3b4e889562e4078f8f369172,383800809.79129934
3a50d40f15b1cf5bfb338092,549656624.9424443
cb2188cb8e534973ea3411a5,371725654.1727036
fa57f96bc6affd285d10c4f9,402154971.3619733
c0ea6c76eb977d83c163fd7a,415865519.3798974
367cd12d7f4aa93124047eb9,533979726.5291333
54952b5f463c64c605576601,470285912.1211346
57eaaaf24cf82d885f0f1dff,573943595.5380105
f2ba4a7a0765c3ce737b5c81,432132350.82088757
5282c3c48495dc31359e70c6,442407139.74122226
552b01d72edb192663998c4b,657934399.7235575
5f3a1ab21669ad9234d4dc63,539062660.4988282
68f431548c330f84c46174f6,621062913.960414
048051ce9bf8f6a48e9451fd,546520548.24312
fa4028ad48fb2082d167989d,471945620.94333136
5b1902dd7768f5144ae7704c,597950847.9988363
be0a8f4be774eeaa42fe460d,742171136.6523173
16263617308958055850aef9,643537423.1260712
729f5fab1578f8cae4fca8f9,970243233.7744564
bddb9388922dd56737d8847b,982927851.8766974
9847a4ab995b7b1c30196704,962339898.1142989
d19937a773269962c7f9e8a3,904418551.998554
b3c8714dcaf5322475ce2c60,904418551.998554
875126e5776dabde40e29b09,849217070.7293322
3a36f59d7c0e6c4eb85ca0cd,877963360.2558004
630f00e15cbd7826475d1509,983751342.141843
434782c3d1dc2b9ce7bcbbd9,639749395.8736732
a470bd174fc7587dc1449c89,1257371660.715333
99c6f87ac92cc323c8caa005,841930822.6045476
ac9ae945fe25a46184057606,1036829264.045812
15d910dd93e0aec22ccc2083,908239528.2166097
6e1a9c8457d3ac6a57598052,587680137.8607697
14e179618d1a44c5c55e23e6,393546937.66710544
2b8b979cf1952fcedc63ca9e,361415852.6216223
7cfc3061c0b2f3bd48375ab9,567201816.2854049
7200e3ba2013876cdbbde972,784146295.4018958
9ddc1924043ee8361201b39d,982377748.2146543
f22d6cc8c9611a7c23fa8969,503281123.8479039
b7c0a0a4f5c5b986a70ff249,456841666.7090315
adf176b63ea23e08d252b5ea,824035620.9144148
77069fb9fac6b61aa6a89ae3,681726353.1427363
7f0f27f6d30c743acb3e867f,608281857.1033802
7e299fd8c2d53ff1cf95aee3,687174436.4807788
f309733881a4f89d9c8a8958,617013437.3549008
0f937643c067371018c8deee,1166259655.6688225
8e35609c1265ddf59e1c015c,664127103.3791498
c1ba606f32ce0337cbccc2b1,760795668.5299977
15f02dd18da12f4d7b0ac2ab,601274865.1267078
bcbe8ed608f233d5ed7362c1,719812206.9785624
14611fccccfa2a6499b2acef,437354788.63192856
b10b428245022d55db248b72,341554111.81157607
13e6c5cde1004803fed93cfc,437521061.1185709
ba31c38eada33f680d44627a,765302285.4311465
3786daeec4a4fb40ef07d8e5,713151168.687443
7736ac030d8b587f44f7898b,458309191.49896574
98f89d21e5dbe53f8704e745,1112593747.1875472
981fcb79db3881259eb303bb,350397637.33144975
08bb88dabf0070f72a801a4b,1017329698.7394568
32d56542ab5486bdaf4466fc,813244691.4665205
c0f911fe7ee2113ec59cb5f8,618943903.4880544
3adadd50e603746e5e4fc082,744734986.1085308
d117e9672b3ea0435e7a894d,350397637.33144975
020473766363019ee40d6685,614285410.965072
b04d16faf40ee02eda59a9af,350397637.33144975
bd6f3819a1c0e551598fb9c7,485379675.0555808
5520cf373444931ed8630635,522522648.99567765
40355fef059659469e16e3ec,522522648.99567765
deb844a2812586991b3022f4,628376054.554602
ac0b895f523b53b4abd013dd,486357042.9218953
ac208e250f5ae3e5e1008351,524955918.5220636
0064cd1c55914cc8370a096f,428931648.2679802
165fab7a9f8dd404cf4e9d9a,381013316.7741108
df3eca0f59974a812b4ea9b4,745108180.0983061
1b7c062b606d0560e850a2e6,361999476.0044462
87ddb3a17b601cf7c61e8c07,521844179.5081706
837cb6389640f3919bc73e9b,634067629.9871032
77bab76414ecb20888cef7a1,1012324230.8347265
a9268ef5b7133cf6ed1a376a,996863928.8136803
cf7cbedea50333cd2dfb0e30,673826893.2041097
b0cfed2d25a5d78c96d39d20,588022615.6877108
ec0c283eeb8db461c20af1d6,638786417.4832108
27c3b7ba2991e7bc0c9fc322,423281542.36487806
0332c7ec0d3e547ec6d61664,667764177.0845467
e58b92216ee6438a921ee0d4,706216011.736685
f7959842378c94c9f620f561,392656224.580797
cd0236af88ded6bc15b49eb2,458309191.49896574
d40e0c2222c0debe89735e88,392656224.580797
2bc9bbe0f0216ed9d865a85a,517188496.51929617
e9bbc31499ca187c6a492175,627436749.6559829
f2409d037bc8b3e63ca69fd7,1004757589.1320213
5ad71b7cfd356a75021174ab,351491414.51802087
67dec8c47ad4de9605d56db7,521844179.5081706
c6d679cc07ce4373197748a8,671326861.8700331
a36ff3637b7d2b1c52999ea8,704668572.2420611
3a384d68b7ddab45e01b6e99,725787867.9996789
42d34ca2252acaf6e777d23b,1069131405.0392135
c4b2a42a8908cc35e649fb16,642297484.6184399
18c38418824075acaad8f960,481748537.6568911
85bb6775065df76bda33f738,649898922.4925059
14cee0bdd9dd5537b96d0786,626997491.5156828
ab332133aca64315672a7192,620804377.4061867
d53b60b0f2c65918153ca2e5,341080248.8619705
ed1f81648083d4d2726710ac,390446723.65712506
b6692a933facd74b4b11569e,365953344.41712904
90e00fc58569167c00fae7d0,382044117.70053726
8a514fffdec277cd46c7cc71,388758652.3026838
7f0b4b5851c77d78805320c5,379847809.29006034
fed1a608e3c0f2b79cd02ebb,388397702.47388494
075a5474294e25da55373a09,351684456.97330165
8826b9e008064cea38855d35,379847809.29006034
660eb3b40b2bcd07df8f5c3f,402714445.3831563
d55cdfba22aae78b6fab5491,351659781.16592115
ea6e83dbade169818975e5b3,531978137.72647893
dcac44d3f8024c6ea1632432,504184024.7380467
2772adb268cffadfb2917c2f,500026989.8930651
3192bb7190b9130c4e67be4e,559323222.2673327
9d892f73b02f001c2f715607,497470644.7211629
c27d72aa1fc5d37f4cc105eb,409423116.18966997
6c0ac32bc8a66844197c5fb4,547205875.187371
52338f4f7c8af6c649106a96,426136891.09867185
356815b8ffc300fe03073b7a,471478910.21779436
22c780d56cb97fc34f29e9cb,521775276.8783459
806907598158861a6958388c,426136891.09867185
449cddc4dc3ef1e93b7f7c26,590695440.8889202
b225270821758e45cdead76d,483628595.7786623
e07bc486c6f5541e4788f83b,806465077.2904909
970c0d4928a9292748c0fd00,661129662.5670325
f73f720abdfe4b5adfa2bcda,485562167.8430078
48d3b0ef6e5f999bb90fbfc1,448274234.63229084
b3ec2f8af6e9adce047536b8,1017873599.1801108
0e1c66f843e06f14d7264864,411538866.26083475
91c4f018fc7939d150593935,1041428448.0605817
102434eee07ed18268857a9d,617947394.5834787
a4c70eae507d630c2f285eb5,671326861.8700331
45abee1de734dc32936d0b1d,527985663.6929045
82bdf442e186baa829e06da1,525967935.4636452
019cd320e02a64ba3ba9a37d,708275490.6706988
ba1b3c8ac8afafef56233c84,772900134.615659
3c3a0f57e030472879f454d8,442973349.7536104
d520e90e7d0c44a6b8852e5b,454721427.651281
38328747d2e1e0e568c05523,555287011.4944735
659e9ad0f593b644071cd850,550758663.3211477
3e6645f2cd377ba17ae2e46e,500490559.1978084
307eb683db84db535106c445,687900145.1442722
26c8961848e3a77d98049638,407037124.22091717
52373e15e9dc1ad371a0c090,539167855.2650194
e5b2a446c12222efc187e02e,675214763.625051
156f706d1d30de19f7e369ea,595111569.4249314
aa94d2ad36bc0e91bf561be5,1073556631.0535309
8ab41842b8e41b89d8670ecb,434719198.18712205
b19ab02a8e22f3e88a26031b,510405397.7056542
a6b1ca7a4e91c4c0f4366984,554545586.1342793
a277d5e8216fdc3d7c93eb2b,752841193.1544161
f939b7271c4d399a5e647f8f,786979896.9091945
941392f9a135909273422dec,550770313.1635168
e07d8e9e38e309958288a516,686131710.6811922
258f10f742fcc835d53063cf,652038541.9620609
fb672b4cb1b66f2022f36a40,1168753849.1217077
ce9dbb6d009cbdbe654edcfc,748355406.0108666
22e524f1fab17d5b8616d741,976474913.3809742
7f0d874df9235245f47b04c3,880058730.4882663
27a8a052b815998c771a1f55,976474913.3809742
b80593fba07e21f8bdbc352e,995483706.132066
d18d990404e7fd07424f5a77,470748340.3516641
033599f7e7ecd8d9c8cfba46,518895744.84285563
51cf2fa527c3db62914169b7,423373196.43572974
2b2fa2ed0055a19859e78446,532388122.913433
a8e1adbf076dd737c079129c,562295450.6884933
adf948af7b24f9b6f29610cd,346579666.8829426
23473bcde48f634641769e22,356585536.1183868
c90486bba327ede32dec60a6,490732662.49738353
d254d88ea0989a609b71fb72,451186832.9356973
2373c595d24a7b862b518ec5,520242507.6539719
ec401de1c0ab2dbc149da048,565237433.8608549
17c0a8fd3a2c8b5b18d61e4b,556028325.9978201
1a1016e7a96da2237b391be5,640297057.6422054
c5b40b510bf7f121c93a2332,813398695.255972
aca37e216a27b4dd5337df99,1054915618.8670601
96f59167d17d1c99f31be997,780623807.8749626
062b36cb4a87cec372f9f91d,741042014.0490031
0466a7e06b152c1860d44334,509502652.60006386
f44726680d0c594a2d430bbb,781868166.2067387
8aac8946e7ae5725971c5557,781868166.2067387
e1aa6c46135f4d1aa1b7a1f4,774166537.7146263
fdbe5801070756d1744211cc,562328346.0498464
6ec4c88b8d3a16148e2e7348,629922091.3661879
57c87ce038e4e523b4ec189b,629807723.3866534
9bd500fb24eebd53d8262b62,629922091.3661879
85a86e01443aba593f95dae4,538292738.082835
13e2ec0a12c8a48a753b85ef,351491414.51802087
b93dc01af5f49e6dcfb7a547,372695406.40207547
71a42155184509caba01a1dc,377535046.1683609
25fb1c0c4aace859265de172,527985663.6929045
6f63e4f866bda86d5c993c8d,395994445.66793084
72bc42a5c73e7b1f9d54c835,366331141.363068
c06f36b42021a1512cb6e3bb,433010399.2355928
f1a7fa5dc1996591ff97a34e,557408326.5115602
6128a8deb1f0bfbbf0d67769,495603303.1978798
b5254c6c29b4f6984d328216,530337701.9741837
6cb19c3e491a60bb2c166669,474614871.9169934
dda4ee9f3811c29e2b261a5c,454721427.651281
7a564ce9a4ed3d2b8fbb1103,527985663.6929045
63b982fab95cd17211a4a58d,483425624.6597469
5272c50f1d8fded01f7fb0e0,442076977.92600095
02b47e60ab77588aff6cb433,464689652.2569167
ddcc7f7a087aa5f4797a8a5d,423927696.02252495
77a887ca508d924ad5203194,626997491.5156828
b57ab7afef2b8aee016ce6a0,614285410.965072
640a801d503d85835eb65a42,614285410.965072
767ff947b16b2271f516c28d,706401591.8228326
1dbb46a250f504e9c8673bed,785933661.1174098
fd6e9c9ed7679485dfd0b022,846845790.951317
7dc4f9de14c2924b229ca0a3,708651187.8013778
3064379f468404110d594c87,710947530.7097846
6005ebd6442c62f8becdd2f5,723645603.7538682
b62e960eebdf95c2eaaaf9f3,623004923.048719
7b0258f1aaee97661c34de64,578443571.6824713
91e2f9f7d4ed776d38a3274f,634563256.1259555
d505277049a254f960e114ef,768683505.4515771
32040dd7b8edfbe331773288,775696230.9374179
70e427235490d7d9c9239676,566958634.8729082
1a2aa38b8e18fd7ed5be77ff,957223988.5118449
4883f7ce7086ba9c8ddd4315,622729301.5551896
4116cde03803e63a3e87e847,623004923.048719
d6de5d741702387dc3f4481f,623004923.048719
2346533f4712f3bbd036d85b,905433615.3390979
f6a12c0f02fcff1be042ed0e,778625170.749257
eba3cb8156e0115bd7dfb525,847602564.8280207
ff27ae490bf03513b6bb386f,855308989.1152635
e87779bf2f8af86fc4ae9583,379532210.0957567
4a809b3987cff0290c1df8fc,340465459.1573355
8f4241a17d1211687bf232c4,595730673.0547415
bd8c1ff6f9919ec6f1dccda9,588237208.0462292
081e008e772c6a79b809a87b,761020432.6235737
0eff08cf4bc42dd442a70231,528763549.93425536
b4e084d14962cc58d4089955,783286780.3999983
d02c3b5ac6fa0ed6db06e490,1142206973.701752
e8abf103cbe9fecbdd758516,783286780.3999983
05308c4f3d0e0887e4a68a92,652427238.6912283
256a6ba3ff423a899229f154,644320875.337998
097314d920292b46eab5dbc1,576562026.9658182
4ce0fcf14266d144c82f8d4b,612192520.3335748
548791b5faf236b1c03b7523,715984621.6272306
40ef1682158d0c3cd07f484b,1163782229.221881
7b473504c85e9cb576f951e2,542154355.5747483
730c7382d76a07904f559b28,410813765.8029881
e05598d3c49f409b937ff2a1,507410568.2820933
844dc89fe6588acccf0c7536,350116013.2221385
ad1492590bf61d2cc83b493c,702880212.0905651
88fce3ad9b8a965dc11336cf,377962852.9921518
b76d853ea415967415ace0d7,655992427.7452294
c12c81b3eb12bb329466e88a,676354405.716433
4e27458d179a469435d02ff4,479542343.4347729
8d15b4bb1447eba7a680ef47,462815403.6159278
482c7150c7555cb35558398c,687791141.5811361
e5d6be06fd53d317c8e5c7c0,492260472.74760306
f798e7105aa8aa66750a2c85,616544384.0176842
eb24e0a0ebfbe16eba466280,518330049.22509426
618dede0dbd48df4fe610af1,590506921.188403
6fd936b82bcfd3cd2451bdfa,558172322.6560571
adbb5c4ba7be2903799a51b2,590506921.188403
3a99197868ce338c738a3b20,622342519.6956534
d4c45f35f214fc226ec85b36,644983551.8890078
c3140ab2134de662162af508,357959657.6841249
0fe23ccd8e42605f4d9f78a7,315974890.6896242
8816e8101ddc4e704053e23c,856682401.0755872
64ecb100d7882ddec6bafbcb,531109220.0913951
9151a8c65e1f01ce591c595d,759668385.876054
c8a40314be3014c2a218f5bd,473575873.0746741
29bd4cbe11f44759e07487fd,521011203.3118703
72ddab9ba5f24941e4dbed6b,682282923.9750705
1f18df9ee1b19359816ed13c,675036655.3768858
fb82175fad61a81e9b665fd3,623247327.3841789
dee2e190c4e2539124ac3ee1,675036655.3768858
0cc2f3a49dd703e7554ba638,730721719.0771544
ece0394e38b152e6c1571324,841930822.6045476
e14328c988a27176e9fc63af,895464035.0538476
a91664b9f15f9d6f262e7b2e,603328390.557115
d54270fd6b09b38a978cd7b9,443092747.1921653
40c74dec061500aaa78f78b7,439146075.7615008
cbf6faf7b47b43b2a77b3654,1239720478.85821
52fa1eb3cc7cc2f77ff98764,412656799.77070546
bae512bdd3b04405c519bf4a,544201343.6149534
e7fbff0a25cde72a38e7c7bb,507044615.3030329
d3f297fadece964afe5f1cc4,670003814.0174662
2679ba671751ff16e76f1807,621969842.3667926
8059e45ca26bfefbb18d8e40,541232994.3851382
9e7ee8e17b1e76965e96ef95,480596614.98521316
9039bc918a76e486041842d0,606949992.6490037
1d7912750a5e345f7edcdcbf,484037642.21197814
4fe0482ad622080f55a0460f,580006818.9823325
953fd7541735fa8d9a342642,839304062.7980909
0b3021c156324d1e7974ce3b,1240354478.372597
b0a8e4b4ef6678e6b43865e2,479484031.41388416
bb47fda808b52f30364a4d6f,459891720.80861485
d846dbe691d0ee3ac5c3bec6,982580538.0683637
21932b5a5fa65d237ddb6293,459891720.80861485
07481a101afc1d5db45245df,961734407.6907327
d99c00c516cf57b6fd9e877b,431546459.3131258
6dbb494acdc64c03742fa730,575275929.2035532
35f69c7a9870ac62735d7639,577580361.6765078
2721f5495ef5dde16fd29cf4,605307114.0219314
0c068dbfdafa3429c71189af,419585760.4187548
f3293c4064d71f9322ca97b2,546651732.1715769
5eb268b95d7b6006b064f9af,643026536.2589705
e13a1c06ccbf814945dbc768,549754756.6786054
935a1e8c7e62ca9d3bff398e,625013946.5731351
f0c7ecd3b2261873d3664748,520294069.4675109
d2f20425e236285124eaebad,452232853.5710107
05926b977b5df59857194ec1,506174864.8600939
f548ef815603ec44f4629a60,1003747219.8931247
6cd147720319f60ed2599361,705476497.8933063
6302477fe8172d08f3b4815f,428769906.31403136
b0af9b1e84a1886489d46b91,460112577.4060071
5f3a2a31f6d1838e0a9531fd,552883228.9213746
96786aff35713dc21f6bfe5f,550359030.0631578
68de232e27aa83405b4a19b9,1046236588.0457617
8d252e9b0912f09703110b81,428153339.3748745
f4e646df504728ee1e6ad0d8,396800133.1897007
e89cf4cc82c5283f3db6f5f6,370032696.7998615
1bc2c099466f9a989266be0d,402074298.385027
bef2008b362c4af1fc3be566,432587055.0396269
7988f76ba063d25a4f467730,625879367.9441487
391a98a344e894c6397d62f3,501667072.3259513
5ab0b8b0d6d93c4654b5cc14,760966476.3366697
305d6abea2f3e496e3b6fcf4,527967506.3240233
f512fde4fa3f1f7fe885de83,663359462.8383187
c7b6e7a287602275f7854ef0,597437263.4540505
3d11a16b008c26fe43deca03,543454650.4449427
ac7f21d22d013874c362d440,632626584.1078188
c933750eeb53302db0245782,610726712.2669646
766a8ff17723a5c34324576b,449582168.6916445
802fe3175a2059f12d7edb99,402476077.25451523
508bfd077c80b6cdfc5a10e1,744087230.9689705
ddf8733adb641e15837bd728,432093640.67672807
17914fbe0c3634dae8ce9d71,487552663.2013686
09e4397bf9794fe24d87d07c,716048271.3151166
302918a3460b98acb64fafdd,522910970.2602601
a7e57a8be8fc8d8a844cf9f0,517158145.1978529
7b50b071f4d795c9b5ad7531,483571850.99615943
91a7bcd95c0c960e4cc22d91,422180061.2401145
5d4a23137173c0e2288ec418,446523264.5592928
751ba0c00d4fae1078c02fb9,622160593.1920223
e6bc998ad1d87c5be3559ab1,693530420.1089833
53aa9cd32e2a6aa346d3d789,693530420.1089833
06f22f7a8e4e78f45ae81638,559382015.1947829
2105c17a4e2f97183e24aa4b,728326435.2874882
ec13a869c212c39b6ba21b57,582317877.7562494
0b49dedfb53ec812962e31e7,748577947.8483902
69e6fbd4d3816c4cc37b265a,866767668.5700004
ad46f8bd482500f3bb935737,562295450.6884933
368f7a70a62962bf31ec9583,1039675515.3824725
07412230b931192771072334,539171946.7885078
e63d334d9ae8b672dc7b7d5c,1039675515.3824725
3e1c2c5b0831edf78f7b7082,539171946.7885078
226277c02e8532922a1c769d,894577269.8565248
7902ada9116a1cf7458933cc,865804313.9793215
b21f6e217d6733230a8eb7b7,514001046.67540497
09ac622c303bce9ad5514442,377506260.65809786
ea63bca8e3a77fe88d88fafc,455891698.1685601
a3c7c54fa12d5b57dd997210,465970279.92056775
cdadb2607807935a0a5597e1,625773282.1432475
8d041784b65d33c76e5245a4,756184849.7181228
e6807209b634455bad257998,559913279.567922
b1e3f1efb232cb0976506cc2,951847077.8017764
dea95d98e8bff87b905f9172,948934848.3203738
44b6382d9195ceb3f12d4939,951033361.4953108
41f33deb9990562def18c917,872916498.6031919
0a61250b2c208d42a3077bde,707275572.7131218
c714b30713eb7877ed3cd92a,346538081.05167687
bf120b883bfaf7641eda65a9,793729911.5402652
90b34ed38e0f18988f11d77c,732448379.7213964
feade1f4b3b06fdc12ec213f,783472892.1463711
00bff9be2d524083e3b3149d,635468567.6613944
f1e38e53ddb8a9d5b641d934,831768041.6108766
49dbaf0bcca86f32f86e641e,590926860.6777625
18539b6cb6884f753e0ac18f,586562467.6356623
7586a79a0151387a1c0cd85a,734026135.3583732
d533a334c2ad9d510865fe54,673624242.5099804
95f7bbdcfb59b4cdb41b0394,666297462.0799313
4a2ae08359e1ecd39b43afbc,598985548.5839328
e8cf39cada5b7755f60306d1,668972076.4927465
0489a476b376f7f6efbc193b,415175113.35465467
7b31b5e53015f8116fedb0c6,607898383.0105172
4c0892a39011cc6a37fc1145,439424402.0427027
92d7d4fa9fd09075bec14a3c,684956412.2831014
5e5ea93675900efebecaa19a,428616362.37605345
084de1226de9a6f4a6075c2d,602234775.6111232
54f16cb9563346e15b019102,339269209.4491373
512a6de80962ab797ed2bf72,693540087.0252627
871befe27fa79fc1e1813b19,920940463.1460651
4e0b1df5e05ac505c701f519,477824114.37884605
37227e66adec69299f853e51,489281167.2313592
0a0e3ee960f60d04ffd6bc0a,611410851.2900217
82b15a5da307865c7045dd56,599065123.0593671
44d596fa36e3992208292ade,494961857.22038996
3569024b3ae4865240973e6d,595299123.2714627
31d3215c8345d48ce9734c65,444228435.85272336
147e7f5381d3c951fc446376,457523222.5968493
77deea164a3a622df41249f5,404199965.9906905
3cdee5304896e4cb9604ebe3,493377432.30571204
f5418917530b72c9fea14f66,610186624.6226995
ffcbce226963f10da8c53fd7,610963757.519845
2fffe55a1584619bd7c489f6,406095478.4244102
3920eb3f72b96fcb58ef778a,370105839.7670591
d10bdbfbd411ae625dc80611,466676869.4684221
d61ac80c0d4737c3529f4a2e,389855025.119571
f8948886cb4cb018eca25d19,457214514.4267131
da5bf7f1c7b2f4ad670e2382,409230018.58458424
f406c9c3c92e9b31310a50ec,564124494.3867054
171b560236ce760573a990fb,944246060.8128864
4d852bd93332172bfb081aff,944246060.8128864
2e1f7569d134a931098a2ede,927279219.5960652
6d8d2ba62c52445d78f687ed,476459631.0003693
65ae1a893abdc2eaa63d9271,996917128.7430304
c9c51c39725d7df94822fb20,440506681.4300432
56ddb54e50deaf650a25e82c,529260241.2956183
aeb330dede55fb66654901fa,1067823598.1244818
4f4e3350c429c6afc0bb0094,633822103.2371207
39377d0d271da03ad85c7bd1,573943595.5380105
bda2fcbba2b412981e708054,898918461.5071696
eb89d0b7914010148e6bb597,616685541.6874763
513d0ddf1ce44ca671675fe1,628627617.2420863
14cd5f188cf6d2433240b5cd,533979726.5291333
dbbe0b6f5eb07a5f9ec873a2,488658770.35675895
f9acdd3fa50068bc0180d008,453593951.1362122
4a85c36fb854e922936b57fa,352611791.04588807
937876bdc44c3b8fe063a9aa,440506681.4300432
001399d3861c5792ccb8b515,954449879.6331744
f28514aa4d6ffa36104411c7,524889856.5388467
3b185e3e31f7f5e6a1b3193c,630204359.1375082
f4c7cc4a249ae7037aa0b35e,684685988.782188
b74a02ef5cc838952bb9afd4,621033865.8808278
75f5aff9fa70208ddd843779,716778262.5197247
b7273cac93fb7a0034039600,1053925213.2772238
b73bcc0cbfa173c9fa404369,835511358.1343318
3c4c18326318a7207b589dbd,394368822.97235656
29a230f7dde5753e65b661dd,577931914.6293561
c083a5c64c4d6952accd7bdc,684425287.9088063
1cf29f882ee8b458b8f27091,674621698.9943686
94c15574aacdc5c3cf5a406b,413878124.66278815
661f7eaf134a5b142843368c,531971869.79083526
14a5bf235097782f468fbf23,338074736.8264978
d2d46c70dc048c92c8e4f09e,719718937.7839131
f6faf74c3f4e02a6b333b7af,659101903.911232
6dfa362ff7a0d55693793db3,808471752.4538274
b070e3747bcf22ed67509efc,577109923.9010335
7333f19416625d6f4244fe02,590253296.9110613
3c86651d9bbfbb335f15b544,456198292.06184375
9d8affa93ce4dc7c1a21b3a3,631208208.9094362
eb8cc67810d95d1b102410b7,663840242.0030848
047f94605add5f6f84fc3f90,648763803.6150986
56ba332c82c36f07ba6bd271,834053697.7177671
5814a1dd61362ded4f1d8d8d,1288588654.755054
141ac7bbe9637f9e5142135c,901042267.8510616
08db0ce5cd15db2404ff3d28,527243611.2900931
c38677ed0876b7996f596336,343437210.55393064
daa4d7da8d7df8efc1adc9d1,411182715.88072455
f15c6403c6d4e3676a607780,444417792.85867804
4d0cf77f8cfcada2265ac585,416501773.9884399
4caab3951bd6cb6dc71ac8a0,537282113.0887383
7cb64b94877a9361f20027cd,487448615.61025184
3f438d6202cfd4527bd8f983,494034923.4086865
b7763beef728bc2021ebb841,435373913.560241
4cea8ea969dcc433fcb59d96,591756181.2078222
24fadbd1dec637edb728baa3,536685330.88273287
63cf422266e7c39a6c895b3e,647398199.114033
dbaa5d47ff63125584bf7ac0,579782875.8999444
da12ac932dd8a2fabade4bdd,649274853.7286828
f35538e95b4a567f9b834034,568786648.4705414
6ee1e976768b68cbc8008950,424333272.69971156
a910019b3d18da92b4c6862f,575149084.4537573
a09413ca0b723170c26652a3,625965575.625089
2b451da55be3683c33e4de31,568786648.4705414
561840990333852ace562b82,482578509.74436826
b6695af1ce28eb50d7a2c25d,901696694.3250749
9327563b40f2a0f888c68f28,1037686207.697916
3438e5d77044f21743e56edc,733345205.3395383
63cde4fad1be942dc5ee695d,436302071.4746853
8e712705b7de6e791c8735de,415129721.5878981
85de01c0aa787152c77c6180,434567870.348454
c9b0673becdedeede0209697,395140705.7460829
15ee6357e02b76367682d6bd,1124025393.1200266
5f284a75ec8e9c72abc76695,865605412.0596564
37e696957da15625da71146e,636740720.5667
96a478c359fea0014fde607d,750102161.9429954
1a61721fb7306d55dd77b6ba,750102161.9429954
a7577260fa10bf408f1997d8,661408861.2544855
b3f8ffa761119a5441a44ad4,888109447.9037632
a5c85b445f503a56e0e2a924,979014736.3843963
5aac1a1d5da10b76ba4b690c,746567447.3269459
1420543e2eb5f38e4d38ba81,1288437594.0625966
a530e3ff6d7bc1abe333245d,488770104.1261007
aa9988248c7dedb016d8b6ae,487558217.3767904
fe8ab5495cae81b5478026a4,493283685.02060777
b463c62e3c21e339e7acb52f,614130676.4097356
00a5133e7373eae3f0be8f2e,430906195.05268395
38b424cb0e54f0f7f2745781,614130676.4097356
c43530f324a3ac90f53a8849,533908496.9658492
abf93b2418fcdac14293c9a7,523681217.9183332
9b1be976725ddd512cd222a8,625013946.5731351
9b7f17ddae12105d47fad7eb,544187150.8179495
3caab5e89722761d5ab2498a,434949839.81013864
a2f40c8227b466249d6cb659,912738696.0973082
e6a5007ffb7c1321d4fc21a8,434672736.9218829
0d50b435188b7830a6949026,543751605.8304281
d4bee60a74c2e2235f507ec0,535834373.53069115
b474103c4b637ca25b5d89e8,637419707.5128945
ce6ddb82d2ece3b8d58fcc63,703993730.6058221
28403f16831effcb75471738,373886849.36097753
03f518e2e5861002772345fd,345533673.0654335
011a6d0f12ba108ef15076b4,373886849.36097753
93ac0b004ca60ea56cc2bb9f,424292245.18008745
1b70fbd3e46da8c47c3eed61,564340575.8397248
cb40d6ea6a1eab77a60c1ba3,602914532.9338676
87c73db5d50e8ec3a22e6ccc,606335281.9208015
9aea45bade274e4ed91ec301,528995961.4779373
43c22bfa9a14df7b0126c12e,528972277.1588676
6d848e54ee68e6d8f23b3b1a,490903624.39657396
e5cd7a2aed48057b0dc8d970,474272107.9486798
bc4b94c892fea57ebae3eeb6,530759900.03146654
e7bb12e99318573a6e6ce1cf,735293958.8000805
4b52ebb0f0a8878def4170c9,504573688.79847354
3e85b447edd3b23b5a0d3b79,699960282.3847111
15005fe7eb24aa25b9e3cee7,524033079.9611019
22e00f8057294350ddf4d42a,746679493.4034793
ddf2583bd65f02abf7ce3280,780135075.1449085
704e5657734af93d19a0e5fa,795693513.7419362
cc1a11362066152d21d4cc60,706064161.7416738
12062de068acd322b610fcf1,479775275.3133003
e9804af0513b2f68daf182b3,450068898.8365051
f13d8f4b2e3114d71e5ed941,633817775.2980329
11bccaef3431fc17953eb81c,623004923.048719
ef2b9c11f884cc5f31c26f60,1112593747.1875472
25986c851e13c92ede6c6d6b,859416478.095835
37e28ed39a51956880d211af,965869639.5077432
9530217ea0b5d2395adfcc9d,989009102.114283
d8607e3261ef1546eb0c30f0,651401760.1932937
22a025ad47ba22ea9fd1a094,683941778.512436
1c88ddc21f3e8e4ca633621d,369021360.89309037
e45ba581daff88707ad842a9,369444083.1888361
d7e97cc158c6c54b02fe635c,503622876.18369204
04bb7cdebb8b66e783058248,533011212.7830492
d60cf6dcb7b4b40077536604,916306322.4464413
85ceb648cee9f6f3d221254c,605293579.9924029
f58528d3ddce3bc6c71bfce9,802255550.3986456
c269765ece36cd93058efab9,721874349.5713123
919bdfeb16dd0bf67787d53e,403612386.9403954
ed8eacb8746dbcc3c2ef3aa9,424528269.2628103
15ec532ec6fb73074b9b12c9,442992774.02869385
58a724e8a0e05140b07539b6,832107710.4645998
2b7a5be93795a65d29970b02,985777738.3943311
6dde9af12b6597425160a47a,901313817.1442114
f0ec99c13c61e89310ca9b8a,475464042.3028569
65c83da72c07b8e74bf581f5,543205208.5035077
3ecdb7a7d178b48361340ea9,582480020.9353067
af22669e3ed10470623fd8eb,630854746.4762905
748c981380925e1247b9e64e,560956273.407838
78ab6cb1f62a7e781d4c4d0a,385713494.7054897
e80ba06329760362c7685ca5,502435799.36481297
3cecc0cc43ef46670a8e69bd,495991889.41466576
527e4b1b06637b5362c8f17d,549111415.2581445
cf9eb2cd0f20b13cc8816bbc,325483956.8884287
4b3a6baf8196a59bac8c08c0,826737097.422669
9bb9864a6bcff25b17477717,472108675.5603637
4f7d630c921cff500705ee5a,511989131.0382343
7b7c0544ece4aa383fd5b4ce,617299356.4253669
191094739043620c72aad2a0,652685044.2689924
a20435d582c7646db231e7d2,586291718.2126458
1555743ec7e2f38904852860,552312260.9454234
1c7452cfc46652a60b7a4f05,818108604.741274
97439d5a82f970e7f50d51b9,917184297.1813502
7667cd57d0bec809417c9b11,746186686.4852957
103f6eaf04b44c4013acf097,904042823.3092753
e6ef433629e193042bd30f4d,924513762.9216721
2ee7f959d069c9ca223115cc,928343933.1112146
b46625b69fba1afc154471e0,860836921.8706322
5cc0700421954934cd8dc445,766063209.6790521
066f1b68f7c053a196662fe0,457976723.9300343
645e1c7b799a489887086a1d,520294069.4675109
f426c41d6d8bc99f359f480c,508808905.6023231
d1be4eae680cb16d0c842606,1003747219.8931247
57a5f4f83a474ae156f207ee,643026536.2589705
53eab0ecc3ff098d55666699,1002043806.2284319
54022fa49ecd9cf290aefc89,582324638.261099
545db4962e6294cc5ed07727,625013946.5731351
8e17bc9f09099ba3138c232a,660181750.3974974
3b4b303bbeece313f92cb85e,694672666.3014284
d0119d7bb15452c473ed28ba,561887733.3129492
1a36f98c62f5126c8064314c,562192436.6843215
96a77e8e42d676b0da3fa572,597494867.4279168
d7d6f668e3e40d957163276f,586396350.1177409
5b908b8abd8dd0862440c172,524445436.0988868
81716dd4aedf72a6a14392e4,457977627.3754835
47d252717c4bcae3e1ff19e4,666092326.3401372
4f0b2f7e4d787a108a4d2537,567786068.6650499
90a43053efa1d292af692a87,608653933.2190913
c3df4b9fdaa4dcb13723b5f1,718531871.9927579
4b905620f76873355d317dc1,768670212.8774202
ea16314310144a10c81da9c7,630545860.0212893
0e5db1a36a521a5d2912b238,435304285.4243404
c53c58dd7b26902f67c3becd,402680421.1411697
6c17875f20f58b1fb211c18f,562295450.6884933
200020552855ed39d1af999a,565592677.4519783
b44b862cbd855d46954eca5c,554448462.5333244
ce47299ee877638c4729f60a,448944545.3415252
3a28bf9841e6a9d3f1bc293a,509102667.6982056
3a488b9e24d9b8fc7c222e20,363085049.51284987
5469c33200ffa87952b356d0,487687278.5348156
b57174dd86ed451448dc501b,363480170.2682993
ebe09efa32acf6d680341840,444646706.8213224
33f7d5aa494288cc90d60456,685625324.403713
de9a32ec454c2696cf75eb0d,402476077.25451523
df4400c44a166c851ff46eab,612497549.9579105
5dcc8f6a6854a864dcd27a87,492156027.3567309
bc08ce9f24533cd644ef08b8,500013484.05339885
2935cc0e053bf558a8b73054,492156027.3567309
f08001f2590d7b734467c58b,436963332.30068266
5a9892659590355b91442979,523640714.77284586
ea34dfefac91681864c2bfe1,734870063.0633657
ee3b5d47d05a80c07751f7a1,598886712.9455141
448ad01af4c5cfba3feeab26,598886712.9455141
bcf43ae0b4b15ae168abca97,630667319.2671207
8ccd326e4f515bf7e817a14a,645638488.1513753
94535dcf38c9c6461a73db02,463654029.5288292
9b3557302e940d4da341cdab,635512213.003555
edf8c961862a4ff8e1e44f1a,727778674.3816087
6e508fb72f189a4fa91bde58,618435080.0845262
7d0a4771afb00cf9a38ccb81,1316016776.1798506
8c32b6b31d1a1d5736c4df61,824359712.862226
da782fc0c8a79e3e250f0f67,544215415.1301011
c86e643b7f7b57b4482020ef,515500703.01619434
4632f1e8fc93e268ddeba07b,570397008.7361114
2cd372392fda500e6526695b,614475255.2750009
a05ef49ad8b2d6c466ac7412,653240376.844055
9f50ed2b7e40847ffd877f4b,642384040.8154272
c00083aa30ba7d953361674f,757433770.2239817
50857161c59b991304f5c55c,769801450.1709474
3676f63aa0ab23ca7cd344b7,382876814.74760896
3710ec95af4702c45f165279,566258118.3381261
16db516a238934a730ced1e8,632561177.3263447
d450dd622183c7cc43a20d70,440506681.4300432
ba84fbef80c8a82895ec599d,998137018.8463454
ee85a12b8f764bc15164dc7a,586832331.3806846
0038a3b703f4ec779bbcfe6b,562295450.6884933
aa643acab634ee591a2a43ce,535899069.69071287
d6438814f4ff3853bf6cdb13,744643791.64259
a37522af63bbed2f4d10900e,1328720081.137613
0b715ccd3b3e01444b855857,354395113.2459533
fbdb9caee4455e99259cf921,419040017.99296886
b3c02569b8fb721934f51c52,343083289.97742385
c07e2ef0bed4be12e41c783e,446043751.2590348
1b4e4016cb766bfadea42f73,453792600.7059178
ecf4e968c925cf8322f8a0bd,395994445.66793084
6cc0e6bfd30ed93fca2bb217,440909830.7375807
3e7f514983daa92e49a7c87a,381343117.96451753
97a22807207cdfb341d5c50c,508632345.3296573
3f9e95762d2f2056e9716039,520702702.7303932
255c5b92d71a00c3a73b9aa8,453808790.7224213
58d24ab99d74ae4c449c90ba,663268165.0783557
51d1df6e1f28c40dc9074b74,1036869396.4765124
16261339c3a99635717fcda8,792886797.3525754
1475cdbbac4aa486266e439f,765302285.4311465
2a9974fe07b1e4427e386e06,539167855.2650194
cf76689ebaa20c70d9db4d51,599118501.4557337
f9379319f992cbadc43b9189,672474269.2387533
62313cfe4272d263173e1ea9,795253867.5478647
b2c62bb0cf8d210dc4635653,859416478.095835
5d2fd288d33283826210cb90,989009102.114283
3454ab4ad567d2d22d990fec,553356526.9074218
58be66aeab226c35330d57d5,657814169.6395273
315ea6fbd6b3261cae7fb900,529237145.9195969
6930d8e260fafaa5c317dc82,394874184.70569265
0fa99fd0e8cebb71a3bb0871,423617723.3225552
fba946e4ceea37176170835b,394874184.70569265
b53d4d8d0bd4a0ae84fbc22e,402145209.71564394
8bb1a2ecc997779d1addf12c,346276011.2955296
6dd97377cbc262b07ea2eb99,367734328.20652467
5c50853824c890a5a7f0cd70,427122793.4117976
4c3865a97f5877090e7a9649,469162975.2501565
a3cb2a035f98276076f2d848,449323346.57727545
40d04ff9c405cccfc82ed5a5,508947264.6615576
22caf82aae904c79057fcb3b,441148284.32116854
eaf87358d89af17c3e004c21,407656442.00247455
9ab5ef2c5650c4bd05248990,437947210.0187078
d96e3063ce77ab1235e2ba26,495717816.7513557
665d62a8019b27bf5ce6e6b4,469594402.95255965
56234f11aae98489ae00a8d3,449300720.5081721
76a5158e1a5c1f9fae8ee882,456848452.6165813
d974970034de145d469d09c5,373814045.7694415
7b5db1e4f4f47b4bf7c827ee,431185577.51885223
73ff6ce99ba5dd8cfab0faed,369117482.81388736
e1cecc8f17883ba6e2723826,524744501.4783992
857870b1412b84f0f19ed751,432002685.9502446
d89dff35fa1944191aa9ed98,501845557.28364366
86b89233e0176e034ae3cb7b,515697883.7063151
dd3d529f3745159d9e7746b2,489444096.7063866
af10ec1529a63d0bc10b056d,541327659.4224367
a2645174e4e15c49331f576a,609069450.3309413
311dcf366691c44243b7b89c,569596391.352484
4cbc74a93e33f7b4812e1a7c,537062164.7784945
6e0140e1d667cecd155c6e23,516758265.99469453
dba6308e2358f30b7ec33f59,546075087.9060628
761ba98d35074faee3594dbc,678287568.2040799
b961220d34be930fada80887,571396340.396741
c9c3973bb37b5c688a7c0157,564323468.3991628
79a0bffec81b17d606a606f5,609069450.3309413
135f6f92c4ec95847e8840eb,584814873.2814572
05858b1e4445f56f22e1f4bb,546200207.3287141
623b7d96c0fa09e50148aa7b,542717324.5682844
e61e5d3288f02b904d3b1e38,642351238.8272198
0d173e7afc8f8babbef6ae97,660181750.3974974
7635a792e5002ab99ceef583,546410021.4834656
4da93e7126354a474d435a4a,523830123.22753716
a4c71322f79dbbbedab3191a,642351238.8272198
57ef53ecf8b709ddc05aceec,590430871.9135761
65c3e09ee6f1ef0500ca4316,901054345.7774731
74d0b6e87c2045f95fd493c4,920376346.8642175
4a3d0390e005fa5b4c9403f4,935218310.2518246
a3aac701ae444b6d91b7bb0f,1003638185.356989
4afa3a1b63c076123e7a5279,835155440.0463388
c97adfa6f5ad3e3db6b80edd,889585411.7575654
58cdc29143b85386c76bedbd,871197302.4470332
1f81176d8a0c61a7177c6c2b,890072648.9555457
1c2e69465c75fb3af2d57351,871197302.4470332
7a10ffd970cc822108ce7cf0,1003747219.8931247
3bfccc757ef82ff2774f2db9,1050374451.2784268
3c753ecb3a4f8ce43077a6c1,1050374451.2784268
100e9e2623cb0fc52fb08813,990276579.3563466
90a269d52e47c1705f9b6cf0,974892451.2375816
34f4df9fce2ec05633d0cbd1,664279255.5340128
1e4fd826fc8693b17f6efc3b,1106989940.924699
efd9d848677015f13688453b,421228921.4545998
07cd866c871333283ecb2d23,629398838.8190684
76a307d6b36b8a51115e91b2,500763251.91416836
080969c751cb94822aeeb755,318445992.9882452
1e37fb708b70b6b5e8fb5cd2,469893876.1317732
4e47d2c8ccf9929ad9c84544,399706040.97475857
3c877a0fbe08cda958ff8f46,587700260.0052952
ae59a0d6441697841d86cfcb,482845225.8665044
2fdb80ee4f9a35663e92b3b2,472815298.17323846
3a513410a390c75fc14b0b3b,437074910.0067247
0616401503f2ebc05af7ce4f,383952769.40625054
98b973c8597d5805f87dd074,566606018.3699377
7063abb555d919d5300af3aa,893672979.4553633
88c4b21ecffe12cb6c408a6c,608687501.6379741
75a4421cced1111492d00298,371725654.1727036
0482cd89d767b3b7de976c3a,390807646.3418274
bda9e5d8048acbbe5a9d49ea,373193213.9786175
2152ed6b2b2eaf16ec272cb6,383252954.9813605
9bf2e0c1bc82010e92da2540,685913224.3142724
110af3c21ecdf156898c7c0d,1140603586.228566
2790ead3eba9370f00024472,597961298.5094293
9b06c7cebd33cd26cd6cc089,1302345111.309883
fbb89795386c14f5088fccdc,865324493.639282
e8a3d9d6134ae8d631791e52,1177145858.1442676
5c535b7d92e34c0fe4b66891,907054250.2235544
d88544e4e85add30aa795ce6,354545349.0422847
01b78983d268b52137e5ac1b,426458874.52233106
25414034e50ca33fcdcda4cf,507977351.9057108
2212e0125cb7f75390020951,612403490.250983
a4d5ea1b907e98be72b5c49b,446622535.74004585
2df90c0a3e2b9138fe276a75,887766443.4253514
c520b7e8de3796450ce49a30,344489669.50053465
35114fa32397272437e67a54,420961687.2997346
bb5726ac16b4ade709151159,442304569.35822386
b4dc6733589bb35444b74c55,975202955.4218463
3b0b0bb06d95c5ea1aed2d95,546913030.029486
fb7bd85c05cd74d945d22de0,447960592.61331
6396667677a878ff61e1b536,471959610.4286985
47b5804ba1a998c3e7544092,787374395.3043765
ad4d91ed26c1fd5702b94064,699122258.4168586
2b802261b8bd839aa0b04b16,920619118.5405024
0bf9fe130da23aea7142bb7a,795808891.2539765
90511f2411d4a37a7224b995,668171252.5107133
1355fdce5b97bb36da15734e,1110836166.2681203
775a6affce535c5a19ea5f30,570565932.3454001
e36d70d72c2758d7fef242df,453505260.7290134
2fde05df6a3aa9f57385e6a7,433536751.70292926
5e0100ae728e347eedce5b14,1003747219.8931247
a636ffa140f80412f003734d,561887733.3129492
74746d24b9bd86e23338bcd9,643026536.2589705
99c539fecb3bc233288ff905,514612791.6865586
44760087930212643641eeb4,935644744.7612597
2c5d940b5ef2276f1fac1ca5,520294069.4675109
b26f22f1fd5a991ecd1e07f8,451887056.9584353
1ffafa78622c45ea4127ce82,668171252.5107133
32a555016892e7a74d231545,597494867.4279168
8d06037db08d0754bb67da4f,457976723.9300343
80255211d99c72e343b32798,1281997913.0333643
070062cd1c769f3be9255af1,935644744.7612597
0451f65828e628c2220df77f,694672666.3014284
d96f6225db81dbf3d1a0e9bd,412924863.66680014
b1527eec2e6709dc51e03f9e,556430229.2726407
5464fe43eded098294d634ba,668171252.5107133
ea37ad89fbe4159940586718,402359725.4556263
4057a676e7012fd37af9c3b1,365849613.69627035
51273a81121232e7f30cfd1e,335583355.594469
3cfd9ba5c6993718c0c532ff,432182792.42025787
8567e677b30c410df80004c9,549332993.5713412
7a34bcd9f86f5036b526c3f4,512629412.2475271
3dda25226646e1e91f4c948d,512629412.2475271
a2529027db6b525e365e7be0,430298891.7176553
c6115d5e908e04e67915a581,689703687.5815067
8d0ae601094562744c8dba4f,448098308.0012478
55209683056fe2f9faef7fc8,500254079.83255726
e840095310907e82a159d683,512629412.2475271
278fcdbf16e3064ba42c6785,542172258.7006706
74af10afa02e7724eeeef108,611940124.8631339
b763f71e8a5bdeecf0f3f0e5,364861987.5389522
5472d536d1b6b731537bb67e,366643307.3176759
995ba6d1fd63d5160fb18e71,815673439.3325566
f424ca724e7df1c37ed78aa9,765031473.8094655
c2aa451b62293042b7244fff,595785970.7202622
d4ca9506161d3f4bb3ca57fa,350194626.59906524
799862427c1f335eadedf4e8,418469322.0937236
1f3b3bd08063993c23586c93,443095517.4606124
817422f4c278ff27a22b05d7,521362564.4482208
db9798a3f9ac287754f3ae01,685684564.6979207
7ead45d1f505649429904307,736128912.1564289
ac7ab254166442188c6c5c25,815002362.2344307
67250a8950aebdbc67f7fbfa,860940920.3073783
641f4319c315cbb74872b8ac,348929550.2808254
710b0541a025b1b6a5a80c41,339463059.24428606
a10f459124248ef30f290cad,562431968.5032324
1aac53220223d0d823e70d0f,368294658.6036111
9d0ae0c4dc11d8c6d94e545e,599079899.1836118
be685d2954b8c7337ec94942,396700953.7428042
e43151473292e4e98f121f63,648050793.8102005
e04fab3d74d14be3b8dd2c8c,469151953.0537988
c77509a6eb6665bb8eb07d95,604481252.9539856
9753470e033b35407a2eca2d,488279297.23992294
825f57ad0527d4abf41cffc9,730721032.7613748
0d8074979d302868c2534262,990821326.4225363
15a3e60c7a5d55243057d7df,462639095.5877756
6de06f867a28393a9e95c7d4,363085049.51284987
4d418d0079828e244dbaff5a,570937688.8567114
2de93fc191360ae22b0402dd,528018928.72961515
86792949f2e6a347208cbffd,465494897.8657764
6d8a0768adedcc1070d28390,526324363.5366881
459963742bbaadbd9db97723,672350601.8947093
235b10cad7233d579a966948,407507965.4140656
4443407341bec8b7b0af40b4,890496853.6529394
d7047492f4c53a0cdbde60e5,949611621.1020215
5541cbe23acd6ffd4aa0d939,562295450.6884933
1d0853f825cc0aec6f5544cb,529816215.7331279
f016623361c6ccc5163e79d5,898108370.7176658
d280fed64d1c23ac9d79ce20,619165094.3659468
7e86f11cd63ff6c8a3c12fe2,806098760.7808986
9d7f161ee660b1bcb54574b1,908354065.4104174
a0722c5527c6d3cd5cac9477,1027093646.9374889
278a2cd98528eb1341a6b685,511812420.69459474
b755f88ff3907bbe2a417e07,760360260.2107168
2bb55b0a92d62454867bb158,890306213.5216135
960c9349b6ef9b747ebe5829,977272357.1903986
2c8352c418097f82a50d9bbf,1099708532.2661865
47d7ba800f164f397fcafa9d,586507215.8916947
610061a0e67aea7d222f08cf,1075274985.831396
a33de2559b5f56d1b3cfce08,380420797.634539
f020fef57e9069e4dea2d71f,1384514743.872459
883f095dd3f7e972d7dd3c2b,634006805.5616679
b0b784bfe2d3c1b3b1320613,638108348.3305571
1ea66dd4a72d93f5967be730,382963576.57243073
90b04117887941ac898a67a8,362734979.5522677
022357a3d48ea87d58ffb46e,424282380.2433296
292224fa68b0303a90063801,448860569.2998452
6cf924390dd3ed4454403887,373312892.984753
555a293dbc104e00f182fe34,440429847.7407919
e13ef02a57d35f71a4fe6121,449206723.5727007
c82929467d22589ec62c0475,432983656.00964344
18a74c9a49ad381aee5e02de,489488502.6549465
da40d46cb91d9e59fe12e6ba,375458520.69672287
6320f26d77fcd56675db6b97,515586170.34461486
3307731f3bc518012912f1b3,452764159.3041613
ba94572d1e050bb92522f112,446232508.0518181
6e0d6bcb01e99fc4959d3f7f,418324026.92793804
dc3cbbb2fa00043d02958219,619421703.2953641
495aa774f4db66db6df30e93,450185132.0825083
6ba298925ffad32daae55385,421268439.65113795
8df5099d856c7f9de43990ab,427709195.1551291
93c5c5d9d1e99824178be9ff,439612241.9587035
ffbce3ccf241890ec95104e4,373312892.984753
2c03c38782e365e68b32d6bf,413177270.57482064
7734421098413f27fae86fef,455781590.67685956
2b50969f1faab80655bb9104,442184228.5075393
025a98586386211b1519f9be,435870286.83113813
6013b8c04f7b9fbc74ef1ec4,450168649.4550737
11075db1cf9899c8640e1b90,469723031.39220273
61ba09084039a467410aeadb,427092045.93288386
eb2880c2433c4b2500fd40ef,555933012.7676508
f7f8607535159c82dbfc6c14,452096907.4569464
35c7a7c0ace36f4b95423c4c,513105747.7640787
c71123c31d02408cdaa74daa,442992774.02869385
dd8aa138623604829d56ac2c,418324026.92793804
cb94eee5ecfc75d0fd5ba6e5,432820640.7169638
ae6bfb4eb4770f2266e3b961,447801164.2255781
573ea1962372999346590c0f,733261730.0809801
9f7204b4bb3ffb8591e3164d,705925023.9936353
a4410bebf9843297fe32d63c,547237492.642072
2afd9dd680803e3c12d5242b,706877983.4359237
a7618c242fd918ed894304b5,514237933.73959565
5ebc5cc2c1488f681cd119f2,732735606.7584282
cd53a991573ecb5c53f47986,520488559.89541346
75ecbc0c0e8e76bb8d734f60,730337065.6223646
47c2934aaa5934c68dcb9e51,686405349.7812406
386ad1ba1cada9649f3415c0,670230480.7890073
9ca0839c9c294674e86eb691,633346345.4738594
bdbaafd11259af6300321a89,646694171.091077
2e41ceccc918145dbe7de0be,702137629.2602853
11df35a3fbcef34e47747e38,631989525.8172437
b0bcb64f2f2ba69cc712e0ae,498556015.4471588
bce0a4447db2d54d36661011,594899015.2588078
ef7ba10407cd74590ea3fff3,785433084.9129611
a743dc3903eaf3576046ef3d,636365986.7912304
b3d072ebd7908688d908d350,508579727.9306016
a48abdedbe3d132276dbe403,557136100.375529
c6b7e739125907c86a8997d3,797359639.9684821
813d9415d9abca46ad4d92f0,543551416.1567491
c631f8920a2fd1160f6b15cc,840433978.4919769
16194707d4e85fe332411bd4,704089737.0803623
31e241881acaceb02ef915d2,508878628.5626249
a3f1214ea44063ad10956fca,726154905.1184547
ab086fddcb949e3dc0ed9b5d,715789727.2948442
ec4df02b32d90c019125d108,471651945.69252414
09eb808ca3859318d6328db8,631989525.8172437
f520fd12dd3ed32ba78d357b,748656296.3647269
0a2f7379cd1bed7d2d2d5a01,588037869.1278225
30652905d3eacda34ff61a9e,583011234.4456292
0509650d34981639b9c64a22,543551416.1567491
77cd6b199ee485314bc74626,654293173.2045733
10c836c2e566dfe9edcf3d8e,1080002446.1811645
e109ccb29c02c9b35b789c90,1073800798.1387691
2d60a221b478264cab9816f7,836092870.7998201
d34c48ffe935cec3358b2247,854186197.7486509
9cbed1ed72b444c22d8c1614,891146306.6420549
735c3aff4c151dbc32f9a76b,1104088792.8818145
a4b6ceedaf89cff74a292ab5,978408005.8989997
052957f95b6e7b41bc625009,1007095405.1604853
33a61cda27fadacce0d1aa7b,1000902344.2235664
6c3bc8c58ce67b8bb9f5894f,1182022126.0253177
1988513503246248b80c7f17,1080002446.1811645
57c29184563b31f5f752c5c1,902798483.7985678
bc6a7d4ceee8bbff9ac5eda8,1012677926.6497555
f1b7ae24195b4414e6d6a001,902798483.7985678
e7b3ec90b47c9e6009ca8a75,1073800798.1387691
39b62c6fca161b80bc6726c4,1040821854.5435443
55163359d7cd910861059389,964070108.1525295
df35908d6ae2847dfc73cf9f,939524453.4968007
ac822dd448e04e9f8dd1721d,1071315212.4302284
7e86148f53beefced6e0f3e4,587728019.2195519
6eff15cd6372aeaab2e665d8,511080102.07149905
0a1af9bb571b90233856289a,611797289.6667359
b3cc5930a3cb26e35a45e09a,676305096.7599809
0c12f73305bc7d72bdbd9789,622674231.2176992
ac048209de77cae737d60545,428579713.3022271
9239fafbffc066dff0811302,335191674.61470366
8e0ba427ea909cb7943929b0,443216880.6010379
b3c99f30b16fa80cdb4f213c,703824519.7066458
d1dc16c82942902c668a5c9b,556822197.3434896
5cfc9e48ab90da0f4e98a7ae,835224990.74191
9abad9f79352ed42d1a9f099,453699937.4032102
dedeafb60b4a39950e7a984d,453699937.4032102
74cca5cd08c4bbf5d0404d74,556057811.0745336
b6aa1cb0187c4a1715517fca,453699937.4032102
e22bad460ec1bc991f14bfbc,537812134.5700113
594d46a91315527995cbd807,753554318.9895443
2c0b4c8269cbe25a4e85e049,367734328.20652467
1014d3a98e886e1a7358e29f,543939215.3087217
73d6bb3d6ae08921a6117f5d,439010963.95415497
de3b619a7c80549db6ab16af,449066968.64839226
da34d6cd832009e428d2b467,388852036.84084064
104722434c2deed04a901aa0,388852036.84084064
cee66eef685e4764b9553a02,369117482.81388736
58b40969f1b73182cb6d30db,369117482.81388736
964e9c3f87176e761484543e,696086705.3242346
19487167081a9b0dd09d7975,638070153.7083122
7d8e345c9b16d0fd69f848ea,952996306.1856499
7d4ba999100c8e694fd820cf,758412799.2754661
c6b157e7a6ca08d04ec4de4f,465577874.2992745
84ec2d5245cfa146dab05065,705604520.3415856
c844a386941b86a3d4c0312a,377876019.873471
0648aae13097ac649fe714b9,626952166.7063388
34f220a8ee1f24bcc5790364,414875442.5426988
d12eda0ba04f846d73cd7acf,1155854999.3438733
c12904320223ddd043f39c63,382876814.74760896
8bce0097d22b34a804b502bb,466467873.8172807
ec1171cac1eee089be6f427d,477595081.79735684
5d85d77a06d0f0324d15d162,1140603586.228566
0349908483ce628a0a5fc164,819964019.7976418
d74da3bb780515b1273d741c,865324493.639282
64cb8fc8412c9247a5c243ce,1177145858.1442676
3a53919313bd750f2b1af906,1073918259.3856034
91d265ffaa6b407e9747b15b,933633704.0700347
1db1d1b76e09197dd915a8f1,1318555844.8393373
6645a3080e5d10779672d139,709006358.3196756
3ff6e77706eae698f86eec29,659135653.9131416
4670d21fa84e40184f03d5de,379048888.15221924
ee8bad3fdc93f7fb79c9cbd8,779261863.57717
b624f0438025478c9f66fec2,893147544.6108215
37dba4927e327d3a4a0c1d36,507501681.3024261
8d16b1bdea35630a3b09b192,535593605.6192682
d54a4c353cebf18d452be515,366731193.89037514
c402811ade75f5e3dee73ac3,389855025.119571
dd926903e87d691a0f15dba3,604477226.7265506
cb01687abe09df6838e1b224,451155661.5956368
6ad3e1a47d1055b55d14e091,475307617.51198626
b8d50a94e8166e471fd8282b,618555596.8016458
a77d82703468f2f9e8f2ea0e,837872976.5092219
5d2be469f69f31090769efe3,746972088.4199547
c4e8559ee733a551649a5dcf,717418609.2934442
5996fc90f923d6e8527097ae,547819962.8354468
32d5772adbcc785ecbc2c55f,430990734.1787163
5f088237d263c37e78264bba,529299320.94728523
799afa0396b9f268f239db51,338157083.387566
bd23b1463f0936d2ced5fc67,555858212.4200598
8f35a5d800d98481d7a8b6a4,607437219.9267348
371b5ecf08973fc6e6849d14,590972165.1500483
fa70a55dd0e2053a1b566de1,381955766.097102
584364cece0bc4d17f0e7fac,405500682.850793
cd968f8973a267790a38f2f2,448638250.3057711
c46b122728ef4c9ae8be444f,572659293.2634741
4056182cbd8c12cd87ad9e84,367965775.5944579
6ac747618b6ca674e86cd275,472020294.26125443
afb02897c700dbac941ba8b1,508188605.1407828
198cd3f4e9be65b83f01ceea,461700378.60337496
c92bdf97d7f0a9a12c024406,462686808.92527133
e00e5934d1941490834c3145,611512909.7867736
5b139fdb19ff722a846d71f0,861110797.8127443
8b554961129384797391d1ae,833140656.2247719
854e27be18fb8f24fd433eb7,653918990.8181636
241d9f8599ce6cadac1d6609,654751977.8719088
b85b37ae83ef95baa03752f9,942943385.6134015
5b3ba9e56e24e08e1f81e220,456043292.0261629
58c6518f9d2d0526d31e7566,412960628.15059143
38a1e2050dcab9b4c70c5e83,454265422.44080377
da94e4a5fdebe3ae7bb1adcc,547609619.1518011
49fb2771ea6c1e8950cc9a57,648858277.3079215
f2b67c40a560af8729bc6072,436240677.2897097
13fc2dd1cd32d9cfa457a5b1,598421192.085262
b6ebc3b8408793f5058cbb90,506642315.53981835
75ce506dcb994b10497e6816,650362724.3720386
6dbfb281abaa9a6956c080d7,323267630.1649324
af67a68803a18663e4b03eb1,480710712.3200753
a9c212f77a048ddc33ecebba,368020829.69987214
df89fa06e32e90b0b6c2014e,484978282.5969274
f20a7f264a8285a75dacdc1d,954580102.8203865
61a363a73f3c93aa1775c4ff,786726909.5128362
d8c1f7303b205fbaba2890b9,385896422.7432032
70962daad7cd15ee8af564fa,651938441.6056216
087caf4bce7b0a3fe3c47dc6,377859539.51339304
5d2200b04fde91f830478aa4,380305545.80899125
821eabfeef3dcc622fbcbfc4,365831726.763625
3d722d960b860b4bee79ae2f,567973927.5465112
4d3d887d2236c2f897f3bbd4,497777045.4680666
7fcbcd9e274b75a157cf5d5e,581813209.1765258
88ea2d2d7cb6d641df3ad76d,833349689.352098
c06088db17767866b7f4ba7d,1025592755.7591554
e4a9626b1107b9397d0067aa,635093955.0259659
82abb1fb693f34877bf1327e,959499791.3083569
3279efb86571efde18eeebef,331882060.2286556
afca7b219d52b22522abd00c,620956942.2282604
7712f963ee37e91abb7342e7,555245625.7821712
2a2f455525c8e0bd709db91a,818303621.8705093
833ded72a8cc9c0d606a7a74,800224566.8289014
f3bf0be37be6292ba0a8736b,543551416.1567491
c06c8b6425e3a7c2d7481e42,415962276.6062098
27d4f17375f76219b446c092,383368894.9459593
9b7de95ec90da0dc8cff7011,415519835.88402396
8fdc9f203c3de5d486de7ba0,443710796.99559087
ebf2d540aff82f1aadf95f9b,442184228.5075393
51c48d17e774d6cd84f4c355,545229626.2421252
5c1d1ee26cbde5b766cb4ca1,464548806.4893747
2d26b8360f1da9a677670fcd,512956638.6786703
ce1b06502cb0c5d9846cff9a,435458900.1128938
3186cd0a3125adf3b25587aa,597350377.5068015
f839de5370a225ff993f5b2e,686491911.6405432
2900dcf3f944a7fcb33aff36,582019191.3050206
3f54091296f773f5a1bb240b,615730738.3698401
499f6f4997474415f0bd596f,606611270.9161309
110539d2ac34e5180e3fd95b,1045837890.7425253
dccbc668caff517f649cadbb,990493317.1124265
823c9c7abf2d00140766a2bb,1050952463.7587761
94af5eccfe170cbe7d428184,618092804.9363784
dd21457e18f07d7a927c0104,407142278.50318575
5219cb469fff40cd9606bad9,362459629.28584737
5a83bd697db5076016c0671e,458082878.94598746
2a1edfd6cf74573521ed74a1,444012896.8167155
40aad45bb7a980c9c5e1884e,655396834.4330559
a315b497dd8e80464bf0480b,523492112.720256
7095d576a0b963eb340d8fdf,457596456.38391834
9d6288cfead77d622f5f5b95,852306924.4933285
4caf356c110a50c6c94f3eab,674059898.3634262
23101b0002252f3d4b3e1d5e,1010415181.2350266
8d1f7b0cfde7e496e7bfe972,470795237.38020176
28e572584fea1555e2a517ed,658147664.7552226
6666ab486afcbc162fb560c6,879927389.8401027
b0978c973ec3291e950185c1,970345699.7847506
d6cfd3ddca2a59f0b6999d77,463739384.11936486
a77f5c03a98636d90f50e11a,927015922.1850059
e6387696767d20cfa4918ca9,521852959.17367613
1dc0fe5bcea9d08874871326,438509436.48761415
ccdf0abddccb1a670f31c2f2,669513990.6250812
3ba769d65f02217656e0f5b5,621326644.1544368
628b3b56449724e7d945351b,806377658.7892708
b47713520859d58efa95bb06,544201343.6149534
e6c6625db90e519f9dcf1b23,437401167.58146477
3e1a1b2a518d3ca2fe3950b4,448488719.9664785
24849579dc9ba7fef1b24396,537807038.8233966
6103571d9525ded3c09668c6,380403126.2134355
a678e89692df9b14da9f19b2,559672672.1437149
47bed52dee0d311ae0016b08,720271849.1939923
36c0d26b83e575a500a6c30c,508434811.41983646
34447730b60ad12f4775894d,851586585.3622128
aec1778ae3b5e60cac280b79,572462106.8705474
d95f38f5d1293c74ac52e823,851586585.3622128
5dedb7b64b6ad0b514de2bfb,710991782.4466381
60c71a98253b5550d773a529,521852959.17367613
099ee1a7c91105ef46b5e7e8,756950059.0479453
b56533bb19eefcb244e69470,999565806.1397601
62f46b8989bee43db86ff589,374555596.8716006
4d485ae48974213b1594c905,822432967.0406436
c627c6287efaeb6fd9049312,473975424.4913019
976945e68af6a66f6fb0850d,507616157.9785578
93e443a5b3864d52765e6484,1010692724.3613669
6ef9ce7a53ba3bd892e21f1b,504163630.0724415
6f3041147f930cd6cd4fae05,427539615.8534938
3917b95a3d05a5e58c117f68,437383109.3530871
d61ccfd4239026feb484cc93,444350173.24924845
b443781523fa0b5be4ad7739,541232994.3851382
6f0fcd78c473e4e04fd411c8,598345667.2159617
7f134c92e20aa9c6f084edc1,553427753.5443246
75075631f0fd84fb0ff49417,781595947.7947179
eae4243c274735d616c6b9bb,1171204880.3013663
25d233d2779009affadf5e91,425064944.2185572
1990717d8c7aa8e732bb1165,839870979.9597957
71b99de83d83dd970b00f07f,1237817758.9959347
243ab5db6e47f3536d04d312,811588777.2824247
61cb98125f43429f7f93c898,931606444.407223
6ed772640e5a311cbfd17c31,392192133.32523674
d9f0b4c92bdc9476f50638ed,407576709.0296483
796eb5ae3ca5b63c9fbb240a,704065397.6681571
e6f3eee9f5048005f24f0943,690254259.5624763
291ff191bb029742387a72a3,801328582.9803873
829bde7f8716daf76f65ffab,726611206.5915082
110a2f124bad0f9381edce7d,671921067.3716754
76b719681617ff7f28d33df3,587328544.0634836
eaa6d58e226904e9993b3493,622454412.7143625
af3e3a83257eb507b96b2a1f,763132945.1900524
43969367322e86c68b51c2fa,519782704.37122786
50fe589dea73e764b7735938,376569081.8527422
13c9960a03a1c446aa5515cd,480933964.7567041
e7834f52ebad3d3cd00d069b,446435064.59940064
fae37ecd6046e53ea121b1c6,436201740.39202017
8a0d2f8860a90322d6c3b61f,521953983.11951065
008c7a02d158f3b17ee8e015,415363428.6246125
3ea6e8da2cb0bf83872dfd8c,451648059.3423906
9b184e58842bcb14dd42103b,499963952.84854597
43eeb2567c61bfbb059fcd4e,430050236.97063893
ac7f6087e19c2d3502368fac,460120565.2712514
73494d52196ef9838b1be34a,687986553.5840833
112d996c4c0662bd13af3ea0,557136100.375529
8c3a02c9ca043cf0f322ba84,726985282.2456033
a757ba01a02acbdee50462b6,557136100.375529
64e3401f22d18b573ff0504a,646694171.091077
acd7394afcee30e084844c63,668814867.1013829
35255f80583ffbd504250554,664868550.6508619
370a0d0da794efd58cab251d,626998282.7069393
cdb5f8327360c750469cee74,508878628.5626249
dbffe8f46b3d9da2e57c97fc,650495381.2136995
25b1ada57fd1e5c88d939c71,687277747.7465158
05f79195e285c126125d258c,721228017.6160984
62c017eac96743cfbb61e86b,599137620.3664671
3ca7f183cc0b303e5d455309,823745092.5658026
a3dbd504524f980ac5325150,857659540.0870527
5703df84eef7ca9bec5bde45,921413220.3134435
513aa9c91c245ee4be31507c,1072877831.8477356
d41d07d1aa700278cb81ff30,522746563.8686107
207e39d9cc4402edd48864d5,539287566.0904269
7134b03f54b10f282ac34fcd,1013451217.5305024
6d860c215908949c4ba1c536,395139144.23351
f35f884365b1bf6fb303d7b5,392814681.9193697
4f480aae78aa068901ee9468,353950688.9295592
39a12600317b58457f68b5b8,368364655.90120614
5f0c7a6b4f46203648a0bacc,376769576.3939952
d01f6c0b2b338289e9fe3768,391095620.7349949
613ad83abcebf6598f0079ab,613920341.3211285
effc32659ff9bf30faffb3db,613920341.3211285
73fbb3e6b22b957ba6b7557c,579739741.4727536
6c8c5e22025ca4f450a428c3,572022285.9258915
d6e333e793f75c2ab34fb127,468681769.59261537
b82e52830b51e823ac7187fe,489167727.6383646
35ed4187f732a1ea68dce712,580908504.9028652
0c5067ff99e15fcf99792cbf,580908504.9028652
0ad01fb039a198262ec59b72,450360158.8217357
906014f0ee3f3f4f0576d4da,549061777.2886708
13477d8ef90576ca84258984,672652847.7349243
3083a7ab1deb092f7aca6a54,614631826.8541584
a92ae34df90cbf8af7695ed0,543963495.3521658
82d22ca21e31222068e1ecba,740321978.7078596
11727589f7c66554e9114407,709545035.9121829
9982169d6f3e9ca61dacfed5,635223603.489535
2de0ad9bf15232d6056285fe,719455471.6609786
eb6e6060b78676d13d6bda48,641004706.0084502
6f37300b1fefaaf746f53907,594436113.7998008
7698775967b96e3e7bf66e6c,643669071.1008501
863e5cf88a808b8ca96907ff,638227113.4914436
77b5c9a5f534a5b80cc16d09,643560060.0995737
ade0c9cf1f9106e342c69bd1,697720907.6320139
6fb45859693c703fd9c812c8,776846322.2771789
45badd183bb1a4c630174f3a,599639551.5121281
f66bad2cd4b09ac29f540f63,496122537.5413609
fa3017d74586eb4c3b5b7db9,852509335.0518837
f09bb33b65b5ebb8fffc3a21,671326861.8700331
600dc823c42aa64f60fc3ab9,551020274.0155991
c1d9119fa7ae7d44362f18ce,612612446.1234112
a1305fd943ae63715529209e,733457829.5048968
8d81b4681ad0055c274e7da4,724608465.2662734
cbb10e7618b1385cf922e815,623004923.048719
b09111ea69c4be8ae120ddc3,642600113.0866916
099f07f9ec4ff6d835337f86,416116807.5138897
c70f6bd5ca138bacfdf8b5cf,595111569.4249314
a6c86ab7381f6c43fdd61a01,667347709.2672757
58c2b87098ad454b1fadb13a,670011895.2083546
6afff7782d129021eebee968,650105349.6710755
ad92f3ea52673dee0a56902a,644409331.6558603
3e040e87b89a043564f0d0a2,999957029.101096
49d020d2056717c2108b0927,580045466.8011352
a4ca465294c114b1065bfead,1126256423.0677872
ca9520c7b8432b0521b2e8dc,402234210.86106867
4d20f253940a4492b4f6a9f0,346873234.340532
09b61cf8ff3ff09ac892d073,349221243.36197966
86e81141e429bd81d7f0e73d,380278367.10781795
b9826d7a6132b16df1bf58e1,458954978.69624585
a90c60e05e29b77963a11246,436771056.9384369
6e9984a3c3daf63fce5cd3d6,495603303.1978798
a9eafeeab4ba51d3644f4052,441554984.1814553
f74eed3a7dad1bd8d92854d0,626997491.5156828
5b377636fe30946fff973f3d,715267366.6038663
5bf6c1862c0bc967da2cc484,773162689.9099977
cd5111edd2fe80f56db29531,673906900.2147332
c76c4695ed005277a59451f4,689315586.6216602
7dab6cd1002a8521e5825bcc,641292926.5192997
5b57258272dfd1babb29e7fb,736020949.7013382
f68b7dfd0579838324895097,570422788.0527021
812646c7de863919cae5edff,630966640.0310334
0da10eb6093728074b34fb75,659975856.7388142
c64346c8b0ba32a55292e66a,982905760.0531507
ad6317cbcbb8bc27b0774fca,928881675.3102869
9f43c80d2fa31a09592b030b,942069193.0687937
5b84f5de073000ad4d4b1a04,1165875253.0193741
d94d18cbc812d560c1e38ffb,956891947.8724238
ab3110b5dc8ce81471f69c16,956943355.7300587
138a1990291ba31024455eb3,996311681.6699586
646bb3de5a1cfe4bfb7a7ea7,1018175025.258743
d8fde541f142e6a7f0b28099,536888669.1018602
ef61986cca74fe8585b1b287,465605465.6279372
e1d8eacecd35515eb19f9135,1374919934.9733057
8346d64ed6211083fd420ede,448256433.1963723
4340fcb9c80733260565c24b,744950575.7241838
ff5a27ffe7de039e65170f9e,756158293.4366504
ce407c1e25333d7c7eba1b0a,562295450.6884933
f927027bc766ae6c111fb685,324019399.4817804
3f9a3edf25152433969f98e9,512843335.27255076
987476ca395533347581b2df,433294849.6801416
17d0e3208fdf10c77e95bdf4,542943166.4970046
b485036419de03f5bad01f35,517453779.6005564
d3f7847147c88352bd3b9707,731108173.4339528
aabaec5accad3f545f864a3d,568095224.1126215
400a103762ad652e81c8d3c6,927532193.8539492
acf15357c1a919b6ee78f676,950150500.508538
8d983b9ca65f19ff3d69985f,1037818202.567927
b9a80a4d84eb918792324dcd,377258443.6342413
223b3c04803ae7b855f9fd10,700370035.7845271
e5c8f2d536c3f931eff2d70c,486515107.7505145
f976ec33e004b2d4d32c2eb2,371453790.4754852
cb00e44cea76a92e9c44e793,371917283.3683623
0e6dcbf136294f2a99410052,339111208.410356
102de0a5ee4f19454b922b96,713917712.1281921
cb1c8ab11838d9f0a1197e25,490156538.9417804
2e2f1072d8db7372b2c2419d,335301657.1938578
8c4cc779f5034e9c10b2e698,365498277.2057586
85734fd69714897264ce2214,380965852.7553303
5694c1f689779fb5ca95686f,593485910.6261756
f3bb60434cb36fcdfe218478,466135554.82095116
cf8bbd3528d3e7e2b8f50c29,771376346.6680757
7db1c8214f229d865da455cc,681238987.622114
f3478cf008a7ad268a434ba3,634006805.5616679
5440ee15bccc4eaf827fefa8,585423917.5961666
78e85ca7c532a77700bfae6d,596045532.6605914
eb5e382e1372c4e94f467673,714064484.1659262
5a11cc89d3b01eb87535ff1b,675856274.0131122
d0f5cebc2059ca89aae30c76,442000309.2351252
883371e374936fdd74d09fe8,475047527.49341637
9ab4e5f8cf2b807603329cdd,450143443.76510644
c37c7859956931d77cd5c9a8,450143443.76510644
730804efcdd755786bf734ff,340969454.5031804
9d021f3fcbe5f82fa1c1fd94,477930637.6750154
975ea2f56001edae07f28fca,341421682.2899294
8fea95d0a70b1ea918803f58,427092045.93288386
4718488d664194a3c0c5b446,520957302.043488
1b87ffa033dcbf4e2805dbb8,442184228.5075393
1a77ac51e03c77ad280be447,545229626.2421252
228d165257ef052ad50433c7,413177270.57482064
513a83ac5bfe27c5b813ce4d,495308048.54464877
73bde441e18a9548c034372d,804436795.6450946
26301269301b6f96862af599,452487252.4553148
7b30dbf2f6d835ea0c14b392,449117583.3484185
254de3f3fc52b8cb62141baa,455781590.67685956
f566603aacc78da47a283804,452764159.3041613
990c8d65ca11a97a1d34c5e5,430050236.97063893
a9878134c12696d8199a1ff3,428284725.2506608
58185ef7646efa724e904f5b,476737740.0442634
37d5b8f329ed1ec29d4bc035,427760201.9209877
e6f948282e81570fd03e4df2,597350377.5068015
8b801b4cc1d254d0277fba5f,514237933.73959565
33a334a16c4547b9d7842c3d,646694171.091077
1ad9e105d9da875001111075,885359312.2135345
08ad96681afa49c74721daad,661816456.5550612
beb73d27906bea7a7d880791,733261730.0809801
bda5b2e5a87a4905a30f3b8a,840433978.4919769
5cf70a67ec25288657d6fff4,636365986.7912304
baeb4e9d612bffb63ae3564a,543551416.1567491
1902f509aa05287ba42f546c,600503289.8559594
c0cf9517f20ae81c79ceb0ed,675035710.0430503
2ca8b22013c529b412ad764b,686405349.7812406
b38816ece917027a179663d4,914360656.5550964
c89167e42af0d42c88e8573a,841872514.6212193
09254c66d93cbbf2675b775e,785433084.9129611
89f8ccb0c1e2136adf87a10e,1096122800.3381982
cff851746578050bdfd46090,1012677926.6497555
d53ddfac67129aebbe054024,978408005.8989997
53b5ffa0cf0dd12e4eeb6a2a,1104088792.8818145
62db5fd2a4eb831d281ba8ba,1080002446.1811645
59b5fe8d4f5ae272dbaa5ba0,1095039516.722621
3c1b7a0a306e16e8c22d78c9,1182022126.0253177
5219c3cae1c92b52551a8571,1010179598.454317
de6aef9a5e47a614b75ee576,995218358.1185969
d168181ef0dcb853171cdbb4,1200605661.4529204
6c8e27967ec63e6dec4bd6ac,964070108.1525295
8544bc14286a51e60ffee7b0,1251105799.3900776
ed48916725be6970cd2f273a,378078324.2140434
9ff3268cd15cf039ab958413,404406082.3262605
16cc5c280124618cd5d00027,399860866.4551355
ac028c1580f6e4da4ccedf0c,398487413.52627176
673f2b913006ee8b33e75b5e,485514301.094258
191f96722301456877893b22,541646115.1401128
a7d8e636db44cf5d3ceb67cd,745530555.9989511
1310e9cafc0b9fc21c212f73,741439683.2912525
1bbbe4e1eb264f5c69467e50,353098486.8086351
283c1142d027be336a7bfacd,378065616.912192
4d09c2354c67243c968dbbcb,468197021.5893631
db3edc43e89840a65749cd94,507882596.71375126
0274166db611aabe4e946a83,430487584.36273444
8153b36347669087e363801f,468853778.4747253
e04473aa943812de1d662058,643880345.0842203
7742e8923a4b832e3d94f3c7,542034375.4933307
536b5a8aea016aaa90fe744a,738826746.363047
d2c02052de9c97c531a4453f,590872433.6254572
48378a6148532f71abcc2f98,716586661.6423589
fb0dbfeedbab00cdc7eb93ee,581031985.630033
699412bfdab1157487c81725,617670243.2892215
a63c26369cfbabfc9c2603b6,610478075.9535161
34e5602cb58501859e32dc9f,672350601.8947093
da83b03a6c9d405f55714b0c,993116146.3032802
d938d682332fa9e5c4986024,623523302.7333311
e9e39766e2c96bc783d580a9,1276233209.2140992
fce89a9ffaba32f9f7c5895d,1065545301.6500684
2d6aaefe0f50db8acde6fd1b,1290449745.691268
1710873f951e7f695fca3568,378148266.75183344
0ce068461fb3bf34eee000bc,494026608.2418821
b5606ddf3a4e60e2a0e0d6a8,854678196.6387542
2c2e56e3e5210c111c7de708,489114764.06135106
94118bd8c3da3f14f9c7836f,419916789.26851314
d20a5b3eb857e1f4b548066e,590305773.2095939
ad37e23456bd4d90010f7784,415781039.9349243
c5602c608080e2546dea5463,628340765.1801792
e3bd8bd5884a55fc1a151687,468160283.44751245
aa31e5995379bc38dd40b8f3,612625541.227737
fe8a10fb4031669a9b21c919,996384069.9742965
08eaca41f26eb387b67bf30d,979014736.3843963
23ef4d57d130e4130205f30d,493687922.59786195
d6f1594affb8db7a865e3452,422359651.628802
abd9cf3c36309d590e58c2a7,532057624.5812477
1c177af5bb41e26ac0135b4a,518542480.42552644
a05da8df13eb4b121d536912,503853419.3418956
5a5a581ad5540fc82cd3c2ed,541525923.3134849
b50ff8bfc0b4c4b165c5ccf7,614899738.1989012
2abbf26e80643dfc1b75edcb,737690233.1797472
ec903c33a379d8d2cc04ab36,502937677.87999773
c062d873af3b7cb98ccbeec9,856029065.2725089
927de0269795dbe0566a0326,726601283.9712136
ee703dca75c4dfd5d035c9a1,381325773.9832956
b8a42b02c50438c2ad7598a1,415114188.6932257
f7216fd19f41ca5ea66a9169,415114188.6932257
f487761a658a4247563faa38,397827955.85340387
caf878b42daeee3c7de336e9,588821134.2952241
29d0dd2d4b120dd54c34b13c,561390953.6298758
1cfc7d60ce613536d23b093d,964720155.870259
c6c7409bbf52c86461aa1dd7,833700381.9537134
312ef52e0250429a5ecb3b27,717660313.1242127
48299e52748ecff3b69f7a90,591274945.8203865
a02f6ef1f148659297d46b33,587642075.1242963
67f664c8f9250a22c10b4f67,516085537.7097377
4977af03eebca1aa266289e2,530759900.03146654
39af71aaea23b5c1e987de32,476887161.3378391
d69b019e6d54faa1cb044d39,887838669.4301465
024e94e72ae88464621539eb,610978596.1585302
b980c778ecb2709696265c10,1230230022.9033043
8780134f8b40f0fec4d1b661,984645040.1527766
107f29b67164ad6861cb7059,901124863.4011954
c8958d280d0cf2d8a0b481f3,440824521.1883806
1f8f74ce8831d5532f330925,539062660.4988282
7be46b6dd9891ab771fc4be4,406835282.08815366
4f4f7d2b14079ddf8754d6ad,660881086.7059224
5921ce922675f6517f8f0007,1062254552.4870021
49f0323d28ef0610248c87c0,755781661.889154
3ef167ca6c4ac77f6968d17d,622169739.6293253
8d2f9968ec8aece8d1a20137,468916794.882524
4bad47078442f3416b2c1ff4,616137607.7998354
5e1cc2905f7a701f895123d8,705307236.7925031
a8633d3336d097920bc8a9b3,591756181.2078222
72fe83366bf13a53937b7034,608121651.4090171
ce78e1dbbf0f7aee98e244df,632173643.3051264
11be39d287e5a8bdbecb5994,717821207.4404335
40a561bf79fa7a08155e1183,777852635.5190464
3dbafa8cd5225e261ec9b6ef,348257373.86112046
68cd88b657b59f5671f59e04,458637469.5861941
6a2ce95a8be0654f193592e5,455413889.4651053
4e613cde51f9760d3c051562,711743500.5796224
1b69d2c7fa8f802c4af1369b,693119051.8527737
f126c4b36c00d0ca11c21a2d,551545871.508576
e6a7e6b41e6c6bbdc16e1e14,811400658.1627588
5a69ebde2e113923ddbcd18d,527599354.496654
72f0540aab38ebaaf9a389f6,415897167.2705671
75b5bb7b5ff8ebcc863fbdcc,537888402.4874476
096912698fd9a59d94935478,663431681.2979889
f0ad965090221d2349e90d5c,562222630.6758103
1c224347a1445ae01184e0a2,1074806802.386352
0ee7273686a0a92fbf48a383,1077431858.1892636
e2094d28cacad3e2a711c5ca,350536228.9114047
f50e0ea2c3831235704b8c72,364622350.50580746
1e64759f297a66524eb07b7e,463282951.97876745
7636a187e29abcbd8fad6244,484059949.3846556
9b858a70a031475e422e375f,704031253.6538845
56c2e8e14f9c6c9a9f046a08,479356142.6878774
1bd7b990be19afa5acc78bc0,563184825.1782315
8b36b7364e4a4c80a6e50bed,836015525.5260919
d348d38769937c8f350297bb,815572505.4205011
f4350916cbddd5a544c6ae46,461354017.2028523
237bce11f35d32ff029498a3,553585855.2072008
faf92fbca9baf8cce4a00063,469360634.21731704
812c9b5407424f956d308b06,594747738.6927935
9fd4adb5c63fba5a11661b23,555415878.5689958
168f81689afa1f055d8bf7c8,769801450.1709474
2a9bbffb1b98c49d79bae509,625392541.3570654
b95ecad591e5c69fdad8763d,421789631.46949536
dc51caa89a74da37ae644ff8,421789631.46949536
d97895a836e6ea22ff3265d8,466132468.8820229
de754bceba2d206a9cb4f116,363511449.08010036
036177aff84b1901e0f18759,429295292.0111446
8a6cb559a488d6ce1b641585,674507007.8689857
74c4f233c7f385be73168e0f,533979726.5291333
27a6f3e8f9649ccce7680f0a,566197531.2986062
711045fc099712aae3fe4d14,556393305.0075245
01e033f5bd502c4ad398ece7,573943595.5380105
a99261116e0158109b3e3bc3,515403752.4448283
2d8d64261ba659302da4a481,529260241.2956183
9adaadeeaf6a403e1c8754bf,634283668.8639269
2ab24b9c5349427998338d21,643289528.5105761
09ce36a03c52d6721bc5276b,690217425.2710477
80b37d5ebdb325edef39258f,753154732.4704419
78a080fc98669c0cd9153904,546520548.24312
2d14ad8ab9573c406e203ed4,725526221.9056276
145f33a8350a080231306bd1,633822103.2371207
b0aaae3a435fde30c4c02fac,1067823598.1244818
b3f5af523b5d6d938693ebfe,898918461.5071696
25d62e6b1a1a52cd8080354f,896767309.8390554
5a06a8b33611251b62d77e72,1044319673.7763321
e93a9b257ecd815c860d0b82,731856223.9623
610f192d22864016cc2df1c9,411334543.9347431
4e665d479b3bf2e25cd463a2,807631417.2335224
343be18b0f77260f32ec05d2,509045107.09713525
33dbec39ef8c0667e4c3f039,665225504.5446682
b24fb90a2aa5d9d0c7e1541b,686612703.5956719
b56a3a017449fc4ce417009e,388570750.00834566
e0dd5e6879d824a95c3c1773,458908272.4223173
156a20e2bf9e48b9a360f9c4,448990427.5185053
d5583fa23ed97a3b9413e910,648324509.225849
4e6f695bcd4d3c0d8497c1fd,1254593610.7440784
da7a511a5f470d99ab2bc4a6,717480276.1845675
22a6058ffe790c98a8922258,920175867.3394204
0c19c54de06d1c139df99ab0,718042175.6110407
48e687093fb26d29cda9ad6e,320856118.9279786
3ad3c519ced4b63ddbfdb0a1,450951748.20052093
0b221ebf810f632568c1e2c9,571003060.4264086
7930f32456e796e40fbf78ed,564126977.8096275
f084bfc530f4039f6631537b,932136121.4547778
f9793063f561dc76c0b49a9d,814138631.7740898
4d2ec23fff8eb502a9d93353,844179338.7564276
a6f570e11883e74654898d75,947527244.8978897
cdf11b53a23fcf9b6032cc8d,882077396.3451612
6f968f62a6fa4dc255397bf7,548619099.2154554
d692ba46b098c6658799ea8f,380350256.1023187
774a4b48d34052a978b1180f,511040591.65776056
acea4c7aa1185baaf6d3b60f,730007064.8426007
07ce6f95a7719abc9a204b6d,631938223.546912
b371665aece480b8c1602773,610444666.3593849
5edc37d9746cbef8352f0fa4,524446421.2083779
26617e1fb3b4f0e4a70e1b0e,449169727.67789084
b1a13541b37964b8b85f4669,435346733.74367905
94213637892f5fe643cbe8ca,448743619.9414317
742acc26686d04596ba60a34,440063979.68654656
acb1d16ce30aee0a39f01f09,538619323.1626868
e0d837e6d5d74fe91d39d23c,651513659.7255081
29028322a6d692edc5ca713f,1036590677.6833849
03d54a6e80d48c96a7f6a1fa,609565884.5833324
8616b310e335f539ab1109dc,638296335.3070627
6c21f6a3513869f93b32e9ec,1080911684.3302546
10084cfff54a17bcda6f19d3,562295450.6884933
169c742419c0d4335d09fb45,775406002.1681458
0f06896d7502890175cbc4a0,642166027.1301454
7d2e3464d5f2f79ac29e6c0c,372499904.2528411
de9053a55630670ee8e59c9d,697617118.6034728
8d54b9bd24cd9da341cc942a,497531164.85330343
95570bee1792641c7c12e4ef,723300641.4348968
6d0c5546a498fafba15f2e17,506072068.8052518
ed43b0ac46067bf886457c01,524040454.67325836
8890eca19a9e1cdc9e0f0541,596162464.5407292
760a5dbccf4eb4ccc2622b77,406807255.9017119
20fe2d7fb3910ef786cff965,532018183.7054683
602abdc140c40112afc1dc98,420533020.81658256
b7f906741cae6861bd5fb922,418303956.9697486
4d45fbe5a5d39188b5eccbfe,459885993.4237711
08f74ad7f06f2c409903ddf9,518289092.13788176
7be186f4eeff5c0efd58e424,386881465.6114457
3d1a767dc286fe1cb86ed9f6,474572539.94693536
2ec9f5265334241fc594976f,744643791.64259
d737b8b7b39e99f7d877b7ed,563898172.0320935
8fc50169e6ec98a3f4229ffd,562295450.6884933
942133ad6b84f9d08e1d4e7d,537643944.4744365
c965b03014d21473b27072f8,598886712.9455141
f1c8da86597a427e24dcd557,568914694.4759011
8ed5e7770d03c43ed19abf42,704446004.6218866
68ea36e3f441cb6da8d36198,1142966434.5898635
c97715bec6032974060480d6,579225845.0110676
e6eb47d050702ed49ef5c49f,579225845.0110676
5a82fa348f3b97e74cdd3a61,785175003.6084994
cd05166ab9bf3128c23fb8c7,509728738.8950026
cbe4318f63d73fea6238079b,1004104968.6162201
efcc8d268982e95fe2fdb311,1184433380.687708
c45d7f326a2f279760d1a4ae,789771623.5803139
7c5ce0e65cb26773edc9ddef,993116146.3032802
357fda0abf79ec95f73e3584,378153652.0081603
a1e8f0c7cfbfecfd1549b0b5,391658277.6546746
3f208f32cc24d8ce1506ed90,565655007.0876135
87ca8a2b3251a38d45730f5c,531743761.6960599
728961e03bfa6e3242f06d8a,500995742.66085947
b9f9dd0d368df912e6e0ce70,891188595.9203967
429b049255a7edf227a980a1,496257313.2655844
a6259664a05091ef92129c7c,456423455.4951632
674c915c52b27df2c06b8bd3,568748833.8320554
f8be64dc83c5923983fbb770,548676471.9545262
445fa7f5e8e9d7f12e8991d4,799382240.087676
0842816a5ef4f24435c8df22,614363874.5016423
40558b62d83e4362efe1fe26,325387704.4329719
bc474096496b98177e40f590,590218791.4565765
2b55989b2253416428ece917,590218791.4565765
7158e3a6d456211d4533e246,411574857.5751323
d4fac54e137f5d27ce5f457a,635318167.0052065
faee80ca0efce20e731823bb,836631409.7803313
8ec09555f5a47f96a8683699,952876952.0809845
2d7a48a6b9fff20ded24f86d,374626780.04142094
514b09016ef85b9ddc4fafb2,671568930.8328103
a1c975ab16effc6f97935e16,635201084.1185478
e803e3806630c6579f004610,596969807.347326
26526235b34fa5b7349df00a,408793444.360621
ba762cf12cc038e5c43bc6f5,645939033.2260448
45aa335dae223bccb31ff7cc,634671857.6285672
1dd3d7e197075859c1ff5b23,602479264.6329889
2db9b3463f85dfa87347d6e3,668972076.4927465
f72cc14d79ce15491a96ddfe,1013636144.5083681
4e25bad08182b79f5ba9639b,1087866290.9963007
e724a1db86d8d0c6334041b6,359450988.6614439
8fa53bd51f5d54be50b3fa29,399446701.3395897
fb7048ba61e9e6b1de829bdf,449397972.6429791
4bf70f19da0bddec9241d310,417690229.2269967
13c7f3592bd432c7cd0a42ab,594980379.625759
cb64b363295d36b9b0fde3cc,609069450.3309413
bdc17ea3f30318b11df30508,565616081.380541
cb7f62ac4c1afbb4256601f0,609069450.3309413
5d6c275d9d3326e738c875c8,868856381.5023496
9865836c04a9582688f50496,630624848.5572371
55a615b65a28b64d46ec63e4,530999962.8006602
dcc9e2c9c1151bd9f93f44b8,723011419.5805522
1a2c0e46bc18bf3224450064,723011419.5805522
3de8187003cbf6c4813bee45,376985260.47829115
d62663a447beaec69808f85a,377071696.9414991
1ae17f134221d5d9ee69ebd9,599546181.4676067
35e55d060b1c4239a85c0ebb,566038287.8407801
45917f1bac415feac7e41124,430162489.60682994
ed44705c17c414af8442b6ae,625368014.2872277
6f01f2c67343ebb8ec717a5b,625368014.2872277
8f2218126da9580268661c70,603328390.557115
5b36bc6e78872d2ca6d3d1f9,691502271.5479094
c5c7631ddb5b485d0e992f7b,662700559.7762717
43c88f1874dc7f91c899df36,1035650559.9540539
dc544c90e6ee38346a6002bd,727471128.6741709
02990998f3621fc5a3d0ee63,405613135.5745449
dbab5ea45ae910567c97fbb0,494158337.3577663
bbf80c409ab3a6784028eb6f,387046973.1236998
40e56beaf4a7f28f8108b132,387046973.1236998
e857db57a89e165eade00770,574736313.4924297
41fc4ca2b3f48508d840bbb1,572890904.8054883
08c1db1e620e975c4d476b2c,413520183.3967358
8a1d93bbc83f4728657317d1,631494179.1984538
6be0ddd4180b5eb92908da05,392998083.8853627
ff1498465e4db86f4f652e87,523156039.34999454
6410d336f6e61c4a81403c61,452412310.6237662
169cdb07bd175b4325fd28fb,395323825.3106036
546b56fbf616a6dfd1ad9d88,501344654.61018914
666af58bb684c2d8e7574e86,683941778.512436
9fe75dbfd537f9ebc6653f18,650901183.9460402
ef961c130fa3b9015b103154,1007170758.7264249
035ea0f13f2ca01c902d5388,618346584.6395581
7800f742ee14c4b4142f8b58,456771888.02580506
0c621256c4d7ca81045fcde2,585636911.2578726
50db9d168354ea3d75a03a6f,461918446.15929633
7bcd1fe7a140b6eeb4df2aae,514794082.60452473
49a4cebdb22fc2d72bd1aa78,363596357.32608706
69ae1f2868fe714ad8e2f114,368602351.1001261
ca4f4a66d83f2043a7dca261,341529226.7376349
c0ef32a7a294e5891505bf35,341529226.7376349
5ad6f4091b77715b7f74587c,837476929.1325953
331e915e2a66fb70380282d6,493895409.72510374
3a00543fb00cbc044a5b3527,436863730.3050072
81df59c6d8be19568d16ea3e,340228698.1410463
88a4da0d72977b0c56b31061,431368390.078639
3ff9e75c6de41de517d1c4a4,386028591.5227527
147f80fbae69dd577ff19950,831729583.9255775
78beee9b7fab8600d420fd27,538860227.6702924
c3733b88ebafc0a05f5bdc99,531542054.1393003
568509a7aba60f8fe2d0cd5a,514782267.3277957
f6d3f7e963c9aa1783b3adab,742449884.7810776
ffcf6794a400aba909383b41,856380574.2969133
fa0aa00078cc178de0cc7d96,590209108.3543255
eec51f949083f39691e37e15,878615986.1412433
26f3d5bc3adcd1396747a414,970322064.8367426
cb9e058f82b10cf80990beea,736985881.6405716
22a0f3315f7600e5120db131,412086200.709493
bf6845aac15fde9b89a7208b,582409045.605683
6e3cbbbd3f4d0578144cf021,442672422.16668266
98a0289e513d5ba036b24252,361142869.38589334
597d3f78e2f413acabf825c0,412046032.0047743
43a91a731e86b9a0784f717d,533146932.19640124
f34ff57e272cd08056e6a243,817671270.5168195
6f68b289516faa0b7ef36a34,396913231.2460895
8bd8a7e19b6d3b8bcabb84d9,470349501.59068066
74b64bd536ebbcd7c30ef8fd,869845088.3353461
f968e756cbe6504fa0f32458,1126069247.4774942
e99d9dcb9880cbfd219b4297,566632414.7285295
4c9e6812520f4aea4ce435ae,791095723.9596199
78419be95416d2991ade8be1,413422399.04603106
d417ff438d2a418b1f9e50b6,511853378.73785836
3ac77ed776aa4630c7293240,584550668.0464386
95173735a8f6e554f083c065,1159880983.5177062
83da39bc1a2eeb75e2825c22,494025011.0930317
4bf89c9e50c5417ed669c481,900661998.8959329
f90fd39477c8da38e33ba0fb,546291402.1836371
b45bb2d0d137de6984d4e1ec,620640853.635197
bb812343bd6cd66e9cf9a9ba,477799120.10865396
e299f614cd8ae525fc8fd0e6,626136805.422736
521e9326a2003c7b56fc4365,1086958153.6725426
dd59ac4f6706a1399360bd14,861110797.8127443
d6c6e7f923ce2cffba8ff9df,653918990.8181636
df07a34d0ee2f78f115c45cb,853375957.4444792
db6061f876f890071f7ed957,937840890.5741205
b31601cf48b268f3b4107564,785273815.6643286
3a9b2ef74c59e96a6b107357,425931104.5711309
d600310e19c926cda14ac923,979737308.2450294
183f2cf1a1c7eb9700b6e72a,1144605722.1853049
42556b1bae874a5c09777873,916530854.9027314
57c1ed738536d177d66fc52c,1277034156.0574613
26cdd114566b7cc63cd96fb8,764555049.472265
0f679cc583a47b30ea132bbb,571007706.0114465
32ea7e13e8d9391aa9b7ab9e,372585484.81851435
0a482968c7cdf212401d72b7,641451746.3378025
85e4ee2583c51592d68ef5d9,326918237.6048197
f4ce15aaa352d707b68cf773,724500237.5029075
7d383abbb6ac49c6599ffb0c,704143573.235678
6c67b1b0991a1d79251855c3,1064650568.8800268
9e52ce2cb6f6b7e2a152dd54,662169857.1909319
bdeed3a7395cdb9b175273a6,636080791.9737798
423ddbfe2f575e6bcb22e7b8,800993056.8541313
3247399a31df838ec5fe58c5,719716302.0760144
bd57e5cd29d935cb26006835,543551416.1567491
bf00f36c4dbb273d7ba4b7dd,440559728.9067427
48b9efef82faf72bcbdf66b2,557136100.375529
d2526a3e39ea01f87c99d073,560701294.0482632
651d5cd65f80c4938deb7da4,401552972.8849087
0be7803a34b11d89133beaf4,420785249.3929096
a54b0b282edbd217e9509287,627774150.7736326
550c5061428d09afa0c409f3,543469785.7938908
7538c609fdd115c9dac551f4,582766117.894287
d7e3cdd3ac239a5c318f2e9b,576682750.2771547
9bb193ea939c5308a738fcef,421686473.09817183
33425419e1a8e854418c5180,394423976.64150244
fedf2e30e390f5cf74b27e97,352167634.6348749
024c5c787d005adbe770b9bf,436516523.31714743
13f681a090b36edf38a4abd0,505046183.4738053
442c6bda79f63bae28674b1e,574264958.6497836
47e0c773f65485ab7c78d49f,493546120.2550271
9e30b310c820d0426f504d90,399547343.19480973
8cdfda9067e0934a8ebe0894,538957742.0536295
0a8aaa78f68d43e3b1bf6c51,596830231.983713
1101f533fd18cae5d32c1cbe,424840044.21872735
9f6af9ac2404a8d55f24286b,423835939.2171105
75060f295e0aba8e1224f766,445488135.0132446
f0e68102ff84f49d90fe38f4,422833785.13136405
3c45bf3e3e31e7804ac91704,610778602.9016758
f908e1de4c4be0d77411a998,439338536.2774137
ca643c04044fabc6fc566d12,455117210.72125655
8aa76df8fea21a42fb6229ff,603304176.152644
c214d2383936dafbe0652c51,614285410.965072
993898470c6676ce46ede92d,634067629.9871032
18f6240cad6e92f9151099c5,778609890.953195
1e63fac2629793fdcb793f1e,650518721.7991161
e0137390f0186c98f4e91263,813351448.8617209
e35f95823a486c52b0f4c2b6,530635134.1737917
ede10672118071a215ae09fc,664475500.8566034
fcf46edf6d612ff1f5ed6134,677889206.4597251
df4be33c0931aa86231b7a2e,674808069.4866936
53fdb16ec08e794dba9a10ea,744734986.1085308
74c24c5e142e5267456b24a7,623004923.048719
f1bc08407f40396c094e0499,740321978.7078596
496ce19c015093e97144d375,631952551.2118583
a183a1c009abf7251fd725a1,878457163.7622335
6bdd97526b1a9cf10853df1b,1242074165.155583
f083a8f187e2227696695ee1,548420106.3200547
2621e068043a5019aeed6c8c,589442217.065955
3b43e7acfab46651b099b1ed,848813210.292256
6565b3281cc2d632febbb6dc,973936641.5610495
09e47ad8508e7cfee83c6d68,970741464.603601
88b02e7b20ce6db956afcdd2,855308989.1152635
bfc41facefe9428865e4c29f,859416478.095835
569bb17b961fbdadf7106d56,1013230802.0644813
2314e3ffc7242a429e00207c,864283362.9447305
4bc1e2cf5e5ffcbe1020df08,943122733.1971635
949c4a5382aff4750b4dff83,1290903552.2573879
a63b4a22614d334b4a61ea16,869832487.9898589
734fbae84cebd50aaf71c48d,1128698718.782701
f92935374a7ef86314223c5b,734404899.2129579
6cc8e22f11d382206273af23,582846545.0061588
701768887155444b77c4f446,372874907.1237725
13c86cdff4dd32a9f8b9adcf,636639355.1964635
8002e2cd1b70ddcae88ebc4b,1077896513.477929
d0d77497c8a7d567f01d3afe,679445250.0269786
95a7b01cd60cd10e7364a600,560873336.1548464
d1e38d7cbd32567c874e194b,560873336.1548464
e674ba41f9657ac8f30d4f7c,399883007.0529276
6bb760d54e5b0f54d9612a8a,457976723.9300343
9e3bbcdba89c647e4ce53182,538803615.6898186
72927abf4bcd53d6907aeeda,694672666.3014284
aebaae467e5f01db3afe69ff,398642422.2825917
3ad457c8855ab8921a7974c7,520294069.4675109
1f3d3fbcb686ada1a96e01e4,461780934.89029026
0775d831f68b88ca59eb871d,727467354.5322952
5fa3b0993cb43d3c72c30093,625013946.5731351
bef19d0084cfc9f6fa37ddd0,544339738.372445
85a856b4d0dfb1fae861f513,597494867.4279168
07fa1ad76017843232107517,935644744.7612597
4049086139009c35dfebb3ab,459763603.57133555
655120f80a39c19221623311,579741091.4831705
71dca93007d6ba45fa40eaad,668171252.5107133
9f41ce015f02d67e193c41f5,425591422.1598891
9017bd24d173b2fcf564b32b,1003747219.8931247
e5ef29d41082025c42f7c921,458133254.105376
5c60d7880850970facc54bb8,762022516.6230867
f51fce25d8376d48fbe73a43,439387509.9597873
9dc7b0a394309d8b76d0bb7c,552377961.4028745
a12ac99bf63b547fd9180a79,526685863.3920493
378d846a7af35e0c3efe53a9,487558217.3767904
0872198056be7edd5eff220c,707402942.118223
efddad1eec775ce61d3b7b64,538402873.8987421
70c19d59c6b9e194b6bc09fe,649652748.150069
b0d3d98076883f346cee8d04,544459980.7811975
c7694e92a97bb66794e62fbc,436872089.8016938
7b4fcc72822460a428c19282,989054806.6353314
a6baf4631223d9b24de8b590,464592803.71699435
a6f616d63d134f14ced205d1,1084301146.1730509
50c123baa5783185ddbe29c6,665883201.7818506
24756921525595f1684929ba,537940394.2296137
caf9c761d21329c993a0bdf3,584444135.1091136
193d70ead1ff1043845e7671,568648611.2893653
62ea31859e01c2f4d4e97baa,523661995.08744067
272b5b5c28e46c6f5ad95c22,585469040.0384761
552ab0964056c1d1d1b7398c,624126790.5280838
23799891583435710f66303a,580163242.066095
34896afec0b639648c527483,514612791.6865586
eaf53eeb911ecbae638409e5,382808775.5229388
b1fdade0fbf0470060fc2708,435541373.6700559
8a20478528e97700dcc84abb,449323346.57727545
702525f05b47353c95b0905e,438558682.8131613
b84c837c5a1fd0f1ebc5f8a6,543751605.8304281
ee2d16316e6f4f2388494c7f,531195641.5025261
ea4af07bef4ed93e81ded95c,609069450.3309413
1a71d0d3503f9eff28acef6f,935015519.8936762
1fe392004a09aeeaa6e8bce7,574698572.6691921
46d4b0cdc81137aa56f516df,582460756.42883
4d666967b74ccdf5b04e9787,330802147.77216184
fcf79745f8cd716d3ff9d27b,447817637.6102314
aa8a19a2fd3e2cfeb3b7dbd9,473719582.99815893
f055602beb49dd6040641c9a,493516864.9819081
7b1377c8d81755bb9b501064,482891043.4599916
17d0418e4a439e9de8006f5f,592239849.327764
48f1c6e343a4724ed865533b,612486408.3590394
353207faab3dcf10feaac8ee,1068241470.3407668
ff188e88378c8e2abed8119e,719167924.3722231
424b41f5e01ea2e2ccd3ca48,642103403.3323547
608cf4f46a188cf84f853c72,515443956.70075834
f9e7582dd99d36bfada56249,671326861.8700331
d52f04fb69bed41ffb10fce8,614285410.965072
ea84b58f733c8e491db98a52,637480924.1303521
68699eb9653684fdd3fc79b0,614285410.965072
31f52502e89beb1b2e0dc3d3,594391748.7227695
fd41747287a480d5c4dcb56d,859416478.095835
b7afdbc1b57b52e6fb03accf,1164572338.4447858
48b270a493af4fa28dab9211,394676983.1857983
2a787b39e84958ca6b7001d0,564201500.909507
e439c77c0d871996bf06bf88,590430871.9135761
91b8b9db5372a2c3a5c30c58,499375931.1280124
038272b33c075765464761e8,501247409.0627988
fe8e45caf7605fb91d6bc5f7,507506576.8378532
d354a2581dcb183c0cd70540,416469972.4611732
9421ce9f204f373a50357fce,398214619.4373852
56bd3b61805077405af098a9,417887148.2512572
0a606d19ae362a58922b172e,452912127.7922603
ededebb1a544fb3246d3e131,526057827.34600955
6b6c365359d20be719ce815a,458099434.7459339
b8b22c1afac62b05ad389dc5,506258608.34241045
3e3717eda8ec9a68c9d83027,533143271.86265284
03be8ec62dae56680beb2cf3,710629039.1503329
fe6c8cd2e792d62a4c324da5,416685234.1571883
f9c133f7a12f2b8c1b2beedc,411193666.395744
4ec47b8100d224499ec608e8,520107956.7346876
143ca16847cc47d4a4c01ac0,492702055.4595522
22127243f7ba3a68c3fc33bf,593498460.5581257
835eff7679889fcff6795d8a,433207675.41338795
4ed3eb724d4e57a7b35ddf5c,462955632.48561937
4d743a1250f7d91e2782708e,456826879.26221114
9f5cf735a842860e7ac753cf,528223255.39043367
e54a8b735724b2af56c7a36e,393024255.5099109
3b39471f854357b7e5d2853f,639001069.154521
91bd11b5a8e0c0124be78f46,403738280.8248418
6121943254877ee48716c4e1,485454998.2613791
3f4c2c98a5a6cb78d7d26327,350972777.92101496
2b6d63d6b072901effbc8e1e,772595594.697647
7e4b240c601e37977faffeb0,772595594.697647
ac29d71a80307cab65f29ff4,1097219826.728901
70c77552b1bb67a2a71c2ee1,1017984670.0126503
54a09a85767156b072c808c8,479955248.76538527
244210fb4bcc0a04f2cdff95,1024922380.2806923
9a2b53c1c7151a8b26a71edc,366452470.19613326
918c48a512fd6ff22fdce5d3,616582528.4612596
effe4219e6cb56e5ab70ff6b,1121572318.435203
936e6d2192f28a2b40939a4d,1049699427.0117323
ad9a1b23979f0edd2ee19f38,563175468.3320657
8a8e4996e24142eb413c0d12,974889218.7002963
31c69cf4d197f97ac594a896,657395126.0417465
143f07eb2a8f0a9e26fc4c56,887942465.7551559
e5fd3cdc6a19653275c7f4a8,454531606.6459078
5c7efb015b8ff7f108c99723,592641630.5296863
394718d9d069a126e13be804,659434544.8939555
56f30ea777f5493139f22384,1218092508.034975
37d5a902f1036cf3d80c275b,554757693.9645158
3f418a8bcc7adfa87e0f67dd,590874433.9546005
051416c05445860d5b4095e6,590168811.066447
887761f34ce0996bb05ac48a,618606229.1207919
e02fa06a8de8a603e417d5ad,746428466.6392454
6f5929e67fb8da068b91096c,544201343.6149534
291479f573955e063f2d8bda,684392928.8609256
e60850405ccec092b8fb5d02,728967815.064317
464864b367e16547fe319229,635057127.7053884
4c14547b7e02e75204ca9f4a,506188892.13436246
6183257f16bce94113879745,510337717.85251427
46c34a4e5987c20eb1f5ff99,440842047.21340567
3f39b25dedb96409dc9d1947,992963530.5006258
e7a85e64ee07971696f555f2,846692756.5397428
33043b254b9085fc82ee1f7f,336821637.9343117
bd2759d469829bb8926dbe09,470795237.38020176
affae17b6cc59bdaa30e29c2,962366720.9069202
e611d41aaf38a58acaa0bf23,567576347.1900812
0de426088a306321990cf60e,486420557.3772151
685982808b30597cc013e2c7,379532222.3662895
4cfd1be6a93641b110fcaf67,405810566.3454342
68fb3b3cc3e5b13440eb014b,1257879103.9587784
532bf5813d7e70958f71a480,602742086.6020823
06ee1d8f3ea326a0e3a9791d,641118740.4080551
1862e0c4d8e89fd2302ab376,1411081150.8233664
f3dea3d678d959aaf6b2849f,1385344155.7524629
2478e48a3c6bedd57c13c72c,589853905.0179403
efa36c7738fc14a11cc352eb,597959045.2580016
2f6dfe9443645d6629eeccb9,482217686.962078
bc7e867cad6f221dc44754b2,613160093.5630518
e4f2fecf58a038d7b18f7160,1099628011.0446832
a7620d5599ec354541c8af13,1381176016.8870993
484cde8e47fbf62a339c8219,447532391.2523344
5fcd9836a3ea537fe86d457d,494176419.61341923
1b288024824312c8b1681bd9,503666435.99065566
44e4574527acc86977f5bc41,574610993.7982471
8b716bc4d6d833f9bff3e729,517824515.4760093
0ab85344c5fe6ccb0edb6313,579225845.0110676
03ad99f1799f2a20c8cc0a50,943872375.4720716
6db318f828d464be421eb572,888813548.1671022
c3e648317c360c76b94bf541,338856931.0661904
19cb65620d2330624252d01c,375747464.45125896
dba9fa9642ebc97ccd765db6,431041308.3923187
1d2467e5f991b935d676e906,375092538.4543212
4091a115125eb4a67f494620,411421373.36217344
d197410ebc0e3b9937464923,471980311.53355616
722699e593085cdd72102baf,407195657.8878922
c059affd0c19f6d4d76f37c2,482413335.98906
855dcebac302ec5760f67121,559576375.3864604
f433278518a80c3301f26cfa,614560386.5371139
66a45b0aaf5f696d35f5cebb,685069546.6832094
0152ffa8757aaaf417e9f997,765225015.2136085
55b72f6c7163a9b0b3b0b262,529180066.88233703
c8346a875be8391145a2f9aa,624761781.9685577
11c86230e62bd2c9ba44131f,668451749.3377662
c4b97a459e2c6d13710fa273,555415878.5689958
8bcebf3cdc54d4ec99ba0d88,378571514.2489444
ad159116d166e45b70329bd5,519904533.6078089
6f060a8ee8d6d15f46289759,549255892.2089634
ab5f089f9d2ac1bf52222ec5,461717972.19258976
f4fc2da675d6a2583054fc56,517638097.7165248
89eed91bf5148b5645408222,574998057.7046566
0761d0b7c6e319a75b06d420,393685164.2336348
ce84187750fa7aadd141b5fb,735675170.172049
ad77298955813089bce818a2,549678855.776425
3abe8f334f0f20f8006ca5d6,479955248.76538527
36445c32822146606f75dfdb,597950847.9988363
f9798cc6285c9fb3ed7cb668,763955288.6336727
59dd396f70b8458772307895,622170671.4881008
83e91710343450cb0812a6e4,793367666.2845942
1e7a931100be734988955242,914758639.4265755
bedc5ab20edc896f814c3f06,1012955965.9052223
f884247fa6414f384480bf38,539623924.8488038
f34a38cdec7eb598e55fa41e,632465222.8338214
106ad411e13ea21ad68e5f59,1192038840.2075887
a87c585acf2a147e381005f5,521101205.56798565
ad755859e7b6afbc021fcf6d,598496561.1138045
8015080cf97316a08453a9fb,594444292.8120342
f56d8f5cfaca0691c6ffbe00,682998710.1447214
8ad016d414e2d2be053d7612,531680491.4230157
8b91a957eca1985938860c28,526626558.7201316
20bce83e2b75fc535a148dc8,449065010.52211934
5724ecee1b12e888d538c1fe,525217863.54844403
1e90d068f3c86c6f691649ff,658206201.7927208
0fd954262ee740999c31d407,513279144.48333216
a6d7b144058ebc326b9803bb,672478303.84965
a81abab882910584371c7b66,479459839.64178556
9e41c4b41cbdc2553d80e362,526626558.7201316
b6fcc49ad3656cbd3f4c2ea6,684469626.892325
9a296eb9b63ffbdf2a07cd0d,716067421.3655928
3fbc0746bd620a0baabbd859,595231627.464034
3043d0b025fac4ed90b448e6,463401372.74987906
219555efc5b4291791143252,335015019.31990683
a00863c7c53b2c059ce22dfb,351016390.1304329
28b838c94d10823ceed62e0e,387115793.17925316
7e64ab35f5e336d5bd2e1b51,521668326.5667553
52f24ab479fad35c8bb5a8f6,368859900.323686
0d1ef14606c58310cae371f2,348502600.90258825
a465a567a4f60ac534505bdd,684627514.2744237
8694b149f7c0deadf820f0e4,638914056.7919273
16d6b756f5ebcacf221918b8,555858212.4200598
7d132190218425df1857b8b8,608121651.4090171
7c7a3f51a58dfd1588d7c088,366610083.49312
64d1c45a2968b0fbf0eeacaa,631770239.6806526
4fdc382b65441412fef509ad,521369174.3781829
04ece9352b3810031f3f9a90,641017186.6266552
8b5b351e07a26c25cf51e176,462273924.5121553
f923bfcb8cdb543c23bafd52,488633808.70000476
a15a12446d2e5993a0a6c423,401485786.80034655
ab3e1642655f7e705cb047a9,488633808.70000476
b62fc917b3e8ddd64bb81018,414580003.88988996
835842cdc8ea0a2206c2b46e,405878027.2137947
02ce5bc5d5d286a4cc0928f6,406784004.5245267
d8e51f7b40bf1887ac007163,452221924.1650806
90f320e94aa429856e37bb35,376803943.6158359
967a7676754d6f9aa3e14473,464394749.5405075
9251f3dafa0e747b6e78f295,480002768.7125921
17b5e8357e17b516d947ebe3,802081353.0171083
f943cfd29effc9c048b8e106,711743500.5796224
41719542347401b04dfbaa59,573166269.3868344
bd6ad9a9ab28aaef9b4955c8,696008365.1504147
bbff88040e5b20e874cfad9a,798763286.10235
3d6a9a4f2336a46eb62e6a47,828705382.1848739
493367258be5d63dc8db97d1,828705382.1848739
67cf2149b4c214da77694088,881920124.5909104
8d2e85825e95f6941445cace,826090865.4033414
01afa737bcfa6b1ab530eb09,929157237.4607024
25813f7204a2e796170c4836,417472533.4089337
3cb1773d90dc240c4ffed5c4,726601283.9712136
6c81a0b90366db9f514362b4,726601283.9712136
44c8131b88accb3b46b79ba5,374626780.04142094
ff185be4fdbe3790c72d00cb,389696731.6799223
851f50292e30b0a464c0804d,486681666.7171583
6fc2a4f29e3b896bce631ee0,415129721.5878981
cabc4fd04b60a66bdbe2cf9a,1124025393.1200266
61e9c2375626a18bc9920c5d,458017577.07577837
396c8060d9767b4debf2a54c,674338414.866995
92ba019bd942fa33ab742924,510617240.45068717
ff71037ec8e5a91aad6f0686,590156402.6171058
d162a90b37622c1dc6550690,401188210.5394462
e1490f0730f8fdc36993027c,560065430.3785636
5a066d6bb65d28c2094051f6,408183412.25900364
9c7bcf000cb37f48d9f15422,439173061.4954009
528a6345df87dd0db33bf822,440888442.6446982
579ee47bc31f5408314bca28,464957140.8387821
eb61a13df1c8d8d0efc4db3a,407102388.1402446
b649d315ff3c97c4e8e9db73,362756335.5091298
d8dd26eb78ff22272358e302,684425287.9088063
6ae2221c504027acfb7368e8,500914375.04809815
3ce908c9b70f349158f7d04a,783286780.3999983
7cf74cbec871e465ec2f6a61,783286780.3999983
02e9b077d6cece81387fda35,657256493.1005006
865ed399cc344e0638e45128,597349046.0796223
d9ed55fb72efda67f5144330,751262594.1302193
9fdbab0b428f19e7e8dc35b0,1005567371.9076238
c061b886b7136a1b00c8ea2d,828277158.1259063
fd0f6c0b5234ec1f6c7d1fd8,778579859.4776487
9df90c0644948ea5539939eb,827066222.2556504
547661e79bf0c62cb8de63d1,382963576.57243073
68963f5f3657cb64276e3beb,703233870.6015667
cab0a460167bb64c037cf25d,436922623.25091136
31977cd5d4c09eff149e74ea,840433978.4919769
23264fdd1059460e079e5810,493565687.27628386
4769743185eaeb0e4158e0e0,556141431.5190464
780c809c52509bb4855a4efc,638591823.3497522
f64d4e029592761bee698958,424282380.2433296
be364e85b988ef8627ece74e,446924484.5141262
c73c38b652e9418f06f89b67,372336345.0295752
213032fd36fa1a6342570158,400163249.2751197
d519a8de5fdd1a84ca1baac3,427709195.1551291
df91a494d5d244f20dab0eb0,385274284.41942894
9be92b361ffd3ea2c69be23b,375458520.69672287
cad16b2ea432d926d961109a,472658182.61467266
56b22bd973f94a4bfaaf6b33,432983656.00964344
84114798ccd01ae3dc97cb27,448535626.2086571
fe2bf1f402addaf17a213030,515586170.34461486
e01c1b69abb6a4c1c69c77d7,464548806.4893747
24671f63cd061228ec0b5b9b,488800706.91755396
f54c16df774e70d49355cf4c,513105747.7640787
5537b994e85c2688fe555d5c,536252486.9397202
1e5919cbe4373aa261d672d7,443710796.99559087
cc125d0f70d6d0819d6d90ee,440429847.7407919
51f94ebbd6d2533862a1fdbf,664175304.1128837
fe409f9ea8d18c9d9ba4d02e,418324026.92793804
753b47e2a3b9fcdf9d7fd9fa,450168649.4550737
6bdb3153f267395eefbf588c,449206723.5727007
9bde9f216ecb90814670e87f,515586170.34461486
7f5280804c59f56fba3d6201,444644047.07697076
ceaf16e097500022498950ff,446232508.0518181
aef06b27b0a080b5ee539b6b,435870286.83113813
abc668bf93ec7d1951c65cf6,418324026.92793804
56822f406646f93fb39d9e60,452096907.4569464
2690ba8b22a95cb837cb87b6,470666839.75981104
180172e4eee8ba756207b3a8,496445834.4827306
c11cd2e00942ffe56db5ae88,512956638.6786703
75a287d87aaf6ffe7b6db546,343458863.00447756
08f35bfbfe1bd663c40d9e54,469723031.39220273
c2bbdb2e5d0191071e6db37b,499841202.9378053
b129a508d1d98a1b6dd2f61f,619421703.2953641
335626f385c28e8370c207cb,555933012.7676508
898ed7299f0c7b8a99e4877b,448860569.2998452
a98022fc80dd6ff27de693f9,450185132.0825083
a59f1631e721d231eab4d146,613290667.7514417
98c9c866109bedd605ab7dbd,706877983.4359237
cc9743189c3671adbb1be49b,508878628.5626249
e22b8126863c9ca8fb04df9f,520488559.89541346
247715511199c5b680088b56,600284342.6399492
6e51ca1a9c2bba9fa0cbe5db,535517717.71131325
ba8d6800443dcf95bf9c1037,594899015.2588078
5ec6e033b9dcb454c57050c3,732735606.7584282
156ecfd8ca6004281b191db7,1128962529.0306048
edc3879a1102740f2f96227a,588037869.1278225
c02ce25a3334860d3bad53e8,631989525.8172437
d041129f83f1f13fd7b35e4b,508579727.9306016
6946fb4c877f35e9215ef4be,478890180.1221987
ff2897a56a0fd08996d19424,670230480.7890073
e1b64df8e809ba220c9722aa,689328369.4299368
c13263f9c8628bdef086106b,748656296.3647269
e2b8d1aba0c583984aab25bd,481633344.1819699
3786baf40b31a20f3bf3aa80,631989525.8172437
bcf12785c25f6e600eee8fc0,702137629.2602853
f85d09bb2ea40bd4b68465da,664785456.4143274
1f40dff9a973064aa4737eea,471651945.69252414
79beab95c6857412ebbbdedd,471651945.69252414
5ed8cd2cf2c6dd5b5241d6ac,557136100.375529
ca8dacc29a57d39640e3e59c,705925023.9936353
723655990d58df33d55009b5,633346345.4738594
79a675215fed2e293b27f43d,797359639.9684821
57999ba0ed9089739a1f4de1,730337065.6223646
00cea81b78d6007eb405d5b3,715789727.2948442
c00facb3e4cbb27c47a621db,1256420877.8512487
d1481d9d2bc9d1a3811f2faa,1007095405.1604853
26313750bd29b2c59a81b58e,1073800798.1387691
2bbbe93b615c46483056bfe6,902798483.7985678
0f8fa0a074b743c92f0fc56f,1080002446.1811645
b925f9ef733930be26417458,1073800798.1387691
0183b38955437e8d0128a013,836092870.7998201
1c9f65b631d2f2856bc97079,846263219.2290472
c11d82cd360eae99c04009b1,1080002446.1811645
4a80ffd8e908a3291a32fb6d,902798483.7985678
1a0134583a5854d5aa9cdb9f,1000902344.2235664
5f5346deedcb7cf5dcd1e9be,891146306.6420549
f17c8b14e56a76ea84a45fd6,1040821854.5435443
b8ff548543842246ad439703,1079147409.0833855
53462704cfc47d32492b4847,1071315212.4302284
25f925538316d3cdda8218c4,1022522730.0477085
ffe653c61bf13df43fa22190,408316871.398078
228d98c82021e2325263c7d2,438066464.3956298
f32a7d08d176bf9177dbcab1,608480791.4672008
f2c86c1edac4eec6c01ec11d,361011991.5853102
06e350e3c733e5a0afb613cb,476280923.40512955
e2544529df4efb7e90afcd21,438469822.5396743
a639ec3b943cf90cb28bc1b3,560644765.0930115
a1320186028a726935bc1cc5,541451808.3763726
97337d2f347a50e0ef518516,598945659.9651464
8f619dd7fcf5e1a17af301c4,799506750.8768107
72569ddc5828fc702b2fc773,1058543255.7910074
ec674ba8cd16c2264d270901,997778837.3818238
2b05f001ed1a84425a45d0ac,602712190.0440379
0a7758f69ddd8fb27a839661,585605567.7643868
e3ec7a8fba3e1ea07a135dfc,477073077.00896454
4163b665043ed27d7bf26c00,452218595.47489655
69f7b81b70ea61f304ccd36d,855436198.1299568
ff61104cbeb37f077c565fd1,453468239.9347309
883ee78c03efdb4bdc57796b,417015424.5802542
fafaa5dcf66d22bff322c72e,402074298.385027
eaf0f2b00b6994a9ba8c5ed0,348523701.4265411
9b1590945c0c7f7b0704d287,689703687.5815067
766d34ea891f3af53f1391ba,528702536.6343916
b8680f925773229571014e61,574614333.3503723
2fcab31c752b699af5e8ce8b,729196886.7672775
96d14697ed6847ee757d113f,418416885.6326447
ded79c11c30167a9d8accf77,390543101.3381771
ac50dfe70b599ae93ddee4fe,558832239.4118949
3fc7a0f9c30978f24d688fb7,683372752.602888
083f05fe52ab15e8d481ad41,915260521.6076622
075be16d8d9ed6831d139b2e,529795472.0668225
ffce0b151f293cad0a6f770f,850898694.585406
5997da918101ff14bddf20eb,468866335.09567976
e102f1d841d7cdb596d50624,384751736.36531186
a2c3da753f0116aa5842d4ec,754538059.0276821
43228eaa1230dc0f7f1473df,387087209.82574797
4349d6bfd5a518fcb231cb3f,693803690.1514994
c6c978051fdc655d21a370ab,605019470.8701316
f4cdf3ff86fe70fae3e59f4c,577886051.6467884
ac154aaafe98dae45bf9782e,474778926.6542427
01f6c99999c154461765f4c4,599445124.4085176
d7d30819fc6ad6e7e41453c1,775215984.0951991
383b3198861942064a63184a,362988901.0504744
3a2f110334251e97abe3583f,347512978.5597461
9b9db425b698a4931173b5a4,454129850.0483431
3b51828a1e891f3a52a4653c,435746113.90474397
c94dc49efe0a350bb522a56a,493979657.09074175
39e4765ae5c8284e1f3f618b,734738679.7756963
04b28e63fbba92daf83865ba,587633493.9741956
b9643a26731cf2a9a243ef33,568010497.4944471
19e03fc1a7ca4b0761eb9ef3,596218770.9291804
c0224f0cee5a388014db4f55,1327616222.0754447
c4074029fba935dafd82eba8,456771130.97831416
0a8d749a2336d8f66a4f19ef,362877201.30194867
e84da6ce78339d50a72cd87d,345659151.8574932
e9830411c3092327f4e66a99,475345712.98556197
17d51fdfe8fd16185bf5feb4,583182363.7816567
f07126d58455b20f547c4380,551022024.044466
8fe7db56d501b9c11461f62b,533148060.675243
1ae2058fbe26f384be45df4d,519709630.3462414
e74a31e6edd4459d4e215c5a,560043659.8093157
c91945dcab0bf200c3ef321e,460610474.31911165
933018604a8d5a9020aac221,657395126.0417465
876ebdaa0bc953890e323843,562465952.8999258
4fd907c202de4f06cade3b3b,546520548.24312
e40f616637f6187024b34086,526050996.82892513
f9038f7e24e0a29bd9f3e24d,620737211.7677103
b27fc4e7f6042d70a7651038,652178482.9214525
e68b18b57fbc5fd6cbb477e1,636891914.3120685
326a82671272d893ce699476,632326834.0411144
d2655e69f5dbd09ddb9268e7,621113317.627325
440cd2efd45c019c7151902d,622372983.6333369
e5099db945e4f04aa3f0bfeb,547819962.8354468
3477d85a434f66df58fbc094,547819962.8354468
56991f74ed430ed942b2d6d6,547819962.8354468
7ac1b85bd87929705b7a86ca,547819962.8354468
0e1fbbe248919eb71e53ea75,563479771.2945071
75c16273d3a593752446c27b,618826951.5428985
7e74469fe0b030254756296d,970222380.1383932
35fca2d53ed17ea7637c528a,662538148.8817611
963cc728f3bc207a7ad74ec4,721069191.3077984
fa9dec2129f7218b4c4d4b35,762286444.4077392
1d0a6bf40e609fc74a319310,578403540.0935957
b9551c416341fb167049d4ce,636732559.8852358
89131a0af2db172538723b08,622674231.2176992
3e66557e876a876c259c40a0,412309805.84467894
078144699729ee0c46f36123,948673497.1936712
fd15189b99da46b098a949e6,657094599.8473085
d69209d7a26bd306bde5a37d,755537925.6826671
89690c80b7adcb8a8afe531a,616228762.2406992
0e0d19168609ac1d75253edc,631585782.7491883
6cd0aca2bc40d83473a39885,488398445.79780114
6ea0d50e822913d0f444d89e,718227750.4952677
39579c195f288da8d77f5ce9,680297097.4063059
bc54f5dc4e9ce267ea592813,617709185.956026
1d43fd3f7fb4e24a0b7c9ec3,684425287.9088063
2566d8588566312ffa4fde42,975873328.1234547
8d27746cd9d2532fe9cfc408,337005625.3587901
95b822f76b4d3d6ceb0c5077,681477489.9856544
eba86391ca00fb217ed1f774,472340717.8095095
b9a0575867a59dc5dcbb9cce,465808003.1674985
0845e73ae95dbd4aec3f1f43,410802859.1619525
419a2f823e87ab67b1311bee,705360450.6358799
552217c633d2562cdcaa81bb,779108897.3970805
4fd7984773d2872e51574ffd,618325805.0233192
a87ed2154a2351cf26f0027d,501344654.61018914
a2522c9d3edb7e7a23a42b74,858914160.4243532
357e58ef96c53f39e267b80c,993464269.1412756
cf0ca58262feb1f8b0dc7b68,859373937.0629897
1cb79aba890b35f9d2a400f6,1375449018.6564896
d5c79ef12f43e2bc19e22fdc,599437384.1109271
776e1192349cb7cf1579056a,559324445.4984051
7de63633c7666484bd098e2b,379451401.6591378
ca1b1c17572f776fc1059691,499774184.24556917
53e94de217ec45ad576fd83b,696879651.7805096
ed5c3d2952d2575b1bb757ee,532759743.85342497
bdfa334bc331e3e547f7568f,915260521.6076622
9c6a01e3c7ef87d27185e9f3,1073141225.7420356
05d9818d3f9f2a5c358d3911,700153827.4054313
f6c990e406b3756ee39b3b30,397938409.379688
19ace6cdfbd8bed6e99c86d9,397938409.379688
6a04f8684e083eb6319b5272,507065938.2397309
179bf83034539c8a391e0310,654401117.2470683
a42081eac6834da0560ea4ef,747463207.0616587
784fa9e78f7cfeca4133e8ed,616117482.7945989
978edd828fc71300e6723e06,595892009.2133945
61d6969334fc63611c810e2b,440055648.67502385
4d592a67596afbca92d26bcb,446830332.884467
50f8068603edac10c87411ec,557515331.5209188
9965f598c5b95b3cfaac50ad,767461700.5133616
66cf83769d16a4d659edba6d,538101195.6032449
9c2c2b01934d1d519e651786,570304045.6392373
2b4913f28d07628bf2d3ed92,933903161.4605085
9baf7967c49fa209de8dda95,691465727.6649641
7a0f887a9426270ff3c24e36,724482457.6357315
c1034173dda31d20c4efbed1,652427238.6912283
c4a3d64de5e401a86395a919,453367161.2198712
c4cef41167a5e8354a61feb4,757405768.2897198
f52226b24ca3d5b04b7cfcde,1142206973.701752
36d5003f0b5ec7f80e89262d,978998348.6698239
641600a4cbb13b35dc7913e8,963441355.0106974
c31c4bd09d8cfba562ed2b41,452550131.8897657
0df96c81adcd6fbc2f7141c3,685774416.400999
4499adb2aa3aee94d1f1a1b3,546520548.24312
4ec06163d39f96baebe11bd3,392820677.57680345
692cc1c9949d35ae11412fd6,738344861.043437
f1da5388b772159ec90c3210,546520548.24312
e7ae63f81f8fad37bb9c1b32,473575873.0746741
d39797a12d9a4aaf15ac11e6,603026297.506943
efc5412fb02ba9d8f604e493,577155331.7263097
bee2e008ee41f8a711fb8d29,663386251.1487908
80279a7533c44bbae477ea4b,525545562.9477694
edc43e57b2905405a13f8f3f,337964735.4200737
751795587d1396e0daa25783,387463114.58853954
6d90801ea8cbc12f9e2131a3,454300363.08241874
71fe067a5ae994180f530686,454300363.08241874
2e99240e23b0542f1cc75026,454084251.3454231
fd6112c82d5808311b08e29f,391074539.5038029
0ac639a7c5ec115b3df8111b,391074539.5038029
af0cfebd54f32b9b92c5fdf3,454300363.08241874
b0015b31facc48a49f1313ef,573194513.0586466
2347f69ec1ce4a3fb6989eb7,579115132.8992544
209bf65e11bd7053d9658824,591248831.4304187
41877a677d1856bf609515fe,607029395.3751131
cf60297d9d9bf1268f35ad95,626952166.7063388
a33800eaaf178e01558ee926,682685440.0259384
69e663ffb4935aecb875854c,597950847.9988363
595415e95e075b70c39d5c5d,561852125.2094691
719679261d84d6b93035143d,615587447.0872695
9f149071cf61295815e3f875,878075279.1693599
3d24d985b95a3e200a734bc2,933650654.4207149
bbe705b86c6ed4da775b68f0,359124353.41322005
e1d875468eea7b2eecbb49c7,811400658.1627588
0802b7e10706252dab8db909,693119051.8527737
2f412384597554f3dab07985,711743500.5796224
da8b5c8a320821ab8ca00a80,632173643.3051264
0f10d20cff5664f9564bc88f,1074806802.386352
ab8699d3c685fa834d7ccb3f,415897167.2705671
85956152686438c48c52e018,1030802723.9332162
ed9c4f4e06183b15b877f077,668972076.4927465
12e32a758e15fbeefa255207,844669358.4159184
22cfdfbff44541dba9091753,657152062.3294824
314a1e163d0b77b0f384da29,369492754.6424972
23959a0f6e27c8c2b4a7f436,639128127.225357
6ab5a87a537d2ce326c867c1,543503197.8382572
d9ebae84cb53d29bbd8a466e,363483342.99615306
9511afb73b656135daaceb43,1069332858.3581833
9231ec89e58a3daf459c5b43,1399910517.5896602
8d97cda83fc7353a86c9393a,1321704688.0405757
3b380c563ed2505b7630feaa,1100608939.8699284
6e5ca223128fa2de422b4009,502435799.36481297
ee30ab004ac5270daf59758e,560344561.0874511
d6fee4f680569a54f4267215,952044534.5870016
db3b84e5b3a9097392a57319,1012021882.312863
cef379fa831f936cad745dbc,654192063.3784933
4db8d32011163bc4fe01d02e,533779634.599546
f842221d74340270e757fd41,932486448.3367751
f6173e36f95ad05b8e94321b,1098271543.5148644
5960f14f2a81075fa66568f8,475720817.5327569
cdeba97450c735185e486eab,738559878.6413537
f9a802cbc802d49a087cf23e,1139762273.5768201
6a9ef848f22fecb9569098c2,703592909.8907971
f3986309e4fc4cde2b5feed9,1126836088.5975518
6c3435048735371c36dd3892,724607418.1293769
f019dfbfa7fbbddec988fb25,1005058269.5849161
4526cb4a2b8238dcc4e496e3,1281343578.8221722
95561bd325f60967cb6653dc,545926037.0671008
9f3e09a3461bce2fee7e1c40,1289836695.2882266
1034b1af0331daddad70f3a5,607055502.2092156
3ee9cfee7b0acd482672ed47,648015870.8408624
adb51a572f3198367e3760ef,624097571.870187
5c802e198dc0906016741026,417825848.8204169
671603ba1f755be5d7219a01,394803230.5659499
001d77bfb387bdf0b53e9e83,686195211.7162639
fd9fda1abfcdd1066a177e14,560662489.0578184
e1e78f3432ea2dff6b69c6c0,481314276.6775217
378e6374da00b72bcd7920df,588477298.1539356
54ec4fd8f49c897c644ce83a,536456232.6835943
a67ef3a182aa268bc4d9ea14,566591704.2372928
8100a4b0288d5d9d9dc86d2f,567920044.8205886
699ac8957d9b4eb7fcfbcc40,595595140.3292584
7b35a3e9f3e67fa1974f5c25,689140768.9062452
6e5383a7f9a68147c2788565,883948190.051258
fca1c40a338288036b1eb25c,1123997662.8881993
237da4784755f090c89f07be,637122479.5706469
21a7c5d6ea818dfb25077e13,705873507.9643618
0cf7dd52e117832b4698b310,730310948.5319744
677c8056695a5a539dcfa3d0,526516337.10404944
e4b85269ca413066323f66e0,1069340894.0464835
9019f1dd02ede61479b62406,631290513.7461132
958f3e102c6ecf5f6386a004,570770149.4311663
b05c741bc5013a7a6abd31d6,570770149.4311663
2c58f2cbd00035febac060e1,693267521.1268828
89d36acc5f617a6a97e02f23,416658174.73270357
2fba6801eb9a7bce7ed2c081,585605567.7643868
45ccde79aee811756030903d,505932300.8320199
5bdb5174517b8faa23df9587,882215331.1320378
36a11817b32bc24eda6ec8eb,461780934.89029026
f1319a9332946bd68db250c2,388022728.32314515
39f70d6b68b22668a0631f37,340161186.9530335
3958d0cb732f3d623764be54,429200447.117668
f67028acda5ecaa4c8781ba6,602457719.2318652
76f50ce5f30cb96d48a69357,533143271.86265284
9e5efd4741a57b9af54e9265,598843247.0344297
8c45ac143f5cc43e9249c17b,426531834.7028477
2a66eb4d2a205bc4474c0afa,709326965.3507799
85cf1ee98e1a85ff4619e27c,668269549.0826099
84c2ab0573d3cbffa0be90f4,689238180.258954
48976c41de22ddaea3f8c296,498772314.4546113
001c03f6103d35389825b62e,600774211.2869773
ceab390b6906d5cbe65fc402,424528269.2628103
79f989fd66108a2c38a9764e,746225476.3798801
cc385eff95aa00310eb22111,759905448.2804409
ed764bed1d05cb1e9a4e67f8,1012197383.1793712
857c5dae475eadef41c25603,562108598.4860094
7148b0d9e2e1e92d41633230,610568276.5216994
7f3e02524981fc7e40eccfdc,355584681.6252289
ccc625df8f51248e3dc93214,383744025.3045893
b38776cf09ec8e90fceeec84,457055337.44755244
48ebc3d79e01061c926066ba,382367155.4763175
9580bf8358095abb15a10c36,332895604.6605495
d26d35e33a0cf88f735a9322,451035861.9107007
b4c2a0a1a63d35a9a08a6e15,652837176.2586828
1bf1913f806bd4b461233551,442906042.4723992
34d1394dbb483e55d1cc2da5,444802147.4013539
7bef2da7f3c160e94fe91ead,341528323.3978559
528014ff6b7cdbfc174f4fcb,540369936.123086
bf1dae54bab00fcd3e8c9ce2,552813371.6368276
f270dfd9ef449a02b6d7ae2e,489114764.06135106
31d6f089626c4fd08536fac0,390721451.1812579
259f4f7fd5d851be70d63633,474918785.50352126
6b74ef5c8ab1df614bfba866,568142052.4411954
7ee7fba3a30e0e7c2ed3043c,633889164.0399334
b24bd44eefc3ccf053939dfd,641526196.0092016
0545fc14aece3f37864ced2d,670738520.8935306
e07eb36210e90ef0419fa0d0,835492933.4738934
3991b04509fa61b36a8f7d2a,719203708.5164955
387af5fb4b4a7f5c3fdcce57,679777392.5490375
6852e8bbadc1a9f4fbcd695d,808324985.7444702
8c3373f9c0372b87ef021512,1001708288.0297999
6123a0dd128e45216f832e3d,702543953.628114
0913364c688d7375d0f7af5d,363265708.25517166
8831ae77efac99a6c58ce05d,591756181.2078222
b6283a5714e0b977110318ea,413521892.38670015
d2d8f5356f77507f8839280c,590926860.6777625
f36bb15462fb29f80b127458,917825084.2835884
7abf9cd6b26e2e2bb6d91e5c,726907302.6445653
1a5f6f7e8b7af9d48644f1e0,529019657.4606756
8e2a5f8431996ae0db65d0be,607954624.986354
29535d858fa3a11792697820,910457066.9257537
8e4df02eee6cab9bd1011987,481191866.6235729
5a4039f0ca12767138ae585f,366226849.2659906
d84248b3ce8ff6f5fa480a83,355251002.1607318
5838e86b74020a5bead56161,337241826.116291
02091877f01c926c350b013b,451550618.7504339
df298574e35dda90fb568023,374503685.5294844
d8b83253855448caa81f7780,444760840.33337384
1163ab2c0bc8c998e121b922,370613819.3230358
14f9ab54432e5f54a50be4a5,390034018.9886719
f4e0fa1172c1d4b70b6c4d73,358765742.8635282
4345863fe83682f6091d8a77,416501773.9884399
6c5bbbfa3a1515e5cdec9ae1,508203941.2022922
742da63af109164c21dd57af,509761966.11085236
fdc28a68bf8a5bc86288b4c7,618555596.8016458
0f4b077de4ba5f5db6fb0065,580979143.5116533
320ff6c0320674fd278f6fc7,554117993.6335092
6acf9cef08906fe569c38572,621903697.8976163
853febf898a1dba351d6f917,476951396.3299142
8ae41ff6a828f175a9f628b2,537542002.6008395
56ae6108c1b53c649da2f6ba,508203941.2022922
aa990d4e5f1a0fc4f0bb29aa,473790595.718138
cb8b826e929f4f8a8e3687bd,561961005.85344
b85a7389bab2e651f05369da,433032728.27315485
1fe929afafa91bee53df4e86,383660426.0534146
02e89c055b7692dab024defc,474030260.61239547
66bc6e56bcac9bfc4a7341d8,914174744.2760013
63cee15dc4a6808616a2c2e6,610186624.6226995
9a889078a0225c013570609f,481229326.5776582
3548fa5ad26ba2ea999380a0,571456612.1827193
d9d8aeafa748f8f1ff2fca22,585320068.6221592
9e2c21d635fc25f7790cafa9,458435839.3177923
f99adfe85d32b0a66f4d483a,640624779.9722531
eb64fd330053a41ce5be4a7e,566535133.0473932
ea8d704272b2cd066a7e7867,634025408.8575212
e7c92ef9784a92c8b7fca693,690443179.96659
a9b83e18ae78d307d1b39b15,786870445.5423008
ab8d6823d905f1f0ccf4a75c,615275985.2673467
8447ca83d928dc34c2e7f9fa,639661946.2022233
5bd24b842a67601630036d0c,679259337.6444292
38d5b9319bc16bae99fe73b9,602330708.9732507
e1558509b120809eface5b87,406095478.4244102
4b8d7217da1b1f225f254914,820943869.7574524
09e0c3a1b90d46c361007323,566535133.0473932
d090a9e520ef74848bb060a6,360682917.6222679
07284e4caec09fbbb16adf2f,586562467.6356623
f8bb20be599b79cbe29f36cb,600567777.6923813
07dd30f04c5953f325df9aad,571353300.5108578
622872d345b4b0d9c1b9302f,601794419.2084798
fc9151dd6f8850502c747bab,622203326.8327968
0fdd03a2dfb18e323d96f468,568786648.4705414
ad7cfe29b56c915dd016897c,458387137.33877814
f40a182d82c489f55c64ab7b,1117271165.7914498
fb06aae0e711d628b16eb910,743899298.0734904
7dabee85f750266dce02399e,1120023442.248265
ebcab2f8506c64a461591d1c,700120984.5135741
340f96c7de105aec5b7a28b9,697591994.535619
be1c6023731fb633c4f41f96,367460510.4614407
d6b051fbaa13e3d92a798521,623004923.048719
bd04c8b6b5e381cd5f881379,588168952.7608604
2ca47f5c36ea5d1cf00dbd2f,636624781.5731051
3f2c18ea5d8e9a25adca4c42,596565910.9261816
5bd59dbebb0d6fa71efa4c66,612612446.1234112
bdac2f1c4b306a7742f60ab9,619363702.8933942
a0e26a9d56cfb3b7228e5d75,568561313.6745077
933740e21e9b61721b2c6053,688431493.5360292
a3b9c1a3b81f17e6b22b6152,423193002.8235817
445e241d8bfaceb149609d6a,482433077.06990016
937f0b37f566f65a1871615d,563707473.2220874
9a76a405640f670c6355630a,577899098.0185473
7a0f351e8562fb7aafe6e714,391339889.84351176
4c5b79f3656501fce2e2178d,513032548.27526104
201053b106a0b89a0a47e2cc,380019273.314952
724a5f9542f86cc43334d3e6,389802719.2422953
afaadd87a196e04b934e0b1a,362918543.7630309
a46cfad2458ac7ca4134818c,446249260.01632565
f640eb21bdbb9369acc4e863,529150028.13653713
8b3350aaa66b9fa1c682c15d,435729514.0093911
1340b0805cb34eb9a982190f,448581574.2684563
055d5ab6b22d4d0ac325fe73,471956114.9797454
faed63c1287896e97987c4c9,496209531.4874751
a094be8af52cf76977fa5083,495603303.1978798
feb3384733ed8feeedf9ce8b,495603303.1978798
eec4d59429b1d1bb75b4d686,520702702.7303932
3e9754a961d2cf348c9ff7af,480228597.15922564
8f8a92abd28c8990534e847d,426520165.07809347
256491790d0a2d5e1ebdc2e2,480380264.4152856
ede7995bc4e7e672fda4fa5a,599118501.4557337
9e8a11484838eed1f4673a32,551419263.6974944
8aad5795547ade3c804c0ef0,713571964.6695834
4ec4683fcf928d9fb33eb7b9,534719633.59091574
ee18825bcf4065d29287b54e,671326861.8700331
485cd615660dda11586f797c,684927130.090561
8b450ea6c21fe0b5157529a4,725787867.9996789
0d45e78397d4bc0d363be47e,579750311.9206928
bfa4cb65827c4ebb91478e53,629304810.794177
deb2c93acfaf6994bb3c0608,618943903.4880544
571e1a8c252cd67ee0475974,702462753.7880499
04e337d3c692f3429d47aef4,706216011.736685
cd2913f013727119158b98c0,671326861.8700331
ba63594585c484bbd20ed3a1,716747916.3989354
beb7b99cf12926d8714d1c5d,621720292.451735
0fbc9e52ccf1b7ea8136cbbe,634741462.1196201
f36031f3a3f77a3fcad337aa,868253848.9925387
7738f18d533d0f0379e3a06d,1056049788.7281388
20c3cc21b44eb37d0b359c1a,872610341.0266088
78257e76c16db549022fbf2c,834559703.4752052
4baceaad0b0081bdaa37473c,979392091.1188338
6bbf67d88846e94a63014eee,859416478.095835
edb259013ceb62ad9b23eee3,860408559.3628287
ecfe155a407ad2c2f74522e8,789105747.0860043
6906a20be4962df7725dda7c,989009102.114283
5d86b884df3627d93f206952,1072855989.2168796
cac3eb4606346268cea48e32,1060201451.4033688
e7439820086f8d1cb13d7c9b,733628352.6033825
b940561f2d48444e139eaf71,476201372.56408066
4433060d0fa95ae1382f2de1,421408878.86972123
27dd503d4fbf4d5f5d850d4d,642020463.4948721
42a73bad238f2d3f5e376044,482074146.1770102
2b53b13cd912f353cf9c4757,657594757.8818173
4cb59b46927df31150830d5e,530323372.44601727
2f3d01cbf0ee0b985386418d,405878027.2137947
d12e6de49fcca906c3586994,344271390.619318
8f541a839df1ae79d563427f,416513627.9995482
ae5ff2b5eb4f9ac44fef666c,383013991.13947386
ca77a424800783bb9c5c0450,410524556.4950172
c0ec1e7ae2c6c3c2f2ae34b8,505229821.15002555
2372f7c0499de8aa2e5ffa06,699850948.6894772
46de3fbec5bc6c0e256e7751,482258218.66241866
4d8b338266822739bc9c8fc9,792370179.0225914
86d46a3fd9d7bbcac3319829,728659887.271488
b13fce1462ed87e57ddec917,881177270.369078
625caf4f4f56f3f6bfd3f786,385026584.7499178
2214e2c62cf8d2d14f11d47c,478069888.60108906
cee8fedd5685633435d77a06,625013946.5731351
061386497cc2dede3ea70b1e,369117482.81388736
3ce50f34a7974ec17178a79f,513421918.711585
855ce1721230ba103fc0ae84,428640151.1683147
ff3b85eb538fb9a7dd03f459,375620539.95389616
111bf82100a6fab0c9ded743,538667234.9687585
8877941794810464749ba5d5,590430871.9135761
1122a042822658cb504dc147,538667234.9687585
d7d924ec35768a3e6bd39b20,437455258.2176932
27cf45528b4266162f7c9029,498540148.5125348
916f946082d03023ffad6f2a,561887733.3129492
68181ef118970fdb1d83f030,956913246.1707073
2f0bbbbb466fae3fe5c4f614,437585149.4253819
17c8b228fa2591e3a234d55c,411455081.30826783
e5d9afdaf318dbe749bf9950,411455081.30826783
ce2cce355f493a75ab59b242,394530864.8859005
b6825cfa2fde9b42fcf04c59,581875938.0474937
6fb3e33e16eb81331d389ad7,449066968.64839226
e29d9a401a246c00f5eb2413,543640630.3834383
fdf103976a39cc12f5effaa2,543640630.3834383
d1526bc5e5446680841a9cd7,954956258.073856
a96cb9d988f5dc99bf5df4ea,954956258.073856
760125efabf13246774a9f16,853905524.5378578
229607e2faf76efeeadcdfce,446014812.74277604
f14b11d270282b317d9cbadc,729730672.6926893
8a41638edfc5183469b6c43f,378087883.1434901
ba249dc7eae0609f20ccf234,607917891.2056223
0dfc7d77d3dca86a221fe62b,1018768080.1059865
ed7f61ea4c9095bd4aca258a,536414814.43984735
d2ce77db7cade7f2c6189002,413521892.38670015
9d18c354e8939c9f18598f22,377465958.12117743
b95689add02915dab555d9f7,1052055137.2327341
1c35d9468cdc55670d48db84,529046756.4004194
caa4aecacff2beded2e76beb,434889721.805982
017487de3455d9f642a7fadc,616886656.9791754
8ed9c13717d2bb274a81e460,843429850.8978231
c2eeb1cf0549df1359ef4dcb,352376584.25067973
3a413637f3108ddf7bd53bcc,408899916.31719446
145a241c80430b1e4ddebcfe,401485786.80034655
c954618c48b70cb00efb49fe,367400780.1459875
fda6cee77fbfbce6ec0eabdd,632239286.3108677
b92c9c464e23f8b987290769,460689417.83264095
d81b170177769c0121b8935a,585320068.6221592
7a832790d068e1e85182b5a5,496034985.39611197
462ced9cfb28550c160e5664,608121651.4090171
edd9a278b86b1c56e237a0f3,369891466.412718
fe9b6a82fcc3266ddcb3e36b,591756181.2078222
fa74fbeb90bdaf8eb26f8329,663431681.2979889
a70b6661eda6ef616e19dded,533821267.7485622
cbcf4d76223673724b0f9811,355468535.0718015
ba16ae6ca55dc3c0d5480944,468743419.179577
3c840c206546c20b3e53d4fa,530720283.6006147
c61076b24927a46ef506322c,607062571.437852
2e797c8302fb7ada13ef2d4c,874854111.5877144
3c9e3b97db788dcd10acf0e1,687607635.0949391
28db5acb7b224d44e3d7ce80,548872126.2034082
c7aad87d39537083a5620757,515101067.246894
099721566fdd0a32546fedbd,509535339.16327083
bc67f29c8679adf31353bec6,929159957.6701337
eb40a304997a6e66c550b704,722661136.367652
3882da646752a82db088c614,503320192.8146813
68c319925551b9484778bb65,795693513.7419362
711b570ff195fb77229deb35,663995849.3033606
e7a2e8e1c22a52f78ffd1b19,648418943.4902109
814d93fc94b4de6d3a860bcb,365984544.56809276
817da44fa842fe304b93c199,356417956.0932513
5cb29f5aaad14b6c33813580,362918543.7630309
8a1105028a1a1b83c5080abb,416329180.0709063
82b69c38d041325a4bb2fbce,350406667.6902917
a57d01ed5a9641ad64f7f032,448581574.2684563
90186e67d802be6d12eb3696,508292435.3735766
f781bb1ed340e08b23258ceb,511392082.82441694
db05818b6de8d77c1c3fd053,505399295.7252739
f4ed8924f5d1a3e6374715aa,756348135.6227732
d792d1eec60822752c8d52f1,519936452.6222383
47a3c63f65a9794384c655dc,471956114.9797454
ebacf31727972e81d0a0d904,454721427.651281
a759e4c03e49c419c8f0cd2d,527985663.6929045
0648a4bd7ca088f4b3834401,741367302.8576264
b25734bf3ca94e775f467e85,405366144.9582589
65a8795e7a5b88acd7a469c4,614384125.2975028
b799aa1dd2de813ccad401e8,790265725.2149146
c01440b8ff0d80e7bbad715c,722334070.294441
a20cd5193779526b43612ebe,551419263.6974944
0cddda1c211fcdce819d5f8f,720735208.6045687
69bcce6b58fc3702580d3234,641534212.8868489
ac7c0c806b57e4942d9ead3e,758046717.5902964
aa9e131fe4e7982a374bbb84,574859986.6211554
290725d6b15062397597b954,776846322.2771789
5f0fa37b7c5cf77e0508abd2,1053828179.9585253
c76f482d2a8f8db5eb79ae89,1162579700.4084911
f651cc17b051c962e4124795,719267623.8782567
250d84aac8add089061d3204,810626924.2430874
d3f9cf66c1c05f55325b894a,860408559.3628287
7198cf5aae5d0d5ba2e43b96,834559703.4752052
766c7906cf0493736436fdea,1156242178.5308523
78f670c0d7a26c0323281ffa,880470105.0711575
ec0eb8d68807f52b681f138e,888041875.1178569
446138cfd3749c0b6715b0c3,595111569.4249314
64b4837e4550ce39f2f85342,733138750.4624454
1103c663f6b5ed0309a767b2,649150715.6397566
b9a573a3f2cedd87c7dc6477,429581292.31953853
de54862f5b7b8ff345c6b297,391386080.3411763
16b3311b337c0cb9312ddba1,448581574.2684563
a1c2003dfcdce97d21f9cd15,471956114.9797454
262688a95a32f10fa070a887,389122236.3775666
8e374b19fb87640c56243088,405366144.9582589
4032d6a6a13399797a794ab7,519936452.6222383
99f1712af0fe96f67d11037b,466927313.1917049
bcc584e6a08822158e2a1454,519423262.443012
ad14f4403926de76de2604c6,333923292.9570991
01f855427cbe3eb51b38288f,723359345.8684933
4673ef4fa28aabb0fe61043b,396028830.29082525
f4cf541f02d99ea1851b9f12,443219623.7912168
bfe19954cd4680149c682587,472262605.971311
fed8f3bf4a2d7a426901706c,641292926.5192997
480aa7fe286f4aa31f56d4b9,736399610.9115151
1e9850a50070dd51861a5e63,590094999.7536899
e26dcf5836f5bb53553cc413,671311447.2802325
c7ac975025713f368bdb0af8,670731896.1181751
73fd5bc0aee47d89a160f5d1,606955315.5034746
5bb9dac6e0e9409e89aa6cee,744734986.1085308
9b15aa6c85804621f5c42566,834559703.4752052
199fe72cad28e4554e359ff1,979392091.1188338
b28ba88f3665a2f26c2f8e47,860408559.3628287
453ef603a66a34f17ae22227,874166312.2364422
d8f4955ed4fc363d6d9ea897,951178147.8396814
f2eca7e3226f625807f7d6be,1387442067.0458944
361ccd7f37ada9c07ffcf71c,972856771.3796154
e7d1ee027da436cbaa122f48,1013294720.0902251
554ec896fe4f9d8f2e8eabe0,1048420261.4846936
ba79c72aa8bbb0517c899b59,662103425.855878
69dd957e78fcdd4d8e874acb,402207134.6779174
df91a3c7f364df5e6831f2de,420848307.9925686
77866048ba7b69532d0a18cc,639604309.8122232
a792bde8819aebc5b2d73a6a,660619684.1103797
6293e4a72b5c84782bcdbf78,557959659.2079611
bcee01a5d6a36f48d99a5e4b,614063147.2401152
c58b56f1202d1cdffdda3021,534884133.5716149
ed3275b560f020baeb9ce3c0,419732573.74971825
2a872557ba401f4c95e0ad2e,583579628.947627
6b8c1c7c855656b0e56f0bb6,829013560.627078
d6297cc548b16bff11eea51a,899364299.2843424
dadce7c7a446a6a177821b73,639477344.7952077
f5d9d8082e7652e97973e0e4,965869639.5077432
2ef9126614eeef828f797e66,794695792.2247465
c70439fc435337f1e8fd2f5e,1035144210.0529124
79631cac54b1e71c1022da12,1437516968.0763643
6fca3b70ba2c68d9e0d2540f,419095681.4434543
5b29d453bd368190e0e356c2,471357101.3258076
25995099875f0ee622ebc31d,670477885.0677285
34bd7be0761ab3d43da7a81c,463297922.41321176
b8e15d182ac0c74fba332b8b,508669121.17455906
901e3b835718ccae27c8831b,542034375.4933307
e1c7a101e5d518583f9a2a7b,813663552.0799603
02f6ffcfcdd3dbba94dd7b33,1003108002.1366622
2162e09e137eb5f4a1f32b16,455506531.4395811
5eb815f9023e6eb97786233f,1276233209.2140992
d2ab14487e0ecf640a785277,623523302.7333311
437167a9db41b677da7d5a7d,451186832.9356973
c3f889c41c1effea85bcc706,405970699.4788807
155da5ad9ad19d57a7632cd0,565290436.178717
43d1fb0646562c3f1dd6fefa,583758769.9192642
8eb66c4b057dd4b07b5fbca5,547819962.8354468
f9718594fa52500c16e3cd71,616714515.0090779
d9c46d54ba6df0d21ed4ca49,573232522.7785283
d3f688e0deaff6648f2925b6,373828361.38487864
093a92c6846c924f88ba8750,933633704.0700347
9b1223cd8c9d7b348d6a5c94,1014929945.8588265
8209afd76e36d8b5c4f7a991,378617827.50160927
29fd909e7cef62de53430e1a,371534598.2422162
76df3d616d8bc1de789bd83b,409414092.08301306
8aa5d44a72b2a6851d14ef86,550704087.6219192
eb4e1b72abce1d184dd4d5e4,633083959.5581304
2ba24fd47c2ef8520bccf6eb,536032065.16950446
1c9e38cd216595b33e283134,562295450.6884933
2fc150cf6ea4141106bb8ac4,348841662.0906344
8dd46fd8ff592358e4c3e7e5,353620716.6890932
d5e001b2f1dad3962cfff9aa,393302809.27543885
6e73e42a0d2ef8d6e403112b,356872444.11280733
2537dfc786054c61eb3a80b5,693530420.1089833
19c77db46d23e0c07a06a8b2,384820648.6452821
e6424086fe1cf2a2931f4847,693530420.1089833
66526276a7e8da597683e8c9,578365722.6410086
cedd20027ebbf47baaa0dbff,578365722.6410086
ac7c323295addefb43c62acc,539171946.7885078
a8e74eb5eb523143cb291cea,532760593.2799673
ad393e9070779969b496fa72,730093744.6316056
64d9dff81c79a16579cef2f4,1039675515.3824725
ea91281d5eaf6b8f436d47f6,1039675515.3824725
06e59cc783be86bd145a56c6,562295450.6884933
7458171e4db497a4cc1365fb,889708567.7270942
12d73fb8f4ca87b19ca46231,539171946.7885078
5e935d4a03c6abc86ac5adfa,1004104968.6162201
2754b4e12a7604efe8e03f5b,924195378.1493264
9ea7a0d65493cb5487ed2084,467651017.6489904
7845cf57552577b059dd13ae,388299519.12401444
6e710984bbf2662a9cc7bc4c,378137553.2341587
47720fb9e2586dced75db114,382876814.74760896
cbd48f3342e63a84173a8dfd,344444292.4674444
cb83c138aefeadb184d2c7e0,522137272.78620774
397d4e490eb2db8a1b18051b,442450785.873147
4f65732875c007d3c1102140,364259761.03248185
1f8ad363a0539a6f2455c3fc,341869015.87685275
9535ab027f9f2a9a8fdc21fd,423002931.5273793
248993a27da888a6e3ffefe4,466889161.3349749
cd07b4553b6d3863a9e444e8,473575873.0746741
f53fe605b0a2857cf3facf73,608687501.6379741
ae48e30b60ec254bf0dc89ac,428051278.0492279
2a0e902f3c07cc9696000177,497491655.3228098
d57535248bb34f65ae678a39,566258118.3381261
9949cbc958bbc0114404960a,669459396.6466947
841c57617a075690ce412083,623880557.425792
9fc4385ea76cabf741d38789,468796822.9516093
0367da7dc5374f1957a1b7f6,738594101.6810052
7703f868650a8252e954e457,664632894.5688398
4cb9319ff5adaa62386b713b,633044985.7541908
dbb30f9d010677de2aee1b71,856682401.0755872
0b54c51a787fe58bdf677658,1029318394.7203628
5234aeb6d817b8ad876e50fe,671162726.3939066
77359d0d34ba4c9d825e46ed,466467873.8172807
b84795015be5077f942f5170,477595081.79735684
75f5290d61164d42b39d9d51,513959611.1463426
b46d50c84edaa7feba938671,633044985.7541908
be8c05b72ee7867fdcb05455,1140603586.228566
356712646865d98127b92a57,597961298.5094293
ab765acf8b87daf1673b3a97,590907369.9796494
3a2cacbd3b4f9a23514b1433,1057319604.1769378
3c6d485d7b01ddd6147746c2,540741658.6676147
054cd21c3b12f165bd520313,685913224.3142724
e114160e3ffe6a703eb42440,535916010.81455743
a38b2d75349c56ce04f02a94,604009082.1521965
71fdd2b1214b9371ef149c1c,843674887.5768652
10970057efd092c98037498d,430880497.37152934
7543d0e85e6328ebc8283d75,549656624.9424443
db1cfd89dad114c11ab2d409,819964019.7976418
760f24a443eb01721c6ffea3,1025114781.5354272
a1508f30ba87423e7393b4fd,904418551.998554
5814dc311aa87b24e26aceb3,657934399.7235575
f26c2bb4d5787541e9c36463,1052902759.7273238
cf07a5af6ee98d735bde14bd,635029122.3051052
8b716c3dca89b7caa7db1aad,771492366.1849425
df89e7dea6c313b0cc262249,707524565.396294
3e2c1d2cba8755ffad9cff27,996385308.4161314
6771a8c70428fec0f21d51a1,639749395.8736732
d8171d498291341094daaa39,973681414.2349495
3d43dd23536f843c2c5bd268,1344227332.3856785
785dea91d94ab384bbd6ce3e,740675438.5827197
6c316d2bb84fff36bb01f14c,1257371660.715333
08ba99aa6a8ee752209de6ae,581410399.323115
d177236e8c725d4405025916,1073918259.3856034
9a6b537a7319b3446977919d,1278815378.4615142
e2e7b03feffb21bad63eca2d,696276025.2300363
f2fa898e1bcccbdb92dd91e9,793764135.6834062
2c340ee014e39ad0fd1309d8,1128638473.361126
7ee83e5d70855ed21455b6d5,908239528.2166097
fdd4b5fcf9ebadf96545038c,643537423.1260712
512b4ad817c387bed877b7d1,1302345111.309883
3ba644c7be754c21e3cc48ee,768826097.2437598
cb38dc837baf3e0531c6c115,754257522.7944654
5e931fda1e62fe41ff0f2ba2,545548301.311278
0ce9a7d4b0682dbbca68e070,472923254.2854954
8d114cef336100a8d8c81ce1,865324493.639282
ebc3a6574ebc530ef715ea7e,852270972.0215149
4c2b14bfeacd87b878cbcc92,578565300.1204312
577b17cb350bd2a646725b6d,983751342.141843
0dbe463995c605bcdffb133b,430498873.335203
88f3f39ea06fb882c69bbd10,389652757.1390543
e54567ced41a40938b85485b,682926290.6896123
cb6d29f005078d4d4efc2d04,901876464.8958132
1d0919344e52b315441aeafb,544889132.3715622
62c39ad30e9a26d8cf3593b4,951542875.8321053
a02bf67aecbac445a12da958,1177145858.1442676
06baade01a74972cc4a419ec,679104474.5983882
3943b64f9550a575f15d6d29,947698267.7132188
b62d64605362afc574ea5b0b,1075925490.7874565
0ef45eb4356e2f0331ad2457,841930822.6045476
6700ad4d4d7f70def59a5d59,842688830.7774768
19ad2fa7e170c67870ee58f7,915174903.0278802
919c1e281329379c4d130416,1024881528.4341898
8a451ef547efb90a8fcfa6c8,848132893.6765625
5c208e5c37aad07602f7cd7f,390703810.2664139
164fb89266e40a2530400599,373828361.38487864
5fc0f0c4fa019b6f1b2a016d,452248019.1269108
3b16ff50ec7fa717efbd62ab,630019688.4363536
30e6d4e1c53e9e81ff66df43,430880497.37152934
cdae3bf05372c13649a2adc8,549656624.9424443
170a69c11cf4f855ed015bed,952507976.7537179
e14b31f8a454e47c383cae94,375019433.2279748
14a8134a56af1b328321cad4,459790683.2430019
ea8cc21bf7d48979bcae1458,549255892.2089634
c287dbff188e95f833ab21f0,481388220.3484941
2cd0b2d7561919f0223608d5,378137553.2341587
1acc5749203f964fa8b2092a,390102629.03561246
9543c16bd5eea47111e6b266,477595081.79735684
d415dc486936995f8b3704e3,466467873.8172807
ab946dfa5b9d7214a3756978,740675438.5827197
803711fede531ad1621a6823,682926290.6896123
f83f29f28978d7dd76cf5942,578565300.1204312
4bf284e6ba81bcaa21a437fd,679104474.5983882
d8ed50fbd5ed46d36b3d2dba,396914784.6642452
b40128f5e17574a5d3da9a32,711788915.0404223
506d4cc6613a07c313a12de4,609602630.944442
558b7d06789a1c8e488c38d2,646116257.4282278
38410183814a757520143737,742171136.6523173
560a750cb6f8683ccac4563b,539062660.4988282
48740edcbe275bed3c82efed,559518570.7624743
50b2bb276e598c9cfdb42b0b,622169739.6293253
302adfed183564312f9e3087,643537423.1260712
063e53d45e5e7945f1f10fc2,793764135.6834062
6e2c39fbeb5392e6aee9b644,1033685492.9638836
8d6c523d4100ab0c83a31fed,1039520685.3563569
6d6aaf30227f16b2be29e79c,904418551.998554
e73e5e75cb18f52dd7239361,639749395.8736732
dd625806063f76dcf53582d5,983751342.141843
a4b16572b8bb786561baa3c9,1257371660.715333
9446f801f30e8b2997fbd72a,1119271337.069195
941569c4352c3a2e32c908c3,1062254552.4870021
8b4c54125d9165554e4123a3,841905407.6475424
d50f33fe5acdaf5caf1c6ac5,366179337.8702338
46ff039321805b51870c64f2,672966872.924709
1ac6c220eb690db798a3d4d5,688751754.6950098
faf872c4bca132b52dec368c,702982989.4681697
d92232d77f7a124e7ff13ee9,870366658.327226
f9a136d7944cb7768b598a88,376075196.60396427
e03610db09ed7315cfcd64c9,412514192.75391877
8c51f1b43f15b70d2a294918,389259379.21712446
21d141a84af5f0e2ade9b0b8,532022689.3153543
55c7cbf5e572d2342d0d7071,654011662.5935249
54c0e5e6d368ec51f6e75c1e,591756181.2078222
434ff40bff8fad0962ec07e4,806170256.635659
0a199d5741b5a6213b39b793,756794139.4511693
9931470b50580f51e1a4fac7,664590540.3383448
89498fdf642e770ea75be7d8,579609691.2811446
aba39002de605f9ff34bd542,800238438.7557362
0c1c0ba7d75dc4090b7183f5,575648424.6030523
2ac425aa592565b44b25cdc3,730449945.3298244
c0cdcb5f860e3a974c401861,578769354.4100089
4ec741bc6ab20515070cf1ee,585170050.9356027
3d4c48167a8de8cb0e4956f6,593231583.073417
f5741fdd9f509d3bb02e35bc,568117898.3701813
c1d0c0846ec652774ed5474b,756546160.0511346
ed2c02ddcf0e54789d9d2675,1004297610.1781696
0e05eba6eed4e55e89dc5f14,937893173.8428477
b29e5a75740c8439aefc9321,876908023.0003376
218445f989b2da5eff4029f4,837192593.1780424
0c7da0c2613129bc322b1da5,889536732.6712112
a41210034abe19957b317d1b,917597062.6232119
0cb4217cde38e09571fa73ba,1113760933.807851
9df0663317db1cf4121a222d,743899298.0734904
62be98264dbfd418ba21cfac,831881752.7535787
939ce1536f15c0e6bf203dd4,754400162.8655647
d9028df78f9b14a720dbaa8c,754400162.8655647
b05f4b5fae2f2faaddb377fb,512713964.7082736
65ac61968819927b8fd9b990,518923083.34047586
1e83b53963792d7445e19d27,920628486.1314017
72eb1af691a950fbb7e8d635,483034938.5257779
94fecb92077ffe3a72aedec4,547029165.2388468
f660a48b0eb17e98dd77c0bc,594646293.6063288
27fe3fc3838695ce34c5d287,432411641.82794493
9ff4b1fc1970cd5c102cb755,1132070858.0731163
b54940561992090411749db3,350483859.8163472
d4990842f549d8139fa94c87,591478839.8150116
f6013cab49ef9188aaf87972,585320068.6221592
cc2e8713dd087d3b842d2f11,623674607.7251508
fb8aa6b6c5d2499d404f3f73,470111993.4091425
6a8b9fd89b745a52703715ab,426414106.9757104
4721d06c49413558bda1fb68,348447233.92093676
0100b3a412accebf6a3aa4b1,365511375.4972982
215e8852679b9cb6c4029ce3,393494421.59076244
0afec1b2e7060b99dbe41a10,356523623.38321733
4ff17c9b88aeeff105b8301c,420515135.5982723
6eee8548b87c9349ce90ac2b,426458830.6480952
9b264d26a196a76951308cca,515975438.43898857
945fad7539481410e8bb60e5,412514192.75391877
f727924f0f35ec9fb58d0c31,429907826.5120871
c7876dc81e250503076f43f2,504544118.5160158
e4f3e425e9f6e393999d7a08,417996537.2277906
cee1833e8964355b9aabbce2,453811085.6831947
9a1819c45b01c341647a2410,452971904.1899557
ce95aab452311a0cc27e0c7b,471132581.10819376
e6eff72b7c5b0fc2677af2ad,369891466.412718
3b368c10d243f6bc9c027061,429907826.5120871
510c03bfb80d92d180803887,441753396.23435956
664934c8e209352d2c79c971,415258369.4696513
689ba3a92dd7c12f1965031c,524399579.4659946
93d4c413d2a1ac59f1b46830,536345824.0927191
08b09c586530266c14e611f9,496925124.98815274
7157dafd306fa99e4c2ad233,422720486.36720896
74e15493f395fdd312d50cc8,458481443.9312931
c34c94e7129f84267a5e4fd7,488154506.9830321
fc0572d7185e132770c3bad7,601013442.3528819
5c1bd88edef0a4146c871fcc,682125220.862415
a28a31f7d0e3fc6298606078,631258510.8136405
f388112376e68ccb2290074b,680292177.3976299
05d1c33ea8c89ded7391ea92,622505157.2726138
dfd84193c81ca8430fd27ad0,601013442.3528819
8b89813a4ae5f9209f854be1,608524405.7506976
d7b9566ffb28c753bea96f0e,596150068.0416685
8062b4109c12a95dd62bd43e,696856826.6133682
6d305d6f3e3c2a53515d5f6d,570098313.2905507
ff143fed55f12a0105f9f88d,696856826.6133682
0fd9a2a99c44c9e5565fc17b,560309645.963645
7f85c59323701ee0e75abb92,703823256.664837
19baa03dc4143a83920a7d2a,771824594.7411634
bc23ec33573f28442b36f60b,661802692.7194937
9957e5492f63fa295772246b,730449945.3298244
62e376b22a4cf0d84b7f6bff,591756181.2078222
0867853879129bfb46dae700,591756181.2078222
92c5129009b7e377fa004a93,482578509.74436826
6b9d38e0b9a3e28e3e695be1,830876660.4311719
b6da2728ee41d035da57c822,919269481.486337
adf5879151c7236f5e055e1f,972775925.4145191
bb31607d0bc3ee4a37fc912d,913634382.5392566
3ef8fee6a5cf42827d8bf562,893048466.9444442
e6016afcc032d20fc9d6f2be,895932780.580273
f3962b552d34eb8bf38b4763,979769751.5162162
bce7369d51094d3a9d3495e6,1018768080.1059865
55bfd350162592f2571e3a0d,817673729.4695165
3f226452520ee8f04e306bb9,917825084.2835884
b16fda9be5edaf4cbcf07122,830876660.4311719
e6f5ae869a5b7a30e8f0fd0d,948414334.1985542
ab0babf6941ef43c35acb951,860612301.4943048
3bed16373c8ae820187e3d5a,974814983.5548341
bc1335d419a1c0f6e6860470,1143746231.0923626
98575cb25b358dde32ad042a,1068340725.0513711
fb50f2f13a30fccc3903577e,1198773085.7406926
7a608479334951a3afdc655a,860006670.0295799
9cb40496518bb99a7a00a2ea,1269179991.748955
a69ded1c20e05bd6b3a90028,621397278.9292134
71d422db0c0c638e448142bc,684425287.9088063
fad033a3c81708df7b6ee73d,685075995.7059224
99fae85157be04554b236007,407806463.5731058
dcd314dabc7d162cfc29c81d,673194482.365403
1c65d5172e53b4c7f1c4d6a9,721425639.2528235
cb6d4db44c789fcfe8236b40,723967146.5745426
ee2c509989c7155bb472c5b0,704506773.3459141
73b60c9053ff8193c2dd2823,493436548.0483025
2a487cfffeb12837a5586a41,365536601.8949336
c9d285946ffc4c4b3ee95da8,558856777.0163647
6a21be8a7a429eacb1de8c1d,629690086.6156783
2a7fc28219bee48a2368e730,727801534.4664465
5b169f28ea1dc473ddf11580,369859798.4708549
58b3ab31de2f9fdb0da0dc8d,497905372.5853748
2054c61f0162a18c6fa2291e,370481711.3121463
39940234a26e7264b464450b,479374342.20935327
550157aa4dae5fafc5d795b4,775605629.5959859
ca87bd8401c0c7bbc4b3f286,767853664.5110406
a8fdb6fb681aeae4d5c22f9a,1041426312.3016702
998c864a446f06d114f42fa2,930133323.6348709
bc57535516748048e38d4a2d,1082745051.7029984
ddd55d8001b809f304883ce4,387046973.1236998
b9fecb3e6a507ba17764c303,370704870.64345086
4bd30aa3e2b4aa077ae27490,638258003.2920213
d7ee2851bb69088f851970e9,469725969.78866595
40eb0c78da8b51b53548d914,1126064875.7071273
1097d9a61690cc58a4b91e62,771376605.8641119
6aebff5b1fb3a438c2c7969f,440162334.6575163
af672710affcd7e44eee9ba3,361992980.1879558
fbe3b74f9e11c829d4dc69d3,1141798383.6763062
6b7219005737d8660d134ace,998590292.1412923
042bd2cfb2d33467149ece1e,637944407.3317455
d5999beafbdc8acc8a6ad809,612095173.271806
4ba65b1fb8d8ab0a914b0b8c,485183916.4859103
230864c9c9c5959f9f0d36ee,361415558.1917355
8520fdd4f5fec0ba861ca9ac,362955093.5235398
447dd594fdadb1b12ab32e6c,445636138.12478673
3d405df6e5dd012419f43ba6,1122516628.445772
e120c33346ead011ab7789ce,512475607.2532272
505740f7746e0154932dbdc0,557302493.5217192
e9a427f23e80fa59d9d517c0,348192527.24054664
97388d009acd9e5ad49e7c4f,437947210.0187078
a100f050c34e438070ff487a,432002685.9502446
96d14a1d29b7abc2cad573cd,531047495.8130403
f69e25355ce3887bb1078fef,469139855.9540032
86276ef138e0babab9863276,497830074.7762545
344f3bcc1acdba48c12f8441,590312549.5732162
f3dbdb2b69017cfa026ee18b,533553718.7647381
ba32f2964e8b68ff5555fc34,672969391.5506176
fb7154b2dfd2a48c13ef70cc,705098524.3044866
089dc5de66c6c4132734b9c0,734949468.6830366
5c2ba5028fd94a6b9859de70,396987880.62432766
e8544410d811163a13c6a326,374910300.25784177
74d8df07206df08e8f3dc232,642351238.8272198
6fb4126e3ff41b8052fd0657,547714826.6724516
ba35cce2e715bda1684c937b,826942659.6294012
d7997b9126bef50985bab347,347796573.13643587
da3aafeb2d0105f8e09c051f,357675212.79202944
5daf1136686fc538db40afad,448513859.2377249
88f632cc304cd769e2d4be27,374740218.6569267
c5dc941305b5fb59e66479ba,368657034.39826185
ec422df56b811a0aa42d8bbc,368657034.39826185
bc8bd1feaa8fca4c52e130f6,358648955.3582024
60c116411ab3cca49f7f49f1,376018639.5395171
75ae43992df8ef41eaf9d98a,395719190.42884433
87ee5c7c49ced4ec99f44d5f,367400780.1459875
918f56ffe325f21522cc60d3,453030041.1461065
dae09210f48e5bbe0d31c728,374880203.3355699
c1ae2af40e1ea9da6380b8ee,501085845.34506464
e7b717278f7c95cbfceba80b,475326337.2863628
387f18b1f01b1aae536752e5,580336399.0811403
c036fb38fbd2d1b59ed5b7f7,525870369.86574477
76c510c0ad11fa67f0e9a4de,525870369.86574477
ff46d9f7dd86b8bff7cc305c,398654947.3922983
23d95cbbc056b4456b94c97d,405878027.2137947
fc65a77fbdd07fb490ad870e,359110884.90688354
8f0a61533b6a01badf43b6ed,811400658.1627588
c26990b034ee83450a4517b1,690504799.3585678
53ffa19a09c447f3759f86f3,687531133.9860421
86d80d3757377df6f2b8a0b3,683380284.1504066
c757b3960436c23dfaed4f2d,586562467.6356623
fd1431e595693fac0406151d,481229326.5776582
42b6cf2a5225dc62342d3a20,529019657.4606756
6f8a0e8f1bce0243ea50213c,741235499.6474127
02277f636716264116015dde,459764115.77766675
b72459ea34fa22d1fd012dc5,587033162.7955608
cf4ebcab3fe4d12e1a20146a,898795030.1717796
ae2c10850b4a8ffca934cc72,953712401.7627647
0e22a41ec27869c8f83f9be9,916847029.6468601
22a43024821ad081e654c5be,943201265.0636721
2054c223fcd48a48f67d02fd,407972520.49089825
9af6ac77a9aa0c6da3cdaeb0,396028830.29082525
6601706d2133f96aecfcbfbb,448581574.2684563
ce011b7462e9be36184a2984,559377096.6940345
f759f71e444c16a59187a067,632330912.4279356
84cfb0342a0bf2c6777de39d,531148093.94719166
760fd4c893a56a4586030772,528995961.4779373
fc174b19baedc11f78b647d2,614285410.965072
aff9e510eba008f3ba5c1847,728405923.5875403
a5a4c0f268548993b61d65c6,590814671.7346131
6cfb8a07fc1100569413b33a,680048729.0613656
94301e20cb91669986c4b34f,639434031.9833207
52c1ab7484e412ccbf5d57a5,649974300.6082889
2538cfce1c108ebfb1056c8d,499219883.19163054
d57541684e5c00bd9354cc35,456497318.003715
123106a60208725514f3a343,471956114.9797454
7f2a2959f5ae816761be658c,1212643442.9549398
fd5758238e7ec91e415779f7,805572292.8030763
e3197263bf47b3d37f027e11,594391748.7227695
8e5661e79f4fc282abac1f37,623004923.048719
cdfc387f8246a1bb3110d724,637480924.1303521
c53f3bdfe8159bae98ab005d,859416478.095835
200ea08f57fa23013d0e661a,859416478.095835
603c736378e07570fb985ab0,1023687130.381619
cc019e30685c91634d2fd4f4,834559703.4752052
b0d394d6c9b8967250854c66,1024395694.6450428
f7a79e1211fc72e06a3a82b6,975790910.2883202
8a1ea9d91b3d8a66c6341243,1168753849.1217077
22903633f8c4d91158f65c58,638947276.5208312
bb67d95fc94532b1fbe80ba6,1064258041.1048776
a8e696037f8747f562ec98fe,552782809.1062044
72e4fa00e8aab44cf210251f,844721401.6884276
d70948f87875325380885803,960537671.9418341
a0e53cdd1132bd19b8ba0c54,626744992.9859047
882eb7115cd5b8b09fca0e47,420785249.3929096
529d6599d8a64c63566a11e9,376769576.3939952
e26eafffe4ca3c22b7f4a272,624069145.9158548
4e4abc111c07656e5bbdb0ee,604589375.5695374
46e7860100b0c09a6a475b9e,565771335.4511541
7bfbcfd0fb8f5b6d553c2d0d,615558797.8582757
5fedc401fc32ecc4d9ba7e89,428444815.23017776
aee8b22ecf19495fc5894a08,615558797.8582757
313e17c442fa3040065b7489,666662957.9887115
26206185deb023a344eb2e99,661453896.7845488
4a9e2358d64df916e2cfa213,364909209.886909
2f6515defc3b21d82e0ca4dc,361999476.0044462
a9b18720f68c7002dc71c3af,337456688.43617094
af911ba38d5376a8aa53fcef,432308154.41609734
025b094e1ea7248f4aba72f0,375269107.67753994
f81aa0f575dbbacdbdc681f9,439219589.4937948
848067a69d18a171e7fa34f2,458704406.99055594
e22ca3f1c8073e246079d57f,474129346.1950946
11444a88bb3b230b4feb5b58,541579369.5597453
7a9264f3a12de839a42c1783,497755506.52787185
6d825b439d8622ab90245049,448940791.75892293
d2d317f2990465269ef58c41,650258125.1891116
2860e4435c857cc8a661ec97,528516390.24720067
39c70622597e64c4821d0731,522480901.11508536
2d6f5bc20de99dd0bd4e34bc,583579628.947627
37ac1ae3a7e2a3319eafbb58,795965090.1192714
fe6fb32f623a9e3d5586a8d3,829013560.627078
501531d637608f7098ba6242,760151701.8447475
69f59487924240bac2e75bd4,899364299.2843424
358e1287e24c3c4fb353315b,646714904.7595518
55e307c88e2a943acd64a9a5,761236732.2359824
19105db21495d546e6792a25,719267623.8782567
375419559910484b17782b47,859416478.095835
c9d254244e315974cdf5d921,965869639.5077432
adeb9a6ac3d357bd96c019ea,1014804326.417989
b08e0cfc5bdf5bdf5068ebdd,940545560.256225
8da2439f391c6db92b9260f5,903024769.0814841
d0751cb5e704e28e03514fb7,835299655.1183035
9051c6d14018b4894b560e2f,886595738.6146195
54c3eff286c62f05ebe2ba57,640993301.951241
975ee5aeee84593bbeb331b1,360398589.8755024
5102f4786cc032e24781c7ab,1093636674.2206323
cfcd97bfad6e013aeb57a2a8,726261467.8688775
f304bc9e9edfc24eeeb720d5,473688722.96362936
bd05a6f6ebf924adf92e5577,905010577.7291944
a7b459470ef58ef3bed7437b,444871975.1249433
37e009a57645b845b1673b8b,480983854.1318993
b70082fdca35092802f8745f,479117839.861193
8a69b9d7461107db6d16d1a9,448346282.18829817
adf055978a7a8e9bbd88e741,426751715.9256071
6c02bbf7f6b087a1f0c8a47a,493848550.4822454
d91017d9c530e058ace2e017,629387054.4146622
89016540f8b3fb727d863bec,927008043.3697402
506b653545eebba4c8821588,1168329029.9203792
01fe5add1e7df4b15dd73bc9,633294614.5846912
4911d01ea0a4505d5db5bb2d,532268893.68062615
68bda8b092d5a53a35dfaf07,1044710907.5363536
70bec150e1d8ac537cfd90e2,870880093.7946131
0e21abdf04b36e5f6a1fc337,1269302196.42908
f53efb47de2bca5912ad7517,907695967.9896873
82d6244acae149ed9ed88e8e,580328755.2541965
755a4fb96ff2b2276836f49b,515501132.559511
f15ae83fbc4e4ee3f646b4c9,343999772.47414386
eac458ffc1da75fa1a4ab384,500068276.19248384
6f7bc7fd41ed908494d8e098,532535498.5542353
12d1678bc86ccdcc8ad756be,850028565.7078549
6e07d31b81f3fc9b9de8e1a8,1407051191.4744616
6c618bfe55cac120a4f1e08b,785718197.6534929
22958cc4622a0050d1aead77,435891914.9512854
c7c3da1f12d872a3726736f5,420961687.2997346
ce30c2c7cda56a69005300d4,343251828.3903742
7a26e5936765b409b7b73cf2,1037100865.3516909
8d5a73b1d27a66b3f72fa662,615278685.1495116
3b8302dabc47048245acc09f,699122258.4168586
909182c92bbc39b00536ce6b,408890483.80119497
963da21c3c571d7bbc36f1b6,457133588.2514455
a73504d5982fef268f5ff589,731658229.9335868
50563038c05963223b459beb,731194713.8343164
b9a0058c58cabd619e226178,1043494652.7305562
0037d98f6ac46a86e36def45,329636764.71244395
38117bca778373247df86e14,432678608.7658061
4eeb8b5347526d721092a7be,771376605.8641119
0b6cd71df4dde546e665f865,771376605.8641119
bd066d5d19d41c06b904d51c,771376605.8641119
f10e210fc04e3fb073568323,771376605.8641119
9f504cc4e6b170155d38c687,771376605.8641119
3e4c1e6435ea1a9c3150aed0,432678608.7658061
052c93502aa794e0574db9e9,771376605.8641119
343f45e7d178eb780a9a9818,432678608.7658061
c0c4fa199f0ad751930cf78d,771376605.8641119
5d86154fc1769d4dccac1269,771376605.8641119
e1fb88779e55aef2b66f2c10,329636764.71244395
c26af6fdd00a85a17b823d92,771376605.8641119
be3ee4457a26c6b6ad4237d7,384295285.97812724
9bdc79dd02cdf39f92e8c869,329636764.71244395
1d4bafec52ec7575161bcbe0,441175401.29159254
0f15a78ce3ff90b6894fe3c7,465186103.4908525
afa5698724bea14940667231,479743107.20141613
4d8e365b35a6b8ebe6d7a15f,593639894.764782
6ff848f65f2507e58cfaa231,376438562.63971335
e13947242fe19bc3925919f8,495742489.4379781
c02caec41084656408c2696e,432448646.01348567
d6fd079beb9f759fa4c6886f,434168948.092121
d14f7f939468e641c43abfe4,437383109.3530871
8f6076f8ed13e87862d82255,386618734.23618066
8d5e662ba25a71727f1eac77,494525901.1429231
bd2f9648ee9ebc1fdbfa53b3,488084766.30804557
da8f986b6ee6f594780f4a91,494525901.1429231
af7131ea57639ce5aa1e102f,494525901.1429231
30e10a03626eeaf8bc2c380e,450209889.4697001
6caf180e36fe18078703db02,353634218.89940155
a40861d6573e4539ee3c23e5,724100728.8315996
d5f905cebe05262cfc44bb11,797114296.611727
809800b56b7b29399986115f,588663695.28255
6b2d7f88f15cbf7d998986da,478756907.5919273
a0ede3a514cede68b721d994,500960059.0587277
179d467dacdf674a66c7310c,669513990.6250812
97f9cfef1e35be84ceea2a46,623531988.7102256
b7e01962fda2102f1402a444,708123857.7836056
6665e5bc4774d04321d1ba9f,544383261.8083758
6c09a3ccddc797f77d63f1bc,684392928.8609256
97986583e1c988373765eab5,739794098.8401272
56807890f8587cd75893aec9,673261343.8967742
0f2fb3cf22613a339c88f7e4,544983979.4276899
a967a4f0b1dd36d7264cb408,683581693.2932116
08ead1ac0b9b30c2a72db17f,992963530.5006258
1b989360ec91f5da55806bc4,1016595657.8654441
b289cd856f9d15493d31ef6f,832719966.85699
88668347361a227b6dbba15e,1010705778.3690479
ec3f1679451b9c0037f89386,1015348622.2279713
9cd01a5cba1674559752f5c4,1083839412.805646
2bd96c7fe678945fcaf9662f,1193985127.8907533
9f118569fb8b084f0615fa22,353111179.9206781
033521a46dae036839ad6c90,342438078.1528178
bc1ee1f8ffe1ac88f08e2459,421346930.002919
c62886167530efe1f84086ba,478082493.378998
d58f191c74d26bc1fb02cfe2,488845676.18663824
981b55d5c38361caaddaddad,483917588.4103674
ef26c0f1cd9e3203ad16558f,514974488.725711
74cd885ec200a0c21fa9e03c,578356673.8300039
fcfa51e5eec6829b9f4f2c59,371877409.12992245
c3bbe8c09f5e58281dddd412,552964191.6722851
8f36d25584407d9e3c326e71,625954319.9538523
51f4aec91124a9a96f4c5372,459694541.27068555
b7becde9261820feb7cd926e,625497185.823081
65070c554133f2b4143fe051,529474431.55104285
c2a2ddb94f60de25378aecee,547067895.3925064
5ec3abf721e13b0d55829bba,772595594.697647
502aff943d74cd4cbb976dcc,602936845.2005897
11e6e5ee92c97e31d34db891,1231022166.7934954
b1589aa1f58f6dffa93a3a61,1304895112.693015
783ecf989538582ad008fd95,914322754.5188956
1770bd5b0a07a6aa785e0caa,520407842.7020132
53715a484e20d6152c76fdab,491880604.05611086
ef73428a38c201019267afb1,652653345.4015552
932a93e3ee2093d7f806fef8,716180867.2896938
00e9afbd1d27062a7bd40a3c,1174795744.6829848
a11a82cec7f8a243e2f90539,688751754.6950098
e4a70600296b0bde6c28fb19,702982989.4681697
0a1b1a3d68b04cdcb2d757cb,1016037192.4168513
7c06a2f06cb4226f9043578c,828211493.3337085
5e113e1e878da12e312cf875,892476979.0481206
a72f5204153b7c92f52d871a,870366658.327226
fc17f35d300be9680971f95b,420785249.3929096
13ab6a062601d40843de37b8,400530703.781142
22abc78ce812c519511f8a4c,699007521.653981
faee4c33e892029b79b63742,728435289.3572912
c8d39eef5a5422e0da4172cd,451064827.6145175
b13683c625c97c23333269eb,432195893.058198
00e7c5894c739852052f566a,496367429.85004234
2703313a3e5a6fef2157928c,524109909.0380431
8dd453e986d05c6c1dd104d2,474373959.0717833
22b34331d7ca2ea642d29946,434122747.85057783
23187388f9d6e2bffb88b9ed,729606981.7281243
6b49a668de0edbe7f8110740,623004923.048719
ef0e5b23069a9fe377b77ccf,674808069.4866936
c37348f8247ade33ac513855,643669071.1008501
1d19edc1e0d907e5ab0899e5,628891660.2707477
c73ee8d419b96c6e7c53f95d,620907840.9312778
6251cda3676ecbdb6555c526,547829727.8300897
d12d6ea066b67c3db9b2dfb5,872995694.2561548
8ba4e8e071e458a13efd179a,500227374.12458336
9b8d798a2c455a960ee74503,480989922.34783936
d663ca1a0d29b4cbc5cae9ce,516819697.2843027
dc3b8d97b11cc2af4cfbcc79,769563907.4113709
7d50144c4b2ead9b7b9f594c,520256477.60349184
ff9cb7bc0b972d4515ea3837,378065616.912192
267e46cb9eaec6c7009348b6,443773164.8782279
1769a8ec5ec94aedc397b4ae,447691225.8765555
dadd9ddd29102f529caa3bbe,527825218.44148743
251903f4b947b337e0134415,491868225.85584205
e1b753c283bb9c6d4e438bec,668838497.4781348
16fb51fd3d35db53eebbe5b8,816762314.13322
8f543f9c31af1eb17ef1e353,654961510.6807014
20c3cb2d4fa486b23eb81bc2,559703074.4453564
6fb9e9ac6d44d3a286f317ae,561970521.8775625
15b57b0ad8794d64a2784ce6,630408296.6600899
d9ce31250d4ae25c3b850124,564062153.9134196
f90efcbfcafe544674c02586,730093744.6316056
05a98feedbd3f422bf063112,587403174.3800513
ea359d571ad0c986f826d31e,875566101.743693
b02f1997e6e6f97dc808b8cf,883542320.0308756
307acb7b4044cfa5680e4227,1000332327.4824153
ddce386b0ad3199ca09aac93,779570348.2858906
9e28972500d8ca3fb3b76fd9,610478075.9535161
687b1dd576eb7d06a08c3439,672350601.8947093
23b2b5b9f5bf3e1208f5f80d,909325078.9338589
dddaba511b6a18f49b41c1af,870033448.781287
874e3e3ec6f67c160807628d,1058469697.7868581
67ade5109553a9d784886a46,919957580.9654526
6879f05563a9f0748088cc65,1065321316.352972
dce05cf86b42124fc93d41da,1189699998.8287244
1ea5db844a6d3a926480351b,630793931.6204525
4e9acf6e9f80f65178766740,699122258.4168586
a35450284f8dc27e0ed717f0,1075443240.810981
069499abc4e393fe540777b4,397503574.16529727
cd10d6e28fd7ce92518ea31a,870179729.7232785
3edc0e70e7cf6a21be2f0d53,383915158.318282
2e2ff1e620063f416a387058,532178830.9752852
1ffdc10c53bb83d3be84c327,727045544.7910304
3c95dcc4bc3788b4cd5602d5,668033237.8300592
aa592f388454d575e0006206,494725938.371392
f7e5bf5b0f6157ed1f604d37,393485252.3475992
513c6ea5a3c2c560c409eaa8,943643174.5973449
7cf15f80838e8edf4f9cdead,1083471468.4517741
49737c7682eff2513869b3f7,921672973.3491634
4e8cdb49a2bdf68ad8d12625,615139596.8351408
86af11931b004aad3fd27b88,572932580.9389315
90921c9fce21986dd23bc645,883310900.7047683
d79d71be963d418a4c9dec68,1016037192.4168513
c27b2b735106bd5a77a15616,762902834.8597682
b6129a71f8e320aee8abd0c4,762902834.8597682
26922ebaf11e35a7a320d30b,892476979.0481206
23f859b889afe2639ad55a21,534388078.49465805
ddf47d32045769c0596826db,1436601402.0625966
1d0c635770f2e51aed4c8664,1288437594.0625966
e6144e15d5cafcfe87c07c9a,475385838.33256704
a7c7923f9a4d004eab43413b,783480241.3272645
42b3b56289972176c20c4990,443654759.28275037
b63f49396431089dd646837f,598760494.5861645
e0b041a39e732783f98bde56,1049286130.994234
409eb9b8f2ba87ca299a7f6d,552706003.6236484
1a46c13974f3634ca6dcb51e,520211695.95907885
4b068c79664179605b145a15,561887796.9286765
afeba13fa3f81249549cd2eb,463345128.64832175
3a3ce11d981d0893ec732e22,572932580.9389315
ed68664efdb7377c33f4010d,611993513.7719145
93de58cb0d8fbe74b0cbb556,728341541.5917315
faa204421a94ef95b79eddf6,762902834.8597682
acdb13c4c8e2a48b0bdabd91,1000533122.498084
5271cd1cb962066407490051,804875207.7585547
933251193ded6df07c83128a,1125161367.4255307
524e00e537f841c13497cd52,488976786.4264355
a9d4f256527be98066c493fa,729147597.9856205
2207c1ed62f59d6eacb3c18d,457596456.38391834
97ea5dc81ba49ade4f8f580b,530042167.7590826
72488318dfb2181843f17c03,543327786.7110173
76698030899efea431dbb81f,391781101.82518595
e84888d2f22e14a5016ac789,515710378.61368877
d9398ef84ae71419cb7cc82c,655396834.4330559
6d32649478d9d86d840969f6,529329975.7849229
81600c1e6b6e3ae770e40b28,1069047359.6179472
68075b0ac8e779bf5e66dd3d,640151353.477578
6d7ac64b8b9f27f61fb155ec,537366727.8148898
d3bf3146ec856cc26c607d70,935303567.5861356
d12298e0d398e9d21d2e2eed,438673224.8187371
97b69097fee8d8496a6b8c04,470887064.6547333
fa6e53a7107c0e33e3d505d1,936112159.2828511
7279c610bda9354e1c840b0e,515710378.61368877
6f3070318ab65b867b2702f0,348248455.1825321
e08aabb998103a941d24d0a9,397661571.30994123
415e1faab81016a460db7a0b,386062278.09209675
8b871cc48b99bd4190877bd3,329636764.71244395
7240bbe28e950ed75637b504,396637268.55283684
831629494c6d15d5ff6a00a1,329636764.71244395
1cccddc33bd892b44d7e4b7a,540774623.7258135
f9cc6760b1112ce5197bf399,562477177.0959558
0901e845b6c56d4761377a09,537210123.7528073
2a33fa5b25963f3dc928f668,664115946.990582
83e9507b9ca2987a21d1b195,649644218.7209412
9381bdf491d48236e84590fa,630956246.0938431
c041a933261204155415c2d4,690397803.0854621
a1cd867286d6e82181e5d1bb,494525901.1429231
240d2474c81482baaf79b6fd,494525901.1429231
ddc1c85af165e47502447242,625368014.2872277
58f02c785ee9a506e899b967,882993422.6478747
8b353ba6823f4f800635f0cb,697948569.3822136
68cda50b602acb4efeb275a7,885591347.4180006
96cb3c08c80815907de81e73,555986753.8027785
f54dbd8f0aa752f79c581e5c,686688973.7031537
52a438d024af0d5c38627ad0,604496584.8163035
1b5db6af0a1c0f7787064020,607573491.6457359
84a7286c91f1ca3ecacdaaa2,1069077271.7988424
bc6d6249873222ac7f22b73d,746453647.918341
12501015fb631d7c10ff08fb,389300620.1438574
85b633e09a41cf22a10f28c8,582807047.299008
7acb92246dbaaec1cc7b423f,392540850.91453743
bfba8fe959dd2e44a4202943,757749645.6709924
5325f16558ed6d2689bcbb46,392540850.91453743
d4653d505cede3d24e258d4b,757749645.6709924
5146ecaa8b7ed507c4f30785,920619118.5405024
f5b9cbae30356fb3a1d005c6,872787683.4838228
205ffcec56fd884ab24c5600,778190025.8362414
ae7ce478fb66882a2c952012,729950288.3247788
efc9ae02fd6c3f18db866cac,910576037.5456458
2221052e00c236f31e6d5a06,409510938.8943764
54673ffd4971d04493a1b1c7,750090622.7972311
b0bbdcf0916b246ca95c4721,419699410.6669815
1ef15e2b882a0da85858269e,745772697.3473967
9881fb167319b34cc23da955,558856777.0163647
9d2a195e645a9e8556683b4b,578636494.5030469
14acd96163e6b3e17177f35b,444410548.8984665
b2c5af8615b8899deb16c896,467854476.5072004
4c40683e401dae89f6537ab0,486349903.3861151
dd007a202a0a3d56ebc4868c,436994463.8949032
6d9c89a406cf2e755d4172c5,437015916.3426926
7387e7e385063c180f05a7cb,467854476.5072004
9dfd5df5a2efca3fbf2c07c8,598351515.1926371
2a9e75d221912230f98485cd,639004209.9247148
86ce27f9ca03821d13030f18,647214582.0126116
3dbf89c6e97182647bb44e69,742438163.0252302
eaa4893a313d85fcf38dbb6b,628656609.2239478
c57e1c323ddeaa7475e5189e,861617855.4320482
84856812b63dfd9630fa49e7,828103029.4356251
945202a450bea48fa7f2a95c,1063405361.6949676
fd689e54d5c418dc9f2425e7,1003695420.6701903
eb90d9e9eb53b44b07ef9613,1060225880.1697174
79005399fa92d05558fd6f6f,1060225880.1697174
5cde51bd6de3759821216d5c,1032955113.9018863
230cb38e035b85a4353220e9,536637219.7080369
a22ed42197987a8534abf76f,814411180.3354169
43a2ceffa8ed90bc1a43255f,630158138.337888
8f2fbced5d357bcd6b1c7de9,1009711400.1593207
6e895a15d402ea7fcee98156,617785806.2097847
b6a2406025f0e1fa09690c2a,630158138.337888
f46d46ccc7fc415433e471e4,363945448.01064104
71710d25975271eb32c0c8f4,559426836.6015661
01b7bb1556b5c32df8f618cc,496253681.9760868
56e5afaecb2cac6293cde16d,513604030.38171
70209b9024acb3e5baa769ff,730721032.7613748
efb0b413b3f661b23d674b3d,783480241.3272645
251db9c4b7398902b38b4a4e,474685780.3965481
e3e7ffecb903d2daccbf8a53,703824519.7066458
a92ed9a378272ff174ce2688,438445430.4857498
40a53a3f3d49f7905966295f,593105683.6773818
bcf2c303fc03897585831351,929462097.6946412
4b0ac2ce45d7ee385ca369a2,1024990972.8924141
85c7e8ac008493b34e8e0176,598600259.9871835
0ff24418ecb6888dd8ec734f,1381653064.4997413
3164e0ecd246b8ed6cb6d054,1182990646.129522
5f52e316136696cdb56e65a5,412793574.6375641
5ba4bb943139d7930cb91650,682723187.9645022
ba12ab0869d66e03df12b6d2,357562434.0873152
1a111211207627bb4c840442,500666046.5831216
9d2ec1ed9eac77d534ed514c,552858194.5748104
9030f17b47b3940c2e2c4093,552858194.5748104
3b224cf6107d815a2e78996c,514218172.6726284
ab0e770ac42dcc82b472c55f,429897001.14246666
75fd66abeaf040fa76eae2e7,674914485.1781739
c31d98f67673691ece007a65,452663582.0419013
60d5f19c16554cc2d8e5940f,698446982.4936409
53fd196fd0c0558ed1219329,389848330.8542972
27b06d060ecf702fc88c7956,757183517.681263
dc014623ed69c32abce2d0f4,607214531.2930478
f1a8f09837660445961375c1,1218105997.6463068
b98a462d9782988cb54ced54,993464269.1412756
6ae4843a827b36bf189a32ff,580550746.2028304
84e4f6c6b5dec0da7f7ca0fa,473011572.40043074
b8f2b9c2e63f0091b6038ea6,448761470.5723836
e54c7ea1f012656f7fafa49c,520831229.84304863
f25f5df33f25576f805a95b5,616886656.9791754
ce9474244dc2d40f357146c0,356523623.38321733
54bc553b5b8abad0ceed4d53,393494421.59076244
e75d4ce522cf587cd66adae4,504544118.5160158
b1f0b12c28c9bd2d16b3545a,536345824.0927191
412e7b9e1de3df8c3dbcf198,515975438.43898857
f52ce56f20251f018d7864e0,496925124.98815274
6641ef09c0bf5f3180952b30,433943019.50345075
ada53307260fa34f3a6411f9,488633808.70000476
51f0f76e2a8cf50ef3650901,417996537.2277906
da482df3d0fc97f9f8582e22,445708484.63128567
55d47b5f3d0d2dd7c2bf4034,370262192.96468
1a6714ac2350ad371d8280ae,395719190.42884433
0006c9478f4e7edc53d84916,468702655.63081104
dfa7461510c6dbe5e119d106,415258369.4696513
5df95b44c73b249be0fc69e3,389855025.119571
76bd7a0b87bfb6d2723766ec,419962392.55224997
8570a1d8156dbcc267d3b495,730449945.3298244
94116b7517a06255bf4320c2,706827894.4048876
8ba2d7afde20563e38892304,696856826.6133682
f86ab537a2f5d8c2b223574c,601013442.3528819
9d0d2774fbcb6fcc66b865b8,682125220.862415
9086e6e757243bdda003878d,670537340.7472234
5a3625846567d06dbe4cea0a,570098313.2905507
f51a78ac4b03665561552b0a,482578509.74436826
561a262410ca91d69a58645f,590926860.6777625
08d90f931e7e0a6f43c9d0e0,507125269.3978705
f47c64c8ee69e744e654d4b9,817673729.4695165
fcc4c878af8bdbda6e1fc86d,917825084.2835884
8d9b143cd8eb71b05d32cd2f,830876660.4311719
ce6a3868227d78852fad9f62,1018768080.1059865
d82f743ff414299f8c222db9,893048466.9444442
9b2c7e6cfb2d6c66e1ee8a6b,913634382.5392566
6e9009ad01cf466e8f8136e5,830876660.4311719
a4bf0c02f139c695845c9507,948414334.1985542
16cf0d7977ed97d6ae8d2cc5,1068340725.0513711
d96855b0ec427f041e7a36c3,860006670.0295799
63613a9290bcd9e1bcf2786c,938589911.4198548
32036c1eb131e6cc4f3bad3e,375461116.2226547
ad47e82c9efcfa36ddac0a95,402760868.87257004
d5af3041d95f5e89969c9868,362711081.6250144
f2387712fa17435f56d7b102,393405873.4333459
c1c8024bb6c3635ff655843b,464042045.6848471
11e4350271e9cbb37bcb75af,419449099.92509425
d012efd4a77c5aa5e8d6e508,589769952.1955749
6240b85a47c079cd0efb077b,562693766.7464406
85e332a999931ecd0e04475d,488240039.84478134
4ec02a406caf200b700f5c62,641691815.4433467
f3270f2ccbcccf3046346809,537154201.2160542
bfc5aa443994e3f3f78c6105,614285410.965072
aa09cc29ab2f2cfc79e5bc7e,715155101.7614388
6eec5b03718975e5137d5e92,719167924.3722231
6974d82e41437d61c627b16e,702041780.4842973
ae3f7f428b49e6948ebe6fff,690441409.2455487
a9a710b78e776c16eec24be6,561927089.5529917
249cf6f96144f769030d1b4d,442105924.3011992
645f3c4490ce43ed68c7df10,623004923.048719
3413f37549869d2172b76d6e,664475500.8566034
956600c9a4ed31e588f8c593,982985590.7642833
00ba709f184e70be13e5bf9b,975792068.4698135
275c8bfdd3fec33752493861,906384137.9041772
3206523e850b5b5fbce567a3,847602564.8280207
9c9ffb3401ab6ab90fcb555e,1069131405.0392135
4962650cfa3decf487ccbd0c,661453896.7845488
a541b35c62878dc2c425235d,1072855989.2168796
2112e589911b979db6e05a6c,1022545882.2937323
c9cfeb97323bd6a0564e1903,619112228.1949013
30e1bd4619483b0e896b5229,488658770.35675895
48aa146a36aba8a0270a8a1d,954449879.6331744
678a80840673787b3aa64228,437090167.44521576
392abbc83cfacfe87c401e27,549372599.4593939
51744814dd3a7e60c0791041,732315695.3393626
c6faa5d2ac8e74c26fdaad4a,621429989.6953413
1f2c22839c470363ff41551f,898918461.5071696
5438c2127072b47e3af428d8,1067823598.1244818
32e182242a654ac03a8f3ea8,439322382.96719515
0a45eb817938241ca988c2e3,400374603.5035037
e74d815ad652f7046ba33295,778568192.1928436
2887a0d34994d284759db20e,520310754.4744211
621c3051ef29e8da01e6bb2a,564528216.6599053
54de2275006e273686ae5fac,723630226.3422618
b0a0cc38f73c9d90bff6ad92,644245121.6695485
f4df4ad4366bd794594c111f,1179988867.4482055
763206de4c26e3825b69f4c6,660018574.9658414
d5ddcb0a54416bdadb4bf57b,457596456.38391834
bf17eca5afccd9cd6299b9a4,572462106.8705474
02888257efaae858fdc7938e,627276508.5436561
1f8ecf6c089ce6168b3be52f,857321635.9777738
fd7a48744bf966e417f34a51,867556936.2325293
655d6eafd78be856479767e2,616776182.5359997
27472c6c6a801eb749b9719d,766205632.5896268
18fd9bee381e7a8c29a44c4b,683581693.2932116
da5d47596a755078a2261328,480493040.47891057
737c83218f0e486ef4feba40,561711657.6479255
2390c275fccc98eb4fa33af0,439021464.0394749
35616923c84423b44d1d1438,964617787.0923599
22fcf0650753e2b5a2fa3786,464130709.3966707
9d8e7178912841c2a1232ad2,500902570.0450809
36c2cae6de0add92f32d29f4,833897406.0255955
699b68daa574a0f169436ccc,402686351.36094946
c3bd0b8277a37832f56be54b,390225686.82172626
6b3411cb8c50c1498572e681,444012896.8167155
fad4ecc419fb64b3f77971ad,583047135.4110553
4034cd9a70d18fe0c883a0fa,602539215.5021054
8f9417de118ef8486538955f,770116224.341186
33f4f9988387bfc237d114fa,382963576.57243073
40c9f947e826f89c6ff3f898,320989865.08681846
351701c5d1b821253e2c8c42,321111642.5147739
f6b405af32c398147475dc9b,500256176.63260686
45750daec6238508791d0d4c,612515126.9441087
eb85bf9ab77f59615960fbe0,497881197.66283935
0ab6e52af85ebf23432d7698,514071235.1236642
9b13a371ed4724d2e2966447,522658505.65078133
081bbc273db70f1d2cc84ed2,520455230.06999624
e113c48e4e1b53adaca275f2,441452533.15310806
4bb0666c55d174e0280482a0,636411476.1032687
ca516516b33dc09d712b3154,522658505.65078133
631e6aee6ec1f720f3c78775,544832189.7262528
c7746198cb5871bd687c2538,639984641.7851212
58a5dacf2f664512c2b00ea2,740049247.6302886
6d8998442d831addafbc878f,723044063.8045269
7d4ffe0038b3ebc149d8f4cd,801544787.8070931
55ae7bc854658aa5fa49d368,1025134370.52692
042ff73057dce4d92d383cf7,402445843.22135067
807c04729620ec60ef18598d,432723496.10751945
5dead94ad2dd86dd41448994,587155590.1844708
bb90c874275456d5fe0de83d,525388522.46172285
6ea5fbf037ba7e5c74d7ca39,492523247.1791475
86dd7931177df94a649a4d62,476285488.7280215
58ac250fa52a1ac7ce39f70f,453648805.60990417
2861f1a224b4c879b845779f,483344873.6823755
8d06af8e439c45e0e125de91,496781232.2385792
bb2dedf6198be0f3ce2c4ffb,473332577.88836324
57d8cac189a13c180f08cd2d,418872088.512902
db575f8a4e10a29fe81b335e,560701294.0482632
e8c79fd41b001fb1da0d4fe1,600284342.6399492
b81679b32ea288e9665dee49,1079147409.0833855
841482deb90d19ecb1ec8a06,391537690.0228409
214df9371aa59f68e5740212,441835157.9332226
bc52abbda9027e10b879ed50,554448462.5333244
ce8ce41a36b610be164a25de,510127629.8804387
a67412a01feb64ca6e772858,549360161.7892838
d87896f889ddfe1ba210d74d,375479748.02005893
556a39ca66e10ba3545f2234,606327448.217875
50cb893af4ad0e21a69f05d5,518896314.88227844
3b5a5d6536a9fd24f02e8ba0,523758947.7524454
121cc20fd81d6322f56d5c53,461748799.316198
b9c893f3c3ac4dce40d0ea19,483302864.8891533
47bf8d322af3c13e8868ed0a,518896314.88227844
a4325969a50a14c948446f9e,574596440.6930497
4583a6b01449530079415768,598886712.9455141
920e2bd03c9d34e36fc38ad5,598886712.9455141
0a59b506798fb96edd7681c7,588605152.8829832
e8d2cdda77c1d885e21c7bbc,1281218146.480509
8abe99f2b71b13dfe7d71616,1189699998.8287244
c07e98122103d1546d995f9b,834321622.6266987
29fdab43da21ed0d22c9c71d,384299423.7949048
f2ba7982bed03cac394ef87a,626064542.5784787
eac89e705cfd337a99417320,369454367.7456461
40713332e88c6d3a393c8b2a,439442607.37013525
a9aad230d22f7dede73acc8c,1008813045.7244412
3b7fd4008e14e394dd09a0e9,1286047345.8125556
098327587a877bd50df27551,450383791.00315213
0379b6a001e4018c34e944da,652427238.6912283
45f24dd99d362f49c0adb875,343031911.0272967
dce1dd028695bfc5a47aa6a1,391757943.01583314
cfeb702df06baadf29f12eda,535352142.60562086
9ff5828e084070628ef2ad96,407576709.0296483
6920e6d7fff656d66844949a,690254259.5624763
31ed69311bfbbe000f4483d4,428476552.4928544
d300473e3d2ced1177c9fbd3,533721401.75169206
2cb64650b876ccbc7337a0e4,543330153.1740007
3ab2ed6d140698cfa41f2e3f,446014812.74277604
9f8697b55cb665ebb054f9fd,418744396.04476374
7e844f8a24422ec3b833b4a8,422762928.6217411
55a615a3b3919798d54e885f,716356586.164805
fd26da8e62b5d1155962f0c5,471132581.10819376
ee9171c496fa78b1461acf88,635920214.0320022
d5182c47a954c964445f25d1,859235461.2559747
e064b4dd7b4e64a3e0016f0b,591756181.2078222
36753a5e31b0edb1eecb8bcc,453811085.6831947
c2ee475efec76c46efbf1b08,739900143.9501907
3baeb28cb33d048bcd6e42cf,353919147.7951652
6a6d990b9b1bea0f844d3065,407796791.55099905
e93dbc804920c0bf7bcf8cb3,376652606.9145633
b9ea1b9fc0e46ba0724cbc0c,386655895.56221336
95e98113e39820523e95adf4,370222725.4098351
942ed340950f02adf9749a36,462320640.87841576
8538a41c0e0fdcb3829364e8,471313744.820205
804289a128775f7d1652cb43,416042137.7826718
3dec1da01706b06f5d6a9266,481749259.61437196
fe004acdfad6ac6b00911ef0,602330708.9732507
6c679d5b6a1c1b74bf483478,734772224.7292569
ba54b5ebc5d4f554bc56dec3,612694286.1655749
5b9469c3ff6b197bfe3513cd,778210332.039367
2ca6ce8266afc6721d179335,467451158.24613583
94160aa4e5c54bb479b1d0db,413760874.1029554
eea6a2137473c3ba6708b576,363781425.54682815
9969f6f4bfb29e3a97c2fccc,530885145.0179823
68006626a3321fb0de032307,463765245.22608656
2149d04442f73cfc78f93bab,429581292.31953853
01cac7d033166094ab9f87b0,538419754.7808905
15515ecdd35e9f175842a738,826875167.1728201
86f1d6fc54152004e69027a0,667764177.0845467
0bcf7987c4b0ba485c44caf9,617708142.4946878
107fffd601a2bb7a3e4a69e8,717956720.9466175
5a44636153b1d4a74d58513a,670717926.4136157
5ae08e5999ca2ba0a1e2d8a7,528516390.24720067
369e9e64898ea16b7ffefb7c,632948624.2493614
192b505186d0bcadb46b7032,721156678.267807
6dde6686bfdff12620f198d3,525967935.4636452
503a04e079773a04f2abe075,504451778.33100885
42b5ebbca90572b9cea79177,464204897.23679084
0b6f2534f862a7ef551a116c,372201303.31123155
05e06a93e9f01dd3984a85ab,451831427.42275876
c6706db3eb4f0bbb0510578a,675776595.4602164
2babb357d1d828c49bb89be0,641292926.5192997
3951171501fc51e2d830cc82,623004923.048719
fb72b8e0457c0199e158e599,585377787.7804782
df865201353bc7b915b56ac6,763075335.9095719
8d1b3071f5396359c0b6cc62,1073556631.0535309
c451b61851c8ae1e6222109e,1001064462.7148386
e1c33552eeab60683f2f89d5,833897920.9848212
1d8d51cfdf78f1361710708c,690260793.2852728
bdc8e1a1e06d387f9c7b026b,690260793.2852728
2b36d797d32013a126e15709,552858194.5748104
13b3a55d79b79ea89a73d21a,552858194.5748104
e57ad52764215c3d54740ac5,552858194.5748104
19e11b2d60326895b5e6ba01,552858194.5748104
f6e1752b9f4a0a3c8573910a,552858194.5748104
062efee92601be294d7346a1,552858194.5748104
e2c3acee51cdd03b1f211278,561209683.8622478
9390ae5c166e1a976e53e16b,403944607.40878767
db3aeb3a96304f3c255e8a22,400233379.33644295
d353be29e7ed2c35b920f7c3,711738914.3034606
893c1b081e383de73b9f2e16,667692448.4571601
8302e2afc48d6eda16784da6,517959306.5770056
f1e9676bc91a76740f4e9b0e,657330494.708725
ce86066ad78dea43089d25c1,812165623.6251798
c89ac55660cee4608bff27d5,430483763.9489232
b183776d007d85bef0f6671a,579332353.796745
e8872302ba40e4ea413689da,430162489.60682994
0afc6cbb60f34f1cf00fdfb0,499565962.2470524
a811af7cf12afb1dd9b8eb86,430152451.32911634
7947f71467036449efb99972,992963530.5006258
2ead9549bab6f1386b7a2c77,1120828394.6893694
b54e8d557263624947f979cf,603328390.557115
fabd2201750747891eb6af77,1266093562.1712592
7c3f7b513bb20c918a51dec6,473437945.63674057
0dcc222d83e1bf05f2c2c090,1032148081.8267831
3ee3ee47bfa21462a1fd455d,619511164.8391368
1dc3b6ea53413ece15bea33b,1035650559.9540539
f44362b932a8b70ad4b99a29,450106333.19936407
5372f93d988c3c917629f9f3,427174630.5160097
5c25ccfc7ae77f1d85981a79,520506029.7089808
4df222356df121a41adadda7,382838640.80715
bf38bb7a2a7ea663cc8f3d57,427174630.5160097
ad0025f5b240d00936c82f9b,544383261.8083758
2afa66b726ed0b1492b9e01b,611630391.5083022
a528312b77b7f84741c2bf29,581119113.2581911
1cbeccacfa11843a256b2e2e,530269183.16729367
d11eadc78d95c96f50b41a10,649443324.9781182
c918e02b3e6d80125a2db1cc,356119974.89060336
b2af005e93b0242e0f62f298,519782086.50271785
ed9703ed896c6118a3458e78,415790052.8056065
8ed11c1d4e7aa1ccf0ea0508,337176260.87794703
9717b066e135a82feb422181,703824519.7066458
294985765f4d12e51a68a451,730721032.7613748
edbeef6a08dd17a941634d49,589959374.707809
26cc292628ce4aa87cd287d6,789274704.868494
47f7065118bcd4c3878e50fc,617337438.1865472
e369c63f83c44329ddad488d,565382379.7588348
383c0948aac71636973507f4,694186135.7844349
6bd1a412c01387af8810ce57,933658238.4721801
4b92ca1cee4739104e620871,1256806665.6744497
0123237414f757b9c3809f88,1256330060.192342
6e36550a6ff6fdb2711a88c1,1155689271.885813
1b5de74aea685b506a952f4e,370481711.3121463
d85fafb4d5ec056e6db9a79b,476446647.1624799
cd097f6cd92275ec8ace1f20,923659536.7083178
ced1f52def08143f0b2b6849,354153048.04039985
89a03e25c43a555b47c53864,601079586.6427866
f8d64df401009704c152bcb6,469895627.6425204
2a5aedaaad2d908122f28f22,658223648.9226667
edd0b57b90629fb00d036e34,951425242.1340635
f8731413b0d976c03b7e05ca,769450105.9864761
01abe3cfc94be46c1153c82d,648873244.9254037
aa7f5d0d2fd5474cc67cc70e,688638465.4815452
4912c91afa6e4aff6ffdc6a8,1080278523.6700625
9d805330fb0df9ae73003ceb,757548789.3457445
7daa9115f755a6c70411b9cc,937640299.5473657
f5896513d1cb044108d23785,1228460337.5866704
3ff2a2fd905d81f0422c54b2,385053867.0400313
02ed31afcba033953c79d95d,379451401.6591378
c2164829374d5e880c1a1f31,494961081.0274894
3f6eba5c365508ac192f2b82,432189604.5695738
3289958459cd87f24089cd14,426673779.6953641
ecc3362a649cf08afef96fc0,463909266.5661934
264e00a64cecb861d2c05b1d,602237693.5810161
d5b5bbf927f763a43190fabd,558832239.4118949
2691d7125e9046e597437f2b,849346992.4418567
7cf183ed411cf82df26640e9,660670785.6998448
f81107599bc083fec4a13ca3,584660239.9112134
3c2a535f1df831771b859a86,397825479.06200737
9e871ee8a61b183aa9051b72,524484074.6802019
e066ee04cd3a597dac8ced59,641800028.3254666
2f4ed160fe2a21722e6299f8,468681769.59261537
e0ae53aa3cc9e9ba7ce65f74,526970876.49314123
78d727d0e61a7c8b1cf6fb1a,475291898.2647313
b42f936db049a74c7d24b0ef,623004923.048719
62e9330888566f1f826e1ee7,799506750.8768107
3fcc5ff04edf753621d6cbb6,631175069.9874818
d4ae25b207949fbf0df3b404,346130323.2061163
14bc234ffb3ff7f974afc8e7,370947218.86621374
64fbc9cac3f15c0f1a16f4d7,458704406.99055594
5fa1c8237da8fc7683bc10e0,434068485.3721528
7bf4beee26ba81ad0b884f9f,476887161.3378391
72a47f70aa99d42320e54787,507200410.9680639
07641db461323a5cfcda4f98,503796636.05883795
3af2a1ec9efa6884a8254d28,526695807.89740825
3adca5eeda4939a5ea11444b,451923321.702335
37d39cb7d3849a784497ed0d,426520165.07809347
b9baaab70cb83475ac3bbab4,501442767.3921767
74e178e2398895d2288e6fcb,516085537.7097377
ec15e2a131d9724b012d68ea,680048729.0613656
ee042a4b4a0bf9a1dcdf1eab,667465911.9408922
35381d7a5b25317d7588ce77,664056088.3994386
18ac3368b1f6d8f7171b07b3,623727120.3559068
3dbb09358256bae5199e1318,655630475.6097889
4662aa1c44351dfe271e3a9d,628127438.3579082
034a30994bb2e0e446e35957,736399610.9115151
4cdbcefc434b48ba3d51a498,574859986.6211554
3d3317303679a6a5a381d0ea,1082152817.3179898
68f4e3d4355bb71db0f35a65,606440965.2788281
b3c77f4a398b61d9c204f8a1,719005430.3787901
3865974fbc1b412f24c47eaf,683108666.3737614
84ab3ece52fe00ee50f057aa,752202692.453858
dcdb8d97ae65daf55570c88c,1112593747.1875472
7ea01fd99b389d08ca50c0a6,610978596.1585302
51df325f026f4cc5ed2e9a65,1230230022.9033043
1f11cd977996d909ffacadef,1156242178.5308523
5ae03c0e33dc7d3e0e0d54a5,901842077.1377933
da88bf5bc2a7310ff382be4c,984645040.1527766
035de58d60807ee2c272ce82,975790910.2883202
0cf82b1128ebb8d1087b640d,1081949217.0622773
bd8b005383020611b8922147,572116279.2310675
f5c79a564600bcad99c74f03,507379254.2883694
b11672f22fafd555f940a8dc,445292300.82608247
2bc88a5c4bea2bd00fd8f13c,451794074.3585149
b2b99019a929584b4904b98d,511549429.7120504
678d0e011f710cefa49f6465,557771413.3050194
f7de22825945329521642f49,609702542.8061442
79b5a037bea858706838a62d,475700783.3102916
9f339d547d83b4ef956a3690,787221028.3570019
127e197a2f70e7ddb5dc92aa,448108013.93547916
65b8c48546af394a924decbc,527449286.851398
cdc0c282ee62c51e3a20459a,615278685.1495116
ec824ecd0319e05d1ca6a9c7,559674320.7290145
95f27bf0d25bbcd0d1eb9cdb,818474994.7438152
ac0ee54bdc08632efc0d771d,598860239.7305045
904ad71e7d108930d69a7332,422413729.38246584
7f4e6f790de012946197e0df,630793931.6204525
473cb30713e88ecf782651fd,670355982.4239557
59a309a6af425b2028a2ad69,1053550273.5857325
8a1b0f59f86e33a7aa7c2c23,849147249.0945673
1e884932e57cfcab75ebbacd,1128317872.1315396
8e273f1dde4801825fb19742,812084779.5159693
1f9c0f9c3c6460a323171d72,1191558510.6694486
5dba98aa20e371c3947c19b9,650535237.4491304
51516e102f8d43a07037ed29,1010707112.1427346
6eabd14e55ff090e8a93c727,536395608.2548698
e224f9ffc7bd70369a5e8b68,1255355003.5606964
35cb50346289f0590dd24d83,967466747.3141618
2aecb598de8c74d9d5108d8c,647208573.3447797
69c7e97037c747b93c33251b,953186620.2907324
b9b95c89c988f68429822e81,459315786.4735189
fa2c5c19c86087f207c379ab,520581761.9339598
9bcd34e7a974c977f65925f3,1450829632.2388358
3611c89dc71078cd0aefd2cd,454972328.03655547
9ab273eca8cd5dd4b6339ca4,378770473.1192701
4347966ceb1770f758cb6e37,905027087.126472
2a68f627f4dc8060484cdb18,1244301339.0110002
55ff644abd72eaff17d533f0,1391194715.8190875
db563e5a1cd9eb1be832bf5f,1217721413.216334
a0e9310061ff0084d63dd242,979039214.2284708
7ff62b2f8a28d60f6c4237c6,1047557921.4601669
c42c59e8a08e8657ab4201f1,388577606.370703
de28370454624724128a0688,619909601.6747833
514aefd8a44ca048a8088c51,1014709740.2139956
3d3a318662cbe218db0878e7,564126977.8096275
2714bcd5c0c503c3bee0e0b2,932136121.4547778
5461aeb15c7f826f0ce157e8,350829839.8084255
db352cbc2aa3066ea9b34184,757250013.2329321
22b066e6dbd0f2562a0554f1,1358295875.5998526
daf8d6d3f4ba21513341eb3e,1192038840.2075887
523605d1fbb75b0c5acec5f7,375164819.35390836
c59c2a19b93ca666b7c389d4,601082643.1685796
61e57e5539c40e5ffeb77997,375164819.35390836
c1fc25faadb151c73ff254ec,474433365.64974695
63e73f1b8b385d89de1329c2,487868111.88193625
80ded3bf4f2973a5ceb1ffb7,427715614.48338044
e1f5f0e96e5865370423c142,748442717.6851535
3bc1d407f7e7c8e67f7dd27c,670477885.0677285
d87c489d3572187e3280965b,1279032194.8343146
110d49e1d79a3534e146b300,618584736.8922074
7baf3723bac87b0b393ba52c,748465038.5916253
8e9e35321545774dc1f85776,551025501.4294219
e0d6155cb3cdac98f81d44e8,730304601.7882513
bcf775187c0f5ae1cc0e8ca6,543251032.2436836
a792122a1b292f482caf25d1,519939905.9943137
09fe153b0027697e58bd08b5,321581030.3854689
a7283f1587ffd80f4723475f,331234116.07934433
67a10f161cf7215302b6ca1b,345224804.792794
f403b20cb52d4ad3f9469ee7,494035729.6992383
643e13f00dfe7787a19b1254,417288822.44709784
0eb7c68fb7ea1e58f3e76345,754027114.3260365
cabf47337c2cd619f12fe69f,796534742.8695058
55c5eeb4861e8cd71731274d,1218563670.9860756
363c96b85cf07dacbb10b92e,371630172.1046646
49b59d19432dbeb8921e57b8,587944076.5369873
818ee3b0c3862d4aae6e7776,352369208.20361763
b15c662c56b19d3843737dd4,452512717.40166104
03243195c467c67e67a7823e,400163249.2751197
5db50c50b523f3d454e94dc9,580301923.6213377
0798af235e9926b1e7e4642d,499963952.84854597
83852e78afcc4127481adccc,428045855.3676511
7fe25ebd70b89f4602bee6a2,699498153.423199
175590951b6f8c6b8b4af9ff,469624946.4627198
d4dd48521efc020762ea141e,412613356.93381315
a681d6e9ccc7bc60eeaf7e3c,821950945.0598826
e137b5003b8c8f18892ee9d3,639984641.7851212
90dfa0d7be06e7a1dc15770e,484408377.0128941
7fb856eba0ae98a40eac3efd,684063092.7126769
9f52855eab4ca5161f1fb492,726154905.1184547
494580f4974c33d7ce0cdb28,543551416.1567491
d972dc3dfccf2a48a6384e54,600280522.7840965
7cc8772ebde8902f55e14b44,585072340.2957516
deda3ad684384ed67711ae71,516515918.4928411
b288c52e4d0fab9f579122a0,1012330105.8157734
0bc16b384acd3f8263e386de,942033796.2502148
b40d1d2b7c1db9cc57c65fce,928324960.1211017
c2580329ee6d7a03925725aa,930721587.1960453
7e73516d57a251061b3916e0,1291028206.4462326
7749f3bcfa8339444b0a8b7e,386648819.63230425
557e40fdc93c1824b0bed769,386648819.63230425
edbb5db63dbd0452c51047a0,356266261.5213515
383af3a5794a0ec3efe78b2f,404428111.303586
90ae7af091c23957b88de5e9,464009344.2886816
b1d9704dd39c6cef28ae3d17,793418409.3083858
44916ca9b874075f55949f87,635601978.3462125
0515734883eea12cdacb7aab,671544071.4308238
faf9f8aa50d936c1465e880c,627965630.9877679
f37c9693e058492ec3715de9,715776028.7889363
562c7846b05072561d96698d,601845576.6339502
4a629aaf60a113402834c042,679886352.7081556
ccc4e48073c3da10a2e2d08a,605804005.3881359
8532c64eaed74b64b4d4707c,468404810.56575537
528a96aa31409c32bc9f1f63,1121008671.487858
36fd9fc1f1d9b2e10c1c6463,392959459.6177183
91561030d87ff5bc0a497f1d,322672637.91786134
eb09010915ee68091d6675d4,582470771.2407802
56c41a58ed5b9864b68fc910,510639287.15232295
bf6005f6f71da582a6fab8c7,546548252.5695301
86ee80cbe81724e6919bdb73,505399187.488624
0caa7856aca178f826fe90c4,517071200.28637445
9e41f25cf2e77f3fbe903368,799506750.8768107
019f4a25794ef01294845b51,687918467.1037459
d6fc6059bba177ab56d85ec6,794769521.870926
436089e2bf605d00849691e8,682122473.4729608
02a9c37b3d92a6da473c6fbc,661912227.7309103
bde81ef5ff9edabfc7e30d10,702330749.460502
379fcab709c66fa146d3491f,607940554.9132034
28ac1562ebb5050f1492f576,822996774.3332928
e68f5a98070efada9b5538ee,443178531.81937325
80aef024b0ecebb01913504d,350397637.33144975
f45161bb79292e974dc88b5c,453792600.7059178
6de3c3d53d6aee18ccdee958,436516523.31714743
5f2f7596a284915ebdb81a35,475487269.92495507
291fc50c4ffe7935b01e5d9c,529150028.13653713
42ac33321bb1920fe2a78036,443662661.6544768
c8e00b4dcfa2d05d6a7fde26,572043930.3209653
5c0e328a04f881674ae1046e,557159595.6860261
c28cb417dd28fe4d4d41d114,617708142.4946878
8e160f094a0425aca23f04ac,717956720.9466175
a8944be7383b5689b5039c87,671326861.8700331
cb7ed5960f325114bd3489c3,796097379.5927418
275d73c7dc0fda7cbecfea89,584894375.5606198
85c24df2d836cc8addd9b7b0,678702126.2095145
0fa87864632b7bbbd161f879,645398220.8731657
c7f422224808e043753683f8,818909623.7037704
c51d1eff1b6d29b4164df520,989009102.114283
b50e8c13de383e64711193f5,358754487.22337973
1308dad458274c698b2fec72,358754487.22337973
6a1024c5da689de67bdfa274,748068185.140688
6e426f60d25aa8a4c6f8c9e9,433247367.0930085
b80f3a46440daae51308d459,707322705.1623951
f59ed9b8ef1726f1a55a4dc3,411892482.6433159
368eddd8b6d39bcc7124a41e,450383791.00315213
391cfff759030283411dfe1a,708897499.3054457
4f140229175de685a0999773,538774118.925867
cd365053914fcde97b7ee9a8,458190943.702055
16a05fee8dfbe78d26664c3a,576656240.5227576
c462f0736fdefd319cee232e,535849972.17004144
b419d977b283e33c0b3da86b,1040486773.3508924
6eb27e2a66d08a8a60567272,493386975.4447624
7486ef139d41d91423317e0e,486552037.52184004
e663064dd77e3c63ab9222af,991777150.3628441
9a6849637f1b8332ab289e27,1286047345.8125556
498de85ba30cb01e9c686081,430551690.967113
3507f260c3c6e195fc444533,459285998.48194575
e538d52c9b2dc994491be3db,338922064.228568
f016ba59a64f287099fc4af4,614123394.7942829
380ae516dd46442f97acfe14,547102485.8605723
c97e4d7e08db3171290e939c,589532447.8501725
f7847aaf1491103fd931aa5b,543551416.1567491
08f6bf438980d55b35ce7537,543551416.1567491
a6a06973b5a4c990d5873b7c,730084714.9393117
6e26918c69487a735a639c1c,543551416.1567491
cfbc690c55e5c2bd8dd9d89d,487878242.8903759
56fe5c13f11813b82dfb04f8,689579702.7656409
296f0158b5cc1541cfc8419e,1047820150.6185646
6ed2970ed02a3e50ac984aa1,509480982.80077523
4c9f3af11fa91e729384580c,679806966.6766671
2ce779caef0637db97954912,657241128.0062279
d743892816160218a63dcd35,623324872.1626107
758efd6f99db309c67cefb12,552116793.884395
a4146ec09d782b08e8198e11,890080496.9784102
f415c2bc1bc0fdca091285cf,1228611174.2969434
39ef4fb2a43fa3bba15a0b16,910000682.0652695
874ee4f1b9c6dfd3d2358834,1261952075.922723
e9d514f90ebff0de1936d09c,527702026.4145821
9f15c77d67021f349714806c,596834497.8657546
a600ed86cff36e636d204f39,586973805.3075533
58f55e9bf743e2e3ad43c274,531318402.2559784
af1aeb2ba89d29973f73511c,689703687.5815067
bee721e93b8d8e7cb37dc992,586973805.3075533
bd52dc8dc5398e5ca2952473,397207819.6478937
b71095bf5e80bcefafb12d52,380912273.0449481
a7f48fbdf807da68594e9ae0,421345212.9655864
50de04936770f874e1eb86c2,424252703.4780407
2ea47ef8f02712c32613fbd1,366578434.22407544
27eaac0ebf8a5ee99d143218,449431757.5824994
ee594b6bb0751dab39055b3e,463429685.7076319
eba0410242fa1e8dea90b194,431621516.3337509
a619d30d6f2e2aa3b9613c04,437947210.0187078
df58a4244134d3493f3c9f30,457976723.9300343
32dd96f4f07f67806146ec46,428403364.70453036
a77ef77ffa731e8980d36b27,547833182.417898
a2a1665a693852185673f6c1,660181750.3974974
8267eeb41ed1e68144301a3f,690802333.6909871
887ba6b287a8b3ccdd5691b5,668171252.5107133
1fc94e9dec93d52e0062e07e,570244030.7569263
ffd3d51ecc85abff64258e1c,570565932.3454001
3eb79541c2ce9413d2c54736,614130676.4097356
fcefb2186b13c8bc39b17915,512490821.63562775
d4a43654382201db5d318dca,668910689.5217433
15fbd295328ad698d3c76aec,602834061.0475639
7f5e87fbb4952caa0cb658e2,694672666.3014284
9d348aa70957592dbc56ef32,709326965.3507799
2ac1105447a71f68a50105d1,609069450.3309413
d8ba9eb448ce35ed404e68e3,790034854.5178578
21d42e80f6f818eed990bfc7,984618530.9592342
81c890b0d7cf787a091d4081,956869299.8062199
518858c561af5c13c8aef9f9,808241341.9514402
01cda25ee8545b9fe19717ed,1003747219.8931247
2c34c1e1655e87ada03f411a,666092326.3401372
48f9e9a87e7fc0a678460e05,1125456565.8237472
76ae7be5da1785c37736fdb8,935644744.7612597
3918fa99179953461fe07f2a,1180991894.7740886
305080502cba05a1c165560b,508565571.1565954
5c3aaf3f75d6d3ae9b55cee6,386472208.32401377
2ab263b5d1ba72fa562d64e6,912738696.0973082
6d13129db564ad15e69fd534,512490821.63562775
7de7a2a651273df62aa6a21c,660181750.3974974
59f9cc9b23cdea5bd4cc3ae9,514476474.21803457
d4436ad417941fde0aed2818,512490821.63562775
80ab8d9f157c25b40f102854,709326965.3507799
06ca01d3ff86406e896b6fa6,413427961.92192626
88f36882dae9a0487383b769,386472208.32401377
da474e23f34cb63de4ef28a4,709326965.3507799
04f968f1873a655fde8702f6,415564515.43065995
1dc1a51628b8eb1bba214498,333786712.8750993
e7cb4cf600b9d931eb295c71,448098308.0012478
9052c644813d546987a72305,490703115.5057997
1e32a8825a7ea79c28e27a8d,498795129.2414275
82f34c2a6644c4cb0649c44b,723026527.4819715
95815bf7c79e4bff3f41b233,709326965.3507799
f64f642775ed2c9f45aff215,374993118.4030829
4cac81eebdeb45eb0e8aa5fe,369839430.88046944
c6da2874d2dfbb2ebab542bf,494271175.6593877
e7c08555cb8f5c7d0f32fdda,454771960.547273
10b7c99bee9a4a21e1f32d50,599004796.4426966
f21625fb82740d6f4cf1c325,561222618.156818
1c3236613cf95c84c5791bdb,474062677.73320466
b11c3a4642f7eee2e443eb32,562295450.6884933
cd08976dc2d69110375f8541,369976568.7136169
a44c7ace8ab50de7ed8e5a66,362709212.9548518
fa8f13da6d8be3bc1f05fcee,333462916.53028345
77bd7837b02bd8f2c290c9f8,415404001.9474357
11a79681fb0a3f6eedf11d1f,492156027.3567309
70c3b086af66b0c9db4b0b96,492156027.3567309
64ea18085495f759116f62c9,624794576.0267915
ebf4bda17341de806444ba83,563898172.0320935
54228579fd8812c3ea160341,1049973590.4357595
dae0265a0f2f79d3dc010ac8,598886712.9455141
7340afa659775cc18d83aa4a,579225845.0110676
5ba05f67a77cebe5cda31e74,580899288.4875783
33dfb510aae260ccefa4d349,992628983.1142327
82af190e32398942775056d5,598886712.9455141
a9b9263f6aafe8531f3dadca,980813839.0869704
9a38e7293e9ad7d8462eeaf7,1065545301.6500684
5852773a80f7f1b929c7dabc,1082451385.5039256
52fbef3effd854b0ad0f62b1,846263219.2290472
0016e35cfd881ee2e37b49b3,518496256.29769194
380759598c614cbe10ae4bfc,1091186217.0461013
fb63e870ceb7ff355299f3da,600465067.4981437
285b8cb5e9c887794ed2fd1b,468733013.50796646
f003a46a1c8e04da0052d72f,410497871.56366616
a731b326a61043070c3c853b,421604930.8611599
d2644b46136fd95c0fc2353d,374153946.76651454
8248697f70c21fa361840755,1021194093.6729451
075b5c16441d9d67cf638386,379632713.41179013
6bb2ac0cf2369cd8fd85bc12,631444648.5649037
2c0b3d69fca6677ba9e95327,593966371.3577776
c73ffac843c155f24985e6f6,711582445.8715582
78b57a58368ab056c11bb0dc,422534216.96289575
90b25b6b913c1bf0396c149a,706645264.7899377
fa29c89363ac9cb59667a43d,422534216.96289575
eba756e88209c420d288c4be,469981944.6597876
e7081fb59ffa298320321633,586971261.657741
db1c3ece26da7b342eb7c8a5,422534216.96289575
f9ef8fcf24d28ce11e71d758,669614285.7497498
2f854c9df6212c39091bcf28,598250733.1014423
ccc66d77e5f68779b1c016db,497483680.7761963
47d288f8f9227013424d6976,345409939.1295611
3e891afdcb568befebd66fe4,634388981.1745747
2d1f036c96e92d9c557605cb,368557772.2936849
dd9d63c612aaddbd86676c34,430168363.31347287
13cf784fb3553f75acf25a4b,368557772.2936849
57dd353ac00d0e99abdb3733,1142287572.161956
ed0051ae106fd0df60a14586,908215775.9455792
0997324f14c5823413463546,1269836058.780597
e2cdca1756b1635dd1ac2b2c,741743092.3413261
7700df9486a1684157527739,379173130.4173888
e790b21630ab963a65c53df0,675780994.7401831
2bbbd9878a1e7c55bdacb330,626785844.7819594
decb25b7fdc0eb259831cc71,666328364.331643
fdbc74fb5882051327b3caf8,525870369.86574477
39dee9b1661292cdda6c4823,668487233.4752243
354e2de1e3a81a63e7fae4bf,650210184.4606755
f80b9e8c51cd71c5be281652,432528857.8692454
a96b19e82d9811d5de1ed0e6,369593102.5889688
5e5ca2753a908aa1b7fe80a2,536036490.48848397
495b6e61d1b887f8b4c1bcbf,484059949.3846556
ad8ac9edabcf2d4b06ba9fc1,577832551.0784768
359f6a66a407e30b40979d2c,672963945.787765
ad351bb6437583ec871b1739,711743500.5796224
262b1c8ce7db2b4aca2400a1,1002145317.0093187
6808b10f5876ca36f569a4b8,996999598.2803469
54c74b36962edcc922573792,504260905.17348844
e7fc4e6b1fdb38ffe68fb680,473221497.2316852
1c9325df5599379a73e18053,601408737.6258531
8c9bf9031bd378c1105e3f3e,582309452.3481882
be70989d473cd731f6d8e580,645318170.307583
46136f5f078dd31170c58e64,833571139.6345687
7055f85f7749c4646577a51a,458160753.06153584
861aa922b483f9bf7884dac5,405925294.5203145
45f18e0bb676d2495a227dfb,467791207.1327936
9cca7c1e9ff65766c8dd2e29,420992976.43786085
b2b7020e66872c8d83468cec,485825895.32495457
7634d7acd4197594271c84d5,426574697.0354162
11ffdf367d817b582d590db7,549199325.1875051
103687e73b0528ec29725f1e,422924683.04643446
8b5369b126b75c497b1a7b73,480933964.7567041
b33c9b03cc12a253e4936cc3,621473733.7652599
ab177c5d60492f2ff087708a,498969101.08559906
05bbd028f30492fc0a9f35d0,480933964.7567041
2b9fd26383758104d567d474,480933964.7567041
4addcabbe23020d3d0d46ac6,480933964.7567041
d93ba0c32244c455e0f7baf4,480933964.7567041
92b772a38d5e38bb51a3f621,557068825.1207336
135ca1dc80ae4d9993ec46f5,480933964.7567041
ed5192bd8038c77ed2e46f0c,589751496.4005675
3a878d44356885ea61bd882b,480933964.7567041
c29c69bc6758d5976024e455,545229626.2421252
dc486a3d7e9e2e608ab2a7b0,480933964.7567041
1a34acf8e509659534a56b63,427092045.93288386
5716ed7d678cc2575397174d,498581314.7232569
444c68a7a6cd0b794768d5af,527278913.2275514
8a724286cf661794084aa87a,576498753.8297901
ff9c4796bc3ef18ae7bb724e,684063092.7126769
35984f749eeb84eaf938bb08,682367580.6416199
0998999f12dfdd50c597c6c1,1014626423.0289216
58bc65fd2e0e4430fb353d83,985777738.3943311
fe483817d899e0044abc3787,665744272.0652095
183a8459fa248605b8b5bc1c,599137620.3664671
a1f0d61cef676fbf798b5473,476993328.48608786
d7d3cd587d291f389ba2e8d1,603745213.5564444
ff8e7294270343a00978dbc2,421612082.20885897
0996cb112fc3919564e87c37,596980841.59545
f183e3651c485e0001e64880,1047820150.6185646
e28474959994ea9c0c2eeac6,669644046.0177335
682c0a5f5f3130a61b5214d8,613938369.9724236
245663c600727f7c214063c9,603969676.9237117
dea79d1b25bb9c78d331e3e6,784230265.9059677
ba212b5f12959e34b4887315,576715432.331121
dd4eb14b56cb00130955d021,1174386650.5045679
4c94103d4366bcaaee4b550f,814248762.1132112
7bd9cefba3f5dab498ef926c,932762932.2011755
1d7a2572b466070f08c6e564,486515107.7505145
a38e7af984a471331b2d758c,645134335.2105632
b6775aefafa4dcc161eaf6d5,442672422.16668266
8654295684292e74d0245238,498840490.1000926
f0ae62ce6eebc4d07415c48d,643438164.8950607
969219d7b193ac92e7a008ec,617053282.2845268
651d6af0968fc05584cb3d25,439247720.18893725
4f992c2a0526c0074bbcd875,420679340.9590869
9536c686b6ec514d92493f9b,513720198.9583703
5384587ecbf956275d86e60a,350863806.69839406
bab5690da7c42909464cb9a2,477375789.7590707
bc91072d808fe7b43e972f42,400113974.6925675
37cf2c5c1c6fb6e601d2f76e,403198657.27484995
4cdaece5d1dd4e089a99f47b,451419782.0009478
b37af80bba5adc197cb51649,502646092.5243115
552152b60bdc1ca16d2dbb71,696244571.4009736
32354bff9df0267a5e139156,515372865.76850593
fe4a6d7d7ed28b85c5816fa2,890742363.3207595
afbc7773755043a40a7f9d6f,450685625.7663829
daf2efda70c6f3cd9257d0dc,378529194.7267196
66fa7c9e82a2876216b14b1e,462783708.2757047
e34517b1563d829104e230b4,383537305.6824127
222a35842b0bc09f48e1d0cf,472072634.84018034
c5a64fe5ed5901734d98a22b,428266703.1588442
05db9fc492801eac98f69c7e,426159084.7019747
6e4ce81e713a571601d861a2,369444083.1888361
79fe5105ed7a7861d3c0187c,376569081.8527422
70ea911907d320da1f7f9c41,433051415.3427383
e60024d6e0b5aa52e27a3b5a,371506355.24751586
bb63f086543cde77832bd4ed,371506355.24751586
b3c2187fa96006fecc6b8ba0,366310085.09683704
9499edd83df77bd6a90560c8,366310085.09683704
a947158782fe2832cea53040,423813893.5418922
2e1608b8c646a102e27df16b,453648805.60990417
77fbf1f0c35c1025ea4803e3,535141057.0000989
f9e6a759b069e04b0cbf0182,445309098.98826456
1e158f436f2a4caedd1563a2,580301923.6213377
67af004f80b08fae38f472eb,526874407.3383022
386ee01c3f7bd8bdb91181ad,661003872.3709981
36ffb5566bc35fbce9e42679,496845438.6072213
b58533a6850620b0960db713,472658182.61467266
41353584f956b9e316c6c67d,501628830.02636164
b1d1bc7ea83d5c584988b95c,502016776.40708894
6b1c0866e6f12f7fa8de94b2,483188147.9200309
fa4fd8380dd2620c672facc5,446592327.7486252
44394e66504a4d77587ee105,606459802.3173275
d841d6a82425710e36460f64,547633386.9137571
33501f96ba3b02da073d586d,409706092.5692164
831693b6fb81df1359e45db7,486632154.5708533
7192b9d32e4ad55f6af9e241,551379345.8693157
4f99b97100d003ba3a2ecd46,532678004.12050545
83d969bfc020aea27d2b829b,668889743.6886332
39be6f994f2cd3d68b51126c,689773455.9014245
712f16cf2506710d7f2a2e8d,513295230.08885205
7ba618fdb1fe8694eaecb64f,473332577.88836324
d8735967c942d1a7b0cff7c6,785273815.6643286
b4ef40e00d089a35d750888a,821950945.0598826
7d73a548c2a29ef2d9655e1d,392613595.1236012
63131b8d125073c7dfec72f2,1040821854.5435443
a65655a4f42564ac48bdffa4,689579702.7656409
033d3f8ff56907db4c453700,639984641.7851212
05e8878bcb68d03e3b656eb3,606165131.5636208
2ff0775d2c131d19804f2a2e,811142303.6469579
9957ccd807718945178bb847,1015595851.1634496
7bcfd82ced5d6f1ae390d388,418872088.512902
adcc03f332b427be46f118a5,1087603636.3964221
b5dd038cf35169bfd0e62eb7,1109889178.0626063
35b789e1d63f8f25980d21a1,1075006806.338791
c9a215f284e095850c809425,721874349.5713123
d26efb0e1213e19c378edfbd,606165131.5636208
9990217fa4eae1d1c4ed051a,696503254.1014093
2e9390c4423db604e1c7c4ec,644607774.1689953
6faf9b6c30b176e36f2f1d32,727699523.330667
5b83d91f4d6364d3e4be1428,510498308.37934023
0d9616f0ac8b0c2e9e0a97a3,481564600.94379306
9c9fd309cfb505b628f84fab,606899164.9689504
98b77fc0888335702d082f8b,603914352.6903325
051d68945b95562009d4029c,603914352.6903325
eb8021804e63016fd934c9b2,661463627.6397759
ed6c8c45bc8c1d160cf0d0eb,1055326244.8349061
9fc8c3523883947769b2fe6c,663070460.3099904
3e9cdf767389ee551b5349a3,428045855.3676511
512effa47a1c7a5420bdcd6e,427690117.4463566
0768e70fbda0e09b88c1548a,435927992.5641802
acfa7a1cb136e4474b7efe32,708041458.398735
a343e6ec6eadb287711d3834,617641849.0802801
a698d80ede6cf6243fd9ed99,821110430.677345
fa5c81237a94f2f78f05977d,698088687.4054965
999c8da7dbed7412dcbafb70,785009764.6685394
c33613eff66948d1bb8ea3bc,913509197.1551534
a642351076b7706a733dc52f,881287855.4218801
c69e08214cb1fbc09ced0971,363214621.2771333
48a20e676a060954308c9ecf,422305415.6778756
304ce5835e685778b1c2b6a1,622824125.9120283
c859144477dcaacbc1654a8c,599298627.2348455
98865eb2f40b8a30893cd351,537725373.8884203
68dd15c8e9b71171348ea24b,1057037177.0986739
3c660885ddd7e98ba5ea26a1,1234169345.6847072
c670315562766401f92913d0,580016086.9861475
777a8d05edda0a335d89e90d,505660527.5372978
81f5c32a2c2d3b32329a645b,625604910.2718219
40525fc425906c9485f1ddfc,430127122.37797993
8b6efcdb553f6e936bd90f3e,475714750.2180465
94dc108f1d146641b221cb81,400316540.09192204
1034ee7a5160fecdb5e8c27c,451632711.90184844
48b34600046c903f0ae4e6d1,901225646.5256637
edca31377b4f7299f8b45187,1108797247.1117337
b1586cdf68f36926c3bf72a2,357500798.2905949
70b15c2a38c404e62ad05171,399860866.4551355
ce18358366157fa869bf3833,371534598.2422162
6883fb90099426e6f3922909,360336900.9922991
1b7151cf29b565b2f1caa559,354552384.4071075
f2ec3a3598c99bb8c38cd680,360479233.5349227
38026eb43ff9876cd5767ac3,399810565.78836656
9f68ff98e302ab06df4fc672,400665115.5613526
2d2ee255ed2144b9fa1fcc39,576244339.5835606
029224b78e8f358aa9c38e94,518361495.90170217
88da5851280dbe750968c565,454771960.547273
1c67456195075a051513b28c,452905989.5900191
9741ff1b895a038c32205784,554448462.5333244
75fdbee42ec89d428143066c,605338173.6955123
9f27627b9e439fce085cb01c,803874033.9867834
a4a4a57cf20ad739291aafcb,628485596.5529029
84a074517742e09a7eb6f320,517570368.42312753
28fd0437736c1b17c7ea1f33,578210423.0669252
beadf1de0732143f0699895d,609449423.6333463
b027f75411dce9c742c5d0f1,398600427.9260153
182077fd9c5142d503309490,620648245.5099685
b1df92683a593edc3f2b45ad,530550118.5760882
38cbcd7f88c1520fa083af9a,547749005.8654402
8ab5eda5b66a6c2becffad29,717024590.420115
e68ceeb098f60054c19fda0e,508810101.5092156
e6ac4d158437142c15bbd4d9,563965724.5910542
a448d8246781ae78dae61619,726803491.5196893
4e878e99ad2fc34400381c3d,559421525.222965
beaa09cb49a98e8025fd7e8a,632340155.4943475
3df855d8893dbc62eabd95c6,514707055.65017843
cbfc3ca911ca23517da8c2d0,668561936.6625372
a020e479dc5db78794a5fa77,563965724.5910542
6247fb0e5261d4225f6c9f1e,684297352.9570309
93822a34ec8dcf104e7f49c4,717170504.1237527
17d311554f40ae8b40234c31,576832567.6630932
762e044ce9371d7b8c7acb6f,549592030.0335339
2fad468e1c248f40ee3586ad,686302764.573687
fc25df25f4151a16cf0c90f8,562295450.6884933
39c1613acc0ba4fe622c1f31,809988318.9516393
2c15a0733cdb932ba8f2225f,995657011.8564847
1db68ed64501f35c51d74c5c,719860704.0161276
1d968cecf268a7f14def1af7,804807519.2156963
77c886207faa6965238b152c,333980796.60925394
86242b25bcb2dd775d25191a,521343693.73767704
a8b457cf82926e25cd862af1,626659407.5038526
fec1212eae4e6369d5555d8c,658654705.024029
8f59ec48e38092ab01c23e33,994891346.7564037
490b89e972abd7e64b5ba6c2,572117845.7157718
f8f217756d32f31faa784c2f,744643791.64259
1c2ec62e8ebba12c6146a04c,562295450.6884933
2afa1699af46ad8124f76e4e,474062677.73320466
8c1695c9a31de0f956e4ccdc,675729866.9876845
d88bba495701ae7a44eecc64,890360944.5982106
00571815d5a7f208eb3e7737,892118381.318119
d626a635ee75c23aee2fb327,1238395827.5156553
7e3937cfe43dc906983fd321,852043420.275777
ddd8906ea4a22b782c7888bd,668006343.6519328
258abe0fc321f6b24d37ad86,573194513.0586466
f637a4885488bbd499199148,402789234.05311483
97f5e6ee143998e0b3fc97c0,563160347.8114283
be4b96920e3aa5c57baa13b3,337964735.4200737
6e7f3a0cb6246f13656fc95c,954449879.6331744
0cdcd8cd52bd1967dab88a5f,457307002.2746743
83da19e7fbbca11083090574,423530218.11545694
f0cb484eb3f6e04b5b1806ab,556573588.1546531
fbf8b0f1159e89428778c847,544910554.767018
7c316b981173919b6cae5516,649582960.2396235
d6496a3215daad9089fcd5c6,906535798.3813947
e104567c1cc70000692f502c,675372634.3199914
c4476befe0002dcd0c315993,444380080.53124034
3008e821640b33a8d70beec9,379371274.3944642
9eaaf577807d86ab64fb14ae,327902334.5640217
9db120a76af04028d2f0ce68,315974890.6896242
81e1f8b1c0e3b15f2ebfd84a,382244770.35017383
9943a2530009f62cab6b466f,474450411.9969039
a8052c48a500926214eb2e1e,545836002.6517358
3335313b9060ff29782906b6,615348392.6381335
cb93bf58a01eb262cb003061,664905348.4169296
0e04f84529d92f2832ef986f,624153787.9416647
807d7f5155bd299afbb6491f,590516153.4008803
76558d67def95bc708039f05,852270972.0215149
bb19983466b1a1184ee7ea1c,688306611.5847182
34067d9b2b4e45be1e5cfa32,683485984.1230848
1c4fab7d9cf798617fa90a19,339544582.9763752
b4d610e0ecfe007c133a5ea4,418997766.7507093
ffbedc0873b99654d10188a3,353919147.7951652
ac413fd87de33153899a1d04,451820074.3533697
83349bba5fbddbfa2db5078a,608780058.7131891
0a759932f763df64a463ac18,465620214.1130153
fd9ebf37acdbb0e4bffd2fb3,421271911.52054596
f725f6ebcc3fdeed22bee385,499142386.19585216
ceee9fd6e692196b960443d8,421271911.52054596
bc10eea54e4a1767881a2391,535797198.7548723
4ed5718470ffa3e5b5f40bae,421271911.52054596
debd031585e9527fe00f116d,798332033.7312586
23b5f2af5d39edd25db6a522,804559180.1790246
f51000446ab65417942e535d,685047461.7946737
e6ed64435c659f236cf213a8,620874962.3510066
b160d30961ddd3dac16184b8,681221374.8399725
0cad79296edb4b18582dd77c,786870445.5423008
7bbf8e16cc32dec423afa6b3,458387137.33877814
acf98212eb702c79f16bb058,753840243.3609077
1747dd033c2c2769974a06af,492381067.93823
d54e80ee72354c70cb84323a,492381067.93823
de901d3433ade456e9edcd79,492381067.93823
3fea10126c0c651f02de7167,492381067.93823
f823f6d95b4340e8e4dd0d57,492381067.93823
ff6fa86afbf9da2aa8eb7991,492381067.93823
a966f298e8d4d3d580a72d99,492381067.93823
5b0918cab84af6fa6c464037,663431681.2979889
bb1ece5366ebb2ef9d52708d,433280648.7233214
fa926bec03068764c8545d41,434035877.9435937
3bb987adb4ff573ef09b8c12,468205980.2907621
d7fb188814d4c118ccd83989,552469583.5097286
ba511b37b4bda08d191c68da,424133257.6910883
3c2f62f464aa5c48c470bff2,612625541.227737
3256c6c6f30aea9cc79b7283,766663377.799616
9844c3773f7a50c71f218e99,848316102.5353652
23229e392dbd8fd9d80637da,800909429.4291769
e0f47a028df2dbe9129cde7d,1181307617.638208
a12f0f00148e564ef78838c5,1427896217.6977503
d3ace27450b980262ba9bf76,1478761994.327988
0668a4a4521c783a2d817413,870642847.8879716
768f69f0241fe339b6f52fa2,670544613.9680796
e78ef4d2b165a8e8781c258d,469761649.25815773
631ecfa47fe167bfaaa967e5,342286480.282235
954e3065b1e8b31a68f6d4be,413747316.8943544
e81c5c1b820636f691e5c5cc,857872707.7419796
b4c779732e827ab2fec8e8eb,853881227.0403947
b58208759ce1402501f68906,691701060.1452428
59805e5f4080246ac1d92b34,622334576.6823475
a3fd38336516b98117e328b7,516478395.753958
c0bf06891690188e17ceeb8a,435281145.7169137
efc8ccaeb09a5e1bb0bfe011,684392928.8609256
8e604d41e0cfe9c93ad536d8,992963530.5006258
f770b66579bf2b55a714c43a,647800749.2310587
4e01f07ee4b1241360de460e,927015922.1850059
dba1be42bef913f35a95735b,641069779.3252819
d839ca90c5df85e5cab54ea1,728967815.064317
ffaca67ff9f0d7cbd5bbd295,988179927.5134823
6f17875bd3ecf00566dd5c1b,538517342.3766354
10d01825744060a7b777ee4e,546516961.5488279
185b333862e7420f25622efa,552182232.8445951
7f7141f5e1a7964ac6dc688e,1076317649.257953
adae78b82caeb073d84f02ee,668886224.4651291
4c0f9275581b5572635613a1,385107037.19392425
9d6810aa1035e91b72de6a26,396010260.655191
069798704327652a899a189d,521716382.7553061
2f34de2546f13e8a9dee1edf,617377093.2799189
8147da5e5f53a163443e8506,549148895.8127724
6834b61ee23cf04daf4fb83e,839870979.9597957
59cbc0e7dc6e6922feffab8f,433059497.13301224
7cfe5c3f5cb1bf095eb2c503,456841252.7451278
d916219daa90cd2d99edc609,541579369.5597453
e78ad3483c5aa5a7a4310720,656228034.2498965
d048fdc255a5a7f474d48c0a,1081543297.6942265
b76a3fe6a49dcae6e6bf5815,628376054.554602
75fa60dfb737ad50073848f2,711966396.89496
83c1d0e2b8826844416abd9b,407144006.1568674
8c02948b66db263420c20d3d,696350326.3804232
33ab442cf58cfaa33eefb6dd,393585743.5027273
d379dc03d78685ad14c647c0,475635170.052355
5e36efb290bb265d81706bd4,558446003.9469949
db534a5f57e92d29b9e150cf,631729403.4762506
5354a816a7da90e205448832,370620705.728692
f0862f57dd6be5e7659c65ba,437889265.04657567
7d58eba13f418d890ef563da,652427238.6912283
c2fc3f04c3870e14b89d5fbb,1034773330.3860605
15537000b6806ee84d4615bf,1142206973.701752
e82508e88e3f62fc8e67dc16,910155467.5936878
86ee57ce617b2be312a9efd6,996698269.9689845
6bcc29a0afc735bcf3621595,910160293.2569344
d79e2addf7c11180be222103,991777150.3628441
adeadac88e573824f08efa21,714972083.9497988
922c37e46fe9e75e73fc1f35,463510749.1674038
5d09f2d1cc5fec761ac4372d,783286780.3999983
8c5aa3c826f325a9a6c6f524,783286780.3999983
fd0c010fa0c4b84dc75ede86,757183517.681263
c23150d0aaaf932579561998,698446982.4936409
163405cd6248bc3e832dc93a,665209782.1534458
eed12d0c3e65e9989fc4f4bd,556601442.24113
e6fd53315e92a55c6b67405f,393405873.4333459
7a3ec914a15b47726567af96,437362736.19755095
7f02f056d5eb4aff92b44659,532012279.3850859
2d5d9119602c228b333402a4,593155851.4897091
43fefda5a3b0781578d9f2d3,645081626.5548265
513211d9f07fd6645711ae31,360363786.14818037
c3e1e0d2618556de7df13403,485453093.1240044
b4a4d705930d9afe896dff17,434469124.1486769
e44b023e39910ed29f4dde2d,465186103.4908525
4e78d095988a92642a1bd18c,427174630.5160097
92507b623f039b4ef5be8870,540265568.6566352
e216fba4bffe753a527ecd4c,578578742.6015807
24a4199c17f9c56f0b3ed12f,612095173.271806
6bbf09c3bbc3e3a000cd2afb,549148895.8127724
b3d45812baa819caa1400255,534728574.91598314
2688e4cd1fd441d1da455504,569236875.4913387
5dc1fd6ec7ec8c8af71e3b6b,685441210.6372987
f7b7e298ca8fb75e11e92999,476472971.3466749
05b71daf88eff5ae8cf5789d,376444952.5686189
e8a7ddb4e5d43d156692326c,1021008012.6885484
632820af2a0477aea5ccfa1e,719690975.6676662
43a3fbb8218e73b956ca50fe,1010388740.603818
398c195aa41ace34a16b0d7b,537888402.4874476
ef3887783a12f591198d6c27,532022689.3153543
e6653cc1c94306d4e56ba216,562748130.42404
166c21ff83e97c6e74169d92,722133010.436433
d0fccd2708fc7def00c72317,487325221.1064594
d66bd7e4bc7b51d23af57de2,619662694.8693479
8b47b76193159a21c3580a3f,696271165.658187
448d159391c38e4ffcc405b4,431040756.21676904
9ce7fb3190866e6a02e01e26,530648376.74431497
c25f892c01420855f61c3dd9,452045563.1193284
2d5ccb12ebb6fc7d4ba462b0,466226312.4885299
9eb4041ed9e159ec0d890de6,466128167.7865011
c342f6492f90ccf623e8e8cf,412057755.37321275
c3a78d9bb10165d9be188394,566163441.7413878
1978d8fc2031af21e98a4e9e,596040146.1572269
d6d581e852a025b61cffd6cc,597950847.9988363
ea28f68a1d1d81d29b88531d,662621293.6103435
a3cc0422a37512ae124013d8,597950847.9988363
073a3ae443f3333f0f526f7e,730781055.614287
57238dca767ebf3a842c5f10,926885238.8343666
113887ac25fbff9d30fe8d35,543701574.7424095
fed1a50c562ffd7f30451adf,391074539.5038029
b1e9075645f4b374c7301346,657934399.7235575
6517c1efabdea4c1f93078b7,554704213.879059
b966fa606a3b50d3ac7249f6,1140929552.2160044
e0ad3e9588636f454e9e484d,761362952.01188
d7ad46cde8eca723de6510d7,597950847.9988363
447f51e37fda773ab748814b,470138702.55734855
a6b992c9bf4eb32ab3d1df4e,382876814.74760896
3a9c7ec02f3e7e419669fee2,378137553.2341587
c908280d0461c3585af94d53,819964019.7976418
b3616a055e722e3720cca48c,473575873.0746741
45a8f6d942533794501d775d,630019688.4363536
b6da1db3aa02debd11e26edc,566258118.3381261
6d12669907d7d80d0b458a93,647708534.0382168
5122b2e9638d3438434fc56b,1177145858.1442676
6367a127b452cfa27043f74f,865324493.639282
fb3d29813052141c015669c2,447532391.2523344
5fb76f2095eb1a5cacc2524d,371534598.2422162
95632ec6578a204881694dc2,529053799.9983944
846b75324c0f3cbb027387c3,644393711.483231
940dd8311f2b49d4ec212fde,988555702.6799684
bd0261ab68cf56950ccdced9,533240072.7068357
f79f0c23b5cb96b5d022582c,453160533.06867605
795cd68f9a5ef45902712524,690246794.0269421
d908973d90db91f772890c9e,418303956.9697486
d670be6c848b1e92abbf415d,418303956.9697486
87b940bd3dae37b9fdac5d4f,524978515.4615664
8a7ddcd0c452e7993bc5087b,463046488.14939713
8925e22f8511be30d50545cd,537035684.1546582
1342c307971094041c9c240b,858840437.6525317
385488342bff3d3587250c84,973392868.8809046
f8e25b7d7e93c45df1b3a4c5,950150500.508538
fa4f331f05b1488990a69ec8,1065545301.6500684
a71d187784b309d65cea0b14,836096802.4466683
0f44b84024412099f27439a7,504188888.69372594
0ea1a5d32324d270cde1993a,549880297.7853844
b13cdf9314a34852e8db4221,473086000.49031115
75e0815e2ba7269a10d9786f,401707762.72695535
f42b6680baf774d27fdf1e48,417511496.8100203
5cde1a59393643d7ed4e909b,546627973.920527
8736dfe0f1c6e2181b0ee31e,913426900.2624663
5859ec20de4a5036292ee947,877420425.0916042
1eee0ff52c53f04307cc3216,525762159.3838
b455979bc938acd34a580eac,516080425.13981676
6921133528bd6fa3675ce8de,845928773.2848246
3d266736d0307404a5804073,494669821.9501879
f4f6e48b618064ced466c302,391481992.0993859
dcf606270a4612aafc5f9f29,589094196.4596201
5e455623c380290e0a8e4e48,476887161.3378391
ac3c9d9357fbe72959817602,516085537.7097377
f48fb9d9c42b0ebee72cfcaa,505399295.7252739
dc99f2871bc05ea7e8a97d72,438667659.84839755
b5cfd5eba0b6297cefd6d3d5,982905760.0531507
0dd30227247f145bae82f96c,928881675.3102869
9f347bf53e4ca4d264a45241,589240895.2713112
81406ce289219cdab015549d,773162689.9099977
a085fab6d9b9d8c24472cfb0,1165875253.0193741
1fce0e993a57a3e3873b8d7c,1156242178.5308523
af67d51867f382dcd9cf34b0,876752544.9726632
432f082ac51bb0d39ce45b0c,984645040.1527766
b6281efabdbff697d70925e6,917391528.5151768
9215d29512b14aab6178da01,1279400958.525221
6218a5d7267f02c576e5bf16,458237429.6869524
d66cca2c8e08c89af26e7622,623727120.3559068
ad3b4ae81c322a9f91381bea,551419263.6974944
3a40bebb521445fcd32cf033,921242338.3067782
c1ca38f941200a9d666aaedc,446857792.2825382
a1da74ec074df16a1e8690b9,1402050478.0137534
502154647e351af240615b98,735312890.9583611
b57cd3eb0290984f061e1053,454721427.651281
4db632fdebc000c9e64a589b,553884229.2656547
e380184391898aaa2d3dc540,836996251.343943
dca45f1c1a79ea5ebe639920,588022615.6877108
961de1cc8601447b03682e1d,456841252.7451278
60a4f09c268e61fbbe423ff1,376269089.5725056
c3191b6b40191009ae9f4b7f,1267835771.3963227
478ac408d2a5c603aa23cbd5,807650926.1528139
ecdb747ee4a3ebf958252309,346130323.2061163
6c36e346957e336a33a7708d,456841252.7451278
09b18e3f3cabb7d5469a8d51,599566564.3177743
f1a5856ba56e7b12cbb9459b,333838229.80380887
c378ef33f40f8be9263e517b,578443571.6824713
b45911f1875da543199e97b6,1013209299.9392353
678c70903bcb6c90e3578d6f,901962064.3215941
be22ce55ba31cbf7cd285e5b,519463797.37743056
2dc58e6aab9399e9677265a6,855308989.1152635
dae55582e86b1f514a4ec3bc,449063571.69787866
c119f62348e418d9ada13362,841637381.771357
33510511ff07dc7354cca7e8,520479893.9243646
16b79a8af9d6376c73c2478e,636131548.5497956
714f90489426e80933ef31b3,442076977.92600095
6c8e1cda487c9841c8d297d4,502673298.9597225
6d9c4bf994147d8892d27f27,987448448.6503801
1b300634b71b898299c54671,847709853.2894393
181caecd269e115cb5cfd75e,480744515.5829363
059516a91f938d2e8fbcca0b,893532952.0173703
c42ce8f9f62f7a315e028e3b,463668682.01523167
bc23e25cc246ced4731ce5f5,891204348.6563802
de44f54fd6b1b62f30956f5c,680667820.5722831
2ef897a38b95d7b769856e78,398987519.01306784
2280b5f7c47c3b36924b84a9,496086309.31075096
16ef7eaf29eab571e229e537,818646400.7464081
48b1f800656bcae6a9e70802,572917882.9773332
b4aa025f8813a3f0b132b7e0,552022514.6065862
3c6092e8458ee81aed0db0a3,696604794.6675354
d919dc64995903c9120eb61a,852203331.1338483
ef53741b01120666a08db213,767308385.3605944
c3dc5ad23dc8cfce0671adde,780468556.606787
a270fe47ba30ef0056ec6c4c,458419391.1682151
f550bc7ab5992a6fb48eb60a,855308989.1152635
28f980b3c741866e0db5b761,708651187.8013778
c2ebd39857dbbacb99e6cc96,744734986.1085308
bb9fa21902daecf876c0467f,1034947124.9122683
fea142787b18327108ee8929,484099425.104888
a1647603f732f97a99f5ec6e,1072615912.5730271
775f25d8144580541bf2746b,720714219.3313433
527a8fb085995119f846a5d1,1073556631.0535309
8b69bb9fd7f0f19a248f5cf3,464689652.2569167
3b14b48188fdbb0917414039,425102426.54122305
02259637b8ef1311c69d3d90,946060723.2320176
50eeed30ba674cb079689afb,444822172.0412186
5fc3634e1fcc96b9215a6cd9,827423685.8854486
23cc24e23a1d74159ff78464,800134023.9497486
44551251fe345b31ed71aa5b,687607635.0949391
82ad984f02ccda30bd60da8c,874903245.2385643
5734cd4805f5c055d36ec645,663268165.0783557
fc7ecefb27bbb5c3e25e899f,400274095.43632495
5ecbd5b92092264f4e9101bd,556180408.19646
83a8d9df3a535fd273b27c15,1045354510.6212063
d76fadda8063e44483aa024e,951006533.4864907
a15bf12a6b8749ac8f9de19c,392221313.19183236
a3f32d81f4cd99dc85a16bcb,456398392.0974867
4029115038a899d98dc93d3a,1278019593.4288116
2326bb628b4a571921eb7345,870411234.992168
471d6fb8037049e1e4d120a7,1057671994.3902109
b73945103f07da807f7a30dc,1464599761.3237884
d6f4479f9226e52c93d70eca,669637113.5528053
420b03095062d9571144a276,670814931.9631255
ac0185c8f724ddd40bc0d235,557408326.5115602
228280554ba149e60f81d639,791940953.9340857
8a44e15417d8e520a99454b2,404306257.899529
8978ec4c5b2f02fbc1f57820,810626924.2430874
2ab88dcecdb565b6412f5bfa,493546120.2550271
1dd6f560c804c4548561cae6,810612949.371711
90e94b7e392f84e01a5f1551,623004923.048719
84aa7d1c2590f37f0fd6dca1,633440168.106593
0821fde7debf7cc445434024,395994445.66793084
b9973b07c84b99dd1018050d,481621008.96418667
169013bdcc2ef214e0163ccb,523634521.3524917
3c8eaefb3f5dd8d4c9f5386c,650258125.1891116
42d91ed3f3615247f57ebecc,805624122.0785874
a7f1397df30d6521c216e331,768586923.7003716
f6c6ee12e338b1f9730b6e2c,479658420.4170873
8f4687b666256e136148c3d0,768586923.7003716
925f83e20a153a1e094bc606,981030387.4466872
cd270a11dd8257648d1f0444,759956355.0344224
ab11db71265771ed4d9de64b,345533673.0654335
ec199e33b7557dd669fe1aa4,333979398.7198727
b47fe4670c6b065a9e1db429,454893352.3417008
918947d51e52e0caf692f22f,462847986.9688506
070543b03770991d65cc337f,945656033.9833609
f45dfcffe189327cb0d303f2,833399363.8471637
d2e7484c81358d4c79f040b7,653488476.6039156
73ff3a6b0cf4f7ffb244507b,671326861.8700331
b0cdf05097df437354564bc8,333369499.82174504
33ea5de5e8f5c639a213414d,1003245178.0057486
c94056bc09a4bea0e853cc41,550057412.4706581
6d5a91ae44cad7849dc4e969,862327360.435665
b52e0738dec9d2f119c75a9c,660354665.6220272
0e35349077490a01f25e2ddb,935475991.3371648
9a5fdeb5f389590eb46e7aac,1146448587.4352357
337c81be4cb14d494ca69db4,832701165.2642413
ff28f1a1ea72e21acb157f08,1207572158.4031126
e83ef75473fefbf8d7e52302,473576334.53784734
6d3e508ff42615eb78862723,776846322.2771789
3b7ddf527979726fb8aa1683,396339724.4437731
7b08cade91e2be20656ee856,556778706.9567069
59cb7abb39785d5263a156c3,669211372.258013
bc48ec7245297b4cb85dca1c,720735208.6045687
0f366a36001c0766521b9dce,818982348.7754955
6ea022e53741adac484c1798,885954535.4849619
aebd6304298f84e7d440c379,830854836.5415542
c5b333e454ed6e93ad32d96d,961428831.3260467
bcd31d201096351079cf7ce4,566535225.7488694
46cf5b18fd7bac0d3332d70a,704087627.5898048
1dcff645d389e7b687a498f2,813724171.2288109
cadbfbea1d03e6538af648e5,484874214.4504549
9dc0c6ef8389978be58daa59,1225099378.6945524
fdc00f6ebd155e84a387878c,439802973.70435315
99c1b39476ee8e2ebfff6ffc,710947530.7097846
8930f231a5b9d8db14e9c656,949136638.345107
2dee15f1b082bb986f8d9513,626939639.9043462
346c734ce163296a07526a35,706401591.8228326
6079fb3769f843e99b47988a,505338972.32958835
f5802200af1d28eb48466c1d,376669941.7406829
1f8068ab65469ba56a1f0c4a,376669941.7406829
1ee45a731b6f0242b6d2936d,505338972.32958835
56b7a6da82134b135fb7de2d,614285410.965072
340c4d762f830197fdaf0977,954478709.8818582
1bdc0d441e63089737ac4c27,628198610.7758124
b3d82ceeac64b64142286375,490723453.26838195
947421747f33db213e6b1326,541579369.5597453
bfdbb7aef98d4855d459ac94,844391288.3558377
80e88d50c151d5534a57f61c,628525549.6856115
d0f6e19e92c03b40a5aae3fa,1199043150.5228844
6e2a3e49dd6434ed01eb5e71,617024495.343044
89e2d612654b3c792311faf7,638250637.2205213
29425249fed4a74ada083dc5,484619169.75919014
fe0182e1795e2b87eef4bf41,548802159.936437
dc9cd30b760a1280e0318512,639370584.1750492
d22313a06e43b8ab8f6672fa,520024500.2296503
f91cc2e5edcbb704c293084a,1126179545.224382
dae776f643e809387148900f,1041468979.7128205
e55634fce84f78466095e730,499038503.90491784
a507a938532411f06c57ed8f,745145207.2457986
30f3b383f2d5e4709c9304b1,952498881.2752692
aaa43db51d1ddea564d1bd2e,513487468.98702085
b3e76a0a1fcacd0218c17908,435251777.6754018
e548ef7a5650696c0e968cf3,887165526.507613
939afc1f6250d528b0be8e3a,815853243.7428496
405baee61afa4b08dc25e586,951702165.1925056
0c4781c598c06d538c5fcdf7,557942809.673005
fc321e2d9b4e954e80805be2,633496966.8350666
dce18d258c352b7edc60c304,634115550.0144374
7b0a2bd964c04d01387d78de,557942809.673005
43fd6b5cb01d05c9b1db0e65,702050123.988017
cf0152b0a5e886e8291ef4a8,586110889.9124807
d05030b0eb8931161855450b,637194198.3074259
281ea3a3fab48c028721ee1d,501353635.5820999
4fcba82455866a6931590dec,1079698172.1117342
ecc5e3781d5e004ceef8cf76,447853602.0664474
409cb370961c60bacbdf7416,324963405.8301062
54445913b2dc2d6ba35abc66,447853602.0664474
51a8c190ffb673d4fc27f4e1,797659054.0359819
80e7c6b194b3229e3e2b9aae,611548839.5751554
bbfc9b05caa647bd95b3c88f,597995390.3193158
128cb9247755abf5f2801431,578699965.1326363
ac180e846fda5cd7f1123f6d,819997285.0504642
1e7173670334937dc61243a1,1070454859.5589577
c2555955d5175b31e5f783ac,648088257.7840898
d87bbd60fdb8b84a9fe23ba7,642862074.0304579
825012911321d636425cd0bb,946009734.0733972
54561e6ed5570577ea97eeeb,856920893.7607493
3a2a2df4f07902b04b809125,915644972.4217596
ea7e3ba584cc5ee45ff8ba7b,534786642.46313316
25093735f186b70beb018317,750575436.5159926
7fe1adc0a5873cbba4b021d1,1211981010.361182
461749398bbd48d69b444d7b,495776411.6278751
eb8f668912b70fd554c8c723,515356058.9427901
e2f00293305c464b361b6178,663558462.2519867
02a0a38b45e1b196165b0098,436758658.59702945
0e6dc789744b678028e74d56,369684121.4115897
58954e79191c62ceb1ead100,922169197.4078698
23aa0804aabdc61650b8562a,643357406.0993267
ef64565957b5278185b2429e,536735976.29826766
253725ec3d7939088faf71b7,560004438.7858346
a9683df184aa8b4ad5d0cc5a,600264368.2032447
3c38153bc36b364b92548965,524581546.3237284
286cdf6dfcd95ee9edf73a93,347547599.8278891
df93a6e36d9f19e252fa9de3,436754438.6321136
586fde402c82c1eb5a74d634,445787667.6764419
5fd3b0299c0d52e48195fbdc,465547266.9750812
06d33fff99a62c330ef2d585,550855968.3803812
df98fd10dd8ae59956994521,476364983.61347145
361715cb422c5fcd9125d5e6,452633438.8501338
af68665ae8711d009e8810ff,478846477.28011537
63f3295df28c02953241e2a0,700369253.4570282
62d338c26b44153bb075b234,868889936.56362
41a269c661f20e443a7a25f6,817212781.7130437
c5a8695b7aeba06e46266959,649589823.0845699
17e5796a30da5eaf310d02b4,502052755.5085737
69acab4a6f82ae943850b9ae,586492737.0349895
5fc3ffb33090bf75a81aad8b,520498902.7369333
02d89daa77bb313328fe0c4e,410683467.24476945
6ad1fb94accb91bbc30449c4,411640308.32936245
a1cd215fa99b8776818d0b0b,410760077.4496778
0553a3aa7d961ada6dfcd52d,538508862.4155976
c6ecbe7b57db2db74b0d788f,678782200.4749866
a4b23fbdbc7bbd45c5ebf80e,1121219688.0441928
3bb15c6313ee70bf4d88f4e0,477771208.97115755
e05c52c9c8fcb792ace06b61,448210091.78178275
5fc77edb0e5bec0ed8e72a60,1038603521.6809878
85e15a0a63ffe482c68ec474,1237881488.801971
859025f2f41efa521a74a00c,486040754.49586695
1672a21e6b2d8d0525df1759,439573447.17043597
7d4097722aad95158c51d24a,681302931.1698412
174fa597347f2b1d3e9016e3,619724202.8796483
3f081fb77ad08f8370569bf9,446565794.201261
74cea4c9dc0e00dbbcff8b1d,1169896607.396958
4f5de1bc90694fedd216ef40,1402955157.5103636
8fa4be9ac1ef719dda1f96bf,466523486.22254807
3db3b80a902c10004cd3a3d5,1230324401.527222
bf02fad806fde4e3575e75c7,591910512.3954378
edd2afd07fa1305fc3126078,418525168.72078985
bd5d2030639ef16370cca032,801277463.013974
87e74ed42a2c8c97f7bdd239,1049958501.0779513
d1c6037d0750bcfe47d425a5,645563614.4347707
763c9a528d0f99f34e5b0031,437285182.6176751
8b674605311d296990ec72e7,434980362.70571834
d7cc3d199e538258fcc83f75,457082397.00604725
ec6ffe86e9ece6fc03556ea5,449834997.9821455
9762ecd72557ad6728274e1d,588868744.162505
49a2d111903c77053d44573f,539502830.857908
d06ab7503c6deaf9cd405f66,1324963965.0062046
23e7dd821ec2601ee2c6e353,1173348387.8060863
81519727c7ad9f60d2c5f224,916130380.4737985
a4a5b6a844c14b4eca92dc49,1173348387.8060863
7e647c5e0a7d95ce87cfc8fd,895667096.7020739
7a1bca1ed03e7cd0e277fb95,463188320.1866954
03eb8da7205428e61bfb2845,521153267.00891614
82780776619be0eade3d72ef,479438289.5374988
4c03afca943c3f2484b8db6f,463188320.1866954
85d731901b48348f57932240,527928738.36704546
739de8928aab4ec77a1ecb0b,638155336.9040397
7f45d3809b08bb32a45139f8,561557675.2656012
cd14f8aa1613d754221c4735,565902223.8743865
537a9a2dd0ace0d0131722a1,573201551.684329
2d4a781f969a4fa2a4f04a7a,668328319.9477878
e3676f99542f27c9037fca29,880201858.1307464
bb33aa4f1a7732fc8ef19039,407009255.67447656
9f11661702873852a3d65ed6,417658779.38647956
d7f22a4e6daa572583e02640,332487701.05354375
f6ce37c42fad91fce47758aa,412271614.68989277
f57cab248d2d832725d78135,442058530.066633
9d73758bf7569cab4837e49c,610843159.2089272
322bad590ae06fb48f80c533,490910407.16581595
5a7b67d4c79ecd83b7ab66e9,892583088.9095639
8dfd846e6df9a040ae1188b7,510739084.59309965
44a587fc89d6b6489157ff49,1134454949.900383
f9ce5b7edb104d4e8407a344,506374418.70389044
73786d11f1fa714aaa9f1f90,927898327.1359457
cc72295ef156cb2d60d6b10f,1208927199.335591
c9851396352bfeb05fbd7580,1117916988.0584962
b3561144c745ae3d329dfe1e,466162777.273077
7ccaf332cf87e07b38b340d9,1203352753.3847353
d63fe229354bef8b02b4a934,535447694.46159375
2e0a8235637e98dfea862909,916706751.8798006
0a1b14f320e330b405b27a6b,932634504.5387723
db41266d7b500a6daead96cc,354337057.00761354
364b8b8759e3c408c4005021,398672399.7837419
73bcd7efb7a25587bb1c31ff,676248453.5925794
17060f24d81fe2661c7628c9,602204522.1357955
98318f22c00ab335d8aa23c0,703495456.079301
c926feb307c493aea729001d,388146041.099282
58d92e8a26589e37b7123716,527059088.84775263
54d11dce9374378326f7ac62,363666923.84265614
8e79eebcff019c3362a76a26,447680752.1720525
02cb957c3db9ded3691a9004,789769988.2876334
561689dc0f267cc5011ede3a,708256675.8326758
1533da89d388196f19e2c5a3,541764728.0377065
069ddc5d1f3c855e6498ac50,400341343.95129836
d3aee2a35856634eb710efa9,420686211.3722492
4bad966abb5e8c4121ec69fc,563508203.2599034
f059e39d22124eb9e7e8e20c,841288049.8404502
3360f48c1ec30dd1c3175101,446503732.4496067
2218c6bddc994984cdc6e567,476802979.31669676
c2a9b4b389ae6f20140e21eb,916603400.2148235
d135cfa351ed6abe4ec2033b,589446698.8908327
668e5bdda1f4011578534f54,1134189077.7278125
d2aa3386ae240d7387424e07,410719104.4976777
e4f2ec7e2f4389c1efa52c0f,406861172.54136586
d4f90a6b73b1e179d3f8eb70,404039831.8764907
5738bc8873b341bf92ece0db,515217991.39987695
2906d21b1d96a1ec43bab50b,413302931.0020941
4e1bfbbd8689a95fc97fabdd,420635380.7448368
78410b0193dc989de2d24da3,517387396.0817245
fd7f194d9929a6f28ea57cf4,430361751.3929372
5e7ac1ffc0886c27471d1a54,444556838.6310693
879d9e3b4ef9063de41ddaed,476027828.71409684
4bf620c6c6d4c916bea70e81,575380408.4427482
573bf87f57db6e037aeb94b1,682454854.1482236
3ff7b739ce65f0b3066806ba,681631007.0249894
a456f85bbae3f189ff424e8f,677026586.2994035
6683685692e955a8ff172c89,741447954.9252584
82e1ae440b386c7da3a580be,896222375.689181
efd178c4aaf3fc9d05b8dbdb,521762495.8196447
55ea155410b001104518e992,503519658.3028111
32a10e550bf7095627d17da3,567373720.250783
823124264778e5ed64d8664d,582403440.1052963
fb01d990afd25ef96ed048da,888699631.507269
df22426db407f4c660681c7f,462889990.32191163
44fab96fa2ea501e0b94548d,912856560.319792
871204bd1b3505acfa632954,615230322.5837239
3d63320260d150d134fe8648,750438493.5948472
b8b9b90d5721a9ed5e72b328,393989883.2076919
926d12cfe05643554837664c,331898686.31789386
cfba6db03f0e38d1aa0802a7,499203859.88901997
97b12012ece8a740944aa547,557942809.673005
8de317591cefdbc375a41483,595198298.2260135
46d34fc9a8edcc199a537b30,639955476.8984064
262e3b4091dfa6b71af020ea,621996926.6596116
396761edaa353e0828949bbb,327960720.5280669
8c18d3417886c150136a03ba,525105428.39670813
f053d3918234bad409410755,478850699.9283251
8f5444b81998e52ad76b3ddc,611090021.3362366
0daf89cf494e0f40a94d3e5c,586501592.4676656
dd8c289ec872be3fe3352313,874764016.3861178
f02f6c5b97b8e3cc5d5a74dd,633148375.1768917
5f39cf56c4e1bd43f61ecde4,536953137.8290886
5e187b07578d582ff3d8e189,922422672.0941513
bd018b302f732baecd085ff0,849348146.1704551
674cccf4c7772d6091166aae,1027518683.9694468
38e84c560b0455548ce186e4,718784456.2674885
d14173913bf5ed21e3ab50fb,433067400.6316655
cb8844cf2070d8697bcccf27,330527305.42193437
6b44648a905e7f4c0de6c855,531552115.7125824
148aedc984c7f6831c7f9601,545464855.2042283
ff9d1cf7bd90c5e47a0bba3f,415130377.0278032
9353136b0c791bec58f93ad2,396482622.6733762
de2137c70bacfd5087bc5c68,461897808.6545554
12bf6b9badebc2902cc11c62,444295970.82585484
c0706c78d5d98202dc24e46b,717023971.655598
4394a27b21889bf78927ddf8,494603890.06618446
0ebbe9d3831727f90d677ed0,1101530267.2747009
caec584b5b6998684bbc6a70,660116245.2554973
0c302f1c924f8efe0b6bb58e,873549703.7449471
e056ada7a37336bbe878f38b,900884612.5857226
905cea21c0ce1cae97fe86ab,816225892.0632349
e286b12e5aa7929334322842,469947222.7056139
6cd4e68300a8bafb9d22700d,1066510194.2466495
39124b1ec419566a371af8d4,985055882.8791142
6110b5bf07cf38c437c7ca8a,1121227523.3445249
6f8a22e4dd21f44bc6d383af,1203661125.2289453
71eebcb108c4828b8bd5b84a,580534809.727166
5d61946d53efdd9bd0af140b,624449357.0024428
c0620585c12f3d9f1298696f,377715409.0396646
d27283e3c941f8fc256c3f4f,562024207.404076
2acc857ede19953734600dcd,414126840.0986357
32474481a0f8af34a4edfec9,537132818.7233788
6720db016112cd2a4a5e0358,644447781.5158838
959d0cba47f650933b9a5168,1090966534.400076
32d2c5f1707b00c93407a19a,362300350.2983759
0ffdec8eb5272d9fe4775251,460128731.66241807
c77d7a08d5b9abd4d3082fb5,463622367.97280365
a3021c7c465dfdd38cda9f9c,791422445.093971
aa24974831a0c608635bbcea,668206063.4951408
eeca3f5c399785a1cf15b1c6,661710154.3867191
0b51fb3a65a86d7799f27264,343211372.2485127
1af16b7f14dc04f05edf71ea,656301354.5635723
e0d7e4dffa0f3dbc40c7da53,530198077.50938505
cfeb42023e2737491b3e4283,944512138.9610254
dd4e23681e00fa1cb9a679a1,460128731.66241807
153c89081fd85dcc66a02421,675188511.6681473
f25b2ce0d988bf5490fd780a,364989730.62256384
8700c9b62ff5a5c3394b0bd8,529613551.18514097
a53b105919c7b46c0cc1b003,601297920.782747
1c835128915211131bc561ab,483370484.6840162
a0c6e0c6fe41e32b3bcb2b26,435958300.00664896
4eff2f2297ce85a0a3964d2c,862300694.0573137
57062f248424c47282d3da30,578303581.0038353
99e860bbf3033ee4654d393b,693343240.1531125
db8912c5c5e5e49431b2c85c,702545685.4813447
3151daf55106dd159f27a8b6,439294181.3495907
3e8a4318d93b1fed4c48f48d,1014925932.755715
4c8ca73cb51a58933de61f0b,484326379.2128435
925754da6fea9c9cdc06e18e,635616151.1076914
05119815bd72ced29391ba87,579239356.9613636
aae7cca10bd7f041c8e02d23,580252152.5762998
4890edc33a555cbbac71795c,547178977.437482
902fbbf9f5037be8759775a7,528575685.5347179
d013a0e910b1fe2e3913af7a,600992858.837831
9c38b9798313a3091d13b340,997011051.2557688
f04d3ee8b175c8f2f30f4f39,1103578689.7976065
f0f883c45e8470e74280e8ca,918326480.6921141
af820361d5f20198bacf839c,464069464.67035794
01636da0aa2bc223af023a13,574547354.2981884
cdef6e87c007bcd9b4efa9fa,881982751.0464847
1d45332e2f04df18cdac590c,572475119.9800243
db3dae76fed5fdbed29862fe,454194331.85429996
f36a379e0149d4800e793001,620776489.638267
30d2ac3ecb8150e4d4339d1a,1135341307.8234456
7f78955c480d050f2c8ae3c9,703596469.203014
cb1dcee1f4ede0877be1ad15,734088721.2144767
a32d2c51f2bd5f23bb519d12,962203791.7531872
bcac2a4cacf13a91805557c1,438259730.07296884
a21afcc258e50a538dfd43ed,398202749.0429348
7202b83b651382e2630359c3,454822657.05615157
77d6855eb6a30d268e49eb1a,413117445.4255533
204ddf6ba4822d55ba80f713,410591461.3098999
e0587d29cb717f725e991ef3,802848554.9685807
c606665f3a3f70ef61fa5cf0,1137586944.7559652
44412a9e16b2824c4a520a72,629384703.6341746
313abf19d78b719cce4b3188,625290189.1016133
99ad7b36c3c916393e951507,716250064.9698148
c34c2aabac06323fa180b24b,610357182.1677421
37f39916813a58b844e17833,725177586.724778
6ab7f97fb9880e48fab16a1a,549915249.7762507
0e6c74a0056ee94b10bfa86a,629419629.6981933
7fdbc3fed9c9607e6d01e958,571189009.1187952
01018b9796a105be650ec802,786601111.1361586
16ede6f8833a93677d05a131,458608861.9390636
0a53b0b7c365879a6d2cce39,644258459.439947
a293de027279019418c070b5,418183194.72233635
973ab56a202e039f5ef37353,497092078.3487887
3e18c851788fa8724ca8b7cb,616230807.8473768
0a4b0a004c894654663bdcdb,837956369.252022
55d4b530b881abfce2d03e56,792005965.2346096
405bc08707001684d19f6edd,766863800.4948704
dffa1057472b06bfc0fa7a66,1126159796.1984518
d061615fcc6355d79665f9a6,616560110.0641615
6cd96d73fc58b1502bc6ead8,939068079.1886196
db78a3ce9c6f6a7f4ecc6853,540142027.4600393
1498ce1c1bbe2e89b84a4a45,793518424.083067
3035d7ea4b71d204b588dccf,517229838.6563346
2b8e9560dd58d880dbe77c61,610391133.8465558
e8948741a987cbb3759b7a44,626740527.5704981
20718780218eac9668776956,516065393.52207184
c0a9e3f5c57cfbb4aa9b2357,871100478.7647024
5e9e9339fe1c3a06470cf7c6,733728785.9284585
f852e0f3fb8563ea6918164f,1190568772.939846
e38b4072ff8b856487864f31,920817149.5952743
8cfa1121fc87d9483ec63611,937657836.8333604
1a805101f78cbb783e6f919d,566578572.9576503
98502628de3c4fd3905000a7,423531621.888996
ff7ebaf86962fd0ab6ff41f3,469325382.4027977
69442123283ab024a911506e,1098672123.1346061
ce6e91b53465250effacca98,824003483.1576725
5d42f42059617a5ca7ff3a32,482577344.887211
01edceb6c5afc2af1e129e86,341896345.04676425
fdad0c86eb89fe93633c8571,323715500.67587954
831725656d9df81b63c0ae38,621506520.6577568
d1f8eacef9bb4d300d086837,997802046.5801609
3b6d88f864f6c1759f957c73,1464020621.7219243
5a38f908d8d75c5810280e12,512136256.9896433
c7c835349181bd3f0d964eca,1378621749.2486935
edd4d560363f7575aee42d39,1117925326.462595
8f3924eb214f5194d21499b2,705874539.2506362
466c542d7825d36d18a86486,511898664.45869577
0b71d334a6db66cf6f1a8eb1,1069319976.0463234
7a91cfb02df63e4396b15aeb,380708875.40020627
6140125d2a94efe499a6941d,457082397.00604725
080df3efe1fe81f97e74c4c9,388574577.98138314
e148c2b109eecef0175b3c5d,413881350.3791919
40aaf6665b489033ba0e55b5,1083214176.6422281
05498e49d0b875ae6aaddd83,360559485.2298321
397d0f6319465fd7fea6f710,897754159.6147153
7e6d8c4742b38854d819696b,917739451.4389226
9a8d13d56d677379ebf9a347,1108217296.9808064
06bbc353bf62fda3b3786fd0,539251585.3738561
09fd7896d5445f422892b196,472205752.51008797
57c63e412f3fceedd3a7e698,454318487.53523105
32cb6246cd94f962f780a1fa,398676758.2583037
b0f9bfd521802b0d2586300b,777613888.1730446
2a99204f0a53c4a4d0a2393f,625231616.2645688
7651626df0e2e3119b801466,628872957.4333633
59e48259a076518d929f5db8,373736460.7065297
e7b721ed96269bb195906bae,408997870.4122169
61c3c304eb8a06b5a483efd9,945405623.2614018
3c26b2954be250bfe239db68,426273867.9125026
0df87025a6351b435958ce95,1083719404.284588
df82719238ea0e102c282c09,615444939.056694
57c74f7b9bc5e33cc823439f,754256614.6195498
4195a9d13c0a526d7cc959f8,414677549.50129586
0d00fdc440d7612434a6b91f,459990942.20059305
0c91369119a06c40623afbb4,462486269.5358169
5a6b30b4d33e068d421bc2a1,496108494.29989403
f4beded3c5ed9fd6cd5177c0,595930479.1547413
95e561c7292d64305a2cf4f9,457896119.6375961
67138978493b84ff42daad45,483059211.6245241
7da10de45c866c7d066d2586,448145953.33757204
3c3cc027fb179e91a46f11f4,434256513.1039493
df3ada98307fc85428022d00,483059211.6245241
e029c89d59f2caf4af4bd908,603653479.2076037
105d05ab3d5334b976e448e5,420797810.1595981
253fe7aef58ea97fefef922a,610192546.2915295
43e11f10650837933261fa7e,540779122.9097162
b111b17ae1fc17e3491b7a5b,700266600.4434352
63e1ff737ea11ec607ecee08,582691836.5935892
ae703276c49b6a6a9c39770f,894721893.4926063
799bc0f95ef9a23fc16bb1d4,1449591384.2297668
bb9fe73a8742dec9b2e79135,1242111234.9631584
a9b3d963a14c2c7435f30fbf,1210787687.617388
7a48bc2c3f4aad08dc7fd5a8,393582427.7767107
7621f476bc8040270958de6e,626261211.4733369
c49644baf8dc51d3f76d7e7c,928465576.4967818
8c107da7487ed0cd409f4daa,412384951.76405054
1bc8874a13914055c2759a35,416487027.59840494
fcfd6f08490be39064aae41c,392182733.9272111
23178c72b063ecbaaa04b37a,494542607.49794626
10bf1c2d1124f6d8f8b9497b,601789934.3950996
c29b30cc5db2ffc273e4cb14,536022042.1726318
f7d11c2601959921f536f804,618731211.3607728
acbb07a2c7a0e39c0102b3a1,629799036.8236123
844e127aa7802cdf75db074c,662483182.6714159
e2d88f49873bbcc5476f4ff5,457896119.6375961
42aa1e6f6b8220a63fe165b2,528119966.4132922
ab1c43d6fc4f08e315e322d7,865947447.8096418
9299c976b1afe4d2c0bf351e,698138533.8824396
cd62ad28163c8df131a8f2fb,419135613.8747874
e5e06913ec3c851340d7c91a,387654265.9487178
d9b46a34e48e04b5a3e026cc,489232603.4039487
782a6028457ec55d4fd5189e,614913352.5118899
11a905e4e01e7d15d35cbb82,566133899.1267467
3b3e423e248b23090a2897ee,461173218.0518678
5915093d458d4b6589e86f59,481156900.6406367
3d162a854aa05447e2cae0c0,827302541.7032558
662a3e343a7e207ecc09d6b7,472129245.3286858
289db1292d4ee40a1ed6e518,651551611.913741
d43d2bda7b6e4d5177c0d032,783831623.3829036
b57ebf09cc691bcf009ef115,1139989639.2683468
21f5bac85d5eec57acf501ef,865859950.0128965
2fa288389b3031d595973793,730966493.9869415
c900d19cade1443983274ac4,1103950060.7020957
67bd5b20df7f2a9cf4e04358,450907990.48041576
e111bda6d24089dac82907ad,352441096.63234395
7910ac9782a1a315f68799c4,565306552.6632024
ee786b818284cb382c755e9d,632442818.0814109
f9b0a27bd3619ae88ffe5455,483153736.51857823
ad1c32cf75ffbcfc842e3959,346740560.8367698
5648633b1f92de1ddaa7e7ab,401058195.8465652
1ba481abe0d3890c42884d97,450907990.48041576
ce60e2ce2a420052e67564d2,437675901.3243734
87e1b1170c163689d60bcd09,579500479.3111774
bb4c7900162be66534d17541,961776522.1997766
68340674853f0ea101e32b46,724822252.1482111
d10f89691119d4a4a2c1e650,1371027397.516709
d414907e75a1c105ad2b74d1,409933685.93003905
c9b6d3bce20b7f528fff8123,455006632.0399628
be1695a7b8d3dc68c9887abc,653006774.705529
debd60afab03fd1552719270,535482942.14743555
de060e07dfb0a5494c5550a3,521065445.20020944
3d6815fb68ce959cb95e225e,542273337.5263776
d93f6d8fe212ee3c0f7cca95,540427331.6796643
1ac702e7c265717b34419fe7,541397257.3262827
a157596804522e03efabce48,664934736.0357989
069c529aaef7d7e0774c4a66,546126638.4820666
0669fb98aed75d79f8decb7f,664934736.0357989
7057326ac489bcc17d580883,614856646.0930021
e3d6fe5d97bf4fe851aee9d3,582081236.2524016
f80b20e0649dcf1c16003255,465730642.74051756
364256d0881131148655e006,769315009.0208684
0f9c26956bfe983c8c7fc227,1355536725.7638314
9756b47e9dd47f99dbb23115,689413359.4068072
27d413eab7b562b984c5a682,646742773.2775062
ad17072ff24e0fc0e61963b4,764039210.8441155
473a59415b6214218a15e363,647518052.0236676
ef72df5586ad0cbe59e36e07,649242517.4932852
9129b78a741bf5e24df5379d,587854608.53186
964734d3430de94d22c927cc,482121179.3817083
530b25326f39c347a35a8caa,518978174.26257724
482f57e65a3f4c6792775a05,420595463.42733586
738e86beb569a7bf51fbe199,382335236.6382104
c5788cd5507c577b7b585ffa,328810372.8595293
be164f9025f346390b986668,337430011.4907367
ea2efa1a857332559120b823,457009900.4614594
f3dd24a17ea51b7a2b0f037e,693750559.3068801
7aa8d04246d3e84e5ac470bc,813842517.8745776
6361330195fa7cdc6d5c603b,884401549.1307807
6820ee22d6fafc9c030cb286,1223126921.9576313
472601b5b5719855ae3528af,801296213.4929162
3ce2c7f1ee7569e1b916cddc,506700605.007831
afb03f7cea99023ecea7610a,467605128.5067495
404364fe956884368e2f8300,879346259.4953097
c658639b590415bc6ea44119,502707261.81267637
42f1a529f5ff3a6371dccea5,517207795.61774814
e2e4641b20d81a90033a536a,467329667.1350464
253b34c2c5ce15cbd8b5826d,520971568.25792366
86ff8f274b698e7757ced1af,964349289.2156298
c4aef1d92cf264c548ef1f2f,435650347.5027682
e8603da6012c2116a70176b7,877368642.2973768
52b52aced4853a3e3d7fa058,504263438.12717485
7d9a9c3b4442efdb53c24448,471973119.15563095
a7bacd6f783756c9e7cdc068,446024351.49300045
68a00651ead62911f850cacd,479285205.8799215
1e7e26077db3bca2821a9b45,536735976.29826766
8aa21f48a83be25f924f85c7,438758992.4881032
48107a1dd2a3b027637f250a,524581546.3237284
6bbb24fd1b9df3df4e939fc3,558820341.9035505
aa45f8fda8801c3b4923f4b6,643357406.0993267
ce164af02f76ab3a68b0f980,613625099.729267
c32249c7c0819b1a29fd611b,583343328.7143812
f8d4ec209ad5fa5ba4a68e56,667552706.9526781
cc03087e0f18d59c521b6ce2,600264368.2032447
fa631a714774fc22ca15ec10,635665973.1619005
c310efec13e312442f7e1a01,843280374.290961
534466a857d28dcc598e3a49,966071195.0184381
4a81bdc14b5bcc4c84f5ce4b,480390955.4683789
79ac12d8436c07b620190b9c,416966399.28923607
f69962045e9aea6b8200888c,480175578.2625163
9752758072e096fce6f7f4cf,525117304.33519983
56fc1855dc6375dee0506133,457487294.0184499
2fc19f73fb877ed8b88a5250,463144227.6012663
63a25d279fc5a9e8fc1dfae3,399596265.2403738
71978c139faf2a251db6ff5e,327190040.5325333
f4dc67569fd340be3dc592d5,476014428.67866826
0b829c23806ff01a0c84e9a9,587231833.7583903
a23ff4d1b2e24f537a75242e,562594767.3317385
3a103803cf9cf0451582d89f,415936038.4297188
eff8b3fe996b6d7db10b0263,543543081.4669997
9d53330b44c300e396cdb402,671696566.443936
301b5da33d32c0632b16e8a8,660455754.9542848
357e653c4bea02df1b08c62a,896439343.9024066
9af17837ac2bbe7c8ba16e0f,370938478.5528144
246576e24f66d495fe0d509b,626954800.7484449
cb70f4993947b640317a07b9,624572543.0245088
949292b23ece12b655122038,340216982.02214956
4bdff22689954e5b1e575d30,669105273.4421061
7c69d43fe2488db51e6c8da3,395654170.2413225
6f543782174a964402b64de4,786414265.081262
a59e7f0e0596ea6633781335,698033207.6742901
767ae7de1818d645a33749e2,776568870.7873039
e667133c29f90c8fbf30ede7,460990315.06504
3fcacd1cf9770a2724a5fb01,594349806.9879857
601193433c99337fe806b158,598104914.5676657
42c282041583e6e2090b50f2,794007978.5762894
3bc80c56871193dd782696d3,442350149.4854875
bee9de3e2817bdd591c02897,579154249.9409909
0f761aab549e7f6bc025ab0f,497893765.6644236
3b9971f91bbe4b8dcc704ba0,553856536.337836
8f428b58a5189effe993ca4b,428682535.2540219
0af466463f2cf50d61315da4,804780734.2177199
1a486877c62f2aced41a2ca0,406024396.18599206
c9fdc3f80534b32f1a75f530,701677193.7873852
97419310c7e696dc8ca61f7e,829448156.7629558
49d9cb2bcc98d69222b03165,937208703.258558
99fa9611d644cf325e20e603,1376317351.1674778
976d317efade1dd77ef3687c,485614437.4988837
b9bd63208716e4e0f2dedceb,458618589.3548785
834263730047f308d71d4d8c,468492238.0671437
d6bf8bfc752bf4580e99794f,599443922.3528583
58bc2b0acdb0702732894fa9,497072471.71153706
c3b8b774037044a2524913a6,605610061.3568841
eb339d562b72b3bf51073cc1,487994723.97245497
c8244d916b0110b1acbd38ac,611778873.2176045
65bb6acd9be0f8d95fbc722f,615274852.0058043
5644b84ee2edcf7267b2189c,681274104.7693478
22eb737351bd0958d3e60efe,740180410.5491368
0e2a5d040f6361adb9927388,781812368.4604768
be9f5ade682aa1fced79b068,500806848.63508254
8445e5cf42307960535a3b11,573931373.9109228
1b002164d34a71bd06e0445b,722870332.2553744
c80f897787541816ad63bc17,765553363.226531
673c72783eb4f9a02c511b83,1077914831.7346866
3b29177e99201cf4eaae612a,855677255.0146843
91c5967cc1acb3f108d6e0f1,431464446.5173743
334b5b9fc68a18387ae59ebf,401608456.5318013
c9d096d4353b8eb843e793d1,632444894.9864535
92cade7b5347d1c00a48a1fc,959474721.7900435
1d4bbb5b756033b4be28643a,910130977.4715734
e1eb183eb261b6de96e20a56,848539129.2793068
7ea8da3b1481993b14bed9d4,478780809.1812257
78bb43910ad6ed105610d9dd,913522256.4753988
32c1f617f2b1f537ef703712,744012032.1906852
a7e6d3c76bb5507e00ccb501,528675004.30840534
6c75d7867807d942c975079f,809583082.8950471
e9182661e36239f091259232,483666007.70439106
c926ee21c2bd9da7da193514,387759602.0563236
27bcae7ffb9f79b8f59fe1c3,466866201.89791197
6cda1a7622d5577c0056ba40,607735941.5682273
67c945ee31cf1fa0a874e4a6,683464119.7364633
5a8638c17d14ec4f6d447b8c,398463293.3511904
82bef17c2a4db1f6dc6eaf01,593607810.5812256
09dcdf0b8b37c1d537b9fcf8,586677788.9832659
2cc9f2411f98d0fd41511211,535888948.0090546
aa1eaa63043c5c29ab6a1323,625762151.4216026
35b03ab66c19ba2049ddb9a4,617757433.8166565
90470cdcdd2b813b39f28ab3,624909078.6973408
ba187eee3858263fa664812a,622432143.7926794
c06a1d212fed896b6ee4e1c5,671824879.1799178
8a8c8f5aa68c4e530d62776d,613131794.8919898
662a221bbbd961c285069c49,617969444.2723088
ee796b35e39c7beb6aee2b49,638495288.4542727
53de17a986d62a44d7897200,542801605.0098755
68925fb9f8f0c84fa0ffa9fb,516716474.6561061
6a6d4f8251ff961609019ddf,378762339.3842676
3477646f548971044f8f0494,470222493.57604593
c82434222f4129168fa82e5b,569943283.206899
4c00508300f40d74c79f2596,437890922.6313656
27bebaf73dff207d7f6829e2,557066162.8944825
d0ba7b90f6ba3392a165b46a,1225057617.676512
61974f593c799e5d5090c067,333028228.5657858
c08b016afc6a07105d7703a2,496692043.09392565
011c2017b63235bf0ed3f241,478933498.7411719
7f73a8e83d41ea252ad61197,388200314.28950435
0c25a552c34e114a1780739a,350863211.9696236
21e96ca8dbe2f12b55723335,546076699.4099811
30f6404e8034dbd513aa8a30,598849250.9756203
f2fce80439462bb9231d7fba,437393408.18233967
40d5384e2e8f8fef2032928a,551333553.1390568
95f17e64d2222c904a7d42cc,531637849.3345789
59374f70d5e7da97e3b8b35f,1008530533.5552702
ba30cf03fbfb0e36e5d415bf,1183459290.1036472
c2424b4861f2ef50f8876c0c,652145366.2554421
e7def7d0999433ad6d3ea412,850892225.0299356
7f1a4e79fa92196101baa7eb,730800809.3665818
37e0fe114a3c7406daa57443,662364509.7692245
897c0578bdc8d59843bcbe38,379302995.88204175
7e554b821e6955ab259a25f3,407303547.86271036
23b0d67dc2a0ae6e5ebc9eee,399606107.86722505
d43f045d046fbc8f5ecf465e,483873035.262194
498d632cf0868a8e641cecb2,392765404.2846215
6b9bba3c6afa1f999a9429bd,408790732.07565135
12db154d9d29cafa574ad387,366066868.8328198
61779f1bec05260cf10a0d2b,483873035.262194
986defbe9082519824ebc882,527204101.5547544
f72992cff50931d2e19b3ccd,519071116.24564445
0e2d6e5882fd3b4eeb9ef286,526585114.0462504
9702737c9e4ecb12d0f9ea5c,714896144.5720259
c36cf907ee28017eb1b40674,532323979.7381028
a7ad9c8b5bae531abf68f8d0,519071116.24564445
6f3dd53b0935c9593a301bdc,532323979.7381028
11f8f836e5626605ee4b41c6,1183299148.2981393
16fe92ffdb7e1aeefcde80f4,549223472.8442396
c1eace64bd2c9f6bea289c4b,579381881.0655873
fc2ac43013ba8ab17da28041,580914180.6720171
5e6b54654c98c2517c2e31d7,577868784.6994312
f0e8b39d2e4644dade9d8954,635667453.7154733
22796587bee45b8f64ee6e44,627286011.0039474
dc8c76f5b3977f90839918b0,579381881.0655873
27663c0e271e26dfdbf4d289,585105295.0640012
2fc96ec5fb2c8dec0a5b09ab,577868784.6994312
49d42ab711abd95fb5947c0d,635667453.7154733
b8984fe54819f5fcc43860fd,549493223.1133684
8d3f4ec0c37443eb3f953584,1032887367.9341435
001dbdd202e9908ee42713a8,922277038.2822349
fc5f41aad1b4bdcbd8298037,611583037.5645053
34926bd7f9880e277e75a447,625387048.7605721
00eb120ba4410ed8efa24a8e,456956882.18646556
eb0c6a8231b38b2a1e1f789a,466694725.18970764
0f059b39ca45bbbcb996fa45,581304311.1712277
06a5364639452a9d663a2dbc,470951373.96896166
cd19dcd4aff76caaa1cffe54,529795363.5956028
7272c3521b7083038ff0a690,633481307.7721769
a480b654e1b8b7134091e613,1424851117.0000827
ba24834c9fb0e87c4ea7d1a0,767212517.969312
ac46e3eb688cb1cb17da2545,1191917093.1352828
3053732169b2260529f90133,625231633.1122763
ab0c047373b5d1810fe42bd9,538408814.7853334
698383c101fb784f8e1b1ee6,462159926.3264218
1b09c89b546d0058cb09c1a9,843478393.7965405
64edef308b6a9805f0846cbc,944617796.8319607
995a5799d9a1a7e4dfe4fe34,1404633854.514249
d4f1fcd4c20dec55e977720a,1203805905.8745105
21264b5a73fd27b85a4e2654,605528076.2403395
d464858ed94a1a74948f479a,690450012.6160362
dc420bf2dd1759b7f281cfa6,1210887327.4348042
0a268e25a5f3a0bfd8898a40,364965734.79927135
a3460f00d48816ef66e3acc3,472272492.50295466
9559637fc2bdf96defd2438d,755819630.0253268
421db6a58670e53f563eb9ad,519245979.39759296
7b6322fd5810990820167a23,417786521.9987094
17fbebdfe6bc0618ecdd247c,1119670403.2245333
00f2621035b1969d53f03fca,858426907.9378164
e97c998a6a0709605432ccb1,432564624.5404768
39e306be57a992bcc75e089a,352504902.5311753
55d0225b44a81e82eea3efcf,979255366.4224707
c7c5ee499c712082931032a4,1461328232.8362455
f15f48d4cf4f85a3cd68dfa3,404084851.8954534
01db5867a69f8ea7849d69e8,1101532154.9049618
7c29fc3861c9f074e3a89449,774967091.8764037
5ae2fec22f535ec2490174c5,338490449.02678734
a6731fb85da65ce14468341e,488349374.72320807
4e327acca2e033c3fb305c5d,622737114.1902148
37b8e8a194e4f2fed7ddcd96,479504580.18729985
a8dc954142c54e570bccdca5,571789929.4059445
b427d767b071c3e5ac2a078c,425100502.7054232
a9407f510e67bdb27ad59b46,485815254.3827473
ba7120c89c8de0e57e30646d,555650792.4989401
4f5bc448658287ffb3d49b75,774081502.2047321
758d9f47824eb74d1b486024,1100425551.1456344
84fb7e582456d7409f27cd2a,890444819.2701728
0a6ade3bea1768aab76680ed,1209752243.5574486
f6e74a4b1e026352e5759b2e,852107741.7252927
639b98d0798b5670e7bb2569,1197638414.2783966
32ecec7d5c47d02969368779,413665978.88394326
cac82fdc4d960947bbc590c8,429997680.68792635
c2b880a6bc90cdef9dac52ca,664310416.0178951
dd8eff6162c32ecbc6972509,408083393.2659795
6e2f79cf68ac0ba2b1a6b0c4,1091023620.8316379
a904fab9fa4f41a11f673fd9,810875160.0668173
bf11c5dfcb321e020601e9ba,1114450858.7999
488cdcddd0938ad0205ab8f0,1214099723.294528
b92929668e884453d3a0d633,366196619.7164641
09eeb116cb0944a28742d282,518725054.0255693
c16e9d9444f85bdfade710a0,577977856.4787251
c15cecbbe717e72f09a84271,541372979.1350431
0bbd23df46a4ea4e4734b680,501487473.66707003
de28e62bd01870dfceb5d78b,468971797.1874983
92c4faf0ba1fbac44db6d1c8,537502707.2330899
91892eac5e9565b12b2a99f7,567688222.582955
ba72421716765ef6aad9b4cd,825443163.0671765
a99df3a2cd4f2346c6e903dc,331926148.5553355
59a3b1a44c35ed4936cf7843,410265265.8312187
cd74b689350ef612ddf1b96a,418422402.57114244
5664cfe452394ff9376bcc8b,439314855.52471584
d4c6dda51fa949743a46e835,452251255.96637726
b7f47484bbd8113c62cc8c1f,448625739.7706421
d4dfddb6564c9f46b26e7aab,411601233.75819814
aab240140aa4b6602234d88e,602957122.8960447
29671ce02e285f69afeb3fc2,678715079.1710663
5cd742ea274b4a8832114080,669196277.9902745
c876ed979c9127674000b740,493307102.69518316
45269f56121b796d0392e2da,1317376834.5902133
e981d4fb3a33f372ac26901d,1288892864.5489678
2f13a428281ffc425f2c2e38,378483432.3578992
407e4196114b64578beac143,617640348.886048
342027b17940a0cc5cdbf8d9,1097114369.5233932
dad2bbb0fe138e426000a33e,559842130.3495852
e77da26aa7ecdab5505fab60,394666449.45554805
8fddeb4ca696706f6cbe573b,762274790.5644089
fe368a7d2e09fe88b1b972e4,394092717.204484
6fcea2c6b9e39576e10581ea,538205662.0974165
91d35b9421c4982b54dd520a,549810263.2325916
eecc82010ce9803ebea6dc75,374542743.7641456
b957548768ef014088a61b5a,382891180.49393636
5790e4cf8102dba35e184ca1,470251812.9195431
cbab68c32d78424452249d9d,718784456.2674885
4e0b293ec3d5eda7d9fcf8b6,650788180.9349363
1f8742e662666147955c9872,539388765.9863037
aad38b9f22ccf36b0fba4e7c,510303355.52353215
44e9224b9735235fc7271672,518199970.90266764
b61e9e4f3a2e894932b58ed6,762815213.2067698
2b36d2ed79caaccd687f2ab0,340636796.67920786
7bdd64032a4f011bd4fe7df6,447853602.0664474
0890a0d20f33b9af2bfe488b,372579604.6377849
ea7c9e327eab66ca286f6726,553905799.3832647
98510008e150296ca9d27d0f,589664976.4840785
41abd8a2cbca609cf868f227,796632496.2864715
83196bef0e5dc6c981bc57a9,644183517.0203425
20289e986c1959f0c83a6a4b,600060518.4796447
fb39ca089d05381b3a7ba847,327348007.10514843
d2da963bf6c2f6fe724be23c,1217564947.6126728
670f7dfbe2eba87e55176257,909223992.8497169
469b33a6f153ec334b6123d7,475128474.29758865
c38ce4f3763795c61efee6f3,447898084.67658913
8553a05c2b30be81c64a6295,936271417.330321
d8b3a1d0cffc913ebd05b931,949507235.7290732
f0fb8232343d235741a20586,936271417.330321
887d749eeaaae288b2818b86,643642972.1766766
126f4d890004b8035a7de091,741439785.2872088
7d157359b413e107f5f9cfd6,497246557.97338593
65010e340fa495d060e32f7d,515508034.4934525
8164023f628f550f322aad61,535864763.4146745
8c2423c14aefa13d255fa77b,429783558.9283896
e9772a54bc6638c723dcebdc,644870534.2586553
171149ef76fe0a2074c5bf69,674421128.5112947
96448fa0eb077563a2d168ca,515240930.1541389
3bf1bea2a835d7fd11e47ce8,388367142.92871284
2f4b0b1b81c792f43f4ccd5c,388367142.92871284
086540702ba0876c0c05c5d5,1002212725.9280941
57d17db2cc5ce1aa889f1f50,962324939.5517945
3b6cedd9966332f0722208cf,433634985.87686247
351a3e1b62cd51d46913a8eb,998423300.8631543
33b702ced6de5f7ab8b29e7a,527531468.5595622
e0e6852c6d6393d6d3719131,1037094166.5442953
bf5e687721e030639ec81416,478846477.28011537
314479aa7b73ef6ef44e1c89,518686802.2391073
822896f609e7761b58e7f6e7,561557675.2656012
5b6f21752f3744ec6e529d74,573201551.684329
5d91dd63b6aef851e0c78389,638155336.9040397
0a369278a1ef6f5e9d79e2e3,440005958.9272346
7523e95fc2afaf31bcf30979,1114191104.0668306
cb9de5719b978a78c71db699,668328319.9477878
af8c90983a23ee15c72b8e22,1348027906.3079581
e35d8f589e6b1909f5e4132b,1008991475.7927167
ecaa5e38ff6cddc14942eb7a,977011995.4907973
d2eeec3fb1ee4d686758534e,883565253.1462322
e97d03ef9638c8e1d270ed2a,349901664.73340285
cbd78f55af1db4d89b53b496,401003611.5410235
1b2fa2ee5927660313569617,776582067.4982356
f7f00e13da4910d724aba4f6,476477673.64984703
9a6b77dc2c414f0baa11effc,500354287.7765852
bd4d0b8799fa5999c5d2ee3c,922928375.9512271
bd6b68abb113370c35786557,889583132.2946372
4da8ef54252a92d9cc62c174,730099670.3853787
38d6c2a9beac610279bc110f,470627015.0766495
32e6518755191bef743b28f6,1170916434.837939
4fd8d01a5c3abb90ad70cbe6,585931344.1854751
5d9f8f380a6434096a0cd906,393357883.1533851
724c854b1a991f060701d005,427382680.5580453
1bd78ecec17b584e827dd0f9,411945293.4602909
7e6f68184d84e09cc9ebc09f,414198691.2936452
c0174ef555bfdd648acf4346,405427310.09463793
6463505a740324c7aa869d79,758425226.6079775
f239b7fe0de40d208c01c45d,420686211.3722492
bd98add659faedc1820f96a0,495651892.73333246
ad662354d28a9b2d65f537f7,474186652.66934514
8e8852450fd5556f748c98cf,379290441.3274212
8fd5b95f5808b4676043de35,502946677.0745933
73a23c9d154fec88d396d2a8,507341786.36722124
374ca1a16b8eba42b35374ac,472117333.11139816
ff058f978e97c389e7a31f6b,505038800.4542362
9d7f2c004fd359136a662c9c,505754013.073365
2cc0129b386acf9cdfa4eeb3,492818990.6939295
c139bf6b72a93a73155e1f5b,383417460.63883334
0c017cf9740cb67d530267d0,534129422.78084284
44ff213b9cfb3604b7e4b66f,490678590.1831857
a09c957598e6cde56cdba03c,506635919.0979397
c846d5698bb295697186555d,517568437.80901545
a84cafc064a35cc0ad698009,732074546.8698865
ecda0d714f52da919223a520,745130198.3677393
b9398d6bec5cc44fa39b8bdc,702961055.0145181
79d230806fbfe96368b83dbf,1271002326.2312288
a28b1d82d3f7dbf8746d5742,1042390742.0654663
a6555836840c7dd496ba9094,479675621.08025277
83ce7c2d2823f888f2e06ea8,724904503.9561325
631f4c509de8dd64f1c400db,719864543.4994226
2afd31619c21dc537e4797ca,738299225.3803732
0be57099d9c3ad8a16984861,654060872.1250087
ff29f12bbd7ac4b860909966,709942919.3570015
d955edf16ddb9d3f59501a9f,975258228.6792442
96298da2f44ca873f345867b,419650891.0884516
e6396355c1249c6290906b78,634011206.3331786
39f9f736d802b166ed688224,709942919.3570015
38a0fcb41f0dbe8b0ef7af8f,840567458.8924519
79b955adf84fb2c52381921a,502034663.3703855
e335b8464a61ea0781f7928d,981644836.8197441
71a929d79a6cccbce6ac5d79,598176570.3131602
41454361857cf70c44e1f5ac,460338363.2659819
a16ca6293e2ee2969f3334c5,900100175.4252127
4083248d3d2f2bbf9589b971,674381777.0905195
de630da5e1c9e27bfd94efcb,981385662.02308
f2a4f5010f3da37e27505ece,545083822.0507133
53647abd1d1b10c9226eac73,392500837.6895079
e51873d6421addab3b539dd4,393099847.0568575
be8fbefb8e06fe169237d4bd,669416083.5160971
257c889187ad5de900a430c9,488325393.6338936
3198c4acc62c1a2276bf15de,648841650.5309538
b22350d505b87dffaae3a5e2,767617409.372144
49ad389014995f0187edf726,424353925.52467096
025d96090a8e5bd6f786e9b6,453332566.7428887
4a7156189e1f06b0fe87a7fc,459701993.87003577
e91425bd357561183b935d27,459701993.87003577
c9d996f458794961d9957c1d,459701993.87003577
084de965e32a2a65bd3aff5f,459701993.87003577
880bd21afee7038459b5847e,690059294.2347283
2dba091723891d8907905a74,620340970.1268796
a39f9fd2f143b8ce1f7e1277,459701993.87003577
37050aba3553f3869d59f809,606609290.5289812
35a39cf33d16f8f5ff75fd6c,414253844.924781
7c463a59e7d2f2b4bbd07e12,416473645.26178056
035d955df5a765531d1d0d07,492676467.3483409
be706475abdfd64aabfe45fb,459701993.87003577
bf41b26c090dbf0a19252e43,719428923.3632629
21aa860fd839233ed8b82653,522985769.3802231
b870c8bd8f95426a7e1f9c88,459701993.87003577
c5a5676bdb1698f8c38cdcd5,483881830.10955703
3487768de3a13b7ee3df0254,872778045.6271768
dda7a886135a1fd8106d04b8,915779337.5864766
ee102e9d0791ee82ee4da2e8,553366810.9259083
1d4891dc27e0050efcc6c403,556120033.1738693
dc1fa8fcd0ffb8872d434dbf,660490973.128686
2a5f727304ad67d1cd269361,417282445.55343664
2b10af4fcbef695b327b7d0b,982489688.7918653
516881e914708f6ea6062ad1,429458923.69680697
5a428139d5ce6bbd9505945c,566763348.3763045
38dbf1b9c5963e9c3d008340,536416249.9349446
02c6e8c7f36a2c68851600c6,582299489.8591626
d2684e676cae87d75dea5ea0,582299489.8591626
027947dd01dc991ffefc5082,380604213.8163447
0af13e27cfe9b8f237a9949c,615436744.946808
32421841f7eeda76160d7959,393697943.02446854
96ad0e75433cc18f20ed83f5,688505535.2754929
b387b5eebf501a620f352504,549552346.975349
8ed95f9bf057114664ea441c,375259296.3454024
114318a8e5822ece53ad897c,403938143.93722636
3bdd7be0b5e18d266189d991,588826987.6356516
0d2c4bbd8a4dbeb6337b5c14,541313290.4834621
a98637742a212e332cb5d1f0,558430300.279213
acbec9114912932b9cbaf0a3,541830802.0655031
fd81506b0a00fab1ff680b64,536735976.29826766
49e531941384af389b0aff59,415498111.6500781
8f221efe392ba42b519e5f57,600264368.2032447
1f33395df1e4f6a185c507cb,560004438.7858346
fa823373d2e7fc9443ebb6ff,791401862.2788079
0a6966f19bc2c303886ca82c,524581546.3237284
15d9a0353ad54798ef95e0d3,759726600.9958148
0d95d756b838d3a319277424,404699343.44529265
d644b23e4bce0e6e50ab9356,585938484.5045432
6dbc77ad8c5c1e39f72cd2f6,624590660.3052174
2fb5206d246ee7ab22fb8143,643357406.0993267
f1582fc47e7b8c0eb0cc9949,610130331.8997902
8d7dd9de4e919fec5916862e,1115194824.0274098
0b67da6d74bb3998c80893f4,495799531.99863803
736d25efc9e570379d32c089,740195853.2670727
4615a8a7af9d7cefc7fe4c4a,1056811471.1297913
8b753628bd37b9759dad06ea,456270202.09865004
5c7c83526b72ced12a08e573,444904450.75137126
9baa578a930a94f761119fdb,472821546.85180086
8fe1a07cbe9b8f3498cf74b0,368058349.3372542
67a7cfe6e95aa5200c064717,667815121.3946635
b7e3b0c90c0d3bfe5befec54,633125896.3470699
e6a547b2c0d126c9b6800515,893707749.800101
b08f88ef973c9d1c3a86695d,851929238.7463256
5933c18b8cb17cc6e4ae91cf,803958376.4175353
64a24372d58a2cf535c3aac0,967397853.180951
e6f9288cdadc5851d29fabff,1001880666.8820132
71ba2f992908a5f91f832406,506576585.92858964
3af4b54bb5ee5fcff80f1e53,524781200.05089355
40d3f1f00de86e74e0304bd1,462114688.3871353
3b758c26283c2f11251bfb89,735350301.4316593
70cb6337c8c3f5225fa80026,525709895.24191666
0dd510aaba8036e8fd9d667a,1126361826.615749
ef6ac2a5102d7be910a3e4c8,430975857.1813612
24c32572ca6161a603a7d0d0,339773751.1520098
c7be09a810b9e54d2dfba4b2,638149970.7005745
01a5a230e8a808d844e64397,1024815429.4982263
5ade8e9c79288d511ce1fd79,577858035.9873201
7cf50019422bc9569a985736,949215688.7756754
d4716e228067a7bb0f30aa30,568676689.8745801
cb79e02041eddcfa9225346a,947689515.7846056
b059afb753452ba358fb432e,1213036648.4316351
fd9f78fb2d2f4d01e462bcea,1082345488.6941106
6337f924f515625e7fa638a4,581790242.9530579
3adcc2c662c8c7c9db5f0982,585180857.9309309
6b7aff233052b9bcb6b9448a,1019718133.5135655
cc51811e23409f4d77995768,454019802.1977061
e3cd7b6dc0495d5109086407,789039481.2039827
e63f468e1d9f86530d47ba4c,360903801.0720764
8bad8a7faae115ac9007b13a,613169593.2280552
d563312854016e9115d034aa,949224918.3949567
57c7684f8cd8d78909711b53,459311068.6354133
76b8190137ba3daa55db33a6,467132159.3847522
2bcc6a15181273b2fad05e3b,474800537.883182
b998aeafe2cc93bbd96dd9fd,416632382.41240925
eb77734d12df7528af57c674,416632382.41240925
e8df85384a1f51c31015ba08,519487885.45016396
b0a03d567e287bf4cbd7bec3,343827488.96143335
dc8bc7cb687a3a42b7e7d5fb,649230972.6658757
147de03212e554abbf3fc3b7,386523478.07113916
c09b8c236316b87a92a620b2,663558462.2519867
f5006b435fc92111d55c0603,563414026.437087
ed70b749e030cc8715c0eba5,523562607.78787863
2a9bbd878f3f45745d76f059,657087341.0723974
503f33d11f75b6b5102ba4ad,375431103.54478335
41479709513815cf5fc1eac9,503088793.93431115
0181972aeb6bf451012a47c6,678906414.6268014
0b35c4a3f20cc0eb751acbac,362386263.9139328
e5de98822287c2caf8b209da,629081504.2702961
f3d82ce1c6fac06e4997f7ba,397102529.1911808
8e17d7d78e7acffdcb04d982,593261290.905555
f1e7a0c7804083963b5b6de6,426446811.84323764
918dbe66979d16b147bd3322,478657469.7977547
35dedbaace193598c9c438a7,339267402.73150796
e67fa931031bed13c711ad00,483043565.62566584
eb2bbf82cb615e3227305b55,389397773.7463871
e8d83f7dcb876d5d05ae3e98,487478142.24218994
2be93bf5132bb788bf045c28,583101397.4989439
ac2b1b560e8bc4fa1deb6f87,429379213.79921985
674ea6932fa9e6b7581479dc,537081234.7636995
4893b21db2d6aa4417e1cd1d,816610359.744982
2dbef742d0c59d21ad7392e3,981856726.6084862
fc16776abc877decb82a5954,877379353.6885831
6f84d405f419590075610c5e,383740308.8709818
52cec2691ff635031fce9507,363696987.54467887
830b1a2d33f7754b9acfdd82,375930126.35572714
fa908c8dd43fcbe9f721c0d5,637518758.5599093
90c3b93badfe7231410e95bf,536482326.3428319
60a495b86d6eff1e345ecb06,616383135.9560415
0468cf58f40372acb9d5fefa,756140349.0394671
c523380518164e1e317cf1b8,826832157.1388571
142cf530f13cbccc3cc9d0a6,749233333.5248718
e0432ecc0c1fb2b00b5435af,444911562.6598768
3af3a702988bfa0599727982,942682097.195256
99fad8a7877c57c0af05b318,478927113.3317031
b57250de388b7172a39dae8f,602794402.8409569
42fa0158217c9cb820f2a06b,638268306.5597007
8fd452d3f5f1dbb3b65f5274,680374674.9791467
27881ecd655786b093349ab0,614611967.3599088
38029a1aa22c0a5beb065edb,685643875.9840795
6750be41e08a725705256b0c,895178588.4047375
90bf218565cd67ed83240033,1110459471.3172982
c6a089a9bb326c22e3f3aaa7,825911592.9824195
ede08c77d6090e0900654eff,1276764145.5889382
2f7784465c1c69c8f786a0a9,1329483159.6165652
5943151d9a76010179f6c297,370541192.8372691
82a3742862a06803242b703d,482758345.6827147
b815204eed4398e600b366ad,641748203.807983
11c4dba68fb47eb9c49df169,405555111.11265373
4ae7dd50c6b743bd47340f20,722686170.5693104
d81a040e22d541a74122f3c3,383903908.799627
34c84d0a410920c303ba69f8,504814303.5022972
6b0828221f9cdf5cf39e7c15,452712593.05704087
c50d5b4e75f165eeeb2eba97,512308905.0501707
572488a9a75f64434dca5dc5,453854070.2445964
0e67ae9abf1e2b2f66a91a28,552581224.5374553
cb00154afcad81df60ee58f6,462348284.3707653
75801c34fb510d824a7d8366,381054539.9400847
98f2d7810641693c44096ada,481422432.9652288
1fb4c88bbf995f77f2f29b7e,578378174.3953434
0abc98f7ea1e477c6fe3425c,844474900.9492315
b3401023d3097815687d1160,758934335.8417758
f1ef14babbc4123c5157eb9e,474404874.27483565
ecf47573fe1ff641f6914d0a,1232794890.4443908
0ddd21dcfe89f72e2246ed79,374997255.00316167
402f18888d480f5af146daab,372879409.931776
61b3bd442f6fc8838e2f45af,506716433.2430712
c4eccc400db2dc9627c9879f,550680382.3652923
ab38b4fae64ab90a55b5a403,535927640.29224765
7f4cdc01f9086bcee46d1d6c,787725832.9299133
1be9d865ac8d01f0378bc148,1413507985.2823026
f2f43244cda8e2f5219f3db8,590731299.8570017
89ca905d858c7731313c82e1,627603806.3220297
5bbd0476c27c53e2bcaf9462,639308187.6825628
7e177acdec9c0fe684d8fe44,617160145.6788442
b764bb8ae8ba0d736bf54f5a,391331982.8049173
75f6d6beb64d846d965fa9ef,660455754.9542848
b5293710d0cd75f95de001f6,326807659.24601907
8b8ec04a78d3826b2c8a5754,651690228.7886037
e35579e8b9b24dcccf93abba,419048329.428911
db5e320f51680100f1ec06f9,387389758.1730049
59be3c447844f31267366cbe,479949677.22042507
0f3b424c398a8e8b53162c37,599681221.0905567
57f4a3f6fe2e41ad97116002,545239017.8507526
1c6038b67a40f0749a72e6cd,637691306.1245492
e5da0e3919341762d5beed25,442009513.97875035
40efc0dc313284d3b57492f9,570047800.9863349
601da8fc375ba0b3df3b38bc,916926519.2320068
61a12496ac1e6f39c5ac5d3b,1385374922.2261689
8635edb61b1dda6f4742cac7,1259306172.8320477
ce12b48120daa5704a4c81e2,341640862.3801858
acf4d60dad7953065b59ced3,860185854.3282872
56e3e7d822e13838ab9f85b0,970297091.9739007
7ea2c18341f69f21b523906c,931527740.2735795
dd2396a42097b2e8bce52a72,742177882.2198536
41f99600339a7afc8e386e6e,564054127.5274755
b2d160f54ce5f98f46818e4d,704174656.5730196
00dd36caffef00fcde85b235,805140644.90253
471bd64a0576aa67f494eb98,982274281.315538
79e307acac5f42f2696b0436,1264704214.1329296
e65a4eec62e2a5bbfaad5565,765030351.6208912
4845ca0d30483b36bfa55061,599439867.8106347
6784e116d96e03911e2a07f7,421218844.7875051
4184fd9a546823ff1fea0b74,403439037.1403134
616a5485bc7721ecfcc21c70,363412931.97017676
6ff3186df9d15b65dae5bd17,411362726.40338725
886706f32695891af743f986,538053161.6373469
daeb02020f23715e663b4a38,645471071.8587266
93fa1c8ebb75b77dea76ab99,610097889.5724103
ab25a6737b3ee0c4e9cf4ae6,516312565.6921333
c5641447732d3d1269965ffb,1277962019.1493692
86b290218a62d0c51b099a08,862042642.214632
d7b82133acf54bd3eac338c1,1409763415.0790648
10fbecd8de540f1fe4c57b7d,406079458.15106
137baf1609138c6ca2715c7c,510081175.86905324
f5534949a53bef05de31b07e,486591138.32575214
466d4240af2cfd09a31cf3ff,463362300.7060172
7478693f3e7e8963e95be8bb,324316069.4535326
6e537e91af0de67558bc1ee2,576577243.3724092
f5b0b51ed49be034c290efd2,518725054.0255693
a4885ce6808ffdb878c41f97,444792977.04924303
a14506a4800c27223fc34728,725265127.4424937
e8e97b7919856f9cbb9ad02f,670333195.061591
e16685dae2bd3b0a4803ec9a,799457853.2897505
044b8431b186eb022cf6fc24,753559004.2650176
60de8c37c9eb96efc432451e,696865089.9132395
59b88e154c07bb7c0ddb4e8f,585312354.9903355
71590ac868415f3a185dc15c,411617050.86470073
6388b4cfd09e2b1219268cb2,546572176.1542866
f865cd15368fefd8c9d6aabf,574779878.7095637
ffd916080b1019827491de0b,660017834.5923831
6b8ce573bc2ee68ace26a67f,645471071.8587266
7ce704ef5752dd496a61d857,610097889.5724103
6b1a1afa055c15908a855e9e,632760032.3901092
2a9338f62c99dbad25aec5d3,632178386.6490661
c2282da3ece2dca6e8a3bca5,563929808.1177908
5e6324cfe41c3676c7d0a5da,707145185.0014669
f1a4afc2e543ce4260f1d781,1010470296.6742806
5d17daf3e98cf433267d978f,1494984448.1528776
d5f41dd3258aa346367d7725,440254981.3430524
da35c757f211ecaab20aeb3d,535768257.1273649
8d9cd237c737f6e62092a08e,968067860.8508152
9dd98816533e4ca8516a5474,974022042.559343
27d14f352b2983177e836e3c,706304467.7232724
3dd4fa53bc59e5852f9fee98,1242742530.2141457
3ca74495aa9adbd533ccfb96,566763348.3763045
dc93d8ca60d60a118f61390b,479269261.32137823
dd7b4c374bbbcc60bb090fe8,452870720.45851123
f925a05397ca6163230f7ad1,647031627.7219198
66a59937c54eff29ab14b474,518725054.0255693
077db8e0877b924d1b57ab1e,607339273.1834623
aebc3c6079c1a80f8b2f1c7d,567631664.151357
ae41a566826a10d5a6768d36,411041771.3349381
489fca3e6dc044412d00cca1,603298484.4444851
fc2f58cc289d29fffe8a5fe0,518725054.0255693
59519bb6d5d299ee0b767224,602841475.9435782
19921a97a52bed6c6b8f4135,765367057.5061148
ae08b7f31e69fd930ef4c832,547006724.6883336
1b67fbd144a4a3ef40bd9824,452870720.45851123
9e142165bbde850d4379a49d,589377556.7664698
d3e971e2e224a20530ee295c,751026292.5649147
a672cd6c8c284e14913222d8,651766250.4594841
93086ab3e32aa9599708382a,990854580.2275385
63773145b1a896df26504b0d,363435371.03938496
17707d66753c1eb0aca28926,490160368.84314424
6a2d4d9a257fdfb2ead837a1,473170715.1566867
f9158cf51f5e9f644349a774,475732201.7609457
c09c39339b5bbd48f349a430,480608654.13112944
d470d84f5d8299c52fa24499,528281483.7604739
9d028997ff036c154c3fda0b,602698771.668762
40ce7321869b706210eda9da,483037543.9859067
3fc826461ec4648e4f7877da,436349433.30127794
0e7dbec40eab1b3e5c6bc665,806857963.5187755
81b3256980dd7d7f49030c78,1226018019.9056582
fed2e1459e9ccc06943a05d1,1248290894.1782851
c535169307e21e5df7ec88e6,402243875.305084
d78d84e4e42f145e02e423c9,412384951.76405054
3e523ee3a6c2d89436539792,412384951.76405054
5f2df52db15d2e0ebd327a36,483445791.18883693
1c1ff56435675288e78c4735,442431715.0744219
ec4226205a38a45d97f35828,463287951.279709
3214488a8fa9cf8b3dae877a,831856787.9735305
4a4fe76c58f5735ce6b018aa,411617050.86470073
ff3696c808d4835d6c7cc9e3,516011187.39486337
1aee9081ac4a04490eb3f0e9,557942809.673005
8dd954e7312e6e6a07d6d4db,473235546.10206044
daa52a91f1fee77f75550246,570723111.7837218
a4ad34eb244e48afe23a780d,375574831.4909176
0b4b741487c001323f508d5d,412384951.76405054
cb383b7a746ed55b21a8b245,635918990.3561255
4b092d4d5885cc224f6775e9,416962607.1212558
ba12305002d24055c159ed34,391024512.57550395
bd74d43d99a240ef4190ecfd,553164910.7968322
4957e0b129c5caf47b026c58,472539556.640905
eb270972f0f69f1671a0a740,865191025.0331955
d51d3ef396efd4760c979de4,385174482.92770773
ac65d147ee69785195ef7da1,879262934.9998419
53ab42a93b6deb152951f82f,686727539.6968868
5826567e12ee3192785e36f3,1102459902.5481508
ab64918f2b2b4646e87297c2,899505130.7253251
88b0d688281db2ef0a782921,662479681.2557274
dcceb6a2073faf9f89f3431d,929506008.32224
73bf75d5762e3dd30fca7b3a,820008107.1454169
a45ba5d63cd1971de19c25db,893973579.2949497
8467eedcf9a48fee0d72d95f,978759756.5647917
6184f12f3a903658f3319290,648404040.2253147
92ab018394a5398b832d0b97,576261621.5260048
e8e215437d023387c4a55515,832469145.4303446
7b8a6949d55b5bb27c3c6839,916188629.0743318
33f1a7739cb556a78af083de,677233642.3300296
39c6bd862f908b7e8088f0dd,447635710.34467936
ae556ff5f318b73d3b29142d,453127757.8729114
e2fed68e0b614e65c05200b7,687156245.5214844
c62a4288a4a0336b1436132e,714764825.6226015
f23b32fa4894b6d59f73c151,536653130.3466023
4ac4fbcacef08524ccbf3623,332556244.4585614
5b5bb8156b98eb51a58e73bd,450966577.5044772
53fbed4f9680917f0615ae7e,452449552.25438565
730b528617c2841eea5addaf,601082423.9001065
13d08f7e14471fcf517c204a,428442275.84989536
da273cee807e254fc9aabb9d,684051706.4010904
b8f7bd85b61951ce83d7f57b,1364752190.5900145
4954ce465ba712543bdf34fb,373855938.66738343
b7483c951d2c19de665f07b6,347149681.6894695
913cdfdd62e35472522d0a6a,532982915.42690164
be28b90a71e2922437f25110,469254205.05870354
b71857f1cc385219f114035c,424054483.3414192
a72041a40ca87928c695b2f8,528500718.9047753
65a626faaed9d9e3b172415d,532982915.42690164
229bcf400e309619268dda31,528500718.9047753
367bc4fef78a9800f8616d02,528500718.9047753
dc0ac888f1e87924e3994b4e,486416272.61543083
6996e88c10a94d9ee7d05357,505952968.7828338
cb8fbae1b4141461127c97da,875307860.5522429
d2de34876a7a6914c2dc479e,914636101.836599
c666974c4303d43b87714c62,616344329.6337665
e8491a7994738d098a7aede1,1052265468.5715787
9a6440e5318b2de28b180a2a,1044218779.7132379
9ebe11eba1a88fcb24fcd141,473022095.2777779
78b0f0bd0494fba0293eb0c3,510118753.2564551
047b0ded64dcae203a3015eb,681409235.9880759
7b95396ef4d0e97de8fb4986,860441848.8979224
08f1c136d5a456c0215ebea4,916706751.8798006
0880b703bf2064f59f2bf20f,768446005.399108
cfc069bd55e152e40b3a1391,967495393.1848074
0a00771ee714a2f3f96c31a3,548169054.8241554
06acca3d0ef4685dc055ffa5,442422089.7258476
f802b026db4bf9d68cf00b16,407312782.68410844
4aebacb9ecd0a117307c7841,923641146.0976778
81ccb7e0255eee6274f5d930,969589060.6218784
cd17bb739ac79f80d6f651a8,1214237929.021591
917829a0aba571cbe794838d,511860251.8912567
5b83b73ec31031582aabc527,431919675.75889724
5e18ac352e3f3119f5f9197a,1101359123.993021
b7eb15346797508f47ae094f,726847787.7000821
5ac98c971b9293bc6a8a6aae,961623408.9304638
e196b7cdeab1468d5d4e07c5,1285889381.724043
0ea201bfd515584bbf72f902,834209807.7751884
d2e6ab3b3106f36f2c3fc119,417658779.38647956
59db28ba77489750903261d5,978440124.2927665
b348c76e55613f53c8bbc94b,907081690.5881336
a1e38854d6725e9c48c128b1,330587232.1356253
b86c526fed01211fdbb62815,885527054.1062298
1d2b83d973547da8c168f743,550701760.5900371
0fe3dbfdf25d4b013b842b51,481283494.2114468
71a20a4daea6d31de942b2ce,1247658198.59128
35352b370a31d01748616b01,1030567851.9187131
27942219389ecffbce2e1d9e,1093873898.178304
62fbacd4e172983a2a998daf,594434372.5964085
00c1165df93a4cfe679f54e2,549615758.9902357
207f669778ed0db0e619ed40,586650589.1517788
5ca0586ab7d20dce5e9ca8a0,638072661.9066979
cc27435df779f16e6a62b0c2,639955476.8984064
7a94d3d31471ae313659aeae,806030198.4401591
efebd19fc5a2ab30f2ccedcf,455294440.6089667
8037e40c0c8b20ab6e0d4b78,376724539.90000033
5ae3359bfe2a704de00e8801,511651860.7719636
a5587c93c012375dee920f71,438895052.7063483
ee7f7d547af56773a4b0afaa,884212761.535655
9ed988dd6739eb7ad7aa5a06,826137848.046607
26c08d7331ae19e1934a22da,879262934.9998419
767024c66d3a88bb18407b6d,744111970.7980455
6afa85ee6594d1c8296f04b2,487538742.3963839
551ca6ad1ecfc7ac21f8ef0d,763067448.0104778
1f79204a8f62c29b0a1b29d5,469325616.8199836
3dc0fa238745fbc31ba88853,429601556.96371377
4bc3f597867c6844e9b47fc9,394805384.40236634
53973c17ea7e89fbee5e6cf4,351761226.9840107
05397b2087e5cf381809f169,473145181.0013238
584990ea9718bb5598495061,350155369.0366016
2e7c6a89d2cf2d835839f5f1,617288853.843826
5c02d79c59fb636ca4cbe86e,434720854.69068515
114436e00c03b44096823522,1024703868.4956266
60caee98c3cc8526d16d7f44,579397536.4172727
8207612808b5947f2802d2a6,780593513.9661261
31a73382ae20331521bf2e6f,700830317.9939246
c58947cd4f238cfdc0007bf7,1418970403.3276417
a7ee02ad2a4fa122799a2dfa,1021661614.7959964
c77a63e92b9f727034913d8f,464459497.7621781
56c6bf831d3c6737e3844969,552127678.697676
73ec6f4da3c277958cd2c228,1159596826.9922938
7dcd1916c0485e0b80f9eeb4,1214486979.0790892
cafa94c4a56c23ec73ee9071,1318604981.6407344
d5ccfaaaa739b2bb2b3d46f7,768163467.1205391
e6d2e862f58445084b2980bb,1331908938.0402262
62f96ed5c1e5f28117949a23,411759015.8881826
20d8980a4fa8e094b7a5f00c,411759015.8881826
0172678cb0737e21a317eda4,424685286.78809845
6254ee88812e303bdedb8767,1194878475.5686455
a812ed43db71868625b351bb,969516404.1941597
2bd1c70db60a44d4400847ca,1099462170.1759717
b057dd8a9c2082d1a78cba88,376838414.88399816
2fb149a70fa14ac05582ae69,511162872.55597585
47e282cb12ae01243d713178,468960625.47706187
ae47cf27964393fd56a52d7e,610544362.0647026
21642991a20d6b0d17dea2bb,658809638.1558119
43b10ad2660d7552ab6c3b10,580916402.5227611
64e5093d6bae57e8b4298123,970636176.6872934
9d8d3e6fb432174770c74e71,767645287.4031775
9f2498c12d7b41c213bec0ff,477779869.401367
6461c0a03ad3ecf2f8112759,771164880.8494507
09b15382686c42fd89b24285,1390795779.3387809
da846b08fe2205d2e2a3dc71,608391274.6391325
2a89ac6511416d0920f1b9a2,709291011.8935304
3e9083411c44213130b2ece8,368772126.23183364
0f0df5694eb388d843e1f17c,434264424.2224744
ee6a288e644183bb191a6526,381753321.0609706
8f570610ef199a3ecc49a0a5,591068521.316458
3115e2391cc3a078b5e6066f,663909102.0139197
c7e45098251c687efe670815,475239378.8957752
8a3b7f5a8da339fe19e8f138,420686211.3722492
2f801cf48edb712627196b2c,492818990.6939295
a147a8c29757c5d0c592d347,483811481.8252094
86b0aa633bb16582bab5640f,501638033.4554307
c9620e3e2dce92bf95c57c6d,672493278.0310433
b746e4a5c9d04cf4dbf887da,402583703.06794536
915842a8a03914c08a6607c3,510179972.2102288
e9e6e054c1d09a22b7efa20a,493488968.8297018
4b6fb9b705d80ff350bd620e,470535511.3168788
9a51784f33b0cdfce8312163,687155688.3228443
176c9a90fcbceb91569fa3e2,720421139.14594
c97e70a767a3661c4869bf86,471449446.78795475
a6bdb6221b88a24c9f8381b0,453412535.9220747
0a1e6a95a0f9598150c121ce,889190315.3831481
37d12acc69d0e3e92420e62d,816078535.0789943
d433ad6c3cdbd707e6839082,475232574.1803827
36bec92975612d091a3c78b1,446666966.78119814
3eb97ecf8069775b9104af85,675770404.9704835
9aeed339b2d916cc89f38bc3,572454251.0092608
f404deec9ec16a8460397815,523855518.7453206
8a0114372706f30bf6867a2e,512477214.76660043
681e772045fbee930fcc9ff3,1033152199.4227102
0816f29a68aa35abd5978e7c,707835571.9384022
670fe8f7b8ebe006885b2777,743379541.1799157
d36dd340e5875df6cba999ad,655695762.5566456
8ae869c5033c248f881ac313,740643643.444034
294b04da3eaabadd55da9c20,996422796.215929
17b360d57782208f5afdfe4b,688954625.8947572
88ed5ebb575d026f8d440c60,479046116.1198653
e611a37562f88ebe07bb28d3,494687201.22894496
e685650979374c571dea2ec1,475835432.4744759
10d47d2c73f0ccbc97979bcd,420494065.28970426
fe96a7d758a874b1f0c42145,546693957.506222
a7634531887e969c9c5469d8,383038567.1999373
42f38b1b2dc077c88a746c1e,568559603.4274426
25e832098d9e6e7c2f9afe2c,538318256.0684503
b7dc47c641b46ca99fb83a0e,1035114829.0028236
0391d158ab104c5cdba31872,865380354.6263461
a3c4d0ba7b85b9a6370e131a,1132314988.3176696
27721beb237824844adbc289,1104910559.4913468
6e807e25b64bf0de81f51c12,1259580243.0909305
d2637d64e4022075c8f539e1,894734832.6743647
faedbe92e3296977872a4aeb,1226744860.9068654
5bbc190cdc5ff3296801ac0a,448145953.33757204
9b0abbbbfe0bc85686304ad6,368441443.63125795
f8263893418eb0752dae48f3,449889177.62712055
1e73d6064abab2cccdb6610c,453246574.6597952
c0155096575af5fc8db843cf,334060101.6101105
9c7f7b0ebe440f60d3bd478e,449889177.62712055
25187d9f4cfe89a525ef2493,449889177.62712055
85815a09bde2a30e296f65bf,456002744.19888616
fd45b984efcdb0b434033fd9,416487027.59840494
5dac2d2027b6c81c1b7ee3a4,453246574.6597952
7df538c0c831520e6d36e39f,344599629.01159114
14b81320fc31c7a513242171,449889177.62712055
8026e480ba395cfe1e09cec6,449889177.62712055
80bbc51dd90d131d091521a0,416487027.59840494
ae6ac510d3e46a50ef24896e,449889177.62712055
06b90d41ad3ce1d0d389fea9,628048749.5080606
8d911c1a195567dae3cad99e,468981811.5925307
2876aa9ef0b44e43084393fa,453000935.69325155
76556774906f9e12b319c232,453000935.69325155
9662cce3c4b92d1c99849899,804238049.3523269
de3d078e5d524d8a7b65841c,566703929.4011391
547c8638128424b89d602f50,895231586.3659557
c8a3dc3654c53cf66953de0e,583723121.65649
21c8b93e50ac884e63514f10,949019902.5380476
49a0715897795017ee0de843,516716454.0188426
5d646ababb10f51c141e0d8a,610448251.7801651
da598f8a82b1ad1b02961cd1,806764934.671792
84d8f7109615519f2ab0a48c,648190580.43817
0d027b81f8391d73fe0046aa,459990942.20059305
079bc331430e94ee76f8097e,612112102.4509254
61055e6eb1910507640ce6b4,511846177.585294
3f6effb8881ea683838437be,731185686.012754
92c8d6ee8496b91821d7ba3e,762565093.4914446
78a08f21f7d7c51ff4d5b8ac,608066137.7920967
f7ee7282cb9edc77740f392b,639955476.8984064
694b0a500f1619c4ac4c85fb,812867550.3938602
13d43933e04c3c7a9e5071cd,893766524.7452255
5abb555cb9d65db8e6c28201,398602706.289482
ee8103b958673c589b9cb27b,1124615312.3638136
5b3a467a3b0feb8ed81be1b7,1054677154.9635035
e570a5157e02d440a78ca008,699043190.940261
70298b5e8fbd66aee975ff14,580252152.5762998
2b552d7b1a1488dfd618b120,360329674.2837637
f4ea9c80fe71a1bd0b692475,539602806.1063423
e6a9d5c9a82ba73e76817a81,676248453.5925794
9b58b5c993540ec3ab1e4a0c,409863037.56192863
00858277a3cf4f31b8e3f738,540048135.0322119
d937ac866f671e4a0c090879,658975969.3407907
7d02b3479cb2d89d55bd4fe7,621349526.0604284
bf79649b531e876c5f03883b,438769562.725017
66a2ec5aac8969b2be538c1c,621349526.0604284
7637c251618135e082a9e2b8,997838518.0070766
e8c9070ca596f88bc2e0868a,522939566.35652256
64adcb2941e9553ee394caee,411990277.49647284
0bc8475715e42b752649b4e6,446389415.0955635
956ad3b1dcbe8f236efe2d2b,515918702.898503
dc81900a751b64dedcb4ac39,550974859.5101812
02e52d3895522d9be85c4544,564594013.9702833
49d6752dd196e7dd583baf44,408548885.8770334
8364aa431b2e267e41efabc2,451513248.1758785
1b59d33f9000d2e1aad46239,421499469.9081593
74a791baebeffcb7e7b917d0,456241664.3038559
0a3911a1a9284f2ff81689e6,529400075.5923341
6276bb8ceb13d174b8e405f0,413613436.9661217
d573d2caf8c67aa32bbe592b,373846168.37973917
57cafce17dc4de3bf8a9ba90,919229659.1513302
1dc9e5c684c831b204d21585,570932090.3817027
48df432642971a97d3d4bd45,642325830.034439
4902ccbe8456d3f0a29e5059,537287956.6904622
3a810dc80d3a63f8cf106717,694047286.7273809
c9859204696f3440cdb541c3,847302865.6983339
349fa9cfa15d8f8bdcbe863a,1269501061.4963157
d0bdb51c8020a37fe8344650,904299626.1868052
7b037e6e5d110999e51b79c9,861444876.6597706
f677c51266f5ada9e23f20eb,386878870.8263881
1b85d69a0f8ce1d6ac4d4475,400784944.55657333
4570a3ca0571c70657b4a1c6,592039250.8750892
de32ca7785b71dbcc76a50a1,701143575.2275964
4e3cce6b581e74879c2dbc4f,385404469.19252384
09c4d4b5d1c0118d877d5734,469947222.7056139
b9809baae395914981a9296f,602940094.9840906
fa56058283c975be76d7c990,679828101.7069951
7b32938ebf0b1b167a3d2d20,491380142.18662673
bb38c1c17612ce593e5ae7bd,426001646.06159776
bf0485c2e267d06b9b1d90c6,670127060.348708
0357d0ee6e0646113ea543cf,510914698.1839382
ddf5182c482fca7d881fcba4,883059754.3751137
47e6a61fd652a3dd37556ddf,741217919.3147335
a9054883a22542257c7e778f,402396141.92911243
d7c70d831e88d552da09ff29,1058176681.8492651
d4d138bbc80a0b29ed28a4d6,476597559.68956316
dc9119767bf4f21fcccdcc69,838460138.7960567
e8caed8cd754b0e3d43e6954,654713013.9488409
033307467830cb865a785e3e,508156633.928322
5498b3e3ca091bb81be87166,686061192.1070813
bcaded180edb36336c2f5b96,620011002.7434801
ee4377ff95580b93e80ae08c,599638590.633697
c25e1e289cac1bbbee489122,656964163.6395617
7e41d90a838048eda035fb27,595207847.363465
f418efb887a15127cf2563b1,593998728.1575173
93b27fa67eae8cdfcb846772,573793229.1997316
6a42271a0b03bf9a856d1acf,477486283.7666284
2af9e271765438a47fa7e7a9,348958404.78341293
11429e0923f804d7dc5d27b6,1137890727.3721657
c218434cb0b05ebcef935e5b,423370290.6886339
a98e4f4db7afb8a6c9f69400,541559747.6777239
3c35c8993bb937164ae4a880,1019883578.2602537
c23a1372c81ba03e6dabb0df,524402508.863078
cb332695a296899d1c798426,806233189.6294048
2ace3da2fc4e0c022f7a8755,830694793.1939179
14f1bf9aa68aee1ac094097c,981852613.4413987
649a2784beb9b821d36179af,486498305.9423039
6bbb8f89bae38eff88c89c46,424125462.2170055
1905b860a8d463c3048b4e46,546493012.4447048
3ec50faceb434f716d73613c,1121227523.3445249
99543a17b33ab955d03adfef,1090574090.1448233
edbafba81b92efa9b1400987,1095627779.9560974
9b3846c7abf642e0a6220e7a,429194112.7004843
691c35e98d0d5780aa82aa06,619736994.20072
395fbdeb9f0c0586a2b20edc,464544556.4879503
4803a3aedb6c20eb194469c1,480210353.6074095
bf95acc88b60a3d531fbd42e,485148307.1902365
b936e36ecacd7cbc3498cee4,376134014.6392918
293c8a0a4a358fe7554a4ae1,397984976.67910093
5a72e2a62121158efe59069d,378991674.7099048
605276b332b5e5984b83ea8d,568627224.0202141
d3de7e975a9215d04567e467,473206645.885377
44b623f7fca1a306560172ac,554269982.5425974
9a6a8802cbf3549870c55031,589642316.671287
f43c684b789900c58c8b5fd4,473206645.885377
dd7ec9d7dfad5364dd303f49,427955230.2447232
506f2b1ff3e4e7e43a5596f2,410265265.8312187
090d371309090bf83b6fe0f1,628476825.4733087
886be9a1881866ab1f300533,746571344.3127655
ef34f331871e8ca6573981e1,589635991.9444242
53bbf1d3345eabc2a8b7f5ff,691333967.8356392
5bb87c8d49ba8ae67a659b52,558977118.9943541
21dd47ac3c4e1d6bd0ed2485,616782358.6151098
f59686ef2740247394547078,615413486.1458462
8fac177c5a8b4faa21b33138,602916127.9084078
b2bc172a3ab25b8caef50189,679174151.265565
a10055de743532d7b7bd29a0,453069388.8230378
c344e3be381326a1b6cb5989,677247160.6428069
3fa4ef366575bc72ca5a0582,569197861.0604072
e9205b722e624eba0fd36145,1329061922.4972222
e75699a7693c678786ced75c,525709895.24191666
23208132621583ce4a46de77,765244775.9158361
558d9e4b57fbe6c7e0a09a95,1038018365.6475072
1a6ecf722b2eed8cdc19ba20,488801913.160509
11734add51785f1ddb999c5e,465220366.0617754
82c9ce0d018c1d620b7a6689,579154249.9409909
80d95b058cb11ec829b5ec96,580060851.0092516
cd89201cfe3fa19a4eb14bf1,616782358.6151098
d0a5f33f0689445e22db6626,603229853.102567
c7c99ae9259b34bf9b8ba799,472026142.2779966
73806685dec82cf637f19384,461054746.2964231
83007c444fa52b34482ed55e,449405312.5524821
e08561df5747246d74136dc4,439805259.8433788
5b0219cdbb8ed527aec91659,1027989495.2901587
119805b72aeb50f05d3a5bd9,1160340859.48233
fd20cc372715855081e24eae,949460122.1970166
e4a021b625f4ffbed391c6e7,981039584.6494908
902d4fc2c44ae5ca2703426e,753268219.4768207
71aacbd62d72d3eb29a744dc,791959660.2687087
7290697f96d8e2101089984a,397285735.15474784
314153750510e92ddcecf33c,740844205.3195547
9d576cf721ad30ab1a4fd554,458288852.95493865
50160783a9a0503df5a38dee,522967031.4278638
0f4abd70b68453d3500eebb5,461270321.1010501
42cde300d741cb134a529031,416072834.3051594
1e9cb258a0b7e08244d7fcb1,568024857.3544823
febc9a1b054671445d756cec,826688295.024441
39351adf139f820864dfe8f4,849647470.625405
b4fac45659e67d4e91fe65ff,379069373.1043721
fbe555f6bd0edc1bc950d9ea,738288934.3592842
67308f6bb80d2a203e306104,424834537.7895203
799cb909791d43a1eb305eaf,513217101.5424903
4354c1b6b27a87c451ddaf36,492754012.21170247
0b937a3ea4864896b744108e,448939116.9706213
b96d8b77fb5ba71ebce2fb26,570723111.7837218
f4b1645da3f4286e39f2fe4a,660017834.5923831
a2d1de4211aff373009809ec,553422507.1165763
50b619ba3e0b2a4c6512bc97,614913352.5118899
3d57abd322b0077efa1091df,610192546.2915295
652793275729ff3b69e86072,506050102.9757908
1e2270f9f49aaf3be01dab49,1037299910.4429597
99970db787f55a4d1963942e,339845841.18840176
801d821fd6ab7ee01b62a800,471714071.29879266
2abd46909a251b8ebbd37133,479269261.32137823
20a783884d6bcf1aa5697772,421823031.3657439
2fc38ab2689eb24f63e32efc,666206322.95566
1f592cc4ed728909040f953d,380420916.1339867
d1dca15e36fcc5ec14dfd870,380420916.1339867
54f7aab6b91b48272a81fb47,380398221.245181
b6d84e7d569d8d0f0d0c9066,518725054.0255693
54d10cb2a44179fd4d726f1b,441082578.6042621
341c307eedfce3f735f4a63f,596195827.1162885
1e057cf20757627d1b006141,405236807.86414516
798bf22408ef6814759da1f5,598779213.1132729
9ef3691cdc2bcece41b47e78,658917536.9678435
fd5793113661540ee34b8cb8,658802013.3547889
9c4ce4e9f12764544cc8bded,583728854.8818512
542b5322e59a3273e10dcda9,616488447.2628049
af578bfec5d84cc2f4ffb8bd,715681397.7132118
a310528e34207b5dd813df8f,614543038.7455853
ecf5c9bd618e3976ceb5697f,1157851105.1189566
d342a1ae299065045a957767,1190432539.20865
f5dcdfdcc8f414cb7a38309f,637558850.677605
4090c1b86074c8e769cc72fd,604552022.0637742
7ef2d4777310765d0c8121af,790469923.830704
39222ab30001b3cf45b7de65,533406931.55989105
91a73bedc30e0c2acd95d6eb,614092854.390472
d1e6d6900eebd9ace65d6c36,486691477.68068093
592c9c45c07388359f663219,424071084.920771
738111512f5e5052927468d9,631202164.9196763
0db51d4771623f5fc1026d74,473204627.65769196
82c9556e19072558cbe3a7ff,467719914.22602975
c1e51ab95336a51885b4c672,407263005.4238836
0eda675541a035b1f620ccc8,686727539.6968868
cf379b41b70374ac4cf82dc4,639955476.8984064
d90c961aa01e51d63e50a2de,664649340.8575898
990379c9f9f210206c6f1916,1254152378.813724
f8189811dc639d760937df95,804513817.880193
3d1deb639d94b292552a123c,414564469.1474579
43041a793a13a4171f22e492,415096859.25129694
052d00805b2602cac76fed4d,536526842.4029787
c76207e622cf8a208910707a,362838765.5039075
ebe33bde2abbecd6d1fb0cfc,598203588.1112559
2e23ee2beaf5293f57a5c504,378464653.84826225
abbd422c412c2d57f5df62ba,468947572.0688471
648217f4d8b5e0e65dea066c,700354358.0223472
52e7657a539be5f36f48bed8,853888191.1997344
3a276f0df8c12422e14107c5,1092123052.2612882
dc537b5973d2b94acf6f23df,795269244.5614039
0a41279a5ea9b92bf8cb79c0,949650951.2427695
80ed77aff62d4c57ede6ba94,667163725.5828038
1fbc660f780245bd72015f07,481927616.201187
df1f513009808ebd46ec0847,606029046.917173
58708fd9e83147daf1a80c48,364362086.33784276
52b699f9900d81ae85ddc7d6,489232603.4039487
98c5b154ec80083bf6f51835,660017834.5923831
588400f7829874f9de919e39,566133899.1267467
46a2a88ef09b2aab932ea02a,439670256.81393176
31474c62a8f39e250fb2882b,757017477.3092362
b40873d316de1c295f2a97ec,396823316.1071177
bf4b8b23cd87377169684e98,581072227.8436579
a34b3b037805f2ec489a95fc,597254548.2166606
963985c57392ed0423d74caf,597235778.1594331
a93a37e4cc75c069e14ffa00,670482967.5193461
071f284d07719a3517c55567,666992230.8609244
5d030db414b00948ec10d18f,348635230.02012515
6e57de8c4ec2e42832cd4b09,434959960.6661752
d9ee40ccf461ce3e9ebb815c,682721815.508175
ee13d186a24af238d06e0c2b,578633979.6893554
f27397321c007765244e56e3,941200897.1338967
959397711c3f452486ae591c,1131412308.2404687
a41222195e5c7d7987dc3c7e,380508072.99770796
ad14cc63c36789bfc1bac0ef,347929279.974118
79ea72e7b03cfd4fdb5219b3,568480921.2415657
cf68e05962a41395844e9c80,578579660.3893495
4a20d03d09fb9d0ee5565ec9,637375991.089603
734c9446d0674b8d6545bfef,739067061.6670868
d9706de7190ae64c83e65769,601289412.886131
b778282fc4b9c43055629e44,651021222.1589631
a4d4d6480b56d6198c0120d4,613597490.7879269
7557a9bc12cf0f2901c00264,977876058.414672
41376f69b086937257387f1d,688865014.638886
2910f3631d1db77e4b61f8b5,498823641.7597118
3a8a506c99ede47ae2257e87,469233484.6048615
25d89911e830697217d460f5,428172500.3890408
365a227184022e99f1d2a816,875226690.1864029
c6e34cb4e79a729a5df4183a,669573757.155527
c5c3f06bbf812593d1b95a40,934041975.0656588
acd6ad0081960c0f17b144dc,770298663.9859573
344a104d2210954497a5a388,802389328.3829346
c0109086d0f49aac6c3f3f18,751890927.3631968
c42c99f5da3248e7bcc73fa7,906457709.0903808
8e1e9ae57400052cbbaed9dc,1182447369.5083241
8cdd55d191f206b0841e56eb,645623771.9119273
c1e0b47866cf4a0120e4b3d6,419321186.42473656
45a033d121ca5afef24161ba,533650889.28382325
bc834280fb45fb308d957640,600309615.460609
9ddc14c8e7fe7ffb078e0019,887424410.6772374
7d66238672def6f73c25247a,480218819.5675226
2c12cbaa1f14553c1d41b958,380753096.0719773
196969a98960a68088266261,489232603.4039487
a5a3cab55661982b7d30bc78,541718043.0860057
6464d5cc161ac659dd963897,487218388.50308865
e9f44786cf982100af0984e4,731504824.2250896
6302e608d8f37e63f4e5cc27,581544202.2407173
ab614a5008d68aebe34aa201,748129575.2011582
06bfbccfb3ec0b1f65f4b351,715524028.26521
f7f46ac9158f0a1edd01709e,921801695.4897732
6e233ae6294318baaeebb59b,783962201.8036519
bf6e713a689f574b532edd4c,1021233935.5895586
a7e97bdf2d4f2f62f9889c3b,462160367.4096182
784822ba0060eac9358cce22,355449117.5525512
13c51ea93d19df6c273a1502,455184851.1233931
176e00102fb65cba56279287,673033901.8628857
52e5904902e4d75ad87afde7,592625307.0706462
728ce22c8db9bd0abe3f20a8,705942029.2825966
e8bf121ec117e383c843bc51,896066052.1921908
878ff8ef3c862929bbb19ebc,816981872.3108342
ed80ba018de35d5d76d50db4,826811106.3239632
9267fcc93ae3b6df8c12d9fb,578311058.416923
babe27dc477f5e1b7e438422,604190227.1790711
a4173461aa676e09227559fc,429099275.27152497
f0b2a0602bb5a83f0827ac75,998432071.7674795
2da346c00d6fc39268f12b82,619233332.3880129
9ec5fbf8767dd0d2744a79b4,670095630.4680011
c85e9bd6e20ee2a883d0a7d9,378927836.9407928
191cb509fd44e580ee32486f,598062516.1904192
053d37bf1d988505b5e91809,599088117.3997514
4d3a66e028dc8f3e9ad9e9cf,875587144.9192941
c75b265c0eb946ce77e32ce7,855509172.2319169
d233eb8af3ef7e325f6c8f9f,423577010.2694129
7f7f5313341b3ca499968716,557548310.237971
4fa51848638f4437a3e31682,843465336.8295956
9090236db3ef719edf72a330,1277640943.402629
4dacc190eae91b059dacbb00,1281153453.713774
ccd2f6ec8e9841f1068b7c76,653321362.9828945
a354cdbaff42acd1a0b5d82d,453728349.60481447
da8d3092ed0e085a83a7d67a,621649270.5798813
1181e18553eafcf5edf6fa05,481961367.796213
5b146f1914acf2ae78360fec,518895592.4831436
a0fa0aca2f6c2ae65a98ccbc,638232101.6985936
038bb35043651579f443c481,585345445.7288682
430c46358b85ad4a741c7187,355008230.88125837
4becfb041b0439429f2cffb4,392500837.6895079
feb87029d5a2e8125e165bef,412628222.37997866
61ffbbc24b30698ab8f735c0,505496139.90000916
0e3067f71dfb9dc2e03bba59,493335102.4397777
b8ec643c66478da376153333,402508418.749453
c8bccdccc9186136a332e995,1237406569.4716415
0f4765c8929a87746217e957,1088899219.782699
68c145df0ef91fb4d14d001b,328036574.6174018
e5b92a0c67c506ca6e92315a,485846022.85824716
a482103965890c922a66eedf,548409565.3015125
1d917f9f5a3cd44cc4dc8d2e,509242587.71040785
4cc968db25c2cf03991c0041,522642343.05597156
91ba0c5b21b52734d1e244f0,993881715.736492
d6a8f4abcb02142c6dd15b30,409077970.0295066
0587e7e1f03af8ea6c46290e,466326820.9286572
61e1e0c49f3aafee6ec9179d,524051996.63257116
797da4e993a993ef80277108,692228414.3970493
b8acc8e72f2c498fede3fefb,723991011.5990548
ef2ae24039bf2cff1caa4340,476826227.58176976
cfb8d15c6b0c0e6ee4b92109,652660154.3494722
05aecff6fd8d866c6c157a9a,502216860.7322722
b2e37eb7cde5cf4290649ad3,1066914945.4310901
b7ecbd35179a7658f3c11b41,1031703420.8003213
699095150a7f3f32c40454fe,1192180914.224087
989a4fc1590097414d7c3fa3,465072291.17770845
b6853999c45e21646a0d1b20,369295493.11804414
6ddb6863958ded0d72fcc6a9,521625552.7240246
f6fc3807b54d8c69459c4f64,515099017.07014644
6528ca87df8bb477f4b6b8c7,436702589.1371545
7bba885503ea7716ffea503c,500472008.8704664
846e6f1ba1c94966314345d8,580379878.5285865
04e6a79dd3e4d8d17c8b5387,1036697607.3249296
4d60db10157fd0b5eab9a23f,815063102.7170571
0d7d434afcc5e93050e0b86d,1080099085.1968637
bb9ffa04d913d06846d082a7,1151616924.36207
80abc4c356813c1e4ead1e1e,392500837.6895079
df8979b26c9971dd7c3500d8,591875501.1094583
6ea18874ea84b5b4840f9b85,597302830.0914468
aa75ed5781e6e8584143daa4,621176856.8174406
c8c8d083c9b9600059a8b8d1,434478722.7381484
5c8f3b7ccb4340263c255d00,488220978.5944755
79b943894c4dd68bfd8cde7f,497664512.14246845
64f36d32a3a64853227fa69b,1456212639.964737
d7080c3742cd9d72e9d0ae48,495539514.2094241
8333d32b98625a2742cfabd6,711228332.3005869
bddcc7fb72bb973f84b864dd,863897429.9565258
5a80dd0f68dc2cf9fb1b0c03,414422077.4735516
5d82060575bdb7be33e63ecb,932386976.9894265
de416f239b27327e0f78b862,850669674.7802162
816f93a2e035e4fcf61ee4c9,647058340.5254067
aca1776ef24acabe172d573f,469167651.69541305
af32aa018cdfd081a81bbc80,394894081.7441962
7d133cde943d189c9abbb6e4,389985845.14579844
80035ad5b3b4a948469800bb,667908057.9258865
95bdebef7fdc2ac0e9541c51,860328146.6136084
d038e5695b32bdc6fff1f72d,622774119.0080537
2979f2d91d649a8c14f5453c,555685956.6200011
a0be286778d94153d3b22ccb,1006191705.2070922
57e8ea351ecd1ff0825b1324,778013229.0164461
c84f96cf4570158c3832c3f3,805988485.3529592
93ab279de0b7b414ce758153,777113495.2096826
2018131ad3f6e5aa8f4be704,954288530.6582637
eb055771816b45213df3ff3b,462200922.5192015
8e3700ec731701361d7bb7c9,444207946.1190509
422e994aaca85628ff759004,474175131.0023091
569e2cad5c18a5f393f80a8d,710730949.8678222
7b4ca3a8d09968e48c185260,711056915.3718793
12785f791e04b3a49547fbc6,830765577.8560038
02ea72128a99862e9537718e,502634055.9862888
fd77ee8ca0551b5b614b40e1,585938484.5045432
ffbf6a54fb00029ba24dd3ad,493396273.33073723
a295b12b773127f15e83e174,516628476.61524826
90f0cf22cf9c8fcc290e495d,423927194.0713468
220d466e3737f1f2a8ed06ae,371242242.183313
235c56f4afd6d87f1b3e199b,339794173.4535997
eb0f3b14782c9a484408c606,903148198.6343333
4188712d431ba996cd59fbe5,454831640.66566783
3dfd7e954d6f7f40af60bc9d,434467264.6421563
00e80be4feb1e8593b7713fe,473089582.24699223
eabdd1bad2bc4351ba4a2635,847330126.3022368
850342685ececa472945f7ed,581790242.9530579
ecc4d05489c5ffc8164d5469,416988407.39210063
2406d47133763272a965ef51,445690614.6871902
b9430e8c145c2a0d7efab2a4,846223717.9914048
4f8dfb8de411b8a05c55dbbb,790250319.0140291
574b6bef16abb21fd67db401,412715445.9332784
e7ef0d61e27de15f10b0d643,826356213.5904616
647ec3f486cedf045cdd3b68,366894653.45542735
69d83d8492db7ade6c37c3de,493551424.1470093
6c07175274fba6a0dc467cbe,505995571.324083
a5a71962df1b8bc45bf5547e,738853927.0900397
ff61abc1e7843e20b1bf8656,370262720.566833
540c4d7a79864885d73cca95,419027895.54830223
17d0f69ae2c4f1aaa1aca9c7,620444350.3575618
80de6a9303eedbfd1c69601f,986169926.5062824
7cf573f273b14a6cfafa3ec8,507247227.59428847
eb9ab213defc2de5d878653f,492587485.5571187
69f7ab8608b5328f106b42e5,624095836.6453471
9daaca90887e5144c35daeff,429076752.3508332
2bd08c0964ef4a95295db843,779022674.3127846
34f0542a538cee9f3624d897,425789395.1238382
847a7fbd4425fd2fbc4b3edf,1312966795.6502879
22428154baf95870f1d83fdc,868591965.5637857
18e89f083fdbce3da0a82a4a,1090770163.8747706
63674e7ddf6f2b4d7c6d5c1b,359831651.6555877
0e97f66cf4208c1a57d1fb17,400589859.236375
a90f7cd68b662c87d9fc2d5e,696936347.7461123
2086639384041f3a9b519140,816525259.0722959
d38353aaffa4af168518c6c5,475199586.95035964
d994f3919c3c8fe0ebd538ad,890072714.5111947
ea9d6dc517c77ff8bffd596b,999957670.5644298
ff83788b9f8db0297f6c0148,997248806.5693661
9d9564415e52518c2817f66f,470363412.9838102
9362189c5d784741c9b0f8e7,1029397995.664141
ffb510bd3f847f4ede255fbb,419754069.49802446
7d3e4ead63a869bae978027e,936972050.4705895
5dc404d1c214abd2d45b2a0a,996663237.4298745
64335f6d4c1a7514377be77d,499197868.67161745
b81801f02a73feb1db7f5e83,593183464.6733037
b5d6fe84ee7c6a703891112d,1061560885.8046329
af0502ae1fe341c2ce1b5325,454748883.4766534
ec43b2789c9cc266a8e0d1f6,488946318.9456792
7ff8b0b5ab4fd12f3be399ce,729766249.8870274
d5c8073e3ceefbfbb547eee3,837207722.1726873
66379c5752189c150954b4f0,373008812.57566917
6a3f9046cfdbf4eefca3ca69,586888825.0458941
b549a72c938d767ed504bd83,785527722.437959
f48e503ebd3908838c1f2ae6,538996965.6472232
e58ba64bfa5280630bfcfa97,502937972.15697247
07edd16680605925192efcf1,560254850.4661874
70b821bc1c7dd846a8be343c,514130115.90464675
d84d7edc4a4896c4a8722328,533905055.7584637
6d592a69209ef3356e656c44,447685912.02634424
ca9b2ef10b512905af6be620,836377067.2931038
bbf16146922556095f53b5ea,1000587851.0431186
86e80098f5a3e7dbd635838d,608269004.9156765
dad46c20f9f7d834e522fdd1,784076623.5550724
e2dcb036931bf4b2aa030036,945738285.6761962
aa7a25411bc0f9f93dcc40df,340697630.4767728
e192181121fe58a8bf94aecf,544438561.5693
5aa715bbe2b178ad0c9e4b08,873338922.7331375
43b5b5a9a1615eba48ab8b66,378729876.57757425
dc91e3fe1b190fd8cf2584c9,544244740.5366515
1014341bbcd2fd5775631f78,563599913.3886571
7f2e9d302a6ed1770db9f7cf,751774206.3282851
73f4074e5e09e52e0e03598f,594360821.6385096
0460eacc73398bb95f0518e2,1257486243.1147954
5a44be6fad8878eb2c394ca9,657504260.1957366
936cdcce007bce08a72112b7,615436744.946808
8334a4cc7db8ed5c0071fe95,553366810.9259083
e3e9d1d073b129c697c1e9e9,651136459.5056745
dd9a60c3d502ca3cc98d9b73,742642540.8845652
949184accb5878f82fd5c10f,397081948.9394655
bbc675f7edfa0425c78c15ea,589210539.2770411
7436750d73f2e56b4f29e98f,637518758.5599093
cf81103f31f74edfe0453de8,604945301.0110483
620e467297aed5c47e22735a,360032250.67380697
41037a3f8625082544979179,510149738.6954478
6a2db40e5f210a31b2f7119e,418509230.70344883
0083ef74db679d22463a1afe,499361103.79437107
b19be1ad7f60717a943ff0f7,465474892.16174847
0906b6a88fb1eb0d7bfb6bb5,435983166.8118834
f82adf71d17c261b41a5231a,739515975.1256585
bdda694c42c52ba4803d482f,527337860.68559927
80f633154b6f94b8fa24f213,462063891.8867593
f69aa18a64d8b8494fd9fe3f,354472493.6458285
3146f3ec9b237fa0944cec7b,527145733.5812367
5db3d671b5aa03dc33f258dc,348908403.5699471
d5239537894ce7f2a9cb5a49,526727304.75263256
bc28e66374356a4fcf9b62d7,467067064.0724956
3697e556be961a16a621f3e5,402683139.9731891
bb6f66493fbafa76d70b0a34,434064557.7834779
e78a4111d943044a9a32ed80,553270427.0236435
044e2daf937c0d8373f2e914,641566327.5865401
77668d4325802de9d63609a9,773353133.9557866
a85ba83751915d8d5d1a0e09,644056956.365947
429460d5f5c5381e945cf449,1090362144.1819248
a53dc5c58f7384729ba37a21,631061758.4730731
a4dba76865fbd14aa19c0286,793726388.6050298
7573c18a79e5e3ee0610d7cc,733743745.0367664
f13f72c1cb469db92b25c2fb,1255475046.6432548
45dd7eee4488e88d71d46783,1288949018.9768999
dd4fd04b9fd80818bd543f9d,581072227.8436579
500a3c5953f89b431184fead,639969895.8017544
d2e737461b916ba78030c76f,581072227.8436579
e1e69b5a90431b8a44265487,580375772.235576
49cc8164d94a2afe8b750af4,459362579.7413868
e9b054016b281140d2566d88,838836802.2744776
32161228e9c502d2c21beaa3,379568420.0785134
9017accdd4fe3229fc45280b,342746216.4900014
17fed4a312a9b773f64861d3,388040164.19900876
8632f5681d04d9c934675409,1094409418.1050224
8356123e4d10a479a12e98bb,384657141.9524419
70463649ffbda5fdf3c10ec8,761378738.9929844
1414ec3cdd3f6ab772fc7584,633979137.3795687
937708417ef2642b7d05abad,865461376.0268222
afbe90d764c1821cdb26e38a,497785028.93056124
14331a3db021936067b15890,431551615.95570517
793efc460dd25b67c644e92f,810735843.5913285
0a9e4dd0eec86037a36fe769,955617291.3868505
e5168779de76d99010e37c7c,922270116.9402415
016dd08801ad1a1e7f6e695b,1102751352.7195942
ce509ce153f452ff8a997538,778134150.5789838
66d8ce8e6aad18a4963275fc,604902230.572026
8398e3b96d1311c7264f6603,794670665.0277877
e9081115ab418ef1031326c3,431149741.88457936
5c8240a1ebf6138f81dac715,711074247.1498879
18cb1adb2078fef29a613a96,738307657.4039704
4167fdc804227ed43224a32c,1149528826.4329755
b5d0ae257748ea92c47d8fc2,448589187.38248074
1d17f0ff708e6f0b93a990ec,709360179.4554065
764f506bb2aa1ac4de918a71,471725457.8730895
7a861f1e3af4dbbf55b2c301,380803991.98267424
1562a23a312478d7a05a33dd,502556171.6941417
0a040fd24e23a77f0c58495c,748899161.19878
7f0f5931fe148f6187ebf512,436373091.1819785
9fcdcb2be94744d00e734a3a,1089799965.1439521
f181f74e96a93820a23bc0a0,452393538.3185871
5193b43c32a2bfb3aac6b2af,406024396.18599206
6cc7718e834ba47a429d6874,583884509.1187361
b8d06f4ce0d6e71ba0fddc26,669082626.9949489
30a30e4ab286fd822c68ab5a,548547647.1645817
f99bdff027d28ceca0caacd1,505215001.0840829
f46f5e911c6c595efb5b7ab5,488370758.56525964
a7f0c831d82505044f370b1a,343920171.4421813
17069e9f4ba45c93738b109a,368043413.2274336
dd5c910c2a3d63b8fa92096f,365994801.6797449
a33329c9ed11ee8b87aad6b4,393253425.5232197
925b457b5df270a68b84753b,354930192.0863712
d206aafc71e8aec2afc3f8ee,365885064.66842693
f8232717e74332384075dde8,357390323.6868449
f60d9f0751a14efe41be383b,346351683.82430226
13adc7946bd4e6e3e4416e52,348065328.6801916
230cdc90e6c825d391d5025d,367323058.3474835
e98cb170e4383546988c6829,365994801.6797449
5bc46671989de2534553ae49,498095186.1254572
3b98c8e46cf8477a1968244f,360548874.6500108
f9f5fa4ad495197a5c9b492c,360611938.17956775
0bd42f8ee9d36dae4cf35886,322757847.74254423
567ca46ac91cc53e3b479547,482245963.10455555
f0ebddf2bd5aac661e4945ce,511106549.04278624
eee841bc785b1824b6419a73,490103634.7801772
004776514ad269b380581066,414909106.205657
bd3edc7854cffd6b6debfb98,495791285.43448514
0b42bbe66e438fa81a2ff77a,449223878.0094633
a33bfa6cf99e26bd9c49f8d8,460989716.504255
8b45db8a4f2c0f772c8d44cf,394781012.47881734
262b5b0bb408d7cf53073832,367191178.1076543
5844c83fecdf7e09b188c2f0,459296492.37575525
9cc3c05f0e81b8f6454b80ea,452267723.5242312
07c46b493733d74c4f384b79,423779283.92786056
932ce2fe93b8e1ec0e7bbc8f,424071263.82151777
559fabe06aaee537322d0af8,355366551.51412016
f4da2c8dd901cca9cdd51025,460080864.2442318
84eb4861db0816bc8722f379,460080864.2442318
d0dc69570223bce949a4c17e,451425163.71825254
abc2ff9d0e7848169fca170f,467115291.80345756
3e3880088f0df7c447e27840,403957913.55391544
3580dcbd0a6d7d6d3546dad6,379764469.6696358
f123231ff18912a3dfd7cae7,355366551.51412016
78a7eac41dd672cd1863e3b4,390503511.9379581
97def72de478566ad58020a3,423370290.6886339
e3e2e3080cc309d34014e8fd,475908101.7700953
71be583d473084bc0608d066,466552690.9994839
ac6a4c672dfbe20f5bafbd89,460989716.504255
f4fc081a112f5ee1b3a09e70,490103634.7801772
d8add8f5e0aa562a63c894d7,379764469.6696358
88ab887e18e38d0b8315286e,419928229.3004275
07c8af84608e6c9206ad6961,462793497.92164034
2b352d996677e67156391e25,416529518.35745645
ced624c6debaa01c732e9f60,454682349.05972695
ef92f63b46f27ccd2151a21c,470927308.8097848
f4022026c279a9b77a894ee2,460080864.2442318
e2e2218086e6ef5377c01b68,416529518.35745645
4af83eb7718f5823ae69fe47,423370290.6886339
ee98e745afca6de4550fe570,460080864.2442318
bd1fda425d792fb0de7b4499,408958003.9630287
86b2d3ad1dacb372734f810e,403957913.55391544
98abd5139cc3ea136faf7c8c,408053984.74135375
4582ec985de48290c5f1f5e1,495671011.5662274
312a6b2a57dc6947f95213a5,385464532.3500392
86a47522586da2884181f128,479985651.5072668
b41edc115f6b439caf392941,403567874.9340346
fac682b61b813044a3e3ad01,423370290.6886339
63f4e57fb2cc22659e80d6fc,437864986.7280685
4310c7a552b20afd46f930d9,423370290.6886339
4f18341de355d2cf57a03983,405065664.86185366
a418dbb6d04e505c133c6c1c,420620587.1927343
afce1d7c5576dc49c80bdabf,477729230.91042155
5ec12159380f4d1a85e8b0ef,452267723.5242312
78d10967c36cbf346bd58f63,510073481.619418
f995364cc33c431b3c93db45,490103634.7801772
99b31d0b5d5ab75a2653b1a1,458315869.9992777
42d42ad031a2c62be9b5cdca,460989716.504255
73d09646de4e0ab46feaceba,405027657.25479275
bef4759bfc25c7d44a8112af,459296492.37575525
c038742e427830aef3ac1c17,400386643.58908963
e96a7f5424558193663ef6f4,468218994.3394225
1af243eb63d893b1251f44dd,470927308.8097848
a083fd17c5e7c9d33540b922,417234099.34729207
549024cda1c093c9f8bc2ea3,376322891.7472643
164cf5fb9a759f2e4be67b6e,420507105.65765357
65ff6cef76efb4c83ac0611e,499653337.2772283
784b1db005d39c2f57666efb,492022465.8775434
a2f06081983f748fcd74652d,566031459.5410664
66e4f010db2febff23b4a4f5,486416272.61543083
9702cf3039b86f97c003e20c,566359754.684054
48de5d43e88caea594ccd27c,647166332.5300021
6732c28a236aa1ccc0cb2c86,684181485.7782265
8a1d1f70adbdeb233ed3ec3a,616971125.247884
c775d4f60fea55d5511da4d4,624826198.1112114
1f4109e1a4b47a9b11c2c019,507954568.281666
31ef69bed8e54b5e1fb245aa,566359754.684054
882907ccf178b23a02ce262e,473967214.12911975
2868ac4225657a13f6149e6e,722011227.8760445
cf6f0a3cc030024f4e9ad06d,625888278.8010566
0a1cdd0d5c3c8b973ab1a98c,653461466.7301316
0d099b1e1a314dfd9aee5293,643070502.5616474
898d1eb301c92ab6603e0b81,509911058.74283665
9fdf7d85fc65849cda3afda7,625888278.8010566
f5ee97750fd4e04eafa9d1d7,723182605.6015811
ef9cf29f71434be184a4ebd9,583739277.4620011
e4559824c3390efd6282960a,607922257.350681
f8dc73052c66ab334cb7be14,722588539.9740071
2e992370de3eed4ec1271589,667852381.0464147
e2bbe9221780d01a265e2ef4,644474826.7838635
b65a2a140ad5fc6e3e26b6e3,474614642.9343951
3dea0748459a295fcbd2f0b6,643936182.5574144
7a1cb1f751cd36bdb6412ba2,732125564.1811478
1381c0399ebbf19db3a11820,474614642.9343951
479b2c9c12602551bbd0212a,615043948.360115
d463fae95232d30e0f78f93f,474614642.9343951
d0df2748d371d98d76408d66,625743013.2290146
9551dc6098b721dd495e5c57,653461466.7301316
fa736ec3f2f066cba4328908,642042522.6861066
37fc4ce5dfff7faba6bebf8c,702120695.2811209
f336d60e41c8bfee91d58728,635473534.1449527
65e1a61d984712e76829c821,622928550.6289347
65eaf65f8dccb8e49a93b753,616278625.5414188
36eb8139a5ca1b8459eb52c1,807763507.7664915
c357cc3d2f4b45ca3e1250d2,534681140.2171976
4b75f2b374e8674e8b55eceb,777867508.8446516
9c20784acde0823e9479be2f,782544124.0274502
0f2aa0d9fdcfe894caa8fddc,1025246553.6918737
23374ef76774d4f95f022473,843578075.0843081
4224e69acf9fb071d4cab498,963500098.3570912
a41d05f2ae3e022c16088bd0,843578075.0843081
9b30c679d7da9169580773a1,961882761.005587
2795cdb2f4d568a782dcfc3f,1003728093.4872346
5399af7ea98c97b5906efe1d,825124301.7478358
5e93ed2a9b36625c4450b5bd,839817627.479623
d04d42ff91707e3957b4a29c,891290109.0921296
f32ea78bc5ea15d700d3c118,1006869647.4791752
8ce2d6e505ad1da079f34a8d,845921281.4113278
014799b9ef7d5244fb6640ff,880066138.854867
f50a72cfa82f3742189b7fc0,1020114325.7582976
8876b38f90f5571639b7d879,1022617166.4780182
239a2dd25f604c730136c720,976969478.7328275
db297b6ab332cbbba338e7a0,944104707.306382
5aaed76349fc95f6c12ced7b,993683001.4771311
10c94f25ce3f7532bf4f3152,935549829.3720635
d0ac1f63c75987c92038bd30,843765986.6432815
db5ea791b33be91840a6d045,818249007.5566547
8627562772d9d63bac507fcd,951762156.0225394
b1ecdceb6ac00b6b047c241b,841352414.8911473
f499c1513abf0b05aa1f460e,1138017024.9720209
0d8b0ca08838d1dac052d51c,924075085.5062251
c54a573c9aef013dfa2abeff,1029990202.0937289
f02865ea64b156bf4cf4cfa4,803147747.0692476
087b564ba475edbea431d4e4,984119945.7588824
2d3236cf646f19a25932676a,1029990202.0937289
68b547621c25c7418cfdf5dc,682795827.4834849
097a1a08a389439cc2c760f8,449827786.9240722
e9c905ff64c7e2f8c21b0a9c,378397373.7335076
464039bbcabc650d659f6683,449415221.789034
93c24fa31fa780d28ecbc318,514857991.77660847
a73206cd21136b209f25c7cc,371453484.54807174
852a11f12646f0a1121824c2,460208603.8200442
61953f4c9bac7cac5ddda5d9,1194133981.5273585
5a5377f2d087b7bb183783bb,639903431.7878692
0a85c354c48921e0ca202d15,1246079348.625548
12f9d50fad58e4e40a187d98,1033045463.1542481
45ac018012e7dd91d41a5876,542669684.1837243
28f905e91295a47d106a3214,1238358159.9089725
395e3718423aeac3d40494a7,625498511.6451286
1fd7e9b1e717578f751c21c7,729201613.2700516
e8bdc4a088a6b99a538a6f0a,469089674.9430697
45b894a8b028be29ed137f1e,1279397764.4947805
f5c866d489889ab2f124799c,646836103.3606352
3d0de71d822da8a999bb6222,493490766.39734584
ecd0b4bfd66fe04c278dd4ae,528548862.46318483
9a61bfe6ba2b8364a92e5a97,886976805.1755639
e8b8d0c4cb87efc13344bcd2,863462890.1044129
1f39ea319382fb0e41ead713,1129872088.5469892
d61700c4ecc128290bc42d3f,356977545.42350143
d87cbdc4896e0e0160999520,374797782.9136425
d1281c9f037ea5c4fa683b84,340228030.70001
310e768d2e8836432f8b3e97,434013677.13077945
c5498cdddd7856e99d21f52b,451360214.0780752
d3169d4a467cb7eac41849ff,608884952.6340965
2eeb4b0d7afa57b63778b69f,1258069950.796443
7b3621124731bcd2e543562c,766902337.8498744
5703b4ab6e77d88f751bc6e7,616589438.7065464
2c567face144ca714454abf2,1282006967.8407564
7169b5a3b9a796162de685cf,1073224303.2845521
fd19e1b2e61f5efde879f6dd,777830592.6121082
55f0e95dc857256aec65ec1a,1276144602.7379584
ab03c034e2a420f395ca094a,457919183.0821046
ee3c0c7fe3fe73ad0449870c,1355806866.5024705
e59afca092e0ddaf60c9419c,674841229.1879925
99e48a46a1a599471d3260e0,366007606.3188265
419398139a3aa2ca2be3f941,409655406.6092067
54c33befb89cc873771c3be6,1120143952.172781
cb29bd3ae3d5da88c99d3db5,595332324.373302
24258361a4ba8f772a83ba7c,644472238.5264348
539c12d2fe8cbf950b75a0fd,398204837.6792469
7b81996f3abd287b50adf8da,685541104.6796219
0d9e73c14529fa3f1ec8a56f,624886393.546568
dd178fd542fc716e32b4136a,586817713.7586538
9aad22f3d25e46538e1558fb,537081234.7636995
93df4118ec3536b312822d90,950754958.8126241
7c6319c04025c4ed6aa3f051,624886393.546568
98e04fd660ca1276d1510a72,499332015.9001768
4a8eaccbde5a4a6747818d29,620996311.9735281
9f6ae3eaafbdfd8d5c0e64c8,724802825.5055233
5929c81cfde8ae068a8b822c,594842455.8818392
b94ea2b8b847a47140d04008,464690396.534804
ac1b644a8d2ec042ca91f89c,464684767.2026931
8df9256029f526ca313202b7,572204144.7293962
e029511780468f4cfbd10d3e,463573025.22738314
0878fd8b66aeb22f6af2d7af,377266155.55911183
76258b7b7e8778cd60d3435a,621820164.4418689
d64a2ad3297e2fad8ce66197,470496209.6513596
8af6bb75c85a2789156b3696,437530495.11614937
40db880aba8951909e6e4ef6,417282445.55343664
c9e20cadac540faa59d9aa3f,378070507.9467056
7d5459e48101349c75d43aec,652172972.4457607
fb0664d59b6333ae1861f343,965025694.832925
bc6b57600fa9edfe13fb3118,792593999.225207
d309cdb5688ff7bdbb682d17,593647770.8378794
d17ba799e68d7775f2104b3a,540021063.896143
2baa6afba131b74487c94d74,489186785.4701202
0b7c8732558fc04f4fc51ec1,549078331.9376009
0d8cda2859d9903f6202af54,494796714.82064146
0f2913c5aa681a2bd45a5484,906902211.7926985
de6010c57fe78d975be38c2b,737074632.5491014
54b474bc7cb126bfe8e6c144,788721687.547802
b1dea7d384760535b770311a,576033381.8694
9e90e02c8ed3ad137e4c3abc,646549414.904889
b59711a5971a3b482db4d9f7,502634055.9862888
2c37a1280b18e095b43e19f5,748326484.8850272
fcd7c10d81aff25d9233214d,501692429.3643104
c3b8bbc492a7d7bdd63da22f,685001187.8467665
42aaf6521fdf1dc9bc50f88e,544975631.4131701
3c268e9119b8027f78f91954,547407668.2762159
c8d5a0e9614dcf96a500206f,342096576.8376307
6c778557da9b5d99f90b1238,885628908.2460116
4514844d15690b7331fdb6cb,918914467.084176
d8e981acf77bb46a9dbd3109,706179301.3414013
b940ba03ea60d4cdc5d2d429,887404224.9739736
4fab4e66ead1948498d2a4dd,375081223.477573
a5620899d410af623a3ff4a9,1130364906.516935
f45e3be8500d7bd91cc8855a,347827473.13657963
4b82eef445edeae7a55fd019,471413075.4116005
29881785ae39aec014c4982c,620486759.4758397
0d9f91cbcc9339146bf75bba,411383373.4375647
b839e76df5d73e7d53691707,662526650.4311962
7ac96f16bdc50ee7619f3548,512581367.9372113
a102a0a268840439c2c8f4c6,324292675.9805933
e1132006785632e4ec5deb02,519138148.823509
a041ed3fc0b60fc4ce3cf847,577784654.0344067
84b758716f47bb0f4e4a2bed,423763064.66871387
84394774ab45e0c8b733bed2,433206934.8718173
2c1c91f2bb4d9dae38a44360,402205720.6454689
8ba9304ea7b8d2b071bb0699,694397630.7405969
9a76cc7c650230c670e703e7,866457200.1723828
9b0833992397c6e50b54715f,860772665.7964476
6f192e6a537c1509521e1e8a,1086304646.4764016
d1668e2d35a939ed126a3f8e,876205840.1411817
a17807447696896bb61ef8ab,847660006.1486843
d043d368d2584ae95ad3672c,758523644.6028459
7f2e3f2eb5abf86b56897250,801777886.0587186
fdb1cffa6b7346fde667d72c,408515478.27554864
58a3a9f44bc7846ae26413e5,508344174.9761641
af230af0c73a5f2b72787c1b,940844866.9604682
3cd5562115870363ed5d7558,594788044.7029216
cb9d8fe7c18dba6827836403,846899929.8124803
742fd57dd463c1b5cb79f63e,704002836.6865985
0d30768d188b6bb53d599ea1,1022442743.8987284
c455b8a15dbfff94c2909f37,433075463.1964044
8541eec88f0dd8229b4fb041,446702046.8147639
54aad3aa4a166d2d50df48cb,878153863.1060624
eb9a59d4e85a3f124e866f47,1012769338.6880493
d65946f9c27e417e6bc60057,372200830.72558093
dfbb0ed74ed85bd186f40ccc,412479972.1914807
84b05da6a859ff5384f37ee7,455458898.89540863
e2da7c1bb33be76b86b9a07a,618343354.1972982
456243bb3fab3e74df21b5a0,618312285.0574213
a947c2ea296f1da3d10b0a06,456651754.60851306
3929df6d73b3ba01bc018476,426692319.3513209
ce44699aeddaeb77f23c9b9c,1006233167.1837367
3cd3537b5f9475657060cae8,1350625647.1727238
4520ceed2e5fe3458850a805,1006233167.1837367
00dea98fbfbfeae74c513bb6,1111931724.9267774
16da41b1128c039ff8f83919,487723649.25174993
111d509185303ed970d710c7,1193827836.6072984
83ad1ce7ef6d70842ec986f2,477351085.01213676
74f8ffe35e8d3bc9be725d7a,395410724.08028895
f5e7ab7c2edf566fa22501b9,1024005521.8768268
2e1f3fb2323fa16150f8bc88,379676045.39578414
f8bf37a8f81a310e299385a5,472117333.11139816
7b71229680a50bc26677a427,518686802.2391073
1f7daef9ba898c4d8ac1c81b,424991221.9483009
415b68c7a5cfb073676c443b,466178327.6853985
856559e93205dd1561d8ada3,668700163.9919819
6d534e4baa1740d7839664eb,478992231.5710412
9ea78159ad117bd9c0b04291,675951859.3364031
38faca2d6e338d328428f986,401352999.55989957
fcc6c3c10bb52776accaf06f,490662549.75197715
9120f0e5a6f505a2553bfd58,1034168683.6211038
583a8d8c5d7fa63125f62155,764270408.0152081
3d04304c8644c81114c36f98,402583703.06794536
21fcb5c7e497f0580b820379,708131139.1248679
6542b39cc8d2d13dc828772d,663909102.0139197
091f6342ad934f4e7f84045d,1031391022.0741736
fe8305e287f6a8e7899c9459,425023682.47719496
d4492ffc4aaa4ca9c4dd2357,659516974.9492131
319b9accf9980ef2ef81099b,524097980.59452456
fa84c07cc90e2a2058b57c9e,343423657.6156187
c4749eb8f59cca469236df01,364323756.12856627
b8a5928cf1f7e704e9933bed,708131139.1248679
c2ffdd10fe424afa1b09f31d,393713021.6559901
f221dd5d745def063eeb7258,637590057.7790697
319ba1ec06c9b6ca6990f4c1,1127884456.8669598
29e7796eabea247af4e8a0f7,485542039.31365937
ddbca69ad74877086c4110e6,572454251.0092608
c858f0f3f5594e7bb0f3b6a4,1127884456.8669598
88ae3f4a8ef76675c66e925f,1127884456.8669598
27e0810a702796d97878c34c,435580094.26394665
7450139ad1b39b2a380472fa,830168770.5878298
35ae7661d8191507cf9e7cdf,624962803.4379929
93b8ea95ca1c1ff3881d91d2,365105407.22963095
8e4709859d50a75dd08b03e5,715610996.8526936
7026113e0cd7b2d17f8a3459,712538684.6859847
9af956dd8d83bc715592b97a,384622395.48360276
df10ecb67d79e645f77a90a6,993855634.8275298
14feeb619f409386e6eaeda5,473271667.17607176
1a6b9a6d92ec5e905ac97cce,530370942.0969003
057585ba19d6144408d4e2da,418717671.9128747
72699647b590d11ed9b2f2e8,425128700.1376143
cbc99d6202cd3a31e1c14a16,542127213.3321224
ce1d63bc4411a615b816a76c,798338774.6926934
04f0fd25e2456759753bd2bc,502537570.0732792
8c0154eb5be437746213aec8,1049958501.0779513
e23017438478050a655f6d67,703711042.6598036
8f0b6d6dd914911c7e90d302,1050091133.5241446
4b38595746dcb78fbb459781,522646135.6624389
95aebb36dc0b4ea86db49492,1387195431.5281277
f900f7a9c5e2ea51689e8992,995595742.965313
3fa0d9e247f28968a5bf8476,518167001.58296096
1240f50cf2d8ef1d8713e671,444295970.82585484
14a55e5887af840860b41ddf,399532283.7662601
3ffefb3f453c54585fa6ef22,852711939.4520277
c3b357d17afd631df02dc39a,948202527.3677428
a15aced0fffc97e219f99545,347392117.6613106
cf707785919dbb92cfc7b5f6,1244394137.543186
70ebbf6a402f0f707b893979,631923819.4239768
aefb3cb6ad2de9ffa90b9534,691750496.2423149
b2809471a0164e3d41b8fa60,1119296013.1772585
6d11001f164d81734a82ec1d,508732306.17868125
ad71acd782a4fce4d9af04be,565847915.082959
ca86f53a857c23b15eef428a,686827769.0942161
580452a616b4f5170eb628d0,731305360.8528978
7dc609a3c7a3ab1f9a3146e6,495995445.35866535
e8fc9a1fd4b39f946b914398,521357405.4280624
0d3bc6532812ea618d154bdc,1248605592.5457473
1ee436f045a0662037f9d2cf,731040838.4500362
8697b1d337145af0ef8e4619,1234358288.573185
9a08127164a0bb61cefb3680,332032993.85477316
e08e1f260e5c3231c49e5a96,440009605.04929465
b96502e30fecdfae7796f1d6,683464119.7364633
a0b178016cd26a1d2072e7fc,437750573.4812349
5e3d7da3cfe55ad1fe609579,732060672.4310992
30f77637dd52e728efaddd6d,983791680.3112997
2202c5c9a16b771d1e242c18,938302675.8233668
3dc8277f29d0a2406fa25ce1,837028555.4751434
a0f86ac00934b57d85b44dde,702245344.6096328
9168a08b1fac4c5448626ff0,658424634.7862204
cec8daf847f52cb2845a9f58,1115229009.953593
ab7559b75b340275587e50b7,1324451581.5012908
a392f7f9ace844d712ab2b4a,1064695925.0062562
dd21c6799a32ce6ef27f5281,578587164.3134841
275ec6bd936600c7eceac599,1172952542.084198
978195f1745ab7e3d69e1f50,1136000233.7252772
0e3f82238c54e85ca4229977,800935023.7464169
bc168cfefe964762cdf8755b,907324553.8472357
d22d5776b6305308c9e774d7,601979952.1391432
94d3fe901550dd4ba77ffbaf,975502204.4490525
63717ed97f95e32b2ca321f3,1152652845.8211482
a7df0496d6ce217fadfad10d,853562635.1820492
51a696388218fc2e412f8806,517821777.23223525
a918c218ff761315988c6335,761605258.7875425
d3609eabe59175fcb4441ac2,1312183158.2052104
8af2e264b801b3e155e52be8,1109779016.7903953
76e4ebad138d50c690f0aec1,404917060.6746177
9a9553eb431458a3e30fc672,481691319.5539949
117f37774a78d65f9e68f906,421509422.1630849
0c8b133effcdbcd49d52add5,958364587.45029
5e8b2528c1c0a5c12a476919,797609883.7942518
38d6842c2807d54f386bdb5c,1024121672.4195868
55f747145222c070fdd50175,976908769.5755069
ca7d715827b39c417e5b75ad,563730685.5926809
b219848e66fb065d4d2441bc,974553148.8591336
a04d3f4eb8810a346fd29ab5,1089978948.6034982
0b06da0ceff947975cf8951e,1319116746.0461314
3f35c44229ba13940d8a705d,1225383422.3180728
8bdebb8914fbcaad625b1764,386265907.9379315
f4635193372f669612744011,1250813166.742399
611a369172eb6e3e2e4bdbfb,1137601744.3971665
6689af92cae5d7c9c3e2f215,1102013003.3984995
e382002b0685aabb01891743,610249846.9431632
edbb6dd10f8c9e7596368225,540310959.8456149
89b0592a715c9e135967f947,714791962.548313
a67c6f6400a176e0a07d6772,652428284.6492149
5c6e6dae74e39d33621c7119,585938484.5045432
0e1c100d8e57de8296363d6f,493314742.97847265
e2e639b53456889ab5350ba0,369732640.72772944
93acd9176ff299221e0d2152,584947938.8347074
cb482d76b3b4904c595f2dc1,494641012.84923613
a0e15809e0a284fde27b16ee,737347032.1351801
9a958690c3947f5a8f05cc80,613382300.6380905
889bd77c8271961a6e4925ea,630305574.4227731
dc082fe46a714afd43b9dc19,580877117.488591
99f8eedcdc31cc0ff6fda7a6,510688438.2438136
dfa744f733abef97d82dbb32,650935861.8823241
d50b80d68eb3b928e4bb4317,496794847.6970752
a58acad50184e66794d8d704,393061886.75583607
52871480f7bdf5ac3d785630,746668274.947049
8b083d7ac086f52fd2942a82,690989529.8792357
301ce25214ddb4b5144373ef,833366636.1131268
6d76a22793aa9b571da64572,866103638.4572136
d7c48db0385bdbf7ecb7088f,1053596636.8738097
874e2c6f3e9f90db80d243d0,465520974.5567962
249667af8d0835c9830e2b37,506776327.2940821
75d3c9e0da9a24f4849f2078,403479715.4815104
9e45b127ea0303f973bac9d1,397273333.6650837
daa0be53e7a1d7ff76f32955,769350719.3193935
bf7463534babd284da6ca671,328810372.8595293
0283890ab76b10547b27e634,574349096.8973101
5fd213a5236154ae5206c372,1163554850.205467
317e95fad7d399673719537e,994638361.1572611
fb14ddcaa459b49a3b30eb3a,940784290.0051172
4cb5e4aa83c476a5b71d77ce,857365795.9925048
f54d358d26af89636906f686,1190283472.0043962
f002603a6990ec405d82cc47,1120143952.172781
e3b7dc4e8990f3cd436bf738,552325712.6411436
97c799300453ab511bd06361,965236203.9208683
3c1ee7e502c6bfb20873b47c,464917146.54701847
cf7741583fc5315ba70b70f1,864042611.4624557
36a0a1f0432c954604825b6e,518275676.77257407
9836bf9b64f27104c7863b79,527949070.6314846
68a3f9ac977f56cd39a6a1b9,1181696454.3250597
b676ed2d0af6807cc2b28ac8,1205288561.246324
430112bf4fa9324f0149a879,509314789.7271896
fa00e05d83ee890a38c3a686,735215613.6570095
7d503f126b5863fa0626d4bb,446016059.02744544
ec03a01c961659f2cfd9c973,593070301.0328445
6a112af84d5a81f3d16dfc32,1019535481.1195413
4c5d3dd8802acb9ee22ab912,765063805.5319289
d029158b36963961fdcc3974,866534030.5706718
c2071e85fbffa3d2c2168319,899525680.2361959
60a04215bee81d26f20cf0c3,717020725.9536564
6d4a961e099de1939adc6496,873145537.6095825
2383b8bc2cd3d307caba34ba,507028781.9826969
d9357452fcd193b6c5284bc8,1186330902.296991
863f8f2aeda01a9fea1cb3e0,998769926.6904812
d1a6132098a4bd640321c7d3,762206016.8348196
6edd2530070918074c8e7d07,996677273.3640734
1cfe7df5431f3dc6a9289551,1210132190.4006505
c617d1f15d294f0b0aea8ed8,552014525.9484004
bbdd78a7ed332e679c8e526b,342966575.12897706
45969f25857aa7263927b400,1032378016.9898117
cdacddfdb6ce41a3eb752496,490104091.32965827
3f87d08afecc4aba03587848,1214426135.5881224
f21d2c0802e3858d493c1984,1017362757.5053833
660f3f9ed9a72d8875a9efcd,896244518.7032589
04e29dbe2175919265c82463,1040930261.6860331
e4082fa99f92fc7a89092fff,997363897.4289724
05402dd344c77623fa053ffa,1078314657.3920114
c5f7f0323f554a7419f78359,678643521.0422858
501193fb57014ffbd7bf218f,589675437.0892483
0922cc27581d9058e55a2239,481532234.31138206
4dcaaac494053749f30875fa,1190651258.3376706
506763d35b04358fb0e967ff,864705209.4540279
8c40078231bf7af2f3a06457,435246853.250893
53e14e867f8b02c6043ae02a,417637964.60595345
2364014bfd851a68a824d1da,1187907206.3806937
f788ac4a8b2a6dc11c458c90,721785843.7589481
093c849ad2bea8292c4d15f9,1223252153.2410672
71a8b68f38fccf71a229df76,476499803.7401048
ebacfa0a8e569ab603cccd11,419540178.03290856
c963faee3ac527dfab08f61c,617596600.0310131
ce3deac5963eeb96826c14f1,699955862.6345487
5607cef08511dbbf3288a5bd,486564662.27239555
8a9e6d0839f9fabad2fc3214,820442195.9620837
ff03a8cc833d067d439b9903,659291486.0034753
d3e119e8fa4d96abaa8c43c2,1073600464.573049
25b893f6073bd66258a9cf03,682232614.3605062
0d70ceba3aea278cb4a2082a,881389448.8352354
07f9017eb4b8c169eb9de536,1018059863.4122822
7cad62cfb4fc3ad9acb09f1f,517260318.2796297
41d174db6f695472063ceef3,531318240.55793065
4ecf579a5d5e70d3b4314ef7,1043145977.1274761
41df29e27c0bbb52aa8ffe49,721153434.5087593
cd77cb445eb0f72df89b9fb7,684787092.2903084
65766c8572b629744f00b45c,507744245.3463717
946eb4523f76bb23d0348309,672603284.3077884
453202a234f5b370ae9e586f,441528949.295884
4e1b5798dcbed1842f260b17,730192054.8281447
f1cb3c0b97ae1c6819fb86e0,1100708947.0481489
24a89527a6744456750baf54,576571480.3834736
a281d59b685eda4978e0c84c,890162350.54639
6cc9d912370da36c38ac2cbc,1144790085.6837938
10563c278e7ce8eb2066d398,747555602.3598982
a1b0b8d18cd78b7cd555dd55,939716090.6532096
3cf9282136fad24af0f7ebb1,746015266.5307921
077659c14c3cebbe192f8247,1074508778.656831
c372834e8e7a4279f861aa4c,372538080.6973307
29daf0d5008fa9e3f0f30132,379796842.54048276
08e1ad8d1f0be0287a395ef6,486589109.4884525
19c07fc2b01a0edec4784e64,695742923.5415616
c2b5216a8050ea0fe4008f59,814994184.7356584
29cc054742b256e6fbc6da1c,747944781.1205128
755a3e09dba04bb6ba6c9851,713062148.0376171
c98157c582392cb895071f28,926979449.4040705
84f47e531a916b7f7dc1f1b3,714672878.9477501
231688922448e4d64622120e,587318640.7331737
9c7c68df14c238ce0b497dd2,1133437714.1378443
d5e29042106130114cf3694c,418895941.73189193
08d4fa42a34c74c94db5080b,776126770.4824812
e89fbcbd4d3414e30c30fc29,809520292.5943494
22af7bb676cb4c9ffe014506,402469089.6019451
b20d6ca58e91ae70b6e0a1a5,999984272.2385116
5c372bd1e01f3243256e27ca,404603259.8484937
1242d7e61857ba8ad285b6f4,1151166248.4406857
196ac46f656726bcb8087ba9,696350916.6839187
ae513b65e06b69e1ff2ad8ec,385765364.1904141
bb26b45df6a70b6414958912,378117166.01000303
9425283b41165156aacfd43b,402507014.0556874
689b510fa99bda54284cfe7e,679184456.4094857
c57d333e383039db0fcd2620,877442489.8730259
86e98ed0bd2565b661b81ef4,1112941431.9205558
0e694269bbff1e45395190d6,1112901049.1991935
6511180e3128e083bbbb6940,993122867.8538305
59b271bf9e2d29ed35352f5e,390403804.8703664
a4c324b1353d2f7ea3ae9727,390403804.8703664
193ff8d291a9f163a4f3301b,499203864.5377287
8ee4a7cef562d388b8444c29,349656836.12397224
53bdf5c3cd800459acca551c,530783354.9610253
35ef99962cd5984ca87bd326,455102856.34612054
dc33d5ffcd2aa2b7d56d2ad3,587430480.4258236
05c47739fa4c4f00285a2c48,1152168304.8644044
a51d415712d8d6c8add7009b,1185019169.176641
71493c81121558b8ba18c1c8,378117166.01000303
853a14b680761098d4bf6136,633837143.6950401
c9d5c08973c493f3acdef892,404150945.45153755
7dcbeb0aef2e2cac0d73315a,413607018.8865361
ae5a4da0000f79f12142e2a7,500404749.45074314
1f6050fd5261a2d21d5a178e,369295493.11804414
e3f39c6e4a41fbdc4bc30e0f,512344489.7213096
9d157878dbb41c14b52a956f,434216308.12055576
e1fdbdecc84b991f582a2e00,437973926.4865249
3a26efe201689493724ba464,567406769.4191904
6670cde3fbc11c263c6c3163,517649075.8018413
780ae52ac9eae675f6fdb312,388292811.3935107
24f22d76b86498d5c3563288,457406060.2486532
fda25a0b6b9f62f92e3ea6b8,513663.2896157974
678ba0c80536dd27e385b31f,398839830.7225076
ba0d0663943a118228fd12bf,490612731.71574706
81ba4b47e9222c15c4102992,500472008.8704664
d9ec26c1c3e1811e38f070b2,448111291.24981654
aa850af0c6203104e6ed02fa,459661090.31362885
c697ec00214cad882d5e9812,471683288.4575827
4b193d78ea6e3740bf37b36a,471683288.4575827
08c61259a756e617d976e8b8,734856479.6789341
c1c1dc8df6996a94ef3c7d33,435756289.8848236
3fdfa23ac43d1df0503ccf1e,578526334.4349922
bd4526ea5b404df442892788,405093001.41936195
1062419f9cf94418ba88b6b8,417464135.41386634
1102f91444b8e1abb636f1bc,533746006.82175606
b96b4bf38bdbd61d4dd0bde5,1031848220.0871311
45ee2db87e9ca0a1a9faf050,484998599.65848714
556cb23459a9007127b3ad46,863678567.4497247
a613b18945052b4576595c4c,766131766.5663722
fce385656705a8f4389cbb6a,933143834.3814156
bdac560af3e155db33d13d57,536628603.21258944
fedc2418db2353b7c97a260d,915801798.3404651
4565bcc95c54bf0c8d376eb0,985702421.2459304
5fc559104e0ba1112ce00f5d,1006879906.2176956
74fdeb4c56b29662f13aa8ca,1036414161.6484734
fbaf74ce4c2c6e88950d3fdb,642314236.3002741
5de0f045039122af0052c544,963445500.728562
e18337bbdfb106a3f1739960,647060795.1304725
e1b9ae3e0ce3da16f18e1079,939411886.5989662
a57435d71ccc5f032baee302,522299967.3360208
fc5e8e45dd0a338ab5835428,741293612.6078337
918bec54bd7587daafff66e9,1082935413.0239635
86137b9624049333f7e0315a,1033350336.0356584
0fca6767d8f442da1f8bc6d2,491985572.8695093
3ea5478270517f299b20bd06,674322744.0766829
dfff73eccd591bb26453eec5,617295035.4886463
e2dad5c148ecc797018439b3,1101517687.2334156
b5a62d480bc544f891fd8521,902641247.3480904
cb09a84a1d7b929607d01ee5,656769594.2640586
af067a8546e1177eefe24916,556248132.068699
d6f9abcb58befa3d05373a72,706559903.9938804
ec2f16aabd36fd9ee2203276,1149533625.0353942
dcafab7adc7b763bb934496b,514337795.38733715
ede43dcb1715b959ba34a37d,546839292.2840207
40dd67aeb6e9979211c9345d,676159541.1118219
31f630c44db4be5360a57640,684447042.2464286
ee8651631861c1b94283a953,1298971014.1810231
b7d245742eef110adc91b5fa,913930261.3618077
ffc49242bb0edf3e22076501,955553916.3071119
5c5963c17bafef1a1bfd5e03,824848933.05404
6c589b7e6a3cfad34e98bd87,990391436.0963659
71ab3644da08b8cb0a0b34b3,937526029.36499
aa668782ae5d0c16e57193fe,1163250374.2678561
46673c69814a0b3f25818dee,1252958954.2733552
b2a417a8d2440f9124fd2ee8,785920129.4416453
3e0ccd899ad73579898fe73c,1010784985.1016992
e6f2c7d7317fd433e26878e4,1100546894.163356
2d91b3a8c62b890fd246183c,1080783831.1403935
fa653848d69ce620a41a73ac,1187215172.0658743
3b6c94e3e3684eac73b3e7f6,1232326994.046796
a6a07d35b3834bc6f81beb6d,659257809.7412746
a39617b7adfeb6ae7d5ee5f0,1229468622.4555504
95e5e774dac6f0159e8afc0d,636079627.1640406
995362e3fea8e54538ac135c,472787224.7115821
42525c57e13abbfafe9bb395,1443819068.6027977
1ae6fd60628e7d186a5e0174,458108728.6594143
082293a465231208059c5d53,458108728.6594143
732615f6d1526ec9bd519eda,504123809.9061393
99e9c4f8fd7fb7929da10a20,390146789.74494046
1a75e436fc23e7f48e639b9c,492324221.3990187
54cdeb67ca9ea56205e4e533,918833064.5182271
c412ab869616d6576cbb8309,554366063.0559491
b17840ce59c9d9619b46534d,440413953.0043907
a14f071d8e5c338d9ebed23c,417599576.01203215
84d8504f0e860b0760c3592d,625986248.2495798
a3d03a25f84f4d50d2a308b0,478131670.49614406
bcdcce01d86d648c4502d42f,493145108.43990093
33379968a83c8a90c23e77dc,411972532.6081578
ecc36a3a4610829ee3f88993,422882502.1151699
f4eca80958b7a22922b0efa1,417754616.1126452
3b4ce006ef95420847da20b9,409312038.78516805
4fb644a95cc04f7bc6cda786,378788110.9764096
f8fad48343ee5134dbae918f,378788110.9764096
6e8e08e09da8dc598b8a8b2b,422882502.1151699
56ff1f7e81fda0c8491c354d,417754616.1126452
444f102b4d54503044154ff5,409312038.78516805
e0eae2174807cc7ada38c726,571029440.0554786
afde90f91b01b0282bb94335,567834895.1077485
1d35c364daa0f021ef263c60,364148867.19318044
8c47395a28f8177923d7b75b,411788902.7908758
98c98982020ba42198aeb45d,821656628.8565247
ff424474d2d10a2c2a1c1892,492903996.5584895
971a322e9087b67650689ea0,1061096509.914162
45a7517c4d29f5bc7787dedf,719168852.7916449
74a51274abc8358d628ecfe4,793403978.9640115
11dc32d92ac579720303c019,699262396.6697587
4c25d939eb3ec218403dc4ce,698734332.4644817
55597a7b8637f24198415ed8,1314036016.0828962
eb7173223a27076d16b87f33,604502557.726155
709d17b62bc95253601f243c,894026518.4437279
fdcf0e439ae8b2ff5730680d,1193059659.3569221
2524e62e917e8a1aec5c9c26,608974856.6472933
ba601c13d20602c988d57246,855379285.9332209
397a7d1cfb809e34797f2bb4,664897211.181755
b54d3ce25f3f03cf3fa0127f,460404528.00418395
d51bcf03d649839ca803c357,414682934.3326069
e9fac47a0f02f27abc96d568,1306976706.666813
a52bd93aa6b0d965914f1101,1043241323.4961808
16601a92574531c1fd57a359,578399760.1748161
0e64230b70f4a227b444115e,1082016270.8628664
ba2118c330e19baf4f3ecf94,870278296.4627478
055e29f236bb61603d4ce9eb,991865930.4874038
7c5c0f2d9a0e355069fe1c64,1121290373.0728874
e781547cf6f8cb4ec0742b5c,809964313.1150147
8caab74ced535ec5e75acdfd,540381801.4435867
9d64345229b60ad1853d94ce,436710716.5489231
d128186867f91603af4fa481,602237265.3046523
f8fb6d1b0dafc28920393dab,653259717.9374912
33b92225cef255b0e4b4edf9,447721189.1382613
7eb78d4dea434674a230caa6,785693765.6021526
833bd3c8ef9d4da2f304a94a,920456263.1176246
331f0957d55d7f03df7fdc4b,1417762077.1263888
cee124f4b9031f59c4fbef47,1186398761.069762
8a9663cb622a55f2a1a8e3b4,1195875118.5189242
25d4a0ec9301ba5d53deb780,569823493.155575
38d4b1837c595b6d9a23e994,1426144257.3723035
a21923caba05da05449d60f6,985223306.9567713
63cff4b5ebb2b6528ad34cd6,1080158886.5611086
948c392520e1cb3a030ce86c,1379380586.6352727
b2e7fd7bcd93309664cd225e,1231462301.9338555
9d6be7123f2c6e610971374e,1344963507.7812724
3676e34e4824101f3fd9aa2c,879387604.0703421
f849ad486e84a82190675b89,690781171.726388
2fb8b2990751692b8ef1ab6e,692273035.9525859
5155f70c7f8978e487e71479,1126738009.6487095
4f076c220dad47bd9bf248a6,916650648.8668612
480041bbef3a540df2a36ea2,1107049692.7069147
4ca66e564ed478d06c471357,992417866.6902984
454e4126257189bcce9b681b,1165776556.871937
10ce9c7a0a58aad19778e5f2,939014006.6274787
dfe8e2542755d41d920e28b8,469690918.4030006
5115b0da9c95559dcee9e58d,1160027426.6572537
8a0053376ffdc75d0bdde77a,1006233167.1837367
5688288ee38f1a69894ac77a,759348942.262809
1fe514ada76363511cc79105,846613187.4619907
885a312d9a5bfa8a8db5279a,548128036.8661156
c716d4dfb5a3c2e1120bd84f,553037276.9645759
689aafdc12fd1610c2393a6c,562481933.5257775
c0c4ecc8d3aefc53c4c06a38,798502085.7639407
30091c32a5046d563597bbf4,444935423.0660756
2e58c9b6fbe9c57c83bc0aed,1007338135.0136539
3f7c5d8304fc650bf97247ee,687368207.7586087
56334a9db3ccc24faf138edf,485247910.7272724
6d0680692396c07afc1a260c,607333960.8766645
9e07dd563b6ff4572f5d9031,838256545.0539603
1278c9fd86258bcb435e7127,704488134.4443603
acf0f98cd8f8c8ce06f30ab9,1354426323.5105195
5e3785bd517f4faa2bcf43d6,935355549.6564983
cfc61dd41ee5f5dcb76bacfc,579433602.7747926
2f171883b97d9c02b90f93a9,364057969.0984177
46aa67b5e0abe39dae442d76,364057969.0984177
50cb49d65d04a5d166f96e3c,351445798.7689124
06c1673c4a7444e7aa80abb7,411283667.7381259
53881f29c7a6bef0ab537466,614200744.968338
2b028932adc74c961170a4ce,331582716.82095593
f3a1bbe01d265470a2d7332a,379043824.21284604
b42d5b5b38686929eadd56d9,528047940.550462
bafc63f23f097c24d36c76fd,656465157.3772285
f164514211012e3a1686b148,448268664.8919599
82b90288bffe8c1c0b5a1259,427566319.1312953
2fe64bad1bc8a43fedfe0700,612012908.4093406
da5b958667b31f4f9a1d84a9,397518618.2579982
b3bc9a04a3ebc1b911326735,724265574.2206937
9ff3acb07666d53f00d1f1db,458380209.338541
13a44ce5066ce00846b59ae3,779228819.0472412
bb45c98dbab56e5abe20ac0d,747378739.2927754
f88bade1cb7ee0fa643f31ad,537515300.0997523
e9ab6916a79b4d5182d33bf5,697803482.4748038
144162ecfcba71bf09048dae,533013947.22298306
19466034c2ce19c24a179fe6,508580374.49521464
3787f6da3e961c0e10d30e6d,1048059475.771122
908330b0d2651093c0bb6719,669993195.1075189
66b7baef9c6c3c7ad24636e1,557475529.7810785
69cb0f3d422c2c78373c2e0c,657892050.3411402
1e866483995b30ec7f79d9e8,662601561.6652588
866f2a55f42cf30c4105631b,662601561.6652588
fede7e1a7a6f23338af6f40e,1048059475.771122
7447156f2967391975d335f0,508580374.49521464
08451af5a81fd6a63c4012cd,439244097.3733457
f63608198bfcc858abe1ab0a,812345959.9584639
e9a0dff7ae48bd3fa2ecfcfc,617988215.0321106
cc97f62e2fb9d3e31ef1c00f,492409387.81801945
ed40f198ace8a4405cce7a1a,849982321.6353176
bf17b59bf2ac2d06894bd786,747288385.7451509
e118b149654cca1c0b3a58a2,1309703316.2240028
7f9bdd2157f6c3d488c77ddf,738988451.6333694
9350225547486ad75c0b5ab3,904902550.1853329
d1166776fca47427c77fa8e1,690484584.2553091
f719b387fac4f688b57dc646,1051347335.7763321
6ce8991a39ec7b9883f85000,1196263575.884412
353743db4334fee80ac08d0b,748329086.7513651
372a3934e8179422b5cf5729,877126734.052291
81516aa72c98ded9223db098,1055995878.0574104
9e80db4c35139bbb18775644,879762378.7848121
12ed2c22a923c840ef616a3c,1006420898.4870539
7bc57b136bcec053cbd073f3,952918427.3656633
77a06084509952c6cfe8f501,458751301.7227344
73578b4214e2eca83b1e70ac,726944189.3355038
527e571030a7d8fbbf1a41c4,581217793.3961244
961baf163a07179bceba67a2,639955476.8984064
76b41682fa6953a3b20d3f27,612361578.3008479
cceb25e83ecf22252aa92d2e,681527214.8335047
210ff5d4404ee8578a5ecf9f,589369781.0543753
398274b1c46fd88151420c6e,414956056.78110373
5b328b80dd844db2e946302b,339917596.84470916
4195fdfe50e42e9981fa2f4f,454516207.2655155
2d4031f171f965d7dbce0ef6,625305817.9594947
fc1b713d5605b0030421d5a2,930511174.9709924
cf6092df1f22a7c4b8ff9d50,493919850.839186
8dbdd7c8971a514eb7cb4d3f,681527214.8335047
c197faa8bdbd51c075a6d3bc,602061618.1808941
1985a2a5c3b2b0c7eca22afe,925719058.9059005
92a1a8b617b6d2c3669167a6,693913002.1317592
2a330fdcebb247d6a6fdea23,569062317.2967365
c3dd975d0aed59a65a784e47,791911167.755115
608a2339d558a6cea9478756,594030496.6829797
c0ccf6d535d1316e37e1024e,939816623.6453992
229a7640d41a8b8d6d2f8f83,730800809.3665818
e3950ce025371da2b4ad9db6,867683064.1323689
a7e41393473834db30f2c1da,716198641.6379832
7dcd1597e11f83093cbfd7a5,969016110.5748672
71235a69058912dec1d355a0,1002780184.5463531
349602317da0e456d88fe24f,971390223.9737098
ddccad3e5a4eaf791ce3a7c9,523877191.31805336
776d7d1326576f07762ab3c7,668328319.9477878
1b88c06bb3c1bc2bb39d1b86,846992925.5642844
1c5c4f4c731545aa3388c554,590865933.5953691
aaa67089a753d255215c15be,538808959.3636947
d6d5717a4b7e2edaef162b6a,592907761.3022759
0ba20e953e8e76add161cd6c,378900221.52073455
13c39860029403ea94b5439a,1064865487.4226629
d5436eeef04e1a8e51a38912,395842857.3659192
21f00ad1214253dd5bb97817,1336086874.3292053
5a3119efc021fd0f102ab958,441359914.40595573
331c515e7f0dbb4460810999,453063217.9362529
9e360588b18cb15aec3b6609,831986924.1578183
a7cc7d2ceedf4d69664dc734,467129689.21427304
4e78cffaea2008f3919ba0ae,457779591.3302372
452e0518f7164287e47e6354,911392622.0971037
74286242739391c4eaecefbe,509516698.08051413
df06b65985649c7107b794a4,477607493.80332947
b6a21387674a509514fa5518,1239463133.3108642
6752fcf8f1af18d61124e32c,728753158.9049398
a7e40088cf53acfc65f4b3f5,1185218608.650777
61b9307a25be3119effbd0d2,356466770.8461373
3061729865dd2d68858600b1,395634956.9789375
ad38d5660b6f1eef23b76039,370392174.0104789
1d493f3954b15e84c41afc82,355538038.8765385
57744cb947a923584fc6bcc4,373723944.5237157
16f60cac352cc0d668d226d0,342461689.5800708
accf7bdeeff29ec7a209c509,357316206.1478168
a694b9ab05641a6325764e63,423370290.6886339
bdeddd3f84cb0ffdd1fc27bd,429055310.7257517
de9ab30042562789601833f6,405150996.8528414
1a95522f43288e32addff2ba,446049852.42562854
3cc722d5c764ac261611c2b0,419524305.50098103
aba85a8a7ea2def1fdd18587,503862842.1984656
b272c1025cf5c1e1df47042c,496580393.4110031
5c449356b8b2d7e0928cce59,423646516.95783854
a56d3b5bc13c9849cf676750,442196420.7507733
942c934c0d41ab822d60c795,427048435.1702749
b0fe09d086490092f1690fc2,467849692.2753262
7abc8a11d3d6c905de3f567e,380378338.1754038
16716773b2a43df0332622bb,464008914.24928266
98fdd3fc6c9447d0f05eb1c0,497666214.1749178
a59f39373ee368259b441de6,537027517.6635468
cb778195c5d61a7c4185424c,683963767.2727973
c0277899d5f185cc78fc4a79,684181485.7782265
44effc9574c74ea4ad98ede4,706279046.8539634
e2d00e4fd93a02ea81895355,517953073.1466822
ab405cd390c0681c3c67836e,498636688.6763822
86db204f7ef6e0e0e6687246,721530236.8118485
97b791fd94b2339ba115a75a,615768233.2833852
3897d9b5fe3a0cfaed7c18a6,482845889.1323001
ce206b82f2de3793156baadd,628101156.363147
2c924b9d45667f7168bae6ee,603183164.4804817
358eb586d9649d20dca9bfcd,616885752.3404408
71b1fe15c5bffb750c99f648,629598995.0319353
eca500b92ff96f10ccd45e54,691037000.1677693
7b63445c5e1ce95bd12c31ee,616986158.5991627
97d64459dfb368b1f6067ab2,636803719.2295356
1b09874d5a3e4c9e0d544198,641449489.8460681
54fb79bb019bfd10e5481ec9,652068587.8150709
b3b63d292523ce0a925b871c,609722226.8524925
09759befd8899fc1e359935f,642179567.9044698
62e0110b1c8dda16cc7da89c,509706453.72696215
d98ba43504fb49a4f0bd9c05,619257698.5651681
48815b454dfb64fe60e2cde4,484198150.1771967
40a65310ce666e80a9611d4c,843457997.23205
a8c5674b5d110d99a1e097af,930377656.5737754
ee9e7dcede0ffc20442b4407,965718118.5350255
9e858250fcb7320b65bed9c7,997085964.1297154
bc76b078832a3a81b6d637f8,859166670.1854612
b06d3ee14ccf3d46fe2431fb,807340875.9260104
87332a7e03cb851342667b98,820692845.3291554
faa37a79a1d72e4b8b0c80a6,820692845.3291554
0821109831351eb2501e362b,976969478.7328275
8d01d6561223272181235c69,945536556.8192898
a0f1c94cd34fcba92f59a59a,1002189644.1877915
f6a5c88d1bca87c1e89d8084,831258788.0203861
55118881731616058c929b1a,939431064.06835
bed1fbafde11c156b655e04f,999217871.1781361
819d2a7c3330480b7217577d,1005331963.2966393
e1967b56ab8ecd035bf39534,807340875.9260104
08d0615cff29645ee70e20e9,986241816.7761517
2e8af16a155fe18c8c6730a2,835475618.7910157
882e8e77fa1a71288f6b61cf,1186301911.051823
7930bb0822caea5f6451bfa6,1104386218.2046866
993a18ae04d78d374f854262,1088424167.7826095
e5527bb25c85988e00da339d,1115081901.8850012
07bd45129563bd2fd974deeb,402226618.68408823
83727953ecffc17bed632d94,425800682.0480324
2e2d3f42f4f8369733b3bcb9,763339684.9874728
3b23a71bf40e800a66bdeab2,403599811.96096504
894f346e0ad39c57fc0f369f,841121084.7423977
d1fcd31555048d043cf084be,559973636.2111436
8d48f73816b248d1166a09db,669399717.6156309
32d5a20c542a8194a6aae965,633979137.3795687
53870de54350a8cd7c13f014,646169870.3704933
31cdb68dc6476128c4bb2f5c,794283677.0084692
4be6d93d8ae1375156444f05,513020877.56818783
33a7f6aebc3e2d480d287199,864032515.5192045
e1e188d3f9940f9dad98488c,713463645.8089074
76167f6ca3d2c404104b77fd,529064654.4535331
9297c340db8a74e10dbba148,743619156.1515847
0e001ee8f27e1a2fffaa0225,1171174831.2486403
ae3868ac8c44128b8a955829,747800360.6912061
bcbd20cfc50e2f032b174b56,397768273.050372
253560c855216bd9eb102595,529867497.8860545
c9c769e7ccc99016f61269d0,522198984.61973476
7c07ba1982289ca3abcbece3,505054862.3249583
c5c024d11b3ebb2cd088bf6a,949496896.9950495
f0a8fb06fcdf8997bcdcb03d,728502212.7418896
806f9ab2a016e774689ce2b9,353241870.43070495
4491bda913188aad3c66ef20,631572656.0728223
0c37c0d27631960f9e0fda1d,630651133.6647276
b50b45bda0905a116f238c1d,409103750.1964438
f0f8e755058d48542b9cc4e3,1240015457.5515018
b3005057f48c1794b7974f4f,458979245.98240125
e1e5b0bd721a67318a3848ed,366350716.8462473
d96155b72c02bfa04f7ea98f,506956743.61896926
3825ce5030d951ef0fc2f7c5,329255214.0671416
99587dcb4237fe90acb15b5e,441307018.0547647
452ae373210337b8008ea2a3,1236774202.875068
09ae7df5577582ce7e7b0aa7,917564433.1679833
b98967876009fab4290736f1,533330544.1412003
24a4a43ae4c687bda1066227,1109126084.6801517
c509f2036a11b7132c633d2a,985014943.48819
bda914dbacd42b2b7c6c5179,514334805.9562233
5a681060eeb2fc8f1b3261da,574532594.2556952
016bb199b12846ccb0b03191,938053415.2973061
ba94676bc0385678ce3780a3,484578696.20934665
b2183e5bca67574df7d5985b,495377849.0672359
baae43ea29f7e419bbecf998,609283007.7577167
ff1a7adf260e637bf316812f,357260381.4309692
8e56b5dbc4cf628ac12e5bef,1292930832.5549452
c8941b8d7626f7b33628158f,1215790341.780549
d504ed869ece1b1d6e724452,359580684.5516685
1acb5576ccae1f0534f614df,570963843.1229954
ff228869121d053ca7bbe431,1102920838.3110616
ee4dea05e93581750d613c59,595607167.379492
5d507cdfb7c233cf96dc6a83,863558078.5079077
faae4324336f1211ce4c7809,575480863.9364722
9a8e471c8f4488c3799483ba,510384540.0325116
d040e15e50d655f4d19bff54,384886741.8817531
efc7e89ddf3de559154d8e0c,900387566.2233559
e91598736dbb7319952f0dfc,775159779.9119618
4046ebeeb7ab85affcfe337c,976931778.6187372
d12059af22bc7d6ff170430f,1295735850.8208299
99d39d72083d7485e8944a3e,445746519.8855149
b9ab2dcd8d1855e4bdd540c4,1149728079.4288504
97106114a8d353ffebbd07b7,1070064435.0019065
d5c950db90c92be5fe753189,895279094.0490639
119833a13f3f7df22d2b270a,526374908.5487869
b2078743e33e1acc49c2d2ca,828844592.3662895
fb9371f86ca6f4e62ae374c3,508762981.0903958
6a39a747417143f0cd24f3bd,1371416172.7966304
7bc0c9e2760e4b1488522768,1025933618.1806506
3898683e5d24bab9eea24d30,479277367.12285227
be0e466ca7d6942282c8626d,842389907.0151657
2d65980024ded46854c25260,1092172598.3443234
87aa28825a5b8ffbac5f2e2f,627332120.2818652
918b0d900ead8267aab4cdf7,455743314.3189968
0c85506b301862fb58b467cb,458220709.98283976
4bd031478b15017efd41b2bf,932088780.37462
48bee96c1f65b8e283d67483,388657275.35865813
7618cb8d215425c931f47886,358640173.8808772
a7a219e7cd18f3c4b83649e0,436580346.91179043
9d3f5b59b9735da05588b3d5,403676760.29712087
6ac5f5f52cfeed2f0ac9d018,457619718.5876836
d885902c923752eab7b619e5,371675414.8239524
b183e2562cc4816244ce0e1e,478900881.200808
88622b66e6c47cc62c3824c1,896871303.3458648
01230eede2a4a74ec4ee5105,645439531.3271667
060451a9e3e0416ff41d253d,728122194.8436866
3ca0e7723afebbf53e390297,1009719456.3109196
e2ecbfaacf11ed16fd71abcd,508450302.0082332
1f0d83013ea5e4c3f4beb583,684456751.2270484
450c4eff7e37a271fc24ce3b,498420308.7890468
a70d331be751cdc3bd0aab29,325386784.63884276
41ac76d4fa450fe0c377a0e5,327107467.7656286
2ef8a530db816223dcf474a1,472838390.9075135
d09c1af87ddad4ad11b82626,428329975.3788526
35b1cd8020e7efbb9ba5adde,1042157080.3059713
6714f846f2fa3527641ad96c,714074440.2102379
4cd5338bcf246ebf263baa35,481166721.03090686
0878a639ab8e6b6e69a3df41,925581426.0965428
f4c118396d781c140d8c9b08,415626067.679242
27151512d4b592014137ac1f,875616233.4266615
8e5123f5ef1da66571ccb600,1350143106.3936245
c491a13a87fa1ef595b35826,834019393.8379974
52d6c4bcb442eebdab338116,1091701671.8015528
e23d93ade25e73614d7bcd77,1301646990.0070968
43059ceabe98412315566838,973488902.3039975
93b7fc7c4f07a7f117e687a4,564639473.9380997
09caddf25db3ac8e1a98565b,501578288.4953024
e3034ebf243b024cbef83cc9,485720347.8076907
63cc884a9c5c888de176461a,505215001.0840829
069fb1f8d0f06ac2fee87314,560574382.5699631
059aaea3859c4b9662ab4df8,357125741.29409486
148b157ece514d99be0a7f93,338398102.41752446
9c4f397c093dde7de5d485cb,890290381.4893037
e28d8dac5c1c75d295a9eb3f,357125741.29409486
a804849802cc0820d25f955b,357125741.29409486
fc43df7f26644fa464ecb090,379223938.1622902
608b26adceba64d9ebc5486d,357125741.29409486
be8bbf40db0dde8ed4cf338c,357125741.29409486
d255f73d4066fe559065266f,352371504.2132802
c552cfa8e6b8c8be2c963ae8,498095186.1254572
5ee020d4adc767b3b16fffdb,350190938.6806549
2a01945c2ce528c02b391c61,382548977.6527359
dd7ee555ce0b2d58dbd8a9ea,339725552.1943253
a732aefa7ea4715325e9e80e,395892167.8586523
c6faa40acaccc1603c29df96,379223938.1622902
fd8caba10cd4d1df27605358,362725674.5236378
788c49c17df556bce0abf6ce,511106549.04278624
2d0d803cdbeaec6e2626eebb,488714716.83066964
0872074f7bd512dbd4609c85,387870677.48724353
3f97341f90b11e6a7a7f7c2c,413918560.4933436
2bfa301ea435f929e6c0d1ba,405405317.7725511
1d029020622a600aad4c2991,367133454.63545924
8a100bd7f5da66664a2680e8,412104808.6499046
1441a28c376a20c90d72cfac,414643146.2131208
495eeef459e80680720a0ec8,402259053.46456355
df81d07cc6e8fb0a01c0f404,461739283.1274458
e23ae41983b9f112f05bb703,454125425.23763037
a2ba273b099221390bee92a9,433649757.5777043
63dfd58a5c43cc7c0a468209,376791020.06620675
27aa789e29e52ef8d78b9bf5,485790445.7933929
fbd613ac06b6bf20d76822db,467031162.1356542
2a805135d8030b614d9df9aa,402259053.46456355
22c9b57a67cbef0920d09174,415512096.3425642
fb76da6072bea5801e407990,395635509.8391004
9050b1061469970ce28742a7,505162617.32807493
96f5db1dd0f36d1087172fcf,517731104.9358947
38cccc333e2c38bd608e1880,510169064.64110416
efede59a47d17737f90f4bcb,414649345.64021397
bca5301e6460eb859b7ef34a,492830424.3972236
a23a13e43f3e08ab82c6ef82,408768330.18597966
8437a42a8e7ebca46eb088cd,411383373.4375647
6e3cbc252c449fd4b758b97b,488336850.6257049
6cc6b0672aaccb8909f3a751,449317155.0111784
c60c2efec3c12959d86fe3c8,468295116.67093927
d0e45d520227ef8a1f53ba28,486718646.316505
e45293f1e6ceb2fe79f6e0d5,505757173.60093004
4202dc3f8255586e1ccfff46,445758070.1631433
1d04d5450762d664fcfab674,423646516.95783854
a3f969063f78dbd95e6ee795,514004876.17918974
2e3fc1d628f6727880d3d4e6,488336850.6257049
22ea31eadbd3a54216443137,376791020.06620675
6490a1eff73727bf62458b0c,447331015.4087291
49721aafec7123f6ff4d8010,394093619.5390033
bce608b4629b6c8512ea2fde,476985039.2453754
a7ba3ccc4831ae7e539f0cfa,436635452.1425647
959b2293af0ee4f7c9fea7c0,468191078.28141534
bbbf74a3abf9cd8718384a65,452267723.5242312
680a71ef7ec15bd919c06320,364240221.5459369
0bcdef6d56052acd2afad93d,469654365.6786839
1bb885a07f57936b919629b9,387870677.48724353
8a222af682e2d7796643ccf7,486645295.63885957
3370a48ec22302456c41ded9,452267723.5242312
46fb04e7578da5741f6da4b8,424065073.8253579
e9da7f2549d914aab6a30e10,436315658.5231827
10d0506d84d778da572ec635,382824443.7114455
966e8fc9af08e76f8b276245,421191753.3668792
0da2a849e0f83b17b006e50b,422930960.5751337
f7101a05db93cbefd6a3b31f,421395500.8626693
b74fd7f7db38ec233c6ad71f,428148681.88338464
0d63e52a47fa884e36f10810,430083697.14206547
77fa49bcb52539888d481ab1,486803684.5320825
6f412fbb33519fdd31e741c4,422719437.74060196
6615da422a3864d415b28fe9,410686541.6608466
f258fdece395f0c4f4da6a96,382279068.9126283
c54c645c340f59dd5f47bea4,447291774.9844759
bdd287e9de82903f210878d6,495939380.6794932
e110abe74ba0ad062c9b575f,475685057.2510769
47e5ea8cb7f5ab6703803690,423370290.6886339
e71c6f7437c633e2d9da643e,389828029.54712725
783161faf2e3501c38c0aaaa,471511961.7517976
5fc3de15eb0cd87be5ed2e6f,499987033.65568614
4066155e224520530ce985eb,387870677.48724353
7745863791b5cc6d49f84c8b,547052745.0819063
aa7551be1b8d6278d38fbb00,423370290.6886339
d654c9bbda61c4c0ee1ae2cc,414909106.205657
d224080523a2bf2e81698d15,518151088.53202975
5f8d0a2ab1f9136de446528a,561959135.2584366
405fec98d5a3c8981173311c,421416524.30580336
2a9e77fd00aaaf773d130914,462083526.79558027
279b76adc4bc9f8dd86759b1,415446184.818589
f815ec1a63e980717c9c3290,503422421.087941
a8fc825e34bd9bd56ec5331f,480657623.52636164
248ed6abe6e528dedde951a3,360474676.8090215
2bce6544d58b6970192a1838,367793009.8627144
352a76b301243d22d1b31f79,414643146.2131208
bb9991da696d6e1f13a32d0f,406242967.06871545
8e88e6cc55ca769e472aadfe,513367630.64533615
339ca7bc687766f517ab3274,368820120.1143927
93375efb2e74f4913d21d94f,427925076.5017606
17d7e6d321bb7394546e6b7b,385477944.735652
0f601f5ee798174ea9d52caf,426068411.4130964
8ec8cac469f2448654312aaf,826175947.1614854
affb62139f02e524692ebc5b,632864619.7562518
c01199a4b2fbf0f6cbdf2a65,724096521.8711652
4d1f49443787c874ba19f968,547839100.1877673
035c61042b7dbc7ef888d1a7,661963736.0596092
0fc7d98f75bc1c0b782a328e,528323316.412992
b1924a5697dfe829b5b8ad76,746834898.4236435
d0100c18dba3c334327b29e1,642142258.312668
add1a20e8bba47aad2edec69,650806889.445423
fe8a78de9ba7b59a112e0046,610800327.8370876
b319d049a3a8e4a095940106,629598995.0319353
303dc73dc1130de9aa2f70f3,631383181.3714335
e471b2ef30c388893119a010,631095328.1890366
9309d812688d0d2bdd33d830,737721880.3715092
fdb192e57e3e48f70a492b87,662170780.6662246
c514c9a35632e5a9c0476a31,622532432.409693
3bee8a9981a1e9e13a05cafd,504979721.755181
9c942287410db3d0739e182e,651208371.1955026
f59b9c03bcd4e0e06d23fb47,648239224.604916
4c11f4ebc622483532c24a06,625771100.3531413
1f53612f7029a21e2e9f74e1,720637897.2793022
1f4b6eaf52fb940e666c1c93,655631858.9640784
dc65f0bafddf39c6c4b2c9f2,644561129.1961327
344823ba2777540ffa2a8fbc,635524630.7066541
8cef9b18f20e9c5a32e7ccc9,615768233.2833852
413d6e4fb772beff60f73e2b,608043606.637506
15d3ae51558bfeef80b9e97b,751277054.9063696
b81c26f2ea6b66c8315d1146,651564462.4632939
c3786f81345d39fd8b353da3,667473476.6637179
6c568d2287dcf12b2aacd388,660622287.6361836
e6482f3b6184515453d16bf2,635473534.1449527
32c7b848ef60432d98f415c5,620839034.9057785
1689c3e3982382e27a4ae074,714484839.9562591
3d0cc51b7a2392f3be3b1666,642004736.7313626
1dbec7879e793ba9685741b4,718103930.1079613
82ff2a63a863c089ea90bb5d,691447747.8587561
3d9856c3ee0a4b5a833c69ab,626533678.754271
6f293451319bae38c71b8266,642004736.7313626
dfc817b569fd71d2dd47e980,723536067.3414807
c34d46d83e76f54d53cadcb2,646074379.1024376
e08ed8c82d05dc3cad8cd2c1,643952835.6376535
e21f2a8d9c641e45d442686a,619257698.5651681
f1793973b462cdbffb1ad648,445833036.1113847
b15bcd6248958d98867ea585,510906898.1692795
e640424f3b7d1db403c36ba0,642121132.8386041
658c0b009a09339a3f312145,722941128.6525809
f01fa45466e2730f935a4128,579127897.8997955
b4d69c7bc93efb3790eb1422,628073165.9710562
c2242a77d30c0abbed667ce4,619257698.5651681
39542105a7c46ded0cc373a7,628073165.9710562
13f42390057bd294cd787822,619350423.6978786
183d99d88d1e7d995180918c,481911005.0919313
60dd7dc49139e7816dd8b143,725313419.975329
6d2ec752890a2f1c4094044d,631095328.1890366
0e776964ba3733f3ac18a7a0,624555347.747266
92369f73435d1ac3fa95f185,564090042.0147877
8db285eda04ca37b86dc9724,628073165.9710562
a7b14faa46e7b73ee4e95ee6,706179301.3414013
010e676743f6afc01fd0838b,615768233.2833852
987199d3a23c08ca887b301d,710408893.250416
4fd8643e1c43ce9a0c18a19e,633682599.336684
4d0985935e1432b3916d45be,608751208.7464803
4623317e8c9044e314ccc4e8,638866647.9564799
ef8430c4d15e5887b8103bc3,615768233.2833852
cd6ecb0f77acd93cc1c9038e,628073165.9710562
b0962bfdb6a2c79a0ca84e48,528323316.412992
7bf592c5c34bfe6a5df3dd40,721215284.181181
9337becb0628955b47e45b98,615768233.2833852
9ed0bcdb62b2223d716d40d3,727350779.0113248
4255eae670033d9c9e9a6e3c,617756511.0379748
c5346c37454ac2b13b92240e,619257698.5651681
94fd4bb5f41087921ca12b58,572372020.4763036
ded674ba9c7b76cda404bac6,642419933.6662841
ce25e9fd3bce9b75050aef5d,661963736.0596092
4e7d3cbe3c62123fa7e2d969,522063052.909802
dcf5b42ecb23800a458562e9,619257698.5651681
0d53bfcecf0397ca27e5f78c,619302818.8474118
f4ecb15ef992a677e8b4fee7,642477925.831241
46eeb8f186f86f7859274d4d,586823916.980934
b5a7d4288dc7a7868678b9e4,619257698.5651681
34f99327fe595ba6e32d89a1,605648279.8519757
9a53016fdce3d3b5c2baf3fa,504979721.755181
26be10d0ce8b763e9b457e76,508648213.84763324
2e111ff939191cc6df2c59bd,620984698.6966625
ddcce0b9776593e3ef3ce21b,717202418.9881843
937c0b6350beb0f51e53ff8c,615826174.1513786
f50941445773dd62e87e0416,631095328.1890366
93a1aefcc4ccafe4866bfc76,661963736.0596092
70c0a72b31dbc1b97c102c13,615768233.2833852
8aa9e1e89993aa49c5c3eced,662258377.1800991
2a5ecebe40fc09b45d6ee5fc,654778749.6464577
5f798656baebb094a3c83793,750623777.8331671
596b6f435f76058493a16cd6,793218721.8204461
1c510a71734e955f75187106,1067329532.1429998
07de14db9dcc2d4f9eac0dd2,976969478.7328275
29503210dfd57bfef8f16802,692540165.5426793
89575a90c7b9b960c8f4e052,857104998.2112088
bb5a6045d18e19613325dffd,1059982145.8408477
f984d34c8f27e3cdb7c2a44a,1008718880.3232403
90822d4e3a369948cdc4d998,812075282.9818571
5b9a21a42d5f50ed4b10581c,917480550.6714615
1be01d052c6a65c5ed286bf4,1060796287.9526865
b73d317e1e8ddc3d5d0743ef,939847819.703072
bcd302e3b5342ecd8cc056bd,1003716070.6287422
eb8956f0c4a885619bf1ff79,790311207.2280647
d5b950c5510c19ccb926e7c8,967137681.893656
1e37ea0918a00bcfaded3453,976969478.7328275
1d55f4694f3e000ee3ce47b3,1003728093.4872346
cdc3e114698984145df842c7,922002614.8158027
9c611e246a612ac6906abe8e,912082652.2896837
c0c820463dfec602a6118ed6,934943585.9415302
6302d4fff078a118c3211794,799473379.2663258
c98807fc596bb2f505b4da9b,1034735053.4686276
cdde8657b5a215915a04126d,976969478.7328275
3b2fa7905fd8fcb3e11ebcf2,934943585.9415302
59764968800501c68631aea3,903338035.267887
9eab02171cb5f15963670172,831258788.0203861
61f84e5a07f37865c31d4a07,976969478.7328275
1494f223c9d3ffba26e42738,997331394.046645
ba137cbd10757ad20e5991c4,697062913.1277367
d2fb81a477ef3690cb11c93f,880066138.854867
ec4f7794cb756b995d5d207f,1021474050.5841657
ea4add08aa912717cd42f9f7,758183673.1882919
f11d7627e2f18c9a75595501,843578075.0843081
8095589d5e1a55a76281e13b,831258788.0203861
f5add08cb615eb18b3153bf2,831258788.0203861
1894346a27970572aa703cd2,1008718880.3232403
805a491334f865f06ff42329,854732388.9436789
062d5544f5c96db90fa3a526,831258788.0203861
332201e2583141f3a02dcca4,785921620.0349998
4baf1bfced8e85013eca94b9,934943585.9415302
8bc002e1f02beb4d83a6f6ae,1030797518.059949
adebafcf3eb0d34ae31718ef,1025384691.2533191
60b5b0aa0c1319557cd0cc85,1007230488.5891258
3393fece8a6ed311ad865e66,1239163400.5402474
df4a1968046eed5326119599,1153379025.1750643
b044b9a587b2c6ca00447177,1047674499.1751378
005ab848b35907e42aa0f4f2,1138017024.9720209
140a0002732574ecc516e9a8,989680313.9314404
bd850d1ccfc4b21a72f3ec44,1189712074.6264832
c6dc8c201ce38ff2ea49cd68,1153379025.1750643
572ae40f693551547e13a196,960446514.2315266
b39d1b2637dd8e307c8ba13f,946948160.2408105
2ad02d6d56b95ff3382b53b6,1130364906.516935
5201393754f4a5f2a476ef0e,1006439426.91027
72a66bc6d15390eb05a5c688,1202112627.1050694
1f1f3e47f3593e4b2824e628,469167651.69541305
bb7e14611ea6b5e4abb5b89c,575954432.6757535
b82f8abc8001cd6731c4ef45,605401920.8949231
6228854021e72af611d2e59a,627316715.7075276
6d21e1de9c880bfbb17350cd,516716474.6561061
7cfa0c98191ef9b7c45f0520,366420768.8635845
a739d80c3fb6b166a2c2182b,519022022.8022342
36f85981124e858c157f83df,555063662.5889193
3d6d51ca99f2747d6b92dd19,649621173.2029749
092b7b5bafe25bf485de37a4,605981676.3456743
f2e0163fa07f89820739dfcf,1030460064.334457
ba47346e7a53412e78363ac4,647559676.4516484
f86e80b2a831572b85b04e55,441010490.9044878
199a6f7df516a685f086dfa2,352371504.2132802
81f6d6790aca5e9270c3d1a1,379895319.5712462
74f099ca0d949c8042569d51,390437511.13384527
4df3717406f9852284576caa,453263512.4972529
5246f7d8023a4c178af6d10c,484006435.6897529
69d9908e13bf7c8ac4c30531,395726516.4818679
e336d9d892441c7ad886a98d,524583996.14465946
f82e1c70884ee1285e1bc491,461158413.4414186
0ffbcf7d58378c85b4103c7a,438054841.6520401
3679e1844a35c0c87fffefeb,408422694.8823707
955a15a734e56eb287555307,461158413.4414186
722f262a44b2bb6fc05ec35a,461613624.2269675
48c346042d9cb826a3714466,390437511.13384527
bc4b7bbf5df92f476b6be103,466905648.390694
667685f89a61aa2ad5c9ac7d,375537508.98588496
8be5fca8f4339712c6f3e29e,748081871.0286629
09a5fd22f920267b464e2a00,524254504.2975954
f6d2d31af94a6a73912dd9f5,717202418.9881843
0e9a5ea81f6d91038d8711d9,611305298.4744382
8b2d8edfa6788ddc0c7b3eba,718933996.8636531
2f48a73bfcc91272161afd39,667473476.6637179
a78417c74b8c99279912e427,721176633.2859421
4d69f7c7e0e837879abbdf78,663475980.2216116
926a7b18e48cdbf6ac3b396b,642477925.831241
a06733f7b3ba964c20ae2698,629954906.3903341
02d598a32d864c289e3ba6b0,718933996.8636531
3977cf1326ff502251f78f66,513211861.28524405
c3cdfd0733404ec885eb3edd,605464739.5578345
a28bb09e30bca82627e595c2,611915909.9416587
0a2f8c8ca6094e6626d4e8b1,636711887.4231371
ac9baabfd96d58e376149a7e,940778296.0655608
700a052900adbfa149dd5b6c,831258788.0203861
4b30968cdae59b4ef3298f19,1033796288.3002568
c673d94552bc3e451672939f,982846567.4894063
75392e8381e1c891377fcb29,793171349.581733
a55d7074220aa6a750297c08,857058647.0389004
81eea19e7c12d65d21e23648,857104998.2112088
69df7bc1d82d9723c70eca70,857058647.0389004
815cfcc4d26738f74cbb67ae,904247811.7863486
5ea150753f8d07c71af45cd9,995010395.9556415
f851b02d18e74610a900bf14,1048540750.6995748
76b9af8036e38d5d30ac4c7a,1222322161.0405717
4ec5ab39cae4afc3b0e69438,579033250.230192
c74020c85c9fcb2a2cb3ac74,640695751.5616323
6d6ad5e3ebaba1c11dec0f16,495840564.3743623
acbe4eb98668ff4967a8cb86,624449357.0024428
16a40e3dbfbb9c703e04028e,592791790.2096982
ee5fa0932e098cba28d950b1,937652798.7771292
5f9fa56b99677a489a9966bf,575954432.6757535
4045e30cced205e8c5b2373c,440047969.83413583
eb2c7a973d4d6ce8e6ae87a0,1087276198.2781615
99c69eeb96e1016a7e53b33f,809797412.0549318
aa7f56d05ed29183b825d61d,436631224.45267034
4630a9af58fb79c0008e5fa1,517414751.9981913
ac003932eba3a174c5b998ee,561790461.2187431
56a7470ed14454665aaef75a,1232326994.046796
a4e4f56336e07304cb946b1c,863678567.4497247
00ce045307538da1b0bb7972,517649075.8018413
cad720be1395e2ab5869807c,410068636.38391083
344be03236aed65e74b14a2f,380286638.973019
58a86bf535b4c16b50dfca06,394215303.962005
d52c3915fd7d2ef8c92a22fe,352547763.6094687
8a4b7e86a90a296e10a49ea3,462879862.42329264
e1717a317481b0765a7a6a0d,516288500.4333892
97fc10f5ce4a6fd7357381a6,380286638.973019
428f4bc76d4cd315ba8f89e9,379197060.4272689
4d882ac2b82569f74aa08824,393908371.05630285
948ba87dfd7993460c967cb4,371824664.65496117
1bee6a5aed5417181a3db77f,434112636.68828475
63cdd73026431f5566fe246e,391192608.6484242
013e2a07f94a99323b64d370,961795812.7138361
ff56b24cf15289dc6d14800f,648238747.9971495
7bdb94165857bcd37206cf18,490997013.3146783
1d1e29d9601aa0eddb4d6c2c,494504667.55454093
a8c9489973c54b93737dfe20,952733697.1789429
254892c6b84c59ff5ac4f354,417078321.0956226
c6e9772058edb2268434d7cf,1093973679.0409424
916a413537580440c4ac6028,539465241.0916333
bab8e472424cd57faab87ff2,464115703.22991806
eae5eecfa2fe828afbc94b0a,515882920.94531304
da26059a2cf36e02b8702320,497976432.7308896
e18fecb7e40bbcaf26c863cb,902805913.4443635
a55906464634558b94d9298e,590259886.7836558
3032ae39e739fe46e9e198e5,678830617.2624099
663e062b85f16c2419f8456b,521537105.18904704
aad0e527c4bf6283f76b5bed,646492516.4997526
32fbc0f1934f7325a404a2eb,1259815198.531126
07d1137c1f0aaecbbad32f7b,634648459.6300536
3058b792e3f6781e438a2e9b,802292505.3989555
33d6b1bbab4524c3aa03756c,497135516.64638484
c75d43b8089321e359e14264,597151132.5604918
29ea1796aede16cab8a50497,465399741.9850761
bed21c41b31a3bf2095aa273,503854831.5563665
ec232a7ee3aeac713516614b,650530543.1932456
bb7c68c2652c7e124d88631c,505997946.00843024
697b6c6f7666391fc689cfb9,783215091.1173732
d912e45dda1a3a628fdf50d6,659776169.425315
96fa88a07329d3988b6b41b3,864972800.4295509
66019487c37339e9354ca999,443731525.77346176
fd2dcbcb8a31e97f31d22a53,827721177.0327979
1a309175498997e1b8f0aae7,1222004159.9012923
e83119808dd08ca090f5ed85,518614373.2071358
1a26960e24de046588ca7837,608916610.7057799
379c4fce87557848548b0944,435852655.44856
b2d7355eb2aa975900776275,679820329.3730645
3b05e06aa0bc40b9db16416e,428049658.3155783
4a5405b1e181f5b10fec35a6,656669800.5088063
aff22625564f00844ea2610b,473389694.3781356
b40addfc0da42b0e530503f0,675710467.3285284
9200d647b6ce9aea67ff8ac7,692542895.8634571
3057660e38fb757dbc8bd898,651792918.6149927
799be2171dae4763df530e4d,490322463.42099565
819265a930d32a97533d132d,987339296.0500618
9ba689b29d0696fb7ebc44d5,1096610719.956922
0f7e28b6efb9d550ba28a1e0,644866916.002667
57551742fefae23bb32571f4,452919956.6545781
9569a50febeb4163e28c192c,822754826.1261362
1d03efada56f8a70bdae6aea,847639973.1618907
bfa56d6230b858591743473e,729517951.846492
ca54914a1cf1028b9c8b681f,508885446.93938434
54304b6117b797791d266cc0,719940622.8525763
166ae8e3d0704209d6715240,648993911.2551153
b56659e70367566a4ddb81b2,936540726.4574405
2641f220611056a1f5616dae,752514559.6967055
08a82bb9fbe4b7abb50cece1,453657972.7111269
b40a9888ec0379fbf85516a3,1239270157.3203897
d35462df6c686296a3c7bb23,695081374.6204468
db244703ce223e6acacbe85d,696844441.063541
a90df94f959030227fa015b0,462093418.4793542
d97d462ac4f5d9cbbf04e9ca,1093813281.9493747
7fe6ac57e87b8126ac4f8530,977906507.9809672
69c28dce8eeaa86605143419,1320554190.9037812
2bd6682ad8343b69fae1a59e,875436928.9236544
2e6fb29cbc1ccc3d97c92c72,652462625.1204445
9eabba4531191127ee91621b,897634151.9643471
d0c411218ffa7c3ebc10783e,759515094.8272421
0c61a011d7fe0227be2b3575,701244124.5136337
2c47c3ef9e139d8c4513a090,533784556.47967935
f6503aab62a68ca16eba3fec,1130902381.594235
e7dc05756684b070b36d681f,619688407.4780463
17484950b143d0395907ae6d,498586061.80923885
3d997123b33373024bd2cbe1,719433280.4387846
ddba305c2a3ad29db24a0658,1097424329.8287065
b65efc402cfddc0aed4e1d76,885608929.0644182
4a7ecb05c9886bc35f6b9160,822803702.1936455
b4e14604b888c994b64f94ba,724275128.4279299
ab37764e5f4e00097eac947a,971731331.3485632
764da64c41700da5ee80b8c7,635734891.9600831
8a84a073b855e37a12327357,644078474.2525041
5a6878f8a47f1fa2fc1d600d,1150010315.2016027
505f3d545ce83d0c848f828d,1133534014.5078886
6687a2299f38c15598d11eef,1125295553.6898088
533134592237b2748915eed8,846152741.1087824
daae80933675e767b50bdd17,1076036759.460593
945f85a061dc4e95e779e27e,903289617.8401015
62dc69d80cd6ea9fb7fe52db,429390470.41748583
153436858070f7e724f0cbc1,933828269.1578678
7f9875a5336a32d73df2402c,904079041.933833
ac11141115d391be44e6426c,513439700.4034275
f8243b7b679dfe8303180d73,1182099956.8225594
1376106ebc19c929df27bb62,787390459.3280464
f591597c9a1ddd9852eb3cfd,1013706306.8452356
a748841236a7a7fb33138845,480795418.21343356
6ef43ab43841696400d91859,529435601.7058326
601310d800d88f0d387235e4,1188646858.6169512
db81ec58863dcc5d12839883,424099709.02144307
68d35dadc6d0dea61bf4b513,317045048.26490176
ba9be0b67571b1e9242664e1,560254850.4661874
1690af2e30b05da545f1576f,997050816.8609153
fc72ebf9381496067101da61,397392057.22656626
3a2e95f5eddda4df84b2e2b3,528577650.24680597
a660d5809085b4823e287a5e,471200139.4173713
799301c01a3e7fc2af5a14a9,1089354100.30123
824cad597aae34d7d59ac939,526741048.9939842
23cfc154896b93bce4356ae6,464534744.3598961
a9b96d2a23ed155043085e87,1091900320.300544
f5d529ff6a35fa78ab14de21,504096896.074053
9b337cb1451a8fb078dc9a07,874387540.2983702
cd1fc7362660bce494b5117a,376804505.2932204
26454cbe44a07cd0df12ca07,803847494.9554114
cc5563550bebb29c83ae3054,1154211189.0735877
109bb36f29b223a81dbfa340,881677637.7564688
31081c78ce92e1d8dbb315b9,513493992.5239354
502aca1a1097438b32eb362e,1137334162.7465925
4c90ce573f1d61d11294d05c,1121114018.5708532
87f1e9ca16a7ea48de04fa73,1095031551.1723135
224f6e839dcbd91491f3f1ac,394446447.9233051
8ee7d2e0692e49bf9d308b4b,1103435487.9952145
a3ff6a1fe37a1bb736b1100d,654892518.1326569
97d49e61c1ef55451e52c8e7,676086578.0257348
b6514cdb1e2cf37e3ff8090e,1214041678.7730017
