property_id,price
d56159653f5d2abc5ed5acd7,632716861.2669772
45550aa81c0151f1fd9fd8fe,664976812.8750777
735deef3382aa15930482f3e,513293219.59495246
0dd49fa8bb7be52b851c6dc9,705307383.2608798
7d3220a91e78f8bc2924d1cd,591645820.6877779
d3054072b2175deec2c1f8dc,392928246.3158071
b7574b06d593fca4eac59815,404241445.33465385
79e822115c5c1a4531366001,452694048.7275975
d3ed5316a463d38c1bd321d0,1074530933.910605
2f1880c9b8f7ac2715e1236d,842726207.3812679
dcca1c7f109175760ff531c6,618004582.3137625
dfc4f3facf91bbd93ee0fa4d,365395784.06108236
30e134a6cbe61d7954d0f56b,407353229.86140525
385fee7bd9ad7722d45dd034,489973449.2134089
87199c236bf22903d1aafdd0,435170717.2575107
19e19ad0cd6b5e84d8aa970e,429722782.0062597
907f968e78d748fde69dd44f,659516609.5543513
be094e5db0f784e3aa013aae,405157238.75119257
7ab96f83915bc84f8c03c1bd,389960150.4105713
07f4aa9b9ff5b0b05d31e6c0,776630834.0720145
e9be8cd37abed8ab510ba1f5,672891355.7604654
5f6ad58df27b562db077b5ce,596287909.0230914
ee96d947484aaace40f9b77f,631991824.4072136
15c4aef8401208054697b81e,964946209.7316574
22d6cb11333f2839b8112b89,1332486894.3989117
288c09c33907dadbae495c11,1223389208.0433788
f71d2bca0c5fe2720a1544c4,353261421.45984614
451744cf3ce55a98db8a3562,366260412.91210914
fba9ae05a6a8a9e0c6268a9f,339020845.3533998
1338e58f7dcebf5a1ea59388,345291920.2302456
a817e8da0ada143ac87277ee,334908749.8206413
46d8bb3e9a0ca584d3c7a317,441684230.1500523
b2506aa9463aebf01e1e00ca,432843360.857792
7ec025b9b6e6f33bf65af41b,370518415.92850775
2ff531e27672ecd2362eed55,477061586.3032652
9b3cf0d1b91b9c6a2a887647,467461706.16429883
7db5291ce4602d9b2b266872,342033767.3544609
65d5918e826c33bb950fc008,383594155.94642013
395c34e4b8f52cbdb0522459,383594155.94642013
855f4b67d2bd6d18fd03d8e7,519580814.7674595
9ff06409b37e5b5dece4604a,494884521.8523703
0508cd7bd2c77ebb6fea1e56,442847914.219678
b45fff2e718e54772d46a3fd,545498942.7509892
cf4d2297b73dbc357d21e31b,511137618.9196875
0ada7044c5b29925abc90879,466804835.35979396
6305f02255274ab5fb6bd39c,766031395.6201605
d9a94194ae1350512beff3e6,691918424.0226521
e3896296cb80d50d9ad3f903,521941327.4239381
6514f355887c64136edb5595,917438632.4007423
f03400cc18e12903b3ffbe5a,579161989.7766982
4e134600155a64783b3f8c3e,439349687.3235841
d63ebc63c82fbf66d8b6ffd3,626109330.2618917
1bd64811bd59706844230198,614636068.4144665
a83921284639eedd4a511cb6,789697753.7150543
a2f3f7a1cd573e2a33f52e2d,700781681.6847101
47344a66471fa51f61c64652,702651824.113068
78fd849c9429091347d7e5c9,553695090.6336893
c3daf2abea55af99c9579319,589393849.4242532
52864916eb1984abca41ec66,779886651.1688012
c62494a9d7aede44f2f84023,799372141.3340688
a2b576643f7a032371587e5e,1112335321.572325
e53bc68f0e97ccead24f3e56,572027759.4981691
fd82c710aad91bc90af490fe,588821703.2603033
d436abc2ee37ba3dd561e940,588821703.2603033
216a598114a403676011cb51,518843060.19369096
ea230d5eccd2b687888173bb,835989904.716089
18bd0dd7580f2a7cb19a90b9,401164261.61694807
b143c8ca6d334f6a73c3f2a0,489703573.1404562
ab388cb4fa511968783bafee,441687048.00401694
6a4f08cd04d558a56af732d9,404894698.11789995
7216c895aa047c4f405c4941,468199300.63613456
a493488dcd906dc74cf8a604,460373720.8770093
7844b0b2bc65dced90a355c6,473564639.8896435
c1976383069b6b82ab29d092,394988183.9837624
e5cfd99e2308b7b73581dbdc,528626437.73043096
c18c2ea88f4ac53970b53d2c,480877150.8681443
842c9f0e4edf1e5a672ce15e,472013079.7354894
7dd1e46dcbddc6bf5ef694de,396778527.86496276
6cc4f32b39180bd1ec7e117b,399026046.176694
79e643789a85dc4ffad49a25,744237801.997862
b3402a9173d289d6db78e09d,611413431.2582376
a446507813234e358db8b573,439406419.9220583
c8ef57ddfb35061d1876f94e,519327573.0616366
360be0df2c003005e3db080e,884769690.9787229
9ab245a4c91877cb7a8661ce,1142150259.9162276
a57a34c7486e7a40e8deb316,561011363.9612049
ceba7d0f56f6cb03538962fb,710052967.2427738
d5475993f9db58c3e4baf7a3,806634094.0874946
d37a1dda09e30da13ff5bfc3,689601202.7808945
68a8b8d077a8232723bf37e9,623473303.0954416
e1eea7716ca6490b7640717a,638275553.919118
4ae6d75b10848d259ecba576,702871905.5770164
17afbce5c0b56732abbea936,521271800.8778553
84a2673eccd3cf3bd7fd3eb0,774029041.0773891
f2f4e6cbafe527b155707f01,882938079.3578907
de2e3a592cda5b76c9573c5c,964908274.8892798
fac651cf404a58f24dc7d286,1362549141.775129
e6f312a0877af26b69855a3d,1132370969.726101
333a643c623a9bc75f3a40f2,882644383.6542617
64593641e470908ef23b46cb,986375595.7409967
ce9f2f0071be658ae75ca6f9,984702188.3746023
9ab385e399a4673732b6a799,545515131.3888205
3429c774b736cefc051e2c55,595624387.738589
a51ad0372758b2bbfe73f8fd,474647930.7228098
8c801a266256e3fbabe7e3d2,704762836.1986829
ca2f81b8fb6fda20aefb0ccb,558974932.0046647
3c1b1f86087f9b99380e387c,612368036.1138196
b0cad5d612954b8cab18101c,890859708.3213152
7eb991f4c69215377e4dac8f,742390824.2348412
0d130b8bea4321300396fa34,1362699568.6647086
8dfa059401e1dca80ae65ae1,397298513.70253074
3e3f264cd0ac7a65ed2349a2,1190361828.8752835
112dce80bf512f3f24391d23,430367953.132106
ff25ded6333278149f8fb68f,510313628.4991232
d555b82c192794e87e9d536f,695541189.2068083
a787382d96ef9fce8f27bc70,1096845394.905899
8c3aa295f7bcfd9a43eb2037,1127034795.8989942
13ac95652fb3cf6c43dafc66,345969482.76054454
42fc6a80b882c32f6264ac10,407219748.81984884
1e9c53e09220d689a0210ab9,373425644.5933343
3348706086aa3db5c92259c3,459810035.63028556
66d402a9b7d05f29282ddb00,376788142.8563572
cf88be51d6f31c10e5868ff7,348582787.5429346
30b3f38716be209a894b0942,415959511.0364522
0a5908a92d0ba3e36f54b1f3,386022257.92232144
dd206b6ea2d7f6555109ea39,398636541.98218113
c641febd8bc2ece3e4d2d8b6,622638706.3899546
c11fdc02a288af0572a2bca1,724149745.238139
35dc60a65969b264ab283d6d,546849500.4082836
d9cb0f637cd4feaaaf8a21c0,884882781.8950528
7e8dfae9a5f1faf8afa706f7,389745769.9462491
a280fe7610c254b935c9dcfc,357950759.56182873
85524880fdc4e4daf90e96fd,445192092.23709655
f361109d06f6609c16724b39,423698765.9200025
3f6b2f0c0876c21755369cb6,699379643.6571054
de26819064a290ce78d8fcc1,606861495.7743278
91be1260a84ab7fa3521c495,563807593.9595255
18c8dc4549d38c918af2972e,563807593.9595255
782b0fb8641849c2c34291e6,443213984.20086575
54933f8b33a4fd6f031ed5be,652855198.0582092
953176c9a901b4f61c030432,642358040.4728262
357e2add3d68167a4f3ce15e,568867910.288334
90332d50e91925eb9b614bef,424990434.75680995
11723d1d472bf1a3fdd8b72c,969958651.6694807
01f8b6799e2910f7769db175,874002657.1163013
a0d5001f7dd42d7f0c91d2a9,469626126.91506976
d4439c35bcb88e1490916c67,648170587.3415962
4a73dad0ff8a5262e8b07c4b,977921146.1747679
3dd8085a65f24b497ea59557,1008994320.2028383
39ef085809bc80e32e7b6af6,966678825.0006166
b98ee16e8fd7d1c75a9da13c,966678825.0006166
16deb26bf740fa61e258f545,616631676.7006273
732a3bd457d7798e1fd892f6,761910009.2046915
1376058cb128a1c7729cd2e9,485044798.6335423
cac7e7c3e13af91bdc7107e8,895491980.2266121
9f3dfa6e1422f6aeac527c61,471402923.9457176
4dd3d1288ccb66ee4fb9c097,1166769072.054758
15fb97d6a43731d61e95d004,602907184.4453918
dac29573163315edf99e0e7a,469873575.16972923
b93f2864087d41c3c92d43c3,639158534.4751749
cd4656aed92f5c0a0b6b7c0c,639158534.4751749
556210496090b42ac10cf1b8,1112335321.572325
762979729fb21e56a32ed14e,1112335321.572325
ea935b76abe664d5e2c4736f,383594155.94642013
40e9ef1e7c6749b7a8d04ea9,610467024.4688556
058265732a484ac8d5497f5c,526208183.68972707
6f52ea8340cdd283f9a79720,430344026.1633319
cafe7c1ee67458e05c84d5fb,766031395.6201605
3f45ed2f08a2b03b738fbb5e,422202519.9580803
f203b18854b75c4564d7a17d,596423849.2075349
d5333f639d11bc3ab073ed72,404679179.52008295
c14f644116669a160446a945,317774727.9174369
de585856ff546e00a5a4672e,354328950.7231801
7a80663cae7c191b5d025fa0,363716617.9740127
71f80198e68fbba902650b1a,416702355.35820574
f3523e0626df8cea803ead0f,357942664.3982072
619abd5f978b1573761be86d,404979433.4732282
17a2323b855e93533a9f09f2,511663988.5215304
38e8630f2c05ea38e2257c21,609738837.8386669
1e3798d739f85ee0e5a314ca,504440456.3846675
46d0544f411bbfb6b452858c,650589282.8904879
605e7a71eecb13b23ffca0c1,434738810.20307887
7515b37b7ae7c62f3dafbe7d,650179935.8636652
28be121ada9c9303be802474,533132645.46482176
331d54f8a1bd3dabce73d6d9,477061586.3032652
22d167639ccaace593dffa31,433778375.4676224
36cd68fc3ffab79fcaa340ab,443036772.25227153
db924733e88c361cdfab874a,780229308.5884763
64eea2e9a13a8edfe8ac7027,693927302.7178838
97fe6eeed892111bfa20255b,410760247.23299456
b54e6757829ac95e2076d954,796719117.2934239
dd59b8122458557041903207,607976819.5796366
b35c58fc1c05a77433025318,738133068.6188397
c41964afa164d8b75f8dbe92,679891754.8665006
96b3ea80cce599b68f96f86e,674292080.8808516
a4bc87ad4f1ad97c0a63d843,609113008.4316305
16e62269e6aa2ea052d05f71,670534503.5835752
518b37b51f824fa0fb5075d3,587510941.0746549
e083d83369cbc93fb94842a1,625561811.5403905
57deff02895d5286eda10d89,588617864.6477509
7ed35835fbe694bc237abe38,775596887.6895423
b48efa9ddf36e85164354f26,570562762.5798789
5910c9b29a1025bada93a5e1,644688333.4482675
10a650e8cb5425c97f08f68a,462977378.95868915
9e0feca2ec3043ae6f840631,587742486.5297046
35ce37bbecac6b164fa21e6c,524852718.70521116
c4955010d066e013812a85ea,561225831.7169628
d5a83c31bec18d1c3eb9af7d,608338384.2345393
70217bd08583854329722821,600179403.2912086
28e748e7aa0a447731e06706,648967843.4985229
27929c0a3e0fd2d6d2969e03,575731724.6529633
5c5ea0d8bae75e0a5c88414f,474459379.8439921
2233f50cf7b04791cf1ddeaa,651357287.7558424
bf430621f17dcaf17fb91ac7,723160617.2001984
d8dc9de06461e0220bc55906,560671241.5592726
d988975f8c4e6ee8fd8dc1e1,700816690.7096559
bab884e0f99df269805e83a4,1054791600.3503536
8fa9b20af1508af7a01e2267,886881433.1531646
b6f195d44ddbe10b78b97191,451453256.1029871
2ab0eeac4a228d5769fb4365,450584437.1847447
347a4deda03bfdde6d1c163d,580359557.2677832
17230f18b30b94606fea047d,537123727.9537176
eab4ae491bbbe7b8ab107229,642684882.0993456
07c753474a847bf2bccd55b7,578250265.6321096
b7ce05400f0261743073e072,597880323.2822917
4a33d213841d2af537aa967a,613174656.1920563
04eb0b590ce7483c615b043b,635480434.6829438
a01a51af09a3dc387a18b58c,400785096.9699215
270b930a9e22d5016ffa4019,925872668.1202604
5ed1320fe84a518e267ff537,748359933.212368
f04b574dc221473cfd616e22,599519871.9209095
6f7e390aa6135019dc5a828f,583893082.5762964
776d4a19fb3852fe6dcd3ddb,515580975.74227947
b7f164b79658952248866c34,753241661.7758049
aafeff5826516e363471e439,389789478.7726042
eba6a2b80a17a846ae560ece,349817941.1041514
90e62f8656ae504bf6175e0d,455939659.2089071
dc4331d09a1e36baaa6bde53,458972255.8904017
372d67ccb9d251e290891f0a,356848143.5929459
a7801c67a0ddd71c50ba38d3,378336734.16650903
e4d6b81f169cab8ea0244d75,484810021.53529346
cd5c6655243a4be0912bc92a,561011363.9612049
f7a7281a19733251134364fc,1061919744.3830975
a716ec25a219961fbe90f367,882938079.3578907
8bd45966c16d4eafb49ee2a2,830218357.0980564
baabbdaa5e8f69fc90d303c1,887033432.4110345
8bed46960db1b2a7954ffbcb,991954239.4877557
dbc123f9502159d660f375ca,1026649603.5883417
a4683facc81ccda10e9ae388,984702188.3746023
3a576586fa1aac85c2ffb75b,993379472.2173862
b1fb98d0ba25b21c6647d423,888094038.6707759
97fa4be3ed93c37c048f507c,642424278.7374935
cf184cc576effe39c0f857b8,496209611.02841717
784f67fcb2d009d352740ed1,454576049.0281001
f4d6ce332121f814aa663fca,506317079.1370422
c87ae84ef029febca1e633e8,497797046.64189273
e876c6fd9c161861fb92ad5a,851038318.8473972
9047c4764f2c6b1a10b87e99,732056554.3814315
234c94e9a248ae57bb5a0771,455949558.9310215
a49c2976ca4f24f3a6b622e3,435395281.70468545
ffc171cf73514bed077339a6,401987929.9224333
fba83f5feea2522888377066,361261383.3039784
1a593800d5785ecc36c25ead,609133414.2344202
ab157c9601861dc387a91b82,573036631.361997
f87f8003f15b0fbc12609514,527418287.8498149
f44d035ea2b15b2c69d4da50,795364324.4605808
fc815b59cce7934f816f0502,506339881.3758986
32915b77ca68000ba9eed6d8,509826033.6513524
cb083fa7ff634f424a351840,507786869.28026253
4f3c7b9bc78f882f858b3d3a,470051663.82537055
53d33316e237830ad463a26b,590948809.2257727
f5d852e25d51377686c43bc8,508623770.3323086
64731b6eaf4fd2bb6c155013,564147447.9913237
dad7e45e4706ab2564ef9cf1,459878682.81754506
255914e9b13ad94efa6ed365,521303578.3573771
5a8950a64b4aea4ac13dad45,1024941638.3063878
70f51b4abf26651111305b1b,527491569.48502713
8919ca18fff7571002e440ec,961935589.6794722
f776a4e0c8c82b3d29756b34,1082121580.6108701
7ea4af39a7e577ffbd600f0d,614753266.4657358
45fc0d46c7a4df7ff6976fce,996455036.205639
7cdcecc706fc7c79cce45b20,686853626.5873331
3503f56e09e639be4762ff2d,788167648.5534989
f70ac0d227db6f5333aa821e,777523084.5826527
20db610da64f80afc1621b12,470697615.15548015
c80ef212c870e2f20ed2234a,683541266.7686486
7dc68d5cac1b7fcdab35586e,549714652.7488567
a478fb93a131fee4119bb9f9,968827408.7830263
7749b2b534213ec7b536372b,639031873.7064142
43e59f5312e304fc21c1e052,832342498.7104405
82a7920524816f3db7f5a4ca,656197676.4766968
1a7e331d9ff88ae5efafa8ea,559920783.5883365
a57350d4c79a415137281cb7,344842652.2007389
f3a6132006d54d0e22a17e84,669392810.6469644
14caab87a129f51b2b70508e,600064221.0088043
ba2423d79744d763aa3744f8,635496408.3058546
1caac10c1121a795a172889b,939343112.622273
40768729f2697b87ed6519d1,580492187.4599594
843234d3c6c20bb60a17fbee,519351539.35598195
cd2e4dff930a1c7a1a569992,474991186.45150244
5a6eab133b7e95155f6a9012,410162025.34368896
5bba6c40aeb129c433d2c58e,473000197.0900776
ad3c644b506498127c7beef1,618741155.1785697
a379656c49f4cb1cfc5b3f03,498038190.6305682
998c1a6ace613d8a7468ba5c,454306229.8682794
dd610d7ece83bb02dcd7a22f,450737610.62841594
539467d04a2b3e78c592b11b,377970333.02854997
e40fe4ac43cabe82c03dda59,465273085.7173883
5561eab714583013b422e7d4,457120469.40782714
d9110b2b5b1c02766da9e24e,642710764.8987999
c72cf05b93b9c290c063b08b,632162207.0033226
d71cc157c0c43935989009f5,540374220.201322
4199eaa19ddf8ac436bb2ba3,620292353.5442581
d23d12bd86def2657038a481,1097537199.8530953
ca438e13d8aa6285858da0aa,882110735.6491814
a173eb804f4bcf6bfe889417,949195040.3524292
9b3677d498c2ccf69c756ec7,1133849020.02096
f8c787390e4c6d2e99fc7c3d,402476738.8057103
a188aa896d1b4520ccd6b65f,364110868.171365
9fa39c9eb4b10a20dda6c3c2,497737896.95902336
7bc9022fa1eadbd9ab39acd9,568064937.2588958
46f0731f62232b32eb733dc3,551137896.939567
b6767d1e329ff5e28c42f632,542820265.0035613
abde4b06769fcb1d5577fa7f,482572019.88129747
1496d159d31717ce254f67a7,351437090.90668637
1470749d0d2551a93827e441,406102020.7653532
3ac517f74dbf8cdc8feadfe8,654669347.2412012
fc6616c62030a53d2aa46b12,594311061.2530125
8497f34947cb4c0ff18a0eaa,506894474.07216996
3b2936127f5a4684a1d3de22,619724399.0594923
dab58562904cd13a93d913e1,632240404.5449147
69d1e47b6bdc57512f1838a5,751411788.9348334
23c7f9a0534a4ae6a24e38a6,627792244.685774
640e9fe41fb79ecba89d8951,826149558.0289829
31f6a25d56f3bb36386d07ae,756025235.0516347
bfb30ae71cdca27f5a5494c6,913694739.2093768
baacf0dbd690644d74f3a929,919004855.0956122
cdcb874d2e62220d12230632,868861197.583836
1421bdbd9cf7572b799b732c,898716887.5965643
ee9e5adab1455d38edfcaa6e,889814428.4884566
1fae43a9450fae02919962b9,635412149.5635723
5f9ee280509afd55d24f39b7,656697124.2511759
82902f2082dd405ab538ff58,528478947.6696501
eae52c81f779a61f57cb5b58,934517195.2365918
4ec0aee1b202642d2739068b,587406776.0567085
f4c6c3210a3c2eb935c6d5bb,896464215.3607886
14a14706d405569501327924,371944224.0931213
146a5a4f3d111dc7b955ce42,555390680.2524093
99bdce7cdea643b0442976f5,753620639.2083935
733c7cdfd50db77066a67140,529991316.83964777
de328410e22767c66d919423,538381017.3305386
d0116b53467b3081664fb268,872004623.1460347
dc722ea5c4d62773f9fb6bbc,439345695.719101
e84605e3aadd50b064c8eac3,979369158.8607204
31a3719e57ab1425e7267fad,410402418.80250347
34993717af3f861b9735df6e,421198146.1148484
543822711986a454cfd764e3,617852330.4073818
5bbc4ff9cc3ddacb39469e27,1031773883.7625946
d7ced905983af0800c19b7fe,566418990.631336
02d5bac2567ee9e19041ad42,610518881.0638667
f4897a8a0a911a2acfb8e8c7,887108477.3945825
4ba19ab08d1fe7f72d0dd37a,408690767.5952945
b7c07f8afe037d55bddb8e41,424601093.8666289
40b20b5a3a986802d64f7675,524570144.2051991
01fb5931cb55f5308382818e,984923737.9215063
7cd0c7174b957df1f004fc88,619777991.4081498
ca13bacbf6dc8d1b09fe4c67,427183729.40022886
0ed0dc77661be57aab63bc83,396680897.6430606
d03558acc19951a882bd568b,468547731.8427531
b8cca0d70fb46f3a31473e98,667077050.2902442
f665a58fa8eda69547c1a159,586994513.8547065
8aa5ae4637ba83e672cd3ab9,662022154.1892431
a6da1996f66e545041d920d6,1062356499.6809499
b828609eff041a68fa243a12,646727087.3247901
3f39a260b81dd7de1dff2b31,432537730.4242742
40fd167916ff071afdc44792,562556696.5398544
6ca31945172976c3a11732c6,593633253.520286
1437d1f1601d26a3dca7594f,590613719.4937067
ebab054e5f256bf4e382002a,1074010189.061296
0838d0df248d723da4e25ea9,647981747.7283059
7a134e45b9ebe710c6c6efe6,632806549.4958426
6e9c7f27d6b89c5f9696fae6,440471896.5593849
bd12c705950c46e679c34bf6,1013811759.7910825
fa2c1092f17ce021964f8953,1074490326.2403097
e3202b635974f7a3367c0ff9,628776931.8327544
49bdf0f970af03d83a57dcff,589044941.5187393
91af29fa680d8033188ffc39,536081261.8347017
cb626b981c0997d254388e76,363204720.103585
155a8e4186d1626fdda4d0ee,692361917.2477056
d337476c2cfa780518523a6b,478818732.7551013
7c3ea8523ece273991a190da,598855518.4234469
674c02227165e1c7189c54e4,858783185.2214458
17056748001fd65cb961b384,640926270.2825696
f56bca5bebfc765162c8cae0,873291559.5885625
5f4b0ec9c7452b888b33c3e8,382751933.2490041
13dbc077e552640736267a49,352287738.036581
cb645955c851790e83e696a7,647958782.383602
649cca8c83352caf7442f20a,631484469.5269432
fc8836e71725949c5f3fa7f7,1385951000.3300357
4f431d80287051ca323f2c08,563052040.3348695
42defcc69fa22e4c858f3c24,647958782.383602
291a2f9022933c9d81311e81,647958782.383602
d48a061a2040d851937413aa,647958782.383602
55d2ad80322427ee3426dceb,659395678.5611004
8c41bfacbc1a6ab831b26fa8,647958782.383602
c7214222fefdd8d2ad7f8f8f,652586837.778463
b3d9a095c9c73004643c9e78,647958782.383602
d49aeae19e13909e75dda2b6,647958782.383602
dd10dcc52d2549df85f2a8ec,587589814.9903089
6732b448d2e4f32679f235ad,976895377.2838751
f08a5c2992cfee4c0910f68c,647958782.383602
e3a62f080c25f404ca995e06,647958782.383602
7634d584c3042533942e2dc0,726457864.4434695
ae58dee872922a9c678dbfcc,836945794.2543726
5ec01e911785dbd5b49b166c,522535978.70079494
9bc12d9c9ad95064412c3413,704988360.0098337
7acdaa0cee1ee62e15f4490b,452374510.53517294
d76d5b14d0acc5295b8057e2,599820915.3710716
32f3364ac1fabdd13db1cfe5,304495585.5776104
8cab957b322f1aba06bae4ad,495335006.4130341
e3dc8b417819e9afe3fc7d0d,375254188.9698354
c71fbecd8f7310c201adbf40,388392444.46072865
54c9bffcdc46819f67e4b3d1,882799435.565756
4d94a2295f612b96264a0db8,417717732.8976731
874f4a836cb74be301e068cd,1004660509.2580477
a18925f908acda4171bfbe36,935058636.5313809
a587c7419568288d68c46feb,805207090.1141285
19994da77ce4f2db3efe6660,381093605.65777826
9c4dece6127f1f3f3bc1e0f7,460914576.0287353
09c28a830f8093802384071c,506971474.809998
5766f7cfab59c920081e3046,460914576.0287353
964b7d9de17c1ce396fb83fd,340180745.7299312
44f77a86369d6607753adc09,453678928.30192566
7f25471be85adf0baeb8ebbc,489800981.4259379
6859481703fb0cb34c1e564d,476148627.61781853
7ba0c14dce0cb09ef5735d9f,500326797.53954566
62cd6a29e98a5b7a5ad38050,974494728.3696885
9c6d7e6260e4fe83d43706d4,612847188.5960274
5dbcb55dbba823dc31b041f6,1180970256.9382691
85abc5c0353c5b678f087824,596179942.90966
56dd1bc39664f8e9f316851b,642911667.4994358
b23341faa7307d9d6009c6d8,504278988.4219716
2af941adae2e8dfd66542055,609070864.7377472
268f887f25d416dcd3c0c9c2,935076229.742118
9ddc7272fe43f07035d3da63,1363887477.7120378
4002635ca8b087877ad22d5b,1140281341.1191459
b515b1caa608ff42574e5a06,579298840.8684785
710542343cece039a279dbee,619993446.3032033
187a143dbd6d4bd81d6d9c32,512409937.3015956
26db92c003c8e67d92d88aaf,1047998224.9117154
641ac8f4f60ae2b9cf6add93,642749709.7402567
784714647351cb6745c867b1,619993446.3032033
5fcf1e2ab4edf13ec844decf,578225214.0335382
2575d932e98c421bbb38b267,532081708.7432658
af9d2f5f62bf74a7fa9c74f4,570994875.7153639
4db8d529af9f718e6d81a85d,377970333.02854997
9a3368605e5f563e29182f3b,358058757.0802523
5ff696d8369101b6dc60e2ed,304310748.06147534
95ade3ab8dc04237acd6441a,437615392.5416244
607ed21e896eb5ffb50d5ead,487667184.1513138
40d9a852bbed67a6036c6d8b,412715171.27858645
97badba651a94721af5df3f0,540374220.201322
b2f089146c30929c4836f0fb,469707294.05623955
936307e2f478c3ff7b9652e3,604832704.448152
b6d5cb459999de084965e993,544566786.460378
aeb66f808982c6308d891f55,472193311.4096878
cf8418c60f4e54dfa09b1e6e,427766861.5872971
1dcf71e8fbfef2c6534576df,659687073.834918
c78b16f05ef58855da0d4f2f,565509664.3682956
19ecf1fc86396ada203c2a19,495957489.50060445
985fc7ab5aabf1831ce3d298,782936511.9898037
8aaeae6bcfcee5ad928ce28d,642710764.8987999
1a93cae134c79a43b13ce656,620292353.5442581
ffad647e8ee35eaea6378fb6,795537183.2040126
c21a3eaa136ef8a912ce7b74,561307949.4033262
fabe0f299a4e4bc6f51d54b9,750669784.6581593
5af99278b1091dca9b0b0332,626960549.3794502
3f0c845deec1c24472a35efd,1367563836.1502423
c10f25fd39dd36287a6cde73,1407879335.4993505
f37d31c512866b575780c4b7,1053294144.8937614
5d34f871e5a5cb3a655a0b13,470190219.43295246
95bb852a958d7b16fd676e3c,1016624541.9082469
24857a7a80d5f13a52eeb054,685640934.0613025
f9796e9d13fe1becef435e54,1255331664.6837626
1c2739878e452a340a4e8972,765889686.3272053
698f3f1929a2dbbc69865b65,664215317.2624683
bc230105784ca8640e499ca2,416401393.22445595
622fdba953206a65224f2c82,457584146.70323026
6765fc17d98c08142d3d7757,572707885.4849963
6f35fcba4ffd6a58bce85892,462740897.92075485
d8654c08e95b39e3b4891cd9,777782707.7114459
33305df46dc2186c7e3f727e,889842759.6908299
0cec193a20d720af010383b1,679876853.5921055
734efe04fa6b326ae1d072e8,444978982.3413284
69190139558b2ef3eface18d,357485737.435891
bb084299ad23f245d7cc5b69,611572659.3770026
d4c7b3372d70b898b167b92a,756603871.6321537
4a119b1bbf04b4bd6051c5b1,560555187.6911544
f844345b6224bc76bc3c6f91,399913536.52924526
052505ca8210e5e651fc0b63,799428963.0242263
5731cdf8cac0b8371d786c90,579073595.2569096
594d8d78af90086bf8cdf09c,631269175.1942252
fcaddcc78938f3a234dd2d3f,393809277.8289034
1574958978c9b5d23d9521b5,416337992.7773351
55902baa0ece72e2e8c869d6,544421366.1255746
46161effff173111bb6c3a32,570562762.5798789
b3fcd9cbfd485e4e1da6c89c,454252336.77346534
213ddc1761cd6b018349786a,706184588.6081558
be3b1df5f008636e14bec3fe,579122976.1258559
dd27922be5b6f730f8b4e058,504057110.31280744
cd2aeb1b2649ef421102def7,798120060.2530434
a226b4af016a772dc7e39ac8,424306898.3402525
dcef5b332fd31d0ed8d754f3,436313931.7230792
481492907baba4574d4a6f35,613671615.5103081
10e5e54ab66b58b3f41ec381,726678749.9985102
d48866a153ea0fd23a858cd6,436069265.4907629
d273a2075d28e343a657d9de,1276142490.8654213
90a711f776d53cf654614649,644743332.6250226
f87c76eb5071c5b309e3ac3a,467700472.51773554
74df03749e60c216a3e1292f,373154152.3764245
03a84af05df0f577e09d60c1,393231921.58171445
78682041182f01ee4db04e8e,1022648710.8248796
25c76b5a1da0c2d8158b3732,697348343.6204699
af8f09175265e1546200ff86,383594155.94642013
c8d4ffb290aa9cea002e8d67,457056674.21263045
cb89ad8156c3428ac80a4db3,611572659.3770026
7602cb1e6fef087d8ee81aac,413733258.3302965
00c75d59ed4777481a50cbd3,660881375.2410848
fd36cffb856c2a14982a5fa9,648055098.4589016
06ccfa37fa6b011ac38422de,327986638.3508824
257b533b6a66b40d0f097c55,552531987.0439402
736eef4bb36681acbcc3c41b,550121917.1153619
e1a4437b17f7bec650d8cd97,651499999.6032946
ecabfcb8ce9bb47ec3089c7e,651499999.6032946
a5a46af0c9fb5c0a03855660,579261848.9385768
920b50f4355cd2674ceee068,713602938.0444064
410e5af026805ec8088f2e71,697348343.6204699
efa0c01632d13ab59f629ab1,510107817.8108081
5965d19a68a8414b0419bc68,630543777.0661151
64955a117f2d9264eb59fa82,909952539.4593552
8cd46b5c9cbd056d3712f155,664215317.2624683
65f736c3fee3d14c31a57d1f,673459114.5646905
66e9c614882d58c022de7a2c,579073595.2569096
8c787c1e6161b18601e6d7de,448327135.1034482
29a115ba5b198689fce5f93b,389395259.6410096
de8ee990e70c8e5ad167dc89,537940102.3060466
0b65098a19c2fc1caa6577ed,613671615.5103081
70ea0403b722a1dae1ff9b18,756603871.6321537
5c77e242474e477513b60ad8,467427950.50998086
1655a92b20740a11a5889519,372715114.03156936
1709b1446b20b21482dd2d36,779886651.1688012
e5dba7fa0cfb81488b0c331e,455372500.6664192
d09dc3a3270073e5f1cb353c,560555187.6911544
368e740cb71b9175fe5b7b6a,889842759.6908299
b8a8ad4c0215077d3e5aa472,1011293390.2054574
1f4a78e094987ce29f054fb8,407077174.36666995
aae3a99ac764b8e9bfc562cf,467096588.91326714
a63ecc5539e8725af4128cb5,619241254.8505964
a29e18f37ded2e901181d7d2,544353902.0305966
14ead7469d05e5eacce6a575,758817184.9865903
1cbf39c44f6b0fdbf9554845,611841226.2193267
9012294b64280c565a88a1d8,714706425.6960938
dc0e9ce44b9932c6e48a9390,579899460.2209867
a4f272acb4b3b4f5fc72e99d,579226454.5949225
b0a7295da89516be1c44512e,561671173.4776531
b638b937d4f62949b9eb9fce,643605826.5723273
cadd4a6e1075b57f7b74c63e,645884624.8334064
a88f4eeeeac5ccd1ba9b8a4e,1060159129.9901923
29616bf14b5f1cd42786a91d,413765853.45657235
f03f97ca55e9a43928c18237,414239203.17824817
5fb9bd3aee2e1320dcbea448,525200087.199868
34bcfc2f0cefad790922879e,544421366.1255746
8c9849cf3d20991e5126420b,1011222691.0578804
ca7b9296080c9fc9fb232782,909952539.4593552
63a5989d0dad994a6af7734c,416702355.35820574
7d25023ecf668945c87e0666,404679179.52008295
fde3d4a4a819b1fa40530238,398384633.85329705
e3338ac993873aca45755dc8,363716617.9740127
bfeab1b12dd82efa96efac31,317774727.9174369
2d564574f0191164ff1d068b,357942664.3982072
5529d858e9c9e3e92ce8a95a,371637360.4006824
2755af908b841e9024718b3d,425236544.95396507
623df36ea9610ed5c58dbd8b,404979433.4732282
77924a3c7880310a4822e5a7,354328950.7231801
24fd0b7f75feda5db89a4127,425236544.95396507
c2b9a3b2747f32d26c8219fe,404979433.4732282
3c3c7861a9727bedf5e3cb29,513430673.4863134
822ba8fd3c7392bda84461a4,609738837.8386669
4625168852b335b223a05bb3,539125679.5528343
b732ff1637ec53286e890865,650589282.8904879
706bddaf0b87e4f076247450,566527303.379372
917218fe1425d2c222da1ed3,511663988.5215304
7ac0428c4b7197ca14f3b86a,433778375.4676224
e828e83be8651bc2e07641e2,608833213.292347
4d069f925100b6cad0b657b8,443036772.25227153
a50640d13126880a423521e8,477061586.3032652
45e92799de1a5334c3d2d72f,504440456.3846675
93ca9e75cbeaceee69b4f0e4,780229308.5884763
8fc4070ce12262679c381515,693927302.7178838
63182bbbd5f94cea67de2d8b,723160617.2001984
6e163c3a0e30e7bf1e909661,410760247.23299456
3cd016f68705e73b819cf74b,674292080.8808516
3da41d55a2b9f78c2b10c75d,462977378.95868915
0eb8f10c9d5ded1b09f60baf,600179403.2912086
330c37fb5065311564fd35a2,670534503.5835752
b849cef46f19e13d3fc9d5c5,644688333.4482675
7bc034984b19479f29886cc9,631923325.162364
5cae4522fa829a1614739b64,587742486.5297046
bf6bd06201e60a4c98c8623d,632669398.1403494
549ebb2f616d50ca778e92cb,764483887.0323666
448ad6cf4b43298a39c7b5e6,560671241.5592726
e9a37a1a4150461126dbb6e9,476329997.8805308
1d4c50978603ef41377af057,607976819.5796366
bb71a24bc5ea4051d84ecacd,587510941.0746549
286ab2411118455780314355,608338384.2345393
045108344bf09b01b597e7ce,625561811.5403905
d714e15ab5c2d5a2503bffcb,570562762.5798789
60823c81f0b98e8a57192a9b,775596887.6895423
dfa988a524343181a0d3ead5,609113008.4316305
fe8bcbd17b16ad023a202843,570562762.5798789
69fe76202cd89637a15de1d4,648967843.4985229
e7cf67cbc08fa04be9f0a3d4,524852718.70521116
670583e7a2ec6e337429fbf9,561225831.7169628
796935018bf2b241646a2dae,679891754.8665006
5f5856dd16c0e5131835e650,575731724.6529633
ea2e380226005bb55c724ce1,588617864.6477509
f40defb11ff73ba4e3db7611,561225831.7169628
a4b2dd2771f49951c027eef2,738133068.6188397
a949ede7227c8f8587715029,700816690.7096559
83f402857435d4fadb27fa36,1054791600.3503536
36ab522893b5f01caea4cd0d,886881433.1531646
8e4875b7ecd0898571f0b1ae,375731946.7674334
7ef3f8bfd0368696369ac957,400112111.23219186
73ec13a5687c542137eb9a41,364680801.14725775
6334eb4a37d102ee00c6e2a1,403861559.89177173
fab91f0b03598c943fa425dd,415059116.16981685
c57c3c7edd591e16c0b7c1f6,415171451.8446004
03aea1b6ff072f117ec733af,370737868.42268157
91b57e8d6c41b7afe949bcba,380633424.0311135
ebbc5fdad817b304af3585c4,392098314.92629707
0232a50c9afca03cbf4277c8,409942914.57393944
05b12b1916e51a804419c654,437580696.24488264
95c9cee9b36fd1d68f647aa5,388706974.27550393
3d31144a77cb51647f3deb02,370192821.904483
ea87e3259c2b0d6263d39a2f,403084709.16938245
61f634438de4a10a861f42c0,378137939.4702591
c3ca43d0474dea2f2dfb9791,375731946.7674334
a13a3638569b89ddf1260470,453624774.1006526
124959d1429de095473bf5a0,411468563.0499411
4d85bbc09ae56cd85a8f87c6,370192821.904483
2c13f29a8b9ac9b464e3a582,375731946.7674334
70215712bdd8ae7585520550,396358062.1982944
3352469ca509e8ca652fad1a,501401886.8567004
893caa7433c200e0d43e9f27,575124617.9355977
767cb14f03c909c595c2a731,583247498.6062949
11433baf7716402e8c58bd33,496306932.27277535
e07ca567b0678126a1aec803,590119243.9426662
b2286067a73bc0049328b55b,582328607.7043201
c85d56080167254c7bc19303,640627539.5857671
5b9ef8d6defdaf13dccc5ae9,453678928.30192566
f7972b1936c6d9e95d3f632b,531922256.33469653
defd03ae7d0c0a44baf80abd,584196397.4980757
6fffb7958a58a73b0e16f2b2,493045173.395533
5d86a1db39e324770ae58efa,476928429.27479523
c56163e390d9e5a7a76e77be,551208598.4732373
fd5ba2795eb7b5fe338d6b4e,544662897.1354041
24d6d85cd0e2dc3deb2db896,493045173.395533
feea3a2bd9f643219de51c46,488174822.1343073
055d7c66464d7e327711b497,623716526.5529258
046aaa4162cd410e92b216d0,490041704.97677815
b6bf2760cfa26cb28fc989fa,586296338.7239012
3a6262eed8967d695182e435,576812202.5056583
cf3665f24927de548639ee4d,523066742.51674634
4c243fc50d5511a1288bdc0f,547487269.5370666
d753227b5c685e93b378baea,558878807.7252846
149e49c22fa0eb163a36c932,638032915.1909744
8baa01b8c6d29c82a6108cb8,451824007.9845887
2d437a09b860d9d46644ea23,499103411.6852215
66bd80fd26836fd426be5733,585894081.4519007
a30e69524af9c1bddbc5de34,582324109.4714518
fcc96840d952d32a7300366c,461372826.9112143
659bccaa707b94f303610225,558878807.7252846
df1c66d8dfb9520c6818a32b,565335236.6913226
dd1dacc0c90022e5b40849bf,491713122.6078804
1a06bfdfaa9d9ac754ad07bb,589204070.217681
a0ecc8ce0592a40959bd755f,458418490.3566324
739c2b9be0941e4c126d2f3a,528530281.1068898
d723eb2516802250027312b4,461372826.9112143
04cc75f46642efb1192f1875,498879993.1404024
9f37bcaa95fb0044aeef6075,466924521.42361486
7be8abb5d23794ac47ceda32,460262771.4375515
c06c737cc0cef7fafa3fc4c5,473682210.3076077
48e71c45f41778f8dca24cf5,490799568.52381617
b41f7c1cb9cfbd188f8e0233,556527708.9064028
32ce96d8adc8e549b90b4a8b,658684537.1875095
c6bb4ca5a0c839d38dd8ce19,531002273.49124384
1d91edf33a141fa2181abc4b,639278857.7152994
aba4e24dcc6998e5020731c8,658684537.1875095
00af33cff3ff7c6927306df4,542554687.8626887
6d2328def08bae481705e20c,714692593.2575206
7815163b8e4a54843d121dc1,780344992.9145948
c9f92088dbdc0d81412968dd,517546462.25293
8e1bd01ce4b7910d42f59be4,804535909.7997082
5fd89a857727753eae6632f3,560240592.8988961
332e395d4ce62523a2e3208e,552545392.7235706
4fc89ee51cb0e1b9d6459819,606451882.7016761
2571fe181b6ab939eac19d2d,604820735.1244903
af98a0e223a825cbab78ae49,602217173.8119463
ae187fea3c46c3fbee7e6e8f,606451882.7016761
c681519ec1ee1a28f6a3607b,609462330.7763581
bebcca3e75e747b5a01f5485,599220101.4828587
0842a0730545c623043b1d8e,684436351.9744998
973afa2d67c20297aa108bda,511860188.5468876
64a9f0bf04f1c890cc6e31eb,606451882.7016761
9e92b27f554068b7dfb640cd,511860188.5468876
57b7aff18c444fa3c577b079,606451882.7016761
6b23f191d2ccbebf9166926c,767999231.6662654
b80c961aeb98d24d968c71d3,795234804.7921718
064c1cd5e94efdf8c7262fec,577842664.4354097
723078b6cbdf02c88286c596,610147529.9686947
e239ff5eaaebb287beaf76fa,493962518.4045744
b3b30d8b869eaad2382c5447,587452015.637538
3f295e6c14e23cff1468bf82,668341108.089616
be78bb0e06d5768ac1908247,489592537.4337217
4daf52564456895ca7f4429c,454615078.8721831
c832701653f1e7f01913660f,543002495.35646
82433a009defc21498037127,767999231.6662654
b53d3d578b1d7d9e00c8a00d,618612674.6675887
36fab4c38cdd91de650e6abd,950925202.5632186
bed932e11a599f7cd4bfa31a,719405278.2671214
1d9addd835c9fe8665e01500,473147113.40278953
d8216aa4e029c0d3d646efbc,461835205.5442928
c1b0ddd3c104ec4482d5025b,529651399.9026725
bd0f754b0fd9b7af284419b2,1024222361.9066849
01e907d7672006fa2bba8b0f,423284344.57140076
7ad046b20064565644ebfaca,546519693.6004605
1ac2b23683ba89e9175d1b99,529150186.0580952
ab4c55e78eb83d80c153f50e,597858414.7211759
2ad54bda875fcf8c6b675bf5,383459515.36453253
07e76c765d1137cdd7c2ff53,433238911.3647651
5531b9663c5a37a2bdd97e9a,569618323.7117827
c740655aea4eab7066446c42,441109745.9037579
3b6c37e7e6ff1c03ee4fe995,551700530.9360657
1b5d3ddc71634099fa1f04a8,515040937.58787525
1ad916edbe6fd38f40289a04,441302254.69811
a1368aa4d3ae850bbfd90bca,604046615.3201737
0f728f676325ece6a001b4d5,598629324.135413
0f98c4e431100aa87e6fa6af,705635227.9034616
91a08474a18644c43224c62b,537090471.7618358
185dd9366a6dd1e820880917,577161614.1361088
e364018f4d994cd15d4af374,757601567.6533943
77348acef84ef77f6a076268,600174255.1073443
7f8f506137780f4cf12e73b6,443938203.6658315
809082a38e6fc3faa66845b9,506043476.0300801
2072a783a44474cd0dd10d7d,499533645.2774468
b71905255273cbb0af1290a9,499903727.77461094
c7d5f021595b58c507f47d3b,1320000759.2559671
65ba1feafecd7efdcf214ed2,863007252.1506321
72eb64cd02ad2a54b65083eb,978891800.7596861
35d79b2ac92083bc439124ac,572186810.4199417
2f7d36523df4a5eee3edbe05,426661901.37109286
b0d20a04106ebb87e2cdea37,1055141048.8381045
43650eb8b70dfa256ca64979,614753266.4657358
311fa1bf3c405f9bed13b38a,357950759.56182873
d12dc721a59af021e8ac68e5,357950759.56182873
36f9a0ea831710344f468bba,357950759.56182873
1eacbf36422a54f1327fa291,357950759.56182873
9567966987eb1d3117677cc5,375002180.90064496
e5bc85e227ed7dabfccbd005,357950759.56182873
d1f39f86c82916524273bada,373569662.7335969
deeb837c2c6bcbd01930431d,534132340.53534776
57aa22792684debb8d4079dc,527418287.8498149
5b0530f544da162b9a8ff772,514304284.3094171
b7d66c5f1ad06dfcae5b33ff,461085412.37772197
bc353a421fc579770e432176,509826033.6513524
45ae1e929b0fc88718151191,445192092.23709655
b04449c499843cf46ccb695e,467746379.6220704
e4d89c9d33a0f2659df21185,509361052.164561
b2a7a8ccbbec39b63e4cd028,442682680.6755564
3be69554b1cb31ed5732a836,508623770.3323086
de7f584df6103e8bf95f4a37,389208205.6354275
0f4de499e5bd2c57fcc75013,423698765.9200025
b4fd0aa09f993bbfb1fa8abf,465990989.88444984
88a83e58eaf136a82ab1fe37,535570627.2655805
379429ee3675d1adbf816cc5,462520853.91433847
c6084b85c8d95e0ededc25d1,470575971.5627841
8eae4346936f8c6c67be81ba,469633406.9796473
a13fc9e9b4e47340a5d53bcb,421164635.7220617
7b8a4d701066372dfbdffbec,500911062.3970602
a62a6094ffed3ea7a54fee73,585341394.9779491
bf0ad098fbccd3548d834ff1,465990989.88444984
0a231779f131c36d8e6910f4,523102972.65416455
51ba7338f5900d8ef12206fe,486659850.37759924
81b14dbf863114fdddb38579,471549350.18486917
adaa406ec9ac311e9f9c0bbe,452885374.3080872
4cb11f32806c0e07b4251984,435376810.68637764
3fee486268a1451a7b9fff7c,529298041.5684407
5666f3c36f0ce4eab2c39299,478160834.7078198
8a8dff62516671aee2250cb0,651227736.9314216
ee4fc6a146e888e993a4412a,629775969.4671192
5a16b30f4d580352710e92f1,656024190.4237812
424bb491c71e913e900db76f,785960949.0587076
100bdfc998bbde3d00548bdb,740856857.21792
d793efed9a723e77ca8272f8,653661952.697837
725c029b7c5807a4b0ba2bc9,563807593.9595255
b6d3345346f43dba053ceccc,612507974.0402977
888bc3c4ceaa108e048ad28d,619369836.6385163
267e000c89d3416e551462c2,553702574.045355
0ab4a4b8adda35f634812221,563807593.9595255
823ed628bddea9b56792d108,699379643.6571054
a189bd7e4eecdd18ebc7d353,654900673.7998126
da16828139a19aa11bd94ffe,601495793.8935852
874102a58234cc7888902d42,615958442.3575423
789e5d19fa507823cc4c5296,650482671.9284687
174bcb77be3b7e408e61d7e1,599896985.1992525
31a1492e589f317a58a79df7,670813628.7778813
0825f2ca4baf5b34231ecfd2,668836698.7084355
ebc96ea800887a647422b8fe,637686256.7799077
969b956eb7769b6f509d3ee6,663811929.2902553
6ef9135481d8fc882a1a735f,624129410.4756329
5f501c4532ade3f412359a1c,616631676.7006273
c6d075772255b1efa52317ac,679723853.8666967
535bdffc5b79d62aa6179c48,602907184.4453918
e95653d504208e8da19fdd03,601495793.8935852
e4e529e778dbc89f854252f1,620478126.7957038
ec5866fcdb9afffad2d7f5c6,614779626.3229607
814694a725a50c306d774342,654900673.7998126
1cd6531d8539468cd5f4b315,613645126.3920878
0c3e734afaa6b7c370754082,656024190.4237812
f80eace37237614562f942aa,678277776.0061376
3aee70815bcf6effcf0e5fdf,563807593.9595255
ea21ddfa37d60737492509cf,589399804.0693033
67c78ce1b8a64f36ddf90cf6,653661952.697837
fd2efcb61008dc9d11756381,910826132.501797
f51658b9fea670bd943d6db7,977921146.1747679
b83b0a53ead29faf9dffc0fe,905333471.3968611
c1329245f57c5d9019105382,968827408.7830263
98665b825fb3a06b914d39cf,954870404.7870556
24e90a7d9a2bd0c30a4f661e,1093084468.816851
6e64677f8d730e1f9ca240d2,975372502.0523175
a742819d8e4cf8fdfda6e094,888117717.598168
ed75d1c40109eeb51fd636f1,907409268.4520276
cfc2ab56604b4e3734d7cbbe,810996605.0884793
ed5622c308bfd10602e939ca,977428881.5403081
5f537d233678443192d22642,966678825.0006166
aaa79ce67339dc53b4f41dd2,966678825.0006166
5f467c6c80023b0174823d85,1087415773.600065
46fcc0d53b263beae95b8eb9,969958651.6694807
2bd47c19e5d29a3157fb8465,1082121580.6108701
9c9c2f05352c92c02d080e96,1101358867.1771212
cf8fb8db6f74c236cad0cfcd,1012548674.3609483
f42a53a05dc90e617e0e4c38,496580676.02660584
bd612d494e2f21051556ebe7,818854224.516507
ed1c8ac25a3db5120c92525f,431905004.4622459
2c30c2736472590fe45277c3,487661977.5531994
bbe2c06e6f90c4234a7781ab,610855263.0713139
b527813993b7bf4a10c05683,748155987.5476356
2f610d2242d583654337d468,1350766409.379806
dc25c9240c67effcf655b02d,534859079.87485164
c35f5ef73168d03cba1b1f4f,388201212.04072446
e88009be52bf5803ba3665d3,452773498.64756095
12a63d4fcb56c1d690e1bbb1,425776576.6435188
1d58ad85a82f7731e0f198dc,952604127.5823706
a2fdc7da13d098cfeba13b76,403815781.15249693
1969ba34b72e61337246cb5b,556128350.4365766
8be43cd8653accbb8fe8a270,464087774.6586927
10092cf2f8afb3658ae475ac,431373021.3078557
0fd313e5a0f02df07eb6b104,378336734.16650903
9b5f013e795f5fa610d03238,429506296.06827486
b1ec4b8badc955f9f4fe2131,507094263.2538865
e491adef93281c097ab08dea,483744026.2683458
9a65fe451b30c59beb3d62ef,360194271.2332825
0d3245463127143a8a52014b,631894498.4456587
a0e3198470f97f6a169044b3,1208070899.7736928
33e4901b6e72593513a02207,522715203.9957094
f45234a3f0aceb12341be024,730908865.833123
a71d53ec4fd0d64f8c06da2c,956127824.7787994
f1b30c4ea99f19a81d12f73b,1379275102.2578988
a52e2c893f85b49e2499cbab,546395060.8412337
b2fd7ee866066f3ae0dfb3c0,602153432.4665978
5acc9d767e3117bed0fd8464,746033143.6248262
0449a82dd1667c8c564904f8,1052639456.305171
a0a8d63b5f43b87c0c7e1fb1,918548985.0124888
03de77e22e987fc3fed4eb78,716904203.4178094
3fed1dd17fcfbd2b86e73143,469698833.53177226
04fe204d03bd1c9876242ccd,660070702.8438618
32bdf33933c29b1cbf89539c,656697124.2511759
3f6c05c97778fbdc86304bf4,566418990.631336
478e13e8c1cb5bc80f1080e0,663530439.8691807
3128a4896665d38feb72b456,752114094.5350055
fba6203abad5f4b3b721f29e,555950947.5573238
b25f461b3d48d833a73316a9,979369158.8607204
1282e129e1a355b161621dd8,518231991.6400321
293320b55fad21ea3f4a5899,315506895.9805355
de2f5db1cd1024a9734871c3,434326158.291111
200897b1f8bcd7c116a85306,401108722.9618547
7023f5a68e1ce9cfd23fd021,357604651.08880895
13faa4142e9d60412abb4184,439606326.1526353
d74d0241fe5222f5c5b67222,471656541.20743227
0e51111c47813a0b0dd51b64,517074096.7245609
25e3793214088669aaaa4ca5,923881266.0919478
43d7b77a99e86e8bd21a19ff,1426203342.9294817
38b87cf007043b76670207d8,858313215.9008169
8fedbf13ebb7cd3475fa3074,1060560852.3159992
4be510fa977b93e34a789f26,457214799.0694081
8f165174bc07c28f9fddeee3,474479179.0264898
7ff6f389e364e67c4238df8a,427316648.1434667
2c91099736f3158f7f09778f,426029446.2518771
7bb1bc81e6eb3b4390440165,625635329.7758082
74e43ea3081841278c76cda6,427316648.1434667
9b948f070b94c18e00a857a7,433078793.2939493
99340b6cf8f818392d501e9e,912171905.8708299
b27088c3ccd93e7d8d5571c2,618863451.7096217
4b45cba0d601f29c2b7db97a,608226604.6095536
362212de783981c9ddb767bb,397348690.0438541
5aa78a2bc8ec5e2be315fbcc,984923737.9215063
92fecc04105a999a622ba3cd,533307205.23472077
5098115b26f2473c812b70ed,589183491.099074
e9860f6b4c3e6699e62f6c31,346519152.1621176
71273ae563da6bbc66aa87af,362295808.84289956
6c6e7af42a6ddf62b04c35fe,430035852.3200391
484922bbe02cb218ced0e779,381032321.44487983
76745c2648b66151008f6399,450189659.6093213
2100201e0851e80488371b67,411409989.42708695
5885faa4aac834118c5e4351,389140433.33034605
f340405bd7f2c4bf524c50d9,410141723.1431826
1951c1c8855fed5db8031e5c,402881543.1528114
7dd96ddad0fa88f5c5978e39,388367764.8732878
db7535339826028d0fb3355a,393932988.6510229
4317746d5b88142780e6897c,622228919.2626878
5796e37eb1a995db5cc06eea,408741152.4750892
817915cc3582112fb5541a49,590755166.7859489
ba524c4e2f13109ce814ea38,539726306.5300242
c2439ab65fe194d1d60eaa07,590755166.7859489
92e4dcc5911b42e7f70311d7,484365712.68316954
6bf86a580c8b510b7447071a,602722293.449649
975482a692bb98df98b2f243,489225009.83644587
336888717766096b24215b26,595354447.9131705
ad79f4fa23a28cc84487517a,482419157.2387269
d925c1d4dcb68990c7204b33,613205434.5933015
f4658aee77fa0e35a71da7f1,612969306.5439361
210d58091ea74bb902915250,626481339.7769743
186d4731b3af01bbe4d08b23,583535602.3727663
b760fde2d4df27a168ce0e80,598485640.852258
2e653d2567a47067df169d97,674475048.3925023
8b63358f3cdf8df0eb1f43e2,674475048.3925023
c09d691e4c7d7b8c8f6a8370,652218216.7905021
4502e2809bb5bd47b2781212,555390319.8910613
d03101c7f823dd7d17e49a83,622464314.6178248
f5dbd7dcf63b08f711561e58,610518881.0638667
9855712ed7be7e865656de13,879425860.5212929
5a6397b85f45fba27dd9311f,888928826.7300311
4d1b0315b5aaf21bac150d96,615175349.6786802
32c7a2d032ee21f8bbc6eccf,589319897.9047741
beae197df95b84881128790d,434813576.0734404
0cf7a6d43221664a060ef681,644295381.3887477
c431fd6dbad57351a497fae8,557171692.9678048
b1f8fdc8e3e25517ab80c065,454836867.76547307
7b346d5a5f5ec7165d1f8644,451648955.31823105
947ba86487536d611f548142,1375957649.7602966
8398ba3b03595704b5897704,489036176.81322557
3f895518a7fccca44e534578,483744026.2683458
232e859fc353dbff75c97cf8,730908865.833123
b234ef225690d57e7c2af4c0,1208070899.7736928
393e2e7ea1f20eb6b4148d60,582803663.0132837
668db5244c4d5b5c76b0b395,901165468.7672163
646de9441934226c2ffeff77,746033143.6248262
de53880a3299626eb6c2cdf9,1379275102.2578988
07f10df13b244dc33b464582,613381017.5234201
e4aa393309860fd5e30f49d9,1380183158.657725
8c714badfcdef8ccc73df9cb,1362070629.3829637
0f8ded86be8d3543a5069b6f,393902010.54936624
3e9d73530ff24d3f4a543091,393438669.81716245
076ceb408227ab2563a663d0,359099623.11054915
e0ae474a5307ef4057da4994,334677857.94229716
d41fc79d800458b1691bbb87,651200529.6038308
dc8262e1493ed593103acfa6,615490244.9422218
bd6c24498bf413b6c5adf81a,482153381.4700866
885c77c839d705ca7d04d383,475187254.9016901
b8896656cf6f5dd7c33ae46c,533408186.10939
34a9e3ca94ac06347d879942,544566786.460378
ca3b5cd3505049f1471c47e8,519530276.8243761
8c05c66be6008af7f6dcc10b,766543618.9949416
565fb93190cd34ac8b01f01b,766543618.9949416
6c8119e00b901efd2dd40f0b,580475664.108161
34c92caf68dd0cec9fc383ef,585891956.5319971
68939c438c34e79a317a4f3b,834944272.5452988
dfaba547699e319462abfd6d,770415952.0163028
dd1d2e305d37d9dde55393b0,599547350.9675798
c32df77def9978a84f8ba7f1,604379297.2653837
62103a85a8ddcfbf5e40e284,641980565.8274162
93bcdd2a8ee1d5b61d00d58a,945177288.6643049
9700892d7133ff2c0d1763e7,922974721.5753462
fca6d7455056792cd61e2ddf,408581956.950472
4e84c5953b493be7ca96103a,597266061.8879943
42fc4101da60fdb41f41f0a4,907924371.6715505
12d40725335f83e2fb9b937a,397599451.46891856
2b9681901b216f2174af0089,597266061.8879943
9ab74e81283becc00a779172,417104517.2282777
8f378dc1215f9213f187c02c,503751079.55794
4a3a6698b5490216e8f8e6f5,1092131826.2725198
0dd795526c080e8efdf8eb0e,436921008.59200156
3e7217f628a1d0fc9bc47071,607259141.4439173
157195fb2358bf2d5051c439,523160010.55754966
37063e689732880621e4e733,1003823591.5171528
3bc68bc2d6a2b81f9e3b9a50,387675791.6302594
ce21f368495d385fbd98de73,492413430.5700133
1a6af7fd6a5b0602052c4c27,566113811.6238266
e38259adbfd953bf085a69b6,477061586.3032652
0cb6801c9b57e874102ca349,543403012.6608711
79f1a5bc0be914956d632658,775596887.6895423
f571f85be35a72b2ac358d27,370153110.1506989
163bec92a997aa8263f5a909,411544959.354022
9ce3000cd80aeec2c5188e8e,437335321.3817166
6a6178c4cae2e92a08b0dd0d,442847914.219678
d52cd6eee468311666218625,774791808.4509035
8eccd2a6352c33d8c7abcea7,600747628.4793758
53d3e32b1dc782308e352a33,544421366.1255746
be26f0523e5cb13846539384,720702575.9406399
ad7739088e8febc68abb42e5,468338699.00368804
add4f9dd26fa34829aa25eaf,1047940170.233216
17005d6ec889a947397ab980,342084816.14763325
3fb3a581a9a74146dcf9b71f,433272891.77582437
51c4a8b438bb0d97f712af31,509170109.1997846
0aa1332c56bf357f492da2c0,335856696.6073773
6cc06c89c226a062fc46795a,463661026.03156275
682b38de3539b2a584446922,399958098.57077324
1cfe9cba4c2015e7b58f05a0,630901490.681904
17d34f9cb105ca5010191142,572169934.7707424
1fc0faf46f3b533f2cae2c06,773095925.0177087
12f9e1f78c630defe302f781,626669493.783722
87bd6ee6f17d2bd5b61b0ddf,905333471.3968611
fd4ce3ddaf79d1b97043ce0b,1014117249.6115371
97aacb0847561f45a5540f21,667662517.2209294
a6dac56445613d70e49647e5,1074584078.4621115
8b1acd29eb268fd684036180,615598369.0161843
656c13ca7a1974df58e1b826,1012548674.3609483
56f72c2d672b7bc3c264f7fd,592374243.0518576
3771c66b9ecd6db0b201d4c4,361751437.37047917
45e2395bee937c187e3486e2,492869698.3707587
7c6880b05c212c66b8961b71,569339723.7149367
e0ae8d2a51c771aef5f245e9,599636590.1168442
3573093e56e95a982a41879c,593293347.9204406
0920b2df9df4f0e509a7efb5,472446794.8271901
43600371d44fbbc81f6b6fa3,323614197.7332187
2684f67bcc89c8a5b95e5592,482105456.1502332
ca463fbe3e5cacc152aa70a6,361751437.37047917
0935e87627068206f6d9c0c4,681657385.8038625
10afe23f1f58f96422c97934,456326009.2105956
f3c8cf1fbbd6cced1fba0930,447653403.5147841
abfda926d174a8da1d946e27,459607100.58433115
fc9fb2f209a4b5e66f89712b,569654842.1080328
15d10635d71919d0c9663fde,448330343.02292025
79733fdf8881b0d25412abcd,441698168.04530823
7254c91fc9b51e76c6fd2a99,621749762.5273451
b732021729ecf88d6297b48c,632716861.2669772
edf4e11d1f1aa6f8080c3156,621749762.5273451
0706ce398b2bd64913e68d39,708628969.7506666
ea4a797b3d73d1b2cba9d651,774260677.2054687
6c598362e322971968739673,439729058.4448424
130a119701171ed3c439c527,561208099.050161
849c918d78991c57f32f2031,387170414.4608301
036fc9e01b2b1e3ef4574372,702214576.2072346
e4ee1a81aa121aa5f55e20f3,983208753.5259529
de926223fe4296d96466c685,1033487142.4679675
340ae520163a220061bd7f28,383105412.4628993
11e36a3effeb0119b8bded5b,743624043.5238736
2492a7a74edb57f784f6361c,439570821.1962748
1900e7808046a5fe89d8e440,867226320.9308774
fba35c04cfb7b6db50cbb57b,643302351.2345773
daff79365fd94d1d3a2bbbd3,465127978.17004925
51230c899cea0054bb74cc44,352662955.8925372
5e04875f99a5e4476c0b4186,545254635.129498
542db19bc6b9a1366715dd7e,722141996.3623898
a117f625c794b7d52ec67cd4,457944749.6556402
4c59acda820b7b75823fa277,589092378.8461765
f040a167241599987e7b0967,395489436.5441508
4a016eba4744dd01954f137f,354800112.32701784
0d995f0ad226dd21bc96ff6b,563332677.0741153
3d44c742b1aa4c022a968ea2,404210044.445971
e47aa2541fb576b9915fd625,472036319.6652028
61fe9ea90c8a777971db8384,726709908.5058653
4a611bd82c9216a3771ca7b6,538001070.3259315
0cc5caa9b48a835c92da7653,888839390.824859
9a7f24ba55c92696d377bcb8,610674965.0720838
32366fe92222b329e3d03b29,695621834.1065826
aa26461420614755c2a52db2,828230553.1823003
53a447ad5e011909080c0ecb,1372388200.0432599
9d790c8c474c9de2afeb00a2,396627093.3295229
dbf200ef5f1e15211e2fc6d3,610910708.3776916
b96c9e2591a4cdf9c4e0c09d,613299159.7852364
78eb6f51d94a61a967da24f4,613651238.7159027
fb338e93dda9159476b8382c,500858926.529268
72536bfda19f78d370d95f26,661530211.4375476
7c581e2b9daf20131803eed3,709126438.4244796
50cb0ad562ab5ef4e06f84ed,645941218.3747536
a24901956dac4ee0e4b0c91f,702678049.6016577
c1b386f478152f9be1f546ea,463403008.5431013
1f34129d15f992a3b62d4b21,408068826.1195758
299117d35bcdd48afa4c2eb0,448401097.44282335
4ff6c53c0bcfd1d24bac7ad5,862019556.1848704
2e52008bd11000eb776bd80a,1316218452.8794985
56b78bb57b2d1f064c47891f,409591834.99631935
ef64a8989a6444cc529dd1cb,547578421.855879
078f7c6532204fe046b13d14,737378783.0639576
28c0649dd8b294574a876e95,1079647509.4127715
6b9b9d28723c7ad176a9306e,938541675.8851655
a640228932682c0c04538ac3,1124602219.5506914
b19efe9cbc26d61daff5ae90,421966822.69910467
dc69d70e4d2713fcdfd93dd9,548403976.4315168
358e85ba765ddde3ac31be33,387750644.16190684
5e6b2661bb7ba0ce4776d483,331859984.01881164
0b6dcb5c1952dcea931e2c20,630973366.1990703
cde84d2435eb1d0d4ffe2a43,576135270.5318347
bac550d41b2cbdc6a110ec7c,611319596.6594471
78fbb49efe7dc0d8e144ad83,777264082.2493504
606affed5c707249158c4b49,676747559.3915943
d44778d36fc789f8b8c745b4,596660056.1530031
27ee3504d1df34ee8ae5dbb2,905686322.7756997
60bae7a45a084f117eda823d,719424639.8580923
98aee6a36f208227a992f9b6,1227447599.3645825
388a6dbda422f886e503e685,1390454310.7671444
2869a2d2689af65497775b1a,888462703.7653254
19993833220392781bc15279,1152605261.8331106
f0efda3f7fb18af1b44d6aa5,647262837.7781967
cb915d1ef92dff803c5cceae,1000194475.8604349
4bf02d040efe5358d4a5940a,917042717.6743238
1382140d8fb634851d4d210e,1176806018.2660534
b8ea07763f2e1a3d635eb23c,420220562.5603482
8ec00d454698c119085cbee7,427144125.07604325
30d5185ca2ac2fcda2bcb79c,465148064.2876347
d0ea7bcd8cef8588ca50c778,438490697.3206668
fe6c19c6f54606a611d412c8,378088659.3794624
f22ae3d17c92427f5227cbf7,369111210.5920612
92b3b7d8dac6b2f6d5fcfd9a,447329499.783434
8c44d216517f5c59e2611aac,402652475.9828019
b85fa4bc59149a7a25447537,383178654.5881501
99f10097f39b32a478877340,480912591.0918285
44f8d5ab70828e06198579f3,730312472.5036479
1f674965c913f9fe282d07cd,457465372.8917804
60e768892afb284b0e5042bb,427477878.8196047
8a6d013451e46411d35c2b6a,503247217.0778856
6f953b9964d60f6a74c81226,445346114.0446513
05076b448cfbf9dede72904a,654971667.024491
47051c25acf866250b5d3ec4,349089783.0252289
0952c73b02dd5432aebdf2c1,527861704.42391074
cc3ef2f4fd5568aea96c257e,698473567.3164241
834fe4a1e9e4efeefb5aba08,507930970.8903468
104cd052884247b14d697673,452561637.34179956
8bf61f106e60d6be03799de7,791304250.6379497
c13e387f56342f88c993f0a2,691491215.4717599
ae664789baac0c47d13c3c19,496475686.259104
ecd1e3003c5d74a3c7cbdb11,594286362.9255363
561cf254aba002fdef8258ff,786450393.9005955
98799228c26c9e4899bed65e,508317304.7317447
03025756be203027ab75aaae,524725808.6543943
8997555e7bea06f7b90ce821,687880717.0172961
e91a3f962129068a3a76d209,589878007.9108834
4bd0a354d75759510ab6bb46,698430132.2803764
f6c1705a83c039f7a7d46255,736089928.698757
0c4afcff5f5a90cb79807682,609241995.4540441
d3222a7545e302bf10894658,402235938.2428832
03463535ae93b8b123eaba8b,585330940.0289552
360e5cc9ee1282e5a6ea17dc,508379905.8163017
07f24808e42c9e11a7c20232,624750628.5922406
b80d0456fba49a40fd774e5d,689526991.972976
f865411c20924c43a080794a,609716344.7910187
c578eb2dffe903475aecbffa,433906654.70253056
d639498fabe1db1236656593,512971553.1420039
e6e3bcae6ba114caf108049f,369484342.9778089
7dd9760286606c45e6a15926,720480525.031173
2c5f07a9402cc93f4c683759,637183528.0991027
e3295e732bcf306a2d338387,485189454.3867112
240ccc45a242f80f817b04d9,544048035.8005835
a7ff59863f8719590146e71c,638766210.326699
e6477c2014ad081d22f12b9d,372268589.27469254
807687fdb46614d9aa139b20,568365794.491836
317d8f9d18599b346639a4d1,485061671.067533
b85acd44e18ab485d3ac543e,515701981.61311054
e61476e47d7e7be706d23fee,645979867.8793305
270a97e07eec2be02cd89a86,693979794.3436759
4c9dc4494a3428435457f575,322716365.59240943
26e58d0b13e7f7f5a54585d2,611150586.8056645
166e1e60acca831bfad07736,749587977.6914357
aa25d9f8737f142b8cfa970b,962712012.8985698
44cdcca08e1e66a1496fac6a,563507242.5612515
d75b7730e8c291ed41d7caf1,588989069.8477235
6d1534800bf0ce97197efb6f,465781946.51753
8b13054b3318289aac1f13db,390002573.5932038
c6cb6ccd3f5876c9b9e29685,493173887.5283784
0356797c1683d002bcd94899,1292329803.2443287
558cb38bcb8de04588bdfa30,418554606.83298486
0685f2225b939147c8482e6f,391111817.22230303
cf1ba56710023ede80a8381e,655869739.6553036
2d4bd56e71f90e6fb387a2b4,1224343008.9980145
b96b8e1d636f0c10c63e5c6e,691233709.884202
534be635a841fe21c7a702f2,482249367.95340526
dd5b4eb5d20b8b9c813ba52b,436061786.551713
46941e09b153ec19f86c0c2a,832136302.036075
9f06ad3793ede2ba7f39de43,521656988.7649651
b3df8c66475021fc04f107a6,406237652.50938874
468df200fa490e667bfaa31d,479765244.8479855
8130ab67c5e0d96a9a67fb12,820389436.0974113
f7ea437311c0d217b0d572b2,355924153.732636
ca0b59b35225b44447967ef8,352779629.4993671
90961073d9887bc1023315a0,373505301.66096985
a1421c30fb33a249bcd54394,383258597.4625779
c87d9677bed80b0fe06308b7,404505159.2247619
d331a4d58875a393080fdc48,370349606.8713817
2f3281ef06475d2114fbf9a7,448664405.5265698
487ede1f7f155194b69c531a,339936684.76782346
04308f869d7c992ed3ea646a,532846495.6682858
912471caea3c71e3f9f70877,457120469.40782714
1baabd705f72393167dba5c8,532248897.3539092
aa4c66791884ea2a8357924a,465273085.7173883
1ce08c19161bd0545eef8a16,517217341.7557743
01eb0a2c1033c30830161321,429597366.7544327
b2759de47d28e8cc05c94e36,498241299.5561166
bcdea05b890394a10d24601c,432240641.33263224
db9f66f68aa772fe29e37edc,436696980.2536233
bd094081331ab259b1076261,512361187.1554306
81e7c8c1894e0c3a9315ff27,437519387.3168407
7cc9cdd32c209a62908a18ad,545005719.6926163
1e18024ab7d931bc7ab5873f,544304621.2429454
baa146a6537e8630180fdd35,776965585.3177278
8b788f742021f2438ffbf528,438659134.38076
66d41314804d77ea0f440695,810821328.5440341
72dec1e6e65f6117e10a2473,405503100.44925743
4066da904062a0041a809b02,484607909.300087
b7570bfc5ddc7caaf610908d,545005719.6926163
f6c6eb3fac9658c4951c4222,568294936.6961653
5fe25ab9cf4ea071cd6287dd,462174709.44806683
0ef36d33e6c378c946b8a65e,565897223.7471778
991a94dd1e99de493672da14,565897223.7471778
798d87a368f073efafead25b,565897223.7471778
9e8cbeb53820394a460f0879,484607909.300087
7b5582907bf47bb9e873a513,848390517.9013265
0f21ea53a480e4363b8d7aa9,683527710.2520288
ee667413d1cc49427ad448f9,632240404.5449147
12bb70a95996dc6e286086ed,532965513.84898645
9e9e3655ffa5921889cd8ae1,958452306.1560303
f2bfe55b6188070fc5c3f59e,991867706.8161399
1f00fb18ad48b32c666fd319,581188322.5484076
86f15ce6ea8e97837e6b9383,665606823.2187077
7002d00c9acf8b8a4a5865b6,857004776.1490693
3e85deb0237521f1a7a8fa84,1097537199.8530953
1bf77cd1c4037f4d2ed28036,980406003.8266917
ce8e1e2e4a79fa55a8547457,949195040.3524292
73a8efbc036911954c07b91c,882110735.6491814
9a2051367d6dcbd90a4d60e0,973328776.7145774
3804d5b313b742228ef0f1d8,922974721.5753462
fd7b741b96080ca5b964cac4,1038923310.655652
c4cf9ab3776289a412684892,802036440.3408254
1c51566c7dedd4a46503131d,812040399.7509753
62259b400be228a30a655a59,834802431.2579066
e5092b4a94f1c231a0c47680,1133849020.02096
6f435cb10e5728ef45be9f29,1229552427.5944984
04a071d777e60627223e28d4,348160532.49221843
1117078fa37ed101e9120923,630380420.3743237
d56fda10944b088d9cbe1162,377153615.00925905
e01c49250329331a442615d6,403909021.5236521
30ab0bbf876dfa515b266c9f,485630151.14122885
6aaefcb58913bb3f49954b2d,470187535.94063956
629a6122db92e378f0eab96e,612678535.9348189
a8549fa4bb56a2bcc0e15b11,348160532.49221843
34291b30d129222905ffdaba,502038709.3016014
cd5658fc146ae4b5d78fb565,402846559.5793512
ce14bec246191176c16c4e27,509050440.2989819
46529f0455fd35b2f4a489d0,574570350.4739288
52b3823c59546a6ff3de4d09,348160532.49221843
959b7ea50d93bf1c36e35005,1060808808.315173
5c6edbdf110bca5a66a51585,348160532.49221843
d4f6cc3cc6e923cd37d0fbb7,402428387.01378393
2865962bdff8929888a51341,635730740.1750436
105bcd15e02d39f70ec2ecb7,370203717.25881606
b2357bf117ecb5b9082871ca,348160532.49221843
273cb73a7bdec0d291e845f1,377153615.00925905
1f4cd62152d4940990ac6a9d,380688870.5561819
a13ff325f90eb49363f59052,588130323.0403235
40871d7ade3e592560d0b3e3,457214799.0694081
ad2081cd75928b8f5e506944,890786309.1277294
1508ebe40f90f90a68f6dd69,377153615.00925905
d3cda82d1fa53a7ca1b46a33,668690273.6693883
dc20d46be2470d85ad9e7e45,358823490.4356966
0a7fb26822c2ca556f62a257,402846559.5793512
40a1cefb3cbb7e2972e30d97,365637432.587965
4c3a2b3e3d5999f747ae0d53,944419469.9566017
a8870552db951bc4e76e7f9a,381166362.3466437
cc48e66185c23195cf958612,536823504.2315869
09d4b5b5c2f97ff88215708d,662499023.6599796
a59320023948e2d915c07306,533307205.23472077
a74214a0d4d40b898ee2be88,490773044.9710672
dd9f28d722d43112651786e6,363930410.13444036
275360e29bf3309e09ec41d9,362937164.87694705
1e21ee2ab4ef88194cc85166,407603304.44553155
268c1e17bc17dd646d1885cb,372913969.3889229
33e22ea4154e8f71062dba8b,483622980.2930578
5b5db88fa09ecd8f4b9cef6a,508675530.0914393
c41dfc0b917edb6e6ef7b1c8,776549768.2288691
3ba6b07e752fa580f630eb8f,617852330.4073818
fa6db64bd7cd8b0f1c0e2453,561260518.8260797
2422ffac7337b402339dc550,493352812.93127155
dd6d47e2626e2bf24f842f21,673169788.3478259
bb433dc1bd769d684d8b3352,948673801.2860423
812ad0d57e4291da184bfae5,422811615.46106035
51a0a1a680770b625579e25b,1364547354.7533953
a91fd5b9b1a791a6af59b70d,817757598.9769453
094da6ca19427f1a943105f6,964917689.9112741
7af0a604d1901925aa179436,511029328.17385495
890df90091e14d1c3a1b30e8,548645253.4965924
aac17b54a68bd216e2bd1d45,354774955.3531422
fce26c7fbf0bc93937ea5198,616243997.5512699
b4245f075bc41aa29b55d324,738265662.3396888
bb70d80b0c6ad3022160c8af,311290346.8599957
ac85c8f7605ceff58dcb55cb,432295128.69074076
520415ebcdd1a4059d18e2fc,740127489.5568526
81547b223494084af3e15bf3,535466771.24439895
a0f1496a0b4a7cd8b850f010,659042563.7539445
436fd4dce2ff0f71232f4b6c,338575213.68646866
3923f0e655615aa6b52721b8,737340398.530781
afe03b938be9cf14e98d4a0b,397156667.82966566
0f1c472b94feffc41f1caa44,401289771.0006065
5b76ae185e6b41243777cb4a,357289897.57060784
d70b133f81d6f1c9d93e2ed5,318781789.7064671
865459f5342a0102d255fa07,311019454.95310897
fea5eb95dfad452d6786b042,453255116.39007056
415622d0f7adb1a9f7009a63,347586626.002903
543edc342ad39b149501aaeb,453686405.8665119
89e1d01cb5bfdf567faca443,444473660.25924647
e86b99e5dac8ed0d8296e950,561730530.3117551
2c85b19f02bb3768c10d14fc,591129655.6534073
c17a3139c360750a6de5950a,454304208.24505836
cf76e6077d47a14abaf0cfb3,426047677.64606476
82ad4b3d5a215f17e745d77e,492869698.3707587
dbb4260c89524c78de7433be,481188237.576638
5b312ebdf71ab7971f9fd2d6,633000733.5329407
b3413352f0280412f53562e0,507863395.75820816
28fc5f188c5e11717cdb4a98,612643168.3419813
c4d7a906b747428aabd368cf,601116815.9288551
a4dec2ce375ab5e4bffa5966,600979488.51913
546d570784c7ab8746bba80e,557312678.2422951
cca9a08bc4a91f317b851f11,1127034795.8989942
bf43226ba66a3e2033d32fe0,593437593.2801708
c2717194de73e1a1d8dce40f,440365811.9501952
acfc06021a7a81313d85f62b,430395623.07177913
2d531a26f8b1a8afa511e3dd,485881981.075682
4a8acae29064919c68fc8600,548500063.3831456
691b030abfe1190802349715,512297209.98933
a302ef23e1d0d6a273274cd0,569387415.8552128
a742f415d6c57e8493762c57,664786225.3335519
4672d1c9c3b04fcc87a0ae9b,572185801.2026832
371a0ee537001f7a9d58465a,688258725.4458852
ca5eecb01282d4a84017bd50,676467502.631838
40eefaf8c26b8b4736308bf7,628019167.4218678
a7ff08f7e09b19c1546453fa,676501728.0894065
07a6da2c9c4833ee4cbe8625,506018885.6900872
b2d32589626abfc81e44cf70,610308137.756596
aeb68eb7eecc4aecd5529717,626774830.9026436
3c0b438c7a4fcbfaff9f678e,620977800.6003704
c37b357d57918c3a651a5760,609089899.7577512
b65c0544e9deed76615a3138,530318094.0654183
3a8b7b9048c82797fb01a8a1,465024204.43383896
7549cbd5c8003204c85ce1a5,742251814.9435132
21b4c1ad11bb1feac4d02308,593725413.2983156
b972611aaf1b68340de16545,555901800.9232458
eb3356f3856526dc140be7f4,619488537.6265563
93ba409ab36d3e10eaae18c1,714244352.18542
5717732a654405ba208c0f5f,1358061147.1951916
aebb556fa6c9275a9b5c543c,1447979666.2429883
fc72e535900c592d6053b806,724570568.4829997
04d77c8ade9a55fddd28b00c,683645152.2455873
028adaf559a05c8882893767,593272477.408656
95781f187bd3fffa3d1b19f5,417758365.0067317
cc2c78d41e3fe29de0b4ec4c,593293347.9204406
f78886545677e19e472fd0c4,609593617.0926114
3dcdbb92628e6a200adf48e8,1467360327.0781488
4993d1487d78cd9ae2c23619,1236810686.7986894
a8a2c61f2b994411af5d9bde,1362699568.6647086
57fd11f829e31e198326ac98,1096845394.905899
59b9a5730cc8a41bb7a1d16a,916698934.9200996
85b8a65f1b00f78e67622bfb,547395298.4130346
971c610e55f133a1d1e6c2b2,1057372595.6994551
0f9867abe3ea0b9c5363982c,1108262910.9625401
086521dbe18727963538aa7b,881188934.0182441
bda3c74ea6f73407a3c0a17e,718928701.4291168
257c765ac81bcf773473039b,376428955.0130831
80d2415c0460088d69574285,1062460884.283672
1554f8aa4c8fbe17e9e82d0e,620324789.6206412
00f6a62599f25ac506113149,666992199.2840186
ae26e4726c16cb2f6a6d3f2e,817865425.9645997
8018df1613094a9e4606c875,952254815.7276744
eae4a1cce7c039c644f01c6a,772148403.2791859
b07cd6c30350efc5de211a8e,842720493.1546648
5a2624a08494481388f6daff,776294410.4950534
b8eb177e22c63e84738e7788,616758354.178766
ca02c904cf5eb96ad20705ca,439435427.4926177
8e6dfdcc28f830f2696de9cf,923645257.7825862
99fdac6a2ddb1136f7117f0a,380463336.1606134
22e9f1b4b5e887cb5f0dbfd1,432897043.6328331
d89f812c7edfeb3121bf639a,388804263.3409545
19957244dabc3f727733527d,409888427.6307677
ad1322132f3b533b4aced580,379424084.29738635
40c2ea5f89f5b77cc09d1455,445875381.0518221
140c4de69883df9f3fb3a538,348018752.4284266
5529091bcc05ba5cb2156b15,372800366.5605402
55c5e58ec636586755df3dee,480369922.3422617
6049fb02c166ec9b4471a7c6,678586308.520471
758b4df32244a51b2271a891,476531591.4429526
2ed1ae5e6fa77e447af230fb,577773194.148343
527a1c27e038e45d2d1fcd9f,476980284.19742024
1d0c3ba50087cf01637de6c0,536581452.1353684
d0804da971548399183ecb85,727048300.7145824
46a7d0f520dd1e78c0cbce0f,727048300.7145824
57e5120d0b71ec6a67746a59,627992735.2476834
b5292c1e1683d40be46bc2de,410402418.80250347
01e9c7531cf3c63c04b9189f,631820583.8067709
06e91b526821a6ad1372fc44,389779522.4846662
34bca71dc9c74a2072f11e9f,530680824.13865715
22385ae2b3e7640e8c40411b,638266540.0896565
6e4adafdd872a2837921276f,396309818.15583634
8cd3031963c612efd0049f8d,422302303.081217
43b2fb09efd1593a94b61b4c,485422436.7867336
74448f56811e9562536eff6d,849032797.9365532
44f0e088fee626993778e7fb,667160324.8047309
6e6f7fa167c0f617f50c86cb,627842211.4041041
83da5fb4c15e3daf727a3cc6,642746801.9888567
b45c8a6224ae2656b4189526,819912415.3854632
0d926a0b5ef567c627a7eb0a,903018145.3061266
c73a1177d787a5ed72b8a9a7,421918317.1232251
75c1083db5c940e626c02f53,376189774.9089467
b925c9218f5132c6c81f3a18,427236573.8020561
9a091c59b3cb4c730372b34b,485105691.8378809
bcc704b2e178dd20497e073e,416759789.55417037
6f65de020f663622146b89aa,437136694.2946473
9f3680d00c86707fba024dac,538483811.0863305
18d5cc463455fdb4d443a6f2,420716516.115371
f1d76d78f9266d9552bb86f2,705137834.1441721
74dbd25d407e51337f883659,895368989.4986447
88ff73eb829a6ec5bfcc0222,937529363.6398064
ed5559fbfaba86299e87ed89,843685762.3275762
5d97aad3e83e26b551c3399a,735922320.2321801
2258ec00dec6a2b85f439135,735922320.2321801
6c94fd185169e708a08d3535,406500614.36173093
ddaa88a11432ca21d3eca774,362409130.8893486
2749b5cfd2728ebdf124a0a3,347686080.2565811
a7546a6c6194506dffd65360,481234025.0747902
6de7bfc5e8149ebc40ec0e4b,551375609.5038185
6f83f14861e13af92a2b8cf9,396229211.4169165
d71d0c8357f09fe2f77bedde,494432859.07677615
90b28f5125a0b8a0e3b10580,590832313.716295
940e08f8fc66ac29f6d76687,705635227.9034616
41d2864e1f73e29f222c61e0,495205885.5311778
f7399e57df358ae7adc9e08f,747470748.5640506
1679719f26e7c650f24eee6d,759802440.7295135
0803ef3270948a30b3fee2f0,442172668.3089683
4a3defc2b7d2cd751c9c970e,918237119.0320468
8bd2490f83568ba653cb74f6,928922853.7443191
b4ffd0a2cdcadfb962578199,887453192.9346803
7e5064603267b61520d8f83b,410141723.1431826
88964e1202647db0519a8a00,383203634.7700744
f3d94d0616744b87ff139533,483622980.2930578
60704a08df293592e4cb5719,491751100.9098077
347d5081f7bd36c8edc1f352,498541645.18456364
41d3afc1118758b5314db48e,584054767.0053262
80a1dc97797c41b61f46ec6a,622522389.2292736
c0ff8812c1e8eeab07c698a1,461145337.0854817
a9a4a765b1daec2f3ed59a80,649788267.3482443
33258f995a375ca192ca4d3c,752114094.5350055
80b6c823bad5b4c0fff46657,887701556.268192
719055eed27f361071cb9eca,729685781.409723
9a354d8c526efc5bcce59dca,1044500370.3265891
9850d970fe9fd9bae89f09ad,729608586.9038776
f2c87b07466aad7328b7e0b0,798610838.2685162
27ca0c2320c520342717355d,396581766.80493873
e958bd2b19db118c31f893cd,396581766.80493873
46dcddfc78444011abd29870,515267442.3835108
061d3fd39da1b4b1397054c1,579298840.8684785
3d1a8884a9687e53e5fb0bb7,699914381.8057227
1c0236d4bc291372483a9151,458721277.0631718
c1420f278d45b85c56f415fa,757562405.7902396
ce6fc507df0105c68c29214c,406815082.2858906
e4f26a73bad4e41c375dd897,722117853.6231511
719190aff81379902beb6497,788100813.5390224
da627dae6941b59d1eb98e35,475943447.9243283
2189d3297ea703e50ec34d96,655843322.8592871
c7205874bee601a7b01a0cd3,681243947.49914
a22bc19d0d83b13a53630b7b,434899995.5581897
8acebaa9fd7e917d7e3b391b,386193769.38377345
4e104916ab915cf3c0bef846,615145457.8056092
b0df95e9fc94d9aeebc960df,652262037.0910985
ab419cd48b81038c5a30c721,531741946.293179
5b9bae6f556700e099fedf08,409055513.78888345
989360149d9cc6088391db4d,758613765.7426534
bad7560aac04600e1ec1a9ce,619589056.5064133
08d9f04bc4ebdc74e9d80b16,691546727.5186621
f4311c45516bafcfe8864c70,445551840.4581588
c84e1db639ee43ad83f930c3,409591834.99631935
f778fa43c92344cfbd700432,539730822.3775223
2019bd32dbd09fa285a388f7,507173673.4467361
4db834146c4e73b515d510ce,409122528.15422946
9f9f2548425519863e2cd6b6,458416979.5941911
6c3bb7e1696df587990161b1,368127210.7347516
82f08aadf1eeaf2058b50592,391320876.0061262
753e74e4dbefeccf3e6b27fb,397052932.87955546
a26149f589edb9a903782a3f,440904636.88889974
bd264728a0464376e22b6bee,391320876.0061262
2d5564a502635dce2d46ef8e,624895939.0296088
05bcc7d7db8d352216a4af59,605666467.7577122
4794d9994512f01a4bbb6c48,515200623.31040245
64a4528640fe492865ebc0dd,540336074.9647152
f655ec98cd42b0bf2d7cfbfe,589044941.5187393
b09de5f1e028d4fafeb8a22b,695481723.5268497
4c79f17573007a39bb2b4b7b,702941757.4525411
824894236c20b081af2c9868,615908963.3075469
107e76f0c913e19217662faf,1088319160.2903461
d5e2bbb69ba3876b93af2d3c,951228165.1251936
a2905faba4c1177603e6cd5b,921713847.9396173
d13e3d432783206eecb0e192,919719572.8911804
6fecee4b1e5f50c0b27dbba4,1288697065.7382417
57891292fbd530872cbe68b2,1121423229.3042526
d0d6a1b5c60ad420ebf2ab8f,681243947.49914
711736da4f0e8282fc8c9e69,681243947.49914
f32a3b542efba398907ec912,575968826.0797263
299a94a02e887c6ab1de59c7,423638348.74588346
ad844bdb1150508a4c6d57b8,467980578.6826653
78c17e6ceb87f7587364c873,504596551.6065914
22e8713e2051c88cdafe2364,593645158.9341449
79c5085c14068e492e402a26,1192583160.7284064
205e9d987013859f391b27b5,986567180.5625892
36aa7d0cbfe40adf3c86a134,829039876.0306108
d54d787189cc8f014ae58aaa,549958731.4554694
fe2f1459eb0a380dc31e3a4e,528619438.98982733
ad663952ff2ba1953efdc460,499927620.78979784
b7320c35e90f33fbb1c28813,614415848.9858875
8f90134b8e68948cb18fced1,595006012.7310636
2dfeb06300828182d4109c43,734049390.039301
3f5a0cbba1433e9b6588dd73,478982865.7793375
f952c40e24c9df4ab2d62017,730836987.9073757
462c7546b358b00e617ce012,453686322.02248126
e0df3391aeb8d3f4b00f418b,615323398.3096304
1e48878318d35476c3e87520,353833214.9125241
e3903705d5a48c6d9f828ab9,480877410.156594
9e590ad7d22105456bebc767,553806953.5234737
d0fe3d393eee5c0cea5bb6e2,402476738.8057103
57b3791f2c5acffb0097f7c4,419791599.81570244
e11f9a5cf9d6ab0ffddd6096,663205478.7532015
9a3920f803b087c29b487cec,741277313.3358598
6cc0fe8ddc318f1bbad360c5,874045826.375134
3e0c656b64d39ab38201a112,437939849.11140406
cd55abdb54bd56d54b11fad2,874045826.375134
7cd39eb8de56700519d8f287,554272010.7638055
d762007a4ea5de370738e875,630901490.681904
f4fc67d9b9c6078003f9af35,854514759.4417678
dc0a4632d7378c25be351760,594074411.5004295
530a3bae5a13291c69bb8474,470216915.6834416
32b678be83da2a07b37f3012,380775329.8891533
349768047d470d2fa6ff1930,901165468.7672163
e017c3311e2fdeb50a686547,877675321.7931182
bd0329ddd50f2dc4dafebd26,849429756.2312702
f6252e878aef5f8a641c3d6e,530171598.5034712
45ae8ffacfd00fb4a4f53d0f,836250191.95756
d186e369ed884150e71906da,889842759.6908299
7b9e6b7eb3a5db0443193fbd,651357287.7558424
1ddeeae13139b7c9ada353a3,452298590.64121306
a1ae6f9f5d02548c89b23904,665413725.4755845
dc298d37c5235e15b4cd68a3,498881624.9511462
f640753edfd8fb1a995f1de1,450266311.94444907
69a1f439de0f06e1143a0006,726294947.8141643
98f253233bfcd16533e2a448,939772487.8484498
ece6f8c652d4227370ef0fcf,894985927.684022
599506739a6544839bd97b81,808464054.2202898
a12f49f4ac3c5bb0dc7d8d20,401819624.63093066
9da00f8ff8e19d26c1342274,948875103.0106353
cf5213877dfb4df98f0dc10f,543293780.0797672
84c7006b5a63add890a224e8,810585472.72787
88aed38ca59c09e1a6202672,732133650.5458261
e6bda9370c80a5f7e5cb6b07,572754930.0746218
3b54ab53b6e3453e333a0939,328367297.247309
e72ff7414cceec6b162df345,599192609.5788466
f2d4c1faeb7694370bc65ec2,525475744.5823165
e1ffd027cce28c44c0d2f80c,421045469.5959123
5c5039602efa36222e64108a,500829582.7849899
b50f2c871166ee1009416be6,567803909.7884195
5e7e36116dbc08932f5fcbf0,593443670.9899615
325ce336d3df17a078db5166,578733846.6495059
a26e967b288a1eb6d8e71d46,409233700.9200183
139331d23d9e3c40cf083a7d,616180904.758875
1704b2d5f4a33401fb153608,342315536.2127635
ee70354146295365bf241d9c,472036319.6652028
fbb0a76f05908c118f7a3df6,451785285.33592427
2aeb794adc9892354aff7240,412458306.17231756
b0a32581cbb586f9710dc3e2,833432744.2957864
ad7f3aae29fa1e7ec900b563,771316925.5706397
1695225258263bd2f463b21e,860265803.4567893
f72fb486fae49fc1de1fdcfd,1009278588.6709825
6b8f7074aed7ae7e6cfbb090,1296397263.786371
619dab52b321ab297a604185,1363595405.7580721
b5bb9af24f9de68e91a1df76,1372388200.0432599
ac3d21f51637207d3e031c2d,685956076.1205386
2aac28d03c2110d871b5f274,451790297.0135955
9ef498b11563827597c82947,367700863.9383319
4f2ca698ff03df0c6386e48f,480445064.58493304
606df4826416ea0f146ddf99,474881263.0601237
9ff08a6ca1c63480c563442c,587438984.0327146
ec27554aa1c62314f4d46fc8,382983198.64492834
762374e94f17a8783a66d598,397348690.0438541
83ca3a41ca4b5337107c197e,616368538.3933526
c166a9293fa27e910e1fa9c1,478322968.651192
57f8a1e37c4ffb1b8cbd342a,649788267.3482443
393d99ca47315ae98fe9e7c8,976194772.6983854
9bef4aacc63605f2b2b62292,460067844.27942103
a266efa4e41df357ac4edda4,990788063.6333319
adfdb0eda9aa97f0d3005c4d,497737896.95902336
f05aee3e433cb036653b4375,557647057.3154207
2dfd1808bb95170a088deac6,634658058.1533163
dadf0a00434e8ceefb3e26af,660559745.070021
4336ff9b2dc1d97ac8f9694a,342709394.7328078
eb14a5813f860bb74740da2b,334311178.128391
3d580d0df1bf9dd124c282c9,387641726.74929106
49bb5311607e4c7600caa03b,543376153.8033125
78a39ae05ac53535ba0fad2c,444067886.7004765
936e18fcf06ca3c46eda7c8c,491809865.0320869
23f12add67accdc9ed40f59f,380755886.9675025
eb1b9e15dcb88964f79e6a4a,507130270.02437997
e2b7f984616fff25e3dd6a3f,544566786.460378
b8e2b98548a234a245d7935c,506894474.07216996
79382c56606e701e44d55033,922974721.5753462
983874e637a1a5782f31089f,446549638.06717265
3da9de8f610e5c40401a5b78,556355949.0561768
cd69a049dd8a3822e228ebaf,462141231.6094963
604f1b5149f770a8f370fc75,457659445.9647637
0d24fc1c5deb78eb1a0caa51,488929682.9432247
583af1118e60e46c347ec593,703839830.3028048
13b181b46359620191e6e4c1,350386015.6514033
50d8333064f0560cbe549f89,504362157.02013445
d9000c1afed253d05de7819b,356730707.1774642
792ac070d1a314f585f09987,489603649.8741077
3e874c25176a3abb336b31ac,391160640.76287746
419ce7158ed62eb6897cf09e,386909161.5862964
b6b87c05c4238be76d94da2b,327262194.8263246
980d809e549333b475477bf9,387880545.49004585
a7df3d344010d5bb7dc70bf0,363115479.1144699
3d474c6a88ceb86e00f68b3a,375994111.19035953
be4bdb73add69f12f7aa6d06,378784595.54174954
fa5234ddf23dd0d9cbd3cac2,347554865.8693567
91a08f81b621333ac58c3845,483223238.9205836
702aaf395bc78986a008d70a,398575690.82572174
86b0c9c1277e9143ee765b43,437615606.37173027
9c2c22e70cffe6836f554f24,453197308.08644825
31f56b841b122b35615bae2c,442355399.3939956
41227dc9c9948a5f0688e426,460304244.25673205
781989d4b732f961f91bc3e4,432537730.4242742
cfed0221146f4d83d641e1aa,492405633.4298024
8ec491780efb2c27df8dc08b,363204720.103585
8a5866428508658b4a2a4cb4,505547327.8491883
156dc81d6e14a71716aebcab,507896594.5038005
c24be8293c8f4080562ec0fa,430468225.367964
7fa11c05ed1c123c1a457b1f,400129396.632443
a63c36f6e7e7ce7c7e7fe457,428845575.8485469
f9bca38d3e08176649504e74,527233083.0639247
3d389130627ca7bade643f47,516321379.88378936
70314b0bd995a4b03c771ae7,510851811.68927944
a3c3c9fc04cf2e2a051a12e6,430468225.367964
4cbe75a162b076c4c454dfe9,442630399.00960153
0c62d4d501a426cc8fde0c36,440178061.2633021
533363375cf2cbc50d86773c,519163308.91138315
21d0f28d5f30a64352e60ac4,466201517.1284964
471b5135fced50f7cb4197e2,422199754.9093794
1c7586fd8a1a38bbda9c92cb,456345505.6044832
a0f28aaedd12f3d0eee8c6ea,363204720.103585
8923182b6dcc9f2d8be1ab53,473257289.0679886
67f694b29bfa494bd9d9cf44,427860884.38219655
b721a5846527d5338322c9d6,412517299.54556996
ed09fe201c9ab02a91779dcd,383389154.3989031
f49045b312d12268eefedcba,400129396.632443
22ae194316f34d482bdf404b,430468225.367964
4f450ba5de4766e5ecb8a4a5,445385881.4148727
235a2209cde8f8b0276c845a,512389006.46740836
f563f0899884de7f9bdab405,373749259.77544945
5b462279f602c5b67ada82ee,552285234.4486474
fa4af69aa064a4306cb110d0,432537730.4242742
a70d32ccaa78ae9417aa7e4f,430468225.367964
77c9e5e3a6d965ede708cda6,394875776.2558787
5637f3d3278ea049333afff4,466201517.1284964
1b1c220eb91c9448b520b76a,602886019.6890012
f4a6ec71ad7790df9578324f,447067267.61161095
217e1715fdd5db76ce93cfe2,415833971.6715718
2cfa1397c901b4e940d9f673,442630399.00960153
44672de0d6d9d0cb3b4ae938,460304244.25673205
1c50477e5b3a67f3d8fec62c,359801589.97731274
0a2a67e8b310471b115c60bf,429210130.6954734
06220a42e68510eccb4d790d,525227353.1537161
611a3e1d63c6ce5ff8779243,415964341.4972181
1284d7ed08122731aa7c0461,396694618.715662
d44eebc871d1fa6981c32ccb,518209920.487806
43272151f217feab78190393,667384303.1065848
6bff92260afd556a98d3e3a5,641123989.6863265
00586a92b53f4a8f9f6b3022,552986932.2667917
745e7f6a83b55196f231466f,598627406.4753654
9c558e10e5bbf230f16968f6,600017102.2728301
1b425a31cbb73b713f291e19,632306716.6535672
076ccba20dac8bfcf184b8a8,577161425.8470179
c8fd8b729f4ac6270aff9c9d,537615345.7919208
52f026e670e9851b08c70542,666373554.0710456
00304df33a3c9a7e396ddd3a,608712686.9833326
ee27eba49457286b5ab76172,774885942.4199623
97b57932e5e20416bad6919e,589044941.5187393
e570c5f58a20fda42bfb535b,552038766.3428398
79acb227b5ea365414982957,640435195.5393469
d24258de8d2ca10186660a1c,698585171.3779941
8a8c202c069c20696c2de85a,563716853.2594106
40f301afabee5be092ba20ad,712068823.8374912
afa842858299a6ebee166e31,577161425.8470179
7641dcf512a05ca754930bed,519152889.49478894
8c9b472c55d4b99e44041de5,658157738.9775715
88b98c026b7650192034535f,617328555.3441602
9bdb1bc52a9ddfe92e6a948b,753894914.3949486
4abef5720fd889512ecff70a,787519011.8935691
58b139bc16fa2731e4b76f28,667384303.1065848
9ad9ac8728cfc2387285c24f,628479648.0302902
75fd5603c4de9678627f81d9,555479089.9922361
9f4a25a5550f016ef2370229,589044941.5187393
d4f4d0ed36ac9affd71f302f,695481723.5268497
51bf7bc1c19fcd42e71f2463,654726233.306752
49ce19caa1325233d0de331e,589044941.5187393
5aa1667bc8db26bac1c72f5f,605795051.3470556
b43b36ea4f81bbfd4dc4d781,637070979.4286536
2a623b33f3cc1f54620b5233,405595156.0358494
8745eefb9e2761ff7eef558f,586333275.3775674
0e49eaa5cde9375b1f026820,416848451.43173015
f5acbf43add5776430d8d4a9,759480126.9794649
ca50f7143937a99accef865f,562556696.5398544
0e1bc8ba1953ec8c28e53b9e,760498030.9447736
980bafcd065c8e3d6cece127,696103569.732917
c81133d5a58d7e8eebb10c8c,562556696.5398544
09656004f0a7f544580958fb,611240843.1050072
edd342f84fc90478e344ea1f,622020611.1042997
76974826c758eec5c255c5da,724841344.5136038
63b09e45c1b7dca181491030,669578300.6053348
89952b237fda041b09f0efa1,635321815.9375426
219164e1d9b14cabb9bbb8ab,781285805.7500863
ac8aa244c21a9b86de4ed599,562556696.5398544
92ba222e2dd63a4453a30637,589044941.5187393
bfaf8b7796c8c57bb5997be7,749934365.1928385
dd5a565f854eaef90976c5fc,774885942.4199623
f8ccd21343b112d8f9e7123c,624254745.2233884
a90991f865ac81cdb3de201f,654227047.3166238
fc57fa9bbc16d1b8106c2c70,589044941.5187393
9ee3218bc61636cf0d7f8107,652588388.6849504
c00592c7c0c3a863a1bab9c3,560400893.8455888
f0aa18bf86a36daeb59946e8,593633253.520286
e186499af986f1959f729b9b,594704560.9624735
18420ed4661539a2d72ff400,641123989.6863265
957731b9940c9131d92a22fa,640926270.2825696
9172caeeaf6498737fa0c6dd,649557452.0488862
c798ea36d2e4a8119723eae7,562556696.5398544
eb963f082209fc077aa72bc9,555479089.9922361
07b7ba964a8e30dc16d66443,1011219974.3679044
7fe364ae771a7689d2fa5584,978515145.8429025
c59e06a2ed37fd750cf39976,919719572.8911804
ce03d8ae43a426e074ed35f5,1007417946.5001391
b76c45ccae25a06dd5fc432e,847940788.5531741
f855725acc115bbbf03bacec,795914643.4299402
b0b0db3bbe07839bc2b600fe,873291559.5885625
cfc8dcf337e020b875ef1572,882358224.081562
390107256faa08574d7231d2,864471262.1962212
fb10f3b45e865b4626f65ddf,926991343.7337583
75f167e2273fbecb2c81ac0e,782440265.2008189
a7b15424d7c025d885636a72,1081390116.9514253
f9c11e980254045d7478f273,943964975.4279934
e0b13f6dc213d05133252d15,919719572.8911804
c12f362b9060344ad044cfb7,966241013.9077156
f872f224d2af413cd104f24d,993268969.7036355
092045750c36a8945c526a12,523367344.7462238
5ef33cf17d4b45277edf35a1,385299529.23372275
fc64387d7c3c91a6e6e876ab,619771023.615318
c1168159d4e2fffdd5662757,586464524.47658
cb604e3a56cc847189462004,642041611.7644149
9e95710c61a4706e21cf70b3,385299529.23372275
ab37f67a3afa274e719ecbd8,589247629.0810095
970cb360eb64128037be7e23,491770185.1934839
e42fc32db529e088f15cec8b,679377523.7793953
8925028d6e7a6cfce9967779,470070369.4690534
759e76e38d84a4188dff5446,739656944.5651717
83a376df2024c4c9fbf2a0ca,490376335.1995123
a8bb80d99280e332084b3950,524923903.61947405
c16ab4a11cf67a39fec6f049,377460402.32840043
9cd1127b1bc10db6b8ce5d4b,972287615.237638
ddfa979b1d7cdea1d7dd0a86,392191974.33886933
d78f7a1592c0779093150ddc,540135617.6282427
97ce3e0ef38ad12f7fa8c4d0,401572395.96367604
5c789f2834a1a69aede6316c,405097259.5969825
c29ec380fc7295a9a770a74b,389442160.58161515
5987f6171a2bcb37062ccc94,748722310.372702
1e91de6194769980800b4de8,703833961.4375812
0a0f206f04bfb10c137388d3,971573464.0568687
34dd15023216e187daaf5a07,520831519.95079476
33d2d1db291a13affdc209bf,486145732.2112072
6fa5e5160d7c2bed824bc0d0,489856362.5698056
8c04aa7506b8c80c1bac23f5,908122666.3310047
e5d445e39104d9ee6b244822,649670254.73221
2ca6b3016a89139ec7590f9a,681393426.652032
e567e9e5862b13f0085505d4,405148313.4942814
edd1c4fdbef4e6beafbd39b8,424963042.7579273
039a9029c4341b1528ca6b46,403430795.3006131
fa1533051ea4145f7f710ed9,457653588.7482945
9c99a85c5dd878568582dd9f,451358759.2948023
9ec426691c80918203394ee1,464836175.0993385
66f58d9d1e1eb7e81cab24a2,533056287.25922394
0d0f8ce05ebe99dd3bb7b23b,600254288.2628205
6a65986cecddc5c47fbddb9e,618031136.4596097
a82fc744f537ddc6fbd16883,608861015.4023812
d4c40178c19d6cb2fcc88e48,500262466.3902104
4034cb3cb77e9cb39cc98fc5,494209039.4544849
41ae9d3d280d4eebe510606a,486396437.69893754
4aaf6763c105ddf2a6eddbfe,429425100.0673246
633a7038a23ffaf4b3f7896d,589044941.5187393
2a531aa9576c5f91891cc8a9,597075748.7460417
85d58cf85a179e167428ffa5,692361917.2477056
42f05e5d4862d653efda75c0,674944569.3188288
256a46a6d45d168169f63aab,527522526.1921073
4b0fba692104472b36c38c3d,640435195.5393469
253c85b226a15d0ec2fbbff4,643910081.0013136
b0bb2299d5f456f800993a11,702421872.6428658
47fe78f6299f757b231be10e,568855393.8889334
4d09ece928ffac7e7d270bd8,642987742.7027255
fc762d2d172737cabbdfcc75,763940051.3615037
2809252a96f47776d12021af,634766903.2623667
29eb473852b36dcfbda0c702,634766903.2623667
231c050bebe12f568ef92afc,454322067.5374566
acaf9e18bbc7295633d92e01,656826964.6802163
860435300909449c0443c10e,632806549.4958426
f967ad5e086f485c27f09990,896438554.5581785
678927546243e932b48d6058,926746861.0218239
c537ea2620b8c3a3f013c0b9,939955085.4351306
10037227b2a24d9a72ced322,691468757.2006239
1b4b3662ca18e731acc18928,1064030097.2338742
e6717956eeaadb3e95840256,849935144.5152568
ccc4457f68fcc1a416e3acf3,456371841.7777298
94d91969cc4b9aa1e856d801,781505861.5503207
2cc821cd7b5fa82b27308f87,455401532.29148823
f05b3779581ac0015f29571f,873451453.6217515
dfe09a5f848e8e819c361ac9,517656303.2773181
ba87ed2a657b0b042a05460e,490858394.61092955
f967aa89a4440cc1c44bdc54,349243547.2518876
81fc8d666c8735e1095d0d4a,904882277.8764359
fd8b9540f1e9da778d566d25,767976691.1214484
70baafa9789d2fcf1bc212bb,609367739.1961302
4911f8879e5bc9c27ac13bb1,362866229.5632354
ce53f3477814fdea2889cd2c,417794451.76282215
62f022e19ce6608919eab5f9,497890458.89627796
55657bb933aa2ea3083e0b90,440130414.50751257
808dd470aed6064f02aa5103,440748321.60898364
39bc028f3b42d9ea48808ad0,478093886.14345384
c0c01ecbb9189d77098659b8,435457085.8852411
57c68d470f6248d00b6719e4,748155987.5476356
26c66cf2f43bea00e6387326,679001378.5077558
b5f0dfbd34392f6855bb4b52,531004491.2981666
25202264e18928158b89278b,640874694.8260026
e93abbb49b24717d3a0767e8,615715473.4693847
906e1f2e1bc5cd51a55b0266,610855263.0713139
eef1d35ffd08dd161a36a2d1,903820541.3564914
35e0cac576415a4e61acec80,980670094.4229372
53ebe061b85f046ed12ee9c5,999934416.9429369
059d77736dc72013de7767f1,532840896.66350305
17d7986a62e0b066e4e5530e,419021682.9281866
8236c798dbffb3db51d5d744,363679217.86515045
587e67078115103d184970be,445072479.38458294
7569fb4aaa9a52d6a525e3b0,465149374.4749329
db122cadb7a9c33f420fe246,471429769.47735834
e852246b7661d30dd2e1f0ab,455947939.5976956
f04eb16931448e87aec205fd,489603649.8741077
90e858d3740d4aec0fa21c12,432537730.4242742
65647ca6e47eb2b9ba20058d,588741534.7042266
d0792d22549d1b3f63baf3ad,378109011.6557694
76c4045b5dad9a8226e9244a,550347511.3209739
fac4f0bee67523194fd4312f,421156159.0891304
ba89ed56d156579ce288dbcc,505547327.8491883
adce397b6d1473b9b6d02865,467396120.6930291
f1a924badef699637ea8fcc2,523334896.99666286
3bdce823d3b96e8f0170d96d,567234005.807159
439004dc23f97a878ebf371a,649052940.0603383
192e05cd731950f91fef1d83,1174235888.1165066
5110c49047db23ac3aa4ace4,479302650.6523156
f4f7bd9d03eecf35e9f37619,631848946.4394207
141dfd80a005f7b32bf70375,634217536.8105587
08513fe1cddb2cad74874a59,462750420.88838565
6b23aa3ca5edd20134811cea,454322067.5374566
0fcab263453a9f196468e552,644922764.6573794
127e08fa99afcaa339eff684,633533236.1949902
d2c46ef63db73ba3cb7e32a1,634398201.1808218
7c50c93bc9e8846345892c12,635321815.9375426
63698398738ebc7ccebac817,590770130.4337603
417e974a3f0d97e502e49800,608964374.8711963
6483f2fcdfbd26c621a527fb,975056638.2867877
3b739666f401ca6b2135652c,1002121782.1429965
1b750e6e2e92e8222482cb46,681134435.8202692
dd34882ac55c57480663f7ec,759802440.7295135
026c6384ceba017c5f2cd66e,740805077.5598963
3f4272a3a4b14ce152fc3abb,410491284.8614015
5cccf025fcc0a7d9ea01b170,550954453.8771511
c8d179013c5bb6379693ef03,507271543.5630658
8c258d10ce32150f5fe5b712,747682676.921211
eeb6fa8f820ec63aa0aaa303,590832313.716295
ec8b305ddc2bc211a8a05d0c,366682557.2323974
5a84e6d2ab8db0fc60775d03,479211012.40773344
015d17895f32e2a8b616ca1b,648694107.8454567
6fa35f1af6d51d341a3165ae,542755840.7746822
17821a9cb766b0f3ecf24e83,431053032.01592153
23141c17df584746755dc508,403828393.49423957
00076c8f390d5dcccc133309,610308137.756596
25488b1c8fedde6250b413ba,454591531.97058487
5ba6b4953759b45cb83512c7,940560564.9275501
8ea02baab0c59eac6584f62d,1188893354.871458
b5c34f90096fc88b8ca758f2,971589607.0218095
35bc25d0f9de2ed4f714fc8c,506106926.86205703
8b0e1911b8ab8028409dc9fe,962468552.8106116
2ba1672e49c023258d262d1d,408811074.3388279
2d778563921376962d126cbb,490335107.28781235
bfe7c873b2fbad871327994a,602965980.2916667
72d0f19409c85dbe32cf6ec4,940621277.2052178
d406baf5cc9b4473ae9b8426,372448503.7532951
070912b7e5fb205918c1f4a3,348033264.59667337
659abd72d12756ba0670f466,411387521.637838
7a464b948b65544159cd0db0,437172483.70174146
e89774d061d50c83b409a071,464777335.0362135
fd6b2efe5da2c35058333bbf,423849746.46240294
4577c1623c8407e95e893e63,521483539.09157777
21adc839dec9e8efb128abf1,474846444.8085484
aa843a050ebe8e4b3a04e9ef,924694364.2054422
0252fcaf7bcde09274d34be5,927656229.8279359
46d77c92811f0c87d2d4907d,821776837.280272
a8c662f906075eedb098ae5d,685460142.8207358
b8b46931b93b7750e0d1ada3,633519911.9544613
efde559422ec1dcc55abc686,706946467.887944
339bc881458ca34bdcb771da,914341042.482718
d7ad6527cae719481f849927,935325057.6325938
df3abaff81c430b4ba85d4a3,824376652.9904648
bfd2f20a7bfb0d865d7f7193,1350766409.379806
fa3ee96e6b6ffdfd00aa335e,1321206103.770905
163228979751798ded8c3fcb,649788267.3482443
3578144f12e13e98e8cb2480,383351009.79134905
7136cad475a0480044707984,484319075.173809
93f5694b4854068f42ffe55b,389319413.6249684
51608bf64739db05c47a3bc8,627992735.2476834
6a01b6d09d516d67f4a2fb43,358401986.88686687
5f26f33bd89fa7563ac6873f,432384307.119346
aba54b001154ad881dfeea6c,358830564.4239766
b2eb63e5da917ce649a72142,451790297.0135955
1427aec89ee9564b95e93cd4,398493859.55523187
a0087db5e9e2cdd6073021a7,413087541.7645145
4396f94f7f3c403c43d3ede9,461584945.37942654
aa703cc78a1ce659901e711b,547974189.3902682
0dd1bb83f0f18af30da139f4,460655998.826621
37efd3e2a5b6567957c62081,502038709.3016014
ea47ad6335e74dea06228b16,534818599.85265195
8a975117ab302b77ac057823,484945972.7275751
ca5949c4bcf0b63e5d1be784,445532274.13622135
e9f3f41366d5d784c2928937,499718683.39601004
7a9c505db21b777203d34bf6,454430572.299634
238cf9f99c4b01777a97f82d,420193925.7409633
385fcde12021f4bbae6ac2fa,400794295.70890266
d9eaec557a7a6674565db1ac,601113046.9050778
30b0c440c0bc8c6005855ff8,589183491.099074
09feba43c0b8f3560fe09be8,617852330.4073818
2547bcc87b618d3d7e22dc21,634328525.1564156
1240a616080d6ba5459335a5,574294890.7245839
7cbc8fca4f84908ed4e7192a,569602326.6031538
151a16e94d538a7a6d658ee0,619993446.3032033
a8ecaa9120c6da21229cf145,569162455.6227864
3ca34fa833e6ba10cb4b1944,754401687.6167655
dca2e851b82c512f01611ade,596343047.8075292
3747996611a842c452865a9c,607512228.0110936
3528df61a44a9895248336c9,567010180.7677499
398a67970cee5dc873d71bbc,764329197.0092217
1ba2c2eedb352ef9bb59c638,511899952.7102492
f6f4a467f40bace72ecff598,610518881.0638667
b2af9047dbf58867ed0c42af,900181847.3965122
012b8d616667a6dcece0dfaf,1017040025.547236
0b117f10e699f10f97a7e7c6,741064030.7774322
8d5192b6208902ddf4804839,859501460.2515315
b86cad78da7bf06b5ac39f99,773675049.2210244
4cc8c95dee29e43463a8dfd9,475412616.60142267
76846ed8b7ab36821b848f2f,579490648.0754892
5428bf7f37a94ce9fb2dd435,427963691.0083703
b22c39c3df7d8e32cec2ba43,437369639.462064
44f5380847c175a42becfcdb,1278327887.2744608
fae53fba5d405b2e6a3abf01,296976252.8568112
3b52bd5eee5ef8e3871dcb3d,1578163351.9825444
21eef7da02b0f2a2fd987135,493377139.9827422
1dd6b0ade195edae38a4a20a,486391151.00660926
f359afc7bb50cf6a61ac63d6,425964712.24571425
b0de107a8cfad95f09876eb2,942350756.836777
2e8c76f4ed59cd3924f7136d,770986909.5189705
06a2efde5244f7d653ddfb8e,540107126.2562469
f72e2f6cfbd32d97bbff3ac5,420309067.806964
9705748d2bb061678a80826c,776349041.0895981
9620068cef0622c404e15960,395560409.39228326
cf2e8824527989d3cd29c058,399764717.1521742
6e606a7c8bc632ba0ba37184,540718767.8185163
63fa384ea296390350f23d7f,460326880.7939951
4d3f5e7ecf4d361d7eb55f5e,467474886.318595
e31a209077a3e47712588730,446983161.5858244
5f18524e839c2987594a11a9,457771043.04693264
def06f49a0b8230ab613db94,670282729.709295
faa72370e4c7718964930805,670282729.709295
983503bb75d84c410d1c5d3e,527831111.2660114
30f381306494ebaa760b990c,411967501.78203404
5e72dbafa642e4f416e6f01a,416276352.18550956
3d5ece38670c1c96df4cfff8,411967501.78203404
1bd6861d451d128c8bdb72e4,693404347.5456347
072a6f084d31a5a4be4060dc,561307949.4033262
4d8deb43d663fb079262708f,782633469.266249
f00b8eac1812a500d7a732ff,730836987.9073757
77a62d5e2c89da24f66a2118,506894474.07216996
961886897eda4b0ce54d1d82,647699835.1484622
6f6c83ff891e43b7c84728e0,939382395.8490818
ca8c85e8100f64416146368e,926150968.9922055
24297f4a3e14c24c941e7720,922974721.5753462
98d7f0935f021acf313630a5,1007038801.5000457
a362533eea6c235049bf3359,623159928.7689073
2ddda0ae748b38a6258f660c,1312892189.6096034
b18107a422b9eb6da9fb692f,892001445.5728543
11cd643195dbe5dd4567b62a,1066138003.7718338
c9ee7f0666429c0c15c37499,317672458.22669756
c386d1ac4fa8dcec4cbf9788,400560847.81729805
21e0bc9789139640ea33ed09,1093597424.502016
cacb91ac1b835d62422b8a8e,775868277.6145433
bc41e69def6bc7490800c4a4,367727866.50361294
7a13669d2d7ed2e50b80b4d8,354418699.2829051
08dbbd8d672fd09463c061a5,424431485.67567146
cb93b0d5e9a26628b0462b14,438892352.0322706
d6a43f209f810455fa41dfd6,427158580.03753436
ed5dfe95f82f4c087af07045,666138547.3095068
02060d2f56e979a61427f806,665428277.5767459
88ffa9f0bc3f6c9f2e589a75,1256969017.4119756
b48093abeaa178d1f7fbd83b,423994640.11795896
b42734770dacb7e580a6d742,728107279.9750085
d3aa845e96d22f31a3656aa1,328786788.6470782
becc3ae7a71d597bcb16d261,631271424.8069116
8dcfc24742ba669335a2d65f,683418456.2965125
45e2411d38589a2d85774c5f,650629920.6766886
9761b0f43949eb5307472ba2,734105101.927409
e07035cb49625760c7da85d1,472563283.07170033
f88bb9c5a471504c13d3616c,399429929.0950711
4bb5265c6e63449e5fbaa270,936377408.8561022
ac73b8700744cb7835f328cd,574828220.5747604
a632ececd6a023aae8a7b730,442697341.08111376
858288683063dea9d5c57420,478494309.44824725
d04f549fdf8f34bab19a171c,382438458.75176513
6ed5fa8f114431d158d35f43,436487945.0584993
f849dfccaa8163d24ed935e2,675768487.9041885
bfde6e7200fc27e6e6f1497e,682817692.8286465
59c11d3de7153d2605cc2273,508718325.42839146
33ddf4e1ed8c864e9db16887,636216837.8521314
00f5ba660a4fcf6ddb96220a,605858889.7271556
a13004b87c6d7e7bf6b75730,407768480.0068141
eebc02ff14b6d270746ca055,674470907.5263251
65ba6e178f3565a84c6ff973,644392744.6489649
a57f40f00f80abc7450aaf9b,456749584.37017906
df37b916acdce817865197ae,635152431.9230419
b5c074ee2e2538aeca099fc4,810710636.9294174
004c9da9ef1b3b5e309e475a,585116036.4983356
c5b47ac5c4b7476d50bd56ec,592921671.2670166
778ec765417db9ee48d697de,575714190.9535106
b287339babba162e290d0fb0,431923948.3804847
4d35e00e86a9d508d82ea90a,308121960.6258839
0dc2a023fb6c5e0b92d86ae2,727708367.9064544
5787d7c671378e596edfb58c,641077232.7486993
8595b5517cb3f1ff8094d67c,546417310.3040115
f4d53276bdb5899c6f059c67,620591356.3723941
9562ef63320854bc6f94b5a4,372698353.53244525
c04e72fb6244d9a9b28322b8,792685035.8668959
3d141576443a97b0202c9672,1048340648.4230317
7caa4bad394586a46dfad854,772035545.9696542
8420bb74fadc0c8853cda025,422089444.9817563
b274adb68a37458cc5181fe2,535077405.71521485
8561bc940a91f029147430f1,748722310.372702
258a968e403e747af5693a3a,988452794.7324945
0de34892fee879f449facb19,617570609.5053946
9634cfebe7e6b095f0065ee7,1024603810.0975494
1f3544c9f47bc00fcdf59d74,508526736.0792843
e3077f6e47d130106e7165c9,581808968.8818228
f0ce47907c3c30b6b5e990b1,849761576.4151523
1432cf7de2beb14fc7603ae7,834027479.8584809
60f0df18cb4324ce5f4bf650,768762248.7321651
7c1dc421f5a689aea5babe4c,584132483.187373
020dfae44183c65b708727c7,507510349.9844812
92a9c07259efc617e7d58f9c,645538159.2680205
18531c57f6dca78763d360bf,475556115.5148859
dacd62440872b6e94ea56fab,360061697.70450485
b607bd072e8293d6594f3829,686761219.2002333
eb86c1da60250e5559fc3cfe,550126261.6888083
fae649fc7256b9a3ec036583,596721969.5859535
b7fa81aa571906a93e9b6cba,814355114.1506965
0823be832fff81b3f1291859,347708276.18526727
fca3a0fe5db369235960d285,519374558.504839
496fd5c93b2a578d970ed55f,428406697.104068
9c63c6c27c74c03f071385e2,461523458.599096
6ebe90f7140b738b3696f086,369534318.0141829
7110d6374f3fc282e4f4bdb0,460914576.0287353
d33994c75d98941acffeeb90,987102702.9505023
b8e8d84450f5e0bc8a721c94,655972263.9105246
cba57e3b393b3e392c7431fb,630826729.5197701
fc2ceba651bc629e7f690849,745639077.2927239
857761b5fc5c7d101cb765b6,572413094.4304585
55f67dd7302b68477e803399,535003875.85399204
19f538269846412f3e150a4a,669424741.3469247
75e0fa8e5c83c49d3a0dea48,966087147.4130881
fcdbfb9e15352cf210cce7cd,891393759.709565
c2b91ce4b1bc8c576a0ce1c8,957129317.7495016
73eaff92528288fdbcd61e2a,962487232.4060736
f6544a1c169aafe6c8142907,856412502.3034043
cba9aead5bad82b31da51e6e,1057595010.33323
b239bdcbfae846bf74791728,785721391.4469947
3b823e81c5378ee3c977e863,445169196.4576371
1b4db5fcd1f92d3aadd5c28f,671753999.0118806
b50a6b85399ea2c6b5c33405,446184081.58643657
1e6176a558f301d81bb050f8,970348290.1431514
8bcc1b035ea93a5192256b37,699308781.9213254
71a3f0980cdfea0ebb869935,480828446.6198394
8cd0345dfac13ab380240b0d,445169196.4576371
e66b2c71519ef8756db69b97,382822689.4166181
c843044c1fb30819300448d9,383418345.19667953
4ae10e7fec364242c88e511b,502038709.3016014
c9e92b994e48df83dcf9976b,1254256067.2814844
27f41f09ccf8d182c79cd48a,888432259.6424042
d8a7c0b01bb545c414e12a23,1286154090.8874695
f3e2fddf1dbb400788a5517d,445387205.9189515
89a066b7d6a31dd066fa0d32,566418990.631336
c245bfa6587eeb55227c8a4d,437886033.11902463
500d7c5346ca11ba934e7ca5,557710843.0693058
536fa59adc007df763949045,1110633294.4198275
223813dc0188fc229b63e8f3,841935553.075658
7c972ecb7b90537b1da0deba,424601093.8666289
98d8411005ac05d77cb12516,524697459.66616184
d12c08cf48be75014a149873,610518881.0638667
955544a0bc2eff312e965c2e,898863171.6658885
20488db7a62f765ac8da0a2c,527052624.2927626
3f370094239ab6fc817e9ec0,1109304322.9331672
ff54bb34225682d25c551178,610518881.0638667
d0c7294b2184d0b4d0e2fa07,1109304322.9331672
104e960974eee31e7e0eac6b,820958421.7510638
0d477acd9c95e9ec63839a53,455117642.1769377
6d255e0026d70dd44229a2f7,530841749.48208094
926cdc0242544bbc850520ff,353132138.8544041
e75a05dc0018f29517948ea1,336666310.0665272
dc40c56571cbee9c2b7770f0,612266722.7946078
2f76a2b53e091df35a125b13,393932988.6510229
a4a49182c79c72854732594a,713653512.0312023
50287f73d47b4cc4c2e1840f,604938238.5021307
5efca36c25884a2822bb7a81,390751014.87609136
4347bf26ecd61ebc7a16b4a3,544454212.0794663
7c979648ab3729b2c0cd2106,583270191.4182407
f40acdcf5cb9925c09c9df7a,601719175.6701775
6ff3eaf8b5a2f16efddde1cc,625030409.3900497
d35596846155e74d1a637d7c,626337683.0435786
a389a1ca097a820fd9af9d15,709400366.1957088
ef450748c440c4958e5db54d,435686102.8897517
02779b92b2f9bafde0c75c11,694256665.5992496
77e5e0b64140fa00b0227a3b,472788482.9980417
eb55b0778607da932c3b311f,435686102.8897517
9fa391febd5d0a8e4c6ecb8f,434529340.4275598
6270356f1cc3dff186d0ff4e,660430487.2887489
ea7d5c601c3f8c86ca8f15e1,384287129.7528756
072efeafd082025bbc5a25e5,419791599.81570244
d8bb6151d30573c7595ee7c0,412137253.9789585
f26c43f2304c8c694c818a9b,532248897.3539092
14ea4a7c57d830eba13638b1,611136069.146739
c1ac42dad98d2f23dcbf140d,534005179.2859207
aa6af44635b5d51da4b02059,606391743.6462404
291a4ea1a695347e1901bd4b,601719175.6701775
024d2e34a561efaf4811c17a,544566786.460378
e5a40a555d11d4429b9675c3,730836987.9073757
3a10398b72905bd710ffe9e1,591978203.7706326
340d1313fc2dc8e5b6918262,732557358.1206453
699bf5460c63a4d0e4542ade,838189311.6279026
e98bb3a89bcec8650e33e730,441391305.4001191
5de86bddd492f76596b17a0d,525031941.9361876
95dae083200a9e43a5aaf210,1201908248.4806597
23fe512fcb21a0b84781a318,450265998.8247956
a9dd62f527cb0dbfa51aeb7f,581170257.7043406
8964dbb5b0cbfe509613a63f,498746876.6673195
f75009356c700f7da7106cc7,517940004.09953403
6f502f363fb55811478e3b88,395276144.34085083
a48f29071cf207b27ddb03da,596360631.3440565
b46bbf66cc82a4345c5da177,757690334.891672
a460aea3370926825b0dbc13,636223447.4986813
7a21a8d99a85171334695004,545227565.2016983
279f6f594d3f8ca8e8a5e2d5,1367403788.6401415
bc3c509022e3f6104cba5203,1267883169.573566
654d2a3a0e02065560ba2484,373467642.9584307
02a2ebb6eca5772e3526d78b,470079057.29321456
d4646b7f4dbebf9785963cfc,552516868.2845109
68fabddb27fc928b57efcfea,618436035.2686604
53688de79b052b3185fa9435,415067355.272933
bb962a9e3861b06ae1daf833,604437391.9596276
d80c5f0b8ba55e7cf105d282,649422290.3520024
ed88c773fa9ae8bb29645fbf,534852982.04315567
0c3af9e0e9c80a68acebd041,670364764.5601493
0faec12daf0493a512b2fa0c,1052019105.4185449
1807debb0a0b590b9ba4ebcc,595650682.9402565
20a2a0dfc963fb8a355e704b,416620824.18099535
a2c033f497e62ea10ff8ba3d,815463187.7578267
985e40843a30150e6892e4f9,633700534.5237122
2ba0807f8cbdac389424ae04,517006763.2045506
9a565e7220cbc3d5d340e8d7,734272582.762343
33598222854631e92fb72baa,679377523.7793953
03fb5bfbc1895115a04e8116,559920783.5883365
5045ba9a65b4bce4fd305f82,680996706.7117027
277f6440854cb0c98728e685,631244909.8134232
12c7037cfa63de49e984a789,592020245.9634167
ed9976e922a774cafb601f5e,395306376.7921436
ccc70d1d8e4411331730bd7d,434984659.36990035
30d38a7bab2eaaef1ff6be0d,671884961.5837151
31a6c440ca9eb29acc0f1086,615835539.527677
7a82ce4b2dcd2b43485f5047,618720163.7150998
a74be48ad396ae4aa33ffed6,941822452.3669618
4ea46b833575642ecb2ed1cf,427236573.8020561
b780a0ec18c61b0760df9433,473344469.86806613
b83a5c303a2b079585b9b94f,528186545.7998178
a3c45875c0834b144f834798,434739378.50089675
c3ae3f44bbae215f7f2fad9b,504499474.5162828
5d54a0a596d49d9f85f1b5e8,399454589.09006834
355d1fb69bcb4e8e8ed9ba1a,617497000.6377758
cd791a46ed616911ae7d4fbd,776758165.9043417
d2d2f335839ed35571b19bb1,1053248265.5769466
0823b0dc92805ab05d3f8650,891761931.1525682
f92f4d135119fa88994929ec,1188512216.5282297
401f0de98764e9fdd4055406,371971314.4334505
68a7d01e50462f7506f8c8d7,370329452.447665
e4434407771070783b97c014,374185999.09447724
7e1153d411af129357ae5c10,390946551.6501503
f409c701e200046f574f4e06,654536667.3062801
30a8b9c197bc42f088d0b873,546268538.524301
d5abd56b5a8ab8c2f61a07f3,620998998.7371793
805a27aeafb3ca91cac56d14,620332401.5802381
1ee04111d277e8758f740139,661792625.9692254
b9de7d7b9a8ef7c64e5f6bdf,565777298.1600726
5a12a15af3c0585d81ba8f5a,642385566.5961151
abb63383766a9853c1091c5a,592882968.7479999
1f95c205d5094c674f6e45a5,612375115.6388125
4911a6285f548dd30c8061e3,665592669.0023754
0b9730cff49bcaeb4d703c06,672459862.269913
f033750cb9db15e886b156ce,957033911.6401799
fc7e93bffb7fbbdebebfaa2c,681727096.3357649
4f500afb7f7bb42189820a18,938602276.5591403
3921d7b508fa1591d40802d4,443417056.16238505
caddb9dce27a7e8012478da5,431880138.7635269
4eeafa126ac5f301cf60f9ff,391927057.72480834
59afb00a84b4f2a9ffbf71c6,721705710.4395899
7baa3608aad1fbf357d789a6,765627256.176264
a5b8869e9cd3d0cc32a0b298,1029998420.0370946
d084dce4ab9c4008ffa3bbc4,937906363.8396685
e3ff13537ffb7172336ab5c0,862972101.6867185
1bc2ae31ed1970ba52b1ff60,1109860362.178641
eac7136b26bccb3c5d2b6202,741189959.8067933
073fccba71b28afd815be434,494209039.4544849
9b1c23d616e9407fff6553d6,357710998.46645755
4122eca7b73c1347a7814a70,482526625.1479198
cece8267e60c2461d6c409a2,642806278.0805019
ba4e89128058d5564987dfc5,357710998.46645755
69843aedb25a928097a22a89,343369524.6018336
a45863121bdec787e119b14c,337838806.57891524
02e8811bff38125bcf8e1a6d,360510896.8826557
d709a76487a49bf257489c0b,359034634.24635524
46c42803286c800351fe633b,439032946.9915011
2ae3ae7f794d558ec119287d,818795124.3032328
76991a35e9c1b69e1616659d,567928783.3345693
3de5d35f742cb4eb68d5f314,513648908.4041167
a53c748935206f61751dec1f,374282307.1281938
ddaf8a1e5e6922cc3dee5caa,437615606.37173027
841fed959f036a03697868e8,430468225.367964
ebe1b5c9471f3441a388f7ac,576969892.7348537
f0f9bedbcb57383511805d17,724841344.5136038
f9402b785deedebd3ddbce6e,693195050.931656
d1f92e6b18faf07ab70ca1ae,633412386.9909695
6e794276348acc39751eaf47,605524474.1402595
4b04e0296820d04421db5219,553694970.1937672
ea0ca17e989ec57a480aa464,628776931.8327544
cc6fcb8ea6556f676c13a76e,585777973.9218655
2778de5e56ad7ece898249e9,562556696.5398544
9f0bdae4f8609ec93588de3c,727819796.6396888
90dcc3f9428a4e7cc396a15b,591574059.1154675
2d7bf0032580e6b6dd1ce36b,632803269.3549551
c45d86d17d1d0519b455b7d4,605790342.1472673
4c7e7cfb286d82aa96356fb5,978015486.6664623
edc204c3e18368e0a9eab593,912487975.5597285
e789e801fb5d4501b5d64e2d,810297831.6291199
3997c10ceccd2f8c8e43cda0,909865012.9256477
580d8eee8dc4b7d43cb193c7,1085027235.2544236
c823e3fcfbf0c43bf2d82586,929948509.5045955
30677852542c78698083d4f3,875373332.0065604
8fc78c514a2f1cdbc5ae6e1b,1074010189.061296
73c618d704a2e1ac2bc41954,613731779.918162
4ba85374c1d1f1d3f4632ca1,338149533.43437254
9a471715e4c4865b822a6b77,375218870.26605624
4e9f1e21c855f1166428fbdd,394759355.5187615
f11137d27a5d7fa57f94e97f,665162648.4815418
5fe5f3c5919c0ebd57ec8e36,582851010.4328686
e40742774df7d2b614f32de6,338585383.5920895
24b28522c72f7fc359f2a718,603457996.8215073
26ff1e1f4a6f6bda702fdabe,528651477.1619142
9e617d1fd8a4f33d7b66098a,1076031901.7048018
3b4e889562e4078f8f369172,426387453.00439185
3a50d40f15b1cf5bfb338092,484698806.9563232
cb2188cb8e534973ea3411a5,373489675.25803393
fa57f96bc6affd285d10c4f9,431008880.80133706
c0ea6c76eb977d83c163fd7a,410639949.6603363
367cd12d7f4aa93124047eb9,506691144.37688905
54952b5f463c64c605576601,472871927.94107175
57eaaaf24cf82d885f0f1dff,530224509.36197674
f2ba4a7a0765c3ce737b5c81,413737122.28987586
5282c3c48495dc31359e70c6,478401931.86777484
552b01d72edb192663998c4b,632806549.4958426
5f3a1ab21669ad9234d4dc63,568177408.0358844
68f431548c330f84c46174f6,586172543.388744
048051ce9bf8f6a48e9451fd,562556696.5398544
fa4028ad48fb2082d167989d,519152889.49478894
5b1902dd7768f5144ae7704c,589044941.5187393
be0a8f4be774eeaa42fe460d,758613765.7426534
16263617308958055850aef9,647262837.7781967
729f5fab1578f8cae4fca8f9,890918865.2239043
bddb9388922dd56737d8847b,904691606.188487
9847a4ab995b7b1c30196704,919719572.8911804
d19937a773269962c7f9e8a3,873291559.5885625
b3c8714dcaf5322475ce2c60,873291559.5885625
875126e5776dabde40e29b09,864471262.1962212
3a36f59d7c0e6c4eb85ca0cd,898134098.3918349
630f00e15cbd7826475d1509,976895377.2838751
434782c3d1dc2b9ce7bcbbd9,631484469.5269432
a470bd174fc7587dc1449c89,1385951000.3300357
99c6f87ac92cc323c8caa005,894228139.7793487
ac9ae945fe25a46184057606,1147249466.612799
15d910dd93e0aec22ccc2083,1000194475.8604349
6e1a9c8457d3ac6a57598052,655536602.9600363
14e179618d1a44c5c55e23e6,422251612.40389925
2b8b979cf1952fcedc63ca9e,303370852.2564104
7cfc3061c0b2f3bd48375ab9,559802417.6386698
7200e3ba2013876cdbbde972,592012950.595603
9ddc1924043ee8361201b39d,1106696741.0222921
f22d6cc8c9611a7c23fa8969,484228283.7262811
b7c0a0a4f5c5b986a70ff249,445834880.98722315
adf176b63ea23e08d252b5ea,587425081.9420567
77069fb9fac6b61aa6a89ae3,729102998.9179677
7f0f27f6d30c743acb3e867f,603516786.5654427
7e299fd8c2d53ff1cf95aee3,589656759.5005777
f309733881a4f89d9c8a8958,579086781.357694
0f937643c067371018c8deee,1081224211.5338917
8e35609c1265ddf59e1c015c,677143487.2407858
c1ba606f32ce0337cbccc2b1,742182647.3562994
15f02dd18da12f4d7b0ac2ab,664599985.2222023
bcbe8ed608f233d5ed7362c1,709953492.7486115
14611fccccfa2a6499b2acef,454231412.622416
b10b428245022d55db248b72,352612072.8926668
13e6c5cde1004803fed93cfc,459312524.55887806
ba31c38eada33f680d44627a,786593896.2782022
3786daeec4a4fb40ef07d8e5,678378860.4667568
7736ac030d8b587f44f7898b,422601350.55287826
98f89d21e5dbe53f8704e745,1115886305.9116182
981fcb79db3881259eb303bb,349520082.2802995
08bb88dabf0070f72a801a4b,1056181733.1045206
32d56542ab5486bdaf4466fc,949644519.397637
c0f911fe7ee2113ec59cb5f8,527758623.68890095
3adadd50e603746e5e4fc082,710342114.868737
d117e9672b3ea0435e7a894d,349520082.2802995
020473766363019ee40d6685,556527708.9064028
b04d16faf40ee02eda59a9af,349520082.2802995
bd6f3819a1c0e551598fb9c7,464089462.75581574
5520cf373444931ed8630635,476762237.28345335
40355fef059659469e16e3ec,476762237.28345335
deb844a2812586991b3022f4,671605393.5651562
ac0b895f523b53b4abd013dd,491179142.46100795
ac208e250f5ae3e5e1008351,532300242.60798955
0064cd1c55914cc8370a096f,341890244.63841563
165fab7a9f8dd404cf4e9d9a,364886649.52679014
df3eca0f59974a812b4ea9b4,752714992.7534242
1b7c062b606d0560e850a2e6,362845820.4912375
87ddb3a17b601cf7c61e8c07,481972888.4514558
837cb6389640f3919bc73e9b,582632498.7002525
77bab76414ecb20888cef7a1,937216129.4509057
a9268ef5b7133cf6ed1a376a,864621647.9565903
cf7cbedea50333cd2dfb0e30,618612674.6675887
b0cfed2d25a5d78c96d39d20,560240592.8988961
ec0c283eeb8db461c20af1d6,617455292.9938952
27c3b7ba2991e7bc0c9fc322,442096139.2242689
0332c7ec0d3e547ec6d61664,608102327.638289
e58b92216ee6438a921ee0d4,728113208.356688
f7959842378c94c9f620f561,391567248.1960288
cd0236af88ded6bc15b49eb2,422601350.55287826
d40e0c2222c0debe89735e88,391567248.1960288
2bc9bbe0f0216ed9d865a85a,487865670.76915777
e9bbc31499ca187c6a492175,630876262.0766279
f2409d037bc8b3e63ca69fd7,1096577289.231153
5ad71b7cfd356a75021174ab,352759303.26414716
67dec8c47ad4de9605d56db7,481972888.4514558
c6d679cc07ce4373197748a8,611118865.8577169
a36ff3637b7d2b1c52999ea8,718491971.2903638
3a384d68b7ddab45e01b6e99,688584679.4595137
42d34ca2252acaf6e777d23b,1054497474.6636975
c4b2a42a8908cc35e649fb16,601649818.0911222
18c38418824075acaad8f960,492492172.5151298
85bb6775065df76bda33f738,637386546.6727117
14cee0bdd9dd5537b96d0786,680060438.8091153
ab332133aca64315672a7192,592430210.2878315
d53b60b0f2c65918153ca2e5,344500221.7041217
ed1f81648083d4d2726710ac,415054770.00092036
b6692a933facd74b4b11569e,349620295.23912376
90e00fc58569167c00fae7d0,434338576.40410966
8a514fffdec277cd46c7cc71,397269611.1126863
7f0b4b5851c77d78805320c5,369440150.2464014
fed1a608e3c0f2b79cd02ebb,383783630.8185974
075a5474294e25da55373a09,337385905.4281149
8826b9e008064cea38855d35,369440150.2464014
660eb3b40b2bcd07df8f5c3f,420220562.5603482
d55cdfba22aae78b6fab5491,328632605.5927653
ea6e83dbade169818975e5b3,504729441.48310065
dcac44d3f8024c6ea1632432,505365135.3121371
2772adb268cffadfb2917c2f,495897385.40151125
3192bb7190b9130c4e67be4e,620702774.0892575
9d892f73b02f001c2f715607,482384809.1145757
c27d72aa1fc5d37f4cc105eb,439216279.1034577
6c0ac32bc8a66844197c5fb4,595244965.4242301
52338f4f7c8af6c649106a96,445194112.60405076
356815b8ffc300fe03073b7a,456254268.7898227
22c780d56cb97fc34f29e9cb,492572516.59604627
806907598158861a6958388c,445194112.60405076
449cddc4dc3ef1e93b7f7c26,594806883.3555005
b225270821758e45cdead76d,512300040.4266862
e07bc486c6f5541e4788f83b,803410171.8776935
970c0d4928a9292748c0fd00,658895176.5885634
f73f720abdfe4b5adfa2bcda,461442088.823202
48d3b0ef6e5f999bb90fbfc1,438030557.8156803
b3ec2f8af6e9adce047536b8,1100959865.5363262
0e1c66f843e06f14d7264864,429911083.7467775
91c4f018fc7939d150593935,1039863760.8976086
102434eee07ed18268857a9d,604820735.1244903
a4c70eae507d630c2f285eb5,611118865.8577169
45abee1de734dc32936d0b1d,493350065.6094073
82bdf442e186baa829e06da1,486986944.5238946
019cd320e02a64ba3ba9a37d,759237136.8935026
ba1b3c8ac8afafef56233c84,785710083.9118863
3c3a0f57e030472879f454d8,425997284.83537793
d520e90e7d0c44a6b8852e5b,413758899.5765889
38328747d2e1e0e568c05523,603453279.962702
659e9ad0f593b644071cd850,551538390.6052672
3e6645f2cd377ba17ae2e46e,478144436.94378704
307eb683db84db535106c445,658717054.2000383
26c8961848e3a77d98049638,408268574.6607554
52373e15e9dc1ad371a0c090,542633969.8857561
e5b2a446c12222efc187e02e,635722604.8314118
156f706d1d30de19f7e369ea,606451882.7016761
aa94d2ad36bc0e91bf561be5,1088211074.462924
8ab41842b8e41b89d8670ecb,440313179.6283365
b19ab02a8e22f3e88a26031b,538298225.6975918
a6b1ca7a4e91c4c0f4366984,583326363.0931028
a277d5e8216fdc3d7c93eb2b,721649666.2235701
f939b7271c4d399a5e647f8f,741185621.6826438
941392f9a135909273422dec,761462900.9998645
e07d8e9e38e309958288a516,798875609.1797963
258f10f742fcc835d53063cf,707543681.3303266
fb672b4cb1b66f2022f36a40,1015423678.3623884
ce9dbb6d009cbdbe654edcfc,819855619.1554543
22e524f1fab17d5b8616d741,891881300.2451649
7f0d874df9235245f47b04c3,932357125.9638634
27a8a052b815998c771a1f55,891881300.2451649
b80593fba07e21f8bdbc352e,937971024.8135908
d18d990404e7fd07424f5a77,428487247.71696794
033599f7e7ecd8d9c8cfba46,524810341.9197549
51cf2fa527c3db62914169b7,478205445.957422
2b2fa2ed0055a19859e78446,569428035.8201375
a8e1adbf076dd737c079129c,564665523.7882445
adf948af7b24f9b6f29610cd,401164261.61694807
23473bcde48f634641769e22,339886674.2471078
c90486bba327ede32dec60a6,515826799.0158868
d254d88ea0989a609b71fb72,483744026.2683458
2373c595d24a7b862b518ec5,552091726.725969
ec401de1c0ab2dbc149da048,578901130.0557798
17c0a8fd3a2c8b5b18d61e4b,536620699.1492718
1a1016e7a96da2237b391be5,685730954.0755361
c5b40b510bf7f121c93a2332,908495394.5235585
aca37e216a27b4dd5337df99,1032530656.6556461
96f59167d17d1c99f31be997,844324810.1549933
062b36cb4a87cec372f9f91d,708190147.5901816
0466a7e06b152c1860d44334,574659948.9570861
f44726680d0c594a2d430bbb,758171698.3871362
8aac8946e7ae5725971c5557,758171698.3871362
e1aa6c46135f4d1aa1b7a1f4,773668194.4776701
fdbe5801070756d1744211cc,624445876.0803517
6ec4c88b8d3a16148e2e7348,640242628.3029352
57c87ce038e4e523b4ec189b,612172668.4985275
9bd500fb24eebd53d8262b62,640242628.3029352
85a86e01443aba593f95dae4,518405810.4079625
13e2ec0a12c8a48a753b85ef,352759303.26414716
b93dc01af5f49e6dcfb7a547,341170293.8109778
71a42155184509caba01a1dc,358458881.54913145
25fb1c0c4aace859265de172,493350065.6094073
6f63e4f866bda86d5c993c8d,383012782.2923296
72bc42a5c73e7b1f9d54c835,349089783.0252289
c06f36b42021a1512cb6e3bb,429218343.58379304
f1a7fa5dc1996591ff97a34e,524824062.1787704
6128a8deb1f0bfbbf0d67769,484075459.6776006
b5254c6c29b4f6984d328216,494333758.7723529
6cb19c3e491a60bb2c166669,454615078.8721831
dda4ee9f3811c29e2b261a5c,413758899.5765889
7a564ce9a4ed3d2b8fbb1103,493350065.6094073
63b982fab95cd17211a4a58d,462735083.7194361
5272c50f1d8fded01f7fb0e0,427927701.19501114
02b47e60ab77588aff6cb433,443545752.7397915
ddcc7f7a087aa5f4797a8a5d,369534318.0141829
77a887ca508d924ad5203194,680060438.8091153
b57ab7afef2b8aee016ce6a0,556527708.9064028
640a801d503d85835eb65a42,556527708.9064028
767ff947b16b2271f516c28d,704987225.7190926
1dbb46a250f504e9c8673bed,814303812.1058861
fd6e9c9ed7679485dfd0b022,967830510.6698543
7dc4f9de14c2924b229ca0a3,721592027.0407606
3064379f468404110d594c87,650805724.5303353
6005ebd6442c62f8becdd2f5,711895689.9447811
b62e960eebdf95c2eaaaf9f3,587452015.637538
7b0258f1aaee97661c34de64,572084298.7053422
91e2f9f7d4ed776d38a3274f,639329939.7226088
d505277049a254f960e114ef,752246489.5258166
32040dd7b8edfbe331773288,866722073.8514174
70e427235490d7d9c9239676,533021223.04943144
1a2aa38b8e18fd7ed5be77ff,1019708789.3162723
4883f7ce7086ba9c8ddd4315,600390686.1936212
4116cde03803e63a3e87e847,587452015.637538
d6de5d741702387dc3f4481f,587452015.637538
2346533f4712f3bbd036d85b,987102702.9505023
f6a12c0f02fcff1be042ed0e,745639077.2927239
eba3cb8156e0115bd7dfb525,931184675.7213168
ff27ae490bf03513b6bb386f,925872668.1202604
e87779bf2f8af86fc4ae9583,412750241.6222605
4a809b3987cff0290c1df8fc,339140547.4660946
8f4241a17d1211687bf232c4,510181027.9221767
bd8c1ff6f9919ec6f1dccda9,570200143.6270386
081e008e772c6a79b809a87b,590842401.6584986
0eff08cf4bc42dd442a70231,540931831.8412837
b4e084d14962cc58d4089955,818854224.516507
d02c3b5ac6fa0ed6db06e490,1235186034.5052223
e8abf103cbe9fecbdd758516,818854224.516507
05308c4f3d0e0887e4a68a92,653892932.827539
256a6ba3ff423a899229f154,600483072.3070637
097314d920292b46eab5dbc1,499903127.74584675
4ce0fcf14266d144c82f8d4b,531010958.29294693
548791b5faf236b1c03b7523,668243249.6081576
40ef1682158d0c3cd07f484b,1126511552.2118602
7b473504c85e9cb576f951e2,502335349.33094144
730c7382d76a07904f559b28,400780350.9166629
e05598d3c49f409b937ff2a1,483579936.64941996
844dc89fe6588acccf0c7536,316637685.2676515
ad1492590bf61d2cc83b493c,663581829.6786933
88fce3ad9b8a965dc11336cf,373690873.73986375
b76d853ea415967415ace0d7,604135445.603045
c12c81b3eb12bb329466e88a,615454473.1921083
4e27458d179a469435d02ff4,476404044.20010924
8d15b4bb1447eba7a680ef47,489988663.88145834
482c7150c7555cb35558398c,677014106.4735801
e5d6be06fd53d317c8e5c7c0,495926417.62053823
f798e7105aa8aa66750a2c85,633710224.1218336
eb24e0a0ebfbe16eba466280,452285069.5987862
618dede0dbd48df4fe610af1,593633253.520286
6fd936b82bcfd3cd2451bdfa,480835585.3066918
adbb5c4ba7be2903799a51b2,593633253.520286
3a99197868ce338c738a3b20,635335407.2321445
d4c45f35f214fc226ec85b36,599917219.348783
c3140ab2134de662162af508,319963016.02589524
0fe23ccd8e42605f4d9f78a7,300099792.61160725
8816e8101ddc4e704053e23c,818795124.3032328
64ecb100d7882ddec6bafbcb,477662637.66380996
9151a8c65e1f01ce591c595d,719711809.0113661
c8a40314be3014c2a218f5bd,533056287.25922394
29bd4cbe11f44759e07487fd,548233195.4076319
72ddab9ba5f24941e4dbed6b,703196329.5968715
1f18df9ee1b19359816ed13c,616700253.5702114
fb82175fad61a81e9b665fd3,637197323.9441386
dee2e190c4e2539124ac3ee1,616700253.5702114
0cc2f3a49dd703e7554ba638,761245083.6869667
ece0394e38b152e6c1571324,894228139.7793487
e14328c988a27176e9fc63af,1146179369.2281103
a91664b9f15f9d6f262e7b2e,616631676.7006273
d54270fd6b09b38a978cd7b9,450954698.59973204
40c74dec061500aaa78f78b7,445440854.9770607
cbf6faf7b47b43b2a77b3654,1101358867.1771212
52fa1eb3cc7cc2f77ff98764,417333722.54142594
bae512bdd3b04405c519bf4a,612507974.0402977
e7fbff0a25cde72a38e7c7bb,537382577.5379372
d3f297fadece964afe5f1cc4,702862893.78731
2679ba671751ff16e76f1807,599883572.9820882
8059e45ca26bfefbb18d8e40,506339881.3758986
9e7ee8e17b1e76965e96ef95,473419455.0925698
9039bc918a76e486041842d0,622331282.1947577
1d7912750a5e345f7edcdcbf,521652643.8702532
4fe0482ad622080f55a0460f,612612812.2787573
953fd7541735fa8d9a342642,792330917.7409215
0b3021c156324d1e7974ce3b,1230765708.4658878
b0a8e4b4ef6678e6b43865e2,424072135.16554886
bb47fda808b52f30364a4d6f,473392144.67932445
d846dbe691d0ee3ac5c3bec6,970330516.6098268
21932b5a5fa65d237ddb6293,473392144.67932445
07481a101afc1d5db45245df,828818869.3068773
d99c00c516cf57b6fd9e877b,381074360.63889104
6dbb494acdc64c03742fa730,518231991.6400321
35f69c7a9870ac62735d7639,553976669.9316529
2721f5495ef5dde16fd29cf4,575222837.6809406
0c068dbfdafa3429c71189af,403527310.5987042
f3293c4064d71f9322ca97b2,587577552.3223954
5eb268b95d7b6006b064f9af,663530439.8691807
e13a1c06ccbf814945dbc768,485569082.8614531
935a1e8c7e62ca9d3bff398e,566418990.631336
f0c7ecd3b2261873d3664748,573284278.7336835
d2f20425e236285124eaebad,445319321.59774953
05926b977b5df59857194ec1,493315140.28374046
f548ef815603ec44f4629a60,979369158.8607204
6cd147720319f60ed2599361,745659538.1360266
6302477fe8172d08f3b4815f,454950510.7862338
b0af9b1e84a1886489d46b91,474647930.7228098
5f3a2a31f6d1838e0a9531fd,526897449.59874475
96786aff35713dc21f6bfe5f,619777991.4081498
68de232e27aa83405b4a19b9,1137772752.4908721
8d252e9b0912f09703110b81,444884808.49314034
f4e646df504728ee1e6ad0d8,326724690.09412396
e89cf4cc82c5283f3db6f5f6,400225818.874395
1bc2c099466f9a989266be0d,396050770.1170396
bef2008b362c4af1fc3be566,414734742.75908726
7988f76ba063d25a4f467730,576251818.1364963
391a98a344e894c6397d62f3,471433107.36220896
5ab0b8b0d6d93c4654b5cc14,745722248.6403275
305d6abea2f3e496e3b6fcf4,557486052.4979315
f512fde4fa3f1f7fe885de83,675420542.323542
c7b6e7a287602275f7854ef0,578097836.8880093
3d11a16b008c26fe43deca03,531782464.43221796
ac7f21d22d013874c362d440,633918245.6049347
c933750eeb53302db0245782,606683409.9447242
766a8ff17723a5c34324576b,466129471.82472515
802fe3175a2059f12d7edb99,366105912.86395943
508bfd077c80b6cdfc5a10e1,742920479.491711
ddf8733adb641e15837bd728,448066888.4703868
17914fbe0c3634dae8ce9d71,533111909.9405963
09e4397bf9794fe24d87d07c,673164610.3781315
302918a3460b98acb64fafdd,490397153.6622471
a7e57a8be8fc8d8a844cf9f0,446850902.5982409
7b50b071f4d795c9b5ad7531,455075532.6069597
91a7bcd95c0c960e4cc22d91,443262566.0585973
5d4a23137173c0e2288ec418,428022943.0574007
751ba0c00d4fae1078c02fb9,694691275.7811688
e6bc998ad1d87c5be3559ab1,784836897.9188918
53aa9cd32e2a6aa346d3d789,784836897.9188918
06f22f7a8e4e78f45ae81638,606908821.7444199
2105c17a4e2f97183e24aa4b,701337519.6710582
ec13a869c212c39b6ba21b57,655192181.2021942
0b49dedfb53ec812962e31e7,767809822.6187834
69e6fbd4d3816c4cc37b265a,861497185.5919113
ad46f8bd482500f3bb935737,564665523.7882445
368f7a70a62962bf31ec9583,884769690.9787229
07412230b931192771072334,527546864.23152405
e63d334d9ae8b672dc7b7d5c,884769690.9787229
3e1c2c5b0831edf78f7b7082,527546864.23152405
226277c02e8532922a1c769d,910309850.5637131
7902ada9116a1cf7458933cc,830218357.0980564
b21f6e217d6733230a8eb7b7,468420211.419476
09ac622c303bce9ad5514442,369906156.2847208
ea63bca8e3a77fe88d88fafc,438332671.58778703
a3c7c54fa12d5b57dd997210,468540433.77650243
cdadb2607807935a0a5597e1,675739461.3714008
8d041784b65d33c76e5245a4,751479925.6140987
e6807209b634455bad257998,580606844.7300528
b1e3f1efb232cb0976506cc2,911815136.384559
dea95d98e8bff87b905f9172,873340520.0335466
44b6382d9195ceb3f12d4939,901920666.1472842
41f33deb9990562def18c917,694805964.954369
0a61250b2c208d42a3077bde,613731779.918162
c714b30713eb7877ed3cd92a,345920601.92180616
bf120b883bfaf7641eda65a9,745423445.6384634
90b34ed38e0f18988f11d77c,750151770.8293928
feade1f4b3b06fdc12ec213f,769511980.6881047
00bff9be2d524083e3b3149d,643380601.9038814
f1e38e53ddb8a9d5b641d934,943903621.7352828
49dbaf0bcca86f32f86e641e,570562762.5798789
18539b6cb6884f753e0ac18f,587742486.5297046
7586a79a0151387a1c0cd85a,699283033.4415959
d533a334c2ad9d510865fe54,690172431.4259223
95f7bbdcfb59b4cdb41b0394,674292080.8808516
4a2ae08359e1ecd39b43afbc,584883635.8904169
e8cf39cada5b7755f60306d1,679377523.7793953
0489a476b376f7f6efbc193b,435482458.0005811
7b31b5e53015f8116fedb0c6,591001995.9094226
4c0892a39011cc6a37fc1145,414215646.49510264
92d7d4fa9fd09075bec14a3c,650449952.7558874
5e5ea93675900efebecaa19a,419125455.48346096
084de1226de9a6f4a6075c2d,601872275.3816892
54f16cb9563346e15b019102,363862002.75644666
512a6de80962ab797ed2bf72,649796970.3929993
871befe27fa79fc1e1813b19,914010364.6282464
4e0b1df5e05ac505c701f519,458708318.6453427
37227e66adec69299f853e51,513509577.87780446
0a0e3ee960f60d04ffd6bc0a,580330670.3488399
82b15a5da307865c7045dd56,595650682.9402565
44d596fa36e3992208292ade,605969256.5125985
3569024b3ae4865240973e6d,564857978.9787495
31d3215c8345d48ce9734c65,435431341.587866
147e7f5381d3c951fc446376,446465224.6811452
77deea164a3a622df41249f5,402229938.0728922
3cdee5304896e4cb9604ebe3,455884608.66289324
f5418917530b72c9fea14f66,607976819.5796366
ffcbce226963f10da8c53fd7,542404065.9671282
2fffe55a1584619bd7c489f6,462977378.95868915
3920eb3f72b96fcb58ef778a,340450912.00115526
d10bdbfbd411ae625dc80611,424962827.6287058
d61ac80c0d4737c3529f4a2e,400670866.9205669
f8948886cb4cb018eca25d19,414481180.62088525
da5bf7f1c7b2f4ad670e2382,416401393.22445595
f406c9c3c92e9b31310a50ec,583436435.3269997
171b560236ce760573a990fb,949017100.192248
4d852bd93332172bfb081aff,949017100.192248
2e1f7569d134a931098a2ede,942540969.3497778
6d8d2ba62c52445d78f687ed,466019327.13940835
65ae1a893abdc2eaa63d9271,1074010189.061296
c9c51c39725d7df94822fb20,457868880.5415844
56ddb54e50deaf650a25e82c,530314245.24192244
aeb330dede55fb66654901fa,1085027235.2544236
4f4e3350c429c6afc0bb0094,599160334.7463417
39377d0d271da03ad85c7bd1,530224509.36197674
bda2fcbba2b412981e708054,810297831.6291199
eb89d0b7914010148e6bb597,664748159.7250394
513d0ddf1ce44ca671675fe1,628776931.8327544
14cd5f188cf6d2433240b5cd,506691144.37688905
dbbe0b6f5eb07a5f9ec873a2,479885320.20873237
f9acdd3fa50068bc0180d008,435330028.49445254
4a85c36fb854e922936b57fa,364943594.9317277
937876bdc44c3b8fe063a9aa,457868880.5415844
001399d3861c5792ccb8b515,909865012.9256477
f28514aa4d6ffa36104411c7,495566983.1577315
3b185e3e31f7f5e6a1b3193c,634180490.5085969
f4c7cc4a249ae7037aa0b35e,692358493.5161093
b74a02ef5cc838952bb9afd4,601675651.7778144
75f5aff9fa70208ddd843779,660914372.4756197
b7273cac93fb7a0034039600,1100689527.5401723
b73bcc0cbfa173c9fa404369,869212484.2360504
3c4c18326318a7207b589dbd,422999108.564149
29a230f7dde5753e65b661dd,468194704.2614035
c083a5c64c4d6952accd7bdc,551049564.9703478
1cf29f882ee8b458b8f27091,616277463.3812028
94c15574aacdc5c3cf5a406b,479868664.5574604
661f7eaf134a5b142843368c,518593981.0635334
14a5bf235097782f468fbf23,305501855.7488503
d2d46c70dc048c92c8e4f09e,703349653.4026548
f6faf74c3f4e02a6b333b7af,616257144.5791028
6dfa362ff7a0d55693793db3,771003450.8959165
b070e3747bcf22ed67509efc,402610686.168483
7333f19416625d6f4244fe02,596287909.0230914
3c86651d9bbfbb335f15b544,471560905.14364165
9d8affa93ce4dc7c1a21b3a3,631991824.4072136
eb8cc67810d95d1b102410b7,672891355.7604654
047f94605add5f6f84fc3f90,738363395.3328861
56ba332c82c36f07ba6bd271,852723954.9372914
5814a1dd61362ded4f1d8d8d,1223389208.0433788
141ac7bbe9637f9e5142135c,954417153.3882308
08db0ce5cd15db2404ff3d28,465441143.9638521
c38677ed0876b7996f596336,368561076.5623144
daa4d7da8d7df8efc1adc9d1,404569922.5353139
f15c6403c6d4e3676a607780,447492214.9503042
4d0cf77f8cfcada2265ac585,443036772.25227153
4caab3951bd6cb6dc71ac8a0,483811062.6356481
7cb64b94877a9361f20027cd,467044710.71124774
3f438d6202cfd4527bd8f983,491728050.9194626
b7763beef728bc2021ebb841,423629991.574005
4cea8ea969dcc433fcb59d96,544421366.1255746
24fadbd1dec637edb728baa3,541509620.5937804
63cf422266e7c39a6c895b3e,718773098.0224539
dbaa5d47ff63125584bf7ac0,600827724.9413416
da12ac932dd8a2fabade4bdd,589653065.1209005
f35538e95b4a567f9b834034,587510941.0746549
6ee1e976768b68cbc8008950,414674736.7354239
a910019b3d18da92b4c6862f,581650490.2913556
a09413ca0b723170c26652a3,570449900.2551954
2b451da55be3683c33e4de31,587510941.0746549
561840990333852ace562b82,544847271.2137994
b6695af1ce28eb50d7a2c25d,1027372844.3266724
9327563b40f2a0f888c68f28,1077053903.8197308
3438e5d77044f21743e56edc,739918281.8971231
63cde4fad1be942dc5ee695d,481569586.4453799
8e712705b7de6e791c8735de,430367953.132106
85de01c0aa787152c77c6180,466080298.2180194
c9b0673becdedeede0209697,352445320.52209216
15ee6357e02b76367682d6bd,1190361828.8752835
5f284a75ec8e9c72abc76695,859461921.653082
37e696957da15625da71146e,587538750.7275485
96a478c359fea0014fde607d,728412849.4690014
1a61721fb7306d55dd77b6ba,728412849.4690014
a7577260fa10bf408f1997d8,694806924.7702833
b3f8ffa761119a5441a44ad4,933195689.1970794
a5c85b445f503a56e0e2a924,797725317.1466691
5aac1a1d5da10b76ba4b690c,706488009.4532548
1420543e2eb5f38e4d38ba81,1364547354.7533953
a530e3ff6d7bc1abe333245d,470113818.069739
aa9988248c7dedb016d8b6ae,455585939.2556129
fe8ab5495cae81b5478026a4,562706119.2454705
b463c62e3c21e339e7acb52f,656697124.2511759
00a5133e7373eae3f0be8f2e,450204744.20958173
38b424cb0e54f0f7f2745781,656697124.2511759
c43530f324a3ac90f53a8849,572405828.7949882
abf93b2418fcdac14293c9a7,502347416.12219083
9b1be976725ddd512cd222a8,566418990.631336
9b7f17ddae12105d47fad7eb,616143228.3634555
3caab5e89722761d5ab2498a,458629206.3090275
a2f40c8227b466249d6cb659,872004623.1460347
e6a5007ffb7c1321d4fc21a8,439137171.01613224
0d50b435188b7830a6949026,550361872.311335
d4bee60a74c2e2235f507ec0,581796584.6126202
b474103c4b637ca25b5d89e8,649788267.3482443
ce6ddb82d2ece3b8d58fcc63,620848695.270111
28403f16831effcb75471738,364362172.6717798
03f518e2e5861002772345fd,340594883.315983
011a6d0f12ba108ef15076b4,364362172.6717798
93ac0b004ca60ea56cc2bb9f,420995374.8005673
1b70fbd3e46da8c47c3eed61,505543534.0448241
cb40d6ea6a1eab77a60c1ba3,590214285.8105978
87c73db5d50e8ec3a22e6ccc,593207185.9387374
9aea45bade274e4ed91ec301,511296189.75959885
43c22bfa9a14df7b0126c12e,492166900.3587146
6d848e54ee68e6d8f23b3b1a,468244480.20342183
e5cd7a2aed48057b0dc8d970,488134400.00823915
bc4b94c892fea57ebae3eeb6,508967168.0426178
e7bb12e99318573a6e6ce1cf,693353198.5586808
4b52ebb0f0a8878def4170c9,467946938.28531706
3e85b447edd3b23b5a0d3b79,728169882.3678775
15005fe7eb24aa25b9e3cee7,562821773.1587023
22e00f8057294350ddf4d42a,840621356.2123889
ddf2583bd65f02abf7ce3280,851820371.1082952
704e5657734af93d19a0e5fa,823434276.7693809
cc1a11362066152d21d4cc60,659525739.6646478
12062de068acd322b610fcf1,464051138.39885795
e9804af0513b2f68daf182b3,474794762.95973355
f13d8f4b2e3114d71e5ed941,608652548.4042621
11bccaef3431fc17953eb81c,587452015.637538
ef2b9c11f884cc5f31c26f60,1115886305.9116182
25986c851e13c92ede6c6d6b,886459066.6106036
37e28ed39a51956880d211af,962487232.4060736
9530217ea0b5d2395adfcc9d,1001311112.7091007
d8607e3261ef1546eb0c30f0,645397389.5748919
22a025ad47ba22ea9fd1a094,665592669.0023754
1c88ddc21f3e8e4ca633621d,375432302.2450472
e45ba581daff88707ad842a9,352183916.1265823
d7e97cc158c6c54b02fe635c,469707294.05623955
04bb7cdebb8b66e783058248,585741485.6764728
d60cf6dcb7b4b40077536604,938936611.1708157
85ceb648cee9f6f3d221254c,642861956.3401557
f58528d3ddce3bc6c71bfce9,773847128.4155202
c269765ece36cd93058efab9,598561845.3937902
919bdfeb16dd0bf67787d53e,335674249.1261016
ed8eacb8746dbcc3c2ef3aa9,413207351.6896423
15ec532ec6fb73074b9b12c9,448293457.76398325
58a724e8a0e05140b07539b6,734302014.7769934
2b7a5be93795a65d29970b02,888520981.3072275
6dde9af12b6597425160a47a,955526533.987883
f0ec99c13c61e89310ca9b8a,510933327.45410573
65c83da72c07b8e74bf581f5,594976970.5767974
3ecdb7a7d178b48361340ea9,601631007.9947815
af22669e3ed10470623fd8eb,628061235.9402322
748c981380925e1247b9e64e,617131856.4356711
78ab6cb1f62a7e781d4c4d0a,373074487.47209257
e80ba06329760362c7685ca5,544450877.7076298
3cecc0cc43ef46670a8e69bd,501561755.3551973
527e4b1b06637b5362c8f17d,539454805.2129222
cf9eb2cd0f20b13cc8816bbc,341387044.2148424
4b3a6baf8196a59bac8c08c0,602769570.6399838
9bb9864a6bcff25b17477717,494738155.14355266
4f7d630c921cff500705ee5a,541704100.2462506
7b7c0544ece4aa383fd5b4ce,627351177.1101425
191094739043620c72aad2a0,729834309.6347486
a20435d582c7646db231e7d2,600322995.4608413
1555743ec7e2f38904852860,548116265.7304697
1c7452cfc46652a60b7a4f05,901599098.778403
97439d5a82f970e7f50d51b9,864469677.3755027
7667cd57d0bec809417c9b11,741501415.5298477
103f6eaf04b44c4013acf097,724311980.1192471
e6ef433629e193042bd30f4d,974782762.220504
2ee7f959d069c9ca223115cc,968704307.0478178
b46625b69fba1afc154471e0,1015518660.6748313
5cc0700421954934cd8dc445,742465101.0053097
066f1b68f7c053a196662fe0,401011003.59027755
645e1c7b799a489887086a1d,573284278.7336835
f426c41d6d8bc99f359f480c,449391872.9081353
d1be4eae680cb16d0c842606,979369158.8607204
57a5f4f83a474ae156f207ee,663530439.8691807
53eab0ecc3ff098d55666699,993775467.3841349
54022fa49ecd9cf290aefc89,614995363.3415576
545db4962e6294cc5ed07727,566418990.631336
8e17bc9f09099ba3138c232a,649794817.738491
3b4b303bbeece313f92cb85e,694845837.9933372
d0119d7bb15452c473ed28ba,642749709.7402567
1a36f98c62f5126c8064314c,616813498.6801986
96a77e8e42d676b0da3fa572,653822163.2478465
d7d6f668e3e40d957163276f,588945143.7147568
5b908b8abd8dd0862440c172,499692899.7239485
81716dd4aedf72a6a14392e4,544595783.7430321
47d252717c4bcae3e1ff19e4,727048300.7145824
4f0b2f7e4d787a108a4d2537,458826159.00255066
90a43053efa1d292af692a87,590970684.1027714
c3df4b9fdaa4dcb13723b5f1,766073312.3012712
4b905620f76873355d317dc1,741169792.829938
ea16314310144a10c81da9c7,512230652.4030831
0e5db1a36a521a5d2912b238,449326643.91051537
c53c58dd7b26902f67c3becd,377387347.8303449
6c17875f20f58b1fb211c18f,564665523.7882445
200020552855ed39d1af999a,568966759.3252727
b44b862cbd855d46954eca5c,499294612.20197237
ce47299ee877638c4729f60a,447253155.4425332
3a28bf9841e6a9d3f1bc293a,509745473.9487902
3a488b9e24d9b8fc7c222e20,313022903.1106393
5469c33200ffa87952b356d0,421271608.55197054
b57174dd86ed451448dc501b,339514273.5330259
ebe09efa32acf6d680341840,438250004.7091826
33f7d5aa494288cc90d60456,667599010.2960277
de9a32ec454c2696cf75eb0d,366105912.86395943
df4400c44a166c851ff46eab,591674278.2023972
5dcc8f6a6854a864dcd27a87,496648429.86280334
bc08ce9f24533cd644ef08b8,450358079.2295788
2935cc0e053bf558a8b73054,496648429.86280334
f08001f2590d7b734467c58b,415113551.5749023
5a9892659590355b91442979,568503284.3559265
ea34dfefac91681864c2bfe1,794778592.6143227
ee3b5d47d05a80c07751f7a1,588913852.5220484
448ad01af4c5cfba3feeab26,588913852.5220484
bcf43ae0b4b15ae168abca97,611971647.3993552
8ccd326e4f515bf7e817a14a,648231089.3781145
94535dcf38c9c6461a73db02,449880482.86254525
9b3557302e940d4da341cdab,628468838.1856216
edf8c961862a4ff8e1e44f1a,736061044.8844913
6e508fb72f189a4fa91bde58,540189985.5178975
7d0a4771afb00cf9a38ccb81,1351650372.7758248
8c32b6b31d1a1d5736c4df61,845465864.65773
da782fc0c8a79e3e250f0f67,586557074.9586692
c86e643b7f7b57b4482020ef,394227148.991982
4632f1e8fc93e268ddeba07b,553892378.6321076
2cd372392fda500e6526695b,559405206.7914375
a05ef49ad8b2d6c466ac7412,775064707.4464791
9f50ed2b7e40847ffd877f4b,636201756.0036252
c00083aa30ba7d953361674f,619711938.6433108
50857161c59b991304f5c55c,774380725.7006449
3676f63aa0ab23ca7cd344b7,356680744.5286124
3710ec95af4702c45f165279,536412778.94996655
16db516a238934a730ced1e8,618383845.6524911
d450dd622183c7cc43a20d70,457868880.5415844
ba84fbef80c8a82895ec599d,1106801651.040436
ee85a12b8f764bc15164dc7a,619895798.7256727
0038a3b703f4ec779bbcfe6b,564665523.7882445
aa643acab634ee591a2a43ce,582803663.0132837
d6438814f4ff3853bf6cdb13,744444119.1765918
a37522af63bbed2f4d10900e,1380183158.657725
0b715ccd3b3e01444b855857,376319259.3522354
fbdb9caee4455e99259cf921,429834171.9666838
b3c02569b8fb721934f51c52,329404773.1123648
c07e2ef0bed4be12e41c783e,459025324.94582164
1b4e4016cb766bfadea42f73,449609896.85566306
ecf4e968c925cf8322f8a0bd,383012782.2923296
6cc0e6bfd30ed93fca2bb217,426934425.92156476
3e7f514983daa92e49a7c87a,387909772.35113007
97a22807207cdfb341d5c50c,533071921.0597259
3f9e95762d2f2056e9716039,495781285.6316293
255c5b92d71a00c3a73b9aa8,511486937.5403808
58d24ab99d74ae4c449c90ba,596603019.0733584
51d1df6e1f28c40dc9074b74,1174051080.7718859
16261339c3a99635717fcda8,709700009.9164343
1475cdbbac4aa486266e439f,786593896.2782022
2a9974fe07b1e4427e386e06,542633969.8857561
cf76689ebaa20c70d9db4d51,635730097.6917266
f9379319f992cbadc43b9189,581443130.5413576
62313cfe4272d263173e1ea9,763997929.5909939
b2c62bb0cf8d210dc4635653,886459066.6106036
5d2fd288d33283826210cb90,1001311112.7091007
3454ab4ad567d2d22d990fec,568045464.9688832
58be66aeab226c35330d57d5,600333283.331962
315ea6fbd6b3261cae7fb900,557559212.50196
6930d8e260fafaa5c317dc82,448407450.93754625
0fa99fd0e8cebb71a3bb0871,405665478.719153
fba946e4ceea37176170835b,448407450.93754625
b53d4d8d0bd4a0ae84fbc22e,351681617.4559934
8bb1a2ecc997779d1addf12c,354986910.38543594
6dd97377cbc262b07ea2eb99,354173292.63451433
5c50853824c890a5a7f0cd70,447557683.84546757
4c3865a97f5877090e7a9649,474694343.0480071
a3cb2a035f98276076f2d848,418961819.702076
40d04ff9c405cccfc82ed5a5,450198723.77754533
22caf82aae904c79057fcb3b,446193265.28949463
eaf87358d89af17c3e004c21,393895503.3629224
9ab5ef2c5650c4bd05248990,437699621.8393789
d96e3063ce77ab1235e2ba26,467577980.87893176
665d62a8019b27bf5ce6e6b4,409706278.0851327
56234f11aae98489ae00a8d3,426502207.0158083
76a5158e1a5c1f9fae8ee882,444983139.18037766
d974970034de145d469d09c5,404247496.6463669
7b5db1e4f4f47b4bf7c827ee,445025751.3255503
73ff6ce99ba5dd8cfab0faed,397348690.0438541
e1cecc8f17883ba6e2723826,517735986.45590067
857870b1412b84f0f19ed751,451790297.0135955
d89dff35fa1944191aa9ed98,400086394.31005514
86b89233e0176e034ae3cb7b,585379823.1942483
dd3d529f3745159d9e7746b2,531418576.9572548
af10ec1529a63d0bc10b056d,545515131.3888205
a2645174e4e15c49331f576a,617852330.4073818
311dcf366691c44243b7b89c,667751907.3017008
4cbc74a93e33f7b4812e1a7c,537130128.8713129
6e0140e1d667cecd155c6e23,446793977.35204357
dba6308e2358f30b7ec33f59,565419053.7848475
761ba98d35074faee3594dbc,766533077.5817212
b961220d34be930fada80887,594599949.5205588
c9c3973bb37b5c688a7c0157,569316541.9945587
79a0bffec81b17d606a606f5,617852330.4073818
135f6f92c4ec95847e8840eb,594549511.7388163
05858b1e4445f56f22e1f4bb,574575671.3726672
623b7d96c0fa09e50148aa7b,569162455.6227864
e61e5d3288f02b904d3b1e38,610518881.0638667
0d173e7afc8f8babbef6ae97,649794817.738491
7635a792e5002ab99ceef583,557165163.1078897
4da93e7126354a474d435a4a,584897252.8307191
a4c71322f79dbbbedab3191a,610518881.0638667
57ef53ecf8b709ddc05aceec,685956076.1205386
65c3e09ee6f1ef0500ca4316,946921105.6617289
74d0b6e87c2045f95fd493c4,905664393.4791049
4a3d0390e005fa5b4c9403f4,887565455.2418115
a3aac701ae444b6d91b7bb0f,843996747.5530946
4afa3a1b63c076123e7a5279,811123254.359392
c97adfa6f5ad3e3db6b80edd,927683364.6760504
58cdc29143b85386c76bedbd,847539091.5991956
1f81176d8a0c61a7177c6c2b,890786309.1277294
1c2e69465c75fb3af2d57351,847539091.5991956
7a10ffd970cc822108ce7cf0,979369158.8607204
3bfccc757ef82ff2774f2db9,1154653240.9216306
3c753ecb3a4f8ce43077a6c1,1154653240.9216306
100e9e2623cb0fc52fb08813,939825072.7151331
90a269d52e47c1705f9b6cf0,1058781009.8013779
34f4df9fce2ec05633d0cbd1,679216445.5385765
1e4fd826fc8693b17f6efc3b,1148806205.484472
efd9d848677015f13688453b,426852347.5661431
07cd866c871333283ecb2d23,564990319.7818322
76a307d6b36b8a51115e91b2,492144920.17713135
080969c751cb94822aeeb755,333955599.64082634
1e37fb708b70b6b5e8fb5cd2,459792723.6391634
4e47d2c8ccf9929ad9c84544,383155661.861102
3c877a0fbe08cda958ff8f46,551343204.1180007
ae59a0d6441697841d86cfcb,473867386.6817504
2fdb80ee4f9a35663e92b3b2,289658027.97831786
3a513410a390c75fc14b0b3b,534602201.6038527
0616401503f2ebc05af7ce4f,345341420.76528466
98b973c8597d5805f87dd074,571253647.609834
7063abb555d919d5300af3aa,942221554.4271554
88c4b21ecffe12cb6c408a6c,617790962.5867352
75a4421cced1111492d00298,373489675.25803393
0482cd89d767b3b7de976c3a,439493560.6489505
bda9e5d8048acbbe5a9d49ea,406534349.8449338
2152ed6b2b2eaf16ec272cb6,401797688.5844501
9bf2e0c1bc82010e92da2540,676747559.3915943
110af3c21ecdf156898c7c0d,1186673998.392345
2790ead3eba9370f00024472,576135270.5318347
9b06c7cebd33cd26cd6cc089,1390454310.7671444
fbb89795386c14f5088fccdc,917472324.184654
e8a3d9d6134ae8d631791e52,1176806018.2660534
5c535b7d92e34c0fe4b66891,822807420.8848159
d88544e4e85add30aa795ce6,335557682.4668716
01b78983d268b52137e5ac1b,397183814.2325888
25414034e50ca33fcdcda4cf,529592552.408069
2212e0125cb7f75390020951,610257446.6514312
a4d5ea1b907e98be72b5c49b,483414633.91840535
2df90c0a3e2b9138fe276a75,810267073.0886577
c520b7e8de3796450ce49a30,337573006.16568285
35114fa32397272437e67a54,418292545.7505586
bb5726ac16b4ade709151159,434151410.7038726
b4dc6733589bb35444b74c55,1070347311.8064514
3b0b0bb06d95c5ea1aed2d95,498355967.2492275
fb7bd85c05cd74d945d22de0,391941580.66271156
6396667677a878ff61e1b536,296121006.537351
47b5804ba1a998c3e7544092,657496302.9072216
ad4d91ed26c1fd5702b94064,690010343.1859734
2b802261b8bd839aa0b04b16,903765997.3480644
0bf9fe130da23aea7142bb7a,688966757.7645708
90511f2411d4a37a7224b995,644769936.3612889
1355fdce5b97bb36da15734e,984654347.9072647
775a6affce535c5a19ea5f30,643483922.7586824
e36d70d72c2758d7fef242df,452585070.0396257
2fde05df6a3aa9f57385e6a7,389535088.3957684
5e0100ae728e347eedce5b14,979369158.8607204
a636ffa140f80412f003734d,642749709.7402567
74746d24b9bd86e23338bcd9,663530439.8691807
99c539fecb3bc233288ff905,470187535.94063956
44760087930212643641eeb4,987883665.8738605
2c5d940b5ef2276f1fac1ca5,573284278.7336835
b26f22f1fd5a991ecd1e07f8,443949703.86644185
1ffafa78622c45ea4127ce82,644769936.3612889
32a555016892e7a74d231545,653822163.2478465
8d06037db08d0754bb67da4f,401011003.59027755
80255211d99c72e343b32798,1177440969.0272772
070062cd1c769f3be9255af1,987883665.8738605
0451f65828e628c2220df77f,694845837.9933372
d96f6225db81dbf3d1a0e9bd,381150315.2870469
b1527eec2e6709dc51e03f9e,569602326.6031538
5464fe43eded098294d634ba,644769936.3612889
ea37ad89fbe4159940586718,359251982.89839107
4057a676e7012fd37af9c3b1,353132138.8544041
51273a81121232e7f30cfd1e,349885161.6992948
3cfd9ba5c6993718c0c532ff,432897043.6328331
8567e677b30c410df80004c9,555462607.2053397
7a34bcd9f86f5036b526c3f4,500991243.0036043
3dda25226646e1e91f4c948d,500991243.0036043
a2529027db6b525e365e7be0,444870573.0272341
c6115d5e908e04e67915a581,627992735.2476834
8d0ae601094562744c8dba4f,459837178.38942814
55209683056fe2f9faef7fc8,505475492.1713779
e840095310907e82a159d683,500991243.0036043
278fcdbf16e3064ba42c6785,616033700.1007929
74af10afa02e7724eeeef108,626489533.9707903
b763f71e8a5bdeecf0f3f0e5,363366146.3686457
5472d536d1b6b731537bb67e,366955133.27676815
995ba6d1fd63d5160fb18e71,801045720.9365742
f424ca724e7df1c37ed78aa9,761804711.2209638
c2aa451b62293042b7244fff,509671996.6491633
d4ca9506161d3f4bb3ca57fa,329699052.2079662
799862427c1f335eadedf4e8,487917955.3519574
1f3b3bd08063993c23586c93,434756073.0592171
817422f4c278ff27a22b05d7,602039230.1089797
db9798a3f9ac287754f3ae01,788705556.2536651
7ead45d1f505649429904307,711555362.1888007
ac7ab254166442188c6c5c25,900200676.0820901
67250a8950aebdbc67f7fbfa,899321583.1059567
641f4319c315cbb74872b8ac,385007881.8038122
710b0541a025b1b6a5a80c41,369313556.63890225
a10f459124248ef30f290cad,571192647.1289194
1aac53220223d0d823e70d0f,369552923.607789
9d0ae0c4dc11d8c6d94e545e,586868269.9339511
be685d2954b8c7337ec94942,396871649.690992
e43151473292e4e98f121f63,566914574.1934662
e04fab3d74d14be3b8dd2c8c,535877160.0572419
c77509a6eb6665bb8eb07d95,586923552.2859849
9753470e033b35407a2eca2d,520943020.90173596
825f57ad0527d4abf41cffc9,626068124.1685854
0d8074979d302868c2534262,845735316.5528604
15a3e60c7a5d55243057d7df,379312020.8682078
6de06f867a28393a9e95c7d4,313022903.1106393
4d418d0079828e244dbaff5a,565522575.1641598
2de93fc191360ae22b0402dd,566557915.0270545
86792949f2e6a347208cbffd,454140814.0271108
6d8a0768adedcc1070d28390,469143645.25147945
459963742bbaadbd9db97723,726182493.2830099
235b10cad7233d579a966948,418397201.42841655
4443407341bec8b7b0af40b4,901165468.7672163
d7047492f4c53a0cdbde60e5,877675321.7931182
5541cbe23acd6ffd4aa0d939,564665523.7882445
1d0853f825cc0aec6f5544cb,546395060.8412337
f016623361c6ccc5163e79d5,849429756.2312702
d280fed64d1c23ac9d79ce20,602153432.4665978
7e86f11cd63ff6c8a3c12fe2,744705670.4934486
9d7f161ee660b1bcb54574b1,984702188.3746023
a0722c5527c6d3cd5cac9477,991954239.4877557
278a2cd98528eb1341a6b685,476632735.7203319
b755f88ff3907bbe2a417e07,743522163.7669175
2bb55b0a92d62454867bb158,827686156.6767528
960c9349b6ef9b747ebe5829,887641684.1403952
2c8352c418097f82a50d9bbf,1147077527.157427
47d7ba800f164f397fcafa9d,583258220.7429159
610061a0e67aea7d222f08cf,1146719390.2185686
a33de2559b5f56d1b3cfce08,388838086.63171256
f020fef57e9069e4dea2d71f,1371845472.525186
883f095dd3f7e972d7dd3c2b,604205054.4376819
b0b784bfe2d3c1b3b1320613,655839981.8628018
1ea66dd4a72d93f5967be730,402476738.8057103
90b04117887941ac898a67a8,357503654.95097846
022357a3d48ea87d58ffb46e,373505301.66096985
292224fa68b0303a90063801,461967521.9232145
6cf924390dd3ed4454403887,402137268.95396847
555a293dbc104e00f182fe34,457542003.4839047
e13ef02a57d35f71a4fe6121,472306916.3930264
c82929467d22589ec62c0475,446997585.2021176
18a74c9a49ad381aee5e02de,494336802.68980646
da40d46cb91d9e59fe12e6ba,398713845.2683632
6320f26d77fcd56675db6b97,501430912.83727425
3307731f3bc518012912f1b3,470959473.0489101
ba94572d1e050bb92522f112,439989949.39828414
6e0d6bcb01e99fc4959d3f7f,373436569.9148218
dc3cbbb2fa00043d02958219,551537816.529346
495aa774f4db66db6df30e93,463648787.49298674
6ba298925ffad32daae55385,412137253.9789585
8df5099d856c7f9de43990ab,431234522.0098352
93c5c5d9d1e99824178be9ff,406263948.9247441
ffbce3ccf241890ec95104e4,402137268.95396847
2c03c38782e365e68b32d6bf,420776756.73863935
7734421098413f27fae86fef,477064524.55559325
2b50969f1faab80655bb9104,455448162.29579353
025a98586386211b1519f9be,429292104.6480597
6013b8c04f7b9fbc74ef1ec4,509713036.35175633
11075db1cf9899c8640e1b90,484112861.8577655
61ba09084039a467410aeadb,418900010.8155773
eb2880c2433c4b2500fd40ef,492430863.7571412
f7f8607535159c82dbfc6c14,452437381.2955055
35c7a7c0ace36f4b95423c4c,469937706.0505159
c71123c31d02408cdaa74daa,448293457.76398325
dd8aa138623604829d56ac2c,373436569.9148218
cb94eee5ecfc75d0fd5ba6e5,449482319.9756289
ae6bfb4eb4770f2266e3b961,427386278.1919394
573ea1962372999346590c0f,801117535.5065985
9f7204b4bb3ffb8591e3164d,644134501.4465389
a4410bebf9843297fe32d63c,560792280.2723167
2afd9dd680803e3c12d5242b,642710764.8987999
a7618c242fd918ed894304b5,529108714.84180385
5ebc5cc2c1488f681cd119f2,657763348.6177099
cd53a991573ecb5c53f47986,551033241.3373901
75ecbc0c0e8e76bb8d734f60,747981320.3206971
47c2934aaa5934c68dcb9e51,610668432.1737614
386ad1ba1cada9649f3415c0,616606509.815668
9ca0839c9c294674e86eb691,635887483.4526141
bdbaafd11259af6300321a89,627823734.2828789
2e41ceccc918145dbe7de0be,720971370.1245263
11df35a3fbcef34e47747e38,612260932.7221903
b0bcb64f2f2ba69cc712e0ae,556788160.8517809
bce0a4447db2d54d36661011,565283780.5619794
ef7ba10407cd74590ea3fff3,734465084.7946004
a743dc3903eaf3576046ef3d,729175137.970027
b3d072ebd7908688d908d350,537740007.748236
a48abdedbe3d132276dbe403,544566786.460378
c6b7e739125907c86a8997d3,781941026.9355282
813d9415d9abca46ad4d92f0,561307949.4033262
c631f8920a2fd1160f6b15cc,820389436.0974113
16194707d4e85fe332411bd4,611136069.146739
31e241881acaceb02ef915d2,593281805.8619066
a3f1214ea44063ad10956fca,707686872.4719386
ab086fddcb949e3dc0ed9b5d,695858418.5344827
ec4df02b32d90c019125d108,604379297.2653837
09eb808ca3859318d6328db8,612260932.7221903
f520fd12dd3ed32ba78d357b,732066186.1323348
0a2f7379cd1bed7d2d2d5a01,633438673.2214916
30652905d3eacda34ff61a9e,675944346.1929909
0509650d34981639b9c64a22,561307949.4033262
77cd6b199ee485314bc74626,562399323.7416807
10c836c2e566dfe9edcf3d8e,922974721.5753462
e109ccb29c02c9b35b789c90,998501400.035511
2d60a221b478264cab9816f7,822434015.6874236
d34c48ffe935cec3358b2247,847420733.632155
9cbed1ed72b444c22d8c1614,960297997.8906741
735c3aff4c151dbc32f9a76b,972816955.5918273
a4b6ceedaf89cff74a292ab5,978814305.4884458
052957f95b6e7b41bc625009,968741791.6946937
33a61cda27fadacce0d1aa7b,884385270.8439802
6c3bc8c58ce67b8bb9f5894f,1144146505.2201004
1988513503246248b80c7f17,922974721.5753462
57c29184563b31f5f752c5c1,964198352.067079
bc6a7d4ceee8bbff9ac5eda8,948015011.2766502
f1b7ae24195b4414e6d6a001,964198352.067079
e7b3ec90b47c9e6009ca8a75,998501400.035511
39b62c6fca161b80bc6726c4,1024183462.6843541
55163359d7cd910861059389,1096355165.3244932
df35908d6ae2847dfc73cf9f,1062258665.3183324
ac822dd448e04e9f8dd1721d,1128445254.8544018
7e86148f53beefced6e0f3e4,632019749.5049814
6eff15cd6372aeaab2e665d8,516234466.9744409
0a1af9bb571b90233856289a,610292188.753208
b3cc5930a3cb26e35a45e09a,674577401.1822213
0c12f73305bc7d72bdbd9789,559920783.5883365
ac048209de77cae737d60545,421918317.1232251
9239fafbffc066dff0811302,349798300.2922307
8e0ba427ea909cb7943929b0,401707821.2485334
b3c99f30b16fa80cdb4f213c,695771754.243458
d1dc16c82942902c668a5c9b,565554519.3286082
5cfc9e48ab90da0f4e98a7ae,815976471.6090777
9abad9f79352ed42d1a9f099,382356023.03358287
dedeafb60b4a39950e7a984d,382356023.03358287
74cca5cd08c4bbf5d0404d74,575017821.6258537
b6aa1cb0187c4a1715517fca,382356023.03358287
e22bad460ec1bc991f14bfbc,613040624.5252188
594d46a91315527995cbd807,716904203.4178094
2c0b4c8269cbe25a4e85e049,354173292.63451433
1014d3a98e886e1a7358e29f,574210976.511117
73d6bb3d6ae08921a6117f5d,446225536.8827072
de3b619a7c80549db6ab16af,410819984.46165
da34d6cd832009e428d2b467,374735911.3407979
104722434c2deed04a901aa0,374735911.3407979
cee66eef685e4764b9553a02,397348690.0438541
58b40969f1b73182cb6d30db,397348690.0438541
964e9c3f87176e761484543e,647402190.2016851
19487167081a9b0dd09d7975,596343047.8075292
7d8e345c9b16d0fd69f848ea,1086607643.2700608
7d4ba999100c8e694fd820cf,837383452.7243954
c6b157e7a6ca08d04ec4de4f,488310643.61532646
84ec2d5245cfa146dab05065,719424639.8580923
c844a386941b86a3d4c0312a,391160640.76287746
0648aae13097ac649fe714b9,621159606.916487
34f220a8ee1f24bcc5790364,383437119.7739613
d12eda0ba04f846d73cd7acf,1253105486.8694234
c12904320223ddd043f39c63,356680744.5286124
8bce0097d22b34a804b502bb,494149266.8291777
ec1171cac1eee089be6f427d,503889445.8528833
5d85d77a06d0f0324d15d162,1186673998.392345
0349908483ce628a0a5fc164,777264082.2493504
d74da3bb780515b1273d741c,917472324.184654
64cb8fc8412c9247a5c243ce,1176806018.2660534
3a53919313bd750f2b1af906,926747833.3594229
91d265ffaa6b407e9747b15b,905686322.7756997
1db1d1b76e09197dd915a8f1,1081232005.0939484
6645a3080e5d10779672d139,645884624.8334064
3ff6e77706eae698f86eec29,600280254.488271
4670d21fa84e40184f03d5de,352340688.8985654
ee8bad3fdc93f7fb79c9cbd8,725599418.4688255
b624f0438025478c9f66fec2,898654830.7566613
37dba4927e327d3a4a0c1d36,537735555.1390716
8d16b1bdea35630a3b09b192,460851600.3149034
d54a4c353cebf18d452be515,366898144.0130693
c402811ade75f5e3dee73ac3,400670866.9205669
dd926903e87d691a0f15dba3,613714354.6127123
cb01687abe09df6838e1b224,475799260.25721407
6ad3e1a47d1055b55d14e091,551288901.529609
b8d50a94e8166e471fd8282b,617191780.7659981
a77d82703468f2f9e8f2ea0e,798423156.6426307
5d2be469f69f31090769efe3,684053924.1800672
c4e8559ee733a551649a5dcf,673376972.8197957
5996fc90f923d6e8527097ae,543649776.1359456
32d5772adbcc785ecbc2c55f,503969346.43757564
5f088237d263c37e78264bba,512606256.49277455
799afa0396b9f268f239db51,346563341.84429157
bd23b1463f0936d2ced5fc67,578181089.9606249
8f35a5d800d98481d7a8b6a4,583712576.8026568
371b5ecf08973fc6e6849d14,572623350.5721953
fa70a55dd0e2053a1b566de1,422861407.556456
584364cece0bc4d17f0e7fac,410762320.52756596
cd968f8973a267790a38f2f2,454804752.43805873
c46b122728ef4c9ae8be444f,566733840.0084001
4056182cbd8c12cd87ad9e84,375432189.905717
6ac747618b6ca674e86cd275,431954134.2821794
afb02897c700dbac941ba8b1,503837158.95450413
198cd3f4e9be65b83f01ceea,384704155.495237
c92bdf97d7f0a9a12c024406,477223989.9938196
e00e5934d1941490834c3145,604234851.5966598
5b139fdb19ff722a846d71f0,919490019.0893445
8b554961129384797391d1ae,922553442.8611503
854e27be18fb8f24fd433eb7,695621834.1065826
241d9f8599ce6cadac1d6609,682992787.4360583
b85b37ae83ef95baa03752f9,997471629.1363033
5b3ba9e56e24e08e1f81e220,422061088.6942796
58c6518f9d2d0526d31e7566,376071760.5888527
38a1e2050dcab9b4c70c5e83,450218931.1253415
da94e4a5fdebe3ae7bb1adcc,564365841.8442795
49fb2771ea6c1e8950cc9a57,613137189.0177214
f2b67c40a560af8729bc6072,419303791.401324
13fc2dd1cd32d9cfa457a5b1,612108546.2254364
b6ebc3b8408793f5058cbb90,548676208.5750543
75ce506dcb994b10497e6816,661751273.0285668
6dbfb281abaa9a6956c080d7,333367299.5683304
af67a68803a18663e4b03eb1,484637753.47635436
a9c212f77a048ddc33ecebba,371384786.46365416
df89fa06e32e90b0b6c2014e,460639719.0286971
f20a7f264a8285a75dacdc1d,741871670.5384469
61a363a73f3c93aa1775c4ff,657411795.5391074
d8c1f7303b205fbaba2890b9,397336668.9071496
70962daad7cd15ee8af564fa,632522817.5984244
087caf4bce7b0a3fe3c47dc6,404452042.73345476
5d2200b04fde91f830478aa4,427352268.147773
821eabfeef3dcc622fbcbfc4,382242344.83757514
3d722d960b860b4bee79ae2f,501066155.4813116
4d3d887d2236c2f897f3bbd4,548846115.229423
7fcbcd9e274b75a157cf5d5e,546438663.037638
88ea2d2d7cb6d641df3ad76d,816883362.9164283
c06088db17767866b7f4ba7d,1220920794.6103675
e4a9626b1107b9397d0067aa,600070135.9555591
82abb1fb693f34877bf1327e,1152303807.558147
3279efb86571efde18eeebef,349157461.1601178
afca7b219d52b22522abd00c,603467905.1975117
7712f963ee37e91abb7342e7,569789299.9946511
2a2f455525c8e0bd709db91a,809289223.385962
833ded72a8cc9c0d606a7a74,816750106.8195816
f3bf0be37be6292ba0a8736b,561307949.4033262
c06c8b6425e3a7c2d7481e42,393573848.98057824
27d4f17375f76219b446c092,360912121.20064217
9b7de95ec90da0dc8cff7011,380333800.6757337
8fdc9f203c3de5d486de7ba0,437508614.066358
ebf2d540aff82f1aadf95f9b,455448162.29579353
51c48d17e774d6cd84f4c355,512361187.1554306
5c1d1ee26cbde5b766cb4ca1,454306229.8682794
2d26b8360f1da9a677670fcd,517217341.7557743
ce1b06502cb0c5d9846cff9a,394365446.66309977
3186cd0a3125adf3b25587aa,534005179.2859207
f839de5370a225ff993f5b2e,725135802.4043032
2900dcf3f944a7fcb33aff36,568413068.3420141
3f54091296f773f5a1bb240b,611846875.6379415
499f6f4997474415f0bd596f,647699835.1484622
110539d2ac34e5180e3fd95b,930214601.3926595
dccbc668caff517f649cadbb,1007206416.1022369
823c9c7abf2d00140766a2bb,1131398801.327591
94af5eccfe170cbe7d428184,664161964.5038847
dd21457e18f07d7a927c0104,431181280.5721402
5219cb469fff40cd9606bad9,357950759.56182873
5a83bd697db5076016c0671e,450897270.1888072
2a1edfd6cf74573521ed74a1,447578908.8025367
40aad45bb7a980c9c5e1884e,699379643.6571054
a315b497dd8e80464bf0480b,498184669.54581666
7095d576a0b963eb340d8fdf,423698765.9200025
9d6288cfead77d622f5f5b95,975763754.8799248
4caf356c110a50c6c94f3eab,606120925.1003321
23101b0002252f3d4b3e1d5e,1041247937.3491921
8d1f7b0cfde7e496e7bfe972,460730656.6281045
28e572584fea1555e2a517ed,657188116.2404951
6666ab486afcbc162fb560c6,823451729.8044151
b0978c973ec3291e950185c1,905333471.3968611
d6cfd3ddca2a59f0b6999d77,464535436.3299865
a77f5c03a98636d90f50e11a,855156252.6109021
e6387696767d20cfa4918ca9,507420848.5944744
1dc0fe5bcea9d08874871326,429565419.488337
ccdf0abddccb1a670f31c2f2,675394129.3307288
3ba769d65f02217656e0f5b5,573036631.361997
628b3b56449724e7d945351b,751963105.6162835
b47713520859d58efa95bb06,612507974.0402977
e6c6625db90e519f9dcf1b23,425586706.97253156
3e1a1b2a518d3ca2fe3950b4,442682680.6755564
24849579dc9ba7fef1b24396,527418287.8498149
6103571d9525ded3c09668c6,458410485.3809447
a678e89692df9b14da9f19b2,477052128.31971884
47bed52dee0d311ae0016b08,676375431.4179914
36c0d26b83e575a500a6c30c,521087512.21322536
34447730b60ad12f4775894d,919450172.1481293
aec1778ae3b5e60cac280b79,563807593.9595255
d95f38f5d1293c74ac52e823,919450172.1481293
5dedb7b64b6ad0b514de2bfb,785960949.0587076
60c71a98253b5550d773a529,507420848.5944744
099ee1a7c91105ef46b5e7e8,663640197.8733943
b56533bb19eefcb244e69470,957003643.267089
62f46b8989bee43db86ff589,392364545.62785304
4d485ae48974213b1594c905,810996605.0884793
c627c6287efaeb6fd9049312,461085412.37772197
976945e68af6a66f6fb0850d,509826033.6513524
93e443a5b3864d52765e6484,975372502.0523175
6ef9ce7a53ba3bd892e21f1b,525082351.19646364
6f3041147f930cd6cd4fae05,435395281.70468545
3917b95a3d05a5e58c117f68,415509416.4807559
d61ccfd4239026feb484cc93,386136776.8308244
b443781523fa0b5be4ad7739,506339881.3758986
6f0fcd78c473e4e04fd411c8,624129410.4756329
7f134c92e20aa9c6f084edc1,544213384.3045148
75075631f0fd84fb0ff49417,764946622.5388595
eae4243c274735d616c6b9bb,1167532814.1840613
25d233d2779009affadf5e91,439624629.36565465
1990717d8c7aa8e732bb1165,884144489.773651
71b99de83d83dd970b00f07f,1119993788.0180023
243ab5db6e47f3536d04d312,898993571.6917636
61cb98125f43429f7f93c898,927656229.8279359
6ed772640e5a311cbfd17c31,395641172.7582555
d9f0b4c92bdc9476f50638ed,441742601.5844669
796eb5ae3ca5b63c9fbb240a,706946467.887944
e6f3eee9f5048005f24f0943,700839340.1376399
291ff191bb029742387a72a3,748656962.1629708
829bde7f8716daf76f65ffab,730836987.9073757
110a2f124bad0f9381edce7d,741595223.6885942
76b719681617ff7f28d33df3,633642007.120952
eaa6d58e226904e9993b3493,554847570.6983736
af3e3a83257eb507b96b2a1f,729322547.3595985
43969367322e86c68b51c2fa,487319088.5881517
50fe589dea73e764b7735938,372052927.1675701
13c9960a03a1c446aa5515cd,532248897.3539092
e7834f52ebad3d3cd00d069b,484527489.6845326
fae37ecd6046e53ea121b1c6,446331498.0180549
8a0d2f8860a90322d6c3b61f,531451834.9956247
008c7a02d158f3b17ee8e015,385350587.2764922
3ea6e8da2cb0bf83872dfd8c,429000686.1966846
9b184e58842bcb14dd42103b,501999749.98046917
43eeb2567c61bfbb059fcd4e,417156364.9858217
ac7f6087e19c2d3502368fac,462839666.23276126
73494d52196ef9838b1be34a,725498067.4477974
112d996c4c0662bd13af3ea0,544566786.460378
8c3a02c9ca043cf0f322ba84,730324573.640831
a757ba01a02acbdee50462b6,544566786.460378
64e3401f22d18b573ff0504a,627823734.2828789
acd7394afcee30e084844c63,730796066.7609199
35255f80583ffbd504250554,654130694.0939704
370a0d0da794efd58cab251d,529738293.9775282
cdb5f8327360c750469cee74,593281805.8619066
dbffe8f46b3d9da2e57c97fc,660207070.0768752
25b1ada57fd1e5c88d939c71,673911277.0297765
05f79195e285c126125d258c,749687220.8591522
62c017eac96743cfbb61e86b,590610924.0393271
3ca7f183cc0b303e5d455309,822205220.3748002
a3dbd504524f980ac5325150,855727742.1497492
5703df84eef7ca9bec5bde45,911591231.6198623
513aa9c91c245ee4be31507c,933702596.7331471
d41d07d1aa700278cb81ff30,537869112.8869628
207e39d9cc4402edd48864d5,611377589.7549957
7134b03f54b10f282ac34fcd,1052639456.305171
6d860c215908949c4ba1c536,365822104.4974901
f35f884365b1bf6fb303d7b5,405092616.98391557
4f480aae78aa068901ee9468,404039624.18464965
39a12600317b58457f68b5b8,379782270.13187426
5f0c7a6b4f46203648a0bacc,342758846.3501741
d01f6c0b2b338289e9fe3768,334946174.7796322
613ad83abcebf6598f0079ab,648376007.0730525
effc32659ff9bf30faffb3db,648376007.0730525
73fbb3e6b22b957ba6b7557c,576420585.1165053
6c8c5e22025ca4f450a428c3,570762093.7836819
d6e333e793f75c2ab34fb127,467598376.96490073
b82e52830b51e823ac7187fe,479821715.8599188
35ed4187f732a1ea68dce712,603797483.5516233
0c5067ff99e15fcf99792cbf,603797483.5516233
0ad01fb039a198262ec59b72,493045173.395533
906014f0ee3f3f4f0576d4da,526225810.34018326
13477d8ef90576ca84258984,640748840.6463406
3083a7ab1deb092f7aca6a54,628575725.2637203
a92ae34df90cbf8af7695ed0,528524262.58504546
82d22ca21e31222068e1ecba,691491215.4717599
11727589f7c66554e9114407,679457336.0586759
9982169d6f3e9ca61dacfed5,662359493.5433407
2de0ad9bf15232d6056285fe,659868594.4639425
eb6e6060b78676d13d6bda48,542870520.4885188
6f37300b1fefaaf746f53907,604380001.6689798
7698775967b96e3e7bf66e6c,624149990.7239908
863e5cf88a808b8ca96907ff,658404548.8318914
77b5c9a5f534a5b80cc16d09,652018847.0357573
ade0c9cf1f9106e342c69bd1,641480903.8184791
6fb45859693c703fd9c812c8,565329864.4372623
45badd183bb1a4c630174f3a,573994176.9908574
f66bad2cd4b09ac29f540f63,460886134.67220134
fa3017d74586eb4c3b5b7db9,789079335.0161366
f09bb33b65b5ebb8fffc3a21,611118865.8577169
600dc823c42aa64f60fc3ab9,566309768.3167263
c1d9119fa7ae7d44362f18ce,511860188.5468876
a1305fd943ae63715529209e,745974598.8030341
8d81b4681ad0055c274e7da4,745683505.2445618
cbb10e7618b1385cf922e815,587452015.637538
b09111ea69c4be8ae120ddc3,622673665.1654909
099f07f9ec4ff6d835337f86,417965552.96490246
c70f6bd5ca138bacfdf8b5cf,606451882.7016761
a6c86ab7381f6c43fdd61a01,622239293.2801654
58c2b87098ad454b1fadb13a,636932562.5164535
6afff7782d129021eebee968,630968691.449976
ad92f3ea52673dee0a56902a,699832521.2442037
3e040e87b89a043564f0d0a2,1045365422.8653351
49d020d2056717c2108b0927,790937357.9116185
a4ca465294c114b1065bfead,945535200.3309262
ca9520c7b8432b0521b2e8dc,387362953.3362178
4d20f253940a4492b4f6a9f0,360270724.7825098
09b61cf8ff3ff09ac892d073,330498302.56029993
86e81141e429bd81d7f0e73d,429437727.52435434
b9826d7a6132b16df1bf58e1,473120653.6933454
a90c60e05e29b77963a11246,447241830.1518576
6e9984a3c3daf63fce5cd3d6,484075459.6776006
a9eafeeab4ba51d3644f4052,445137927.76600206
f74eed3a7dad1bd8d92854d0,680060438.8091153
5b377636fe30946fff973f3d,658663919.843349
5bf6c1862c0bc967da2cc484,743732947.8255174
cd5111edd2fe80f56db29531,608205211.6124963
c76c4695ed005277a59451f4,695852776.8267246
7dab6cd1002a8521e5825bcc,644289080.8151164
5b57258272dfd1babb29e7fb,766679440.0703976
f68b7dfd0579838324895097,570153523.3940636
812646c7de863919cae5edff,630516391.5772777
0da10eb6093728074b34fb75,664502495.3181611
c64346c8b0ba32a55292e66a,956225931.0502377
ad6317cbcbb8bc27b0774fca,874509676.3311646
9f43c80d2fa31a09592b030b,850841493.3632658
5b84f5de073000ad4d4b1a04,1199130822.6857197
d94d18cbc812d560c1e38ffb,976168394.9574136
ab3110b5dc8ce81471f69c16,836101368.859922
138a1990291ba31024455eb3,1137749610.380229
646bb3de5a1cfe4bfb7a7ea7,1169238578.9432523
d8fde541f142e6a7f0b28099,474460695.1497314
ef61986cca74fe8585b1b287,487386579.47337425
e1d8eacecd35515eb19f9135,1329233226.557856
8346d64ed6211083fd420ede,437948458.69732416
4340fcb9c80733260565c24b,782120829.621396
ff5a27ffe7de039e65170f9e,763254994.5710405
ce407c1e25333d7c7eba1b0a,564665523.7882445
f927027bc766ae6c111fb685,333907737.3416453
3f9a3edf25152433969f98e9,506816175.55789167
987476ca395533347581b2df,440913046.7447202
17d0e3208fdf10c77e95bdf4,534705777.88258123
b485036419de03f5bad01f35,537899322.7065301
d3f7847147c88352bd3b9707,695239044.1059921
aabaec5accad3f545f864a3d,529335098.4265869
400a103762ad652e81c8d3c6,791730425.0767006
acf15357c1a919b6ee78f676,908193832.5376722
8d983b9ca65f19ff3d69985f,992806070.1452149
b9a80a4d84eb918792324dcd,399863145.71429884
223b3c04803ae7b855f9fd10,728972836.8868363
e5c8f2d536c3f931eff2d70c,512048897.2054741
f976ec33e004b2d4d32c2eb2,375846191.9960037
cb00e44cea76a92e9c44e793,395744070.0202621
0e6dcbf136294f2a99410052,377198486.5409172
102de0a5ee4f19454b922b96,652262037.0910985
cb1c8ab11838d9f0a1197e25,514897606.9186053
2e2f1072d8db7372b2c2419d,376551323.7798506
8c4cc779f5034e9c10b2e698,368738054.68249243
85734fd69714897264ce2214,392678857.14098144
5694c1f689779fb5ca95686f,575992479.4164262
f3bb60434cb36fcdfe218478,434793262.86926067
cf8bbd3528d3e7e2b8f50c29,786909654.2019154
7db1c8214f229d865da455cc,640272315.4146097
f3478cf008a7ad268a434ba3,604205054.4376819
5440ee15bccc4eaf827fefa8,631187996.2793415
78e85ca7c532a77700bfae6d,640181944.9560946
eb5e382e1372c4e94f467673,611525646.8808291
5a11cc89d3b01eb87535ff1b,659963869.7993658
d0f5cebc2059ca89aae30c76,465273085.7173883
883371e374936fdd74d09fe8,532541968.49741673
9ab4e5f8cf2b807603329cdd,419791599.81570244
c37c7859956931d77cd5c9a8,419791599.81570244
730804efcdd755786bf734ff,345110523.5044317
9d021f3fcbe5f82fa1c1fd94,527625159.61916214
975ea2f56001edae07f28fca,352724944.61492145
8fea95d0a70b1ea918803f58,418900010.8155773
4718488d664194a3c0c5b446,519819493.54797286
1b87ffa033dcbf4e2805dbb8,455448162.29579353
1a77ac51e03c77ad280be447,512361187.1554306
228d165257ef052ad50433c7,420776756.73863935
513a83ac5bfe27c5b813ce4d,423377365.67037904
73bde441e18a9548c034372d,925307434.3280032
26301269301b6f96862af599,457120469.40782714
7b30dbf2f6d835ea0c14b392,501867625.98406357
254de3f3fc52b8cb62141baa,477064524.55559325
f566603aacc78da47a283804,470959473.0489101
990c8d65ca11a97a1d34c5e5,417156364.9858217
a9878134c12696d8199a1ff3,418921523.89500254
58185ef7646efa724e904f5b,477542133.5288485
37d5b8f329ed1ec29d4bc035,442827451.78343016
e6f948282e81570fd03e4df2,534005179.2859207
8b801b4cc1d254d0277fba5f,529108714.84180385
33a334a16c4547b9d7842c3d,627823734.2828789
1ad9e105d9da875001111075,940463758.7768681
08ad96681afa49c74721daad,657242280.3149726
beb73d27906bea7a7d880791,801117535.5065985
bda5b2e5a87a4905a30f3b8a,820389436.0974113
5cf70a67ec25288657d6fff4,729175137.970027
baeb4e9d612bffb63ae3564a,561307949.4033262
1902f509aa05287ba42f546c,518130507.8844131
c0cf9517f20ae81c79ceb0ed,660559745.070021
2ca8b22013c529b412ad764b,610668432.1737614
b38816ece917027a179663d4,1011179646.5530087
c89167e42af0d42c88e8573a,751054927.0610509
09254c66d93cbbf2675b775e,734465084.7946004
89f8ccb0c1e2136adf87a10e,923645257.7825862
cff851746578050bdfd46090,948015011.2766502
d53ddfac67129aebbe054024,978814305.4884458
53b5ffa0cf0dd12e4eeb6a2a,972816955.5918273
62db5fd2a4eb831d281ba8ba,922974721.5753462
59b5fe8d4f5ae272dbaa5ba0,949195040.3524292
3c1b7a0a306e16e8c22d78c9,1144146505.2201004
5219c3cae1c92b52551a8571,929981095.2674967
de6aef9a5e47a614b75ee576,925172881.5015204
d168181ef0dcb853171cdbb4,1274891825.306126
6c8e27967ec63e6dec4bd6ac,1096355165.3244932
8544bc14286a51e60ffee7b0,1318008122.2129006
ed48916725be6970cd2f273a,383913016.327829
9ff3268cd15cf039ab958413,398729676.85001945
16cc5c280124618cd5d00027,398282789.15828484
ac028c1580f6e4da4ccedf0c,372506997.91802526
673f2b913006ee8b33e75b5e,460381090.14777243
191f96722301456877893b22,501449121.94979614
a7d8e636db44cf5d3ceb67cd,751342722.976491
1310e9cafc0b9fc21c212f73,718821259.1944627
1bbbe4e1eb264f5c69467e50,453225773.8013331
283c1142d027be336a7bfacd,378336734.16650903
4d09c2354c67243c968dbbcb,564071142.523585
db3edc43e89840a65749cd94,478841601.47759795
0274166db611aabe4e946a83,403815781.15249693
8153b36347669087e363801f,489199148.04620117
e04473aa943812de1d662058,750065724.0964905
7742e8923a4b832e3d94f3c7,507094263.2538865
536b5a8aea016aaa90fe744a,757562405.7902396
d2c02052de9c97c531a4453f,426355054.0166216
48378a6148532f71abcc2f98,746033143.6248262
fb0dbfeedbab00cdc7eb93ee,584413784.8776
699412bfdab1157487c81725,623259287.3966836
a63c26369cfbabfc9c2603b6,631894498.4456587
34e5602cb58501859e32dc9f,726182493.2830099
da83b03a6c9d405f55714b0c,882644383.6542617
d938d682332fa9e5c4986024,613381017.5234201
e9e39766e2c96bc783d580a9,1379275102.2578988
fce89a9ffaba32f9f7c5895d,1059460383.0614902
2d6aaefe0f50db8acde6fd1b,1362070629.3829637
1710873f951e7f695fca3568,388186390.1459053
0ce068461fb3bf34eee000bc,528612770.9576418
b5606ddf3a4e60e2a0e0d6a8,895948990.8737549
2c2e56e3e5210c111c7de708,493280328.475864
94118bd8c3da3f14f9c7836f,400642436.2123534
d20a5b3eb857e1f4b548066e,568251726.4989138
ad37e23456bd4d90010f7784,415659502.86486655
c5602c608080e2546dea5463,614633136.3658215
e3bd8bd5884a55fc1a151687,460647226.69412386
aa31e5995379bc38dd40b8f3,620324789.6206412
fe8a10fb4031669a9b21c919,953817945.2441701
08eaca41f26eb387b67bf30d,797725317.1466691
23ef4d57d130e4130205f30d,545249145.8674043
d6f1594affb8db7a865e3452,414579064.3806906
abd9cf3c36309d590e58c2a7,476916722.78204477
1c177af5bb41e26ac0135b4a,467737550.92792434
a05da8df13eb4b121d536912,554395549.3446773
5a5a581ad5540fc82cd3c2ed,571686850.6425624
b50ff8bfc0b4c4b165c5ccf7,669522804.9742426
2abbf26e80643dfc1b75edcb,634712119.8773023
ec903c33a379d8d2cc04ab36,588989069.8477235
c062d873af3b7cb98ccbeec9,925755281.0322927
927de0269795dbe0566a0326,747682676.921211
ee703dca75c4dfd5d035c9a1,388679342.2626614
b8a42b02c50438c2ad7598a1,413989871.1517588
f7216fd19f41ca5ea66a9169,413989871.1517588
f487761a658a4247563faa38,391755643.9685835
caf878b42daeee3c7de336e9,634282497.9590436
29d0dd2d4b120dd54c34b13c,555499228.3604728
1cfc7d60ce613536d23b093d,846452658.6336313
c6c7409bbf52c86461aa1dd7,791304250.6379497
312ef52e0250429a5ecb3b27,670494355.3263875
48299e52748ecff3b69f7a90,578722456.109819
a02f6ef1f148659297d46b33,543375818.7421482
67f664c8f9250a22c10b4f67,509567922.04651874
4977af03eebca1aa266289e2,508967168.0426178
39af71aaea23b5c1e987de32,499928808.3071822
d69b019e6d54faa1cb044d39,935076229.742118
024e94e72ae88464621539eb,652518840.6627461
b980c778ecb2709696265c10,1366793533.1359537
8780134f8b40f0fec4d1b661,957978532.2576969
107f29b67164ad6861cb7059,1011511807.6499584
c8958d280d0cf2d8a0b481f3,424170922.30780184
1f8f74ce8831d5532f330925,568177408.0358844
7be46b6dd9891ab771fc4be4,400531089.47168326
4f4f7d2b14079ddf8754d6ad,647981747.7283059
5921ce922675f6517f8f0007,1013811759.7910825
49f0323d28ef0610248c87c0,608064928.8276566
3ef167ca6c4ac77f6968d17d,662022154.1892431
8d2f9968ec8aece8d1a20137,457231948.02006245
4bad47078442f3416b2c1ff4,622655080.5005513
5e1cc2905f7a701f895123d8,737079404.9643784
a8633d3336d097920bc8a9b3,544421366.1255746
72fe83366bf13a53937b7034,579073595.2569096
ce78e1dbbf0f7aee98e244df,661444861.0980048
11be39d287e5a8bdbecb5994,756603871.6321537
40a561bf79fa7a08155e1183,842067356.3820997
3dbafa8cd5225e261ec9b6ef,376585111.31590116
68cd88b657b59f5671f59e04,469522933.1117837
6a2ce95a8be0654f193592e5,464154253.98940223
4e613cde51f9760d3c051562,697348343.6204699
1b69d2c7fa8f802c4af1369b,740086246.8009194
f126c4b36c00d0ca11c21a2d,537940102.3060466
e6a7e6b41e6c6bbdc16e1e14,679876853.5921055
5a69ebde2e113923ddbcd18d,523503473.9795681
72f0540aab38ebaaf9a389f6,401391183.08058625
75b5bb7b5ff8ebcc863fbdcc,560555187.6911544
096912698fd9a59d94935478,664215317.2624683
f0ad965090221d2349e90d5c,579226454.5949225
1c224347a1445ae01184e0a2,1022648710.8248796
0ee7273686a0a92fbf48a383,943276524.4576488
e2094d28cacad3e2a711c5ca,333181132.7203756
f50e0ea2c3831235704b8c72,351188462.2743313
1e64759f297a66524eb07b7e,562156513.2112972
7636a187e29abcbd8fad6244,476806308.32986057
9b858a70a031475e422e375f,707333529.413644
56c2e8e14f9c6c9a9f046a08,473175623.1492721
1bd7b990be19afa5acc78bc0,567165646.1393064
8b36b7364e4a4c80a6e50bed,783917121.2695283
d348d38769937c8f350297bb,842443390.1968013
f4350916cbddd5a544c6ae46,421892310.1624552
237bce11f35d32ff029498a3,494233160.0796533
faf92fbca9baf8cce4a00063,467060036.6601074
812c9b5407424f956d308b06,599017507.1336677
9fd4adb5c63fba5a11661b23,585212574.4518477
168f81689afa1f055d8bf7c8,774380725.7006449
2a9bbffb1b98c49d79bae509,624998402.6377516
b95ecad591e5c69fdad8763d,436376689.9184536
dc51caa89a74da37ae644ff8,436376689.9184536
d97895a836e6ea22ff3265d8,452028622.7851249
de754bceba2d206a9cb4f116,394875776.2558787
036177aff84b1901e0f18759,464883847.2907486
8a6cb559a488d6ce1b641585,602886019.6890012
74c4f233c7f385be73168e0f,506691144.37688905
27a6f3e8f9649ccce7680f0a,559002579.9612664
711045fc099712aae3fe4d14,502667178.3151614
01e033f5bd502c4ad398ece7,530224509.36197674
a99261116e0158109b3e3bc3,529292766.3317549
2d8d64261ba659302da4a481,530314245.24192244
9adaadeeaf6a403e1c8754bf,577161425.8470179
2ab24b9c5349427998338d21,641583531.180298
09ce36a03c52d6721bc5276b,703656321.5439928
80b37d5ebdb325edef39258f,753894914.3949486
78a080fc98669c0cd9153904,562556696.5398544
2d14ad8ab9573c406e203ed4,750559337.6232414
145f33a8350a080231306bd1,599160334.7463417
b0aaae3a435fde30c4c02fac,1085027235.2544236
b3f5af523b5d6d938693ebfe,810297831.6291199
25d62e6b1a1a52cd8080354f,978863053.0904851
5a06a8b33611251b62d77e72,1051110823.3942246
e93a9b257ecd815c860d0b82,728310988.4697492
610f192d22864016cc2df1c9,449278727.92611647
4e665d479b3bf2e25cd463a2,778667951.291165
343be18b0f77260f32ec05d2,461960754.8708002
33dbec39ef8c0667e4c3f039,644491487.9224371
b24fb90a2aa5d9d0c7e1541b,778115057.5746323
b56a3a017449fc4ce417009e,459752185.9262054
e0dd5e6879d824a95c3c1773,479834856.3428918
156a20e2bf9e48b9a360f9c4,445980405.4009247
d5583fa23ed97a3b9413e910,646032116.5585501
4e6f695bcd4d3c0d8497c1fd,1301395598.3969016
da7a511a5f470d99ab2bc4a6,762145788.6352806
22a6058ffe790c98a8922258,928196547.3089619
0c19c54de06d1c139df99ab0,738684516.8646497
48e687093fb26d29cda9ad6e,328031931.368318
3ad3c519ced4b63ddbfdb0a1,452063769.28506136
0b221ebf810f632568c1e2c9,534316706.33802897
7930f32456e796e40fbf78ed,608060282.7856588
f084bfc530f4039f6631537b,785946969.2968947
f9793063f561dc76c0b49a9d,852569474.9381555
4d2ec23fff8eb502a9d93353,807587480.6472392
a6f570e11883e74654898d75,879064185.247874
cdf11b53a23fcf9b6032cc8d,899669988.6969402
6f968f62a6fa4dc255397bf7,610413307.0827911
d692ba46b098c6658799ea8f,385774228.7117276
774a4b48d34052a978b1180f,474991186.45150244
acea4c7aa1185baaf6d3b60f,864329054.4654466
07ce6f95a7719abc9a204b6d,612304052.1672966
b371665aece480b8c1602773,561957801.5093836
5edc37d9746cbef8352f0fa4,515065559.2786022
26617e1fb3b4f0e4a70e1b0e,390780449.056346
b1a13541b37964b8b85f4669,458745909.2901367
94213637892f5fe643cbe8ca,471266923.6120493
742acc26686d04596ba60a34,440770373.30993754
acb1d16ce30aee0a39f01f09,543044469.7289082
e0d837e6d5d74fe91d39d23c,629675618.6621721
29028322a6d692edc5ca713f,945903403.7631165
03d54a6e80d48c96a7f6a1fa,647868539.0698339
8616b310e335f539ab1109dc,713884472.1269759
6c21f6a3513869f93b32e9ec,1132725965.024065
10084cfff54a17bcda6f19d3,564665523.7882445
169c742419c0d4335d09fb45,779247609.552076
0f06896d7502890175cbc4a0,613593682.495465
7d2e3464d5f2f79ac29e6c0c,377625222.7025476
de9053a55630670ee8e59c9d,643442189.5749438
8d54b9bd24cd9da341cc942a,517819459.47968996
95570bee1792641c7c12e4ef,757814938.9912337
6d0c5546a498fafba15f2e17,443525742.6705639
ed43b0ac46067bf886457c01,536993546.5075808
8890eca19a9e1cdc9e0f0541,554258317.7783306
760a5dbccf4eb4ccc2622b77,419437116.0635042
20fe2d7fb3910ef786cff965,531810016.97636133
602abdc140c40112afc1dc98,409783879.5684353
b7f906741cae6861bd5fb922,441687048.00401694
4d45fbe5a5d39188b5eccbfe,450289766.4552654
08f74ad7f06f2c409903ddf9,521536219.215677
7be186f4eeff5c0efd58e424,390771247.7959238
3d1a767dc286fe1cb86ed9f6,460619602.52966386
2ec9f5265334241fc594976f,744444119.1765918
d737b8b7b39e99f7d877b7ed,494068455.9733515
8fc50169e6ec98a3f4229ffd,564665523.7882445
942133ad6b84f9d08e1d4e7d,589794669.4266151
c965b03014d21473b27072f8,588913852.5220484
f1c8da86597a427e24dcd557,545085743.0546606
8ed5e7770d03c43ed19abf42,776803223.4233265
68ea36e3f441cb6da8d36198,1124550835.8739538
c97715bec6032974060480d6,611413431.2582376
e6eb47d050702ed49ef5c49f,611413431.2582376
5a82fa348f3b97e74cdd3a61,716777437.2342453
cd05166ab9bf3128c23fb8c7,603061514.5341518
cbe4318f63d73fea6238079b,933485758.2576886
efcc8d268982e95fe2fdb311,1184964530.7969744
c45d7f326a2f279760d1a4ae,754751051.2963694
7c5ce0e65cb26773edc9ddef,882644383.6542617
357fda0abf79ec95f73e3584,379613800.7651061
a1e8f0c7cfbfecfd1549b0b5,405609029.4925412
3f208f32cc24d8ce1506ed90,545174019.9001529
87ca8a2b3251a38d45730f5c,542800721.4223408
728961e03bfa6e3242f06d8a,497691196.56955904
b9f9dd0d368df912e6e0ce70,842697612.2566484
429b049255a7edf227a980a1,453325319.3272221
a6259664a05091ef92129c7c,451048081.0175323
674c915c52b27df2c06b8bd3,527520681.05392766
f8be64dc83c5923983fbb770,541052845.4097439
445fa7f5e8e9d7f12e8991d4,808596611.1654063
0842816a5ef4f24435c8df22,702948663.420106
40558b62d83e4362efe1fe26,328422966.0780019
bc474096496b98177e40f590,738769735.9766484
2b55989b2253416428ece917,738769735.9766484
7158e3a6d456211d4533e246,475162066.3921702
d4fac54e137f5d27ce5f457a,621829361.0146793
faee80ca0efce20e731823bb,813702871.1080804
8ec09555f5a47f96a8683699,879756239.8399091
2d7a48a6b9fff20ded24f86d,349644064.3405633
514b09016ef85b9ddc4fafb2,748225498.1020392
a1c975ab16effc6f97935e16,558619685.8092599
e803e3806630c6579f004610,668937082.8248168
26526235b34fa5b7349df00a,408008738.82487273
ba762cf12cc038e5c43bc6f5,649608610.0827703
45aa335dae223bccb31ff7cc,564544565.1907212
1dd3d7e197075859c1ff5b23,590361275.7469326
2db9b3463f85dfa87347d6e3,679377523.7793953
f72cc14d79ce15491a96ddfe,936386525.7944931
4e25bad08182b79f5ba9639b,1189265334.9912107
e724a1db86d8d0c6334041b6,359278400.7770099
8fa53bd51f5d54be50b3fa29,343108894.26474464
fb7048ba61e9e6b1de829bdf,467151336.80602306
4bf70f19da0bddec9241d310,397388259.52224934
13c7f3592bd432c7cd0a42ab,596860050.2184113
cb64b363295d36b9b0fde3cc,617852330.4073818
bdc17ea3f30318b11df30508,615644396.9515984
cb7f62ac4c1afbb4256601f0,617852330.4073818
5d6c275d9d3326e738c875c8,960131974.4206071
9865836c04a9582688f50496,540515469.0542127
55a615b65a28b64d46ec63e4,554755151.2197151
dcc9e2c9c1151bd9f93f44b8,826849394.7174282
1a2c0e46bc18bf3224450064,826849394.7174282
3de8187003cbf6c4813bee45,404690621.8914978
d62663a447beaec69808f85a,364579826.60566247
1ae17f134221d5d9ee69ebd9,604003091.2947842
35e55d060b1c4239a85c0ebb,487150530.8293205
45917f1bac415feac7e41124,445192092.23709655
ed44705c17c414af8442b6ae,671319735.4786221
6f01f2c67343ebb8ec717a5b,671319735.4786221
8f2218126da9580268661c70,616631676.7006273
5b36bc6e78872d2ca6d3d1f9,629355517.5685252
c5c7631ddb5b485d0e992f7b,626023012.0414935
43c88f1874dc7f91c899df36,1019499911.008727
dc544c90e6ee38346a6002bd,658814434.3841144
02990998f3621fc5a3d0ee63,422356279.38009286
dbab5ea45ae910567c97fbb0,483867907.8764153
bbf80c409ab3a6784028eb6f,374185999.09447724
40e56beaf4a7f28f8108b132,374185999.09447724
e857db57a89e165eade00770,476508416.7449636
41fc4ca2b3f48508d840bbb1,487900424.02223516
08c1db1e620e975c4d476b2c,406850627.4731533
8a1d93bbc83f4728657317d1,560000717.9346756
6be0ddd4180b5eb92908da05,413478688.7394274
ff1498465e4db86f4f652e87,522530241.13022417
6410d336f6e61c4a81403c61,456148045.06901026
169cdb07bd175b4325fd28fb,420123386.0880447
546b56fbf616a6dfd1ad9d88,511151526.23210317
666af58bb684c2d8e7574e86,665592669.0023754
9fe75dbfd537f9ebc6653f18,650192500.400375
ef961c130fa3b9015b103154,872891546.8455205
035ea0f13f2ca01c902d5388,631975320.1493491
7800f742ee14c4b4142f8b58,457658958.219424
0c621256c4d7ca81045fcde2,624145133.7487774
50db9d168354ea3d75a03a6f,472299905.63278663
7bcd1fe7a140b6eeb4df2aae,487844092.3855168
49a4cebdb22fc2d72bd1aa78,363702789.8227229
69ae1f2868fe714ad8e2f114,367269620.68082774
ca4f4a66d83f2043a7dca261,336322125.5154097
c0ef32a7a294e5891505bf35,336322125.5154097
5ad6f4091b77715b7f74587c,617937114.1706593
331e915e2a66fb70380282d6,491664676.68139136
3a00543fb00cbc044a5b3527,446963977.04387015
81df59c6d8be19568d16ea3e,337258926.07135254
88a4da0d72977b0c56b31061,448710760.50597554
3ff9e75c6de41de517d1c4a4,347330531.9308667
147f80fbae69dd577ff19950,869109966.261069
78beee9b7fab8600d420fd27,565488172.1888812
c3733b88ebafc0a05f5bdc99,500405578.1504281
568509a7aba60f8fe2d0cd5a,545749684.524011
f6d3f7e963c9aa1783b3adab,765569823.1844524
ffcf6794a400aba909383b41,831355224.8050958
fa0aa00078cc178de0cc7d96,574949743.8435547
eec51f949083f39691e37e15,772951814.2893556
26f3d5bc3adcd1396747a414,971589607.0218095
cb9e058f82b10cf80990beea,758445986.1776341
22a0f3315f7600e5120db131,423575020.5820569
bf6845aac15fde9b89a7208b,609382911.5210688
6e3cbbbd3f4d0578144cf021,507928495.15340495
98a0289e513d5ba036b24252,371184571.29124403
597d3f78e2f413acabf825c0,444339243.2784654
43a91a731e86b9a0784f717d,470014968.3223657
f34ff57e272cd08056e6a243,1052248956.4480588
6f68b289516faa0b7ef36a34,419520945.8758859
8bd8a7e19b6d3b8bcabb84d9,504235894.9326189
74b64bd536ebbcd7c30ef8fd,835755636.8610456
f968e756cbe6504fa0f32458,1335789063.4063866
e99d9dcb9880cbfd219b4297,611204354.4039983
4c9e6812520f4aea4ce435ae,770467235.6107743
78419be95416d2991ade8be1,402022822.90655315
d417ff438d2a418b1f9e50b6,481892775.09769386
3ac77ed776aa4630c7293240,604730968.1479536
95173735a8f6e554f083c065,1167854119.5567403
83da39bc1a2eeb75e2825c22,460583657.47135305
4bf89c9e50c5417ed669c481,879735091.5906206
f90fd39477c8da38e33ba0fb,492616278.1389163
b45bb2d0d137de6984d4e1ec,675109516.838617
bb812343bd6cd66e9cf9a9ba,438776901.4454068
e299f614cd8ae525fc8fd0e6,616258077.5335292
521e9326a2003c7b56fc4365,1035215823.7352419
dd59ac4f6706a1399360bd14,919490019.0893445
d6c6e7f923ce2cffba8ff9df,695621834.1065826
df07a34d0ee2f78f115c45cb,896632652.7208939
db6061f876f890071f7ed957,866031342.826358
b31601cf48b268f3b4107564,709400366.1957088
3a9b2ef74c59e96a6b107357,438553762.4527492
d600310e19c926cda14ac923,984780848.5489374
183f2cf1a1c7eb9700b6e72a,1222493790.6935668
42556b1bae874a5c09777873,876797766.6682204
57c1ed738536d177d66fc52c,1368717941.1360416
26cdd114566b7cc63cd96fb8,722117178.3850045
0f679cc583a47b30ea132bbb,571928805.175249
32ea7e13e8d9391aa9b7ab9e,377375798.85198766
0a482968c7cdf212401d72b7,622707780.9301429
85e4ee2583c51592d68ef5d9,334677857.94229716
f4ce15aaa352d707b68cf773,495957489.50060445
7d383abbb6ac49c6599ffb0c,586764044.4623891
6c67b1b0991a1d79251855c3,921397420.1960886
9e52ce2cb6f6b7e2a152dd54,685640934.0613025
bdeed3a7395cdb9b175273a6,641980565.8274162
423ddbfe2f575e6bcb22e7b8,750699604.51932
3247399a31df838ec5fe58c5,566677735.8037617
bd57e5cd29d935cb26006835,561307949.4033262
bf00f36c4dbb273d7ba4b7dd,462769013.15343493
48b9efef82faf72bcbdf66b2,544566786.460378
d2526a3e39ea01f87c99d073,585887791.4200959
651d5cd65f80c4938deb7da4,424697232.045935
0be7803a34b11d89133beaf4,415059116.16981685
a54b0b282edbd217e9509287,633364630.5006225
550c5061428d09afa0c409f3,499954227.1684519
7538c609fdd115c9dac551f4,600103963.3972684
d7e3cdd3ac239a5c318f2e9b,606209643.5499909
9bb193ea939c5308a738fcef,419175295.29482657
33425419e1a8e854418c5180,477722671.7274332
fedf2e30e390f5cf74b27e97,364981450.46807635
024c5c787d005adbe770b9bf,449788858.5943334
13f681a090b36edf38a4abd0,540251766.6648487
442c6bda79f63bae28674b1e,564172529.4727249
47e0c773f65485ab7c78d49f,533438640.425413
9e30b310c820d0426f504d90,478230441.1290354
8cdfda9067e0934a8ebe0894,470253819.8137784
0a8aaa78f68d43e3b1bf6c51,595639225.226089
1101f533fd18cae5d32c1cbe,417180650.3137877
9f6af9ac2404a8d55f24286b,432517252.94688
75060f295e0aba8e1224f766,453192272.8019634
f0e68102ff84f49d90fe38f4,419203991.75845414
3c45bf3e3e31e7804ac91704,720204873.2829487
f908e1de4c4be0d77411a998,440205032.15564233
ca643c04044fabc6fc566d12,429650651.22460294
8aa76df8fea21a42fb6229ff,541502805.7386686
c214d2383936dafbe0652c51,556527708.9064028
993898470c6676ce46ede92d,582632498.7002525
18f6240cad6e92f9151099c5,782056619.263219
1e63fac2629793fdcb793f1e,627858637.91358
e0137390f0186c98f4e91263,761689103.4221708
e35f95823a486c52b0f4c2b6,549398500.2637119
ede10672118071a215ae09fc,661598310.9716157
fcf46edf6d612ff1f5ed6134,658888913.5645865
df4be33c0931aa86231b7a2e,657459099.0054406
53fdb16ec08e794dba9a10ea,710342114.868737
74c24c5e142e5267456b24a7,587452015.637538
f1bc08407f40396c094e0499,691491215.4717599
496ce19c015093e97144d375,598987025.6862905
a183a1c009abf7251fd725a1,819876330.593062
6bdd97526b1a9cf10853df1b,1104398328.9795768
f083a8f187e2227696695ee1,396529958.7497036
2621e068043a5019aeed6c8c,608816293.8587508
3b43e7acfab46651b099b1ed,862904714.938659
6565b3281cc2d632febbb6dc,883361755.6790072
09e47ad8508e7cfee83c6d68,962513928.9339067
88b02e7b20ce6db956afcdd2,925872668.1202604
bfc41facefe9428865e4c29f,886459066.6106036
569bb17b961fbdadf7106d56,920990051.7100502
2314e3ffc7242a429e00207c,880469370.2041429
4bc1e2cf5e5ffcbe1020df08,849278405.5681256
949c4a5382aff4750b4dff83,1383763538.6821835
a63b4a22614d334b4a61ea16,671033111.6488359
734fbae84cebd50aaf71c48d,1259802893.504921
f92935374a7ef86314223c5b,972850554.1632138
6cc8e22f11d382206273af23,614628411.7903731
701768887155444b77c4f446,370028081.85537064
13c86cdff4dd32a9f8b9adcf,610505838.0950506
8002e2cd1b70ddcae88ebc4b,950913581.8706369
d0d77497c8a7d567f01d3afe,670282729.709295
95a7b01cd60cd10e7364a600,550689198.8546221
d1e38d7cbd32567c874e194b,550689198.8546221
e674ba41f9657ac8f30d4f7c,416173584.4704604
6bb760d54e5b0f54d9612a8a,401011003.59027755
9e3bbcdba89c647e4ce53182,511784461.3758353
72927abf4bcd53d6907aeeda,694845837.9933372
aebaae467e5f01db3afe69ff,379637790.5587267
3ad457c8855ab8921a7974c7,573284278.7336835
1f3d3fbcb686ada1a96e01e4,398493859.55523187
0775d831f68b88ca59eb871d,764329197.0092217
5fa3b0993cb43d3c72c30093,566418990.631336
bef19d0084cfc9f6fa37ddd0,538388703.5076008
85a856b4d0dfb1fae861f513,653822163.2478465
07fa1ad76017843232107517,987883665.8738605
4049086139009c35dfebb3ab,445532274.13622135
655120f80a39c19221623311,650811588.3201281
71dca93007d6ba45fa40eaad,644769936.3612889
9f41ce015f02d67e193c41f5,396581766.80493873
9017bd24d173b2fcf564b32b,979369158.8607204
e5ef29d41082025c42f7c921,460655998.826621
5c60d7880850970facc54bb8,809640274.4914439
f51fce25d8376d48fbe73a43,450518647.918972
9dc7b0a394309d8b76d0bb7c,590143923.3037931
a12ac99bf63b547fd9180a79,493352812.93127155
378d846a7af35e0c3efe53a9,455585939.2556129
0872198056be7edd5eff220c,720433403.0640697
efddad1eec775ce61d3b7b64,586520655.8944556
70c19d59c6b9e194b6bc09fe,643910081.0013136
b0d3d98076883f346cee8d04,583759917.1432303
c7694e92a97bb66794e62fbc,440904636.88889974
7b4fcc72822460a428c19282,1031406856.9892977
a6baf4631223d9b24de8b590,428864435.57365274
a6f616d63d134f14ced205d1,1063106109.1548629
50c123baa5783185ddbe29c6,672021121.536455
24756921525595f1684929ba,539085753.195643
caf9c761d21329c993a0bdf3,598741253.5596745
193d70ead1ff1043845e7671,618834275.7343963
62ea31859e01c2f4d4e97baa,489751734.065365
272b5b5c28e46c6f5ad95c22,581650570.2945921
552ab0964056c1d1d1b7398c,636569862.4315655
23799891583435710f66303a,561099037.7489823
34896afec0b639648c527483,470187535.94063956
eaf53eeb911ecbae638409e5,380362324.30472875
b1fdade0fbf0470060fc2708,465127978.17004925
8a20478528e97700dcc84abb,418961819.702076
702525f05b47353c95b0905e,483622980.2930578
b84c837c5a1fd0f1ebc5f8a6,550361872.311335
ee2d16316e6f4f2388494c7f,590110271.7473857
ea4af07bef4ed93e81ded95c,617852330.4073818
1a71d0d3503f9eff28acef6f,910734232.6868236
1fe392004a09aeeaa6e8bce7,595995292.8719102
46d4b0cdc81137aa56f516df,581748100.4485607
4d666967b74ccdf5b04e9787,304562088.0627934
fcf79745f8cd716d3ff9d27b,450588326.44103175
aa8a19a2fd3e2cfeb3b7dbd9,474072071.2201894
f055602beb49dd6040641c9a,464746034.0697452
7b1377c8d81755bb9b501064,437328322.3767513
17d0418e4a439e9de8006f5f,553089613.8710185
48f1c6e343a4724ed865533b,621749762.5273451
353207faab3dcf10feaac8ee,1017763638.9475601
ff188e88378c8e2abed8119e,688566575.2195834
424b41f5e01ea2e2ccd3ca48,524508391.9957376
608cf4f46a188cf84f853c72,478194260.69022095
f9e7582dd99d36bfada56249,611118865.8577169
d52f04fb69bed41ffb10fce8,556527708.9064028
ea84b58f733c8e491db98a52,633399466.9396838
68699eb9653684fdd3fc79b0,556527708.9064028
31f52502e89beb1b2e0dc3d3,604346493.2949953
fd41747287a480d5c4dcb56d,886459066.6106036
b7afdbc1b57b52e6fb03accf,1109104108.9027355
48b270a493af4fa28dab9211,401718607.90579855
2a787b39e84958ca6b7001d0,635486339.3327028
e439c77c0d871996bf06bf88,685956076.1205386
91b8b9db5372a2c3a5c30c58,497099531.00552905
038272b33c075765464761e8,503205278.09115
fe8e45caf7605fb91d6bc5f7,537018789.4115522
d354a2581dcb183c0cd70540,412959709.2349444
9421ce9f204f373a50357fce,411367663.851827
56bd3b61805077405af098a9,379716226.7346252
0a606d19ae362a58922b172e,442774824.74888617
ededebb1a544fb3246d3e131,460253458.8603183
6b6c365359d20be719ce815a,507062269.52177036
b8b22c1afac62b05ad389dc5,495044316.27762634
3e3717eda8ec9a68c9d83027,557022966.539077
03be8ec62dae56680beb2cf3,631107829.8475723
fe6c8cd2e792d62a4c324da5,407572140.3512839
f9c133f7a12f2b8c1b2beedc,410455050.2292084
4ec47b8100d224499ec608e8,561260518.8260797
143ca16847cc47d4a4c01ac0,461584945.37942654
22127243f7ba3a68c3fc33bf,612456406.2203358
835eff7679889fcff6795d8a,396873810.43743205
4ed3eb724d4e57a7b35ddf5c,461328477.70915973
4d743a1250f7d91e2782708e,437230603.1643046
9f5cf735a842860e7ac753cf,569238489.6517917
e54a8b735724b2af56c7a36e,380753686.12750894
3b39471f854357b7e5d2853f,600855673.2134947
91bd11b5a8e0c0124be78f46,396654839.7280675
6121943254877ee48716c4e1,474293507.80971974
3f4c2c98a5a6cb78d7d26327,340772687.99440074
2b6d63d6b072901effbc8e1e,729429878.966968
7e4b240c601e37977faffeb0,729429878.966968
ac29d71a80307cab65f29ff4,990013227.5432433
70c77552b1bb67a2a71c2ee1,986567180.5625892
54a09a85767156b072c808c8,499950575.5799128
244210fb4bcc0a04f2cdff95,956294880.437587
9a2b53c1c7151a8b26a71edc,375062471.4576385
918c48a512fd6ff22fdce5d3,573500112.6403764
effe4219e6cb56e5ab70ff6b,1080590934.3230448
936e6d2192f28a2b40939a4d,1112961511.388712
ad9a1b23979f0edd2ee19f38,534512092.55613506
8a8e4996e24142eb413c0d12,908169055.1812158
31c69cf4d197f97ac594a896,652238948.9517845
143f07eb2a8f0a9e26fc4c56,879172056.0607108
e5fd3cdc6a19653275c7f4a8,415569840.4165524
5c7efb015b8ff7f108c99723,623612309.1100111
394718d9d069a126e13be804,703489662.6861216
56f30ea777f5493139f22384,1041919583.7103947
37d5a902f1036cf3d80c275b,497961192.0076284
3f418a8bcc7adfa87e0f67dd,588627221.5841649
051416c05445860d5b4095e6,567700567.8015985
887761f34ce0996bb05ac48a,618781287.2916026
e02fa06a8de8a603e417d5ad,666227943.37238
6f5929e67fb8da068b91096c,612507974.0402977
291479f573955e063f2d8bda,602907184.4453918
e60850405ccec092b8fb5d02,630613770.3244286
464864b367e16547fe319229,670813628.7778813
4c14547b7e02e75204ca9f4a,537059034.7244393
6183257f16bce94113879745,501806593.1663524
46c34a4e5987c20eb1f5ff99,393741472.1628228
3f39b25dedb96409dc9d1947,966678825.0006166
e7a85e64ee07971696f555f2,880991531.4882153
33043b254b9085fc82ee1f7f,334624613.6210724
bd2759d469829bb8926dbe09,460730656.6281045
affae17b6cc59bdaa30e29c2,973556463.0231338
e611d41aaf38a58acaa0bf23,579836371.7908243
0de426088a306321990cf60e,442786154.23167187
685982808b30597cc013e2c7,398636541.98218113
4cfd1be6a93641b110fcaf67,416152702.58388376
68fb3b3cc3e5b13440eb014b,1239368158.8257058
532bf5813d7e70958f71a480,599259367.8852792
06ee1d8f3ea326a0e3a9791d,600569339.8549687
1862e0c4d8e89fd2302ab376,1644648496.7188127
f3dea3d678d959aaf6b2849f,1280457898.36881
2478e48a3c6bedd57c13c72c,620348797.8866688
efa36c7738fc14a11cc352eb,612142763.0163454
2f6dfe9443645d6629eeccb9,512489596.0904399
bc7e867cad6f221dc44754b2,586900438.3140506
e4f2fecf58a038d7b18f7160,1009213161.9962326
a7620d5599ec354541c8af13,1334958015.4026797
484cde8e47fbf62a339c8219,412247840.9527953
5fcd9836a3ea537fe86d457d,496680533.006435
1b288024824312c8b1681bd9,451816086.5366567
44e4574527acc86977f5bc41,605117402.8821708
8b716bc4d6d833f9bff3e729,553311953.6000947
0ab85344c5fe6ccb0edb6313,611413431.2582376
03ad99f1799f2a20c8cc0a50,786314466.613659
6db318f828d464be421eb572,842444679.4675064
c3e648317c360c76b94bf541,361504254.28470856
19cb65620d2330624252d01c,400225888.7533258
dba9fa9642ebc97ccd765db6,403589446.46524316
1d2467e5f991b935d676e906,378988210.3891429
4091a115125eb4a67f494620,375001141.972728
d197410ebc0e3b9937464923,493998549.3489407
722699e593085cdd72102baf,398841501.00966406
c059affd0c19f6d4d76f37c2,430583740.54460365
855dcebac302ec5760f67121,601605728.8436348
f433278518a80c3301f26cfa,592113739.8592949
66a45b0aaf5f696d35f5cebb,725291315.0369245
0152ffa8757aaaf417e9f997,679504483.4341251
55b72f6c7163a9b0b3b0b262,492164443.96982324
c8346a875be8391145a2f9aa,640894713.5472001
11c86230e62bd2c9ba44131f,684345804.1760744
c4b97a459e2c6d13710fa273,585212574.4518477
8bcebf3cdc54d4ec99ba0d88,381004288.1508331
ad159116d166e45b70329bd5,529041388.42075884
6f060a8ee8d6d15f46289759,460665437.6656649
ab5f089f9d2ac1bf52222ec5,399776595.1109913
f4fc2da675d6a2583054fc56,407133808.99782354
89eed91bf5148b5645408222,522691696.57989633
0761d0b7c6e319a75b06d420,398193450.73130095
ce84187750fa7aadd141b5fb,759371595.5925615
ad77298955813089bce818a2,556920031.3334161
3abe8f334f0f20f8006ca5d6,499950575.5799128
36445c32822146606f75dfdb,589044941.5187393
f9798cc6285c9fb3ed7cb668,598855518.4234469
59dd396f70b8458772307895,608782610.4068648
83e91710343450cb0812a6e4,716195664.4871943
1e7a931100be734988955242,885563461.7031419
bedc5ab20edc896f814c3f06,869456858.1863245
f884247fa6414f384480bf38,524196676.9714902
f34a38cdec7eb598e55fa41e,596879706.8308969
106ad411e13ea21ad68e5f59,1170591356.9094236
a87c585acf2a147e381005f5,490469713.0492943
ad755859e7b6afbc021fcf6d,601947247.2636608
8015080cf97316a08453a9fb,594018522.4610425
f56d8f5cfaca0691c6ffbe00,603089637.113148
8ad016d414e2d2be053d7612,538146038.4305675
8b91a957eca1985938860c28,546417310.3040115
20bce83e2b75fc535a148dc8,464392979.0721226
5724ecee1b12e888d538c1fe,498836994.9357774
1e90d068f3c86c6f691649ff,600327237.6392894
0fd954262ee740999c31d407,510701305.3221171
a6d7b144058ebc326b9803bb,658834680.8826246
a81abab882910584371c7b66,431923948.3804847
9e41c4b41cbdc2553d80e362,546417310.3040115
b6fcc49ad3656cbd3f4c2ea6,678907025.4183754
9a296eb9b63ffbdf2a07cd0d,690693600.3654279
3fbc0746bd620a0baabbd859,600694826.8958141
3043d0b025fac4ed90b448e6,440924723.2497134
219555efc5b4291791143252,331407416.69457066
a00863c7c53b2c059ce22dfb,344978719.06523204
28b838c94d10823ceed62e0e,421889290.46400315
7e64ab35f5e336d5bd2e1b51,533353360.38478756
52f24ab479fad35c8bb5a8f6,359768349.62172914
0d1ef14606c58310cae371f2,365248121.71838427
a465a567a4f60ac534505bdd,653522427.494092
8694b149f7c0deadf820f0e4,612007960.7099417
16d6b756f5ebcacf221918b8,578181089.9606249
7d132190218425df1857b8b8,579073595.2569096
7c7a3f51a58dfd1588d7c088,344786524.8723257
64d1c45a2968b0fbf0eeacaa,644694394.4747341
4fdc382b65441412fef509ad,553695090.6336893
04ece9352b3810031f3f9a90,613124666.9397678
8b5b351e07a26c25cf51e176,478598731.85688823
f923bfcb8cdb543c23bafd52,440826164.3831872
a15a12446d2e5993a0a6c423,411544959.354022
ab3e1642655f7e705cb047a9,440826164.3831872
b62fc917b3e8ddd64bb81018,415375135.467328
835842cdc8ea0a2206c2b46e,411795032.05652755
02ce5bc5d5d286a4cc0928f6,409363178.3991601
d8e51f7b40bf1887ac007163,472891997.7077029
90f320e94aa429856e37bb35,370069864.2328799
967a7676754d6f9aa3e14473,467109083.6931209
9251f3dafa0e747b6e78f295,473592618.4815121
17b5e8357e17b516d947ebe3,727043107.3654411
f943cfd29effc9c048b8e106,697348343.6204699
41719542347401b04dfbaa59,523160010.55754966
bd6ad9a9ab28aaef9b4955c8,635318295.9609076
bbff88040e5b20e874cfad9a,706784524.2439421
3d6a9a4f2336a46eb62e6a47,918043115.5776125
493367258be5d63dc8db97d1,918043115.5776125
67cf2149b4c214da77694088,925645304.7663665
8d2e85825e95f6941445cace,914875408.1846348
01afa737bcfa6b1ab530eb09,904455118.3784351
25813f7204a2e796170c4836,418617678.8779052
3cb1773d90dc240c4ffed5c4,747682676.921211
6c81a0b90366db9f514362b4,747682676.921211
44c8131b88accb3b46b79ba5,349644064.3405633
ff185be4fdbe3790c72d00cb,374389023.1599541
851f50292e30b0a464c0804d,442507722.34312904
6fc2a4f29e3b896bce631ee0,430367953.132106
cabc4fd04b60a66bdbe2cf9a,1190361828.8752835
61e9c2375626a18bc9920c5d,463591639.4891526
396c8060d9767b4debf2a54c,723674388.2175148
92ba019bd942fa33ab742924,502082785.20012033
ff71037ec8e5a91aad6f0686,661118720.2225554
d162a90b37622c1dc6550690,376642386.1344481
e1490f0730f8fdc36993027c,600472545.8322634
5a066d6bb65d28c2094051f6,419935761.62533647
9c7bcf000cb37f48d9f15422,421797769.79895854
528a6345df87dd0db33bf822,367709859.12849116
579ee47bc31f5408314bca28,474500041.6762226
eb61a13df1c8d8d0efc4db3a,411801185.0510175
b649d315ff3c97c4e8e9db73,356363317.81173456
d8dd26eb78ff22272358e302,551049564.9703478
6ae2221c504027acfb7368e8,508767931.9344902
3ce908c9b70f349158f7d04a,818854224.516507
7cf74cbec871e465ec2f6a61,818854224.516507
02e9b077d6cece81387fda35,644334159.2005394
865ed399cc344e0638e45128,588133402.2968764
d9ed55fb72efda67f5144330,733708795.6679894
9fdbab0b428f19e7e8dc35b0,1024142563.8566502
c061b886b7136a1b00c8ea2d,886867670.4352386
fd0f6c0b5234ec1f6c7d1fd8,719820615.6017643
9df90c0644948ea5539939eb,785008543.2732185
547661e79bf0c62cb8de63d1,402476738.8057103
68963f5f3657cb64276e3beb,642803803.732341
cab0a460167bb64c037cf25d,411788713.06306016
31977cd5d4c09eff149e74ea,820389436.0974113
23264fdd1059460e079e5810,473973167.62735736
4769743185eaeb0e4158e0e0,569640364.3211261
780c809c52509bb4855a4efc,589184799.3696271
f64d4e029592761bee698958,373505301.66096985
be364e85b988ef8627ece74e,387985187.46496564
c73c38b652e9418f06f89b67,352779629.4993671
213032fd36fa1a6342570158,401300018.6480833
d519a8de5fdd1a84ca1baac3,431234522.0098352
df91a494d5d244f20dab0eb0,377970333.02854997
9be92b361ffd3ea2c69be23b,398713845.2683632
cad16b2ea432d926d961109a,473662122.73706454
56b22bd973f94a4bfaaf6b33,446997585.2021176
84114798ccd01ae3dc97cb27,438248901.17557126
fe2bf1f402addaf17a213030,501430912.83727425
e01c1b69abb6a4c1c69c77d7,454306229.8682794
24671f63cd061228ec0b5b9b,565509664.3682956
f54c16df774e70d49355cf4c,469937706.0505159
5537b994e85c2688fe555d5c,484012948.4938632
1e5919cbe4373aa261d672d7,437508614.066358
cc125d0f70d6d0819d6d90ee,457542003.4839047
51f94ebbd6d2533862a1fdbf,608765761.8336616
fe409f9ea8d18c9d9ba4d02e,373436569.9148218
753b47e2a3b9fcdf9d7fd9fa,509713036.35175633
6bdb3153f267395eefbf588c,472306916.3930264
9bde9f216ecb90814670e87f,501430912.83727425
7f5280804c59f56fba3d6201,487667184.1513138
ceaf16e097500022498950ff,439989949.39828414
aef06b27b0a080b5ee539b6b,429292104.6480597
abc668bf93ec7d1951c65cf6,373436569.9148218
56822f406646f93fb39d9e60,452437381.2955055
2690ba8b22a95cb837cb87b6,475322621.7484793
180172e4eee8ba756207b3a8,432240641.33263224
c11cd2e00942ffe56db5ae88,517217341.7557743
75a287d87aaf6ffe7b6db546,344124218.4188587
08f35bfbfe1bd663c40d9e54,484112861.8577655
c2bbdb2e5d0191071e6db37b,470190219.43295246
b129a508d1d98a1b6dd2f61f,551537816.529346
335626f385c28e8370c207cb,492430863.7571412
898ed7299f0c7b8a99e4877b,461967521.9232145
a98022fc80dd6ff27de693f9,463648787.49298674
a59f1631e721d231eab4d146,620292353.5442581
98c9c866109bedd605ab7dbd,642710764.8987999
cc9743189c3671adbb1be49b,593281805.8619066
e22b8126863c9ca8fb04df9f,551033241.3373901
247715511199c5b680088b56,662884440.1560117
6e51ca1a9c2bba9fa0cbe5db,548852821.5525995
ba8d6800443dcf95bf9c1037,565283780.5619794
5ec6e033b9dcb454c57050c3,657763348.6177099
156ecfd8ca6004281b191db7,1220874350.4061162
edc3879a1102740f2f96227a,633438673.2214916
c02ce25a3334860d3bad53e8,612260932.7221903
d041129f83f1f13fd7b35e4b,537740007.748236
6946fb4c877f35e9215ef4be,473061056.203073
ff2897a56a0fd08996d19424,616606509.815668
e1b64df8e809ba220c9722aa,657552326.7326298
c13263f9c8628bdef086106b,732066186.1323348
e2b8d1aba0c583984aab25bd,545975993.8656163
3786baf40b31a20f3bf3aa80,612260932.7221903
bcf12785c25f6e600eee8fc0,720971370.1245263
f85d09bb2ea40bd4b68465da,643044856.1135572
1f40dff9a973064aa4737eea,604379297.2653837
79beab95c6857412ebbbdedd,604379297.2653837
5ed8cd2cf2c6dd5b5241d6ac,544566786.460378
ca8dacc29a57d39640e3e59c,644134501.4465389
723655990d58df33d55009b5,635887483.4526141
79a675215fed2e293b27f43d,781941026.9355282
57999ba0ed9089739a1f4de1,747981320.3206971
00cea81b78d6007eb405d5b3,695858418.5344827
c00facb3e4cbb27c47a621db,1407879335.4993505
d1481d9d2bc9d1a3811f2faa,968741791.6946937
26313750bd29b2c59a81b58e,998501400.035511
2bbbe93b615c46483056bfe6,964198352.067079
0f8fa0a074b743c92f0fc56f,922974721.5753462
b925f9ef733930be26417458,998501400.035511
0183b38955437e8d0128a013,822434015.6874236
1c9f65b631d2f2856bc97079,898716887.5965643
c11d82cd360eae99c04009b1,922974721.5753462
4a80ffd8e908a3291a32fb6d,964198352.067079
1a0134583a5854d5aa9cdb9f,884385270.8439802
5f5346deedcb7cf5dcd1e9be,960297997.8906741
f17c8b14e56a76ea84a45fd6,1024183462.6843541
b8ff548543842246ad439703,1022049535.4036208
53462704cfc47d32492b4847,1128445254.8544018
25f925538316d3cdda8218c4,927974628.4183747
ffe653c61bf13df43fa22190,418897434.44809
228d98c82021e2325263c7d2,457021528.1785719
f32a7d08d176bf9177dbcab1,592118517.8247404
f2c86c1edac4eec6c01ec11d,382293067.50551444
06e350e3c733e5a0afb613cb,463489199.6222624
e2544529df4efb7e90afcd21,475878990.6498698
a639ec3b943cf90cb28bc1b3,614429058.1303347
a1320186028a726935bc1cc5,602053964.840145
97337d2f347a50e0ef518516,622732376.7046593
8f619dd7fcf5e1a17af301c4,802233886.9934968
72569ddc5828fc702b2fc773,1041359562.4268812
ec674ba8cd16c2264d270901,847579478.2923509
2b05f001ed1a84425a45d0ac,558666632.9376429
0a7758f69ddd8fb27a839661,647090786.7703248
e3ec7a8fba3e1ea07a135dfc,470593663.1762581
4163b665043ed27d7bf26c00,426566558.7543148
69f7b81b70ea61f304ccd36d,874706531.4081018
ff61104cbeb37f077c565fd1,408708126.8510653
883ee78c03efdb4bdc57796b,433822909.86195004
fafaa5dcf66d22bff322c72e,396050770.1170396
eaf0f2b00b6994a9ba8c5ed0,334012622.96995527
9b1590945c0c7f7b0704d287,627992735.2476834
766d34ea891f3af53f1391ba,478241565.5192602
b8680f925773229571014e61,580200132.5259366
2fcab31c752b699af5e8ce8b,751273184.0242891
96d14697ed6847ee757d113f,414593361.1235949
ded79c11c30167a9d8accf77,381667297.8562732
ac50dfe70b599ae93ddee4fe,515812658.21527994
3fc7a0f9c30978f24d688fb7,675920455.720036
083f05fe52ab15e8d481ad41,894081574.1797842
075be16d8d9ed6831d139b2e,565457682.7298878
ffce0b151f293cad0a6f770f,775661460.7295308
5997da918101ff14bddf20eb,518621133.98662084
e102f1d841d7cdb596d50624,407589729.3660427
a2c3da753f0116aa5842d4ec,769720363.7365503
43228eaa1230dc0f7f1473df,373688509.4622918
4349d6bfd5a518fcb231cb3f,712656609.2843057
c6c978051fdc655d21a370ab,636664084.0691609
f4cdf3ff86fe70fae3e59f4c,595141672.4874427
ac154aaafe98dae45bf9782e,617871318.086006
01f6c99999c154461765f4c4,590288725.7835416
d7d30819fc6ad6e7e41453c1,689213121.1825001
383b3198861942064a63184a,370631563.283254
3a2f110334251e97abe3583f,339884856.8819663
9b9db425b698a4931173b5a4,434686705.4328991
3b51828a1e891f3a52a4653c,414984365.6699853
c94dc49efe0a350bb522a56a,483382908.8472073
39e4765ae5c8284e1f3f618b,797890782.2177556
04b28e63fbba92daf83865ba,609588662.8999884
b9643a26731cf2a9a243ef33,586937547.7165303
19e03fc1a7ca4b0761eb9ef3,561940865.797339
c0224f0cee5a388014db4f55,1283303465.4789796
c4074029fba935dafd82eba8,480250886.1492857
0a8d749a2336d8f66a4f19ef,368917231.73215765
e84da6ce78339d50a72cd87d,329769644.7802497
e9830411c3092327f4e66a99,456842478.03168386
17d51fdfe8fd16185bf5feb4,597110214.6810778
f07126d58455b20f547c4380,499668116.2062326
8fe7db56d501b9c11461f62b,454959265.87781763
1ae2058fbe26f384be45df4d,559640870.3968807
e74a31e6edd4459d4e215c5a,507896594.5038005
c91945dcab0bf200c3ef321e,427860884.38219655
933018604a8d5a9020aac221,652238948.9517845
876ebdaa0bc953890e323843,559578619.6022438
4fd907c202de4f06cade3b3b,562556696.5398544
e40f616637f6187024b34086,561176645.7704798
f9038f7e24e0a29bd9f3e24d,629073452.0919714
b27fc4e7f6042d70a7651038,607860182.763576
e68b18b57fbc5fd6cbb477e1,635266522.4451002
326a82671272d893ce699476,689399941.7574612
d2655e69f5dbd09ddb9268e7,590839432.6986959
440cd2efd45c019c7151902d,646540245.4496338
e5099db945e4f04aa3f0bfeb,543649776.1359456
3477d85a434f66df58fbc094,543649776.1359456
56991f74ed430ed942b2d6d6,543649776.1359456
7ac1b85bd87929705b7a86ca,543649776.1359456
0e1fbbe248919eb71e53ea75,617919008.1136271
75c16273d3a593752446c27b,611728214.5929056
7e74469fe0b030254756296d,979342858.6544362
35fca2d53ed17ea7637c528a,698885730.5897527
963cc728f3bc207a7ad74ec4,741863020.9033636
fa9dec2129f7218b4c4d4b35,896858678.3788878
1d0a6bf40e609fc74a319310,610084380.6468151
b9551c416341fb167049d4ce,602770283.7261285
89131a0af2db172538723b08,559920783.5883365
3e66557e876a876c259c40a0,435569532.6418801
078144699729ee0c46f36123,911069438.2210878
fd15189b99da46b098a949e6,602200916.8344271
d69209d7a26bd306bde5a37d,777459508.3257176
89690c80b7adcb8a8afe531a,506963894.3416738
0e0d19168609ac1d75253edc,609174138.1749271
6cd0aca2bc40d83473a39885,490335107.28781235
6ea0d50e822913d0f444d89e,739917475.128208
39579c195f288da8d77f5ce9,647733119.525151
bc54f5dc4e9ce267ea592813,643405219.8814718
1d43fd3f7fb4e24a0b7c9ec3,551049564.9703478
2566d8588566312ffa4fde42,848240185.7901388
8d27746cd9d2532fe9cfc408,329961173.5716421
95b822f76b4d3d6ceb0c5077,612729294.6716719
eba86391ca00fb217ed1f774,308951176.39972806
b9a0575867a59dc5dcbb9cce,493412198.5246323
0845e73ae95dbd4aec3f1f43,371276598.5900701
419a2f823e87ab67b1311bee,675546438.0900514
552217c633d2562cdcaa81bb,805345516.9122844
4fd7984773d2872e51574ffd,535370422.25398767
a87ed2154a2351cf26f0027d,511151526.23210317
a2522c9d3edb7e7a23a42b74,802588246.6612518
357e58ef96c53f39e267b80c,980670094.4229372
cf0ca58262feb1f8b0dc7b68,840149658.0738502
1cb79aba890b35f9d2a400f6,1224933553.4192417
d5c79ef12f43e2bc19e22fdc,582624912.78564
776e1192349cb7cf1579056a,588441769.5498867
7de63633c7666484bd098e2b,379948544.27687865
ca1b1c17572f776fc1059691,482085041.0963816
53e94de217ec45ad576fd83b,739651167.5695295
ed5c3d2952d2575b1bb757ee,527547523.81319255
bdfa334bc331e3e547f7568f,894081574.1797842
9c6a01e3c7ef87d27185e9f3,1107136326.9569762
05d9818d3f9f2a5c358d3911,680335755.5383283
f6c990e406b3756ee39b3b30,369066428.67563415
19ace6cdfbd8bed6e99c86d9,369066428.67563415
6a04f8684e083eb6319b5272,492617374.78116983
179bf83034539c8a391e0310,638838199.0364925
a42081eac6834da0560ea4ef,757811310.781605
784fa9e78f7cfeca4133e8ed,586741886.5157177
978edd828fc71300e6723e06,576195696.7212435
61d6969334fc63611c810e2b,484315613.3019289
4d592a67596afbca92d26bcb,462993274.6048352
50f8068603edac10c87411ec,607520632.0116663
9965f598c5b95b3cfaac50ad,733925824.5654371
66cf83769d16a4d659edba6d,571549782.9969577
9c2c2b01934d1d519e651786,599469452.760331
2b4913f28d07628bf2d3ed92,925562358.8741552
9baf7967c49fa209de8dda95,714833469.9025189
7a0f887a9426270ff3c24e36,591034353.6441956
c1034173dda31d20c4efbed1,653892932.827539
c4a3d64de5e401a86395a919,446520562.3140248
c4cef41167a5e8354a61feb4,928865216.2205702
f52226b24ca3d5b04b7cfcde,1235186034.5052223
36d5003f0b5ec7f80e89262d,907740898.1254674
641600a4cbb13b35dc7913e8,994357176.500254
c31c4bd09d8cfba562ed2b41,478510383.5223077
0df96c81adcd6fbc2f7141c3,744202034.0229641
4499adb2aa3aee94d1f1a1b3,562556696.5398544
4ec06163d39f96baebe11bd3,449365801.2500809
692cc1c9949d35ae11412fd6,666088031.9134672
f1da5388b772159ec90c3210,562556696.5398544
e7ae63f81f8fad37bb9c1b32,533056287.25922394
d39797a12d9a4aaf15ac11e6,617939356.7711587
efc5412fb02ba9d8f604e493,608840847.531486
bee2e008ee41f8a711fb8d29,672149251.6471078
80279a7533c44bbae477ea4b,542874741.2429526
edc43e57b2905405a13f8f3f,342425783.79623365
751795587d1396e0daa25783,378266367.70408744
6d90801ea8cbc12f9e2131a3,422199754.9093794
71fe067a5ae994180f530686,422199754.9093794
2e99240e23b0542f1cc75026,461749995.8266959
fd6112c82d5808311b08e29f,432537730.4242742
0ac639a7c5ec115b3df8111b,432537730.4242742
af0cfebd54f32b9b92c5fdf3,422199754.9093794
b0015b31facc48a49f1313ef,476758872.8956417
2347f69ec1ce4a3fb6989eb7,512882175.20758843
209bf65e11bd7053d9658824,668933657.4227415
41877a677d1856bf609515fe,601954965.4414431
cf60297d9d9bf1268f35ad95,621159606.916487
a33800eaaf178e01558ee926,674944569.3188288
69e663ffb4935aecb875854c,589044941.5187393
595415e95e075b70c39d5c5d,492654521.8408755
719679261d84d6b93035143d,604101309.0519102
9f149071cf61295815e3f875,938072339.5407646
3d24d985b95a3e200a734bc2,882358224.081562
bbe705b86c6ed4da775b68f0,354788545.6256971
e1d875468eea7b2eecbb49c7,679876853.5921055
0802b7e10706252dab8db909,740086246.8009194
2f412384597554f3dab07985,697348343.6204699
da8b5c8a320821ab8ca00a80,661444861.0980048
0f10d20cff5664f9564bc88f,1022648710.8248796
ab8699d3c685fa834d7ccb3f,401391183.08058625
85956152686438c48c52e018,943537721.4229543
ed9c4f4e06183b15b877f077,679377523.7793953
12e32a758e15fbeefa255207,770484514.4503282
22cfdfbff44541dba9091753,633309083.8916609
314a1e163d0b77b0f384da29,370686919.0405903
23959a0f6e27c8c2b4a7f436,643397644.598205
6ab5a87a537d2ce326c867c1,395860745.6750235
d9ebae84cb53d29bbd8a466e,335056254.2859188
9511afb73b656135daaceb43,913854252.0850009
9231ec89e58a3daf459c5b43,1383818341.1771274
8d97cda83fc7353a86c9393a,1270543930.335322
3b380c563ed2505b7630feaa,1065409059.7716334
6e5ca223128fa2de422b4009,544450877.7076298
ee30ab004ac5270daf59758e,579778448.2212172
d6fee4f680569a54f4267215,1070243869.5176082
db3b84e5b3a9097392a57319,983737732.9614779
cef379fa831f936cad745dbc,431597026.25743395
4db8d32011163bc4fe01d02e,510965754.92612183
f842221d74340270e757fd41,903841432.7113336
f6173e36f95ad05b8e94321b,1089575359.0268238
5960f14f2a81075fa66568f8,529717676.8829286
cdeba97450c735185e486eab,645610780.015835
f9a802cbc802d49a087cf23e,1257878442.3579712
6a9ef848f22fecb9569098c2,825299373.7184805
f3986309e4fc4cde2b5feed9,1021022281.5096974
6c3435048735371c36dd3892,710228646.2167158
f019dfbfa7fbbddec988fb25,1073226058.4872744
4526cb4a2b8238dcc4e496e3,1459643055.8695738
95561bd325f60967cb6653dc,590854702.0191889
9f3e09a3461bce2fee7e1c40,1330247431.1941366
1034b1af0331daddad70f3a5,505735401.5656735
3ee9cfee7b0acd482672ed47,740514484.6584715
adb51a572f3198367e3760ef,618447391.7527033
5c802e198dc0906016741026,439318716.15840495
671603ba1f755be5d7219a01,411892648.2839065
001d77bfb387bdf0b53e9e83,645743190.5967906
fd9fda1abfcdd1066a177e14,580510840.966619
e1e78f3432ea2dff6b69c6c0,540521771.8879824
378e6374da00b72bcd7920df,584108811.5753782
54ec4fd8f49c897c644ce83a,483900229.625296
a67ef3a182aa268bc4d9ea14,611827837.4827285
8100a4b0288d5d9d9dc86d2f,718564142.9470626
699ac8957d9b4eb7fcfbcc40,604422576.1668881
7b35a3e9f3e67fa1974f5c25,706766863.1619017
6e5383a7f9a68147c2788565,838707050.4734482
fca1c40a338288036b1eb25c,1002505321.4932956
237da4784755f090c89f07be,618316078.6774756
21a7c5d6ea818dfb25077e13,666928530.7406187
0cf7dd52e117832b4698b310,760958892.2350657
677c8056695a5a539dcfa3d0,432820991.6688341
e4b85269ca413066323f66e0,1083020333.9351344
9019f1dd02ede61479b62406,744060242.988894
958f3e102c6ecf5f6386a004,550926418.1135432
b05c741bc5013a7a6abd31d6,550926418.1135432
2c58f2cbd00035febac060e1,619191144.950089
89d36acc5f617a6a97e02f23,413087541.7645145
2fba6801eb9a7bce7ed2c081,647090786.7703248
45ccde79aee811756030903d,496205941.13697916
5bdb5174517b8faa23df9587,859501460.2515315
36a11817b32bc24eda6ec8eb,398493859.55523187
f1319a9332946bd68db250c2,376358349.0335735
39f70d6b68b22668a0631f37,355246657.5972724
3958d0cb732f3d623764be54,397538161.1500263
f67028acda5ecaa4c8781ba6,622522389.2292736
76f50ce5f30cb96d48a69357,557022966.539077
9e5efd4741a57b9af54e9265,565072125.3855209
8c45ac143f5cc43e9249c17b,458960431.08697975
2a66eb4d2a205bc4474c0afa,752114094.5350055
85cf1ee98e1a85ff4619e27c,670025321.5136197
84c2ab0573d3cbffa0be90f4,674911163.8332694
48976c41de22ddaea3f8c296,491809865.0320869
001c03f6103d35389825b62e,604832704.448152
ceab390b6906d5cbe65fc402,413207351.6896423
79f989fd66108a2c38a9764e,795537183.2040126
cc385eff95aa00310eb22111,771242539.9703408
ed764bed1d05cb1e9a4e67f8,992910904.3664321
857c5dae475eadef41c25603,540445816.8404236
7148b0d9e2e1e92d41633230,604543468.0883405
7f3e02524981fc7e40eccfdc,386262635.56863093
ccc625df8f51248e3dc93214,364481002.3120463
b38776cf09ec8e90fceeec84,468387897.5565006
48ebc3d79e01061c926066ba,403927389.02935165
9580bf8358095abb15a10c36,323485423.89823127
d26d35e33a0cf88f735a9322,441503484.14452493
b4c2a0a1a63d35a9a08a6e15,699977599.5335174
1bf1913f806bd4b461233551,400238197.3904608
34d1394dbb483e55d1cc2da5,453094631.0060391
7bef2da7f3c160e94fe91ead,337806390.7004095
528014ff6b7cdbfc174f4fcb,551534580.2172767
bf1dae54bab00fcd3e8c9ce2,573357016.4003665
f270dfd9ef449a02b6d7ae2e,493280328.475864
31d6f089626c4fd08536fac0,395276144.34085083
259f4f7fd5d851be70d63633,469570451.212079
6b74ef5c8ab1df614bfba866,579253548.0776827
7ee7fba3a30e0e7c2ed3043c,601593884.2442197
b24bd44eefc3ccf053939dfd,596360631.3440565
0545fc14aece3f37864ced2d,706673930.0090915
e07eb36210e90ef0419fa0d0,761003128.3288046
3991b04509fa61b36a8f7d2a,663861881.7346386
387af5fb4b4a7f5c3fdcce57,693134689.1425542
6852e8bbadc1a9f4fbcd695d,863452722.840015
8c3373f9c0372b87ef021512,1085409039.0957813
6123a0dd128e45216f832e3d,588366894.489928
0913364c688d7375d0f7af5d,370518415.92850775
8831ae77efac99a6c58ce05d,544421366.1255746
b6283a5714e0b977110318ea,448327135.1034482
d2d8f5356f77507f8839280c,570562762.5798789
f36bb15462fb29f80b127458,881552500.7627549
7abf9cd6b26e2e2bb6d91e5c,752079275.0303785
1a5f6f7e8b7af9d48644f1e0,579899460.2209867
8e2a5f8431996ae0db65d0be,535056600.74627143
29535d858fa3a11792697820,1059239058.7980571
8e4df02eee6cab9bd1011987,479241439.5522628
5a4039f0ca12767138ae585f,373944501.59455246
d84248b3ce8ff6f5fa480a83,363716617.9740127
5838e86b74020a5bead56161,354328950.7231801
02091877f01c926c350b013b,404979433.4732282
df298574e35dda90fb568023,357942664.3982072
d8b83253855448caa81f7780,404679179.52008295
1163ab2c0bc8c998e121b922,317774727.9174369
14f9ab54432e5f54a50be4a5,399832316.7060603
f4e0fa1172c1d4b70b6c4d73,374710683.8676043
4345863fe83682f6091d8a77,443036772.25227153
6c5bbbfa3a1515e5cdec9ae1,533132645.46482176
742da63af109164c21dd57af,650589282.8904879
fdc28a68bf8a5bc86288b4c7,617191780.7659981
0f4b077de4ba5f5db6fb0065,576991178.6461173
320ff6c0320674fd278f6fc7,609738837.8386669
6acf9cef08906fe569c38572,522401768.6254193
853febf898a1dba351d6f917,511663988.5215304
8ae41ff6a828f175a9f628b2,545528057.1209074
56ae6108c1b53c649da2f6ba,533132645.46482176
aa990d4e5f1a0fc4f0bb29aa,477061586.3032652
cb8b826e929f4f8a8e3687bd,650179935.8636652
b85a7389bab2e651f05369da,504440456.3846675
1fe929afafa91bee53df4e86,436979499.55955935
02e89c055b7692dab024defc,466537847.658018
66bc6e56bcac9bfc4a7341d8,780229308.5884763
63cee15dc4a6808616a2c2e6,607976819.5796366
9a889078a0225c013570609f,492131572.9053472
3548fa5ad26ba2ea999380a0,594111035.9499501
d9d8aeafa748f8f1ff2fca22,609113008.4316305
9e2c21d635fc25f7790cafa9,412795557.8576985
f99adfe85d32b0a66f4d483a,600179403.2912086
eb64fd330053a41ce5be4a7e,583859075.8413948
ea8d704272b2cd066a7e7867,644688333.4482675
e7c92ef9784a92c8b7fca693,738133068.6188397
a9b83e18ae78d307d1b39b15,775596887.6895423
ab8d6823d905f1f0ccf4a75c,627538468.470661
8447ca83d928dc34c2e7f9fa,700944983.8290738
5bd24b842a67601630036d0c,665413725.4755845
38d5b9319bc16bae99fe73b9,575731724.6529633
e1558509b120809eface5b87,462977378.95868915
4b8d7217da1b1f225f254914,777782707.7114459
09e0c3a1b90d46c361007323,583859075.8413948
d090a9e520ef74848bb060a6,410760247.23299456
07284e4caec09fbbb16adf2f,587742486.5297046
f8bb20be599b79cbe29f36cb,588617864.6477509
07dd30f04c5953f325df9aad,625561811.5403905
622872d345b4b0d9c1b9302f,608338384.2345393
fc9151dd6f8850502c747bab,708933394.2765687
0fdd03a2dfb18e323d96f468,587510941.0746549
ad7cfe29b56c915dd016897c,524852718.70521116
f40a182d82c489f55c64ab7b,1054791600.3503536
fb06aae0e711d628b16eb910,700816690.7096559
7dabee85f750266dce02399e,886881433.1531646
ebcab2f8506c64a461591d1c,668341108.089616
340f96c7de105aec5b7a28b9,756185527.5444347
be1c6023731fb633c4f41f96,376328953.9255935
d6b051fbaa13e3d92a798521,587452015.637538
bd04c8b6b5e381cd5f881379,660297817.8192961
2ca47f5c36ea5d1cf00dbd2f,569181852.0636396
3f2c18ea5d8e9a25adca4c42,553067298.0871755
5bd59dbebb0d6fa71efa4c66,511860188.5468876
bdac2f1c4b306a7742f60ab9,637281277.2978433
a0e26a9d56cfb3b7228e5d75,660477940.6363943
933740e21e9b61721b2c6053,593880246.6712233
a3b9c1a3b81f17e6b22b6152,455908401.5177798
445e241d8bfaceb149609d6a,480105641.9311753
937f0b37f566f65a1871615d,559906419.1624147
9a76a405640f670c6355630a,597880323.2822917
7a0f351e8562fb7aafe6e714,427220988.4482812
4c5b79f3656501fce2e2178d,504028210.30061156
201053b106a0b89a0a47e2cc,381333878.1815128
724a5f9542f86cc43334d3e6,391281540.5547101
afaadd87a196e04b934e0b1a,376881247.9139371
a46cfad2458ac7ca4134818c,477063548.7800045
f640eb21bdbb9369acc4e863,479234431.1073711
8b3350aaa66b9fa1c682c15d,445439829.9528248
1340b0805cb34eb9a982190f,475935108.1171575
055d5ab6b22d4d0ac325fe73,479123628.37044954
faed63c1287896e97987c4c9,482946008.8674525
a094be8af52cf76977fa5083,484075459.6776006
feb3384733ed8feeedf9ce8b,484075459.6776006
eec4d59429b1d1bb75b4d686,495781285.6316293
3e9754a961d2cf348c9ff7af,433668656.26658523
8f8a92abd28c8990534e847d,428900492.7705529
256491790d0a2d5e1ebdc2e2,460107620.2742045
ede7995bc4e7e672fda4fa5a,635730097.6917266
9e8a11484838eed1f4673a32,598981753.4136491
8aad5795547ade3c804c0ef0,577246751.2426978
4ec4683fcf928d9fb33eb7b9,503367670.3431966
ee18825bcf4065d29287b54e,611118865.8577169
485cd615660dda11586f797c,703517951.0810814
8b450ea6c21fe0b5157529a4,688584679.4595137
0d45e78397d4bc0d363be47e,545381801.3803545
bfa4cb65827c4ebb91478e53,586214663.3876151
deb2c93acfaf6994bb3c0608,527758623.68890095
571e1a8c252cd67ee0475974,669424741.3469247
04e337d3c692f3429d47aef4,728113208.356688
cd2913f013727119158b98c0,611118865.8577169
ba63594585c484bbd20ed3a1,686186244.7549127
beb7b99cf12926d8714d1c5d,666596301.851869
0fbc9e52ccf1b7ea8136cbbe,609463025.8763638
f36031f3a3f77a3fcad337aa,891119412.7830166
7738f18d533d0f0379e3a06d,1123918752.1719885
20c3cc21b44eb37d0b359c1a,856412502.3034043
78257e76c16db549022fbf2c,792778977.1637784
4baceaad0b0081bdaa37473c,1093271630.232282
6bbf67d88846e94a63014eee,886459066.6106036
edb259013ceb62ad9b23eee3,890434914.2113516
ecfe155a407ad2c2f74522e8,849347127.2325175
6906a20be4962df7725dda7c,1001311112.7091007
5d86b884df3627d93f206952,1213797083.0724015
cac3eb4606346268cea48e32,919607290.7518562
e7439820086f8d1cb13d7c9b,734245140.5859337
b940561f2d48444e139eaf71,483413862.2775358
4433060d0fa95ae1382f2de1,421758158.5017225
27dd503d4fbf4d5f5d850d4d,601843685.2452456
42a73bad238f2d3f5e376044,437942213.5009758
2b53b13cd912f353cf9c4757,582951124.2309229
4cb59b46927df31150830d5e,496536449.0736575
2f3d01cbf0ee0b985386418d,411795032.05652755
d12e6de49fcca906c3586994,368942592.99236417
8f541a839df1ae79d563427f,432090978.08281463
ae5ff2b5eb4f9ac44fef666c,470723596.4145784
ca77a424800783bb9c5c0450,513484400.5777893
c0ec1e7ae2c6c3c2f2ae34b8,555632877.0768887
2372f7c0499de8aa2e5ffa06,537646925.3945905
46de3fbec5bc6c0e256e7751,479289882.013906
4d8b338266822739bc9c8fc9,808945755.279635
86d46a3fd9d7bbcac3319829,737755096.8357985
b13fce1462ed87e57ddec917,874521773.87959
625caf4f4f56f3f6bfd3f786,368453515.6506953
2214e2c62cf8d2d14f11d47c,471554977.22869956
cee8fedd5685633435d77a06,566418990.631336
061386497cc2dede3ea70b1e,397348690.0438541
3ce50f34a7974ec17178a79f,513094647.98808527
855ce1721230ba103fc0ae84,376803251.66658354
ff3b85eb538fb9a7dd03f459,348074001.28712314
111bf82100a6fab0c9ded743,565488398.2761971
8877941794810464749ba5d5,685956076.1205386
1122a042822658cb504dc147,565488398.2761971
d7d924ec35768a3e6bd39b20,392541974.9305159
27cf45528b4266162f7c9029,481218480.48126435
916f946082d03023ffad6f2a,642749709.7402567
68181ef118970fdb1d83f030,962379303.6455112
2f0bbbbb466fae3fe5c4f614,447890531.25242174
17c8b228fa2591e3a234d55c,410901930.51717
e5d9afdaf318dbe749bf9950,410901930.51717
ce2cce355f493a75ab59b242,393932988.6510229
b6825cfa2fde9b42fcf04c59,577948596.2944026
6fb3e33e16eb81331d389ad7,410819984.46165
e29d9a401a246c00f5eb2413,544454212.0794663
fdf103976a39cc12f5effaa2,544454212.0794663
d1526bc5e5446680841a9cd7,872033587.6851592
a96cb9d988f5dc99bf5df4ea,872033587.6851592
760125efabf13246774a9f16,815335120.1431847
229607e2faf76efeeadcdfce,461300246.1978194
f14b11d270282b317d9cbadc,743624043.5238736
8a41638edfc5183469b6c43f,359411823.75648654
ba249dc7eae0609f20ccf234,472307758.285963
0dfc7d77d3dca86a221fe62b,889842759.6908299
ed7f61ea4c9095bd4aca258a,523894636.723598
d2ce77db7cade7f2c6189002,448327135.1034482
9d18c354e8939c9f18598f22,378484051.5527899
b95689add02915dab555d9f7,899739940.7928241
1c35d9468cdc55670d48db84,613671615.5103081
caa4aecacff2beded2e76beb,453260171.0943873
017487de3455d9f642a7fadc,657735734.5468143
8ed9c13717d2bb274a81e460,779886651.1688012
c2eeb1cf0549df1359ef4dcb,350957735.9250868
3a413637f3108ddf7bd53bcc,383105412.4628993
145a241c80430b1e4ddebcfe,411544959.354022
c954618c48b70cb00efb49fe,392071306.0848231
fda6cee77fbfbce6ec0eabdd,681394202.738128
b92c9c464e23f8b987290769,392821190.6248586
d81b170177769c0121b8935a,609113008.4316305
7a832790d068e1e85182b5a5,469388048.2584833
462ced9cfb28550c160e5664,579073595.2569096
edd9a278b86b1c56e237a0f3,394526571.9683195
fe9b6a82fcc3266ddcb3e36b,544421366.1255746
fa74fbeb90bdaf8eb26f8329,664215317.2624683
a70b6661eda6ef616e19dded,472558907.574693
cbcf4d76223673724b0f9811,364829743.9741141
ba16ae6ca55dc3c0d5480944,517207720.9745645
3c840c206546c20b3e53d4fa,621144555.6810142
c61076b24927a46ef506322c,598251547.4726412
2e797c8302fb7ada13ef2d4c,834461267.113084
3c9e3b97db788dcd10acf0e1,550071804.5899696
28db5acb7b224d44e3d7ce80,527867311.5132511
c7aad87d39537083a5620757,505796411.1719223
099721566fdd0a32546fedbd,485965379.99706185
bc67f29c8679adf31353bec6,708862991.256136
eb40a304997a6e66c550b704,707741042.4105028
3882da646752a82db088c614,590507255.0853543
68c319925551b9484778bb65,823434276.7693809
711b570ff195fb77229deb35,731081402.4820879
e7a2e8e1c22a52f78ffd1b19,668787172.4835252
814d93fc94b4de6d3a860bcb,374663871.662601
817da44fa842fe304b93c199,360219905.7704104
5cb29f5aaad14b6c33813580,376881247.9139371
8a1105028a1a1b83c5080abb,445288329.3997646
82b69c38d041325a4bb2fbce,315806737.8666804
a57d01ed5a9641ad64f7f032,475935108.1171575
90186e67d802be6d12eb3696,523243515.384089
f781bb1ed340e08b23258ceb,519374558.504839
db05818b6de8d77c1c3fd053,568297512.6139892
f4ed8924f5d1a3e6374715aa,669509449.1754291
d792d1eec60822752c8d52f1,476146133.3182562
47a3c63f65a9794384c655dc,479123628.37044954
ebacf31727972e81d0a0d904,413758899.5765889
a759e4c03e49c419c8f0cd2d,493350065.6094073
0648a4bd7ca088f4b3834401,682991956.6672022
b25734bf3ca94e775f467e85,413350059.44666773
65a8795e7a5b88acd7a469c4,458054958.5999183
b799aa1dd2de813ccad401e8,685696495.1743872
c01440b8ff0d80e7bbad715c,691524272.9051
a20cd5193779526b43612ebe,598981753.4136491
0cddda1c211fcdce819d5f8f,693474601.6309544
69bcce6b58fc3702580d3234,582946593.7522886
ac7c0c806b57e4942d9ead3e,702339681.2456112
aa9e131fe4e7982a374bbb84,595299829.1209599
290725d6b15062397597b954,565329864.4372623
5f0fa37b7c5cf77e0508abd2,978223047.0413383
c76f482d2a8f8db5eb79ae89,1255497047.1051617
f651cc17b051c962e4124795,741228921.8268154
250d84aac8add089061d3204,784987551.041899
d3f9cf66c1c05f55325b894a,890434914.2113516
7198cf5aae5d0d5ba2e43b96,792778977.1637784
766c7906cf0493736436fdea,1191879823.6624823
78f670c0d7a26c0323281ffa,866592706.6477392
ec0eb8d68807f52b681f138e,952396542.8909448
446138cfd3749c0b6715b0c3,606451882.7016761
64b4837e4550ce39f2f85342,698340609.4553412
1103c663f6b5ed0309a767b2,626909608.5803819
b9a573a3f2cedd87c7dc6477,427477878.8196047
de54862f5b7b8ff345c6b297,374051911.58404
16b3311b337c0cb9312ddba1,475935108.1171575
a1c2003dfcdce97d21f9cd15,479123628.37044954
262688a95a32f10fa070a887,382173145.22418064
8e374b19fb87640c56243088,413350059.44666773
4032d6a6a13399797a794ab7,476146133.3182562
99f1712af0fe96f67d11037b,439724129.89770365
bcc584e6a08822158e2a1454,499469772.21234107
ad14f4403926de76de2604c6,338238291.4533416
01f855427cbe3eb51b38288f,751787399.0688475
4673ef4fa28aabb0fe61043b,387985202.92592645
f4cf541f02d99ea1851b9f12,455222989.4325554
bfe19954cd4680149c682587,468303992.449586
fed8f3bf4a2d7a426901706c,644289080.8151164
480aa7fe286f4aa31f56d4b9,780344992.9145948
1e9850a50070dd51861a5e63,525162484.59691346
e26dcf5836f5bb53553cc413,631032523.2547776
c7ac975025713f368bdb0af8,652976247.9979658
73fd5bc0aee47d89a160f5d1,582730177.8166473
5bb9dac6e0e9409e89aa6cee,710342114.868737
9b15aa6c85804621f5c42566,792778977.1637784
199fe72cad28e4554e359ff1,1093271630.232282
b28ba88f3665a2f26c2f8e47,890434914.2113516
453ef603a66a34f17ae22227,959272011.957675
d8f4955ed4fc363d6d9ea897,881674337.4955943
f2eca7e3226f625807f7d6be,1411685601.3487828
361ccd7f37ada9c07ffcf71c,926117080.2005166
e7d1ee027da436cbaa122f48,1090011889.0503135
554ec896fe4f9d8f2e8eabe0,1146291746.8789382
ba79c72aa8bbb0517c899b59,677183404.9094491
69dd957e78fcdd4d8e874acb,372645546.57493407
df91a3c7f364df5e6831f2de,411468563.0499411
77866048ba7b69532d0a18cc,645812324.1087991
a792bde8819aebc5b2d73a6a,611224317.5462878
6293e4a72b5c84782bcdbf78,554192589.6421596
bcee01a5d6a36f48d99a5e4b,599220101.4828587
c58b56f1202d1cdffdda3021,524260028.4181233
ed3275b560f020baeb9ce3c0,428577953.8713165
2a872557ba401f4c95e0ad2e,596404215.444941
6b8c1c7c855656b0e56f0bb6,764512875.5015275
d6297cc548b16bff11eea51a,919098053.3600768
dadce7c7a446a6a177821b73,610147529.9686947
f5d9d8082e7652e97973e0e4,962487232.4060736
2ef9126614eeef828f797e66,842925767.1720657
c70439fc435337f1e8fd2f5e,1128005377.4327838
79631cac54b1e71c1022da12,1371693749.2707136
6fca3b70ba2c68d9e0d2540f,453982598.91470474
5b29d453bd368190e0e356c2,502733340.78261864
25995099875f0ee622ebc31d,699175365.4435381
34bd7be0761ab3d43da7a81c,450782229.04436123
b8e15d182ac0c74fba332b8b,504205616.9806748
901e3b835718ccae27c8831b,507094263.2538865
e1c7a101e5d518583f9a2a7b,740668693.0802642
02f6ffcfcdd3dbba94dd7b33,956127824.7787994
2162e09e137eb5f4a1f32b16,460942608.68312186
5eb815f9023e6eb97786233f,1379275102.2578988
d2ab14487e0ecf640a785277,613381017.5234201
437167a9db41b677da7d5a7d,483744026.2683458
c3f889c41c1effea85bcc706,428714657.83931005
155da5ad9ad19d57a7632cd0,611400525.5684309
43d1fb0646562c3f1dd6fefa,558878498.4948341
8eb66c4b057dd4b07b5fbca5,543649776.1359456
f9718594fa52500c16e3cd71,607441838.3371831
d9c46d54ba6df0d21ed4ca49,596201334.481797
d3f688e0deaff6648f2925b6,457659445.9647637
093a92c6846c924f88ba8750,905686322.7756997
9b1223cd8c9d7b348d6a5c94,917042717.6743238
8209afd76e36d8b5c4f7a991,341381082.694675
29fd909e7cef62de53430e1a,384845769.6378473
76df3d616d8bc1de789bd83b,339129165.5485548
8aa5d44a72b2a6851d14ef86,583258413.6756077
eb4e1b72abce1d184dd4d5e4,594528860.3922815
2ba24fd47c2ef8520bccf6eb,571990313.0242627
1c9e38cd216595b33e283134,564665523.7882445
2fc150cf6ea4141106bb8ac4,389249523.93822503
8dd46fd8ff592358e4c3e7e5,379819976.6180144
d5e001b2f1dad3962cfff9aa,415067355.272933
6e73e42a0d2ef8d6e403112b,350106784.86103976
2537dfc786054c61eb3a80b5,784836897.9188918
19c77db46d23e0c07a06a8b2,397763927.8931344
e6424086fe1cf2a2931f4847,784836897.9188918
66526276a7e8da597683e8c9,548750460.481574
cedd20027ebbf47baaa0dbff,548750460.481574
ac7c323295addefb43c62acc,527546864.23152405
a8e74eb5eb523143cb291cea,567867044.4046612
ad393e9070779969b496fa72,695194868.790297
64d9dff81c79a16579cef2f4,884769690.9787229
ea91281d5eaf6b8f436d47f6,884769690.9787229
06e59cc783be86bd145a56c6,564665523.7882445
7458171e4db497a4cc1365fb,907215073.5025433
12d73fb8f4ca87b19ca46231,527546864.23152405
5e935d4a03c6abc86ac5adfa,933485758.2576886
2754b4e12a7604efe8e03f5b,1000192430.9896185
9ea7a0d65493cb5487ed2084,444771794.6104556
7845cf57552577b059dd13ae,321402886.00414056
6e710984bbf2662a9cc7bc4c,387750644.16190684
47720fb9e2586dced75db114,356680744.5286124
cbd48f3342e63a84173a8dfd,331859984.01881164
cb83c138aefeadb184d2c7e0,544857506.1242876
397d4e490eb2db8a1b18051b,443654463.06039196
4f65732875c007d3c1102140,360587094.88688874
1f8ad363a0539a6f2455c3fc,347576332.0477921
9535ab027f9f2a9a8fdc21fd,440804301.4132653
248993a27da888a6e3ffefe4,490082058.27523404
cd07b4553b6d3863a9e444e8,533056287.25922394
f53fe605b0a2857cf3facf73,617790962.5867352
ae48e30b60ec254bf0dc89ac,450893247.09670705
2a0e902f3c07cc9696000177,459004689.23955286
d57535248bb34f65ae678a39,536412778.94996655
9949cbc958bbc0114404960a,674331799.9808578
841c57617a075690ce412083,582535376.7747754
9fc4385ea76cabf741d38789,453232960.09884506
0367da7dc5374f1957a1b7f6,780134248.8386451
7703f868650a8252e954e457,605739772.1182346
4cb9319ff5adaa62386b713b,632803269.3549551
dbb30f9d010677de2aee1b71,818795124.3032328
0b54c51a787fe58bdf677658,1033979923.3899256
5234aeb6d817b8ad876e50fe,619505229.3908443
77359d0d34ba4c9d825e46ed,494149266.8291777
b84795015be5077f942f5170,503889445.8528833
75f5290d61164d42b39d9d51,563056546.1417264
b46d50c84edaa7feba938671,632803269.3549551
be8c05b72ee7867fdcb05455,1186673998.392345
356712646865d98127b92a57,576135270.5318347
ab765acf8b87daf1673b3a97,567433860.9282106
3a2cacbd3b4f9a23514b1433,1096475032.6432476
3c6d485d7b01ddd6147746c2,557246132.7868079
054cd21c3b12f165bd520313,676747559.3915943
e114160e3ffe6a703eb42440,583974717.311954
a38b2d75349c56ce04f02a94,594385830.0780181
71fdd2b1214b9371ef149c1c,862987196.6951892
10970057efd092c98037498d,446549638.06717265
7543d0e85e6328ebc8283d75,484698806.9563232
db1cfd89dad114c11ab2d409,777264082.2493504
760f24a443eb01721c6ffea3,811028073.3601246
a1508f30ba87423e7393b4fd,873291559.5885625
5814dc311aa87b24e26aceb3,632806549.4958426
f26c2bb4d5787541e9c36463,993268969.7036355
cf07a5af6ee98d735bde14bd,582636867.7297202
8b716c3dca89b7caa7db1aad,754833684.5168934
df89e7dea6c313b0cc262249,629940652.8112104
3e2c1d2cba8755ffad9cff27,942441440.2019395
6771a8c70428fec0f21d51a1,631484469.5269432
d8171d498291341094daaa39,998104775.8257788
3d43dd23536f843c2c5bd268,1425286930.4731622
785dea91d94ab384bbd6ce3e,685845223.8411658
6c316d2bb84fff36bb01f14c,1385951000.3300357
08ba99aa6a8ee752209de6ae,549257653.8994238
d177236e8c725d4405025916,926747833.3594229
9a6b537a7319b3446977919d,1356454297.597891
e2e7b03feffb21bad63eca2d,684165043.8197609
f2fa898e1bcccbdb92dd91e9,713815032.8953013
2c340ee014e39ad0fd1309d8,1188030477.2691946
7ee83e5d70855ed21455b6d5,1000194475.8604349
fdd4b5fcf9ebadf96545038c,647262837.7781967
512b4ad817c387bed877b7d1,1390454310.7671444
3ba644c7be754c21e3cc48ee,735745096.1803368
cb38dc837baf3e0531c6c115,656236281.4046612
5e931fda1e62fe41ff0f2ba2,548947265.5624954
0ce9a7d4b0682dbbca68e070,405139970.6402655
8d114cef336100a8d8c81ce1,917472324.184654
ebc3a6574ebc530ef715ea7e,896438554.5581785
4c2b14bfeacd87b878cbcc92,563052040.3348695
577b17cb350bd2a646725b6d,976895377.2838751
0dbe463995c605bcdffb133b,447427018.29969543
88f3f39ea06fb882c69bbd10,355749648.41127527
e54567ced41a40938b85485b,701315379.0087119
cb6d29f005078d4d4efc2d04,871825973.5569249
1d0919344e52b315441aeafb,587845222.8002062
62c39ad30e9a26d8cf3593b4,928606730.2116743
a02bf67aecbac445a12da958,1176806018.2660534
06baade01a74972cc4a419ec,721334834.5776374
3943b64f9550a575f15d6d29,955989653.102407
b62d64605362afc574ea5b0b,1020583149.950062
0ef45eb4356e2f0331ad2457,894228139.7793487
6700ad4d4d7f70def59a5d59,792380708.0418131
19ad2fa7e170c67870ee58f7,922778091.63546
919c1e281329379c4d130416,881625880.2192292
8a451ef547efb90a8fcfa6c8,874626050.598747
5c208e5c37aad07602f7cd7f,416062765.7665951
164fb89266e40a2530400599,457659445.9647637
5fc0f0c4fa019b6f1b2a016d,380268650.0113065
3b16ff50ec7fa717efbd62ab,617735498.2108634
30e6d4e1c53e9e81ff66df43,446549638.06717265
cdae3bf05372c13649a2adc8,484698806.9563232
170a69c11cf4f855ed015bed,1114630576.1292894
e14b31f8a454e47c383cae94,369720250.60054344
14a8134a56af1b328321cad4,468666078.3063986
ea8cc21bf7d48979bcae1458,460665437.6656649
c287dbff188e95f833ab21f0,460304244.25673205
2cd0b2d7561919f0223608d5,387750644.16190684
1acc5749203f964fa8b2092a,419982264.4934618
9543c16bd5eea47111e6b266,503889445.8528833
d415dc486936995f8b3704e3,494149266.8291777
ab946dfa5b9d7214a3756978,685845223.8411658
803711fede531ad1621a6823,701315379.0087119
f83f29f28978d7dd76cf5942,563052040.3348695
4bf284e6ba81bcaa21a437fd,721334834.5776374
d8ed50fbd5ed46d36b3d2dba,359649785.0485622
b40128f5e17574a5d3da9a32,682244882.9060011
506d4cc6613a07c313a12de4,557810403.3411359
558b7d06789a1c8e488c38d2,589257971.9915572
38410183814a757520143737,758613765.7426534
560a750cb6f8683ccac4563b,568177408.0358844
48740edcbe275bed3c82efed,594613342.9233556
50b2bb276e598c9cfdb42b0b,662022154.1892431
302adfed183564312f9e3087,647262837.7781967
063e53d45e5e7945f1f10fc2,713815032.8953013
6e2c39fbeb5392e6aee9b644,925384127.150629
8d6c523d4100ab0c83a31fed,911609822.8091458
6d6aaf30227f16b2be29e79c,873291559.5885625
e73e5e75cb18f52dd7239361,631484469.5269432
dd625806063f76dcf53582d5,976895377.2838751
a4b16572b8bb786561baa3c9,1385951000.3300357
9446f801f30e8b2997fbd72a,953838239.2951856
941569c4352c3a2e32c908c3,1013811759.7910825
8b4c54125d9165554e4123a3,798880835.4008197
d50f33fe5acdaf5caf1c6ac5,358869219.6880555
46ff039321805b51870c64f2,766496139.7112292
1ac6c220eb690db798a3d4d5,661954238.7899152
faf872c4bca132b52dec368c,688040138.3515624
d92232d77f7a124e7ff13ee9,909255966.4593709
f9a136d7944cb7768b598a88,395943996.2025105
e03610db09ed7315cfcd64c9,436313931.7230792
8c51f1b43f15b70d2a294918,394770762.59619194
21d141a84af5f0e2ade9b0b8,481587345.53521174
55c7cbf5e572d2342d0d7071,605839490.7439412
54c0e5e6d368ec51f6e75c1e,544421366.1255746
434ff40bff8fad0962ec07e4,711195020.1691741
0a199d5741b5a6213b39b793,744777411.6529517
9931470b50580f51e1a4fac7,564399510.5433623
89498fdf642e770ea75be7d8,536558219.1130214
aba39002de605f9ff34bd542,809116659.065634
0c1c0ba7d75dc4090b7183f5,576065329.8084481
2ac425aa592565b44b25cdc3,700781681.6847101
c0cdcb5f860e3a974c401861,611841226.2193267
4ec741bc6ab20515070cf1ee,645385634.3543396
3d4c48167a8de8cb0e4956f6,644062376.9217082
f5741fdd9f509d3bb02e35bc,554847713.3651694
c1d0c0846ec652774ed5474b,798120060.2530434
ed2c02ddcf0e54789d9d2675,1060159129.9901923
0e05eba6eed4e55e89dc5f14,1154038954.174681
b29e5a75740c8439aefc9321,875105966.3312632
218445f989b2da5eff4029f4,861048380.3080704
0c7da0c2613129bc322b1da5,933581634.6020116
a41210034abe19957b317d1b,928816469.6671939
0cb4217cde38e09571fa73ba,1034974310.90161
9df0663317db1cf4121a222d,700816690.7096559
62be98264dbfd418ba21cfac,876398624.8942167
939ce1536f15c0e6bf203dd4,799385033.9915066
d9028df78f9b14a720dbaa8c,799385033.9915066
b05f4b5fae2f2faaddb377fb,508696038.9556946
65ac61968819927b8fd9b990,543525713.2045403
1e83b53963792d7445e19d27,939076016.3975742
72eb1af691a950fbb7e8d635,534748488.3188275
94fecb92077ffe3a72aedec4,535388181.9751548
f660a48b0eb17e98dd77c0bc,595556628.9437039
27fe3fc3838695ce34c5d287,413278343.0357373
9ff4b1fc1970cd5c102cb755,1107361628.8264487
b54940561992090411749db3,374363626.66278327
d4990842f549d8139fa94c87,568512785.1550298
f6013cab49ef9188aaf87972,609113008.4316305
cc2e8713dd087d3b842d2f11,615903796.2283075
fb8aa6b6c5d2499d404f3f73,585907207.2198617
6a8b9fd89b745a52703715ab,353634284.74373776
4721d06c49413558bda1fb68,367860952.6813435
0100b3a412accebf6a3aa4b1,378564636.4366932
215e8852679b9cb6c4029ce3,384894064.3956988
0afec1b2e7060b99dbe41a10,367028515.2640921
4ff17c9b88aeeff105b8301c,436395806.5637496
6eee8548b87c9349ce90ac2b,442042524.598046
9b264d26a196a76951308cca,537134179.8706821
945fad7539481410e8bb60e5,436313931.7230792
f727924f0f35ec9fb58d0c31,441593282.63670284
c7876dc81e250503076f43f2,465807381.7353301
e4f3e425e9f6e393999d7a08,415957837.79360986
cee1833e8964355b9aabbce2,470872254.64489233
9a1819c45b01c341647a2410,454836680.9056772
ce95aab452311a0cc27e0c7b,440481544.3160098
e6eff72b7c5b0fc2677af2ad,394526571.9683195
3b368c10d243f6bc9c027061,441593282.63670284
510c03bfb80d92d180803887,390073283.2761858
664934c8e209352d2c79c971,453685369.5523069
689ba3a92dd7c12f1965031c,500696975.69386023
93d4c413d2a1ac59f1b46830,474281814.66765976
08b09c586530266c14e611f9,500756981.85244
7157dafd306fa99e4c2ad233,427514151.6755821
74e15493f395fdd312d50cc8,398372456.5956609
c34c94e7129f84267a5e4fd7,492642472.8101319
fc0572d7185e132770c3bad7,575578280.5764259
5c1bd88edef0a4146c871fcc,625380595.2855266
a28a31f7d0e3fc6298606078,648055098.4589016
f388112376e68ccb2290074b,596423849.2075349
05d1c33ea8c89ded7391ea92,549360889.4944931
dfd84193c81ca8430fd27ad0,575578280.5764259
8b89813a4ae5f9209f854be1,586275502.7040749
d7b9566ffb28c753bea96f0e,550175219.7107848
8062b4109c12a95dd62bd43e,672565799.0560783
6d305d6f3e3c2a53515d5f6d,575851158.4285614
ff143fed55f12a0105f9f88d,672565799.0560783
0fd9a2a99c44c9e5565fc17b,575286911.4801557
7f85c59323701ee0e75abb92,705019978.9844656
19baa03dc4143a83920a7d2a,767538714.9191179
bc23ec33573f28442b36f60b,566509460.3571154
9957e5492f63fa295772246b,700781681.6847101
62e376b22a4cf0d84b7f6bff,544421366.1255746
0867853879129bfb46dae700,544421366.1255746
92c5129009b7e377fa004a93,544847271.2137994
6b9d38e0b9a3e28e3e695be1,1113401947.3994887
b6da2728ee41d035da57c822,978382731.763251
adf5879151c7236f5e055e1f,969165199.9291779
bb31607d0bc3ee4a37fc912d,916358052.8475039
3ef8fee6a5cf42827d8bf562,900435725.976442
e6016afcc032d20fc9d6f2be,961975735.7288791
f3962b552d34eb8bf38b4763,1000527853.8041416
bce7369d51094d3a9d3495e6,889842759.6908299
55bfd350162592f2571e3a0d,758274872.5456573
3f226452520ee8f04e306bb9,881552500.7627549
b16fda9be5edaf4cbcf07122,1113401947.3994887
e6f5ae869a5b7a30e8f0fd0d,840580999.7473218
ab0babf6941ef43c35acb951,982673702.9492693
3bed16373c8ae820187e3d5a,867226320.9308774
bc1335d419a1c0f6e6860470,1112335321.572325
98575cb25b358dde32ad042a,1033898680.9718176
fb50f2f13a30fccc3903577e,1217355914.8076196
7a608479334951a3afdc655a,782148886.1796781
9cb40496518bb99a7a00a2ea,1335457736.4426074
a69ded1c20e05bd6b3a90028,626780845.4656724
71d422db0c0c638e448142bc,551049564.9703478
fad033a3c81708df7b6ee73d,648813186.9969664
99fae85157be04554b236007,419599884.090051
dcd314dabc7d162cfc29c81d,688770497.6405172
1c65d5172e53b4c7f1c4d6a9,728454803.6043712
cb6d4db44c789fcfe8236b40,747178592.2338041
ee2c509989c7155bb472c5b0,651766038.1286678
73b60c9053ff8193c2dd2823,489731700.8610843
2a487cfffeb12837a5586a41,377962964.18704665
c9d285946ffc4c4b3ee95da8,588957433.4660041
6a21be8a7a429eacb1de8c1d,657739233.154109
2a7fc28219bee48a2368e730,721705710.4395899
5b169f28ea1dc473ddf11580,407353229.86140525
58b3ab31de2f9fdb0da0dc8d,466857157.2420958
2054c61f0162a18c6fa2291e,389960150.4105713
39940234a26e7264b464450b,454652113.1088098
550157aa4dae5fafc5d795b4,700116555.5335504
ca87bd8401c0c7bbc4b3f286,706342919.0178596
a8fdb6fb681aeae4d5c22f9a,1124005991.8620193
998c864a446f06d114f42fa2,929487095.8193601
bc57535516748048e38d4a2d,1024541295.5566727
ddd55d8001b809f304883ce4,374185999.09447724
b9fecb3e6a507ba17764c303,372650568.18637276
4bd30aa3e2b4aa077ae27490,606273844.0767497
d7ee2851bb69088f851970e9,456825306.87869817
40eb0c78da8b51b53548d914,1158847718.5303595
1097d9a61690cc58a4b91e62,658986432.3167809
6aebff5b1fb3a438c2c7969f,429696567.5062881
af672710affcd7e44eee9ba3,356507173.81567067
fbe3b74f9e11c829d4dc69d3,1180812689.0397043
6b7219005737d8660d134ace,1025441765.8622776
042bd2cfb2d33467149ece1e,667016147.3750807
d5999beafbdc8acc8a6ad809,585421660.6723877
4ba65b1fb8d8ab0a914b0b8c,460900801.8517435
230864c9c9c5959f9f0d36ee,373833625.4201369
8520fdd4f5fec0ba861ca9ac,377094110.29679525
447dd594fdadb1b12ab32e6c,455949558.9310215
3d405df6e5dd012419f43ba6,1087415773.600065
e120c33346ead011ab7789ce,508623770.3323086
505740f7746e0154932dbdc0,467667855.0008665
e9a427f23e80fa59d9d517c0,343883386.01582974
97388d009acd9e5ad49e7c4f,437699621.8393789
a100f050c34e438070ff487a,451790297.0135955
96d14a1d29b7abc2cad573cd,498720512.3391929
f69e25355ce3887bb1078fef,476531591.4429526
86276ef138e0babab9863276,491602079.8758035
344f3bcc1acdba48c12f8441,676695478.26379
f3dbdb2b69017cfa026ee18b,512428882.82148707
ba32f2964e8b68ff5555fc34,673169788.3478259
fb7154b2dfd2a48c13ef70cc,674119570.6886482
089dc5de66c6c4132734b9c0,750632191.2095422
5c2ba5028fd94a6b9859de70,399077210.10568357
e8544410d811163a13c6a326,402202230.1240605
74d8df07206df08e8f3dc232,610518881.0638667
6fb4126e3ff41b8052fd0657,565258532.7142787
ba35cce2e715bda1684c937b,741064030.7774322
d7997b9126bef50985bab347,378025529.7360227
da3aafeb2d0105f8e09c051f,334321234.31565964
5daf1136686fc538db40afad,428191573.8704243
88f632cc304cd769e2d4be27,380931688.7212348
c5dc941305b5fb59e66479ba,327980136.2992414
ec422df56b811a0aa42d8bbc,327980136.2992414
bc8bd1feaa8fca4c52e130f6,371417569.62512594
60c116411ab3cca49f7f49f1,368979389.1964383
75ae43992df8ef41eaf9d98a,371077882.1419257
87ee5c7c49ced4ec99f44d5f,392071306.0848231
918f56ffe325f21522cc60d3,471287191.0137607
dae09210f48e5bbe0d31c728,410724028.7227724
c1ae2af40e1ea9da6380b8ee,517384489.59250146
e7b717278f7c95cbfceba80b,498040695.7015644
387f18b1f01b1aae536752e5,545266261.6856818
c036fb38fbd2d1b59ed5b7f7,566113811.6238266
76c510c0ad11fa67f0e9a4de,566113811.6238266
ff46d9f7dd86b8bff7cc305c,418074961.34847754
23d95cbbc056b4456b94c97d,411795032.05652755
fc65a77fbdd07fb490ad870e,365590921.61621314
8f0a61533b6a01badf43b6ed,679876853.5921055
c26990b034ee83450a4517b1,731493093.1201125
53ffa19a09c447f3759f86f3,670534503.5835752
86d80d3757377df6f2b8a0b3,677058611.3194324
c757b3960436c23dfaed4f2d,587742486.5297046
fd1431e595693fac0406151d,492131572.9053472
42b6cf2a5225dc62342d3a20,579899460.2209867
6f8a0e8f1bce0243ea50213c,703021394.4725734
02277f636716264116015dde,414820053.59723115
b72459ea34fa22d1fd012dc5,601447600.9737471
cf4ebcab3fe4d12e1a20146a,815517233.1450474
ae2c10850b4a8ffca934cc72,927674451.6462183
0e22a41ec27869c8f83f9be9,963511797.0186633
22a43024821ad081e654c5be,811909193.8976977
2054c223fcd48a48f67d02fd,376336636.5313941
9af6ac77a9aa0c6da3cdaeb0,387985202.92592645
6601706d2133f96aecfcbfbb,475935108.1171575
ce011b7462e9be36184a2984,585435540.2214913
f759f71e444c16a59187a067,645024592.425195
84cfb0342a0bf2c6777de39d,492276130.13792855
760fd4c893a56a4586030772,511296189.75959885
fc174b19baedc11f78b647d2,556527708.9064028
aff9e510eba008f3ba5c1847,676978322.1982671
a5a4c0f268548993b61d65c6,567328876.239023
6cfb8a07fc1100569413b33a,686057736.8712218
94301e20cb91669986c4b34f,629466298.7059501
52c1ab7484e412ccbf5d57a5,622219404.0045273
2538cfce1c108ebfb1056c8d,491153836.6884171
d57541684e5c00bd9354cc35,417326160.2776109
123106a60208725514f3a343,479123628.37044954
7f2a2959f5ae816761be658c,1069515036.6332766
fd5758238e7ec91e415779f7,820633018.8464323
e3197263bf47b3d37f027e11,604346493.2949953
8e5661e79f4fc282abac1f37,587452015.637538
cdfc387f8246a1bb3110d724,633399466.9396838
c53f3bdfe8159bae98ab005d,886459066.6106036
200ea08f57fa23013d0e661a,886459066.6106036
603c736378e07570fb985ab0,976289166.0534146
cc019e30685c91634d2fd4f4,792778977.1637784
b0d394d6c9b8967250854c66,958907182.7140498
f7a79e1211fc72e06a3a82b6,993969924.4382324
8a1ea9d91b3d8a66c6341243,1015423678.3623884
22903633f8c4d91158f65c58,619374533.0708431
bb67d95fc94532b1fbe80ba6,963910028.9517231
a8e696037f8747f562ec98fe,534942531.3637621
72e4fa00e8aab44cf210251f,887135449.484414
d70948f87875325380885803,1069899728.0810525
a0e53cdd1132bd19b8ba0c54,608446757.2864319
882eb7115cd5b8b09fca0e47,415059116.16981685
529d6599d8a64c63566a11e9,342758846.3501741
e26eafffe4ca3c22b7f4a272,627746466.1467077
4e4abc111c07656e5bbdb0ee,667828638.4305067
46e7860100b0c09a6a475b9e,550213370.6707993
7bfbcfd0fb8f5b6d553c2d0d,645538159.2680205
5fedc401fc32ecc4d9ba7e89,441110628.47220874
aee8b22ecf19495fc5894a08,645538159.2680205
313e17c442fa3040065b7489,603157665.7179482
26206185deb023a344eb2e99,674448215.9049436
4a9e2358d64df916e2cfa213,353539001.83743566
2f6515defc3b21d82e0ca4dc,362845820.4912375
a9b18720f68c7002dc71c3af,360873479.8950795
af911ba38d5376a8aa53fcef,449941251.87715334
025b094e1ea7248f4aba72f0,323813266.7603347
f81aa0f575dbbacdbdc681f9,448570205.9111586
848067a69d18a171e7fa34f2,462175932.941886
e22ca3f1c8073e246079d57f,463250991.7916062
11444a88bb3b230b4feb5b58,584159255.8792597
7a9264f3a12de839a42c1783,500932551.0993183
6d825b439d8622ab90245049,433523409.21119875
d2d317f2990465269ef58c41,638358926.6276429
2860e4435c857cc8a661ec97,558486415.2395036
39c70622597e64c4821d0731,535003875.85399204
2d6f5bc20de99dd0bd4e34bc,596404215.444941
37ac1ae3a7e2a3319eafbb58,783474129.578504
fe6fb32f623a9e3d5586a8d3,764512875.5015275
501531d637608f7098ba6242,814355114.1506965
69f59487924240bac2e75bd4,919098053.3600768
358e1287e24c3c4fb353315b,628965937.0342308
55e307c88e2a943acd64a9a5,703425724.3494458
19105db21495d546e6792a25,741228921.8268154
375419559910484b17782b47,886459066.6106036
c9d254244e315974cdf5d921,962487232.4060736
adeb9a6ac3d357bd96c019ea,982598265.8736432
b08e0cfc5bdf5bdf5068ebdd,942985035.1525435
8da2439f391c6db92b9260f5,913675862.6482592
d0751cb5e704e28e03514fb7,855858401.4274905
9051c6d14018b4894b560e2f,892419640.7558212
54c3eff286c62f05ebe2ba57,647400927.5247926
975ee5aeee84593bbeb331b1,327198038.493349
5102f4786cc032e24781c7ab,1168637413.1151245
cfcd97bfad6e013aeb57a2a8,722527162.7815713
f304bc9e9edfc24eeeb720d5,485831007.4548784
bd05a6f6ebf924adf92e5577,885525624.1725186
a7b459470ef58ef3bed7437b,443323123.4674306
37e009a57645b845b1673b8b,491220809.4302367
b70082fdca35092802f8745f,457904561.2243684
8a69b9d7461107db6d16d1a9,449816545.954972
adf055978a7a8e9bbd88e741,403144316.8284189
6c02bbf7f6b087a1f0c8a47a,497793046.5807254
d91017d9c530e058ace2e017,633892797.4340451
89016540f8b3fb727d863bec,915689338.2165011
506b653545eebba4c8821588,1157408657.7563362
01fe5add1e7df4b15dd73bc9,584458787.6820836
4911d01ea0a4505d5db5bb2d,626054043.4657613
68bda8b092d5a53a35dfaf07,1064672540.7884737
70bec150e1d8ac537cfd90e2,891772404.2099723
0e21abdf04b36e5f6a1fc337,1366147704.8103034
f53efb47de2bca5912ad7517,847373936.3766629
82d6244acae149ed9ed88e8e,583509294.2674421
755a4fb96ff2b2276836f49b,515777465.40103793
f15ae83fbc4e4ee3f646b4c9,373155976.85001945
eac458ffc1da75fa1a4ab384,575543639.8556027
6f7bc7fd41ed908494d8e098,605210811.1268195
12d1678bc86ccdcc8ad756be,800962743.0847149
6e07d31b81f3fc9b9de8e1a8,1444001801.9514685
6c618bfe55cac120a4f1e08b,774193639.7814921
22958cc4622a0050d1aead77,418326564.6794122
c7c3da1f12d872a3726736f5,418292545.7505586
ce30c2c7cda56a69005300d4,356336570.27726185
7a26e5936765b409b7b73cf2,1065932965.3892671
8d5a73b1d27a66b3f72fa662,621097905.3273253
3b8302dabc47048245acc09f,690010343.1859734
909182c92bbc39b00536ce6b,345882183.11734694
963da21c3c571d7bbc36f1b6,470208365.10060847
a73504d5982fef268f5ff589,739762819.0868409
50563038c05963223b459beb,720902375.587043
b9a0058c58cabd619e226178,885829533.0569475
0037d98f6ac46a86e36def45,351737608.9449498
38117bca778373247df86e14,427017207.2095406
4eeb8b5347526d721092a7be,658986432.3167809
0b6cd71df4dde546e665f865,658986432.3167809
bd066d5d19d41c06b904d51c,658986432.3167809
f10e210fc04e3fb073568323,658986432.3167809
9f504cc4e6b170155d38c687,658986432.3167809
3e4c1e6435ea1a9c3150aed0,427017207.2095406
052c93502aa794e0574db9e9,658986432.3167809
343f45e7d178eb780a9a9818,427017207.2095406
c0c4fa199f0ad751930cf78d,658986432.3167809
5d86154fc1769d4dccac1269,658986432.3167809
e1fb88779e55aef2b66f2c10,351737608.9449498
c26af6fdd00a85a17b823d92,658986432.3167809
be3ee4457a26c6b6ad4237d7,389818993.5448932
9bdc79dd02cdf39f92e8c869,351737608.9449498
1d4bafec52ec7575161bcbe0,436527748.96690625
0f15a78ce3ff90b6894fe3c7,481828750.0839685
afa5698724bea14940667231,407593281.24186367
4d8e365b35a6b8ebe6d7a15f,570982578.4469402
6ff848f65f2507e58cfaa231,383010384.306136
e13947242fe19bc3925919f8,468207338.5916134
c02caec41084656408c2696e,421164635.7220617
d6fd079beb9f759fa4c6886f,446425711.1786876
d14f7f939468e641c43abfe4,415509416.4807559
8f6076f8ed13e87862d82255,381735296.55617034
8d5e662ba25a71727f1eac77,521303578.3573771
bd2f9648ee9ebc1fdbfa53b3,471549350.18486917
da8f986b6ee6f594780f4a91,521303578.3573771
af7131ea57639ce5aa1e102f,521303578.3573771
30e10a03626eeaf8bc2c380e,423306711.1134089
6caf180e36fe18078703db02,352872592.4842108
a40861d6573e4539ee3c23e5,635975921.8650765
d5f905cebe05262cfc44bb11,788167648.5534989
809800b56b7b29399986115f,590682669.0297569
6b2d7f88f15cbf7d998986da,578308613.2421772
a0ede3a514cede68b721d994,462806875.0579884
179d467dacdf674a66c7310c,675394129.3307288
97f9cfef1e35be84ceea2a46,640518145.7347927
b7e01962fda2102f1402a444,721324830.1380734
6665e5bc4774d04321d1ba9f,606861495.7743278
6c09a3ccddc797f77d63f1bc,602907184.4453918
97986583e1c988373765eab5,622530943.4085914
56807890f8587cd75893aec9,683541266.7686486
0f2fb3cf22613a339c88f7e4,507496567.4117282
a967a4f0b1dd36d7264cb408,626710053.184386
08ead1ac0b9b30c2a72db17f,966678825.0006166
1b989360ec91f5da55806bc4,970136513.3049632
b289cd856f9d15493d31ef6f,800254388.2364695
88668347361a227b6dbba15e,968827408.7830263
ec3f1679451b9c0037f89386,962126674.1075827
9cd01a5cba1674559752f5c4,1110280449.3572109
2bd96c7fe678945fcaf9662f,1194990093.4397569
9f118569fb8b084f0615fa22,338570739.8675196
033521a46dae036839ad6c90,319373768.50041586
bc1ee1f8ffe1ac88f08e2459,461641410.9143097
c62886167530efe1f84086ba,481457725.5296046
d58f191c74d26bc1fb02cfe2,477309152.0497937
981b55d5c38361caaddaddad,470022154.0183464
ef26c0f1cd9e3203ad16558f,493105986.8228665
74cd885ec200a0c21fa9e03c,666816470.8776596
fcfa51e5eec6829b9f4f2c59,361041908.4812547
c3bbe8c09f5e58281dddd412,526313525.8958601
8f36d25584407d9e3c326e71,708891386.3421803
51f4aec91124a9a96f4c5372,490507164.8525369
b7becde9261820feb7cd926e,620387643.7867218
65070c554133f2b4143fe051,598673584.7975787
c2a2ddb94f60de25378aecee,573248874.6016756
5ec3abf721e13b0d55829bba,729429878.966968
502aff943d74cd4cbb976dcc,520831519.95079476
11e6e5ee92c97e31d34db891,1292560070.277094
b1589aa1f58f6dffa93a3a61,1383976483.0540946
783ecf989538582ad008fd95,929609664.311453
1770bd5b0a07a6aa785e0caa,494897588.00481045
53715a484e20d6152c76fdab,472436514.1626365
ef73428a38c201019267afb1,687578179.581699
932a93e3ee2093d7f806fef8,736670809.2982578
00e9afbd1d27062a7bd40a3c,1086453930.6944137
a11a82cec7f8a243e2f90539,661954238.7899152
e4a70600296b0bde6c28fb19,688040138.3515624
0a1b1a3d68b04cdcb2d757cb,955625973.0187318
7c06a2f06cb4226f9043578c,773244430.0504968
5e113e1e878da12e312cf875,851038318.8473972
a72f5204153b7c92f52d871a,909255966.4593709
fc17f35d300be9680971f95b,415059116.16981685
13ab6a062601d40843de37b8,414138123.8424685
22abc78ce812c519511f8a4c,625946948.3629986
faee4c33e892029b79b63742,678682094.7828928
c8d39eef5a5422e0da4172cd,441978798.9026588
b13683c625c97c23333269eb,423649807.8255691
00e7c5894c739852052f566a,470544318.387533
2703313a3e5a6fef2157928c,493873746.0551547
8dd453e986d05c6c1dd104d2,466384062.618601
22b34331d7ca2ea642d29946,440385147.133746
23187388f9d6e2bffb88b9ed,685267617.6611581
6b49a668de0edbe7f8110740,587452015.637538
ef0e5b23069a9fe377b77ccf,657459099.0054406
c37348f8247ade33ac513855,624149990.7239908
1d19edc1e0d907e5ab0899e5,640385218.2404064
c73ee8d419b96c6e7c53f95d,618611802.6500834
6251cda3676ecbdb6555c526,526370275.7323364
d12d6ea066b67c3db9b2dfb5,891824049.6820924
8ba4e8e071e458a13efd179a,489786907.12198806
9b8d798a2c455a960ee74503,466474015.6948202
d663ca1a0d29b4cbc5cae9ce,471281039.90852624
dc3b8d97b11cc2af4cfbcc79,755809539.0949233
7d50144c4b2ead9b7b9f594c,512515726.7736751
ff9cb7bc0b972d4515ea3837,378336734.16650903
267e46cb9eaec6c7009348b6,427955372.6258537
1769a8ec5ec94aedc397b4ae,467110116.80519223
dadd9ddd29102f529caa3bbe,540410307.8691542
251903f4b947b337e0134415,473564639.8896435
e1b753c283bb9c6d4e438bec,667124287.8435413
16fb51fd3d35db53eebbe5b8,723045863.652254
8f543f9c31af1eb17ef1e353,716194516.3143531
20c3cb2d4fa486b23eb81bc2,545214021.817003
6fb9e9ac6d44d3a286f317ae,517851665.5678882
15b57b0ad8794d64a2784ce6,623473303.0954416
d9ce31250d4ae25c3b850124,551986130.0712647
f90efcbfcafe544674c02586,695194868.790297
05a98feedbd3f422bf063112,553554676.2795779
ea359d571ad0c986f826d31e,811703325.0744683
b02f1997e6e6f97dc808b8cf,795255549.0071987
307acb7b4044cfa5680e4227,987832865.638927
ddce386b0ad3199ca09aac93,873595839.233775
9e28972500d8ca3fb3b76fd9,631894498.4456587
687b1dd576eb7d06a08c3439,726182493.2830099
23b2b5b9f5bf3e1208f5f80d,1013768890.0541147
dddaba511b6a18f49b41c1af,774029041.0773891
874e3e3ec6f67c160807628d,1064923027.8116089
67ade5109553a9d784886a46,882938079.3578907
6879f05563a9f0748088cc65,1061919744.3830975
dce05cf86b42124fc93d41da,1178591005.7167845
1ea5db844a6d3a926480351b,600238441.0382754
4e9acf6e9f80f65178766740,690010343.1859734
a35450284f8dc27e0ed717f0,1011616567.4024092
069499abc4e393fe540777b4,374690738.2971782
cd10d6e28fd7ce92518ea31a,817129011.0875695
3edc0e70e7cf6a21be2f0d53,389442160.58161515
2e2ff1e620063f416a387058,458750397.62358123
1ffdc10c53bb83d3be84c327,664645577.6119308
3c95dcc4bc3788b4cd5602d5,689820375.3172469
aa592f388454d575e0006206,547840409.32894
f7e5bf5b0f6157ed1f604d37,401572395.96367604
513c6ea5a3c2c560c409eaa8,966507267.0063595
7cf15f80838e8edf4f9cdead,1088313390.3523
49737c7682eff2513869b3f7,897032437.481707
4e8cdb49a2bdf68ad8d12625,590832313.716295
86af11931b004aad3fd27b88,569654842.1080328
90921c9fce21986dd23bc645,786619798.7861289
d79d71be963d418a4c9dec68,955625973.0187318
c27b2b735106bd5a77a15616,759802440.7295135
b6129a71f8e320aee8abd0c4,759802440.7295135
26922ebaf11e35a7a320d30b,851038318.8473972
23f859b889afe2639ad55a21,516070017.3020399
ddf47d32045769c0596826db,1368139082.8650894
1d0c635770f2e51aed4c8664,1364547354.7533953
e6144e15d5cafcfe87c07c9a,467732366.36978054
a7c7923f9a4d004eab43413b,696895762.4590993
42b3b56289972176c20c4990,444850796.9143731
b63f49396431089dd646837f,659659525.9221936
e0b041a39e732783f98bde56,950213607.1226366
409eb9b8f2ba87ca299a7f6d,504582452.4019948
1a46c13974f3634ca6dcb51e,496670883.4059321
4b068c79664179605b145a15,532149220.26533955
afeba13fa3f81249549cd2eb,474643184.7820234
3a3ce11d981d0893ec732e22,569654842.1080328
ed68664efdb7377c33f4010d,620781646.2104865
93de58cb0d8fbe74b0cbb556,758492132.9951547
faa204421a94ef95b79eddf6,759802440.7295135
acdb13c4c8e2a48b0bdabd91,880633319.8989938
5271cd1cb962066407490051,871905688.6658576
933251193ded6df07c83128a,1278577815.5233438
524e00e537f841c13497cd52,477693185.5784013
a9d4f256527be98066c493fa,663811929.2902553
2207c1ed62f59d6eacb3c18d,423698765.9200025
97ea5dc81ba49ade4f8f580b,472307225.72498685
72488318dfb2181843f17c03,511078035.8877695
76698030899efea431dbb81f,391547488.9431502
e84888d2f22e14a5016ac789,572741130.2184272
d9398ef84ae71419cb7cc82c,699379643.6571054
6d32649478d9d86d840969f6,513377323.17454565
81600c1e6b6e3ae770e40b28,961672022.90273
68075b0ac8e779bf5e66dd3d,660744884.9554268
6d7ac64b8b9f27f61fb155ec,448789544.3196778
d3bf3146ec856cc26c607d70,1093870857.613662
d12298e0d398e9d21d2e2eed,423294208.8729499
97b69097fee8d8496a6b8c04,451348182.9888573
fa6e53a7107c0e33e3d505d1,910826132.501797
7279c610bda9354e1c840b0e,572741130.2184272
6f3070318ab65b867b2702f0,352581700.9290158
e08aabb998103a941d24d0a9,423058862.37063646
415e1faab81016a460db7a0b,425966553.8387895
8b871cc48b99bd4190877bd3,351737608.9449498
7240bbe28e950ed75637b504,418778179.0105863
831629494c6d15d5ff6a00a1,351737608.9449498
1cccddc33bd892b44d7e4b7a,557471976.5207549
f9cc6760b1112ce5197bf399,602384401.2692617
0901e845b6c56d4761377a09,532546025.77821165
2a33fa5b25963f3dc928f668,595601124.4513229
83e9507b9ca2987a21d1b195,751578072.5454445
9381bdf491d48236e84590fa,622541457.0470426
c041a933261204155415c2d4,635683705.9159281
a1cd867286d6e82181e5d1bb,521303578.3573771
240d2474c81482baaf79b6fd,521303578.3573771
ddc1c85af165e47502447242,671319735.4786221
58f02c785ee9a506e899b967,740294309.6435103
8b353ba6823f4f800635f0cb,631991905.8344646
68cda50b602acb4efeb275a7,826211842.8402957
96cb3c08c80815907de81e73,558669181.2896937
f54dbd8f0aa752f79c581e5c,632269284.5192062
52a438d024af0d5c38627ad0,600897967.2786616
1b5db6af0a1c0f7787064020,591978203.7706326
84a7286c91f1ca3ecacdaaa2,1181435217.2801392
bc6d6249873222ac7f22b73d,732557358.1206453
12501015fb631d7c10ff08fb,405335318.7619964
85b633e09a41cf22a10f28c8,540135617.6282427
7acb92246dbaaec1cc7b423f,380033994.23538864
bfba8fe959dd2e44a4202943,797688768.4872963
5325f16558ed6d2689bcbb46,380033994.23538864
d4653d505cede3d24e258d4b,797688768.4872963
5146ecaa8b7ed507c4f30785,903765997.3480644
f5b9cbae30356fb3a1d005c6,860385876.9336581
205ffcec56fd884ab24c5600,797939396.031838
ae7ce478fb66882a2c952012,749604154.6837711
efc9ae02fd6c3f18db866cac,755334915.8205715
2221052e00c236f31e6d5a06,383458861.8323438
54673ffd4971d04493a1b1c7,636351608.2263867
b0bbdcf0916b246ca95c4721,454915273.5336626
1ef15e2b882a0da85858269e,764826629.1643755
9881fb167319b34cc23da955,588957433.4660041
9d2a195e645a9e8556683b4b,536977539.2861508
14acd96163e6b3e17177f35b,457473203.90096515
b2c5af8615b8899deb16c896,497580361.2181711
4c40683e401dae89f6537ab0,518312390.37377363
dd007a202a0a3d56ebc4868c,407492605.0465945
6d9c89a406cf2e755d4172c5,499380780.7246288
7387e7e385063c180f05a7cb,497580361.2181711
9dfd5df5a2efca3fbf2c07c8,602437276.5148541
2a9e75d221912230f98485cd,636293160.3748378
86ce27f9ca03821d13030f18,627116583.2602332
3dbf89c6e97182647bb44e69,739531766.328559
eaa4893a313d85fcf38dbb6b,684987227.7918288
c57e1c323ddeaa7475e5189e,916950799.4220763
84856812b63dfd9630fa49e7,939326171.1211
945202a450bea48fa7f2a95c,994348095.5933936
fd689e54d5c418dc9f2425e7,930450420.2098198
eb90d9e9eb53b44b07ef9613,924770497.7602078
79005399fa92d05558fd6f6f,924770497.7602078
5cde51bd6de3759821216d5c,911082950.0996219
230cb38e035b85a4353220e9,574394468.2722231
a22ed42197987a8534abf76f,725220206.1643224
43a2ceffa8ed90bc1a43255f,630329008.8895046
8f2fbced5d357bcd6b1c7de9,949669365.6565235
6e895a15d402ea7fcee98156,603686324.1367695
b6a2406025f0e1fa09690c2a,630329008.8895046
f46d46ccc7fc415433e471e4,385196077.3730684
71710d25975271eb32c0c8f4,516903605.61696017
01b7bb1556b5c32df8f618cc,496311012.9877161
56e5afaecb2cac6293cde16d,510047512.3271887
70209b9024acb3e5baa769ff,626068124.1685854
efb0b413b3f661b23d674b3d,696895762.4590993
251db9c4b7398902b38b4a4e,483394160.37864035
e3e7ffecb903d2daccbf8a53,695771754.243458
a92ed9a378272ff174ce2688,522079224.47645
40a53a3f3d49f7905966295f,622817802.6390419
bcf2c303fc03897585831351,897948476.5375115
4b0ac2ce45d7ee385ca369a2,1060430455.0277594
85c7e8ac008493b34e8e0176,626524272.1769011
0ff24418ecb6888dd8ec734f,1253563078.517286
3164e0ecd246b8ed6cb6d054,1187401373.7735178
5f52e316136696cdb56e65a5,417674698.73405164
5ba4bb943139d7930cb91650,684374418.6192529
ba12ab0869d66e03df12b6d2,359790899.653871
1a111211207627bb4c840442,473580135.5840826
9d2ec1ed9eac77d534ed514c,582405103.5006335
9030f17b47b3940c2e2c4093,582405103.5006335
3b224cf6107d815a2e78996c,464885765.35367525
ab0e770ac42dcc82b472c55f,460332923.2329317
75fd66abeaf040fa76eae2e7,659516609.5543513
c31d98f67673691ece007a65,462976899.4587423
60d5f19c16554cc2d8e5940f,619484298.4846392
53fd196fd0c0558ed1219329,402670359.5147726
27b06d060ecf702fc88c7956,707214434.8229815
dc014623ed69c32abce2d0f4,593759341.398579
f1a8f09837660445961375c1,1211058358.3055742
b98a462d9782988cb54ced54,980670094.4229372
6ae4843a827b36bf189a32ff,632752359.7233326
84e4f6c6b5dec0da7f7ca0fa,501195597.0750074
b8f2b9c2e63f0091b6038ea6,390209296.4534988
e54c7ea1f012656f7fafa49c,611693582.9872755
f25f5df33f25576f805a95b5,657735734.5468143
ce9474244dc2d40f357146c0,367028515.2640921
54bc553b5b8abad0ceed4d53,384894064.3956988
e75d4ce522cf587cd66adae4,465807381.7353301
b1f0b12c28c9bd2d16b3545a,474281814.66765976
412e7b9e1de3df8c3dbcf198,537134179.8706821
f52ce56f20251f018d7864e0,500756981.85244
6641ef09c0bf5f3180952b30,409824469.44327474
ada53307260fa34f3a6411f9,440826164.3831872
51f0f76e2a8cf50ef3650901,415957837.79360986
da482df3d0fc97f9f8582e22,414691024.36302274
55d47b5f3d0d2dd7c2bf4034,381896638.45874995
1a6714ac2350ad371d8280ae,371077882.1419257
0006c9478f4e7edc53d84916,455372500.6664192
dfa7461510c6dbe5e119d106,453685369.5523037
5df95b44c73b249be0fc69e3,400670866.9205669
76bd7a0b87bfb6d2723766ec,421551228.697597
8570a1d8156dbcc267d3b495,700781681.6847101
94116b7517a06255bf4320c2,707189119.9195364
8ba2d7afde20563e38892304,672565799.0560783
f86ab537a2f5d8c2b223574c,575578280.5764259
9d0d2774fbcb6fcc66b865b8,625380595.2855266
9086e6e757243bdda003878d,673958005.900991
5a3625846567d06dbe4cea0a,575851158.4285614
f51a78ac4b03665561552b0a,544847271.2137994
561a262410ca91d69a58645f,570562762.5798789
08d90f931e7e0a6f43c9d0e0,583110621.6632102
f47c64c8ee69e744e654d4b9,758274872.5456573
fcc4c878af8bdbda6e1fc86d,881552500.7627549
8d9b143cd8eb71b05d32cd2f,1113401947.3994887
ce6a3868227d78852fad9f62,889842759.6908299
d82f743ff414299f8c222db9,900435725.976442
9b2c7e6cfb2d6c66e1ee8a6b,916358052.8475039
6e9009ad01cf466e8f8136e5,1113401947.3994887
a4bf0c02f139c695845c9507,840580999.7473218
16cf0d7977ed97d6ae8d2cc5,1033898680.9718176
d96855b0ec427f041e7a36c3,782148886.1796781
63613a9290bcd9e1bcf2786c,863775929.9742247
32036c1eb131e6cc4f3bad3e,331625601.67015713
ad47e82c9efcfa36ddac0a95,425765299.6476102
d5af3041d95f5e89969c9868,372251811.9014104
f2387712fa17435f56d7b102,399983213.6512056
c1c8024bb6c3635ff655843b,457322778.25933
11e4350271e9cbb37bcb75af,442209123.74294186
d012efd4a77c5aa5e8d6e508,611147051.7505283
6240b85a47c079cd0efb077b,576930856.9145955
85e332a999931ecd0e04475d,425465308.6773282
4ec02a406caf200b700f5c62,612184579.5365123
f3270f2ccbcccf3046346809,515690824.5692121
bfc5aa443994e3f3f78c6105,556527708.9064028
aa09cc29ab2f2cfc79e5bc7e,681309141.10134
6eec5b03718975e5137d5e92,688566575.2195834
6974d82e41437d61c627b16e,600158218.0347483
ae3f7f428b49e6948ebe6fff,747258906.8574902
a9a710b78e776c16eec24be6,580909372.3413054
249cf6f96144f769030d1b4d,444528700.8684664
645f3c4490ce43ed68c7df10,587452015.637538
3413f37549869d2172b76d6e,661598310.9716157
956600c9a4ed31e588f8c593,928897297.1900423
00ba709f184e70be13e5bf9b,974777971.0056888
275c8bfdd3fec33752493861,905390156.6665788
3206523e850b5b5fbce567a3,931184675.7213168
9c9ffb3401ab6ab90fcb555e,1054497474.6636975
4962650cfa3decf487ccbd0c,674448215.9049436
a541b35c62878dc2c425235d,1213797083.0724015
2112e589911b979db6e05a6c,993633762.5669636
c9cfeb97323bd6a0564e1903,552285234.4486474
30e1bd4619483b0e896b5229,479885320.20873237
48aa146a36aba8a0270a8a1d,909865012.9256477
678a80840673787b3aa64228,485072930.2024543
392abbc83cfacfe87c401e27,464850249.4151399
51744814dd3a7e60c0791041,755771152.140869
c6faa5d2ac8e74c26fdaad4a,605170344.0358334
1f2c22839c470363ff41551f,810297831.6291199
5438c2127072b47e3af428d8,1085027235.2544236
32e182242a654ac03a8f3ea8,450104293.96402925
0a45eb817938241ca988c2e3,412554183.73371106
e74d815ad652f7046ba33295,480865739.1850051
2887a0d34994d284759db20e,539730822.3775223
621c3051ef29e8da01e6bb2a,515710193.3849084
54de2275006e273686ae5fac,760506804.3406081
b0a0cc38f73c9d90bff6ad92,634206081.3453526
f4df4ad4366bd794594c111f,1090096764.2790508
763206de4c26e3825b69f4c6,617785686.6110854
d5ddcb0a54416bdadb4bf57b,423698765.9200025
bf17eca5afccd9cd6299b9a4,563807593.9595255
02888257efaae858fdc7938e,655099632.6750516
1f8ecf6c089ce6168b3be52f,796744929.6293039
fd7a48744bf966e417f34a51,949331502.5848792
655d6eafd78be856479767e2,610962998.2185855
27472c6c6a801eb749b9719d,788469782.395084
18fd9bee381e7a8c29a44c4b,626710053.184386
da5d47596a755078a2261328,452261172.6374153
737c83218f0e486ef4feba40,463347814.34256005
2390c275fccc98eb4fa33af0,455356994.2135905
35616923c84423b44d1d1438,882830449.0375278
22fcf0650753e2b5a2fa3786,484246221.31768346
9d8e7178912841c2a1232ad2,518586263.7314398
36c2cae6de0add92f32d29f4,782412986.6414536
699b68daa574a0f169436ccc,447447491.19864374
c3bd0b8277a37832f56be54b,368228762.4093035
6b3411cb8c50c1498572e681,447578908.8025367
fad4ecc419fb64b3f77971ad,599277576.6239378
4034cd9a70d18fe0c883a0fa,637970588.4855515
8f9417de118ef8486538955f,839690448.2857703
33f4f9988387bfc237d114fa,402476738.8057103
40c9f947e826f89c6ff3f898,316297160.47764254
351701c5d1b821253e2c8c42,319780483.6910883
f6b405af32c398147475dc9b,479931136.4353657
45750daec6238508791d0d4c,571048670.1972008
eb85bf9ab77f59615960fbe0,503302808.4679546
0ab6e52af85ebf23432d7698,477511765.8322508
9b13a371ed4724d2e2966447,483786157.2094764
081bbc273db70f1d2cc84ed2,483869134.905198
e113c48e4e1b53adaca275f2,501690269.9332899
4bb0666c55d174e0280482a0,623286097.5530634
ca516516b33dc09d712b3154,483786157.2094764
631e6aee6ec1f720f3c78775,537941214.2453036
c7746198cb5871bd687c2538,533120657.7688525
58a5dacf2f664512c2b00ea2,721457050.170913
6d8998442d831addafbc878f,685455622.2486298
7d4ffe0038b3ebc149d8f4cd,787482942.591142
55ae7bc854658aa5fa49d368,991610507.6146908
042ff73057dce4d92d383cf7,353903336.93875676
807c04729620ec60ef18598d,457074905.9376228
5dead94ad2dd86dd41448994,543376153.8033125
bb90c874275456d5fe0de83d,507130270.02437997
6ea5fbf037ba7e5c74d7ca39,480066872.0720851
86dd7931177df94a649a4d62,499239463.62195086
58ac250fa52a1ac7ce39f70f,481773575.2707077
2861f1a224b4c879b845779f,461950356.065977
8d06af8e439c45e0e125de91,490793111.2895254
bb2dedf6198be0f3ce2c4ffb,492528209.23563105
57d8cac189a13c180f08cd2d,389866377.0668329
db575f8a4e10a29fe81b335e,585887791.4200959
e8c79fd41b001fb1da0d4fe1,662884440.1560117
b81679b32ea288e9665dee49,1022049535.4036208
841482deb90d19ecb1ec8a06,406858350.1624322
214df9371aa59f68e5740212,474573981.70694864
bc52abbda9027e10b879ed50,499294612.20197237
ce8ce41a36b610be164a25de,575108023.331158
a67412a01feb64ca6e772858,546424961.1806531
d87896f889ddfe1ba210d74d,415043181.70309246
556a39ca66e10ba3545f2234,555107379.1697271
50cb893af4ad0e21a69f05d5,523742940.3313626
3b5a5d6536a9fd24f02e8ba0,530354246.69979155
121cc20fd81d6322f56d5c53,454828723.93353915
b9c893f3c3ac4dce40d0ea19,474038160.6377974
47bf8d322af3c13e8868ed0a,523742940.3313626
a4325969a50a14c948446f9e,617084630.5785954
4583a6b01449530079415768,588913852.5220484
920e2bd03c9d34e36fc38ad5,588913852.5220484
0a59b506798fb96edd7681c7,499386758.95758116
e8d2cdda77c1d885e21c7bbc,1373657061.1123395
8abe99f2b71b13dfe7d71616,1178591005.7167845
c07e98122103d1546d995f9b,924601851.1611829
29fdab43da21ed0d22c9c71d,325431955.0780239
f2ba7982bed03cac394ef87a,613855574.3185345
eac89e705cfd337a99417320,370181536.50718564
40713332e88c6d3a393c8b2a,412717749.2817799
a9aad230d22f7dede73acc8c,936264830.5739226
3b7fd4008e14e394dd09a0e9,1350766409.379806
098327587a877bd50df27551,474846444.8085484
0379b6a001e4018c34e944da,653892932.827539
45f24dd99d362f49c0adb875,332259021.58243847
dce1dd028695bfc5a47aa6a1,411606285.78443134
cfeb702df06baadf29f12eda,548329561.7599125
9ff5828e084070628ef2ad96,441742601.5844669
6920e6d7fff656d66844949a,700839340.1376399
31ed69311bfbbe000f4483d4,422488179.65900135
d300473e3d2ced1177c9fbd3,651532172.3685083
2cb64650b876ccbc7337a0e4,482798400.75391173
3ab2ed6d140698cfa41f2e3f,461300246.1978194
9f8697b55cb665ebb054f9fd,483607482.8279432
7e844f8a24422ec3b833b4a8,401060216.0535485
55a615a3b3919798d54e885f,702182995.8879607
fd26da8e62b5d1155962f0c5,440481544.3160098
ee9171c496fa78b1461acf88,631212082.8065168
d5182c47a954c964445f25d1,882776073.3372705
e064b4dd7b4e64a3e0016f0b,544421366.1255746
36753a5e31b0edb1eecb8bcc,470872254.64489233
c2ee475efec76c46efbf1b08,756239864.748647
3baeb28cb33d048bcd6e42cf,331373437.938362
6a6d990b9b1bea0f844d3065,401843663.321242
e93dbc804920c0bf7bcf8cb3,425399656.36395985
b9ea1b9fc0e46ba0724cbc0c,399194177.13273513
95e98113e39820523e95adf4,391181068.13625395
942ed340950f02adf9749a36,473809635.2170272
8538a41c0e0fdcb3829364e8,586735898.6162711
804289a128775f7d1652cb43,476377146.23504686
3dec1da01706b06f5d6a9266,511541569.2357198
fe004acdfad6ac6b00911ef0,575731724.6529633
6c679d5b6a1c1b74bf483478,693927302.7178838
ba54b5ebc5d4f554bc56dec3,560671241.5592726
5b9469c3ff6b197bfe3513cd,790684006.4996389
2ca6ce8266afc6721d179335,480148201.6457606
94160aa4e5c54bb479b1d0db,306760851.4603105
eea6a2137473c3ba6708b576,374895108.278199
9969f6f4bfb29e3a97c2fccc,518181828.0511503
68006626a3321fb0de032307,495962187.36354893
2149d04442f73cfc78f93bab,427477878.8196047
01cac7d033166094ab9f87b0,541570833.7368965
15515ecdd35e9f175842a738,850900078.1008092
86f1d6fc54152004e69027a0,608102327.638289
0bcf7987c4b0ba485c44caf9,642228910.3053108
107fffd601a2bb7a3e4a69e8,658684537.1875095
5a44636153b1d4a74d58513a,558636482.0754075
5ae08e5999ca2ba0a1e2d8a7,558486415.2395036
369e9e64898ea16b7ffefb7c,643252700.5064135
192b505186d0bcadb46b7032,676907737.5598658
6dde6686bfdff12620f198d3,486986944.5238946
503a04e079773a04f2abe075,462744899.81016487
42b5ebbca90572b9cea79177,462155810.99362004
0b6f2534f862a7ef551a116c,382399750.0072138
05e06a93e9f01dd3984a85ab,434049312.82760155
c6706db3eb4f0bbb0510578a,625482540.1321679
2babb357d1d828c49bb89be0,644289080.8151164
3951171501fc51e2d830cc82,587452015.637538
fb72b8e0457c0199e158e599,597645485.5514365
df865201353bc7b915b56ac6,852254811.4599218
8d1b3071f5396359c0b6cc62,1088211074.462924
c451b61851c8ae1e6222109e,1001865569.3011138
e1c33552eeab60683f2f89d5,783322739.4047812
1d8d51cfdf78f1361710708c,661095531.1641055
bdc8e1a1e06d387f9c7b026b,661095531.1641055
2b36d797d32013a126e15709,582405103.5006335
13b3a55d79b79ea89a73d21a,582405103.5006335
e57ad52764215c3d54740ac5,582405103.5006335
19e11b2d60326895b5e6ba01,582405103.5006335
f6e1752b9f4a0a3c8573910a,582405103.5006335
062efee92601be294d7346a1,582405103.5006335
e2c3acee51cdd03b1f211278,514989354.04504037
9390ae5c166e1a976e53e16b,408611996.6112469
db3aeb3a96304f3c255e8a22,357093606.4964181
d353be29e7ed2c35b920f7c3,716791678.945178
893c1b081e383de73b9f2e16,771128274.0977592
8302e2afc48d6eda16784da6,505287700.5017417
f1e9676bc91a76740f4e9b0e,649143231.667319
ce86066ad78dea43089d25c1,837725592.7498448
c89ac55660cee4608bff27d5,422850201.6809353
b183776d007d85bef0f6671a,559894555.456617
e8872302ba40e4ea413689da,445192092.23709655
0afc6cbb60f34f1cf00fdfb0,503311398.7074969
a811af7cf12afb1dd9b8eb86,421035440.4359896
7947f71467036449efb99972,966678825.0006166
2ead9549bab6f1386b7a2c77,1074926147.9890873
b54e8d557263624947f979cf,616631676.7006273
fabd2201750747891eb6af77,1336630554.4652278
7c3f7b513bb20c918a51dec6,545023492.4629427
0dcc222d83e1bf05f2c2c090,1074584078.4621115
3ee3ee47bfa21462a1fd455d,628669986.9309126
1dc3b6ea53413ece15bea33b,1019499911.008727
f44362b932a8b70ad4b99a29,459977747.59432787
5372f93d988c3c917629f9f3,437260002.30587345
5c25ccfc7ae77f1d85981a79,495017173.0319508
4df222356df121a41adadda7,386241746.1284815
bf38bb7a2a7ea663cc8f3d57,437260002.30587345
ad0025f5b240d00936c82f9b,606861495.7743278
2afa66b726ed0b1492b9e01b,672677573.8280394
a528312b77b7f84741c2bf29,536652445.10846466
1cbeccacfa11843a256b2e2e,533076109.94999903
d11eadc78d95c96f50b41a10,663197808.755037
c918e02b3e6d80125a2db1cc,402270376.0467101
b2af005e93b0242e0f62f298,516961146.39471847
ed9703ed896c6118a3458e78,432465481.0279151
8ed11c1d4e7aa1ccf0ea0508,346954270.2387223
9717b066e135a82feb422181,695771754.243458
294985765f4d12e51a68a451,626068124.1685854
edbeef6a08dd17a941634d49,600995772.1031075
26cc292628ce4aa87cd287d6,832160275.7270476
47f7065118bcd4c3878e50fc,630901490.681904
e369c63f83c44329ddad488d,563207749.8715415
383c0948aac71636973507f4,561936420.63193
6bd1a412c01387af8810ce57,879906719.4639963
4b92ca1cee4739104e620871,1253519862.2389262
0123237414f757b9c3809f88,1159207195.2698781
6e36550a6ff6fdb2711a88c1,1098573194.9422007
1b5de74aea685b506a952f4e,389960150.4105713
d85fafb4d5ec056e6db9a79b,505888929.3768836
cd097f6cd92275ec8ace1f20,899119106.5971235
ced1f52def08143f0b2b6849,406720733.1172399
89a03e25c43a555b47c53864,592151175.3859407
f8d64df401009704c152bcb6,471672642.7002014
2a5aedaaad2d908122f28f22,610855263.0713139
edd0b57b90629fb00d036e34,1102093467.4234285
f8731413b0d976c03b7e05ca,727975660.8394241
01abe3cfc94be46c1153c82d,615984412.5561578
aa7f5d0d2fd5474cc67cc70e,678556764.968267
4912c91afa6e4aff6ffdc6a8,1108235993.8559413
9d805330fb0df9ae73003ceb,748155987.5476356
7daa9115f755a6c70411b9cc,937906363.8396685
f5896513d1cb044108d23785,1359602572.1380672
3ff2a2fd905d81f0422c54b2,349605973.0701618
02ed31afcba033953c79d95d,379948544.27687865
c2164829374d5e880c1a1f31,459966828.89458245
3f6eba5c365508ac192f2b82,420134478.08082104
3289958459cd87f24089cd14,438488302.25831515
ecc3362a649cf08afef96fc0,425357978.777964
264e00a64cecb861d2c05b1d,583218339.7952842
d5b5bbf927f763a43190fabd,515812658.21527994
2691d7125e9046e597437f2b,884076440.3041158
7cf183ed411cf82df26640e9,636588562.6283247
f81107599bc083fec4a13ca3,566574354.5062875
3c2a535f1df831771b859a86,409161361.5914427
9e871ee8a61b183aa9051b72,486437859.3373132
e066ee04cd3a597dac8ced59,685280146.0961171
2f4ed160fe2a21722e6299f8,467598376.96490073
e0ae53aa3cc9e9ba7ce65f74,493633600.9694266
78d727d0e61a7c8b1cf6fb1a,421518378.8464638
b42f936db049a74c7d24b0ef,587452015.637538
62e9330888566f1f826e1ee7,802233886.9934968
3fcc5ff04edf753621d6cbb6,606265818.0316868
d4ae25b207949fbf0df3b404,369513478.4453484
14bc234ffb3ff7f974afc8e7,350873874.259284
64fbc9cac3f15c0f1a16f4d7,462175932.941886
5fa1c8237da8fc7683bc10e0,366800045.2893033
7bf4beee26ba81ad0b884f9f,499928808.3071822
72a47f70aa99d42320e54787,415081706.2657454
07641db461323a5cfcda4f98,473444066.62678206
3af2a1ec9efa6884a8254d28,490163712.86863405
3adca5eeda4939a5ea11444b,419293614.071942
37d39cb7d3849a784497ed0d,428900492.7705529
b9baaab70cb83475ac3bbab4,509736432.319443
74e178e2398895d2288e6fcb,509567922.04651874
ec15e2a131d9724b012d68ea,686057736.8712218
ee042a4b4a0bf9a1dcdf1eab,657756780.3421
35381d7a5b25317d7588ce77,641843808.2616266
18ac3368b1f6d8f7171b07b3,570410602.5096408
3dbb09358256bae5199e1318,668851191.154236
4662aa1c44351dfe271e3a9d,584174096.5776243
034a30994bb2e0e446e35957,780344992.9145948
4cdbcefc434b48ba3d51a498,595299829.1209599
3d3317303679a6a5a381d0ea,1095610549.4198053
68f4e3d4355bb71db0f35a65,548157086.0824267
b3c77f4a398b61d9c204f8a1,725325382.7148796
3865974fbc1b412f24c47eaf,651769884.06933
84ab3ece52fe00ee50f057aa,899335274.5753152
dcdb8d97ae65daf55570c88c,1115886305.9116182
7ea01fd99b389d08ca50c0a6,652518840.6627461
51df325f026f4cc5ed2e9a65,1366793533.1359537
1f11cd977996d909ffacadef,1191879823.6624823
5ae03c0e33dc7d3e0e0d54a5,832967469.1904776
da88bf5bc2a7310ff382be4c,957978532.2576969
035de58d60807ee2c272ce82,993969924.4382324
0cf82b1128ebb8d1087b640d,911631245.5176904
bd8b005383020611b8922147,542232094.8891193
f5c79a564600bcad99c74f03,524485360.71071875
b11672f22fafd555f940a8dc,550078256.3302294
2bc88a5c4bea2bd00fd8f13c,469650880.09050375
b2b99019a929584b4904b98d,483484940.5040715
678d0e011f710cefa49f6465,594339641.6892412
f7de22825945329521642f49,602227810.7199823
79b5a037bea858706838a62d,463778804.7912001
9f339d547d83b4ef956a3690,679389460.6580923
127e197a2f70e7ddb5dc92aa,471016396.1131864
65b8c48546af394a924decbc,571013019.7487836
cdc0c282ee62c51e3a20459a,621097905.3273253
ec824ecd0319e05d1ca6a9c7,572306456.8182771
95f27bf0d25bbcd0d1eb9cdb,833841064.0486782
ac0ee54bdc08632efc0d771d,544764679.7964214
904ad71e7d108930d69a7332,366476058.40747565
7f4e6f790de012946197e0df,600238441.0382754
473cb30713e88ecf782651fd,491603993.07213795
59a309a6af425b2028a2ad69,1130030796.1649108
8a1b0f59f86e33a7aa7c2c23,888124438.0873684
1e884932e57cfcab75ebbacd,1037248733.9270046
8e273f1dde4801825fb19742,738118298.4389368
1f9c0f9c3c6460a323171d72,1225138972.5368686
5dba98aa20e371c3947c19b9,723983938.3498404
51516e102f8d43a07037ed29,1021313366.5859303
6eabd14e55ff090e8a93c727,560681239.5297438
e224f9ffc7bd70369a5e8b68,1326598881.1488516
35cb50346289f0590dd24d83,950973201.5152158
2aecb598de8c74d9d5108d8c,621255863.3464001
69c7e97037c747b93c33251b,1117181354.6362221
b9b95c89c988f68429822e81,448330343.02292025
fa2c5c19c86087f207c379ab,532788189.41923034
9bcd34e7a974c977f65925f3,1360972190.884194
3611c89dc71078cd0aefd2cd,450713001.62895304
9ab273eca8cd5dd4b6339ca4,377369694.5974065
4347966ceb1770f758cb6e37,907884204.2649554
2a68f627f4dc8060484cdb18,1011856007.7585967
55ff644abd72eaff17d533f0,1500457447.9873898
db563e5a1cd9eb1be832bf5f,1235060233.338239
a0e9310061ff0084d63dd242,950255895.32503
7ff62b2f8a28d60f6c4237c6,1025745053.9927882
c42c59e8a08e8657ab4201f1,389074085.7846964
de28370454624724128a0688,624627557.3525636
514aefd8a44ca048a8088c51,944679455.3982869
3d3a318662cbe218db0878e7,608060282.7856588
2714bcd5c0c503c3bee0e0b2,785946969.2968947
5461aeb15c7f826f0ce157e8,329583522.027057
db352cbc2aa3066ea9b34184,747417357.6561195
22b066e6dbd0f2562a0554f1,1362014702.2817504
daf8d6d3f4ba21513341eb3e,1170591356.9094236
523605d1fbb75b0c5acec5f7,388092019.02854127
c59c2a19b93ca666b7c389d4,606760452.9369552
61e57e5539c40e5ffeb77997,388092019.02854127
c1fc25faadb151c73ff254ec,467136233.80809724
63e73f1b8b385d89de1329c2,469739379.9719387
80ded3bf4f2973a5ceb1ffb7,395770570.181695
e1f5f0e96e5865370423c142,920955589.4492364
3bc1d407f7e7c8e67f7dd27c,699175365.4435381
d87c489d3572187e3280965b,1273373307.1911502
110d49e1d79a3534e146b300,616310780.3356855
7baf3723bac87b0b393ba52c,720075367.8510422
8e9e35321545774dc1f85776,513096008.47472924
e0d6155cb3cdac98f81d44e8,656141384.0328131
bcf775187c0f5ae1cc0e8ca6,521294814.5183958
a792122a1b292f482caf25d1,483874853.4785783
09fe153b0027697e58bd08b5,296976252.8568112
a7283f1587ffd80f4723475f,303809204.0562175
67a10f161cf7215302b6ca1b,332417545.3504239
f403b20cb52d4ad3f9469ee7,492783967.00681317
643e13f00dfe7787a19b1254,426256223.83556944
0eb7c68fb7ea1e58f3e76345,771316925.5706397
cabf47337c2cd619f12fe69f,740447032.8041574
55c5eeb4861e8cd71731274d,1292032595.874169
363c96b85cf07dacbb10b92e,413030611.25665045
49b59d19432dbeb8921e57b8,586607237.4344248
818ee3b0c3862d4aae6e7776,327208676.221596
b15c662c56b19d3843737dd4,449311692.95064634
03243195c467c67e67a7823e,401300018.6480833
5db50c50b523f3d454e94dc9,552517698.5854014
0798af235e9926b1e7e4642d,501999749.98046917
83852e78afcc4127481adccc,410370349.82407784
7fe25ebd70b89f4602bee6a2,743693509.065695
175590951b6f8c6b8b4af9ff,463854979.0809573
d4dd48521efc020762ea141e,403386339.71313196
a681d6e9ccc7bc60eeaf7e3c,823368427.0587757
e137b5003b8c8f18892ee9d3,533120657.7688525
90dfa0d7be06e7a1dc15770e,564666165.4973727
7fb856eba0ae98a40eac3efd,646129861.2144908
9f52855eab4ca5161f1fb492,707686872.4719386
494580f4974c33d7ce0cdb28,561307949.4033262
d972dc3dfccf2a48a6384e54,602774204.9624432
7cc8772ebde8902f55e14b44,565116619.3621242
deda3ad684384ed67711ae71,500204795.40166324
b288c52e4d0fab9f579122a0,955669283.1704682
0bc16b384acd3f8263e386de,885486426.6934993
b40d1d2b7c1db9cc57c65fce,993222068.1527311
c2580329ee6d7a03925725aa,1016051951.4043769
7e73516d57a251061b3916e0,1365392864.8368459
7749f3bcfa8339444b0a8b7e,383492198.1779938
557e40fdc93c1824b0bed769,383492198.1779938
edbb5db63dbd0452c51047a0,375004837.0412356
383af3a5794a0ec3efe78b2f,448546227.33282864
90ae7af091c23957b88de5e9,407655794.33082694
b1d9704dd39c6cef28ae3d17,758575228.13383
44916ca9b874075f55949f87,636930398.0249888
0515734883eea12cdacb7aab,639486799.647983
faf9f8aa50d936c1465e880c,581774871.2491642
f37c9693e058492ec3715de9,741988730.751092
562c7846b05072561d96698d,627693771.1507823
4a629aaf60a113402834c042,688667421.5583212
ccc4e48073c3da10a2e2d08a,580851308.1871669
8532c64eaed74b64b4d4707c,477530250.6323035
528a96aa31409c32bc9f1f63,1208264352.762734
36fd9fc1f1d9b2e10c1c6463,367268860.4764992
91561030d87ff5bc0a497f1d,357368813.4833601
eb09010915ee68091d6675d4,597631684.8999078
56c41a58ed5b9864b68fc910,510979710.15463954
bf6005f6f71da582a6fab8c7,491156685.0556409
86ee80cbe81724e6919bdb73,504722920.8176981
0caa7856aca178f826fe90c4,531381703.08009374
9e41f25cf2e77f3fbe903368,802233886.9934968
019f4a25794ef01294845b51,716975806.7105279
d6fc6059bba177ab56d85ec6,783128492.4617084
436089e2bf605d00849691e8,638013957.4391657
02a9c37b3d92a6da473c6fbc,629221593.1607587
bde81ef5ff9edabfc7e30d10,620235979.2661548
379fcab709c66fa146d3491f,612061046.5928556
28ac1562ebb5050f1492f576,760099318.9529946
e68f5a98070efada9b5538ee,410771547.4155965
80aef024b0ecebb01913504d,349520082.2802995
f45161bb79292e974dc88b5c,449609896.85566306
6de3c3d53d6aee18ccdee958,449788858.5943334
5f2f7596a284915ebdb81a35,489651488.397447
291fc50c4ffe7935b01e5d9c,479234431.1073711
42ac33321bb1920fe2a78036,445283569.3779177
c8e00b4dcfa2d05d6a7fde26,570336332.6003661
5c0e328a04f881674ae1046e,531002273.49124384
c28cb417dd28fe4d4d41d114,642228910.3053108
8e160f094a0425aca23f04ac,658684537.1875095
a8944be7383b5689b5039c87,611118865.8577169
cb7ed5960f325114bd3489c3,792080976.4338489
275d73c7dc0fda7cbecfea89,594204884.8797045
85c24df2d836cc8addd9b7b0,740359179.3415277
0fa87864632b7bbbd161f879,618233044.5008101
c7f422224808e043753683f8,928178465.7441915
c51d1eff1b6d29b4164df520,1001311112.7091007
b50e8c13de383e64711193f5,365395784.06108236
1308dad458274c698b2fec72,365395784.06108236
6a1024c5da689de67bdfa274,647279363.5263177
6e426f60d25aa8a4c6f8c9e9,439590637.3130078
b80f3a46440daae51308d459,742055355.6853964
f59ed9b8ef1726f1a55a4dc3,375581670.8825464
368eddd8b6d39bcc7124a41e,474846444.8085484
391cfff759030283411dfe1a,692723902.7064886
4f140229175de685a0999773,567432753.1389425
cd365053914fcde97b7ee9a8,469560335.27976507
16a05fee8dfbe78d26664c3a,551841470.2932764
c462f0736fdefd319cee232e,536689783.16687125
b419d977b283e33c0b3da86b,1086976483.2292824
6eb27e2a66d08a8a60567272,449018967.3494398
7486ef139d41d91423317e0e,480060256.748123
e663064dd77e3c63ab9222af,903820541.3564914
9a6849637f1b8332ab289e27,1350766409.379806
498de85ba30cb01e9c686081,492894810.7762932
3507f260c3c6e195fc444533,413938136.285174
e538d52c9b2dc994491be3db,357775210.4101989
f016ba59a64f287099fc4af4,593653918.8917902
380ae516dd46442f97acfe14,613807803.0078026
c97e4d7e08db3171290e939c,478982865.7793375
f7847aaf1491103fd931aa5b,561307949.4033262
08f6bf438980d55b35ce7537,561307949.4033262
a6a06973b5a4c990d5873b7c,674906690.6931965
6e26918c69487a735a639c1c,561307949.4033262
cfbc690c55e5c2bd8dd9d89d,569117727.5713452
56fe5c13f11813b82dfb04f8,661219124.7395289
296f0158b5cc1541cfc8419e,980406003.8266917
6ed2970ed02a3e50ac984aa1,518200825.0356725
4c9f3af11fa91e729384580c,679135271.6859628
2ce779caef0637db97954912,633573866.2382574
d743892816160218a63dcd35,564286397.8389361
758efd6f99db309c67cefb12,496805629.5696323
a4146ec09d782b08e8198e11,911921935.4523097
f415c2bc1bc0fdca091285cf,1198969391.669994
39ef4fb2a43fa3bba15a0b16,774146164.2068285
874ee4f1b9c6dfd3d2358834,1361145662.7458763
e9d514f90ebff0de1936d09c,537619178.3993231
9f15c77d67021f349714806c,588175556.1888981
a600ed86cff36e636d204f39,577773194.148343
58f55e9bf743e2e3ad43c274,564743593.3981103
af1aeb2ba89d29973f73511c,627992735.2476834
bee721e93b8d8e7cb37dc992,577773194.148343
bd52dc8dc5398e5ca2952473,366723206.9180309
b71095bf5e80bcefafb12d52,401500652.0505185
a7f48fbdf807da68594e9ae0,388587902.4718082
50de04936770f874e1eb86c2,388933174.49654716
2ea47ef8f02712c32613fbd1,375374152.7007789
27eaac0ebf8a5ee99d143218,460805884.22419053
ee594b6bb0751dab39055b3e,416841608.6771779
eba0410242fa1e8dea90b194,435311610.99142253
a619d30d6f2e2aa3b9613c04,437699621.8393789
df58a4244134d3493f3c9f30,401011003.59027755
32dd96f4f07f67806146ec46,450255055.26104707
a77ef77ffa731e8980d36b27,515159556.9016217
a2a1665a693852185673f6c1,649794817.738491
8267eeb41ed1e68144301a3f,652213181.4241782
887ba6b287a8b3ccdd5691b5,644769936.3612889
1fc94e9dec93d52e0062e07e,571023139.096123
ffd3d51ecc85abff64258e1c,643483922.7586824
3eb79541c2ce9413d2c54736,656697124.2511759
fcefb2186b13c8bc39b17915,562394532.9640323
d4a43654382201db5d318dca,668296033.3067309
15fbd295328ad698d3c76aec,597182790.7456433
7f5e87fbb4952caa0cb658e2,694845837.9933372
9d348aa70957592dbc56ef32,752114094.5350055
2ac1105447a71f68a50105d1,617852330.4073818
d8ba9eb448ce35ed404e68e3,862887471.8163255
21d42e80f6f818eed990bfc7,946120457.4058162
81c890b0d7cf787a091d4081,944733154.526799
518858c561af5c13c8aef9f9,855637006.1868422
01cda25ee8545b9fe19717ed,979369158.8607204
2c34c1e1655e87ada03f411a,727048300.7145824
48f9e9a87e7fc0a678460e05,1029092328.3980756
76ae7be5da1785c37736fdb8,987883665.8738605
3918fa99179953461fe07f2a,1126481140.8119094
305080502cba05a1c165560b,528336335.61170346
5c3aaf3f75d6d3ae9b55cee6,390216052.6452084
2ab263b5d1ba72fa562d64e6,872004623.1460347
6d13129db564ad15e69fd534,562394532.9640323
7de7a2a651273df62aa6a21c,649794817.738491
59f9cc9b23cdea5bd4cc3ae9,457489450.61953545
d4436ad417941fde0aed2818,562394532.9640323
80ab8d9f157c25b40f102854,752114094.5350055
06ca01d3ff86406e896b6fa6,410402418.80250347
88f36882dae9a0487383b769,390216052.6452084
da474e23f34cb63de4ef28a4,752114094.5350055
04f968f1873a655fde8702f6,413882009.65140617
1dc1a51628b8eb1bba214498,324419320.0438735
e7cb4cf600b9d931eb295c71,459837178.38942814
9052c644813d546987a72305,488841858.6331363
1e32a8825a7ea79c28e27a8d,485927630.87080914
82f34c2a6644c4cb0649c44b,747349192.3932146
95815bf7c79e4bff3f41b233,752114094.5350055
f64f642775ed2c9f45aff215,369160633.70453835
4cac81eebdeb45eb0e8aa5fe,384086744.0907386
c6da2874d2dfbb2ebab542bf,511434488.8431676
e7c08555cb8f5c7d0f32fdda,456157543.2449172
10b7c99bee9a4a21e1f32d50,619384107.384809
f21625fb82740d6f4cf1c325,582391106.1186745
1c3236613cf95c84c5791bdb,495320605.04078794
b11c3a4642f7eee2e443eb32,564665523.7882445
cd08976dc2d69110375f8541,424372360.5862516
a44c7ace8ab50de7ed8e5a66,374022437.76604474
fa8f13da6d8be3bc1f05fcee,348203095.95294404
77bd7837b02bd8f2c290c9f8,419050916.3951855
11a79681fb0a3f6eedf11d1f,496648429.86280334
70c3b086af66b0c9db4b0b96,496648429.86280334
64ea18085495f759116f62c9,710048621.4205256
ebf4bda17341de806444ba83,494068455.9733515
54228579fd8812c3ea160341,1040014842.7274296
dae0265a0f2f79d3dc010ac8,588913852.5220484
7340afa659775cc18d83aa4a,611413431.2582376
5ba05f67a77cebe5cda31e74,553946159.5589136
33dfb510aae260ccefa4d349,895683964.3135481
82af190e32398942775056d5,588913852.5220484
a9b9263f6aafe8531f3dadca,857101497.3935666
9a38e7293e9ad7d8462eeaf7,1059460383.0614902
5852773a80f7f1b929c7dabc,1026726250.1714542
52fbef3effd854b0ad0f62b1,898716887.5965643
0016e35cfd881ee2e37b49b3,482572019.88129747
380759598c614cbe10ae4bfc,1000301502.75542
fb63e870ceb7ff355299f3da,522190389.84836656
285b8cb5e9c887794ed2fd1b,464409811.1979707
f003a46a1c8e04da0052d72f,436696980.2536233
a731b326a61043070c3c853b,433308607.6350874
d2644b46136fd95c0fc2353d,384319316.4288554
8248697f70c21fa361840755,949403506.2172068
075b5c16441d9d67cf638386,369648272.94804466
6bb2ac0cf2369cd8fd85bc12,630524390.7315496
2c0b3d69fca6677ba9e95327,580186419.2660829
c73ffac843c155f24985e6f6,759653417.2597934
78b57a58368ab056c11bb0dc,387886651.7467303
90b25b6b913c1bf0396c149a,642554952.3599035
fa29c89363ac9cb59667a43d,387886651.7467303
eba756e88209c420d288c4be,470546783.09913135
e7081fb59ffa298320321633,634278349.1503385
db1c3ece26da7b342eb7c8a5,387886651.7467303
f9ef8fcf24d28ce11e71d758,648291771.6619003
2f854c9df6212c39091bcf28,587929007.9792596
ccc66d77e5f68779b1c016db,501955079.0733591
47d288f8f9227013424d6976,346802364.0771466
3e891afdcb568befebd66fe4,674760729.2598249
2d1f036c96e92d9c557605cb,360014349.4538874
dd9d63c612aaddbd86676c34,469074394.4801498
13cf784fb3553f75acf25a4b,360014349.4538874
57dd353ac00d0e99abdb3733,1226069906.5301003
ed0051ae106fd0df60a14586,875167053.8033291
0997324f14c5823413463546,1230104191.0646405
e2cdca1756b1635dd1ac2b2c,739068169.0263273
7700df9486a1684157527739,376861731.0515775
e790b21630ab963a65c53df0,659416449.0110424
2bbbd9878a1e7c55bdacb330,565372625.2500429
decb25b7fdc0eb259831cc71,712372969.4240843
fdbc74fb5882051327b3caf8,566113811.6238266
39dee9b1661292cdda6c4823,703008566.0474677
354e2de1e3a81a63e7fae4bf,619241254.8505964
f80b9e8c51cd71c5be281652,387203182.80957836
a96b19e82d9811d5de1ed0e6,348329967.75084215
5e5ca2753a908aa1b7fe80a2,492312133.47844255
495b6e61d1b887f8b4c1bcbf,476806308.32986057
ad8ac9edabcf2d4b06ba9fc1,579137567.7789738
359f6a66a407e30b40979d2c,597231777.7778381
ad351bb6437583ec871b1739,697348343.6204699
262b1c8ce7db2b4aca2400a1,1047736681.322743
6808b10f5876ca36f569a4b8,894665723.6751928
54c74b36962edcc922573792,470941545.7552003
e7fc4e6b1fdb38ffe68fb680,446715655.2939266
1c9325df5599379a73e18053,579813003.6865566
8c9bf9031bd378c1105e3f3e,599709533.528817
be70989d473cd731f6d8e580,581521978.4990354
46136f5f078dd31170c58e64,755889437.8444134
7055f85f7749c4646577a51a,454280718.6351113
861aa922b483f9bf7884dac5,344658600.1754378
45f18e0bb676d2495a227dfb,455289115.6862738
9cca7c1e9ff65766c8dd2e29,348624869.5542075
b2b7020e66872c8d83468cec,504444886.84395707
7634d7acd4197594271c84d5,392539720.6585678
11ffdf367d817b582d590db7,555880676.8275521
103687e73b0528ec29725f1e,400859115.8327044
8b5369b126b75c497b1a7b73,532248897.3539092
b33c9b03cc12a253e4936cc3,618931038.9578042
ab177c5d60492f2ff087708a,446510784.08765686
05bbd028f30492fc0a9f35d0,532248897.3539092
2b9fd26383758104d567d474,532248897.3539092
4addcabbe23020d3d0d46ac6,532248897.3539092
d93ba0c32244c455e0f7baf4,532248897.3539092
92b772a38d5e38bb51a3f621,535138657.4142877
135ca1dc80ae4d9993ec46f5,532248897.3539092
ed5192bd8038c77ed2e46f0c,566542465.3538008
3a878d44356885ea61bd882b,532248897.3539092
c29c69bc6758d5976024e455,512361187.1554306
dc486a3d7e9e2e608ab2a7b0,532248897.3539092
1a34acf8e509659534a56b63,418900010.8155773
5716ed7d678cc2575397174d,690503474.9152181
444c68a7a6cd0b794768d5af,515711265.2821967
8a724286cf661794084aa87a,609782293.5356209
ff9c4796bc3ef18ae7bb724e,646129861.2144908
35984f749eeb84eaf938bb08,696365597.1889288
0998999f12dfdd50c597c6c1,1021606138.3391463
58bc65fd2e0e4430fb353d83,888520981.3072275
fe483817d899e0044abc3787,601499603.2541465
183a8459fa248605b8b5bc1c,590610924.0393271
a1f0d61cef676fbf798b5473,527901287.81648177
d7d3cd587d291f389ba2e8d1,632240404.5449147
ff8e7294270343a00978dbc2,434351243.81406933
0996cb112fc3919564e87c37,606792279.5058986
f183e3651c485e0001e64880,980406003.8266917
e28474959994ea9c0c2eeac6,616216931.0839044
682c0a5f5f3130a61b5214d8,619692289.7477139
245663c600727f7c214063c9,573570792.0654333
dea79d1b25bb9c78d331e3e6,640944498.7105496
ba212b5f12959e34b4887315,562652857.3352042
dd4eb14b56cb00130955d021,1167537928.1956158
4c94103d4366bcaaee4b550f,833867840.4525838
7bd9cefba3f5dab498ef926c,899311518.2411915
1d7a2572b466070f08c6e564,512048897.2054741
a38e7af984a471331b2d758c,618130581.562633
b6775aefafa4dcc161eaf6d5,507928495.15340495
8654295684292e74d0245238,468750310.2666473
f0ae62ce6eebc4d07415c48d,658687305.9917119
969219d7b193ac92e7a008ec,622478026.3974627
651d6af0968fc05584cb3d25,454088310.24968535
4f992c2a0526c0074bbcd875,436283806.8342871
9536c686b6ec514d92493f9b,477902107.37385106
5384587ecbf956275d86e60a,331432741.78400564
bab5690da7c42909464cb9a2,508188013.57318544
bc91072d808fe7b43e972f42,397831559.4742815
37cf2c5c1c6fb6e601d2f76e,417339797.2652402
4cdaece5d1dd4e089a99f47b,459728200.28011435
b37af80bba5adc197cb51649,408222820.51279527
552152b60bdc1ca16d2dbb71,651509517.9999933
32354bff9df0267a5e139156,503633145.7945135
fe4a6d7d7ed28b85c5816fa2,702794699.0807885
afbc7773755043a40a7f9d6f,476218563.0044808
daf2efda70c6f3cd9257d0dc,388391140.6228797
66fa7c9e82a2876216b14b1e,456506077.9162253
e34517b1563d829104e230b4,359363926.61350244
222a35842b0bc09f48e1d0cf,470751235.16658664
c5a64fe5ed5901734d98a22b,452978249.0851367
05db9fc492801eac98f69c7e,367621423.8456717
6e4ce81e713a571601d861a2,352183916.1265823
79fe5105ed7a7861d3c0187c,372052927.1675701
70ea911907d320da1f7f9c41,381146054.79649043
e60024d6e0b5aa52e27a3b5a,384391452.59644085
bb63f086543cde77832bd4ed,384391452.59644085
b3c2187fa96006fecc6b8ba0,345983830.5361797
9499edd83df77bd6a90560c8,345983830.5361797
a947158782fe2832cea53040,381625474.22666746
2e1608b8c646a102e27df16b,481773575.2707077
77fbf1f0c35c1025ea4803e3,540281932.1834289
f9e6a759b069e04b0cbf0182,462697919.88032943
1e158f436f2a4caedd1563a2,552517698.5854014
67af004f80b08fae38f472eb,553221055.5314062
386ee01c3f7bd8bdb91181ad,577551537.7736803
36ffb5566bc35fbce9e42679,423758882.7160875
b58533a6850620b0960db713,473662122.73706454
41353584f956b9e316c6c67d,480922277.8561678
b1d1bc7ea83d5c584988b95c,507523889.90761787
6b1c0866e6f12f7fa8de94b2,499392120.87673855
fa4fd8380dd2620c672facc5,448419871.1534311
44394e66504a4d77587ee105,602619024.361263
d841d6a82425710e36460f64,508067405.57772505
33501f96ba3b02da073d586d,409237550.56619155
831693b6fb81df1359e45db7,481204638.7057474
7192b9d32e4ad55f6af9e241,535221857.7987089
4f99b97100d003ba3a2ecd46,495886790.95050734
83d969bfc020aea27d2b829b,721522001.5862418
39be6f994f2cd3d68b51126c,593369538.8756616
712f16cf2506710d7f2a2e8d,514313965.67526186
7ba618fdb1fe8694eaecb64f,492528209.23563105
d8735967c942d1a7b0cff7c6,709400366.1957088
b4ef40e00d089a35d750888a,823368427.0587757
7d73a548c2a29ef2d9655e1d,404811016.37778085
63131b8d125073c7dfec72f2,1024183462.6843541
a65655a4f42564ac48bdffa4,661219124.7395289
033d3f8ff56907db4c453700,533120657.7688525
05e8878bcb68d03e3b656eb3,576576599.7581965
2ff0775d2c131d19804f2a2e,785934956.3431354
9957ccd807718945178bb847,836250191.95756
7bcfd82ced5d6f1ae390d388,389866377.0668329
adcc03f332b427be46f118a5,1077981345.6044657
b5dd038cf35169bfd0e62eb7,1007233617.5677685
35b789e1d63f8f25980d21a1,1000255985.9840807
c9a215f284e095850c809425,598561845.3937902
d26efb0e1213e19c378edfbd,576576599.7581965
9990217fa4eae1d1c4ed051a,598495308.4206167
2e9390c4423db604e1c7c4ec,632148022.4572048
6faf9b6c30b176e36f2f1d32,683573069.885528
5b83d91f4d6364d3e4be1428,574439248.9020176
0d9616f0ac8b0c2e9e0a97a3,457956249.4453684
9c9fd309cfb505b628f84fab,612187586.1771324
98b77fc0888335702d082f8b,606677659.559261
051d68945b95562009d4029c,606677659.559261
eb8021804e63016fd934c9b2,629037449.9317644
ed6c8c45bc8c1d160cf0d0eb,959087337.4787776
9fc8c3523883947769b2fe6c,658269845.7365164
3e9cdf767389ee551b5349a3,410370349.82407784
512effa47a1c7a5420bdcd6e,426232631.85713416
0768e70fbda0e09b88c1548a,414578581.03516906
acfa7a1cb136e4474b7efe32,590310553.9864577
a343e6ec6eadb287711d3834,639980402.8442693
a698d80ede6cf6243fd9ed99,835227962.8640206
fa5c81237a94f2f78f05977d,658949484.7156397
999c8da7dbed7412dcbafb70,748168651.0945989
c33613eff66948d1bb8ea3bc,805599817.7495883
a642351076b7706a733dc52f,745645429.9916184
c69e08214cb1fbc09ced0971,437189809.0106753
48a20e676a060954308c9ecf,447965882.445198
304ce5835e685778b1c2b6a1,618434433.7896161
c859144477dcaacbc1654a8c,588331483.7468936
98865eb2f40b8a30893cd351,577773398.5011905
68dd15c8e9b71171348ea24b,1001994259.7501979
3c660885ddd7e98ba5ea26a1,1408479898.692996
c670315562766401f92913d0,583457633.1686871
777a8d05edda0a335d89e90d,481234025.0747902
81f5c32a2c2d3b32329a645b,581608015.4002982
40525fc425906c9485f1ddfc,435439495.1666488
8b6efcdb553f6e936bd90f3e,477491626.2025146
94dc108f1d146641b221cb81,389826897.55375075
1034ee7a5160fecdb5e8c27c,439883377.4781602
48b34600046c903f0ae4e6d1,822708742.8584187
edca31377b4f7299f8b45187,943831190.2591051
b1586cdf68f36926c3bf72a2,342172858.20170456
70b15c2a38c404e62ad05171,398282789.15828484
ce18358366157fa869bf3833,384845769.6378473
6883fb90099426e6f3922909,308968327.9047706
1b7151cf29b565b2f1caa559,390018866.5462147
f2ec3a3598c99bb8c38cd680,304994029.86046565
38026eb43ff9876cd5767ac3,369055666.20007384
9f68ff98e302ab06df4fc672,394071293.8567366
2d2ee255ed2144b9fa1fcc39,616493244.9302843
029224b78e8f358aa9c38e94,488358765.9758182
88da5851280dbe750968c565,456157543.2449172
1c67456195075a051513b28c,391360385.2156263
9741ff1b895a038c32205784,499294612.20197237
75fdbee42ec89d428143066c,585577575.5336101
9f27627b9e439fce085cb01c,742605939.7399104
a4a4a57cf20ad739291aafcb,605206720.1035255
84a074517742e09a7eb6f320,476188220.91243786
28fd0437736c1b17c7ea1f33,533913012.1532934
beadf1de0732143f0699895d,568907758.8056998
b027f75411dce9c742c5d0f1,416872673.49441415
182077fd9c5142d503309490,601962147.1568577
b1df92683a593edc3f2b45ad,526406964.7342956
38cbcd7f88c1520fa083af9a,585555113.211259
8ab5eda5b66a6c2becffad29,677753374.7141982
e68ceeb098f60054c19fda0e,571297634.4957173
e6ac4d158437142c15bbd4d9,583619929.5020918
a448d8246781ae78dae61619,689787741.7188572
4e878e99ad2fc34400381c3d,604032965.8251418
beaa09cb49a98e8025fd7e8a,610106407.3020203
3df855d8893dbc62eabd95c6,544232174.1536651
cbfc3ca911ca23517da8c2d0,597958160.0665061
a020e479dc5db78794a5fa77,583619929.5020918
6247fb0e5261d4225f6c9f1e,709139988.9552758
93822a34ec8dcf104e7f49c4,677897826.7425655
17d311554f40ae8b40234c31,469214765.9062509
762e044ce9371d7b8c7acb6f,562727779.3520588
2fad468e1c248f40ee3586ad,722637159.3085628
fc25df25f4151a16cf0c90f8,564665523.7882445
39c1613acc0ba4fe622c1f31,938595530.5073124
2c15a0733cdb932ba8f2225f,1039420024.2974218
1db68ed64501f35c51d74c5c,714083663.5552543
1d968cecf268a7f14def1af7,817853391.649894
77c886207faa6965238b152c,333454708.0981431
86242b25bcb2dd775d25191a,481045864.6884339
a8b457cf82926e25cd862af1,598045555.4727402
fec1212eae4e6369d5555d8c,697476002.7529701
8f59ec48e38092ab01c23e33,984546904.5638297
490b89e972abd7e64b5ba6c2,627477103.4163777
f8f217756d32f31faa784c2f,744444119.1765918
1c2ec62e8ebba12c6146a04c,564665523.7882445
2afa1699af46ad8124f76e4e,495320605.04078794
8c1695c9a31de0f956e4ccdc,647176250.5811216
d88bba495701ae7a44eecc64,923214519.2870966
00571815d5a7f208eb3e7737,865921094.7590401
d626a635ee75c23aee2fb327,1186204653.9205453
7e3937cfe43dc906983fd321,739586662.5039924
ddd8906ea4a22b782c7888bd,622085923.186395
258abe0fc321f6b24d37ad86,476758872.8956417
f637a4885488bbd499199148,419883902.19284666
97f5e6ee143998e0b3fc97c0,486396437.69893754
be4b96920e3aa5c57baa13b3,342425783.79623365
6e7f3a0cb6246f13656fc95c,909865012.9256477
0cdcd8cd52bd1967dab88a5f,484478258.35367167
83da19e7fbbca11083090574,387652189.16292727
f0cb484eb3f6e04b5b1806ab,487208631.3702158
fbf8b0f1159e89428778c847,506579555.19321936
7c316b981173919b6cae5516,633715400.5903268
d6496a3215daad9089fcd5c6,978015486.6664623
e104567c1cc70000692f502c,667012174.6092618
c4476befe0002dcd0c315993,448825361.42353183
3008e821640b33a8d70beec9,346856851.0099159
9eaaf577807d86ab64fb14ae,331330864.4454162
9db120a76af04028d2f0ce68,300099792.61160725
81e1f8b1c0e3b15f2ebfd84a,375059654.969812
9943a2530009f62cab6b466f,506818262.77250385
a8052c48a500926214eb2e1e,517956368.21185654
3335313b9060ff29782906b6,588541812.8313568
cb93bf58a01eb262cb003061,680988940.0546794
0e04f84529d92f2832ef986f,593089825.8486377
807d7f5155bd299afbb6491f,580815161.2342955
76558d67def95bc708039f05,896438554.5581785
bb19983466b1a1184ee7ea1c,678515165.8161355
34067d9b2b4e45be1e5cfa32,681810538.5043194
1c4fab7d9cf798617fa90a19,348165400.91023093
b4d610e0ecfe007c133a5ea4,405802448.9723335
ffbedc0873b99654d10188a3,331373437.938362
ac413fd87de33153899a1d04,432350269.3910198
83349bba5fbddbfa2db5078a,606381775.3904217
0a759932f763df64a463ac18,473004665.59348506
fd9ebf37acdbb0e4bffd2fb3,461245855.7319539
f725f6ebcc3fdeed22bee385,503751079.55794
ceee9fd6e692196b960443d8,461245855.7319539
bc10eea54e4a1767881a2391,477946646.2961997
4ed5718470ffa3e5b5f40bae,461245855.7319539
debd031585e9527fe00f116d,721755274.2159939
23b5f2af5d39edd25db6a522,727586701.0691133
f51000446ab65417942e535d,613251463.2948543
e6ed64435c659f236cf213a8,561147762.4578615
b160d30961ddd3dac16184b8,647492320.5836279
0cad79296edb4b18582dd77c,775596887.6895423
7bbf8e16cc32dec423afa6b3,524852718.70521116
acf98212eb702c79f16bb058,758817184.9865903
1747dd033c2c2769974a06af,476329997.8805308
d54e80ee72354c70cb84323a,476329997.8805308
de901d3433ade456e9edcd79,476329997.8805308
3fea10126c0c651f02de7167,476329997.8805308
f823f6d95b4340e8e4dd0d57,476329997.8805308
ff6fa86afbf9da2aa8eb7991,476329997.8805308
a966f298e8d4d3d580a72d99,476329997.8805308
5b0918cab84af6fa6c464037,664215317.2624683
bb1ece5366ebb2ef9d52708d,457990779.8418753
fa926bec03068764c8545d41,471603161.85652775
3bb987adb4ff573ef09b8c12,466069532.41874605
d7fb188814d4c118ccd83989,592995090.5786508
ba511b37b4bda08d191c68da,434477189.16246235
3c2f62f464aa5c48c470bff2,620324789.6206412
3256c6c6f30aea9cc79b7283,769603463.5792434
9844c3773f7a50c71f218e99,876911442.4806563
23229e392dbd8fd9d80637da,775494035.8551852
e0f47a028df2dbe9129cde7d,1084178365.2773614
a12f0f00148e564ef78838c5,1354508821.728013
d3ace27450b980262ba9bf76,1362709001.3883529
0668a4a4521c783a2d817413,810511567.8716639
768f69f0241fe339b6f52fa2,682736911.0648733
e78ef4d2b165a8e8781c258d,494268137.3942991
631ecfa47fe167bfaaa967e5,348138536.1762569
954e3065b1e8b31a68f6d4be,401963120.36566955
e81c5c1b820636f691e5c5cc,907470500.630723
b4c779732e827ab2fec8e8eb,772377934.6937829
b58208759ce1402501f68906,592130732.8776151
59805e5f4080246ac1d92b34,596720522.7526428
a3fd38336516b98117e328b7,510372389.7979803
c0bf06891690188e17ceeb8a,412482529.4721451
efc8ccaeb09a5e1bb0bfe011,602907184.4453918
8e604d41e0cfe9c93ad536d8,966678825.0006166
f770b66579bf2b55a714c43a,653090562.141165
4e01f07ee4b1241360de460e,855156252.6109021
dba1be42bef913f35a95735b,623254006.1820321
d839ca90c5df85e5cab54ea1,630613770.3244286
ffaca67ff9f0d7cbd5bbd295,1019025937.4474884
6f17875bd3ecf00566dd5c1b,567357324.8465883
10d01825744060a7b777ee4e,549894058.4029295
185b333862e7420f25622efa,519680268.4956925
7f7141f5e1a7964ac6dc688e,971204600.9291792
adae78b82caeb073d84f02ee,624188765.4581821
4c0f9275581b5572635613a1,423678778.7155947
9d6810aa1035e91b72de6a26,399325373.5872478
069798704327652a899a189d,520600325.865643
2f34de2546f13e8a9dee1edf,619851998.7339963
8147da5e5f53a163443e8506,529298041.5684407
6834b61ee23cf04daf4fb83e,884144489.773651
59cbc0e7dc6e6922feffab8f,475435478.058094
7cfe5c3f5cb1bf095eb2c503,461523458.599096
d916219daa90cd2d99edc609,584159255.8792597
e78ad3483c5aa5a7a4310720,619256175.1730208
d048fdc255a5a7f474d48c0a,1180970256.9382691
b76a3fe6a49dcae6e6bf5815,671605393.5651562
75fa60dfb737ad50073848f2,689218013.1721529
83c1d0e2b8826844416abd9b,413824190.9528453
8c02948b66db263420c20d3d,674514589.0873469
33ab442cf58cfaa33eefb6dd,404926608.59942746
d379dc03d78685ad14c647c0,502159841.4910647
5e36efb290bb265d81706bd4,527455012.1861297
db534a5f57e92d29b9e150cf,609234720.5828162
5354a816a7da90e205448832,370274131.43503994
f0862f57dd6be5e7659c65ba,430864628.6341128
7d58eba13f418d890ef563da,653892932.827539
c2fc3f04c3870e14b89d5fbb,1028579836.3437499
15537000b6806ee84d4615bf,1235186034.5052223
e82508e88e3f62fc8e67dc16,887016440.0500503
86ee57ce617b2be312a9efd6,1005892183.6005552
6bcc29a0afc735bcf3621595,955465857.5044407
d79e2addf7c11180be222103,903820541.3564914
adeadac88e573824f08efa21,771026601.3102587
922c37e46fe9e75e73fc1f35,479372579.2628681
5d09f2d1cc5fec761ac4372d,818854224.516507
8c5aa3c826f325a9a6c6f524,818854224.516507
fd0c010fa0c4b84dc75ede86,707214434.8229815
c23150d0aaaf932579561998,619484298.4846392
163405cd6248bc3e832dc93a,669437561.7153422
eed12d0c3e65e9989fc4f4bd,442891875.84640884
e6fd53315e92a55c6b67405f,399983213.6512056
7a3ec914a15b47726567af96,418913527.8459115
7f02f056d5eb4aff92b44659,518576829.0112114
2d5d9119602c228b333402a4,540179809.3767289
43fefda5a3b0781578d9f2d3,559757360.3840126
513211d9f07fd6645711ae31,322205472.4896126
c3e1e0d2618556de7df13403,520502987.61679685
b4a4d705930d9afe896dff17,437404409.29617137
e44b023e39910ed29f4dde2d,481828750.0839685
4e78d095988a92642a1bd18c,437260002.30587345
92507b623f039b4ef5be8870,585106173.0089905
e216fba4bffe753a527ecd4c,455955942.56347674
24a4199c17f9c56f0b3ed12f,585421660.6723877
6bbf09c3bbc3e3a000cd2afb,529298041.5684407
b3d45812baa819caa1400255,553702574.045355
2688e4cd1fd441d1da455504,592394766.6476243
5dc1fd6ec7ec8c8af71e3b6b,814606846.0151194
f7b7e298ca8fb75e11e92999,451604432.09907174
05b71daf88eff5ae8cf5789d,405987591.71433336
e8a7ddb4e5d43d156692326c,1050367912.0040128
632820af2a0477aea5ccfa1e,726308616.552838
43a3fbb8218e73b956ca50fe,1076408853.4939587
398c195aa41ace34a16b0d7b,560555187.6911544
ef3887783a12f591198d6c27,481587345.53521174
e6653cc1c94306d4e56ba216,590895653.7971951
166c21ff83e97c6e74169d92,785973545.503997
d0fccd2708fc7def00c72317,552986932.2667917
d66bd7e4bc7b51d23af57de2,686121959.3266461
8b47b76193159a21c3580a3f,715354765.9770014
448d159391c38e4ffcc405b4,442244983.426117
9ce7fb3190866e6a02e01e26,510731805.60490376
c25f892c01420855f61c3dd9,438860351.07574075
2d5ccb12ebb6fc7d4ba462b0,456943198.6712861
9eb4041ed9e159ec0d890de6,502767130.00994736
c342f6492f90ccf623e8e8cf,412463178.678581
c3a78d9bb10165d9be188394,480615456.8569892
1978d8fc2031af21e98a4e9e,602223803.0162191
d6d581e852a025b61cffd6cc,589044941.5187393
ea28f68a1d1d81d29b88531d,605200269.2057188
a3cc0422a37512ae124013d8,589044941.5187393
073a3ae443f3333f0f526f7e,704483387.013338
57238dca767ebf3a842c5f10,929948509.5045955
113887ac25fbff9d30fe8d35,497374998.6939461
fed1a50c562ffd7f30451adf,432537730.4242742
b1e9075645f4b374c7301346,632806549.4958426
6517c1efabdea4c1f93078b7,480223694.1158396
b966fa606a3b50d3ac7249f6,1132594819.6881049
e0ad3e9588636f454e9e484d,787519011.8935691
d7ad46cde8eca723de6510d7,589044941.5187393
447f51e37fda773ab748814b,500183014.7439771
a6b992c9bf4eb32ab3d1df4e,356680744.5286124
3a9c7ec02f3e7e419669fee2,387750644.16190684
c908280d0461c3585af94d53,777264082.2493504
b3616a055e722e3720cca48c,533056287.25922394
45a8f6d942533794501d775d,617735498.2108634
b6da1db3aa02debd11e26edc,536412778.94996655
6d12669907d7d80d0b458a93,592381952.7972106
5122b2e9638d3438434fc56b,1176806018.2660534
6367a127b452cfa27043f74f,917472324.184654
fb3d29813052141c015669c2,412247840.9527953
5fb76f2095eb1a5cacc2524d,384845769.6378473
95632ec6578a204881694dc2,563020766.4584587
846b75324c0f3cbb027387c3,573895634.0349911
940dd8311f2b49d4ec212fde,887099484.6562365
bd0261ab68cf56950ccdced9,529508020.0144584
f79f0c23b5cb96b5d022582c,440783592.54794556
795cd68f9a5ef45902712524,608188116.6151437
d908973d90db91f772890c9e,441687048.00401694
d670be6c848b1e92abbf415d,441687048.00401694
87b940bd3dae37b9fdac5d4f,504528797.51280385
8a7ddcd0c452e7993bc5087b,445125575.5572826
8925e22f8511be30d50545cd,546247890.1893424
1342c307971094041c9c240b,948365863.3339623
385488342bff3d3587250c84,846866508.7395755
f8e25b7d7e93c45df1b3a4c5,908193832.5376722
fa4f331f05b1488990a69ec8,1059460383.0614902
a71d187784b309d65cea0b14,915405345.4489788
0f44b84024412099f27439a7,427432215.2574107
0ea1a5d32324d270cde1993a,595788166.6770296
b13cdf9314a34852e8db4221,430466636.4815777
75e0815e2ba7269a10d9786f,412263915.44903725
f42b6680baf774d27fdf1e48,386709237.5101112
5cde1a59393643d7ed4e909b,556783795.6801808
8736dfe0f1c6e2181b0ee31e,719493469.2988434
5859ec20de4a5036292ee947,938127251.5677822
1eee0ff52c53f04307cc3216,360397892.1243454
b455979bc938acd34a580eac,512111559.09177077
6921133528bd6fa3675ce8de,859148600.8582007
3d266736d0307404a5804073,517251217.2799209
f4f6e48b618064ced466c302,416623178.6044866
dcf606270a4612aafc5f9f29,586518479.5276664
5e455623c380290e0a8e4e48,499928808.3071822
ac3c9d9357fbe72959817602,509567922.04651874
f48fb9d9c42b0ebee72cfcaa,568297512.6139892
dc99f2871bc05ea7e8a97d72,470712349.87776315
b5cfd5eba0b6297cefd6d3d5,956225931.0502377
0dd30227247f145bae82f96c,874509676.3311646
9f347bf53e4ca4d264a45241,596179942.90966
81406ce289219cdab015549d,743732947.8255174
a085fab6d9b9d8c24472cfb0,1199130822.6857197
1fce0e993a57a3e3873b8d7c,1191879823.6624823
af67d51867f382dcd9cf34b0,825069023.557141
432f082ac51bb0d39ce45b0c,957978532.2576969
b6281efabdbff697d70925e6,912398199.4632803
9215d29512b14aab6178da01,1363887477.7120378
6218a5d7267f02c576e5bf16,422552795.891484
d66cca2c8e08c89af26e7622,570410602.5096408
ad3b4ae81c322a9f91381bea,598981753.4136491
3a40bebb521445fcd32cf033,902776389.066949
c1ca38f941200a9d666aaedc,454822089.237144
a1da74ec074df16a1e8690b9,1528828195.4981625
502154647e351af240615b98,682804851.8157012
b57cd3eb0290984f061e1053,413758899.5765889
4db632fdebc000c9e64a589b,551756391.2700264
e380184391898aaa2d3dc540,776753688.4294186
dca45f1c1a79ea5ebe639920,560240592.8988961
961de1cc8601447b03682e1d,461523458.599096
60a4f09c268e61fbbe423ff1,378088659.3794624
c3191b6b40191009ae9f4b7f,1323106362.196527
478ac408d2a5c603aa23cbd5,661814651.1139033
ecdb747ee4a3ebf958252309,369513478.4453484
6c36e346957e336a33a7708d,461523458.599096
09b18e3f3cabb7d5469a8d51,624036616.7492716
f1a5856ba56e7b12cbb9459b,342736122.6535436
c378ef33f40f8be9263e517b,572084298.7053422
b45911f1875da543199e97b6,1027051670.9801941
678c70903bcb6c90e3578d6f,881843436.7164279
be22ce55ba31cbf7cd285e5b,502981633.39706624
2dc58e6aab9399e9677265a6,925872668.1202604
dae55582e86b1f514a4ec3bc,452820342.9402035
c119f62348e418d9ada13362,820935601.5180099
33510511ff07dc7354cca7e8,461795928.37550014
16b79a8af9d6376c73c2478e,582866192.8301065
714f90489426e80933ef31b3,427927701.19501114
6c8e1cda487c9841c8d297d4,462495099.18649536
6d9c4bf994147d8892d27f27,1175072574.975319
1b300634b71b898299c54671,850502210.5926894
181caecd269e115cb5cfd75e,491870168.6334789
059516a91f938d2e8fbcca0b,705009650.3203896
c42ce8f9f62f7a315e028e3b,504699857.0763821
bc23e25cc246ced4731ce5f5,858220351.9640831
de44f54fd6b1b62f30956f5c,658787023.130632
2ef897a38b95d7b769856e78,404898558.8553943
2280b5f7c47c3b36924b84a9,532207294.8124229
16ef7eaf29eab571e229e537,802967435.412566
48b1f800656bcae6a9e70802,568220257.0422009
b4aa025f8813a3f0b132b7e0,570539043.6650634
3c6092e8458ee81aed0db0a3,656113608.8408947
d919dc64995903c9120eb61a,860369261.02179
ef53741b01120666a08db213,719197611.100217
c3dc5ad23dc8cfce0671adde,742557449.5971403
a270fe47ba30ef0056ec6c4c,389963101.04669577
f550bc7ab5992a6fb48eb60a,925872668.1202604
28f980b3c741866e0db5b761,721592027.0407606
c2ebd39857dbbacb99e6cc96,710342114.868737
bb9fa21902daecf876c0467f,1217224908.469113
fea142787b18327108ee8929,453260808.0310155
a1647603f732f97a99f5ec6e,1209778311.5356839
775f25d8144580541bf2746b,653348535.9824861
527a8fb085995119f846a5d1,1088211074.462924
8b69bb9fd7f0f19a248f5cf3,443545752.7397915
3b14b48188fdbb0917414039,513774740.84038806
02259637b8ef1311c69d3d90,1165327526.8894324
50eeed30ba674cb079689afb,453678977.5714882
5fc3634e1fcc96b9215a6cd9,802114614.0015714
23cc24e23a1d74159ff78464,765438856.8473344
44551251fe345b31ed71aa5b,550071804.5899696
82ad984f02ccda30bd60da8c,885493615.3591325
5734cd4805f5c055d36ec645,596603019.0733584
fc7ecefb27bbb5c3e25e899f,461172897.2312212
5ecbd5b92092264f4e9101bd,556486276.9430029
83a8d9df3a535fd273b27c15,1073489073.8871499
d76fadda8063e44483aa024e,855771774.2311022
a15bf12a6b8749ac8f9de19c,392364577.6025279
a3f32d81f4cd99dc85a16bcb,457382813.8524782
4029115038a899d98dc93d3a,1206001171.2445822
2326bb628b4a571921eb7345,839501452.513677
471d6fb8037049e1e4d120a7,1120196868.614966
b73945103f07da807f7a30dc,1409729367.8144376
d6f4479f9226e52c93d70eca,841927515.709446
420b03095062d9571144a276,692090567.3319336
ac0185c8f724ddd40bc0d235,524824062.1787704
228280554ba149e60f81d639,874189443.0352596
8a44e15417d8e520a99454b2,374213525.8788243
8978ec4c5b2f02fbc1f57820,784987551.041899
2ab88dcecdb565b6412f5bfa,533438640.425413
1dd6f560c804c4548561cae6,793957534.0059639
90e94b7e392f84e01a5f1551,587452015.637538
84aa7d1c2590f37f0fd6dca1,496375258.89470625
0821fde7debf7cc445434024,383012782.2923296
b9973b07c84b99dd1018050d,517918079.764959
169013bdcc2ef214e0163ccb,541182967.733668
3c8eaefb3f5dd8d4c9f5386c,638358926.6276429
42d91ed3f3615247f57ebecc,742135900.081881
a7f1397df30d6521c216e331,742598859.6542
f6c6ee12e338b1f9730b6e2c,472504497.4989331
8f4687b666256e136148c3d0,742598859.6542
925f83e20a153a1e094bc606,953537007.4010493
cd270a11dd8257648d1f0444,719193910.3937737
ab11db71265771ed4d9de64b,340594883.315983
ec199e33b7557dd669fe1aa4,310590070.7665602
b47fe4670c6b065a9e1db429,452982883.18560725
918947d51e52e0caf692f22f,466867705.5564864
070543b03770991d65cc337f,791020737.5185696
f45dfcffe189327cb0d303f2,724196998.7570236
d2e7484c81358d4c79f040b7,677613229.8965805
73ff3a6b0cf4f7ffb244507b,611118865.8577169
b0cdf05097df437354564bc8,346411877.04052067
33ea5de5e8f5c639a213414d,942677775.5668894
c94056bc09a4bea0e853cc41,575087786.6464326
6d5a91ae44cad7849dc4e969,750277212.411353
b52e0738dec9d2f119c75a9c,684348116.1618576
0e35349077490a01f25e2ddb,1113756308.3135872
9a5fdeb5f389590eb46e7aac,1269481147.6751957
337c81be4cb14d494ca69db4,819410777.8949692
ff28f1a1ea72e21acb157f08,1203452052.6091485
e83ef75473fefbf8d7e52302,556434901.7480425
6d3e508ff42615eb78862723,565329864.4372623
3b7ddf527979726fb8aa1683,437624657.8051679
7b08cade91e2be20656ee856,599274949.6263018
59cb7abb39785d5263a156c3,665627954.1855172
bc48ec7245297b4cb85dca1c,693474601.6309544
0f366a36001c0766521b9dce,777125780.2385367
6ea022e53741adac484c1798,891066234.0252585
aebd6304298f84e7d440c379,844711416.0370804
c5b333e454ed6e93ad32d96d,1066102260.6018305
bcd31d201096351079cf7ce4,601715277.077417
46cf5b18fd7bac0d3332d70a,696451999.0537969
1dcff645d389e7b687a498f2,869948970.9425557
cadbfbea1d03e6538af648e5,435929491.2041412
9dc0c6ef8389978be58daa59,1274383188.1841195
fdc00f6ebd155e84a387878c,448443064.9389813
99c1b39476ee8e2ebfff6ffc,650805724.5303353
8930f231a5b9d8db14e9c656,1058770500.6761053
2dee15f1b082bb986f8d9513,616747850.6523155
346c734ce163296a07526a35,704987225.7190926
6079fb3769f843e99b47988a,504678828.60167223
f5802200af1d28eb48466c1d,372925722.9832395
1f8068ab65469ba56a1f0c4a,372925722.9832395
1ee45a731b6f0242b6d2936d,504678828.60167223
56b7a6da82134b135fb7de2d,556527708.9064028
340c4d762f830197fdaf0977,926134751.5326885
1bdc0d441e63089737ac4c27,629570832.8641558
b3d82ceeac64b64142286375,491943354.4897498
947421747f33db213e6b1326,584159255.8792597
bfdbb7aef98d4855d459ac94,685018473.1001953
80e88d50c151d5534a57f61c,630826729.5197701
d0f6e19e92c03b40a5aae3fa,1285456242.508812
6e2a3e49dd6434ed01eb5e71,488747454.9236252
89e2d612654b3c792311faf7,627299345.6725577
29425249fed4a74ada083dc5,483245834.5531588
fe0182e1795e2b87eef4bf41,438824409.29555106
dc9cd30b760a1280e0318512,580840346.8768222
d22313a06e43b8ab8f6672fa,553569302.9649427
f91cc2e5edcbb704c293084a,1062759429.5948367
dae776f643e809387148900f,1038968261.403179
e55634fce84f78466095e730,506691784.8430323
a507a938532411f06c57ed8f,676369666.1137052
30f3b383f2d5e4709c9304b1,907386620.8674717
aaa43db51d1ddea564d1bd2e,514740175.7525446
b3e76a0a1fcacd0218c17908,450783384.4998948
e548ef7a5650696c0e968cf3,970555648.057069
939afc1f6250d528b0be8e3a,745881410.6460907
405baee61afa4b08dc25e586,800962213.1178132
0c4781c598c06d538c5fcdf7,548885227.4919813
fc321e2d9b4e954e80805be2,619082208.3566502
dce18d258c352b7edc60c304,648678423.4143512
7b0a2bd964c04d01387d78de,548885227.4919813
43fd6b5cb01d05c9b1db0e65,741058112.9998599
cf0152b0a5e886e8291ef4a8,626139825.6627682
d05030b0eb8931161855450b,678480135.1050932
281ea3a3fab48c028721ee1d,512305647.0099647
4fcba82455866a6931590dec,1161493261.839349
ecc5e3781d5e004ceef8cf76,429043054.5950428
409cb370961c60bacbdf7416,294370329.6292433
54445913b2dc2d6ba35abc66,429043054.5950428
51a8c190ffb673d4fc27f4e1,704481948.9883553
80e7c6b194b3229e3e2b9aae,654854645.8768442
bbfc9b05caa647bd95b3c88f,486273494.52316356
128cb9247755abf5f2801431,486839646.54173654
ac180e846fda5cd7f1123f6d,888366641.36104
1e7173670334937dc61243a1,1210336648.7517002
c2555955d5175b31e5f783ac,636908936.7680202
d87bbd60fdb8b84a9fe23ba7,592076018.3712304
825012911321d636425cd0bb,879941898.8032025
54561e6ed5570577ea97eeeb,855602604.5449373
3a2a2df4f07902b04b809125,908723669.5503632
ea7e3ba584cc5ee45ff8ba7b,509502753.72366536
25093735f186b70beb018317,774655134.856645
7fe1adc0a5873cbba4b021d1,1093079614.7790823
461749398bbd48d69b444d7b,593500164.4428871
eb8f668912b70fd554c8c723,551992345.7275102
e2f00293305c464b361b6178,709844719.2614579
02a0a38b45e1b196165b0098,410244239.1860278
0e6dc789744b678028e74d56,340478827.8423391
58954e79191c62ceb1ead100,1005833851.9207519
23aa0804aabdc61650b8562a,689108447.815558
ef64565957b5278185b2429e,531848111.3879298
253725ec3d7939088faf71b7,588739632.4059665
a9683df184aa8b4ad5d0cc5a,605793077.6406354
3c38153bc36b364b92548965,634645956.1075308
286cdf6dfcd95ee9edf73a93,375347042.65054035
df93a6e36d9f19e252fa9de3,413066503.9922155
586fde402c82c1eb5a74d634,437871813.7139052
5fd3b0299c0d52e48195fbdc,450671696.1977727
06d33fff99a62c330ef2d585,568959465.4410524
df98fd10dd8ae59956994521,483951259.4989856
361715cb422c5fcd9125d5e6,475915994.4052715
af68665ae8711d009e8810ff,479308968.9687808
63f3295df28c02953241e2a0,686549282.0886921
62d338c26b44153bb075b234,785764411.6572348
41a269c661f20e443a7a25f6,841000150.868683
c5a8695b7aeba06e46266959,569098184.4189368
17e5796a30da5eaf310d02b4,495055210.91519535
69acab4a6f82ae943850b9ae,579068338.247663
5fc3ffb33090bf75a81aad8b,489770905.09213287
02d89daa77bb313328fe0c4e,413921707.26227885
6ad1fb94accb91bbc30449c4,445641114.6306242
a1cd215fa99b8776818d0b0b,376607397.11681336
0553a3aa7d961ada6dfcd52d,562656649.1393554
c6ecbe7b57db2db74b0d788f,696977624.5366799
a4b23fbdbc7bbd45c5ebf80e,1058168903.5438385
3bb15c6313ee70bf4d88f4e0,534973847.9070842
e05c52c9c8fcb792ace06b61,444339048.50535446
5fc77edb0e5bec0ed8e72a60,1071202805.5064778
85e15a0a63ffe482c68ec474,1260719532.1185122
859025f2f41efa521a74a00c,486393700.1757366
1672a21e6b2d8d0525df1759,472090500.6057907
7d4097722aad95158c51d24a,686736915.7504092
174fa597347f2b1d3e9016e3,635803393.4433571
3f081fb77ad08f8370569bf9,483151886.7700838
74cea4c9dc0e00dbbcff8b1d,1148169867.855423
4f5de1bc90694fedd216ef40,1371347813.0073247
8fa4be9ac1ef719dda1f96bf,414587789.309311
3db3b80a902c10004cd3a3d5,1103456996.912276
bf02fad806fde4e3575e75c7,636371911.6193298
edd2afd07fa1305fc3126078,445169522.1859895
bd5d2030639ef16370cca032,801731485.338282
87e74ed42a2c8c97f7bdd239,1062451764.9868013
d1c6037d0750bcfe47d425a5,636316028.5865729
763c9a528d0f99f34e5b0031,399807935.57342106
8b674605311d296990ec72e7,474174354.9524885
d7cc3d199e538258fcc83f75,472753739.29575384
ec6ffe86e9ece6fc03556ea5,387907323.6611742
9762ecd72557ad6728274e1d,546975072.7668295
49a2d111903c77053d44573f,505111195.43698794
d06ab7503c6deaf9cd405f66,1342854494.4268649
23e7dd821ec2601ee2c6e353,1253730986.5533702
81519727c7ad9f60d2c5f224,896352725.9923378
a4a5b6a844c14b4eca92dc49,1253730986.5533702
7e647c5e0a7d95ce87cfc8fd,854357281.7462549
7a1bca1ed03e7cd0e277fb95,448035127.57878846
03eb8da7205428e61bfb2845,580382130.469023
82780776619be0eade3d72ef,509044577.3235526
4c03afca943c3f2484b8db6f,448035127.57878846
85d731901b48348f57932240,571486577.1363434
739de8928aab4ec77a1ecb0b,754906705.0115788
7f45d3809b08bb32a45139f8,552431063.6838751
cd14f8aa1613d754221c4735,733225287.1123209
537a9a2dd0ace0d0131722a1,741590412.4846283
2d4a781f969a4fa2a4f04a7a,545957845.4809897
e3676f99542f27c9037fca29,861965052.6253641
bb33aa4f1a7732fc8ef19039,430347571.4533238
9f11661702873852a3d65ed6,444776086.9464248
d7f22a4e6daa572583e02640,340423877.14348465
f6ce37c42fad91fce47758aa,439715926.59813356
f57cab248d2d832725d78135,431671118.05795497
9d73758bf7569cab4837e49c,614370145.2135092
322bad590ae06fb48f80c533,506593951.07296455
5a7b67d4c79ecd83b7ab66e9,1090297344.3002627
8dfd846e6df9a040ae1188b7,489419322.58536553
44a587fc89d6b6489157ff49,1055940615.0525851
f9ce5b7edb104d4e8407a344,461403166.7185001
73786d11f1fa714aaa9f1f90,894882869.3053175
cc72295ef156cb2d60d6b10f,1202172536.6027534
c9851396352bfeb05fbd7580,1114113640.441947
b3561144c745ae3d329dfe1e,505246296.26478237
7ccaf332cf87e07b38b340d9,1190319890.5605528
d63fe229354bef8b02b4a934,494875932.7513157
2e0a8235637e98dfea862909,861563574.2834014
0a1b14f320e330b405b27a6b,870654911.8029739
db41266d7b500a6daead96cc,352921574.6644849
364b8b8759e3c408c4005021,419078712.99136
73bcd7efb7a25587bb1c31ff,638553135.1919878
17060f24d81fe2661c7628c9,549894378.1365116
98318f22c00ab335d8aa23c0,665211706.1874712
c926feb307c493aea729001d,395865351.82291263
58d92e8a26589e37b7123716,539870840.0601547
54d11dce9374378326f7ac62,395804992.04452163
8e79eebcff019c3362a76a26,515550874.6974106
02cb957c3db9ded3691a9004,603372733.709297
561689dc0f267cc5011ede3a,642283661.1727462
1533da89d388196f19e2c5a3,512184002.6282656
069ddc5d1f3c855e6498ac50,355644839.42452717
d3aee2a35856634eb710efa9,437990347.67006063
4bad966abb5e8c4121ec69fc,551982445.4989014
f059e39d22124eb9e7e8e20c,767311982.0212004
3360f48c1ec30dd1c3175101,461329846.9721444
2218c6bddc994984cdc6e567,495263535.201625
c2a9b4b389ae6f20140e21eb,1062463371.741093
d135cfa351ed6abe4ec2033b,539840790.9537563
668e5bdda1f4011578534f54,1105425284.4528458
d2aa3386ae240d7387424e07,409617162.4869519
e4f2ec7e2f4389c1efa52c0f,412243973.4826209
d4f90a6b73b1e179d3f8eb70,406590062.15513986
5738bc8873b341bf92ece0db,541864811.2572405
2906d21b1d96a1ec43bab50b,420041748.0343054
4e1bfbbd8689a95fc97fabdd,438411940.46208507
78410b0193dc989de2d24da3,487291093.69581497
fd7f194d9929a6f28ea57cf4,440664983.7850054
5e7ac1ffc0886c27471d1a54,472791742.64859617
879d9e3b4ef9063de41ddaed,447441474.34082556
4bf620c6c6d4c916bea70e81,569616280.5995138
573bf87f57db6e037aeb94b1,707052511.8089248
3ff7b739ce65f0b3066806ba,714190534.8130292
a456f85bbae3f189ff424e8f,589375767.2300854
6683685692e955a8ff172c89,708827659.7901396
82e1ae440b386c7da3a580be,925268920.6375093
efd178c4aaf3fc9d05b8dbdb,482076509.76958376
55ea155410b001104518e992,493930241.8415818
32a10e550bf7095627d17da3,604618357.1019796
823124264778e5ed64d8664d,591272048.8825167
fb01d990afd25ef96ed048da,923701641.938643
df22426db407f4c660681c7f,538012658.8563557
44fab96fa2ea501e0b94548d,980708136.5849764
871204bd1b3505acfa632954,708710555.1791606
3d63320260d150d134fe8648,809551310.6231078
b8b9b90d5721a9ed5e72b328,324905291.7126881
926d12cfe05643554837664c,390831541.2247815
cfba6db03f0e38d1aa0802a7,496224738.3410411
97b12012ece8a740944aa547,548885227.4919813
8de317591cefdbc375a41483,534684630.6638173
46d34fc9a8edcc199a537b30,625613108.2339295
262e3b4091dfa6b71af020ea,638313900.3083915
396761edaa353e0828949bbb,345930926.3880634
8c18d3417886c150136a03ba,529449872.9677793
f053d3918234bad409410755,491866523.5625994
8f5444b81998e52ad76b3ddc,626497668.5535886
0daf89cf494e0f40a94d3e5c,645390179.5898037
dd8c289ec872be3fe3352313,886902452.1409135
f02f6c5b97b8e3cc5d5a74dd,563470375.8005594
5f39cf56c4e1bd43f61ecde4,569520464.8065501
5e187b07578d582ff3d8e189,1032095676.8346188
bd018b302f732baecd085ff0,810971400.0347492
674cccf4c7772d6091166aae,999179112.2246636
38e84c560b0455548ce186e4,732616449.769299
d14173913bf5ed21e3ab50fb,419370623.37616473
cb8844cf2070d8697bcccf27,326473887.40806234
6b44648a905e7f4c0de6c855,546423026.562265
148aedc984c7f6831c7f9601,538236584.2103953
ff9d1cf7bd90c5e47a0bba3f,353226537.60988885
9353136b0c791bec58f93ad2,391973555.9482809
de2137c70bacfd5087bc5c68,523747999.3003124
12bf6b9badebc2902cc11c62,436992824.9316627
c0706c78d5d98202dc24e46b,669556840.9642519
4394a27b21889bf78927ddf8,506985822.6883787
0ebbe9d3831727f90d677ed0,957254464.7453277
caec584b5b6998684bbc6a70,601657122.1024063
0c302f1c924f8efe0b6bb58e,874947145.128059
e056ada7a37336bbe878f38b,915611730.8722463
905cea21c0ce1cae97fe86ab,785464412.7532773
e286b12e5aa7929334322842,483709292.38809663
6cd4e68300a8bafb9d22700d,1072221406.9023473
39124b1ec419566a371af8d4,867805067.3343639
6110b5bf07cf38c437c7ca8a,1174227222.800427
6f8a22e4dd21f44bc6d383af,1341957060.6706674
71eebcb108c4828b8bd5b84a,515404244.6870486
5d61946d53efdd9bd0af140b,607595366.4044378
c0620585c12f3d9f1298696f,368795297.2497652
d27283e3c941f8fc256c3f4f,475780224.46150583
2acc857ede19953734600dcd,415398524.26150215
32474481a0f8af34a4edfec9,480114198.5034847
6720db016112cd2a4a5e0358,639465783.831978
959d0cba47f650933b9a5168,1003404483.5169101
32d2c5f1707b00c93407a19a,348133540.6163681
0ffdec8eb5272d9fe4775251,443401598.07686126
c77d7a08d5b9abd4d3082fb5,456312357.39941365
a3021c7c465dfdd38cda9f9c,748776955.2941496
aa24974831a0c608635bbcea,708722203.3634032
eeca3f5c399785a1cf15b1c6,707420356.7560135
0b51fb3a65a86d7799f27264,345086177.91613424
1af16b7f14dc04f05edf71ea,519283040.89317447
e0d7e4dffa0f3dbc40c7da53,522336546.7863882
cfeb42023e2737491b3e4283,867093646.0289508
dd4e23681e00fa1cb9a679a1,443401598.07686126
153c89081fd85dcc66a02421,638291998.2403595
f25b2ce0d988bf5490fd780a,291366264.14573246
8700c9b62ff5a5c3394b0bd8,547088334.2197772
a53b105919c7b46c0cc1b003,585726431.2690283
1c835128915211131bc561ab,492873382.70296776
a0c6e0c6fe41e32b3bcb2b26,443678783.73414385
4eff2f2297ce85a0a3964d2c,953236050.2575024
57062f248424c47282d3da30,641289063.8754689
99e860bbf3033ee4654d393b,645239370.1895262
db8912c5c5e5e49431b2c85c,729028182.5546107
3151daf55106dd159f27a8b6,450582583.9265829
3e8a4318d93b1fed4c48f48d,1073289496.0504119
4c8ca73cb51a58933de61f0b,442257396.61896896
925754da6fea9c9cdc06e18e,614489436.5454582
05119815bd72ced29391ba87,570306155.5188674
aae7cca10bd7f041c8e02d23,600658146.5153275
4890edc33a555cbbac71795c,525629928.4833553
902fbbf9f5037be8759775a7,494369543.9672654
d013a0e910b1fe2e3913af7a,600863030.0194145
9c38b9798313a3091d13b340,990058292.4584668
f04d3ee8b175c8f2f30f4f39,889320691.7706714
f0f883c45e8470e74280e8ca,846724965.4586141
af820361d5f20198bacf839c,471265336.1948032
01636da0aa2bc223af023a13,520274574.7617003
cdef6e87c007bcd9b4efa9fa,856385996.3584667
1d45332e2f04df18cdac590c,536906861.4145248
db3dae76fed5fdbed29862fe,463340320.17093277
f36a379e0149d4800e793001,535138965.90291077
30d2ac3ecb8150e4d4339d1a,1006429211.3450317
7f78955c480d050f2c8ae3c9,702828108.0675833
cb1dcee1f4ede0877be1ad15,761228678.8218402
a32d2c51f2bd5f23bb519d12,910700947.0866175
bcac2a4cacf13a91805557c1,427485912.0587254
a21afcc258e50a538dfd43ed,406552794.1505101
7202b83b651382e2630359c3,504630866.230834
77d6855eb6a30d268e49eb1a,420864380.4990723
204ddf6ba4822d55ba80f713,402229175.11687255
e0587d29cb717f725e991ef3,795719194.5282161
c606665f3a3f70ef61fa5cf0,1150112910.735508
44412a9e16b2824c4a520a72,537018650.7505828
313abf19d78b719cce4b3188,624467500.1072146
99ad7b36c3c916393e951507,796915326.4122485
c34c2aabac06323fa180b24b,575669655.6596278
37f39916813a58b844e17833,697680429.7135729
6ab7f97fb9880e48fab16a1a,577335165.19339
0e6c74a0056ee94b10bfa86a,606990244.7712779
7fdbc3fed9c9607e6d01e958,561750145.1883758
01018b9796a105be650ec802,774097394.7883099
16ede6f8833a93677d05a131,475798256.8052084
0a53b0b7c365879a6d2cce39,633301798.4559313
a293de027279019418c070b5,449275864.56360316
973ab56a202e039f5ef37353,535857071.07245123
3e18c851788fa8724ca8b7cb,699168261.2173553
0a4b0a004c894654663bdcdb,743799592.839217
55d4b530b881abfce2d03e56,763308178.7772375
405bc08707001684d19f6edd,786663010.6136631
dffa1057472b06bfc0fa7a66,1200924250.071501
d061615fcc6355d79665f9a6,675413411.6788089
6cd96d73fc58b1502bc6ead8,899698273.5677305
db78a3ce9c6f6a7f4ecc6853,523345707.8352619
1498ce1c1bbe2e89b84a4a45,800284847.1679095
3035d7ea4b71d204b588dccf,534468711.64758974
2b8e9560dd58d880dbe77c61,628154219.5815724
e8948741a987cbb3759b7a44,641278511.6997844
20718780218eac9668776956,452478298.518413
c0a9e3f5c57cfbb4aa9b2357,840987960.7274599
5e9e9339fe1c3a06470cf7c6,670672776.8168826
f852e0f3fb8563ea6918164f,1179935720.1571846
e38b4072ff8b856487864f31,886784239.8087833
8cfa1121fc87d9483ec63611,693439893.1562402
1a805101f78cbb783e6f919d,577195707.033948
98502628de3c4fd3905000a7,382948535.0586939
ff7ebaf86962fd0ab6ff41f3,403676766.2515454
69442123283ab024a911506e,1004228808.9253312
ce6e91b53465250effacca98,806100049.9230537
5d42f42059617a5ca7ff3a32,491890771.18473434
01edceb6c5afc2af1e129e86,351906466.8814632
fdad0c86eb89fe93633c8571,319162797.33234656
831725656d9df81b63c0ae38,611441698.2087873
d1f8eacef9bb4d300d086837,1078153808.9428213
3b6d88f864f6c1759f957c73,1471180747.3248782
5a38f908d8d75c5810280e12,445692733.7184811
c7c835349181bd3f0d964eca,1251910566.2927155
edd4d560363f7575aee42d39,1076750971.403602
8f3924eb214f5194d21499b2,655620751.9778849
466c542d7825d36d18a86486,506006260.43546325
0b71d334a6db66cf6f1a8eb1,1080029557.5302858
7a91cfb02df63e4396b15aeb,380987640.1166132
6140125d2a94efe499a6941d,472753739.29575384
080df3efe1fe81f97e74c4c9,404566823.9642141
e148c2b109eecef0175b3c5d,424946120.7807114
40aaf6665b489033ba0e55b5,1230808932.7634404
05498e49d0b875ae6aaddd83,376853008.7346535
397d0f6319465fd7fea6f710,870546774.522698
7e6d8c4742b38854d819696b,975837880.5960306
9a8d13d56d677379ebf9a347,1069111573.3356867
06bbc353bf62fda3b3786fd0,547825532.3940295
09fd7896d5445f422892b196,507816762.56188333
57c63e412f3fceedd3a7e698,434178464.0024811
32cb6246cd94f962f780a1fa,375600261.0416401
b0f9bfd521802b0d2586300b,777531340.566595
2a99204f0a53c4a4d0a2393f,591686441.9668312
7651626df0e2e3119b801466,654277892.9925566
59e48259a076518d929f5db8,391920503.7082593
e7b721ed96269bb195906bae,398774384.42921484
61c3c304eb8a06b5a483efd9,893115086.6382946
3c26b2954be250bfe239db68,408787048.4591838
0df87025a6351b435958ce95,1063464726.5040523
df82719238ea0e102c282c09,615157216.1750015
57c74f7b9bc5e33cc823439f,783906327.6762412
4195a9d13c0a526d7cc959f8,482506359.4744141
0d00fdc440d7612434a6b91f,494936934.2395612
0c91369119a06c40623afbb4,465496024.9655446
5a6b30b4d33e068d421bc2a1,521059981.4813783
f4beded3c5ed9fd6cd5177c0,583784679.0258996
95e561c7292d64305a2cf4f9,485144168.27350014
67138978493b84ff42daad45,481135289.61279523
7da10de45c866c7d066d2586,572511223.2229016
3c3cc027fb179e91a46f11f4,462154982.9501381
df3ada98307fc85428022d00,481135289.61279523
e029c89d59f2caf4af4bd908,625484960.5631049
105d05ab3d5334b976e448e5,422765382.7180899
253fe7aef58ea97fefef922a,601265637.6159763
43e11f10650837933261fa7e,533480853.17702717
b111b17ae1fc17e3491b7a5b,624793280.5480748
63e1ff737ea11ec607ecee08,631500538.75642
ae703276c49b6a6a9c39770f,967284527.7954451
799bc0f95ef9a23fc16bb1d4,1388289085.5043175
bb9fe73a8742dec9b2e79135,1247402272.8393266
a9b3d963a14c2c7435f30fbf,1192957331.3959918
7a48bc2c3f4aad08dc7fd5a8,418531238.5496509
7621f476bc8040270958de6e,589943523.9874225
c49644baf8dc51d3f76d7e7c,932771806.4789364
8c107da7487ed0cd409f4daa,446635722.5235091
1bc8874a13914055c2759a35,454834735.1712699
fcfd6f08490be39064aae41c,383303030.7698884
23178c72b063ecbaaa04b37a,474041018.9763723
10bf1c2d1124f6d8f8b9497b,632626196.1901037
c29b30cc5db2ffc273e4cb14,604826743.5294209
f7d11c2601959921f536f804,617057805.9670367
acbb07a2c7a0e39c0102b3a1,663861652.0888425
844e127aa7802cdf75db074c,762622895.8317091
e2d88f49873bbcc5476f4ff5,485144168.27350014
42aa1e6f6b8220a63fe165b2,591296166.8586141
ab1c43d6fc4f08e315e322d7,933530949.0031381
9299c976b1afe4d2c0bf351e,712050847.131761
cd62ad28163c8df131a8f2fb,408321548.3379967
e5e06913ec3c851340d7c91a,418157714.19438183
d9b46a34e48e04b5a3e026cc,537736981.2802515
782a6028457ec55d4fd5189e,707024051.8789225
11a905e4e01e7d15d35cbb82,596987662.0707514
3b3e423e248b23090a2897ee,470894054.4812822
5915093d458d4b6589e86f59,469123411.7176951
3d162a854aa05447e2cae0c0,833403746.1795801
662a3e343a7e207ecc09d6b7,451636737.5760644
289db1292d4ee40a1ed6e518,608832238.8623503
d43d2bda7b6e4d5177c0d032,807449054.4881929
b57ebf09cc691bcf009ef115,1155809566.572373
21f5bac85d5eec57acf501ef,895934853.282844
2fa288389b3031d595973793,635943884.9612846
c900d19cade1443983274ac4,1157219829.9154232
67bd5b20df7f2a9cf4e04358,425675998.4627801
e111bda6d24089dac82907ad,372152333.9329613
7910ac9782a1a315f68799c4,567903506.931178
ee786b818284cb382c755e9d,631831705.3214957
f9b0a27bd3619ae88ffe5455,469012709.5984194
ad1c32cf75ffbcfc842e3959,348118386.2318348
5648633b1f92de1ddaa7e7ab,387175568.8796894
1ba481abe0d3890c42884d97,425675998.4627801
ce60e2ce2a420052e67564d2,431960808.643923
87e1b1170c163689d60bcd09,589618678.1330847
bb4c7900162be66534d17541,980328497.9409047
68340674853f0ea101e32b46,862212780.5228645
d10f89691119d4a4a2c1e650,1390261801.2071924
d414907e75a1c105ad2b74d1,450141017.5383703
c9b6d3bce20b7f528fff8123,452620125.4067573
be1695a7b8d3dc68c9887abc,617967809.3900961
debd60afab03fd1552719270,502416249.28092164
de060e07dfb0a5494c5550a3,471227452.800647
3d6815fb68ce959cb95e225e,521361740.90946585
d93f6d8fe212ee3c0f7cca95,501489748.35774976
1ac702e7c265717b34419fe7,504633132.9684815
a157596804522e03efabce48,584119498.2450477
069c529aaef7d7e0774c4a66,509067731.9129862
0669fb98aed75d79f8decb7f,584119498.2450477
7057326ac489bcc17d580883,555578923.5026114
e3d6fe5d97bf4fe851aee9d3,598194889.1623293
f80b20e0649dcf1c16003255,389634766.7863227
364256d0881131148655e006,792242281.7502642
0f9c26956bfe983c8c7fc227,1388007371.2745457
9756b47e9dd47f99dbb23115,734636521.0442796
27d413eab7b562b984c5a682,656439846.8478572
ad17072ff24e0fc0e61963b4,772627406.0337636
473a59415b6214218a15e363,636982623.4479445
ef72df5586ad0cbe59e36e07,634908031.9114791
9129b78a741bf5e24df5379d,587132905.7672267
964734d3430de94d22c927cc,486467362.95036876
530b25326f39c347a35a8caa,483224944.03439564
482f57e65a3f4c6792775a05,420586104.0218494
738e86beb569a7bf51fbe199,421053445.8745086
c5788cd5507c577b7b585ffa,341092883.6610357
be164f9025f346390b986668,336161972.9254116
ea2efa1a857332559120b823,490076252.8330327
f3dd24a17ea51b7a2b0f037e,680230063.0112103
7aa8d04246d3e84e5ac470bc,805042596.3812927
6361330195fa7cdc6d5c603b,888909146.3491042
6820ee22d6fafc9c030cb286,1218538451.2409644
472601b5b5719855ae3528af,752440592.5121628
3ce2c7f1ee7569e1b916cddc,418056776.61886615
afb03f7cea99023ecea7610a,419068589.5007191
404364fe956884368e2f8300,793206260.3863704
c658639b590415bc6ea44119,511679958.620685
42f1a529f5ff3a6371dccea5,436384252.5757714
e2e4641b20d81a90033a536a,619311921.1381967
253b34c2c5ce15cbd8b5826d,465520897.61969364
86ff8f274b698e7757ced1af,989057599.5215794
c4aef1d92cf264c548ef1f2f,413863900.67514336
e8603da6012c2116a70176b7,888717202.6942022
52b52aced4853a3e3d7fa058,523559089.9130889
7d9a9c3b4442efdb53c24448,434671005.7437211
a7bacd6f783756c9e7cdc068,441371335.82454884
68a00651ead62911f850cacd,451224303.83546686
1e7e26077db3bca2821a9b45,531848111.3879298
8aa21f48a83be25f924f85c7,484838144.83424276
48107a1dd2a3b027637f250a,634645956.1075308
6bbb24fd1b9df3df4e939fc3,626597091.9849703
aa45f8fda8801c3b4923f4b6,689108447.815558
ce164af02f76ab3a68b0f980,691843171.5848588
c32249c7c0819b1a29fd611b,605209713.2303923
f8d4ec209ad5fa5ba4a68e56,702630998.7847097
cc03087e0f18d59c521b6ce2,605793077.6406354
fa631a714774fc22ca15ec10,616169834.7340297
c310efec13e312442f7e1a01,775763322.7428268
534466a857d28dcc598e3a49,971982902.4316773
4a81bdc14b5bcc4c84f5ce4b,518407192.7588886
79ac12d8436c07b620190b9c,426310580.2306617
f69962045e9aea6b8200888c,480363480.61413157
9752758072e096fce6f7f4cf,647632615.4844453
56fc1855dc6375dee0506133,482984803.1924716
2fc19f73fb877ed8b88a5250,399957702.8714071
63a25d279fc5a9e8fc1dfae3,396395546.05075395
71978c139faf2a251db6ff5e,301013817.1084596
f4dc67569fd340be3dc592d5,562146596.698199
0b829c23806ff01a0c84e9a9,596504116.9235331
a23ff4d1b2e24f537a75242e,574767886.2087591
3a103803cf9cf0451582d89f,429912001.7705274
eff8b3fe996b6d7db10b0263,556495997.9109529
9d53330b44c300e396cdb402,620184276.9223453
301b5da33d32c0632b16e8a8,683186003.1708766
357e653c4bea02df1b08c62a,807349846.017317
9af17837ac2bbe7c8ba16e0f,384295109.74382734
246576e24f66d495fe0d509b,595459438.5819265
cb70f4993947b640317a07b9,597316084.9284256
949292b23ece12b655122038,359729460.1732619
4bdff22689954e5b1e575d30,642888868.2294662
7c69d43fe2488db51e6c8da3,405255505.0857953
6f543782174a964402b64de4,787395194.6491646
a59e7f0e0596ea6633781335,741085713.1843727
767ae7de1818d645a33749e2,730643711.0356687
e667133c29f90c8fbf30ede7,505885132.3576247
3fcacd1cf9770a2724a5fb01,619763390.1468467
601193433c99337fe806b158,608699519.6695321
42c282041583e6e2090b50f2,677649198.7510524
3bc80c56871193dd782696d3,367212637.94095063
bee9de3e2817bdd591c02897,599494542.0894747
0f761aab549e7f6bc025ab0f,478365137.9348992
3b9971f91bbe4b8dcc704ba0,573028322.667002
8f428b58a5189effe993ca4b,413964866.2735464
0af466463f2cf50d61315da4,739593010.9297068
1a486877c62f2aced41a2ca0,411384134.172214
c9fdc3f80534b32f1a75f530,616239736.633239
97419310c7e696dc8ca61f7e,834280403.7343919
49d9cb2bcc98d69222b03165,931910009.7925948
99fa9611d644cf325e20e603,1295992618.9457757
976d317efade1dd77ef3687c,481805580.1569707
b9bd63208716e4e0f2dedceb,450270891.82575655
834263730047f308d71d4d8c,524731447.7934236
d6bf8bfc752bf4580e99794f,716620580.2527562
58bc2b0acdb0702732894fa9,529394859.43660885
c3b8b774037044a2524913a6,721165951.7535238
eb339d562b72b3bf51073cc1,520286577.9546967
c8244d916b0110b1acbd38ac,436262072.32004887
65bb6acd9be0f8d95fbc722f,653769044.3888334
5644b84ee2edcf7267b2189c,705110022.1833842
22eb737351bd0958d3e60efe,777416425.8533934
0e2a5d040f6361adb9927388,811448767.4912943
be9f5ade682aa1fced79b068,465221142.57552135
8445e5cf42307960535a3b11,535946900.40984213
1b002164d34a71bd06e0445b,701410955.7189524
c80f897787541816ad63bc17,895820350.5653479
673c72783eb4f9a02c511b83,1061886154.1463468
3b29177e99201cf4eaae612a,790971292.574629
91c5967cc1acb3f108d6e0f1,465369529.5357764
334b5b9fc68a18387ae59ebf,418959284.47472423
c9d096d4353b8eb843e793d1,639096050.9942219
92cade7b5347d1c00a48a1fc,887409467.8280712
1d4bbb5b756033b4be28643a,821892067.6406752
e1eb183eb261b6de96e20a56,843039765.0708773
7ea8da3b1481993b14bed9d4,489060010.3028151
78bb43910ad6ed105610d9dd,1012118662.5274981
32c1f617f2b1f537ef703712,765768719.5498508
a7e6d3c76bb5507e00ccb501,535937295.65878683
6c75d7867807d942c975079f,772298153.546196
e9182661e36239f091259232,496116983.85266465
c926ee21c2bd9da7da193514,405290284.5502443
27bcae7ffb9f79b8f59fe1c3,530602983.98489803
6cda1a7622d5577c0056ba40,622711996.1996933
67c945ee31cf1fa0a874e4a6,665712899.8759668
5a8638c17d14ec4f6d447b8c,411716238.4442713
82bef17c2a4db1f6dc6eaf01,623312576.7543591
09dcdf0b8b37c1d537b9fcf8,596338576.845023
2cc9f2411f98d0fd41511211,535699713.76935655
aa1eaa63043c5c29ab6a1323,523325172.45402056
35b03ab66c19ba2049ddb9a4,538677234.408687
90470cdcdd2b813b39f28ab3,597100620.8053012
ba187eee3858263fa664812a,575633483.138298
c06a1d212fed896b6ee4e1c5,705295330.1666641
8a8c8f5aa68c4e530d62776d,610336845.1414278
662a221bbbd961c285069c49,603937421.1682127
ee796b35e39c7beb6aee2b49,638690913.3780439
53de17a986d62a44d7897200,556931550.9877148
68925fb9f8f0c84fa0ffa9fb,506471834.08826274
6a6d4f8251ff961609019ddf,435953158.99470186
3477646f548971044f8f0494,367604871.35599196
c82434222f4129168fa82e5b,541834087.3627731
4c00508300f40d74c79f2596,419974878.9089832
27bebaf73dff207d7f6829e2,679821704.771627
d0ba7b90f6ba3392a165b46a,1218574305.7838335
61974f593c799e5d5090c067,326431625.7796256
c08b016afc6a07105d7703a2,491067613.4969727
011c2017b63235bf0ed3f241,506979406.54908836
7f73a8e83d41ea252ad61197,396893529.0278921
0c25a552c34e114a1780739a,363400246.95847815
21e96ca8dbe2f12b55723335,573680574.6675855
30f6404e8034dbd513aa8a30,533700793.9948547
f2fce80439462bb9231d7fba,428990350.53128517
40d5384e2e8f8fef2032928a,572684672.6912845
95f17e64d2222c904a7d42cc,558717641.3697654
59374f70d5e7da97e3b8b35f,1031533060.5807041
ba30cf03fbfb0e36e5d415bf,1310818888.9319322
c2424b4861f2ef50f8876c0c,625099483.8508303
e7def7d0999433ad6d3ea412,831777445.1684453
7f1a4e79fa92196101baa7eb,774326639.0204372
37e0fe114a3c7406daa57443,609495904.0813042
897c0578bdc8d59843bcbe38,373320853.1558677
7e554b821e6955ab259a25f3,441877821.57039505
23b0d67dc2a0ae6e5ebc9eee,381070203.32723284
d43f045d046fbc8f5ecf465e,544877679.769918
498d632cf0868a8e641cecb2,409343007.32263863
6b9bba3c6afa1f999a9429bd,413323494.66122675
12db154d9d29cafa574ad387,376318908.93092096
61779f1bec05260cf10a0d2b,544877679.769918
986defbe9082519824ebc882,497248726.4301296
f72992cff50931d2e19b3ccd,503076496.79288745
0e2d6e5882fd3b4eeb9ef286,482820805.0494887
9702737c9e4ecb12d0f9ea5c,626932869.7610197
c36cf907ee28017eb1b40674,529083450.44575614
a7ad9c8b5bae531abf68f8d0,503076496.79288745
6f3dd53b0935c9593a301bdc,529083450.44575614
11f8f836e5626605ee4b41c6,1330139471.651956
16fe92ffdb7e1aeefcde80f4,393899262.9116786
c1eace64bd2c9f6bea289c4b,630612971.3972617
fc2ac43013ba8ab17da28041,618981340.2806925
5e6b54654c98c2517c2e31d7,553113281.0904131
f0e8b39d2e4644dade9d8954,743586510.517507
22796587bee45b8f64ee6e44,664230628.5847411
dc8c76f5b3977f90839918b0,630612971.3972617
27663c0e271e26dfdbf4d289,612503080.5216967
2fc96ec5fb2c8dec0a5b09ab,553113281.0904131
49d42ab711abd95fb5947c0d,743586510.517507
b8984fe54819f5fcc43860fd,615842904.6145284
8d3f4ec0c37443eb3f953584,1324108163.4045384
001dbdd202e9908ee42713a8,1179456907.6090698
fc5f41aad1b4bdcbd8298037,631101052.620736
34926bd7f9880e277e75a447,626697978.8128049
00eb120ba4410ed8efa24a8e,479592601.1205878
eb0c6a8231b38b2a1e1f789a,522832313.85602653
0f059b39ca45bbbcb996fa45,555452026.7240549
06a5364639452a9d663a2dbc,392212001.2491587
cd19dcd4aff76caaa1cffe54,504642960.9041319
7272c3521b7083038ff0a690,596278035.2025872
a480b654e1b8b7134091e613,1443569754.9139946
ba24834c9fb0e87c4ea7d1a0,824509479.2537912
ac46e3eb688cb1cb17da2545,1080550220.7995815
3053732169b2260529f90133,551134830.6974956
ab0c047373b5d1810fe42bd9,521943283.07231426
698383c101fb784f8e1b1ee6,441759706.28550214
1b09c89b546d0058cb09c1a9,842933243.6743127
64edef308b6a9805f0846cbc,1148460941.9627738
995a5799d9a1a7e4dfe4fe34,1391672019.5281937
d4f1fcd4c20dec55e977720a,1157004868.5328584
21264b5a73fd27b85a4e2654,567017064.4586407
d464858ed94a1a74948f479a,764623898.7560836
dc420bf2dd1759b7f281cfa6,1180487421.3730295
0a268e25a5f3a0bfd8898a40,363456811.08449936
a3460f00d48816ef66e3acc3,494167558.55128676
9559637fc2bdf96defd2438d,812620481.5117612
421db6a58670e53f563eb9ad,512583636.3662334
7b6322fd5810990820167a23,425732471.82964236
17fbebdfe6bc0618ecdd247c,1232115037.2437646
00f2621035b1969d53f03fca,741934629.8722402
e97c998a6a0709605432ccb1,419011252.59154385
39e306be57a992bcc75e089a,325232532.70888823
55d0225b44a81e82eea3efcf,1068087607.7170664
c7c5ee499c712082931032a4,1537830094.0032604
f15f48d4cf4f85a3cd68dfa3,390286531.385158
01db5867a69f8ea7849d69e8,1119616621.5956511
7c29fc3861c9f074e3a89449,789244446.4937886
5ae2fec22f535ec2490174c5,315723468.82960707
a6731fb85da65ce14468341e,549887758.7626162
4e327acca2e033c3fb305c5d,723256461.1377732
37b8e8a194e4f2fed7ddcd96,427196879.93963367
a8dc954142c54e570bccdca5,547593556.5690829
b427d767b071c3e5ac2a078c,433544582.90703094
a9407f510e67bdb27ad59b46,508902518.94219935
ba7120c89c8de0e57e30646d,514637895.3578638
4f5bc448658287ffb3d49b75,755384943.1060325
758d9f47824eb74d1b486024,1117807978.2079806
84fb7e582456d7409f27cd2a,959690003.1863099
0a6ade3bea1768aab76680ed,1081721552.7951682
f6e74a4b1e026352e5759b2e,871693558.4094003
639b98d0798b5670e7bb2569,1333321701.3261364
32ecec7d5c47d02969368779,399609219.6441286
cac82fdc4d960947bbc590c8,416340021.4792354
c2b880a6bc90cdef9dac52ca,593731846.9472473
dd8eff6162c32ecbc6972509,392008706.44719666
6e2f79cf68ac0ba2b1a6b0c4,1058997156.9064792
a904fab9fa4f41a11f673fd9,799910354.1070528
bf11c5dfcb321e020601e9ba,1088692781.9671266
488cdcddd0938ad0205ab8f0,954820134.4784448
b92929668e884453d3a0d633,388831866.482767
09eeb116cb0944a28742d282,540450261.1436881
c16e9d9444f85bdfade710a0,579204172.4380128
c15cecbbe717e72f09a84271,559481575.0079345
0bbd23df46a4ea4e4734b680,458114301.6195123
de28e62bd01870dfceb5d78b,449303954.5923959
92c4faf0ba1fbac44db6d1c8,535565155.5857853
91892eac5e9565b12b2a99f7,579296024.8803287
ba72421716765ef6aad9b4cd,797871856.4566662
a99df3a2cd4f2346c6e903dc,302341129.32301766
59a3b1a44c35ed4936cf7843,403602659.0683496
cd74b689350ef612ddf1b96a,441591598.9775061
5664cfe452394ff9376bcc8b,450848976.4010003
d4c6dda51fa949743a46e835,435276929.3891886
b7f47484bbd8113c62cc8c1f,426426018.6504511
d4dfddb6564c9f46b26e7aab,368000893.36992615
aab240140aa4b6602234d88e,637864199.4566622
29671ce02e285f69afeb3fc2,735719444.107381
5cd742ea274b4a8832114080,731392366.0565271
c876ed979c9127674000b740,503470741.3372507
45269f56121b796d0392e2da,1321604523.2635355
e981d4fb3a33f372ac26901d,1390790529.2220004
2f13a428281ffc425f2c2e38,378007403.0230115
407e4196114b64578beac143,683916294.4174186
342027b17940a0cc5cdbf8d9,1100028123.2170115
dad2bbb0fe138e426000a33e,602109097.0608919
e77da26aa7ecdab5505fab60,446698391.3602652
8fddeb4ca696706f6cbe573b,634293224.4455467
fe368a7d2e09fe88b1b972e4,410108081.312335
6fcea2c6b9e39576e10581ea,553408489.0827777
91d35b9421c4982b54dd520a,609180410.9946283
eecc82010ce9803ebea6dc75,366808068.5453739
b957548768ef014088a61b5a,381782180.7109683
5790e4cf8102dba35e184ca1,466418118.64687836
cbab68c32d78424452249d9d,732616449.769299
4e0b293ec3d5eda7d9fcf8b6,641523332.4424745
1f8742e662666147955c9872,524997760.74352634
aad38b9f22ccf36b0fba4e7c,474969408.5686054
44e9224b9735235fc7271672,510642134.4812997
b61e9e4f3a2e894932b58ed6,879026960.2619214
2b36d2ed79caaccd687f2ab0,320173999.7732865
7bdd64032a4f011bd4fe7df6,429043054.5950428
0890a0d20f33b9af2bfe488b,395797200.7138306
ea7c9e327eab66ca286f6726,567205399.2860796
98510008e150296ca9d27d0f,626094027.7594333
41abd8a2cbca609cf868f227,874188300.7163682
83196bef0e5dc6c981bc57a9,610588175.5560838
20289e986c1959f0c83a6a4b,626052925.6622643
fb39ca089d05381b3a7ba847,319304607.9558528
d2da963bf6c2f6fe724be23c,1167399985.9314334
670f7dfbe2eba87e55176257,900228917.483888
469b33a6f153ec334b6123d7,483739729.5879656
c38ce4f3763795c61efee6f3,464308785.8230522
8553a05c2b30be81c64a6295,945325045.7253928
d8b3a1d0cffc913ebd05b931,913027766.4240787
f0fb8232343d235741a20586,945325045.7253928
887d749eeaaae288b2818b86,656240655.0702417
126f4d890004b8035a7de091,707290829.4079624
7d157359b413e107f5f9cfd6,482443469.93363476
65010e340fa495d060e32f7d,460847224.63107604
8164023f628f550f322aad61,536738067.28327966
8c2423c14aefa13d255fa77b,452977774.0526112
e9772a54bc6638c723dcebdc,772684401.2933046
171149ef76fe0a2074c5bf69,655059531.7764448
96448fa0eb077563a2d168ca,375860468.0444444
3bf1bea2a835d7fd11e47ce8,376841494.85947865
2f4b0b1b81c792f43f4ccd5c,376841494.85947865
086540702ba0876c0c05c5d5,1159411306.4691606
57d17db2cc5ce1aa889f1f50,973822168.9747653
3b6cedd9966332f0722208cf,413889522.5851465
351a3e1b62cd51d46913a8eb,866584054.8315036
33b702ced6de5f7ab8b29e7a,539385770.9353403
e0e6852c6d6393d6d3719131,1079095488.670903
bf5e687721e030639ec81416,479308968.9687808
314479aa7b73ef6ef44e1c89,644770370.0986685
822896f609e7761b58e7f6e7,552431063.6838751
5b6f21752f3744ec6e529d74,741590412.4846283
5d91dd63b6aef851e0c78389,754906705.0115788
0a369278a1ef6f5e9d79e2e3,425331424.8917871
7523e95fc2afaf31bcf30979,1049789264.3291354
cb9de5719b978a78c71db699,545957845.4809897
af8c90983a23ee15c72b8e22,1604170180.4057078
e35d8f589e6b1909f5e4132b,981279480.3157152
ecaa5e38ff6cddc14942eb7a,732159317.3569244
d2eeec3fb1ee4d686758534e,854887501.9453428
e97d03ef9638c8e1d270ed2a,355072743.0366516
cbd78f55af1db4d89b53b496,409487180.93644345
1b2fa2ee5927660313569617,900953543.7679269
f7f00e13da4910d724aba4f6,480003463.721983
9a6b77dc2c414f0baa11effc,540223328.5038575
bd4d0b8799fa5999c5d2ee3c,892547063.830475
bd6b68abb113370c35786557,864238827.01414
4da8ef54252a92d9cc62c174,819875540.5823503
38d6c2a9beac610279bc110f,358862978.8452689
32e6518755191bef743b28f6,1183564429.0046706
4fd8d01a5c3abb90ad70cbe6,613268072.2773513
5d9f8f380a6434096a0cd906,389165602.32286495
724c854b1a991f060701d005,453894894.716635
1bd78ecec17b584e827dd0f9,377724606.7297697
7e6f68184d84e09cc9ebc09f,377076889.4158334
c0174ef555bfdd648acf4346,386428999.9844018
6463505a740324c7aa869d79,732019974.9721843
f239b7fe0de40d208c01c45d,437990347.67006063
bd98add659faedc1820f96a0,467939245.34815526
ad662354d28a9b2d65f537f7,506643676.5902889
8e8852450fd5556f748c98cf,395341896.61131376
8fd5b95f5808b4676043de35,519616105.65735704
73a23c9d154fec88d396d2a8,451330657.12405396
374ca1a16b8eba42b35374ac,491071401.0574708
ff058f978e97c389e7a31f6b,493422375.39437145
9d7f2c004fd359136a662c9c,503481377.2498047
2cc0129b386acf9cdfa4eeb3,501967289.9876183
c139bf6b72a93a73155e1f5b,369558914.46356964
0c017cf9740cb67d530267d0,517791766.9653658
44ff213b9cfb3604b7e4b66f,485259982.78443253
a09c957598e6cde56cdba03c,525183834.07947797
c846d5698bb295697186555d,526480135.3225911
a84cafc064a35cc0ad698009,684465751.0943781
ecda0d714f52da919223a520,737815808.1364701
b9398d6bec5cc44fa39b8bdc,682516628.2974256
79d230806fbfe96368b83dbf,1285013530.3459768
a28b1d82d3f7dbf8746d5742,968950668.7585627
a6555836840c7dd496ba9094,488401293.7405757
83ce7c2d2823f888f2e06ea8,683144063.3219402
631f4c509de8dd64f1c400db,706497150.028668
2afd31619c21dc537e4797ca,680407803.9753274
0be57099d9c3ad8a16984861,686769653.9810319
ff29f12bbd7ac4b860909966,724873251.6005052
d955edf16ddb9d3f59501a9f,1019040724.6703703
96298da2f44ca873f345867b,465611640.96013963
e6396355c1249c6290906b78,556344478.1766355
39f9f736d802b166ed688224,724873251.6005052
38a0fcb41f0dbe8b0ef7af8f,805353151.5874467
79b955adf84fb2c52381921a,506758580.46630955
e335b8464a61ea0781f7928d,975777377.9930304
71a929d79a6cccbce6ac5d79,643068209.1918645
41454361857cf70c44e1f5ac,406274940.9734911
a16ca6293e2ee2969f3334c5,912106953.1413383
4083248d3d2f2bbf9589b971,687066534.1110723
de630da5e1c9e27bfd94efcb,965780353.4084258
f2a4f5010f3da37e27505ece,615050077.021253
53647abd1d1b10c9226eac73,390514586.23124033
e51873d6421addab3b539dd4,379741696.78754973
be8fbefb8e06fe169237d4bd,577096600.37242
257c889187ad5de900a430c9,485288837.05369747
3198c4acc62c1a2276bf15de,619940966.4361866
b22350d505b87dffaae3a5e2,819752430.6699384
49ad389014995f0187edf726,483563497.80699736
025d96090a8e5bd6f786e9b6,442066760.93916553
4a7156189e1f06b0fe87a7fc,514286355.20400006
e91425bd357561183b935d27,514286355.20400006
c9d996f458794961d9957c1d,514286355.20400006
084de965e32a2a65bd3aff5f,514286355.20400006
880bd21afee7038459b5847e,677899510.0017997
2dba091723891d8907905a74,617134302.4764438
a39f9fd2f143b8ce1f7e1277,514286355.20400006
37050aba3553f3869d59f809,590528465.2275779
35a39cf33d16f8f5ff75fd6c,485875724.0000033
7c463a59e7d2f2b4bbd07e12,409258789.90942436
035d955df5a765531d1d0d07,453203946.2399696
be706475abdfd64aabfe45fb,514286355.20400006
bf41b26c090dbf0a19252e43,653616117.7868861
21aa860fd839233ed8b82653,464468959.80566424
b870c8bd8f95426a7e1f9c88,514286355.20400006
c5a5676bdb1698f8c38cdcd5,480655042.3251297
3487768de3a13b7ee3df0254,912142395.5642217
dda7a886135a1fd8106d04b8,852929670.8166999
ee102e9d0791ee82ee4da2e8,433538478.66362864
1d4891dc27e0050efcc6c403,458576108.9746997
dc1fa8fcd0ffb8872d434dbf,589225489.4482254
2a5f727304ad67d1cd269361,422210767.67498666
2b10af4fcbef695b327b7d0b,894914928.8375739
516881e914708f6ea6062ad1,420257369.5287021
5a428139d5ce6bbd9505945c,601512089.1468995
38dbf1b9c5963e9c3d008340,535635581.950262
02c6e8c7f36a2c68851600c6,573135066.4948598
d2684e676cae87d75dea5ea0,573135066.4948598
027947dd01dc991ffefc5082,337684627.62484056
0af13e27cfe9b8f237a9949c,607316981.5991966
32421841f7eeda76160d7959,384290634.83787453
96ad0e75433cc18f20ed83f5,715970330.6704443
b387b5eebf501a620f352504,573442253.935941
8ed95f9bf057114664ea441c,332115533.8642092
114318a8e5822ece53ad897c,361963484.6555288
3bdd7be0b5e18d266189d991,522858070.53738874
0d2c4bbd8a4dbeb6337b5c14,425822814.7514699
a98637742a212e332cb5d1f0,522955143.74679965
acbec9114912932b9cbaf0a3,589854166.0149682
fd81506b0a00fab1ff680b64,531848111.3879298
49e531941384af389b0aff59,415871967.7606676
8f221efe392ba42b519e5f57,605793077.6406354
1f33395df1e4f6a185c507cb,588739632.4059665
fa823373d2e7fc9443ebb6ff,744724586.4140471
0a6966f19bc2c303886ca82c,634645956.1075308
15d9a0353ad54798ef95e0d3,714359743.114591
0d95d756b838d3a319277424,405177636.5100182
d644b23e4bce0e6e50ab9356,593990427.5592569
6dbc77ad8c5c1e39f72cd2f6,637712421.2738204
2fb5206d246ee7ab22fb8143,689108447.815558
f1582fc47e7b8c0eb0cc9949,617888556.6591041
8d7dd9de4e919fec5916862e,1138417369.7110543
0b67da6d74bb3998c80893f4,559471480.0640438
736d25efc9e570379d32c089,761897885.0006827
4615a8a7af9d7cefc7fe4c4a,1107628112.8931952
8b753628bd37b9759dad06ea,499105804.6420989
5c7c83526b72ced12a08e573,476208499.4531157
9baa578a930a94f761119fdb,486036535.9219805
8fe1a07cbe9b8f3498cf74b0,378383821.9330762
67a7cfe6e95aa5200c064717,649999573.1988214
b7e3b0c90c0d3bfe5befec54,648009975.6994162
e6a547b2c0d126c9b6800515,1057503412.6711941
b08f88ef973c9d1c3a86695d,703502248.3291321
5933c18b8cb17cc6e4ae91cf,787174265.9589443
64a24372d58a2cf535c3aac0,1036375950.008534
e6f9288cdadc5851d29fabff,990984840.5209093
71ba2f992908a5f91f832406,475526179.8296813
3af4b54bb5ee5fcff80f1e53,607744096.6406758
40d3f1f00de86e74e0304bd1,407457749.80815506
3b758c26283c2f11251bfb89,698537251.0040075
70cb6337c8c3f5225fa80026,557085608.7772561
0dd510aaba8036e8fd9d667a,1162342526.7763352
ef6ac2a5102d7be910a3e4c8,443169441.5225944
24c32572ca6161a603a7d0d0,338263194.95762396
c7be09a810b9e54d2dfba4b2,753300907.7447827
01a5a230e8a808d844e64397,1168499286.196026
5ade8e9c79288d511ce1fd79,531376444.0851558
7cf50019422bc9569a985736,959005928.685522
d4716e228067a7bb0f30aa30,570541876.7341558
cb79e02041eddcfa9225346a,961346546.7485383
b059afb753452ba358fb432e,1202016081.9698198
fd9f78fb2d2f4d01e462bcea,1247006268.154822
6337f924f515625e7fa638a4,401156468.08167493
3adcc2c662c8c7c9db5f0982,602155313.9497615
6b7aff233052b9bcb6b9448a,1162788622.9608707
cc51811e23409f4d77995768,422461432.02369124
e3cd7b6dc0495d5109086407,970617780.632165
e63f468e1d9f86530d47ba4c,337549955.70000535
8bad8a7faae115ac9007b13a,605936166.2830163
d563312854016e9115d034aa,1017548619.3601476
57c7684f8cd8d78909711b53,370216420.80350834
76b8190137ba3daa55db33a6,427393068.05010355
2bcc6a15181273b2fad05e3b,466226158.25897366
b998aeafe2cc93bbd96dd9fd,393621200.25778645
eb77734d12df7528af57c674,393621200.25778645
e8df85384a1f51c31015ba08,539083637.6333456
b0a03d567e287bf4cbd7bec3,329284391.91956687
dc8bc7cb687a3a42b7e7d5fb,669916281.9525564
147de03212e554abbf3fc3b7,384025206.7044626
c09b8c236316b87a92a620b2,709844719.2614579
f5006b435fc92111d55c0603,594488464.3829207
ed70b749e030cc8715c0eba5,663597902.3691003
2a9bbd878f3f45745d76f059,640558533.1515937
503f33d11f75b6b5102ba4ad,368563081.28960407
41479709513815cf5fc1eac9,411316127.2260686
0181972aeb6bf451012a47c6,607440117.4922376
0b35c4a3f20cc0eb751acbac,326641723.9310577
e5de98822287c2caf8b209da,634952142.7813841
f3d82ce1c6fac06e4997f7ba,416341506.44459325
8e17d7d78e7acffdcb04d982,651755984.4500037
f1e7a0c7804083963b5b6de6,442412576.7829365
918dbe66979d16b147bd3322,450817849.37860334
35dedbaace193598c9c438a7,354294347.8836264
e67fa931031bed13c711ad00,463280600.3255221
eb2bbf82cb615e3227305b55,416375500.9753936
e8d83f7dcb876d5d05ae3e98,492836395.90124756
2be93bf5132bb788bf045c28,508927176.34203887
ac2b1b560e8bc4fa1deb6f87,466275609.8540057
674ea6932fa9e6b7581479dc,536318066.1559233
4893b21db2d6aa4417e1cd1d,747455645.3704884
2dbef742d0c59d21ad7392e3,926438669.6379336
fc16776abc877decb82a5954,795025050.6783662
6f84d405f419590075610c5e,375356969.85032976
52cec2691ff635031fce9507,314391045.3928425
830b1a2d33f7754b9acfdd82,389657868.1833808
fa908c8dd43fcbe9f721c0d5,649432032.7143049
90c3b93badfe7231410e95bf,502595189.19978666
60a495b86d6eff1e345ecb06,606668150.3959846
0468cf58f40372acb9d5fefa,762767242.1849239
c523380518164e1e317cf1b8,717527715.2224752
142cf530f13cbccc3cc9d0a6,700584509.9321992
e0432ecc0c1fb2b00b5435af,426393257.7960776
3af3a702988bfa0599727982,963720185.342819
99fad8a7877c57c0af05b318,470317198.80577976
b57250de388b7172a39dae8f,589071057.6002144
42fa0158217c9cb820f2a06b,607717357.7277817
8fd452d3f5f1dbb3b65f5274,681909033.0859462
27881ecd655786b093349ab0,590277960.6327628
38029a1aa22c0a5beb065edb,624854657.5454879
6750be41e08a725705256b0c,879930518.7606716
90bf218565cd67ed83240033,1122646691.819952
c6a089a9bb326c22e3f3aaa7,887741176.7715864
ede08c77d6090e0900654eff,1235245905.1830971
2f7784465c1c69c8f786a0a9,1401481559.0722158
5943151d9a76010179f6c297,357681256.4273016
82a3742862a06803242b703d,516757063.1032507
b815204eed4398e600b366ad,580205542.4320275
11c4dba68fb47eb9c49df169,408370720.7511283
4ae7dd50c6b743bd47340f20,677274979.5495089
d81a040e22d541a74122f3c3,392773067.6768275
34c84d0a410920c303ba69f8,549106327.6978632
6b0828221f9cdf5cf39e7c15,422789239.3391095
c50d5b4e75f165eeeb2eba97,496226295.65413415
572488a9a75f64434dca5dc5,458623913.01077956
0e67ae9abf1e2b2f66a91a28,556039835.6740347
cb00154afcad81df60ee58f6,409656388.35954654
75801c34fb510d824a7d8366,392750714.84414864
98f2d7810641693c44096ada,475839302.173674
1fb4c88bbf995f77f2f29b7e,585527829.541061
0abc98f7ea1e477c6fe3425c,792495828.1036625
b3401023d3097815687d1160,703810196.571785
f1ef14babbc4123c5157eb9e,462243275.25963414
ecf47573fe1ff641f6914d0a,1043649166.8456447
0ddd21dcfe89f72e2246ed79,387062387.90941024
402f18888d480f5af146daab,367708051.3265424
61b3bd442f6fc8838e2f45af,626158284.5776598
c4eccc400db2dc9627c9879f,570345752.7324651
ab38b4fae64ab90a55b5a403,355781491.3881745
7f4cdc01f9086bcee46d1d6c,793441845.9481953
1be9d865ac8d01f0378bc148,1433730804.2151022
f2f43244cda8e2f5219f3db8,521194400.5718093
89ca905d858c7731313c82e1,593421419.3268731
5bbd0476c27c53e2bcaf9462,619375780.6828434
7e177acdec9c0fe684d8fe44,620870884.9509214
b764bb8ae8ba0d736bf54f5a,376359090.28521067
75f6d6beb64d846d965fa9ef,683186003.1708766
b5293710d0cd75f95de001f6,292595488.1907852
8b8ec04a78d3826b2c8a5754,417391752.7210825
e35579e8b9b24dcccf93abba,426570756.0553614
db5e320f51680100f1ec06f9,388992358.988069
59be3c447844f31267366cbe,478622129.738034
0f3b424c398a8e8b53162c37,575438876.8958647
57f4a3f6fe2e41ad97116002,542755391.1970185
1c6038b67a40f0749a72e6cd,657706656.3694191
e5da0e3919341762d5beed25,480183678.4916384
40efc0dc313284d3b57492f9,626940317.7382694
601da8fc375ba0b3df3b38bc,874555863.0943366
61a12496ac1e6f39c5ac5d3b,1325596746.9170735
8635edb61b1dda6f4742cac7,1313736868.8178737
ce12b48120daa5704a4c81e2,312170724.4050596
acf4d60dad7953065b59ced3,942840694.9320122
56e3e7d822e13838ab9f85b0,1120262032.0630145
7ea2c18341f69f21b523906c,814692728.3943367
dd2396a42097b2e8bce52a72,751101865.2985337
41f99600339a7afc8e386e6e,606870848.721745
b2d160f54ce5f98f46818e4d,725130818.8577342
00dd36caffef00fcde85b235,779376017.595016
471bd64a0576aa67f494eb98,993813474.4853634
79e307acac5f42f2696b0436,1295628704.0869036
e65a4eec62e2a5bbfaad5565,769845682.2651411
4845ca0d30483b36bfa55061,593191006.892792
6784e116d96e03911e2a07f7,441808360.52594984
4184fd9a546823ff1fea0b74,420610216.2761041
616a5485bc7721ecfcc21c70,334733867.9090153
6ff3186df9d15b65dae5bd17,399063088.4360065
886706f32695891af743f986,591821612.0356673
daeb02020f23715e663b4a38,770749108.4483083
93fa1c8ebb75b77dea76ab99,793080520.209452
ab25a6737b3ee0c4e9cf4ae6,526454503.53563046
c5641447732d3d1269965ffb,1307752010.1102293
86b290218a62d0c51b099a08,749352076.7854462
d7b82133acf54bd3eac338c1,1371811852.3607168
10fbecd8de540f1fe4c57b7d,450240312.479026
137baf1609138c6ca2715c7c,478326554.03668725
f5534949a53bef05de31b07e,510392686.6868168
466d4240af2cfd09a31cf3ff,449332964.486478
7478693f3e7e8963e95be8bb,324525192.60829866
6e537e91af0de67558bc1ee2,577987159.1291816
f5b0b51ed49be034c290efd2,540450261.1436881
a4885ce6808ffdb878c41f97,496788245.7922302
a14506a4800c27223fc34728,648695254.1066625
e8e97b7919856f9cbb9ad02f,647692164.0164195
e16685dae2bd3b0a4803ec9a,867167200.2643915
044b8431b186eb022cf6fc24,726376450.0885028
60de8c37c9eb96efc432451e,683582332.3895862
59b88e154c07bb7c0ddb4e8f,656285755.9250401
71590ac868415f3a185dc15c,456554957.2256059
6388b4cfd09e2b1219268cb2,530505326.47344023
f865cd15368fefd8c9d6aabf,613963962.1959388
ffd916080b1019827491de0b,570845258.0096312
6b8ce573bc2ee68ace26a67f,770749108.4483083
7ce704ef5752dd496a61d857,793080520.209452
6b1a1afa055c15908a855e9e,623791320.4432564
2a9338f62c99dbad25aec5d3,710223072.1714896
c2282da3ece2dca6e8a3bca5,496463282.543215
5e6324cfe41c3676c7d0a5da,695656152.7809265
f1a4afc2e543ce4260f1d781,1016690866.1560365
5d17daf3e98cf433267d978f,1416282594.4907126
d5f41dd3258aa346367d7725,370305787.3581829
da35c757f211ecaab20aeb3d,526661305.7187534
8d9cd237c737f6e62092a08e,886034261.2467592
9dd98816533e4ca8516a5474,1141492687.829762
27d14f352b2983177e836e3c,717295527.2117939
3dd4fa53bc59e5852f9fee98,1154344930.9019175
3ca74495aa9adbd533ccfb96,601512089.1468995
dc93d8ca60d60a118f61390b,483710218.11638635
dd7b4c374bbbcc60bb090fe8,454426651.74684423
f925a05397ca6163230f7ad1,652908478.0179099
66a59937c54eff29ab14b474,540450261.1436881
077db8e0877b924d1b57ab1e,638120849.8683656
aebc3c6079c1a80f8b2f1c7d,597176170.0523186
ae41a566826a10d5a6768d36,413229776.61315614
489fca3e6dc044412d00cca1,606471858.9812877
fc2f58cc289d29fffe8a5fe0,540450261.1436881
59519bb6d5d299ee0b767224,597740187.5840852
19921a97a52bed6c6b8f4135,748605693.6552463
ae08b7f31e69fd930ef4c832,553640845.5678312
1b67fbd144a4a3ef40bd9824,454426651.74684423
9e142165bbde850d4379a49d,617258207.4514287
d3e971e2e224a20530ee295c,742186190.5615888
a672cd6c8c284e14913222d8,624259125.8676703
93086ab3e32aa9599708382a,1122805687.1651697
63773145b1a896df26504b0d,350177833.8570755
17707d66753c1eb0aca28926,504857422.56482315
6a2d4d9a257fdfb2ead837a1,496771606.7414316
f9158cf51f5e9f644349a774,517218074.1077214
c09c39339b5bbd48f349a430,443114054.8801923
d470d84f5d8299c52fa24499,602294577.2804586
9d028997ff036c154c3fda0b,602221230.4652187
40ce7321869b706210eda9da,492616089.0395518
3fc826461ec4648e4f7877da,472398472.0423507
0e7dbec40eab1b3e5c6bc665,795557931.6875731
81b3256980dd7d7f49030c78,1140120691.339848
fed2e1459e9ccc06943a05d1,1159139171.0375426
c535169307e21e5df7ec88e6,410045424.335154
d78d84e4e42f145e02e423c9,446635722.5235091
3e523ee3a6c2d89436539792,446635722.5235091
5f2df52db15d2e0ebd327a36,448390803.5774592
1c1ff56435675288e78c4735,425256575.04553694
ec4226205a38a45d97f35828,476158525.6379198
3214488a8fa9cf8b3dae877a,835639649.6531483
4a4fe76c58f5735ce6b018aa,456554957.2256059
ff3696c808d4835d6c7cc9e3,529159655.8686741
1aee9081ac4a04490eb3f0e9,548885227.4919813
8dd954e7312e6e6a07d6d4db,527754358.8478616
daa52a91f1fee77f75550246,564956815.433863
a4ad34eb244e48afe23a780d,315244610.13654107
0b4b741487c001323f508d5d,446635722.5235091
cb383b7a746ed55b21a8b245,648661085.5339385
4b092d4d5885cc224f6775e9,443865632.58606553
ba12305002d24055c159ed34,476053046.5412227
bd74d43d99a240ef4190ecfd,638295454.8426527
4957e0b129c5caf47b026c58,522175385.47431767
eb270972f0f69f1671a0a740,1025650349.7153465
d51d3ef396efd4760c979de4,397515670.2085945
ac65d147ee69785195ef7da1,866070549.8385677
53ab42a93b6deb152951f82f,680034567.7742628
5826567e12ee3192785e36f3,1204426740.062419
ab64918f2b2b4646e87297c2,849423755.8693444
88b0d688281db2ef0a782921,676306749.4277688
dcceb6a2073faf9f89f3431d,891169891.5589113
73bf75d5762e3dd30fca7b3a,802223122.996546
a45ba5d63cd1971de19c25db,910260165.887247
8467eedcf9a48fee0d72d95f,925870433.6834487
6184f12f3a903658f3319290,700872510.4899479
92ab018394a5398b832d0b97,641516927.2213252
e8e215437d023387c4a55515,670188732.1360868
7b8a6949d55b5bb27c3c6839,916802240.5932692
33f1a7739cb556a78af083de,690528462.0148704
39c6bd862f908b7e8088f0dd,456718685.19929177
ae556ff5f318b73d3b29142d,441384036.74165595
e2fed68e0b614e65c05200b7,712120496.1177078
c62a4288a4a0336b1436132e,705254730.2009183
f23b32fa4894b6d59f73c151,538095900.0004339
4ac4fbcacef08524ccbf3623,302562076.94379276
5b5bb8156b98eb51a58e73bd,518450786.51533926
53fbed4f9680917f0615ae7e,452456105.7927017
730b528617c2841eea5addaf,635597463.1794817
13d08f7e14471fcf517c204a,433909581.2634703
da273cee807e254fc9aabb9d,614032094.7505527
b8f7bd85b61951ce83d7f57b,1445647414.907478
4954ce465ba712543bdf34fb,383677913.50816405
b7483c951d2c19de665f07b6,366184033.1620946
913cdfdd62e35472522d0a6a,533471229.80509716
be28b90a71e2922437f25110,456527350.5188748
b71857f1cc385219f114035c,433338805.93496025
a72041a40ca87928c695b2f8,531449958.30680716
65a626faaed9d9e3b172415d,533471229.80509716
229bcf400e309619268dda31,531449958.30680716
367bc4fef78a9800f8616d02,531449958.30680716
dc0ac888f1e87924e3994b4e,516404473.39806837
6996e88c10a94d9ee7d05357,523058205.75608873
cb8fbae1b4141461127c97da,1020396904.9687922
d2de34876a7a6914c2dc479e,906779937.0699414
c666974c4303d43b87714c62,603121185.6997868
e8491a7994738d098a7aede1,1061332681.2284935
9a6440e5318b2de28b180a2a,1136507088.901998
9ebe11eba1a88fcb24fcd141,528218838.0196178
78b0f0bd0494fba0293eb0c3,510042861.2757943
047b0ded64dcae203a3015eb,704552615.7632062
7b95396ef4d0e97de8fb4986,737248557.0501385
08f1c136d5a456c0215ebea4,861563574.2834014
0880b703bf2064f59f2bf20f,807081764.1015102
cfc069bd55e152e40b3a1391,980862833.6724478
0a00771ee714a2f3f96c31a3,573587990.4833461
06acca3d0ef4685dc055ffa5,448824353.8683881
f802b026db4bf9d68cf00b16,370973941.7215689
4aebacb9ecd0a117307c7841,925718315.6802735
81ccb7e0255eee6274f5d930,895697727.2828197
cd17bb739ac79f80d6f651a8,1199677356.826196
917829a0aba571cbe794838d,391038557.46744895
5b83b73ec31031582aabc527,427118908.74033874
5e18ac352e3f3119f5f9197a,976262960.2370249
b7eb15346797508f47ae094f,740966481.825803
5ac98c971b9293bc6a8a6aae,984271790.744239
e196b7cdeab1468d5d4e07c5,1335076396.8934405
0ea201bfd515584bbf72f902,793088123.3315705
d2e6ab3b3106f36f2c3fc119,444776086.9464248
59db28ba77489750903261d5,1092920836.7122478
b348c76e55613f53c8bbc94b,1029626822.6326618
a1e38854d6725e9c48c128b1,340037232.0953956
b86c526fed01211fdbb62815,912855419.9283774
1d2b83d973547da8c168f743,525836019.02165025
0fe3dbfdf25d4b013b842b51,478757891.90542865
71a20a4daea6d31de942b2ce,1165675684.0731986
35352b370a31d01748616b01,985957950.8045189
27942219389ecffbce2e1d9e,1100111596.5265179
62fbacd4e172983a2a998daf,587689037.0582412
00c1165df93a4cfe679f54e2,492244324.6700544
207f669778ed0db0e619ed40,504896916.14109045
5ca0586ab7d20dce5e9ca8a0,640523524.4799129
cc27435df779f16e6a62b0c2,625613108.2339295
7a94d3d31471ae313659aeae,779813778.0568963
efebd19fc5a2ab30f2ccedcf,468541048.93326485
8037e40c0c8b20ab6e0d4b78,372409142.9328713
5ae3359bfe2a704de00e8801,561350569.5487633
a5587c93c012375dee920f71,443271610.02786237
ee7f7d547af56773a4b0afaa,1095482082.1211066
9ed988dd6739eb7ad7aa5a06,768845148.5488704
26c08d7331ae19e1934a22da,866070549.8385677
767024c66d3a88bb18407b6d,868217876.2949998
6afa85ee6594d1c8296f04b2,483265624.17965686
551ca6ad1ecfc7ac21f8ef0d,745052194.0417023
1f79204a8f62c29b0a1b29d5,446109680.99752796
3dc0fa238745fbc31ba88853,431508725.0824813
4bc3f597867c6844e9b47fc9,403587953.0032147
53973c17ea7e89fbee5e6cf4,348343019.8137236
05397b2087e5cf381809f169,491746195.87991273
584990ea9718bb5598495061,353192018.40713435
2e7c6a89d2cf2d835839f5f1,604544696.025394
5c02d79c59fb636ca4cbe86e,408570603.4366291
114436e00c03b44096823522,1159266418.5306718
60caee98c3cc8526d16d7f44,587441726.3527074
8207612808b5947f2802d2a6,684544939.2151387
31a73382ae20331521bf2e6f,802121376.3688636
c58947cd4f238cfdc0007bf7,1393203589.5185905
a7ee02ad2a4fa122799a2dfa,902717269.2788421
c77a63e92b9f727034913d8f,462971715.45861584
56c6bf831d3c6737e3844969,386822340.0791596
73ec6f4da3c277958cd2c228,1167257982.0964699
7dcd1916c0485e0b80f9eeb4,1229252571.1778257
cafa94c4a56c23ec73ee9071,1195401634.9605775
d5ccfaaaa739b2bb2b3d46f7,812603292.826588
e6d2e862f58445084b2980bb,1333066466.0233018
62f96ed5c1e5f28117949a23,397445144.5713163
20d8980a4fa8e094b7a5f00c,397445144.5713163
0172678cb0737e21a317eda4,408243383.6090725
6254ee88812e303bdedb8767,1235617457.5181396
a812ed43db71868625b351bb,933484043.8680911
2bd1c70db60a44d4400847ca,1114887455.35294
b057dd8a9c2082d1a78cba88,395257060.6541401
2fb149a70fa14ac05582ae69,486712831.1781202
47e282cb12ae01243d713178,451925417.0532628
ae47cf27964393fd56a52d7e,645926507.6122869
21642991a20d6b0d17dea2bb,640580520.1505094
43b10ad2660d7552ab6c3b10,545151462.722637
64e5093d6bae57e8b4298123,1079913909.2030191
9d8d3e6fb432174770c74e71,832419766.3376884
9f2498c12d7b41c213bec0ff,426660233.59101766
6461c0a03ad3ecf2f8112759,749841528.0675137
09b15382686c42fd89b24285,1397572153.2833626
da846b08fe2205d2e2a3dc71,596665986.0065066
2a89ac6511416d0920f1b9a2,732581393.4260603
3e9083411c44213130b2ece8,390899395.9973524
0f0df5694eb388d843e1f17c,458703449.00522226
ee6a288e644183bb191a6526,400994555.3616662
8f570610ef199a3ecc49a0a5,631341227.9291453
3115e2391cc3a078b5e6066f,629328052.0457666
c7e45098251c687efe670815,473509667.79815984
8a3b7f5a8da339fe19e8f138,437990347.67006063
2f801cf48edb712627196b2c,501967289.9876183
a147a8c29757c5d0c592d347,463284025.70805514
86b0aa633bb16582bab5640f,522015383.4937013
c9620e3e2dce92bf95c57c6d,657907061.311013
b746e4a5c9d04cf4dbf887da,402710760.78350407
915842a8a03914c08a6607c3,528139005.54649204
e9e6e054c1d09a22b7efa20a,501922573.2853547
4b6fb9b705d80ff350bd620e,517174297.69265753
9a51784f33b0cdfce8312163,611382394.2607692
176c9a90fcbceb91569fa3e2,676422724.5873002
c97e70a767a3661c4869bf86,514118140.6331759
a6bdb6221b88a24c9f8381b0,438512906.0055201
0a1e6a95a0f9598150c121ce,945943775.359664
37d12acc69d0e3e92420e62d,774935062.1286772
d433ad6c3cdbd707e6839082,530557244.83928204
36bec92975612d091a3c78b1,461393696.8461574
3eb97ecf8069775b9104af85,664976007.4215754
9aeed339b2d916cc89f38bc3,532873811.3510934
f404deec9ec16a8460397815,484955700.7476262
8a0114372706f30bf6867a2e,495489961.5953883
681e772045fbee930fcc9ff3,1099271351.3871493
0816f29a68aa35abd5978e7c,713740840.0497849
670fe8f7b8ebe006885b2777,776960912.2901229
d36dd340e5875df6cba999ad,668155646.5256524
8ae869c5033c248f881ac313,835272359.9309819
294b04da3eaabadd55da9c20,951491361.4855187
17b360d57782208f5afdfe4b,766085491.8448573
88ed5ebb575d026f8d440c60,495195072.8323386
e611a37562f88ebe07bb28d3,612239633.8107257
e685650979374c571dea2ec1,498783222.8172296
10d47d2c73f0ccbc97979bcd,409555979.73123866
fe96a7d758a874b1f0c42145,553212213.9344383
a7634531887e969c9c5469d8,397047249.3073344
42f38b1b2dc077c88a746c1e,571438179.2541088
25e832098d9e6e7c2f9afe2c,580052350.4504347
b7dc47c641b46ca99fb83a0e,875425811.2314364
0391d158ab104c5cdba31872,851549484.8818818
a3c4d0ba7b85b9a6370e131a,1184089716.5144713
27721beb237824844adbc289,1085670303.1327913
6e807e25b64bf0de81f51c12,1176701140.0480132
d2637d64e4022075c8f539e1,823604846.1666723
faedbe92e3296977872a4aeb,1204842511.2820039
5bbc190cdc5ff3296801ac0a,572511223.2229016
9b0abbbbfe0bc85686304ad6,404605424.0985793
f8263893418eb0752dae48f3,420195503.42903227
1e73d6064abab2cccdb6610c,420292760.9221672
c0155096575af5fc8db843cf,371212837.73898035
9c7f7b0ebe440f60d3bd478e,420195503.42903227
25187d9f4cfe89a525ef2493,420195503.42903227
85815a09bde2a30e296f65bf,399361611.3454234
fd45b984efcdb0b434033fd9,454834735.1712699
5dac2d2027b6c81c1b7ee3a4,420292760.9221672
7df538c0c831520e6d36e39f,370934966.2474054
14b81320fc31c7a513242171,420195503.42903227
8026e480ba395cfe1e09cec6,420195503.42903227
80bbc51dd90d131d091521a0,454834735.1712699
ae6ac510d3e46a50ef24896e,420195503.42903227
06b90d41ad3ce1d0d389fea9,610137810.450835
8d911c1a195567dae3cad99e,454523780.71387166
2876aa9ef0b44e43084393fa,460269906.3264376
76556774906f9e12b319c232,460269906.3264376
9662cce3c4b92d1c99849899,787415614.1529198
de3d078e5d524d8a7b65841c,619927584.3975562
547c8638128424b89d602f50,1136243729.961006
c8a3dc3654c53cf66953de0e,588028431.3477218
21c8b93e50ac884e63514f10,964008839.1613619
49a0715897795017ee0de843,514021765.97526616
5d646ababb10f51c141e0d8a,626107179.7012603
da598f8a82b1ad1b02961cd1,778245058.190132
84d8f7109615519f2ab0a48c,641092390.0795527
0d027b81f8391d73fe0046aa,494936934.2395612
079bc331430e94ee76f8097e,582364139.7388191
61055e6eb1910507640ce6b4,587834730.6206572
3f6effb8881ea683838437be,778871342.9133023
92c8d6ee8496b91821d7ba3e,776504658.0034678
78a08f21f7d7c51ff4d5b8ac,594561250.9170773
f7ee7282cb9edc77740f392b,625613108.2339295
694b0a500f1619c4ac4c85fb,799559679.2283705
13d43933e04c3c7a9e5071cd,917896526.4043541
5abb555cb9d65db8e6c28201,369335741.5414491
ee8103b958673c589b9cb27b,1002671288.5087229
5b3a467a3b0feb8ed81be1b7,1009254552.6557325
e570a5157e02d440a78ca008,623645081.3207659
70298b5e8fbd66aee975ff14,600658146.5153275
2b552d7b1a1488dfd618b120,317207709.2001342
f4ea9c80fe71a1bd0b692475,549812445.1840645
e6a9d5c9a82ba73e76817a81,638553135.1919878
9b58b5c993540ec3ab1e4a0c,368793999.8876449
00858277a3cf4f31b8e3f738,562356728.0030235
d937ac866f671e4a0c090879,617849258.6280103
7d02b3479cb2d89d55bd4fe7,617964630.138547
bf79649b531e876c5f03883b,382572831.5736421
66a2ec5aac8969b2be538c1c,617964630.138547
7637c251618135e082a9e2b8,874271011.0551122
e8c9070ca596f88bc2e0868a,419216356.91929394
64adcb2941e9553ee394caee,431904452.064153
0bc8475715e42b752649b4e6,461351381.8404908
956ad3b1dcbe8f236efe2d2b,510723411.27561855
dc81900a751b64dedcb4ac39,644616284.4103914
02e52d3895522d9be85c4544,532286177.58145326
49d6752dd196e7dd583baf44,406095870.57263404
8364aa431b2e267e41efabc2,585623656.956455
1b59d33f9000d2e1aad46239,447141931.390689
74a791baebeffcb7e7b917d0,398686028.97997975
0a3911a1a9284f2ff81689e6,453968549.2632286
6276bb8ceb13d174b8e405f0,415594691.97996795
d573d2caf8c67aa32bbe592b,389019772.6103285
57cafce17dc4de3bf8a9ba90,921267830.6788756
1dc9e5c684c831b204d21585,589292298.5413433
48df432642971a97d3d4bd45,633475898.6515107
4902ccbe8456d3f0a29e5059,568411764.0231895
3a810dc80d3a63f8cf106717,710253642.8280354
c9859204696f3440cdb541c3,757694253.1760509
349fa9cfa15d8f8bdcbe863a,1344556881.0233622
d0bdb51c8020a37fe8344650,807067975.0368375
7b037e6e5d110999e51b79c9,792136987.347558
f677c51266f5ada9e23f20eb,394841683.59356654
1b85d69a0f8ce1d6ac4d4475,404029329.9636844
4570a3ca0571c70657b4a1c6,537437078.5313106
de32ca7785b71dbcc76a50a1,782255905.5478432
4e3cce6b581e74879c2dbc4f,391071974.02871156
09c4d4b5d1c0118d877d5734,483709292.38809663
b9809baae395914981a9296f,604850160.6717638
fa56058283c975be76d7c990,708258165.1935192
7b32938ebf0b1b167a3d2d20,476534757.46050435
bb38c1c17612ce593e5ae7bd,489331277.8663568
bf0485c2e267d06b9b1d90c6,677268921.3196836
0357d0ee6e0646113ea543cf,471363637.2259194
ddf5182c482fca7d881fcba4,951106687.6905301
47e6a61fd652a3dd37556ddf,779472187.2780292
a9054883a22542257c7e778f,399246302.2897809
d7c70d831e88d552da09ff29,948552610.5522543
d4d138bbc80a0b29ed28a4d6,467269351.14968973
dc9119767bf4f21fcccdcc69,863855596.5048052
e8caed8cd754b0e3d43e6954,538677275.224877
033307467830cb865a785e3e,513766808.0631903
5498b3e3ca091bb81be87166,696125034.0471278
bcaded180edb36336c2f5b96,596091981.1177615
ee4377ff95580b93e80ae08c,605778949.5964509
c25e1e289cac1bbbee489122,631892055.3690954
7e41d90a838048eda035fb27,597565218.8412328
f418efb887a15127cf2563b1,589873131.6284177
93b27fa67eae8cdfcb846772,577748552.129192
6a42271a0b03bf9a856d1acf,474890893.7822699
2af9e271765438a47fa7e7a9,309292995.18583626
11429e0923f804d7dc5d27b6,1161978878.6623595
c218434cb0b05ebcef935e5b,427096902.5729896
a98e4f4db7afb8a6c9f69400,547937875.5983627
3c35c8993bb937164ae4a880,1255523316.1624496
c23a1372c81ba03e6dabb0df,629250735.3629973
cb332695a296899d1c798426,797005604.8173912
2ace3da2fc4e0c022f7a8755,753601293.5860059
14f1bf9aa68aee1ac094097c,870313108.0971929
649a2784beb9b821d36179af,465069931.2686515
6bbb8f89bae38eff88c89c46,468851761.61734945
1905b860a8d463c3048b4e46,623726382.3209668
3ec50faceb434f716d73613c,1174227222.800427
99543a17b33ab955d03adfef,1210879397.5739827
edbafba81b92efa9b1400987,1208109513.6297202
9b3846c7abf642e0a6220e7a,499241994.69529366
691c35e98d0d5780aa82aa06,632244946.4389379
395fbdeb9f0c0586a2b20edc,496535025.8014574
4803a3aedb6c20eb194469c1,458296832.07663333
bf95acc88b60a3d531fbd42e,474827934.63348323
b936e36ecacd7cbc3498cee4,370748877.27197057
293c8a0a4a358fe7554a4ae1,411094469.0894988
5a72e2a62121158efe59069d,402388377.40420943
605276b332b5e5984b83ea8d,472502065.7777229
d3de7e975a9215d04567e467,441669335.2415831
44b623f7fca1a306560172ac,614135089.0006902
9a6a8802cbf3549870c55031,478776675.37333834
f43c684b789900c58c8b5fd4,441669335.2415831
dd7ec9d7dfad5364dd303f49,492974314.01042074
506f2b1ff3e4e7e43a5596f2,403602659.0683496
090d371309090bf83b6fe0f1,614581342.7863734
886be9a1881866ab1f300533,716522096.7826574
ef34f331871e8ca6573981e1,547671564.227298
53bbf1d3345eabc2a8b7f5ff,621790312.72184
5bb87c8d49ba8ae67a659b52,589369015.1145681
21dd47ac3c4e1d6bd0ed2485,593774385.4245632
f59686ef2740247394547078,630101285.7181376
8fac177c5a8b4faa21b33138,637832126.4915291
b2bc172a3ab25b8caef50189,647897283.8439684
a10055de743532d7b7bd29a0,352304814.5105097
c344e3be381326a1b6cb5989,657444453.1781873
3fa4ef366575bc72ca5a0582,551753831.7440826
e9205b722e624eba0fd36145,1302077587.998252
e75699a7693c678786ced75c,557085608.7772561
23208132621583ce4a46de77,741292095.248393
558d9e4b57fbe6c7e0a09a95,1153044567.2800732
1a6ecf722b2eed8cdc19ba20,534358910.2756144
11734add51785f1ddb999c5e,464642990.00700945
82c9ce0d018c1d620b7a6689,599494542.0894747
80d95b058cb11ec829b5ec96,524087167.65063983
cd89201cfe3fa19a4eb14bf1,593774385.4245632
d0a5f33f0689445e22db6626,583171146.1141467
c7c99ae9259b34bf9b8ba799,471845740.3624858
73806685dec82cf637f19384,463179519.97712386
83007c444fa52b34482ed55e,462047649.86108124
e08561df5747246d74136dc4,468760356.99263066
5b0219cdbb8ed527aec91659,914793325.4837832
119805b72aeb50f05d3a5bd9,1257646507.0093062
fd20cc372715855081e24eae,837628931.2072273
e4a021b625f4ffbed391c6e7,971636211.2758963
902d4fc2c44ae5ca2703426e,745156200.8678845
71aacbd62d72d3eb29a744dc,789176886.8926394
7290697f96d8e2101089984a,429596155.62013584
314153750510e92ddcecf33c,657245796.838636
9d576cf721ad30ab1a4fd554,399139006.980265
50160783a9a0503df5a38dee,473802791.6203455
0f4abd70b68453d3500eebb5,444290797.5285971
42cde300d741cb134a529031,401862308.41817564
1e9cb258a0b7e08244d7fcb1,493330727.6749524
febc9a1b054671445d756cec,892965987.7526287
39351adf139f820864dfe8f4,829893753.1258066
b4fac45659e67d4e91fe65ff,394965682.4086781
fbe555f6bd0edc1bc950d9ea,708030250.0219723
67308f6bb80d2a203e306104,411847370.5678677
799cb909791d43a1eb305eaf,453151520.5025632
4354c1b6b27a87c451ddaf36,470528514.08649385
0b937a3ea4864896b744108e,516051554.37619686
b96d8b77fb5ba71ebce2fb26,564956815.433863
f4b1645da3f4286e39f2fe4a,570845258.0096312
a2d1de4211aff373009809ec,517882789.766415
50b619ba3e0b2a4c6512bc97,707024051.8789225
3d57abd322b0077efa1091df,601265637.6159763
652793275729ff3b69e86072,490350000.247079
1e2270f9f49aaf3be01dab49,1111032450.591831
99970db787f55a4d1963942e,366295455.2356821
801d821fd6ab7ee01b62a800,480180122.3096107
2abd46909a251b8ebbd37133,483710218.11638635
20a783884d6bcf1aa5697772,440547751.0788783
2fc38ab2689eb24f63e32efc,624149350.7597125
1f592cc4ed728909040f953d,339008312.6105024
d1dca15e36fcc5ec14dfd870,339008312.6105024
54f7aab6b91b48272a81fb47,338993375.70023763
b6d84e7d569d8d0f0d0c9066,540450261.1436881
54d10cb2a44179fd4d726f1b,468406065.8417664
341c307eedfce3f735f4a63f,593126969.0226761
1e057cf20757627d1b006141,419440154.77368605
798bf22408ef6814759da1f5,628395603.2105943
9ef3691cdc2bcece41b47e78,618106701.9210143
fd5793113661540ee34b8cb8,617824043.1330806
9c4ce4e9f12764544cc8bded,547003362.6185502
542b5322e59a3273e10dcda9,608256152.8067497
af578bfec5d84cc2f4ffb8bd,689126613.9910285
a310528e34207b5dd813df8f,555248134.5249543
ecf5c9bd618e3976ceb5697f,1193131646.6145508
d342a1ae299065045a957767,970873873.0112629
f5dcdfdcc8f414cb7a38309f,638315120.4878625
4090c1b86074c8e769cc72fd,582131237.1488218
7ef2d4777310765d0c8121af,854504034.4675468
39222ab30001b3cf45b7de65,552912519.4780495
91a73bedc30e0c2acd95d6eb,584656362.8486608
d1e6d6900eebd9ace65d6c36,421725370.4200454
592c9c45c07388359f663219,412393654.1257916
738111512f5e5052927468d9,599871746.7744546
0db51d4771623f5fc1026d74,498627297.68098134
82c9556e19072558cbe3a7ff,489649924.46317434
c1e51ab95336a51885b4c672,418243464.09849
0eda675541a035b1f620ccc8,680034567.7742628
cf379b41b70374ac4cf82dc4,625613108.2339295
d90c961aa01e51d63e50a2de,656750228.6649462
990379c9f9f210206c6f1916,1203284635.9720938
f8189811dc639d760937df95,765525707.08319
3d1deb639d94b292552a123c,454473535.9753497
43041a793a13a4171f22e492,456359432.26565564
052d00805b2602cac76fed4d,504808611.5243492
c76207e622cf8a208910707a,481960648.4198686
ebe33bde2abbecd6d1fb0cfc,600455725.8740261
2e23ee2beaf5293f57a5c504,360410645.78488845
abbd422c412c2d57f5df62ba,603987160.3975755
648217f4d8b5e0e65dea066c,747310101.547293
52e7657a539be5f36f48bed8,818957085.0228423
3a276f0df8c12422e14107c5,965256327.236051
dc537b5973d2b94acf6f23df,684105173.1175555
0a41279a5ea9b92bf8cb79c0,1027743990.9008845
80ed77aff62d4c57ede6ba94,824166162.6028286
1fbc660f780245bd72015f07,447668727.74149156
df1f513009808ebd46ec0847,611976198.4373564
58708fd9e83147daf1a80c48,392795608.383447
52b699f9900d81ae85ddc7d6,537736981.2802515
98c5b154ec80083bf6f51835,570845258.0096312
588400f7829874f9de919e39,596987662.0707514
46a2a88ef09b2aab932ea02a,415981987.34822524
31474c62a8f39e250fb2882b,924684665.1168854
b40873d316de1c295f2a97ec,411486177.2745874
bf4b8b23cd87377169684e98,500774338.1916931
a34b3b037805f2ec489a95fc,550474307.9151005
963985c57392ed0423d74caf,550461432.78623
a93a37e4cc75c069e14ffa00,681326765.2371557
071f284d07719a3517c55567,648631601.2642097
5d030db414b00948ec10d18f,344791674.9785965
6e57de8c4ec2e42832cd4b09,502955916.325071
d9ee40ccf461ce3e9ebb815c,676490518.6719753
ee13d186a24af238d06e0c2b,570815451.7960457
f27397321c007765244e56e3,1032708489.6994197
959397711c3f452486ae591c,1222497427.7966883
a41222195e5c7d7987dc3c7e,345352906.4652836
ad14cc63c36789bfc1bac0ef,338890681.84713805
79ea72e7b03cfd4fdb5219b3,472393696.7634499
cf68e05962a41395844e9c80,586818109.3303026
4a20d03d09fb9d0ee5565ec9,561617351.1324552
734c9446d0674b8d6545bfef,713778963.3133411
d9706de7190ae64c83e65769,729502268.1188115
b778282fc4b9c43055629e44,660437330.4592687
a4d4d6480b56d6198c0120d4,626923386.8461105
7557a9bc12cf0f2901c00264,1023726561.413211
41376f69b086937257387f1d,572429483.8726355
2910f3631d1db77e4b61f8b5,592630873.4046683
3a8a506c99ede47ae2257e87,459955445.2862185
25d89911e830697217d460f5,395240687.7987679
365a227184022e99f1d2a816,878268334.1315497
c6e34cb4e79a729a5df4183a,726803432.1870364
c5c3f06bbf812593d1b95a40,814582917.9424859
acd6ad0081960c0f17b144dc,778953364.0422252
344a104d2210954497a5a388,824596629.6282756
c0109086d0f49aac6c3f3f18,888355772.3620571
c42c99f5da3248e7bcc73fa7,936538618.1174988
8e1e9ae57400052cbbaed9dc,992952555.6828417
8cdd55d191f206b0841e56eb,609560480.9221457
c1e0b47866cf4a0120e4b3d6,426033300.9105941
45a033d121ca5afef24161ba,515501320.4964575
bc834280fb45fb308d957640,529548517.88710696
9ddc14c8e7fe7ffb078e0019,1006369406.1434213
7d66238672def6f73c25247a,447292035.4936118
2c12cbaa1f14553c1d41b958,391830551.3772839
196969a98960a68088266261,537736981.2802515
a5a3cab55661982b7d30bc78,539673026.9015636
6464d5cc161ac659dd963897,484846592.27101994
e9f44786cf982100af0984e4,734859904.2366037
6302e608d8f37e63f4e5cc27,542323237.7350689
ab614a5008d68aebe34aa201,795189583.9556384
06bfbccfb3ec0b1f65f4b351,843116764.3019948
f7f46ac9158f0a1edd01709e,758498477.3914798
6e233ae6294318baaeebb59b,763960301.5308049
bf6e713a689f574b532edd4c,1151063165.5557323
a7e97bdf2d4f2f62f9889c3b,465074152.04897296
784822ba0060eac9358cce22,333938844.88386095
13c51ea93d19df6c273a1502,495552308.9233162
176e00102fb65cba56279287,656794691.9735087
52e5904902e4d75ad87afde7,638840678.1799775
728ce22c8db9bd0abe3f20a8,707091619.1620693
e8bf121ec117e383c843bc51,952254759.8938497
878ff8ef3c862929bbb19ebc,680941000.6598908
ed80ba018de35d5d76d50db4,751380350.4017612
9267fcc93ae3b6df8c12d9fb,495153393.73235023
babe27dc477f5e1b7e438422,615332522.9268597
a4173461aa676e09227559fc,430197916.54582393
f0b2a0602bb5a83f0827ac75,1128035440.8118377
2da346c00d6fc39268f12b82,614383570.9015173
9ec5fbf8767dd0d2744a79b4,713748929.8310987
c85e9bd6e20ee2a883d0a7d9,353274185.0616538
191cb509fd44e580ee32486f,599568161.8646203
053d37bf1d988505b5e91809,599109654.4578314
4d3a66e028dc8f3e9ad9e9cf,842016217.2427645
c75b265c0eb946ce77e32ce7,902558280.98405
d233eb8af3ef7e325f6c8f9f,400056081.6699198
7f7f5313341b3ca499968716,548577898.3061459
4fa51848638f4437a3e31682,757298139.71108
9090236db3ef719edf72a330,1282003501.7825503
4dacc190eae91b059dacbb00,1417665409.0681717
ccd2f6ec8e9841f1068b7c76,641569612.9111159
a354cdbaff42acd1a0b5d82d,401219337.5903598
da8d3092ed0e085a83a7d67a,539312165.2899774
1181e18553eafcf5edf6fa05,555202894.7385519
5b146f1914acf2ae78360fec,502907015.8655058
a0fa0aca2f6c2ae65a98ccbc,611445789.6135342
038bb35043651579f443c481,656405610.371738
430c46358b85ad4a741c7187,329325735.1204249
4becfb041b0439429f2cffb4,390514586.23124033
feb87029d5a2e8125e165bef,418368791.71699923
61ffbbc24b30698ab8f735c0,541882551.612346
0e3067f71dfb9dc2e03bba59,487773594.7943991
b8ec643c66478da376153333,468657787.80817825
c8bccdccc9186136a332e995,1154834674.3270671
0f4765c8929a87746217e957,1258504636.264897
68c145df0ef91fb4d14d001b,339562572.8504104
e5b92a0c67c506ca6e92315a,521943167.842878
a482103965890c922a66eedf,528172320.98373365
1d917f9f5a3cd44cc4dc8d2e,485570118.9513413
4cc968db25c2cf03991c0041,470927717.82183033
91ba0c5b21b52734d1e244f0,880644160.2246794
d6a8f4abcb02142c6dd15b30,443523799.1546437
0587e7e1f03af8ea6c46290e,506174854.18898463
61e1e0c49f3aafee6ec9179d,548583080.0598606
797da4e993a993ef80277108,782686157.0497395
b8acc8e72f2c498fede3fefb,713623431.5881174
ef2ae24039bf2cff1caa4340,462308037.893097
cfb8d15c6b0c0e6ee4b92109,665444727.2808334
05aecff6fd8d866c6c157a9a,380223309.47647613
b2e37eb7cde5cf4290649ad3,1020331620.1461346
b7ecbd35179a7658f3c11b41,992984420.7619338
699095150a7f3f32c40454fe,1168568872.1430495
989a4fc1590097414d7c3fa3,529831674.5745018
b6853999c45e21646a0d1b20,406034739.4211689
6ddb6863958ded0d72fcc6a9,485272953.54051894
f6fc3807b54d8c69459c4f64,471235960.7242344
6528ca87df8bb477f4b6b8c7,460350918.3472257
7bba885503ea7716ffea503c,525567736.27095497
846e6f1ba1c94966314345d8,607364092.9915634
04e6a79dd3e4d8d17c8b5387,1006830462.9400823
4d60db10157fd0b5eab9a23f,851676115.124916
0d7d434afcc5e93050e0b86d,1213753532.9685948
bb9ffa04d913d06846d082a7,1043068355.5585378
80abc4c356813c1e4ead1e1e,390514586.23124033
df8979b26c9971dd7c3500d8,653193416.5112411
6ea18874ea84b5b4840f9b85,647393395.9303154
aa75ed5781e6e8584143daa4,617126072.8319166
c8c8d083c9b9600059a8b8d1,468322996.11833555
5c8f3b7ccb4340263c255d00,447422411.95265263
79b943894c4dd68bfd8cde7f,492384144.4457534
64f36d32a3a64853227fa69b,1487715724.2925556
d7080c3742cd9d72e9d0ae48,477456868.23097956
8333d32b98625a2742cfabd6,687029175.9325569
bddcc7fb72bb973f84b864dd,749453193.2443557
5a80dd0f68dc2cf9fb1b0c03,424136178.17152244
5d82060575bdb7be33e63ecb,1038942008.857725
de416f239b27327e0f78b862,812505716.0404236
816f93a2e035e4fcf61ee4c9,607571437.5334321
aca1776ef24acabe172d573f,551228729.1698184
af32aa018cdfd081a81bbc80,403189878.478158
7d133cde943d189c9abbb6e4,395367013.34312016
80035ad5b3b4a948469800bb,602318416.6419835
95bdebef7fdc2ac0e9541c51,772621468.5887873
d038e5695b32bdc6fff1f72d,580815207.3921602
2979f2d91d649a8c14f5453c,603158048.8197867
a0be286778d94153d3b22ccb,964140996.0759844
57e8ea351ecd1ff0825b1324,808992415.4691179
c84f96cf4570158c3832c3f3,822519397.1919426
93ab279de0b7b414ce758153,712175698.6717297
2018131ad3f6e5aa8f4be704,924578299.4457418
eb055771816b45213df3ff3b,413436842.5486272
8e3700ec731701361d7bb7c9,466624334.49666953
422e994aaca85628ff759004,486551713.54970115
569e2cad5c18a5f393f80a8d,712989114.6066855
7b4ca3a8d09968e48c185260,670894319.1130402
12785f791e04b3a49547fbc6,829704477.9460608
02ea72128a99862e9537718e,488528005.4852408
fd77ee8ca0551b5b614b40e1,593990427.5592569
ffbf6a54fb00029ba24dd3ad,486329359.60091144
a295b12b773127f15e83e174,524798905.2655804
90f0cf22cf9c8fcc290e495d,436544831.2620549
220d466e3737f1f2a8ed06ae,400098046.29068005
235c56f4afd6d87f1b3e199b,342788565.71828306
eb0f3b14782c9a484408c606,950567598.5569031
4188712d431ba996cd59fbe5,503906499.6918976
3dfd7e954d6f7f40af60bc9d,403923378.24226886
00e80be4feb1e8593b7713fe,475844667.23723197
eabdd1bad2bc4351ba4a2635,833501586.8587214
850342685ececa472945f7ed,401156468.08167493
ecc4d05489c5ffc8164d5469,478136211.6637253
2406d47133763272a965ef51,443611160.9524721
b9430e8c145c2a0d7efab2a4,750638574.8248228
4f8dfb8de411b8a05c55dbbb,995159726.8164726
574b6bef16abb21fd67db401,438435271.87483186
e7ef0d61e27de15f10b0d643,831761709.6358329
647ec3f486cedf045cdd3b68,392196132.3165128
69d83d8492db7ade6c37c3de,488071429.0243797
6c07175274fba6a0dc467cbe,471227474.964927
a5a71962df1b8bc45bf5547e,819481176.9823166
ff61abc1e7843e20b1bf8656,371698465.61079997
540c4d7a79864885d73cca95,433351415.8047767
17d0f69ae2c4f1aaa1aca9c7,607620065.2591518
80de6a9303eedbfd1c69601f,928367640.7962576
7cf573f273b14a6cfafa3ec8,505390917.7298166
eb9ab213defc2de5d878653f,592601096.4788501
69f7ab8608b5328f106b42e5,673721908.2995256
9daaca90887e5144c35daeff,427422421.77817917
2bd08c0964ef4a95295db843,759381274.4091803
34f0542a538cee9f3624d897,451337058.39336157
847a7fbd4425fd2fbc4b3edf,1433715893.2315073
22428154baf95870f1d83fdc,803776127.7012621
18e89f083fdbce3da0a82a4a,1155379883.9589803
63674e7ddf6f2b4d7c6d5c1b,343982857.71429163
0e97f66cf4208c1a57d1fb17,401898608.64923817
a90f7cd68b662c87d9fc2d5e,799539717.3708656
2086639384041f3a9b519140,826376295.8376008
d38353aaffa4af168518c6c5,534531597.5521426
d994f3919c3c8fe0ebd538ad,922128218.8973439
ea9d6dc517c77ff8bffd596b,1108904165.3797574
ff83788b9f8db0297f6c0148,962922972.3513273
9d9564415e52518c2817f66f,496789265.0495143
9362189c5d784741c9b0f8e7,820666919.0762725
ffb510bd3f847f4ede255fbb,434563408.4497369
7d3e4ead63a869bae978027e,943046442.8055543
5dc404d1c214abd2d45b2a0a,944629229.485417
64335f6d4c1a7514377be77d,502360488.1512226
b81801f02a73feb1db7f5e83,551842829.5638329
b5d6fe84ee7c6a703891112d,1098959671.1509643
af0502ae1fe341c2ce1b5325,492008697.2102745
ec43b2789c9cc266a8e0d1f6,484629338.33554405
7ff8b0b5ab4fd12f3be399ce,889769783.5695848
d5c8073e3ceefbfbb547eee3,877601257.4297022
66379c5752189c150954b4f0,356975175.24170625
6a3f9046cfdbf4eefca3ca69,518549171.9324102
b549a72c938d767ed504bd83,749369223.2101035
f48e503ebd3908838c1f2ae6,581481201.7400086
e58ba64bfa5280630bfcfa97,462554287.50469786
07edd16680605925192efcf1,580437735.8893859
70b821bc1c7dd846a8be343c,555931923.7710364
d84d7edc4a4896c4a8722328,577033366.7261001
6d592a69209ef3356e656c44,457944770.9540992
ca9b2ef10b512905af6be620,858701785.2053995
bbf16146922556095f53b5ea,980766505.261944
86e80098f5a3e7dbd635838d,661320395.7153158
dad46c20f9f7d834e522fdd1,780661648.4489776
e2dcb036931bf4b2aa030036,1001666409.7699883
aa7a25411bc0f9f93dcc40df,347414438.3465601
e192181121fe58a8bf94aecf,562177695.1993126
5aa715bbe2b178ad0c9e4b08,796543290.9770002
43b5b5a9a1615eba48ab8b66,398189484.1963504
dc91e3fe1b190fd8cf2584c9,533035800.81749487
1014341bbcd2fd5775631f78,595371925.6865411
7f2e9d302a6ed1770db9f7cf,799861713.4642228
73f4074e5e09e52e0e03598f,590095557.5078584
0460eacc73398bb95f0518e2,1366998473.9825644
5a44be6fad8878eb2c394ca9,606569423.468086
936cdcce007bce08a72112b7,607316981.5991966
8334a4cc7db8ed5c0071fe95,433538478.66362864
e3e9d1d073b129c697c1e9e9,591513889.0487885
dd9a60c3d502ca3cc98d9b73,694190478.194198
949184accb5878f82fd5c10f,359445450.78451645
bbc675f7edfa0425c78c15ea,582312410.6850374
7436750d73f2e56b4f29e98f,649432032.7143049
cf81103f31f74edfe0453de8,578472653.0857527
620e467297aed5c47e22735a,345260933.7726426
41037a3f8625082544979179,494786841.17021674
6a2db40e5f210a31b2f7119e,424431637.5600311
0083ef74db679d22463a1afe,528679558.47861814
b19be1ad7f60717a943ff0f7,462340267.15646744
0906b6a88fb1eb0d7bfb6bb5,426985292.6840256
f82adf71d17c261b41a5231a,1050244165.2667966
bdda694c42c52ba4803d482f,630076459.7438848
80f633154b6f94b8fa24f213,461868327.80396175
f69aa18a64d8b8494fd9fe3f,338518567.46726817
3146f3ec9b237fa0944cec7b,565216630.4040638
5db3d671b5aa03dc33f258dc,340154684.9318869
d5239537894ce7f2a9cb5a49,461076760.21617436
bc28e66374356a4fcf9b62d7,409749235.58668005
3697e556be961a16a621f3e5,392641025.5781415
bb6f66493fbafa76d70b0a34,427853726.6674889
e78a4111d943044a9a32ed80,550348236.5245135
044e2daf937c0d8373f2e914,584884562.0759884
77668d4325802de9d63609a9,754121459.0700948
a85ba83751915d8d5d1a0e09,627545708.3698567
429460d5f5c5381e945cf449,997557792.5193373
a53dc5c58f7384729ba37a21,534907327.45619804
a4dba76865fbd14aa19c0286,873898478.5537137
7573c18a79e5e3ee0610d7cc,810744408.3110791
f13f72c1cb469db92b25c2fb,1258966863.6577191
45dd7eee4488e88d71d46783,1417671000.9831524
dd4fd04b9fd80818bd543f9d,500774338.1916931
500a3c5953f89b431184fead,602247791.0646257
d2e737461b916ba78030c76f,500774338.1916931
e1e69b5a90431b8a44265487,569319215.6424026
49cc8164d94a2afe8b750af4,461766214.4354884
e9b054016b281140d2566d88,921495764.1931378
32161228e9c502d2c21beaa3,412717708.8366634
9017accdd4fe3229fc45280b,331468941.5758543
17fed4a312a9b773f64861d3,403424092.9027152
8632f5681d04d9c934675409,1354693057.7268674
8356123e4d10a479a12e98bb,385926611.101127
70463649ffbda5fdf3c10ec8,769429581.5806278
1414ec3cdd3f6ab772fc7584,702996217.2993786
937708417ef2642b7d05abad,877774405.7195448
afbe90d764c1821cdb26e38a,497707177.6913879
14331a3db021936067b15890,458383251.7382463
793efc460dd25b67c644e92f,915104463.8715023
0a9e4dd0eec86037a36fe769,821234152.2958174
e5168779de76d99010e37c7c,851278388.6702937
016dd08801ad1a1e7f6e695b,1174460504.674109
ce509ce153f452ff8a997538,791973098.728764
66d8ce8e6aad18a4963275fc,607140102.8973072
8398e3b96d1311c7264f6603,756562869.0837866
e9081115ab418ef1031326c3,406665168.21835
5c8240a1ebf6138f81dac715,670853371.7739805
18cb1adb2078fef29a613a96,724114810.8433468
4167fdc804227ed43224a32c,1101609145.3612163
b5d0ae257748ea92c47d8fc2,403226251.0195727
1d17f0ff708e6f0b93a990ec,693894080.9726764
764f506bb2aa1ac4de918a71,462301319.8449139
7a861f1e3af4dbbf55b2c301,409577465.4423254
1562a23a312478d7a05a33dd,510700402.3430748
0a040fd24e23a77f0c58495c,714890547.279337
7f0f5931fe148f6187ebf512,431365937.8621488
9fcdcb2be94744d00e734a3a,1099073434.5376
f181f74e96a93820a23bc0a0,425668787.5656789
5193b43c32a2bfb3aac6b2af,411384134.172214
6cc7718e834ba47a429d6874,576164504.2025617
b8d06f4ce0d6e71ba0fddc26,658864085.0585508
30a30e4ab286fd822c68ab5a,638629504.6103058
f99bdff027d28ceca0caacd1,629758565.1124184
f46f5e911c6c595efb5b7ab5,534510879.40022653
a7f0c831d82505044f370b1a,366514731.8332487
17069e9f4ba45c93738b109a,389705457.50799066
dd5c910c2a3d63b8fa92096f,368165522.2605194
a33329c9ed11ee8b87aad6b4,374521118.3916959
925b457b5df270a68b84753b,355168370.17786795
d206aafc71e8aec2afc3f8ee,395867937.1166807
f8232717e74332384075dde8,347453787.211537
f60d9f0751a14efe41be383b,329417700.02812654
13adc7946bd4e6e3e4416e52,350798818.26768476
230cdc90e6c825d391d5025d,372733138.17288077
e98cb170e4383546988c6829,368165522.2605194
5bc46671989de2534553ae49,545700625.0585315
3b98c8e46cf8477a1968244f,358771862.4575889
f9f5fa4ad495197a5c9b492c,355294103.01748663
0bd42f8ee9d36dae4cf35886,301312845.307329
567ca46ac91cc53e3b479547,539361728.0057048
f0ebddf2bd5aac661e4945ce,474872604.11657774
eee841bc785b1824b6419a73,504038856.5669505
004776514ad269b380581066,435840527.85567844
bd3edc7854cffd6b6debfb98,492875591.3422679
0b42bbe66e438fa81a2ff77a,458287133.0354966
a33bfa6cf99e26bd9c49f8d8,478719817.5988281
8b45db8a4f2c0f772c8d44cf,396078101.2652466
262b5b0bb408d7cf53073832,365782663.66897357
5844c83fecdf7e09b188c2f0,478364119.2731546
9cc3c05f0e81b8f6454b80ea,459412426.2575604
07c46b493733d74c4f384b79,414853886.5300918
932ce2fe93b8e1ec0e7bbc8f,391355951.9431936
559fabe06aaee537322d0af8,367290805.60373515
f4da2c8dd901cca9cdd51025,478351317.4205635
84eb4861db0816bc8722f379,478351317.4205635
d0dc69570223bce949a4c17e,427486772.2781762
abc2ff9d0e7848169fca170f,489332916.6200084
3e3880088f0df7c447e27840,405791842.64391655
3580dcbd0a6d7d6d3546dad6,370198483.66569525
f123231ff18912a3dfd7cae7,367290805.60373515
78a7eac41dd672cd1863e3b4,380296753.13475347
97def72de478566ad58020a3,427096902.5729896
e3e2e3080cc309d34014e8fd,492339718.6857555
71be583d473084bc0608d066,461487021.6648028
ac6a4c672dfbe20f5bafbd89,478719817.5988281
f4fc081a112f5ee1b3a09e70,504038856.5669505
d8add8f5e0aa562a63c894d7,370198483.66569525
88ab887e18e38d0b8315286e,413283476.71910745
07c8af84608e6c9206ad6961,478916563.19764847
2b352d996677e67156391e25,427116682.4670861
ced624c6debaa01c732e9f60,456187208.3326717
ef92f63b46f27ccd2151a21c,479963809.2827887
f4022026c279a9b77a894ee2,478351317.4205635
e2e2218086e6ef5377c01b68,427116682.4670861
4af83eb7718f5823ae69fe47,427096902.5729896
ee98e745afca6de4550fe570,478351317.4205635
bd1fda425d792fb0de7b4499,417968063.8981482
86b2d3ad1dacb372734f810e,405791842.64391655
98abd5139cc3ea136faf7c8c,402352757.0390155
4582ec985de48290c5f1f5e1,583453286.7765983
312a6b2a57dc6947f95213a5,414413516.01129913
86a47522586da2884181f128,494161967.99419165
b41edc115f6b439caf392941,432432523.477367
fac682b61b813044a3e3ad01,427096902.5729896
63f4e57fb2cc22659e80d6fc,402747883.8888262
4310c7a552b20afd46f930d9,427096902.5729896
4f18341de355d2cf57a03983,430445223.40559
a418dbb6d04e505c133c6c1c,430553350.09361076
afce1d7c5576dc49c80bdabf,495021225.2590932
5ec12159380f4d1a85e8b0ef,459412426.2575604
78d10967c36cbf346bd58f63,527523625.1396062
f995364cc33c431b3c93db45,504038856.5669505
99b31d0b5d5ab75a2653b1a1,466200817.9818094
42d42ad031a2c62be9b5cdca,478719817.5988281
73d09646de4e0ab46feaceba,420637820.26206714
bef4759bfc25c7d44a8112af,478364119.2731546
c038742e427830aef3ac1c17,391291665.2571784
e96a7f5424558193663ef6f4,486589528.37976944
1af243eb63d893b1251f44dd,479963809.2827887
a083fd17c5e7c9d33540b922,424625013.5527316
549024cda1c093c9f8bc2ea3,356593932.2528256
164cf5fb9a759f2e4be67b6e,479829612.4832805
65ff6cef76efb4c83ac0611e,490623019.8523652
784b1db005d39c2f57666efb,493204559.5306424
a2f06081983f748fcd74652d,570340445.4728183
66e4f010db2febff23b4a4f5,516404473.39806837
9702cf3039b86f97c003e20c,539418452.0736212
48de5d43e88caea594ccd27c,616336090.9463387
6732c28a236aa1ccc0cb2c86,638031702.0049046
8a1d1f70adbdeb233ed3ec3a,597034853.6090697
c775d4f60fea55d5511da4d4,633498103.8235599
1f4109e1a4b47a9b11c2c019,523192352.5788653
31ef69bed8e54b5e1fb245aa,539418452.0736212
882907ccf178b23a02ce262e,515971621.71643865
2868ac4225657a13f6149e6e,757559737.390723
cf6f0a3cc030024f4e9ad06d,624909436.5422485
0a1cdd0d5c3c8b973ab1a98c,634483993.090339
0d099b1e1a314dfd9aee5293,624990518.8995954
898d1eb301c92ab6603e0b81,517497471.3046136
9fdf7d85fc65849cda3afda7,624909436.5422485
f5ee97750fd4e04eafa9d1d7,737557018.9136058
ef9cf29f71434be184a4ebd9,639997493.0583715
e4559824c3390efd6282960a,606024469.4943578
f8dc73052c66ab334cb7be14,747674481.541566
2e992370de3eed4ec1271589,674571993.3081973
e2bbe9221780d01a265e2ef4,650645468.8857625
b65a2a140ad5fc6e3e26b6e3,517207704.6091225
3dea0748459a295fcbd2f0b6,621958875.2156442
7a1cb1f751cd36bdb6412ba2,747023236.9604913
1381c0399ebbf19db3a11820,517207704.6091225
479b2c9c12602551bbd0212a,599922908.0678141
d463fae95232d30e0f78f93f,517207704.6091225
d0df2748d371d98d76408d66,640523191.0759938
9551dc6098b721dd495e5c57,634483993.090339
fa736ec3f2f066cba4328908,639555397.1559918
37fc4ce5dfff7faba6bebf8c,698720081.0335653
f336d60e41c8bfee91d58728,622691687.3284695
65e1a61d984712e76829c821,642754140.9224603
65eaf65f8dccb8e49a93b753,567693577.4110342
36eb8139a5ca1b8459eb52c1,800615023.6857579
c357cc3d2f4b45ca3e1250d2,509519909.0651036
4b75f2b374e8674e8b55eceb,778260476.3175348
9c20784acde0823e9479be2f,777600704.4482665
0f2aa0d9fdcfe894caa8fddc,968607267.3055793
23374ef76774d4f95f022473,838208929.7213428
4224e69acf9fb071d4cab498,953382999.4516233
a41d05f2ae3e022c16088bd0,838208929.7213428
9b30c679d7da9169580773a1,969403210.5721748
2795cdb2f4d568a782dcfc3f,977711056.6459434
5399af7ea98c97b5906efe1d,810477356.6911862
5e93ed2a9b36625c4450b5bd,833061949.1457781
d04d42ff91707e3957b4a29c,863964404.6786461
f32ea78bc5ea15d700d3c118,967923564.8397065
8ce2d6e505ad1da079f34a8d,826807965.2382582
014799b9ef7d5244fb6640ff,873630688.7767881
f50a72cfa82f3742189b7fc0,1039501802.4816734
8876b38f90f5571639b7d879,1033437486.4398075
239a2dd25f604c730136c720,945835013.3994782
db297b6ab332cbbba338e7a0,878494884.3310845
5aaed76349fc95f6c12ced7b,981760832.1230775
10c94f25ce3f7532bf4f3152,943018691.7414994
d0ac1f63c75987c92038bd30,833763915.8600647
db5ea791b33be91840a6d045,859092498.3624753
8627562772d9d63bac507fcd,954563706.993684
b1ecdceb6ac00b6b047c241b,869126957.6445072
f499c1513abf0b05aa1f460e,1047721715.0131764
0d8b0ca08838d1dac052d51c,970014912.4958985
c54a573c9aef013dfa2abeff,932034133.7655096
f02865ea64b156bf4cf4cfa4,833541296.9579755
087b564ba475edbea431d4e4,986791078.8022563
2d3236cf646f19a25932676a,932034133.7655096
68b547621c25c7418cfdf5dc,663047782.1547891
097a1a08a389439cc2c760f8,439163251.0011161
e9c905ff64c7e2f8c21b0a9c,398481690.36494476
464039bbcabc650d659f6683,562039355.9279389
93c24fa31fa780d28ecbc318,598529936.6629374
a73206cd21136b209f25c7cc,369494581.9182576
852a11f12646f0a1121824c2,492820526.8981346
61953f4c9bac7cac5ddda5d9,1075454496.3888042
5a5377f2d087b7bb183783bb,635589369.5097986
0a85c354c48921e0ca202d15,1319309383.432386
12f9d50fad58e4e40a187d98,1020158577.6522088
45ac018012e7dd91d41a5876,587524983.2888033
28f905e91295a47d106a3214,1186503640.482389
395e3718423aeac3d40494a7,620623835.7855293
1fd7e9b1e717578f751c21c7,651515676.66015
e8bdc4a088a6b99a538a6f0a,425406977.86979634
45b894a8b028be29ed137f1e,1443733643.645179
f5c866d489889ab2f124799c,636921968.4043994
3d0de71d822da8a999bb6222,440141753.36648643
ecd0b4bfd66fe04c278dd4ae,555366523.9477468
9a61bfe6ba2b8364a92e5a97,931262685.1931726
e8b8d0c4cb87efc13344bcd2,865094333.3830488
1f39ea319382fb0e41ead713,1114251585.333936
d61700c4ecc128290bc42d3f,357631262.87575465
d87cbdc4896e0e0160999520,347253772.47926605
d1281c9f037ea5c4fa683b84,344842317.3175028
310e768d2e8836432f8b3e97,449761801.39511037
c5498cdddd7856e99d21f52b,449625933.95902324
d3169d4a467cb7eac41849ff,628469028.0892135
2eeb4b0d7afa57b63778b69f,1201549176.7445014
7b3621124731bcd2e543562c,770426375.5838499
5703b4ab6e77d88f751bc6e7,765744198.0369592
2c567face144ca714454abf2,1332611366.7752643
7169b5a3b9a796162de685cf,1243219407.5793405
fd19e1b2e61f5efde879f6dd,813192355.1365991
55f0e95dc857256aec65ec1a,1389019056.8351097
ab03c034e2a420f395ca094a,452454327.8793001
ee3c0c7fe3fe73ad0449870c,1396200490.7461371
e59afca092e0ddaf60c9419c,745300645.3050053
99e48a46a1a599471d3260e0,400970174.33615816
419398139a3aa2ca2be3f941,453368306.5931603
54c33befb89cc873771c3be6,1202027782.045792
cb29bd3ae3d5da88c99d3db5,623677114.5129234
24258361a4ba8f772a83ba7c,695099425.698646
539c12d2fe8cbf950b75a0fd,427267305.2016786
7b81996f3abd287b50adf8da,705162185.3292162
0d9e73c14529fa3f1ec8a56f,573138960.5082867
dd178fd542fc716e32b4136a,504999599.1190559
9aad22f3d25e46538e1558fb,536318066.1559233
93df4118ec3536b312822d90,976701114.1875008
7c6319c04025c4ed6aa3f051,573138960.5082867
98e04fd660ca1276d1510a72,493281022.3345857
4a8eaccbde5a4a6747818d29,533148940.58487415
9f6ae3eaafbdfd8d5c0e64c8,729735840.8345054
5929c81cfde8ae068a8b822c,600223365.1713425
b94ea2b8b847a47140d04008,453719128.5445828
ac1b644a8d2ec042ca91f89c,453998117.94534725
8df9256029f526ca313202b7,573623042.0573564
e029511780468f4cfbd10d3e,454334194.0704702
0878fd8b66aeb22f6af2d7af,354739604.0175945
76258b7b7e8778cd60d3435a,541317115.0519358
d64a2ad3297e2fad8ce66197,535628224.5564601
8af6bb75c85a2789156b3696,402366353.077462
40db880aba8951909e6e4ef6,422210767.67498666
c9e20cadac540faa59d9aa3f,400001815.7829681
7d5459e48101349c75d43aec,644282075.5760984
fb0664d59b6333ae1861f343,940753100.1317056
bc6b57600fa9edfe13fb3118,678015745.1218524
d309cdb5688ff7bdbb682d17,540207092.7163486
d17ba799e68d7775f2104b3a,583196379.6057113
2baa6afba131b74487c94d74,486801598.2819697
0b7c8732558fc04f4fc51ec1,558489598.3961694
0d8cda2859d9903f6202af54,525797255.7996442
0f2913c5aa681a2bd45a5484,844369741.3838192
de6010c57fe78d975be38c2b,695605406.1951516
54b474bc7cb126bfe8e6c144,786038727.5138266
b1dea7d384760535b770311a,499228368.4635097
9e90e02c8ed3ad137e4c3abc,674865831.6939883
b59711a5971a3b482db4d9f7,488528005.4852408
2c37a1280b18e095b43e19f5,773279208.0716377
fcd7c10d81aff25d9233214d,563749523.4294423
c3b8bbc492a7d7bdd63da22f,660128021.4852333
42aaf6521fdf1dc9bc50f88e,494606008.77126104
3c268e9119b8027f78f91954,518790649.0242991
c8d5a0e9614dcf96a500206f,342032335.2039663
6c778557da9b5d99f90b1238,881464233.2319369
4514844d15690b7331fdb6cb,818281470.7159542
d8e981acf77bb46a9dbd3109,736517952.4841456
b940ba03ea60d4cdc5d2d429,956871323.7610383
4fab4e66ead1948498d2a4dd,404032021.29877084
a5620899d410af623a3ff4a9,1152883361.8108282
f45e3be8500d7bd91cc8855a,357180994.6061625
4b82eef445edeae7a55fd019,486926066.7639509
29881785ae39aec014c4982c,612596276.800944
0d9f91cbcc9339146bf75bba,433129358.2635357
b839e76df5d73e7d53691707,661160558.924244
7ac96f16bdc50ee7619f3548,484941988.6547015
a102a0a268840439c2c8f4c6,325092294.23176396
e1132006785632e4ec5deb02,366836274.9883335
a041ed3fc0b60fc4ce3cf847,604859877.995437
84b758716f47bb0f4e4a2bed,430530077.0569237
84394774ab45e0c8b733bed2,445355469.02495384
2c1c91f2bb4d9dae38a44360,434427266.1396865
8ba9304ea7b8d2b071bb0699,671194159.684764
9a76cc7c650230c670e703e7,825914411.4932673
9b0833992397c6e50b54715f,854617233.7947083
6f192e6a537c1509521e1e8a,1028460272.008757
d1668e2d35a939ed126a3f8e,796974778.8805383
a17807447696896bb61ef8ab,953619010.5323405
d043d368d2584ae95ad3672c,761521821.3804955
7f2e3f2eb5abf86b56897250,712303738.1577611
fdb1cffa6b7346fde667d72c,386888078.6159767
58a3a9f44bc7846ae26413e5,518149786.7998382
af230af0c73a5f2b72787c1b,979921767.2396561
3cd5562115870363ed5d7558,590711912.6225021
cb9d8fe7c18dba6827836403,783393352.1339413
742fd57dd463c1b5cb79f63e,753461960.5216147
0d30768d188b6bb53d599ea1,890034143.692162
c455b8a15dbfff94c2909f37,419376251.0489571
8541eec88f0dd8229b4fb041,444590608.1031099
54aad3aa4a166d2d50df48cb,873671544.4573333
eb9a59d4e85a3f124e866f47,1000872225.8589906
d65946f9c27e417e6bc60057,365277802.60859644
dfbb0ed74ed85bd186f40ccc,363897115.82258815
84b05da6a859ff5384f37ee7,404217187.2829983
e2da7c1bb33be76b86b9a07a,677926487.5973132
456243bb3fab3e74df21b5a0,677901248.000322
a947c2ea296f1da3d10b0a06,469851980.65669656
3929df6d73b3ba01bc018476,400429155.81286424
ce44699aeddaeb77f23c9b9c,1032205237.2864317
3cd3537b5f9475657060cae8,1211313215.4184616
4520ceed2e5fe3458850a805,1032205237.2864317
00dea98fbfbfeae74c513bb6,1099318908.819476
16da41b1128c039ff8f83919,505235473.6200357
111d509185303ed970d710c7,1203605114.2560313
83ad1ce7ef6d70842ec986f2,438909442.3047391
74f8ffe35e8d3bc9be725d7a,385329608.77652025
f5e7ab7c2edf566fa22501b9,1022728144.4787544
2e1f3fb2323fa16150f8bc88,392896603.15874445
f8bf37a8f81a310e299385a5,491071401.0574708
7b71229680a50bc26677a427,644770370.0986685
1f7daef9ba898c4d8ac1c81b,429876822.9337005
415b68c7a5cfb073676c443b,453326693.7588976
856559e93205dd1561d8ada3,604907356.2896568
6d534e4baa1740d7839664eb,462875909.25778824
9ea78159ad117bd9c0b04291,620755014.0956103
38faca2d6e338d328428f986,414184440.87164277
fcc6c3c10bb52776accaf06f,478315088.5460353
9120f0e5a6f505a2553bfd58,908791674.2784146
583a8d8c5d7fa63125f62155,765103804.8526978
3d04304c8644c81114c36f98,402710760.78350407
21fcb5c7e497f0580b820379,678348665.4142374
6542b39cc8d2d13dc828772d,629328052.0457666
091f6342ad934f4e7f84045d,950336776.5304214
fe8305e287f6a8e7899c9459,436462962.29903626
d4492ffc4aaa4ca9c4dd2357,866064494.8154435
319b9accf9980ef2ef81099b,552422346.7688754
fa84c07cc90e2a2058b57c9e,359154549.20563567
c4749eb8f59cca469236df01,450798025.68004066
b8a5928cf1f7e704e9933bed,678348665.4142374
c2ffdd10fe424afa1b09f31d,408475375.7656262
f221dd5d745def063eeb7258,631290031.8463335
319ba1ec06c9b6ca6990f4c1,1137805588.9734905
29e7796eabea247af4e8a0f7,484106001.11105335
ddbca69ad74877086c4110e6,532873811.3510934
c858f0f3f5594e7bb0f3b6a4,1137805588.9734905
88ae3f4a8ef76675c66e925f,1137805588.9734905
27e0810a702796d97878c34c,457341573.1630051
7450139ad1b39b2a380472fa,778882977.8038964
35ae7661d8191507cf9e7cdf,572931376.5641866
93b8ea95ca1c1ff3881d91d2,373909536.4139168
8e4709859d50a75dd08b03e5,660064497.4917157
7026113e0cd7b2d17f8a3459,660291198.2773254
9af956dd8d83bc715592b97a,410688275.9913613
df10ecb67d79e645f77a90a6,943939544.9044617
14feeb619f409386e6eaeda5,499877729.5427296
1a6b9a6d92ec5e905ac97cce,487421647.35644335
057585ba19d6144408d4e2da,454474429.9434234
72699647b590d11ed9b2f2e8,370406149.4889489
cbc99d6202cd3a31e1c14a16,584409493.8580254
ce1d63bc4411a615b816a76c,821207150.7584807
04f0fd25e2456759753bd2bc,469709208.4402642
8c0154eb5be437746213aec8,1062451764.9868013
e23017438478050a655f6d67,786138816.7108076
8f0b6d6dd914911c7e90d302,953545248.0851698
4b38595746dcb78fbb459781,505735272.69185114
95aebb36dc0b4ea86db49492,1293923850.4928622
f900f7a9c5e2ea51689e8992,972940088.7909479
3fa0d9e247f28968a5bf8476,538630904.5068883
1240f50cf2d8ef1d8713e671,436992824.9316627
14a55e5887af840860b41ddf,390591948.2270223
3ffefb3f453c54585fa6ef22,844649182.4878204
c3b357d17afd631df02dc39a,799870277.0912807
a15aced0fffc97e219f99545,336392756.25823224
cf707785919dbb92cfc7b5f6,1196419567.3864055
70ebbf6a402f0f707b893979,742510234.7941463
aefb3cb6ad2de9ffa90b9534,637671183.4752533
b2809471a0164e3d41b8fa60,1104983860.7086446
6d11001f164d81734a82ec1d,490188884.93200266
ad71acd782a4fce4d9af04be,507043754.6387296
ca86f53a857c23b15eef428a,548723495.6987959
580452a616b4f5170eb628d0,765047317.441276
7dc609a3c7a3ab1f9a3146e6,468135199.8346328
e8fc9a1fd4b39f946b914398,604793366.6690468
0d3bc6532812ea618d154bdc,1219664828.5249846
1ee436f045a0662037f9d2cf,718103989.0548757
8697b1d337145af0ef8e4619,1166299392.4985435
9a08127164a0bb61cefb3680,347271114.2757804
e08e1f260e5c3231c49e5a96,460873507.4308945
b96502e30fecdfae7796f1d6,665712899.8759668
a0b178016cd26a1d2072e7fc,490816794.29121196
5e3d7da3cfe55ad1fe609579,921645881.4483662
30f77637dd52e728efaddd6d,990934317.4713018
2202c5c9a16b771d1e242c18,913036040.3474078
3dc8277f29d0a2406fa25ce1,808722337.2575473
a0f86ac00934b57d85b44dde,781346691.1728786
9168a08b1fac4c5448626ff0,732440528.7395617
cec8daf847f52cb2845a9f58,1002383809.9218653
ab7559b75b340275587e50b7,1350941215.629503
a392f7f9ace844d712ab2b4a,939099840.1757054
dd21c6799a32ce6ef27f5281,820668103.4608188
275ec6bd936600c7eceac599,1096887690.6101677
978195f1745ab7e3d69e1f50,995518796.6004183
0e3f82238c54e85ca4229977,774633972.7220315
bc168cfefe964762cdf8755b,904933853.3889233
d22d5776b6305308c9e774d7,625321590.730411
94d3fe901550dd4ba77ffbaf,938943820.8279388
63717ed97f95e32b2ca321f3,1099796098.2028356
a7df0496d6ce217fadfad10d,819417125.2221928
51a696388218fc2e412f8806,429313933.8009873
a918c218ff761315988c6335,790872846.4913359
d3609eabe59175fcb4441ac2,1338711922.3362248
8af2e264b801b3e155e52be8,1135516720.7792046
76e4ebad138d50c690f0aec1,435082480.8765398
9a9553eb431458a3e30fc672,502732557.8019967
117f37774a78d65f9e68f906,459068722.55833536
0c8b133effcdbcd49d52add5,873918850.6043907
5e8b2528c1c0a5c12a476919,754399917.1089363
38d6842c2807d54f386bdb5c,958026543.7011322
55f747145222c070fdd50175,1084339181.9698074
ca7d715827b39c417e5b75ad,587942972.1347542
b219848e66fb065d4d2441bc,898891895.0696253
a04d3f4eb8810a346fd29ab5,1056290300.1272508
0b06da0ceff947975cf8951e,1290759388.3777459
3f35c44229ba13940d8a705d,1200547636.4215786
8bdebb8914fbcaad625b1764,379205006.96793807
f4635193372f669612744011,1376795855.6238108
611a369172eb6e3e2e4bdbfb,1160713863.6924415
6689af92cae5d7c9c3e2f215,1185002855.9277067
e382002b0685aabb01891743,607013215.295622
edbb6dd10f8c9e7596368225,515317471.44378465
89b0592a715c9e135967f947,764883865.2042947
a67c6f6400a176e0a07d6772,641658459.1091528
5c6e6dae74e39d33621c7119,593990427.5592569
0e1c100d8e57de8296363d6f,502329920.0143486
e2e639b53456889ab5350ba0,342632936.1387502
93acd9176ff299221e0d2152,612321288.4680471
cb482d76b3b4904c595f2dc1,483108561.18449116
a0e15809e0a284fde27b16ee,755209188.1519539
9a958690c3947f5a8f05cc80,697759916.0516475
889bd77c8271961a6e4925ea,661375513.6749916
dc082fe46a714afd43b9dc19,633243124.0601946
99f8eedcdc31cc0ff6fda7a6,474724634.66067535
dfa744f733abef97d82dbb32,664611971.1934966
d50b80d68eb3b928e4bb4317,440238095.0952178
a58acad50184e66794d8d704,428894785.7695109
52871480f7bdf5ac3d785630,775567400.2317035
8b083d7ac086f52fd2942a82,627596563.9234294
301ce25214ddb4b5144373ef,820758060.5269464
6d76a22793aa9b571da64572,925609642.9364133
d7c48db0385bdbf7ecb7088f,871653389.3236395
874e2c6f3e9f90db80d243d0,484556262.47027063
249667af8d0835c9830e2b37,489966363.31848097
75d3c9e0da9a24f4849f2078,382084126.24712145
9e45b127ea0303f973bac9d1,406598487.9668667
daa0be53e7a1d7ff76f32955,656460860.7041047
bf7463534babd284da6ca671,341092883.6610357
0283890ab76b10547b27e634,533826352.2400648
5fd213a5236154ae5206c372,1232339764.9614449
317e95fad7d399673719537e,1246697641.402919
fb14ddcaa459b49a3b30eb3a,944368136.7571433
4cb5e4aa83c476a5b71d77ce,865664830.8455193
f54d358d26af89636906f686,1275665643.9994118
f002603a6990ec405d82cc47,1202027782.045792
e3b7dc4e8990f3cd436bf738,514124324.7741367
97c799300453ab511bd06361,979988812.0194063
3c1ee7e502c6bfb20873b47c,444429891.625367
cf7741583fc5315ba70b70f1,865698947.6858841
36a0a1f0432c954604825b6e,502290711.0120081
9836bf9b64f27104c7863b79,542156571.7162412
68a3f9ac977f56cd39a6a1b9,1364381582.5893664
b676ed2d0af6807cc2b28ac8,1229016339.0163853
430112bf4fa9324f0149a879,457487952.5962635
fa00e05d83ee890a38c3a686,762439397.2233888
7d503f126b5863fa0626d4bb,463473806.53285
ec03a01c961659f2cfd9c973,603644781.7298026
6a112af84d5a81f3d16dfc32,1114019060.362181
4c5d3dd8802acb9ee22ab912,1002530454.735637
d029158b36963961fdcc3974,754512256.0953889
c2071e85fbffa3d2c2168319,942596473.8964434
60a04215bee81d26f20cf0c3,906343999.7278767
6d4a961e099de1939adc6496,794649148.9860396
2383b8bc2cd3d307caba34ba,422246179.3831327
d9357452fcd193b6c5284bc8,1514133494.5513625
863f8f2aeda01a9fea1cb3e0,1017349825.8464692
d1a6132098a4bd640321c7d3,1041524022.8232906
6edd2530070918074c8e7d07,1041549619.5108495
1cfe7df5431f3dc6a9289551,1394755561.116412
c617d1f15d294f0b0aea8ed8,437782106.9815828
bbdd78a7ed332e679c8e526b,321351330.2877265
45969f25857aa7263927b400,1088066371.209804
cdacddfdb6ce41a3eb752496,520712546.57982844
3f87d08afecc4aba03587848,1446151941.5030477
f21d2c0802e3858d493c1984,1087765455.613612
660f3f9ed9a72d8875a9efcd,1002821072.7342973
04e29dbe2175919265c82463,1016540202.8347993
e4082fa99f92fc7a89092fff,996080261.4338017
05402dd344c77623fa053ffa,1425387994.7581007
c5f7f0323f554a7419f78359,797735078.7799013
501193fb57014ffbd7bf218f,654951761.4530925
0922cc27581d9058e55a2239,529652234.3427876
4dcaaac494053749f30875fa,1492080651.741217
506763d35b04358fb0e967ff,702014380.5042857
8c40078231bf7af2f3a06457,441286954.4958005
53e14e867f8b02c6043ae02a,468985524.1403874
2364014bfd851a68a824d1da,1275481219.0382895
f788ac4a8b2a6dc11c458c90,678211592.6613666
093c849ad2bea8292c4d15f9,1226453861.2345893
71a8b68f38fccf71a229df76,494255286.89104974
ebacfa0a8e569ab603cccd11,444788667.0023485
c963faee3ac527dfab08f61c,621883403.0298707
ce3deac5963eeb96826c14f1,771240029.7445701
5607cef08511dbbf3288a5bd,531941919.8185988
8a9e6d0839f9fabad2fc3214,813122414.3387853
ff03a8cc833d067d439b9903,753709530.8300891
d3e119e8fa4d96abaa8c43c2,1143769310.455799
25b893f6073bd66258a9cf03,640846369.1061003
0d70ceba3aea278cb4a2082a,836522366.645
07f9017eb4b8c169eb9de536,1066161942.1439929
7cad62cfb4fc3ad9acb09f1f,517821521.2190475
41d174db6f695472063ceef3,532891106.7427381
4ecf579a5d5e70d3b4314ef7,920846009.7787172
41df29e27c0bbb52aa8ffe49,657444621.2699348
cd77cb445eb0f72df89b9fb7,441271772.04202473
65766c8572b629744f00b45c,468026562.8102243
946eb4523f76bb23d0348309,635035932.7662387
453202a234f5b370ae9e586f,462834207.1935792
4e1b5798dcbed1842f260b17,759579123.1094335
f1cb3c0b97ae1c6819fb86e0,1025643759.1516875
24a89527a6744456750baf54,583960141.2543613
a281d59b685eda4978e0c84c,672695457.0682428
6cc9d912370da36c38ac2cbc,1472945831.5994062
10563c278e7ce8eb2066d398,833758234.6242348
a1b0b8d18cd78b7cd555dd55,839592592.7059145
3cf9282136fad24af0f7ebb1,703935734.9923217
077659c14c3cebbe192f8247,1156885973.2410948
c372834e8e7a4279f861aa4c,399832005.9543353
29daf0d5008fa9e3f0f30132,371847786.8528957
08e1ad8d1f0be0287a395ef6,511057469.28570694
19c07fc2b01a0edec4784e64,646144485.9503828
c2b5216a8050ea0fe4008f59,775407999.4002261
29cc054742b256e6fbc6da1c,764361872.6450328
755a3e09dba04bb6ba6c9851,782331245.7526876
c98157c582392cb895071f28,999872326.1363508
84f47e531a916b7f7dc1f1b3,749576561.2194517
231688922448e4d64622120e,544497647.4955846
9c7c68df14c238ce0b497dd2,1251416628.0076623
d5e29042106130114cf3694c,439111693.7059774
08d4fa42a34c74c94db5080b,826979461.2654287
e89fbcbd4d3414e30c30fc29,1149201737.3038378
22af7bb676cb4c9ffe014506,385943230.9035527
b20d6ca58e91ae70b6e0a1a5,1262917723.8178155
5c372bd1e01f3243256e27ca,417826055.45666647
1242d7e61857ba8ad285b6f4,1464488646.3370633
196ac46f656726bcb8087ba9,862194243.0963575
ae513b65e06b69e1ff2ad8ec,423357633.9113504
bb26b45df6a70b6414958912,407283605.6070627
9425283b41165156aacfd43b,431749605.9016451
689b510fa99bda54284cfe7e,715197328.9113992
c57d333e383039db0fcd2620,887204551.4614811
86e98ed0bd2565b661b81ef4,1675697607.6012537
0e694269bbff1e45395190d6,1257218710.1734984
6511180e3128e083bbbb6940,1046310594.4309316
59b271bf9e2d29ed35352f5e,436106134.92333466
a4c324b1353d2f7ea3ae9727,436106134.92333466
193ff8d291a9f163a4f3301b,463850397.30803996
8ee4a7cef562d388b8444c29,336448833.8645077
53bdf5c3cd800459acca551c,429538411.9656932
35ef99962cd5984ca87bd326,428986064.63126296
dc33d5ffcd2aa2b7d56d2ad3,442177711.4226243
05c47739fa4c4f00285a2c48,1188407113.4468527
a51d415712d8d6c8add7009b,1314181076.2948086
71493c81121558b8ba18c1c8,407283605.6070627
853a14b680761098d4bf6136,607710954.4777315
c9d5c08973c493f3acdef892,406211484.9213388
7dcbeb0aef2e2cac0d73315a,402162824.7583489
ae5a4da0000f79f12142e2a7,505581025.44820046
1f6050fd5261a2d21d5a178e,406034739.4211689
e3f39c6e4a41fbdc4bc30e0f,495762209.71280193
9d157878dbb41c14b52a956f,436105532.3154851
e1fdbdecc84b991f582a2e00,448814465.91881645
3a26efe201689493724ba464,594117119.7398318
6670cde3fbc11c263c6c3163,506493889.6295556
780ae52ac9eae675f6fdb312,409962089.81587374
24f22d76b86498d5c3563288,493292388.76993597
fda25a0b6b9f62f92e3ea6b8,2467113.743717294
678ba0c80536dd27e385b31f,439652881.277828
ba0d0663943a118228fd12bf,469820651.2940873
81ba4b47e9222c15c4102992,525567736.27095497
d9ec26c1c3e1811e38f070b2,491946441.25683975
aa850af0c6203104e6ed02fa,442540417.49776095
c697ec00214cad882d5e9812,486010346.6605343
4b193d78ea6e3740bf37b36a,486010346.6605343
08c61259a756e617d976e8b8,817813618.2034533
c1c1dc8df6996a94ef3c7d33,459424607.57811046
3fdfa23ac43d1df0503ccf1e,648894966.947289
bd4526ea5b404df442892788,415331367.4059365
1062419f9cf94418ba88b6b8,419279291.2654884
1102f91444b8e1abb636f1bc,610591538.9190867
b96b4bf38bdbd61d4dd0bde5,958237270.1646587
45ee2db87e9ca0a1a9faf050,537331345.8382608
556cb23459a9007127b3ad46,824921623.9305899
a613b18945052b4576595c4c,701727097.3684655
fce385656705a8f4389cbb6a,1082383320.0538142
bdac560af3e155db33d13d57,461150202.0926005
fedc2418db2353b7c97a260d,937701702.13519
4565bcc95c54bf0c8d376eb0,921858137.140999
5fc559104e0ba1112ce00f5d,1122995727.0718634
74fdeb4c56b29662f13aa8ca,982101391.5072006
fbaf74ce4c2c6e88950d3fdb,650489421.8590229
5de0f045039122af0052c544,877985839.479249
e18337bbdfb106a3f1739960,605883491.8866497
e1b9ae3e0ce3da16f18e1079,901048970.8056313
a57435d71ccc5f032baee302,560479805.2449175
fc5e8e45dd0a338ab5835428,901739093.9067585
918bec54bd7587daafff66e9,1150672808.637793
86137b9624049333f7e0315a,1385981835.6678295
0fca6767d8f442da1f8bc6d2,386664808.3070088
3ea5478270517f299b20bd06,655968110.9328985
dfff73eccd591bb26453eec5,619214541.7465484
e2dad5c148ecc797018439b3,1339742335.488983
b5a62d480bc544f891fd8521,853135729.3232105
cb09a84a1d7b929607d01ee5,618929796.2685361
af067a8546e1177eefe24916,604908141.4548908
d6f9abcb58befa3d05373a72,631795087.5914577
ec2f16aabd36fd9ee2203276,1213050635.0734043
dcafab7adc7b763bb934496b,512528560.90720505
ede43dcb1715b959ba34a37d,559003492.6865889
40dd67aeb6e9979211c9345d,715026239.4996746
31f630c44db4be5360a57640,728944372.2468363
ee8651631861c1b94283a953,1322202758.2997108
b7d245742eef110adc91b5fa,917444553.6707716
ffc49242bb0edf3e22076501,988583554.0339041
5c5963c17bafef1a1bfd5e03,840606650.346386
6c589b7e6a3cfad34e98bd87,949963436.6247395
71ab3644da08b8cb0a0b34b3,1019628185.0473557
aa668782ae5d0c16e57193fe,1217299006.4421332
46673c69814a0b3f25818dee,1480314441.0566766
b2a417a8d2440f9124fd2ee8,1047874365.4050952
3e0ccd899ad73579898fe73c,1165946267.966684
e6f2c7d7317fd433e26878e4,1087655035.3046122
2d91b3a8c62b890fd246183c,1066732088.1616983
fa653848d69ce620a41a73ac,1132965456.956744
3b6c94e3e3684eac73b3e7f6,1263186411.7260506
a6a07d35b3834bc6f81beb6d,727262667.1370952
a39617b7adfeb6ae7d5ee5f0,1196612836.3415146
95e5e774dac6f0159e8afc0d,687002566.4263322
995362e3fea8e54538ac135c,540287039.6676117
42525c57e13abbfafe9bb395,1475033754.984758
1ae6fd60628e7d186a5e0174,455659354.22193706
082293a465231208059c5d53,455659354.22193706
732615f6d1526ec9bd519eda,495663871.674976
99e9c4f8fd7fb7929da10a20,353116288.283298
1a75e436fc23e7f48e639b9c,502834889.5419229
54cdeb67ca9ea56205e4e533,839174279.627347
c412ab869616d6576cbb8309,513871188.1388743
b17840ce59c9d9619b46534d,409247752.2925674
a14f071d8e5c338d9ebed23c,460425470.5657503
84d8504f0e860b0760c3592d,665143228.2623729
a3d03a25f84f4d50d2a308b0,514426123.9773521
bcdcce01d86d648c4502d42f,526479739.3920073
33379968a83c8a90c23e77dc,436122283.8123167
ecc36a3a4610829ee3f88993,421748799.81869614
f4eca80958b7a22922b0efa1,414178340.5619792
3b4ce006ef95420847da20b9,400711103.38636065
4fb644a95cc04f7bc6cda786,334356288.1586299
f8fad48343ee5134dbae918f,334356288.1586299
6e8e08e09da8dc598b8a8b2b,421748799.81869614
56ff1f7e81fda0c8491c354d,414178340.5619792
444f102b4d54503044154ff5,400711103.38636065
e0eae2174807cc7ada38c726,466787009.34324527
afde90f91b01b0282bb94335,440962964.1161594
1d35c364daa0f021ef263c60,309227697.05330145
8c47395a28f8177923d7b75b,409586919.87865496
98c98982020ba42198aeb45d,793792193.3037012
ff424474d2d10a2c2a1c1892,494905279.2934253
971a322e9087b67650689ea0,1141269512.9164324
45a7517c4d29f5bc7787dedf,906859815.1479753
74a51274abc8358d628ecfe4,990392124.471158
11dc32d92ac579720303c019,762112680.4595338
4c25d939eb3ec218403dc4ce,764085344.0741024
55597a7b8637f24198415ed8,1615586981.0158021
eb7173223a27076d16b87f33,612549765.320657
709d17b62bc95253601f243c,876598117.9379765
fdcf0e439ae8b2ff5730680d,1264026433.2355452
2524e62e917e8a1aec5c9c26,630335742.1085742
ba601c13d20602c988d57246,1170014547.16137
397a7d1cfb809e34797f2bb4,681976439.3571981
b54d3ce25f3f03cf3fa0127f,469964826.8325392
d51bcf03d649839ca803c357,405418314.0105613
e9fac47a0f02f27abc96d568,1269958879.3662064
a52bd93aa6b0d965914f1101,1071326218.2120078
16601a92574531c1fd57a359,434962616.8443448
0e64230b70f4a227b444115e,907752463.2816285
ba2118c330e19baf4f3ecf94,859514838.7355342
055e29f236bb61603d4ce9eb,846678890.7324648
7c5c0f2d9a0e355069fe1c64,1139897176.6040246
e781547cf6f8cb4ec0742b5c,700569950.1400189
8caab74ced535ec5e75acdfd,415969416.9587096
9d64345229b60ad1853d94ce,423842552.03496933
d128186867f91603af4fa481,595854414.704662
f8fb6d1b0dafc28920393dab,735278399.3626615
33b92225cef255b0e4b4edf9,399283571.9280931
7eb78d4dea434674a230caa6,826424802.1738569
833bd3c8ef9d4da2f304a94a,858485243.7209506
331f0957d55d7f03df7fdc4b,1575492928.1827254
cee124f4b9031f59c4fbef47,1021172288.8131397
8a9663cb622a55f2a1a8e3b4,1345076532.999756
25d4a0ec9301ba5d53deb780,430412773.7210879
38d4b1837c595b6d9a23e994,1540636179.9711847
a21923caba05da05449d60f6,996631442.9664385
63cff4b5ebb2b6528ad34cd6,1143012676.1964483
948c392520e1cb3a030ce86c,1362778931.3753402
b2e7fd7bcd93309664cd225e,1373358612.9645612
9d6be7123f2c6e610971374e,1568266352.5444436
3676e34e4824101f3fd9aa2c,688371888.2815789
f849ad486e84a82190675b89,702276801.6743271
2fb8b2990751692b8ef1ab6e,778149573.2025095
5155f70c7f8978e487e71479,1096437661.3425412
4f076c220dad47bd9bf248a6,858914396.1344811
480041bbef3a540df2a36ea2,1205826342.239422
4ca66e564ed478d06c471357,904999256.2944996
454e4126257189bcce9b681b,1192525937.7340071
10ce9c7a0a58aad19778e5f2,1054373121.5288948
dfe8e2542755d41d920e28b8,477865097.3055759
5115b0da9c95559dcee9e58d,1122543079.7859123
8a0053376ffdc75d0bdde77a,1032205237.2864317
5688288ee38f1a69894ac77a,701529246.5543314
1fe514ada76363511cc79105,927597724.559475
885a312d9a5bfa8a8db5279a,565617028.2742229
c716d4dfb5a3c2e1120bd84f,618681664.5167787
689aafdc12fd1610c2393a6c,602263115.6436505
c0c4ecc8d3aefc53c4c06a38,749001155.0198176
30091c32a5046d563597bbf4,491712432.70536256
2e58c9b6fbe9c57c83bc0aed,1132626782.8350308
3f7c5d8304fc650bf97247ee,605999118.4778743
56334a9db3ccc24faf138edf,431311444.66701454
6d0680692396c07afc1a260c,667041154.733134
9e07dd563b6ff4572f5d9031,836172363.8313116
1278c9fd86258bcb435e7127,765440732.738542
acf0f98cd8f8c8ce06f30ab9,1359859994.8123786
5e3785bd517f4faa2bcf43d6,811432931.6658019
cfc61dd41ee5f5dcb76bacfc,564677968.3826016
2f171883b97d9c02b90f93a9,326512322.7496843
46aa67b5e0abe39dae442d76,326512322.7496843
50cb49d65d04a5d166f96e3c,330516361.75630397
06c1673c4a7444e7aa80abb7,405487299.9575136
53881f29c7a6bef0ab537466,532691914.25309205
2b028932adc74c961170a4ce,317207538.43276197
f3a1bbe01d265470a2d7332a,377888178.5021071
b42d5b5b38686929eadd56d9,558321742.788966
bafc63f23f097c24d36c76fd,549738810.9580212
f164514211012e3a1686b148,462367625.86489695
82b90288bffe8c1c0b5a1259,430577641.6572636
2fe64bad1bc8a43fedfe0700,490231942.51137096
da5b958667b31f4f9a1d84a9,405062656.1410962
b3bc9a04a3ebc1b911326735,834399132.9237345
9ff3acb07666d53f00d1f1db,491925522.6992932
13a44ce5066ce00846b59ae3,961446672.5401233
bb45c98dbab56e5abe20ac0d,934426919.6289194
f88bade1cb7ee0fa643f31ad,583042272.9437256
e9ab6916a79b4d5182d33bf5,815148713.8787124
144162ecfcba71bf09048dae,425557715.6735335
19466034c2ce19c24a179fe6,475774240.92522544
3787f6da3e961c0e10d30e6d,981437079.6398238
908330b0d2651093c0bb6719,655089112.2275165
66b7baef9c6c3c7ad24636e1,512604652.6852757
69cb0f3d422c2c78373c2e0c,726265130.3542548
1e866483995b30ec7f79d9e8,662538227.2352579
866f2a55f42cf30c4105631b,662538227.2352579
fede7e1a7a6f23338af6f40e,981437079.6398238
7447156f2967391975d335f0,475774240.92522544
08451af5a81fd6a63c4012cd,409748888.20785713
f63608198bfcc858abe1ab0a,794778931.5036496
e9a0dff7ae48bd3fa2ecfcfc,620652870.8243159
cc97f62e2fb9d3e31ef1c00f,465146080.21773547
ed40f198ace8a4405cce7a1a,811080643.2030792
bf17b59bf2ac2d06894bd786,737331297.1270654
e118b149654cca1c0b3a58a2,1444121889.977002
7f9bdd2157f6c3d488c77ddf,651317686.6573733
9350225547486ad75c0b5ab3,966295278.3692367
d1166776fca47427c77fa8e1,696341102.7746953
f719b387fac4f688b57dc646,1137644838.2608151
6ce8991a39ec7b9883f85000,1205759904.4663928
353743db4334fee80ac08d0b,732436272.1663089
372a3934e8179422b5cf5729,814630442.1209433
81516aa72c98ded9223db098,1139606210.221539
9e80db4c35139bbb18775644,783031182.8276033
12ed2c22a923c840ef616a3c,890609429.6489342
7bc57b136bcec053cbd073f3,1082150850.173285
77a06084509952c6cfe8f501,432931964.8056332
73578b4214e2eca83b1e70ac,762082966.2276218
527e571030a7d8fbbf1a41c4,577218922.4918509
961baf163a07179bceba67a2,625613108.2339295
76b41682fa6953a3b20d3f27,592465800.1760461
cceb25e83ecf22252aa92d2e,665817662.87613
210ff5d4404ee8578a5ecf9f,612953778.0962878
398274b1c46fd88151420c6e,397478876.29968715
5b328b80dd844db2e946302b,346709507.09011406
4195fdfe50e42e9981fa2f4f,617468510.4232118
2d4031f171f965d7dbce0ef6,744637139.6722708
fc1b713d5605b0030421d5a2,1219917086.9787552
cf6092df1f22a7c4b8ff9d50,526237720.3264672
8dbdd7c8971a514eb7cb4d3f,665817662.87613
c197faa8bdbd51c075a6d3bc,608279097.6081648
1985a2a5c3b2b0c7eca22afe,890802942.0197859
92a1a8b617b6d2c3669167a6,710427211.2261038
2a330fdcebb247d6a6fdea23,570127928.8412553
c3dd975d0aed59a65a784e47,798256019.8236774
608a2339d558a6cea9478756,708133478.0529387
c0ccf6d535d1316e37e1024e,979838695.3580303
229a7640d41a8b8d6d2f8f83,774326639.0204372
e3950ce025371da2b4ad9db6,897111344.3956683
a7e41393473834db30f2c1da,682303012.5163432
7dcd1597e11f83093cbfd7a5,861414160.6002722
71235a69058912dec1d355a0,928016559.7406104
349602317da0e456d88fe24f,833509799.1839347
ddccad3e5a4eaf791ce3a7c9,550802539.7432604
776d7d1326576f07762ab3c7,545957845.4809897
1b88c06bb3c1bc2bb39d1b86,799881503.5096911
1c5c4f4c731545aa3388c554,576616864.7629136
aaa67089a753d255215c15be,392742526.0432964
d6d5717a4b7e2edaef162b6a,662106047.9077184
0ba20e953e8e76add161cd6c,406954606.95715207
13c39860029403ea94b5439a,1075275788.3556943
d5436eeef04e1a8e51a38912,370520045.3690435
21f00ad1214253dd5bb97817,1450181111.0542297
5a3119efc021fd0f102ab958,444781919.48256636
331c515e7f0dbb4460810999,494686498.1098583
9e360588b18cb15aec3b6609,712635502.5939674
a7cc7d2ceedf4d69664dc734,469357319.8836163
4e78cffaea2008f3919ba0ae,459767087.1800627
452e0518f7164287e47e6354,919733102.6952957
74286242739391c4eaecefbe,561898106.8188304
df06b65985649c7107b794a4,461698360.23299897
b6a21387674a509514fa5518,1125820251.2759125
6752fcf8f1af18d61124e32c,768185405.8380255
a7e40088cf53acfc65f4b3f5,1324230448.6081052
61b9307a25be3119effbd0d2,352466068.63064224
3061729865dd2d68858600b1,418248873.8819825
ad38d5660b6f1eef23b76039,358224191.8823131
1d493f3954b15e84c41afc82,368814122.1934984
57744cb947a923584fc6bcc4,399199744.1959598
16f60cac352cc0d668d226d0,350346407.19532156
accf7bdeeff29ec7a209c509,353145743.08582175
a694b9ab05641a6325764e63,427096902.5729896
bdeddd3f84cb0ffdd1fc27bd,438085631.7276131
de9ab30042562789601833f6,423846780.27289045
1a95522f43288e32addff2ba,411042087.5821944
3cc722d5c764ac261611c2b0,439476295.1002105
aba85a8a7ea2def1fdd18587,418479897.8341069
b272c1025cf5c1e1df47042c,498973296.0153767
5c449356b8b2d7e0928cce59,428348588.9714871
a56d3b5bc13c9849cf676750,431033089.4558498
942c934c0d41ab822d60c795,437407715.7618707
b0fe09d086490092f1690fc2,509119775.0814145
7abc8a11d3d6c905de3f567e,362144412.14858675
16716773b2a43df0332622bb,438285196.0832005
98fdd3fc6c9447d0f05eb1c0,536791243.1876991
a59f39373ee368259b441de6,505870828.9304028
cb778195c5d61a7c4185424c,674722866.235898
c0277899d5f185cc78fc4a79,638031702.0049046
44effc9574c74ea4ad98ede4,740762495.8327166
e2d00e4fd93a02ea81895355,502370821.9323131
ab405cd390c0681c3c67836e,493992910.3557117
86db204f7ef6e0e0e6687246,733786470.5065405
97b791fd94b2339ba115a75a,597448707.3037595
3897d9b5fe3a0cfaed7c18a6,509152600.2124438
ce206b82f2de3793156baadd,602572312.4032779
2c924b9d45667f7168bae6ee,564534856.4886426
358eb586d9649d20dca9bfcd,610328938.6116759
71b1fe15c5bffb750c99f648,622128046.5789996
eca500b92ff96f10ccd45e54,655532473.8510416
7b63445c5e1ce95bd12c31ee,597045717.0538192
97d64459dfb368b1f6067ab2,634304388.8858799
1b09874d5a3e4c9e0d544198,617912941.6240402
54fb79bb019bfd10e5481ec9,642599084.6334801
b3b63d292523ce0a925b871c,605913239.9689646
09759befd8899fc1e359935f,628531787.6797718
62e0110b1c8dda16cc7da89c,478538889.466575
d98ba43504fb49a4f0bd9c05,615794140.0827919
48815b454dfb64fe60e2cde4,465445675.6389804
40a65310ce666e80a9611d4c,782761628.1311463
a8c5674b5d110d99a1e097af,974803458.3808975
ee9e7dcede0ffc20442b4407,871584635.5141569
9e858250fcb7320b65bed9c7,906650831.6818995
bc76b078832a3a81b6d637f8,838471671.2296915
b06d3ee14ccf3d46fe2431fb,839721411.6126446
87332a7e03cb851342667b98,799309511.2572184
faa37a79a1d72e4b8b0c80a6,799309511.2572184
0821109831351eb2501e362b,945835013.3994782
8d01d6561223272181235c69,932239987.1187464
a0f1c94cd34fcba92f59a59a,881250398.8157489
f6a5c88d1bca87c1e89d8084,861475742.9839877
55118881731616058c929b1a,934185433.1930273
bed1fbafde11c156b655e04f,946117539.0498399
819d2a7c3330480b7217577d,866539976.4486275
e1967b56ab8ecd035bf39534,839721411.6126446
08d0615cff29645ee70e20e9,968580393.6649773
2e8af16a155fe18c8c6730a2,857837941.5442489
882e8e77fa1a71288f6b61cf,1141065371.0515184
7930bb0822caea5f6451bfa6,1148883725.9239922
993a18ae04d78d374f854262,1069919204.749313
e5527bb25c85988e00da339d,1195362916.4233308
07bd45129563bd2fd974deeb,384438126.3760382
83727953ecffc17bed632d94,431476039.4417727
2e2d3f42f4f8369733b3bcb9,683655619.9840692
3b23a71bf40e800a66bdeab2,375391543.12205076
894f346e0ad39c57fc0f369f,834815398.7914762
d1fcd31555048d043cf084be,710462959.8108286
8d48f73816b248d1166a09db,658325960.7347027
32d5a20c542a8194a6aae965,702996217.2993786
53870de54350a8cd7c13f014,646287550.9259608
31cdb68dc6476128c4bb2f5c,761473074.0862558
4be6d93d8ae1375156444f05,545868168.2934284
33a7f6aebc3e2d480d287199,777865898.7611309
e1e188d3f9940f9dad98488c,720633370.3643242
76167f6ca3d2c404104b77fd,373136225.12923104
9297c340db8a74e10dbba148,805653010.0140384
0e001ee8f27e1a2fffaa0225,1200048402.7767568
ae3868ac8c44128b8a955829,783366645.8106627
bcbd20cfc50e2f032b174b56,402007927.9229747
253560c855216bd9eb102595,532375299.593376
c9c769e7ccc99016f61269d0,581262773.25578
7c07ba1982289ca3abcbece3,496693044.0371371
c5c024d11b3ebb2cd088bf6a,847864120.2153897
f0a8fb06fcdf8997bcdcb03d,824194720.3014419
806f9ab2a016e774689ce2b9,351288514.4618779
4491bda913188aad3c66ef20,608870081.3856326
0c37c0d27631960f9e0fda1d,569472125.4068099
b50b45bda0905a116f238c1d,390386673.41871387
f0f8e755058d48542b9cc4e3,1200980484.2030768
b3005057f48c1794b7974f4f,451955518.088879
e1e5b0bd721a67318a3848ed,368710469.7148415
d96155b72c02bfa04f7ea98f,521319336.26237977
3825ce5030d951ef0fc2f7c5,330799587.3598902
99587dcb4237fe90acb15b5e,479926471.5479225
452ae373210337b8008ea2a3,1046239557.9678644
09ae7df5577582ce7e7b0aa7,901819484.959451
b98967876009fab4290736f1,540849086.9076406
24a4a43ae4c687bda1066227,1041583147.3435012
c509f2036a11b7132c633d2a,942726193.0124319
bda914dbacd42b2b7c6c5179,402758659.6777988
5a681060eeb2fc8f1b3261da,536432012.721809
016bb199b12846ccb0b03191,820324545.5724152
ba94676bc0385678ce3780a3,490503427.47750884
b2183e5bca67574df7d5985b,551826549.2491078
baae43ea29f7e419bbecf998,810353238.0202724
ff1a7adf260e637bf316812f,344364714.81837916
8e56b5dbc4cf628ac12e5bef,1321471071.6005864
c8941b8d7626f7b33628158f,1345671889.4537854
d504ed869ece1b1d6e724452,382731990.2883262
1acb5576ccae1f0534f614df,644275023.7283719
ff228869121d053ca7bbe431,1156640779.5632966
ee4dea05e93581750d613c59,651567372.6804428
5d507cdfb7c233cf96dc6a83,808508626.5102085
faae4324336f1211ce4c7809,524196700.8270554
9a8e471c8f4488c3799483ba,559035341.4961878
d040e15e50d655f4d19bff54,398960741.51653755
efc7e89ddf3de559154d8e0c,890064189.1972086
e91598736dbb7319952f0dfc,793790254.5087038
4046ebeeb7ab85affcfe337c,895083572.968536
d12059af22bc7d6ff170430f,1318459862.9177806
99d39d72083d7485e8944a3e,420592918.9733288
b9ab2dcd8d1855e4bdd540c4,1208219457.3395965
97106114a8d353ffebbd07b7,1028607124.3758316
d5c950db90c92be5fe753189,879059537.1665443
119833a13f3f7df22d2b270a,600123647.9030175
b2078743e33e1acc49c2d2ca,882010215.8523277
fb9371f86ca6f4e62ae374c3,570855761.3971705
6a39a747417143f0cd24f3bd,1349390168.0693707
7bc0c9e2760e4b1488522768,1230153011.7040758
3898683e5d24bab9eea24d30,535013378.9194164
be0e466ca7d6942282c8626d,870436415.3961121
2d65980024ded46854c25260,1011765390.6986446
87aa28825a5b8ffbac5f2e2f,657408912.6571988
918b0d900ead8267aab4cdf7,512319821.35497075
0c85506b301862fb58b467cb,504364326.4857531
4bd031478b15017efd41b2bf,901446632.7062147
48bee96c1f65b8e283d67483,382514779.4440395
7618cb8d215425c931f47886,382396495.4238188
a7a219e7cd18f3c4b83649e0,467981612.5184111
9d3f5b59b9735da05588b3d5,368128007.0483031
6ac5f5f52cfeed2f0ac9d018,448853957.02485347
d885902c923752eab7b619e5,377070811.0859119
b183e2562cc4816244ce0e1e,466738054.20653176
88622b66e6c47cc62c3824c1,961355241.7906839
01230eede2a4a74ec4ee5105,622701004.987578
060451a9e3e0416ff41d253d,762162912.9679354
3ca0e7723afebbf53e390297,921355328.402805
e2ecbfaacf11ed16fd71abcd,483807734.8360681
1f0d83013ea5e4c3f4beb583,665114990.6119621
450c4eff7e37a271fc24ce3b,518451791.3001828
a70d331be751cdc3bd0aab29,294926304.0218735
41ac76d4fa450fe0c377a0e5,296248804.9916454
2ef8a530db816223dcf474a1,485473785.80582327
d09c1af87ddad4ad11b82626,439106762.12747216
35b1cd8020e7efbb9ba5adde,929900161.7628944
6714f846f2fa3527641ad96c,750671760.7812089
4cd5338bcf246ebf263baa35,505512643.8152095
0878a639ab8e6b6e69a3df41,1049323161.8897969
f4c118396d781c140d8c9b08,439619213.40646356
27151512d4b592014137ac1f,788473089.9509568
8e5123f5ef1da66571ccb600,1363097761.2891598
c491a13a87fa1ef595b35826,851139872.178591
52d6c4bcb442eebdab338116,1269958356.4875486
e23d93ade25e73614d7bcd77,1192744474.2364604
43059ceabe98412315566838,1076139787.6108832
93b7fc7c4f07a7f117e687a4,546102704.4053732
09caddf25db3ac8e1a98565b,522437860.3868453
e3034ebf243b024cbef83cc9,436223281.0245202
63cc884a9c5c888de176461a,629758565.1124184
069fb1f8d0f06ac2fee87314,645669964.4112173
059aaea3859c4b9662ab4df8,367254870.5174867
148b157ece514d99be0a7f93,339240083.7498674
9c4f397c093dde7de5d485cb,773722962.7883761
e28d8dac5c1c75d295a9eb3f,367254870.5174867
a804849802cc0820d25f955b,367254870.5174867
fc43df7f26644fa464ecb090,373475705.8120229
608b26adceba64d9ebc5486d,367254870.5174867
be8bbf40db0dde8ed4cf338c,367254870.5174867
d255f73d4066fe559065266f,359265762.4362671
c552cfa8e6b8c8be2c963ae8,545700625.0585315
5ee020d4adc767b3b16fffdb,354343760.5609632
2a01945c2ce528c02b391c61,395267869.34517574
dd7ee555ce0b2d58dbd8a9ea,356165016.3046444
a732aefa7ea4715325e9e80e,434581571.6946561
c6faa40acaccc1603c29df96,373475705.8120229
fd8caba10cd4d1df27605358,395382084.26163626
788c49c17df556bce0abf6ce,474872604.11657774
2d0d803cdbeaec6e2626eebb,486239769.4366291
0872074f7bd512dbd4609c85,388280716.0773703
3f97341f90b11e6a7a7f7c2c,427726695.7822562
2bfa301ea435f929e6c0d1ba,416505056.81093156
1d029020622a600aad4c2991,359997182.88910735
8a100bd7f5da66664a2680e8,411264140.9184154
1441a28c376a20c90d72cfac,425090968.136628
495eeef459e80680720a0ec8,392094781.2421152
df81d07cc6e8fb0a01c0f404,422394426.4881745
e23ae41983b9f112f05bb703,446900305.0259435
a2ba273b099221390bee92a9,443695255.0935295
63dfd58a5c43cc7c0a468209,369819085.655828
27aa789e29e52ef8d78b9bf5,469013542.47716635
fbd613ac06b6bf20d76822db,477325535.4848178
2a805135d8030b614d9df9aa,392094781.2421152
22c9b57a67cbef0920d09174,389526562.3635146
fb76da6072bea5801e407990,387940636.1610525
9050b1061469970ce28742a7,420973293.97814256
96f5db1dd0f36d1087172fcf,555572696.8857743
38cccc333e2c38bd608e1880,488440047.58181715
efede59a47d17737f90f4bcb,430991663.68991953
bca5301e6460eb859b7ef34a,504082649.0580856
a23a13e43f3e08ab82c6ef82,362227571.358266
8437a42a8e7ebca46eb088cd,433129358.2635357
6e3cbc252c449fd4b758b97b,516518070.3399352
6cc6b0672aaccb8909f3a751,458064508.5541898
c60c2efec3c12959d86fe3c8,492405012.9321933
d0e45d520227ef8a1f53ba28,483213680.4439313
e45293f1e6ceb2fe79f6e0d5,484536304.1205124
4202dc3f8255586e1ccfff46,432553095.32307017
1d04d5450762d664fcfab674,428348588.9714871
a3f969063f78dbd95e6ee795,497460250.91918355
2e3fc1d628f6727880d3d4e6,516518070.3399352
22ea31eadbd3a54216443137,369819085.655828
6490a1eff73727bf62458b0c,459929001.8563788
49721aafec7123f6ff4d8010,391268240.0050524
bce608b4629b6c8512ea2fde,493220148.29631406
a7ba3ccc4831ae7e539f0cfa,442780539.7619716
959b2293af0ee4f7c9fea7c0,434926295.3045305
bbbf74a3abf9cd8718384a65,459412426.2575604
680a71ef7ec15bd919c06320,363941147.5271095
0bcdef6d56052acd2afad93d,483086361.28246754
1bb885a07f57936b919629b9,388280716.0773703
8a222af682e2d7796643ccf7,491505035.80001765
3370a48ec22302456c41ded9,459412426.2575604
46fb04e7578da5741f6da4b8,434049448.5867661
e9da7f2549d914aab6a30e10,447034398.9725185
10d0506d84d778da572ec635,392390266.9418966
966e8fc9af08e76f8b276245,446682254.0252973
0da2a849e0f83b17b006e50b,430236638.6710358
f7101a05db93cbefd6a3b31f,437577770.93898594
b74fd7f7db38ec233c6ad71f,377316249.71287155
0d63e52a47fa884e36f10810,427750058.5062547
77fa49bcb52539888d481ab1,491404527.9231472
6f412fbb33519fdd31e741c4,416297761.0224199
6615da422a3864d415b28fe9,422903733.9335507
f258fdece395f0c4f4da6a96,383982392.308056
c54c645c340f59dd5f47bea4,428937157.14248174
bdd287e9de82903f210878d6,489962591.98807454
e110abe74ba0ad062c9b575f,489102614.1517836
47e5ea8cb7f5ab6703803690,427096902.5729896
e71c6f7437c633e2d9da643e,390247843.00278765
783161faf2e3501c38c0aaaa,458102822.03280586
5fc3de15eb0cd87be5ed2e6f,547070548.2947638
4066155e224520530ce985eb,388280716.0773703
7745863791b5cc6d49f84c8b,547641268.9507209
aa7551be1b8d6278d38fbb00,427096902.5729896
d654c9bbda61c4c0ee1ae2cc,435840527.85567844
d224080523a2bf2e81698d15,436469641.13950104
5f8d0a2ab1f9136de446528a,531505401.9722242
405fec98d5a3c8981173311c,433151282.51065314
2a9e77fd00aaaf773d130914,448502197.4038592
279b76adc4bc9f8dd86759b1,445936629.39431846
f815ec1a63e980717c9c3290,587182884.9862127
a8fc825e34bd9bd56ec5331f,549580413.0005263
248ed6abe6e528dedde951a3,317244802.3722819
2bce6544d58b6970192a1838,382579931.71022123
352a76b301243d22d1b31f79,425090968.136628
bb9991da696d6e1f13a32d0f,402327115.3206715
8e88e6cc55ca769e472aadfe,491463481.18106544
339ca7bc687766f517ab3274,386840766.6302257
93375efb2e74f4913d21d94f,445324208.9314204
17d7e6d321bb7394546e6b7b,383796954.83431566
0f601f5ee798174ea9d52caf,425228643.362154
8ec8cac469f2448654312aaf,760379597.4397645
affb62139f02e524692ebc5b,613150947.9418366
c01199a4b2fbf0f6cbdf2a65,778421249.4757658
4d1f49443787c874ba19f968,545503572.9657621
035c61042b7dbc7ef888d1a7,675397617.8586118
0fc7d98f75bc1c0b782a328e,513908720.1543496
b1924a5697dfe829b5b8ad76,883372772.5516557
d0100c18dba3c334327b29e1,643152446.5986115
add1a20e8bba47aad2edec69,649848621.4344145
fe8a78de9ba7b59a112e0046,588445169.73761
b319d049a3a8e4a095940106,622128046.5789996
303dc73dc1130de9aa2f70f3,624524144.9503313
e471b2ef30c388893119a010,621554389.7712907
9309d812688d0d2bdd33d830,777832780.1074716
fdb192e57e3e48f70a492b87,643368545.3373302
c514c9a35632e5a9c0476a31,618768494.4008054
3bee8a9981a1e9e13a05cafd,504193962.3075672
9c942287410db3d0739e182e,691804908.4354552
f59b9c03bcd4e0e06d23fb47,699269546.0348437
4c11f4ebc622483532c24a06,605052231.1396549
1f53612f7029a21e2e9f74e1,736831036.3785582
1f4b6eaf52fb940e666c1c93,646607072.0395411
dc65f0bafddf39c6c4b2c9f2,621903342.3947487
344823ba2777540ffa2a8fbc,622276039.7149556
8cef9b18f20e9c5a32e7ccc9,597448707.3037595
413d6e4fb772beff60f73e2b,564187253.5977218
15d3ae51558bfeef80b9e97b,770633802.8975133
b81c26f2ea6b66c8315d1146,656079554.629485
c3786f81345d39fd8b353da3,633311289.4721643
6c568d2287dcf12b2aacd388,632511110.8692704
e6482f3b6184515453d16bf2,622691687.3284695
32c7b848ef60432d98f415c5,620653558.6114236
1689c3e3982382e27a4ae074,743351712.9074222
3d0cc51b7a2392f3be3b1666,643511090.1528237
1dbec7879e793ba9685741b4,741903553.45853
82ff2a63a863c089ea90bb5d,685636127.2753668
3d9856c3ee0a4b5a833c69ab,636136525.3416599
6f293451319bae38c71b8266,643511090.1528237
dfc817b569fd71d2dd47e980,743951729.7259206
c34d46d83e76f54d53cadcb2,653294284.6872643
e08ed8c82d05dc3cad8cd2c1,626735162.1937138
e21f2a8d9c641e45d442686a,615794140.0827919
f1793973b462cdbffb1ad648,422605739.8773344
b15bcd6248958d98867ea585,496694089.96773094
e640424f3b7d1db403c36ba0,629861920.4975246
658c0b009a09339a3f312145,737458653.8668365
f01fa45466e2730f935a4128,596946137.5044875
b4d69c7bc93efb3790eb1422,645067361.4911492
c2242a77d30c0abbed667ce4,615794140.0827919
39542105a7c46ded0cc373a7,645067361.4911492
13f42390057bd294cd787822,610948283.460411
183d99d88d1e7d995180918c,422753049.29776233
60dd7dc49139e7816dd8b143,737560564.1642668
6d2ec752890a2f1c4094044d,621554389.7712907
0e776964ba3733f3ac18a7a0,591415372.839799
92369f73435d1ac3fa95f185,594212209.1479391
8db285eda04ca37b86dc9724,645067361.4911492
a7b14faa46e7b73ee4e95ee6,736517952.4841456
010e676743f6afc01fd0838b,597448707.3037595
987199d3a23c08ca887b301d,736656113.502164
4fd8643e1c43ce9a0c18a19e,668335008.8058088
4d0985935e1432b3916d45be,596726282.8511142
4623317e8c9044e314ccc4e8,627349858.8850831
ef8430c4d15e5887b8103bc3,597448707.3037595
cd6ecb0f77acd93cc1c9038e,645067361.4911492
b0962bfdb6a2c79a0ca84e48,513908720.1543496
7bf592c5c34bfe6a5df3dd40,755855131.7472452
9337becb0628955b47e45b98,597448707.3037595
9ed0bcdb62b2223d716d40d3,737507359.6508276
4255eae670033d9c9e9a6e3c,593061344.423693
c5346c37454ac2b13b92240e,615794140.0827919
94fd4bb5f41087921ca12b58,584868544.713399
ded674ba9c7b76cda404bac6,685249902.6413541
ce25e9fd3bce9b75050aef5d,675397617.8586118
4e7d3cbe3c62123fa7e2d969,529204650.15625846
dcf5b42ecb23800a458562e9,615794140.0827919
0d53bfcecf0397ca27e5f78c,621447321.1481522
f4ecb15ef992a677e8b4fee7,648833365.8416909
46eeb8f186f86f7859274d4d,581528042.4558347
b5a7d4288dc7a7868678b9e4,615794140.0827919
34f99327fe595ba6e32d89a1,575987857.1150384
9a53016fdce3d3b5c2baf3fa,504193962.3075672
26be10d0ce8b763e9b457e76,453531190.6944922
2e111ff939191cc6df2c59bd,563889421.6990191
ddcce0b9776593e3ef3ce21b,748461973.4969039
937c0b6350beb0f51e53ff8c,611515832.9147105
f50941445773dd62e87e0416,621554389.7712907
93a1aefcc4ccafe4866bfc76,675397617.8586118
70c0a72b31dbc1b97c102c13,597448707.3037595
8aa9e1e89993aa49c5c3eced,691370462.4417471
2a5ecebe40fc09b45d6ee5fc,680807731.9666963
5f798656baebb094a3c83793,718214218.2130406
596b6f435f76058493a16cd6,836081003.1747224
1c510a71734e955f75187106,1078723430.1217096
07de14db9dcc2d4f9eac0dd2,945835013.3994782
29503210dfd57bfef8f16802,684063210.6699969
89575a90c7b9b960c8f4e052,855511314.2772878
bb5a6045d18e19613325dffd,954086589.8522276
f984d34c8f27e3cdb7c2a44a,922398263.232158
90822d4e3a369948cdc4d998,772558629.560946
5b9a21a42d5f50ed4b10581c,863452893.4257691
1be01d052c6a65c5ed286bf4,1010109643.5732279
b73d317e1e8ddc3d5d0743ef,857077211.2180521
bcd302e3b5342ecd8cc056bd,863429526.6829201
eb8956f0c4a885619bf1ff79,828950433.4395233
d5b950c5510c19ccb926e7c8,925920517.7250519
1e37ea0918a00bcfaded3453,945835013.3994782
1d55f4694f3e000ee3ce47b3,977711056.6459434
cdc3e114698984145df842c7,877527463.9522656
9c611e246a612ac6906abe8e,941074454.9082607
c0c820463dfec602a6118ed6,929951838.7187138
6302d4fff078a118c3211794,778815964.4006996
c98807fc596bb2f505b4da9b,966279311.775669
cdde8657b5a215915a04126d,945835013.3994782
3b2fa7905fd8fcb3e11ebcf2,929951838.7187138
59764968800501c68631aea3,939230023.0638351
9eab02171cb5f15963670172,861475742.9839877
61f84e5a07f37865c31d4a07,945835013.3994782
1494f223c9d3ffba26e42738,906925551.8829799
ba137cbd10757ad20e5991c4,794051465.5666494
d2fb81a477ef3690cb11c93f,873630688.7767881
ec4f7794cb756b995d5d207f,959708323.8748336
ea4add08aa912717cd42f9f7,763961334.5481125
f11d7627e2f18c9a75595501,838208929.7213428
8095589d5e1a55a76281e13b,861475742.9839877
f5add08cb615eb18b3153bf2,861475742.9839877
1894346a27970572aa703cd2,922398263.232158
805a491334f865f06ff42329,864239819.7968258
062d5544f5c96db90fa3a526,861475742.9839877
332201e2583141f3a02dcca4,769111592.8223948
4baf1bfced8e85013eca94b9,929951838.7187138
8bc002e1f02beb4d83a6f6ae,1019382695.2565143
adebafcf3eb0d34ae31718ef,1049672274.3968145
60b5b0aa0c1319557cd0cc85,918140188.1245705
3393fece8a6ed311ad865e66,1176459190.4269712
df4a1968046eed5326119599,1083670053.224939
b044b9a587b2c6ca00447177,971181609.8487415
005ab848b35907e42aa0f4f2,1047721715.0131764
140a0002732574ecc516e9a8,1129099235.7330437
bd850d1ccfc4b21a72f3ec44,1176112042.27892
c6dc8c201ce38ff2ea49cd68,1083670053.224939
572ae40f693551547e13a196,988964331.1149676
b39d1b2637dd8e307c8ba13f,1027735012.1103384
2ad02d6d56b95ff3382b53b6,1152883361.8108282
5201393754f4a5f2a476ef0e,980832456.6802368
72a66bc6d15390eb05a5c688,1071373622.9886225
1f1f3e47f3593e4b2824e628,551228729.1698184
bb7e14611ea6b5e4abb5b89c,607375714.8278029
b82f8abc8001cd6731c4ef45,603324674.6338087
6228854021e72af611d2e59a,522933736.17771125
6d21e1de9c880bfbb17350cd,506471834.08826274
7cfa0c98191ef9b7c45f0520,432883683.8829774
a739d80c3fb6b166a2c2182b,556717513.0200757
36f85981124e858c157f83df,527815915.83421993
3d6d51ca99f2747d6b92dd19,670093540.9617194
092b7b5bafe25bf485de37a4,589721480.7155874
f2e0163fa07f89820739dfcf,955148887.6365209
ba47346e7a53412e78363ac4,679478328.2517294
f86e80b2a831572b85b04e55,405650472.92411757
199a6f7df516a685f086dfa2,359265762.4362671
81f6d6790aca5e9270c3d1a1,398937888.8909183
74f099ca0d949c8042569d51,387558277.71224284
4df3717406f9852284576caa,449683964.1824057
5246f7d8023a4c178af6d10c,499582027.7839935
69d9908e13bf7c8ac4c30531,391058677.3875933
e336d9d892441c7ad886a98d,459697458.45459247
f82e1c70884ee1285e1bc491,465725364.9828693
0ffbcf7d58378c85b4103c7a,454818743.52517533
3679e1844a35c0c87fffefeb,354753986.15058434
955a15a734e56eb287555307,465725364.9828693
722f262a44b2bb6fc05ec35a,452986691.98676735
48c346042d9cb826a3714466,387558277.71224284
bc4b7bbf5df92f476b6be103,419215431.97908354
667685f89a61aa2ad5c9ac7d,382729745.72482383
8be5fca8f4339712c6f3e29e,808231902.4046772
09a5fd22f920267b464e2a00,500943564.35647076
f6d2d31af94a6a73912dd9f5,748461973.4969039
0e9a5ea81f6d91038d8711d9,617233966.6430354
8b2d8edfa6788ddc0c7b3eba,748009822.9301542
2f48a73bfcc91272161afd39,633311289.4721643
a78417c74b8c99279912e427,737354329.2619565
4d69f7c7e0e837879abbdf78,710984912.4180425
926a7b18e48cdbf6ac3b396b,648833365.8416909
a06733f7b3ba964c20ae2698,633773772.502154
02d598a32d864c289e3ba6b0,748009822.9301542
3977cf1326ff502251f78f66,511257681.5843459
c3cdfd0733404ec885eb3edd,587406378.8730874
a28bb09e30bca82627e595c2,579420075.0650043
0a2f8c8ca6094e6626d4e8b1,634317306.277139
ac9baabfd96d58e376149a7e,827333671.1877211
700a052900adbfa149dd5b6c,861475742.9839877
4b30968cdae59b4ef3298f19,961034903.4993454
c673d94552bc3e451672939f,907305461.2715083
75392e8381e1c891377fcb29,825747782.5666795
a55d7074220aa6a750297c08,987232425.7024736
81eea19e7c12d65d21e23648,855511314.2772878
69df7bc1d82d9723c70eca70,987232425.7024736
815cfcc4d26738f74cbb67ae,871428548.6547898
5ea150753f8d07c71af45cd9,969355755.2148979
f851b02d18e74610a900bf14,1090138615.7542484
76b9af8036e38d5d30ac4c7a,1315477335.7286868
4ec5ab39cae4afc3b0e69438,547859346.5324707
c74020c85c9fcb2a2cb3ac74,612474731.8573822
6d6ad5e3ebaba1c11dec0f16,481438830.72629803
acbe4eb98668ff4967a8cb86,607595366.4044378
16a40e3dbfbb9c703e04028e,494959281.8961734
ee5fa0932e098cba28d950b1,933821374.4771264
5f9fa56b99677a489a9966bf,607375714.8278029
4045e30cced205e8c5b2373c,428459056.7978322
eb2c7a973d4d6ce8e6ae87a0,1095292604.6664367
99c69eeb96e1016a7e53b33f,811402786.4764585
aa7f56d05ed29183b825d61d,459060685.64951134
4630a9af58fb79c0008e5fa1,531032025.59840786
ac003932eba3a174c5b998ee,507718605.2868433
56a7470ed14454665aaef75a,1263186411.7260506
a4e4f56336e07304cb946b1c,824921623.9305899
00ce045307538da1b0bb7972,506493889.6295556
cad720be1395e2ab5869807c,425576233.5404494
344be03236aed65e74b14a2f,418854589.7629984
58a86bf535b4c16b50dfca06,391994038.535338
d52c3915fd7d2ef8c92a22fe,339818833.9560105
8a4b7e86a90a296e10a49ea3,442336872.3298329
e1717a317481b0765a7a6a0d,584929961.5978708
97fc10f5ce4a6fd7357381a6,418854589.7629984
428f4bc76d4cd315ba8f89e9,397707087.7487085
4d882ac2b82569f74aa08824,382068636.38657993
948ba87dfd7993460c967cb4,403479692.5956122
1bee6a5aed5417181a3db77f,439549961.1635633
63cdd73026431f5566fe246e,402113104.13997835
013e2a07f94a99323b64d370,1011185969.7296184
ff56b24cf15289dc6d14800f,616047028.450188
7bdb94165857bcd37206cf18,495476477.94130576
1d1e29d9601aa0eddb4d6c2c,498384192.33722323
a8c9489973c54b93737dfe20,853182054.6657492
254892c6b84c59ff5ac4f354,426763242.53756046
c6e9772058edb2268434d7cf,1155318490.1732426
916a413537580440c4ac6028,548583152.6687511
bab8e472424cd57faab87ff2,427463895.92191285
eae5eecfa2fe828afbc94b0a,515639891.46294355
da26059a2cf36e02b8702320,522688656.01840806
e18fecb7e40bbcaf26c863cb,948464622.1745254
a55906464634558b94d9298e,547798338.3678961
3032ae39e739fe46e9e198e5,759711325.7999496
663e062b85f16c2419f8456b,528290168.1415451
aad0e527c4bf6283f76b5bed,718824519.3083293
32fbc0f1934f7325a404a2eb,1592755130.07947
07d1137c1f0aaecbbad32f7b,660022553.0361861
3058b792e3f6781e438a2e9b,952103708.0101393
33d6b1bbab4524c3aa03756c,495194686.5992866
c75d43b8089321e359e14264,620126634.7037697
29ea1796aede16cab8a50497,378985041.8193684
bed21c41b31a3bf2095aa273,520741016.4245469
ec232a7ee3aeac713516614b,621681502.5103035
bb7c68c2652c7e124d88631c,512756036.1510816
697b6c6f7666391fc689cfb9,918702905.433248
d912e45dda1a3a628fdf50d6,630110026.3956668
96fa88a07329d3988b6b41b3,1139532318.0255923
66019487c37339e9354ca999,453678093.4253615
fd2dcbcb8a31e97f31d22a53,634839564.7643585
1a309175498997e1b8f0aae7,1250357893.6891406
e83119808dd08ca090f5ed85,457976040.15380377
1a26960e24de046588ca7837,717519933.2539473
379c4fce87557848548b0944,395213258.662431
b2d7355eb2aa975900776275,676741804.0799273
3b05e06aa0bc40b9db16416e,364996218.24241483
4a5405b1e181f5b10fec35a6,703697417.6397175
aff22625564f00844ea2610b,494504903.2645342
b40addfc0da42b0e530503f0,599380401.6573712
9200d647b6ce9aea67ff8ac7,704436737.186409
3057660e38fb757dbc8bd898,725673814.7663888
799be2171dae4763df530e4d,470036434.01041275
819265a930d32a97533d132d,1009016075.9737298
9ba689b29d0696fb7ebc44d5,1120790848.2627175
0f7e28b6efb9d550ba28a1e0,656392147.6990507
57551742fefae23bb32571f4,461116525.81092244
9569a50febeb4163e28c192c,861297024.6546113
1d03efada56f8a70bdae6aea,878943857.0359976
bfa56d6230b858591743473e,773815671.8752555
ca54914a1cf1028b9c8b681f,460346988.0498211
54304b6117b797791d266cc0,734829780.4914061
166ae8e3d0704209d6715240,621917580.8472894
b56659e70367566a4ddb81b2,924227729.540773
2641f220611056a1f5616dae,785961740.3572497
08a82bb9fbe4b7abb50cece1,462792189.128892
b40a9888ec0379fbf85516a3,1244888200.403142
d35462df6c686296a3c7bb23,737142966.004406
db244703ce223e6acacbe85d,770225521.7220733
a90df94f959030227fa015b0,449036183.0887467
d97d462ac4f5d9cbbf04e9ca,1009255730.8173556
7fe6ac57e87b8126ac4f8530,860523997.3225125
69c28dce8eeaa86605143419,1379097098.3284478
2bd6682ad8343b69fae1a59e,942525548.7568772
2e6fb29cbc1ccc3d97c92c72,675294204.956087
9eabba4531191127ee91621b,811701981.043288
d0c411218ffa7c3ebc10783e,807241459.1928713
0c61a011d7fe0227be2b3575,749457717.4842919
2c47c3ef9e139d8c4513a090,412067588.3339363
f6503aab62a68ca16eba3fec,1046323020.8998872
e7dc05756684b070b36d681f,695762827.3314333
17484950b143d0395907ae6d,514442040.70481163
3d997123b33373024bd2cbe1,738421777.3296844
ddba305c2a3ad29db24a0658,996001487.9655254
b65efc402cfddc0aed4e1d76,898952855.0064294
4a7ecb05c9886bc35f6b9160,745843841.1816947
b4e14604b888c994b64f94ba,700082937.2215637
ab37764e5f4e00097eac947a,880348077.8937198
764da64c41700da5ee80b8c7,411861276.6891813
8a84a073b855e37a12327357,623501982.3532155
5a6878f8a47f1fa2fc1d600d,930633462.8534518
505f3d545ce83d0c848f828d,1136605985.2865274
6687a2299f38c15598d11eef,1067747677.2205105
533134592237b2748915eed8,780134490.9521521
daae80933675e767b50bdd17,1019183817.167658
945f85a061dc4e95e779e27e,861923128.705824
62dc69d80cd6ea9fb7fe52db,416639010.42983836
153436858070f7e724f0cbc1,953691019.700901
7f9875a5336a32d73df2402c,817344346.865124
ac11141115d391be44e6426c,461182972.82389677
f8243b7b679dfe8303180d73,1182066351.2413795
1376106ebc19c929df27bb62,877623953.9955109
f591597c9a1ddd9852eb3cfd,1021950439.6497648
a748841236a7a7fb33138845,440773723.4434874
6ef43ab43841696400d91859,534984395.24144816
601310d800d88f0d387235e4,1172551133.0736194
db81ec58863dcc5d12839883,375978190.5553608
68d35dadc6d0dea61bf4b513,306567675.36253315
ba9be0b67571b1e9242664e1,580437735.8893859
1690af2e30b05da545f1576f,1020872862.1899971
fc72ebf9381496067101da61,377701866.71219146
3a2e95f5eddda4df84b2e2b3,567179441.4270787
a660d5809085b4823e287a5e,485185566.00842005
799301c01a3e7fc2af5a14a9,999265931.970734
824cad597aae34d7d59ac939,537323965.6738862
23cfc154896b93bce4356ae6,382883671.7227328
a9b96d2a23ed155043085e87,1167912553.7984564
f5d529ff6a35fa78ab14de21,544689937.7687021
9b337cb1451a8fb078dc9a07,749580527.8706049
cd1fc7362660bce494b5117a,356274424.3430019
26454cbe44a07cd0df12ca07,818597154.4249523
cc5563550bebb29c83ae3054,1133386498.626361
109bb36f29b223a81dbfa340,745239500.8220831
31081c78ce92e1d8dbb315b9,467592887.08796006
502aca1a1097438b32eb362e,1132788389.03289
4c90ce573f1d61d11294d05c,1178329295.1634228
87f1e9ca16a7ea48de04fa73,1102432495.9359694
224f6e839dcbd91491f3f1ac,382627863.39639693
8ee7d2e0692e49bf9d308b4b,1117029536.3710792
a3ff6a1fe37a1bb736b1100d,617217042.411598
97d49e61c1ef55451e52c8e7,740287665.1387283
b6514cdb1e2cf37e3ff8090e,1483746590.1417446
