property_id,price
d56159653f5d2abc5ed5acd7,591374380.3701452
45550aa81c0151f1fd9fd8fe,645959859.8476305
735deef3382aa15930482f3e,579223490.4564004
0dd49fa8bb7be52b851c6dc9,672999545.7839102
7d3220a91e78f8bc2924d1cd,633886492.7446111
d3054072b2175deec2c1f8dc,535763719.3696201
b7574b06d593fca4eac59815,534448503.98251814
79e822115c5c1a4531366001,511427178.65658367
d3ed5316a463d38c1bd321d0,758746975.846732
2f1880c9b8f7ac2715e1236d,669880589.6478685
dcca1c7f109175760ff531c6,648728830.0181353
dfc4f3facf91bbd93ee0fa4d,568530317.9410702
30e134a6cbe61d7954d0f56b,373424802.51137114
385fee7bd9ad7722d45dd034,376993809.7903738
87199c236bf22903d1aafdd0,353888309.6695606
19e19ad0cd6b5e84d8aa970e,420357929.643855
907f968e78d748fde69dd44f,574725924.6851542
be094e5db0f784e3aa013aae,539945330.5151086
7ab96f83915bc84f8c03c1bd,436125078.7777173
07f4aa9b9ff5b0b05d31e6c0,599193395.9316067
e9be8cd37abed8ab510ba1f5,601603948.411762
5f6ad58df27b562db077b5ce,612658027.8325989
ee96d947484aaace40f9b77f,633413869.7306052
15c4aef8401208054697b81e,779614287.2856793
22d6cb11333f2839b8112b89,882648258.537125
288c09c33907dadbae495c11,1328190552.2469196
f71d2bca0c5fe2720a1544c4,572880416.3770325
451744cf3ce55a98db8a3562,551927423.0436738
fba9ae05a6a8a9e0c6268a9f,530564792.24322444
1338e58f7dcebf5a1ea59388,578715263.4992442
a817e8da0ada143ac87277ee,422394046.72966564
46d8bb3e9a0ca584d3c7a317,543449058.7748216
b2506aa9463aebf01e1e00ca,508883216.4468365
7ec025b9b6e6f33bf65af41b,433590357.67012525
2ff531e27672ecd2362eed55,605276071.5467504
9b3cf0d1b91b9c6a2a887647,570120028.8505977
7db5291ce4602d9b2b266872,416911597.0269039
65d5918e826c33bb950fc008,533230374.9853477
395c34e4b8f52cbdb0522459,454867942.47646195
855f4b67d2bd6d18fd03d8e7,610634392.0660784
9ff06409b37e5b5dece4604a,527579697.38544893
0508cd7bd2c77ebb6fea1e56,468962745.66282266
b45fff2e718e54772d46a3fd,468369098.09566027
cf4d2297b73dbc357d21e31b,520266178.534641
0ada7044c5b29925abc90879,502826016.82474124
6305f02255274ab5fb6bd39c,575982631.799029
d9a94194ae1350512beff3e6,650663528.9583209
e3896296cb80d50d9ad3f903,541082254.1924484
6514f355887c64136edb5595,747508727.554564
f03400cc18e12903b3ffbe5a,666516494.9173626
4e134600155a64783b3f8c3e,461328845.8936096
d63ebc63c82fbf66d8b6ffd3,543535783.0956094
1bd64811bd59706844230198,603245441.3829709
a83921284639eedd4a511cb6,582691816.2601321
a2f3f7a1cd573e2a33f52e2d,597213516.9728429
47344a66471fa51f61c64652,604448525.0662001
78fd849c9429091347d7e5c9,590444461.905466
c3daf2abea55af99c9579319,587424786.204278
52864916eb1984abca41ec66,712206758.3715138
c62494a9d7aede44f2f84023,652367970.5113864
a2b576643f7a032371587e5e,892329817.1410629
e53bc68f0e97ccead24f3e56,581953736.9184777
fd82c710aad91bc90af490fe,639829168.3838943
d436abc2ee37ba3dd561e940,668257350.4074665
216a598114a403676011cb51,533629281.24426585
ea230d5eccd2b687888173bb,595883831.0700885
18bd0dd7580f2a7cb19a90b9,357121180.80696064
b143c8ca6d334f6a73c3f2a0,356574471.1236231
ab388cb4fa511968783bafee,495772176.73091024
6a4f08cd04d558a56af732d9,444106727.49479246
7216c895aa047c4f405c4941,481527942.8742457
a493488dcd906dc74cf8a604,478475985.4726717
7844b0b2bc65dced90a355c6,496518389.9502609
c1976383069b6b82ab29d092,400163891.56424874
e5cfd99e2308b7b73581dbdc,542554209.5529829
c18c2ea88f4ac53970b53d2c,495152393.56543225
842c9f0e4edf1e5a672ce15e,571692658.1902512
7dd1e46dcbddc6bf5ef694de,458101542.6630702
6cc4f32b39180bd1ec7e117b,552252166.0424381
79e643789a85dc4ffad49a25,658272307.6907458
b3402a9173d289d6db78e09d,596071172.6550403
a446507813234e358db8b573,628716715.7300102
c8ef57ddfb35061d1876f94e,656861953.5723151
360be0df2c003005e3db080e,765600063.1146498
9ab245a4c91877cb7a8661ce,727252579.0438068
a57a34c7486e7a40e8deb316,609416032.3322997
ceba7d0f56f6cb03538962fb,597534543.6781732
d5475993f9db58c3e4baf7a3,618167370.3051126
d37a1dda09e30da13ff5bfc3,585643667.0086468
68a8b8d077a8232723bf37e9,612658027.8325989
e1eea7716ca6490b7640717a,617533814.0995961
4ae6d75b10848d259ecba576,578248900.9458098
17afbce5c0b56732abbea936,580614379.1975331
84a2673eccd3cf3bd7fd3eb0,712206758.3715138
f2f4e6cbafe527b155707f01,745300655.1384072
de2e3a592cda5b76c9573c5c,786003864.7223618
fac651cf404a58f24dc7d286,990862284.4248338
e6f312a0877af26b69855a3d,954797804.0612766
333a643c623a9bc75f3a40f2,692860792.6881231
64593641e470908ef23b46cb,904241911.4672157
ce9f2f0071be658ae75ca6f9,960188301.2074568
9ab385e399a4673732b6a799,632551026.0530363
3429c774b736cefc051e2c55,502718374.0599387
a51ad0372758b2bbfe73f8fd,458362289.7944565
8c801a266256e3fbabe7e3d2,552884093.146783
ca2f81b8fb6fda20aefb0ccb,601941785.8807372
3c1b1f86087f9b99380e387c,672853848.0060798
b0cad5d612954b8cab18101c,710679458.6776228
7eb991f4c69215377e4dac8f,583682293.0228336
0d130b8bea4321300396fa34,977334667.8484577
8dfa059401e1dca80ae65ae1,552915854.2696244
3e3f264cd0ac7a65ed2349a2,663688985.8842549
112dce80bf512f3f24391d23,479993044.11346316
ff25ded6333278149f8fb68f,653918049.7283695
d555b82c192794e87e9d536f,708366559.0395188
a787382d96ef9fce8f27bc70,663359357.4712887
8c3aa295f7bcfd9a43eb2037,658673833.1799263
13ac95652fb3cf6c43dafc66,438886362.5458887
42fc6a80b882c32f6264ac10,592423327.2353975
1e9c53e09220d689a0210ab9,436071408.7921241
3348706086aa3db5c92259c3,530972477.16988254
66d402a9b7d05f29282ddb00,780819270.2307131
cf88be51d6f31c10e5868ff7,477851909.3688329
30b3f38716be209a894b0942,540670514.8108947
0a5908a92d0ba3e36f54b1f3,541712709.0105
dd206b6ea2d7f6555109ea39,477244960.4971176
c641febd8bc2ece3e4d2d8b6,625189210.0568563
c11fdc02a288af0572a2bca1,612592500.2695651
35dc60a65969b264ab283d6d,588548291.5863297
d9cb0f637cd4feaaaf8a21c0,695568054.8130057
7e8dfae9a5f1faf8afa706f7,433057240.24197596
a280fe7610c254b935c9dcfc,401770814.75452733
85524880fdc4e4daf90e96fd,441491274.309757
f361109d06f6609c16724b39,533230374.9853477
3f6b2f0c0876c21755369cb6,575982631.799029
de26819064a290ce78d8fcc1,617069178.1988492
91be1260a84ab7fa3521c495,661664219.7179663
18c8dc4549d38c918af2972e,530463009.04011595
782b0fb8641849c2c34291e6,513958566.06251544
54933f8b33a4fd6f031ed5be,667746338.3418193
953176c9a901b4f61c030432,543366849.9159843
357e2add3d68167a4f3ce15e,594442736.0846068
90332d50e91925eb9b614bef,629990035.9908278
11723d1d472bf1a3fdd8b72c,756462106.1334912
01f8b6799e2910f7769db175,737714943.800121
a0d5001f7dd42d7f0c91d2a9,504587267.7487817
d4439c35bcb88e1490916c67,588200269.0492611
4a73dad0ff8a5262e8b07c4b,848692234.7500423
3dd8085a65f24b497ea59557,814469754.3289845
39ef085809bc80e32e7b6af6,697972532.1853064
b98ee16e8fd7d1c75a9da13c,723719805.770414
16deb26bf740fa61e258f545,593211699.2790707
732a3bd457d7798e1fd892f6,613409904.8764838
1376058cb128a1c7729cd2e9,472317700.5928995
cac7e7c3e13af91bdc7107e8,797788835.6930338
9f3dfa6e1422f6aeac527c61,458520018.3203604
4dd3d1288ccb66ee4fb9c097,964684688.6552958
15fb97d6a43731d61e95d004,572681156.518697
dac29573163315edf99e0e7a,483949765.305189
b93f2864087d41c3c92d43c3,580757214.0495175
cd4656aed92f5c0a0b6b7c0c,580757214.0495175
556210496090b42ac10cf1b8,892329817.1410629
762979729fb21e56a32ed14e,892329817.1410629
ea935b76abe664d5e2c4736f,533230374.9853477
40e9ef1e7c6749b7a8d04ea9,519474808.275519
058265732a484ac8d5497f5c,510703494.8148195
6f52ea8340cdd283f9a79720,519030353.2912635
cafe7c1ee67458e05c84d5fb,575982631.799029
3f45ed2f08a2b03b738fbb5e,567214891.5779406
f203b18854b75c4564d7a17d,624626706.3857667
d5333f639d11bc3ab073ed72,531076266.92182356
c14f644116669a160446a945,553358390.1360202
de585856ff546e00a5a4672e,505182032.8117056
7a80663cae7c191b5d025fa0,535607473.41935205
71f80198e68fbba902650b1a,570365530.865952
f3523e0626df8cea803ead0f,541606260.2081571
619abd5f978b1573761be86d,567979642.2426337
17a2323b855e93533a9f09f2,561045793.1839247
38e8630f2c05ea38e2257c21,586733137.6234928
1e3798d739f85ee0e5a314ca,603738142.7968261
46d0544f411bbfb6b452858c,582177894.8020871
605e7a71eecb13b23ffca0c1,458204515.29887635
7515b37b7ae7c62f3dafbe7d,570083152.5477408
28be121ada9c9303be802474,582774783.4467661
331d54f8a1bd3dabce73d6d9,528848663.43599796
22d167639ccaace593dffa31,513664145.960879
36cd68fc3ffab79fcaa340ab,512670496.9292896
db924733e88c361cdfab874a,536950735.4180958
64eea2e9a13a8edfe8ac7027,602412795.459556
97fe6eeed892111bfa20255b,534967829.5020908
b54e6757829ac95e2076d954,626244683.4552379
dd59b8122458557041903207,584867045.0060263
b35c58fc1c05a77433025318,563443344.3700023
c41964afa164d8b75f8dbe92,602211931.7330348
96b3ea80cce599b68f96f86e,594021228.8155202
a4bc87ad4f1ad97c0a63d843,580929438.0312319
16e62269e6aa2ea052d05f71,587785628.3732585
518b37b51f824fa0fb5075d3,531640909.58356106
e083d83369cbc93fb94842a1,548768530.1278975
57deff02895d5286eda10d89,532180234.0034869
7ed35835fbe694bc237abe38,589880973.9607197
b48efa9ddf36e85164354f26,533321447.3693638
5910c9b29a1025bada93a5e1,580601958.3019407
10a650e8cb5425c97f08f68a,590595050.8158534
9e0feca2ec3043ae6f840631,534694767.5041762
35ce37bbecac6b164fa21e6c,527294407.44042766
c4955010d066e013812a85ea,550795103.3784928
d5a83c31bec18d1c3eb9af7d,588991632.5764334
70217bd08583854329722821,589381404.5141554
28e748e7aa0a447731e06706,579846329.7610437
27929c0a3e0fd2d6d2969e03,594300682.7685684
5c5ea0d8bae75e0a5c88414f,606488880.6594025
2233f50cf7b04791cf1ddeaa,575661339.2164916
bf430621f17dcaf17fb91ac7,603152321.3179576
d8dc9de06461e0220bc55906,606100072.5008358
d988975f8c4e6ee8fd8dc1e1,609309379.6263973
bab884e0f99df269805e83a4,606769512.4388804
8fa9b20af1508af7a01e2267,678430668.8854195
b6f195d44ddbe10b78b97191,529325300.26648295
2ab0eeac4a228d5769fb4365,512924545.69315106
347a4deda03bfdde6d1c163d,576590489.816465
17230f18b30b94606fea047d,626439864.1399995
eab4ae491bbbe7b8ab107229,638810452.9601488
07c753474a847bf2bccd55b7,646953710.8381573
b7ce05400f0261743073e072,668845401.3774933
4a33d213841d2af537aa967a,613544206.1820967
04eb0b590ce7483c615b043b,656383895.9822935
a01a51af09a3dc387a18b58c,546296088.9973344
270b930a9e22d5016ffa4019,648931767.8408489
5ed1320fe84a518e267ff537,636549300.7591287
f04b574dc221473cfd616e22,647816997.8193557
6f7e390aa6135019dc5a828f,573689867.4569455
776d4a19fb3852fe6dcd3ddb,644402102.3662975
b7f164b79658952248866c34,562367982.5950361
aafeff5826516e363471e439,631403146.0055566
eba6a2b80a17a846ae560ece,388037991.5610508
90e62f8656ae504bf6175e0d,467639293.7966668
dc4331d09a1e36baaa6bde53,534652136.4297345
372d67ccb9d251e290891f0a,457083722.2659597
a7801c67a0ddd71c50ba38d3,436125078.7777173
e4d6b81f169cab8ea0244d75,480104299.5577792
cd5c6655243a4be0912bc92a,609416032.3322997
f7a7281a19733251134364fc,767624744.20253
a716ec25a219961fbe90f367,745300655.1384072
8bd45966c16d4eafb49ee2a2,760006630.71032
baabbdaa5e8f69fc90d303c1,952631136.5702434
8bed46960db1b2a7954ffbcb,952566245.1006234
dbc123f9502159d660f375ca,1414283653.1094282
a4683facc81ccda10e9ae388,960188301.2074568
3a576586fa1aac85c2ffb75b,952422757.3836302
b1fb98d0ba25b21c6647d423,996582101.6564614
97fa4be3ed93c37c048f507c,639365966.430313
cf184cc576effe39c0f857b8,434091793.23254424
784f67fcb2d009d352740ed1,471459700.79001683
f4d6ce332121f814aa663fca,431076813.4460742
c87ae84ef029febca1e633e8,504796720.7056938
e876c6fd9c161861fb92ad5a,706887099.8186821
9047c4764f2c6b1a10b87e99,958477245.7681707
234c94e9a248ae57bb5a0771,493278647.57231635
a49c2976ca4f24f3a6b622e3,487476694.8059882
ffc171cf73514bed077339a6,470768249.3705279
fba83f5feea2522888377066,456837157.7303683
1a593800d5785ecc36c25ead,644684338.4152389
ab157c9601861dc387a91b82,540881582.9029595
f87f8003f15b0fbc12609514,531087875.8310782
f44d035ea2b15b2c69d4da50,744837282.7369837
fc815b59cce7934f816f0502,535357951.2322111
32915b77ca68000ba9eed6d8,509974535.01391256
cb083fa7ff634f424a351840,543693570.4113109
4f3c7b9bc78f882f858b3d3a,489903789.41120553
53d33316e237830ad463a26b,556354883.6229111
f5d852e25d51377686c43bc8,563329069.4853565
64731b6eaf4fd2bb6c155013,557783571.7252835
dad7e45e4706ab2564ef9cf1,537205894.3772439
255914e9b13ad94efa6ed365,490021737.3717251
5a8950a64b4aea4ac13dad45,707982321.3747146
70f51b4abf26651111305b1b,599675887.9013
8919ca18fff7571002e440ec,659410381.9160353
f776a4e0c8c82b3d29756b34,892329817.1410629
7ea4af39a7e577ffbd600f0d,678230922.7177616
45fc0d46c7a4df7ff6976fce,699306649.5762562
7cdcecc706fc7c79cce45b20,602852778.4664394
3503f56e09e639be4762ff2d,606962991.8331243
f70ac0d227db6f5333aa821e,639554403.8161747
20db610da64f80afc1621b12,467892438.5231823
c80ef212c870e2f20ed2234a,608291166.1341819
7dc68d5cac1b7fcdab35586e,525244830.6979507
a478fb93a131fee4119bb9f9,805718061.9373649
7749b2b534213ec7b536372b,597204143.2617451
43e59f5312e304fc21c1e052,716701729.6409649
82a7920524816f3db7f5a4ca,599813515.7546817
1a7e331d9ff88ae5efafa8ea,572054278.1133951
a57350d4c79a415137281cb7,627631119.695705
f3a6132006d54d0e22a17e84,630054365.5867786
14caab87a129f51b2b70508e,665399939.1367853
ba2423d79744d763aa3744f8,630638876.2996941
1caac10c1121a795a172889b,755956771.3856022
40768729f2697b87ed6519d1,544195764.0173712
843234d3c6c20bb60a17fbee,624528363.3309442
cd2e4dff930a1c7a1a569992,570730174.8278955
5a6eab133b7e95155f6a9012,501230623.780944
5bba6c40aeb129c433d2c58e,612574724.3932245
ad3c644b506498127c7beef1,595039786.5706723
a379656c49f4cb1cfc5b3f03,549224731.6065806
998c1a6ace613d8a7468ba5c,461328845.8936096
dd610d7ece83bb02dcd7a22f,482803550.00813854
539467d04a2b3e78c592b11b,448219297.5164931
e40fe4ac43cabe82c03dda59,555724840.7240274
5561eab714583013b422e7d4,496518389.9502609
d9110b2b5b1c02766da9e24e,606327015.9387826
c72cf05b93b9c290c063b08b,546085420.2967598
d71cc157c0c43935989009f5,652173997.1690828
4199eaa19ddf8ac436bb2ba3,596071172.6550403
d23d12bd86def2657038a481,767624744.20253
ca438e13d8aa6285858da0aa,712206758.3715138
a173eb804f4bcf6bfe889417,745300655.1384072
9b3677d498c2ccf69c756ec7,892329817.1410629
f8c787390e4c6d2e99fc7c3d,537976019.3240807
a188aa896d1b4520ccd6b65f,588765732.7783281
9fa39c9eb4b10a20dda6c3c2,542988882.4852183
7bc9022fa1eadbd9ab39acd9,633681187.5103464
46f0731f62232b32eb733dc3,563260113.4192405
b6767d1e329ff5e28c42f632,513479435.509541
abde4b06769fcb1d5577fa7f,458362289.7944565
1496d159d31717ce254f67a7,470799659.0106557
1470749d0d2551a93827e441,547977767.6482904
3ac517f74dbf8cdc8feadfe8,519718415.4280516
fc6616c62030a53d2aa46b12,598946008.2301595
8497f34947cb4c0ff18a0eaa,584773160.873862
3b2936127f5a4684a1d3de22,587599692.5293018
dab58562904cd13a93d913e1,630379862.1424855
69d1e47b6bdc57512f1838a5,664602216.8960894
23c7f9a0534a4ae6a24e38a6,648687029.4587684
640e9fe41fb79ecba89d8951,675516571.472256
31f6a25d56f3bb36386d07ae,672647733.278472
bfb30ae71cdca27f5a5494c6,644921296.1960611
baacf0dbd690644d74f3a929,634136099.436289
cdcb874d2e62220d12230632,788057974.234051
1421bdbd9cf7572b799b732c,829753920.6867851
ee9e5adab1455d38edfcaa6e,881970522.4434468
1fae43a9450fae02919962b9,654336170.4318688
5f9ee280509afd55d24f39b7,644392625.6543155
82902f2082dd405ab538ff58,557569235.4239998
eae52c81f779a61f57cb5b58,802592050.5809952
4ec0aee1b202642d2739068b,622204648.6533962
f4c6c3210a3c2eb935c6d5bb,657851723.8392473
14a14706d405569501327924,443091794.9454675
146a5a4f3d111dc7b955ce42,598276278.4605612
99bdce7cdea643b0442976f5,646014924.5624634
733c7cdfd50db77066a67140,648876462.0514305
de328410e22767c66d919423,549495844.7774673
d0116b53467b3081664fb268,636295309.201101
dc722ea5c4d62773f9fb6bbc,517331367.9495891
e84605e3aadd50b064c8eac3,733213645.4603317
31a3719e57ab1425e7267fad,447826485.66039425
34993717af3f861b9735df6e,534449538.4157542
543822711986a454cfd764e3,538493865.3763337
5bbc4ff9cc3ddacb39469e27,726932031.0318125
d7ced905983af0800c19b7fe,647294386.0612259
02d5bac2567ee9e19041ad42,616017482.1526675
f4897a8a0a911a2acfb8e8c7,745300655.1384072
4ba19ab08d1fe7f72d0dd37a,521456406.2805852
b7c07f8afe037d55bddb8e41,519364657.17109454
40b20b5a3a986802d64f7675,509248217.57815266
01fb5931cb55f5308382818e,780723239.7523243
7cd0c7174b957df1f004fc88,599343380.4404066
ca13bacbf6dc8d1b09fe4c67,436172541.30084586
0ed0dc77661be57aab63bc83,624008314.2520278
d03558acc19951a882bd568b,576500050.8062608
b8cca0d70fb46f3a31473e98,782941423.4293706
f665a58fa8eda69547c1a159,681467984.8515095
8aa5ae4637ba83e672cd3ab9,575235660.373899
a6da1996f66e545041d920d6,657200682.7057647
b828609eff041a68fa243a12,600420096.5784651
3f39a260b81dd7de1dff2b31,453645336.2161755
40fd167916ff071afdc44792,582181372.1248486
6ca31945172976c3a11732c6,591084772.9375101
1437d1f1601d26a3dca7594f,588697446.6059332
ebab054e5f256bf4e382002a,892329817.1410629
0838d0df248d723da4e25ea9,620483569.5447216
7a134e45b9ebe710c6c6efe6,632460383.8419236
6e9c7f27d6b89c5f9696fae6,495772176.73091024
bd12c705950c46e679c34bf6,952566245.1006234
fa2c1092f17ce021964f8953,794806510.966534
e3202b635974f7a3367c0ff9,596071172.6550403
49bdf0f970af03d83a57dcff,647294386.0612259
91af29fa680d8033188ffc39,575722669.8624221
cb626b981c0997d254388e76,448219297.5164931
155a8e4186d1626fdda4d0ee,569833325.9429901
d337476c2cfa780518523a6b,494352388.15760773
7c3ea8523ece273991a190da,552591529.9822243
674c02227165e1c7189c54e4,647613463.4730201
17056748001fd65cb961b384,616143299.2699834
f56bca5bebfc765162c8cae0,754912612.2966409
5f4b0ec9c7452b888b33c3e8,556956697.0094925
13dbc077e552640736267a49,438080054.60338014
cb645955c851790e83e696a7,606432474.9901223
649cca8c83352caf7442f20a,752625761.5699832
fc8836e71725949c5f3fa7f7,882648258.537125
4f431d80287051ca323f2c08,503566331.6789394
42defcc69fa22e4c858f3c24,608156776.2364737
291a2f9022933c9d81311e81,610340212.7957627
d48a061a2040d851937413aa,582625940.9023197
55d2ad80322427ee3426dceb,615441303.7157004
8c41bfacbc1a6ab831b26fa8,608156776.2364737
c7214222fefdd8d2ad7f8f8f,619625758.5106153
b3d9a095c9c73004643c9e78,608156776.2364737
d49aeae19e13909e75dda2b6,582625940.9023197
dd10dcc52d2549df85f2a8ec,590532546.3387252
6732b448d2e4f32679f235ad,777245905.3703077
f08a5c2992cfee4c0910f68c,608156776.2364737
e3a62f080c25f404ca995e06,651935267.7361308
7634d584c3042533942e2dc0,606935728.5720466
ae58dee872922a9c678dbfcc,878993503.3916779
5ec01e911785dbd5b49b166c,603042816.8747603
9bc12d9c9ad95064412c3413,671595315.6233003
7acdaa0cee1ee62e15f4490b,480206316.9387642
d76d5b14d0acc5295b8057e2,597956698.21439
32f3364ac1fabdd13db1cfe5,384210592.3941205
8cab957b322f1aba06bae4ad,526844531.4456043
e3dc8b417819e9afe3fc7d0d,509349816.7976814
c71fbecd8f7310c201adbf40,455867479.23837423
54c9bffcdc46819f67e4b3d1,573864451.6984897
4d94a2295f612b96264a0db8,534449538.4157542
874f4a836cb74be301e068cd,787465342.8789492
a18925f908acda4171bfbe36,896578988.224624
a587c7419568288d68c46feb,593626747.836036
19994da77ce4f2db3efe6660,509876648.68959326
9c4dece6127f1f3f3bc1e0f7,532766555.4275668
09c28a830f8093802384071c,470544625.0897273
5766f7cfab59c920081e3046,532766555.4275668
964b7d9de17c1ce396fb83fd,448297870.2371003
44f77a86369d6607753adc09,611974749.1914974
7f25471be85adf0baeb8ebbc,636864379.581409
6859481703fb0cb34c1e564d,555826219.0784855
7ba0c14dce0cb09ef5735d9f,528950842.70753294
62cd6a29e98a5b7a5ad38050,529758234.942376
9c6d7e6260e4fe83d43706d4,637550500.3621937
5dbcb55dbba823dc31b041f6,663688985.8842549
85abc5c0353c5b678f087824,549500393.7825617
56dd1bc39664f8e9f316851b,713686456.8013747
b23341faa7307d9d6009c6d8,526914032.4961704
2af941adae2e8dfd66542055,586796644.2560296
268f887f25d416dcd3c0c9c2,685914095.0883186
9ddc7272fe43f07035d3da63,1129700935.2850335
4002635ca8b087877ad22d5b,879824758.2039483
b515b1caa608ff42574e5a06,642348229.8406193
710542343cece039a279dbee,649103519.3936024
187a143dbd6d4bd81d6d9c32,526294183.17245704
26db92c003c8e67d92d88aaf,896394221.027766
641ac8f4f60ae2b9cf6add93,577972815.5425725
784714647351cb6745c867b1,646781410.6331186
5fcf1e2ab4edf13ec844decf,678230922.7177616
2575d932e98c421bbb38b267,623472234.2596003
af9d2f5f62bf74a7fa9c74f4,575878362.4693955
4db8d529af9f718e6d81a85d,448219297.5164931
9a3368605e5f563e29182f3b,594988900.7414812
5ff696d8369101b6dc60e2ed,565990621.7540978
95ade3ab8dc04237acd6441a,358696330.5929525
607ed21e896eb5ffb50d5ead,504261352.8442518
40d9a852bbed67a6036c6d8b,525075928.4022536
97badba651a94721af5df3f0,652173997.1690828
b2f089146c30929c4836f0fb,459822984.88608027
936307e2f478c3ff7b9652e3,575898671.0408351
b6d5cb459999de084965e993,654245923.2592952
aeb66f808982c6308d891f55,569721968.6474004
cf8418c60f4e54dfa09b1e6e,559644123.2767503
1dcf71e8fbfef2c6534576df,612658027.8325989
c78b16f05ef58855da0d4f2f,470344082.10232973
19ecf1fc86396ada203c2a19,524888365.1548872
985fc7ab5aabf1831ce3d298,664467861.9666487
8aaeae6bcfcee5ad928ce28d,611528333.0072052
1a93cae134c79a43b13ce656,596071172.6550403
ffad647e8ee35eaea6378fb6,648312415.8263525
c21a3eaa136ef8a912ce7b74,592939310.0986592
fabe0f299a4e4bc6f51d54b9,661969462.4669966
5af99278b1091dca9b0b0332,752625761.5699832
3f0c845deec1c24472a35efd,748432129.3484088
c10f25fd39dd36287a6cde73,882648258.537125
f37d31c512866b575780c4b7,960188301.2074568
5d34f871e5a5cb3a655a0b13,503566331.6789394
95bb852a958d7b16fd676e3c,777245905.3703077
24857a7a80d5f13a52eeb054,551255058.9467291
f9796e9d13fe1becef435e54,1037909738.7104468
1c2739878e452a340a4e8972,719262048.2920613
698f3f1929a2dbbc69865b65,588437815.4914054
bc230105784ca8640e499ca2,453645336.2161755
622fdba953206a65224f2c82,491601274.6113553
6765fc17d98c08142d3d7757,550223715.3238024
6f35fcba4ffd6a58bce85892,491030107.21227854
d8654c08e95b39e3b4891cd9,587781225.4212928
33305df46dc2186c7e3f727e,754912612.2966409
0cec193a20d720af010383b1,620483569.5447216
734efe04fa6b326ae1d072e8,464835902.53322905
69190139558b2ef3eface18d,506700429.74988866
bb084299ad23f245d7cc5b69,594793871.2602468
d4c7b3372d70b898b167b92a,648312415.8263525
4a119b1bbf04b4bd6051c5b1,609416032.3322997
f844345b6224bc76bc3c6f91,517534603.75576866
052505ca8210e5e651fc0b63,636759376.2120899
5731cdf8cac0b8371d786c90,688113780.7869818
594d8d78af90086bf8cdf09c,585643667.0086468
fcaddcc78938f3a234dd2d3f,414778340.0720402
1574958978c9b5d23d9521b5,548961304.2810622
55902baa0ece72e2e8c869d6,553197727.2799544
46161effff173111bb6c3a32,584844748.4358276
b3fcd9cbfd485e4e1da6c89c,489875429.0148303
213ddc1761cd6b018349786a,666388015.1155127
be3b1df5f008636e14bec3fe,568248598.5872964
dd27922be5b6f730f8b4e058,546788161.235542
cd2aeb1b2649ef421102def7,610264870.8461545
a226b4af016a772dc7e39ac8,490330984.6109646
dcef5b332fd31d0ed8d754f3,471172914.83218795
481492907baba4574d4a6f35,596071172.6550403
10e5e54ab66b58b3f41ec381,608638548.2737917
d48866a153ea0fd23a858cd6,501863293.03458506
d273a2075d28e343a657d9de,850754710.7420819
90a711f776d53cf654614649,548520725.1605147
f87c76eb5071c5b309e3ac3a,516262633.7640548
74df03749e60c216a3e1292f,559088025.3694646
03a84af05df0f577e09d60c1,547677005.3824633
78682041182f01ee4db04e8e,952566245.1006234
25c76b5a1da0c2d8158b3732,693372442.7181922
af8f09175265e1546200ff86,523215193.94327414
c8d4ffb290aa9cea002e8d67,535982781.51788026
cb89ad8156c3428ac80a4db3,615319607.7021791
7602cb1e6fef087d8ee81aac,516208640.1375543
00c75d59ed4777481a50cbd3,594211828.6191012
fd36cffb856c2a14982a5fa9,580128376.007289
06ccfa37fa6b011ac38422de,573293832.0488394
257b533b6a66b40d0f097c55,647476667.8804461
736eef4bb36681acbcc3c41b,545962298.4108539
e1a4437b17f7bec650d8cd97,643806570.6356523
ecabfcb8ce9bb47ec3089c7e,643806570.6356523
a5a46af0c9fb5c0a03855660,630309200.5644368
920b50f4355cd2674ceee068,648738873.2848163
410e5af026805ec8088f2e71,583600154.5556246
efa0c01632d13ab59f629ab1,518994434.2074354
5965d19a68a8414b0419bc68,592509893.1743151
64955a117f2d9264eb59fa82,791012430.4493018
8cd46b5c9cbd056d3712f155,588437815.4914054
65f736c3fee3d14c31a57d1f,677056014.4315077
66e9c614882d58c022de7a2c,688113780.7869818
8c787c1e6161b18601e6d7de,513767155.3836419
29a115ba5b198689fce5f93b,406790227.6066303
de8ee990e70c8e5ad167dc89,537103164.0463675
0b65098a19c2fc1caa6577ed,596071172.6550403
70ea0403b722a1dae1ff9b18,648312415.8263525
5c77e242474e477513b60ad8,491037243.4664209
1655a92b20740a11a5889519,499928267.8163081
1709b1446b20b21482dd2d36,712206758.3715138
e5dba7fa0cfb81488b0c331e,508265203.02221304
d09dc3a3270073e5f1cb353c,609416032.3322997
368e740cb71b9175fe5b7b6a,754912612.2966409
b8a8ad4c0215077d3e5aa472,639394942.7730561
1f4a78e094987ce29f054fb8,598200341.553445
aae3a99ac764b8e9bfc562cf,612624555.724268
a63ecc5539e8725af4128cb5,620185530.6570028
a29e18f37ded2e901181d7d2,633518311.3689291
14ead7469d05e5eacce6a575,662409472.8721645
1cbf39c44f6b0fdbf9554845,573464460.889203
9012294b64280c565a88a1d8,651117899.2186878
dc0e9ce44b9932c6e48a9390,600710125.5277488
a4f272acb4b3b4f5fc72e99d,619545543.8493034
b0a7295da89516be1c44512e,622599730.52126
b638b937d4f62949b9eb9fce,660071307.9688833
cadd4a6e1075b57f7b74c63e,566254999.6029493
a88f4eeeeac5ccd1ba9b8a4e,727150853.7198458
29616bf14b5f1cd42786a91d,462869778.2836039
f03f97ca55e9a43928c18237,446433563.1771177
5fb9bd3aee2e1320dcbea448,518759073.7619532
34bcfc2f0cefad790922879e,530463009.04011595
8c9849cf3d20991e5126420b,716827786.9310356
ca7b9296080c9fc9fb232782,657825531.1158819
63a5989d0dad994a6af7734c,570365530.865952
7d25023ecf668945c87e0666,531076266.92182356
fde3d4a4a819b1fa40530238,604634649.0351359
e3338ac993873aca45755dc8,535607473.41935205
bfeab1b12dd82efa96efac31,553358390.1360202
2d564574f0191164ff1d068b,541606260.2081571
5529d858e9c9e3e92ce8a95a,576641877.4100823
2755af908b841e9024718b3d,596088795.6421417
623df36ea9610ed5c58dbd8b,605150410.4355966
77924a3c7880310a4822e5a7,505182032.8117056
24fd0b7f75feda5db89a4127,595833927.3326602
c2b9a3b2747f32d26c8219fe,567979642.2426337
3c3c7861a9727bedf5e3cb29,583621975.6731242
822ba8fd3c7392bda84461a4,586733137.6234928
4625168852b335b223a05bb3,536128479.59515023
b732ff1637ec53286e890865,582177894.8020871
706bddaf0b87e4f076247450,619859963.2519858
917218fe1425d2c222da1ed3,561045793.1839247
7ac0428c4b7197ca14f3b86a,513664145.960879
e828e83be8651bc2e07641e2,611663708.7630441
4d069f925100b6cad0b657b8,512670496.9292896
a50640d13126880a423521e8,528848663.43599796
45e92799de1a5334c3d2d72f,603738142.7968261
93ca9e75cbeaceee69b4f0e4,536950735.4180958
8fc4070ce12262679c381515,602412795.459556
63182bbbd5f94cea67de2d8b,603152321.3179576
6e163c3a0e30e7bf1e909661,534967829.5020908
3cd016f68705e73b819cf74b,594021228.8155202
3da41d55a2b9f78c2b10c75d,590595050.8158534
0eb8f10c9d5ded1b09f60baf,589381404.5141554
330c37fb5065311564fd35a2,587785628.3732585
b849cef46f19e13d3fc9d5c5,580601958.3019407
7bc034984b19479f29886cc9,584751029.2705486
5cae4522fa829a1614739b64,534694767.5041762
bf6bd06201e60a4c98c8623d,617945989.7420616
549ebb2f616d50ca778e92cb,672859128.7709928
448ad6cf4b43298a39c7b5e6,606100072.5008358
e9a37a1a4150461126dbb6e9,548094853.402008
1d4c50978603ef41377af057,584867045.0060263
bb71a24bc5ea4051d84ecacd,531640909.58356106
286ab2411118455780314355,588991632.5764334
045108344bf09b01b597e7ce,548768530.1278975
d714e15ab5c2d5a2503bffcb,624137009.3118418
60823c81f0b98e8a57192a9b,589880973.9607197
dfa988a524343181a0d3ead5,580929438.0312319
fe8bcbd17b16ad023a202843,533321447.3693638
69fe76202cd89637a15de1d4,579846329.7610437
e7cf67cbc08fa04be9f0a3d4,527294407.44042766
670583e7a2ec6e337429fbf9,550795103.3784928
796935018bf2b241646a2dae,602211931.7330348
5f5856dd16c0e5131835e650,594300682.7685684
ea2e380226005bb55c724ce1,532180234.0034869
f40defb11ff73ba4e3db7611,623691428.411657
a4b2dd2771f49951c027eef2,563443344.3700023
a949ede7227c8f8587715029,609309379.6263973
83f402857435d4fadb27fa36,606769512.4388804
36ab522893b5f01caea4cd0d,678430668.8854195
8e4875b7ecd0898571f0b1ae,633604209.9803271
7ef3f8bfd0368696369ac957,638490278.6322937
73ec13a5687c542137eb9a41,623342565.5934236
6334eb4a37d102ee00c6e2a1,560184281.0642443
fab91f0b03598c943fa425dd,589878018.3837376
c57c3c7edd591e16c0b7c1f6,577372749.4107141
03aea1b6ff072f117ec733af,616512772.8899671
91b57e8d6c41b7afe949bcba,528312831.37031657
ebbc5fdad817b304af3585c4,583863341.8830976
0232a50c9afca03cbf4277c8,600994892.5900203
05b12b1916e51a804419c654,586403711.4226462
95c9cee9b36fd1d68f647aa5,579222252.626249
3d31144a77cb51647f3deb02,578136997.3417284
ea87e3259c2b0d6263d39a2f,615206322.8968211
61f634438de4a10a861f42c0,589226007.0861957
c3ca43d0474dea2f2dfb9791,511584179.0940403
a13a3638569b89ddf1260470,606069588.5028757
124959d1429de095473bf5a0,604296456.5329466
4d85bbc09ae56cd85a8f87c6,580243621.0639657
2c13f29a8b9ac9b464e3a582,521751439.5439956
70215712bdd8ae7585520550,486036872.4694028
3352469ca509e8ca652fad1a,520071987.2438035
893caa7433c200e0d43e9f27,620827168.2953304
767cb14f03c909c595c2a731,597818802.0784831
11433baf7716402e8c58bd33,587308466.2109028
e07ca567b0678126a1aec803,640878534.3498211
b2286067a73bc0049328b55b,641071427.8103353
c85d56080167254c7bc19303,618834799.467499
5b9ef8d6defdaf13dccc5ae9,574714295.2973685
f7972b1936c6d9e95d3f632b,580235704.6286622
defd03ae7d0c0a44baf80abd,681194116.6769403
6fffb7958a58a73b0e16f2b2,570862927.1438893
5d86a1db39e324770ae58efa,652829837.086619
c56163e390d9e5a7a76e77be,578329440.9189657
fd5ba2795eb7b5fe338d6b4e,603576970.9358517
24d6d85cd0e2dc3deb2db896,600327835.7781492
feea3a2bd9f643219de51c46,607130512.1635526
055d7c66464d7e327711b497,661842897.2454523
046aaa4162cd410e92b216d0,649512465.7696837
b6bf2760cfa26cb28fc989fa,667734531.4281089
3a6262eed8967d695182e435,700730706.9480067
cf3665f24927de548639ee4d,579128442.4558067
4c243fc50d5511a1288bdc0f,647175588.2364774
d753227b5c685e93b378baea,647476667.8804461
149e49c22fa0eb163a36c932,646092291.5297619
8baa01b8c6d29c82a6108cb8,590435884.0879511
2d437a09b860d9d46644ea23,660479302.1006413
66bd80fd26836fd426be5733,638678011.0106723
a30e69524af9c1bddbc5de34,607251939.7543917
fcc96840d952d32a7300366c,557847583.0031263
659bccaa707b94f303610225,651163911.2078342
df1c66d8dfb9520c6818a32b,648893756.1339169
dd1dacc0c90022e5b40849bf,615224187.3820049
1a06bfdfaa9d9ac754ad07bb,605338425.1290319
a0ecc8ce0592a40959bd755f,641709118.5198208
739c2b9be0941e4c126d2f3a,600610451.6625159
d723eb2516802250027312b4,647143744.2124832
04cc75f46642efb1192f1875,588229877.3453687
9f37bcaa95fb0044aeef6075,481261331.07418746
7be8abb5d23794ac47ceda32,568602574.4729561
c06c737cc0cef7fafa3fc4c5,519379041.0776957
48e71c45f41778f8dca24cf5,500246506.9799361
b41f7c1cb9cfbd188f8e0233,610820282.1045365
32ce96d8adc8e549b90b4a8b,565091040.6590137
c6bb4ca5a0c839d38dd8ce19,623472234.2596003
1d91edf33a141fa2181abc4b,535288348.49554986
aba4e24dcc6998e5020731c8,565091040.6590137
00af33cff3ff7c6927306df4,639852065.1270407
6d2328def08bae481705e20c,656507640.6337335
7815163b8e4a54843d121dc1,640649252.4239031
c9f92088dbdc0d81412968dd,652732388.6900147
8e1bd01ce4b7910d42f59be4,664202645.6346214
5fd89a857727753eae6632f3,587322466.3654675
332e395d4ce62523a2e3208e,639592526.6108925
4fc89ee51cb0e1b9d6459819,593536918.9258668
2571fe181b6ab939eac19d2d,625727181.8472495
af98a0e223a825cbab78ae49,631982260.3895543
ae187fea3c46c3fbee7e6e8f,537382916.1568825
c681519ec1ee1a28f6a3607b,610047884.173669
bebcca3e75e747b5a01f5485,650921677.566843
0842a0730545c623043b1d8e,647860672.300601
973afa2d67c20297aa108bda,561417268.0318776
64a9f0bf04f1c890cc6e31eb,551104717.9425317
9e92b27f554068b7dfb640cd,581284692.273218
57b7aff18c444fa3c577b079,541488878.0399759
6b23f191d2ccbebf9166926c,652352274.9061829
b80c961aeb98d24d968c71d3,654829386.734742
064c1cd5e94efdf8c7262fec,603079522.084844
723078b6cbdf02c88286c596,615946273.3212162
e239ff5eaaebb287beaf76fa,604024016.9661757
b3b30d8b869eaad2382c5447,579515875.7640907
3f295e6c14e23cff1468bf82,682361747.1456548
be78bb0e06d5768ac1908247,542505854.7619519
4daf52564456895ca7f4429c,487465416.3166031
c832701653f1e7f01913660f,603819554.3634157
82433a009defc21498037127,589478828.5313526
b53d3d578b1d7d9e00c8a00d,573861314.1628299
36fab4c38cdd91de650e6abd,784585725.4996535
bed932e11a599f7cd4bfa31a,731576113.4876934
1d9addd835c9fe8665e01500,440145826.70783055
d8216aa4e029c0d3d646efbc,622252750.3742167
c1b0ddd3c104ec4482d5025b,453473141.77025527
bd0f754b0fd9b7af284419b2,629609804.9879313
01e907d7672006fa2bba8b0f,583337690.7577273
7ad046b20064565644ebfaca,614905472.4947563
1ac2b23683ba89e9175d1b99,532025758.63917327
ab4c55e78eb83d80c153f50e,616288509.228944
2ad54bda875fcf8c6b675bf5,523016242.7929218
07e76c765d1137cdd7c2ff53,569033047.8719479
5531b9663c5a37a2bdd97e9a,677279472.8347963
c740655aea4eab7066446c42,577666921.214932
3b6c37e7e6ff1c03ee4fe995,580801868.0507226
1b5d3ddc71634099fa1f04a8,568591949.4151344
1ad916edbe6fd38f40289a04,580264480.1891291
a1368aa4d3ae850bbfd90bca,573520101.5414459
0f728f676325ece6a001b4d5,583438664.8351058
0f98c4e431100aa87e6fa6af,659362094.0393811
91a08474a18644c43224c62b,568011895.7458718
185dd9366a6dd1e820880917,525821867.9376381
e364018f4d994cd15d4af374,664615653.3056445
77348acef84ef77f6a076268,484344769.4646412
7f8f506137780f4cf12e73b6,402779634.9005602
809082a38e6fc3faa66845b9,595624919.1629032
2072a783a44474cd0dd10d7d,457549376.0532644
b71905255273cbb0af1290a9,455409275.31866026
c7d5f021595b58c507f47d3b,831733179.8699458
65ba1feafecd7efdcf214ed2,776239078.335059
72eb64cd02ad2a54b65083eb,662062473.3126009
35d79b2ac92083bc439124ac,630080823.4951394
2f7d36523df4a5eee3edbe05,478892299.16014135
b0d20a04106ebb87e2cdea37,800855217.2766069
43650eb8b70dfa256ca64979,678230922.7177616
311fa1bf3c405f9bed13b38a,401770814.75452733
d12dc721a59af021e8ac68e5,401770814.75452733
36f9a0ea831710344f468bba,401770814.75452733
1eacbf36422a54f1327fa291,401770814.75452733
9567966987eb1d3117677cc5,376480557.76756495
e5bc85e227ed7dabfccbd005,401770814.75452733
d1f39f86c82916524273bada,412853195.06600827
deeb837c2c6bcbd01930431d,488682871.6446711
57aa22792684debb8d4079dc,531087875.8310782
5b0530f544da162b9a8ff772,535932252.5533064
b7d66c5f1ad06dfcae5b33ff,513767155.3836419
bc353a421fc579770e432176,509974535.01391256
45ae1e929b0fc88718151191,464023439.6958426
b04449c499843cf46ccb695e,517880034.0103744
e4d89c9d33a0f2659df21185,519827851.7244582
b2a7a8ccbbec39b63e4cd028,487465416.3166031
3be69554b1cb31ed5732a836,530674865.0009556
de7f584df6103e8bf95f4a37,490582828.1912933
0f4de499e5bd2c57fcc75013,533230374.9853477
b4fd0aa09f993bbfb1fa8abf,532766555.4275668
88a83e58eaf136a82ab1fe37,543698473.8892479
379429ee3675d1adbf816cc5,493717319.3674322
c6084b85c8d95e0ededc25d1,461328845.8936096
8eae4346936f8c6c67be81ba,475191697.6088361
a13fc9e9b4e47340a5d53bcb,511832534.96726453
7b8a4d701066372dfbdffbec,552142795.8832082
a62a6094ffed3ea7a54fee73,490165889.2338615
bf0ad098fbccd3548d834ff1,532766555.4275668
0a231779f131c36d8e6910f4,541104958.4483191
51ba7338f5900d8ef12206fe,458362289.7944565
81b14dbf863114fdddb38579,506453129.6222699
adaa406ec9ac311e9f9c0bbe,536667090.6064282
4cb11f32806c0e07b4251984,494065175.69607836
3fee486268a1451a7b9fff7c,471090315.19009733
5666f3c36f0ce4eab2c39299,555539050.9880714
8a8dff62516671aee2250cb0,635309263.5013547
ee4fc6a146e888e993a4412a,620185530.6570028
5a16b30f4d580352710e92f1,636281872.0414761
424bb491c71e913e900db76f,668795467.7277955
100bdfc998bbde3d00548bdb,619638693.9401821
d793efed9a723e77ca8272f8,591206778.9683818
725c029b7c5807a4b0ba2bc9,530463009.04011595
b6d3345346f43dba053ceccc,538493865.3763337
888bc3c4ceaa108e048ad28d,630682742.2404193
267e000c89d3416e551462c2,624706916.2973994
0ab4a4b8adda35f634812221,610820282.1045365
823ed628bddea9b56792d108,575982631.799029
a189bd7e4eecdd18ebc7d353,626727615.097655
da16828139a19aa11bd94ffe,619545543.8493034
874102a58234cc7888902d42,657180324.6236634
789e5d19fa507823cc4c5296,573983841.8726733
174bcb77be3b7e408e61d7e1,620425711.7977222
31a1492e589f317a58a79df7,644392625.6543155
0825f2ca4baf5b34231ecfd2,527600901.21940297
ebc96ea800887a647422b8fe,618992862.0323069
969b956eb7769b6f509d3ee6,599343380.4404066
6ef9135481d8fc882a1a735f,679290157.1127033
5f501c4532ade3f412359a1c,559995635.4252579
c6d075772255b1efa52317ac,632979310.5413734
535bdffc5b79d62aa6179c48,616017482.1526675
e95653d504208e8da19fdd03,619545543.8493034
e4e529e778dbc89f854252f1,587268744.5969394
ec5866fcdb9afffad2d7f5c6,608773907.8726023
814694a725a50c306d774342,548781959.8204744
1cd6531d8539468cd5f4b315,602115303.2405674
0c3e734afaa6b7c370754082,636281872.0414761
f80eace37237614562f942aa,622065579.7333047
3aee70815bcf6effcf0e5fdf,530463009.04011595
ea21ddfa37d60737492509cf,576601292.8111663
67c78ce1b8a64f36ddf90cf6,620483569.5447216
fd2efcb61008dc9d11756381,829753920.6867851
f51658b9fea670bd943d6db7,848692234.7500423
b83b0a53ead29faf9dffc0fe,639136080.4852437
c1329245f57c5d9019105382,825404134.9063064
98665b825fb3a06b914d39cf,841201426.0512278
24e90a7d9a2bd0c30a4f661e,767624744.20253
6e64677f8d730e1f9ca240d2,696367904.748906
a742819d8e4cf8fdfda6e094,726491090.1377034
ed75d1c40109eeb51fd636f1,805202725.366201
cfc2ab56604b4e3734d7cbbe,712206758.3715138
ed5622c308bfd10602e939ca,757603227.8825523
5f537d233678443192d22642,717188029.5760326
aaa79ce67339dc53b4f41dd2,733213645.4603317
5f467c6c80023b0174823d85,782088555.7040999
46fcc0d53b263beae95b8eb9,756462106.1334912
2bd47c19e5d29a3157fb8465,892329817.1410629
9c9c2f05352c92c02d080e96,924318039.4180101
cf8fb8db6f74c236cad0cfcd,915677564.7206926
f42a53a05dc90e617e0e4c38,628325385.2696296
bd612d494e2f21051556ebe7,531149870.70140696
ed1c8ac25a3db5120c92525f,490315649.872878
2c30c2736472590fe45277c3,438259634.5787631
bbe2c06e6f90c4234a7781ab,527129210.7284064
b527813993b7bf4a10c05683,610878979.2074283
2f610d2242d583654337d468,1129700935.2850335
dc25c9240c67effcf655b02d,573338589.8688147
c35f5ef73168d03cba1b1f4f,501851011.1146332
e88009be52bf5803ba3665d3,475878415.7468262
12a63d4fcb56c1d690e1bbb1,470501185.21826655
1d58ad85a82f7731e0f198dc,755347829.1421044
a2fdc7da13d098cfeba13b76,458232121.4895982
1969ba34b72e61337246cb5b,514641341.6295474
8be43cd8653accbb8fe8a270,464646148.3489779
10092cf2f8afb3658ae475ac,544522814.7317052
0fd313e5a0f02df07eb6b104,436125078.7777173
9b5f013e795f5fa610d03238,479993044.11346316
b1ec4b8badc955f9f4fe2131,503566331.6789394
e491adef93281c097ab08dea,480781397.497553
9a65fe451b30c59beb3d62ef,504764435.51433843
0d3245463127143a8a52014b,601603948.411762
a0e3198470f97f6a169044b3,663688985.8842549
33e4901b6e72593513a02207,652062674.4648284
f45234a3f0aceb12341be024,628625132.2820959
a71d53ec4fd0d64f8c06da2c,777245905.3703077
f1b30c4ea99f19a81d12f73b,882648258.537125
a52e2c893f85b49e2499cbab,564468546.469773
b2fd7ee866066f3ae0dfb3c0,613955062.4587294
5acc9d767e3117bed0fd8464,648312415.8263525
0449a82dd1667c8c564904f8,775450466.9744779
a0a8d63b5f43b87c0c7e1fb1,793393110.7921399
03de77e22e987fc3fed4eb78,581254691.5933135
3fed1dd17fcfbd2b86e73143,542505854.7619519
04fe204d03bd1c9876242ccd,616227109.4279858
32bdf33933c29b1cbf89539c,644392625.6543155
3f6c05c97778fbdc86304bf4,548211102.6311431
478e13e8c1cb5bc80f1080e0,588437815.4914054
3128a4896665d38feb72b456,648312415.8263525
fba6203abad5f4b3b721f29e,634660897.0793934
b25f461b3d48d833a73316a9,733213645.4603317
1282e129e1a355b161621dd8,552524631.5313545
293320b55fad21ea3f4a5899,368999784.7124834
de2f5db1cd1024a9734871c3,327962755.2623639
200897b1f8bcd7c116a85306,538926249.7416627
7023f5a68e1ce9cfd23fd021,432908401.21215874
13faa4142e9d60412abb4184,536249924.10919106
d74d0241fe5222f5c5b67222,516812771.69649637
0e51111c47813a0b0dd51b64,665182483.9421576
25e3793214088669aaaa4ca5,771685415.9581972
43d7b77a99e86e8bd21a19ff,891974980.4116874
38b87cf007043b76670207d8,747854599.6245894
8fedbf13ebb7cd3475fa3074,689139875.1148146
4be510fa977b93e34a789f26,493717319.3674322
8f165174bc07c28f9fddeee3,637500499.3372078
7ff6f389e364e67c4238df8a,453687400.0068391
2c91099736f3158f7f09778f,516929653.51563376
7bb1bc81e6eb3b4390440165,555006682.2256688
74e43ea3081841278c76cda6,461418230.155567
9b948f070b94c18e00a857a7,531720238.3672066
99340b6cf8f818392d501e9e,789374632.5908027
b27088c3ccd93e7d8d5571c2,666012234.3237864
4b45cba0d601f29c2b7db97a,580564221.1603981
362212de783981c9ddb767bb,475260691.06062806
5aa78a2bc8ec5e2be315fbcc,666305180.8195723
92fecc04105a999a622ba3cd,508012672.33638924
5098115b26f2473c812b70ed,654026262.737747
e9860f6b4c3e6699e62f6c31,558730169.3148233
71273ae563da6bbc66aa87af,561793627.8367605
6c6e7af42a6ddf62b04c35fe,565642303.4311625
484922bbe02cb218ced0e779,565784158.1158919
76745c2648b66151008f6399,559143930.0259116
2100201e0851e80488371b67,565832452.2708362
5885faa4aac834118c5e4351,548329390.5622216
f340405bd7f2c4bf524c50d9,544989345.7568555
1951c1c8855fed5db8031e5c,548397629.2019948
7dd96ddad0fa88f5c5978e39,531398241.97118855
db7535339826028d0fb3355a,467608053.9230614
4317746d5b88142780e6897c,553335795.374274
5796e37eb1a995db5cc06eea,428556744.18864304
817915cc3582112fb5541a49,553711536.3079069
ba524c4e2f13109ce814ea38,532357295.68921417
c2439ab65fe194d1d60eaa07,558222961.9660246
92e4dcc5911b42e7f70311d7,580992729.5645381
6bf86a580c8b510b7447071a,628819673.2941949
975482a692bb98df98b2f243,541135868.3660864
336888717766096b24215b26,637755838.2414033
ad79f4fa23a28cc84487517a,546943649.9908785
d925c1d4dcb68990c7204b33,556108692.1732931
f4658aee77fa0e35a71da7f1,573698829.8552265
210d58091ea74bb902915250,581387739.9970354
186d4731b3af01bbe4d08b23,571319706.9627601
b760fde2d4df27a168ce0e80,514567153.9376827
2e653d2567a47067df169d97,600800129.0764735
8b63358f3cdf8df0eb1f43e2,570839965.1171873
c09d691e4c7d7b8c8f6a8370,696413227.4732386
4502e2809bb5bd47b2781212,626506667.0728067
d03101c7f823dd7d17e49a83,590211074.2382228
f5dbd7dcf63b08f711561e58,521419388.0336333
9855712ed7be7e865656de13,607012554.9307859
5a6397b85f45fba27dd9311f,599627287.0335765
4d1b0315b5aaf21bac150d96,611765918.0567725
32c7a2d032ee21f8bbc6eccf,466667128.3646593
beae197df95b84881128790d,526202080.4212856
0cf7a6d43221664a060ef681,619534565.0930316
c431fd6dbad57351a497fae8,501508646.07778925
b1f8fdc8e3e25517ab80c065,481389290.74514675
7b346d5a5f5ec7165d1f8644,478008644.80770296
947ba86487536d611f548142,1338995612.000735
8398ba3b03595704b5897704,558138173.8914151
3f895518a7fccca44e534578,480781397.497553
232e859fc353dbff75c97cf8,628625132.2820959
b234ef225690d57e7c2af4c0,663688985.8842549
393e2e7ea1f20eb6b4148d60,549500393.7825617
668db5244c4d5b5c76b0b395,685914095.0883186
646de9441934226c2ffeff77,648312415.8263525
de53880a3299626eb6c2cdf9,882648258.537125
07f10df13b244dc33b464582,752625761.5699832
e4aa393309860fd5e30f49d9,1129700935.2850335
8c714badfcdef8ccc73df9cb,1328190552.2469196
0f8ded86be8d3543a5069b6f,624144525.427893
3e9d73530ff24d3f4a543091,549305498.3277493
076ceb408227ab2563a663d0,603429483.4351507
e0ae474a5307ef4057da4994,397081940.01440847
d41fc79d800458b1691bbb87,630682742.2404193
dc8262e1493ed593103acfa6,583062273.718405
bd6c24498bf413b6c5adf81a,551886918.209656
885c77c839d705ca7d04d383,657470174.5115775
b8896656cf6f5dd7c33ae46c,471400839.1996025
34a9e3ca94ac06347d879942,647294386.0612259
ca3b5cd3505049f1471c47e8,546270325.5981019
8c05c66be6008af7f6dcc10b,733593554.1101977
565fb93190cd34ac8b01f01b,733593554.1101977
6c8119e00b901efd2dd40f0b,616119920.5537307
34c92caf68dd0cec9fc383ef,636434010.5940303
68939c438c34e79a317a4f3b,623381631.97525
dfaba547699e319462abfd6d,623122359.058497
dd1d2e305d37d9dde55393b0,633950458.1582055
c32df77def9978a84f8ba7f1,564468546.469773
62103a85a8ddcfbf5e40e284,601603948.411762
93bcdd2a8ee1d5b61d00d58a,685914095.0883186
9700892d7133ff2c0d1763e7,754912612.2966409
fca6d7455056792cd61e2ddf,506879095.57877225
4e84c5953b493be7ca96103a,595842943.8804601
42fc4101da60fdb41f41f0a4,700821754.0837119
12d40725335f83e2fb9b937a,770011474.9207137
2b9681901b216f2174af0089,576701592.1049174
9ab74e81283becc00a779172,462361415.1884186
8f378dc1215f9213f187c02c,541418769.4124026
4a3a6698b5490216e8f8e6f5,813049667.560042
0dd795526c080e8efdf8eb0e,462246789.75632304
3e7217f628a1d0fc9bc47071,593627709.912955
157195fb2358bf2d5051c439,572667990.4136037
37063e689732880621e4e733,716153171.2316513
3bc68bc2d6a2b81f9e3b9a50,495297159.4871232
ce21f368495d385fbd98de73,616519254.7401781
1a6af7fd6a5b0602052c4c27,651316820.1296043
e38259adbfd953bf085a69b6,528469753.92012787
0cb6801c9b57e874102ca349,559054248.0739506
79f1a5bc0be914956d632658,650787562.7536
f571f85be35a72b2ac358d27,412025421.4929408
163bec92a997aa8263f5a909,481593053.7314292
9ce3000cd80aeec2c5188e8e,505496558.4111433
6a6178c4cae2e92a08b0dd0d,475878415.7468262
d52cd6eee468311666218625,602357836.7173123
8eccd2a6352c33d8c7abcea7,596020430.1103272
53d3e32b1dc782308e352a33,582352183.4216806
be26f0523e5cb13846539384,651082920.9905576
ad7739088e8febc68abb42e5,546297722.4098558
add4f9dd26fa34829aa25eaf,851235170.4166077
17005d6ec889a947397ab980,602191667.9125748
3fb3a581a9a74146dcf9b71f,626259493.0951858
51c4a8b438bb0d97f712af31,625803737.1595341
0aa1332c56bf357f492da2c0,613067146.1845016
6cc06c89c226a062fc46795a,625701810.5403371
682b38de3539b2a584446922,398802606.8876762
1cfe9cba4c2015e7b58f05a0,629134957.4966863
17d34f9cb105ca5010191142,552072791.360469
1fc0faf46f3b533f2cae2c06,728486401.6801842
12f9e1f78c630defe302f781,661006132.8315611
87bd6ee6f17d2bd5b61b0ddf,723229161.8532842
fd4ce3ddaf79d1b97043ce0b,952566245.1006234
97aacb0847561f45a5540f21,575235660.373899
a6dac56445613d70e49647e5,846659772.3433962
8b1acd29eb268fd684036180,626766176.1262157
656c13ca7a1974df58e1b826,915677564.7206926
56f72c2d672b7bc3c264f7fd,649013612.6126708
3771c66b9ecd6db0b201d4c4,589207259.2146331
45e2395bee937c187e3486e2,603121017.3322698
7c6880b05c212c66b8961b71,624493065.317089
e0ae8d2a51c771aef5f245e9,619759259.2591693
3573093e56e95a982a41879c,589036030.2689482
0920b2df9df4f0e509a7efb5,591273923.6190535
43600371d44fbbc81f6b6fa3,633253943.5430672
2684f67bcc89c8a5b95e5592,652791759.1764431
ca463fbe3e5cacc152aa70a6,589207259.2146331
0935e87627068206f6d9c0c4,462370633.6648417
10afe23f1f58f96422c97934,475200231.1536608
f3c8cf1fbbd6cced1fba0930,500003726.08197993
abfda926d174a8da1d946e27,422075098.0693748
fc9fb2f209a4b5e66f89712b,549500393.7825617
15d10635d71919d0c9663fde,586289059.9030592
79733fdf8881b0d25412abcd,595766041.0271779
7254c91fc9b51e76c6fd2a99,585116142.9303948
b732021729ecf88d6297b48c,665296427.7762884
edf4e11d1f1aa6f8080c3156,608961932.4680367
0706ce398b2bd64913e68d39,637727434.1335765
ea4a797b3d73d1b2cba9d651,677962757.072549
6c598362e322971968739673,470089249.18322116
130a119701171ed3c439c527,504307356.24507517
849c918d78991c57f32f2031,462823625.5005789
036fc9e01b2b1e3ef4574372,598634352.5213817
e4ee1a81aa121aa5f55e20f3,738661426.4690279
de926223fe4296d96466c685,985358527.7132691
340ae520163a220061bd7f28,369952139.7355774
11e36a3effeb0119b8bded5b,644392625.6543155
2492a7a74edb57f784f6361c,631888304.8828533
1900e7808046a5fe89d8e440,636295309.201101
fba35c04cfb7b6db50cbb57b,596427853.9887269
daff79365fd94d1d3a2bbbd3,484892449.49004537
51230c899cea0054bb74cc44,508828149.32429737
5e04875f99a5e4476c0b4186,599583807.0584061
542db19bc6b9a1366715dd7e,664544840.3635054
a117f625c794b7d52ec67cd4,620865148.0273335
4c59acda820b7b75823fa277,597354692.7143389
f040a167241599987e7b0967,535882431.63953626
4a016eba4744dd01954f137f,446686127.7754864
0d995f0ad226dd21bc96ff6b,468821332.0852271
3d44c742b1aa4c022a968ea2,535823953.58151656
e47aa2541fb576b9915fd625,432842353.35094583
61fe9ea90c8a777971db8384,660039162.4516628
4a611bd82c9216a3771ca7b6,632147947.1217691
0cc5caa9b48a835c92da7653,634430770.2002089
9a7f24ba55c92696d377bcb8,617364131.5077529
32366fe92222b329e3d03b29,596714713.3519442
aa26461420614755c2a52db2,764203130.2787379
53a447ad5e011909080c0ecb,1129700935.2850335
9d790c8c474c9de2afeb00a2,623659363.2876139
dbf200ef5f1e15211e2fc6d3,660895578.877396
b96c9e2591a4cdf9c4e0c09d,634444254.1602404
78eb6f51d94a61a967da24f4,613404319.5353509
fb338e93dda9159476b8382c,656155594.6464719
72536bfda19f78d370d95f26,551457093.0880257
7c581e2b9daf20131803eed3,659629121.065268
50cb0ad562ab5ef4e06f84ed,518075260.79625
a24901956dac4ee0e4b0c91f,719040413.6729834
c1b386f478152f9be1f546ea,530612288.5876882
1f34129d15f992a3b62d4b21,534411644.18394953
299117d35bcdd48afa4c2eb0,452683133.9606636
4ff6c53c0bcfd1d24bac7ad5,764203130.2787379
2e52008bd11000eb776bd80a,1294987004.0071015
56b78bb57b2d1f064c47891f,541439190.9495156
ef64a8989a6444cc529dd1cb,612527883.23941
078f7c6532204fe046b13d14,626616221.831744
28c0649dd8b294574a876e95,836050061.9560217
6b9b9d28723c7ad176a9306e,809117244.6549921
a640228932682c0c04538ac3,684496410.8967034
b19efe9cbc26d61daff5ae90,528950030.39853686
dc69d70e4d2713fcdfd93dd9,542343463.698434
358e85ba765ddde3ac31be33,436125078.7777173
5e6b2661bb7ba0ce4776d483,397081940.01440847
0b6dcb5c1952dcea931e2c20,622408385.8862338
cde84d2435eb1d0d4ffe2a43,549500393.7825617
bac550d41b2cbdc6a110ec7c,622322442.8204632
78fbb49efe7dc0d8e144ad83,659754322.0966196
606affed5c707249158c4b49,615715561.2295892
d44778d36fc789f8b8c745b4,492714477.25553066
27ee3504d1df34ee8ae5dbb2,697931198.2178637
60bae7a45a084f117eda823d,670085904.9594668
98aee6a36f208227a992f9b6,676950198.2386856
388a6dbda422f886e503e685,1129700935.2850335
2869a2d2689af65497775b1a,675259163.1327828
19993833220392781bc15279,722059358.1097482
f0efda3f7fb18af1b44d6aa5,601603948.411762
cb915d1ef92dff803c5cceae,960188301.2074568
4bf02d040efe5358d4a5940a,783387521.0926278
1382140d8fb634851d4d210e,882619441.2496305
b8ea07763f2e1a3d635eb23c,509489769.1508676
8ec00d454698c119085cbee7,509042293.8961901
30d5185ca2ac2fcda2bcb79c,501409419.60095817
d0ea7bcd8cef8588ca50c778,451766714.3159198
fe6c19c6f54606a611d412c8,413702647.01249623
f22ae3d17c92427f5227cbf7,398147636.6034779
92b3b7d8dac6b2f6d5fcfd9a,463905446.7819651
8c44d216517f5c59e2611aac,516807500.36816067
b85fa4bc59149a7a25447537,410769716.15947443
99f10097f39b32a478877340,568501577.2753363
44f8d5ab70828e06198579f3,733593554.1101977
1f674965c913f9fe282d07cd,531402752.34381014
60e768892afb284b0e5042bb,511108150.5654115
8a6d013451e46411d35c2b6a,446320064.59863037
6f953b9964d60f6a74c81226,492272456.1023559
05076b448cfbf9dede72904a,565021762.5503727
47051c25acf866250b5d3ec4,460496736.37664026
0952c73b02dd5432aebdf2c1,534750325.611883
cc3ef2f4fd5568aea96c257e,610525764.0095913
834fe4a1e9e4efeefb5aba08,563501715.4531626
104cd052884247b14d697673,536911818.8994466
8bf61f106e60d6be03799de7,554489543.6055162
c13e387f56342f88c993f0a2,671028484.4557667
ae664789baac0c47d13c3c19,663502615.6117791
ecd1e3003c5d74a3c7cbdb11,566244094.8449599
561cf254aba002fdef8258ff,664907838.1151631
98799228c26c9e4899bed65e,556444867.2875601
03025756be203027ab75aaae,532408567.54166394
8997555e7bea06f7b90ce821,658192992.2255645
e91a3f962129068a3a76d209,568291850.7680634
4bd0a354d75759510ab6bb46,603804769.0789752
f6c1705a83c039f7a7d46255,598820197.6497859
0c4afcff5f5a90cb79807682,582864476.6555693
d3222a7545e302bf10894658,511148686.7316269
03463535ae93b8b123eaba8b,546541987.8101141
360e5cc9ee1282e5a6ea17dc,594971303.2889067
07f24808e42c9e11a7c20232,573076376.9075114
b80d0456fba49a40fd774e5d,555577401.734637
f865411c20924c43a080794a,536424148.79742455
c578eb2dffe903475aecbffa,511397194.7126513
d639498fabe1db1236656593,530112759.2028597
e6e3bcae6ba114caf108049f,558283744.3558391
7dd9760286606c45e6a15926,589617745.7373097
2c5f07a9402cc93f4c683759,566479197.5953714
e3295e732bcf306a2d338387,581719337.5654304
240ccc45a242f80f817b04d9,513331288.7865948
a7ff59863f8719590146e71c,595193372.4748937
e6477c2014ad081d22f12b9d,586577359.2201766
807687fdb46614d9aa139b20,604408027.4758855
317d8f9d18599b346639a4d1,496290547.035796
b85acd44e18ab485d3ac543e,599665357.4519299
e61476e47d7e7be706d23fee,579535106.6610174
270a97e07eec2be02cd89a86,594065890.9111086
4c9dc4494a3428435457f575,573617311.5176009
26e58d0b13e7f7f5a54585d2,557980677.6493336
166e1e60acca831bfad07736,563304794.5003532
aa25d9f8737f142b8cfa970b,598972654.8277318
44cdcca08e1e66a1496fac6a,588596002.5315112
d75b7730e8c291ed41d7caf1,501085990.16267735
6d1534800bf0ce97197efb6f,531898229.56206965
8b13054b3318289aac1f13db,452302767.13615906
c6cb6ccd3f5876c9b9e29685,493362412.7524927
0356797c1683d002bcd94899,957956219.3792559
558cb38bcb8de04588bdfa30,512796484.6595923
0685f2225b939147c8482e6f,534448503.98251814
cf1ba56710023ede80a8381e,595997286.8054336
2d4bd56e71f90e6fb387a2b4,1879871015.2865148
b96b8e1d636f0c10c63e5c6e,660697829.7946254
534be635a841fe21c7a702f2,536097102.8063725
dd5b4eb5d20b8b9c813ba52b,560929762.088404
46941e09b153ec19f86c0c2a,669536086.707414
9f06ad3793ede2ba7f39de43,555921396.9281236
b3df8c66475021fc04f107a6,563741434.2594757
468df200fa490e667bfaa31d,605501183.7760653
8130ab67c5e0d96a9a67fb12,656108192.9661026
f7ea437311c0d217b0d572b2,585505717.5411495
ca0b59b35225b44447967ef8,418638487.67174274
90961073d9887bc1023315a0,406288007.06572235
a1421c30fb33a249bcd54394,413617223.6822615
c87d9677bed80b0fe06308b7,319425634.7125337
d331a4d58875a393080fdc48,348006211.3347785
2f3281ef06475d2114fbf9a7,386330670.92335784
487ede1f7f155194b69c531a,335456640.22226226
04308f869d7c992ed3ea646a,487537419.52157766
912471caea3c71e3f9f70877,496518389.9502609
1baabd705f72393167dba5c8,518007665.17196757
aa4c66791884ea2a8357924a,555724840.7240274
1ce08c19161bd0545eef8a16,535932252.5533064
01eb0a2c1033c30830161321,495156857.124987
b2759de47d28e8cc05c94e36,518740365.16177803
bcdea05b890394a10d24601c,541780528.2487004
db9f66f68aa772fe29e37edc,520528087.63100654
bd094081331ab259b1076261,502184568.6157698
81e7c8c1894e0c3a9315ff27,517576944.8912921
7cc9cdd32c209a62908a18ad,517574724.6214423
1e18024ab7d931bc7ab5873f,478352252.3155125
baa146a6537e8630180fdd35,578945311.419886
8b788f742021f2438ffbf528,466046016.57174325
66d41314804d77ea0f440695,479865849.23156273
72dec1e6e65f6117e10a2473,453413083.6707675
4066da904062a0041a809b02,456075826.86988133
b7570bfc5ddc7caaf610908d,489289313.53359276
f6c6eb3fac9658c4951c4222,489289313.53359276
5fe25ab9cf4ea071cd6287dd,464116772.71732426
0ef36d33e6c378c946b8a65e,516845720.9323439
991a94dd1e99de493672da14,488600149.8290428
798d87a368f073efafead25b,516845720.9323439
9e8cbeb53820394a460f0879,482441193.72631276
7b5582907bf47bb9e873a513,501609902.8480362
0f21ea53a480e4363b8d7aa9,600420096.5784651
ee667413d1cc49427ad448f9,630379862.1424855
12bb70a95996dc6e286086ed,622433728.8874322
9e9e3655ffa5921889cd8ae1,662017322.4160924
f2bfe55b6188070fc5c3f59e,680790640.1339223
1f00fb18ad48b32c666fd319,593475084.5975685
86f15ce6ea8e97837e6b9383,558259628.2658793
7002d00c9acf8b8a4a5865b6,845065406.2273711
3e85deb0237521f1a7a8fa84,767624744.20253
1bf77cd1c4037f4d2ed28036,710383464.2237977
ce8e1e2e4a79fa55a8547457,745300655.1384072
73a8efbc036911954c07b91c,712206758.3715138
9a2051367d6dcbd90a4d60e0,818656317.666496
3804d5b313b742228ef0f1d8,639136080.4852437
fd7b741b96080ca5b964cac4,865938517.0154308
c4cf9ab3776289a412684892,760528248.3996263
1c51566c7dedd4a46503131d,788064539.9037908
62259b400be228a30a655a59,915115878.2344798
e5092b4a94f1c231a0c47680,892329817.1410629
6f435cb10e5728ef45be9f29,1061058526.8274637
04a071d777e60627223e28d4,449299671.3049814
1117078fa37ed101e9120923,655170067.8097479
d56fda10944b088d9cbe1162,406288007.06572235
e01c49250329331a442615d6,414974561.64818275
30ab0bbf876dfa515b266c9f,522969885.4038365
6aaefcb58913bb3f49954b2d,605381646.7845305
629a6122db92e378f0eab96e,641724727.2137873
a8549fa4bb56a2bcc0e15b11,439209070.61809003
34291b30d129222905ffdaba,530674865.0009556
cd5658fc146ae4b5d78fb565,526568904.3148445
ce14bec246191176c16c4e27,490879723.74860525
46529f0455fd35b2f4a489d0,485431872.0330258
52b3823c59546a6ff3de4d09,447692342.62527496
959b7ea50d93bf1c36e35005,817505128.068941
5c6edbdf110bca5a66a51585,439209070.61809003
d4f6cc3cc6e923cd37d0fbb7,541338252.8493521
2865962bdff8929888a51341,635309263.5013547
105bcd15e02d39f70ec2ecb7,481018067.8217957
b2357bf117ecb5b9082871ca,447692342.62527496
273cb73a7bdec0d291e845f1,406288007.06572235
1f4cd62152d4940990ac6a9d,421882495.1364422
a13ff325f90eb49363f59052,629425732.0073924
40871d7ade3e592560d0b3e3,493717319.3674322
ad2081cd75928b8f5e506944,705436917.8853751
1508ebe40f90f90a68f6dd69,406288007.06572235
d3cda82d1fa53a7ca1b46a33,540401790.7584426
dc20d46be2470d85ad9e7e45,399082956.603008
0a7fb26822c2ca556f62a257,526568904.3148445
40a1cefb3cbb7e2972e30d97,448295835.7003746
4c3a2b3e3d5999f747ae0d53,695632197.4940977
a8870552db951bc4e76e7f9a,373963012.1943721
cc48e66185c23195cf958612,557690680.446748
09d4b5b5c2f97ff88215708d,646875685.6473473
a59320023948e2d915c07306,484474607.28387433
a74214a0d4d40b898ee2be88,520658306.62455016
dd9f28d722d43112651786e6,575260701.9036711
275360e29bf3309e09ec41d9,553516442.8896215
1e21ee2ab4ef88194cc85166,638490278.6322937
268c1e17bc17dd646d1885cb,554891978.0244613
33e22ea4154e8f71062dba8b,639610858.0008919
5b5db88fa09ecd8f4b9cef6a,557454247.1604084
c41dfc0b917edb6e6ef7b1c8,628282783.1767473
3ba6b07e752fa580f630eb8f,523649088.6640296
fa6db64bd7cd8b0f1c0e2453,531849613.15857524
2422ffac7337b402339dc550,599766856.5672506
dd6d47e2626e2bf24f842f21,667394568.6134232
bb433dc1bd769d684d8b3352,814469754.3289845
812ad0d57e4291da184bfae5,517576944.8912921
51a0a1a680770b625579e25b,1129700935.2850335
a91fd5b9b1a791a6af59b70d,626101703.1455235
094da6ca19427f1a943105f6,740728266.0906367
7af0a604d1901925aa179436,581640514.1429917
890df90091e14d1c3a1b30e8,534970233.22521365
aac17b54a68bd216e2bd1d45,412528283.7441097
fce26c7fbf0bc93937ea5198,593186286.5318279
b4245f075bc41aa29b55d324,761539954.0921009
bb70d80b0c6ad3022160c8af,614970745.2118473
ac85c8f7605ceff58dcb55cb,494891427.284515
520415ebcdd1a4059d18e2fc,593985651.6842643
81547b223494084af3e15bf3,584727732.4702761
a0f1496a0b4a7cd8b850f010,597998156.753818
436fd4dce2ff0f71232f4b6c,409774403.02919716
3923f0e655615aa6b52721b8,659733239.8886963
afe03b938be9cf14e98d4a0b,600873495.5654147
0f1c472b94feffc41f1caa44,602861308.4127564
5b76ae185e6b41243777cb4a,572916070.7721839
d70b133f81d6f1c9d93e2ed5,585347581.6245286
865459f5342a0102d255fa07,621789427.8837067
fea5eb95dfad452d6786b042,466474027.5707203
415622d0f7adb1a9f7009a63,393832729.19394535
543edc342ad39b149501aaeb,625927780.0314467
89e1d01cb5bfdf567faca443,642664275.6546987
e86b99e5dac8ed0d8296e950,591247716.2557133
2c85b19f02bb3768c10d14fc,613171005.817173
c17a3139c360750a6de5950a,573657906.7495499
cf76e6077d47a14abaf0cfb3,629036194.7278831
82ad4b3d5a215f17e745d77e,559420967.8677379
dbb4260c89524c78de7433be,507536470.0068177
5b312ebdf71ab7971f9fd2d6,622070951.326799
b3413352f0280412f53562e0,638639746.1755999
28fc5f188c5e11717cdb4a98,619462288.2238152
c4d7a906b747428aabd368cf,771067427.30416
a4dec2ce375ab5e4bffa5966,661275288.3797618
546d570784c7ab8746bba80e,468821332.0852271
cca9a08bc4a91f317b851f11,658673833.1799263
bf43226ba66a3e2033d32fe0,561879444.6694498
c2717194de73e1a1d8dce40f,490953366.8069324
acfc06021a7a81313d85f62b,437115015.755707
2d531a26f8b1a8afa511e3dd,562826773.7564532
4a8acae29064919c68fc8600,531676236.74067277
691b030abfe1190802349715,491556890.975986
a302ef23e1d0d6a273274cd0,475638625.13654697
a742f415d6c57e8493762c57,602096479.9684277
4672d1c9c3b04fcc87a0ae9b,693812723.5377668
371a0ee537001f7a9d58465a,674075971.432654
ca5eecb01282d4a84017bd50,673851212.9072695
40eefaf8c26b8b4736308bf7,657708752.9118687
a7ff08f7e09b19c1546453fa,628361105.4227003
07a6da2c9c4833ee4cbe8625,628656714.3779598
b2d32589626abfc81e44cf70,650036948.4615636
aeb68eb7eecc4aecd5529717,649670511.6622288
3c0b438c7a4fcbfaff9f678e,614050170.9553525
c37b357d57918c3a651a5760,659058223.6749994
b65c0544e9deed76615a3138,624130135.7986245
3a8b7b9048c82797fb01a8a1,624736862.9027199
7549cbd5c8003204c85ce1a5,567991413.9392327
21b4c1ad11bb1feac4d02308,598302190.029648
b972611aaf1b68340de16545,648824993.3621732
eb3356f3856526dc140be7f4,662048656.1078413
93ba409ab36d3e10eaae18c1,594994892.4265392
5717732a654405ba208c0f5f,812088415.5928935
aebb556fa6c9275a9b5c543c,978402034.7653044
fc72e535900c592d6053b806,666917695.4550016
04d77c8ade9a55fddd28b00c,604866574.8699473
028adaf559a05c8882893767,654313157.145172
95781f187bd3fffa3d1b19f5,598607735.5507473
cc2c78d41e3fe29de0b4ec4c,629274857.4845797
f78886545677e19e472fd0c4,654442974.1413939
3dcdbb92628e6a200adf48e8,925505329.0443838
4993d1487d78cd9ae2c23619,869995369.83081
a8a2c61f2b994411af5d9bde,977334667.8484577
57fd11f829e31e198326ac98,663359357.4712887
59b9a5730cc8a41bb7a1d16a,687515602.4869705
85b8a65f1b00f78e67622bfb,659769053.4102225
971c610e55f133a1d1e6c2b2,862219004.6229138
0f9867abe3ea0b9c5363982c,745362339.4444025
086521dbe18727963538aa7b,802965220.5681818
bda3c74ea6f73407a3c0a17e,669660377.8643332
257c765ac81bcf773473039b,563733997.6575583
80d2415c0460088d69574285,973382378.432127
1554f8aa4c8fbe17e9e82d0e,639241149.4676524
00f6a62599f25ac506113149,619510460.0511804
ae26e4726c16cb2f6a6d3f2e,702390183.4983217
8018df1613094a9e4606c875,673656361.8010157
eae4a1cce7c039c644f01c6a,751909770.4454638
b07cd6c30350efc5de211a8e,1411480727.5653133
5a2624a08494481388f6daff,639557639.5686808
b8eb177e22c63e84738e7788,662289662.1648037
ca02c904cf5eb96ad20705ca,459323820.3288277
8e6dfdcc28f830f2696de9cf,791918496.2336787
99fdac6a2ddb1136f7117f0a,419142959.39048415
22e9f1b4b5e887cb5f0dbfd1,519424345.0743998
d89f812c7edfeb3121bf639a,502779595.85798174
19957244dabc3f727733527d,484792641.8972429
ad1322132f3b533b4aced580,403264417.5849186
40c2ea5f89f5b77cc09d1455,493278647.57231635
140c4de69883df9f3fb3a538,431907388.46362334
5529091bcc05ba5cb2156b15,411099320.3925858
55c5e58ec636586755df3dee,521173628.8413259
6049fb02c166ec9b4471a7c6,598955539.9880967
758b4df32244a51b2271a891,515880888.125708
2ed1ae5e6fa77e447af230fb,590472021.4995486
527a1c27e038e45d2d1fcd9f,560103942.6416402
1d0c3ba50087cf01637de6c0,490643459.2679057
d0804da971548399183ecb85,733593554.1101977
46a7d0f520dd1e78c0cbce0f,733593554.1101977
57e5120d0b71ec6a67746a59,676826396.2722363
b5292c1e1683d40be46bc2de,437955637.0249415
01e9c7531cf3c63c04b9189f,483946991.06569517
06e91b526821a6ad1372fc44,507654669.6468263
34bca71dc9c74a2072f11e9f,624617788.9769973
22385ae2b3e7640e8c40411b,625019647.4392136
6e4adafdd872a2837921276f,533287391.1041856
8cd3031963c612efd0049f8d,460566305.3207722
43b2fb09efd1593a94b61b4c,541972068.492564
74448f56811e9562536eff6d,796769928.5227816
44f0e088fee626993778e7fb,620151166.6060096
6e6f7fa167c0f617f50c86cb,608038410.1063145
83da5fb4c15e3daf727a3cc6,592940894.9884393
b45c8a6224ae2656b4189526,593586972.5338486
0d926a0b5ef567c627a7eb0a,767970919.4279526
c73a1177d787a5ed72b8a9a7,595667785.5091103
75c1083db5c940e626c02f53,386733110.3678545
b925c9218f5132c6c81f3a18,373424802.51137114
9a091c59b3cb4c730372b34b,412556698.61956775
bcc704b2e178dd20497e073e,436125078.7777173
6f65de020f663622146b89aa,467101933.09784925
9f3680d00c86707fba024dac,490503157.36506146
18d5cc463455fdb4d443a6f2,471803554.22669095
f1d76d78f9266d9552bb86f2,576808083.7758372
74dbd25d407e51337f883659,584717225.9190384
88ff73eb829a6ec5bfcc0222,644921296.1960611
ed5559fbfaba86299e87ed89,663521840.0423304
5d97aad3e83e26b551c3399a,654179520.7192316
2258ec00dec6a2b85f439135,654179520.7192316
6c94fd185169e708a08d3535,567694263.0319245
ddaa88a11432ca21d3eca774,592764947.2667844
2749b5cfd2728ebdf124a0a3,551301332.5840161
a7546a6c6194506dffd65360,555921396.9281236
6de7bfc5e8149ebc40ec0e4b,498834514.7152141
6f83f14861e13af92a2b8cf9,448977997.221261
d71d0c8357f09fe2f77bedde,463099894.1191696
90b28f5125a0b8a0e3b10580,527129210.7284064
940e08f8fc66ac29f6d76687,675104018.0944045
41d2864e1f73e29f222c61e0,659446946.9845632
f7399e57df358ae7adc9e08f,640410620.314984
1679719f26e7c650f24eee6d,610878979.2074283
0803ef3270948a30b3fee2f0,608433834.455196
4a3defc2b7d2cd751c9c970e,834695983.1031973
8bd2490f83568ba653cb74f6,744378052.3802136
b4ffd0a2cdcadfb962578199,634971317.7189009
7e5064603267b61520d8f83b,590545702.0075885
88964e1202647db0519a8a00,466472984.1670198
f3d94d0616744b87ff139533,648688109.5657245
60704a08df293592e4cb5719,587093147.9251659
347d5081f7bd36c8edc1f352,590875570.9351264
41d3afc1118758b5314db48e,587252820.388696
80a1dc97797c41b61f46ec6a,638070360.2788706
c0ff8812c1e8eeab07c698a1,536258455.14637625
a9a4a765b1daec2f3ed59a80,612879132.7793205
33258f995a375ca192ca4d3c,581023165.0931048
80b6c823bad5b4c0fff46657,636038370.7987919
719055eed27f361071cb9eca,634583458.8722461
9a354d8c526efc5bcce59dca,653956839.6369611
9850d970fe9fd9bae89f09ad,596633742.6951553
f2c87b07466aad7328b7e0b0,625809951.2143247
27ca0c2320c520342717355d,386068032.9435228
e958bd2b19db118c31f893cd,386068032.9435228
46dcddfc78444011abd29870,553679374.8066696
061d3fd39da1b4b1397054c1,650956739.9726397
3d1a8884a9687e53e5fb0bb7,731297697.7669128
1c0236d4bc291372483a9151,640244585.0846217
c1420f278d45b85c56f415fa,661987511.0102547
ce6fc507df0105c68c29214c,612883963.3136277
e4f26a73bad4e41c375dd897,667439555.2612237
719190aff81379902beb6497,668397938.8965555
da627dae6941b59d1eb98e35,602064326.9830135
2189d3297ea703e50ec34d96,597385685.356844
c7205874bee601a7b01a0cd3,555686209.9883645
a22bc19d0d83b13a53630b7b,450966494.4827912
8acebaa9fd7e917d7e3b391b,576196429.6760923
4e104916ab915cf3c0bef846,561387729.5942605
b0df95e9fc94d9aeebc960df,628880507.4093105
ab419cd48b81038c5a30c721,495587318.0978881
5b9bae6f556700e099fedf08,630042018.9620224
989360149d9cc6088391db4d,644873735.0880873
bad7560aac04600e1ec1a9ce,584867045.0060263
08d9f04bc4ebdc74e9d80b16,610821735.3798095
f4311c45516bafcfe8864c70,594151851.6364877
c84e1db639ee43ad83f930c3,541439190.9495156
f778fa43c92344cfbd700432,620984746.4953703
2019bd32dbd09fa285a388f7,581445905.8383471
4db834146c4e73b515d510ce,541602129.7108675
9f9f2548425519863e2cd6b6,530551511.20172185
6c3bb7e1696df587990161b1,442233131.9238095
82f08aadf1eeaf2058b50592,559060705.5213592
753e74e4dbefeccf3e6b27fb,521225342.46510136
a26149f589edb9a903782a3f,487998418.49053603
bd264728a0464376e22b6bee,533230374.9853477
2d5564a502635dce2d46ef8e,614783082.5182999
05bcc7d7db8d352216a4af59,590075514.1650625
4794d9994512f01a4bbb6c48,569382122.586981
64a4528640fe492865ebc0dd,562156357.9409386
f655ec98cd42b0bf2d7cfbfe,526414223.356226
b09de5f1e028d4fafeb8a22b,575982631.799029
4c79f17573007a39bb2b4b7b,670254768.5418347
824894236c20b081af2c9868,557167778.7448443
107e76f0c913e19217662faf,708541254.4987528
d5e2bbb69ba3876b93af2d3c,757935239.9997847
a2905faba4c1177603e6cd5b,728458730.7499832
d13e3d432783206eecb0e192,795601011.5216002
6fecee4b1e5f50c0b27dbba4,822401692.6810532
57891292fbd530872cbe68b2,785732827.079715
d0d6a1b5c60ad420ebf2ab8f,566171725.0374081
711736da4f0e8282fc8c9e69,537216943.3691449
f32a3b542efba398907ec912,561569052.8317422
299a94a02e887c6ab1de59c7,595833927.3326602
ad844bdb1150508a4c6d57b8,599695222.6577735
78c17e6ceb87f7587364c873,447464569.570885
22e8713e2051c88cdafe2364,477720270.7202691
79c5085c14068e492e402a26,943351920.0788624
205e9d987013859f391b27b5,813788667.8915507
36aa7d0cbfe40adf3c86a134,677355976.0824414
d54d787189cc8f014ae58aaa,540069392.497829
fe2f1459eb0a380dc31e3a4e,577158882.8776993
ad663952ff2ba1953efdc460,520974013.47553366
b7320c35e90f33fbb1c28813,608087134.6265907
8f90134b8e68948cb18fced1,620247880.927159
2dfeb06300828182d4109c43,630718220.3276188
3f5a0cbba1433e9b6588dd73,609593717.2020139
f952c40e24c9df4ab2d62017,619599218.0992801
462c7546b358b00e617ce012,579858408.1738018
e0df3391aeb8d3f4b00f418b,608073554.4279511
1e48878318d35476c3e87520,552328630.3651758
e3903705d5a48c6d9f828ab9,623229169.7087791
9e590ad7d22105456bebc767,660813633.7131749
d0fe3d393eee5c0cea5bb6e2,476558637.703021
57b3791f2c5acffb0097f7c4,460622800.6315224
e11f9a5cf9d6ab0ffddd6096,543810112.4469514
9a3920f803b087c29b487cec,629374682.0859954
6cc0fe8ddc318f1bbad360c5,531149870.70140696
3e0c656b64d39ab38201a112,438601989.71749604
cd55abdb54bd56d54b11fad2,531149870.70140696
7cd39eb8de56700519d8f287,586528071.6737086
d762007a4ea5de370738e875,629134957.4966863
f4fc67d9b9c6078003f9af35,692370511.1623795
dc0a4632d7378c25be351760,752625761.5699832
530a3bae5a13291c69bb8474,626401494.9699175
32b678be83da2a07b37f3012,510728292.9151497
349768047d470d2fa6ff1930,685914095.0883186
e017c3311e2fdeb50a686547,655018615.5533782
bd0329ddd50f2dc4dafebd26,706887099.8186821
f6252e878aef5f8a641c3d6e,611372068.8915602
45ae8ffacfd00fb4a4f53d0f,718383436.9919418
d186e369ed884150e71906da,653585734.2549133
7b9e6b7eb3a5db0443193fbd,646765976.242966
1ddeeae13139b7c9ada353a3,527058569.21183133
a1ae6f9f5d02548c89b23904,667394568.6134232
dc298d37c5235e15b4cd68a3,647465150.5681701
f640753edfd8fb1a995f1de1,431961441.9033526
69a1f439de0f06e1143a0006,592140008.8748353
98f253233bfcd16533e2a448,655018615.5533782
ece6f8c652d4227370ef0fcf,534408770.4268251
599506739a6544839bd97b81,760528248.3996263
a12f49f4ac3c5bb0dc7d8d20,372947282.5141502
9da00f8ff8e19d26c1342274,515527751.76181155
cf5213877dfb4df98f0dc10f,570271384.2890363
84c7006b5a63add890a224e8,609371983.4126996
88aed38ca59c09e1a6202672,642762618.8870999
e6bda9370c80a5f7e5cb6b07,767786385.2629858
3b54ab53b6e3453e333a0939,630394199.942746
e72ff7414cceec6b162df345,555333371.0198251
f2d4c1faeb7694370bc65ec2,574328133.5481856
e1ffd027cce28c44c0d2f80c,452092075.6858432
5c5039602efa36222e64108a,544558407.3575473
b50f2c871166ee1009416be6,550769430.3804042
5e7e36116dbc08932f5fcbf0,505529479.76236296
325ce336d3df17a078db5166,555303220.1413566
a26e967b288a1eb6d8e71d46,614804409.6054323
139331d23d9e3c40cf083a7d,657430959.5285659
1704b2d5f4a33401fb153608,357531425.2140673
ee70354146295365bf241d9c,432842353.35094583
fbb0a76f05908c118f7a3df6,501494415.5421882
2aeb794adc9892354aff7240,464023501.1381454
b0a32581cbb586f9710dc3e2,556793600.6531011
ad7f3aae29fa1e7ec900b563,531149870.70140696
1695225258263bd2f463b21e,691883095.8196576
f72fb486fae49fc1de1fdcfd,622709033.1870813
6b8f7074aed7ae7e6cfbb090,1123531363.870475
619dab52b321ab297a604185,856885553.6540529
b5bb9af24f9de68e91a1df76,1129700935.2850335
ac3d21f51637207d3e031c2d,575982631.799029
2aac28d03c2110d871b5f274,485996251.4285875
9ef498b11563827597c82947,512550222.5431622
4f2ca698ff03df0c6386e48f,496518389.9502609
606df4826416ea0f146ddf99,532731773.7175558
9ff08a6ca1c63480c563442c,561589376.8241886
ec27554aa1c62314f4d46fc8,443576384.1175469
762374e94f17a8783a66d598,533230374.9853477
83ca3a41ca4b5337107c197e,658788509.1298084
c166a9293fa27e910e1fa9c1,521049354.912978
57f8a1e37c4ffb1b8cbd342a,585171755.2929614
393d99ca47315ae98fe9e7c8,880868688.7762367
9bef4aacc63605f2b2b62292,515255468.2743486
a266efa4e41df357ac4edda4,784529688.7731739
adfdb0eda9aa97f0d3005c4d,636289653.7191343
f05aee3e433cb036653b4375,635498260.392334
2dfd1808bb95170a088deac6,691365691.6326725
dadf0a00434e8ceefb3e26af,579312972.0501399
4336ff9b2dc1d97ac8f9694a,475067979.4812915
eb14a5813f860bb74740da2b,392319727.1626196
3d580d0df1bf9dd124c282c9,369952139.7355774
49bb5311607e4c7600caa03b,531087875.8310782
78a39ae05ac53535ba0fad2c,519030353.2912635
936e18fcf06ca3c46eda7c8c,556141485.3749777
23f12add67accdc9ed40f59f,550225775.5439136
eb1b9e15dcb88964f79e6a4a,509974535.01391256
e2b7f984616fff25e3dd6a3f,647294386.0612259
b8e2b98548a234a245d7935c,627896939.9473252
79382c56606e701e44d55033,754912612.2966409
983874e637a1a5782f31089f,521406398.64038956
3da9de8f610e5c40401a5b78,550256101.8402956
cd69a049dd8a3822e228ebaf,592715436.3415525
604f1b5149f770a8f370fc75,574041697.1204664
0d24fc1c5deb78eb1a0caa51,649915656.6879524
583af1118e60e46c347ec593,628635608.8505379
13b181b46359620191e6e4c1,617966338.0744244
50d8333064f0560cbe549f89,411498733.687607
d9000c1afed253d05de7819b,391372410.63862306
792ac070d1a314f585f09987,375344546.82647175
3e874c25176a3abb336b31ac,376935967.40440834
419ce7158ed62eb6897cf09e,423729279.65165865
b6b87c05c4238be76d94da2b,449299671.3049814
980d809e549333b475477bf9,378677989.86443394
a7df3d344010d5bb7dc70bf0,407168040.8295003
3d474c6a88ceb86e00f68b3a,399711158.4695304
be4bdb73add69f12f7aa6d06,393703765.4719008
fa5234ddf23dd0d9cbd3cac2,409380762.3561001
91a08f81b621333ac58c3845,494472224.9132973
702aaf395bc78986a008d70a,433945851.47892505
86b0c9c1277e9143ee765b43,547224487.7700208
9c2c22e70cffe6836f554f24,489658720.7732539
31f56b841b122b35615bae2c,499999622.2836593
41227dc9c9948a5f0688e426,521777209.50960267
781989d4b732f961f91bc3e4,457399448.278648
cfed0221146f4d83d641e1aa,512398001.290712
8ec491780efb2c27df8dc08b,476516410.48578584
8a5866428508658b4a2a4cb4,508759786.7786235
156dc81d6e14a71716aebcab,487399773.5051392
c24be8293c8f4080562ec0fa,519910599.03373635
7fa11c05ed1c123c1a457b1f,477327365.7286738
a63c36f6e7e7ce7c7e7fe457,477746366.1223744
f9bca38d3e08176649504e74,515094129.7751335
3d389130627ca7bade643f47,549451156.0743605
70314b0bd995a4b03c771ae7,528757078.3153461
a3c3c9fc04cf2e2a051a12e6,521777209.50960267
4cbe75a162b076c4c454dfe9,493585604.26764613
0c62d4d501a426cc8fde0c36,458414204.58136433
533363375cf2cbc50d86773c,523776744.4673214
21d0f28d5f30a64352e60ac4,518743581.6004608
471b5135fced50f7cb4197e2,487253434.61410695
1c7586fd8a1a38bbda9c92cb,523069688.2747962
a0f28aaedd12f3d0eee8c6ea,454226164.48488826
8923182b6dcc9f2d8be1ab53,519379041.0776957
67f694b29bfa494bd9d9cf44,491807905.86249954
b721a5846527d5338322c9d6,479317084.2407374
ed09fe201c9ab02a91779dcd,444390657.6504352
f49045b312d12268eefedcba,490018444.1308189
22ae194316f34d482bdf404b,519910599.03373635
4f450ba5de4766e5ecb8a4a5,529325300.26648295
235a2209cde8f8b0276c845a,454549109.3709068
f563f0899884de7f9bdab405,468314414.84735924
5b462279f602c5b67ada82ee,464277872.1120991
fa4af69aa064a4306cb110d0,480271768.84137976
a70d32ccaa78ae9417aa7e4f,521777209.50960267
77c9e5e3a6d965ede708cda6,469352333.1605097
5637f3d3278ea049333afff4,515577994.6848457
1b1c220eb91c9448b520b76a,475907358.41839916
f4a6ec71ad7790df9578324f,504242296.38326484
217e1715fdd5db76ce93cfe2,442922286.23377144
2cfa1397c901b4e940d9f673,498411031.87431073
44672de0d6d9d0cb3b4ae938,491497532.62413657
1c50477e5b3a67f3d8fec62c,444439100.9630865
0a2a67e8b310471b115c60bf,519379041.0776957
06220a42e68510eccb4d790d,525604106.01335555
611a3e1d63c6ce5ff8779243,477950142.7249151
1284d7ed08122731aa7c0461,493831271.2828624
d44eebc871d1fa6981c32ccb,498687790.4720192
43272151f217feab78190393,611196490.7256647
6bff92260afd556a98d3e3a5,543223117.5444801
00586a92b53f4a8f9f6b3022,662755780.0971196
745e7f6a83b55196f231466f,577117107.0556877
9c558e10e5bbf230f16968f6,538506715.9663744
1b425a31cbb73b713f291e19,636735455.2027106
076ccba20dac8bfcf184b8a8,589337428.004773
c8fd8b729f4ac6270aff9c9d,580424366.5254402
52f026e670e9851b08c70542,565091040.6590137
00304df33a3c9a7e396ddd3a,580578081.9957097
ee27eba49457286b5ab76172,634436859.8335807
97b57932e5e20416bad6919e,582352183.4216806
e570c5f58a20fda42bfb535b,582906335.5350093
79acb227b5ea365414982957,600055500.1847578
d24258de8d2ca10186660a1c,597024819.4688371
8a8c202c069c20696c2de85a,624592473.4589292
40f301afabee5be092ba20ad,611721097.1024152
afa842858299a6ebee166e31,535657754.04559034
7641dcf512a05ca754930bed,590158336.245571
8c9b472c55d4b99e44041de5,588249503.1393973
88b98c026b7650192034535f,589436048.4195342
9bdb1bc52a9ddfe92e6a948b,592023495.9151006
4abef5720fd889512ecff70a,612399872.9356639
58b139bc16fa2731e4b76f28,611196490.7256647
9ad9ac8728cfc2387285c24f,640861825.8551772
75fd5603c4de9678627f81d9,573280063.5492653
9f4a25a5550f016ef2370229,581027708.0096133
d4f4d0ed36ac9affd71f302f,570419797.3664227
51bf7bc1c19fcd42e71f2463,581897953.4394394
49ce19caa1325233d0de331e,567431753.4800624
5aa1667bc8db26bac1c72f5f,532021798.6004133
b43b36ea4f81bbfd4dc4d781,550383629.9981306
2a623b33f3cc1f54620b5233,549073774.7764086
8745eefb9e2761ff7eef558f,579333209.5264982
0e49eaa5cde9375b1f026820,577152655.9335653
f5acbf43add5776430d8d4a9,607086829.2948227
ca50f7143937a99accef865f,615994329.1170492
0e1bc8ba1953ec8c28e53b9e,606376137.1764486
980bafcd065c8e3d6cece127,634541331.5009058
c81133d5a58d7e8eebb10c8c,547399302.4658962
09656004f0a7f544580958fb,579044004.0180913
edd342f84fc90478e344ea1f,646893972.3124282
76974826c758eec5c255c5da,624698572.846986
63b09e45c1b7dca181491030,617533814.0995961
89952b237fda041b09f0efa1,599343380.4404066
219164e1d9b14cabb9bbb8ab,629315735.2495979
ac8aa244c21a9b86de4ed599,579044004.0180913
92ba222e2dd63a4453a30637,507146894.4964173
bfaf8b7796c8c57bb5997be7,630628713.5626371
dd5a565f854eaef90976c5fc,629237051.4760011
f8ccd21343b112d8f9e7123c,621218153.503766
a90991f865ac81cdb3de201f,626139632.8482864
fc57fa9bbc16d1b8106c2c70,547399302.4658962
9ee3218bc61636cf0d7f8107,685492240.2704785
c00592c7c0c3a863a1bab9c3,578776665.3660089
f0aa18bf86a36daeb59946e8,523871800.96788013
e186499af986f1959f729b9b,566881456.5933601
18420ed4661539a2d72ff400,584418027.1192132
957731b9940c9131d92a22fa,582471124.6451093
9172caeeaf6498737fa0c6dd,525732986.0910865
c798ea36d2e4a8119723eae7,572878972.6208998
eb963f082209fc077aa72bc9,541950360.8134552
07b7ba964a8e30dc16d66443,719603603.4555196
7fe364ae771a7689d2fa5584,654043784.01359
c59e06a2ed37fd750cf39976,652219194.913521
ce03d8ae43a426e074ed35f5,717053732.1260037
b76c45ccae25a06dd5fc432e,751139796.6999016
f855725acc115bbbf03bacec,749583094.6140637
b0b0db3bbe07839bc2b600fe,641446047.6482373
cfc8dcf337e020b875ef1572,702432479.2856029
390107256faa08574d7231d2,745403444.9294348
fb10f3b45e865b4626f65ddf,727492098.7389252
75f167e2273fbecb2c81ac0e,679473135.1369972
a7b15424d7c025d885636a72,775450466.9744779
f9c11e980254045d7478f273,640365318.0240095
e0b13f6dc213d05133252d15,795601011.5216002
c12f362b9060344ad044cfb7,731623175.1530273
f872f224d2af413cd104f24d,674427335.4974749
092045750c36a8945c526a12,626495295.2017101
5ef33cf17d4b45277edf35a1,573479003.3630457
fc64387d7c3c91a6e6e876ab,573999537.9063705
c1168159d4e2fffdd5662757,577261736.3331527
cb604e3a56cc847189462004,641597131.7090167
9e95710c61a4706e21cf70b3,572435940.2152374
ab37f67a3afa274e719ecbd8,576078988.0785571
970cb360eb64128037be7e23,626078731.23349
e42fc32db529e088f15cec8b,523649088.6640296
8925028d6e7a6cfce9967779,637651495.4692843
759e76e38d84a4188dff5446,568551859.7341043
83a376df2024c4c9fbf2a0ca,484630989.4058095
a8bb80d99280e332084b3950,487026463.41863024
c16ab4a11cf67a39fec6f049,493269205.77209455
9cd1127b1bc10db6b8ce5d4b,960188301.2074568
ddfa979b1d7cdea1d7dd0a86,575922536.8437523
d78f7a1592c0779093150ddc,559323209.2049472
97ce3e0ef38ad12f7fa8c4d0,373424802.51137114
5c789f2834a1a69aede6316c,533200017.2224976
c29ec380fc7295a9a770a74b,436125078.7777173
5987f6171a2bcb37062ccc94,628625132.2820959
1e91de6194769980800b4de8,698652399.9869176
0a0f206f04bfb10c137388d3,757048205.158879
34dd15023216e187daaf5a07,752625761.5699832
33d2d1db291a13affdc209bf,549785057.0357072
6fa5e5160d7c2bed824bc0d0,474968117.1766236
8c04aa7506b8c80c1bac23f5,823248174.058283
e5d445e39104d9ee6b244822,657027937.7831763
2ca6b3016a89139ec7590f9a,626755443.816994
e567e9e5862b13f0085505d4,650663568.265936
edd1c4fdbef4e6beafbd39b8,602724240.4162322
039a9029c4341b1528ca6b46,626528874.0081991
fa1533051ea4145f7f710ed9,500036480.63502
9c99a85c5dd878568582dd9f,462131018.611931
9ec426691c80918203394ee1,489523299.8542652
66f58d9d1e1eb7e81cab24a2,601110503.8425822
0d0f8ce05ebe99dd3bb7b23b,638560533.638767
6a65986cecddc5c47fbddb9e,644353322.2861819
a82fc744f537ddc6fbd16883,591369778.2511363
d4c40178c19d6cb2fcc88e48,633437528.2351884
4034cb3cb77e9cb39cc98fc5,612547794.8326002
41ae9d3d280d4eebe510606a,458362289.7944565
4aaf6763c105ddf2a6eddbfe,468798490.25208545
633a7038a23ffaf4b3f7896d,530463009.04011595
2a531aa9576c5f91891cc8a9,557833543.7079397
85d58cf85a179e167428ffa5,599096539.123403
42f05e5d4862d653efda75c0,575239709.721721
256a46a6d45d168169f63aab,523709165.0052753
4b0fba692104472b36c38c3d,570745446.0027075
253c85b226a15d0ec2fbbff4,607808125.8830221
b0bb2299d5f456f800993a11,639265854.2589602
47fe78f6299f757b231be10e,558033926.5025597
4d09ece928ffac7e7d270bd8,602394540.4118607
fc762d2d172737cabbdfcc75,642823264.9797935
2809252a96f47776d12021af,592587824.4697247
29eb473852b36dcfbda0c702,592587824.4697247
231c050bebe12f568ef92afc,466565827.44783145
acaf9e18bbc7295633d92e01,571694590.0111202
860435300909449c0443c10e,603460200.5939475
f967ad5e086f485c27f09990,644921296.1960611
678927546243e932b48d6058,672819162.155722
c537ea2620b8c3a3f013c0b9,673635323.6499776
10037227b2a24d9a72ced322,674400228.4466594
1b4b3662ca18e731acc18928,811852126.2062358
e6717956eeaadb3e95840256,958477245.7681707
ccc4457f68fcc1a416e3acf3,541467994.5573924
94d91969cc4b9aa1e856d801,659138085.098564
2cc821cd7b5fa82b27308f87,435857373.98236346
f05b3779581ac0015f29571f,492033038.0518447
dfe09a5f848e8e819c361ac9,480781397.497553
ba87ed2a657b0b042a05460e,439763674.5293724
f967aa89a4440cc1c44bdc54,477835530.6418422
81fc8d666c8735e1095d0d4a,739783695.1037202
fd8b9540f1e9da778d566d25,662718352.2224166
70baafa9789d2fcf1bc212bb,618548922.5745579
4911f8879e5bc9c27ac13bb1,409503307.6934899
ce53f3477814fdea2889cd2c,407486415.51485646
62f022e19ce6608919eab5f9,463293242.0248048
55657bb933aa2ea3083e0b90,542776786.6159557
808dd470aed6064f02aa5103,429061012.0532593
39bc028f3b42d9ea48808ad0,528394402.6576298
c0c01ecbb9189d77098659b8,510485043.90557164
57c68d470f6248d00b6719e4,610878979.2074283
26c66cf2f43bea00e6387326,552883736.558954
b5f0dfbd34392f6855bb4b52,578002509.4952475
25202264e18928158b89278b,596227941.8019874
e93abbb49b24717d3a0767e8,592060125.6135125
906e1f2e1bc5cd51a55b0266,527129210.7284064
eef1d35ffd08dd161a36a2d1,747357719.976746
35e0cac576415a4e61acec80,813788667.8915507
53ebe061b85f046ed12ee9c5,896558149.0917774
059d77736dc72013de7767f1,627784890.3576227
17d7986a62e0b066e4e5530e,589374002.3641789
8236c798dbffb3db51d5d744,402330380.003456
587e67078115103d184970be,358696330.5929525
7569fb4aaa9a52d6a525e3b0,362763857.7228801
db122cadb7a9c33f420fe246,363787926.1662064
e852246b7661d30dd2e1f0ab,362252905.0469273
f04eb16931448e87aec205fd,406226509.8859765
90e858d3740d4aec0fa21c12,490674317.9267735
65647ca6e47eb2b9ba20058d,620812334.4069227
d0792d22549d1b3f63baf3ad,478507392.8883747
76c4045b5dad9a8226e9244a,501342834.55603665
fac4f0bee67523194fd4312f,505797191.7795752
ba89ed56d156579ce288dbcc,504785291.57017285
adce397b6d1473b9b6d02865,638072137.9122058
f1a924badef699637ea8fcc2,534472199.322967
3bdce823d3b96e8f0170d96d,652098150.9243842
439004dc23f97a878ebf371a,546349966.8145578
192e05cd731950f91fef1d83,825268863.424343
5110c49047db23ac3aa4ace4,583796320.4576272
f4f7bd9d03eecf35e9f37619,719929923.5764536
141dfd80a005f7b32bf70375,595461504.2095563
08513fe1cddb2cad74874a59,547382877.8708279
6b23aa3ca5edd20134811cea,466565827.44783145
0fcab263453a9f196468e552,682539073.5345247
127e08fa99afcaa339eff684,614169431.3409804
d2c46ef63db73ba3cb7e32a1,653943864.6557333
7c50c93bc9e8846345892c12,599343380.4404066
63698398738ebc7ccebac817,598110369.646466
417e974a3f0d97e502e49800,548325251.0935044
6483f2fcdfbd26c621a527fb,711307703.3787057
3b739666f401ca6b2135652c,705609827.2498049
1b750e6e2e92e8222482cb46,568324568.2182467
dd34882ac55c57480663f7ec,610878979.2074283
026c6384ceba017c5f2cd66e,531128260.1651755
3f4272a3a4b14ce152fc3abb,573795549.2688187
5cccf025fcc0a7d9ea01b170,641739621.5412233
c8d179013c5bb6379693ef03,484120580.68759674
8c258d10ce32150f5fe5b712,640476911.4383334
eeb6fa8f820ec63aa0aaa303,527129210.7284064
ec8b305ddc2bc211a8a05d0c,525984839.74113494
5a84e6d2ab8db0fc60775d03,484434180.0396911
015d17895f32e2a8b616ca1b,639814233.7330359
6fa35f1af6d51d341a3165ae,605800602.1669482
17821a9cb766b0f3ecf24e83,485743954.6940455
23141c17df584746755dc508,369653004.18798345
00076c8f390d5dcccc133309,658742026.1437362
25488b1c8fedde6250b413ba,461868640.108031
5ba6b4953759b45cb83512c7,806623628.2188423
8ea02baab0c59eac6584f62d,624177870.1718999
b5c34f90096fc88b8ca758f2,813788667.8915507
35bc25d0f9de2ed4f714fc8c,584690046.5807985
8b0e1911b8ab8028409dc9fe,756000958.2992295
2ba1672e49c023258d262d1d,589625698.7146506
2d778563921376962d126cbb,547208372.4137785
bfe7c873b2fbad871327994a,612801218.689269
72d0f19409c85dbe32cf6ec4,714226715.7079519
d406baf5cc9b4473ae9b8426,345305059.0458398
070912b7e5fb205918c1f4a3,366886808.27719057
659abd72d12756ba0670f466,453413083.6707675
7a464b948b65544159cd0db0,522509203.4392235
e89774d061d50c83b409a071,472364768.6625271
fd6b2efe5da2c35058333bbf,448125776.77012086
4577c1623c8407e95e893e63,557898617.7921298
21adc839dec9e8efb128abf1,432842353.35094583
aa843a050ebe8e4b3a04e9ef,654913424.782982
0252fcaf7bcde09274d34be5,685914095.0883186
46d77c92811f0c87d2d4907d,666110916.1110222
a8c662f906075eedb098ae5d,614406722.2792959
b8b46931b93b7750e0d1ada3,626529885.096011
efde559422ec1dcc55abc686,612592500.2695651
339bc881458ca34bdcb771da,803947000.7307285
d7ad6527cae719481f849927,801315188.6762191
df3abaff81c430b4ba85d4a3,853837002.5309254
bfd2f20a7bfb0d865d7f7193,1129700935.2850335
fa3ee96e6b6ffdfd00aa335e,1013243123.3701088
163228979751798ded8c3fcb,586057716.7861054
3578144f12e13e98e8cb2480,607397886.1064867
7136cad475a0480044707984,594466268.4001083
93f5694b4854068f42ffe55b,608844017.786592
51608bf64739db05c47a3bc8,640004042.4926903
6a01b6d09d516d67f4a2fb43,390892043.90079063
5f26f33bd89fa7563ac6873f,394533336.2503699
aba54b001154ad881dfeea6c,435706608.6535698
b2eb63e5da917ce649a72142,513767155.3836419
1427aec89ee9564b95e93cd4,525751803.8594044
a0087db5e9e2cdd6073021a7,470209389.06198835
4396f94f7f3c403c43d3ede9,522030594.7449344
aa703cc78a1ce659901e711b,533428251.27527595
0dd1bb83f0f18af30da139f4,459685786.7917842
37efd3e2a5b6567957c62081,535436979.8509899
ea47ad6335e74dea06228b16,507028541.6790515
8a975117ab302b77ac057823,485510329.8006402
ca5949c4bcf0b63e5d1be784,488626859.30775625
e9f3f41366d5d784c2928937,517060438.7952272
7a9c505db21b777203d34bf6,517732475.7095673
238cf9f99c4b01777a97f82d,498758707.58994764
385fcde12021f4bbae6ac2fa,447631333.538703
d9eaec557a7a6674565db1ac,671834410.4328942
30b0c440c0bc8c6005855ff8,662791277.4880519
09feba43c0b8f3560fe09be8,538493865.3763337
2547bcc87b618d3d7e22dc21,654542557.4835763
1240a616080d6ba5459335a5,623643987.9778612
7cbc8fca4f84908ed4e7192a,619545543.8493034
151a16e94d538a7a6d658ee0,580095244.7977917
a8ecaa9120c6da21229cf145,623772276.6319858
3ca34fa833e6ba10cb4b1944,631228382.3521534
dca2e851b82c512f01611ade,594629227.1974839
3747996611a842c452865a9c,555174561.7287203
3528df61a44a9895248336c9,545865238.7062823
398a67970cee5dc873d71bbc,664168800.4265041
1ba2c2eedb352ef9bb59c638,579338531.1499549
f6f4a467f40bace72ecff598,582181372.1248486
b2af9047dbf58867ed0c42af,783175936.0750452
012b8d616667a6dcece0dfaf,786747789.2487485
0b117f10e699f10f97a7e7c6,712206758.3715138
8d5192b6208902ddf4804839,720219720.0290642
b86cad78da7bf06b5ac39f99,879824758.2039483
4cc8c95dee29e43463a8dfd9,630343248.4243942
76846ed8b7ab36821b848f2f,546357520.4025494
5428bf7f37a94ce9fb2dd435,481297090.84297717
b22c39c3df7d8e32cec2ba43,548173365.0381843
44f5380847c175a42becfcdb,729077499.8461486
fae53fba5d405b2e6a3abf01,386939666.78749883
3b52bd5eee5ef8e3871dcb3d,1040801606.5883517
21eef7da02b0f2a2fd987135,518618477.02034354
1dd6b0ade195edae38a4a20a,485004150.989525
f359afc7bb50cf6a61ac63d6,535466640.8156048
b0de107a8cfad95f09876eb2,752799809.8371668
2e8c76f4ed59cd3924f7136d,793769907.5422356
06a2efde5244f7d653ddfb8e,561336735.8839682
f72e2f6cfbd32d97bbff3ac5,588191018.2021408
9705748d2bb061678a80826c,682494553.038681
9620068cef0622c404e15960,516312731.29210776
cf2e8824527989d3cd29c058,534957900.9169198
6e606a7c8bc632ba0ba37184,553645583.1927532
63fa384ea296390350f23d7f,575734846.5408499
4d3f5e7ecf4d361d7eb55f5e,477197156.524365
e31a209077a3e47712588730,506899628.1517464
5f18524e839c2987594a11a9,516436591.05844
def06f49a0b8230ab613db94,676353871.9396104
faa72370e4c7718964930805,676353871.9396104
983503bb75d84c410d1c5d3e,605935998.110782
30f381306494ebaa760b990c,482736959.21819365
5e72dbafa642e4f416e6f01a,507875065.9986284
3d5ece38670c1c96df4cfff8,482736959.21819365
1bd6861d451d128c8bdb72e4,571694590.0111202
072a6f084d31a5a4be4060dc,577540351.4319181
4d8deb43d663fb079262708f,638610001.9438015
f00b8eac1812a500d7a732ff,677036930.0819483
77a62d5e2c89da24f66a2118,587186479.5449778
961886897eda4b0ce54d1d82,613924452.0353187
6f6c83ff891e43b7c84728e0,790107327.9538468
ca8c85e8100f64416146368e,773031626.2597541
24297f4a3e14c24c941e7720,671290525.5818007
98d7f0935f021acf313630a5,781700829.0469055
a362533eea6c235049bf3359,661180510.5864514
2ddda0ae748b38a6258f660c,901213142.0006342
b18107a422b9eb6da9fb692f,813385632.8067689
11cd643195dbe5dd4567b62a,724703444.9792396
c9ee7f0666429c0c15c37499,413059751.9492749
c386d1ac4fa8dcec4cbf9788,499416898.17516667
21e0bc9789139640ea33ed09,670592461.863964
cacb91ac1b835d62422b8a8e,751917085.8116537
bc41e69def6bc7490800c4a4,478523992.162092
7a13669d2d7ed2e50b80b4d8,513675519.11324537
08dbbd8d672fd09463c061a5,527249646.7571529
cb93b0d5e9a26628b0462b14,541766600.8222506
d6a43f209f810455fa41dfd6,601532043.8597574
ed5dfe95f82f4c087af07045,582909547.1504732
02060d2f56e979a61427f806,579479612.7048153
88ffa9f0bc3f6c9f2e589a75,662190485.7354317
b48093abeaa178d1f7fbd83b,659578487.0563922
b42734770dacb7e580a6d742,567991413.9392327
d3aa845e96d22f31a3656aa1,586406997.7941229
becc3ae7a71d597bcb16d261,657708752.9118687
8dcfc24742ba669335a2d65f,674075971.432654
45e2411d38589a2d85774c5f,659058223.6749994
9761b0f43949eb5307472ba2,666917695.4550016
e07035cb49625760c7da85d1,587449738.9937506
f88bb9c5a471504c13d3616c,602861308.4127564
4bb5265c6e63449e5fbaa270,673656361.8010157
ac73b8700744cb7835f328cd,648824993.3621732
a632ececd6a023aae8a7b730,545132676.6877924
858288683063dea9d5c57420,617117619.8484194
d04f549fdf8f34bab19a171c,600873495.5654147
6ed5fa8f114431d158d35f43,629036194.7278831
f849dfccaa8163d24ed935e2,619510460.0511804
bfde6e7200fc27e6e6f1497e,629274857.4845797
59c11d3de7153d2605cc2273,624130135.7986245
33ddf4e1ed8c864e9db16887,654442974.1413939
00f5ba660a4fcf6ddb96220a,661275288.3797618
a13004b87c6d7e7bf6b75730,598607735.5507473
eebc02ff14b6d270746ca055,673851212.9072695
65ba6e178f3565a84c6ff973,649670511.6622288
a57f40f00f80abc7450aaf9b,624736862.9027199
df37b916acdce817865197ae,614050170.9553525
b5c074ee2e2538aeca099fc4,702390183.4983217
004c9da9ef1b3b5e309e475a,604702548.6398932
c5b47ac5c4b7476d50bd56ec,628656714.3779598
778ec765417db9ee48d697de,771067427.30416
b287339babba162e290d0fb0,573657906.7495499
4d35e00e86a9d508d82ea90a,621789427.8837067
0dc2a023fb6c5e0b92d86ae2,674039703.088216
5787d7c671378e596edfb58c,650036948.4615636
8595b5517cb3f1ff8094d67c,559420967.8677379
f4d53276bdb5899c6f059c67,654313157.145172
9562ef63320854bc6f94b5a4,509349816.7976814
c04e72fb6244d9a9b28322b8,567393393.3533496
3d141576443a97b0202c9672,667529105.2896051
7caa4bad394586a46dfad854,647974961.6772114
8420bb74fadc0c8853cda025,378362338.1143729
b274adb68a37458cc5181fe2,477198759.8222318
8561bc940a91f029147430f1,628625132.2820959
258a968e403e747af5693a3a,699900672.2707506
0de34892fee879f449facb19,562303154.7904388
9634cfebe7e6b095f0065ee7,488981039.2561649
1f3544c9f47bc00fcdf59d74,486559695.642025
e3077f6e47d130106e7165c9,649680174.2005799
f0ce47907c3c30b6b5e990b1,628771867.8067375
1432cf7de2beb14fc7603ae7,598085140.4445965
60f0df18cb4324ce5f4bf650,558259628.2658793
7c1dc421f5a689aea5babe4c,644623468.1231723
020dfae44183c65b708727c7,619832784.2821671
92a9c07259efc617e7d58f9c,609187009.1980485
18531c57f6dca78763d360bf,578825845.9658166
dacd62440872b6e94ea56fab,636487627.7624675
b607bd072e8293d6594f3829,627216716.8214566
eb86c1da60250e5559fc3cfe,593317947.3528891
fae649fc7256b9a3ec036583,662886396.049808
b7fa81aa571906a93e9b6cba,661352073.7981006
0823be832fff81b3f1291859,429978427.75278455
fca3a0fe5db369235960d285,545804280.2792048
496fd5c93b2a578d970ed55f,541111555.6355212
9c63c6c27c74c03f071385e2,510521770.6798896
6ebe90f7140b738b3696f086,462043314.42753285
7110d6374f3fc282e4f4bdb0,500036480.63502
d33994c75d98941acffeeb90,641281456.3596711
b8e8d84450f5e0bc8a721c94,555516348.0729519
cba57e3b393b3e392c7431fb,628176953.4724602
fc2ceba651bc629e7f690849,596121225.8132243
857761b5fc5c7d101cb765b6,656487662.8825526
55f67dd7302b68477e803399,586009737.5252643
19f538269846412f3e150a4a,567644185.2418506
75e0fa8e5c83c49d3a0dea48,724734500.8279401
fcdbfb9e15352cf210cce7cd,767223993.6335433
c2b91ce4b1bc8c576a0ce1c8,734238898.7141371
73eaff92528288fdbcd61e2a,756276547.3167793
f6544a1c169aafe6c8142907,787573901.5753934
cba9aead5bad82b31da51e6e,895240866.0726755
b239bdcbfae846bf74791728,578427050.3223553
3b823e81c5378ee3c977e863,465969691.2551443
1b4db5fcd1f92d3aadd5c28f,618082189.3489012
b50a6b85399ea2c6b5c33405,495156857.124987
1e6176a558f301d81bb050f8,786003864.7223618
8bcc1b035ea93a5192256b37,668936963.1619467
71a3f0980cdfea0ebb869935,496872743.8421824
8cd0345dfac13ab380240b0d,465969691.2551443
e66b2c71519ef8756db69b97,490014363.02895546
c843044c1fb30819300448d9,432032740.44594896
4ae10e7fec364242c88e511b,563329069.4853565
c9e92b994e48df83dcf9976b,1241270018.6068907
27f41f09ccf8d182c79cd48a,678055798.6293615
d8a7c0b01bb545c414e12a23,822401692.6810532
f3e2fddf1dbb400788a5517d,522540250.69087553
89a066b7d6a31dd066fa0d32,526414223.356226
c245bfa6587eeb55227c8a4d,516204212.9761367
500d7c5346ca11ba934e7ca5,547556642.3344712
536fa59adc007df763949045,708322124.4922832
223813dc0188fc229b63e8f3,647613463.4730201
7c972ecb7b90537b1da0deba,521241746.1671873
98d8411005ac05d77cb12516,562156357.9409386
d12c08cf48be75014a149873,593293320.1457547
955544a0bc2eff312e965c2e,672619250.483995
20488db7a62f765ac8da0a2c,531141352.5930367
3f370094239ab6fc817e9ec0,785732827.079715
ff54bb34225682d25c551178,593293320.1457547
d0c7294b2184d0b4d0e2fa07,785732827.079715
104e960974eee31e7e0eac6b,805853564.5383047
0d477acd9c95e9ec63839a53,536441854.6451716
6d255e0026d70dd44229a2f7,607941163.4134984
926cdc0242544bbc850520ff,406107557.69290113
e75a05dc0018f29517948ea1,468941879.1473478
dc40c56571cbee9c2b7770f0,586546741.1744804
2f76a2b53e091df35a125b13,467608053.9230614
a4a49182c79c72854732594a,592775814.6248604
50287f73d47b4cc4c2e1840f,650994700.273468
5efca36c25884a2822bb7a81,555951706.7530553
4347bf26ecd61ebc7a16b4a3,640138628.2534628
7c979648ab3729b2c0cd2106,683968704.9360167
f40acdcf5cb9925c09c9df7a,679712273.5933796
6ff3eaf8b5a2f16efddde1cc,594424719.6845658
d35596846155e74d1a637d7c,586616380.5964482
a389a1ca097a820fd9af9d15,667394568.6134232
ef450748c440c4958e5db54d,611487714.8438098
02779b92b2f9bafde0c75c11,644844550.8600409
77e5e0b64140fa00b0227a3b,624930896.3193661
eb55b0778607da932c3b311f,611487714.8438098
9fa391febd5d0a8e4c6ecb8f,456780401.7592411
6270356f1cc3dff186d0ff4e,497194579.17765576
ea7d5c601c3f8c86ca8f15e1,492629621.08412355
072efeafd082025bbc5a25e5,441295586.518974
d8bb6151d30573c7595ee7c0,487465416.3166031
f26c43f2304c8c694c818a9b,518007665.17196757
14ea4a7c57d830eba13638b1,573861314.1628299
c1ac42dad98d2f23dcbf140d,567679796.8751636
aa6af44635b5d51da4b02059,640138628.2534628
291a4ea1a695347e1901bd4b,546190335.4531105
024d2e34a561efaf4811c17a,610820282.1045365
e5a40a555d11d4429b9675c3,628888687.9904634
3a10398b72905bd710ffe9e1,527129210.7284064
340d1313fc2dc8e5b6918262,610878979.2074283
699bf5460c63a4d0e4542ade,698627535.1057923
e98bb3a89bcec8650e33e730,532974185.9445976
5de86bddd492f76596b17a0d,539014510.602748
95dae083200a9e43a5aaf210,905107539.6695448
23fe512fcb21a0b84781a318,408176005.91519886
a9dd62f527cb0dbfa51aeb7f,578003742.5087111
8964dbb5b0cbfe509613a63f,543699216.6431408
f75009356c700f7da7106cc7,473618388.0346229
6f502f363fb55811478e3b88,407887372.6002436
a48f29071cf207b27ddb03da,680071892.3220916
b46bbf66cc82a4345c5da177,648886120.2338967
a460aea3370926825b0dbc13,633413869.7306052
7a21a8d99a85171334695004,606393546.0971594
279f6f594d3f8ca8e8a5e2d5,882648258.537125
bc3c509022e3f6104cba5203,885664019.4093504
654d2a3a0e02065560ba2484,595650547.9156095
02a2ebb6eca5772e3526d78b,625548872.1851546
d4646b7f4dbebf9785963cfc,595446571.1137398
68fabddb27fc928b57efcfea,766718728.733062
53688de79b052b3185fa9435,538221684.8441511
bb962a9e3861b06ae1daf833,648244345.7473325
d80c5f0b8ba55e7cf105d282,593656972.7279915
ed88c773fa9ae8bb29645fbf,640538368.950597
0c3af9e0e9c80a68acebd041,672527893.4155008
0faec12daf0493a512b2fa0c,765866922.1720428
1807debb0a0b590b9ba4ebcc,667455610.3709649
20a2a0dfc963fb8a355e704b,536901311.5212383
a2c033f497e62ea10ff8ba3d,711803353.3809214
985e40843a30150e6892e4f9,616269472.5636433
2ba0807f8cbdac389424ae04,536279500.4851863
9a565e7220cbc3d5d340e8d7,666917695.4550016
33598222854631e92fb72baa,629274857.4845797
03fb5bfbc1895115a04e8116,528848663.43599796
5045ba9a65b4bce4fd305f82,667565752.5179516
277f6440854cb0c98728e685,597801491.4030615
12c7037cfa63de49e984a789,622585154.1885355
ed9976e922a774cafb601f5e,575648417.3103086
ccc70d1d8e4411331730bd7d,604792417.021285
30d38a7bab2eaaef1ff6be0d,637025306.1107819
31a6c440ca9eb29acc0f1086,550747809.14015
7a82ce4b2dcd2b43485f5047,592587643.3162258
a74be48ad396ae4aa33ffed6,699995129.5656006
4ea46b833575642ecb2ed1cf,373424802.51137114
b780a0ec18c61b0760df9433,473506868.74985033
b83a5c303a2b079585b9b94f,430612764.64764684
a3c45875c0834b144f834798,442854723.8728578
c3ae3f44bbae215f7f2fad9b,519722893.55621254
5d54a0a596d49d9f85f1b5e8,609709772.1145571
355d1fb69bcb4e8e8ed9ba1a,527129210.7284064
cd791a46ed616911ae7d4fbd,610878979.2074283
d2d2f335839ed35571b19bb1,736764968.177319
0823b0dc92805ab05d3f8650,855782214.6782651
f92f4d135119fa88994929ec,819964902.3121587
401f0de98764e9fdd4055406,589568096.2839959
68a7d01e50462f7506f8c8d7,560293687.8467568
e4434407771070783b97c014,575154804.5953473
7e1153d411af129357ae5c10,611506029.2606405
f409c701e200046f574f4e06,600169809.7498455
30a8b9c197bc42f088d0b873,790439565.8663677
d5abd56b5a8ab8c2f61a07f3,611825392.8487747
805a27aeafb3ca91cac56d14,652738632.0437734
1ee04111d277e8758f740139,629544816.9679012
b9de7d7b9a8ef7c64e5f6bdf,669689945.7571739
5a12a15af3c0585d81ba8f5a,612305234.2159121
abb63383766a9853c1091c5a,545403278.0944121
1f95c205d5094c674f6e45a5,591714029.8757443
4911a6285f548dd30c8061e3,539312256.6679517
0b9730cff49bcaeb4d703c06,696043769.7884626
f033750cb9db15e886b156ce,610642570.1628807
fc7e93bffb7fbbdebebfaa2c,704852726.3092562
4f500afb7f7bb42189820a18,619191179.5172791
3921d7b508fa1591d40802d4,339148250.4693722
caddb9dce27a7e8012478da5,369248543.371057
4eeafa126ac5f301cf60f9ff,481018067.8217957
59afb00a84b4f2a9ffbf71c6,662673432.1811702
7baa3608aad1fbf357d789a6,678766405.7226093
a5b8869e9cd3d0cc32a0b298,634246478.8870392
d084dce4ab9c4008ffa3bbc4,644921296.1960611
e3ff13537ffb7172336ab5c0,776082903.7858002
1bc2ae31ed1970ba52b1ff60,1343001804.8232124
eac7136b26bccb3c5d2b6202,578621378.8090814
073fccba71b28afd815be434,599281006.028056
9b1c23d616e9407fff6553d6,532973186.30205333
4122eca7b73c1347a7814a70,575734846.5408499
cece8267e60c2461d6c409a2,665450442.3616636
ba4e89128058d5564987dfc5,532973186.30205333
69843aedb25a928097a22a89,384300594.852531
a45863121bdec787e119b14c,443484630.16140383
02e8811bff38125bcf8e1a6d,390892043.90079063
d709a76487a49bf257489c0b,422925153.85147804
46c42803286c800351fe633b,502920704.7508502
2ae3ae7f794d558ec119287d,479865849.23156273
76991a35e9c1b69e1616659d,557902015.2160596
3de5d35f742cb4eb68d5f314,571054253.490942
a53c748935206f61751dec1f,453622908.869887
ddaf8a1e5e6922cc3dee5caa,540805326.1476786
841fed959f036a03697868e8,498072512.29561263
ebe1b5c9471f3441a388f7ac,578205973.4092578
f0f9bedbcb57383511805d17,594184813.6831136
f9402b785deedebd3ddbce6e,602428854.059182
d1f92e6b18faf07ab70ca1ae,595635063.555542
6e794276348acc39751eaf47,582417894.7451425
4b04e0296820d04421db5219,633381404.3957313
ea0ca17e989ec57a480aa464,596071172.6550403
cc6fcb8ea6556f676c13a76e,556450910.4709516
2778de5e56ad7ece898249e9,622303439.6461676
9f0bdae4f8609ec93588de3c,652684495.013727
90dcc3f9428a4e7cc396a15b,550284950.4148155
2d7bf0032580e6b6dd1ce36b,527129210.7284064
c45d86d17d1d0519b455b7d4,548557439.5785825
4c7e7cfb286d82aa96356fb5,829753920.6867851
edc204c3e18368e0a9eab593,669376612.4241592
e789e801fb5d4501b5d64e2d,712206758.3715138
3997c10ceccd2f8c8e43cda0,745300655.1384072
580d8eee8dc4b7d43cb193c7,767624744.20253
c823e3fcfbf0c43bf2d82586,657825531.1158819
30677852542c78698083d4f3,1359122295.6863203
8fc78c514a2f1cdbc5ae6e1b,892329817.1410629
73c618d704a2e1ac2bc41954,574593100.0817742
4ba85374c1d1f1d3f4632ca1,380141391.10143346
9a471715e4c4865b822a6b77,486732274.3961897
4e9f1e21c855f1166428fbdd,448437734.6002018
f11137d27a5d7fa57f94e97f,452046342.89479303
5fe5f3c5919c0ebd57ec8e36,458651359.6188193
e40742774df7d2b614f32de6,407277305.0066329
24b28522c72f7fc359f2a718,531455731.2865363
26ff1e1f4a6f6bda702fdabe,678966480.7992967
9e617d1fd8a4f33d7b66098a,901248343.010992
3b4e889562e4078f8f369172,580857833.9308826
3a50d40f15b1cf5bfb338092,628497329.1490736
cb2188cb8e534973ea3411a5,369952139.7355774
fa57f96bc6affd285d10c4f9,377323430.2606574
c0ea6c76eb977d83c163fd7a,351210719.35007775
367cd12d7f4aa93124047eb9,509974535.01391256
54952b5f463c64c605576601,545416609.544716
57eaaaf24cf82d885f0f1dff,531087875.8310782
f2ba4a7a0765c3ce737b5c81,459147933.7843742
5282c3c48495dc31359e70c6,488652843.7891471
552b01d72edb192663998c4b,632460383.8419236
5f3a1ab21669ad9234d4dc63,609416032.3322997
68f431548c330f84c46174f6,619545543.8493034
048051ce9bf8f6a48e9451fd,545720272.6191921
fa4028ad48fb2082d167989d,527404126.96020573
5b1902dd7768f5144ae7704c,647294386.0612259
be0a8f4be774eeaa42fe460d,648312415.8263525
16263617308958055850aef9,601603948.411762
729f5fab1578f8cae4fca8f9,756109410.704093
bddb9388922dd56737d8847b,712613853.1676179
9847a4ab995b7b1c30196704,646917404.5363888
d19937a773269962c7f9e8a3,754912612.2966409
b3c8714dcaf5322475ce2c60,639731991.2589885
875126e5776dabde40e29b09,844295663.6866382
3a36f59d7c0e6c4eb85ca0cd,700901173.6075039
630f00e15cbd7826475d1509,777245905.3703077
434782c3d1dc2b9ce7bcbbd9,752625761.5699832
a470bd174fc7587dc1449c89,882648258.537125
99c6f87ac92cc323c8caa005,915115878.2344798
ac9ae945fe25a46184057606,798914583.0954093
15d910dd93e0aec22ccc2083,960188301.2074568
6e1a9c8457d3ac6a57598052,680391174.8173114
14e179618d1a44c5c55e23e6,408691161.1235495
2b8b979cf1952fcedc63ca9e,614970745.2118473
7cfc3061c0b2f3bd48375ab9,686537843.9236399
7200e3ba2013876cdbbde972,524888365.1548872
9ddc1924043ee8361201b39d,666574190.7976884
f22d6cc8c9611a7c23fa8969,598117298.5661728
b7c0a0a4f5c5b986a70ff249,641543309.3145908
adf176b63ea23e08d252b5ea,587715150.0542579
77069fb9fac6b61aa6a89ae3,670555465.9408957
7f0f27f6d30c743acb3e867f,478178466.39582497
7e299fd8c2d53ff1cf95aee3,612305191.3543153
f309733881a4f89d9c8a8958,665296427.7762884
0f937643c067371018c8deee,925295293.7109096
8e35609c1265ddf59e1c015c,662244457.8041981
c1ba606f32ce0337cbccc2b1,669848365.811197
15f02dd18da12f4d7b0ac2ab,550895306.6321539
bcbe8ed608f233d5ed7362c1,580478471.6284797
14611fccccfa2a6499b2acef,523069688.2747962
b10b428245022d55db248b72,396084600.77015555
13e6c5cde1004803fed93cfc,465166385.857186
ba31c38eada33f680d44627a,597759757.4271597
3786daeec4a4fb40ef07d8e5,632979310.5413734
7736ac030d8b587f44f7898b,519580656.5307564
98f89d21e5dbe53f8704e745,710064541.9686455
981fcb79db3881259eb303bb,437958765.09694314
08bb88dabf0070f72a801a4b,807987797.9732922
32d56542ab5486bdaf4466fc,745749104.432581
c0f911fe7ee2113ec59cb5f8,649678896.3004012
3adadd50e603746e5e4fc082,651557652.1161158
d117e9672b3ea0435e7a894d,436097475.36752415
020473766363019ee40d6685,576504928.486212
b04d16faf40ee02eda59a9af,437958765.09694314
bd6f3819a1c0e551598fb9c7,528612703.81191576
5520cf373444931ed8630635,531183123.6430818
40355fef059659469e16e3ec,518009958.3857643
deb844a2812586991b3022f4,619249829.9190686
ac0b895f523b53b4abd013dd,676273431.1929379
ac208e250f5ae3e5e1008351,525325130.6117999
0064cd1c55914cc8370a096f,506516582.1236807
165fab7a9f8dd404cf4e9d9a,431802011.2558016
df3eca0f59974a812b4ea9b4,612783668.1266496
1b7c062b606d0560e850a2e6,456387533.34232473
87ddb3a17b601cf7c61e8c07,556590491.6605711
837cb6389640f3919bc73e9b,532043438.067883
77bab76414ecb20888cef7a1,754667684.4559536
a9268ef5b7133cf6ed1a376a,740535656.9146812
cf7cbedea50333cd2dfb0e30,573861314.1628299
b0cfed2d25a5d78c96d39d20,586466456.4395093
ec0c283eeb8db461c20af1d6,561478836.0988363
27c3b7ba2991e7bc0c9fc322,519030353.2912635
0332c7ec0d3e547ec6d61664,603542877.2168655
e58b92216ee6438a921ee0d4,656944860.6100383
f7959842378c94c9f620f561,473383383.9123285
cd0236af88ded6bc15b49eb2,519580656.5307564
d40e0c2222c0debe89735e88,473383383.9123285
2bc9bbe0f0216ed9d865a85a,537584665.3205903
e9bbc31499ca187c6a492175,611189399.4332672
f2409d037bc8b3e63ca69fd7,809381709.5320605
5ad71b7cfd356a75021174ab,393985348.4528105
67dec8c47ad4de9605d56db7,545345126.6080987
c6d679cc07ce4373197748a8,609338968.4966987
a36ff3637b7d2b1c52999ea8,648760024.0266372
3a384d68b7ddab45e01b6e99,606368842.356028
42d34ca2252acaf6e777d23b,968308981.9272578
c4b2a42a8908cc35e649fb16,654700781.3797535
18c38418824075acaad8f960,555962072.8600522
85bb6775065df76bda33f738,587268744.5969394
14cee0bdd9dd5537b96d0786,609326105.1290156
ab332133aca64315672a7192,632042149.4657278
d53b60b0f2c65918153ca2e5,370204501.96951646
ed1f81648083d4d2726710ac,621413829.6290358
b6692a933facd74b4b11569e,424702794.79321045
90e00fc58569167c00fae7d0,391954353.82543725
8a514fffdec277cd46c7cc71,442771499.0665826
7f0b4b5851c77d78805320c5,378669483.47714734
fed1a608e3c0f2b79cd02ebb,389873760.3173209
075a5474294e25da55373a09,384394313.9456593
8826b9e008064cea38855d35,359260452.609688
660eb3b40b2bcd07df8f5c3f,509489769.1508676
d55cdfba22aae78b6fab5491,409774403.02919716
ea6e83dbade169818975e5b3,528744967.8498056
dcac44d3f8024c6ea1632432,504277629.7109928
2772adb268cffadfb2917c2f,472109164.2423623
3192bb7190b9130c4e67be4e,687342795.7925482
9d892f73b02f001c2f715607,496247713.29428095
c27d72aa1fc5d37f4cc105eb,446656484.1152383
6c0ac32bc8a66844197c5fb4,544518274.0928794
52338f4f7c8af6c649106a96,467608053.9230614
356815b8ffc300fe03073b7a,639164052.5318384
22c780d56cb97fc34f29e9cb,529701067.9511248
806907598158861a6958388c,468319582.26621383
449cddc4dc3ef1e93b7f7c26,545962298.4108539
b225270821758e45cdead76d,444679059.77223706
e07bc486c6f5541e4788f83b,602357836.7173123
970c0d4928a9292748c0fd00,589642196.5462267
f73f720abdfe4b5adfa2bcda,530412401.855092
48d3b0ef6e5f999bb90fbfc1,480278721.70949036
b3ec2f8af6e9adce047536b8,753411261.1596937
0e1c66f843e06f14d7264864,606928961.0338433
91c4f018fc7939d150593935,730421832.5004023
102434eee07ed18268857a9d,635900774.3943732
a4c70eae507d630c2f285eb5,592871071.3333201
45abee1de734dc32936d0b1d,548094853.402008
82bdf442e186baa829e06da1,541972068.492564
019cd320e02a64ba3ba9a37d,650213807.850019
ba1b3c8ac8afafef56233c84,677418008.8029674
3c3a0f57e030472879f454d8,518421267.90266377
d520e90e7d0c44a6b8852e5b,484152301.1180278
38328747d2e1e0e568c05523,524108328.08260983
659e9ad0f593b644071cd850,543738778.3876047
3e6645f2cd377ba17ae2e46e,540020241.9336829
307eb683db84db535106c445,644622221.6449144
26c8961848e3a77d98049638,550281903.7683586
52373e15e9dc1ad371a0c090,533375365.0649706
e5b2a446c12222efc187e02e,634589636.0175258
156f706d1d30de19f7e369ea,477051998.841975
aa94d2ad36bc0e91bf561be5,793361822.0704734
8ab41842b8e41b89d8670ecb,487388244.6960329
b19ab02a8e22f3e88a26031b,640138628.2534628
a6b1ca7a4e91c4c0f4366984,604652253.8360214
a277d5e8216fdc3d7c93eb2b,597588687.902782
f939b7271c4d399a5e647f8f,707697544.2890247
941392f9a135909273422dec,614023784.4794983
e07d8e9e38e309958288a516,712065817.2781231
258f10f742fcc835d53063cf,694965606.8108699
fb672b4cb1b66f2022f36a40,594482668.7144804
ce9dbb6d009cbdbe654edcfc,776258970.9132937
22e524f1fab17d5b8616d741,697933682.5439653
7f0d874df9235245f47b04c3,590964352.85317
27a8a052b815998c771a1f55,697933682.5439653
b80593fba07e21f8bdbc352e,688450590.9349977
d18d990404e7fd07424f5a77,578350258.060256
033599f7e7ecd8d9c8cfba46,612801218.689269
51cf2fa527c3db62914169b7,648688109.5657245
2b2fa2ed0055a19859e78446,594091560.5145918
a8e1adbf076dd737c079129c,576909603.7356151
adf948af7b24f9b6f29610cd,358403336.12075293
23473bcde48f634641769e22,391884958.7613861
c90486bba327ede32dec60a6,490702861.521395
d254d88ea0989a609b71fb72,480781397.497553
2373c595d24a7b862b518ec5,540022443.6551744
ec401de1c0ab2dbc149da048,613496127.6391639
17c0a8fd3a2c8b5b18d61e4b,565887839.4097483
1a1016e7a96da2237b391be5,597086228.9859995
c5b40b510bf7f121c93a2332,628038172.9905505
aca37e216a27b4dd5337df99,663625214.6682264
96f59167d17d1c99f31be997,697302645.0121058
062b36cb4a87cec372f9f91d,611721097.1024152
0466a7e06b152c1860d44334,573983841.8726733
f44726680d0c594a2d430bbb,711557756.6537243
8aac8946e7ae5725971c5557,796204844.3557715
e1aa6c46135f4d1aa1b7a1f4,593768354.9299487
fdbe5801070756d1744211cc,607050904.8490187
6ec4c88b8d3a16148e2e7348,647304681.3030136
57c87ce038e4e523b4ec189b,643308157.2714497
9bd500fb24eebd53d8262b62,647304681.3030136
85a86e01443aba593f95dae4,615828389.3015759
13e2ec0a12c8a48a753b85ef,377649264.0158663
b93dc01af5f49e6dcfb7a547,476249139.4665861
71a42155184509caba01a1dc,423086884.92670524
25fb1c0c4aace859265de172,548094853.402008
6f63e4f866bda86d5c993c8d,454226164.48488826
72bc42a5c73e7b1f9d54c835,460496736.37664026
c06f36b42021a1512cb6e3bb,477701876.96785617
f1a7fa5dc1996591ff97a34e,454549109.3709068
6128a8deb1f0bfbbf0d67769,447465595.2202892
b5254c6c29b4f6984d328216,529670504.8267219
6cb19c3e491a60bb2c166669,487465416.3166031
dda4ee9f3811c29e2b261a5c,484152301.1180278
7a564ce9a4ed3d2b8fbb1103,548094853.402008
63b982fab95cd17211a4a58d,508987278.65561384
5272c50f1d8fded01f7fb0e0,489054534.36302274
02b47e60ab77588aff6cb433,489658720.7732539
ddcc7f7a087aa5f4797a8a5d,462043314.42753285
77a887ca508d924ad5203194,553825766.7763696
b57ab7afef2b8aee016ce6a0,546941604.584515
640a801d503d85835eb65a42,610820282.1045365
767ff947b16b2271f516c28d,593108835.6236595
1dbb46a250f504e9c8673bed,659049589.2815865
fd6e9c9ed7679485dfd0b022,601109643.4541253
7dc4f9de14c2924b229ca0a3,634541331.5009058
3064379f468404110d594c87,588249503.1393973
6005ebd6442c62f8becdd2f5,529869129.2080507
b62e960eebdf95c2eaaaf9f3,587173591.2545028
7b0258f1aaee97661c34de64,548116280.6309887
91e2f9f7d4ed776d38a3274f,575898671.0408351
d505277049a254f960e114ef,635135359.4021375
32040dd7b8edfbe331773288,566668212.7126274
70e427235490d7d9c9239676,584305059.676946
1a2aa38b8e18fd7ed5be77ff,667666476.5944425
4883f7ce7086ba9c8ddd4315,575916944.0946654
4116cde03803e63a3e87e847,579044004.0180913
d6de5d741702387dc3f4481f,596504896.091474
2346533f4712f3bbd036d85b,641281456.3596711
f6a12c0f02fcff1be042ed0e,596121225.8132243
eba3cb8156e0115bd7dfb525,756177090.175166
ff27ae490bf03513b6bb386f,795601011.5216002
e87779bf2f8af86fc4ae9583,319425634.7125337
4a809b3987cff0290c1df8fc,323229260.7983198
8f4241a17d1211687bf232c4,660360861.4551344
bd8c1ff6f9919ec6f1dccda9,657115901.7945341
081e008e772c6a79b809a87b,615578967.0242993
0eff08cf4bc42dd442a70231,480867590.3551121
b4e084d14962cc58d4089955,531149870.70140696
d02c3b5ac6fa0ed6db06e490,663688985.8842549
e8abf103cbe9fecbdd758516,531149870.70140696
05308c4f3d0e0887e4a68a92,560910419.8432811
256a6ba3ff423a899229f154,537376023.7718934
097314d920292b46eab5dbc1,492256225.5409491
4ce0fcf14266d144c82f8d4b,516031157.94587344
548791b5faf236b1c03b7523,574172683.0254265
40ef1682158d0c3cd07f484b,608746504.1823622
7b473504c85e9cb576f951e2,579228884.9737015
730c7382d76a07904f559b28,567694263.0319245
e05598d3c49f409b937ff2a1,649474384.0949714
844dc89fe6588acccf0c7536,583922644.6635619
ad1492590bf61d2cc83b493c,617521956.8560305
88fce3ad9b8a965dc11336cf,442913310.79787135
b76d853ea415967415ace0d7,644480167.1442641
c12c81b3eb12bb329466e88a,590709145.7397033
4e27458d179a469435d02ff4,491989209.30805147
8d15b4bb1447eba7a680ef47,521721077.4404075
482c7150c7555cb35558398c,618043749.3110161
e5d6be06fd53d317c8e5c7c0,523842240.81830746
f798e7105aa8aa66750a2c85,548781959.8204744
eb24e0a0ebfbe16eba466280,546297722.4098558
618dede0dbd48df4fe610af1,556541233.0650818
6fd936b82bcfd3cd2451bdfa,488186219.8960271
adbb5c4ba7be2903799a51b2,603283593.1229335
3a99197868ce338c738a3b20,654542557.4835763
d4c45f35f214fc226ec85b36,591269805.1299002
c3140ab2134de662162af508,397478416.1457212
0fe23ccd8e42605f4d9f78a7,392566580.18767035
8816e8101ddc4e704053e23c,479865849.23156273
64ecb100d7882ddec6bafbcb,604572199.6260965
9151a8c65e1f01ce591c595d,655029020.3059186
c8a40314be3014c2a218f5bd,614964332.7694354
29bd4cbe11f44759e07487fd,585910049.7530073
72ddab9ba5f24941e4dbed6b,669903430.179927
1f18df9ee1b19359816ed13c,661424409.297689
fb82175fad61a81e9b665fd3,643918240.3356456
dee2e190c4e2539124ac3ee1,588991632.5764334
0cc2f3a49dd703e7554ba638,628538644.7085046
ece0394e38b152e6c1571324,915115878.2344798
e14328c988a27176e9fc63af,926725810.1586232
a91664b9f15f9d6f262e7b2e,544044581.1563574
d54270fd6b09b38a978cd7b9,639048281.4553806
40c74dec061500aaa78f78b7,524466710.70641184
cbf6faf7b47b43b2a77b3654,733530193.0291963
52fa1eb3cc7cc2f77ff98764,487949580.3529323
bae512bdd3b04405c519bf4a,568187496.1209456
e7fbff0a25cde72a38e7c7bb,603036908.8920386
d3f297fadece964afe5f1cc4,552883736.558954
2679ba671751ff16e76f1807,590182069.0933616
8059e45ca26bfefbb18d8e40,540153009.4893987
9e7ee8e17b1e76965e96ef95,606804245.5719777
9039bc918a76e486041842d0,609857174.3909495
1d7912750a5e345f7edcdcbf,457032678.530794
4fe0482ad622080f55a0460f,570083152.5477408
953fd7541735fa8d9a342642,627762262.6237603
0b3021c156324d1e7974ce3b,961002469.4086951
b0a8e4b4ef6678e6b43865e2,610714558.330114
bb47fda808b52f30364a4d6f,522030594.7449344
d846dbe691d0ee3ac5c3bec6,824986533.4293597
21932b5a5fa65d237ddb6293,522030594.7449344
07481a101afc1d5db45245df,815029911.5599368
d99c00c516cf57b6fd9e877b,574851441.1687313
6dbb494acdc64c03742fa730,580212006.7401867
35f69c7a9870ac62735d7639,602865106.3348168
2721f5495ef5dde16fd29cf4,544310034.2614424
0c068dbfdafa3429c71189af,609257566.949054
f3293c4064d71f9322ca97b2,550911128.0102559
5eb268b95d7b6006b064f9af,588437815.4914054
e13a1c06ccbf814945dbc768,531127085.9806742
935a1e8c7e62ca9d3bff398e,530463009.04011595
f0c7ecd3b2261873d3664748,688113780.7869818
d2f20425e236285124eaebad,550051802.5421386
05926b977b5df59857194ec1,520921396.56704664
f548ef815603ec44f4629a60,745330852.8479893
6cd147720319f60ed2599361,592023495.9151006
6302477fe8172d08f3b4815f,469280446.78784066
b0af9b1e84a1886489d46b91,458362289.7944565
5f3a2a31f6d1838e0a9531fd,535091494.4775866
96786aff35713dc21f6bfe5f,599343380.4404066
68de232e27aa83405b4a19b9,958305394.0002679
8d252e9b0912f09703110b81,501863293.03458506
f4e646df504728ee1e6ad0d8,579694300.6012218
e89cf4cc82c5283f3db6f5f6,451113415.33653295
1bc2c099466f9a989266be0d,573179630.7051363
bef2008b362c4af1fc3be566,605150410.4355966
7988f76ba063d25a4f467730,590584912.5868914
391a98a344e894c6397d62f3,616186557.0280825
5ab0b8b0d6d93c4654b5cc14,531764870.6459802
305d6abea2f3e496e3b6fcf4,613097741.0601624
f512fde4fa3f1f7fe885de83,589819621.0472803
c7b6e7a287602275f7854ef0,623691428.411657
3d11a16b008c26fe43deca03,536279500.4851863
ac7f21d22d013874c362d440,641711294.3557919
c933750eeb53302db0245782,584867045.0060263
766a8ff17723a5c34324576b,592715436.3415525
802fe3175a2059f12d7edb99,534185983.07597715
508bfd077c80b6cdfc5a10e1,645062958.6014191
ddf8733adb641e15837bd728,557847583.0031263
17914fbe0c3634dae8ce9d71,601495893.2397989
09e4397bf9794fe24d87d07c,662172644.3990061
302918a3460b98acb64fafdd,540845460.1853787
a7e57a8be8fc8d8a844cf9f0,572051040.4230684
7b50b071f4d795c9b5ad7531,507509861.94379646
91a7bcd95c0c960e4cc22d91,528503991.6245352
5d4a23137173c0e2288ec418,538465969.0505239
751ba0c00d4fae1078c02fb9,550895306.6321539
e6bc998ad1d87c5be3559ab1,486416271.71504873
53aa9cd32e2a6aa346d3d789,486416271.71504873
06f22f7a8e4e78f45ae81638,614249866.6044286
2105c17a4e2f97183e24aa4b,630816729.8261734
ec13a869c212c39b6ba21b57,583809859.3021228
0b49dedfb53ec812962e31e7,659234958.9278085
69e6fbd4d3816c4cc37b265a,644921296.1960611
ad46f8bd482500f3bb935737,575765347.1497252
368f7a70a62962bf31ec9583,765600063.1146498
07412230b931192771072334,688407256.3985634
e63d334d9ae8b672dc7b7d5c,765600063.1146498
3e1c2c5b0831edf78f7b7082,688407256.3985634
226277c02e8532922a1c769d,799665429.2845016
7902ada9116a1cf7458933cc,760006630.71032
b21f6e217d6733230a8eb7b7,608251932.6926157
09ac622c303bce9ad5514442,568866918.3329239
ea63bca8e3a77fe88d88fafc,369782333.43282765
a3c7c54fa12d5b57dd997210,428191814.2336515
cdadb2607807935a0a5597e1,589641444.8659304
8d041784b65d33c76e5245a4,558511073.2317507
e6807209b634455bad257998,593390310.3699393
b1e3f1efb232cb0976506cc2,918084313.7587595
dea95d98e8bff87b905f9172,673989199.1290948
44b6382d9195ceb3f12d4939,706562904.869103
41f33deb9990562def18c917,760646912.8518822
0a61250b2c208d42a3077bde,574593100.0817742
c714b30713eb7877ed3cd92a,335456640.22226226
bf120b883bfaf7641eda65a9,555082061.529685
90b34ed38e0f18988f11d77c,602620265.454117
feade1f4b3b06fdc12ec213f,596121225.8132243
00bff9be2d524083e3b3149d,560910419.8432811
f1e38e53ddb8a9d5b641d934,687950266.8311975
49dbaf0bcca86f32f86e641e,582352183.4216806
18539b6cb6884f753e0ac18f,559337871.7551886
7586a79a0151387a1c0cd85a,599471816.4351802
d533a334c2ad9d510865fe54,629616579.1159834
95f7bbdcfb59b4cdb41b0394,594021228.8155202
4a2ae08359e1ecd39b43afbc,645100507.9318084
e8cf39cada5b7755f60306d1,556422125.232486
0489a476b376f7f6efbc193b,428828249.0688538
7b31b5e53015f8116fedb0c6,570500435.4504534
4c0892a39011cc6a37fc1145,586224421.6083883
92d7d4fa9fd09075bec14a3c,533151156.40123165
5e5ea93675900efebecaa19a,456374977.9867095
084de1226de9a6f4a6075c2d,483532080.0072975
54f16cb9563346e15b019102,330528529.35495615
512a6de80962ab797ed2bf72,721131947.986596
871befe27fa79fc1e1813b19,708325699.6746087
4e0b1df5e05ac505c701f519,487352863.76699525
37227e66adec69299f853e51,646953710.8381573
0a0e3ee960f60d04ffd6bc0a,683260094.8782626
82b15a5da307865c7045dd56,601577122.4574205
44d596fa36e3992208292ade,607678188.9739171
3569024b3ae4865240973e6d,648823296.1064459
31d3215c8345d48ce9734c65,593741487.5064093
147e7f5381d3c951fc446376,638474340.4000548
77deea164a3a622df41249f5,602003427.2224778
3cdee5304896e4cb9604ebe3,574804789.1359096
f5418917530b72c9fea14f66,584867045.0060263
ffcbce226963f10da8c53fd7,567090193.3678484
2fffe55a1584619bd7c489f6,592715436.3415525
3920eb3f72b96fcb58ef778a,418638487.67174274
d10bdbfbd411ae625dc80611,479271598.9184861
d61ac80c0d4737c3529f4a2e,487805981.2058997
f8948886cb4cb018eca25d19,528496752.7586551
da5bf7f1c7b2f4ad670e2382,519864977.57270217
f406c9c3c92e9b31310a50ec,590484114.2567043
171b560236ce760573a990fb,659195340.4306674
4d852bd93332172bfb081aff,659195340.4306674
2e1f7569d134a931098a2ede,776557668.4915109
6d8d2ba62c52445d78f687ed,461328845.8936096
65ae1a893abdc2eaa63d9271,797982924.5208689
c9c51c39725d7df94822fb20,490682010.883361
56ddb54e50deaf650a25e82c,544841040.5424731
aeb330dede55fb66654901fa,767624744.20253
4f4e3350c429c6afc0bb0094,657180324.6236634
39377d0d271da03ad85c7bd1,531087875.8310782
bda2fcbba2b412981e708054,712206758.3715138
eb89d0b7914010148e6bb597,615718804.2377189
513d0ddf1ce44ca671675fe1,596071172.6550403
14cd5f188cf6d2433240b5cd,509974535.01391256
dbbe0b6f5eb07a5f9ec873a2,496518389.9502609
f9acdd3fa50068bc0180d008,495587838.06725425
4a85c36fb854e922936b57fa,440196867.68428373
937876bdc44c3b8fe063a9aa,490682010.883361
001399d3861c5792ccb8b515,745300655.1384072
f28514aa4d6ffa36104411c7,526914032.4961704
3b185e3e31f7f5e6a1b3193c,630252336.5693077
f4c7cc4a249ae7037aa0b35e,679661677.0790097
b74a02ef5cc838952bb9afd4,635689744.3535154
75f5aff9fa70208ddd843779,605402866.3636403
b7273cac93fb7a0034039600,754991996.6529635
b73bcc0cbfa173c9fa404369,584717225.9190384
3c4c18326318a7207b589dbd,504367564.1653432
29a230f7dde5753e65b661dd,528518578.57149017
c083a5c64c4d6952accd7bdc,562227771.2796042
1cf29f882ee8b458b8f27091,623435258.0503118
94c15574aacdc5c3cf5a406b,553607636.2553102
661f7eaf134a5b142843368c,563509755.7643592
14a5bf235097782f468fbf23,588974047.81527
d2d46c70dc048c92c8e4f09e,675104018.0944045
f6faf74c3f4e02a6b333b7af,559678060.9168407
6dfa362ff7a0d55693793db3,539763433.6203351
b070e3747bcf22ed67509efc,526355137.0657831
7333f19416625d6f4244fe02,612658027.8325989
3c86651d9bbfbb335f15b544,630081277.905814
9d8affa93ce4dc7c1a21b3a3,633413869.7306052
eb8cc67810d95d1b102410b7,601603948.411762
047f94605add5f6f84fc3f90,761539954.0921009
56ba332c82c36f07ba6bd271,799355059.5568943
5814a1dd61362ded4f1d8d8d,1328190552.2469196
141ac7bbe9637f9e5142135c,960188301.2074568
08db0ce5cd15db2404ff3d28,363039268.2446157
c38677ed0876b7996f596336,398097529.18937963
daa4d7da8d7df8efc1adc9d1,472127184.7056642
f15c6403c6d4e3676a607780,513208359.29773307
4d0cf77f8cfcada2265ac585,490788228.22499824
4caab3951bd6cb6dc71ac8a0,528061966.1137631
7cb64b94877a9361f20027cd,458798788.73996127
3f438d6202cfd4527bd8f983,504785291.57017285
b7763beef728bc2021ebb841,471120944.4016361
4cea8ea969dcc433fcb59d96,611036720.3776025
24fadbd1dec637edb728baa3,583059076.0405371
63cf422266e7c39a6c895b3e,590784773.6147097
dbaa5d47ff63125584bf7ac0,642225538.4936132
da12ac932dd8a2fabade4bdd,641834510.7801087
f35538e95b4a567f9b834034,633225996.8341743
6ee1e976768b68cbc8008950,452830484.0376544
a910019b3d18da92b4c6862f,598110369.646466
a09413ca0b723170c26652a3,608227803.342886
2b451da55be3683c33e4de31,524368217.952607
561840990333852ace562b82,520777982.9928435
b6695af1ce28eb50d7a2c25d,667794308.3771312
9327563b40f2a0f888c68f28,799818816.9859146
3438e5d77044f21743e56edc,644178448.9249377
63cde4fad1be942dc5ee695d,372323348.42025757
8e712705b7de6e791c8735de,479993044.11346316
85de01c0aa787152c77c6180,454533201.70393866
c9b0673becdedeede0209697,496086821.93065745
15ee6357e02b76367682d6bd,663688985.8842549
5f284a75ec8e9c72abc76695,698354994.9790056
37e696957da15625da71146e,646205937.8457079
96a478c359fea0014fde607d,571734664.795149
1a61721fb7306d55dd77b6ba,571734664.795149
a7577260fa10bf408f1997d8,675924201.4035783
b3f8ffa761119a5441a44ad4,761420439.5457215
a5c85b445f503a56e0e2a924,856784466.3999661
5aac1a1d5da10b76ba4b690c,711123882.6230637
1420543e2eb5f38e4d38ba81,1129700935.2850335
a530e3ff6d7bc1abe333245d,488186219.8960271
aa9988248c7dedb016d8b6ae,574352288.5137222
fe8ab5495cae81b5478026a4,548116280.6309887
b463c62e3c21e339e7acb52f,615718804.2377189
00a5133e7373eae3f0be8f2e,529325300.26648295
38b424cb0e54f0f7f2745781,644392625.6543155
c43530f324a3ac90f53a8849,591269805.1299002
abf93b2418fcdac14293c9a7,454549109.3709068
9b1be976725ddd512cd222a8,647294386.0612259
9b7f17ddae12105d47fad7eb,660071307.9688833
3caab5e89722761d5ab2498a,523069688.2747962
a2f40c8227b466249d6cb659,636295309.201101
e6a5007ffb7c1321d4fc21a8,610720422.9267304
0d50b435188b7830a6949026,536786840.22147113
d4bee60a74c2e2235f507ec0,589381404.5141554
b474103c4b637ca25b5d89e8,557184799.0864081
ce6ddb82d2ece3b8d58fcc63,671451810.0603153
28403f16831effcb75471738,431740449.7119665
03f518e2e5861002772345fd,391372410.63862306
011a6d0f12ba108ef15076b4,434391284.1786032
93ac0b004ca60ea56cc2bb9f,489102673.0370778
1b70fbd3e46da8c47c3eed61,633120781.7314433
cb40d6ea6a1eab77a60c1ba3,573382799.2985426
87c73db5d50e8ec3a22e6ccc,647206228.4266483
9aea45bade274e4ed91ec301,502184568.6157698
43c22bfa9a14df7b0126c12e,547838614.740663
6d848e54ee68e6d8f23b3b1a,475191697.6088361
e5cd7a2aed48057b0dc8d970,541780528.2487004
bc4b94c892fea57ebae3eeb6,506212046.0468484
e7bb12e99318573a6e6ce1cf,619387516.9302069
4b52ebb0f0a8878def4170c9,546297722.4098558
3e85b447edd3b23b5a0d3b79,657855430.8768486
15005fe7eb24aa25b9e3cee7,546270325.5981019
22e00f8057294350ddf4d42a,734103016.7896253
ddf2583bd65f02abf7ce3280,638899043.9525634
704e5657734af93d19a0e5fa,673507251.8953587
cc1a11362066152d21d4cc60,644537114.5414958
12062de068acd322b610fcf1,461328845.8936096
e9804af0513b2f68daf182b3,527918958.934038
f13d8f4b2e3114d71e5ed941,591373968.372732
11bccaef3431fc17953eb81c,577540351.4319181
ef2b9c11f884cc5f31c26f60,710064541.9686455
25986c851e13c92ede6c6d6b,752805565.2647116
37e28ed39a51956880d211af,756276547.3167793
9530217ea0b5d2395adfcc9d,813788667.8915507
d8607e3261ef1546eb0c30f0,550388863.1753479
22a025ad47ba22ea9fd1a094,500291592.78999454
1c88ddc21f3e8e4ca633621d,426643926.5648677
e45ba581daff88707ad842a9,485491062.84174055
d7e97cc158c6c54b02fe635c,521456406.2805852
04bb7cdebb8b66e783058248,487219779.71748054
d60cf6dcb7b4b40077536604,641281456.3596711
85ceb648cee9f6f3d221254c,584358224.6320453
f58528d3ddce3bc6c71bfce9,592344544.5344694
c269765ece36cd93058efab9,632091595.9460734
919bdfeb16dd0bf67787d53e,462043314.42753285
ed8eacb8746dbcc3c2ef3aa9,511832534.96726453
15ec532ec6fb73074b9b12c9,506453129.6222699
58a724e8a0e05140b07539b6,596121225.8132243
2b7a5be93795a65d29970b02,696367904.748906
6dde9af12b6597425160a47a,1122494319.5523033
f0ec99c13c61e89310ca9b8a,634206061.3733789
65c83da72c07b8e74bf581f5,666111128.8125892
3ecdb7a7d178b48361340ea9,627812347.457884
af22669e3ed10470623fd8eb,688855221.6357486
748c981380925e1247b9e64e,608961932.4680367
78ab6cb1f62a7e781d4c4d0a,431148650.3023069
e80ba06329760362c7685ca5,430223705.32877785
3cecc0cc43ef46670a8e69bd,467162988.0043643
527e4b1b06637b5362c8f17d,583327436.2424194
cf9eb2cd0f20b13cc8816bbc,434512653.4961923
4b3a6baf8196a59bac8c08c0,508515648.86073
9bb9864a6bcff25b17477717,554451895.3760537
4f7d630c921cff500705ee5a,569430305.7781717
7b7c0544ece4aa383fd5b4ce,562921367.9388434
191094739043620c72aad2a0,556406023.5961877
a20435d582c7646db231e7d2,531455731.2865363
1555743ec7e2f38904852860,565887839.4097483
1c7452cfc46652a60b7a4f05,702144423.652196
97439d5a82f970e7f50d51b9,622236157.6491618
7667cd57d0bec809417c9b11,632827044.369787
103f6eaf04b44c4013acf097,678842973.362596
e6ef433629e193042bd30f4d,759679607.2790828
2ee7f959d069c9ca223115cc,885942369.2256883
b46625b69fba1afc154471e0,725683926.8664352
5cc0700421954934cd8dc445,661341436.0643146
066f1b68f7c053a196662fe0,525325130.6117999
645e1c7b799a489887086a1d,688113780.7869818
f426c41d6d8bc99f359f480c,521582824.8679219
d1be4eae680cb16d0c842606,745330852.8479893
57a5f4f83a474ae156f207ee,588437815.4914054
53eab0ecc3ff098d55666699,733569312.0508372
54022fa49ecd9cf290aefc89,604231329.5849586
545db4962e6294cc5ed07727,647294386.0612259
8e17bc9f09099ba3138c232a,583769780.1909955
3b4b303bbeece313f92cb85e,665641278.1656936
d0119d7bb15452c473ed28ba,543406177.6558297
1a36f98c62f5126c8064314c,632460383.8419236
96a77e8e42d676b0da3fa572,575235660.373899
d7d6f668e3e40d957163276f,493975601.44424224
5b908b8abd8dd0862440c172,620473617.6676911
81716dd4aedf72a6a14392e4,580749462.6740121
47d252717c4bcae3e1ff19e4,733593554.1101977
4f0b2f7e4d787a108a4d2537,573726495.9267598
90a43053efa1d292af692a87,576333233.6130177
c3df4b9fdaa4dcb13723b5f1,589880973.9607197
4b905620f76873355d317dc1,647843963.400231
ea16314310144a10c81da9c7,678193093.0245472
0e5db1a36a521a5d2912b238,644783325.1306752
c53c58dd7b26902f67c3becd,561746284.6123273
6c17875f20f58b1fb211c18f,522460543.2790881
200020552855ed39d1af999a,632683952.6796331
b44b862cbd855d46954eca5c,560597905.72612
ce47299ee877638c4729f60a,589026344.4511629
3a28bf9841e6a9d3f1bc293a,634229458.0265269
3a488b9e24d9b8fc7c222e20,621058346.7997103
5469c33200ffa87952b356d0,594557933.1924317
b57174dd86ed451448dc501b,577429501.8483336
ebe09efa32acf6d680341840,606751296.9367234
33f7d5aa494288cc90d60456,709397829.687803
de9a32ec454c2696cf75eb0d,573679882.4633911
df4400c44a166c851ff46eab,644571525.3073052
5dcc8f6a6854a864dcd27a87,488803133.3804719
bc08ce9f24533cd644ef08b8,510786354.22355694
2935cc0e053bf558a8b73054,488803133.3804719
f08001f2590d7b734467c58b,484763119.94366235
5a9892659590355b91442979,533351906.351351
ea34dfefac91681864c2bfe1,463280906.47650796
ee3b5d47d05a80c07751f7a1,626727615.097655
448ad01af4c5cfba3feeab26,626727615.097655
bcf43ae0b4b15ae168abca97,599343380.4404066
8ccd326e4f515bf7e817a14a,633084446.8828483
94535dcf38c9c6461a73db02,355879418.53690153
9b3557302e940d4da341cdab,577221226.807465
edf8c961862a4ff8e1e44f1a,605123531.8701717
6e508fb72f189a4fa91bde58,643092917.2360142
7d0a4771afb00cf9a38ccb81,1129700935.2850335
8c32b6b31d1a1d5736c4df61,712025469.9818255
da782fc0c8a79e3e250f0f67,644860637.7593158
c86e643b7f7b57b4482020ef,636063234.9785914
4632f1e8fc93e268ddeba07b,618558702.3528461
2cd372392fda500e6526695b,642424203.1636719
a05ef49ad8b2d6c466ac7412,638489854.2992142
9f50ed2b7e40847ffd877f4b,595392491.2046674
c00083aa30ba7d953361674f,636826064.0522205
50857161c59b991304f5c55c,578477396.1918068
3676f63aa0ab23ca7cd344b7,332396525.20174974
3710ec95af4702c45f165279,546270325.5981019
16db516a238934a730ced1e8,629022665.5918221
d450dd622183c7cc43a20d70,488002015.5333735
ba84fbef80c8a82895ec599d,967893220.5107487
ee85a12b8f764bc15164dc7a,577091626.2868594
0038a3b703f4ec779bbcfe6b,577561596.1168975
aa643acab634ee591a2a43ce,549500393.7825617
d6438814f4ff3853bf6cdb13,610878979.2074283
a37522af63bbed2f4d10900e,1129700935.2850335
0b715ccd3b3e01444b855857,531987409.2501613
fbdb9caee4455e99259cf921,590250914.3848664
b3c02569b8fb721934f51c52,423442732.74807453
c07e2ef0bed4be12e41c783e,515880488.4636456
1b4e4016cb766bfadea42f73,495772176.73091024
ecf4e968c925cf8322f8a0bd,448219297.5164931
6cc0e6bfd30ed93fca2bb217,474107966.97317535
3e7f514983daa92e49a7c87a,429637672.3830143
97a22807207cdfb341d5c50c,501077174.24090177
3f9e95762d2f2056e9716039,551411257.7727418
255c5b92d71a00c3a73b9aa8,495314243.90701735
58d24ab99d74ae4c449c90ba,589337428.004773
51d1df6e1f28c40dc9074b74,890071526.4654869
16261339c3a99635717fcda8,630719590.1668822
1475cdbbac4aa486266e439f,680455734.0237256
2a9974fe07b1e4427e386e06,535932252.5533064
cf76689ebaa20c70d9db4d51,596071172.6550403
f9379319f992cbadc43b9189,586665913.5995079
62313cfe4272d263173e1ea9,675828283.7777696
b2c62bb0cf8d210dc4635653,639136080.4852437
5d2fd288d33283826210cb90,813788667.8915507
3454ab4ad567d2d22d990fec,564335449.1111947
58be66aeab226c35330d57d5,643432236.3907839
315ea6fbd6b3261cae7fb900,642380374.7253996
6930d8e260fafaa5c317dc82,382668847.25593776
0fa99fd0e8cebb71a3bb0871,432822171.42671233
fba946e4ceea37176170835b,404790617.25123644
b53d4d8d0bd4a0ae84fbc22e,364082156.73972255
8bb1a2ecc997779d1addf12c,434425722.0285438
6dd97377cbc262b07ea2eb99,471964333.68629813
5c50853824c890a5a7f0cd70,496047870.8392904
4c3865a97f5877090e7a9649,513425002.02730155
a3cb2a035f98276076f2d848,559384828.095555
40d04ff9c405cccfc82ed5a5,505190217.4096104
22caf82aae904c79057fcb3b,481280429.81262165
eaf87358d89af17c3e004c21,471183357.7189526
9ab5ef2c5650c4bd05248990,495772176.73091024
d96e3063ce77ab1235e2ba26,516046547.28850394
665d62a8019b27bf5ce6e6b4,536535213.53740025
56234f11aae98489ae00a8d3,477673398.2562488
76a5158e1a5c1f9fae8ee882,530449224.6779047
d974970034de145d469d09c5,436395279.44114584
7b5db1e4f4f47b4bf7c827ee,553214734.4250289
73ff6ce99ba5dd8cfab0faed,533230374.9853477
e1cecc8f17883ba6e2723826,520266178.534641
857870b1412b84f0f19ed751,513767155.3836419
d89dff35fa1944191aa9ed98,645810879.4262381
86b89233e0176e034ae3cb7b,636012027.0408638
dd3d529f3745159d9e7746b2,621246227.7266024
af10ec1529a63d0bc10b056d,596286717.3869447
a2645174e4e15c49331f576a,577776212.6839758
311dcf366691c44243b7b89c,635978523.2175268
4cbc74a93e33f7b4812e1a7c,614169431.3409804
6e0140e1d667cecd155c6e23,611990947.3533888
dba6308e2358f30b7ec33f59,560347408.8559145
761ba98d35074faee3594dbc,654982371.3811331
b961220d34be930fada80887,624626706.3857667
c9c3973bb37b5c688a7c0157,667437253.9294875
79a0bffec81b17d606a606f5,577776212.6839758
135f6f92c4ec95847e8840eb,597331567.1923136
05858b1e4445f56f22e1f4bb,619420855.012998
623b7d96c0fa09e50148aa7b,591373968.372732
e61e5d3288f02b904d3b1e38,593293320.1457547
0d173e7afc8f8babbef6ae97,623534993.8334616
7635a792e5002ab99ceef583,687231179.642509
4da93e7126354a474d435a4a,622110026.809009
a4c71322f79dbbbedab3191a,589036590.2904152
57ef53ecf8b709ddc05aceec,575982631.799029
65c3e09ee6f1ef0500ca4316,723747340.5467347
74d0b6e87c2045f95fd493c4,744812648.0301096
4a3d0390e005fa5b4c9403f4,777998732.2408911
a3aac701ae444b6d91b7bb0f,732947166.3494028
4afa3a1b63c076123e7a5279,767317055.8843392
c97adfa6f5ad3e3db6b80edd,754239397.7562411
58cdc29143b85386c76bedbd,777999496.8032427
1f81176d8a0c61a7177c6c2b,648726252.5003343
1c2e69465c75fb3af2d57351,699247396.0257639
7a10ffd970cc822108ce7cf0,704867220.5851215
3bfccc757ef82ff2774f2db9,759721758.5739273
3c753ecb3a4f8ce43077a6c1,951928461.2619253
100e9e2623cb0fc52fb08813,948803966.9554294
90a269d52e47c1705f9b6cf0,892329817.1410629
34f4df9fce2ec05633d0cbd1,565206763.79117
1e4fd826fc8693b17f6efc3b,966223484.7936463
efd9d848677015f13688453b,417087690.4199233
07cd866c871333283ecb2d23,559587887.4044218
76a307d6b36b8a51115e91b2,585412230.6303486
080969c751cb94822aeeb755,361459228.3730847
1e37fb708b70b6b5e8fb5cd2,465209438.09496224
4e47d2c8ccf9929ad9c84544,493469312.5227399
3c877a0fbe08cda958ff8f46,545403278.0944121
ae59a0d6441697841d86cfcb,503289390.3287556
2fdb80ee4f9a35663e92b3b2,533389957.4796606
3a513410a390c75fc14b0b3b,390254590.2175218
0616401503f2ebc05af7ce4f,571071296.0622994
98b973c8597d5805f87dd074,585934252.1686548
7063abb555d919d5300af3aa,614229939.4429225
88c4b21ecffe12cb6c408a6c,575898671.0408351
75a4421cced1111492d00298,369952139.7355774
0482cd89d767b3b7de976c3a,619469327.5682875
bda9e5d8048acbbe5a9d49ea,565729881.909629
2152ed6b2b2eaf16ec272cb6,367290040.0309209
9bf2e0c1bc82010e92da2540,615715561.2295892
110af3c21ecdf156898c7c0d,663688985.8842549
2790ead3eba9370f00024472,549500393.7825617
9b06c7cebd33cd26cd6cc089,1129700935.2850335
fbb89795386c14f5088fccdc,685914095.0883186
e8a3d9d6134ae8d631791e52,882619441.2496305
5c535b7d92e34c0fe4b66891,677578912.718037
d88544e4e85add30aa795ce6,580987411.6905683
01b78983d268b52137e5ac1b,592498028.7379863
25414034e50ca33fcdcda4cf,631504947.6350769
2212e0125cb7f75390020951,668257350.4074665
a4d5ea1b907e98be72b5c49b,527308573.98439795
2df90c0a3e2b9138fe276a75,660015262.5898323
c520b7e8de3796450ce49a30,400954353.1015358
35114fa32397272437e67a54,479993044.11346316
bb5726ac16b4ade709151159,474438625.57910687
b4dc6733589bb35444b74c55,530119179.9855015
3b0b0bb06d95c5ea1aed2d95,475306375.99588096
fb7bd85c05cd74d945d22de0,524938111.62672526
6396667677a878ff61e1b536,517908330.7434281
47b5804ba1a998c3e7544092,607797094.4895252
ad4d91ed26c1fd5702b94064,596714713.3519442
2b802261b8bd839aa0b04b16,685914095.0883186
0bf9fe130da23aea7142bb7a,619785724.4255996
90511f2411d4a37a7224b995,620483569.5447216
1355fdce5b97bb36da15734e,661523514.6697129
775a6affce535c5a19ea5f30,622065579.7333047
e36d70d72c2758d7fef242df,464825173.7891489
2fde05df6a3aa9f57385e6a7,489750456.1713479
5e0100ae728e347eedce5b14,745330852.8479893
a636ffa140f80412f003734d,544147104.8184404
74746d24b9bd86e23338bcd9,588437815.4914054
99c539fecb3bc233288ff905,638072137.9122058
44760087930212643641eeb4,952566245.1006234
2c5d940b5ef2276f1fac1ca5,688113780.7869818
b26f22f1fd5a991ecd1e07f8,507485364.98436075
1ffafa78622c45ea4127ce82,591206778.9683818
32a555016892e7a74d231545,575235660.373899
8d06037db08d0754bb67da4f,525325130.6117999
80255211d99c72e343b32798,811852126.2062358
070062cd1c769f3be9255af1,952566245.1006234
0451f65828e628c2220df77f,665641278.1656936
d96f6225db81dbf3d1a0e9bd,373240971.9357953
b1527eec2e6709dc51e03f9e,619545543.8493034
5464fe43eded098294d634ba,620483569.5447216
ea37ad89fbe4159940586718,426008760.66347194
4057a676e7012fd37af9c3b1,406107557.69290113
51273a81121232e7f30cfd1e,406151438.202556
3cfd9ba5c6993718c0c532ff,519424345.0743998
8567e677b30c410df80004c9,595118498.0660753
7a34bcd9f86f5036b526c3f4,471090315.19009733
3dda25226646e1e91f4c948d,471090315.19009733
a2529027db6b525e365e7be0,471316870.8503599
c6115d5e908e04e67915a581,642808535.7272114
8d0ae601094562744c8dba4f,581719025.198686
55209683056fe2f9faef7fc8,510732354.8755649
e840095310907e82a159d683,471090315.19009733
278fcdbf16e3064ba42c6785,660567051.3608634
74af10afa02e7724eeeef108,723080099.8428128
b763f71e8a5bdeecf0f3f0e5,571997944.5257679
5472d536d1b6b731537bb67e,608237373.3324122
995ba6d1fd63d5160fb18e71,754710396.6990321
f424ca724e7df1c37ed78aa9,599444665.6293035
c2aa451b62293042b7244fff,543699216.6431408
d4ca9506161d3f4bb3ca57fa,618046781.5349939
799862427c1f335eadedf4e8,406030685.26002675
1f3b3bd08063993c23586c93,480627976.80677515
817422f4c278ff27a22b05d7,526547600.9976168
db9798a3f9ac287754f3ae01,584446111.9274246
7ead45d1f505649429904307,637537203.4987984
ac7ab254166442188c6c5c25,769291786.5356488
67250a8950aebdbc67f7fbfa,650728757.3215356
641f4319c315cbb74872b8ac,431285184.3920635
710b0541a025b1b6a5a80c41,335508396.1696691
a10f459124248ef30f290cad,601655455.6521599
1aac53220223d0d823e70d0f,563395803.3331482
9d0ae0c4dc11d8c6d94e545e,580548716.5702143
be685d2954b8c7337ec94942,469554200.9171431
e43151473292e4e98f121f63,491184515.8704102
e04fab3d74d14be3b8dd2c8c,607663334.2436666
c77509a6eb6665bb8eb07d95,558850171.7790996
9753470e033b35407a2eca2d,633435639.7950479
825f57ad0527d4abf41cffc9,483293613.878656
0d8074979d302868c2534262,682367234.3283852
15a3e60c7a5d55243057d7df,618880768.2257527
6de06f867a28393a9e95c7d4,615658405.5240343
4d418d0079828e244dbaff5a,617884608.6571583
2de93fc191360ae22b0402dd,612925593.921479
86792949f2e6a347208cbffd,498759939.446291
6d8a0768adedcc1070d28390,592049972.2433888
459963742bbaadbd9db97723,761539954.0921009
235b10cad7233d579a966948,502951459.9742764
4443407341bec8b7b0af40b4,685914095.0883186
d7047492f4c53a0cdbde60e5,655018615.5533782
5541cbe23acd6ffd4aa0d939,575765347.1497252
1d0853f825cc0aec6f5544cb,564468546.469773
f016623361c6ccc5163e79d5,706887099.8186821
d280fed64d1c23ac9d79ce20,613955062.4587294
7e86f11cd63ff6c8a3c12fe2,656271200.987053
9d7f161ee660b1bcb54574b1,960188301.2074568
a0722c5527c6d3cd5cac9477,952566245.1006234
278a2cd98528eb1341a6b685,616413009.8242704
b755f88ff3907bbe2a417e07,578932900.9371046
2bb55b0a92d62454867bb158,727526260.1412758
960c9349b6ef9b747ebe5829,821816250.8768549
2c8352c418097f82a50d9bbf,882061407.4160165
47d7ba800f164f397fcafa9d,472508287.384183
610061a0e67aea7d222f08cf,737123554.2658496
a33de2559b5f56d1b3cfce08,477763500.19068414
f020fef57e9069e4dea2d71f,781991083.6609132
883f095dd3f7e972d7dd3c2b,645043130.2706661
b0b784bfe2d3c1b3b1320613,645454806.5686297
1ea66dd4a72d93f5967be730,558433461.4844564
90b04117887941ac898a67a8,416918976.91731584
022357a3d48ea87d58ffb46e,397218778.7211502
292224fa68b0303a90063801,526498925.6164535
6cf924390dd3ed4454403887,486036872.4694028
555a293dbc104e00f182fe34,542893790.5698353
e13ef02a57d35f71a4fe6121,460673813.6071251
c82929467d22589ec62c0475,538752686.6471807
18a74c9a49ad381aee5e02de,528950842.70753294
da40d46cb91d9e59fe12e6ba,517558751.3622136
6320f26d77fcd56675db6b97,514570205.34575903
3307731f3bc518012912f1b3,538272367.902901
ba94572d1e050bb92522f112,571936477.6660589
6e0d6bcb01e99fc4959d3f7f,475889142.4975538
dc3cbbb2fa00043d02958219,466150960.18434185
495aa774f4db66db6df30e93,507173612.384356
6ba298925ffad32daae55385,487465416.3166031
8df5099d856c7f9de43990ab,560945215.4535657
93c5c5d9d1e99824178be9ff,493105361.2818959
ffbce3ccf241890ec95104e4,513213933.0318848
2c03c38782e365e68b32d6bf,471253743.2085384
7734421098413f27fae86fef,549743095.7649877
2b50969f1faab80655bb9104,542664369.5801876
025a98586386211b1519f9be,477820795.4503241
6013b8c04f7b9fbc74ef1ec4,554601037.9255263
11075db1cf9899c8640e1b90,534300877.5895628
61ba09084039a467410aeadb,458452458.4286074
eb2880c2433c4b2500fd40ef,530233715.603179
f7f8607535159c82dbfc6c14,543848488.3013858
35c7a7c0ace36f4b95423c4c,561051251.8522891
c71123c31d02408cdaa74daa,506453129.6222699
dd8aa138623604829d56ac2c,475889142.4975538
cb94eee5ecfc75d0fd5ba6e5,496047870.8392904
ae6bfb4eb4770f2266e3b961,472959111.78017807
573ea1962372999346590c0f,590429038.3585894
9f7204b4bb3ffb8591e3164d,567644185.2418506
a4410bebf9843297fe32d63c,639852065.1270407
2afd9dd680803e3c12d5242b,617075303.9642038
a7618c242fd918ed894304b5,671339996.7344506
5ebc5cc2c1488f681cd119f2,672933228.1279035
cd53a991573ecb5c53f47986,629564822.2728523
75ecbc0c0e8e76bb8d734f60,614021963.9354601
47c2934aaa5934c68dcb9e51,659738417.1898562
386ad1ba1cada9649f3415c0,605365281.8106471
9ca0839c9c294674e86eb691,604231329.5849586
bdbaafd11259af6300321a89,677521833.4745784
2e41ceccc918145dbe7de0be,617171177.2639716
11df35a3fbcef34e47747e38,584149926.6786848
b0bcb64f2f2ba69cc712e0ae,586466456.4395093
bce0a4447db2d54d36661011,604757413.5679377
ef7ba10407cd74590ea3fff3,668332999.7787049
a743dc3903eaf3576046ef3d,657703826.1836421
b3d072ebd7908688d908d350,617782864.2010252
a48abdedbe3d132276dbe403,610820282.1045365
c6b7e739125907c86a8997d3,671680543.0860384
813d9415d9abca46ad4d92f0,550760268.3864106
c631f8920a2fd1160f6b15cc,659951051.1841946
16194707d4e85fe332411bd4,573861314.1628299
31e241881acaceb02ef915d2,614887924.2048564
a3f1214ea44063ad10956fca,607013285.710681
ab086fddcb949e3dc0ed9b5d,654349856.6975671
ec4df02b32d90c019125d108,620197403.3605988
09eb808ca3859318d6328db8,584666526.6162599
f520fd12dd3ed32ba78d357b,663977341.7039777
0a2f7379cd1bed7d2d2d5a01,612670890.09958
30652905d3eacda34ff61a9e,550369689.0511135
0509650d34981639b9c64a22,522716272.71811366
77cd6b199ee485314bc74626,671529488.4158766
10c836c2e566dfe9edcf3d8e,625239095.045326
e109ccb29c02c9b35b789c90,779797860.3676025
2d60a221b478264cab9816f7,787573901.5753934
d34c48ffe935cec3358b2247,694652314.5292703
9cbed1ed72b444c22d8c1614,774183228.3582369
735c3aff4c151dbc32f9a76b,751016018.4222089
a4b6ceedaf89cff74a292ab5,781300181.3075979
052957f95b6e7b41bc625009,727853568.074211
33a61cda27fadacce0d1aa7b,723569596.0306683
6c3bc8c58ce67b8bb9f5894f,768871573.8740277
1988513503246248b80c7f17,743166272.1188083
57c29184563b31f5f752c5c1,788484882.2973653
bc6a7d4ceee8bbff9ac5eda8,668276514.5907776
f1b7ae24195b4414e6d6a001,795229845.5012972
e7b3ec90b47c9e6009ca8a75,784585725.4996535
39b62c6fca161b80bc6726c4,867590032.5712512
55163359d7cd910861059389,1030975188.2922386
df35908d6ae2847dfc73cf9f,879824758.2039483
ac822dd448e04e9f8dd1721d,826988323.109977
7e86148f53beefced6e0f3e4,598905397.2554036
6eff15cd6372aeaab2e665d8,631778886.7179624
0a1af9bb571b90233856289a,597946764.0972118
b3cc5930a3cb26e35a45e09a,659750239.2221045
0c12f73305bc7d72bdbd9789,538562787.3874767
ac048209de77cae737d60545,596413025.8021113
9239fafbffc066dff0811302,413059751.9492749
8e0ba427ea909cb7943929b0,429871188.53582084
b3c99f30b16fa80cdb4f213c,505568895.7625702
d1dc16c82942902c668a5c9b,567148934.0268745
5cfc9e48ab90da0f4e98a7ae,579567661.4348291
9abad9f79352ed42d1a9f099,527339979.18354493
dedeafb60b4a39950e7a984d,527339979.18354493
74cca5cd08c4bbf5d0404d74,666790371.6437913
b6aa1cb0187c4a1715517fca,527339979.18354493
e22bad460ec1bc991f14bfbc,657894204.0679243
594d46a91315527995cbd807,591943926.9469557
2c0b4c8269cbe25a4e85e049,469988079.4447073
1014d3a98e886e1a7358e29f,460548248.37665325
73d6bb3d6ae08921a6117f5d,534910988.1274672
de3b619a7c80549db6ab16af,521239399.93177253
da34d6cd832009e428d2b467,446066107.25079644
104722434c2deed04a901aa0,430664520.76160383
cee66eef685e4764b9553a02,533230374.9853477
58b40969f1b73182cb6d30db,533230374.9853477
964e9c3f87176e761484543e,626898749.5043328
19487167081a9b0dd09d7975,621423227.7824515
7d8e345c9b16d0fd69f848ea,769264292.8786639
7d4ba999100c8e694fd820cf,687727997.3220515
c6b157e7a6ca08d04ec4de4f,463889528.8308883
84ec2d5245cfa146dab05065,589133179.330901
c844a386941b86a3d4c0312a,379250308.93709826
0648aae13097ac649fe714b9,549974219.5954571
34f220a8ee1f24bcc5790364,419187883.4829729
d12eda0ba04f846d73cd7acf,966415506.6615616
c12904320223ddd043f39c63,332396525.20174974
8bce0097d22b34a804b502bb,474285817.05639106
ec1171cac1eee089be6f427d,489762158.0673262
5d85d77a06d0f0324d15d162,663688985.8842549
0349908483ce628a0a5fc164,659754322.0966196
d74da3bb780515b1273d741c,685914095.0883186
64cb8fc8412c9247a5c243ce,882619441.2496305
3a53919313bd750f2b1af906,770822030.111965
91d265ffaa6b407e9747b15b,697931198.2178637
1db1d1b76e09197dd915a8f1,1038100176.1417285
6645a3080e5d10779672d139,625572656.7278119
3ff6e77706eae698f86eec29,590380067.4077524
4670d21fa84e40184f03d5de,463803337.3019006
ee8bad3fdc93f7fb79c9cbd8,845127986.8029925
b624f0438025478c9f66fec2,811362124.372855
37dba4927e327d3a4a0c1d36,530949597.26345426
8d16b1bdea35630a3b09b192,468874264.72968245
d54a4c353cebf18d452be515,476368989.2824868
c402811ade75f5e3dee73ac3,447826485.66039425
dd926903e87d691a0f15dba3,670363998.3386397
cb01687abe09df6838e1b224,570254241.0318432
6ad3e1a47d1055b55d14e091,582901378.7838491
b8d50a94e8166e471fd8282b,591955798.5373304
a77d82703468f2f9e8f2ea0e,625043639.4810423
5d2be469f69f31090769efe3,645102228.1961828
c4e8559ee733a551649a5dcf,694887315.0446994
5996fc90f923d6e8527097ae,413727328.0631451
32d5772adbcc785ecbc2c55f,893693235.0407215
5f088237d263c37e78264bba,657340424.3234153
799afa0396b9f268f239db51,422202667.74633247
bd23b1463f0936d2ced5fc67,638968793.4292934
8f35a5d800d98481d7a8b6a4,567912135.8273721
371b5ecf08973fc6e6849d14,624493065.317089
fa70a55dd0e2053a1b566de1,506876205.51635164
584364cece0bc4d17f0e7fac,538951704.6910156
cd968f8973a267790a38f2f2,442313269.86663336
c46b122728ef4c9ae8be444f,461434607.60313284
4056182cbd8c12cd87ad9e84,464198106.27569425
6ac747618b6ca674e86cd275,491030900.1034099
afb02897c700dbac941ba8b1,440479514.8639918
198cd3f4e9be65b83f01ceea,442924033.37183154
c92bdf97d7f0a9a12c024406,519674760.53665686
e00e5934d1941490834c3145,616655756.2642493
5b139fdb19ff722a846d71f0,685914095.0883186
8b554961129384797391d1ae,636079909.5336952
854e27be18fb8f24fd433eb7,596714713.3519442
241d9f8599ce6cadac1d6609,637679292.0993712
b85b37ae83ef95baa03752f9,752154693.4206531
5b3ba9e56e24e08e1f81e220,620351097.3505932
58c6518f9d2d0526d31e7566,484460060.06697273
38a1e2050dcab9b4c70c5e83,534303682.2779232
da94e4a5fdebe3ae7bb1adcc,581624966.1327492
49fb2771ea6c1e8950cc9a57,548095872.198789
f2b67c40a560af8729bc6072,606064303.2531277
13fc2dd1cd32d9cfa457a5b1,662548687.8404423
b6ebc3b8408793f5058cbb90,544881187.4050927
75ce506dcb994b10497e6816,623861969.1935519
6dbfb281abaa9a6956c080d7,385946377.78350884
af67a68803a18663e4b03eb1,465328040.05222523
a9c212f77a048ddc33ecebba,408218957.66061944
df89fa06e32e90b0b6c2014e,486746046.75782526
f20a7f264a8285a75dacdc1d,573028554.3204026
61a363a73f3c93aa1775c4ff,803876012.7857587
d8c1f7303b205fbaba2890b9,603027049.3303063
70962daad7cd15ee8af564fa,654855650.521917
087caf4bce7b0a3fe3c47dc6,589625698.7146506
5d2200b04fde91f830478aa4,595833927.3326602
821eabfeef3dcc622fbcbfc4,361487895.14188063
3d722d960b860b4bee79ae2f,537050169.2532625
4d3d887d2236c2f897f3bbd4,449425927.4832104
7fcbcd9e274b75a157cf5d5e,538770490.870537
88ea2d2d7cb6d641df3ad76d,648350687.2533616
c06088db17767866b7f4ba7d,663688985.8842549
e4a9626b1107b9397d0067aa,663426958.6148641
82abb1fb693f34877bf1327e,684536215.810057
3279efb86571efde18eeebef,558999809.4125352
afca7b219d52b22522abd00c,578003742.5087111
7712f963ee37e91abb7342e7,650535310.5273814
2a2f455525c8e0bd709db91a,644994158.7331185
833ded72a8cc9c0d606a7a74,646861183.8956238
f3bf0be37be6292ba0a8736b,552290434.5280498
c06c8b6425e3a7c2d7481e42,367585805.6714892
27d4f17375f76219b446c092,419206032.53414756
9b7de95ec90da0dc8cff7011,522337772.6489783
8fdc9f203c3de5d486de7ba0,495772176.73091024
ebf2d540aff82f1aadf95f9b,485073263.2845314
51c48d17e774d6cd84f4c355,502184568.6157698
5c1d1ee26cbde5b766cb4ca1,461328845.8936096
2d26b8360f1da9a677670fcd,535932252.5533064
ce1b06502cb0c5d9846cff9a,504771605.98504514
3186cd0a3125adf3b25587aa,624626706.3857667
f839de5370a225ff993f5b2e,621903692.0968401
2900dcf3f944a7fcb33aff36,676909179.089133
3f54091296f773f5a1bb240b,597457086.2819743
499f6f4997474415f0bd596f,609993765.9347954
110539d2ac34e5180e3fd95b,732043558.6383383
dccbc668caff517f649cadbb,843751764.1816732
823c9c7abf2d00140766a2bb,848261360.4615705
94af5eccfe170cbe7d428184,541225769.5862054
dd21457e18f07d7a927c0104,487519216.0492946
5219cb469fff40cd9606bad9,401770814.75452733
5a83bd697db5076016c0671e,460019722.11586607
2a1edfd6cf74573521ed74a1,472573637.4659031
40aad45bb7a980c9c5e1884e,575982631.799029
a315b497dd8e80464bf0480b,640599121.3888575
7095d576a0b963eb340d8fdf,533230374.9853477
9d6288cfead77d622f5f5b95,774614814.6567571
4caf356c110a50c6c94f3eab,575016406.7626435
23101b0002252f3d4b3e1d5e,681682190.5436049
8d1f7b0cfde7e496e7bfe972,487816112.89065886
28e572584fea1555e2a517ed,599976737.4377052
6666ab486afcbc162fb560c6,694607452.3780178
b0978c973ec3291e950185c1,724906812.2501794
d6cfd3ddca2a59f0b6999d77,452683133.9606636
a77f5c03a98636d90f50e11a,730364367.5813252
e6387696767d20cfa4918ca9,497926816.23098755
1dc0fe5bcea9d08874871326,474107966.97317535
ccdf0abddccb1a670f31c2f2,615678465.3440794
3ba769d65f02217656e0f5b5,540881582.9029595
628b3b56449724e7d945351b,672545432.9300672
b47713520859d58efa95bb06,577776212.6839758
e6c6625db90e519f9dcf1b23,557258891.5690058
3e1a1b2a518d3ca2fe3950b4,487465416.3166031
24849579dc9ba7fef1b24396,531087875.8310782
6103571d9525ded3c09668c6,492230048.2453921
a678e89692df9b14da9f19b2,492602197.9975583
47bed52dee0d311ae0016b08,629882616.5047822
36c0d26b83e575a500a6c30c,509430711.2413305
34447730b60ad12f4775894d,745300655.1384072
aec1778ae3b5e60cac280b79,610820282.1045365
d95f38f5d1293c74ac52e823,745300655.1384072
5dedb7b64b6ad0b514de2bfb,668795467.7277955
60c71a98253b5550d773a529,497926816.23098755
099ee1a7c91105ef46b5e7e8,661291008.3366665
b56533bb19eefcb244e69470,710127369.4908009
62f46b8989bee43db86ff589,404280860.30123883
4d485ae48974213b1594c905,712206758.3715138
c627c6287efaeb6fd9049312,513767155.3836419
976945e68af6a66f6fb0850d,509974535.01391256
93e443a5b3864d52765e6484,696367904.748906
6ef9ce7a53ba3bd892e21f1b,524983103.1375153
6f3041147f930cd6cd4fae05,487476694.8059882
3917b95a3d05a5e58c117f68,531349277.1496135
d61ccfd4239026feb484cc93,373894347.9265013
b443781523fa0b5be4ad7739,528848663.43599796
6f0fcd78c473e4e04fd411c8,675443647.7222692
7f134c92e20aa9c6f084edc1,494798969.28662753
75075631f0fd84fb0ff49417,607449179.3955005
eae4243c274735d616c6b9bb,813179466.7729257
25d233d2779009affadf5e91,534967829.5020908
1990717d8c7aa8e732bb1165,754159475.2913375
71b99de83d83dd970b00f07f,767281175.0988331
243ab5db6e47f3536d04d312,633462981.5133013
61cb98125f43429f7f93c898,685914095.0883186
6ed772640e5a311cbfd17c31,608088978.4859027
d9f0b4c92bdc9476f50638ed,479993044.11346316
796eb5ae3ca5b63c9fbb240a,612592500.2695651
e6f3eee9f5048005f24f0943,596714713.3519442
291ff191bb029742387a72a3,603841334.1128072
829bde7f8716daf76f65ffab,675104018.0944045
110a2f124bad0f9381edce7d,714638726.590925
76b719681617ff7f28d33df3,680590086.1660037
eaa6d58e226904e9993b3493,560680616.8842659
af3e3a83257eb507b96b2a1f,628635608.8505379
43969367322e86c68b51c2fa,574041697.1204664
50fe589dea73e764b7735938,440049840.54340494
13c9960a03a1c446aa5515cd,518007665.17196757
e7834f52ebad3d3cd00d069b,501001109.0150537
fae37ecd6046e53ea121b1c6,490664801.7525391
8a0d2f8860a90322d6c3b61f,533851672.2009084
008c7a02d158f3b17ee8e015,523401007.29117376
3ea6e8da2cb0bf83872dfd8c,516766421.31207967
9b184e58842bcb14dd42103b,525721039.17622364
43eeb2567c61bfbb059fcd4e,477745257.873167
ac7f6087e19c2d3502368fac,517614725.0418758
73494d52196ef9838b1be34a,845127986.8029925
112d996c4c0662bd13af3ea0,530463009.04011595
8c3a02c9ca043cf0f322ba84,611196490.7256647
a757ba01a02acbdee50462b6,582352183.4216806
64e3401f22d18b573ff0504a,677521833.4745784
acd7394afcee30e084844c63,700336356.8085365
35255f80583ffbd504250554,658054398.02135
370a0d0da794efd58cab251d,610023526.7582594
cdb5f8327360c750469cee74,614887924.2048564
dbffe8f46b3d9da2e57c97fc,625572656.7278119
25b1ada57fd1e5c88d939c71,564365214.1397763
05f79195e285c126125d258c,656771695.603865
62c017eac96743cfbb61e86b,568187496.1209456
3ca7f183cc0b303e5d455309,754246183.4137661
a3dbd504524f980ac5325150,780190575.2392253
5703df84eef7ca9bec5bde45,811362124.372855
513aa9c91c245ee4be31507c,639045503.3355849
d41d07d1aa700278cb81ff30,599128550.4319308
207e39d9cc4402edd48864d5,583325548.1309903
7134b03f54b10f282ac34fcd,783012796.6453313
6d860c215908949c4ba1c536,623992854.7547791
f35f884365b1bf6fb303d7b5,568035814.3082961
4f480aae78aa068901ee9468,569914993.3663934
39a12600317b58457f68b5b8,541606260.2081571
5f0c7a6b4f46203648a0bacc,553358390.1360202
d01f6c0b2b338289e9fe3768,587808692.8494911
613ad83abcebf6598f0079ab,679290157.1127033
effc32659ff9bf30faffb3db,675443647.7222692
73fbb3e6b22b957ba6b7557c,691571234.123103
6c8c5e22025ca4f450a428c3,582774783.4467661
d6e333e793f75c2ab34fb127,512670496.9292896
b82e52830b51e823ac7187fe,594659424.5522774
35ed4187f732a1ea68dce712,623118586.1626343
0c5067ff99e15fcf99792cbf,623118586.1626343
0ad01fb039a198262ec59b72,528848663.43599796
906014f0ee3f3f4f0576d4da,603738142.7968261
13477d8ef90576ca84258984,585608731.1579345
3083a7ab1deb092f7aca6a54,582177894.8020871
a92ae34df90cbf8af7695ed0,550412997.5547799
82d22ca21e31222068e1ecba,602412795.459556
11727589f7c66554e9114407,602211931.7330348
9982169d6f3e9ca61dacfed5,587785628.3732585
2de0ad9bf15232d6056285fe,594021228.8155202
eb6e6060b78676d13d6bda48,594300682.7685684
6f37300b1fefaaf746f53907,620039302.5055798
7698775967b96e3e7bf66e6c,580929438.0312319
863e5cf88a808b8ca96907ff,580601958.3019407
77b5c9a5f534a5b80cc16d09,548768530.1278975
ade0c9cf1f9106e342c69bd1,588991632.5764334
6fb45859693c703fd9c812c8,527294407.44042766
45badd183bb1a4c630174f3a,606100072.5008358
f66bad2cd4b09ac29f540f63,590595050.8158534
fa3017d74586eb4c3b5b7db9,536950735.4180958
f09bb33b65b5ebb8fffc3a21,534694767.5041762
600dc823c42aa64f60fc3ab9,579846329.7610437
c1d9119fa7ae7d44362f18ce,604090125.4881932
a1305fd943ae63715529209e,563443344.3700023
8d81b4681ad0055c274e7da4,603152321.3179576
cbb10e7618b1385cf922e815,533321447.3693638
b09111ea69c4be8ae120ddc3,584751029.2705486
099f07f9ec4ff6d835337f86,534967829.5020908
c70f6bd5ca138bacfdf8b5cf,531640909.58356106
a6c86ab7381f6c43fdd61a01,584867045.0060263
58c2b87098ad454b1fadb13a,666308976.3112409
6afff7782d129021eebee968,663571701.2598017
ad92f3ea52673dee0a56902a,651568931.7084131
3e040e87b89a043564f0d0a2,606769512.4388804
49d020d2056717c2108b0927,593412165.7590024
a4ca465294c114b1065bfead,602037795.8721063
ca9520c7b8432b0521b2e8dc,443273718.5003917
4d20f253940a4492b4f6a9f0,379250308.93709826
09b61cf8ff3ff09ac892d073,365398023.34838176
86e81141e429bd81d7f0e73d,378050715.4429732
b9826d7a6132b16df1bf58e1,542707814.2057041
a90c60e05e29b77963a11246,505496558.4111433
6e9984a3c3daf63fce5cd3d6,477949240.6288249
a9eafeeab4ba51d3644f4052,497730718.063971
f74eed3a7dad1bd8d92854d0,698752096.5312978
5b377636fe30946fff973f3d,623312915.909412
5bf6c1862c0bc967da2cc484,659754322.0966196
cd5111edd2fe80f56db29531,662151362.5193812
c76c4695ed005277a59451f4,611783265.0706356
7dab6cd1002a8521e5825bcc,580095244.7977917
5b57258272dfd1babb29e7fb,609908425.3140535
f68b7dfd0579838324895097,544043360.4458979
812646c7de863919cae5edff,630491273.2330244
0da10eb6093728074b34fb75,555547547.3017972
c64346c8b0ba32a55292e66a,655018615.5533782
ad6317cbcbb8bc27b0774fca,706887099.8186821
9f43c80d2fa31a09592b030b,694652314.5292703
5b84f5de073000ad4d4b1a04,882619441.2496305
d94d18cbc812d560c1e38ffb,882226703.5719857
ab3110b5dc8ce81471f69c16,842496770.7243307
138a1990291ba31024455eb3,851400378.4507507
646bb3de5a1cfe4bfb7a7ea7,1028411826.0351013
d8fde541f142e6a7f0b28099,605300045.1024772
ef61986cca74fe8585b1b287,426229196.4896172
e1d8eacecd35515eb19f9135,772436292.5144156
8346d64ed6211083fd420ede,621146693.4958152
4340fcb9c80733260565c24b,653472905.5558193
ff5a27ffe7de039e65170f9e,656108192.9661026
ce407c1e25333d7c7eba1b0a,577561596.1168975
f927027bc766ae6c111fb685,356347064.0690353
3f9a3edf25152433969f98e9,552485876.3767185
987476ca395533347581b2df,500115154.1993908
17d0e3208fdf10c77e95bdf4,644413719.0747979
b485036419de03f5bad01f35,578043258.2959157
d3f7847147c88352bd3b9707,598421657.7990278
aabaec5accad3f545f864a3d,636086383.6543796
400a103762ad652e81c8d3c6,597267622.5085801
acf15357c1a919b6ee78f676,813788667.8915507
8d983b9ca65f19ff3d69985f,992084126.3360592
b9a80a4d84eb918792324dcd,600883324.1733541
223b3c04803ae7b855f9fd10,607629400.0026865
e5c8f2d536c3f931eff2d70c,602503846.8683552
f976ec33e004b2d4d32c2eb2,612315870.1541238
cb00e44cea76a92e9c44e793,593428545.659879
0e6dcbf136294f2a99410052,560822347.0349909
102de0a5ee4f19454b922b96,635711475.0444043
cb1c8ab11838d9f0a1197e25,601873851.9982476
2e2f1072d8db7372b2c2419d,516550719.75956494
8c4cc779f5034e9c10b2e698,393277663.9401314
85734fd69714897264ce2214,509903716.09868324
5694c1f689779fb5ca95686f,560592012.4768957
f3bb60434cb36fcdfe218478,571270529.7974982
cf8bbd3528d3e7e2b8f50c29,570733313.0309275
7db1c8214f229d865da455cc,634784456.2721965
f3478cf008a7ad268a434ba3,633442616.1309006
5440ee15bccc4eaf827fefa8,636101935.8992109
78e85ca7c532a77700bfae6d,619809465.0101781
eb5e382e1372c4e94f467673,644525503.5363333
5a11cc89d3b01eb87535ff1b,647304681.3030136
d0f5cebc2059ca89aae30c76,555724840.7240274
883371e374936fdd74d09fe8,495114336.8612422
9ab4e5f8cf2b807603329cdd,481996065.89677405
c37c7859956931d77cd5c9a8,462727277.24279606
730804efcdd755786bf734ff,448297870.2371003
9d021f3fcbe5f82fa1c1fd94,479707532.28895414
975ea2f56001edae07f28fca,429978427.75278455
8fea95d0a70b1ea918803f58,458452458.4286074
4718488d664194a3c0c5b446,549511138.4992611
1b87ffa033dcbf4e2805dbb8,542664369.5801876
1a77ac51e03c77ad280be447,502184568.6157698
228d165257ef052ad50433c7,471253743.2085384
513a83ac5bfe27c5b813ce4d,524066147.3332368
73bde441e18a9548c034372d,529758234.942376
26301269301b6f96862af599,496518389.9502609
7b30dbf2f6d835ea0c14b392,544841040.5424731
254de3f3fc52b8cb62141baa,549743095.7649877
f566603aacc78da47a283804,538272367.902901
990c8d65ca11a97a1d34c5e5,477745257.873167
a9878134c12696d8199a1ff3,508238095.6782013
58185ef7646efa724e904f5b,493800879.5244371
37d5b8f329ed1ec29d4bc035,497257689.7462516
e6f948282e81570fd03e4df2,540881582.9029595
8b801b4cc1d254d0277fba5f,671339996.7344506
33a334a16c4547b9d7842c3d,677521833.4745784
1ad9e105d9da875001111075,634132143.4454917
08ad96681afa49c74721daad,625716858.290482
beb73d27906bea7a7d880791,590429038.3585894
bda5b2e5a87a4905a30f3b8a,659951051.1841946
5cf70a67ec25288657d6fff4,657703826.1836421
baeb4e9d612bffb63ae3564a,550760268.3864106
1902f509aa05287ba42f546c,612660013.4531572
c0cf9517f20ae81c79ceb0ed,527600901.21940297
2ca8b22013c529b412ad764b,659738417.1898562
b38816ece917027a179663d4,667666476.5944425
c89167e42af0d42c88e8573a,723123315.0348196
09254c66d93cbbf2675b775e,668332999.7787049
89f8ccb0c1e2136adf87a10e,710268023.1376615
cff851746578050bdfd46090,668276514.5907776
d53ddfac67129aebbe054024,781300181.3075979
53b5ffa0cf0dd12e4eeb6a2a,751016018.4222089
62db5fd2a4eb831d281ba8ba,625239095.045326
59b5fe8d4f5ae272dbaa5ba0,745300655.1384072
3c1b7a0a306e16e8c22d78c9,768871573.8740277
5219c3cae1c92b52551a8571,638021607.2300254
de6aef9a5e47a614b75ee576,749324187.7969729
d168181ef0dcb853171cdbb4,885227012.6402711
6c8e27967ec63e6dec4bd6ac,1030975188.2922386
8544bc14286a51e60ffee7b0,1338995612.000735
ed48916725be6970cd2f273a,593033449.0879842
9ff3268cd15cf039ab958413,608735983.5967237
16cc5c280124618cd5d00027,609329477.1617512
ac028c1580f6e4da4ccedf0c,542033203.4007269
673f2b913006ee8b33e75b5e,607565478.9820037
191f96722301456877893b22,659663598.9382808
a7d8e636db44cf5d3ceb67cd,631816955.8573794
1310e9cafc0b9fc21c212f73,659354145.7161593
1bbbe4e1eb264f5c69467e50,337373253.2449875
283c1142d027be336a7bfacd,436125078.7777173
4d09c2354c67243c968dbbcb,510943878.69865626
db3edc43e89840a65749cd94,466424752.00590557
0274166db611aabe4e946a83,433189778.20386165
8153b36347669087e363801f,524674689.99379134
e04473aa943812de1d662058,530314938.5410402
7742e8923a4b832e3d94f3c7,503566331.6789394
536b5a8aea016aaa90fe744a,741047186.0039409
d2c02052de9c97c531a4453f,607862146.9212676
48378a6148532f71abcc2f98,648312415.8263525
fb0dbfeedbab00cdc7eb93ee,611164720.1698685
699412bfdab1157487c81725,704531035.8726909
a63c26369cfbabfc9c2603b6,601603948.411762
34e5602cb58501859e32dc9f,761539954.0921009
da83b03a6c9d405f55714b0c,717752629.0096056
d938d682332fa9e5c4986024,752625761.5699832
e9e39766e2c96bc783d580a9,882648258.537125
fce89a9ffaba32f9f7c5895d,892329817.1410629
2d6aaefe0f50db8acde6fd1b,1328190552.2469196
1710873f951e7f695fca3568,531723508.98942304
0ce068461fb3bf34eee000bc,421695208.3005604
b5606ddf3a4e60e2a0e0d6a8,531149870.70140696
2c2e56e3e5210c111c7de708,550614483.3684458
94118bd8c3da3f14f9c7836f,433189778.20386165
d20a5b3eb857e1f4b548066e,679404889.691442
ad37e23456bd4d90010f7784,612215207.379211
c5602c608080e2546dea5463,597183702.2899815
e3bd8bd5884a55fc1a151687,474031557.79661304
aa31e5995379bc38dd40b8f3,563726523.5109823
fe8a10fb4031669a9b21c919,777245905.3703077
08eaca41f26eb387b67bf30d,856784466.3999661
23ef4d57d130e4130205f30d,535726567.83718175
d6f1594affb8db7a865e3452,623517407.1628548
abd9cf3c36309d590e58c2a7,603015817.8748474
1c177af5bb41e26ac0135b4a,554035969.9571974
a05da8df13eb4b121d536912,482437101.6503702
5a5a581ad5540fc82cd3c2ed,541270402.3937775
b50ff8bfc0b4c4b165c5ccf7,531455731.2865363
2abbf26e80643dfc1b75edcb,483293613.878656
ec903c33a379d8d2cc04ab36,602341960.6552227
c062d873af3b7cb98ccbeec9,625346125.2476891
927de0269795dbe0566a0326,646916492.041331
ee703dca75c4dfd5d035c9a1,544034018.6800928
b8a42b02c50438c2ad7598a1,515487727.3995642
f7216fd19f41ca5ea66a9169,515487727.3995642
f487761a658a4247563faa38,556593866.1088372
caf878b42daeee3c7de336e9,601882846.8090137
29d0dd2d4b120dd54c34b13c,620684964.1821983
1cfc7d60ce613536d23b093d,709132718.5709232
c6c7409bbf52c86461aa1dd7,653895883.8449383
312ef52e0250429a5ecb3b27,626341164.7690916
48299e52748ecff3b69f7a90,635329597.6097449
a02f6ef1f148659297d46b33,531101844.21850246
67f664c8f9250a22c10b4f67,503566331.6789394
4977af03eebca1aa266289e2,489573112.52425796
39af71aaea23b5c1e987de32,504261352.8442518
d69b019e6d54faa1cb044d39,685914095.0883186
024e94e72ae88464621539eb,752625761.5699832
b980c778ecb2709696265c10,882648258.537125
8780134f8b40f0fec4d1b661,777245905.3703077
107f29b67164ad6861cb7059,960188301.2074568
c8958d280d0cf2d8a0b481f3,515154595.8273498
1f8f74ce8831d5532f330925,609416032.3322997
7be46b6dd9891ab771fc4be4,437077224.5613712
4f4f7d2b14079ddf8754d6ad,620483569.5447216
5921ce922675f6517f8f0007,952566245.1006234
49f0323d28ef0610248c87c0,673307193.1535335
3ef167ca6c4ac77f6968d17d,575235660.373899
8d2f9968ec8aece8d1a20137,611545626.620408
4bad47078442f3416b2c1ff4,639258481.4790493
5e1cc2905f7a701f895123d8,593768354.9299487
a8633d3336d097920bc8a9b3,647294386.0612259
72fe83366bf13a53937b7034,688113780.7869818
ce78e1dbbf0f7aee98e244df,632460383.8419236
11be39d287e5a8bdbecb5994,648312415.8263525
40a561bf79fa7a08155e1183,740995795.7450324
3dbafa8cd5225e261ec9b6ef,391372410.63862306
68cd88b657b59f5671f59e04,515062800.50943655
6a2ce95a8be0654f193592e5,476799025.0695302
4e613cde51f9760d3c051562,665641278.1656936
1b69d2c7fa8f802c4af1369b,575235660.373899
f126c4b36c00d0ca11c21a2d,537103164.0463675
e6a7e6b41e6c6bbdc16e1e14,620483569.5447216
5a69ebde2e113923ddbcd18d,591971520.3569297
72f0540aab38ebaaf9a389f6,525325130.6117999
75b5bb7b5ff8ebcc863fbdcc,609416032.3322997
096912698fd9a59d94935478,588437815.4914054
f0ad965090221d2349e90d5c,619545543.8493034
1c224347a1445ae01184e0a2,952566245.1006234
0ee7273686a0a92fbf48a383,745330852.8479893
e2094d28cacad3e2a711c5ca,413702647.01249623
f50e0ea2c3831235704b8c72,631297441.4363728
1e64759f297a66524eb07b7e,595363276.0892742
7636a187e29abcbd8fad6244,472109164.2423623
9b858a70a031475e422e375f,669072975.3948778
56c2e8e14f9c6c9a9f046a08,522030594.7449344
1bd7b990be19afa5acc78bc0,609452619.0292324
8b36b7364e4a4c80a6e50bed,614023784.4794983
d348d38769937c8f350297bb,776258970.9132937
f4350916cbddd5a544c6ae46,558641099.7978269
237bce11f35d32ff029498a3,617024298.5151474
faf92fbca9baf8cce4a00063,601278834.705448
812c9b5407424f956d308b06,587432314.0899962
9fd4adb5c63fba5a11661b23,560506950.1153688
168f81689afa1f055d8bf7c8,607553175.2987509
2a9bbffb1b98c49d79bae509,526881587.31630784
b95ecad591e5c69fdad8763d,406915631.59910494
dc51caa89a74da37ae644ff8,406915631.59910494
d97895a836e6ea22ff3265d8,456439024.6253486
de754bceba2d206a9cb4f116,447631333.538703
036177aff84b1901e0f18759,555724840.7240274
8a6cb559a488d6ce1b641585,534300877.5895628
74c4f233c7f385be73168e0f,509974535.01391256
27a6f3e8f9649ccce7680f0a,483029411.98875165
711045fc099712aae3fe4d14,502184568.6157698
01e033f5bd502c4ad398ece7,531087875.8310782
a99261116e0158109b3e3bc3,516592910.6976237
2d8d64261ba659302da4a481,544841040.5424731
9adaadeeaf6a403e1c8754bf,540881582.9029595
2ab24b9c5349427998338d21,584779945.0430969
09ce36a03c52d6721bc5276b,662757951.6540563
80b37d5ebdb325edef39258f,592023495.9151006
78a080fc98669c0cd9153904,553197727.2799544
2d14ad8ab9573c406e203ed4,666232396.6952419
145f33a8350a080231306bd1,657180324.6236634
b0aaae3a435fde30c4c02fac,767624744.20253
b3f5af523b5d6d938693ebfe,712206758.3715138
25d62e6b1a1a52cd8080354f,771493889.5053414
5a06a8b33611251b62d77e72,698802887.3801491
e93a9b257ecd815c860d0b82,567625902.5530477
610f192d22864016cc2df1c9,597524289.4686196
4e665d479b3bf2e25cd463a2,585419897.7916387
343be18b0f77260f32ec05d2,596806914.6071543
33dbec39ef8c0667e4c3f039,638776078.0368614
b24fb90a2aa5d9d0c7e1541b,612513143.972795
b56a3a017449fc4ce417009e,419090357.62974733
e0dd5e6879d824a95c3c1773,510406501.893356
156a20e2bf9e48b9a360f9c4,523317124.0495162
d5583fa23ed97a3b9413e910,592508467.5008469
4e6f695bcd4d3c0d8497c1fd,837967741.6725407
da7a511a5f470d99ab2bc4a6,625585302.9450881
22a6058ffe790c98a8922258,684182983.2712725
0c19c54de06d1c139df99ab0,667504182.0094893
48e687093fb26d29cda9ad6e,408956351.627886
3ad3c519ced4b63ddbfdb0a1,454141839.5214983
0b221ebf810f632568c1e2c9,658050081.9350483
7930f32456e796e40fbf78ed,527129210.7284064
f084bfc530f4039f6631537b,610878979.2074283
f9793063f561dc76c0b49a9d,707982321.3747146
4d2ec23fff8eb502a9d93353,794710075.8443041
a6f570e11883e74654898d75,843846686.6063628
cdf11b53a23fcf9b6032cc8d,948387435.1803641
6f968f62a6fa4dc255397bf7,610605733.2366107
d692ba46b098c6658799ea8f,552578250.061037
774a4b48d34052a978b1180f,570730174.8278955
acea4c7aa1185baaf6d3b60f,680071892.3220916
07ce6f95a7719abc9a204b6d,585056399.3486227
b371665aece480b8c1602773,523818949.9376549
5edc37d9746cbef8352f0fa4,639630696.1663938
26617e1fb3b4f0e4a70e1b0e,450906790.780973
b1a13541b37964b8b85f4669,426612544.6378126
94213637892f5fe643cbe8ca,428420285.1877017
742acc26686d04596ba60a34,566406457.1169778
acb1d16ce30aee0a39f01f09,493296469.59355706
e0d837e6d5d74fe91d39d23c,547975966.3434259
29028322a6d692edc5ca713f,690141469.6898057
03d54a6e80d48c96a7f6a1fa,561757639.407683
8616b310e335f539ab1109dc,596714713.3519442
6c21f6a3513869f93b32e9ec,745739116.4431967
10084cfff54a17bcda6f19d3,611008635.8791468
169c742419c0d4335d09fb45,661345158.1561329
0f06896d7502890175cbc4a0,660422730.4201608
7d2e3464d5f2f79ac29e6c0c,621143850.0612538
de9053a55630670ee8e59c9d,630690418.5895535
8d54b9bd24cd9da341cc942a,605817960.7339712
95570bee1792641c7c12e4ef,609575173.7037815
6d0c5546a498fafba15f2e17,628267554.0394275
ed43b0ac46067bf886457c01,620054496.3216692
8890eca19a9e1cdc9e0f0541,653093136.3515446
760a5dbccf4eb4ccc2622b77,507598984.921743
20fe2d7fb3910ef786cff965,522629359.88409495
602abdc140c40112afc1dc98,517188877.3119382
b7f906741cae6861bd5fb922,495772176.73091024
4d45fbe5a5d39188b5eccbfe,520893803.46240187
08f74ad7f06f2c409903ddf9,491686223.195859
7be186f4eeff5c0efd58e424,444440491.2081315
3d1a767dc286fe1cb86ed9f6,461328845.8936096
2ec9f5265334241fc594976f,610878979.2074283
d737b8b7b39e99f7d877b7ed,652173997.1690828
8fc50169e6ec98a3f4229ffd,621117611.5900731
942133ad6b84f9d08e1d4e7d,635978523.2175268
c965b03014d21473b27072f8,548781959.8204744
f1c8da86597a427e24dcd557,540881582.9029595
8ed5e7770d03c43ed19abf42,661369874.9444604
68ea36e3f441cb6da8d36198,756008732.4153976
c97715bec6032974060480d6,596071172.6550403
e6eb47d050702ed49ef5c49f,591138856.5067561
5a82fa348f3b97e74cdd3a61,738884530.1206008
cd05166ab9bf3128c23fb8c7,621341523.738811
cbe4318f63d73fea6238079b,629445059.7188959
efcc8d268982e95fe2fdb311,882619441.2496305
c45d7f326a2f279760d1a4ae,777234485.7162377
7c5ce0e65cb26773edc9ddef,752805565.2647116
357fda0abf79ec95f73e3584,444311148.4719592
a1e8f0c7cfbfecfd1549b0b5,382765392.7370601
3f208f32cc24d8ce1506ed90,537802249.1947114
87ca8a2b3251a38d45730f5c,458061102.22107136
728961e03bfa6e3242f06d8a,523846991.8206693
b9f9dd0d368df912e6e0ce70,622510265.4652789
429b049255a7edf227a980a1,609239265.3822516
a6259664a05091ef92129c7c,557847583.0031263
674c915c52b27df2c06b8bd3,557359586.7648919
f8be64dc83c5923983fbb770,708760324.606653
445fa7f5e8e9d7f12e8991d4,650395609.2048968
0842816a5ef4f24435c8df22,666734103.4243268
40558b62d83e4362efe1fe26,362830056.65759474
bc474096496b98177e40f590,520424473.673768
2b55989b2253416428ece917,520424473.673768
7158e3a6d456211d4533e246,467330970.245138
d4fac54e137f5d27ce5f457a,658483974.8884227
faee80ca0efce20e731823bb,713784334.2584997
8ec09555f5a47f96a8683699,716530795.0365366
2d7a48a6b9fff20ded24f86d,614739250.3630345
514b09016ef85b9ddc4fafb2,603276730.3908391
a1c975ab16effc6f97935e16,645783213.7526339
e803e3806630c6579f004610,688675331.2114102
26526235b34fa5b7349df00a,408280785.4496096
ba762cf12cc038e5c43bc6f5,625019647.4392136
45aa335dae223bccb31ff7cc,557140127.7330945
1dd3d7e197075859c1ff5b23,561589376.8241886
2db9b3463f85dfa87347d6e3,524597787.1510417
f72cc14d79ce15491a96ddfe,946369654.0796647
4e25bad08182b79f5ba9639b,910460759.6732292
e724a1db86d8d0c6334041b6,544734221.0507208
8fa53bd51f5d54be50b3fa29,500736380.4771675
fb7048ba61e9e6b1de829bdf,602182384.75191
4bf70f19da0bddec9241d310,452570374.9165047
13c7f3592bd432c7cd0a42ab,654313656.1500273
cb64b363295d36b9b0fde3cc,551565757.9587761
bdc17ea3f30318b11df30508,639372264.3742306
cb7f62ac4c1afbb4256601f0,540273219.2286589
5d6c275d9d3326e738c875c8,672264289.7888616
9865836c04a9582688f50496,635752816.6144273
55a615b65a28b64d46ec63e4,576692642.4561503
dcc9e2c9c1151bd9f93f44b8,648541696.9138578
1a2c0e46bc18bf3224450064,657448912.0758467
3de8187003cbf6c4813bee45,450832898.49114823
d62663a447beaec69808f85a,402836431.5686403
1ae17f134221d5d9ee69ebd9,590003399.6991216
35e55d060b1c4239a85c0ebb,502551460.0627885
45917f1bac415feac7e41124,426746777.28558487
ed44705c17c414af8442b6ae,555178272.4356824
6f01f2c67343ebb8ec717a5b,585171755.2929614
8f2218126da9580268661c70,534694767.5041762
5b36bc6e78872d2ca6d3d1f9,561666709.3938534
c5c7631ddb5b485d0e992f7b,561261570.1934259
43c88f1874dc7f91c899df36,728940074.1166214
dc544c90e6ee38346a6002bd,627039497.9458413
02990998f3621fc5a3d0ee63,560747805.4070832
dbab5ea45ae910567c97fbb0,556583173.3366741
bbf80c409ab3a6784028eb6f,524741762.12981874
40e56beaf4a7f28f8108b132,524741762.12981874
e857db57a89e165eade00770,644414621.2278833
41fc4ca2b3f48508d840bbb1,587136096.8058043
08c1db1e620e975c4d476b2c,591929754.867297
8a1d93bbc83f4728657317d1,591646190.4875584
6be0ddd4180b5eb92908da05,538545857.7810184
ff1498465e4db86f4f652e87,484503995.9624673
6410d336f6e61c4a81403c61,465571949.9189963
169cdb07bd175b4325fd28fb,534135132.5466887
546b56fbf616a6dfd1ad9d88,563874503.1323246
666af58bb684c2d8e7574e86,540434052.8282155
9fe75dbfd537f9ebc6653f18,563983324.2617673
ef961c130fa3b9015b103154,743406950.5151618
035ea0f13f2ca01c902d5388,661417045.8087342
7800f742ee14c4b4142f8b58,668411717.2185075
0c621256c4d7ca81045fcde2,602456077.0471545
50db9d168354ea3d75a03a6f,556085242.6559126
7bcd1fe7a140b6eeb4df2aae,536829082.3286338
49a4cebdb22fc2d72bd1aa78,554856339.8990669
69ae1f2868fe714ad8e2f114,442343294.1834639
ca4f4a66d83f2043a7dca261,402403483.29118156
c0ef32a7a294e5891505bf35,402403483.29118156
5ad6f4091b77715b7f74587c,663073837.0739417
331e915e2a66fb70380282d6,556714206.1548015
3a00543fb00cbc044a5b3527,380886884.7760961
81df59c6d8be19568d16ea3e,421009732.7100079
88a4da0d72977b0c56b31061,527514798.01593655
3ff9e75c6de41de517d1c4a4,466617085.30395466
147f80fbae69dd577ff19950,508827372.90381414
78beee9b7fab8600d420fd27,468336023.26675165
c3733b88ebafc0a05f5bdc99,484902658.0162561
568509a7aba60f8fe2d0cd5a,665804013.9095502
f6d3f7e963c9aa1783b3adab,650215424.5211408
ffcf6794a400aba909383b41,657928208.9984043
fa0aa00078cc178de0cc7d96,584752608.9319637
eec51f949083f39691e37e15,589288131.1652069
26f3d5bc3adcd1396747a414,813788667.8915507
cb9e058f82b10cf80990beea,591316551.667145
22a0f3315f7600e5120db131,597551692.775441
bf6845aac15fde9b89a7208b,655545364.84499
6e3cbbbd3f4d0578144cf021,566129222.9029003
98a0289e513d5ba036b24252,392704957.0282966
597d3f78e2f413acabf825c0,335746553.4952255
43a91a731e86b9a0784f717d,494571576.0564273
f34ff57e272cd08056e6a243,494960039.32061905
6f68b289516faa0b7ef36a34,463210921.0446941
8bd8a7e19b6d3b8bcabb84d9,426229196.4896172
74b64bd536ebbcd7c30ef8fd,657182030.2398063
f968e756cbe6504fa0f32458,731309361.406347
e99d9dcb9880cbfd219b4297,629461865.1963767
4c9e6812520f4aea4ce435ae,696558859.461445
78419be95416d2991ade8be1,608377167.692581
d417ff438d2a418b1f9e50b6,474923137.92224103
3ac77ed776aa4630c7293240,531455731.2865363
95173735a8f6e554f083c065,774155912.2096591
83da39bc1a2eeb75e2825c22,484366154.5609455
4bf89c9e50c5417ed669c481,682091349.5666934
f90fd39477c8da38e33ba0fb,542871480.589777
b45bb2d0d137de6984d4e1ec,666598180.5598257
bb812343bd6cd66e9cf9a9ba,537147337.0349832
e299f614cd8ae525fc8fd0e6,594309644.2399448
521e9326a2003c7b56fc4365,708607900.1013923
dd59ac4f6706a1399360bd14,685914095.0883186
d6c6e7f923ce2cffba8ff9df,596714713.3519442
df07a34d0ee2f78f115c45cb,628396372.0694987
db6061f876f890071f7ed957,776082903.7858002
b31601cf48b268f3b4107564,667394568.6134232
3a9b2ef74c59e96a6b107357,486626602.943779
d600310e19c926cda14ac923,655018615.5533782
183f2cf1a1c7eb9700b6e72a,882619441.2496305
42556b1bae874a5c09777873,706887099.8186821
57c1ed738536d177d66fc52c,1129700935.2850335
26cdd114566b7cc63cd96fb8,659754322.0966196
0f679cc583a47b30ea132bbb,549500393.7825617
32ea7e13e8d9391aa9b7ab9e,436125078.7777173
0a482968c7cdf212401d72b7,575916944.0946654
85e4ee2583c51592d68ef5d9,397081940.01440847
f4ce15aaa352d707b68cf773,524888365.1548872
7d383abbb6ac49c6599ffb0c,483293613.878656
6c67b1b0991a1d79251855c3,996582101.6564614
9e52ce2cb6f6b7e2a152dd54,551255058.9467291
bdeed3a7395cdb9b175273a6,601603948.411762
423ddbfe2f575e6bcb22e7b8,661220428.3706814
3247399a31df838ec5fe58c5,811896413.7054988
bd57e5cd29d935cb26006835,575765347.1497252
bf00f36c4dbb273d7ba4b7dd,502745836.8522499
48b9efef82faf72bcbdf66b2,530463009.04011595
d2526a3e39ea01f87c99d073,609416032.3322997
651d5cd65f80c4938deb7da4,597742736.0832189
0be7803a34b11d89133beaf4,538798034.651896
a54b0b282edbd217e9509287,645735123.173556
550c5061428d09afa0c409f3,516017065.5129591
7538c609fdd115c9dac551f4,577620280.4621748
d7e3cdd3ac239a5c318f2e9b,622354692.521032
9bb193ea939c5308a738fcef,411497041.18464035
33425419e1a8e854418c5180,390394407.0007269
fedf2e30e390f5cf74b27e97,337405324.5172113
024c5c787d005adbe770b9bf,527635974.0324745
13f681a090b36edf38a4abd0,482827572.85893923
442c6bda79f63bae28674b1e,531047625.519075
47e0c773f65485ab7c78d49f,480959586.5191158
9e30b310c820d0426f504d90,467330970.245138
8cdfda9067e0934a8ebe0894,524651663.8749768
0a8aaa78f68d43e3b1bf6c51,536219152.8030856
1101f533fd18cae5d32c1cbe,448785462.7738605
9f6af9ac2404a8d55f24286b,533625627.72999763
75060f295e0aba8e1224f766,515032770.79023093
f0e68102ff84f49d90fe38f4,483448177.21653754
3c45bf3e3e31e7804ac91704,497617521.77440333
f908e1de4c4be0d77411a998,513850115.72436684
ca643c04044fabc6fc566d12,494522467.32927513
8aa76df8fea21a42fb6229ff,547437481.3631481
c214d2383936dafbe0652c51,530463009.04011595
993898470c6676ce46ede92d,617498163.2246957
18f6240cad6e92f9151099c5,608636110.8412997
1e63fac2629793fdcb793f1e,658483974.8884227
e0137390f0186c98f4e91263,623420548.0856477
e35f95823a486c52b0f4c2b6,573251642.0793917
ede10672118071a215ae09fc,599343380.4404066
fcf46edf6d612ff1f5ed6134,614126159.2698241
df4be33c0931aa86231b7a2e,612029811.5207691
53fdb16ec08e794dba9a10ea,611721097.1024152
74c24c5e142e5267456b24a7,575765347.1497252
f1bc08407f40396c094e0499,662251269.7706568
496ce19c015093e97144d375,599147842.5972334
a183a1c009abf7251fd725a1,733351510.7739501
6bdd97526b1a9cf10853df1b,786143303.1299622
f083a8f187e2227696695ee1,609709772.1145571
2621e068043a5019aeed6c8c,587405992.5382599
3b43e7acfab46651b099b1ed,794710075.8443041
6565b3281cc2d632febbb6dc,808819922.2314233
09e47ad8508e7cfee83c6d68,718383436.9919418
88b02e7b20ce6db956afcdd2,626847027.9353844
bfc41facefe9428865e4c29f,708260783.5463088
569bb17b961fbdadf7106d56,797500358.9840443
2314e3ffc7242a429e00207c,679799077.0814596
4bc1e2cf5e5ffcbe1020df08,788189048.1630692
949c4a5382aff4750b4dff83,885227012.6402711
a63b4a22614d334b4a61ea16,802440445.6588169
734fbae84cebd50aaf71c48d,1024530712.867071
f92935374a7ef86314223c5b,793168851.9171426
6cc8e22f11d382206273af23,580857816.5160422
701768887155444b77c4f446,345305059.0458398
13c86cdff4dd32a9f8b9adcf,634378101.8440933
8002e2cd1b70ddcae88ebc4b,774142933.6507776
d0d77497c8a7d567f01d3afe,672978199.5606725
95a7b01cd60cd10e7364a600,623386037.4979411
d1e38d7cbd32567c874e194b,657553812.2168899
e674ba41f9657ac8f30d4f7c,572100993.8398868
6bb760d54e5b0f54d9612a8a,525325130.6117999
9e3bbcdba89c647e4ce53182,510528967.9611316
72927abf4bcd53d6907aeeda,665641278.1656936
aebaae467e5f01db3afe69ff,456156462.2293563
3ad457c8855ab8921a7974c7,688113780.7869818
1f3d3fbcb686ada1a96e01e4,525751803.8594044
0775d831f68b88ca59eb871d,664168800.4265041
5fa3b0993cb43d3c72c30093,530463009.04011595
bef19d0084cfc9f6fa37ddd0,549517219.1456428
85a856b4d0dfb1fae861f513,575235660.373899
07fa1ad76017843232107517,952566245.1006234
4049086139009c35dfebb3ab,488626859.30775625
655120f80a39c19221623311,589422610.8770425
71dca93007d6ba45fa40eaad,620483569.5447216
9f41ce015f02d67e193c41f5,386068032.9435228
9017bd24d173b2fcf564b32b,745330852.8479893
e5ef29d41082025c42f7c921,459685786.7917842
5c60d7880850970facc54bb8,752824194.6474537
f51fce25d8376d48fbe73a43,591491778.6670372
9dc7b0a394309d8b76d0bb7c,581836482.256677
a12ac99bf63b547fd9180a79,531727079.7233277
378d846a7af35e0c3efe53a9,612682718.9764655
0872198056be7edd5eff220c,635453457.4057912
efddad1eec775ce61d3b7b64,662184066.5369467
70c19d59c6b9e194b6bc09fe,666388015.1155127
b0d3d98076883f346cee8d04,639346607.4249437
c7694e92a97bb66794e62fbc,456788835.06303376
7b4fcc72822460a428c19282,787072981.5354325
a6baf4631223d9b24de8b590,479271598.9184861
a6f616d63d134f14ced205d1,639715755.088027
50c123baa5783185ddbe29c6,601459366.8268554
24756921525595f1684929ba,593397097.5326257
caf9c761d21329c993a0bdf3,820774526.5093725
193d70ead1ff1043845e7671,579987988.0598514
62ea31859e01c2f4d4e97baa,565346033.173312
272b5b5c28e46c6f5ad95c22,648396516.6568172
552ab0964056c1d1d1b7398c,689475530.4138931
23799891583435710f66303a,592327813.4795182
34896afec0b639648c527483,544215678.5738167
eaf53eeb911ecbae638409e5,360841487.5208486
b1fdade0fbf0470060fc2708,484892449.49004537
8a20478528e97700dcc84abb,559384828.095555
702525f05b47353c95b0905e,542452147.2531575
b84c837c5a1fd0f1ebc5f8a6,606966909.5102787
ee2d16316e6f4f2388494c7f,571237506.2254437
ea4af07bef4ed93e81ded95c,604260034.447216
1a71d0d3503f9eff28acef6f,689537207.8824824
1fe392004a09aeeaa6e8bce7,638648425.2992636
46d4b0cdc81137aa56f516df,651261998.7755702
4d666967b74ccdf5b04e9787,354678384.7772428
fcf79745f8cd716d3ff9d27b,487309991.9120511
aa8a19a2fd3e2cfeb3b7dbd9,439633238.0868342
f055602beb49dd6040641c9a,482274061.36311525
7b1377c8d81755bb9b501064,539366660.9636427
17d0418e4a439e9de8006f5f,549495844.7774673
48f1c6e343a4724ed865533b,582659001.2951224
353207faab3dcf10feaac8ee,799886094.961469
ff188e88378c8e2abed8119e,582845636.6703342
424b41f5e01ea2e2ccd3ca48,567927034.1122911
608cf4f46a188cf84f853c72,599734300.5767775
f9e7582dd99d36bfada56249,523871800.96788013
d52f04fb69bed41ffb10fce8,590571282.5571504
ea84b58f733c8e491db98a52,613955062.4587294
68699eb9653684fdd3fc79b0,647294386.0612259
31f52502e89beb1b2e0dc3d3,564468546.469773
fd41747287a480d5c4dcb56d,754912612.2966409
b7afdbc1b57b52e6fb03accf,939684918.7922558
48b270a493af4fa28dab9211,447727868.4222744
2a787b39e84958ca6b7001d0,605181501.9999894
e439c77c0d871996bf06bf88,575982631.799029
91b8b9db5372a2c3a5c30c58,548675916.0570604
038272b33c075765464761e8,503277210.2287787
fe8e45caf7605fb91d6bc5f7,698894149.4431088
d354a2581dcb183c0cd70540,477950142.7249151
9421ce9f204f373a50357fce,589709090.2953904
56bd3b61805077405af098a9,606538687.17735
0a606d19ae362a58922b172e,564008943.7132199
ededebb1a544fb3246d3e131,616860062.1536105
6b6c365359d20be719ce815a,531170255.1389012
b8b22c1afac62b05ad389dc5,577115987.6074363
3e3717eda8ec9a68c9d83027,612817061.0949167
03be8ec62dae56680beb2cf3,622566972.6738983
fe6c8cd2e792d62a4c324da5,572236098.5628259
f9c133f7a12f2b8c1b2beedc,527929428.21367776
4ec47b8100d224499ec608e8,602013780.5584195
143ca16847cc47d4a4c01ac0,522030594.7449344
22127243f7ba3a68c3fc33bf,578571627.0165166
835eff7679889fcff6795d8a,560428586.7097245
4ed3eb724d4e57a7b35ddf5c,604696316.9736861
4d743a1250f7d91e2782708e,645243316.5485543
9f5cf735a842860e7ac753cf,676907031.3032434
e54a8b735724b2af56c7a36e,585062268.938933
3b39471f854357b7e5d2853f,625080719.611329
91bd11b5a8e0c0124be78f46,391156808.53106403
6121943254877ee48716c4e1,519023438.67737925
3f4c2c98a5a6cb78d7d26327,380590291.35567576
2b6d63d6b072901effbc8e1e,610878979.2074283
7e4b240c601e37977faffeb0,610878979.2074283
ac29d71a80307cab65f29ff4,667198107.0561024
70c77552b1bb67a2a71c2ee1,813788667.8915507
54a09a85767156b072c808c8,667263721.8004225
244210fb4bcc0a04f2cdff95,673598855.0053729
9a2b53c1c7151a8b26a71edc,456387533.34232473
918c48a512fd6ff22fdce5d3,542568728.7812169
effe4219e6cb56e5ab70ff6b,710064541.9686455
936e6d2192f28a2b40939a4d,842352403.575737
ad9a1b23979f0edd2ee19f38,625794650.5186152
8a8e4996e24142eb413c0d12,808819922.2314233
31c69cf4d197f97ac594a896,644809083.1208117
143f07eb2a8f0a9e26fc4c56,626546203.3277686
e5fd3cdc6a19653275c7f4a8,597440960.088413
5c7efb015b8ff7f108c99723,653088936.981349
394718d9d069a126e13be804,656944860.6100383
56f30ea777f5493139f22384,968308981.9272578
37d5a902f1036cf3d80c275b,629461397.5782026
3f418a8bcc7adfa87e0f67dd,618325993.5621411
051416c05445860d5b4095e6,560425889.6472504
887761f34ce0996bb05ac48a,577562623.8664026
e02fa06a8de8a603e417d5ad,631681655.7678802
6f5929e67fb8da068b91096c,538493865.3763337
291479f573955e063f2d8bda,616017482.1526675
e60850405ccec092b8fb5d02,584494635.5266656
464864b367e16547fe319229,644392625.6543155
4c14547b7e02e75204ca9f4a,516812771.69649637
6183257f16bce94113879745,484420216.1337974
46c34a4e5987c20eb1f5ff99,369952139.7355774
3f39b25dedb96409dc9d1947,733213645.4603317
e7a85e64ee07971696f555f2,636295309.201101
33043b254b9085fc82ee1f7f,372277687.02034444
bd2759d469829bb8926dbe09,487816112.89065886
affae17b6cc59bdaa30e29c2,802364713.4459255
e611d41aaf38a58acaa0bf23,595710338.1534966
0de426088a306321990cf60e,527855196.91536725
685982808b30597cc013e2c7,483942898.23805547
4cfd1be6a93641b110fcaf67,535892047.695915
68fb3b3cc3e5b13440eb014b,683264795.4030831
532bf5813d7e70958f71a480,664147482.3372735
06ee1d8f3ea326a0e3a9791d,668993388.2236137
1862e0c4d8e89fd2302ab376,1720341571.6740465
f3dea3d678d959aaf6b2849f,941292331.4783912
2478e48a3c6bedd57c13c72c,622263230.3693846
efa36c7738fc14a11cc352eb,610830298.6200776
2f6dfe9443645d6629eeccb9,424132992.60794306
bc7e867cad6f221dc44754b2,628591817.5496907
e4f2fecf58a038d7b18f7160,633324291.3700069
a7620d5599ec354541c8af13,748432129.3484088
484cde8e47fbf62a339c8219,570694052.1946042
5fcd9836a3ea537fe86d457d,633099203.7418151
1b288024824312c8b1681bd9,628995187.8666302
44e4574527acc86977f5bc41,561037163.8498505
8b716bc4d6d833f9bff3e729,640889565.2630804
0ab85344c5fe6ccb0edb6313,532846382.5565941
03ad99f1799f2a20c8cc0a50,664310706.954643
6db318f828d464be421eb572,586310624.0499701
c3e648317c360c76b94bf541,421499974.4681366
19cb65620d2330624252d01c,391238771.25427127
dba9fa9642ebc97ccd765db6,416829660.7172521
1d2467e5f991b935d676e906,454226164.48488826
4091a115125eb4a67f494620,450100305.1500638
d197410ebc0e3b9937464923,476684805.419318
722699e593085cdd72102baf,529673592.596126
c059affd0c19f6d4d76f37c2,538761293.4582516
855dcebac302ec5760f67121,640613381.3311149
f433278518a80c3301f26cfa,573861314.1628299
66a45b0aaf5f696d35f5cebb,699336986.4120975
0152ffa8757aaaf417e9f997,2215486141.710663
55b72f6c7163a9b0b3b0b262,660479302.1006413
c8346a875be8391145a2f9aa,636889063.0217534
11c86230e62bd2c9ba44131f,600800129.0764735
c4b97a459e2c6d13710fa273,560506950.1153688
8bcebf3cdc54d4ec99ba0d88,399996539.55437344
ad159116d166e45b70329bd5,502119682.5930392
6f060a8ee8d6d15f46289759,495979498.7079448
ab5f089f9d2ac1bf52222ec5,546689063.9878954
f4fc2da675d6a2583054fc56,568261488.603704
89eed91bf5148b5645408222,509995831.29180235
0761d0b7c6e319a75b06d420,490409631.28744483
ce84187750fa7aadd141b5fb,592690106.1986881
ad77298955813089bce818a2,621285161.5884268
3abe8f334f0f20f8006ca5d6,531865622.5800881
36445c32822146606f75dfdb,525080921.18274194
f9798cc6285c9fb3ed7cb668,618327955.8231652
59dd396f70b8458772307895,617979284.6015477
83e91710343450cb0812a6e4,645943762.7348177
1e7a931100be734988955242,736197560.2613888
bedc5ab20edc896f814c3f06,695290535.84731
f884247fa6414f384480bf38,557112540.0442822
f34a38cdec7eb598e55fa41e,635873893.5670623
106ad411e13ea21ad68e5f59,663359357.4712887
a87c585acf2a147e381005f5,613081014.5238434
ad755859e7b6afbc021fcf6d,600098045.8635229
8015080cf97316a08453a9fb,633692171.3329597
f56d8f5cfaca0691c6ffbe00,654286126.4818952
8ad016d414e2d2be053d7612,635055554.353461
8b91a957eca1985938860c28,581322975.8936688
20bce83e2b75fc535a148dc8,457301276.0808753
5724ecee1b12e888d538c1fe,620730710.7164898
1e90d068f3c86c6f691649ff,628726927.058924
0fd954262ee740999c31d407,635832088.8383473
a6d7b144058ebc326b9803bb,651193573.7328067
a81abab882910584371c7b66,570213491.619097
9e41c4b41cbdc2553d80e362,609768419.233557
b6fcc49ad3656cbd3f4c2ea6,648044509.623872
9a296eb9b63ffbdf2a07cd0d,719040413.6729834
3fbc0746bd620a0baabbd859,519615399.50316817
3043d0b025fac4ed90b448e6,430812088.3735904
219555efc5b4291791143252,364824131.91618
a00863c7c53b2c059ce22dfb,402989948.12179655
28b838c94d10823ceed62e0e,316672029.74838364
7e64ab35f5e336d5bd2e1b51,621086632.6734341
52f24ab479fad35c8bb5a8f6,608237373.3324122
0d1ef14606c58310cae371f2,451846342.1843795
a465a567a4f60ac534505bdd,633738321.5374458
8694b149f7c0deadf820f0e4,627340014.9908267
16d6b756f5ebcacf221918b8,623019162.0745677
7d132190218425df1857b8b8,599662074.7986542
7c7a3f51a58dfd1588d7c088,629029355.186608
64d1c45a2968b0fbf0eeacaa,661320139.8070282
4fdc382b65441412fef509ad,618486642.2528203
04ece9352b3810031f3f9a90,625297111.4490514
8b5b351e07a26c25cf51e176,549909056.0027338
f923bfcb8cdb543c23bafd52,476037271.98112357
a15a12446d2e5993a0a6c423,469395160.9816427
ab3e1642655f7e705cb047a9,476037271.98112357
b62fc917b3e8ddd64bb81018,521777209.50960267
835842cdc8ea0a2206c2b46e,438051044.7134383
02ce5bc5d5d286a4cc0928f6,434826067.7280887
d8e51f7b40bf1887ac007163,478475985.4726717
90f320e94aa429856e37bb35,459702193.011593
967a7676754d6f9aa3e14473,507728125.21778107
9251f3dafa0e747b6e78f295,571692658.1902512
17b5e8357e17b516d947ebe3,597534543.6781732
f943cfd29effc9c048b8e106,665641278.1656936
41719542347401b04dfbaa59,608985177.8568331
bd6ad9a9ab28aaef9b4955c8,608322252.641109
bbff88040e5b20e874cfad9a,578248900.9458098
3d6a9a4f2336a46eb62e6a47,664260132.0375255
493367258be5d63dc8db97d1,664260132.0375255
67cf2149b4c214da77694088,793393110.7921399
8d2e85825e95f6941445cace,809117244.6549921
01afa737bcfa6b1ab530eb09,679118715.6102557
25813f7204a2e796170c4836,642253578.4363155
3cb1773d90dc240c4ffed5c4,646916492.041331
6c81a0b90366db9f514362b4,646916492.041331
44c8131b88accb3b46b79ba5,614739250.3630345
ff185be4fdbe3790c72d00cb,464598700.59339917
851f50292e30b0a464c0804d,485195763.6938573
6fc2a4f29e3b896bce631ee0,479993044.11346316
cabc4fd04b60a66bdbe2cf9a,663688985.8842549
61e9c2375626a18bc9920c5d,632563571.378391
396c8060d9767b4debf2a54c,613602322.7143239
92ba019bd942fa33ab742924,647623079.3362604
ff71037ec8e5a91aad6f0686,683940191.1392093
d162a90b37622c1dc6550690,350472414.66339976
e1490f0730f8fdc36993027c,520102545.01255745
5a066d6bb65d28c2094051f6,463517872.1277893
9c7bcf000cb37f48d9f15422,455972762.26676667
528a6345df87dd0db33bf822,514394667.7319987
579ee47bc31f5408314bca28,630081277.905814
eb61a13df1c8d8d0efc4db3a,584490587.1724468
b649d315ff3c97c4e8e9db73,441700975.6474688
d8dd26eb78ff22272358e302,635008014.3535577
6ae2221c504027acfb7368e8,448676294.5257917
3ce908c9b70f349158f7d04a,531149870.70140696
7cf74cbec871e465ec2f6a61,531149870.70140696
02e9b077d6cece81387fda35,715887325.4557798
865ed399cc344e0638e45128,643367115.0307385
d9ed55fb72efda67f5144330,550341967.1508363
9fdbab0b428f19e7e8dc35b0,756321823.0106778
c061b886b7136a1b00c8ea2d,763796025.3894876
fd0f6c0b5234ec1f6c7d1fd8,730810525.0717003
9df90c0644948ea5539939eb,611944986.3419594
547661e79bf0c62cb8de63d1,585605684.6824597
68963f5f3657cb64276e3beb,680082283.2002549
cab0a460167bb64c037cf25d,631403146.0055566
31977cd5d4c09eff149e74ea,657218944.4702905
23264fdd1059460e079e5810,585625430.4611148
4769743185eaeb0e4158e0e0,630055406.6359129
780c809c52509bb4855a4efc,558937459.3548617
f64d4e029592761bee698958,397218778.7211502
be364e85b988ef8627ece74e,431791604.2233878
c73c38b652e9418f06f89b67,418638487.67174274
213032fd36fa1a6342570158,497837807.35276496
d519a8de5fdd1a84ca1baac3,560945215.4535657
df91a494d5d244f20dab0eb0,448219297.5164931
9be92b361ffd3ea2c69be23b,517558751.3622136
cad16b2ea432d926d961109a,528432041.4244717
56b22bd973f94a4bfaaf6b33,538752686.6471807
84114798ccd01ae3dc97cb27,486704788.6792378
fe2bf1f402addaf17a213030,514570205.34575903
e01c1b69abb6a4c1c69c77d7,461328845.8936096
24671f63cd061228ec0b5b9b,470344082.10232973
f54c16df774e70d49355cf4c,561051251.8522891
5537b994e85c2688fe555d5c,523193396.2357201
1e5919cbe4373aa261d672d7,495772176.73091024
cc125d0f70d6d0819d6d90ee,542893790.5698353
51f94ebbd6d2533862a1fdbf,574725924.6851542
fe409f9ea8d18c9d9ba4d02e,475889142.4975538
753b47e2a3b9fcdf9d7fd9fa,554601037.9255263
6bdb3153f267395eefbf588c,460673813.6071251
9bde9f216ecb90814670e87f,514570205.34575903
7f5280804c59f56fba3d6201,504261352.8442518
ceaf16e097500022498950ff,571936477.6660589
aef06b27b0a080b5ee539b6b,477820795.4503241
abc668bf93ec7d1951c65cf6,475889142.4975538
56822f406646f93fb39d9e60,543848488.3013858
2690ba8b22a95cb837cb87b6,540712413.0622026
180172e4eee8ba756207b3a8,541780528.2487004
c11cd2e00942ffe56db5ae88,535932252.5533064
75a287d87aaf6ffe7b6db546,464056808.8822692
08f35bfbfe1bd663c40d9e54,534300877.5895628
c2bbdb2e5d0191071e6db37b,503566331.6789394
b129a508d1d98a1b6dd2f61f,466150960.18434185
335626f385c28e8370c207cb,530233715.603179
898ed7299f0c7b8a99e4877b,526498925.6164535
a98022fc80dd6ff27de693f9,507173612.384356
a59f1631e721d231eab4d146,596071172.6550403
98c9c866109bedd605ab7dbd,617075303.9642038
cc9743189c3671adbb1be49b,614887924.2048564
e22b8126863c9ca8fb04df9f,629564822.2728523
247715511199c5b680088b56,575235660.373899
6e51ca1a9c2bba9fa0cbe5db,597457086.2819743
ba8d6800443dcf95bf9c1037,604757413.5679377
5ec6e033b9dcb454c57050c3,672933228.1279035
156ecfd8ca6004281b191db7,615216837.0118943
edc3879a1102740f2f96227a,612670890.09958
c02ce25a3334860d3bad53e8,584666526.6162599
d041129f83f1f13fd7b35e4b,617782864.2010252
6946fb4c877f35e9215ef4be,676907312.5749236
ff2897a56a0fd08996d19424,605365281.8106471
e1b64df8e809ba220c9722aa,597908856.2487401
c13263f9c8628bdef086106b,663977341.7039777
e2b8d1aba0c583984aab25bd,531455731.2865363
3786baf40b31a20f3bf3aa80,584149926.6786848
bcf12785c25f6e600eee8fc0,617171177.2639716
f85d09bb2ea40bd4b68465da,613955062.4587294
1f40dff9a973064aa4737eea,620197403.3605988
79beab95c6857412ebbbdedd,564468546.469773
5ed8cd2cf2c6dd5b5241d6ac,647294386.0612259
ca8dacc29a57d39640e3e59c,567644185.2418506
723655990d58df33d55009b5,604231329.5849586
79a675215fed2e293b27f43d,671680543.0860384
57999ba0ed9089739a1f4de1,614021963.9354601
00cea81b78d6007eb405d5b3,654349856.6975671
c00facb3e4cbb27c47a621db,882648258.537125
d1481d9d2bc9d1a3811f2faa,727853568.074211
26313750bd29b2c59a81b58e,784585725.4996535
2bbbe93b615c46483056bfe6,788484882.2973653
0f8fa0a074b743c92f0fc56f,743166272.1188083
b925f9ef733930be26417458,779797860.3676025
0183b38955437e8d0128a013,787573901.5753934
1c9f65b631d2f2856bc97079,778859701.592686
c11d82cd360eae99c04009b1,754912612.2966409
4a80ffd8e908a3291a32fb6d,795229845.5012972
1a0134583a5854d5aa9cdb9f,723569596.0306683
5f5346deedcb7cf5dcd1e9be,774183228.3582369
f17c8b14e56a76ea84a45fd6,867590032.5712512
b8ff548543842246ad439703,952566245.1006234
53462704cfc47d32492b4847,826988323.109977
25f925538316d3cdda8218c4,952631136.5702434
ffe653c61bf13df43fa22190,625853138.4965152
228d98c82021e2325263c7d2,502465385.01664984
f32a7d08d176bf9177dbcab1,613041016.6756238
f2c86c1edac4eec6c01ec11d,393367563.2631173
06e350e3c733e5a0afb613cb,482550691.5577894
e2544529df4efb7e90afcd21,458631468.7147774
a639ec3b943cf90cb28bc1b3,618679751.356166
a1320186028a726935bc1cc5,656220218.7631477
97337d2f347a50e0ef518516,636826064.0522205
8f619dd7fcf5e1a17af301c4,623802869.3190007
72569ddc5828fc702b2fc773,773670431.1284071
ec674ba8cd16c2264d270901,1212814661.025958
2b05f001ed1a84425a45d0ac,555303220.1413566
0a7758f69ddd8fb27a839661,526547600.9976168
e3ec7a8fba3e1ea07a135dfc,511883510.7172335
4163b665043ed27d7bf26c00,521988233.87292325
69f7b81b70ea61f304ccd36d,769291786.5356488
ff61104cbeb37f077c565fd1,528496752.7586551
883ee78c03efdb4bdc57796b,482803550.00813854
fafaa5dcf66d22bff322c72e,595716468.1374384
eaf0f2b00b6994a9ba8c5ed0,562785954.6613777
9b1590945c0c7f7b0704d287,642314811.1947654
766d34ea891f3af53f1391ba,607732475.277584
b8680f925773229571014e61,592468133.9454588
2fcab31c752b699af5e8ce8b,567380649.4052553
96d14697ed6847ee757d113f,586470024.0477374
ded79c11c30167a9d8accf77,541439190.9495156
ac50dfe70b599ae93ddee4fe,666956690.4585235
3fc7a0f9c30978f24d688fb7,667931774.9740748
083f05fe52ab15e8d481ad41,644921296.1960611
075be16d8d9ed6831d139b2e,517989467.34228927
ffce0b151f293cad0a6f770f,775989684.4242367
5997da918101ff14bddf20eb,573251642.0793917
e102f1d841d7cdb596d50624,390394407.0007269
a2c3da753f0116aa5842d4ec,610878979.2074283
43228eaa1230dc0f7f1473df,595453452.3284653
4349d6bfd5a518fcb231cb3f,590860691.8850391
c6c978051fdc655d21a370ab,660747766.6729928
f4cdf3ff86fe70fae3e59f4c,574548086.3634722
ac154aaafe98dae45bf9782e,585138074.0654576
01f6c99999c154461765f4c4,596310637.1491814
d7d30819fc6ad6e7e41453c1,625215930.6583948
383b3198861942064a63184a,409937222.81368876
3a2f110334251e97abe3583f,323229260.7983198
9b9db425b698a4931173b5a4,509383662.43947786
3b51828a1e891f3a52a4653c,508238095.6782013
c94dc49efe0a350bb522a56a,526728046.3156688
39e4765ae5c8284e1f3f618b,468404248.26087266
04b28e63fbba92daf83865ba,695063114.956983
b9643a26731cf2a9a243ef33,655272363.7725784
19e03fc1a7ca4b0761eb9ef3,609267381.1642579
c0224f0cee5a388014db4f55,898379991.0337591
c4074029fba935dafd82eba8,367913190.7229279
0a8d749a2336d8f66a4f19ef,406922868.17510116
e84da6ce78339d50a72cd87d,385948524.96293396
e9830411c3092327f4e66a99,622823536.305145
17d51fdfe8fd16185bf5feb4,636940262.9683301
f07126d58455b20f547c4380,636663124.9243177
8fe7db56d501b9c11461f62b,457417978.4831344
1ae2058fbe26f384be45df4d,479655526.10473794
e74a31e6edd4459d4e215c5a,509505393.1854363
c91945dcab0bf200c3ef321e,493643205.7793183
933018604a8d5a9020aac221,636281872.0414761
876ebdaa0bc953890e323843,569889835.5816982
4fd907c202de4f06cade3b3b,625319298.5473086
e40f616637f6187024b34086,626705217.4017653
f9038f7e24e0a29bd9f3e24d,604658338.1196163
b27fc4e7f6042d70a7651038,652352225.9366361
e68b18b57fbc5fd6cbb477e1,613916261.4619051
326a82671272d893ce699476,452472383.64349675
d2655e69f5dbd09ddb9268e7,536929407.4672593
440cd2efd45c019c7151902d,590383847.4011792
e5099db945e4f04aa3f0bfeb,511810966.81402224
3477d85a434f66df58fbc094,602432563.3135197
56991f74ed430ed942b2d6d6,519229838.87965137
7ac1b85bd87929705b7a86ca,606062724.2690703
0e1fbbe248919eb71e53ea75,505568895.7625702
75c16273d3a593752446c27b,568502890.7648457
7e74469fe0b030254756296d,573104770.3435303
35fca2d53ed17ea7637c528a,554389727.1707113
963cc728f3bc207a7ad74ec4,605123531.8701717
fa9dec2129f7218b4c4d4b35,640034596.6409706
1d0a6bf40e609fc74a319310,647194564.4329896
b9551c416341fb167049d4ce,569230065.9405279
89131a0af2db172538723b08,538438912.6920002
3e66557e876a876c259c40a0,479993044.11346316
078144699729ee0c46f36123,671174295.5793222
fd15189b99da46b098a949e6,629770604.3939974
d69209d7a26bd306bde5a37d,669445497.888471
89690c80b7adcb8a8afe531a,559899195.6731541
0e0d19168609ac1d75253edc,611097146.7637942
6cd0aca2bc40d83473a39885,590714194.8464218
6ea0d50e822913d0f444d89e,641281339.5827096
39579c195f288da8d77f5ce9,599834768.9055272
bc54f5dc4e9ce267ea592813,588822895.8402394
1d43fd3f7fb4e24a0b7c9ec3,569847760.9543712
2566d8588566312ffa4fde42,710906680.4623953
8d27746cd9d2532fe9cfc408,379896200.25246793
95b822f76b4d3d6ceb0c5077,478352252.3155125
eba86391ca00fb217ed1f774,500609925.0950839
b9a0575867a59dc5dcbb9cce,483102755.8832855
0845e73ae95dbd4aec3f1f43,544863995.4072158
419a2f823e87ab67b1311bee,661232855.4080951
552217c633d2562cdcaa81bb,602955699.4561754
4fd7984773d2872e51574ffd,582613210.7762315
a87ed2154a2351cf26f0027d,588583645.1013618
a2522c9d3edb7e7a23a42b74,732487290.1510007
357e58ef96c53f39e267b80c,813788667.8915507
cf0ca58262feb1f8b0dc7b68,822912571.3697042
1cb79aba890b35f9d2a400f6,1066416864.9185008
d5c79ef12f43e2bc19e22fdc,578071932.1947422
776e1192349cb7cf1579056a,558068244.4389714
7de63633c7666484bd098e2b,516722824.0292149
ca1b1c17572f776fc1059691,524247831.23048484
53e94de217ec45ad576fd83b,581922714.8993064
ed5c3d2952d2575b1bb757ee,629082083.9892458
bdfa334bc331e3e547f7568f,644921296.1960611
9c6a01e3c7ef87d27185e9f3,739822745.5281618
05d9818d3f9f2a5c358d3911,643937824.1814742
f6c990e406b3756ee39b3b30,639846280.451517
19ace6cdfbd8bed6e99c86d9,521751439.5439956
6a04f8684e083eb6319b5272,518618477.02034354
179bf83034539c8a391e0310,506117671.7310405
a42081eac6834da0560ea4ef,637471067.2122695
784fa9e78f7cfeca4133e8ed,626785072.1905985
978edd828fc71300e6723e06,711491728.9294208
61d6969334fc63611c810e2b,650906351.539219
4d592a67596afbca92d26bcb,596064784.5942221
50f8068603edac10c87411ec,612295251.3013214
9965f598c5b95b3cfaac50ad,548687253.7296673
66cf83769d16a4d659edba6d,612246475.8001645
9c2c2b01934d1d519e651786,537918840.3378156
2b4913f28d07628bf2d3ed92,946369654.0796647
9baf7967c49fa209de8dda95,634738985.8999705
7a0f887a9426270ff3c24e36,501445790.8317625
c1034173dda31d20c4efbed1,560910419.8432811
c4a3d64de5e401a86395a919,649905466.6025275
c4cef41167a5e8354a61feb4,539982292.9825059
f52226b24ca3d5b04b7cfcde,663688985.8842549
36d5003f0b5ec7f80e89262d,714942909.6733577
641600a4cbb13b35dc7913e8,770248535.4041466
c31c4bd09d8cfba562ed2b41,599766856.5672506
0df96c81adcd6fbc2f7141c3,665509843.329092
4499adb2aa3aee94d1f1a1b3,646708012.6448271
4ec06163d39f96baebe11bd3,641248533.7312679
692cc1c9949d35ae11412fd6,635654766.8769135
f1da5388b772159ec90c3210,617139613.0843015
e7ae63f81f8fad37bb9c1b32,597763909.1546161
d39797a12d9a4aaf15ac11e6,633442616.1309006
efc5412fb02ba9d8f604e493,659138429.5816613
bee2e008ee41f8a711fb8d29,651133188.6102833
80279a7533c44bbae477ea4b,602406569.7973645
edc43e57b2905405a13f8f3f,450681111.57017154
751795587d1396e0daa25783,492025565.2688397
6d90801ea8cbc12f9e2131a3,465117176.2197251
71fe067a5ae994180f530686,465117176.2197251
2e99240e23b0542f1cc75026,461876189.1343538
fd6112c82d5808311b08e29f,456812386.48603684
0ac639a7c5ec115b3df8111b,515713089.78047234
af0cfebd54f32b9b92c5fdf3,465117176.2197251
b0015b31facc48a49f1313ef,518009958.3857643
2347f69ec1ce4a3fb6989eb7,474042211.65771276
209bf65e11bd7053d9658824,661945202.4731736
41877a677d1856bf609515fe,625761648.6796151
cf60297d9d9bf1268f35ad95,562780092.3170234
a33800eaaf178e01558ee926,575239709.721721
69e663ffb4935aecb875854c,550759987.4005861
595415e95e075b70c39d5c5d,642921018.1422726
719679261d84d6b93035143d,573751964.6198643
9f149071cf61295815e3f875,783175936.0750452
3d24d985b95a3e200a734bc2,668121762.9922704
bbe705b86c6ed4da775b68f0,571230881.7785286
e1d875468eea7b2eecbb49c7,620483569.5447216
0802b7e10706252dab8db909,575235660.373899
2f412384597554f3dab07985,665641278.1656936
da8b5c8a320821ab8ca00a80,632460383.8419236
0f10d20cff5664f9564bc88f,952566245.1006234
ab8699d3c685fa834d7ccb3f,525325130.6117999
85956152686438c48c52e018,777127696.7576197
ed9c4f4e06183b15b877f077,493703833.1638221
12e32a758e15fbeefa255207,672032625.1194886
22cfdfbff44541dba9091753,650068532.7496679
314a1e163d0b77b0f384da29,608149940.3029202
23959a0f6e27c8c2b4a7f436,645948683.5606761
6ab5a87a537d2ce326c867c1,549915829.6762834
d9ebae84cb53d29bbd8a466e,333077987.59518987
9511afb73b656135daaceb43,698913676.0338289
9231ec89e58a3daf459c5b43,766651379.0698602
8d97cda83fc7353a86c9393a,1138531598.495642
3b380c563ed2505b7630feaa,790709459.784904
6e5ca223128fa2de422b4009,481403224.3150167
ee30ab004ac5270daf59758e,643125045.3791476
d6fee4f680569a54f4267215,593621041.4515013
db3b84e5b3a9097392a57319,527543316.61087465
cef379fa831f936cad745dbc,457181069.85230154
4db8d32011163bc4fe01d02e,435868354.24071753
f842221d74340270e757fd41,638583391.8920252
f6173e36f95ad05b8e94321b,581005861.347719
5960f14f2a81075fa66568f8,473230036.3082816
cdeba97450c735185e486eab,495902474.49539477
f9a802cbc802d49a087cf23e,845948189.7479526
6a9ef848f22fecb9569098c2,625980042.7190758
f3986309e4fc4cde2b5feed9,612744573.9482359
6c3435048735371c36dd3892,631094329.9998667
f019dfbfa7fbbddec988fb25,642798378.7752615
4526cb4a2b8238dcc4e496e3,1108685281.4629917
95561bd325f60967cb6653dc,601515374.529113
9f3e09a3461bce2fee7e1c40,1282181658.1569786
1034b1af0331daddad70f3a5,521102068.64942354
3ee9cfee7b0acd482672ed47,590556503.4833564
adb51a572f3198367e3760ef,577937566.3430139
5c802e198dc0906016741026,431961441.9033526
671603ba1f755be5d7219a01,616469063.8203722
001d77bfb387bdf0b53e9e83,643478357.6478237
fd9fda1abfcdd1066a177e14,541945525.0692025
e1e78f3432ea2dff6b69c6c0,449345745.49151045
378e6374da00b72bcd7920df,615622874.6365918
54ec4fd8f49c897c644ce83a,598117298.5661728
a67ef3a182aa268bc4d9ea14,551763524.9746015
8100a4b0288d5d9d9dc86d2f,649429047.7276304
699ac8957d9b4eb7fcfbcc40,563708095.9295858
7b35a3e9f3e67fa1974f5c25,572065929.4615282
6e5383a7f9a68147c2788565,733325255.4336191
fca1c40a338288036b1eb25c,669126974.7499324
237da4784755f090c89f07be,572872144.3095673
21a7c5d6ea818dfb25077e13,564552562.9128938
0cf7dd52e117832b4698b310,664112988.8305136
677c8056695a5a539dcfa3d0,542717627.6333264
e4b85269ca413066323f66e0,1030962617.1367851
9019f1dd02ede61479b62406,642361283.7240407
958f3e102c6ecf5f6386a004,610610031.7602315
b05c741bc5013a7a6abd31d6,610610031.7602315
2c58f2cbd00035febac060e1,633507429.3396775
89d36acc5f617a6a97e02f23,506909073.17177016
2fba6801eb9a7bce7ed2c081,542626067.6404573
45ccde79aee811756030903d,509823008.9012682
5bdb5174517b8faa23df9587,720219720.0290642
36a11817b32bc24eda6ec8eb,525751803.8594044
f1319a9332946bd68db250c2,538869259.2751871
39f70d6b68b22668a0631f37,572435940.2152374
3958d0cb732f3d623764be54,596564040.2773546
f67028acda5ecaa4c8781ba6,638070360.2788706
76f50ce5f30cb96d48a69357,612817061.0949167
9e5efd4741a57b9af54e9265,644290354.3653344
8c45ac143f5cc43e9249c17b,550368925.4549551
2a66eb4d2a205bc4474c0afa,581023165.0931048
85cf1ee98e1a85ff4619e27c,655170067.8097479
84c2ab0573d3cbffa0be90f4,620483569.5447216
48976c41de22ddaea3f8c296,523501522.8702215
001c03f6103d35389825b62e,575898671.0408351
ceab390b6906d5cbe65fc402,513682401.34912705
79f989fd66108a2c38a9764e,648312415.8263525
cc385eff95aa00310eb22111,663624815.2565206
ed764bed1d05cb1e9a4e67f8,718911413.059756
857c5dae475eadef41c25603,619970540.9789884
7148b0d9e2e1e92d41633230,673812514.8484803
7f3e02524981fc7e40eccfdc,436125078.7777173
ccc625df8f51248e3dc93214,523530181.33474433
b38776cf09ec8e90fceeec84,481508281.77980226
48ebc3d79e01061c926066ba,373424802.51137114
9580bf8358095abb15a10c36,367514473.62892675
d26d35e33a0cf88f735a9322,427265855.2515293
b4c2a0a1a63d35a9a08a6e15,675041366.6463995
1bf1913f806bd4b461233551,441205563.7182569
34d1394dbb483e55d1cc2da5,491402539.04661113
7bef2da7f3c160e94fe91ead,459429647.9536131
528014ff6b7cdbfc174f4fcb,572014458.9553785
bf1dae54bab00fcd3e8c9ce2,499247628.13204265
f270dfd9ef449a02b6d7ae2e,550486380.5548732
31d6f089626c4fd08536fac0,490409631.28744483
259f4f7fd5d851be70d63633,499528083.8932692
6b74ef5c8ab1df614bfba866,531455731.2865363
7ee7fba3a30e0e7c2ed3043c,650921677.566843
b24bd44eefc3ccf053939dfd,680071892.3220916
0545fc14aece3f37864ced2d,574725924.6851542
e07eb36210e90ef0419fa0d0,630067933.7948416
3991b04509fa61b36a8f7d2a,483293613.878656
387af5fb4b4a7f5c3fdcce57,551255058.9467291
6852e8bbadc1a9f4fbcd695d,691883095.8196576
8c3373f9c0372b87ef021512,825396756.8638947
6123a0dd128e45216f832e3d,587394889.5967218
0913364c688d7375d0f7af5d,448219297.5164931
8831ae77efac99a6c58ce05d,530463009.04011595
b6283a5714e0b977110318ea,513767155.3836419
d2d8f5356f77507f8839280c,593293320.1457547
f36bb15462fb29f80b127458,745300655.1384072
7abf9cd6b26e2e2bb6d91e5c,573111336.2931924
1a5f6f7e8b7af9d48644f1e0,617149123.3450413
8e2a5f8431996ae0db65d0be,613026270.8569757
29535d858fa3a11792697820,767624744.20253
8e4df02eee6cab9bd1011987,496518389.9502609
5a4039f0ca12767138ae585f,566910608.9247215
d84248b3ce8ff6f5fa480a83,535607473.41935205
5838e86b74020a5bead56161,505182032.8117056
02091877f01c926c350b013b,567979642.2426337
df298574e35dda90fb568023,541606260.2081571
d8b83253855448caa81f7780,531076266.92182356
1163ab2c0bc8c998e121b922,553358390.1360202
14f9ab54432e5f54a50be4a5,537972636.1820164
f4e0fa1172c1d4b70b6c4d73,559186061.2163341
4345863fe83682f6091d8a77,512670496.9292896
6c5bbbfa3a1515e5cdec9ae1,590584912.5868914
742da63af109164c21dd57af,582177894.8020871
fdc28a68bf8a5bc86288b4c7,617493172.9430437
0f4b077de4ba5f5db6fb0065,571127623.8974131
320ff6c0320674fd278f6fc7,586733137.6234928
6acf9cef08906fe569c38572,644952890.038125
853febf898a1dba351d6f917,561045793.1839247
8ae41ff6a828f175a9f628b2,549054340.622483
56ae6108c1b53c649da2f6ba,582774783.4467661
aa990d4e5f1a0fc4f0bb29aa,528848663.43599796
cb8b826e929f4f8a8e3687bd,570083152.5477408
b85a7389bab2e651f05369da,603738142.7968261
1fe929afafa91bee53df4e86,514187064.7940671
02e89c055b7692dab024defc,549928133.9850518
66bc6e56bcac9bfc4a7341d8,536950735.4180958
63cee15dc4a6808616a2c2e6,584867045.0060263
9a889078a0225c013570609f,589803286.8083566
3548fa5ad26ba2ea999380a0,561666709.3938534
d9d8aeafa748f8f1ff2fca22,580929438.0312319
9e2c21d635fc25f7790cafa9,521239399.93177253
f99adfe85d32b0a66f4d483a,589381404.5141554
eb64fd330053a41ce5be4a7e,561261570.1934259
ea8d704272b2cd066a7e7867,580601958.3019407
e7c92ef9784a92c8b7fca693,563443344.3700023
a9b83e18ae78d307d1b39b15,589880973.9607197
ab8d6823d905f1f0ccf4a75c,558312530.0509236
8447ca83d928dc34c2e7f9fa,560380670.8862195
5bd24b842a67601630036d0c,667394568.6134232
38d5b9319bc16bae99fe73b9,594300682.7685684
e1558509b120809eface5b87,590595050.8158534
4b8d7217da1b1f225f254914,544064701.0574136
09e0c3a1b90d46c361007323,561261570.1934259
d090a9e520ef74848bb060a6,534967829.5020908
07284e4caec09fbbb16adf2f,534694767.5041762
f8bb20be599b79cbe29f36cb,532180234.0034869
07dd30f04c5953f325df9aad,548768530.1278975
622872d345b4b0d9c1b9302f,588991632.5764334
fc9151dd6f8850502c747bab,616341459.9865674
0fdd03a2dfb18e323d96f468,531640909.58356106
ad7cfe29b56c915dd016897c,527294407.44042766
f40a182d82c489f55c64ab7b,606769512.4388804
fb06aae0e711d628b16eb910,609309379.6263973
7dabee85f750266dce02399e,678430668.8854195
ebcab2f8506c64a461591d1c,634494129.3890654
340f96c7de105aec5b7a28b9,661248708.0974917
be1c6023731fb633c4f41f96,609126378.6080093
d6b051fbaa13e3d92a798521,595866493.9697009
bd04c8b6b5e381cd5f881379,583294807.441582
2ca47f5c36ea5d1cf00dbd2f,653562508.6058497
3f2c18ea5d8e9a25adca4c42,552117225.51487
5bd59dbebb0d6fa71efa4c66,594866507.2535628
bdac2f1c4b306a7742f60ab9,647143065.8712633
a0e26a9d56cfb3b7228e5d75,635202577.815576
933740e21e9b61721b2c6053,569230065.9405279
a3b9c1a3b81f17e6b22b6152,609778117.7470672
445e241d8bfaceb149609d6a,552642813.2264215
937f0b37f566f65a1871615d,634169218.8562587
9a76a405640f670c6355630a,662385699.2554833
7a0f351e8562fb7aafe6e714,523812364.3870548
4c5b79f3656501fce2e2178d,685914605.7508917
201053b106a0b89a0a47e2cc,438447016.2338025
724a5f9542f86cc43334d3e6,417412388.820868
afaadd87a196e04b934e0b1a,402011279.7632556
a46cfad2458ac7ca4134818c,465133056.45953
f640eb21bdbb9369acc4e863,530233715.603179
8b3350aaa66b9fa1c682c15d,486475311.3299066
1340b0805cb34eb9a982190f,555724840.7240274
055d5ab6b22d4d0ac325fe73,496518389.9502609
faed63c1287896e97987c4c9,472716215.95636755
a094be8af52cf76977fa5083,457884606.2493623
feb3384733ed8feeedf9ce8b,457884606.2493623
eec4d59429b1d1bb75b4d686,563581235.7665658
3e9754a961d2cf348c9ff7af,493105361.2818959
8f8a92abd28c8990534e847d,514832103.6124198
256491790d0a2d5e1ebdc2e2,524673161.34380627
ede7995bc4e7e672fda4fa5a,585861743.0978068
9e8a11484838eed1f4673a32,668657712.5684632
8aad5795547ade3c804c0ef0,602353545.3696268
4ec4683fcf928d9fb33eb7b9,672837880.8390658
ee18825bcf4065d29287b54e,640450071.1976768
485cd615660dda11586f797c,662523076.5838389
8b450ea6c21fe0b5157529a4,606368842.356028
0d45e78397d4bc0d363be47e,579338531.1499549
bfa4cb65827c4ebb91478e53,557835811.5060245
deb2c93acfaf6994bb3c0608,641087284.8799604
571e1a8c252cd67ee0475974,567644185.2418506
04e337d3c692f3429d47aef4,645517524.329163
cd2913f013727119158b98c0,634264610.8873596
ba63594585c484bbd20ed3a1,608856681.1624318
beb7b99cf12926d8714d1c5d,537984158.5247382
0fbc9e52ccf1b7ea8136cbbe,645135786.5612831
f36031f3a3f77a3fcad337aa,664084536.821067
7738f18d533d0f0379e3a06d,778847471.3300465
20c3cc21b44eb37d0b359c1a,787573901.5753934
78257e76c16db549022fbf2c,712206758.3715138
4baceaad0b0081bdaa37473c,767624744.20253
6bbf67d88846e94a63014eee,752805565.2647116
edb259013ceb62ad9b23eee3,745300655.1384072
ecfe155a407ad2c2f74522e8,741622708.036619
6906a20be4962df7725dda7c,813788667.8915507
5d86b884df3627d93f206952,1030975188.2922386
cac3eb4606346268cea48e32,952631136.5702434
e7439820086f8d1cb13d7c9b,490554897.0603359
b940561f2d48444e139eaf71,590197686.2192037
4433060d0fa95ae1382f2de1,494148987.011163
27dd503d4fbf4d5f5d850d4d,604662230.7328081
42a73bad238f2d3f5e376044,513633574.2225777
2b53b13cd912f353cf9c4757,573187491.0323539
4cb59b46927df31150830d5e,490510881.41816324
2f3d01cbf0ee0b985386418d,442401989.0936361
d12e6de49fcca906c3586994,612278014.7635878
8f541a839df1ae79d563427f,589635702.9854951
ae5ff2b5eb4f9ac44fef666c,553607636.2553102
ca77a424800783bb9c5c0450,585794401.8084918
c0ec1e7ae2c6c3c2f2ae34b8,650285104.218256
2372f7c0499de8aa2e5ffa06,606960683.6591617
46de3fbec5bc6c0e256e7751,637304200.4203601
4d8b338266822739bc9c8fc9,589500497.8479778
86d46a3fd9d7bbcac3319829,670995817.1659489
b13fce1462ed87e57ddec917,729906900.004364
625caf4f4f56f3f6bfd3f786,418612079.36198646
2214e2c62cf8d2d14f11d47c,561544095.18027
cee8fedd5685633435d77a06,647927222.7492962
061386497cc2dede3ea70b1e,533230374.9853477
3ce50f34a7974ec17178a79f,552356398.089309
855ce1721230ba103fc0ae84,437305492.3051862
ff3b85eb538fb9a7dd03f459,441825182.76198566
111bf82100a6fab0c9ded743,652940952.7532142
8877941794810464749ba5d5,575982631.799029
1122a042822658cb504dc147,652940952.7532142
d7d924ec35768a3e6bd39b20,502956175.9399357
27cf45528b4266162f7c9029,509437177.6909477
916f946082d03023ffad6f2a,574820039.9608684
68181ef118970fdb1d83f030,718911413.059756
2f0bbbbb466fae3fe5c4f614,536667090.6064282
17c8b228fa2591e3a234d55c,633013849.9552293
e5d9afdaf318dbe749bf9950,670559147.6135602
ce2cce355f493a75ab59b242,467608053.9230614
b6825cfa2fde9b42fcf04c59,607510647.4866219
6fb3e33e16eb81331d389ad7,521239399.93177253
e29d9a401a246c00f5eb2413,640138628.2534628
fdf103976a39cc12f5effaa2,640138628.2534628
d1526bc5e5446680841a9cd7,712065817.2781231
a96cb9d988f5dc99bf5df4ea,712065817.2781231
760125efabf13246774a9f16,626541413.075754
229607e2faf76efeeadcdfce,481168967.9609828
f14b11d270282b317d9cbadc,644392625.6543155
8a41638edfc5183469b6c43f,480205979.2890445
ba249dc7eae0609f20ccf234,619851760.4300513
0dfc7d77d3dca86a221fe62b,754912612.2966409
ed7f61ea4c9095bd4aca258a,508134928.1799063
d2ce77db7cade7f2c6189002,513767155.3836419
9d18c354e8939c9f18598f22,398153804.8624428
b95689add02915dab555d9f7,894991507.0277629
1c35d9468cdc55670d48db84,596071172.6550403
caa4aecacff2beded2e76beb,481261331.07418746
017487de3455d9f642a7fadc,676824577.4141315
8ed9c13717d2bb274a81e460,712206758.3715138
c2eeb1cf0549df1359ef4dcb,435706608.6535698
3a413637f3108ddf7bd53bcc,369952139.7355774
145a241c80430b1e4ddebcfe,455607942.3983838
c954618c48b70cb00efb49fe,520893803.46240187
fda6cee77fbfbce6ec0eabdd,630379862.1424855
b92c9c464e23f8b987290769,524066147.3332368
d81b170177769c0121b8935a,546501755.1609913
7a832790d068e1e85182b5a5,463546618.0537643
462ced9cfb28550c160e5664,688113780.7869818
edd9a278b86b1c56e237a0f3,530192910.259094
fe9b6a82fcc3266ddcb3e36b,647294386.0612259
fa74fbeb90bdaf8eb26f8329,588437815.4914054
a70b6661eda6ef616e19dded,518009958.3857643
cbcf4d76223673724b0f9811,604780781.8870826
ba16ae6ca55dc3c0d5480944,607505177.9117944
3c840c206546c20b3e53d4fa,675284621.0547565
c61076b24927a46ef506322c,626510268.7172714
2e797c8302fb7ada13ef2d4c,671244949.5989761
3c9e3b97db788dcd10acf0e1,649915656.6879524
28db5acb7b224d44e3d7ce80,635592884.1225312
c7aad87d39537083a5620757,601105412.7841601
099721566fdd0a32546fedbd,607781368.7087588
bc67f29c8679adf31353bec6,646859655.4912525
eb40a304997a6e66c550b704,655412607.569599
3882da646752a82db088c614,620728541.4573078
68c319925551b9484778bb65,659915446.1717123
711b570ff195fb77229deb35,604710244.6398804
e7a2e8e1c22a52f78ffd1b19,655148866.7618507
814d93fc94b4de6d3a860bcb,381003027.20564115
817da44fa842fe304b93c199,421882495.1364422
5cb29f5aaad14b6c33813580,402011279.7632556
8a1105028a1a1b83c5080abb,391395928.6793154
82b69c38d041325a4bb2fbce,382573838.6045114
a57d01ed5a9641ad64f7f032,555724840.7240274
90186e67d802be6d12eb3696,546157795.2836186
f781bb1ed340e08b23258ceb,545804280.2792048
db05818b6de8d77c1c3fd053,470344082.10232973
f4ed8924f5d1a3e6374715aa,524888365.1548872
d792d1eec60822752c8d52f1,498805239.60534817
47a3c63f65a9794384c655dc,496518389.9502609
ebacf31727972e81d0a0d904,484152301.1180278
a759e4c03e49c419c8f0cd2d,548094853.402008
0648a4bd7ca088f4b3834401,483293613.878656
b25734bf3ca94e775f467e85,478201400.62067527
65a8795e7a5b88acd7a469c4,657405902.0700872
b799aa1dd2de813ccad401e8,663987860.3717518
c01440b8ff0d80e7bbad715c,618082189.3489012
a20cd5193779526b43612ebe,629156062.1226606
0cddda1c211fcdce819d5f8f,685492240.2704785
69bcce6b58fc3702580d3234,525455020.5223894
ac7c0c806b57e4942d9ead3e,705622143.7074628
aa9e131fe4e7982a374bbb84,617149123.3450413
290725d6b15062397597b954,590158336.245571
5f0fa37b7c5cf77e0508abd2,700355218.7022383
c76f482d2a8f8db5eb79ae89,670607818.510728
f651cc17b051c962e4124795,654952373.374363
250d84aac8add089061d3204,749583094.6140637
d3f9cf66c1c05f55325b894a,745300655.1384072
7198cf5aae5d0d5ba2e43b96,712206758.3715138
766c7906cf0493736436fdea,869201689.6586165
78f670c0d7a26c0323281ffa,693837052.3497214
ec0eb8d68807f52b681f138e,718134960.5740995
446138cfd3749c0b6715b0c3,611270823.2538462
64b4837e4550ce39f2f85342,662790342.7113701
1103c663f6b5ed0309a767b2,641170722.601068
b9a573a3f2cedd87c7dc6477,455607942.3983838
de54862f5b7b8ff345c6b297,450344596.0149555
16b3311b337c0cb9312ddba1,555724840.7240274
a1c2003dfcdce97d21f9cd15,496518389.9502609
262688a95a32f10fa070a887,518346005.65626836
8e374b19fb87640c56243088,478201400.62067527
4032d6a6a13399797a794ab7,498805239.60534817
99f1712af0fe96f67d11037b,504242296.38326484
bcc584e6a08822158e2a1454,486920747.5425411
ad14f4403926de76de2604c6,397081940.01440847
01f855427cbe3eb51b38288f,551255058.9467291
4673ef4fa28aabb0fe61043b,436125078.7777173
f4cf541f02d99ea1851b9f12,546426382.5957055
bfe19954cd4680149c682587,546572390.817069
fed8f3bf4a2d7a426901706c,609232974.7545434
480aa7fe286f4aa31f56d4b9,648312415.8263525
1e9850a50070dd51861a5e63,652173997.1690828
e26dcf5836f5bb53553cc413,612658027.8325989
c7ac975025713f368bdb0af8,601603948.411762
73fd5bc0aee47d89a160f5d1,623873968.8509256
5bb9dac6e0e9409e89aa6cee,581841230.1653492
9b15aa6c85804621f5c42566,712206758.3715138
199fe72cad28e4554e359ff1,767624744.20253
b28ba88f3665a2f26c2f8e47,745300655.1384072
453ef603a66a34f17ae22227,708009345.624586
d8f4955ed4fc363d6d9ea897,742377738.305872
f2eca7e3226f625807f7d6be,748432129.3484088
361ccd7f37ada9c07ffcf71c,796193012.2788908
e7d1ee027da436cbaa122f48,892329817.1410629
554ec896fe4f9d8f2e8eabe0,976828478.3365989
ba79c72aa8bbb0517c899b59,560631897.999996
69dd957e78fcdd4d8e874acb,491754396.60313934
df91a3c7f364df5e6831f2de,573841459.9628245
77866048ba7b69532d0a18cc,597136920.5909492
a792bde8819aebc5b2d73a6a,610120017.827307
6293e4a72b5c84782bcdbf78,583042856.1285657
bcee01a5d6a36f48d99a5e4b,649530464.2047604
c58b56f1202d1cdffdda3021,507795387.15681285
ed3275b560f020baeb9ce3c0,525211140.4974034
2a872557ba401f4c95e0ad2e,527129210.7284064
6b8c1c7c855656b0e56f0bb6,610878979.2074283
d6297cc548b16bff11eea51a,644921296.1960611
dadce7c7a446a6a177821b73,579969611.1879393
f5d9d8082e7652e97973e0e4,756276547.3167793
2ef9126614eeef828f797e66,688124411.5717522
c70439fc435337f1e8fd2f5e,805138110.6095763
79631cac54b1e71c1022da12,1141935662.5199778
6fca3b70ba2c68d9e0d2540f,358913044.017502
5b29d453bd368190e0e356c2,511677237.33845896
25995099875f0ee622ebc31d,612592500.2695651
34bd7be0761ab3d43da7a81c,465463997.3842304
b8e15d182ac0c74fba332b8b,565309449.3154908
901e3b835718ccae27c8831b,503566331.6789394
e1c7a101e5d518583f9a2a7b,664454112.991892
02f6ffcfcdd3dbba94dd7b33,777245905.3703077
2162e09e137eb5f4a1f32b16,474568628.716598
5eb815f9023e6eb97786233f,882648258.537125
d2ab14487e0ecf640a785277,752625761.5699832
437167a9db41b677da7d5a7d,480781397.497553
c3f889c41c1effea85bcc706,627351371.7762705
155da5ad9ad19d57a7632cd0,647818359.7556897
43d1fb0646562c3f1dd6fefa,642572277.876856
8eb66c4b057dd4b07b5fbca5,570237820.7274836
f9718594fa52500c16e3cd71,614908517.2423018
d9c46d54ba6df0d21ed4ca49,653442630.0196265
d3f688e0deaff6648f2925b6,574041697.1204664
093a92c6846c924f88ba8750,697931198.2178637
9b1223cd8c9d7b348d6a5c94,783387521.0926278
8209afd76e36d8b5c4f7a991,600797547.7453089
29fd909e7cef62de53430e1a,652784832.9046903
76df3d616d8bc1de789bd83b,522832302.6238676
8aa5d44a72b2a6851d14ef86,533095766.45198643
eb4e1b72abce1d184dd4d5e4,637213214.8615505
2ba24fd47c2ef8520bccf6eb,623927858.7724977
1c9e38cd216595b33e283134,589387809.6256438
2fc150cf6ea4141106bb8ac4,377542286.84002054
8dd46fd8ff592358e4c3e7e5,462546937.71233976
d5e001b2f1dad3962cfff9aa,484128336.5431973
6e73e42a0d2ef8d6e403112b,399565325.8493346
2537dfc786054c61eb3a80b5,486416271.71504873
19c77db46d23e0c07a06a8b2,497837807.35276496
e6424086fe1cf2a2931f4847,486416271.71504873
66526276a7e8da597683e8c9,652940952.7532142
cedd20027ebbf47baaa0dbff,652940952.7532142
ac7c323295addefb43c62acc,688407256.3985634
a8e74eb5eb523143cb291cea,622110026.809009
ad393e9070779969b496fa72,597010572.4390942
64d9dff81c79a16579cef2f4,765600063.1146498
ea91281d5eaf6b8f436d47f6,765600063.1146498
06e59cc783be86bd145a56c6,593342118.799105
7458171e4db497a4cc1365fb,663782685.6440331
12d73fb8f4ca87b19ca46231,688407256.3985634
5e935d4a03c6abc86ac5adfa,658304780.1672641
2754b4e12a7604efe8e03f5b,843701715.465423
9ea7a0d65493cb5487ed2084,484124434.5996541
7845cf57552577b059dd13ae,579694300.6012218
6e710984bbf2662a9cc7bc4c,436125078.7777173
47720fb9e2586dced75db114,332396525.20174974
cbd48f3342e63a84173a8dfd,397081940.01440847
cb83c138aefeadb184d2c7e0,500205955.7607545
397d4e490eb2db8a1b18051b,431961441.9033526
4f65732875c007d3c1102140,456520153.84305066
1f8ad363a0539a6f2455c3fc,386617901.7884453
9535ab027f9f2a9a8fdc21fd,449309706.80157816
248993a27da888a6e3ffefe4,504261352.8442518
cd07b4553b6d3863a9e444e8,582170960.9625788
f53fe605b0a2857cf3facf73,575898671.0408351
ae48e30b60ec254bf0dc89ac,612342939.7809178
2a0e902f3c07cc9696000177,616158552.1105523
d57535248bb34f65ae678a39,546270325.5981019
9949cbc958bbc0114404960a,630216977.1830907
841c57617a075690ce412083,580014768.3234869
9fc4385ea76cabf741d38789,440064855.25062376
0367da7dc5374f1957a1b7f6,628625132.2820959
7703f868650a8252e954e457,612658027.8325989
4cb9319ff5adaa62386b713b,527129210.7284064
dbb30f9d010677de2aee1b71,479865849.23156273
0b54c51a787fe58bdf677658,641281456.3596711
5234aeb6d817b8ad876e50fe,637550500.3621937
77359d0d34ba4c9d825e46ed,474285817.05639106
b84795015be5077f942f5170,489762158.0673262
75f5290d61164d42b39d9d51,470344082.10232973
b46d50c84edaa7feba938671,527129210.7284064
be8c05b72ee7867fdcb05455,663688985.8842549
356712646865d98127b92a57,549500393.7825617
ab765acf8b87daf1673b3a97,487219779.71748054
3a2cacbd3b4f9a23514b1433,664775536.1395091
3c6d485d7b01ddd6147746c2,527853453.8036202
054cd21c3b12f165bd520313,615715561.2295892
e114160e3ffe6a703eb42440,501508646.07778925
a38b2d75349c56ce04f02a94,531455731.2865363
71fdd2b1214b9371ef149c1c,860182796.8240316
10970057efd092c98037498d,517039459.74393237
7543d0e85e6328ebc8283d75,628497329.1490736
db1cfd89dad114c11ab2d409,659754322.0966196
760f24a443eb01721c6ffea3,650771030.1442581
a1508f30ba87423e7393b4fd,754912612.2966409
5814dc311aa87b24e26aceb3,573983841.8726733
f26c2bb4d5787541e9c36463,674427335.4974749
cf07a5af6ee98d735bde14bd,635855536.3705316
8b716c3dca89b7caa7db1aad,531764870.6459802
df89e7dea6c313b0cc262249,645183115.1901393
3e2c1d2cba8755ffad9cff27,769069556.5499539
6771a8c70428fec0f21d51a1,752625761.5699832
d8171d498291341094daaa39,820510625.3887377
3d43dd23536f843c2c5bd268,843671306.4069048
785dea91d94ab384bbd6ce3e,483293613.878656
6c316d2bb84fff36bb01f14c,882648258.537125
08ba99aa6a8ee752209de6ae,622433728.8874322
d177236e8c725d4405025916,770822030.111965
9a6b537a7319b3446977919d,882648126.1931341
e2e7b03feffb21bad63eca2d,648917446.4361205
f2fa898e1bcccbdb92dd91e9,687500254.7561951
2c340ee014e39ad0fd1309d8,677147704.1893277
7ee83e5d70855ed21455b6d5,960188301.2074568
fdd4b5fcf9ebadf96545038c,601603948.411762
512b4ad817c387bed877b7d1,1129700935.2850335
3ba644c7be754c21e3cc48ee,596121225.8132243
cb38dc837baf3e0531c6c115,616748159.8923305
5e931fda1e62fe41ff0f2ba2,555020358.64593
0ce9a7d4b0682dbbca68e070,488211076.210117
8d114cef336100a8d8c81ce1,685914095.0883186
ebc3a6574ebc530ef715ea7e,644921296.1960611
4c2b14bfeacd87b878cbcc92,503566331.6789394
577b17cb350bd2a646725b6d,777245905.3703077
0dbe463995c605bcdffb133b,497257689.7462516
88f3f39ea06fb882c69bbd10,462043314.42753285
e54567ced41a40938b85485b,551255058.9467291
cb6d29f005078d4d4efc2d04,829373644.7629523
1d0919344e52b315441aeafb,497629653.4097193
62c39ad30e9a26d8cf3593b4,667578003.3978747
a02bf67aecbac445a12da958,882619441.2496305
06baade01a74972cc4a419ec,574725924.6851542
3943b64f9550a575f15d6d29,758696527.2262652
b62d64605362afc574ea5b0b,912936960.8027828
0ef45eb4356e2f0331ad2457,915115878.2344798
6700ad4d4d7f70def59a5d59,791845399.6082563
19ad2fa7e170c67870ee58f7,937739294.1817212
919c1e281329379c4d130416,821816250.8768549
8a451ef547efb90a8fcfa6c8,794485586.3181195
5c208e5c37aad07602f7cd7f,571646672.8483837
164fb89266e40a2530400599,574041697.1204664
5fc0f0c4fa019b6f1b2a016d,562787125.2816145
3b16ff50ec7fa717efbd62ab,644571525.3073052
30e6d4e1c53e9e81ff66df43,517039459.74393237
cdae3bf05372c13649a2adc8,628497329.1490736
170a69c11cf4f855ed015bed,719867587.4829466
e14b31f8a454e47c383cae94,411099320.3925858
14a8134a56af1b328321cad4,477735201.13685167
ea8cc21bf7d48979bcae1458,497760190.4842305
c287dbff188e95f833ab21f0,556532694.5643375
2cd0b2d7561919f0223608d5,436125078.7777173
1acc5749203f964fa8b2092a,431860459.28388613
9543c16bd5eea47111e6b266,489762158.0673262
d415dc486936995f8b3704e3,474285817.05639106
ab946dfa5b9d7214a3756978,483293613.878656
803711fede531ad1621a6823,551255058.9467291
f83f29f28978d7dd76cf5942,503566331.6789394
4bf284e6ba81bcaa21a437fd,574725924.6851542
d8ed50fbd5ed46d36b3d2dba,497697702.2888266
b40128f5e17574a5d3da9a32,652209113.6213185
506d4cc6613a07c313a12de4,549517219.1456428
558b7d06789a1c8e488c38d2,617851697.0552936
38410183814a757520143737,648312415.8263525
560a750cb6f8683ccac4563b,609416032.3322997
48740edcbe275bed3c82efed,580337592.9825699
50b2bb276e598c9cfdb42b0b,575235660.373899
302adfed183564312f9e3087,601603948.411762
063e53d45e5e7945f1f10fc2,687500254.7561951
6e2c39fbeb5392e6aee9b644,772056289.940316
8d6c523d4100ab0c83a31fed,707852642.7295624
6d6aaf30227f16b2be29e79c,754912612.2966409
e73e5e75cb18f52dd7239361,752625761.5699832
dd625806063f76dcf53582d5,777245905.3703077
a4b16572b8bb786561baa3c9,882648258.537125
9446f801f30e8b2997fbd72a,967830750.1842763
941569c4352c3a2e32c908c3,952566245.1006234
8b4c54125d9165554e4123a3,724906565.6501975
d50f33fe5acdaf5caf1c6ac5,414475498.3694214
46ff039321805b51870c64f2,530314938.5410402
1ac6c220eb690db798a3d4d5,633084446.8828483
faf872c4bca132b52dec368c,596714713.3519442
d92232d77f7a124e7ff13ee9,685914095.0883186
f9a136d7944cb7768b598a88,617377706.3382916
e03610db09ed7315cfcd64c9,471172914.83218795
8c51f1b43f15b70d2a294918,436779294.50717956
21d141a84af5f0e2ade9b0b8,458362289.7944565
55c7cbf5e572d2342d0d7071,576601292.8111663
54c0e5e6d368ec51f6e75c1e,673443670.8797047
434ff40bff8fad0962ec07e4,594184813.6831136
0a199d5741b5a6213b39b793,657855430.8768486
9931470b50580f51e1a4fac7,682916896.4712229
89498fdf642e770ea75be7d8,624706916.2973994
aba39002de605f9ff34bd542,793324120.5016333
0c1c0ba7d75dc4090b7183f5,626804631.8391334
2ac425aa592565b44b25cdc3,708437435.2356521
c0cdcb5f860e3a974c401861,570372709.9356318
4ec741bc6ab20515070cf1ee,587232164.9258691
3d4c48167a8de8cb0e4956f6,599343380.4404066
f5741fdd9f509d3bb02e35bc,584375286.4313028
c1d0c0846ec652774ed5474b,597646581.3526527
ed2c02ddcf0e54789d9d2675,874951555.4950963
0e05eba6eed4e55e89dc5f14,730961680.3307304
b29e5a75740c8439aefc9321,766135570.0630633
218445f989b2da5eff4029f4,754159475.2913375
0c7da0c2613129bc322b1da5,760033536.613003
a41210034abe19957b317d1b,746317560.7765245
0cb4217cde38e09571fa73ba,1004041519.5517108
9df0663317db1cf4121a222d,645207195.1596704
62be98264dbfd418ba21cfac,829753920.6867851
939ce1536f15c0e6bf203dd4,606040310.186309
d9028df78f9b14a720dbaa8c,606040310.186309
b05f4b5fae2f2faaddb377fb,570509915.9317666
65ac61968819927b8fd9b990,625299963.2822125
1e83b53963792d7445e19d27,723233846.793399
72eb1af691a950fbb7e8d635,333152225.97998005
94fecb92077ffe3a72aedec4,498619849.3703016
f660a48b0eb17e98dd77c0bc,499183396.83507854
27fe3fc3838695ce34c5d287,496079135.98829925
9ff4b1fc1970cd5c102cb755,693534772.6807148
b54940561992090411749db3,560738109.8899903
d4990842f549d8139fa94c87,648138684.1249305
f6013cab49ef9188aaf87972,580929438.0312319
cc2e8713dd087d3b842d2f11,634914308.5599756
fb8aa6b6c5d2499d404f3f73,566765283.355166
6a8b9fd89b745a52703715ab,406322555.3678998
4721d06c49413558bda1fb68,410135832.6752636
0100b3a412accebf6a3aa4b1,377956608.6842837
215e8852679b9cb6c4029ce3,414284643.62259465
0afec1b2e7060b99dbe41a10,452796920.31956685
4ff17c9b88aeeff105b8301c,487730369.67999405
6eee8548b87c9349ce90ac2b,516669204.7487392
9b264d26a196a76951308cca,502119682.5930392
945fad7539481410e8bb60e5,471172914.83218795
f727924f0f35ec9fb58d0c31,503528106.04514754
c7876dc81e250503076f43f2,528158202.4043847
e4f3e425e9f6e393999d7a08,538156471.7965624
cee1833e8964355b9aabbce2,506453129.6222699
9a1819c45b01c341647a2410,542062672.9954964
ce95aab452311a0cc27e0c7b,487465416.3166031
e6eff72b7c5b0fc2677af2ad,530192910.259094
3b368c10d243f6bc9c027061,498665036.6894898
510c03bfb80d92d180803887,550263775.2175364
664934c8e209352d2c79c971,515880488.4636456
689ba3a92dd7c12f1965031c,488972226.6286855
93d4c413d2a1ac59f1b46830,555829107.4522327
08b09c586530266c14e611f9,543965729.805467
7157dafd306fa99e4c2ad233,489727558.1029502
74e15493f395fdd312d50cc8,567365781.9338094
c34c94e7129f84267a5e4fd7,533722494.20622736
fc0572d7185e132770c3bad7,652940952.7532142
5c1bd88edef0a4146c871fcc,677521833.4745784
a28a31f7d0e3fc6298606078,595861751.7689801
f388112376e68ccb2290074b,624626706.3857667
05d1c33ea8c89ded7391ea92,568024784.7186527
dfd84193c81ca8430fd27ad0,652940952.7532142
8b89813a4ae5f9209f854be1,556949428.4360162
d7b9566ffb28c753bea96f0e,552591529.9822243
8062b4109c12a95dd62bd43e,650475307.1013082
6d305d6f3e3c2a53515d5f6d,639346607.4249437
ff143fed55f12a0105f9f88d,650475307.1013082
0fd9a2a99c44c9e5565fc17b,561280792.526457
7f85c59323701ee0e75abb92,583574023.0770319
19baa03dc4143a83920a7d2a,602774919.8630592
bc23ec33573f28442b36f60b,632889829.7205788
9957e5492f63fa295772246b,670254768.5418347
62e376b22a4cf0d84b7f6bff,660641672.9565066
0867853879129bfb46dae700,610820282.1045365
92c5129009b7e377fa004a93,656354891.4758469
6b9d38e0b9a3e28e3e695be1,722293256.0695503
b6da2728ee41d035da57c822,790295457.351833
adf5879151c7236f5e055e1f,786003864.7223618
bb31607d0bc3ee4a37fc912d,818656317.666496
3ef8fee6a5cf42827d8bf562,722259295.5522703
e6016afcc032d20fc9d6f2be,829941978.2637787
f3962b552d34eb8bf38b4763,686508243.1932796
bce7369d51094d3a9d3495e6,692860792.6881231
55bfd350162592f2571e3a0d,721333420.5273522
3f226452520ee8f04e306bb9,737553232.0736628
b16fda9be5edaf4cbcf07122,722293256.0695503
e6f5ae869a5b7a30e8f0fd0d,717655023.8351445
ab0babf6941ef43c35acb951,758605139.4802332
3bed16373c8ae820187e3d5a,636295309.201101
bc1335d419a1c0f6e6860470,892329817.1410629
98575cb25b358dde32ad042a,882226703.5719857
fb50f2f13a30fccc3903577e,873171936.626601
7a608479334951a3afdc655a,1174645333.9977772
9cb40496518bb99a7a00a2ea,1241270018.6068907
a69ded1c20e05bd6b3a90028,600776337.9288677
71d422db0c0c638e448142bc,606412724.7220277
fad033a3c81708df7b6ee73d,637118602.6635011
99fae85157be04554b236007,592568677.9299515
dcd314dabc7d162cfc29c81d,641343725.5570517
1c65d5172e53b4c7f1c4d6a9,659966820.7304249
cb6d4db44c789fcfe8236b40,665621769.3496294
ee2c509989c7155bb472c5b0,711199748.0322425
73b60c9053ff8193c2dd2823,561696358.2585101
2a487cfffeb12837a5586a41,604762116.5748348
c9d285946ffc4c4b3ee95da8,618910248.5016898
6a21be8a7a429eacb1de8c1d,587187602.5283489
2a7fc28219bee48a2368e730,669915413.6449932
5b169f28ea1dc473ddf11580,373424802.51137114
58b3ab31de2f9fdb0da0dc8d,503566331.6789394
2054c61f0162a18c6fa2291e,436125078.7777173
39940234a26e7264b464450b,477744762.8864166
550157aa4dae5fafc5d795b4,639188295.254925
ca87bd8401c0c7bbc4b3f286,598634352.5213817
a8fdb6fb681aeae4d5c22f9a,658673833.1799263
998c864a446f06d114f42fa2,731462083.1592968
bc57535516748048e38d4a2d,805537376.033788
ddd55d8001b809f304883ce4,518702922.05382216
b9fecb3e6a507ba17764c303,479194071.78598434
4bd30aa3e2b4aa077ae27490,640454774.9891909
d7ee2851bb69088f851970e9,445199209.5432101
40eb0c78da8b51b53548d914,876000862.2646219
1097d9a61690cc58a4b91e62,363039268.2446157
6aebff5b1fb3a438c2c7969f,446433563.1771177
af672710affcd7e44eee9ba3,384300594.852531
fbe3b74f9e11c829d4dc69d3,873171936.626601
6b7219005737d8660d134ace,826199219.0824003
042bd2cfb2d33467149ece1e,537974413.8990346
d5999beafbdc8acc8a6ad809,579656447.8289036
4ba65b1fb8d8ab0a914b0b8c,497866903.27710193
230864c9c9c5959f9f0d36ee,465299710.2630766
8520fdd4f5fec0ba861ca9ac,402330380.003456
447dd594fdadb1b12ab32e6c,493278647.57231635
3d405df6e5dd012419f43ba6,699768197.7970423
e120c33346ead011ab7789ce,563329069.4853565
505740f7746e0154932dbdc0,519999584.4804624
e9a427f23e80fa59d9d517c0,413702647.01249623
97388d009acd9e5ad49e7c4f,495772176.73091024
a100f050c34e438070ff487a,513767155.3836419
96d14a1d29b7abc2cad573cd,596248633.1480335
f69e25355ce3887bb1078fef,490839526.1230904
86276ef138e0babab9863276,577414560.6791186
344f3bcc1acdba48c12f8441,608212357.3905891
f3dbdb2b69017cfa026ee18b,606396691.8118997
ba32f2964e8b68ff5555fc34,621356372.0957836
fb7154b2dfd2a48c13ef70cc,645426719.2798665
089dc5de66c6c4132734b9c0,629893172.5467305
5c2ba5028fd94a6b9859de70,484152301.1180278
e8544410d811163a13c6a326,478201400.62067527
74d8df07206df08e8f3dc232,593293320.1457547
6fb4126e3ff41b8052fd0657,614723100.933085
ba35cce2e715bda1684c937b,712206758.3715138
d7997b9126bef50985bab347,600061258.8825346
da3aafeb2d0105f8e09c051f,628041210.9332145
5daf1136686fc538db40afad,599036396.2418814
88f632cc304cd769e2d4be27,604328499.6769981
c5dc941305b5fb59e66479ba,537210398.9444591
ec422df56b811a0aa42d8bbc,537210398.9444591
bc8bd1feaa8fca4c52e130f6,413996463.1322659
60c116411ab3cca49f7f49f1,426281275.53390723
75ae43992df8ef41eaf9d98a,460171279.47263676
87ee5c7c49ced4ec99f44d5f,507988814.79591495
918f56ffe325f21522cc60d3,594952129.0447866
dae09210f48e5bbe0d31c728,551639414.2704649
c1ae2af40e1ea9da6380b8ee,574351690.0790876
e7b717278f7c95cbfceba80b,635599414.7590466
387f18b1f01b1aae536752e5,661383564.8519483
c036fb38fbd2d1b59ed5b7f7,657684271.1601132
76c510c0ad11fa67f0e9a4de,657684271.1601132
ff46d9f7dd86b8bff7cc305c,439974009.2651966
23d95cbbc056b4456b94c97d,473929539.86333585
fc65a77fbdd07fb490ad870e,523522542.5353225
8f0a61533b6a01badf43b6ed,591206778.9683818
c26990b034ee83450a4517b1,674395325.9163674
53ffa19a09c447f3759f86f3,587785628.3732585
86d80d3757377df6f2b8a0b3,651053364.4004337
c757b3960436c23dfaed4f2d,590112768.5275457
fd1431e595693fac0406151d,621652549.5286467
42b6cf2a5225dc62342d3a20,571195262.835524
6f8a0e8f1bce0243ea50213c,553458047.9875561
02277f636716264116015dde,499430376.12903506
b72459ea34fa22d1fd012dc5,650914840.8804121
cf4ebcab3fe4d12e1a20146a,668467616.3649695
ae2c10850b4a8ffca934cc72,698195411.1201103
0e22a41ec27869c8f83f9be9,751203903.2516941
22a43024821ad081e654c5be,862593254.5619688
2054c223fcd48a48f67d02fd,616328149.7838032
9af6ac77a9aa0c6da3cdaeb0,436125078.7777173
6601706d2133f96aecfcbfbb,555724840.7240274
ce011b7462e9be36184a2984,572397645.9812993
f759f71e444c16a59187a067,636293777.2946858
84cfb0342a0bf2c6777de39d,490702024.79205513
760fd4c893a56a4586030772,502184568.6157698
fc174b19baedc11f78b647d2,647294386.0612259
aff9e510eba008f3ba5c1847,593304346.390245
a5a4c0f268548993b61d65c6,604895552.6544772
6cfb8a07fc1100569413b33a,575235660.373899
94301e20cb91669986c4b34f,644402102.3662975
52c1ab7484e412ccbf5d57a5,653336627.573597
2538cfce1c108ebfb1056c8d,509188834.265759
d57541684e5c00bd9354cc35,488211076.210117
123106a60208725514f3a343,496518389.9502609
7f2a2959f5ae816761be658c,967349484.5137044
fd5758238e7ec91e415779f7,669699507.8348591
e3197263bf47b3d37f027e11,564468546.469773
8e5661e79f4fc282abac1f37,549723606.9726778
cdfc387f8246a1bb3110d724,613955062.4587294
c53f3bdfe8159bae98ab005d,752805565.2647116
200ea08f57fa23013d0e661a,754912612.2966409
603c736378e07570fb985ab0,799087793.4175907
cc019e30685c91634d2fd4f4,712206758.3715138
b0d394d6c9b8967250854c66,736801357.945978
f7a79e1211fc72e06a3a82b6,952566245.1006234
8a1ea9d91b3d8a66c6341243,623106802.8013513
22903633f8c4d91158f65c58,668056481.6455958
bb67d95fc94532b1fbe80ba6,698414734.4977434
a8e696037f8747f562ec98fe,500855043.3184172
72e4fa00e8aab44cf210251f,691950316.0812503
d70948f87875325380885803,909770258.2254107
a0e53cdd1132bd19b8ba0c54,627455137.6293881
882eb7115cd5b8b09fca0e47,594522502.675948
529d6599d8a64c63566a11e9,553358390.1360202
e26eafffe4ca3c22b7f4a272,650161751.273956
4e4abc111c07656e5bbdb0ee,555369186.1246957
46e7860100b0c09a6a475b9e,557359586.7648919
7bfbcfd0fb8f5b6d553c2d0d,675042886.039298
5fedc401fc32ecc4d9ba7e89,623181549.132564
aee8b22ecf19495fc5894a08,675042886.039298
313e17c442fa3040065b7489,582566065.6736432
26206185deb023a344eb2e99,584665320.15883
4a9e2358d64df916e2cfa213,434934944.36365414
2f6515defc3b21d82e0ca4dc,456387533.34232473
a9b18720f68c7002dc71c3af,418734491.8102938
af911ba38d5376a8aa53fcef,491257045.519598
025b094e1ea7248f4aba72f0,477603089.16255265
f81aa0f575dbbacdbdc681f9,538553850.5866135
848067a69d18a171e7fa34f2,519280598.96133953
e22ca3f1c8073e246079d57f,493865089.07871246
11444a88bb3b230b4feb5b58,546840716.9884968
7a9264f3a12de839a42c1783,523799212.66010743
6d825b439d8622ab90245049,551201792.4699316
d2d317f2990465269ef58c41,626139632.8482864
2860e4435c857cc8a661ec97,624510482.4221675
39c70622597e64c4821d0731,533926767.8422066
2d6f5bc20de99dd0bd4e34bc,527129210.7284064
37ac1ae3a7e2a3319eafbb58,631228382.3521534
fe6fb32f623a9e3d5586a8d3,610878979.2074283
501531d637608f7098ba6242,662769304.6097546
69f59487924240bac2e75bd4,644921296.1960611
358e1287e24c3c4fb353315b,559601380.0262331
55e307c88e2a943acd64a9a5,640633306.9988816
19105db21495d546e6792a25,654952373.374363
375419559910484b17782b47,813880574.253484
c9d254244e315974cdf5d921,756276547.3167793
adeb9a6ac3d357bd96c019ea,750707448.9824792
b08e0cfc5bdf5bdf5068ebdd,849168059.7502358
8da2439f391c6db92b9260f5,626546203.3277686
d0751cb5e704e28e03514fb7,719640333.6470797
9051c6d14018b4894b560e2f,732011426.2970275
54c3eff286c62f05ebe2ba57,594507961.3148208
975ee5aeee84593bbeb331b1,605141074.8013493
5102f4786cc032e24781c7ab,649174436.3891191
cfcd97bfad6e013aeb57a2a8,679570454.9687012
f304bc9e9edfc24eeeb720d5,650906351.539219
bd05a6f6ebf924adf92e5577,689537207.8824824
a7b459470ef58ef3bed7437b,446105762.04083097
37e009a57645b845b1673b8b,532732765.983613
b70082fdca35092802f8745f,537185629.9957132
8a69b9d7461107db6d16d1a9,477744762.8864166
adf055978a7a8e9bbd88e741,466011068.5667604
6c02bbf7f6b087a1f0c8a47a,505004899.9517128
d91017d9c530e058ace2e017,622703464.2732356
89016540f8b3fb727d863bec,663782685.6440331
506b653545eebba4c8821588,683264795.4030831
01fe5add1e7df4b15dd73bc9,717399319.9667886
4911d01ea0a4505d5db5bb2d,605103459.9059722
68bda8b092d5a53a35dfaf07,799179631.6050961
70bec150e1d8ac537cfd90e2,757236710.7308182
0e21abdf04b36e5f6a1fc337,857943548.7733995
f53efb47de2bca5912ad7517,1023464952.9497988
82d6244acae149ed9ed88e8e,635091209.7166275
755a4fb96ff2b2276836f49b,612578612.2707591
f15ae83fbc4e4ee3f646b4c9,353039945.1262676
eac458ffc1da75fa1a4ab384,504631552.24918187
6f7bc7fd41ed908494d8e098,509025367.35167605
12d1678bc86ccdcc8ad756be,657309312.5631639
6e07d31b81f3fc9b9de8e1a8,1116571832.361197
6c618bfe55cac120a4f1e08b,764203130.2787379
22958cc4622a0050d1aead77,471055271.66166425
c7c3da1f12d872a3726736f5,479993044.11346316
ce30c2c7cda56a69005300d4,332053930.70163655
7a26e5936765b409b7b73cf2,663688985.8842549
8d5a73b1d27a66b3f72fa662,527129210.7284064
3b8302dabc47048245acc09f,596714713.3519442
909182c92bbc39b00536ce6b,529767469.99423945
963da21c3c571d7bbc36f1b6,630081277.905814
a73504d5982fef268f5ff589,572943461.3298768
50563038c05963223b459beb,627609778.613289
b9a0058c58cabd619e226178,718104056.9506491
0037d98f6ac46a86e36def45,391587241.6242148
38117bca778373247df86e14,452570374.9165047
4eeb8b5347526d721092a7be,359728527.35105836
0b6cd71df4dde546e665f865,359728527.35105836
bd066d5d19d41c06b904d51c,358878935.1210637
f10e210fc04e3fb073568323,359728527.35105836
9f504cc4e6b170155d38c687,359728527.35105836
3e4c1e6435ea1a9c3150aed0,452570374.9165047
052c93502aa794e0574db9e9,359728527.35105836
343f45e7d178eb780a9a9818,452570374.9165047
c0c4fa199f0ad751930cf78d,358727801.0596915
5d86154fc1769d4dccac1269,358781701.5161049
e1fb88779e55aef2b66f2c10,391587241.6242148
c26af6fdd00a85a17b823d92,359728527.35105836
be3ee4457a26c6b6ad4237d7,399996539.55437344
9bdc79dd02cdf39f92e8c869,391587241.6242148
1d4bafec52ec7575161bcbe0,493881627.2556036
0f15a78ce3ff90b6894fe3c7,496148275.5818151
afa5698724bea14940667231,525325130.6117999
4d8e365b35a6b8ebe6d7a15f,584856236.1623377
6ff848f65f2507e58cfaa231,458244577.6521869
e13947242fe19bc3925919f8,494413122.20606405
c02caec41084656408c2696e,511832534.96726453
d6fd079beb9f759fa4c6886f,495772176.73091024
d14f7f939468e641c43abfe4,524603451.955566
8f6076f8ed13e87862d82255,443372581.7587302
8d5e662ba25a71727f1eac77,490021737.3717251
bd2f9648ee9ebc1fdbfa53b3,506453129.6222699
da8f986b6ee6f594780f4a91,490021737.3717251
af7131ea57639ce5aa1e102f,490021737.3717251
30e10a03626eeaf8bc2c380e,447826485.66039425
6caf180e36fe18078703db02,524721839.5104046
a40861d6573e4539ee3c23e5,608337059.3667657
d5f905cebe05262cfc44bb11,648312415.8263525
809800b56b7b29399986115f,652760592.3023349
6b2d7f88f15cbf7d998986da,609416032.3322997
a0ede3a514cede68b721d994,672871069.3231441
179d467dacdf674a66c7310c,615678465.3440794
97f9cfef1e35be84ceea2a46,583769780.1909955
b7e01962fda2102f1402a444,665641278.1656936
6665e5bc4774d04321d1ba9f,631437323.2406814
6c09a3ccddc797f77d63f1bc,593293320.1457547
97986583e1c988373765eab5,688113780.7869818
56807890f8587cd75893aec9,588437815.4914054
0f2fb3cf22613a339c88f7e4,596206299.883832
a967a4f0b1dd36d7264cb408,625145522.2626814
08ead1ac0b9b30c2a72db17f,745330852.8479893
1b989360ec91f5da55806bc4,721768779.8089494
b289cd856f9d15493d31ef6f,636690693.4213328
88668347361a227b6dbba15e,825404134.9063064
ec3f1679451b9c0037f89386,700485480.8459282
9cd01a5cba1674559752f5c4,859050625.2472951
2bd96c7fe678945fcaf9662f,946706470.9527614
9f118569fb8b084f0615fa22,424707271.6527941
033521a46dae036839ad6c90,389963207.70644647
bc1ee1f8ffe1ac88f08e2459,515713089.78047234
c62886167530efe1f84086ba,447311182.09765625
d58f191c74d26bc1fb02cfe2,432842353.35094583
981b55d5c38361caaddaddad,644496301.7299567
ef26c0f1cd9e3203ad16558f,630964236.0797603
74cd885ec200a0c21fa9e03c,627586630.5445703
fcfa51e5eec6829b9f4f2c59,422473402.4959442
c3bbe8c09f5e58281dddd412,549500393.7825617
8f36d25584407d9e3c326e71,761539954.0921009
51f4aec91124a9a96f4c5372,621345027.8706105
b7becde9261820feb7cd926e,651633691.515562
65070c554133f2b4143fe051,628872835.8878026
c2a2ddb94f60de25378aecee,630571480.034387
5ec3abf721e13b0d55829bba,610878979.2074283
502aff943d74cd4cbb976dcc,752625761.5699832
11e6e5ee92c97e31d34db891,918962240.4292752
b1589aa1f58f6dffa93a3a61,1129700935.2850335
783ecf989538582ad008fd95,960188301.2074568
1770bd5b0a07a6aa785e0caa,582104308.0047214
53715a484e20d6152c76fdab,591973886.9284598
ef73428a38c201019267afb1,477567955.2788466
932a93e3ee2093d7f806fef8,470500836.11408997
00e9afbd1d27062a7bd40a3c,648576280.9517988
a11a82cec7f8a243e2f90539,633084446.8828483
e4a70600296b0bde6c28fb19,596714713.3519442
0a1b1a3d68b04cdcb2d757cb,655018615.5533782
7c06a2f06cb4226f9043578c,699605464.5340937
5e113e1e878da12e312cf875,706887099.8186821
a72f5204153b7c92f52d871a,685914095.0883186
fc17f35d300be9680971f95b,529344415.15435857
13ab6a062601d40843de37b8,602013415.1365781
22abc78ce812c519511f8a4c,596240734.8135862
faee4c33e892029b79b63742,561324666.9208953
c8d39eef5a5422e0da4172cd,380802660.92786056
b13683c625c97c23333269eb,427536611.2341006
00e7c5894c739852052f566a,515165792.69709605
2703313a3e5a6fef2157928c,458362289.7944565
8dd453e986d05c6c1dd104d2,481807227.4604422
22b34331d7ca2ea642d29946,497413010.1875571
23187388f9d6e2bffb88b9ed,644809083.1208117
6b49a668de0edbe7f8110740,557104214.8131639
ef0e5b23069a9fe377b77ccf,607375375.4130539
c37348f8247ade33ac513855,597474173.1092061
1d19edc1e0d907e5ab0899e5,668707215.4777344
c73ee8d419b96c6e7c53f95d,577907590.8345557
6251cda3676ecbdb6555c526,556444867.2875601
d12d6ea066b67c3db9b2dfb5,829753920.6867851
8ba4e8e071e458a13efd179a,547634658.4541972
9b8d798a2c455a960ee74503,612732525.8409433
d663ca1a0d29b4cbc5cae9ce,530985664.8814957
dc3b8d97b11cc2af4cfbcc79,627762262.6237603
7d50144c4b2ead9b7b9f594c,623655962.0409368
ff9cb7bc0b972d4515ea3837,436125078.7777173
267e46cb9eaec6c7009348b6,499452749.2745296
1769a8ec5ec94aedc397b4ae,522991289.2843266
dadd9ddd29102f529caa3bbe,490183015.2799966
251903f4b947b337e0134415,496518389.9502609
e1b753c283bb9c6d4e438bec,483293613.878656
16fb51fd3d35db53eebbe5b8,630067933.7948416
8f543f9c31af1eb17ef1e353,574725924.6851542
20c3cb2d4fa486b23eb81bc2,563275924.6898823
6fb9e9ac6d44d3a286f317ae,534472199.322967
15b57b0ad8794d64a2784ce6,612658027.8325989
d9ce31250d4ae25c3b850124,531455731.2865363
f90efcbfcafe544674c02586,665641278.1656936
05a98feedbd3f422bf063112,581668652.8250276
ea359d571ad0c986f826d31e,584717225.9190384
b02f1997e6e6f97dc808b8cf,689182321.4542319
307acb7b4044cfa5680e4227,758746975.846732
ddce386b0ad3199ca09aac93,691883095.8196576
9e28972500d8ca3fb3b76fd9,601603948.411762
687b1dd576eb7d06a08c3439,761539954.0921009
23b2b5b9f5bf3e1208f5f80d,774744183.1933495
dddaba511b6a18f49b41c1af,712206758.3715138
874e3e3ec6f67c160807628d,710064541.9686455
67ade5109553a9d784886a46,745300655.1384072
6879f05563a9f0748088cc65,767624744.20253
dce05cf86b42124fc93d41da,869201689.6586165
1ea5db844a6d3a926480351b,633084446.8828483
4e9acf6e9f80f65178766740,596714713.3519442
a35450284f8dc27e0ed717f0,667273827.7534262
069499abc4e393fe540777b4,456971220.57252085
cd10d6e28fd7ce92518ea31a,692345426.3066959
3edc0e70e7cf6a21be2f0d53,436125078.7777173
2e2ff1e620063f416a387058,503566331.6789394
1ffdc10c53bb83d3be84c327,586852297.5740978
3c95dcc4bc3788b4cd5602d5,572286977.3526427
aa592f388454d575e0006206,510943878.69865626
f7e5bf5b0f6157ed1f604d37,373424802.51137114
513c6ea5a3c2c560c409eaa8,637800686.1223481
7cf15f80838e8edf4f9cdead,613717330.5676582
49737c7682eff2513869b3f7,634430770.2002089
4e8cdb49a2bdf68ad8d12625,527129210.7284064
86af11931b004aad3fd27b88,549500393.7825617
90921c9fce21986dd23bc645,578945311.419886
d79d71be963d418a4c9dec68,655018615.5533782
c27b2b735106bd5a77a15616,610878979.2074283
b6129a71f8e320aee8abd0c4,610878979.2074283
26922ebaf11e35a7a320d30b,706887099.8186821
23f859b889afe2639ad55a21,656359752.2213346
ddf47d32045769c0596826db,748432129.3484088
1d0c635770f2e51aed4c8664,1129700935.2850335
e6144e15d5cafcfe87c07c9a,652706752.297548
a7c7923f9a4d004eab43413b,603172057.9702005
42b3b56289972176c20c4990,449647407.83478457
b63f49396431089dd646837f,541073324.3606741
e0b041a39e732783f98bde56,849009779.6457524
409eb9b8f2ba87ca299a7f6d,667607427.599792
1a46c13974f3634ca6dcb51e,554938379.5898603
4b068c79664179605b145a15,540378316.3782698
afeba13fa3f81249549cd2eb,489160136.66233927
3a3ce11d981d0893ec732e22,549500393.7825617
ed68664efdb7377c33f4010d,610946612.5121436
93de58cb0d8fbe74b0cbb556,673103131.3553466
faa204421a94ef95b79eddf6,610878979.2074283
acdb13c4c8e2a48b0bdabd91,534408770.4268251
5271cd1cb962066407490051,830844494.5032054
933251193ded6df07c83128a,957956219.3792559
524e00e537f841c13497cd52,509078368.384882
a9d4f256527be98066c493fa,599343380.4404066
2207c1ed62f59d6eacb3c18d,533230374.9853477
97ea5dc81ba49ade4f8f580b,512709515.8366242
72488318dfb2181843f17c03,597737857.1762738
76698030899efea431dbb81f,440196867.68428373
e84888d2f22e14a5016ac789,514844126.8770573
d9398ef84ae71419cb7cc82c,575982631.799029
6d32649478d9d86d840969f6,529313975.98198384
81600c1e6b6e3ae770e40b28,647534543.665374
68075b0ac8e779bf5e66dd3d,507271717.0912551
6d7ac64b8b9f27f61fb155ec,542991444.6731327
d3bf3146ec856cc26c607d70,917435024.0357286
d12298e0d398e9d21d2e2eed,436989573.2925526
97b69097fee8d8496a6b8c04,522098923.44102985
fa6e53a7107c0e33e3d505d1,829753920.6867851
7279c610bda9354e1c840b0e,544606840.6173438
6f3070318ab65b867b2702f0,409774403.02919716
e08aabb998103a941d24d0a9,496082865.82843804
415e1faab81016a460db7a0b,460360183.4319576
8b871cc48b99bd4190877bd3,391587241.6242148
7240bbe28e950ed75637b504,507674352.6924934
831629494c6d15d5ff6a00a1,391587241.6242148
1cccddc33bd892b44d7e4b7a,624099618.6529745
f9cc6760b1112ce5197bf399,611062885.2069011
0901e845b6c56d4761377a09,479946504.28889835
2a33fa5b25963f3dc928f668,635676558.029078
83e9507b9ca2987a21d1b195,648597743.5233674
9381bdf491d48236e84590fa,655274994.6745836
c041a933261204155415c2d4,542249681.0058885
a1cd867286d6e82181e5d1bb,490021737.3717251
240d2474c81482baaf79b6fd,490021737.3717251
ddc1c85af165e47502447242,570746193.5877581
58f02c785ee9a506e899b967,596635607.304641
8b353ba6823f4f800635f0cb,646536547.6105828
68cda50b602acb4efeb275a7,691874291.201287
96cb3c08c80815907de81e73,575461551.8956218
f54dbd8f0aa752f79c581e5c,653433287.4448701
52a438d024af0d5c38627ad0,613137979.9378394
1b5db6af0a1c0f7787064020,527129210.7284064
84a7286c91f1ca3ecacdaaa2,663688985.8842549
bc6d6249873222ac7f22b73d,610878979.2074283
12501015fb631d7c10ff08fb,546924818.4192951
85b633e09a41cf22a10f28c8,636289653.7191343
7acb92246dbaaec1cc7b423f,545416479.7911276
bfba8fe959dd2e44a4202943,531149870.70140696
5325f16558ed6d2689bcbb46,548394895.7239368
d4653d505cede3d24e258d4b,531149870.70140696
5146ecaa8b7ed507c4f30785,685914095.0883186
f5b9cbae30356fb3a1d005c6,743286055.8675084
205ffcec56fd884ab24c5600,596057422.3871348
ae7ce478fb66882a2c952012,613409904.8764838
efc9ae02fd6c3f18db866cac,580757214.0495175
2221052e00c236f31e6d5a06,642577323.2329887
54673ffd4971d04493a1b1c7,640606593.7280387
b0bbdcf0916b246ca95c4721,523982484.11252147
1ef15e2b882a0da85858269e,562367982.5950361
9881fb167319b34cc23da955,519225003.6814688
9d2a195e645a9e8556683b4b,554863814.5135167
14acd96163e6b3e17177f35b,455026255.6377074
b2c5af8615b8899deb16c896,493379346.94535476
4c40683e401dae89f6537ab0,492570804.50946444
dd007a202a0a3d56ebc4868c,506576667.4344549
6d9c89a406cf2e755d4172c5,537433122.4132521
7387e7e385063c180f05a7cb,493379346.94535476
9dfd5df5a2efca3fbf2c07c8,685419203.6223053
2a9e75d221912230f98485cd,658609116.1842673
86ce27f9ca03821d13030f18,672117643.3420968
3dbf89c6e97182647bb44e69,657703826.1836421
eaa4893a313d85fcf38dbb6b,623241673.1018169
c57e1c323ddeaa7475e5189e,735471265.6804862
84856812b63dfd9630fa49e7,766228175.8112859
945202a450bea48fa7f2a95c,723555174.9436424
fd689e54d5c418dc9f2425e7,734830655.6709083
eb90d9e9eb53b44b07ef9613,796767800.7991756
79005399fa92d05558fd6f6f,807445784.1225629
5cde51bd6de3759821216d5c,671343015.0372618
230cb38e035b85a4353220e9,616688748.3172046
a22ed42197987a8534abf76f,630982111.910081
43a2ceffa8ed90bc1a43255f,612385555.3232999
8f2fbced5d357bcd6b1c7de9,626362219.2069821
6e895a15d402ea7fcee98156,605305918.6942437
b6a2406025f0e1fa09690c2a,612385555.3232999
f46d46ccc7fc415433e471e4,345935706.9790134
71710d25975271eb32c0c8f4,494130381.32185656
01b7bb1556b5c32df8f618cc,449242805.92485124
56e5afaecb2cac6293cde16d,486959662.284963
70209b9024acb3e5baa769ff,483293613.878656
efb0b413b3f661b23d674b3d,603172057.9702005
251db9c4b7398902b38b4a4e,557219026.6917146
e3e7ffecb903d2daccbf8a53,505568895.7625702
a92ed9a378272ff174ce2688,470420900.46804607
40a53a3f3d49f7905966295f,561623798.9561545
bcf2c303fc03897585831351,563131758.5244168
4b0ac2ce45d7ee385ca369a2,710088548.7046411
85c7e8ac008493b34e8e0176,653764066.9026874
0ff24418ecb6888dd8ec734f,756008732.4153976
3164e0ecd246b8ed6cb6d054,867969126.1439449
5f52e316136696cdb56e65a5,616362346.6673142
5ba4bb943139d7930cb91650,679876839.8833838
ba12ab0869d66e03df12b6d2,556536380.4436716
1a111211207627bb4c840442,556085242.6559126
9d2ec1ed9eac77d534ed514c,359728527.35105836
9030f17b47b3940c2e2c4093,359728527.35105836
3b224cf6107d815a2e78996c,465256082.8031068
ab0e770ac42dcc82b472c55f,496148275.5818151
75fd66abeaf040fa76eae2e7,574725924.6851542
c31d98f67673691ece007a65,422075098.0693748
60d5f19c16554cc2d8e5940f,483293613.878656
53fd196fd0c0558ed1219329,471229703.12156653
27b06d060ecf702fc88c7956,630067933.7948416
dc014623ed69c32abce2d0f4,499247628.13204265
f1a8f09837660445961375c1,732774935.3792968
b98a462d9782988cb54ced54,813788667.8915507
6ae4843a827b36bf189a32ff,667852761.6278412
84e4f6c6b5dec0da7f7ca0fa,643916344.1781245
b8f2b9c2e63f0091b6038ea6,602790737.9355764
e54c7ea1f012656f7fafa49c,582428142.3511074
f25f5df33f25576f805a95b5,679254548.7378033
ce9474244dc2d40f357146c0,452796920.31956685
54bc553b5b8abad0ceed4d53,414284643.62259465
e75d4ce522cf587cd66adae4,528158202.4043847
b1f0b12c28c9bd2d16b3545a,555829107.4522327
412e7b9e1de3df8c3dbcf198,502119682.5930392
f52ce56f20251f018d7864e0,543965729.805467
6641ef09c0bf5f3180952b30,530782740.07705534
ada53307260fa34f3a6411f9,486840466.1661753
51f0f76e2a8cf50ef3650901,538156471.7965624
da482df3d0fc97f9f8582e22,557258891.5690058
55d47b5f3d0d2dd7c2bf4034,562929813.6991409
1a6714ac2350ad371d8280ae,471617999.3501546
0006c9478f4e7edc53d84916,450780722.3171931
dfa7461510c6dbe5e119d106,515880488.4636456
5df95b44c73b249be0fc69e3,435935361.4837529
76bd7a0b87bfb6d2723766ec,533519823.32924587
8570a1d8156dbcc267d3b495,670254768.5418347
94116b7517a06255bf4320c2,612150886.8621012
8ba2d7afde20563e38892304,650475307.1013082
f86ab537a2f5d8c2b223574c,652940952.7532142
9d0d2774fbcb6fcc66b865b8,677521833.4745784
9086e6e757243bdda003878d,624760286.0501784
5a3625846567d06dbe4cea0a,639346607.4249437
f51a78ac4b03665561552b0a,656354891.4758469
561a262410ca91d69a58645f,629633228.3377081
08d90f931e7e0a6f43c9d0e0,615483142.7173822
f47c64c8ee69e744e654d4b9,721333420.5273522
fcc4c878af8bdbda6e1fc86d,737553232.0736628
8d9b143cd8eb71b05d32cd2f,722293256.0695503
ce6a3868227d78852fad9f62,692860792.6881231
d82f743ff414299f8c222db9,722259295.5522703
9b2c7e6cfb2d6c66e1ee8a6b,818656317.666496
6e9009ad01cf466e8f8136e5,722293256.0695503
a4bf0c02f139c695845c9507,717655023.8351445
16cf0d7977ed97d6ae8d2cc5,882226703.5719857
d96855b0ec427f041e7a36c3,1174645333.9977772
63613a9290bcd9e1bcf2786c,1107307612.9302578
32036c1eb131e6cc4f3bad3e,620336307.6590844
ad47e82c9efcfa36ddac0a95,628740385.5449874
d5af3041d95f5e89969c9868,519778225.87842286
f2387712fa17435f56d7b102,594590971.7793217
c1c8024bb6c3635ff655843b,605964191.8907393
11e4350271e9cbb37bcb75af,521120998.9971851
d012efd4a77c5aa5e8d6e508,599786892.1115241
6240b85a47c079cd0efb077b,645618401.2005908
85e332a999931ecd0e04475d,536090668.86288863
4ec02a406caf200b700f5c62,643455976.0315276
f3270f2ccbcccf3046346809,543874377.9553849
bfc5aa443994e3f3f78c6105,530463009.04011595
aa09cc29ab2f2cfc79e5bc7e,644658443.8665566
6eec5b03718975e5137d5e92,651655900.0731431
6974d82e41437d61c627b16e,550170518.2835809
ae3f7f428b49e6948ebe6fff,654985435.7510109
a9a710b78e776c16eec24be6,561387729.5942605
249cf6f96144f769030d1b4d,450265022.36704946
645f3c4490ce43ed68c7df10,575765347.1497252
3413f37549869d2172b76d6e,599343380.4404066
956600c9a4ed31e588f8c593,679118715.6102557
00ba709f184e70be13e5bf9b,848216919.7202353
275c8bfdd3fec33752493861,862758210.2275476
3206523e850b5b5fbce567a3,749470182.8165944
9c9ffb3401ab6ab90fcb555e,924318039.4180101
4962650cfa3decf487ccbd0c,584665320.15883
a541b35c62878dc2c425235d,1030975188.2922386
2112e589911b979db6e05a6c,789576395.3941983
c9cfeb97323bd6a0564e1903,524574821.5697801
30e1bd4619483b0e896b5229,496518389.9502609
48aa146a36aba8a0270a8a1d,745300655.1384072
678a80840673787b3aa64228,592299209.0637068
392abbc83cfacfe87c401e27,485195763.6938573
51744814dd3a7e60c0791041,577421967.8855177
c6faa5d2ac8e74c26fdaad4a,606895498.3061668
1f2c22839c470363ff41551f,712206758.3715138
5438c2127072b47e3af428d8,767624744.20253
32e182242a654ac03a8f3ea8,488626859.30775625
0a45eb817938241ca988c2e3,444978963.9987031
e74d815ad652f7046ba33295,457757936.27237034
2887a0d34994d284759db20e,620984746.4953703
621c3051ef29e8da01e6bb2a,601421936.3355026
54de2275006e273686ae5fac,633871030.8352158
b0a0cc38f73c9d90bff6ad92,588301902.5443282
f4df4ad4366bd794594c111f,729240405.2849066
763206de4c26e3825b69f4c6,549309942.3752881
d5ddcb0a54416bdadb4bf57b,471819299.6092875
bf17eca5afccd9cd6299b9a4,505529479.76236296
02888257efaae858fdc7938e,656633985.4905792
1f8ecf6c089ce6168b3be52f,556636305.8910695
fd7a48744bf966e417f34a51,690197114.6794081
655d6eafd78be856479767e2,547168077.9235114
27472c6c6a801eb749b9719d,596611733.9732823
18fd9bee381e7a8c29a44c4b,584548193.7334751
da5d47596a755078a2261328,452092075.6858432
737c83218f0e486ef4feba40,512744364.36455464
2390c275fccc98eb4fa33af0,480475268.16665965
35616923c84423b44d1d1438,711760161.3412383
22fcf0650753e2b5a2fa3786,532016859.5545605
9d8e7178912841c2a1232ad2,541418769.4124026
36c2cae6de0add92f32d29f4,581841230.1653492
699b68daa574a0f169436ccc,477508551.44011676
c3bd0b8277a37832f56be54b,471239155.284334
6b3411cb8c50c1498572e681,476860196.4045135
fad4ecc419fb64b3f77971ad,539222519.7222921
4034cd9a70d18fe0c883a0fa,501646264.8690508
8f9417de118ef8486538955f,673179386.6785944
33f4f9988387bfc237d114fa,537976019.3240807
40c9f947e826f89c6ff3f898,612120492.9953357
351701c5d1b821253e2c8c42,604411956.4896045
f6b405af32c398147475dc9b,547610417.9569174
45750daec6238508791d0d4c,610210095.4451705
eb85bf9ab77f59615960fbe0,550179688.1506542
0ab6e52af85ebf23432d7698,626971991.5155896
9b13a371ed4724d2e2966447,601039509.4275515
081bbc273db70f1d2cc84ed2,587455328.0645922
e113c48e4e1b53adaca275f2,584153844.7473887
4bb0666c55d174e0280482a0,655879525.4435048
ca516516b33dc09d712b3154,600186843.7467585
631e6aee6ec1f720f3c78775,597717726.1612619
c7746198cb5871bd687c2538,655968380.0110835
58a5dacf2f664512c2b00ea2,699874186.5666337
6d8998442d831addafbc878f,663632467.1219528
7d4ffe0038b3ebc149d8f4cd,649079637.0793093
55ae7bc854658aa5fa49d368,668061276.5199131
042ff73057dce4d92d383cf7,465412863.8365662
807c04729620ec60ef18598d,464150532.34940255
5dead94ad2dd86dd41448994,531087875.8310782
bb90c874275456d5fe0de83d,509974535.01391256
6ea5fbf037ba7e5c74d7ca39,458741337.26455224
86dd7931177df94a649a4d62,511702163.2004278
58ac250fa52a1ac7ce39f70f,442435467.82850486
2861f1a224b4c879b845779f,521617914.3540987
8d06af8e439c45e0e125de91,455829028.1793612
bb2dedf6198be0f3ce2c4ffb,535048820.6895394
57d8cac189a13c180f08cd2d,528496752.7586551
db575f8a4e10a29fe81b335e,609416032.3322997
e8c79fd41b001fb1da0d4fe1,575235660.373899
b81679b32ea288e9665dee49,952566245.1006234
841482deb90d19ecb1ec8a06,592476641.3194075
214df9371aa59f68e5740212,521338025.9639058
bc52abbda9027e10b879ed50,537536667.4463784
ce8ce41a36b610be164a25de,615930299.9775615
a67412a01feb64ca6e772858,615441303.7157004
d87896f889ddfe1ba210d74d,415518880.9334508
556a39ca66e10ba3545f2234,480491446.09900737
50cb893af4ad0e21a69f05d5,478932835.06535333
3b5a5d6536a9fd24f02e8ba0,541961496.7845483
121cc20fd81d6322f56d5c53,477744762.8864166
b9c893f3c3ac4dce40d0ea19,493486223.79748905
47bf8d322af3c13e8868ed0a,478932835.06535333
a4325969a50a14c948446f9e,576371105.307633
4583a6b01449530079415768,626727615.097655
920e2bd03c9d34e36fc38ad5,626727615.097655
0a59b506798fb96edd7681c7,599725093.0535139
e8d2cdda77c1d885e21c7bbc,857943548.7733995
8abe99f2b71b13dfe7d71616,869201689.6586165
c07e98122103d1546d995f9b,717327704.2538949
29fdab43da21ed0d22c9c71d,470959921.3285472
f2ba7982bed03cac394ef87a,592519999.7091855
eac89e705cfd337a99417320,411744711.22071785
40713332e88c6d3a393c8b2a,427697948.2586707
a9aad230d22f7dede73acc8c,656727665.4749715
3b7fd4008e14e394dd09a0e9,1129700935.2850335
098327587a877bd50df27551,432842353.35094583
0379b6a001e4018c34e944da,560910419.8432811
45f24dd99d362f49c0adb875,361680694.0527788
dce1dd028695bfc5a47aa6a1,473672015.0478436
cfeb702df06baadf29f12eda,462202294.65594065
9ff5828e084070628ef2ad96,479993044.11346316
6920e6d7fff656d66844949a,596714713.3519442
31ed69311bfbbe000f4483d4,469054827.86653644
d300473e3d2ced1177c9fbd3,549152545.6209716
2cb64650b876ccbc7337a0e4,607596508.0264715
3ab2ed6d140698cfa41f2e3f,506823848.1513006
9f8697b55cb665ebb054f9fd,522602064.3166407
7e844f8a24422ec3b833b4a8,437334169.5458553
55a615a3b3919798d54e885f,612010846.9209158
fd26da8e62b5d1155962f0c5,487465416.3166031
ee9171c496fa78b1461acf88,645066669.2273527
d5182c47a954c964445f25d1,770051056.2620074
e064b4dd7b4e64a3e0016f0b,610820282.1045365
36753a5e31b0edb1eecb8bcc,506453129.6222699
c2ee475efec76c46efbf1b08,632125147.7244402
3baeb28cb33d048bcd6e42cf,618899854.0512992
6a6d990b9b1bea0f844d3065,570467471.5598041
e93dbc804920c0bf7bcf8cb3,580894315.7870291
b9ea1b9fc0e46ba0724cbc0c,590545702.0075885
95e98113e39820523e95adf4,579260196.6461718
942ed340950f02adf9749a36,633657786.539648
8538a41c0e0fdcb3829364e8,551714993.3062662
804289a128775f7d1652cb43,486183283.1826281
3dec1da01706b06f5d6a9266,553497557.8641694
fe004acdfad6ac6b00911ef0,594300682.7685684
6c679d5b6a1c1b74bf483478,602412795.459556
ba54b5ebc5d4f554bc56dec3,606100072.5008358
5b9469c3ff6b197bfe3513cd,659138429.5816613
2ca6ce8266afc6721d179335,599766856.5672506
94160aa4e5c54bb479b1d0db,424745485.6001206
eea6a2137473c3ba6708b576,372172848.2879818
9969f6f4bfb29e3a97c2fccc,485919154.3719584
68006626a3321fb0de032307,564778715.4083235
2149d04442f73cfc78f93bab,458069365.515554
01cac7d033166094ab9f87b0,549330788.3957785
15515ecdd35e9f175842a738,479865849.23156273
86f1d6fc54152004e69027a0,607375375.4130539
0bcf7987c4b0ba485c44caf9,598576448.1468161
107fffd601a2bb7a3e4a69e8,565091040.6590137
5a44636153b1d4a74d58513a,646893972.3124282
5ae08e5999ca2ba0a1e2d8a7,565376197.0158721
369e9e64898ea16b7ffefb7c,586235527.6673512
192b505186d0bcadb46b7032,657751997.2002873
6dde6686bfdff12620f198d3,541972068.492564
503a04e079773a04f2abe075,494827547.2898767
42b5ebbca90572b9cea79177,506453129.6222699
0b6f2534f862a7ef551a116c,503262301.4223856
05e06a93e9f01dd3984a85ab,528950030.39853686
c6706db3eb4f0bbb0510578a,611105740.6300069
2babb357d1d828c49bb89be0,653088936.981349
3951171501fc51e2d830cc82,613813735.6789883
fb72b8e0457c0199e158e599,700305764.5986916
df865201353bc7b915b56ac6,681409924.5806308
8d1b3071f5396359c0b6cc62,827824705.8917167
c451b61851c8ae1e6222109e,714941192.0946826
e1c33552eeab60683f2f89d5,915115878.2344798
1d8d51cfdf78f1361710708c,685405035.2570852
bdc8e1a1e06d387f9c7b026b,685405035.2570852
2b36d797d32013a126e15709,359728527.35105836
13b3a55d79b79ea89a73d21a,358727801.0596915
e57ad52764215c3d54740ac5,359728527.35105836
19e11b2d60326895b5e6ba01,359728527.35105836
f6e1752b9f4a0a3c8573910a,358781701.5161049
062efee92601be294d7346a1,358878935.1210637
e2c3acee51cdd03b1f211278,432158396.2502679
9390ae5c166e1a976e53e16b,483448177.21653754
db3aeb3a96304f3c255e8a22,462043314.42753285
d353be29e7ed2c35b920f7c3,573195608.3571253
893c1b081e383de73b9f2e16,616389020.4757975
8302e2afc48d6eda16784da6,568108273.7717868
f1e9676bc91a76740f4e9b0e,567972894.2071409
ce86066ad78dea43089d25c1,656084614.2747582
c89ac55660cee4608bff27d5,516317715.44570863
b183776d007d85bef0f6671a,525173452.9429399
e8872302ba40e4ea413689da,450709838.3718338
0afc6cbb60f34f1cf00fdfb0,573337016.9076918
a811af7cf12afb1dd9b8eb86,515154595.8273498
7947f71467036449efb99972,717188029.5760326
2ead9549bab6f1386b7a2c77,824285187.9572285
b54e8d557263624947f979cf,536614456.8820598
fabd2201750747891eb6af77,1003959588.0788523
7c3f7b513bb20c918a51dec6,602283120.706859
0dcc222d83e1bf05f2c2c090,801106649.5210016
3ee3ee47bfa21462a1fd455d,670902319.5652628
1dc3b6ea53413ece15bea33b,731557153.2474443
f44362b932a8b70ad4b99a29,541295014.3914082
5372f93d988c3c917629f9f3,521777209.50960267
5c25ccfc7ae77f1d85981a79,523776744.4673214
4df222356df121a41adadda7,446066107.25079644
bf38bb7a2a7ea663cc8f3d57,521777209.50960267
ad0025f5b240d00936c82f9b,617069178.1988492
2afa66b726ed0b1492b9e01b,621487924.1473218
a528312b77b7f84741c2bf29,572667990.4136037
1cbeccacfa11843a256b2e2e,570200041.0433185
d11eadc78d95c96f50b41a10,547225190.9966364
c918e02b3e6d80125a2db1cc,335281870.7478868
b2af005e93b0242e0f62f298,449811262.622594
ed9703ed896c6118a3458e78,453263658.57631576
8ed11c1d4e7aa1ccf0ea0508,429376176.5818082
9717b066e135a82feb422181,505568895.7625702
294985765f4d12e51a68a451,483293613.878656
edbeef6a08dd17a941634d49,590703862.9018456
26cc292628ce4aa87cd287d6,604796907.2483791
47f7065118bcd4c3878e50fc,629134957.4966863
e369c63f83c44329ddad488d,600481535.1046467
383c0948aac71636973507f4,588398833.7266855
6bd1a412c01387af8810ce57,742982495.5293448
4b92ca1cee4739104e620871,772901213.4274473
0123237414f757b9c3809f88,819507926.0374649
6e36550a6ff6fdb2711a88c1,938663140.0845959
1b5de74aea685b506a952f4e,438669894.39372635
d85fafb4d5ec056e6db9a79b,441763804.7463002
cd097f6cd92275ec8ace1f20,573727509.3387535
ced1f52def08143f0b2b6849,527929428.21367776
89a03e25c43a555b47c53864,624833662.0088935
f8d64df401009704c152bcb6,428191814.2336515
2a5aedaaad2d908122f28f22,527129210.7284064
edd0b57b90629fb00d036e34,599732746.3937763
f8731413b0d976c03b7e05ca,546853361.3542662
01abe3cfc94be46c1153c82d,609491212.3143771
aa7f5d0d2fd5474cc67cc70e,636766040.6162542
4912c91afa6e4aff6ffdc6a8,652442001.285285
9d805330fb0df9ae73003ceb,610878979.2074283
7daa9115f755a6c70411b9cc,644921296.1960611
f5896513d1cb044108d23785,688842554.1693531
3ff2a2fd905d81f0422c54b2,597691196.2372184
02ed31afcba033953c79d95d,516722824.0292149
c2164829374d5e880c1a1f31,556085242.6559126
3f6eba5c365508ac192f2b82,463546618.0537643
3289958459cd87f24089cd14,439633238.0868342
ecc3362a649cf08afef96fc0,487352863.76699525
264e00a64cecb861d2c05b1d,623117006.1587932
d5b5bbf927f763a43190fabd,678321627.8370218
2691d7125e9046e597437f2b,951908199.25119
7cf183ed411cf82df26640e9,616547461.124504
f81107599bc083fec4a13ca3,535288348.49554986
3c2a535f1df831771b859a86,572342710.4213493
9e871ee8a61b183aa9051b72,590814222.6578003
e066ee04cd3a597dac8ced59,636025543.9198414
2f4ed160fe2a21722e6299f8,517039459.74393237
e0ae53aa3cc9e9ba7ce65f74,631820838.7917837
78d727d0e61a7c8b1cf6fb1a,542993400.2567644
b42f936db049a74c7d24b0ef,525876622.29202205
62e9330888566f1f826e1ee7,692346521.0218862
3fcc5ff04edf753621d6cbb6,689506295.4297642
d4ae25b207949fbf0df3b404,383919928.58171135
14bc234ffb3ff7f974afc8e7,449410906.9496266
64fbc9cac3f15c0f1a16f4d7,519280598.96133953
5fa1c8237da8fc7683bc10e0,485491062.84174055
7bf4beee26ba81ad0b884f9f,504261352.8442518
72a47f70aa99d42320e54787,502896120.45584697
07641db461323a5cfcda4f98,552137594.6146333
3af2a1ec9efa6884a8254d28,538272367.902901
3adca5eeda4939a5ea11444b,455140509.3271393
37d39cb7d3849a784497ed0d,456307541.72950083
b9baaab70cb83475ac3bbab4,493800879.5244371
74e178e2398895d2288e6fcb,503566331.6789394
ec15e2a131d9724b012d68ea,575235660.373899
ee042a4b4a0bf9a1dcdf1eab,676353871.9396104
35381d7a5b25317d7588ce77,581841230.1653492
18ac3368b1f6d8f7171b07b3,609416032.3322997
3dbb09358256bae5199e1318,642173101.3882271
4662aa1c44351dfe271e3a9d,630601479.6176376
034a30994bb2e0e446e35957,648312415.8263525
4cdbcefc434b48ba3d51a498,631288997.0228441
3d3317303679a6a5a381d0ea,663359357.4712887
68f4e3d4355bb71db0f35a65,587562081.9617026
b3c77f4a398b61d9c204f8a1,645943762.7348177
3865974fbc1b412f24c47eaf,666270941.4932535
84ab3ece52fe00ee50f057aa,667469371.859527
dcdb8d97ae65daf55570c88c,805781728.8384001
7ea01fd99b389d08ca50c0a6,752625761.5699832
51df325f026f4cc5ed2e9a65,882648258.537125
1f11cd977996d909ffacadef,869201689.6586165
5ae03c0e33dc7d3e0e0d54a5,727946747.298553
da88bf5bc2a7310ff382be4c,777245905.3703077
035de58d60807ee2c272ce82,952566245.1006234
0cf82b1128ebb8d1087b640d,996582101.6564614
bd8b005383020611b8922147,662645309.9185686
f5c79a564600bcad99c74f03,493898033.71500194
b11672f22fafd555f940a8dc,438726282.90363747
2bc88a5c4bea2bd00fd8f13c,611905148.93384
b2b99019a929584b4904b98d,626710044.9020582
678d0e011f710cefa49f6465,601027014.0372516
f7de22825945329521642f49,631462657.9096463
79b5a037bea858706838a62d,477744762.8864166
9f339d547d83b4ef956a3690,508166282.96991205
127e197a2f70e7ddb5dc92aa,442552934.56014967
65b8c48546af394a924decbc,501916589.1336624
cdc0c282ee62c51e3a20459a,527129210.7284064
ec824ecd0319e05d1ca6a9c7,604444681.7714705
95f27bf0d25bbcd0d1eb9cdb,583222039.9122831
ac0ee54bdc08632efc0d771d,680071892.3220916
904ad71e7d108930d69a7332,508238095.6782013
7f4e6f790de012946197e0df,633084446.8828483
473cb30713e88ecf782651fd,702145946.3058435
59a309a6af425b2028a2ad69,651430876.2381216
8a1b0f59f86e33a7aa7c2c23,588541278.4822773
1e884932e57cfcab75ebbacd,692294153.3262345
8e273f1dde4801825fb19742,763683115.0249058
1f9c0f9c3c6460a323171d72,819946023.9394296
5dba98aa20e371c3947c19b9,751828927.3806179
51516e102f8d43a07037ed29,756753946.723301
6eabd14e55ff090e8a93c727,647027358.5590504
e224f9ffc7bd70369a5e8b68,857943548.7733995
35cb50346289f0590dd24d83,755956771.3856022
2aecb598de8c74d9d5108d8c,585082646.2614211
69c7e97037c747b93c33251b,658673833.1799263
b9b95c89c988f68429822e81,586289059.9030592
fa2c5c19c86087f207c379ab,638174635.3965296
9bcd34e7a974c977f65925f3,1165433683.6898413
3611c89dc71078cd0aefd2cd,477744762.8864166
9ab273eca8cd5dd4b6339ca4,556189292.5027664
4347966ceb1770f758cb6e37,663782685.6440331
2a68f627f4dc8060484cdb18,1042772375.6931486
55ff644abd72eaff17d533f0,907150675.449283
db563e5a1cd9eb1be832bf5f,864910079.9706295
a0e9310061ff0084d63dd242,790235800.7160426
7ff62b2f8a28d60f6c4237c6,730805452.2130727
c42c59e8a08e8657ab4201f1,460860744.29727966
de28370454624724128a0688,629134957.4966863
514aefd8a44ca048a8088c51,660131963.8669356
3d3a318662cbe218db0878e7,527129210.7284064
2714bcd5c0c503c3bee0e0b2,610878979.2074283
5461aeb15c7f826f0ce157e8,644701656.4481493
db352cbc2aa3066ea9b34184,650152729.8538055
22b066e6dbd0f2562a0554f1,977334667.8484577
daf8d6d3f4ba21513341eb3e,663359357.4712887
523605d1fbb75b0c5acec5f7,634890292.584961
c59c2a19b93ca666b7c389d4,541043128.8028591
61e57e5539c40e5ffeb77997,634890292.584961
c1fc25faadb151c73ff254ec,644289705.1358428
63e73f1b8b385d89de1329c2,436942981.77188903
80ded3bf4f2973a5ceb1ffb7,441250014.4410288
e1f5f0e96e5865370423c142,542946554.7221935
3bc1d407f7e7c8e67f7dd27c,612592500.2695651
d87c489d3572187e3280965b,891509530.686158
110d49e1d79a3534e146b300,665230113.7762263
7baf3723bac87b0b393ba52c,700757755.0387807
8e9e35321545774dc1f85776,616412939.5066689
e0d6155cb3cdac98f81d44e8,539186245.3643024
bcf775187c0f5ae1cc0e8ca6,632157410.9862918
a792122a1b292f482caf25d1,603886585.6930608
09fe153b0027697e58bd08b5,391915286.6448622
a7283f1587ffd80f4723475f,391615649.2776016
67a10f161cf7215302b6ca1b,395801236.3402484
f403b20cb52d4ad3f9469ee7,418000542.20250016
643e13f00dfe7787a19b1254,479993044.11346316
0eb7c68fb7ea1e58f3e76345,531149870.70140696
cabf47337c2cd619f12fe69f,598105104.434787
55c5eeb4861e8cd71731274d,930562537.5169593
363c96b85cf07dacbb10b92e,591529335.1914994
49b59d19432dbeb8921e57b8,612303279.796514
818ee3b0c3862d4aae6e7776,380141391.10143346
b15c662c56b19d3843737dd4,469984218.20264876
03243195c467c67e67a7823e,523215193.94327414
5db50c50b523f3d454e94dc9,533428251.27527595
0798af235e9926b1e7e4642d,522580601.3888283
83852e78afcc4127481adccc,528950030.39853686
7fe25ebd70b89f4602bee6a2,463280906.47650796
175590951b6f8c6b8b4af9ff,491030900.1034099
d4dd48521efc020762ea141e,444106727.49479246
a681d6e9ccc7bc60eeaf7e3c,664168800.4265041
e137b5003b8c8f18892ee9d3,579338531.1499549
90dfa0d7be06e7a1dc15770e,640861825.8551772
7fb856eba0ae98a40eac3efd,599343380.4404066
9f52855eab4ca5161f1fb492,607013285.710681
494580f4974c33d7ce0cdb28,607871022.624749
d972dc3dfccf2a48a6384e54,645725142.1473783
7cc8772ebde8902f55e14b44,555101776.4364662
deda3ad684384ed67711ae71,597340947.9343292
b288c52e4d0fab9f579122a0,738442579.0154909
0bc16b384acd3f8263e386de,812939678.1641798
b40d1d2b7c1db9cc57c65fce,825404134.9063064
c2580329ee6d7a03925725aa,784205547.9488153
7e73516d57a251061b3916e0,843671306.4069048
7749f3bcfa8339444b0a8b7e,546422129.1842418
557e40fdc93c1824b0bed769,546422129.1842418
edbb5db63dbd0452c51047a0,490014363.02895546
383af3a5794a0ec3efe78b2f,565959504.8661302
90ae7af091c23957b88de5e9,432214442.9286116
b1d9704dd39c6cef28ae3d17,481879549.3758374
44916ca9b874075f55949f87,648385324.9448513
0515734883eea12cdacb7aab,612361995.4635088
faf9f8aa50d936c1465e880c,552354360.0307101
f37c9693e058492ec3715de9,644579940.6646633
562c7846b05072561d96698d,650814216.0531853
4a629aaf60a113402834c042,626155695.1919571
ccc4e48073c3da10a2e2d08a,547556642.3344712
8532c64eaed74b64b4d4707c,624775178.114595
528a96aa31409c32bc9f1f63,793202789.605716
36fd9fc1f1d9b2e10c1c6463,594646590.2047828
91561030d87ff5bc0a497f1d,558130413.0489544
eb09010915ee68091d6675d4,648617931.3003291
56c41a58ed5b9864b68fc910,587093147.9251659
bf6005f6f71da582a6fab8c7,606596718.0836987
86ee80cbe81724e6919bdb73,617798692.5502138
0caa7856aca178f826fe90c4,591369232.5163757
9e41f25cf2e77f3fbe903368,623802869.3190007
019f4a25794ef01294845b51,599272695.1316485
d6fc6059bba177ab56d85ec6,630241977.9871306
436089e2bf605d00849691e8,662793814.9669917
02a9c37b3d92a6da473c6fbc,650263659.4409869
bde81ef5ff9edabfc7e30d10,662875403.8236849
379fcab709c66fa146d3491f,587841097.3497424
28ac1562ebb5050f1492f576,666636588.0340378
e68f5a98070efada9b5538ee,440006354.05615824
80aef024b0ecebb01913504d,436056826.11598855
f45161bb79292e974dc88b5c,495772176.73091024
6de3c3d53d6aee18ccdee958,530875595.491932
5f2f7596a284915ebdb81a35,573507700.7232902
291fc50c4ffe7935b01e5d9c,530233715.603179
42ac33321bb1920fe2a78036,482736959.21819365
c8e00b4dcfa2d05d6a7fde26,591814047.1487108
5c0e328a04f881674ae1046e,613026270.8569757
c28cb417dd28fe4d4d41d114,590660635.770594
8e160f094a0425aca23f04ac,636685767.6748939
a8944be7383b5689b5039c87,523871800.96788013
cb7ed5960f325114bd3489c3,625963194.2390438
275d73c7dc0fda7cbecfea89,552797312.5707269
85c24df2d836cc8addd9b7b0,639401374.6078914
0fa87864632b7bbbd161f879,699336986.4120975
c7f422224808e043753683f8,758106372.489444
c51d1eff1b6d29b4164df520,813788667.8915507
b50e8c13de383e64711193f5,568530317.9410702
1308dad458274c698b2fec72,568530317.9410702
6a1024c5da689de67bdfa274,648055580.5843569
6e426f60d25aa8a4c6f8c9e9,580256059.2679125
b80f3a46440daae51308d459,613023325.4420481
f59ed9b8ef1726f1a55a4dc3,397374554.8552943
368eddd8b6d39bcc7124a41e,432842353.35094583
391cfff759030283411dfe1a,519998538.3518876
4f140229175de685a0999773,491171939.8270486
cd365053914fcde97b7ee9a8,474913839.56256706
16a05fee8dfbe78d26664c3a,549500393.7825617
c462f0736fdefd319cee232e,550445223.576972
b419d977b283e33c0b3da86b,692892209.5423795
6eb27e2a66d08a8a60567272,550499767.9083321
7486ef139d41d91423317e0e,562772314.7871492
e663064dd77e3c63ab9222af,628619384.2900045
9a6849637f1b8332ab289e27,1129700935.2850335
498de85ba30cb01e9c686081,596414101.4020278
3507f260c3c6e195fc444533,635499339.7523783
e538d52c9b2dc994491be3db,607101708.3886334
f016ba59a64f287099fc4af4,642424203.1636719
380ae516dd46442f97acfe14,569367993.8543217
c97e4d7e08db3171290e939c,647143744.2124832
f7847aaf1491103fd931aa5b,616173515.5059025
08f6bf438980d55b35ce7537,616173515.5059025
a6a06973b5a4c990d5873b7c,644285052.2748059
6e26918c69487a735a639c1c,615958432.9996234
cfbc690c55e5c2bd8dd9d89d,586124423.7801363
56fe5c13f11813b82dfb04f8,653088936.981349
296f0158b5cc1541cfc8419e,710383464.2237977
6ed2970ed02a3e50ac984aa1,545745255.557844
4c9f3af11fa91e729384580c,648044509.623872
2ce779caef0637db97954912,600591888.7053237
d743892816160218a63dcd35,604215994.3942975
758efd6f99db309c67cefb12,493745977.6412365
a4146ec09d782b08e8198e11,628038172.9905505
f415c2bc1bc0fdca091285cf,725269716.9116141
39ef4fb2a43fa3bba15a0b16,657302016.4771194
874ee4f1b9c6dfd3d2358834,1071276956.260986
e9d514f90ebff0de1936d09c,596820723.3569906
9f15c77d67021f349714806c,670282019.281759
a600ed86cff36e636d204f39,582663385.2759385
58f55e9bf743e2e3ad43c274,608261434.2750716
af1aeb2ba89d29973f73511c,567294685.2791117
bee721e93b8d8e7cb37dc992,584769248.6877558
bd52dc8dc5398e5ca2952473,436957392.1121186
b71095bf5e80bcefafb12d52,424798014.9897817
a7f48fbdf807da68594e9ae0,451178148.52685
50de04936770f874e1eb86c2,406018756.44708854
2ea47ef8f02712c32613fbd1,410135832.6752636
27eaac0ebf8a5ee99d143218,512919335.74237335
ee594b6bb0751dab39055b3e,487309991.9120511
eba0410242fa1e8dea90b194,509504243.2148417
a619d30d6f2e2aa3b9613c04,495772176.73091024
df58a4244134d3493f3c9f30,525325130.6117999
32dd96f4f07f67806146ec46,486782277.8610088
a77ef77ffa731e8980d36b27,643994726.9912162
a2a1665a693852185673f6c1,583769780.1909955
8267eeb41ed1e68144301a3f,626139632.8482864
887ba6b287a8b3ccdd5691b5,620483569.5447216
1fc94e9dec93d52e0062e07e,546357520.4025494
ffd3d51ecc85abff64258e1c,622065579.7333047
3eb79541c2ce9413d2c54736,644392625.6543155
fcefb2186b13c8bc39b17915,609416032.3322997
d4a43654382201db5d318dca,575239709.721721
15fbd295328ad698d3c76aec,669537464.7853436
7f5e87fbb4952caa0cb658e2,665641278.1656936
9d348aa70957592dbc56ef32,648312415.8263525
2ac1105447a71f68a50105d1,538493865.3763337
d8ba9eb448ce35ed404e68e3,658687940.1803311
21d42e80f6f818eed990bfc7,862281711.1103797
81c890b0d7cf787a091d4081,710412851.247226
518858c561af5c13c8aef9f9,754159475.2913375
01cda25ee8545b9fe19717ed,733213645.4603317
2c34c1e1655e87ada03f411a,733593554.1101977
48f9e9a87e7fc0a678460e05,831271684.4686444
76ae7be5da1785c37736fdb8,952566245.1006234
3918fa99179953461fe07f2a,1005434668.2667534
305080502cba05a1c165560b,547148988.1287466
5c3aaf3f75d6d3ae9b55cee6,369952139.7355774
2ab263b5d1ba72fa562d64e6,636295309.201101
6d13129db564ad15e69fd534,609416032.3322997
7de7a2a651273df62aa6a21c,583769780.1909955
59f9cc9b23cdea5bd4cc3ae9,490858675.27085197
d4436ad417941fde0aed2818,609416032.3322997
80ab8d9f157c25b40f102854,648312415.8263525
06ca01d3ff86406e896b6fa6,447826485.66039425
88f36882dae9a0487383b769,369952139.7355774
da474e23f34cb63de4ef28a4,648312415.8263525
04f968f1873a655fde8702f6,485295013.8430357
1dc1a51628b8eb1bba214498,430800627.35914433
e7cb4cf600b9d931eb295c71,549928133.9850518
9052c644813d546987a72305,519056372.57738376
1e32a8825a7ea79c28e27a8d,489240911.08258843
82f34c2a6644c4cb0649c44b,544002258.582553
95815bf7c79e4bff3f41b233,615499480.7755395
f64f642775ed2c9f45aff215,531287995.0654176
4cac81eebdeb45eb0e8aa5fe,554515339.1493719
c6da2874d2dfbb2ebab542bf,548739519.1126593
e7c08555cb8f5c7d0f32fdda,570213491.619097
10b7c99bee9a4a21e1f32d50,585185862.2804539
f21625fb82740d6f4cf1c325,609293292.2167866
1c3236613cf95c84c5791bdb,618379012.8529683
b11c3a4642f7eee2e443eb32,592176879.6651158
cd08976dc2d69110375f8541,403680860.7333004
a44c7ace8ab50de7ed8e5a66,413617223.6822615
fa8f13da6d8be3bc1f05fcee,428711016.03648317
77bd7837b02bd8f2c290c9f8,534448503.98251814
11a79681fb0a3f6eedf11d1f,488803133.3804719
70c3b086af66b0c9db4b0b96,488803133.3804719
64ea18085495f759116f62c9,668050601.2031319
ebf4bda17341de806444ba83,652173997.1690828
54228579fd8812c3ea160341,710088548.7046411
dae0265a0f2f79d3dc010ac8,626727615.097655
7340afa659775cc18d83aa4a,653195222.0193433
5ba05f67a77cebe5cda31e74,731312713.5395696
33dfb510aae260ccefa4d349,693316329.2200311
82af190e32398942775056d5,626727615.097655
a9b9263f6aafe8531f3dadca,715185141.6566342
9a38e7293e9ad7d8462eeaf7,892329817.1410629
5852773a80f7f1b929c7dabc,911163315.8194067
52fbef3effd854b0ad0f62b1,829753920.6867851
0016e35cfd881ee2e37b49b3,458362289.7944565
380759598c614cbe10ae4bfc,707417325.3273172
fb63e870ceb7ff355299f3da,514303061.3014236
285b8cb5e9c887794ed2fd1b,521920375.1181936
f003a46a1c8e04da0052d72f,490981426.4340676
a731b326a61043070c3c853b,555036395.0871295
d2644b46136fd95c0fc2353d,468314414.84735924
8248697f70c21fa361840755,835574757.3481759
075b5c16441d9d67cf638386,579213810.823555
6bb2ac0cf2369cd8fd85bc12,620020912.2704219
2c0b3d69fca6677ba9e95327,620385988.8940946
c73ffac843c155f24985e6f6,710791265.8730911
78b57a58368ab056c11bb0dc,518421267.90266377
90b25b6b913c1bf0396c149a,600988072.854911
fa29c89363ac9cb59667a43d,518421267.90266377
eba756e88209c420d288c4be,541972068.492564
e7081fb59ffa298320321633,668900973.3859377
db1c3ece26da7b342eb7c8a5,518421267.90266377
f9ef8fcf24d28ce11e71d758,585975720.8117235
2f854c9df6212c39091bcf28,582603138.993296
ccc66d77e5f68779b1c016db,596778468.6810629
47d288f8f9227013424d6976,368363609.86720127
3e891afdcb568befebd66fe4,477567955.2788466
2d1f036c96e92d9c557605cb,481681889.0258105
dd9d63c612aaddbd86676c34,554819704.6157408
13cf784fb3553f75acf25a4b,481681889.0258105
57dd353ac00d0e99abdb3733,729639147.8209037
ed0051ae106fd0df60a14586,695173180.6097869
0997324f14c5823413463546,825222264.6493915
e2cdca1756b1635dd1ac2b2c,670085904.9594668
7700df9486a1684157527739,541564099.2641822
e790b21630ab963a65c53df0,587286684.4617416
2bbbd9878a1e7c55bdacb330,644725001.8661418
decb25b7fdc0eb259831cc71,669104637.6790633
fdbc74fb5882051327b3caf8,651316820.1296043
39dee9b1661292cdda6c4823,616126674.7224691
354e2de1e3a81a63e7fae4bf,619160759.2113562
f80b9e8c51cd71c5be281652,438261881.04753166
a96b19e82d9811d5de1ed0e6,436450583.89657396
5e5ca2753a908aa1b7fe80a2,516427953.9395003
495b6e61d1b887f8b4c1bcbf,472109164.2423623
ad8ac9edabcf2d4b06ba9fc1,622378640.4407407
359f6a66a407e30b40979d2c,629524385.0332558
ad351bb6437583ec871b1739,661579261.0239035
262b1c8ce7db2b4aca2400a1,789056488.6923839
6808b10f5876ca36f569a4b8,660426934.2296189
54c74b36962edcc922573792,629140033.237408
e7fc4e6b1fdb38ffe68fb680,644263532.1943669
1c9325df5599379a73e18053,659349713.3814157
8c9bf9031bd378c1105e3f3e,578017973.5119032
be70989d473cd731f6d8e580,578205944.5546242
46136f5f078dd31170c58e64,642452444.822046
7055f85f7749c4646577a51a,431802011.2558016
861aa922b483f9bf7884dac5,389515373.0824877
45f18e0bb676d2495a227dfb,523107175.1148247
9cca7c1e9ff65766c8dd2e29,360054337.61366403
b2b7020e66872c8d83468cec,548731719.5975624
7634d7acd4197594271c84d5,391379695.4054318
11ffdf367d817b582d590db7,648432729.6033965
103687e73b0528ec29725f1e,492674095.2933491
8b5369b126b75c497b1a7b73,518743581.6004608
b33c9b03cc12a253e4936cc3,605705977.3213235
ab177c5d60492f2ff087708a,528757078.3153461
05bbd028f30492fc0a9f35d0,548731719.5975624
2b9fd26383758104d567d474,518743581.6004608
4addcabbe23020d3d0d46ac6,518743581.6004608
d93ba0c32244c455e0f7baf4,518743581.6004608
92b772a38d5e38bb51a3f621,586911357.1804187
135ca1dc80ae4d9993ec46f5,490394292.5862351
ed5192bd8038c77ed2e46f0c,501944366.3651204
3a878d44356885ea61bd882b,548731719.5975624
c29c69bc6758d5976024e455,502184568.6157698
dc486a3d7e9e2e608ab2a7b0,548731719.5975624
1a34acf8e509659534a56b63,417690426.23289573
5716ed7d678cc2575397174d,592690461.9422113
444c68a7a6cd0b794768d5af,597793728.0909995
8a724286cf661794084aa87a,550907667.7158707
ff9c4796bc3ef18ae7bb724e,599343380.4404066
35984f749eeb84eaf938bb08,608059270.332833
0998999f12dfdd50c597c6c1,643703032.028209
58bc65fd2e0e4430fb353d83,732129173.0372115
fe483817d899e0044abc3787,710509874.6119138
183a8459fa248605b8b5bc1c,539690767.8365209
a1f0d61cef676fbf798b5473,493703627.76485735
d7d3cd587d291f389ba2e8d1,630379862.1424855
ff8e7294270343a00978dbc2,451492249.9738238
0996cb112fc3919564e87c37,608194935.0346745
f183e3651c485e0001e64880,710383464.2237977
e28474959994ea9c0c2eeac6,581504339.0515641
682c0a5f5f3130a61b5214d8,622110026.809009
245663c600727f7c214063c9,615939249.2728205
dea79d1b25bb9c78d331e3e6,614648904.7562082
ba212b5f12959e34b4887315,601637241.7044832
dd4eb14b56cb00130955d021,926157663.7739611
4c94103d4366bcaaee4b550f,696765644.6321199
7bd9cefba3f5dab498ef926c,1262649815.632214
1d7a2572b466070f08c6e564,568314283.3719501
a38e7af984a471331b2d758c,582339610.0107179
b6775aefafa4dcc161eaf6d5,504158435.273082
8654295684292e74d0245238,592252510.2929105
f0ae62ce6eebc4d07415c48d,612249641.571019
969219d7b193ac92e7a008ec,598124439.607672
651d6af0968fc05584cb3d25,629159464.7741634
4f992c2a0526c0074bbcd875,553136168.6365862
9536c686b6ec514d92493f9b,679662593.0355899
5384587ecbf956275d86e60a,460966864.9530113
bab5690da7c42909464cb9a2,506194128.68710387
bc91072d808fe7b43e972f42,526983458.2279415
37cf2c5c1c6fb6e601d2f76e,466620781.4277607
4cdaece5d1dd4e089a99f47b,458174039.76297534
b37af80bba5adc197cb51649,467180365.44001114
552152b60bdc1ca16d2dbb71,636652014.9947551
32354bff9df0267a5e139156,535270829.0428863
fe4a6d7d7ed28b85c5816fa2,879824758.2039483
afbc7773755043a40a7f9d6f,608313078.2391453
daf2efda70c6f3cd9257d0dc,463280273.11602736
66fa7c9e82a2876216b14b1e,552593836.4477955
e34517b1563d829104e230b4,429702331.3303006
222a35842b0bc09f48e1d0cf,542707814.2057041
c5a64fe5ed5901734d98a22b,529325300.26648295
05db9fc492801eac98f69c7e,439866682.48522043
6e4ce81e713a571601d861a2,485491062.84174055
79fe5105ed7a7861d3c0187c,420058073.86783487
70ea911907d320da1f7f9c41,438774510.8868954
e60024d6e0b5aa52e27a3b5a,576641877.4100823
bb63f086543cde77832bd4ed,576641877.4100823
b3c2187fa96006fecc6b8ba0,413702647.01249623
9499edd83df77bd6a90560c8,413702647.01249623
a947158782fe2832cea53040,498724212.5154689
2e1608b8c646a102e27df16b,485510329.8006402
77fbf1f0c35c1025ea4803e3,507028541.6790515
f9e6a759b069e04b0cbf0182,459685786.7917842
1e158f436f2a4caedd1563a2,533428251.27527595
67af004f80b08fae38f472eb,610610031.7602315
386ee01c3f7bd8bdb91181ad,594629227.1974839
36ffb5566bc35fbce9e42679,525751803.8594044
b58533a6850620b0960db713,528432041.4244717
41353584f956b9e316c6c67d,528158202.4043847
b1d1bc7ea83d5c584988b95c,535436979.8509899
6b1c0866e6f12f7fa8de94b2,517060438.7952272
fa4fd8380dd2620c672facc5,510739469.58208406
44394e66504a4d77587ee105,555174561.7287203
d841d6a82425710e36460f64,626539537.1313334
33501f96ba3b02da073d586d,498758707.58994764
831693b6fb81df1359e45db7,539977704.8857574
7192b9d32e4ad55f6af9e241,617081531.8920611
4f99b97100d003ba3a2ecd46,595061390.1059422
83d969bfc020aea27d2b829b,667477154.9306161
39be6f994f2cd3d68b51126c,636734542.5001976
712f16cf2506710d7f2a2e8d,530332526.1864207
7ba618fdb1fe8694eaecb64f,535048820.6895394
d8735967c942d1a7b0cff7c6,667394568.6134232
b4ef40e00d089a35d750888a,664168800.4265041
7d73a548c2a29ef2d9655e1d,455518245.3749284
63131b8d125073c7dfec72f2,737652777.08384
a65655a4f42564ac48bdffa4,580095244.7977917
033d3f8ff56907db4c453700,579338531.1499549
05e8878bcb68d03e3b656eb3,623772276.6319858
2ff0775d2c131d19804f2a2e,631228382.3521534
9957ccd807718945178bb847,708883249.4736735
7bcfd82ced5d6f1ae390d388,528496752.7586551
adcc03f332b427be46f118a5,682102733.1978952
b5dd038cf35169bfd0e62eb7,786747789.2487485
35b789e1d63f8f25980d21a1,862281711.1103797
c9a215f284e095850c809425,640037773.9592239
d26efb0e1213e19c378edfbd,626449522.677765
9990217fa4eae1d1c4ed051a,623643987.9778612
2e9390c4423db604e1c7c4ec,614941328.5279963
6faf9b6c30b176e36f2f1d32,581897953.4394394
5b83d91f4d6364d3e4be1428,647088692.6271418
0d9616f0ac8b0c2e9e0a97a3,476287021.31992596
9c9fd309cfb505b628f84fab,548163500.4440956
98b77fc0888335702d082f8b,656971000.006151
051d68945b95562009d4029c,656971000.006151
eb8021804e63016fd934c9b2,578205944.5546242
ed6c8c45bc8c1d160cf0d0eb,777258152.7929825
9fc8c3523883947769b2fe6c,555968781.4795903
3e9cdf767389ee551b5349a3,528950030.39853686
512effa47a1c7a5420bdcd6e,458659996.46713513
0768e70fbda0e09b88c1548a,501056117.74657464
acfa7a1cb136e4474b7efe32,634721955.7792288
a343e6ec6eadb287711d3834,652418448.3064686
a698d80ede6cf6243fd9ed99,695429879.1228073
fa5c81237a94f2f78f05977d,665754648.4500458
999c8da7dbed7412dcbafb70,653345744.2025197
c33613eff66948d1bb8ea3bc,617459947.3562496
a642351076b7706a733dc52f,671834410.4328942
c69e08214cb1fbc09ced0971,364554421.6299684
48a20e676a060954308c9ecf,447568550.8096296
304ce5835e685778b1c2b6a1,604629861.8162985
c859144477dcaacbc1654a8c,627965810.7486154
98865eb2f40b8a30893cd351,609424085.712742
68dd15c8e9b71171348ea24b,694811540.8237334
3c660885ddd7e98ba5ea26a1,1240041590.1382241
c670315562766401f92913d0,640524611.8306618
777a8d05edda0a335d89e90d,643575901.200415
81f5c32a2c2d3b32329a645b,609976899.1652772
40525fc425906c9485f1ddfc,533200017.2224976
8b6efcdb553f6e936bd90f3e,457959966.2929215
94dc108f1d146641b221cb81,447293560.1776842
1034ee7a5160fecdb5e8c27c,525469624.9850645
48b34600046c903f0ae4e6d1,677300717.6227926
edca31377b4f7299f8b45187,950302723.6896901
b1586cdf68f36926c3bf72a2,572916070.7721839
70b15c2a38c404e62ad05171,607150330.6485972
ce18358366157fa869bf3833,581970853.8315217
6883fb90099426e6f3922909,579694300.6012218
1b7151cf29b565b2f1caa559,605040171.2070682
f2ec3a3598c99bb8c38cd680,601408369.7784873
38026eb43ff9876cd5767ac3,598463190.0309625
9f68ff98e302ab06df4fc672,575648417.3103086
2d2ee255ed2144b9fa1fcc39,771067427.30416
029224b78e8f358aa9c38e94,603738142.7968261
88da5851280dbe750968c565,521406398.64038956
1c67456195075a051513b28c,604792417.021285
9741ff1b895a038c32205784,528848663.43599796
75fdbee42ec89d428143066c,619462288.2238152
9f27627b9e439fce085cb01c,531764870.6459802
a4a4a57cf20ad739291aafcb,664441433.9568881
84a074517742e09a7eb6f320,622585154.1885355
28fd0437736c1b17c7ea1f33,536279500.4851863
beadf1de0732143f0699895d,608577533.6222823
b027f75411dce9c742c5d0f1,536901311.5212383
182077fd9c5142d503309490,661424409.297689
b1df92683a593edc3f2b45ad,602401400.3107289
38cbcd7f88c1520fa083af9a,582700371.2994186
8ab5eda5b66a6c2becffad29,589819621.0472803
e68ceeb098f60054c19fda0e,616269472.5636433
e6ac4d158437142c15bbd4d9,629274857.4845797
a448d8246781ae78dae61619,667565752.5179516
4e878e99ad2fc34400381c3d,597801491.4030615
beaa09cb49a98e8025fd7e8a,584867045.0060263
3df855d8893dbc62eabd95c6,574246179.7725965
cbfc3ca911ca23517da8c2d0,536614456.8820598
a020e479dc5db78794a5fa77,621814645.7481245
6247fb0e5261d4225f6c9f1e,670784932.6122638
93822a34ec8dcf104e7f49c4,637025306.1107819
17d311554f40ae8b40234c31,592715436.3415525
762e044ce9371d7b8c7acb6f,592587643.3162258
2fad468e1c248f40ee3586ad,666917695.4550016
fc25df25f4151a16cf0c90f8,535236206.18080944
39c1613acc0ba4fe622c1f31,602037795.8721063
2c15a0733cdb932ba8f2225f,608947968.3704573
1db68ed64501f35c51d74c5c,612101823.7368883
1d968cecf268a7f14def1af7,711803353.3809214
77c886207faa6965238b152c,397081940.01440847
86242b25bcb2dd775d25191a,477197156.524365
a8b457cf82926e25cd862af1,527129210.7284064
fec1212eae4e6369d5555d8c,573639837.9967629
8f59ec48e38092ab01c23e33,641281456.3596711
490b89e972abd7e64b5ba6c2,555174561.7287203
f8f217756d32f31faa784c2f,610878979.2074283
1c2ec62e8ebba12c6146a04c,609663071.5611593
2afa1699af46ad8124f76e4e,657038329.1899623
8c1695c9a31de0f956e4ccdc,551362934.470062
d88bba495701ae7a44eecc64,701218052.8773991
00571815d5a7f208eb3e7737,756276547.3167793
d626a635ee75c23aee2fb327,819946023.9394296
7e3937cfe43dc906983fd321,875444083.7972573
ddd8906ea4a22b782c7888bd,607982081.125652
258abe0fc321f6b24d37ad86,518009958.3857643
f637a4885488bbd499199148,530560204.98807806
97f5e6ee143998e0b3fc97c0,458362289.7944565
be4b96920e3aa5c57baa13b3,450681111.57017154
6e7f3a0cb6246f13656fc95c,732336399.3427007
0cdcd8cd52bd1967dab88a5f,498291367.18062234
83da19e7fbbca11083090574,398153804.8624428
f0cb484eb3f6e04b5b1806ab,547723745.8435946
fbf8b0f1159e89428778c847,534254981.7849709
7c316b981173919b6cae5516,619365083.8743247
d6496a3215daad9089fcd5c6,829753920.6867851
e104567c1cc70000692f502c,624793320.4342499
c4476befe0002dcd0c315993,510010598.1391229
3008e821640b33a8d70beec9,598483208.9730238
9eaaf577807d86ab64fb14ae,347791615.2668869
9db120a76af04028d2f0ce68,392566580.18767035
81e1f8b1c0e3b15f2ebfd84a,597706188.3436612
9943a2530009f62cab6b466f,443259618.2286267
a8052c48a500926214eb2e1e,603738142.7968261
3335313b9060ff29782906b6,570807883.6775411
cb93bf58a01eb262cb003061,589819621.0472803
0e04f84529d92f2832ef986f,612094189.1104045
807d7f5155bd299afbb6491f,574246179.7725965
76558d67def95bc708039f05,644921296.1960611
bb19983466b1a1184ee7ea1c,667394568.6134232
34067d9b2b4e45be1e5cfa32,673631995.1651467
1c4fab7d9cf798617fa90a19,558130413.0489544
b4d610e0ecfe007c133a5ea4,604004501.7029204
ffbedc0873b99654d10188a3,608530498.5771365
ac413fd87de33153899a1d04,465117176.2197251
83349bba5fbddbfa2db5078a,613745383.663846
0a759932f763df64a463ac18,576508874.9037559
fd9ebf37acdbb0e4bffd2fb3,451946777.39801496
f725f6ebcc3fdeed22bee385,509581862.76688373
ceee9fd6e692196b960443d8,451946777.39801496
bc10eea54e4a1767881a2391,460021628.4571694
4ed5718470ffa3e5b5f40bae,453569380.57400906
debd031585e9527fe00f116d,585919408.0484314
23b5f2af5d39edd25db6a522,575060097.2062994
f51000446ab65417942e535d,553604724.0510979
e6ed64435c659f236cf213a8,606562979.0788182
b160d30961ddd3dac16184b8,652905671.0524079
0cad79296edb4b18582dd77c,653236191.2930567
7bbf8e16cc32dec423afa6b3,536279500.4851863
acf98212eb702c79f16bb058,596246797.3226607
1747dd033c2c2769974a06af,548094853.402008
d54e80ee72354c70cb84323a,548094853.402008
de901d3433ade456e9edcd79,548094853.402008
3fea10126c0c651f02de7167,548094853.402008
f823f6d95b4340e8e4dd0d57,548094853.402008
ff6fa86afbf9da2aa8eb7991,548094853.402008
a966f298e8d4d3d580a72d99,548094853.402008
5b0918cab84af6fa6c464037,588437815.4914054
bb1ece5366ebb2ef9d52708d,450709336.1267842
fa926bec03068764c8545d41,422824610.26338446
3bb987adb4ff573ef09b8c12,506874595.9350447
d7fb188814d4c118ccd83989,457711722.62972486
ba511b37b4bda08d191c68da,449309706.80157816
3c2f62f464aa5c48c470bff2,639241149.4676524
3256c6c6f30aea9cc79b7283,594871776.269815
9844c3773f7a50c71f218e99,736512866.0758151
23229e392dbd8fd9d80637da,822854560.2083104
e0f47a028df2dbe9129cde7d,746299689.5416951
a12f0f00148e564ef78838c5,846576962.427379
d3ace27450b980262ba9bf76,784552773.5796515
0668a4a4521c783a2d817413,791501660.1774389
768f69f0241fe339b6f52fa2,836839847.6485951
e78ef4d2b165a8e8781c258d,650720676.190826
631ecfa47fe167bfaaa967e5,434580742.82683855
954e3065b1e8b31a68f6d4be,601982370.1648586
e81c5c1b820636f691e5c5cc,722285111.7868837
b4c779732e827ab2fec8e8eb,618424129.9638376
b58208759ce1402501f68906,457151776.3759301
59805e5f4080246ac1d92b34,602108738.4376698
a3fd38336516b98117e328b7,629830303.0306934
c0bf06891690188e17ceeb8a,554287887.9837772
efc8ccaeb09a5e1bb0bfe011,590983782.8778504
8e604d41e0cfe9c93ad536d8,708580946.1872166
f770b66579bf2b55a714c43a,588692138.6363647
4e01f07ee4b1241360de460e,684477546.6807811
dba1be42bef913f35a95735b,565666557.3258092
d839ca90c5df85e5cab54ea1,584494635.5266656
ffaca67ff9f0d7cbd5bbd295,675611229.8053101
6f17875bd3ecf00566dd5c1b,621048542.8730882
10d01825744060a7b777ee4e,519028398.47527647
185b333862e7420f25622efa,552616837.1796359
7f7141f5e1a7964ac6dc688e,774142933.6507776
adae78b82caeb073d84f02ee,566020644.6328833
4c0f9275581b5572635613a1,490534850.68263966
9d6810aa1035e91b72de6a26,479174721.3576968
069798704327652a899a189d,518322377.6782789
2f34de2546f13e8a9dee1edf,634051441.5753722
8147da5e5f53a163443e8506,471090315.19009733
6834b61ee23cf04daf4fb83e,754159475.2913375
59cbc0e7dc6e6922feffab8f,512855840.93018425
7cfe5c3f5cb1bf095eb2c503,479565047.104187
d916219daa90cd2d99edc609,542568728.7812169
e78ad3483c5aa5a7a4310720,608847728.8230764
d048fdc255a5a7f474d48c0a,663688985.8842549
b76a3fe6a49dcae6e6bf5815,625303785.299612
75fa60dfb737ad50073848f2,594446562.9061047
83c1d0e2b8826844416abd9b,559764282.2348716
8c02948b66db263420c20d3d,630829743.5110962
33ab442cf58cfaa33eefb6dd,373424802.51137114
d379dc03d78685ad14c647c0,470278122.9591984
5e36efb290bb265d81706bd4,506979489.1632222
db534a5f57e92d29b9e150cf,623798520.1761281
5354a816a7da90e205448832,561091784.9367266
f0862f57dd6be5e7659c65ba,500003726.08197993
7d58eba13f418d890ef563da,560910419.8432811
c2fc3f04c3870e14b89d5fbb,643477537.0256207
15537000b6806ee84d4615bf,663688985.8842549
e82508e88e3f62fc8e67dc16,767517820.8093027
86ee57ce617b2be312a9efd6,749324187.7969729
6bcc29a0afc735bcf3621595,691752124.2213053
d79e2addf7c11180be222103,741519267.8147684
adeadac88e573824f08efa21,528230998.01177657
922c37e46fe9e75e73fc1f35,517794393.9429431
5d09f2d1cc5fec761ac4372d,531149870.70140696
8c5aa3c826f325a9a6c6f524,531149870.70140696
fd0c010fa0c4b84dc75ede86,630067933.7948416
c23150d0aaaf932579561998,483293613.878656
163405cd6248bc3e832dc93a,551255058.9467291
eed12d0c3e65e9989fc4f4bd,667955621.7774909
e6fd53315e92a55c6b67405f,591529335.1914994
7a3ec914a15b47726567af96,490062123.0594505
7f02f056d5eb4aff92b44659,509434347.5429352
2d5d9119602c228b333402a4,659296396.563365
43fefda5a3b0781578d9f2d3,599657303.984381
513211d9f07fd6645711ae31,430800627.35914433
c3e1e0d2618556de7df13403,476967429.3471075
b4a4d705930d9afe896dff17,526452372.89398694
e44b023e39910ed29f4dde2d,469383146.22835475
4e78d095988a92642a1bd18c,519910599.03373635
92507b623f039b4ef5be8870,595359662.5347185
e216fba4bffe753a527ecd4c,537169740.1095217
24a4199c17f9c56f0b3ed12f,587424786.204278
6bbf09c3bbc3e3a000cd2afb,471090315.19009733
b3d45812baa819caa1400255,583584755.426232
2688e4cd1fd441d1da455504,512504630.26615006
5dc1fd6ec7ec8c8af71e3b6b,826321737.5824995
f7b7e298ca8fb75e11e92999,488481643.40369874
05b71daf88eff5ae8cf5789d,463004816.7082619
e8a7ddb4e5d43d156692326c,817624118.685194
632820af2a0477aea5ccfa1e,630416020.8675742
43a3fbb8218e73b956ca50fe,720848313.3655566
398c195aa41ace34a16b0d7b,609004721.8901818
ef3887783a12f591198d6c27,464159391.4653229
e6653cc1c94306d4e56ba216,658816356.7733643
166c21ff83e97c6e74169d92,607895029.42197
d0fccd2708fc7def00c72317,602734622.3643925
d66bd7e4bc7b51d23af57de2,630719590.1668822
8b47b76193159a21c3580a3f,614481130.0791769
448d159391c38e4ffcc405b4,382668847.25593776
9ce7fb3190866e6a02e01e26,509523937.2819778
c25f892c01420855f61c3dd9,487465416.3166031
2d5ccb12ebb6fc7d4ba462b0,506453129.6222699
9eb4041ed9e159ec0d890de6,547688973.8890247
c342f6492f90ccf623e8e8cf,440197184.57956004
c3a78d9bb10165d9be188394,602743039.8762226
1978d8fc2031af21e98a4e9e,573861314.1628299
d6d581e852a025b61cffd6cc,610820282.1045365
ea28f68a1d1d81d29b88531d,590380067.4077524
a3cc0422a37512ae124013d8,530463009.04011595
073a3ae443f3333f0f526f7e,597588687.902782
57238dca767ebf3a842c5f10,702639971.4782681
113887ac25fbff9d30fe8d35,524091449.94954944
fed1a50c562ffd7f30451adf,453645336.2161755
b1e9075645f4b374c7301346,632460383.8419236
6517c1efabdea4c1f93078b7,535892047.695915
b966fa606a3b50d3ac7249f6,932697415.6843578
e0ad3e9588636f454e9e484d,657707403.7202022
d7ad46cde8eca723de6510d7,647294386.0612259
447f51e37fda773ab748814b,552110824.536896
a6b992c9bf4eb32ab3d1df4e,332396525.20174974
3a9c7ec02f3e7e419669fee2,436125078.7777173
c908280d0461c3585af94d53,659754322.0966196
b3616a055e722e3720cca48c,571370182.139168
45a8f6d942533794501d775d,644571525.3073052
b6da1db3aa02debd11e26edc,546270325.5981019
6d12669907d7d80d0b458a93,578043258.2959157
5122b2e9638d3438434fc56b,882619441.2496305
6367a127b452cfa27043f74f,685914095.0883186
fb3d29813052141c015669c2,520270175.2509323
5fb76f2095eb1a5cacc2524d,644594801.3054012
95632ec6578a204881694dc2,628973487.0020008
846b75324c0f3cbb027387c3,569333271.163345
940dd8311f2b49d4ec212fde,716694933.6330597
bd0261ab68cf56950ccdced9,487537419.52157766
f79f0c23b5cb96b5d022582c,525912097.434248
795cd68f9a5ef45902712524,529099291.1903099
d908973d90db91f772890c9e,519597250.795935
d670be6c848b1e92abbf415d,495772176.73091024
87b940bd3dae37b9fdac5d4f,533560130.57948506
8a7ddcd0c452e7993bc5087b,440064855.25062376
8925e22f8511be30d50545cd,652940952.7532142
1342c307971094041c9c240b,568259056.7366104
385488342bff3d3587250c84,724722721.3750283
f8e25b7d7e93c45df1b3a4c5,813788667.8915507
fa4f331f05b1488990a69ec8,892329817.1410629
a71d187784b309d65cea0b14,947738001.8304728
0f44b84024412099f27439a7,545090677.1947552
0ea1a5d32324d270cde1993a,581034703.6335726
b13cdf9314a34852e8db4221,615487723.3358253
75e0815e2ba7269a10d9786f,516147476.5377978
f42b6680baf774d27fdf1e48,492676215.4635984
5cde1a59393643d7ed4e909b,555790601.4638735
8736dfe0f1c6e2181b0ee31e,602110552.2065891
5859ec20de4a5036292ee947,566185145.3499584
1eee0ff52c53f04307cc3216,609709772.1145571
b455979bc938acd34a580eac,512254060.16154176
6921133528bd6fa3675ce8de,825235621.9658828
3d266736d0307404a5804073,511889061.73428756
f4f6e48b618064ced466c302,463655768.5114379
dcf606270a4612aafc5f9f29,534715984.300451
5e455623c380290e0a8e4e48,504261352.8442518
ac3c9d9357fbe72959817602,503566331.6789394
f48fb9d9c42b0ebee72cfcaa,470344082.10232973
dc99f2871bc05ea7e8a97d72,512254060.16154176
b5cfd5eba0b6297cefd6d3d5,655018615.5533782
0dd30227247f145bae82f96c,706887099.8186821
9f347bf53e4ca4d264a45241,549500393.7825617
81406ce289219cdab015549d,659754322.0966196
a085fab6d9b9d8c24472cfb0,882619441.2496305
1fce0e993a57a3e3873b8d7c,869201689.6586165
af67d51867f382dcd9cf34b0,760006630.71032
432f082ac51bb0d39ce45b0c,777245905.3703077
b6281efabdbff697d70925e6,639170610.9893125
9215d29512b14aab6178da01,1129700935.2850335
6218a5d7267f02c576e5bf16,464536097.3249937
d66cca2c8e08c89af26e7622,609416032.3322997
ad3b4ae81c322a9f91381bea,653442630.0196265
3a40bebb521445fcd32cf033,711989699.3827008
c1ca38f941200a9d666aaedc,497257689.7462516
a1da74ec074df16a1e8690b9,908804425.1328285
502154647e351af240615b98,653106778.7080495
b57cd3eb0290984f061e1053,484152301.1180278
4db632fdebc000c9e64a589b,530332526.1864207
e380184391898aaa2d3dc540,563201541.0993323
dca45f1c1a79ea5ebe639920,661006411.2764118
961de1cc8601447b03682e1d,479676645.9265997
60a4f09c268e61fbbe423ff1,413702647.01249623
c3191b6b40191009ae9f4b7f,930562537.5169593
478ac408d2a5c603aa23cbd5,693711639.3172615
ecdb747ee4a3ebf958252309,383919928.58171135
6c36e346957e336a33a7708d,510521770.6798896
09b18e3f3cabb7d5469a8d51,624386749.2312106
f1a5856ba56e7b12cbb9459b,440196867.68428373
c378ef33f40f8be9263e517b,548116280.6309887
b45911f1875da543199e97b6,752154693.4206531
678c70903bcb6c90e3578d6f,699678800.0954232
be22ce55ba31cbf7cd285e5b,562552606.6413974
2dc58e6aab9399e9677265a6,685456399.2386997
dae55582e86b1f514a4ec3bc,574352288.5137222
c119f62348e418d9ada13362,627465947.524763
33510511ff07dc7354cca7e8,652537684.0074282
16b79a8af9d6376c73c2478e,551769816.357584
714f90489426e80933ef31b3,489054534.36302274
6c8e1cda487c9841c8d297d4,495156857.124987
6d9c4bf994147d8892d27f27,566298930.1250092
1b300634b71b898299c54671,647490490.2480202
181caecd269e115cb5cfd75e,426229196.4896172
059516a91f938d2e8fbcca0b,662684158.8122864
c42ce8f9f62f7a315e028e3b,481572826.8748221
bc23e25cc246ced4731ce5f5,642297452.5715827
de44f54fd6b1b62f30956f5c,617533814.0995961
2ef897a38b95d7b769856e78,477327365.7286738
2280b5f7c47c3b36924b84a9,407882228.36295855
16ef7eaf29eab571e229e537,680565283.6590312
48b1f800656bcae6a9e70802,611980209.7122097
b4aa025f8813a3f0b132b7e0,479320398.10553896
3c6092e8458ee81aed0db0a3,462662428.85542554
d919dc64995903c9120eb61a,636154683.9497979
ef53741b01120666a08db213,573028554.3204026
c3dc5ad23dc8cfce0671adde,552658767.7437452
a270fe47ba30ef0056ec6c4c,441205563.7182569
f550bc7ab5992a6fb48eb60a,795601011.5216002
28f980b3c741866e0db5b761,634541331.5009058
c2ebd39857dbbacb99e6cc96,611721097.1024152
bb9fa21902daecf876c0467f,624132510.8334194
fea142787b18327108ee8929,547116544.408062
a1647603f732f97a99f5ec6e,615358163.2353431
775f25d8144580541bf2746b,474710927.15191495
527a8fb085995119f846a5d1,775450466.9744779
8b69bb9fd7f0f19a248f5cf3,489658720.7732539
3b14b48188fdbb0917414039,422824610.26338446
02259637b8ef1311c69d3d90,579224546.275517
50eeed30ba674cb079689afb,498411031.87431073
5fc3634e1fcc96b9215a6cd9,639514625.76901
23cc24e23a1d74159ff78464,622811219.3757868
44551251fe345b31ed71aa5b,649915656.6879524
82ad984f02ccda30bd60da8c,675028849.725822
5734cd4805f5c055d36ec645,589337428.004773
fc7ecefb27bbb5c3e25e899f,354607561.01988447
5ecbd5b92092264f4e9101bd,496829923.61097026
83a8d9df3a535fd273b27c15,827310592.9724476
d76fadda8063e44483aa024e,713714105.3559395
a15bf12a6b8749ac8f9de19c,365319184.2151551
a3f32d81f4cd99dc85a16bcb,460299292.0148563
4029115038a899d98dc93d3a,774155912.2096591
2326bb628b4a571921eb7345,445976363.52112716
471d6fb8037049e1e4d120a7,789482901.2976887
b73945103f07da807f7a30dc,846576962.427379
d6f4479f9226e52c93d70eca,410066934.1244676
420b03095062d9571144a276,569295138.3598591
ac0185c8f724ddd40bc0d235,454549109.3709068
228280554ba149e60f81d639,519831643.8090537
8a44e15417d8e520a99454b2,339148250.4693722
8978ec4c5b2f02fbc1f57820,749583094.6140637
2ab88dcecdb565b6412f5bfa,453491559.7785979
1dd6f560c804c4548561cae6,750541854.45198
90e94b7e392f84e01a5f1551,579044004.0180913
84aa7d1c2590f37f0fd6dca1,542657594.0344958
0821fde7debf7cc445434024,454226164.48488826
b9973b07c84b99dd1018050d,499125702.3267302
169013bdcc2ef214e0163ccb,591085053.4617355
3c8eaefb3f5dd8d4c9f5386c,626139632.8482864
42d91ed3f3615247f57ebecc,526316842.97659636
a7f1397df30d6521c216e331,568554485.3439264
f6c6ee12e338b1f9730b6e2c,442854723.8728578
8f4687b666256e136148c3d0,601422150.5452195
925f83e20a153a1e094bc606,681415484.7093009
cd270a11dd8257648d1f0444,609729491.8681321
ab11db71265771ed4d9de64b,391372410.63862306
ec199e33b7557dd669fe1aa4,390812039.2618627
b47fe4670c6b065a9e1db429,423155311.06254375
918947d51e52e0caf692f22f,461868640.108031
070543b03770991d65cc337f,734884674.414725
f45dfcffe189327cb0d303f2,583750606.4678375
d2e7484c81358d4c79f040b7,525732986.0910865
73ff3a6b0cf4f7ffb244507b,523871800.96788013
b0cdf05097df437354564bc8,332649472.6043458
33ea5de5e8f5c639a213414d,713802920.4767336
c94056bc09a4bea0e853cc41,479055086.36164606
6d5a91ae44cad7849dc4e969,615985223.5558686
b52e0738dec9d2f119c75a9c,462370633.6648417
0e35349077490a01f25e2ddb,563770162.4406831
9a5fdeb5f389590eb46e7aac,654043784.01359
337c81be4cb14d494ca69db4,516659658.33142674
ff28f1a1ea72e21acb157f08,796465610.716417
e83ef75473fefbf8d7e52302,385574779.3654787
6d3e508ff42615eb78862723,590158336.245571
3b7ddf527979726fb8aa1683,500917689.7693188
7b08cade91e2be20656ee856,449260133.4437825
59cb7abb39785d5263a156c3,636735455.2027106
bc48ec7245297b4cb85dca1c,685492240.2704785
0f366a36001c0766521b9dce,582909547.1504732
6ea022e53741adac484c1798,614304829.4584321
aebd6304298f84e7d440c379,701818126.8282177
c5b333e454ed6e93ad32d96d,497053459.76076365
bcd31d201096351079cf7ce4,492897176.6519376
46cf5b18fd7bac0d3332d70a,637679292.0993712
1dcff645d389e7b687a498f2,580381016.2368578
cadbfbea1d03e6538af648e5,415366303.66771245
9dc0c6ef8389978be58daa59,697549539.7122234
fdc00f6ebd155e84a387878c,499125702.3267302
99c1b39476ee8e2ebfff6ffc,588249503.1393973
8930f231a5b9d8db14e9c656,555746117.7458539
2dee15f1b082bb986f8d9513,622062626.3695717
346c734ce163296a07526a35,593108835.6236595
6079fb3769f843e99b47988a,569057459.1097679
f5802200af1d28eb48466c1d,559946329.2871933
1f8068ab65469ba56a1f0c4a,559946329.2871933
1ee45a731b6f0242b6d2936d,569057459.1097679
56b7a6da82134b135fb7de2d,546941604.584515
340c4d762f830197fdaf0977,724305165.9063948
1bdc0d441e63089737ac4c27,656902018.598304
b3d82ceeac64b64142286375,500602240.0971022
947421747f33db213e6b1326,540665233.4902964
bfdbb7aef98d4855d459ac94,508166282.96991205
80e88d50c151d5534a57f61c,628176953.4724602
d0f6e19e92c03b40a5aae3fa,945884080.0718646
6e2a3e49dd6434ed01eb5e71,560871919.5416075
89e2d612654b3c792311faf7,623689769.9143558
29425249fed4a74ada083dc5,473467658.07441396
fe0182e1795e2b87eef4bf41,648056143.5254318
dc9cd30b760a1280e0318512,636653305.1424276
d22313a06e43b8ab8f6672fa,499324835.50858516
f91cc2e5edcbb704c293084a,869512835.6711893
dae776f643e809387148900f,972383574.0288163
e55634fce84f78466095e730,541024028.2546278
a507a938532411f06c57ed8f,575734422.1902308
30f3b383f2d5e4709c9304b1,699690079.1172687
aaa43db51d1ddea564d1bd2e,608763145.8466296
b3e76a0a1fcacd0218c17908,393749755.5449038
e548ef7a5650696c0e968cf3,697178005.7523406
939afc1f6250d528b0be8e3a,573056693.0576603
405baee61afa4b08dc25e586,655372299.1851814
0c4781c598c06d538c5fcdf7,609470878.5717069
fc321e2d9b4e954e80805be2,631869296.650281
dce18d258c352b7edc60c304,680071892.3220916
7b0a2bd964c04d01387d78de,606412724.7220277
43fd6b5cb01d05c9b1db0e65,665621769.3496294
cf0152b0a5e886e8291ef4a8,626818221.1264648
d05030b0eb8931161855450b,642847330.5050273
281ea3a3fab48c028721ee1d,592178444.4801072
4fcba82455866a6931590dec,651430876.2381216
ecc5e3781d5e004ceef8cf76,572846004.1428653
409cb370961c60bacbdf7416,390812039.2618627
54445913b2dc2d6ba35abc66,572846004.1428653
51a8c190ffb673d4fc27f4e1,553512061.160567
80e7c6b194b3229e3e2b9aae,594602960.3927745
bbfc9b05caa647bd95b3c88f,558026304.9891192
128cb9247755abf5f2801431,605656164.6005751
ac180e846fda5cd7f1123f6d,676581955.1994807
1e7173670334937dc61243a1,559763778.0656505
c2555955d5175b31e5f783ac,583230680.9212421
d87bbd60fdb8b84a9fe23ba7,648913546.6638939
825012911321d636425cd0bb,645871857.3326405
54561e6ed5570577ea97eeeb,631205083.9513043
3a2a2df4f07902b04b809125,825577471.979744
ea7e3ba584cc5ee45ff8ba7b,599766856.5672506
25093735f186b70beb018317,500370883.10721356
7fe1adc0a5873cbba4b021d1,942206491.044917
461749398bbd48d69b444d7b,455360935.0806807
eb8f668912b70fd554c8c723,610274567.126496
e2f00293305c464b361b6178,597783213.0221117
02a0a38b45e1b196165b0098,525673827.55466306
0e6dc789744b678028e74d56,628041210.9332145
58954e79191c62ceb1ead100,637367639.9349333
23aa0804aabdc61650b8562a,467283948.49659246
ef64565957b5278185b2429e,500070174.8452787
253725ec3d7939088faf71b7,445053904.1031665
a9683df184aa8b4ad5d0cc5a,525095719.4156906
3c38153bc36b364b92548965,456771359.43998116
286cdf6dfcd95ee9edf73a93,620712416.8472909
df93a6e36d9f19e252fa9de3,440775911.4956694
586fde402c82c1eb5a74d634,423928895.5901309
5fd3b0299c0d52e48195fbdc,443505488.36619323
06d33fff99a62c330ef2d585,476878070.2940057
df98fd10dd8ae59956994521,497722254.3916978
361715cb422c5fcd9125d5e6,453477930.8528349
af68665ae8711d009e8810ff,478359424.93852234
63f3295df28c02953241e2a0,654546661.2488731
62d338c26b44153bb075b234,744842741.8419892
41a269c661f20e443a7a25f6,591212857.8200417
c5a8695b7aeba06e46266959,615658713.5658077
17e5796a30da5eaf310d02b4,513221156.77666485
69acab4a6f82ae943850b9ae,650069951.8197975
5fc3ffb33090bf75a81aad8b,622808599.5670106
02d89daa77bb313328fe0c4e,492477693.73737437
6ad1fb94accb91bbc30449c4,382513479.3231772
a1cd215fa99b8776818d0b0b,422223070.68134695
0553a3aa7d961ada6dfcd52d,520620985.69192994
c6ecbe7b57db2db74b0d788f,607730763.3707526
a4b23fbdbc7bbd45c5ebf80e,709826262.3459158
3bb15c6313ee70bf4d88f4e0,576099930.8413954
e05c52c9c8fcb792ace06b61,515643287.28502786
5fc77edb0e5bec0ed8e72a60,778267903.8922893
85e15a0a63ffe482c68ec474,744838825.9616237
859025f2f41efa521a74a00c,431444677.7223276
1672a21e6b2d8d0525df1759,487973043.4770669
7d4097722aad95158c51d24a,453267151.04334
174fa597347f2b1d3e9016e3,567989964.7058091
3f081fb77ad08f8370569bf9,506593422.5724186
74cea4c9dc0e00dbbcff8b1d,822153692.6119429
4f5de1bc90694fedd216ef40,882375314.0889635
8fa4be9ac1ef719dda1f96bf,534790320.1551809
3db3b80a902c10004cd3a3d5,771805674.9266344
bf02fad806fde4e3575e75c7,631974836.7420709
edd2afd07fa1305fc3126078,339143104.4850738
bd5d2030639ef16370cca032,674184375.4175754
87e74ed42a2c8c97f7bdd239,687361805.3988905
d1c6037d0750bcfe47d425a5,628219500.3132268
763c9a528d0f99f34e5b0031,518573780.90750015
8b674605311d296990ec72e7,465606819.1528052
d7cc3d199e538258fcc83f75,449709306.7164321
ec6ffe86e9ece6fc03556ea5,429679246.34127486
9762ecd72557ad6728274e1d,539943111.5777793
49a2d111903c77053d44573f,490168800.1222992
d06ab7503c6deaf9cd405f66,759124633.1014669
23e7dd821ec2601ee2c6e353,906043012.776771
81519727c7ad9f60d2c5f224,668620362.0958625
a4a5b6a844c14b4eca92dc49,910397616.0459903
7e647c5e0a7d95ce87cfc8fd,904266301.5798439
7a1bca1ed03e7cd0e277fb95,442880811.15192235
03eb8da7205428e61bfb2845,429198628.05695033
82780776619be0eade3d72ef,442871806.0567251
4c03afca943c3f2484b8db6f,440998603.1203725
85d731901b48348f57932240,622477804.9621785
739de8928aab4ec77a1ecb0b,467034954.0746974
7f45d3809b08bb32a45139f8,436879212.9168135
cd14f8aa1613d754221c4735,575288031.8337011
537a9a2dd0ace0d0131722a1,535016233.58818203
2d4a781f969a4fa2a4f04a7a,460198667.9328299
e3676f99542f27c9037fca29,616483452.7691633
bb33aa4f1a7732fc8ef19039,403766464.41101885
9f11661702873852a3d65ed6,398352250.0485596
d7f22a4e6daa572583e02640,398462135.7714701
f6ce37c42fad91fce47758aa,389829591.08083314
f57cab248d2d832725d78135,421675293.97887
9d73758bf7569cab4837e49c,590613351.7430925
322bad590ae06fb48f80c533,469608246.3902957
5a7b67d4c79ecd83b7ab66e9,642201531.7269877
8dfd846e6df9a040ae1188b7,512690643.45266944
44a587fc89d6b6489157ff49,735065558.7647984
f9ce5b7edb104d4e8407a344,549660734.7340511
73786d11f1fa714aaa9f1f90,649476037.1789423
cc72295ef156cb2d60d6b10f,721199612.7656785
c9851396352bfeb05fbd7580,737982143.0398581
b3561144c745ae3d329dfe1e,484888595.2144733
7ccaf332cf87e07b38b340d9,873298352.2498006
d63fe229354bef8b02b4a934,657613946.5104551
2e0a8235637e98dfea862909,693929275.3876554
0a1b14f320e330b405b27a6b,635424667.7020965
db41266d7b500a6daead96cc,361671435.9387753
364b8b8759e3c408c4005021,653190797.3597187
73bcd7efb7a25587bb1c31ff,585701232.9082739
17060f24d81fe2661c7628c9,606888864.7151636
98318f22c00ab335d8aa23c0,565650063.3873199
c926feb307c493aea729001d,348006211.3347785
58d92e8a26589e37b7123716,469935426.4013258
54d11dce9374378326f7ac62,614804409.6054323
8e79eebcff019c3362a76a26,601116284.333383
02cb957c3db9ded3691a9004,523194610.11683625
561689dc0f267cc5011ede3a,598529931.067044
1533da89d388196f19e2c5a3,597205848.9575121
069ddc5d1f3c855e6498ac50,435270848.31383073
d3aee2a35856634eb710efa9,464569522.5246136
4bad966abb5e8c4121ec69fc,491502213.38063943
f059e39d22124eb9e7e8e20c,742129662.9839373
3360f48c1ec30dd1c3175101,447416660.80895275
2218c6bddc994984cdc6e567,444541820.19158876
c2a9b4b389ae6f20140e21eb,561009565.0951097
d135cfa351ed6abe4ec2033b,591085053.4617355
668e5bdda1f4011578534f54,688871609.396032
d2aa3386ae240d7387424e07,557221723.30505
e4f2ec7e2f4389c1efa52c0f,594473740.0636299
d4f90a6b73b1e179d3f8eb70,599209531.0976586
5738bc8873b341bf92ece0db,454281733.98209125
2906d21b1d96a1ec43bab50b,604660736.9900781
4e1bfbbd8689a95fc97fabdd,578901250.926607
78410b0193dc989de2d24da3,589445492.7310276
fd7f194d9929a6f28ea57cf4,627592747.177577
5e7ac1ffc0886c27471d1a54,559237367.4995959
879d9e3b4ef9063de41ddaed,468567678.4081972
4bf620c6c6d4c916bea70e81,544957915.0348711
573bf87f57db6e037aeb94b1,579177964.3518072
3ff7b739ce65f0b3066806ba,630383150.1873844
a456f85bbae3f189ff424e8f,507502907.2166567
6683685692e955a8ff172c89,628026633.5451531
82e1ae440b386c7da3a580be,663655717.5532441
efd178c4aaf3fc9d05b8dbdb,426017956.0159485
55ea155410b001104518e992,423026165.58776224
32a10e550bf7095627d17da3,439152033.96671087
823124264778e5ed64d8664d,624627411.2849183
fb01d990afd25ef96ed048da,844401764.151403
df22426db407f4c660681c7f,564720709.092429
44fab96fa2ea501e0b94548d,719969820.2229058
871204bd1b3505acfa632954,620511008.9766905
3d63320260d150d134fe8648,670754752.1395978
b8b9b90d5721a9ed5e72b328,615479258.3399034
926d12cfe05643554837664c,640323430.183582
cfba6db03f0e38d1aa0802a7,623845333.2010286
97b12012ece8a740944aa547,609317737.3275477
8de317591cefdbc375a41483,554115207.7303584
46d34fc9a8edcc199a537b30,610885166.8857474
262e3b4091dfa6b71af020ea,555555054.1537703
396761edaa353e0828949bbb,342234594.91426015
8c18d3417886c150136a03ba,466034386.9840011
f053d3918234bad409410755,438974874.0533681
8f5444b81998e52ad76b3ddc,647248775.597848
0daf89cf494e0f40a94d3e5c,531455731.2865363
dd8c289ec872be3fe3352313,647875010.140151
f02f6c5b97b8e3cc5d5a74dd,555450268.6702427
5f39cf56c4e1bd43f61ecde4,669511253.2244701
5e187b07578d582ff3d8e189,522168512.428817
bd018b302f732baecd085ff0,749799695.7783391
674cccf4c7772d6091166aae,895426704.4262329
38e84c560b0455548ce186e4,578726925.9136996
d14173913bf5ed21e3ab50fb,509831266.64610124
cb8844cf2070d8697bcccf27,372927746.155554
6b44648a905e7f4c0de6c855,505337549.28838605
148aedc984c7f6831c7f9601,434963416.9364776
ff9d1cf7bd90c5e47a0bba3f,515192040.2254098
9353136b0c791bec58f93ad2,556702674.7223915
de2137c70bacfd5087bc5c68,634250508.7669532
12bf6b9badebc2902cc11c62,482335132.35048157
c0706c78d5d98202dc24e46b,614864653.3260719
4394a27b21889bf78927ddf8,491976150.2039239
0ebbe9d3831727f90d677ed0,708849104.0424176
caec584b5b6998684bbc6a70,545117096.0910552
0c302f1c924f8efe0b6bb58e,570185461.0976894
e056ada7a37336bbe878f38b,697278936.2632096
905cea21c0ce1cae97fe86ab,746743438.6456555
e286b12e5aa7929334322842,543056864.7820168
6cd4e68300a8bafb9d22700d,673686106.609477
39124b1ec419566a371af8d4,710668998.2904857
6110b5bf07cf38c437c7ca8a,894464050.6212556
6f8a22e4dd21f44bc6d383af,807652511.8464379
71eebcb108c4828b8bd5b84a,647363943.7659398
5d61946d53efdd9bd0af140b,580281850.0570697
c0620585c12f3d9f1298696f,587179851.3910682
d27283e3c941f8fc256c3f4f,649913390.5884686
2acc857ede19953734600dcd,596466064.514842
32474481a0f8af34a4edfec9,612348141.3413869
6720db016112cd2a4a5e0358,666532040.1302427
959d0cba47f650933b9a5168,622601534.845776
32d2c5f1707b00c93407a19a,420717576.68103594
0ffdec8eb5272d9fe4775251,432987182.5679947
c77d7a08d5b9abd4d3082fb5,435806821.8547942
a3021c7c465dfdd38cda9f9c,596077745.7169849
aa24974831a0c608635bbcea,638073701.7768937
eeca3f5c399785a1cf15b1c6,653580765.2911406
0b51fb3a65a86d7799f27264,413813970.4443477
1af16b7f14dc04f05edf71ea,542657594.0344958
e0d7e4dffa0f3dbc40c7da53,638690648.4530818
cfeb42023e2737491b3e4283,667903271.8790444
dd4e23681e00fa1cb9a679a1,438789914.44303447
153c89081fd85dcc66a02421,698732523.7646048
f25b2ce0d988bf5490fd780a,621519750.7487724
8700c9b62ff5a5c3394b0bd8,613175473.5932943
a53b105919c7b46c0cc1b003,562425426.5682625
1c835128915211131bc561ab,531665055.3517846
a0c6e0c6fe41e32b3bcb2b26,610043127.9383911
4eff2f2297ce85a0a3964d2c,566898017.8489797
57062f248424c47282d3da30,453263907.4253739
99e860bbf3033ee4654d393b,541896851.4137074
db8912c5c5e5e49431b2c85c,666697988.9539376
3151daf55106dd159f27a8b6,510881141.76264757
3e8a4318d93b1fed4c48f48d,734510106.4306514
4c8ca73cb51a58933de61f0b,477082686.6866025
925754da6fea9c9cdc06e18e,662480186.0846322
05119815bd72ced29391ba87,573955166.5592244
aae7cca10bd7f041c8e02d23,644285052.2748059
4890edc33a555cbbac71795c,653711668.3958843
902fbbf9f5037be8759775a7,595251479.2625624
d013a0e910b1fe2e3913af7a,604235727.626464
9c38b9798313a3091d13b340,871964669.8384516
f04d3ee8b175c8f2f30f4f39,1105388231.7894895
f0f883c45e8470e74280e8ca,545459882.5401973
af820361d5f20198bacf839c,480395375.7605674
01636da0aa2bc223af023a13,406421985.43601376
cdef6e87c007bcd9b4efa9fa,752415697.3196666
1d45332e2f04df18cdac590c,490217634.4166373
db3dae76fed5fdbed29862fe,480019436.3244897
f36a379e0149d4800e793001,761355635.0826352
30d2ac3ecb8150e4d4339d1a,710905931.1342056
7f78955c480d050f2c8ae3c9,651978981.8466473
cb1dcee1f4ede0877be1ad15,593888693.1053469
a32d2c51f2bd5f23bb519d12,605352406.8969345
bcac2a4cacf13a91805557c1,536249924.10919106
a21afcc258e50a538dfd43ed,363059040.10735095
7202b83b651382e2630359c3,508574972.9864535
77d6855eb6a30d268e49eb1a,441287881.0566293
204ddf6ba4822d55ba80f713,429575788.0712349
e0587d29cb717f725e991ef3,612623507.0522615
c606665f3a3f70ef61fa5cf0,584909110.8059253
44412a9e16b2824c4a520a72,435594726.04074365
313abf19d78b719cce4b3188,552952091.9214814
99ad7b36c3c916393e951507,468858123.6093052
c34c2aabac06323fa180b24b,493872675.63182473
37f39916813a58b844e17833,598634352.5213817
6ab7f97fb9880e48fab16a1a,509570241.8366018
0e6c74a0056ee94b10bfa86a,612658027.8325989
7fdbc3fed9c9607e6d01e958,501864414.11607826
01018b9796a105be650ec802,625696951.5552
16ede6f8833a93677d05a131,517912787.3938145
0a53b0b7c365879a6d2cce39,573823882.1350086
a293de027279019418c070b5,468282453.73828644
973ab56a202e039f5ef37353,531227920.14959854
3e18c851788fa8724ca8b7cb,490670131.39070165
0a4b0a004c894654663bdcdb,542672517.7677346
55d4b530b881abfce2d03e56,914970664.9422773
405bc08707001684d19f6edd,592731793.4424397
dffa1057472b06bfc0fa7a66,957464098.2009829
d061615fcc6355d79665f9a6,594039124.3272994
6cd96d73fc58b1502bc6ead8,703046578.2290645
db78a3ce9c6f6a7f4ecc6853,503566331.6789394
1498ce1c1bbe2e89b84a4a45,699883514.8554379
3035d7ea4b71d204b588dccf,619958341.7429146
2b8e9560dd58d880dbe77c61,633413869.7306052
e8948741a987cbb3759b7a44,601603948.411762
20718780218eac9668776956,500438459.986182
c0a9e3f5c57cfbb4aa9b2357,706165601.9246652
5e9e9339fe1c3a06470cf7c6,637629623.8634326
f852e0f3fb8563ea6918164f,640935302.606319
e38b4072ff8b856487864f31,806771361.6289538
8cfa1121fc87d9483ec63611,773154728.7586673
1a805101f78cbb783e6f919d,505444142.7565399
98502628de3c4fd3905000a7,607476932.6345788
ff7ebaf86962fd0ab6ff41f3,533981293.2204868
69442123283ab024a911506e,633516663.0242871
ce6e91b53465250effacca98,695827920.8881825
5d42f42059617a5ca7ff3a32,574106859.3952959
01edceb6c5afc2af1e129e86,431939773.4061908
fdad0c86eb89fe93633c8571,363308723.88678324
831725656d9df81b63c0ae38,628439162.6426084
d1f8eacef9bb4d300d086837,843247122.0611974
3b6d88f864f6c1759f957c73,1088326958.9659312
5a38f908d8d75c5810280e12,501757118.39221597
c7c835349181bd3f0d964eca,1100446777.199224
edd4d560363f7575aee42d39,862242538.0680494
8f3924eb214f5194d21499b2,454475386.98875177
466c542d7825d36d18a86486,510404372.84644896
0b71d334a6db66cf6f1a8eb1,691416872.7252998
7a91cfb02df63e4396b15aeb,403981339.88505256
6140125d2a94efe499a6941d,482081872.1973876
080df3efe1fe81f97e74c4c9,362924262.9014521
e148c2b109eecef0175b3c5d,463062171.0523923
40aaf6665b489033ba0e55b5,654043784.01359
05498e49d0b875ae6aaddd83,462488236.3416419
397d0f6319465fd7fea6f710,807600070.4977727
7e6d8c4742b38854d819696b,843969990.8977292
9a8d13d56d677379ebf9a347,698429355.9614547
06bbc353bf62fda3b3786fd0,510746536.93855524
09fd7896d5445f422892b196,566148408.5925211
57c63e412f3fceedd3a7e698,517975166.68209004
32cb6246cd94f962f780a1fa,566751322.8516661
b0f9bfd521802b0d2586300b,605192565.024414
2a99204f0a53c4a4d0a2393f,661767632.7587094
7651626df0e2e3119b801466,655433564.4529742
59e48259a076518d929f5db8,345935706.9790134
e7b721ed96269bb195906bae,411737473.3415643
61c3c304eb8a06b5a483efd9,633537174.8410232
3c26b2954be250bfe239db68,500967566.27059346
0df87025a6351b435958ce95,605572831.4660878
df82719238ea0e102c282c09,643000895.6548342
57c74f7b9bc5e33cc823439f,647766880.7893497
4195a9d13c0a526d7cc959f8,599630647.0145882
0d00fdc440d7612434a6b91f,574626106.2987952
0c91369119a06c40623afbb4,624247184.3340195
5a6b30b4d33e068d421bc2a1,599431245.9541165
f4beded3c5ed9fd6cd5177c0,636135676.0316226
95e561c7292d64305a2cf4f9,599766856.5672506
67138978493b84ff42daad45,471171481.7451366
7da10de45c866c7d066d2586,453491559.7785979
3c3cc027fb179e91a46f11f4,470464895.9677185
df3ada98307fc85428022d00,471547038.2326523
e029c89d59f2caf4af4bd908,471610082.3000658
105d05ab3d5334b976e448e5,447451422.91582257
253fe7aef58ea97fefef922a,524484038.93013954
43e11f10650837933261fa7e,585289852.3709422
b111b17ae1fc17e3491b7a5b,621450542.4394693
63e1ff737ea11ec607ecee08,630491273.2330244
ae703276c49b6a6a9c39770f,659495459.8665612
799bc0f95ef9a23fc16bb1d4,878265077.1909143
bb9fe73a8742dec9b2e79135,811032709.2007047
a9b3d963a14c2c7435f30fbf,796465610.716417
7a48bc2c3f4aad08dc7fd5a8,601050384.5354695
7621f476bc8040270958de6e,620875219.6632956
c49644baf8dc51d3f76d7e7c,688235065.0663347
8c107da7487ed0cd409f4daa,599717935.383084
1bc8874a13914055c2759a35,629299057.703931
fcfd6f08490be39064aae41c,559571793.1543765
23178c72b063ecbaaa04b37a,658871418.2166209
10bf1c2d1124f6d8f8b9497b,603958431.3423626
c29b30cc5db2ffc273e4cb14,633459175.9489175
f7d11c2601959921f536f804,584132041.8769302
acbb07a2c7a0e39c0102b3a1,621579231.1624681
844e127aa7802cdf75db074c,630915084.5098325
e2d88f49873bbcc5476f4ff5,535420786.84318656
42aa1e6f6b8220a63fe165b2,621890736.926875
ab1c43d6fc4f08e315e322d7,581941624.0013227
9299c976b1afe4d2c0bf351e,601407804.1473798
cd62ad28163c8df131a8f2fb,454357103.95787156
e5e06913ec3c851340d7c91a,555036395.0871295
d9b46a34e48e04b5a3e026cc,512133169.310318
782a6028457ec55d4fd5189e,468858123.6093052
11a905e4e01e7d15d35cbb82,436879212.9168135
3b3e423e248b23090a2897ee,503653194.00422645
5915093d458d4b6589e86f59,508382245.66997635
3d162a854aa05447e2cae0c0,516659658.33142674
662a3e343a7e207ecc09d6b7,503566331.6789394
289db1292d4ee40a1ed6e518,454475386.98875177
d43d2bda7b6e4d5177c0d032,538242143.354701
b57ebf09cc691bcf009ef115,634824154.9864323
21f5bac85d5eec57acf501ef,637069029.0925221
2fa288389b3031d595973793,662944453.5436443
c900d19cade1443983274ac4,742694659.3819381
67bd5b20df7f2a9cf4e04358,497374131.7655207
e111bda6d24089dac82907ad,439732974.0920395
7910ac9782a1a315f68799c4,529078634.8447138
ee786b818284cb382c755e9d,633697255.8510121
f9b0a27bd3619ae88ffe5455,558186744.5444161
ad1c32cf75ffbcfc842e3959,422711906.01645046
5648633b1f92de1ddaa7e7ab,505756921.30934215
1ba481abe0d3890c42884d97,497374131.7655207
ce60e2ce2a420052e67564d2,599717935.383084
87e1b1170c163689d60bcd09,624232027.1074101
bb4c7900162be66534d17541,832764502.6917659
68340674853f0ea101e32b46,630162638.9010154
d10f89691119d4a4a2c1e650,1517325922.421646
d414907e75a1c105ad2b74d1,354607561.01988447
c9b6d3bce20b7f528fff8123,453552744.5104114
be1695a7b8d3dc68c9887abc,671630847.0476356
debd60afab03fd1552719270,538696057.8640944
de060e07dfb0a5494c5550a3,628829684.6174554
3d6815fb68ce959cb95e225e,594694675.243135
d93f6d8fe212ee3c0f7cca95,523439189.8345056
1ac702e7c265717b34419fe7,577864658.8983561
a157596804522e03efabce48,511295161.8804339
069c529aaef7d7e0774c4a66,546565203.2904998
0669fb98aed75d79f8decb7f,533118235.7266195
7057326ac489bcc17d580883,645663623.2269707
e3d6fe5d97bf4fe851aee9d3,542697340.7974719
f80b20e0649dcf1c16003255,571599150.5580053
364256d0881131148655e006,656053294.1745341
0f9c26956bfe983c8c7fc227,748432129.3484088
9756b47e9dd47f99dbb23115,632634020.4386773
27d413eab7b562b984c5a682,609690879.2584127
ad17072ff24e0fc0e61963b4,678616845.3956681
473a59415b6214218a15e363,587502668.0700965
ef72df5586ad0cbe59e36e07,574164532.7207545
9129b78a741bf5e24df5379d,650069951.8197975
964734d3430de94d22c927cc,514152841.75146186
530b25326f39c347a35a8caa,526979727.8130142
482f57e65a3f4c6792775a05,467203791.38326293
738e86beb569a7bf51fbe199,465057860.19007343
c5788cd5507c577b7b585ffa,402653368.8756068
be164f9025f346390b986668,435315852.02128905
ea2efa1a857332559120b823,460291453.8911174
f3dd24a17ea51b7a2b0f037e,600365636.9311509
7aa8d04246d3e84e5ac470bc,637694647.1653097
6361330195fa7cdc6d5c603b,706704871.8141068
6820ee22d6fafc9c030cb286,633201134.5486143
472601b5b5719855ae3528af,825807226.147929
3ce2c7f1ee7569e1b916cddc,456101807.9569037
afb03f7cea99023ecea7610a,622482038.6495746
404364fe956884368e2f8300,652462396.6885289
c658639b590415bc6ea44119,605048222.4865079
42f1a529f5ff3a6371dccea5,566331702.6134044
e2e4641b20d81a90033a536a,474738982.76500666
253b34c2c5ce15cbd8b5826d,657613946.5104551
86ff8f274b698e7757ced1af,545886575.0462778
c4aef1d92cf264c548ef1f2f,432004563.324293
e8603da6012c2116a70176b7,613773014.2461368
52b52aced4853a3e3d7fa058,470360803.2110715
7d9a9c3b4442efdb53c24448,468756350.84508646
a7bacd6f783756c9e7cdc068,442121330.7710248
68a00651ead62911f850cacd,442854723.8728578
1e7e26077db3bca2821a9b45,500070174.8452787
8aa21f48a83be25f924f85c7,424556823.84684217
48107a1dd2a3b027637f250a,456771359.43998116
6bbb24fd1b9df3df4e939fc3,451820246.8283027
aa45f8fda8801c3b4923f4b6,467283948.49659246
ce164af02f76ab3a68b0f980,621433310.2643104
c32249c7c0819b1a29fd611b,568659507.4280726
f8d4ec209ad5fa5ba4a68e56,635262178.0782124
cc03087e0f18d59c521b6ce2,525095719.4156906
fa631a714774fc22ca15ec10,578043258.2959157
c310efec13e312442f7e1a01,677804657.7327503
534466a857d28dcc598e3a49,861042107.258098
4a81bdc14b5bcc4c84f5ce4b,474062261.5733601
79ac12d8436c07b620190b9c,456893017.0496093
f69962045e9aea6b8200888c,480104299.5577792
9752758072e096fce6f7f4cf,470444100.40745795
56fc1855dc6375dee0506133,503741143.55822146
2fc19f73fb877ed8b88a5250,437000881.02565944
63a25d279fc5a9e8fc1dfae3,604765492.9641869
71978c139faf2a251db6ff5e,371722601.6311171
f4dc67569fd340be3dc592d5,518359881.1140182
0b829c23806ff01a0c84e9a9,536333863.6931905
a23ff4d1b2e24f537a75242e,580810412.4267536
3a103803cf9cf0451582d89f,427561338.98493296
eff8b3fe996b6d7db10b0263,586922549.5920228
9d53330b44c300e396cdb402,643583701.8922789
301b5da33d32c0632b16e8a8,639524406.0580878
357e653c4bea02df1b08c62a,657250057.2892048
9af17837ac2bbe7c8ba16e0f,546882271.4678329
246576e24f66d495fe0d509b,563536957.2494593
cb70f4993947b640317a07b9,575232190.1454614
949292b23ece12b655122038,379187739.46614426
4bdff22689954e5b1e575d30,641079438.3757852
7c69d43fe2488db51e6c8da3,453514066.56727326
6f543782174a964402b64de4,675828283.7777696
a59e7f0e0596ea6633781335,622606746.7171493
767ae7de1818d645a33749e2,834031156.5093322
e667133c29f90c8fbf30ede7,482081872.1973876
3fcacd1cf9770a2724a5fb01,548612671.4206684
601193433c99337fe806b158,568622770.1607186
42c282041583e6e2090b50f2,711457723.5011282
3bc80c56871193dd782696d3,572314301.7547265
bee9de3e2817bdd591c02897,628693568.7710775
0f761aab549e7f6bc025ab0f,599766856.5672506
3b9971f91bbe4b8dcc704ba0,631155998.963113
8f428b58a5189effe993ca4b,488163121.79127485
0af466463f2cf50d61315da4,489159205.27772945
1a486877c62f2aced41a2ca0,655389895.9402051
c9fdc3f80534b32f1a75f530,649237204.395568
97419310c7e696dc8ca61f7e,655086659.3527756
49d9cb2bcc98d69222b03165,805191832.3171461
99fa9611d644cf325e20e603,964798833.9420325
976d317efade1dd77ef3687c,445227298.4567994
b9bd63208716e4e0f2dedceb,504743333.7338754
834263730047f308d71d4d8c,538369183.1996188
d6bf8bfc752bf4580e99794f,505200758.414393
58bc2b0acdb0702732894fa9,521428709.4913104
c3b8b774037044a2524913a6,489004115.20744264
eb339d562b72b3bf51073cc1,557214002.9497306
c8244d916b0110b1acbd38ac,516885497.0778742
65bb6acd9be0f8d95fbc722f,596356812.551892
5644b84ee2edcf7267b2189c,605592103.6327747
22eb737351bd0958d3e60efe,706914053.031798
0e2a5d040f6361adb9927388,597396594.3519477
be9f5ade682aa1fced79b068,682438428.3413703
8445e5cf42307960535a3b11,587408319.0909387
1b002164d34a71bd06e0445b,671028484.4557667
c80f897787541816ad63bc17,826567994.4455966
673c72783eb4f9a02c511b83,720127337.8975972
3b29177e99201cf4eaae612a,711661733.3644928
91c5967cc1acb3f108d6e0f1,395241057.7661073
334b5b9fc68a18387ae59ebf,411221598.44590783
c9d096d4353b8eb843e793d1,630338475.1324081
92cade7b5347d1c00a48a1fc,790783460.149128
1d4bbb5b756033b4be28643a,685872002.9502518
e1eb183eb261b6de96e20a56,583907619.919391
7ea8da3b1481993b14bed9d4,497573772.6558711
78bb43910ad6ed105610d9dd,484040248.7183426
32c1f617f2b1f537ef703712,625530827.366029
a7e6d3c76bb5507e00ccb501,496055541.77668405
6c75d7867807d942c975079f,595427530.3155515
e9182661e36239f091259232,454533201.70393866
c926ee21c2bd9da7da193514,504251714.00341016
27bcae7ffb9f79b8f59fe1c3,476365150.9730461
6cda1a7622d5577c0056ba40,621191778.2657152
67c945ee31cf1fa0a874e4a6,501193818.4001407
5a8638c17d14ec4f6d447b8c,586651724.0278484
82bef17c2a4db1f6dc6eaf01,598946346.5085367
09dcdf0b8b37c1d537b9fcf8,561276520.8984326
2cc9f2411f98d0fd41511211,579193040.6352009
aa1eaa63043c5c29ab6a1323,598853773.7740378
35b03ab66c19ba2049ddb9a4,527266570.9809589
90470cdcdd2b813b39f28ab3,580156661.4235461
ba187eee3858263fa664812a,640226141.2262836
c06a1d212fed896b6ee4e1c5,614017784.4433361
8a8c8f5aa68c4e530d62776d,559462926.5086296
662a221bbbd961c285069c49,705900020.7911555
ee796b35e39c7beb6aee2b49,611523346.1388677
53de17a986d62a44d7897200,605411988.0345129
68925fb9f8f0c84fa0ffa9fb,593769968.8406764
6a6d4f8251ff961609019ddf,372608227.617612
3477646f548971044f8f0494,402913207.525601
c82434222f4129168fa82e5b,476996634.92249215
4c00508300f40d74c79f2596,537891513.4652897
27bebaf73dff207d7f6829e2,535286311.54930615
d0ba7b90f6ba3392a165b46a,857180002.7366097
61974f593c799e5d5090c067,401878925.6834397
c08b016afc6a07105d7703a2,530756205.2323841
011c2017b63235bf0ed3f241,440335758.3683958
7f73a8e83d41ea252ad61197,413967604.481128
0c25a552c34e114a1780739a,372489727.4227682
21e96ca8dbe2f12b55723335,431684005.7143955
30f6404e8034dbd513aa8a30,549845153.0337961
f2fce80439462bb9231d7fba,455663068.9955847
40d5384e2e8f8fef2032928a,483655884.64800704
95f17e64d2222c904a7d42cc,480997736.24011683
59374f70d5e7da97e3b8b35f,900768800.3578415
ba30cf03fbfb0e36e5d415bf,729784374.4695538
c2424b4861f2ef50f8876c0c,591677621.5193423
e7def7d0999433ad6d3ea412,752415697.3196666
7f1a4e79fa92196101baa7eb,728486401.6801842
37e0fe114a3c7406daa57443,564572337.3445617
897c0578bdc8d59843bcbe38,425247169.56179065
7e554b821e6955ab259a25f3,596466064.514842
23b0d67dc2a0ae6e5ebc9eee,587179851.3910682
d43f045d046fbc8f5ecf465e,450350375.6396513
498d632cf0868a8e641cecb2,604765492.9641869
6b9bba3c6afa1f999a9429bd,534286277.89258754
12db154d9d29cafa574ad387,448720485.5110447
61779f1bec05260cf10a0d2b,450350375.6396513
986defbe9082519824ebc882,622435370.265617
f72992cff50931d2e19b3ccd,566530354.1776558
0e2d6e5882fd3b4eeb9ef286,635680697.0477039
9702737c9e4ecb12d0f9ea5c,536333863.6931905
c36cf907ee28017eb1b40674,587975982.0848784
a7ad9c8b5bae531abf68f8d0,566530354.1776558
6f3dd53b0935c9593a301bdc,664353773.787535
11f8f836e5626605ee4b41c6,567398056.4029279
16fe92ffdb7e1aeefcde80f4,448712775.05694896
c1eace64bd2c9f6bea289c4b,580281850.0570697
fc2ac43013ba8ab17da28041,560565971.3356786
5e6b54654c98c2517c2e31d7,641451983.7134117
f0e8b39d2e4644dade9d8954,713042386.0460054
22796587bee45b8f64ee6e44,633016906.5881505
dc8c76f5b3977f90839918b0,605724421.2917256
27663c0e271e26dfdbf4d289,594470624.3474737
2fc96ec5fb2c8dec0a5b09ab,641451983.7134117
49d42ab711abd95fb5947c0d,639524406.0580878
b8984fe54819f5fcc43860fd,642361283.7240407
8d3f4ec0c37443eb3f953584,697838553.510042
001dbdd202e9908ee42713a8,574199036.3217317
fc5f41aad1b4bdcbd8298037,639854736.9176817
34926bd7f9880e277e75a447,573042714.8106666
00eb120ba4410ed8efa24a8e,563326225.5016638
eb0c6a8231b38b2a1e1f789a,675253977.283857
0f059b39ca45bbbcb996fa45,658409393.2797561
06a5364639452a9d663a2dbc,581931188.9048725
cd19dcd4aff76caaa1cffe54,513112895.6038943
7272c3521b7083038ff0a690,649271553.7544671
a480b654e1b8b7134091e613,806633534.6803943
ba24834c9fb0e87c4ea7d1a0,580381016.2368578
ac46e3eb688cb1cb17da2545,852263239.856892
3053732169b2260529f90133,404342751.08079827
ab0c047373b5d1810fe42bd9,431308662.02629095
698383c101fb784f8e1b1ee6,434971761.1974745
1b09c89b546d0058cb09c1a9,612224424.2685957
64edef308b6a9805f0846cbc,736748131.2241019
995a5799d9a1a7e4dfe4fe34,814620439.2577219
d4f1fcd4c20dec55e977720a,797654106.2051915
21264b5a73fd27b85a4e2654,519950184.99504495
d464858ed94a1a74948f479a,673913150.2047479
dc420bf2dd1759b7f281cfa6,738780508.632878
0a268e25a5f3a0bfd8898a40,382755697.0741345
a3460f00d48816ef66e3acc3,430455378.1995535
9559637fc2bdf96defd2438d,942444700.4589194
421db6a58670e53f563eb9ad,609192450.899758
7b6322fd5810990820167a23,398524719.22983974
17fbebdfe6bc0618ecdd247c,663688985.8842549
00f2621035b1969d53f03fca,797776159.9200579
e97c998a6a0709605432ccb1,424824935.7969193
39e306be57a992bcc75e089a,474882560.44575596
55d0225b44a81e82eea3efcf,611170973.2326324
c7c5ee499c712082931032a4,1117019533.9802005
f15f48d4cf4f85a3cd68dfa3,559333821.0205895
01db5867a69f8ea7849d69e8,612395980.9842217
7c29fc3861c9f074e3a89449,595322717.4812248
5ae2fec22f535ec2490174c5,388035927.59883475
a6731fb85da65ce14468341e,466910859.00861466
4e327acca2e033c3fb305c5d,484848813.18302184
37b8e8a194e4f2fed7ddcd96,411620308.9494146
a8dc954142c54e570bccdca5,448680604.3027118
b427d767b071c3e5ac2a078c,470343464.52459365
a9407f510e67bdb27ad59b46,517861835.05591214
ba7120c89c8de0e57e30646d,535189004.3470384
4f5bc448658287ffb3d49b75,615636284.5513479
758d9f47824eb74d1b486024,835428912.6927257
84fb7e582456d7409f27cd2a,774142933.6507776
0a6ade3bea1768aab76680ed,1162916498.5168538
f6e74a4b1e026352e5759b2e,570185461.0976894
639b98d0798b5670e7bb2569,766801154.6632121
32ecec7d5c47d02969368779,399420431.34732276
cac82fdc4d960947bbc590c8,421451294.54636973
c2b880a6bc90cdef9dac52ca,543411424.5379688
dd8eff6162c32ecbc6972509,429871188.53582084
6e2f79cf68ac0ba2b1a6b0c4,722095666.2197714
a904fab9fa4f41a11f673fd9,677469679.125929
bf11c5dfcb321e020601e9ba,643176731.2394217
488cdcddd0938ad0205ab8f0,910516780.9268851
b92929668e884453d3a0d633,631003276.8435777
09eeb116cb0944a28742d282,525202215.3492847
c16e9d9444f85bdfade710a0,674982665.9604424
c15cecbbe717e72f09a84271,633716956.5231143
0bbd23df46a4ea4e4734b680,573705549.6470289
de28e62bd01870dfceb5d78b,574171301.5590721
92c4faf0ba1fbac44db6d1c8,611615207.8395569
91892eac5e9565b12b2a99f7,601134860.7007204
ba72421716765ef6aad9b4cd,650590752.6838248
a99df3a2cd4f2346c6e903dc,393021648.45287
59a3b1a44c35ed4936cf7843,504764435.51433843
cd74b689350ef612ddf1b96a,522578008.0099719
5664cfe452394ff9376bcc8b,475091639.24806666
d4c6dda51fa949743a46e835,498788916.5503232
b7f47484bbd8113c62cc8c1f,487908803.7781025
d4dfddb6564c9f46b26e7aab,504733589.1301378
aab240140aa4b6602234d88e,597331567.1923136
29671ce02e285f69afeb3fc2,663872976.611182
5cd742ea274b4a8832114080,575704984.5677468
c876ed979c9127674000b740,590363191.9576994
45269f56121b796d0392e2da,891192786.1150364
e981d4fb3a33f372ac26901d,980920532.3758143
2f13a428281ffc425f2c2e38,335046131.0194218
407e4196114b64578beac143,533840370.15085316
342027b17940a0cc5cdbf8d9,669175137.0911262
dad2bbb0fe138e426000a33e,540934258.6743357
e77da26aa7ecdab5505fab60,506572644.0531633
8fddeb4ca696706f6cbe573b,474834225.0408413
fe368a7d2e09fe88b1b972e4,437306606.78606814
6fcea2c6b9e39576e10581ea,534238302.9716948
91d35b9421c4982b54dd520a,551177667.7245095
eecc82010ce9803ebea6dc75,633501066.8502795
b957548768ef014088a61b5a,611626648.2642875
5790e4cf8102dba35e184ca1,504951969.3314936
cbab68c32d78424452249d9d,596746300.237483
4e0b293ec3d5eda7d9fcf8b6,561554153.5466149
1f8742e662666147955c9872,594824007.1220601
aad38b9f22ccf36b0fba4e7c,632280806.1717191
44e9224b9735235fc7271672,490384473.90748304
b61e9e4f3a2e894932b58ed6,634679303.9801838
2b36d2ed79caaccd687f2ab0,728140650.6872303
7bdd64032a4f011bd4fe7df6,558144324.5116228
0890a0d20f33b9af2bfe488b,551359880.1240169
ea7c9e327eab66ca286f6726,487461142.31424326
98510008e150296ca9d27d0f,648718361.8292055
41abd8a2cbca609cf868f227,519831643.8090537
83196bef0e5dc6c981bc57a9,557042714.1995832
20289e986c1959f0c83a6a4b,666125239.7667253
fb39ca089d05381b3a7ba847,355491707.68701965
d2da963bf6c2f6fe724be23c,689301465.345768
670f7dfbe2eba87e55176257,664707103.185091
469b33a6f153ec334b6123d7,559969406.2782769
c38ce4f3763795c61efee6f3,434319209.2239286
8553a05c2b30be81c64a6295,680838055.704573
d8b3a1d0cffc913ebd05b931,686509396.5200487
f0fb8232343d235741a20586,643630318.5919461
887d749eeaaae288b2818b86,659851537.8458552
126f4d890004b8035a7de091,664042133.6412352
7d157359b413e107f5f9cfd6,634225589.508287
65010e340fa495d060e32f7d,573726085.0170611
8164023f628f550f322aad61,475146399.4525414
8c2423c14aefa13d255fa77b,475384510.3079356
e9772a54bc6638c723dcebdc,598879065.3914783
171149ef76fe0a2074c5bf69,571584934.465121
96448fa0eb077563a2d168ca,556253404.6832198
3bf1bea2a835d7fd11e47ce8,357008406.3400332
2f4b0b1b81c792f43f4ccd5c,357008406.3400332
086540702ba0876c0c05c5d5,566298930.1250092
57d17db2cc5ce1aa889f1f50,616600838.4159096
3b6cedd9966332f0722208cf,457485002.94214773
351a3e1b62cd51d46913a8eb,761436794.7118614
33b702ced6de5f7ab8b29e7a,478654664.0798288
e0e6852c6d6393d6d3719131,661433069.4641699
bf5e687721e030639ec81416,478359424.93852234
314479aa7b73ef6ef44e1c89,492441773.47232985
822896f609e7761b58e7f6e7,436879212.9168135
5b6f21752f3744ec6e529d74,535016233.58818203
5d91dd63b6aef851e0c78389,467034954.0746974
0a369278a1ef6f5e9d79e2e3,485349394.6171919
7523e95fc2afaf31bcf30979,709349841.9431093
cb9de5719b978a78c71db699,460198667.9328299
af8c90983a23ee15c72b8e22,879076373.5590432
e35d8f589e6b1909f5e4132b,682302987.9425396
ecaa5e38ff6cddc14942eb7a,969097502.9138142
d2eeec3fb1ee4d686758534e,773081630.6026955
e97d03ef9638c8e1d270ed2a,358568926.2625522
cbd78f55af1db4d89b53b496,362558803.624002
1b2fa2ee5927660313569617,836853463.2455155
f7f00e13da4910d724aba4f6,469371187.24083704
9a6b77dc2c414f0baa11effc,428837197.7759311
bd4d0b8799fa5999c5d2ee3c,783560001.7439339
bd6b68abb113370c35786557,957008675.3445995
4da8ef54252a92d9cc62c174,618013550.3817705
38d6c2a9beac610279bc110f,495254904.6747868
32e6518755191bef743b28f6,980292116.9609101
4fd8d01a5c3abb90ad70cbe6,696120681.4957613
5d9f8f380a6434096a0cd906,464214820.0553447
724c854b1a991f060701d005,527922866.9191869
1bd78ecec17b584e827dd0f9,436888476.6595533
7e6f68184d84e09cc9ebc09f,429825521.6283813
c0174ef555bfdd648acf4346,463319873.7447892
6463505a740324c7aa869d79,610011132.9286685
f239b7fe0de40d208c01c45d,483967150.8050669
bd98add659faedc1820f96a0,526979727.8130142
ad662354d28a9b2d65f537f7,605868069.7927687
8e8852450fd5556f748c98cf,509429176.64596194
8fd5b95f5808b4676043de35,538489967.4789294
73a23c9d154fec88d396d2a8,582323704.8069313
374ca1a16b8eba42b35374ac,542586495.4754528
ff058f978e97c389e7a31f6b,590335234.7830861
9d7f2c004fd359136a662c9c,551444974.6821879
2cc0129b386acf9cdfa4eeb3,526398308.6838906
c139bf6b72a93a73155e1f5b,425030317.0548246
0c017cf9740cb67d530267d0,497530838.69650525
44ff213b9cfb3604b7e4b66f,449643804.10164505
a09c957598e6cde56cdba03c,572960829.8856065
c846d5698bb295697186555d,514400499.5044131
a84cafc064a35cc0ad698009,376192928.04827154
ecda0d714f52da919223a520,630227389.9255809
b9398d6bec5cc44fa39b8bdc,676316103.2106992
79d230806fbfe96368b83dbf,899798209.91843
a28b1d82d3f7dbf8746d5742,815456651.3665323
a6555836840c7dd496ba9094,557028696.199355
83ce7c2d2823f888f2e06ea8,625300599.1823986
631f4c509de8dd64f1c400db,610837868.6765304
2afd31619c21dc537e4797ca,626404265.4319245
0be57099d9c3ad8a16984861,697548813.6910056
ff29f12bbd7ac4b860909966,639729248.7184775
d955edf16ddb9d3f59501a9f,910253402.8392674
96298da2f44ca873f345867b,524173272.43959665
e6396355c1249c6290906b78,691205036.0891834
39f9f736d802b166ed688224,593099636.061903
38a0fcb41f0dbe8b0ef7af8f,589353672.2202263
79b955adf84fb2c52381921a,494481521.8467065
e335b8464a61ea0781f7928d,658422280.5816182
71a929d79a6cccbce6ac5d79,666152763.5366995
41454361857cf70c44e1f5ac,531774492.1152985
a16ca6293e2ee2969f3334c5,781886287.8912956
4083248d3d2f2bbf9589b971,709088698.5659584
de630da5e1c9e27bfd94efcb,849009779.6457524
f2a4f5010f3da37e27505ece,449685507.0829316
53647abd1d1b10c9226eac73,534827122.0139928
e51873d6421addab3b539dd4,560738109.8899903
be8fbefb8e06fe169237d4bd,423308395.95935386
257c889187ad5de900a430c9,579689769.6573261
3198c4acc62c1a2276bf15de,558515636.4086567
b22350d505b87dffaae3a5e2,690729968.6282753
49ad389014995f0187edf726,554451895.3760537
025d96090a8e5bd6f786e9b6,489941094.6907652
4a7156189e1f06b0fe87a7fc,360740402.9305786
e91425bd357561183b935d27,360698614.7898623
c9d996f458794961d9957c1d,359728527.35105836
084de965e32a2a65bd3aff5f,359728527.35105836
880bd21afee7038459b5847e,621545502.7852933
2dba091723891d8907905a74,591531626.7820879
a39f9fd2f143b8ce1f7e1277,359359634.1439971
37050aba3553f3869d59f809,644155404.027152
35a39cf33d16f8f5ff75fd6c,433245725.5686081
7c463a59e7d2f2b4bbd07e12,364146610.56877536
035d955df5a765531d1d0d07,532892037.6433603
be706475abdfd64aabfe45fb,361422498.81281334
bf41b26c090dbf0a19252e43,701501300.8436366
21aa860fd839233ed8b82653,577323214.7443776
b870c8bd8f95426a7e1f9c88,361301878.27023906
c5a5676bdb1698f8c38cdcd5,591319400.8650396
3487768de3a13b7ee3df0254,666022820.5054469
dda7a886135a1fd8106d04b8,862593254.5619688
ee102e9d0791ee82ee4da2e8,633169230.7854451
1d4891dc27e0050efcc6c403,572239340.4643506
dc1fa8fcd0ffb8872d434dbf,624157037.7683532
2a5f727304ad67d1cd269361,456307541.72950083
2b10af4fcbef695b327b7d0b,674951652.4475663
516881e914708f6ea6062ad1,455140509.3271393
5a428139d5ce6bbd9505945c,556236913.1927305
38dbf1b9c5963e9c3d008340,619251270.6265427
02c6e8c7f36a2c68851600c6,630736776.5058783
d2684e676cae87d75dea5ea0,567274042.2963265
027947dd01dc991ffefc5082,537115043.2543991
0af13e27cfe9b8f237a9949c,674535643.1470642
32421841f7eeda76160d7959,640784688.5404774
96ad0e75433cc18f20ed83f5,662035087.8251762
b387b5eebf501a620f352504,638270112.2057133
8ed95f9bf057114664ea441c,540275981.1104362
114318a8e5822ece53ad897c,543636543.2069224
3bdd7be0b5e18d266189d991,638174635.3965296
0d2c4bbd8a4dbeb6337b5c14,675673385.3181868
a98637742a212e332cb5d1f0,677603733.8458712
acbec9114912932b9cbaf0a3,613824950.6366847
fd81506b0a00fab1ff680b64,500070174.8452787
49e531941384af389b0aff59,408462653.17271316
8f221efe392ba42b519e5f57,525095719.4156906
1f33395df1e4f6a185c507cb,445053904.1031665
fa823373d2e7fc9443ebb6ff,563201541.0993323
0a6966f19bc2c303886ca82c,456771359.43998116
15d9a0353ad54798ef95e0d3,590358659.2069381
0d95d756b838d3a319277424,489907287.8542251
d644b23e4bce0e6e50ab9356,637436089.0953624
6dbc77ad8c5c1e39f72cd2f6,606079608.2240504
2fb5206d246ee7ab22fb8143,467283948.49659246
f1582fc47e7b8c0eb0cc9949,650856362.61253
8d7dd9de4e919fec5916862e,712809016.8265634
0b67da6d74bb3998c80893f4,500022967.02068937
736d25efc9e570379d32c089,650886884.4584635
4615a8a7af9d7cefc7fe4c4a,760731864.550653
8b753628bd37b9759dad06ea,424533886.45650655
5c7c83526b72ced12a08e573,510086361.5064849
9baa578a930a94f761119fdb,427547187.6507742
8fe1a07cbe9b8f3498cf74b0,361487895.14188063
67a7cfe6e95aa5200c064717,560910419.8432811
b7e3b0c90c0d3bfe5befec54,604935319.9175385
e6a547b2c0d126c9b6800515,601881919.4304342
b08f88ef973c9d1c3a86695d,457232603.6421234
5933c18b8cb17cc6e4ae91cf,550184970.7360814
64a24372d58a2cf535c3aac0,643219388.4354318
e6f9288cdadc5851d29fabff,827847382.1076891
71ba2f992908a5f91f832406,589787998.7717581
3af4b54bb5ee5fcff80f1e53,481815205.8467649
40d3f1f00de86e74e0304bd1,505824246.85153073
3b758c26283c2f11251bfb89,850266844.9220257
70cb6337c8c3f5225fa80026,613159527.2170131
0dd510aaba8036e8fd9d667a,740318221.341365
ef6ac2a5102d7be910a3e4c8,468467080.001477
24c32572ca6161a603a7d0d0,342950934.207163
c7be09a810b9e54d2dfba4b2,481133607.60104114
01a5a230e8a808d844e64397,684536215.810057
5ade8e9c79288d511ce1fd79,532793362.13151926
7cf50019422bc9569a985736,821596728.5453583
d4716e228067a7bb0f30aa30,669511253.2244701
cb79e02041eddcfa9225346a,636079739.7112535
b059afb753452ba358fb432e,881810791.9386926
fd9f78fb2d2f4d01e462bcea,835148457.9260777
6337f924f515625e7fa638a4,512488178.7158191
3adcc2c662c8c7c9db5f0982,657055642.9696721
6b7aff233052b9bcb6b9448a,637368483.2454134
cc51811e23409f4d77995768,510024337.8309148
e3cd7b6dc0495d5109086407,674601020.33799
e63f468e1d9f86530d47ba4c,361959864.2733904
8bad8a7faae115ac9007b13a,625872013.8640146
d563312854016e9115d034aa,729121550.014896
57c7684f8cd8d78909711b53,503081433.1825242
76b8190137ba3daa55db33a6,481467549.5967912
2bcc6a15181273b2fad05e3b,591213252.0646907
b998aeafe2cc93bbd96dd9fd,506134627.3975174
eb77734d12df7528af57c674,504323976.8353995
e8df85384a1f51c31015ba08,621086632.6734341
b0a03d567e287bf4cbd7bec3,544726229.6917467
dc8bc7cb687a3a42b7e7d5fb,595174804.5208858
147de03212e554abbf3fc3b7,608545161.6283876
c09b8c236316b87a92a620b2,678634885.5184517
f5006b435fc92111d55c0603,599693604.6521839
ed70b749e030cc8715c0eba5,555924379.6705947
2a9bbd878f3f45745d76f059,654019020.9897809
503f33d11f75b6b5102ba4ad,455242201.3155185
41479709513815cf5fc1eac9,494571576.0564273
0181972aeb6bf451012a47c6,646840705.3148116
0b35c4a3f20cc0eb751acbac,618349838.9655966
e5de98822287c2caf8b209da,576964747.5412865
f3d82ce1c6fac06e4997f7ba,632214018.5497916
8e17d7d78e7acffdcb04d982,541801907.2981045
f1e7a0c7804083963b5b6de6,494079468.18037295
918dbe66979d16b147bd3322,444405232.44760996
35dedbaace193598c9c438a7,459684802.51692396
e67fa931031bed13c711ad00,458739343.6968957
eb2bbf82cb615e3227305b55,477758698.33049166
e8d83f7dcb876d5d05ae3e98,443733729.3021358
2be93bf5132bb788bf045c28,415366303.66771245
ac2b1b560e8bc4fa1deb6f87,562785438.3323295
674ea6932fa9e6b7581479dc,640937260.6750143
4893b21db2d6aa4417e1cd1d,651320566.9324203
2dbef742d0c59d21ad7392e3,737365182.5230423
fc16776abc877decb82a5954,824850684.3301814
6f84d405f419590075610c5e,596053881.0548271
52cec2691ff635031fce9507,586117311.4294841
830b1a2d33f7754b9acfdd82,593283446.3929665
fa908c8dd43fcbe9f721c0d5,611725170.967991
90c3b93badfe7231410e95bf,599580938.2339418
60a495b86d6eff1e345ecb06,615232498.4668282
0468cf58f40372acb9d5fefa,662576882.4039869
c523380518164e1e317cf1b8,782895805.8632731
142cf530f13cbccc3cc9d0a6,631994369.4265163
e0432ecc0c1fb2b00b5435af,482923593.65801096
3af3a702988bfa0599727982,513184962.36404544
99fad8a7877c57c0af05b318,508382245.66997635
b57250de388b7172a39dae8f,624510482.4221675
42fa0158217c9cb820f2a06b,641983445.1263822
8fd452d3f5f1dbb3b65f5274,536526265.47317606
27881ecd655786b093349ab0,561589376.8241886
38029a1aa22c0a5beb065edb,559139384.5273644
6750be41e08a725705256b0c,695848756.4691461
90bf218565cd67ed83240033,759779807.9387949
c6a089a9bb326c22e3f3aaa7,687122515.2726369
ede08c77d6090e0900654eff,878033592.1828451
2f7784465c1c69c8f786a0a9,1328190552.2469196
5943151d9a76010179f6c297,373202205.53790444
82a3742862a06803242b703d,443733729.3021358
b815204eed4398e600b366ad,549187080.5010856
11c4dba68fb47eb9c49df169,467294651.5024183
4ae7dd50c6b743bd47340f20,567017444.6885235
d81a040e22d541a74122f3c3,373424802.51137114
34c84d0a410920c303ba69f8,428151669.7059738
6b0828221f9cdf5cf39e7c15,423688540.9347958
c50d5b4e75f165eeeb2eba97,649052746.9710894
572488a9a75f64434dca5dc5,618615526.7026552
0e67ae9abf1e2b2f66a91a28,649774879.7953048
cb00154afcad81df60ee58f6,619460018.5755005
75801c34fb510d824a7d8366,357801551.16851884
98f2d7810641693c44096ada,483944803.11565393
1fb4c88bbf995f77f2f29b7e,581943020.1401966
0abc98f7ea1e477c6fe3425c,650641871.5451982
b3401023d3097815687d1160,676761025.0787687
f1ef14babbc4123c5157eb9e,503566331.6789394
ecf47573fe1ff641f6914d0a,975581766.5586846
0ddd21dcfe89f72e2246ed79,624349663.5320579
402f18888d480f5af146daab,551929658.02243
61b3bd442f6fc8838e2f45af,424296450.38192284
c4eccc400db2dc9627c9879f,514733474.00766474
ab38b4fae64ab90a55b5a403,553750795.5036352
7f4cdc01f9086bcee46d1d6c,562314080.267123
1be9d865ac8d01f0378bc148,834559144.6870409
f2f43244cda8e2f5219f3db8,664353773.787535
89ca905d858c7731313c82e1,594470624.3474737
5bbd0476c27c53e2bcaf9462,633016906.5881505
7e177acdec9c0fe684d8fe44,647235805.8977463
b764bb8ae8ba0d736bf54f5a,542958678.9133763
75f6d6beb64d846d965fa9ef,713042386.0460054
b5293710d0cd75f95de001f6,389007680.5914334
8b8ec04a78d3826b2c8a5754,509964659.9133527
e35579e8b9b24dcccf93abba,438594960.71632844
db5e320f51680100f1ec06f9,404326697.7396811
59be3c447844f31267366cbe,430234528.5146952
0f3b424c398a8e8b53162c37,483903671.19010144
57f4a3f6fe2e41ad97116002,522081559.79573905
1c6038b67a40f0749a72e6cd,545504196.693539
e5da0e3919341762d5beed25,628749972.7889311
40efc0dc313284d3b57492f9,603014457.1097322
601da8fc375ba0b3df3b38bc,747360190.3190182
61a12496ac1e6f39c5ac5d3b,861221106.7113107
8635edb61b1dda6f4742cac7,919300300.6281071
ce12b48120daa5704a4c81e2,437268813.2715784
acf4d60dad7953065b59ced3,598639431.3690606
56e3e7d822e13838ab9f85b0,504841217.29497623
7ea2c18341f69f21b523906c,664175410.9057184
dd2396a42097b2e8bce52a72,610878979.2074283
41f99600339a7afc8e386e6e,539791890.1324418
b2d160f54ce5f98f46818e4d,739752625.8950667
00dd36caffef00fcde85b235,565275357.49142
471bd64a0576aa67f494eb98,645472434.6113129
79e307acac5f42f2696b0436,842912798.1191899
e65a4eec62e2a5bbfaad5565,629925227.6906424
4845ca0d30483b36bfa55061,599065004.8727304
6784e116d96e03911e2a07f7,510071204.07730126
4184fd9a546823ff1fea0b74,437955637.0249415
616a5485bc7721ecfcc21c70,423381410.047148
6ff3186df9d15b65dae5bd17,428182449.8816705
886706f32695891af743f986,478128914.32836807
daeb02020f23715e663b4a38,467034954.0746974
93fa1c8ebb75b77dea76ab99,535016233.58818203
ab25a6737b3ee0c4e9cf4ae6,597976508.7607329
c5641447732d3d1269965ffb,930562537.5169593
86b290218a62d0c51b099a08,797776159.9200579
d7b82133acf54bd3eac338c1,1099519100.4515693
10fbecd8de540f1fe4c57b7d,425019978.84421813
137baf1609138c6ca2715c7c,455470142.8964362
f5534949a53bef05de31b07e,422919435.1224267
466d4240af2cfd09a31cf3ff,468567678.4081972
7478693f3e7e8963e95be8bb,399547174.9439141
6e537e91af0de67558bc1ee2,652805681.8535597
f5b0b51ed49be034c290efd2,606722711.8917264
a4885ce6808ffdb878c41f97,538763787.3406736
a14506a4800c27223fc34728,552066182.8977246
e8e97b7919856f9cbb9ad02f,610340212.7957627
e16685dae2bd3b0a4803ec9a,656304590.5180955
044b8431b186eb022cf6fc24,546744928.8019708
60de8c37c9eb96efc432451e,588335945.5040312
59b88e154c07bb7c0ddb4e8f,618935929.8365672
71590ac868415f3a185dc15c,599963644.3770751
6388b4cfd09e2b1219268cb2,611264945.885402
f865cd15368fefd8c9d6aabf,643881183.2386063
ffd916080b1019827491de0b,460198667.9328299
6b8ce573bc2ee68ace26a67f,467034954.0746974
7ce704ef5752dd496a61d857,535016233.58818203
6b1a1afa055c15908a855e9e,593502147.9219226
2a9338f62c99dbad25aec5d3,590694370.4779061
c2282da3ece2dca6e8a3bca5,623903656.0655726
5e6324cfe41c3676c7d0a5da,610207458.0337722
f1a4afc2e543ce4260f1d781,925630018.3242178
5d17daf3e98cf433267d978f,1249445049.3897753
d5f41dd3258aa346367d7725,438717362.2824599
da35c757f211ecaab20aeb3d,599147842.5972334
8d9cd237c737f6e62092a08e,673989199.1290948
9dd98816533e4ca8516a5474,909373339.6744967
27d14f352b2983177e836e3c,558511073.2317507
3dd4fa53bc59e5852f9fee98,1024530712.867071
3ca74495aa9adbd533ccfb96,575026967.3719826
dc93d8ca60d60a118f61390b,500246506.9799361
dd7b4c374bbbcc60bb090fe8,570694052.1946042
f925a05397ca6163230f7ad1,604527178.3121735
66a59937c54eff29ab14b474,540071102.4530536
077db8e0877b924d1b57ab1e,597554829.7574282
aebc3c6079c1a80f8b2f1c7d,635890518.2604539
ae41a566826a10d5a6768d36,537566149.4615649
489fca3e6dc044412d00cca1,588755998.2107191
fc2f58cc289d29fffe8a5fe0,553016971.3126405
59519bb6d5d299ee0b767224,613842112.8734332
19921a97a52bed6c6b8f4135,663240568.0533872
ae08b7f31e69fd930ef4c832,580381898.0531657
1b67fbd144a4a3ef40bd9824,570694052.1946042
9e142165bbde850d4379a49d,615227993.2329277
d3e971e2e224a20530ee295c,602202577.1557063
a672cd6c8c284e14913222d8,634663008.8388351
93086ab3e32aa9599708382a,614798064.6041063
63773145b1a896df26504b0d,428234992.53108436
17707d66753c1eb0aca28926,474867016.806997
6a2d4d9a257fdfb2ead837a1,444123913.0485855
f9158cf51f5e9f644349a774,433019686.14159507
c09c39339b5bbd48f349a430,483683925.12285304
d470d84f5d8299c52fa24499,471422928.0562418
9d028997ff036c154c3fda0b,550258356.5730618
40ce7321869b706210eda9da,494582850.03401375
3fc826461ec4648e4f7877da,475133247.1584642
0e7dbec40eab1b3e5c6bc665,627496395.3779445
81b3256980dd7d7f49030c78,842659767.30094
fed2e1459e9ccc06943a05d1,643226198.2026757
c535169307e21e5df7ec88e6,572195007.3132396
d78d84e4e42f145e02e423c9,606204851.8428419
3e523ee3a6c2d89436539792,606204851.8428419
5f2df52db15d2e0ebd327a36,607487034.6526203
1c1ff56435675288e78c4735,497038013.7387157
ec4226205a38a45d97f35828,555861559.633221
3214488a8fa9cf8b3dae877a,595718977.0582244
4a4fe76c58f5735ce6b018aa,601612646.9094315
ff3696c808d4835d6c7cc9e3,583023298.9823588
1aee9081ac4a04490eb3f0e9,519004045.74030626
8dd954e7312e6e6a07d6d4db,637485264.8633405
daa52a91f1fee77f75550246,534457679.91145265
a4ad34eb244e48afe23a780d,533287384.7892951
0b4b741487c001323f508d5d,606204851.8428419
cb383b7a746ed55b21a8b245,645303960.174567
4b092d4d5885cc224f6775e9,455088032.9152495
ba12305002d24055c159ed34,373424802.51137114
bd74d43d99a240ef4190ecfd,468187818.06678003
4957e0b129c5caf47b026c58,485474224.99703705
eb270972f0f69f1671a0a740,527089084.5979649
d51d3ef396efd4760c979de4,398697169.3450935
ac65d147ee69785195ef7da1,675028849.725822
53ab42a93b6deb152951f82f,524583503.56873006
5826567e12ee3192785e36f3,697145052.6175267
ab64918f2b2b4646e87297c2,673456058.53716
88b0d688281db2ef0a782921,601603948.411762
dcceb6a2073faf9f89f3431d,654275332.5385567
73bf75d5762e3dd30fca7b3a,709882009.0399992
a45ba5d63cd1971de19c25db,786381252.4331741
8467eedcf9a48fee0d72d95f,639170610.9893125
6184f12f3a903658f3319290,479412395.91170055
92ab018394a5398b832d0b97,614956579.0613849
e8e215437d023387c4a55515,465113572.3837564
7b8a6949d55b5bb27c3c6839,601797727.8644819
33f1a7739cb556a78af083de,631989401.2535796
39c6bd862f908b7e8088f0dd,555921396.9281236
ae556ff5f318b73d3b29142d,600578860.1082217
e2fed68e0b614e65c05200b7,625344342.2821864
c62a4288a4a0336b1436132e,581094291.1513871
f23b32fa4894b6d59f73c151,770485023.7240888
4ac4fbcacef08524ccbf3623,385348943.3239247
5b5bb8156b98eb51a58e73bd,398789968.39586544
53fbed4f9680917f0615ae7e,502761687.94167507
730b528617c2841eea5addaf,494752214.8866819
13d08f7e14471fcf517c204a,509353840.36475724
da273cee807e254fc9aabb9d,660042467.6456199
b8f7bd85b61951ce83d7f57b,880587743.4348441
4954ce465ba712543bdf34fb,408664127.9203941
b7483c951d2c19de665f07b6,417303596.80079746
913cdfdd62e35472522d0a6a,517574724.6214423
be28b90a71e2922437f25110,510330720.6642943
b71857f1cc385219f114035c,490946980.01179326
a72041a40ca87928c695b2f8,516845720.9323439
65a626faaed9d9e3b172415d,517574724.6214423
229bcf400e309619268dda31,516845720.9323439
367bc4fef78a9800f8616d02,516845720.9323439
dc0ac888f1e87924e3994b4e,517574724.6214423
6996e88c10a94d9ee7d05357,511612903.7760375
cb8fbae1b4141461127c97da,574308485.2689626
d2de34876a7a6914c2dc479e,703134185.0496042
c666974c4303d43b87714c62,507607480.0778123
e8491a7994738d098a7aede1,632962750.8474761
9a6440e5318b2de28b180a2a,603317329.5421151
9ebe11eba1a88fcb24fcd141,441813658.3276806
78b0f0bd0494fba0293eb0c3,628053198.1779389
047b0ded64dcae203a3015eb,575458656.0695447
7b95396ef4d0e97de8fb4986,915404555.9015691
08f1c136d5a456c0215ebea4,693929275.3876554
0880b703bf2064f59f2bf20f,646892540.1530924
cfc069bd55e152e40b3a1391,740248538.9257104
0a00771ee714a2f3f96c31a3,506589326.1492809
06acca3d0ef4685dc055ffa5,480262558.9988088
f802b026db4bf9d68cf00b16,390599367.0826185
4aebacb9ecd0a117307c7841,786700334.566104
81ccb7e0255eee6274f5d930,938826725.5583752
cd17bb739ac79f80d6f651a8,1424893177.8938782
917829a0aba571cbe794838d,519130753.47664124
5b83b73ec31031582aabc527,429277765.2816257
5e18ac352e3f3119f5f9197a,783916606.4282092
b7eb15346797508f47ae094f,634164942.0306745
5ac98c971b9293bc6a8a6aae,685798725.113027
e196b7cdeab1468d5d4e07c5,776161800.7217644
0ea201bfd515584bbf72f902,695866562.545435
d2e6ab3b3106f36f2c3fc119,372945307.833951
59db28ba77489750903261d5,540276211.2843415
b348c76e55613f53c8bbc94b,642201531.7269877
a1e38854d6725e9c48c128b1,415948605.6586237
b86c526fed01211fdbb62815,647675826.1801922
1d2b83d973547da8c168f743,543881800.2516205
0fe3dbfdf25d4b013b842b51,523223897.5071812
71a20a4daea6d31de942b2ce,977219766.994566
35352b370a31d01748616b01,869948848.1586812
27942219389ecffbce2e1d9e,688030673.5302719
62fbacd4e172983a2a998daf,620622340.3222206
00c1165df93a4cfe679f54e2,588448800.7676325
207f669778ed0db0e619ed40,565503981.5897894
5ca0586ab7d20dce5e9ca8a0,616447666.1254488
cc27435df779f16e6a62b0c2,618910248.5016898
7a94d3d31471ae313659aeae,605192565.024414
efebd19fc5a2ab30f2ccedcf,561696358.2585101
8037e40c0c8b20ab6e0d4b78,390267591.6731564
5ae3359bfe2a704de00e8801,499969497.0705313
a5587c93c012375dee920f71,460566305.3207722
ee7f7d547af56773a4b0afaa,648887747.4587675
9ed988dd6739eb7ad7aa5a06,629859705.3200121
26c08d7331ae19e1934a22da,639327989.8511233
767024c66d3a88bb18407b6d,767032201.0092834
6afa85ee6594d1c8296f04b2,638876450.0184585
551ca6ad1ecfc7ac21f8ef0d,603923539.2359757
1f79204a8f62c29b0a1b29d5,466253215.3438366
3dc0fa238745fbc31ba88853,443442117.32036686
4bc3f597867c6844e9b47fc9,363059040.10735095
53973c17ea7e89fbee5e6cf4,389647967.22694993
05397b2087e5cf381809f169,480309778.28877926
584990ea9718bb5598495061,438468902.22301173
2e7c6a89d2cf2d835839f5f1,594203651.1567987
5c02d79c59fb636ca4cbe86e,483664595.6569724
114436e00c03b44096823522,533854769.7507397
60caee98c3cc8526d16d7f44,505444142.7565399
8207612808b5947f2802d2a6,711036745.538658
31a73382ae20331521bf2e6f,592731793.4424397
c58947cd4f238cfdc0007bf7,1059359791.2475452
a7ee02ad2a4fa122799a2dfa,823228383.9074664
c77a63e92b9f727034913d8f,542454580.3929507
56c6bf831d3c6737e3844969,585361374.2704271
73ec6f4da3c277958cd2c228,957464098.2009829
7dcd1916c0485e0b80f9eeb4,760192900.117805
cafa94c4a56c23ec73ee9071,864907334.779925
d5ccfaaaa739b2bb2b3d46f7,609732926.9944527
e6d2e862f58445084b2980bb,1278532876.8912659
62f96ed5c1e5f28117949a23,440373503.9409933
20d8980a4fa8e094b7a5f00c,440373503.9409933
0172678cb0737e21a317eda4,478753779.0151448
6254ee88812e303bdedb8767,631497669.1478193
a812ed43db71868625b351bb,843506355.4114602
2bd1c70db60a44d4400847ca,827770805.353567
b057dd8a9c2082d1a78cba88,436125078.7777173
2fb149a70fa14ac05582ae69,476173825.3393548
47e282cb12ae01243d713178,469803617.05226135
ae47cf27964393fd56a52d7e,586545360.1415989
21642991a20d6b0d17dea2bb,573402796.5616215
43b10ad2660d7552ab6c3b10,564129694.1101826
64e5093d6bae57e8b4298123,723036413.0025679
9d8d3e6fb432174770c74e71,600345442.9039139
9f2498c12d7b41c213bec0ff,450887107.31074697
6461c0a03ad3ecf2f8112759,479680859.82328063
09b15382686c42fd89b24285,759804516.4904355
da846b08fe2205d2e2a3dc71,610607604.6711324
2a89ac6511416d0920f1b9a2,780739704.7747538
3e9083411c44213130b2ece8,519873751.813373
0f0df5694eb388d843e1f17c,520797878.75224334
ee6a288e644183bb191a6526,439732974.0920395
8f570610ef199a3ecc49a0a5,638415557.7625262
3115e2391cc3a078b5e6066f,624552443.0832382
c7e45098251c687efe670815,525404415.8023849
8a3b7f5a8da339fe19e8f138,446901406.83525604
2f801cf48edb712627196b2c,528082296.8050313
a147a8c29757c5d0c592d347,554773402.76022
86b0aa633bb16582bab5640f,530218963.5077131
c9620e3e2dce92bf95c57c6d,660605031.5482395
b746e4a5c9d04cf4dbf887da,537694478.5418754
915842a8a03914c08a6607c3,522647013.5830247
e9e6e054c1d09a22b7efa20a,529369201.9647543
4b6fb9b705d80ff350bd620e,535188916.51293695
9a51784f33b0cdfce8312163,532553763.8551881
176c9a90fcbceb91569fa3e2,652887439.8689839
c97e70a767a3661c4869bf86,580639436.0997856
a6bdb6221b88a24c9f8381b0,466234516.3886124
0a1e6a95a0f9598150c121ce,766827871.6349049
37d12acc69d0e3e92420e62d,647974961.6772114
d433ad6c3cdbd707e6839082,651073110.8674839
36bec92975612d091a3c78b1,513810453.88959837
3eb97ecf8069775b9104af85,637165649.007593
9aeed339b2d916cc89f38bc3,627478073.7360907
f404deec9ec16a8460397815,526756365.94564384
8a0114372706f30bf6867a2e,549927224.0170212
681e772045fbee930fcc9ff3,929797982.9617281
0816f29a68aa35abd5978e7c,656713612.0518929
670fe8f7b8ebe006885b2777,652917520.7625296
d36dd340e5875df6cba999ad,627255117.0654471
8ae869c5033c248f881ac313,707009238.3377953
294b04da3eaabadd55da9c20,844157674.2145599
17b360d57782208f5afdfe4b,663379045.6936486
88ed5ebb575d026f8d440c60,494452616.46496207
e611a37562f88ebe07bb28d3,509706821.9307578
e685650979374c571dea2ec1,457821516.7897426
10d47d2c73f0ccbc97979bcd,513315149.9122133
fe96a7d758a874b1f0c42145,501423244.35078007
a7634531887e969c9c5469d8,467888512.8146559
42f38b1b2dc077c88a746c1e,505444142.7565399
25e832098d9e6e7c2f9afe2c,462617902.49485946
b7dc47c641b46ca99fb83a0e,553847550.1047611
0391d158ab104c5cdba31872,589479292.6217455
a3c4d0ba7b85b9a6370e131a,714889190.0462801
27721beb237824844adbc289,692327821.8112291
6e807e25b64bf0de81f51c12,722479538.0679871
d2637d64e4022075c8f539e1,799991158.4734848
faedbe92e3296977872a4aeb,1100524385.2799344
5bbc190cdc5ff3296801ac0a,479707532.28895414
9b0abbbbfe0bc85686304ad6,551667382.9413645
f8263893418eb0752dae48f3,538782229.955233
1e73d6064abab2cccdb6610c,535949517.6818851
c0155096575af5fc8db843cf,383250981.9358009
9c7f7b0ebe440f60d3bd478e,538782229.955233
25187d9f4cfe89a525ef2493,540886677.5494877
85815a09bde2a30e296f65bf,535038403.15353566
fd45b984efcdb0b434033fd9,590261850.4601173
5dac2d2027b6c81c1b7ee3a4,535949517.6818851
7df538c0c831520e6d36e39f,406089018.25089073
14b81320fc31c7a513242171,538951704.6910156
8026e480ba395cfe1e09cec6,538782229.955233
80bbc51dd90d131d091521a0,587249653.9400363
ae6ac510d3e46a50ef24896e,538782229.955233
06b90d41ad3ce1d0d389fea9,599089325.8077122
8d911c1a195567dae3cad99e,468793126.548742
2876aa9ef0b44e43084393fa,540886677.5494877
76556774906f9e12b319c232,524226006.06523824
9662cce3c4b92d1c99849899,573192312.6860715
de3d078e5d524d8a7b65841c,535520495.90134156
547c8638128424b89d602f50,622760979.5813048
c8a3dc3654c53cf66953de0e,695836236.7608609
21c8b93e50ac884e63514f10,714279517.6757032
49a0715897795017ee0de843,485841304.557324
5d646ababb10f51c141e0d8a,669909336.6835948
da598f8a82b1ad1b02961cd1,610878979.2074283
84d8f7109615519f2ab0a48c,576476115.1418008
0d027b81f8391d73fe0046aa,588232353.9355203
079bc331430e94ee76f8097e,614026417.5199404
61055e6eb1910507640ce6b4,482967479.59061545
3f6effb8881ea683838437be,580579126.332118
92c8d6ee8496b91821d7ba3e,671921164.3146693
78a08f21f7d7c51ff4d5b8ac,632675359.0020112
f7ee7282cb9edc77740f392b,627007093.1514622
694b0a500f1619c4ac4c85fb,842795117.0806595
13d43933e04c3c7a9e5071cd,715926547.5692388
5abb555cb9d65db8e6c28201,471836772.41021377
ee8103b958673c589b9cb27b,655018615.5533782
5b3a467a3b0feb8ed81be1b7,930007521.6279495
e570a5157e02d440a78ca008,602529665.501622
70298b5e8fbd66aee975ff14,659138429.5816613
2b552d7b1a1488dfd618b120,616128613.8359381
f4ea9c80fe71a1bd0b692475,653877816.5495546
e6a9d5c9a82ba73e76817a81,646914587.1315382
9b58b5c993540ec3ab1e4a0c,538733505.566138
00858277a3cf4f31b8e3f738,668249963.4065592
d937ac866f671e4a0c090879,620292308.1603266
7d02b3479cb2d89d55bd4fe7,668636161.7015389
bf79649b531e876c5f03883b,527355670.40317225
66a2ec5aac8969b2be538c1c,668636161.7015389
7637c251618135e082a9e2b8,609999703.8606367
e8c9070ca596f88bc2e0868a,570771924.0131902
64adcb2941e9553ee394caee,501287697.6510189
0bc8475715e42b752649b4e6,425658236.7729885
956ad3b1dcbe8f236efe2d2b,505473609.6483232
dc81900a751b64dedcb4ac39,407882228.36295855
02e52d3895522d9be85c4544,462746026.3067476
49d6752dd196e7dd583baf44,491220331.8569914
8364aa431b2e267e41efabc2,484385724.7193676
1b59d33f9000d2e1aad46239,449944391.5702211
74a791baebeffcb7e7b917d0,553787774.9871887
0a3911a1a9284f2ff81689e6,462363931.6085408
6276bb8ceb13d174b8e405f0,441483440.18002546
d573d2caf8c67aa32bbe592b,399168113.66949695
57cafce17dc4de3bf8a9ba90,584999920.5219814
1dc9e5c684c831b204d21585,598605969.4896544
48df432642971a97d3d4bd45,654546661.2488731
4902ccbe8456d3f0a29e5059,593454745.1418828
3a810dc80d3a63f8cf106717,613391984.5441848
c9859204696f3440cdb541c3,580821739.239009
349fa9cfa15d8f8bdcbe863a,752356846.3854651
d0bdb51c8020a37fe8344650,713802920.4767336
7b037e6e5d110999e51b79c9,742331251.0686505
f677c51266f5ada9e23f20eb,538253503.6529645
1b85d69a0f8ce1d6ac4d4475,558421830.4476235
4570a3ca0571c70657b4a1c6,460784469.1422764
de32ca7785b71dbcc76a50a1,682744239.6441717
4e3cce6b581e74879c2dbc4f,478082380.5953461
09c4d4b5d1c0118d877d5734,543056864.7820168
b9809baae395914981a9296f,492060942.9038565
fa56058283c975be76d7c990,602514589.185707
7b32938ebf0b1b167a3d2d20,580080800.0762933
bb38c1c17612ce593e5ae7bd,446037470.77376795
bf0485c2e267d06b9b1d90c6,611150475.8518935
0357d0ee6e0646113ea543cf,618450524.0528766
ddf5182c482fca7d881fcba4,822301709.7291895
47e6a61fd652a3dd37556ddf,505246076.9030196
a9054883a22542257c7e778f,373424802.51137114
d7c70d831e88d552da09ff29,576186335.1624616
d4d138bbc80a0b29ed28a4d6,459472662.16764665
dc9119767bf4f21fcccdcc69,652502856.9269559
e8caed8cd754b0e3d43e6954,457774239.09792954
033307467830cb865a785e3e,660733446.204431
5498b3e3ca091bb81be87166,628447595.4046286
bcaded180edb36336c2f5b96,609962339.3356024
ee4377ff95580b93e80ae08c,668901343.0562353
c25e1e289cac1bbbee489122,608156776.2364737
7e41d90a838048eda035fb27,608542546.3467488
f418efb887a15127cf2563b1,676556331.1803797
93b27fa67eae8cdfcb846772,611254554.1170294
6a42271a0b03bf9a856d1acf,549516785.4852904
2af9e271765438a47fa7e7a9,473183711.30865514
11429e0923f804d7dc5d27b6,832398937.9118857
c218434cb0b05ebcef935e5b,464569522.5246136
a98e4f4db7afb8a6c9f69400,564308645.4155264
3c35c8993bb937164ae4a880,646467406.0067767
c23a1372c81ba03e6dabb0df,521537594.9630834
cb332695a296899d1c798426,688446344.1288495
2ace3da2fc4e0c022f7a8755,735543201.1638569
14f1bf9aa68aee1ac094097c,645347947.6271628
649a2784beb9b821d36179af,480175749.030791
6bbb8f89bae38eff88c89c46,460518882.4113342
1905b860a8d463c3048b4e46,501193818.4001407
3ec50faceb434f716d73613c,1119933426.9490042
99543a17b33ab955d03adfef,625808615.3377886
edbafba81b92efa9b1400987,559613776.4883646
9b3846c7abf642e0a6220e7a,396636307.38509136
691c35e98d0d5780aa82aa06,687188254.4628586
395fbdeb9f0c0586a2b20edc,478493976.1772337
4803a3aedb6c20eb194469c1,620311659.8837651
bf95acc88b60a3d531fbd42e,427025123.9559257
b936e36ecacd7cbc3498cee4,450329989.4407215
293c8a0a4a358fe7554a4ae1,599717935.383084
5a72e2a62121158efe59069d,623205371.0514491
605276b332b5e5984b83ea8d,607917516.4104127
d3de7e975a9215d04567e467,658871418.2166209
44b623f7fca1a306560172ac,655306280.4496801
9a6a8802cbf3549870c55031,636393847.4485532
f43c684b789900c58c8b5fd4,658871418.2166209
dd7ec9d7dfad5364dd303f49,641902029.5283178
506f2b1ff3e4e7e43a5596f2,458788074.54175633
090d371309090bf83b6fe0f1,628567248.5901811
886be9a1881866ab1f300533,687853026.682484
ef34f331871e8ca6573981e1,669676552.2725992
53bbf1d3345eabc2a8b7f5ff,643729100.6638463
5bb87c8d49ba8ae67a659b52,628702383.4653282
21dd47ac3c4e1d6bd0ed2485,680071892.3220916
f59686ef2740247394547078,675694808.4867495
8fac177c5a8b4faa21b33138,647205630.3944643
b2bc172a3ab25b8caef50189,527568257.36842006
a10055de743532d7b7bd29a0,489671312.87054116
c344e3be381326a1b6cb5989,640953554.62267
3fa4ef366575bc72ca5a0582,655475698.7018186
e9205b722e624eba0fd36145,1007447431.5536257
e75699a7693c678786ced75c,557947083.8430474
23208132621583ce4a46de77,755597912.6069098
558d9e4b57fbe6c7e0a09a95,1128811186.5223098
1a6ecf722b2eed8cdc19ba20,580399318.1572545
11734add51785f1ddb999c5e,635429039.7969157
82c9ce0d018c1d620b7a6689,643169429.841139
80d95b058cb11ec829b5ec96,568792580.4089599
cd89201cfe3fa19a4eb14bf1,680071892.3220916
d0a5f33f0689445e22db6626,608563581.7705241
c7c99ae9259b34bf9b8ba799,502373812.81440043
73806685dec82cf637f19384,507579826.10148686
83007c444fa52b34482ed55e,483630780.55484015
e08561df5747246d74136dc4,467133244.53574497
5b0219cdbb8ed527aec91659,683228620.9746732
119805b72aeb50f05d3a5bd9,697549539.7122234
fd20cc372715855081e24eae,634450718.1802192
e4a021b625f4ffbed391c6e7,807987797.9732922
902d4fc2c44ae5ca2703426e,628863904.7007812
71aacbd62d72d3eb29a744dc,605043938.4113857
7290697f96d8e2101089984a,635645197.499552
314153750510e92ddcecf33c,577801454.3026276
9d576cf721ad30ab1a4fd554,543947188.9513444
50160783a9a0503df5a38dee,543290195.7018455
0f4abd70b68453d3500eebb5,513803286.09729314
42cde300d741cb134a529031,499155345.52639514
1e9cb258a0b7e08244d7fcb1,583527204.1527089
febc9a1b054671445d756cec,662460665.679615
39351adf139f820864dfe8f4,733897567.0282547
b4fac45659e67d4e91fe65ff,373424802.51137114
fbe555f6bd0edc1bc950d9ea,803921045.894088
67308f6bb80d2a203e306104,469746349.5099952
799cb909791d43a1eb305eaf,556092845.1111249
4354c1b6b27a87c451ddaf36,560169688.3683131
0b937a3ea4864896b744108e,410947158.04498327
b96d8b77fb5ba71ebce2fb26,502203770.26882267
f4b1645da3f4286e39f2fe4a,448175113.36279374
a2d1de4211aff373009809ec,435594726.04074365
50b619ba3e0b2a4c6512bc97,468858123.6093052
3d57abd322b0077efa1091df,529540404.9700569
652793275729ff3b69e86072,575100037.8816726
1e2270f9f49aaf3be01dab49,622376228.20927
99970db787f55a4d1963942e,373974702.67586136
801d821fd6ab7ee01b62a800,434450678.91704047
2abd46909a251b8ebbd37133,527054560.8695433
20a783884d6bcf1aa5697772,489924373.0372155
2fc38ab2689eb24f63e32efc,597968642.7142466
1f592cc4ed728909040f953d,543573709.6419606
d1dca15e36fcc5ec14dfd870,543573709.6419606
54f7aab6b91b48272a81fb47,542635950.6548556
b6d84e7d569d8d0f0d0c9066,608936926.1585908
54d10cb2a44179fd4d726f1b,555056923.0589266
341c307eedfce3f735f4a63f,672627981.5555928
1e057cf20757627d1b006141,485871399.5580043
798bf22408ef6814759da1f5,494490087.8164374
9ef3691cdc2bcece41b47e78,655130443.7154787
fd5793113661540ee34b8cb8,622130504.4526936
9c4ce4e9f12764544cc8bded,622450786.1907231
542b5322e59a3273e10dcda9,769004351.1379918
af578bfec5d84cc2f4ffb8bd,545352430.1358147
a310528e34207b5dd813df8f,448175113.36279374
ecf5c9bd618e3976ceb5697f,747873054.2184875
d342a1ae299065045a957767,908268938.2553306
f5dcdfdcc8f414cb7a38309f,596784194.9596392
4090c1b86074c8e769cc72fd,546816112.0790755
7ef2d4777310765d0c8121af,585540504.6104753
39222ab30001b3cf45b7de65,610274567.126496
91a73bedc30e0c2acd95d6eb,556584851.2425035
d1e6d6900eebd9ace65d6c36,578102154.2540531
592c9c45c07388359f663219,482268155.1554192
738111512f5e5052927468d9,600098045.8635229
0db51d4771623f5fc1026d74,510874278.4255694
82c9556e19072558cbe3a7ff,537481335.7211001
c1e51ab95336a51885b4c672,456032907.3073426
0eda675541a035b1f620ccc8,528057988.91120267
cf379b41b70374ac4cf82dc4,592176164.3590728
d90c961aa01e51d63e50a2de,566028003.8309536
990379c9f9f210206c6f1916,819964902.3121587
f8189811dc639d760937df95,665834371.5992715
3d1deb639d94b292552a123c,613791238.500747
43041a793a13a4171f22e492,688205817.1893266
052d00805b2602cac76fed4d,626199521.1069301
c76207e622cf8a208910707a,548543510.8363869
ebe33bde2abbecd6d1fb0cfc,603657827.0594968
2e23ee2beaf5293f57a5c504,452990903.74947137
abbd422c412c2d57f5df62ba,475187455.5049638
648217f4d8b5e0e65dea066c,619595904.3760636
52e7657a539be5f36f48bed8,732285752.3264192
3a276f0df8c12422e14107c5,730557358.6273623
dc537b5973d2b94acf6f23df,808412147.0008377
0a41279a5ea9b92bf8cb79c0,671096509.7702001
80ed77aff62d4c57ede6ba94,501729233.27309674
1fbc660f780245bd72015f07,555544570.1114347
df1f513009808ebd46ec0847,657529591.2083219
58708fd9e83147daf1a80c48,407043585.65237975
52b699f9900d81ae85ddc7d6,512133169.310318
98c5b154ec80083bf6f51835,460198667.9328299
588400f7829874f9de919e39,436879212.9168135
46a2a88ef09b2aab932ea02a,455204517.7210627
31474c62a8f39e250fb2882b,600072399.4773601
b40873d316de1c295f2a97ec,596641115.8184944
bf4b8b23cd87377169684e98,538213125.4734536
a34b3b037805f2ec489a95fc,577679874.9081814
963985c57392ed0423d74caf,638174635.3965296
a93a37e4cc75c069e14ffa00,664098903.3504709
071f284d07719a3517c55567,626562789.861995
5d030db414b00948ec10d18f,420919233.2367731
6e57de8c4ec2e42832cd4b09,605968765.4802419
d9ee40ccf461ce3e9ebb815c,607472864.264944
ee13d186a24af238d06e0c2b,606393546.0971594
f27397321c007765244e56e3,822230349.1107728
959397711c3f452486ae591c,876933362.3927808
a41222195e5c7d7987dc3c7e,545354795.3530155
ad14cc63c36789bfc1bac0ef,422246644.4027478
79ea72e7b03cfd4fdb5219b3,576713749.7264352
cf68e05962a41395844e9c80,651353447.960135
4a20d03d09fb9d0ee5565ec9,511054493.285524
734c9446d0674b8d6545bfef,598634352.5213817
d9706de7190ae64c83e65769,558722839.2434009
b778282fc4b9c43055629e44,601603948.411762
a4d4d6480b56d6198c0120d4,604773702.7920992
7557a9bc12cf0f2901c00264,778930398.9500391
41376f69b086937257387f1d,661189889.4464581
2910f3631d1db77e4b61f8b5,461597810.0353662
3a8a506c99ede47ae2257e87,503323475.77832294
25d89911e830697217d460f5,477169809.24695075
365a227184022e99f1d2a816,598243104.609979
c6e34cb4e79a729a5df4183a,604665600.7217289
c5c3f06bbf812593d1b95a40,549060063.666244
acd6ad0081960c0f17b144dc,605524629.2250391
344a104d2210954497a5a388,633108877.6898284
c0109086d0f49aac6c3f3f18,597814550.8726617
c42c99f5da3248e7bcc73fa7,596412503.8222287
8e1e9ae57400052cbbaed9dc,896454392.8764803
8cdd55d191f206b0841e56eb,554169798.8823422
c1e0b47866cf4a0120e4b3d6,460909492.1730391
45a033d121ca5afef24161ba,426833605.99725676
bc834280fb45fb308d957640,596448844.0469091
9ddc14c8e7fe7ffb078e0019,772995235.8642838
7d66238672def6f73c25247a,485849494.7458939
2c12cbaa1f14553c1d41b958,386596118.8485958
196969a98960a68088266261,512133169.310318
a5a3cab55661982b7d30bc78,518102467.08630013
6464d5cc161ac659dd963897,449273056.9093302
e9f44786cf982100af0984e4,561361994.3749346
6302e608d8f37e63f4e5cc27,482124466.7915971
ab614a5008d68aebe34aa201,610059060.0141956
06bfbccfb3ec0b1f65f4b351,660131265.899101
f7f46ac9158f0a1edd01709e,603348646.2818105
6e233ae6294318baaeebb59b,758086631.5143282
bf6e713a689f574b532edd4c,619534977.2103556
a7e97bdf2d4f2f62f9889c3b,614462980.1844764
784822ba0060eac9358cce22,474535787.09050745
13c51ea93d19df6c273a1502,537677746.6807985
176e00102fb65cba56279287,529919150.237299
52e5904902e4d75ad87afde7,622739940.8054657
728ce22c8db9bd0abe3f20a8,625977730.9252745
e8bf121ec117e383c843bc51,1262649815.632214
878ff8ef3c862929bbb19ebc,487965252.77255994
ed80ba018de35d5d76d50db4,750541854.45198
9267fcc93ae3b6df8c12d9fb,598590246.1700538
babe27dc477f5e1b7e438422,558515636.4086567
a4173461aa676e09227559fc,405844394.99053514
f0b2a0602bb5a83f0827ac75,634668894.799102
2da346c00d6fc39268f12b82,541124384.8893709
9ec5fbf8767dd0d2744a79b4,664662575.0562835
c85e9bd6e20ee2a883d0a7d9,359330952.49733335
191cb509fd44e580ee32486f,627343156.0549145
053d37bf1d988505b5e91809,603911532.9867213
4d3a66e028dc8f3e9ad9e9cf,638866140.251835
c75b265c0eb946ce77e32ce7,684908129.318482
d233eb8af3ef7e325f6c8f9f,452508707.0795084
7f7f5313341b3ca499968716,599068804.4700422
4fa51848638f4437a3e31682,708015916.9303265
9090236db3ef719edf72a330,892997177.0225034
4dacc190eae91b059dacbb00,672289723.4412398
ccd2f6ec8e9841f1068b7c76,612671016.610495
a354cdbaff42acd1a0b5d82d,464258476.5274438
da8d3092ed0e085a83a7d67a,587390116.2376857
1181e18553eafcf5edf6fa05,588077536.7177674
5b146f1914acf2ae78360fec,533341181.7299749
a0fa0aca2f6c2ae65a98ccbc,659138429.5816613
038bb35043651579f443c481,542923456.2460071
430c46358b85ad4a741c7187,452043750.5760809
4becfb041b0439429f2cffb4,531798640.7007499
feb87029d5a2e8125e165bef,462350076.3797395
61ffbbc24b30698ab8f735c0,442174394.22869855
0e3067f71dfb9dc2e03bba59,449593755.97646904
b8ec643c66478da376153333,373530457.10853696
c8bccdccc9186136a332e995,740836175.1680657
0f4765c8929a87746217e957,695841641.7798696
68c145df0ef91fb4d14d001b,446722576.06686497
e5b92a0c67c506ca6e92315a,557214002.9497306
a482103965890c922a66eedf,511519133.72095436
1d917f9f5a3cd44cc4dc8d2e,533908946.99859244
4cc968db25c2cf03991c0041,455518248.2667215
91ba0c5b21b52734d1e244f0,480232895.2660224
d6a8f4abcb02142c6dd15b30,396415258.47270614
0587e7e1f03af8ea6c46290e,482573733.2950923
61e1e0c49f3aafee6ec9179d,582899874.3336234
797da4e993a993ef80277108,706914053.031798
b8acc8e72f2c498fede3fefb,671028484.4557667
ef2ae24039bf2cff1caa4340,479313652.1893596
cfb8d15c6b0c0e6ee4b92109,613568663.5149094
05aecff6fd8d866c6c157a9a,510554980.2417249
b2e37eb7cde5cf4290649ad3,655654711.4878893
b7ecbd35179a7658f3c11b41,598912073.8547789
699095150a7f3f32c40454fe,1085764432.5804362
989a4fc1590097414d7c3fa3,395648597.38198835
b6853999c45e21646a0d1b20,373424802.51137114
6ddb6863958ded0d72fcc6a9,513449002.3227532
f6fc3807b54d8c69459c4f64,508382245.66997635
6528ca87df8bb477f4b6b8c7,441191968.1830257
7bba885503ea7716ffea503c,531227920.14959854
846e6f1ba1c94966314345d8,646069390.7393646
04e6a79dd3e4d8d17c8b5387,637666349.2506378
4d60db10157fd0b5eab9a23f,637628784.5741886
0d7d434afcc5e93050e0b86d,615358163.2353431
bb9ffa04d913d06846d082a7,733921523.3036264
80abc4c356813c1e4ead1e1e,558263399.4362301
df8979b26c9971dd7c3500d8,553920848.5684224
6ea18874ea84b5b4840f9b85,550857575.0527327
aa75ed5781e6e8584143daa4,584671708.5120599
c8c8d083c9b9600059a8b8d1,531323802.4498126
5c8f3b7ccb4340263c255d00,495111205.06488687
79b943894c4dd68bfd8cde7f,590680217.6759559
64f36d32a3a64853227fa69b,826275446.6791732
d7080c3742cd9d72e9d0ae48,486607156.41285497
8333d32b98625a2742cfabd6,565122139.1521492
bddcc7fb72bb973f84b864dd,646676157.3369043
5a80dd0f68dc2cf9fb1b0c03,485979732.479388
5d82060575bdb7be33e63ecb,762634143.9010663
de416f239b27327e0f78b862,727262083.2226708
816f93a2e035e4fcf61ee4c9,601749062.1188853
aca1776ef24acabe172d573f,613244830.8039656
af32aa018cdfd081a81bbc80,634476473.5218109
7d133cde943d189c9abbb6e4,615844467.5993631
80035ad5b3b4a948469800bb,644989169.2881778
95bdebef7fdc2ac0e9541c51,639800278.8807919
d038e5695b32bdc6fff1f72d,572878573.7100646
2979f2d91d649a8c14f5453c,653568154.4492468
a0be286778d94153d3b22ccb,644736086.6966462
57e8ea351ecd1ff0825b1324,589975825.1269357
c84f96cf4570158c3832c3f3,699258740.3023655
93ab279de0b7b414ce758153,782379570.7619426
2018131ad3f6e5aa8f4be704,946369654.0796647
eb055771816b45213df3ff3b,463957208.4806305
8e3700ec731701361d7bb7c9,418744252.89245486
422e994aaca85628ff759004,449242805.92485124
569e2cad5c18a5f393f80a8d,607709786.3765796
7b4ca3a8d09968e48c185260,563539437.6293423
12785f791e04b3a49547fbc6,861811728.8215317
02ea72128a99862e9537718e,549927224.0170212
fd77ee8ca0551b5b614b40e1,637436089.0953624
ffbf6a54fb00029ba24dd3ad,500314401.2715096
a295b12b773127f15e83e174,444638034.27183044
90f0cf22cf9c8fcc290e495d,472412438.4501497
220d466e3737f1f2a8ed06ae,436125078.7777173
235c56f4afd6d87f1b3e199b,369796514.4797415
eb0f3b14782c9a484408c606,745298424.9346496
4188712d431ba996cd59fbe5,418461453.5370573
3dfd7e954d6f7f40af60bc9d,437850761.621504
00e80be4feb1e8593b7713fe,452851575.8061347
eabdd1bad2bc4351ba4a2635,683370745.5995488
850342685ececa472945f7ed,512834303.6829846
ecc4d05489c5ffc8164d5469,443442117.32036686
2406d47133763272a965ef51,475831224.4895642
b9430e8c145c2a0d7efab2a4,594504877.9057077
4f8dfb8de411b8a05c55dbbb,661058726.1596024
574b6bef16abb21fd67db401,540135963.1684986
e7ef0d61e27de15f10b0d643,683370745.5995488
647ec3f486cedf045cdd3b68,497828318.3365298
69d83d8492db7ade6c37c3de,490005408.89998645
6c07175274fba6a0dc467cbe,541074817.0286711
a5a71962df1b8bc45bf5547e,684885481.0395266
ff61abc1e7843e20b1bf8656,441085058.17285335
540c4d7a79864885d73cca95,485530458.0672362
17d0f69ae2c4f1aaa1aca9c7,625189210.0568563
80de6a9303eedbfd1c69601f,696418086.2672118
7cf573f273b14a6cfafa3ec8,488595957.74066144
eb9ab213defc2de5d878653f,529912532.6765787
69f7ab8608b5328f106b42e5,619625758.5106153
9daaca90887e5144c35daeff,483507399.68829936
2bd08c0964ef4a95295db843,675872571.3142033
34f0542a538cee9f3624d897,468467080.001477
847a7fbd4425fd2fbc4b3edf,734443116.7153263
22428154baf95870f1d83fdc,607479997.674776
18e89f083fdbce3da0a82a4a,876342171.8743633
63674e7ddf6f2b4d7c6d5c1b,451163567.30864996
0e97f66cf4208c1a57d1fb17,487194794.9423883
a90f7cd68b662c87d9fc2d5e,643024870.6389445
2086639384041f3a9b519140,633108877.6898284
d38353aaffa4af168518c6c5,534745969.98900616
d994f3919c3c8fe0ebd538ad,627250300.7903246
ea9d6dc517c77ff8bffd596b,597438746.8904605
ff83788b9f8db0297f6c0148,818715372.9421618
9d9564415e52518c2817f66f,508350193.2701599
9362189c5d784741c9b0f8e7,1156619264.4772265
ffb510bd3f847f4ede255fbb,438104326.4175152
7d3e4ead63a869bae978027e,709034406.2568907
5dc404d1c214abd2d45b2a0a,740183992.0155462
64335f6d4c1a7514377be77d,579835510.7790079
b81801f02a73feb1db7f5e83,768069544.1637695
b5d6fe84ee7c6a703891112d,622750573.778437
af0502ae1fe341c2ce1b5325,490484264.94817466
ec43b2789c9cc266a8e0d1f6,579943401.683154
7ff8b0b5ab4fd12f3be399ce,738442579.0154909
d5c8073e3ceefbfbb547eee3,812939678.1641798
66379c5752189c150954b4f0,458653867.90124524
6a3f9046cfdbf4eefca3ca69,597340947.9343292
b549a72c938d767ed504bd83,632236774.1278006
f48e503ebd3908838c1f2ae6,522721561.9844287
e58ba64bfa5280630bfcfa97,593404471.3803365
07edd16680605925192efcf1,539137683.7902232
70b821bc1c7dd846a8be343c,499324835.50858516
d84d7edc4a4896c4a8722328,493562742.96444166
6d592a69209ef3356e656c44,466513153.0279222
ca9b2ef10b512905af6be620,610209718.485971
bbf16146922556095f53b5ea,715227136.3784184
86e80098f5a3e7dbd635838d,632311893.685615
dad46c20f9f7d834e522fdd1,568554485.3439264
e2dcb036931bf4b2aa030036,865233090.6070076
aa7a25411bc0f9f93dcc40df,336850923.8623161
e192181121fe58a8bf94aecf,533842946.598457
5aa715bbe2b178ad0c9e4b08,699093842.6956418
43b5b5a9a1615eba48ab8b66,363059040.10735095
dc91e3fe1b190fd8cf2584c9,501864414.11607826
1014341bbcd2fd5775631f78,458002345.08465654
7f2e9d302a6ed1770db9f7cf,592731793.4424397
73f4074e5e09e52e0e03598f,582105920.7386914
0460eacc73398bb95f0518e2,753362816.1809862
5a44be6fad8878eb2c394ca9,542249681.0058885
936cdcce007bce08a72112b7,675855884.5090661
8334a4cc7db8ed5c0071fe95,594332832.7259284
e3e9d1d073b129c697c1e9e9,642837033.7779301
dd9a60c3d502ca3cc98d9b73,649878133.8806156
949184accb5878f82fd5c10f,586587341.0706459
bbc675f7edfa0425c78c15ea,632603600.479549
7436750d73f2e56b4f29e98f,590337800.6051835
cf81103f31f74edfe0453de8,605085034.219564
620e467297aed5c47e22735a,350061537.00386935
41037a3f8625082544979179,500591750.6385403
6a2db40e5f210a31b2f7119e,479810434.3012308
0083ef74db679d22463a1afe,469420194.01709455
b19be1ad7f60717a943ff0f7,487079763.13871443
0906b6a88fb1eb0d7bfb6bb5,458790458.34987855
f82adf71d17c261b41a5231a,514266518.08921653
bdda694c42c52ba4803d482f,442349778.96673536
80f633154b6f94b8fa24f213,490760848.7228895
f69aa18a64d8b8494fd9fe3f,417438178.81165206
3146f3ec9b237fa0944cec7b,500790611.8018532
5db3d671b5aa03dc33f258dc,422202667.74633247
d5239537894ce7f2a9cb5a49,547697085.8943168
bc28e66374356a4fcf9b62d7,418696283.16713244
3697e556be961a16a621f3e5,471055566.47953176
bb6f66493fbafa76d70b0a34,506030941.45997006
e78a4111d943044a9a32ed80,645135786.5612831
044e2daf937c0d8373f2e914,666270941.4932535
77668d4325802de9d63609a9,661008460.756341
a85ba83751915d8d5d1a0e09,595101524.2733155
429460d5f5c5381e945cf449,680790640.1339223
a53dc5c58f7384729ba37a21,850099772.5416812
a4dba76865fbd14aa19c0286,667469371.859527
7573c18a79e5e3ee0610d7cc,741622708.036619
f13f72c1cb469db92b25c2fb,869803484.9011594
45dd7eee4488e88d71d46783,1138478053.3289967
dd4fd04b9fd80818bd543f9d,608834649.7522142
500a3c5953f89b431184fead,655512579.9001108
d2e737461b916ba78030c76f,570067948.9035801
e1e69b5a90431b8a44265487,463854788.3696333
49cc8164d94a2afe8b750af4,523079254.1947326
e9b054016b281140d2566d88,790277047.7894375
32161228e9c502d2c21beaa3,527326301.65515155
9017accdd4fe3229fc45280b,401878925.6834397
17fed4a312a9b773f64861d3,454732964.1497639
8632f5681d04d9c934675409,801727133.5160594
8356123e4d10a479a12e98bb,456750871.57827705
70463649ffbda5fdf3c10ec8,510267950.9562929
1414ec3cdd3f6ab772fc7584,468858123.6093052
937708417ef2642b7d05abad,748712140.0391154
afbe90d764c1821cdb26e38a,629161802.2239066
14331a3db021936067b15890,538457726.0131522
793efc460dd25b67c644e92f,677367839.2616627
0a9e4dd0eec86037a36fe769,660970049.6912
e5168779de76d99010e37c7c,534051416.0984274
016dd08801ad1a1e7f6e695b,591502070.8198892
ce509ce153f452ff8a997538,596087364.4224043
66d8ce8e6aad18a4963275fc,646205937.8457079
8398e3b96d1311c7264f6603,824307137.4859569
e9081115ab418ef1031326c3,483413253.5151363
5c8240a1ebf6138f81dac715,549859475.2878681
18cb1adb2078fef29a613a96,517452926.70221806
4167fdc804227ed43224a32c,811416102.3098121
b5d0ae257748ea92c47d8fc2,542354400.0636679
1d17f0ff708e6f0b93a990ec,741409902.0630171
764f506bb2aa1ac4de918a71,456158176.85372627
7a861f1e3af4dbbf55b2c301,476291432.9982554
1562a23a312478d7a05a33dd,500070174.8452787
0a040fd24e23a77f0c58495c,667356039.8556533
7f0f5931fe148f6187ebf512,563539137.4157531
9fcdcb2be94744d00e734a3a,1191918479.9075987
f181f74e96a93820a23bc0a0,660121724.8002051
5193b43c32a2bfb3aac6b2af,655389895.9402051
6cc7718e834ba47a429d6874,482004600.65090233
b8d06f4ce0d6e71ba0fddc26,578683529.9307969
30a30e4ab286fd822c68ab5a,580386324.0688477
f99bdff027d28ceca0caacd1,555924379.6705947
f46f5e911c6c595efb5b7ab5,542597275.2653807
a7f0c831d82505044f370b1a,447750179.14800304
17069e9f4ba45c93738b109a,431789079.5964565
dd5c910c2a3d63b8fa92096f,375959841.4785709
a33329c9ed11ee8b87aad6b4,419187883.4829729
925b457b5df270a68b84753b,416898406.8044754
d206aafc71e8aec2afc3f8ee,370954424.5663659
f8232717e74332384075dde8,390286965.1140928
f60d9f0751a14efe41be383b,425523579.20008665
13adc7946bd4e6e3e4416e52,445866949.64902616
230cdc90e6c825d391d5025d,397374554.8552943
e98cb170e4383546988c6829,375959841.4785709
5bc46671989de2534553ae49,412810400.33588296
3b98c8e46cf8477a1968244f,375593695.6425299
f9f5fa4ad495197a5c9b492c,416874016.2084005
0bd42f8ee9d36dae4cf35886,393576000.0127516
567ca46ac91cc53e3b479547,385574779.3654787
f0ebddf2bd5aac661e4945ce,546153046.0834272
eee841bc785b1824b6419a73,509168749.3626365
004776514ad269b380581066,535501891.02949774
bd3edc7854cffd6b6debfb98,512377505.7316163
0b42bbe66e438fa81a2ff77a,486800092.6175286
a33bfa6cf99e26bd9c49f8d8,488086823.95277977
8b45db8a4f2c0f772c8d44cf,482307675.3096253
262b5b0bb408d7cf53073832,512010643.3903683
5844c83fecdf7e09b188c2f0,485024709.327584
9cc3c05f0e81b8f6454b80ea,462172261.611223
07c46b493733d74c4f384b79,486141467.8464357
932ce2fe93b8e1ec0e7bbc8f,562950053.4608966
559fabe06aaee537322d0af8,451163567.30864996
f4da2c8dd901cca9cdd51025,485206379.87458307
84eb4861db0816bc8722f379,487809386.84020585
d0dc69570223bce949a4c17e,566148408.5925211
abc2ff9d0e7848169fca170f,509156875.7938575
3e3880088f0df7c447e27840,490981426.4340676
3580dcbd0a6d7d6d3546dad6,470116706.9686128
f123231ff18912a3dfd7cae7,476245956.73944116
78a7eac41dd672cd1863e3b4,458235851.7965281
97def72de478566ad58020a3,439952426.79328734
e3e2e3080cc309d34014e8fd,485976212.5867835
71be583d473084bc0608d066,484858461.1402083
ac6a4c672dfbe20f5bafbd89,487766147.5342728
f4fc081a112f5ee1b3a09e70,515034005.34031165
d8add8f5e0aa562a63c894d7,470315902.9085682
88ab887e18e38d0b8315286e,453326727.5231699
07c8af84608e6c9206ad6961,490371999.8153704
2b352d996677e67156391e25,467379904.92559624
ced624c6debaa01c732e9f60,464183434.3390015
ef92f63b46f27ccd2151a21c,491856083.233111
f4022026c279a9b77a894ee2,486145172.3272752
e2e2218086e6ef5377c01b68,452847831.5889455
4af83eb7718f5823ae69fe47,517975166.68209004
ee98e745afca6de4550fe570,487527941.0438913
bd1fda425d792fb0de7b4499,489469017.57670504
86b2d3ad1dacb372734f810e,490981426.4340676
98abd5139cc3ea136faf7c8c,458784430.7115632
4582ec985de48290c5f1f5e1,497562729.5956962
312a6b2a57dc6947f95213a5,502636097.29707384
86a47522586da2884181f128,497791928.96862227
b41edc115f6b439caf392941,490394440.8678587
fac682b61b813044a3e3ad01,464412691.2329077
63f4e57fb2cc22659e80d6fc,523768686.5920165
4310c7a552b20afd46f930d9,450538755.4577651
4f18341de355d2cf57a03983,487194794.9423883
a418dbb6d04e505c133c6c1c,477175315.6505633
afce1d7c5576dc49c80bdabf,550397590.1789626
5ec12159380f4d1a85e8b0ef,524083071.2104451
78d10967c36cbf346bd58f63,492177917.06982154
f995364cc33c431b3c93db45,470576863.63066983
99b31d0b5d5ab75a2653b1a1,465178627.4543174
42d42ad031a2c62be9b5cdca,487727225.92370164
73d09646de4e0ab46feaceba,535562794.5021349
bef4759bfc25c7d44a8112af,485024709.327584
c038742e427830aef3ac1c17,499632723.176532
e96a7f5424558193663ef6f4,460129296.3883643
1af243eb63d893b1251f44dd,491856083.233111
a083fd17c5e7c9d33540b922,518853810.91799724
549024cda1c093c9f8bc2ea3,430472744.3014466
164cf5fb9a759f2e4be67b6e,495928087.4337957
65ff6cef76efb4c83ac0611e,542350764.864034
784b1db005d39c2f57666efb,460890060.2061827
a2f06081983f748fcd74652d,513192594.6295819
66e4f010db2febff23b4a4f5,517574724.6214423
9702cf3039b86f97c003e20c,703839952.9892985
48de5d43e88caea594ccd27c,623312915.909412
6732c28a236aa1ccc0cb2c86,569217909.8808601
8a1d1f70adbdeb233ed3ec3a,581334129.6665076
c775d4f60fea55d5511da4d4,592692614.9923131
1f4109e1a4b47a9b11c2c019,556119910.6248478
31ef69bed8e54b5e1fb245aa,703839952.9892985
882907ccf178b23a02ce262e,606173227.338932
2868ac4225657a13f6149e6e,592387026.4620639
cf6f0a3cc030024f4e9ad06d,626318606.469325
0a1cdd0d5c3c8b973ab1a98c,527021505.71865344
0d099b1e1a314dfd9aee5293,617955551.5069761
898d1eb301c92ab6603e0b81,607479997.674776
9fdf7d85fc65849cda3afda7,662525567.8027195
f5ee97750fd4e04eafa9d1d7,610648759.4073131
ef9cf29f71434be184a4ebd9,503577801.8826523
e4559824c3390efd6282960a,626553727.1179333
f8dc73052c66ab334cb7be14,661483856.9310523
2e992370de3eed4ec1271589,597955860.3407451
e2bbe9221780d01a265e2ef4,615146205.8547263
b65a2a140ad5fc6e3e26b6e3,687027223.3528796
3dea0748459a295fcbd2f0b6,613540677.1581151
7a1cb1f751cd36bdb6412ba2,612122935.1825521
1381c0399ebbf19db3a11820,687027223.3528796
479b2c9c12602551bbd0212a,566896719.9022067
d463fae95232d30e0f78f93f,687027223.3528796
d0df2748d371d98d76408d66,703196260.9023685
9551dc6098b721dd495e5c57,608141780.8118895
fa736ec3f2f066cba4328908,552432794.03146
37fc4ce5dfff7faba6bebf8c,677356439.6100161
f336d60e41c8bfee91d58728,557657444.7632623
65e1a61d984712e76829c821,614788163.1510636
65eaf65f8dccb8e49a93b753,551984181.5933642
36eb8139a5ca1b8459eb52c1,649669493.21066
c357cc3d2f4b45ca3e1250d2,574881352.3093361
4b75f2b374e8674e8b55eceb,634222278.5020194
9c20784acde0823e9479be2f,735092279.4452193
0f2aa0d9fdcfe894caa8fddc,804467898.9734262
23374ef76774d4f95f022473,655277719.8693306
4224e69acf9fb071d4cab498,901610568.0921317
a41d05f2ae3e022c16088bd0,659297383.1694819
9b30c679d7da9169580773a1,847563164.0511211
2795cdb2f4d568a782dcfc3f,647765076.3961459
5399af7ea98c97b5906efe1d,792702494.454393
5e93ed2a9b36625c4450b5bd,668112503.0200384
d04d42ff91707e3957b4a29c,665160723.6118526
f32ea78bc5ea15d700d3c118,808301989.1738199
8ce2d6e505ad1da079f34a8d,830904391.3689649
014799b9ef7d5244fb6640ff,734443116.7153263
f50a72cfa82f3742189b7fc0,673145838.3696891
8876b38f90f5571639b7d879,689148115.791927
239a2dd25f604c730136c720,626370319.2511017
db297b6ab332cbbba338e7a0,776938228.4498847
5aaed76349fc95f6c12ced7b,806313787.2969534
10c94f25ce3f7532bf4f3152,646468069.1462457
d0ac1f63c75987c92038bd30,671572292.7219175
db5ea791b33be91840a6d045,739554416.4439434
8627562772d9d63bac507fcd,749858965.4253322
b1ecdceb6ac00b6b047c241b,991887214.4623842
f499c1513abf0b05aa1f460e,779241017.0318598
0d8b0ca08838d1dac052d51c,876342171.8743633
c54a573c9aef013dfa2abeff,997634402.4169178
f02865ea64b156bf4cf4cfa4,792610665.6541414
087b564ba475edbea431d4e4,951908199.25119
2d3236cf646f19a25932676a,997634402.4169178
68b547621c25c7418cfdf5dc,587936679.2630681
097a1a08a389439cc2c760f8,401839977.1707791
e9c905ff64c7e2f8c21b0a9c,385081150.44746655
464039bbcabc650d659f6683,445318018.3657977
93c24fa31fa780d28ecbc318,479893189.17615014
a73206cd21136b209f25c7cc,435177826.7041334
852a11f12646f0a1121824c2,469557153.07178503
61953f4c9bac7cac5ddda5d9,607163215.0424685
5a5377f2d087b7bb183783bb,656091695.6000652
0a85c354c48921e0ca202d15,771536610.1758078
12f9d50fad58e4e40a187d98,778554235.1201527
45ac018012e7dd91d41a5876,510692714.6366508
28f905e91295a47d106a3214,643226198.2026757
395e3718423aeac3d40494a7,590704433.3321029
1fd7e9b1e717578f751c21c7,578756042.9723511
e8bdc4a088a6b99a538a6f0a,525210008.88721305
45b894a8b028be29ed137f1e,1328190552.2469196
f5c866d489889ab2f124799c,605261676.7372007
3d0de71d822da8a999bb6222,547116544.408062
ecd0b4bfd66fe04c278dd4ae,499969497.0705313
9a61bfe6ba2b8364a92e5a97,657660206.7368816
e8b8d0c4cb87efc13344bcd2,653450798.0785033
1f39ea319382fb0e41ead713,634824154.9864323
d61700c4ecc128290bc42d3f,383748258.66730917
d87cbdc4896e0e0160999520,432963780.31915766
d1281c9f037ea5c4fa683b84,343024665.0723895
310e768d2e8836432f8b3e97,428465703.80220306
c5498cdddd7856e99d21f52b,450456264.0835759
d3169d4a467cb7eac41849ff,624956795.4234599
2eeb4b0d7afa57b63778b69f,683264795.4030831
7b3621124731bcd2e543562c,673103131.3553466
5703b4ab6e77d88f751bc6e7,684129735.5571064
2c567face144ca714454abf2,756598483.8119247
7169b5a3b9a796162de685cf,957956219.3792559
fd19e1b2e61f5efde879f6dd,812939678.1641798
55f0e95dc857256aec65ec1a,818627461.1030577
ab03c034e2a420f395ca094a,408493030.2243384
ee3c0c7fe3fe73ad0449870c,1491118502.2055354
e59afca092e0ddaf60c9419c,524666585.1270728
99e48a46a1a599471d3260e0,530461417.8223513
419398139a3aa2ca2be3f941,467771722.99752885
54c33befb89cc873771c3be6,732960084.4963188
cb29bd3ae3d5da88c99d3db5,654668543.6118003
24258361a4ba8f772a83ba7c,740579179.027146
539c12d2fe8cbf950b75a0fd,537179088.9292417
7b81996f3abd287b50adf8da,692732750.2848724
0d9e73c14529fa3f1ec8a56f,577707632.4624345
dd178fd542fc716e32b4136a,435594726.04074365
9aad22f3d25e46538e1558fb,547580585.7697848
93df4118ec3536b312822d90,662416910.3814975
7c6319c04025c4ed6aa3f051,577707632.4624345
98e04fd660ca1276d1510a72,589171918.0381494
4a8eaccbde5a4a6747818d29,579069037.7964393
9f6ae3eaafbdfd8d5c0e64c8,666994359.1738029
5929c81cfde8ae068a8b822c,580845854.3433691
b94ea2b8b847a47140d04008,608791303.8581513
ac1b644a8d2ec042ca91f89c,635558920.4310672
8df9256029f526ca313202b7,601465661.738944
e029511780468f4cfbd10d3e,623845333.2010286
0878fd8b66aeb22f6af2d7af,531183217.5059988
76258b7b7e8778cd60d3435a,578923535.1724609
d64a2ad3297e2fad8ce66197,397807322.95115
8af6bb75c85a2789156b3696,536038006.35477054
40db880aba8951909e6e4ef6,486257453.12055284
c9e20cadac540faa59d9aa3f,365319184.2151551
7d5459e48101349c75d43aec,597543598.4277852
fb0664d59b6333ae1861f343,675187696.3309791
bc6b57600fa9edfe13fb3118,609729491.8681321
d309cdb5688ff7bdbb682d17,589612821.235125
d17ba799e68d7775f2104b3a,623461975.1371961
2baa6afba131b74487c94d74,628309823.398578
0b7c8732558fc04f4fc51ec1,610017281.1331849
0d8cda2859d9903f6202af54,508914465.83745205
0f2913c5aa681a2bd45a5484,718129431.6249352
de6010c57fe78d975be38c2b,532285803.9208077
54b474bc7cb126bfe8e6c144,602216393.620018
b1dea7d384760535b770311a,571704271.8852396
9e90e02c8ed3ad137e4c3abc,639888618.0460099
b59711a5971a3b482db4d9f7,549927224.0170212
2c37a1280b18e095b43e19f5,602221769.9903544
fcd7c10d81aff25d9233214d,481298406.05534613
c3b8bbc492a7d7bdd63da22f,569259221.2860699
42aaf6521fdf1dc9bc50f88e,498981575.9465376
3c268e9119b8027f78f91954,558585207.1597109
c8d5a0e9614dcf96a500206f,381530895.7568823
6c778557da9b5d99f90b1238,693924914.4044623
4514844d15690b7331fdb6cb,559811345.6262943
d8e981acf77bb46a9dbd3109,590184203.0583624
b940ba03ea60d4cdc5d2d429,891914072.3017057
4fab4e66ead1948498d2a4dd,400229456.7164575
a5620899d410af623a3ff4a9,856828196.5808561
f45e3be8500d7bd91cc8855a,411994338.67632926
4b82eef445edeae7a55fd019,496621967.7931965
29881785ae39aec014c4982c,622821047.2588549
0d9f91cbcc9339146bf75bba,528516386.89620274
b839e76df5d73e7d53691707,576444441.378663
7ac96f16bdc50ee7619f3548,559234544.0267489
a102a0a268840439c2c8f4c6,372927746.155554
e1132006785632e4ec5deb02,457775308.9979722
a041ed3fc0b60fc4ce3cf847,548599747.5087095
84b758716f47bb0f4e4a2bed,401400210.3700146
84394774ab45e0c8b733bed2,416861596.0254884
2c1c91f2bb4d9dae38a44360,353231529.31225616
8ba9304ea7b8d2b071bb0699,506203594.3339645
9a76cc7c650230c670e703e7,606745324.1715996
9b0833992397c6e50b54715f,600035146.828919
6f192e6a537c1509521e1e8a,766996152.6542221
d1668e2d35a939ed126a3f8e,1023464952.9497988
a17807447696896bb61ef8ab,830592386.7201892
d043d368d2584ae95ad3672c,707870078.0034256
7f2e3f2eb5abf86b56897250,626179254.9220434
fdb1cffa6b7346fde667d72c,402791324.06952405
58a3a9f44bc7846ae26413e5,518474393.8987633
af230af0c73a5f2b72787c1b,664047624.1231657
3cd5562115870363ed5d7558,542079229.3927307
cb9d8fe7c18dba6827836403,597707960.9248544
742fd57dd463c1b5cb79f63e,549336618.0266018
0d30768d188b6bb53d599ea1,690729779.219419
c455b8a15dbfff94c2909f37,479627871.29606897
8541eec88f0dd8229b4fb041,483146023.3755683
54aad3aa4a166d2d50df48cb,1141041987.0184963
eb9a59d4e85a3f124e866f47,745082617.876856
d65946f9c27e417e6bc60057,379366828.4260747
dfbb0ed74ed85bd186f40ccc,512557914.0359285
84b05da6a859ff5384f37ee7,533258851.3035701
e2da7c1bb33be76b86b9a07a,599604473.5636054
456243bb3fab3e74df21b5a0,587516689.4524044
a947c2ea296f1da3d10b0a06,504000859.3786797
3929df6d73b3ba01bc018476,529510230.23119235
ce44699aeddaeb77f23c9b9c,709381302.4767665
3cd3537b5f9475657060cae8,922468481.2596174
4520ceed2e5fe3458850a805,637857170.7360312
00dea98fbfbfeae74c513bb6,712159301.4505036
16da41b1128c039ff8f83919,538715132.1465623
111d509185303ed970d710c7,1020709831.7720047
83ad1ce7ef6d70842ec986f2,531637333.3351588
74f8ffe35e8d3bc9be725d7a,396344087.29052055
f5e7ab7c2edf566fa22501b9,793946838.7703153
2e1f3fb2323fa16150f8bc88,486806519.0525778
f8bf37a8f81a310e299385a5,490720742.9502462
7b71229680a50bc26677a427,531128260.1651755
1f7daef9ba898c4d8ac1c81b,486239532.7832004
415b68c7a5cfb073676c443b,531128260.1651755
856559e93205dd1561d8ada3,602203578.3208567
6d534e4baa1740d7839664eb,458880723.3924536
9ea78159ad117bd9c0b04291,641225415.956994
38faca2d6e338d328428f986,521241746.1671873
fcc6c3c10bb52776accaf06f,655659668.5428927
9120f0e5a6f505a2553bfd58,756885112.2303292
583a8d8c5d7fa63125f62155,597603709.3209347
3d04304c8644c81114c36f98,454353495.319752
21fcb5c7e497f0580b820379,582030961.3801279
6542b39cc8d2d13dc828772d,523341804.53682023
091f6342ad934f4e7f84045d,925043654.7463162
fe8305e287f6a8e7899c9459,441819219.94216496
d4492ffc4aaa4ca9c4dd2357,621951154.7347127
319b9accf9980ef2ef81099b,586478040.6827567
fa84c07cc90e2a2058b57c9e,452720879.06528145
c4749eb8f59cca469236df01,492007141.08867025
b8a5928cf1f7e704e9933bed,587214853.7474576
c2ffdd10fe424afa1b09f31d,529258796.44726825
f221dd5d745def063eeb7258,610826515.8189515
319ba1ec06c9b6ca6990f4c1,624956719.278034
29e7796eabea247af4e8a0f7,542756380.7611067
ddbca69ad74877086c4110e6,598338238.4561306
c858f0f3f5594e7bb0f3b6a4,710694615.6114951
88ae3f4a8ef76675c66e925f,634631453.8969332
27e0810a702796d97878c34c,425410432.8373632
7450139ad1b39b2a380472fa,778036881.0767242
35ae7661d8191507cf9e7cdf,717399319.9667886
93b8ea95ca1c1ff3881d91d2,486806519.0525778
8e4709859d50a75dd08b03e5,612448287.4126563
7026113e0cd7b2d17f8a3459,585667102.5453651
9af956dd8d83bc715592b97a,432263581.2817098
df10ecb67d79e645f77a90a6,864750086.1585873
14feeb619f409386e6eaeda5,498533800.13202274
1a6b9a6d92ec5e905ac97cce,617484983.7616773
057585ba19d6144408d4e2da,552516728.5688605
72699647b590d11ed9b2f2e8,427503401.27086663
cbc99d6202cd3a31e1c14a16,605103459.9059722
ce1d63bc4411a615b816a76c,582214613.278285
04f0fd25e2456759753bd2bc,515445244.0852442
8c0154eb5be437746213aec8,687361805.3988905
e23017438478050a655f6d67,603367852.7184508
8f0b6d6dd914911c7e90d302,702850569.3201306
4b38595746dcb78fbb459781,558667876.3072385
95aebb36dc0b4ea86db49492,764160898.4580914
f900f7a9c5e2ea51689e8992,681331278.308443
3fa0d9e247f28968a5bf8476,477130157.64048034
1240f50cf2d8ef1d8713e671,482335132.35048157
14a55e5887af840860b41ddf,386596118.8485958
3ffefb3f453c54585fa6ef22,693924914.4044623
c3b357d17afd631df02dc39a,729215230.5161033
a15aced0fffc97e219f99545,443646834.3654508
cf707785919dbb92cfc7b5f6,823115192.66508
70ebbf6a402f0f707b893979,482516127.9604592
aefb3cb6ad2de9ffa90b9534,489955008.21379465
b2809471a0164e3d41b8fa60,799781081.1651857
6d11001f164d81734a82ec1d,458216216.2897367
ad71acd782a4fce4d9af04be,441634739.77329063
ca86f53a857c23b15eef428a,608979413.4731164
580452a616b4f5170eb628d0,627000305.882238
7dc609a3c7a3ab1f9a3146e6,508874979.2370516
e8fc9a1fd4b39f946b914398,520908140.9699752
0d3bc6532812ea618d154bdc,605999922.730908
1ee436f045a0662037f9d2cf,622303567.5915686
8697b1d337145af0ef8e4619,614537640.5331409
9a08127164a0bb61cefb3680,408448506.7780861
e08e1f260e5c3231c49e5a96,473281376.7756611
b96502e30fecdfae7796f1d6,501193818.4001407
a0b178016cd26a1d2072e7fc,470459548.1176849
5e3d7da3cfe55ad1fe609579,521006754.4242759
30f77637dd52e728efaddd6d,546464055.5723044
2202c5c9a16b771d1e242c18,684907291.1706862
3dc8277f29d0a2406fa25ce1,656971133.6177318
a0f86ac00934b57d85b44dde,632468355.0246366
9168a08b1fac4c5448626ff0,582888630.7284068
cec8daf847f52cb2845a9f58,717318270.6816558
ab7559b75b340275587e50b7,752807259.505767
a392f7f9ace844d712ab2b4a,656593267.811465
dd21c6799a32ce6ef27f5281,500557059.4641986
275ec6bd936600c7eceac599,630086387.7557594
978195f1745ab7e3d69e1f50,783916606.4282092
0e3f82238c54e85ca4229977,509549238.8535198
bc168cfefe964762cdf8755b,591892965.6833763
d22d5776b6305308c9e774d7,646065809.1435378
94d3fe901550dd4ba77ffbaf,644921296.1960611
63717ed97f95e32b2ca321f3,740604093.7681857
a7df0496d6ce217fadfad10d,633465945.0124946
51a696388218fc2e412f8806,654714567.5851414
a918c218ff761315988c6335,596087364.4224043
d3609eabe59175fcb4441ac2,776161800.7217644
8af2e264b801b3e155e52be8,876626651.6247946
76e4ebad138d50c690f0aec1,393766911.0915356
9a9553eb431458a3e30fc672,478067538.0831055
117f37774a78d65f9e68f906,450149900.3240025
0c8b133effcdbcd49d52add5,783226132.0780438
5e8b2528c1c0a5c12a476919,656304590.5180955
38d6842c2807d54f386bdb5c,650301730.6973838
55f747145222c070fdd50175,648887747.4587675
ca7d715827b39c417e5b75ad,658918553.4235728
b219848e66fb065d4d2441bc,626060392.0501317
a04d3f4eb8810a346fd29ab5,710342994.3498307
0b06da0ceff947975cf8951e,920908841.8240501
3f35c44229ba13940d8a705d,771316700.5159289
8bdebb8914fbcaad625b1764,427238095.5527153
f4635193372f669612744011,700795266.813545
611a369172eb6e3e2e4bdbfb,717646310.920207
6689af92cae5d7c9c3e2f215,767326091.0827633
e382002b0685aabb01891743,634931799.1448199
edbb6dd10f8c9e7596368225,584096139.3591353
89b0592a715c9e135967f947,618403480.716654
a67c6f6400a176e0a07d6772,646498697.0828496
5c6e6dae74e39d33621c7119,630841821.8940166
0e1c100d8e57de8296363d6f,601629838.5132613
e2e639b53456889ab5350ba0,531016141.871947
93acd9176ff299221e0d2152,615570829.4738443
cb482d76b3b4904c595f2dc1,572785525.9671226
a0e15809e0a284fde27b16ee,676062956.5844284
9a958690c3947f5a8f05cc80,631775284.6548754
889bd77c8271961a6e4925ea,605708759.241316
dc082fe46a714afd43b9dc19,633077490.9300847
99f8eedcdc31cc0ff6fda7a6,622565094.0017153
dfa744f733abef97d82dbb32,644537906.6896867
d50b80d68eb3b928e4bb4317,465670791.7938231
a58acad50184e66794d8d704,538555878.944257
52871480f7bdf5ac3d785630,664706009.9192451
8b083d7ac086f52fd2942a82,569224424.247401
301ce25214ddb4b5144373ef,654927017.6755764
6d76a22793aa9b571da64572,657890685.1927669
d7c48db0385bdbf7ecb7088f,922769599.3098155
874e2c6f3e9f90db80d243d0,453455277.9129625
249667af8d0835c9830e2b37,514385651.959026
75d3c9e0da9a24f4849f2078,553504832.984131
9e45b127ea0303f973bac9d1,398787511.0210575
daa0be53e7a1d7ff76f32955,631096315.609872
bf7463534babd284da6ca671,402653368.8756068
0283890ab76b10547b27e634,537497933.1145971
5fd213a5236154ae5206c372,940735710.3107948
317e95fad7d399673719537e,594981328.0442158
fb14ddcaa459b49a3b30eb3a,715850612.6196322
4cb5e4aa83c476a5b71d77ce,688008045.327571
f54d358d26af89636906f686,762882445.6821682
f002603a6990ec405d82cc47,732960084.4963188
e3b7dc4e8990f3cd436bf738,526869568.6968448
97c799300453ab511bd06361,559662287.7736135
3c1ee7e502c6bfb20873b47c,481284452.2537395
cf7741583fc5315ba70b70f1,738224677.3361795
36a0a1f0432c954604825b6e,447706098.96717185
9836bf9b64f27104c7863b79,495412034.72643906
68a3f9ac977f56cd39a6a1b9,634095598.6557431
b676ed2d0af6807cc2b28ac8,808217039.4518008
430112bf4fa9324f0149a879,550896798.7470604
fa00e05d83ee890a38c3a686,695471154.2640482
7d503f126b5863fa0626d4bb,428335695.0073574
ec03a01c961659f2cfd9c973,516845475.31479263
6a112af84d5a81f3d16dfc32,717715630.1438873
4c5d3dd8802acb9ee22ab912,657864359.945266
d029158b36963961fdcc3974,663997212.4614635
c2071e85fbffa3d2c2168319,634025233.259034
60a04215bee81d26f20cf0c3,662799361.5100232
6d4a961e099de1939adc6496,540052686.2485975
2383b8bc2cd3d307caba34ba,534053636.3408465
d9357452fcd193b6c5284bc8,1002691033.3422986
863f8f2aeda01a9fea1cb3e0,723824838.978559
d1a6132098a4bd640321c7d3,556785571.7310877
6edd2530070918074c8e7d07,644763736.2694569
1cfe7df5431f3dc6a9289551,636766087.0228004
c617d1f15d294f0b0aea8ed8,483301341.99659765
bbdd78a7ed332e679c8e526b,421968135.0834466
45969f25857aa7263927b400,597659381.097098
cdacddfdb6ce41a3eb752496,500588746.00990343
3f87d08afecc4aba03587848,659304368.7773494
f21d2c0802e3858d493c1984,721359159.0079974
660f3f9ed9a72d8875a9efcd,579903079.9537406
04e29dbe2175919265c82463,1225573589.8339627
e4082fa99f92fc7a89092fff,581748082.6512383
05402dd344c77623fa053ffa,640779422.0622917
c5f7f0323f554a7419f78359,625722500.1980505
501193fb57014ffbd7bf218f,572027310.2276654
0922cc27581d9058e55a2239,501179220.3537633
4dcaaac494053749f30875fa,729007607.2230493
506763d35b04358fb0e967ff,517469384.04485005
8c40078231bf7af2f3a06457,491290226.4370011
53e14e867f8b02c6043ae02a,515446829.5458281
2364014bfd851a68a824d1da,777042387.4172661
f788ac4a8b2a6dc11c458c90,836493143.5888942
093c849ad2bea8292c4d15f9,772917578.2555273
71a8b68f38fccf71a229df76,474357426.09940416
ebacfa0a8e569ab603cccd11,425386599.1379164
c963faee3ac527dfab08f61c,622062626.3695717
ce3deac5963eeb96826c14f1,581649197.6143413
5607cef08511dbbf3288a5bd,443411552.85326785
8a9e6d0839f9fabad2fc3214,586873764.8479296
ff03a8cc833d067d439b9903,658502074.8751944
d3e119e8fa4d96abaa8c43c2,564233121.9699847
25b893f6073bd66258a9cf03,450604532.78425205
0d70ceba3aea278cb4a2082a,659009472.1615208
07f9017eb4b8c169eb9de536,753612805.2944796
7cad62cfb4fc3ad9acb09f1f,505681064.7732625
41d174db6f695472063ceef3,461323442.42736423
4ecf579a5d5e70d3b4314ef7,610480557.9029424
41df29e27c0bbb52aa8ffe49,607090452.2543257
cd77cb445eb0f72df89b9fb7,512867274.1092951
65766c8572b629744f00b45c,541980993.4608439
946eb4523f76bb23d0348309,563415016.7712674
453202a234f5b370ae9e586f,453663320.5677376
4e1b5798dcbed1842f260b17,656855092.246955
f1cb3c0b97ae1c6819fb86e0,970705066.2173023
24a89527a6744456750baf54,481404352.35007185
a281d59b685eda4978e0c84c,518421267.90266377
6cc9d912370da36c38ac2cbc,567124169.718766
10563c278e7ce8eb2066d398,614176797.6168486
a1b0b8d18cd78b7cd555dd55,826551568.7328368
3cf9282136fad24af0f7ebb1,575698744.4242748
077659c14c3cebbe192f8247,646070936.0429871
c372834e8e7a4279f861aa4c,492751155.2790716
29daf0d5008fa9e3f0f30132,420693844.0852381
08e1ad8d1f0be0287a395ef6,461896790.252327
19c07fc2b01a0edec4784e64,566054351.0582702
c2b5216a8050ea0fe4008f59,589741807.7654611
29cc054742b256e6fbc6da1c,677418008.8029674
755a3e09dba04bb6ba6c9851,569306959.736472
c98157c582392cb895071f28,573447306.1400125
84f47e531a916b7f7dc1f1b3,667841914.9537307
231688922448e4d64622120e,553824050.6865226
9c7c68df14c238ce0b497dd2,895484546.7621484
d5e29042106130114cf3694c,500782109.4955413
08d4fa42a34c74c94db5080b,544349857.3195437
e89fbcbd4d3414e30c30fc29,550421119.6335123
22af7bb676cb4c9ffe014506,544122258.4385563
b20d6ca58e91ae70b6e0a1a5,835543067.6735553
5c372bd1e01f3243256e27ca,514386027.0697629
1242d7e61857ba8ad285b6f4,825910670.3422338
196ac46f656726bcb8087ba9,641963946.2874118
ae513b65e06b69e1ff2ad8ec,376813384.50091517
bb26b45df6a70b6414958912,376813384.50091517
9425283b41165156aacfd43b,489704958.09276557
689b510fa99bda54284cfe7e,667512089.4448311
c57d333e383039db0fcd2620,734155087.7734892
86e98ed0bd2565b661b81ef4,582954096.2899693
0e694269bbff1e45395190d6,792371184.16427
6511180e3128e083bbbb6940,700217581.245571
59b271bf9e2d29ed35352f5e,376813384.50091517
a4c324b1353d2f7ea3ae9727,376813384.50091517
193ff8d291a9f163a4f3301b,543829135.871621
8ee4a7cef562d388b8444c29,376813384.50091517
53bdf5c3cd800459acca551c,508720971.8074851
35ef99962cd5984ca87bd326,468809744.83613753
dc33d5ffcd2aa2b7d56d2ad3,577215811.7513648
05c47739fa4c4f00285a2c48,694337638.9596747
a51d415712d8d6c8add7009b,645368146.2921516
71493c81121558b8ba18c1c8,376813384.50091517
853a14b680761098d4bf6136,662618795.4439676
c9d5c08973c493f3acdef892,572967062.5697882
7dcbeb0aef2e2cac0d73315a,393766911.0915356
ae5a4da0000f79f12142e2a7,451948252.81972003
1f6050fd5261a2d21d5a178e,373424802.51137114
e3f39c6e4a41fbdc4bc30e0f,479158505.0119001
9d157878dbb41c14b52a956f,425030602.2787126
e1fdbdecc84b991f582a2e00,509782976.49522007
3a26efe201689493724ba464,501193818.4001407
6670cde3fbc11c263c6c3163,503566331.6789394
780ae52ac9eae675f6fdb312,413246972.7358596
24f22d76b86498d5c3563288,520709639.679813
fda25a0b6b9f62f92e3ea6b8,484420051.0550362
678ba0c80536dd27e385b31f,498628180.08997655
ba0d0663943a118228fd12bf,544110434.8338175
81ba4b47e9222c15c4102992,531227920.14959854
d9ec26c1c3e1811e38f070b2,508574972.9864535
aa850af0c6203104e6ed02fa,550367010.6635835
c697ec00214cad882d5e9812,647512045.4979975
4b193d78ea6e3740bf37b36a,647512045.4979975
08c61259a756e617d976e8b8,558497727.5119047
c1c1dc8df6996a94ef3c7d33,490634296.305339
3fdfa23ac43d1df0503ccf1e,430388366.40967995
bd4526ea5b404df442892788,529349713.3544688
1062419f9cf94418ba88b6b8,510024337.8309148
1102f91444b8e1abb636f1bc,633413869.7306052
b96b4bf38bdbd61d4dd0bde5,650301730.6973838
45ee2db87e9ca0a1a9faf050,619958341.7429146
556cb23459a9007127b3ad46,706165601.9246652
a613b18945052b4576595c4c,598634352.5213817
fce385656705a8f4389cbb6a,648887747.4587675
bdac560af3e155db33d13d57,582190696.8367751
fedc2418db2353b7c97a260d,703134185.0496042
4565bcc95c54bf0c8d376eb0,627002436.1084555
5fc559104e0ba1112ce00f5d,677767055.9968679
74fdeb4c56b29662f13aa8ca,741864007.3992884
fbaf74ce4c2c6e88950d3fdb,601603948.411762
5de0f045039122af0052c544,729215230.5161033
e18337bbdfb106a3f1739960,612658027.8325989
e1b9ae3e0ce3da16f18e1079,654275332.5385567
a57435d71ccc5f032baee302,597663272.0265752
fc5e8e45dd0a338ab5835428,604992056.4974847
918bec54bd7587daafff66e9,573595011.8558443
86137b9624049333f7e0315a,664095891.9011151
0fca6767d8f442da1f8bc6d2,659490861.6664526
3ea5478270517f299b20bd06,642529364.9468639
dfff73eccd591bb26453eec5,631434929.514743
e2dad5c148ecc797018439b3,634038676.3807799
b5a62d480bc544f891fd8521,681469058.2343673
cb09a84a1d7b929607d01ee5,603539688.5184841
af067a8546e1177eefe24916,588459158.4235402
d6f9abcb58befa3d05373a72,600097604.9484726
ec2f16aabd36fd9ee2203276,639448236.0655643
dcafab7adc7b763bb934496b,564858658.358313
ede43dcb1715b959ba34a37d,589635277.7031112
40dd67aeb6e9979211c9345d,682395148.340973
31f630c44db4be5360a57640,610878979.2074283
ee8651631861c1b94283a953,956947369.5514678
b7d245742eef110adc91b5fa,813142287.893545
ffc49242bb0edf3e22076501,925630018.3242178
5c5963c17bafef1a1bfd5e03,748712140.0391154
6c589b7e6a3cfad34e98bd87,639802153.8415726
71ab3644da08b8cb0a0b34b3,666732727.7477429
aa668782ae5d0c16e57193fe,729652164.6369133
46673c69814a0b3f25818dee,727258010.705756
b2a417a8d2440f9124fd2ee8,718269206.6960121
3e0ccd899ad73579898fe73c,697532190.8353643
e6f2c7d7317fd433e26878e4,710068221.2876383
2d91b3a8c62b890fd246183c,740905689.4025408
fa653848d69ce620a41a73ac,794092500.6604346
3b6c94e3e3684eac73b3e7f6,1328190552.2469196
a6a07d35b3834bc6f81beb6d,918458642.0953032
a39617b7adfeb6ae7d5ee5f0,885092720.7593039
95e5e774dac6f0159e8afc0d,597641684.4030226
995362e3fea8e54538ac135c,432889126.5604911
42525c57e13abbfafe9bb395,929806745.5534573
1ae6fd60628e7d186a5e0174,445722958.4811753
082293a465231208059c5d53,446356182.40768623
732615f6d1526ec9bd519eda,501647161.86748147
99e9c4f8fd7fb7929da10a20,451079093.3887402
1a75e436fc23e7f48e639b9c,507328960.0057252
54cdeb67ca9ea56205e4e533,632675359.0020112
c412ab869616d6576cbb8309,707994875.1116129
b17840ce59c9d9619b46534d,510550420.98152727
a14f071d8e5c338d9ebed23c,352074039.3654699
84d8504f0e860b0760c3592d,528205942.00117487
a3d03a25f84f4d50d2a308b0,512133169.310318
bcdcce01d86d648c4502d42f,461896790.252327
33379968a83c8a90c23e77dc,489704958.09276557
ecc36a3a4610829ee3f88993,376813384.50091517
f4eca80958b7a22922b0efa1,376813384.50091517
3b4ce006ef95420847da20b9,376813384.50091517
4fb644a95cc04f7bc6cda786,376813384.50091517
f8fad48343ee5134dbae918f,376813384.50091517
6e8e08e09da8dc598b8a8b2b,376813384.50091517
56ff1f7e81fda0c8491c354d,376813384.50091517
444f102b4d54503044154ff5,376813384.50091517
e0eae2174807cc7ada38c726,550896798.7470604
afde90f91b01b0282bb94335,534053636.3408465
1d35c364daa0f021ef263c60,421968135.0834466
8c47395a28f8177923d7b75b,458683075.82161605
98c98982020ba42198aeb45d,586873764.8479296
ff424474d2d10a2c2a1c1892,500588746.00990343
971a322e9087b67650689ea0,721359159.0079974
45a7517c4d29f5bc7787dedf,662799361.5100232
74a51274abc8358d628ecfe4,657864359.945266
11dc32d92ac579720303c019,658877284.8473775
4c25d939eb3ec218403dc4ce,695471154.2640482
55597a7b8637f24198415ed8,582954096.2899693
eb7173223a27076d16b87f33,572027310.2276654
709d17b62bc95253601f243c,663997212.4614635
fdcf0e439ae8b2ff5730680d,640779422.0622917
2524e62e917e8a1aec5c9c26,607090452.2543257
ba601c13d20602c988d57246,550421119.6335123
397a7d1cfb809e34797f2bb4,836493143.5888942
b54d3ce25f3f03cf3fa0127f,515446829.5458281
d51bcf03d649839ca803c357,481759603.53178996
e9fac47a0f02f27abc96d568,689688466.3918086
a52bd93aa6b0d965914f1101,644763736.2694569
16601a92574531c1fd57a359,577215811.7513648
0e64230b70f4a227b444115e,1225573589.8339627
ba2118c330e19baf4f3ecf94,688008045.327571
055e29f236bb61603d4ce9eb,826551568.7328368
7c5c0f2d9a0e355069fe1c64,564233121.9699847
e781547cf6f8cb4ec0742b5c,575698744.4242748
8caab74ced535ec5e75acdfd,508720971.8074851
9d64345229b60ad1853d94ce,468809744.83613753
d128186867f91603af4fa481,658502074.8751944
f8fb6d1b0dafc28920393dab,658502074.8751944
33b92225cef255b0e4b4edf9,557586498.0080692
7eb78d4dea434674a230caa6,614176797.6168486
833bd3c8ef9d4da2f304a94a,659009472.1615208
331f0957d55d7f03df7fdc4b,825910670.3422338
cee124f4b9031f59c4fbef47,1088451146.9738278
8a9663cb622a55f2a1a8e3b4,895484546.7621484
25d4a0ec9301ba5d53deb780,483301341.99659765
38d4b1837c595b6d9a23e994,729007607.2230493
a21923caba05da05449d60f6,579903079.9537406
63cff4b5ebb2b6528ad34cd6,594981328.0442158
948c392520e1cb3a030ce86c,777042387.4172661
b2e7fd7bcd93309664cd225e,645368146.2921516
9d6be7123f2c6e610971374e,1002691033.3422986
3676e34e4824101f3fd9aa2c,517469384.04485005
f849ad486e84a82190675b89,667512089.4448311
2fb8b2990751692b8ef1ab6e,625722500.1980505
5155f70c7f8978e487e71479,597659381.097098
4f076c220dad47bd9bf248a6,734155087.7734892
480041bbef3a540df2a36ea2,659424069.0489613
4ca66e564ed478d06c471357,634025233.259034
454e4126257189bcce9b681b,946172278.6068779
10ce9c7a0a58aad19778e5f2,717715630.1438873
dfe8e2542755d41d920e28b8,634272563.3262053
5115b0da9c95559dcee9e58d,868599462.9283903
8a0053376ffdc75d0bdde77a,727678070.0238322
5688288ee38f1a69894ac77a,617343711.5461262
1fe514ada76363511cc79105,548764751.1069918
885a312d9a5bfa8a8db5279a,445053904.1031665
c716d4dfb5a3c2e1120bd84f,456771359.43998116
689aafdc12fd1610c2393a6c,525095719.4156906
c0c4ecc8d3aefc53c4c06a38,789106238.2200218
30091c32a5046d563597bbf4,497100784.256822
2e58c9b6fbe9c57c83bc0aed,553656019.723589
3f7c5d8304fc650bf97247ee,552204805.2888097
56334a9db3ccc24faf138edf,526352893.6044548
6d0680692396c07afc1a260c,584051205.2276905
9e07dd563b6ff4572f5d9031,603284634.612374
1278c9fd86258bcb435e7127,651753970.9209498
acf0f98cd8f8c8ce06f30ab9,758181045.0399368
5e3785bd517f4faa2bcf43d6,768984441.5068426
cfc61dd41ee5f5dcb76bacfc,529949370.7746259
2f171883b97d9c02b90f93a9,458551281.1045312
46aa67b5e0abe39dae442d76,458551281.1045312
50cb49d65d04a5d166f96e3c,404085656.4670446
06c1673c4a7444e7aa80abb7,387989429.1918714
53881f29c7a6bef0ab537466,448838681.66529506
2b028932adc74c961170a4ce,484618991.97390187
f3a1bbe01d265470a2d7332a,527340817.394041
b42d5b5b38686929eadd56d9,468321413.39036757
bafc63f23f097c24d36c76fd,504604460.0106908
f164514211012e3a1686b148,543102039.8213345
82b90288bffe8c1c0b5a1259,482250985.56174934
2fe64bad1bc8a43fedfe0700,547155806.7349317
da5b958667b31f4f9a1d84a9,498011890.13651043
b3bc9a04a3ebc1b911326735,691904549.8784413
9ff3acb07666d53f00d1f1db,610945002.9309809
13a44ce5066ce00846b59ae3,550617577.2523514
bb45c98dbab56e5abe20ac0d,663514253.8126979
f88bade1cb7ee0fa643f31ad,659237246.5051801
e9ab6916a79b4d5182d33bf5,584553410.7508703
144162ecfcba71bf09048dae,586128540.8133627
19466034c2ce19c24a179fe6,656453066.4488167
3787f6da3e961c0e10d30e6d,622840322.552365
908330b0d2651093c0bb6719,591619845.8858708
66b7baef9c6c3c7ad24636e1,621956871.177862
69cb0f3d422c2c78373c2e0c,543819560.4971862
1e866483995b30ec7f79d9e8,634971804.9321183
866f2a55f42cf30c4105631b,634971804.9321183
fede7e1a7a6f23338af6f40e,552802503.063379
7447156f2967391975d335f0,656453066.4488167
08451af5a81fd6a63c4012cd,577624238.5150573
f63608198bfcc858abe1ab0a,672097617.1824518
e9a0dff7ae48bd3fa2ecfcfc,613197240.1159191
cc97f62e2fb9d3e31ef1c00f,649398715.061437
ed40f198ace8a4405cce7a1a,599813515.7546817
bf17b59bf2ac2d06894bd786,692791071.1464878
e118b149654cca1c0b3a58a2,779560531.4477066
7f9bdd2157f6c3d488c77ddf,727962354.0935514
9350225547486ad75c0b5ab3,762148132.842978
d1166776fca47427c77fa8e1,738616173.0474843
f719b387fac4f688b57dc646,706237475.7916751
6ce8991a39ec7b9883f85000,689963508.3382486
353743db4334fee80ac08d0b,837569006.3220217
372a3934e8179422b5cf5729,715482678.5017916
81516aa72c98ded9223db098,716504464.9728036
9e80db4c35139bbb18775644,1099215873.3993301
12ed2c22a923c840ef616a3c,890334219.5165958
7bc57b136bcec053cbd073f3,932299303.454289
77a06084509952c6cfe8f501,458690267.5684017
73578b4214e2eca83b1e70ac,560622021.4803513
527e571030a7d8fbbf1a41c4,608523368.7969102
961baf163a07179bceba67a2,648642600.8195035
76b41682fa6953a3b20d3f27,556062357.2644264
cceb25e83ecf22252aa92d2e,592735858.5367831
210ff5d4404ee8578a5ecf9f,623666327.6388019
398274b1c46fd88151420c6e,367881072.6930035
5b328b80dd844db2e946302b,332649472.6043458
4195fdfe50e42e9981fa2f4f,480577405.8552323
2d4031f171f965d7dbce0ef6,580393098.9816273
fc1b713d5605b0030421d5a2,624682665.5088402
cf6092df1f22a7c4b8ff9d50,597206604.8099049
8dbdd7c8971a514eb7cb4d3f,530293273.4296241
c197faa8bdbd51c075a6d3bc,596460228.2883477
1985a2a5c3b2b0c7eca22afe,642056679.3952124
92a1a8b617b6d2c3669167a6,688259317.4552734
2a330fdcebb247d6a6fdea23,552072791.360469
c3dd975d0aed59a65a784e47,667036819.3734213
608a2339d558a6cea9478756,634350085.1252563
c0ccf6d535d1316e37e1024e,708009345.624586
229a7640d41a8b8d6d2f8f83,646410391.0591965
e3950ce025371da2b4ad9db6,666180891.861511
a7e41393473834db30f2c1da,660038735.6791192
7dcd1597e11f83093cbfd7a5,716530795.0365366
71235a69058912dec1d355a0,1016574527.8731204
349602317da0e456d88fe24f,823231892.3146288
ddccad3e5a4eaf791ce3a7c9,641365609.0000238
776d7d1326576f07762ab3c7,460198667.9328299
1b88c06bb3c1bc2bb39d1b86,657108622.4376895
1c5c4f4c731545aa3388c554,633902796.9722824
aaa67089a753d255215c15be,573694527.3313469
d6d5717a4b7e2edaef162b6a,462370633.6648417
0ba20e953e8e76add161cd6c,365319184.2151551
13c39860029403ea94b5439a,658422658.5020767
d5436eeef04e1a8e51a38912,436370291.9077801
21f00ad1214253dd5bb97817,983539819.2268767
5a3119efc021fd0f102ab958,524479045.652027
331c515e7f0dbb4460810999,482488797.7797272
9e360588b18cb15aec3b6609,660313766.6929536
a7cc7d2ceedf4d69664dc734,460159246.77698195
4e78cffaea2008f3919ba0ae,494427757.09826314
452e0518f7164287e47e6354,541328402.3610139
74286242739391c4eaecefbe,527224829.12659395
df06b65985649c7107b794a4,473623450.2199272
b6a21387674a509514fa5518,623128415.9538844
6752fcf8f1af18d61124e32c,704271025.1804409
a7e40088cf53acfc65f4b3f5,807652511.8464379
61b9307a25be3119effbd0d2,407873363.7032599
3061729865dd2d68858600b1,452647677.6432029
ad38d5660b6f1eef23b76039,399906413.0992757
1d493f3954b15e84c41afc82,461448252.47573304
57744cb947a923584fc6bcc4,439823469.2368719
16f60cac352cc0d668d226d0,451509203.4860537
accf7bdeeff29ec7a209c509,433391069.7808096
a694b9ab05641a6325764e63,459700616.5825706
bdeddd3f84cb0ffdd1fc27bd,456148726.0946197
de9ab30042562789601833f6,499241818.4564973
1a95522f43288e32addff2ba,542853087.6267084
3cc722d5c764ac261611c2b0,538983217.3873357
aba85a8a7ea2def1fdd18587,526504119.77556056
b272c1025cf5c1e1df47042c,541626441.9308612
5c449356b8b2d7e0928cce59,458074382.3681025
a56d3b5bc13c9849cf676750,579191177.0936806
942c934c0d41ab822d60c795,502307261.3879744
b0fe09d086490092f1690fc2,517663960.84027785
7abc8a11d3d6c905de3f567e,520860452.6147534
16716773b2a43df0332622bb,554139514.2480652
98fdd3fc6c9447d0f05eb1c0,486461013.77282405
a59f39373ee368259b441de6,535295517.87026954
cb778195c5d61a7c4185424c,626612438.1584874
c0277899d5f185cc78fc4a79,609548169.1451702
44effc9574c74ea4ad98ede4,672243106.343055
e2d00e4fd93a02ea81895355,583241869.6415302
ab405cd390c0681c3c67836e,576015890.5778253
86db204f7ef6e0e0e6687246,646437735.9013326
97b791fd94b2339ba115a75a,581138538.2420582
3897d9b5fe3a0cfaed7c18a6,650813210.1793047
ce206b82f2de3793156baadd,671891688.4337338
2c924b9d45667f7168bae6ee,644551168.794086
358eb586d9649d20dca9bfcd,558568980.2716223
71b1fe15c5bffb750c99f648,584065254.190312
eca500b92ff96f10ccd45e54,611825733.0092372
7b63445c5e1ce95bd12c31ee,590654231.0605347
97d64459dfb368b1f6067ab2,534826902.90763646
1b09874d5a3e4c9e0d544198,665020936.064909
54fb79bb019bfd10e5481ec9,650839085.2118945
b3b63d292523ce0a925b871c,667512797.0054638
09759befd8899fc1e359935f,641684491.8732922
62e0110b1c8dda16cc7da89c,659669976.6972188
d98ba43504fb49a4f0bd9c05,571240695.0924234
48815b454dfb64fe60e2cde4,551728142.1254762
40a65310ce666e80a9611d4c,586444138.943967
a8c5674b5d110d99a1e097af,777693080.458944
ee9e7dcede0ffc20442b4407,753731985.4800987
9e858250fcb7320b65bed9c7,748633725.2857151
bc76b078832a3a81b6d637f8,803909872.452544
b06d3ee14ccf3d46fe2431fb,755476683.5003837
87332a7e03cb851342667b98,753678281.4363286
faa37a79a1d72e4b8b0c80a6,753678281.4363286
0821109831351eb2501e362b,664103385.198984
8d01d6561223272181235c69,792185081.5543084
a0f1c94cd34fcba92f59a59a,728375318.1062952
f6a5c88d1bca87c1e89d8084,866792988.658677
55118881731616058c929b1a,718776976.1876868
bed1fbafde11c156b655e04f,861656521.4332385
819d2a7c3330480b7217577d,680489375.2272992
e1967b56ab8ecd035bf39534,799150166.5890862
08d0615cff29645ee70e20e9,783868080.4817545
2e8af16a155fe18c8c6730a2,834625411.2638128
882e8e77fa1a71288f6b61cf,888134826.046037
7930bb0822caea5f6451bfa6,860475913.9222294
993a18ae04d78d374f854262,1151019707.2332036
e5527bb25c85988e00da339d,1224328029.0120137
07bd45129563bd2fd974deeb,499582016.6812611
83727953ecffc17bed632d94,537179088.9292417
2e2d3f42f4f8369733b3bcb9,684821259.072928
3b23a71bf40e800a66bdeab2,491918620.21338147
894f346e0ad39c57fc0f369f,703937147.9278669
d1fcd31555048d043cf084be,518000312.03316736
8d48f73816b248d1166a09db,615868906.3806443
32d5a20c542a8194a6aae965,468858123.6093052
53870de54350a8cd7c13f014,535359419.00997716
31cdb68dc6476128c4bb2f5c,746743438.6456555
4be6d93d8ae1375156444f05,509570241.8366018
33a7f6aebc3e2d480d287199,605524629.2250391
e1e188d3f9940f9dad98488c,604665600.7217289
76167f6ca3d2c404104b77fd,510554980.2417249
9297c340db8a74e10dbba148,592731793.4424397
0e001ee8f27e1a2fffaa0225,957464098.2009829
ae3868ac8c44128b8a955829,675828283.7777696
bcbd20cfc50e2f032b174b56,363059040.10735095
253560c855216bd9eb102595,501864414.11607826
c9c769e7ccc99016f61269d0,422651950.6792144
7c07ba1982289ca3abcbece3,662125820.9411799
c5c024d11b3ebb2cd088bf6a,693955715.3627274
f0a8fb06fcdf8997bcdcb03d,701544424.8602675
806f9ab2a016e774689ce2b9,383748258.66730917
4491bda913188aad3c66ef20,623689769.9143558
0c37c0d27631960f9e0fda1d,636653305.1424276
b50b45bda0905a116f238c1d,477169809.24695075
f0f8e755058d48542b9cc4e3,695168766.6435486
b3005057f48c1794b7974f4f,503323475.77832294
e1e5b0bd721a67318a3848ed,430310054.3344446
d96155b72c02bfa04f7ea98f,486029710.103169
3825ce5030d951ef0fc2f7c5,446722576.06686497
99587dcb4237fe90acb15b5e,473467658.07441396
452ae373210337b8008ea2a3,896454392.8764803
09ae7df5577582ce7e7b0aa7,545459882.5401973
b98967876009fab4290736f1,582899874.3336234
24a4a43ae4c687bda1066227,637666349.2506378
c509f2036a11b7132c633d2a,739363898.6176996
bda914dbacd42b2b7c6c5179,725879428.322196
5a681060eeb2fc8f1b3261da,459535156.6106663
016bb199b12846ccb0b03191,615985223.5558686
ba94676bc0385678ce3780a3,535316362.93611306
b2183e5bca67574df7d5985b,491351267.7926161
baae43ea29f7e419bbecf998,410066934.1244676
ff1a7adf260e637bf316812f,428522229.407692
8e56b5dbc4cf628ac12e5bef,1041114037.1741326
c8941b8d7626f7b33628158f,703893683.7076042
d504ed869ece1b1d6e724452,455559210.60456395
1acb5576ccae1f0534f614df,518594508.67842317
ff228869121d053ca7bbe431,752354192.2493376
ee4dea05e93581750d613c59,459057418.3787362
5d507cdfb7c233cf96dc6a83,698839578.1697466
faae4324336f1211ce4c7809,570663778.0018542
9a8e471c8f4488c3799483ba,458654031.266098
d040e15e50d655f4d19bff54,445992302.2819968
efc7e89ddf3de559154d8e0c,698169205.2502172
e91598736dbb7319952f0dfc,579144107.4357111
4046ebeeb7ab85affcfe337c,809870285.5492038
d12059af22bc7d6ff170430f,774299362.742266
99d39d72083d7485e8944a3e,400521317.258938
b9ab2dcd8d1855e4bdd540c4,577218354.1018207
97106114a8d353ffebbd07b7,707410676.341646
d5c950db90c92be5fe753189,634804906.2537075
119833a13f3f7df22d2b270a,425042616.2352548
b2078743e33e1acc49c2d2ca,589473686.9186033
fb9371f86ca6f4e62ae374c3,789258634.1211823
6a39a747417143f0cd24f3bd,870914942.9920145
7bc0c9e2760e4b1488522768,604828624.815598
3898683e5d24bab9eea24d30,517301667.3250018
be0e466ca7d6942282c8626d,614826282.316601
2d65980024ded46854c25260,693080721.962633
87aa28825a5b8ffbac5f2e2f,633284540.5859754
918b0d900ead8267aab4cdf7,547772294.1718956
0c85506b301862fb58b467cb,463993476.7992955
4bd031478b15017efd41b2bf,796674138.9302248
48bee96c1f65b8e283d67483,470022321.50125945
7618cb8d215425c931f47886,389024468.88431025
a7a219e7cd18f3c4b83649e0,445305149.37529844
9d3f5b59b9735da05588b3d5,471836772.41021377
6ac5f5f52cfeed2f0ac9d018,507575499.1480839
d885902c923752eab7b619e5,520368396.45841557
b183e2562cc4816244ce0e1e,682438428.3413703
88622b66e6c47cc62c3824c1,468113532.3318643
01230eede2a4a74ec4ee5105,552952091.9214814
060451a9e3e0416ff41d253d,505246076.9030196
3ca0e7723afebbf53e390297,615288923.8616436
e2ecbfaacf11ed16fd71abcd,435594726.04074365
1f0d83013ea5e4c3f4beb583,448175113.36279374
450c4eff7e37a271fc24ce3b,511519133.72095436
a70d331be751cdc3bd0aab29,386375021.3925614
41ac76d4fa450fe0c377a0e5,370213890.0700723
2ef8a530db816223dcf474a1,512133169.310318
d09c1af87ddad4ad11b82626,450456264.0835759
35b1cd8020e7efbb9ba5adde,610480557.9029424
6714f846f2fa3527641ad96c,673103131.3553466
4cd5338bcf246ebf263baa35,452643066.4784544
0878a639ab8e6b6e69a3df41,673686106.609477
f4c118396d781c140d8c9b08,445002573.1054387
27151512d4b592014137ac1f,715103119.7719437
8e5123f5ef1da66571ccb600,752807259.505767
c491a13a87fa1ef595b35826,697278936.2632096
52d6c4bcb442eebdab338116,957956219.3792559
e23d93ade25e73614d7bcd77,683264795.4030831
43059ceabe98412315566838,2215486141.710663
93b7fc7c4f07a7f117e687a4,652248276.0011245
09caddf25db3ac8e1a98565b,540641342.0568249
e3034ebf243b024cbef83cc9,601532043.8597574
63cc884a9c5c888de176461a,547935018.8076133
069fb1f8d0f06ac2fee87314,603152306.4304237
059aaea3859c4b9662ab4df8,402995395.8300689
148b157ece514d99be0a7f93,442842024.90964454
9c4f397c093dde7de5d485cb,408933096.3434823
e28d8dac5c1c75d295a9eb3f,402995395.8300689
a804849802cc0820d25f955b,402995395.8300689
fc43df7f26644fa464ecb090,396636307.38509136
608b26adceba64d9ebc5486d,402995395.8300689
be8bbf40db0dde8ed4cf338c,402995395.8300689
d255f73d4066fe559065266f,421664951.0068921
c552cfa8e6b8c8be2c963ae8,376847584.63950765
5ee020d4adc767b3b16fffdb,406802906.8411445
2a01945c2ce528c02b391c61,368417939.21071535
dd7ee555ce0b2d58dbd8a9ea,413123027.6608447
a732aefa7ea4715325e9e80e,428745672.0679857
c6faa40acaccc1603c29df96,396636307.38509136
fd8caba10cd4d1df27605358,395314068.1485325
788c49c17df556bce0abf6ce,548126953.7393095
2d0d803cdbeaec6e2626eebb,511702163.2004278
0872074f7bd512dbd4609c85,444366320.6613005
3f97341f90b11e6a7a7f7c2c,513669733.2208785
2bfa301ea435f929e6c0d1ba,475282300.7260804
1d029020622a600aad4c2991,536944132.1387905
8a100bd7f5da66664a2680e8,511043963.0913838
1441a28c376a20c90d72cfac,550367010.6635835
495eeef459e80680720a0ec8,414521942.7007524
df81d07cc6e8fb0a01c0f404,458860684.74157685
e23ae41983b9f112f05bb703,496348452.9177001
a2ba273b099221390bee92a9,489918057.78655565
63dfd58a5c43cc7c0a468209,550225775.5439136
27aa789e29e52ef8d78b9bf5,488145144.1247956
fbd613ac06b6bf20d76822db,496922974.4551626
2a805135d8030b614d9df9aa,499416898.17516667
22c9b57a67cbef0920d09174,550587036.5321823
fb76da6072bea5801e407990,476200937.16495514
9050b1061469970ce28742a7,529252927.0791863
96f5db1dd0f36d1087172fcf,534285756.3325207
38cccc333e2c38bd608e1880,470739170.5078167
efede59a47d17737f90f4bcb,511154649.6603009
bca5301e6460eb859b7ef34a,510703494.8148195
a23a13e43f3e08ab82c6ef82,523062199.80089647
8437a42a8e7ebca46eb088cd,529775013.2873543
6e3cbc252c449fd4b758b97b,477540495.6556358
6cc6b0672aaccb8909f3a751,544578032.2200713
c60c2efec3c12959d86fe3c8,496792286.69933814
d0e45d520227ef8a1f53ba28,546190676.0474651
e45293f1e6ceb2fe79f6e0d5,553930019.8157941
4202dc3f8255586e1ccfff46,482051955.76518446
1d04d5450762d664fcfab674,507533465.5872869
a3f969063f78dbd95e6ee795,511393544.7482754
2e3fc1d628f6727880d3d4e6,479254986.74986976
22ea31eadbd3a54216443137,550225775.5439136
6490a1eff73727bf62458b0c,482498529.5966677
49721aafec7123f6ff4d8010,506407077.00583893
bce608b4629b6c8512ea2fde,558497727.5119047
a7ba3ccc4831ae7e539f0cfa,458073656.63780034
959b2293af0ee4f7c9fea7c0,512748589.2160496
bbbf74a3abf9cd8718384a65,647512045.4979975
680a71ef7ec15bd919c06320,462458778.3538956
0bcdef6d56052acd2afad93d,464163695.33083236
1bb885a07f57936b919629b9,490926489.6244174
8a222af682e2d7796643ccf7,540906309.3559241
3370a48ec22302456c41ded9,647512045.4979975
46fb04e7578da5741f6da4b8,536402511.8169388
e9da7f2549d914aab6a30e10,526503044.61937565
10d0506d84d778da572ec635,499698807.0735571
966e8fc9af08e76f8b276245,524237259.1765693
0da2a849e0f83b17b006e50b,493766172.1762371
f7101a05db93cbefd6a3b31f,541130355.8575184
b74fd7f7db38ec233c6ad71f,555826219.0784855
0d63e52a47fa884e36f10810,491568360.46933216
77fa49bcb52539888d481ab1,553201055.5342335
6f412fbb33519fdd31e741c4,508113163.4384246
6615da422a3864d415b28fe9,477734453.8540624
f258fdece395f0c4f4da6a96,514951864.84482056
c54c645c340f59dd5f47bea4,538659510.8931631
bdd287e9de82903f210878d6,575294711.5344238
e110abe74ba0ad062c9b575f,555791052.8907702
47e5ea8cb7f5ab6703803690,478995195.5958081
e71c6f7437c633e2d9da643e,494242821.4179833
783161faf2e3501c38c0aaaa,498656979.827597
5fc3de15eb0cd87be5ed2e6f,489299473.52708316
4066155e224520530ce985eb,433413568.8023746
7745863791b5cc6d49f84c8b,536362320.54222953
aa7551be1b8d6278d38fbb00,443620288.565586
d654c9bbda61c4c0ee1ae2cc,489538876.0339525
d224080523a2bf2e81698d15,526072495.7371784
5f8d0a2ab1f9136de446528a,511013424.7387337
405fec98d5a3c8981173311c,491942438.1195541
2a9e77fd00aaaf773d130914,527288223.2962172
279b76adc4bc9f8dd86759b1,493336577.48347515
f815ec1a63e980717c9c3290,532621646.1638657
a8fc825e34bd9bd56ec5331f,466529121.719044
248ed6abe6e528dedde951a3,572782443.585219
2bce6544d58b6970192a1838,512864340.5369597
352a76b301243d22d1b31f79,527249646.7571529
bb9991da696d6e1f13a32d0f,593579404.8273091
8e88e6cc55ca769e472aadfe,482437922.28457475
339ca7bc687766f517ab3274,532378612.7575413
93375efb2e74f4913d21d94f,491904407.7722483
17d7e6d321bb7394546e6b7b,542232491.7192192
0f601f5ee798174ea9d52caf,530939032.1334783
8ec8cac469f2448654312aaf,604924166.3619318
affb62139f02e524692ebc5b,665570810.7532101
c01199a4b2fbf0f6cbdf2a65,699833630.0042118
4d1f49443787c874ba19f968,578781231.4937831
035c61042b7dbc7ef888d1a7,639448236.0655643
0fc7d98f75bc1c0b782a328e,600097604.9484726
b1924a5697dfe829b5b8ad76,671098079.4115119
d0100c18dba3c334327b29e1,583061181.7770524
add1a20e8bba47aad2edec69,593057244.3791026
fe8a78de9ba7b59a112e0046,597465995.376072
b319d049a3a8e4a095940106,658411495.9730371
303dc73dc1130de9aa2f70f3,644000234.2367635
e471b2ef30c388893119a010,528958205.0371512
9309d812688d0d2bdd33d830,659858392.6160218
fdb192e57e3e48f70a492b87,592140211.0851005
c514c9a35632e5a9c0476a31,621789166.4456238
3bee8a9981a1e9e13a05cafd,651408788.0149742
9c942287410db3d0739e182e,729977835.4835285
f59b9c03bcd4e0e06d23fb47,603177065.6899524
4c11f4ebc622483532c24a06,579366147.1681573
1f53612f7029a21e2e9f74e1,676094529.9772702
1f4b6eaf52fb940e666c1c93,669834086.9844999
dc65f0bafddf39c6c4b2c9f2,659424069.0489613
344823ba2777540ffa2a8fbc,621769786.6636775
8cef9b18f20e9c5a32e7ccc9,692305578.0189168
413d6e4fb772beff60f73e2b,685382750.5841801
15d3ae51558bfeef80b9e97b,608657515.8701214
b81c26f2ea6b66c8315d1146,528105510.53640074
c3786f81345d39fd8b353da3,626571146.1428928
6c568d2287dcf12b2aacd388,565313570.0828873
e6482f3b6184515453d16bf2,605613247.5232028
32c7b848ef60432d98f415c5,661180510.5864514
1689c3e3982382e27a4ae074,594665480.9452047
3d0cc51b7a2392f3be3b1666,672887547.9095498
1dbec7879e793ba9685741b4,592388280.8211944
82ff2a63a863c089ea90bb5d,676063899.9919003
3d9856c3ee0a4b5a833c69ab,692081601.926996
6f293451319bae38c71b8266,623741319.0945791
dfc817b569fd71d2dd47e980,662989553.0078468
c34d46d83e76f54d53cadcb2,595520929.2339536
e08ed8c82d05dc3cad8cd2c1,585752246.4257618
e21f2a8d9c641e45d442686a,590385206.4565852
f1793973b462cdbffb1ad648,610387784.2701275
b15bcd6248958d98867ea585,664585348.8186845
e640424f3b7d1db403c36ba0,675245748.8750758
658c0b009a09339a3f312145,661024754.4880738
f01fa45466e2730f935a4128,605359392.954349
b4d69c7bc93efb3790eb1422,592850853.1861993
c2242a77d30c0abbed667ce4,561368757.3257105
39542105a7c46ded0cc373a7,641566726.434806
13f42390057bd294cd787822,643181447.604079
183d99d88d1e7d995180918c,615860785.7191074
60dd7dc49139e7816dd8b143,632253192.9027716
6d2ec752890a2f1c4094044d,596530999.3217283
0e776964ba3733f3ac18a7a0,680079298.4228646
92369f73435d1ac3fa95f185,662477160.364956
8db285eda04ca37b86dc9724,535029422.28594506
a7b14faa46e7b73ee4e95ee6,659858392.6160218
010e676743f6afc01fd0838b,528973521.81800693
987199d3a23c08ca887b301d,577024850.9818715
4fd8643e1c43ce9a0c18a19e,575647794.5483227
4d0985935e1432b3916d45be,625388200.3470418
4623317e8c9044e314ccc4e8,586641407.3108056
ef8430c4d15e5887b8103bc3,589384814.4062
cd6ecb0f77acd93cc1c9038e,523467672.886937
b0962bfdb6a2c79a0ca84e48,634283246.0591563
7bf592c5c34bfe6a5df3dd40,697862641.0630486
9337becb0628955b47e45b98,591900343.5337291
9ed0bcdb62b2223d716d40d3,654668543.6118003
4255eae670033d9c9e9a6e3c,542958404.6668335
c5346c37454ac2b13b92240e,621380395.7074674
94fd4bb5f41087921ca12b58,590569672.0434539
ded674ba9c7b76cda404bac6,621545834.7231814
ce25e9fd3bce9b75050aef5d,596234274.013832
4e7d3cbe3c62123fa7e2d969,561854563.9754333
dcf5b42ecb23800a458562e9,595472366.9932781
0d53bfcecf0397ca27e5f78c,702339095.6144401
f4ecb15ef992a677e8b4fee7,603386672.0971854
46eeb8f186f86f7859274d4d,565445937.3531775
b5a7d4288dc7a7868678b9e4,621191778.2657152
34f99327fe595ba6e32d89a1,597769753.468797
9a53016fdce3d3b5c2baf3fa,606342181.707554
26be10d0ce8b763e9b457e76,604127500.5084534
2e111ff939191cc6df2c59bd,610888580.7644842
ddcce0b9776593e3ef3ce21b,654876399.2476641
937c0b6350beb0f51e53ff8c,595975687.4309801
f50941445773dd62e87e0416,528958205.0371512
93a1aefcc4ccafe4866bfc76,565990830.5446645
70c0a72b31dbc1b97c102c13,528223092.66813135
8aa9e1e89993aa49c5c3eced,551341171.6351888
2a5ecebe40fc09b45d6ee5fc,598512995.7061039
5f798656baebb094a3c83793,656408936.8364182
596b6f435f76058493a16cd6,678874498.1283567
1c510a71734e955f75187106,718269206.6960121
07de14db9dcc2d4f9eac0dd2,798601908.8222762
29503210dfd57bfef8f16802,639833522.597983
89575a90c7b9b960c8f4e052,754384212.7911065
bb5a6045d18e19613325dffd,732960084.4963188
f984d34c8f27e3cdb7c2a44a,830430595.6567823
90822d4e3a369948cdc4d998,717864635.9417329
5b9a21a42d5f50ed4b10581c,799991158.4734848
1be01d052c6a65c5ed286bf4,762882445.6821682
b73d317e1e8ddc3d5d0743ef,728545994.2664102
bcd302e3b5342ecd8cc056bd,740276405.2499543
eb8956f0c4a885619bf1ff79,784227556.5572705
d5b950c5510c19ccb926e7c8,851901392.9823438
1e37ea0918a00bcfaded3453,611698578.4730815
1d55f4694f3e000ee3ce47b3,655654711.4878893
cdc3e114698984145df842c7,850746774.8448392
9c611e246a612ac6906abe8e,710068221.2876383
c0c820463dfec602a6118ed6,787684315.4192874
6302d4fff078a118c3211794,751917085.8116537
c98807fc596bb2f505b4da9b,806940594.387672
cdde8657b5a215915a04126d,749701946.5828601
3b2fa7905fd8fcb3e11ebcf2,785451001.412307
59764968800501c68631aea3,699842031.9067519
9eab02171cb5f15963670172,652112175.7092867
61f84e5a07f37865c31d4a07,700728853.426071
1494f223c9d3ffba26e42738,665160723.6118526
ba137cbd10757ad20e5991c4,847398566.8196188
d2fb81a477ef3690cb11c93f,642524323.5551178
ec4f7794cb756b995d5d207f,804931697.151644
ea4add08aa912717cd42f9f7,740905689.4025408
f11d7627e2f18c9a75595501,699935293.1173918
8095589d5e1a55a76281e13b,755674898.9517527
f5add08cb615eb18b3153bf2,641467472.9084984
1894346a27970572aa703cd2,830430595.6567823
805a491334f865f06ff42329,693148869.868745
062d5544f5c96db90fa3a526,717884686.1051967
332201e2583141f3a02dcca4,724540978.8503555
4baf1bfced8e85013eca94b9,785451001.412307
8bc002e1f02beb4d83a6f6ae,823864274.7461557
adebafcf3eb0d34ae31718ef,697532190.8353643
60b5b0aa0c1319557cd0cc85,964736066.709051
3393fece8a6ed311ad865e66,869837041.8519238
df4a1968046eed5326119599,871888996.988277
b044b9a587b2c6ca00447177,791370532.082501
005ab848b35907e42aa0f4f2,910537728.5623848
140a0002732574ecc516e9a8,891668672.4412656
bd850d1ccfc4b21a72f3ec44,865531939.0073608
c6dc8c201ce38ff2ea49cd68,1025710547.3845445
572ae40f693551547e13a196,1018004687.0934609
b39d1b2637dd8e307c8ba13f,756687874.1376164
2ad02d6d56b95ff3382b53b6,857521987.4080184
5201393754f4a5f2a476ef0e,1085764432.5804362
72a66bc6d15390eb05a5c688,1261277941.213304
1f1f3e47f3593e4b2824e628,549842875.5788877
bb7e14611ea6b5e4abb5b89c,651111473.7607714
b82f8abc8001cd6731c4ef45,668393980.5366331
6228854021e72af611d2e59a,605169928.2648536
6d21e1de9c880bfbb17350cd,650273534.3969767
7cfa0c98191ef9b7c45f0520,492620089.90547466
a739d80c3fb6b166a2c2182b,449425927.4832104
36f85981124e858c157f83df,439143526.98060006
3d6d51ca99f2747d6b92dd19,605598364.9744982
092b7b5bafe25bf485de37a4,586529375.1833051
f2e0163fa07f89820739dfcf,605352406.8969345
ba47346e7a53412e78363ac4,549045877.306979
f86e80b2a831572b85b04e55,458094629.196468
199a6f7df516a685f086dfa2,441590212.3260669
81f6d6790aca5e9270c3d1a1,438399871.0656704
74f099ca0d949c8042569d51,504323976.8353995
4df3717406f9852284576caa,541040051.0103693
5246f7d8023a4c178af6d10c,546721048.7011815
69d9908e13bf7c8ac4c30531,507941796.79545695
e336d9d892441c7ad886a98d,502458778.8031105
f82e1c70884ee1285e1bc491,529063323.2304786
0ffbcf7d58378c85b4103c7a,512614055.34987545
3679e1844a35c0c87fffefeb,542083590.8776946
955a15a734e56eb287555307,508672614.8600942
722f262a44b2bb6fc05ec35a,506974268.1807409
48c346042d9cb826a3714466,506134627.3975174
bc4b7bbf5df92f476b6be103,592542110.334422
667685f89a61aa2ad5c9ac7d,447767804.5532984
8be5fca8f4339712c6f3e29e,634679303.9801838
09a5fd22f920267b464e2a00,661373794.4556248
f6d2d31af94a6a73912dd9f5,744990650.0456898
0e9a5ea81f6d91038d8711d9,634471569.3866258
8b2d8edfa6788ddc0c7b3eba,655962775.6553999
2f48a73bfcc91272161afd39,632899936.6676763
a78417c74b8c99279912e427,645573026.8843166
4d69f7c7e0e837879abbdf78,639407484.0730683
926a7b18e48cdbf6ac3b396b,636044035.0751696
a06733f7b3ba964c20ae2698,638640130.3630925
02d598a32d864c289e3ba6b0,658317847.8372179
3977cf1326ff502251f78f66,660895578.877396
c3cdfd0733404ec885eb3edd,693941744.4685897
a28bb09e30bca82627e595c2,623154339.7507609
0a2f8c8ca6094e6626d4e8b1,584210611.3221956
ac9baabfd96d58e376149a7e,783931056.5820256
700a052900adbfa149dd5b6c,750519791.6435431
4b30968cdae59b4ef3298f19,636141568.3802847
c673d94552bc3e451672939f,814308106.4497397
75392e8381e1c891377fcb29,657152778.925408
a55d7074220aa6a750297c08,735374629.2152843
81eea19e7c12d65d21e23648,698371167.802345
69df7bc1d82d9723c70eca70,655331258.8369033
815cfcc4d26738f74cbb67ae,781618171.5866001
5ea150753f8d07c71af45cd9,713296518.718413
f851b02d18e74610a900bf14,778930398.9500391
76b9af8036e38d5d30ac4c7a,771536610.1758078
4ec5ab39cae4afc3b0e69438,641451983.7134117
c74020c85c9fcb2a2cb3ac74,573076376.9075114
6d6ad5e3ebaba1c11dec0f16,533820617.42571336
acbe4eb98668ff4967a8cb86,605724421.2917256
16a40e3dbfbb9c703e04028e,566530354.1776558
ee5fa0932e098cba28d950b1,598972654.8277318
5f9fa56b99677a489a9966bf,651111473.7607714
4045e30cced205e8c5b2373c,468460004.9651575
eb2c7a973d4d6ce8e6ae87a0,666978036.8349774
99c69eeb96e1016a7e53b33f,572676751.9693651
aa7f56d05ed29183b825d61d,450458785.424766
4630a9af58fb79c0008e5fa1,532641088.6387692
ac003932eba3a174c5b998ee,593334292.8309953
56a7470ed14454665aaef75a,1328190552.2469196
a4e4f56336e07304cb946b1c,703639358.7576096
00ce045307538da1b0bb7972,503566331.6789394
cad720be1395e2ab5869807c,396636307.38509136
344be03236aed65e74b14a2f,377077611.93982315
58a86bf535b4c16b50dfca06,538253503.6529645
d52c3915fd7d2ef8c92a22fe,377077611.93982315
8a4b7e86a90a296e10a49ea3,500782109.4955413
e1717a317481b0765a7a6a0d,461635120.3018172
97fc10f5ce4a6fd7357381a6,377077611.93982315
428f4bc76d4cd315ba8f89e9,481645197.8162134
4d882ac2b82569f74aa08824,530461417.8223513
948ba87dfd7993460c967cb4,377077611.93982315
1bee6a5aed5417181a3db77f,489704958.09276557
63cdd73026431f5566fe246e,492751155.2790716
013e2a07f94a99323b64d370,716063729.3719581
ff56b24cf15289dc6d14800f,625872013.8640146
7bdb94165857bcd37206cf18,494452616.46496207
1d1e29d9601aa0eddb4d6c2c,510404372.84644896
a8c9489973c54b93737dfe20,480232895.2660224
254892c6b84c59ff5ac4f354,397268669.36860245
c6e9772058edb2268434d7cf,650488266.4686314
916a413537580440c4ac6028,671067221.9040934
bab8e472424cd57faab87ff2,481467549.5967912
eae5eecfa2fe828afbc94b0a,557214002.9497306
da26059a2cf36e02b8702320,476365150.9730461
e18fecb7e40bbcaf26c863cb,518997674.50513583
a55906464634558b94d9298e,481404352.35007185
3032ae39e739fe46e9e198e5,446846046.2768817
663e062b85f16c2419f8456b,475146399.4525414
aad0e527c4bf6283f76b5bed,505200758.414393
32fbc0f1934f7325a404a2eb,582954096.2899693
07d1137c1f0aaecbbad32f7b,637473219.6035297
3058b792e3f6781e438a2e9b,674601020.33799
33d6b1bbab4524c3aa03756c,521428709.4913104
c75d43b8089321e359e14264,646065809.1435378
29ea1796aede16cab8a50497,503081433.1825242
bed21c41b31a3bf2095aa273,461323442.42736423
ec232a7ee3aeac713516614b,563415016.7712674
bb7c68c2652c7e124d88631c,505681064.7732625
697b6c6f7666391fc689cfb9,532841944.98577553
d912e45dda1a3a628fdf50d6,566054351.0582702
96fa88a07329d3988b6b41b3,556574560.0658479
66019487c37339e9354ca999,453663320.5677376
fd2dcbcb8a31e97f31d22a53,518421267.90266377
1a309175498997e1b8f0aae7,792371184.16427
e83119808dd08ca090f5ed85,455518248.2667215
1a26960e24de046588ca7837,489004115.20744264
379c4fce87557848548b0944,514386027.0697629
b2d7355eb2aa975900776275,605515050.4468231
3b05e06aa0bc40b9db16416e,544122258.4385563
4a5405b1e181f5b10fec35a6,605592103.6327747
aff22625564f00844ea2610b,482573733.2950923
b40addfc0da42b0e530503f0,545117096.0910552
9200d647b6ce9aea67ff8ac7,667512089.4448311
3057660e38fb757dbc8bd898,667841914.9537307
799be2171dae4763df530e4d,618450524.0528766
819265a930d32a97533d132d,729121550.014896
9ba689b29d0696fb7ebc44d5,876626651.6247946
0f7e28b6efb9d550ba28a1e0,596356812.551892
57551742fefae23bb32571f4,591213252.0646907
9569a50febeb4163e28c192c,734155087.7734892
1d03efada56f8a70bdae6aea,597814550.8726617
bfa56d6230b858591743473e,706914053.031798
ca54914a1cf1028b9c8b681f,664817738.0438917
54304b6117b797791d266cc0,656855092.246955
166ae8e3d0704209d6715240,654668543.6118003
b56659e70367566a4ddb81b2,644921296.1960611
2641f220611056a1f5616dae,557024769.5980946
08a82bb9fbe4b7abb50cece1,589787998.7717581
b40a9888ec0379fbf85516a3,732960084.4963188
d35462df6c686296a3c7bb23,524666585.1270728
db244703ce223e6acacbe85d,677418008.8029674
a90df94f959030227fa015b0,479313652.1893596
d97d462ac4f5d9cbbf04e9ca,691416872.7252998
7fe6ac57e87b8126ac4f8530,710668998.2904857
69c28dce8eeaa86605143419,700795266.813545
2bd6682ad8343b69fae1a59e,822301709.7291895
2e6fb29cbc1ccc3d97c92c72,611150475.8518935
9eabba4531191127ee91621b,549060063.666244
d0c411218ffa7c3ebc10783e,597396594.3519477
0c61a011d7fe0227be2b3575,569306959.736472
2c47c3ef9e139d8c4513a090,648056143.5254318
f6503aab62a68ca16eba3fec,970705066.2173023
e7dc05756684b070b36d681f,740579179.027146
17484950b143d0395907ae6d,538369183.1996188
3d997123b33373024bd2cbe1,589741807.7654611
ddba305c2a3ad29db24a0658,655654711.4878893
b65efc402cfddc0aed4e1d76,598243104.609979
4a7ecb05c9886bc35f6b9160,734488305.5406705
b4e14604b888c994b64f94ba,671028484.4557667
ab37764e5f4e00097eac947a,553847550.1047611
764da64c41700da5ee80b8c7,516885497.0778742
8a84a073b855e37a12327357,621191778.2657152
5a6878f8a47f1fa2fc1d600d,1105388231.7894895
505f3d545ce83d0c848f828d,1085764432.5804362
6687a2299f38c15598d11eef,720127337.8975972
533134592237b2748915eed8,711661733.3644928
daae80933675e767b50bdd17,598912073.8547789
945f85a061dc4e95e779e27e,876431708.2265073
62dc69d80cd6ea9fb7fe52db,526154164.32020134
153436858070f7e724f0cbc1,596412503.8222287
7f9875a5336a32d73df2402c,799991158.4734848
ac11141115d391be44e6426c,480395375.7605674
f8243b7b679dfe8303180d73,894464050.6212556
1376106ebc19c929df27bb62,826567994.4455966
f591597c9a1ddd9852eb3cfd,716063729.3719581
a748841236a7a7fb33138845,629161802.2239066
6ef43ab43841696400d91859,489085103.13098687
601310d800d88f0d387235e4,794092500.6604346
db81ec58863dcc5d12839883,474022413.34376717
68d35dadc6d0dea61bf4b513,355491707.68701965
ba9be0b67571b1e9242664e1,541073324.3606741
1690af2e30b05da545f1576f,609250648.4803088
fc72ebf9381496067101da61,434280796.2223807
3a2e95f5eddda4df84b2e2b3,520731197.54054177
a660d5809085b4823e287a5e,426656815.6105378
799301c01a3e7fc2af5a14a9,699321301.8538191
824cad597aae34d7d59ac939,534726731.983927
23cfc154896b93bce4356ae6,551649524.7140223
a9b96d2a23ed155043085e87,601961916.8734666
f5d529ff6a35fa78ab14de21,547919105.6259161
9b337cb1451a8fb078dc9a07,681058977.5860829
cd1fc7362660bce494b5117a,387490868.29574615
26454cbe44a07cd0df12ca07,655841692.2845855
cc5563550bebb29c83ae3054,559613776.4883646
109bb36f29b223a81dbfa340,603810287.1795796
31081c78ce92e1d8dbb315b9,585362670.5582944
502aca1a1097438b32eb362e,926308462.7861729
4c90ce573f1d61d11294d05c,709548771.147681
87f1e9ca16a7ea48de04fa73,762217754.4762776
224f6e839dcbd91491f3f1ac,548163229.3114989
8ee7d2e0692e49bf9d308b4b,564233121.9699847
a3ff6a1fe37a1bb736b1100d,658502074.8751944
97d49e61c1ef55451e52c8e7,658502074.8751944
b6514cdb1e2cf37e3ff8090e,734443116.7153263
