property_id,price
d56159653f5d2abc5ed5acd7,636564860.0
45550aa81c0151f1fd9fd8fe,799853400.0
735deef3382aa15930482f3e,513451140.0
0dd49fa8bb7be52b851c6dc9,636564860.0
7d3220a91e78f8bc2924d1cd,636564860.0
d3054072b2175deec2c1f8dc,420430850.0
b7574b06d593fca4eac59815,420430850.0
79e822115c5c1a4531366001,410187420.0
d3ed5316a463d38c1bd321d0,1099344400.0
2f1880c9b8f7ac2715e1236d,722619700.0
dcca1c7f109175760ff531c6,636785900.0
dfc4f3facf91bbd93ee0fa4d,408131800.0
30e134a6cbe61d7954d0f56b,359966980.0
385fee7bd9ad7722d45dd034,455807040.0
87199c236bf22903d1aafdd0,356382430.0
19e19ad0cd6b5e84d8aa970e,468514850.0
907f968e78d748fde69dd44f,674683260.0
be094e5db0f784e3aa013aae,396121570.0
7ab96f83915bc84f8c03c1bd,355693820.0
07f4aa9b9ff5b0b05d31e6c0,853104060.0
e9be8cd37abed8ab510ba1f5,680306940.0
5f6ad58df27b562db077b5ce,582664800.0
ee96d947484aaace40f9b77f,731588300.0
15c4aef8401208054697b81e,632002750.0
22d6cb11333f2839b8112b89,1391640400.0
288c09c33907dadbae495c11,1305003400.0
f71d2bca0c5fe2720a1544c4,381962050.0
451744cf3ce55a98db8a3562,381962050.0
fba9ae05a6a8a9e0c6268a9f,381962050.0
1338e58f7dcebf5a1ea59388,381962050.0
a817e8da0ada143ac87277ee,350086500.0
46d8bb3e9a0ca584d3c7a317,414718720.0
b2506aa9463aebf01e1e00ca,414718720.0
7ec025b9b6e6f33bf65af41b,414718720.0
2ff531e27672ecd2362eed55,494754050.0
9b3cf0d1b91b9c6a2a887647,494754050.0
7db5291ce4602d9b2b266872,409821400.0
65d5918e826c33bb950fc008,447720480.0
395c34e4b8f52cbdb0522459,447720480.0
855f4b67d2bd6d18fd03d8e7,447720480.0
9ff06409b37e5b5dece4604a,447720480.0
0508cd7bd2c77ebb6fea1e56,447720480.0
b45fff2e718e54772d46a3fd,447720480.0
cf4d2297b73dbc357d21e31b,447720480.0
0ada7044c5b29925abc90879,447720480.0
6305f02255274ab5fb6bd39c,591615900.0
d9a94194ae1350512beff3e6,591615900.0
e3896296cb80d50d9ad3f903,591615900.0
6514f355887c64136edb5595,813534660.0
f03400cc18e12903b3ffbe5a,613808300.0
4e134600155a64783b3f8c3e,433951360.0
d63ebc63c82fbf66d8b6ffd3,613808300.0
1bd64811bd59706844230198,613808300.0
a83921284639eedd4a511cb6,613808300.0
a2f3f7a1cd573e2a33f52e2d,613808300.0
47344a66471fa51f61c64652,613808300.0
78fd849c9429091347d7e5c9,613808300.0
c3daf2abea55af99c9579319,613808300.0
52864916eb1984abca41ec66,943896770.0
c62494a9d7aede44f2f84023,943896770.0
a2b576643f7a032371587e5e,1185586200.0
e53bc68f0e97ccead24f3e56,515269060.0
fd82c710aad91bc90af490fe,623668300.0
d436abc2ee37ba3dd561e940,623668300.0
216a598114a403676011cb51,515269060.0
ea230d5eccd2b687888173bb,771898100.0
18bd0dd7580f2a7cb19a90b9,365757700.0
b143c8ca6d334f6a73c3f2a0,431129860.0
ab388cb4fa511968783bafee,415598460.0
6a4f08cd04d558a56af732d9,435753660.0
7216c895aa047c4f405c4941,461615550.0
a493488dcd906dc74cf8a604,450778660.0
7844b0b2bc65dced90a355c6,450778660.0
c1976383069b6b82ab29d092,460599740.0
e5cfd99e2308b7b73581dbdc,450135970.0
c18c2ea88f4ac53970b53d2c,415598460.0
842c9f0e4edf1e5a672ce15e,450778660.0
7dd1e46dcbddc6bf5ef694de,428329950.0
6cc4f32b39180bd1ec7e117b,450778660.0
79e643789a85dc4ffad49a25,765293900.0
b3402a9173d289d6db78e09d,623668300.0
a446507813234e358db8b573,495184540.0
c8ef57ddfb35061d1876f94e,590695740.0
360be0df2c003005e3db080e,1034128100.0
9ab245a4c91877cb7a8661ce,1149265200.0
a57a34c7486e7a40e8deb316,557858560.0
ceba7d0f56f6cb03538962fb,557858560.0
d5475993f9db58c3e4baf7a3,670994940.0
d37a1dda09e30da13ff5bfc3,557858560.0
68a8b8d077a8232723bf37e9,708917400.0
e1eea7716ca6490b7640717a,557858560.0
4ae6d75b10848d259ecba576,557858560.0
17afbce5c0b56732abbea936,557858560.0
84a2673eccd3cf3bd7fd3eb0,931897000.0
f2f4e6cbafe527b155707f01,931897000.0
de2e3a592cda5b76c9573c5c,931897000.0
fac651cf404a58f24dc7d286,1402055000.0
e6f312a0877af26b69855a3d,1318451100.0
333a643c623a9bc75f3a40f2,931897000.0
64593641e470908ef23b46cb,1052812160.0
ce9f2f0071be658ae75ca6f9,1062543900.0
9ab385e399a4673732b6a799,615926340.0
3429c774b736cefc051e2c55,453216700.0
a51ad0372758b2bbfe73f8fd,453216700.0
8c801a266256e3fbabe7e3d2,631151040.0
ca2f81b8fb6fda20aefb0ccb,615926340.0
3c1b1f86087f9b99380e387c,615926340.0
b0cad5d612954b8cab18101c,869608200.0
7eb991f4c69215377e4dac8f,736992960.0
0d130b8bea4321300396fa34,1225058300.0
8dfa059401e1dca80ae65ae1,676591740.0
3e3f264cd0ac7a65ed2349a2,1235672600.0
112dce80bf512f3f24391d23,365151940.0
ff25ded6333278149f8fb68f,613605800.0
d555b82c192794e87e9d536f,613605800.0
a787382d96ef9fce8f27bc70,1121322100.0
8c3aa295f7bcfd9a43eb2037,1096584200.0
13ac95652fb3cf6c43dafc66,357603300.0
42fc6a80b882c32f6264ac10,404914780.0
1e9c53e09220d689a0210ab9,400686200.0
3348706086aa3db5c92259c3,459666800.0
66d402a9b7d05f29282ddb00,428427170.0
cf88be51d6f31c10e5868ff7,459666800.0
30b3f38716be209a894b0942,428427170.0
0a5908a92d0ba3e36f54b1f3,469719200.0
dd206b6ea2d7f6555109ea39,459666800.0
c641febd8bc2ece3e4d2d8b6,607740100.0
c11fdc02a288af0572a2bca1,756151500.0
35dc60a65969b264ab283d6d,607740100.0
d9cb0f637cd4feaaaf8a21c0,943502500.0
7e8dfae9a5f1faf8afa706f7,393077150.0
a280fe7610c254b935c9dcfc,373531900.0
85524880fdc4e4daf90e96fd,465347000.0
f361109d06f6609c16724b39,467869220.0
3f6b2f0c0876c21755369cb6,617031600.0
de26819064a290ce78d8fcc1,617031600.0
91be1260a84ab7fa3521c495,617031600.0
18c8dc4549d38c918af2972e,617031600.0
782b0fb8641849c2c34291e6,465347000.0
54933f8b33a4fd6f031ed5be,617031600.0
953176c9a901b4f61c030432,530226940.0
357e2add3d68167a4f3ce15e,530226940.0
90332d50e91925eb9b614bef,530226940.0
11723d1d472bf1a3fdd8b72c,990490430.0
01f8b6799e2910f7769db175,990490430.0
a0d5001f7dd42d7f0c91d2a9,460538270.0
d4439c35bcb88e1490916c67,647442050.0
4a73dad0ff8a5262e8b07c4b,990490430.0
3dd8085a65f24b497ea59557,990490430.0
39ef085809bc80e32e7b6af6,990490430.0
b98ee16e8fd7d1c75a9da13c,990490430.0
16deb26bf740fa61e258f545,647442050.0
732a3bd457d7798e1fd892f6,647442050.0
1376058cb128a1c7729cd2e9,460538270.0
cac7e7c3e13af91bdc7107e8,990490430.0
9f3dfa6e1422f6aeac527c61,460538270.0
4dd3d1288ccb66ee4fb9c097,1194727700.0
15fb97d6a43731d61e95d004,647442050.0
dac29573163315edf99e0e7a,460538270.0
b93f2864087d41c3c92d43c3,666097100.0
cd4656aed92f5c0a0b6b7c0c,666097100.0
556210496090b42ac10cf1b8,1185586200.0
762979729fb21e56a32ed14e,1185586200.0
ea935b76abe664d5e2c4736f,447720480.0
40e9ef1e7c6749b7a8d04ea9,447720480.0
058265732a484ac8d5497f5c,447720480.0
6f52ea8340cdd283f9a79720,447720480.0
cafe7c1ee67458e05c84d5fb,591615900.0
3f45ed2f08a2b03b738fbb5e,433951360.0
f203b18854b75c4564d7a17d,591615900.0
d5333f639d11bc3ab073ed72,381962050.0
c14f644116669a160446a945,381962050.0
de585856ff546e00a5a4672e,381962050.0
7a80663cae7c191b5d025fa0,381962050.0
71f80198e68fbba902650b1a,381962050.0
f3523e0626df8cea803ead0f,381962050.0
619abd5f978b1573761be86d,381962050.0
17a2323b855e93533a9f09f2,494754050.0
38e8630f2c05ea38e2257c21,494754050.0
1e3798d739f85ee0e5a314ca,494754050.0
46d0544f411bbfb6b452858c,494754050.0
605e7a71eecb13b23ffca0c1,433365730.0
7515b37b7ae7c62f3dafbe7d,494754050.0
28be121ada9c9303be802474,494754050.0
331d54f8a1bd3dabce73d6d9,494754050.0
22d167639ccaace593dffa31,494754050.0
36cd68fc3ffab79fcaa340ab,494754050.0
db924733e88c361cdfab874a,633658800.0
64eea2e9a13a8edfe8ac7027,613808300.0
97fe6eeed892111bfa20255b,613808300.0
b54e6757829ac95e2076d954,613808300.0
dd59b8122458557041903207,613808300.0
b35c58fc1c05a77433025318,613808300.0
c41964afa164d8b75f8dbe92,613808300.0
96b3ea80cce599b68f96f86e,613808300.0
a4bc87ad4f1ad97c0a63d843,613808300.0
16e62269e6aa2ea052d05f71,613808300.0
518b37b51f824fa0fb5075d3,613808300.0
e083d83369cbc93fb94842a1,613808300.0
57deff02895d5286eda10d89,613808300.0
7ed35835fbe694bc237abe38,613808300.0
b48efa9ddf36e85164354f26,613808300.0
5910c9b29a1025bada93a5e1,613808300.0
10a650e8cb5425c97f08f68a,613808300.0
9e0feca2ec3043ae6f840631,613808300.0
35ce37bbecac6b164fa21e6c,613808300.0
c4955010d066e013812a85ea,613808300.0
d5a83c31bec18d1c3eb9af7d,613808300.0
70217bd08583854329722821,613808300.0
28e748e7aa0a447731e06706,613808300.0
27929c0a3e0fd2d6d2969e03,613808300.0
5c5ea0d8bae75e0a5c88414f,613808300.0
2233f50cf7b04791cf1ddeaa,613808300.0
bf430621f17dcaf17fb91ac7,613808300.0
d8dc9de06461e0220bc55906,613808300.0
d988975f8c4e6ee8fd8dc1e1,766211140.0
bab884e0f99df269805e83a4,766211140.0
8fa9b20af1508af7a01e2267,725268100.0
b6f195d44ddbe10b78b97191,425825920.0
2ab0eeac4a228d5769fb4365,425825920.0
347a4deda03bfdde6d1c163d,535492600.0
17230f18b30b94606fea047d,535492600.0
eab4ae491bbbe7b8ab107229,535492600.0
07c753474a847bf2bccd55b7,535492600.0
b7ce05400f0261743073e072,535492600.0
4a33d213841d2af537aa967a,614879300.0
04eb0b590ce7483c615b043b,639467200.0
a01a51af09a3dc387a18b58c,454879500.0
270b930a9e22d5016ffa4019,961983040.0
5ed1320fe84a518e267ff537,786492100.0
f04b574dc221473cfd616e22,623668300.0
6f7e390aa6135019dc5a828f,623668300.0
776d4a19fb3852fe6dcd3ddb,623668300.0
b7f164b79658952248866c34,623668300.0
aafeff5826516e363471e439,515269060.0
eba6a2b80a17a846ae560ece,365325400.0
90e62f8656ae504bf6175e0d,464151200.0
dc4331d09a1e36baaa6bde53,450135970.0
372d67ccb9d251e290891f0a,353943070.0
a7801c67a0ddd71c50ba38d3,340728640.0
e4d6b81f169cab8ea0244d75,416838500.0
cd5c6655243a4be0912bc92a,557858560.0
f7a7281a19733251134364fc,931897000.0
a716ec25a219961fbe90f367,931897000.0
8bd45966c16d4eafb49ee2a2,796475200.0
baabbdaa5e8f69fc90d303c1,1174640300.0
8bed46960db1b2a7954ffbcb,1174640300.0
dbc123f9502159d660f375ca,710092000.0
a4683facc81ccda10e9ae388,1062543900.0
3a576586fa1aac85c2ffb75b,992582140.0
b1fb98d0ba25b21c6647d423,1141533700.0
97fa4be3ed93c37c048f507c,613605800.0
cf184cc576effe39c0f857b8,435398080.0
784f67fcb2d009d352740ed1,462585100.0
f4d6ce332121f814aa663fca,512319300.0
c87ae84ef029febca1e633e8,518266430.0
e876c6fd9c161861fb92ad5a,1121322100.0
9047c4764f2c6b1a10b87e99,568923200.0
234c94e9a248ae57bb5a0771,433382270.0
a49c2976ca4f24f3a6b622e3,433382270.0
ffc171cf73514bed077339a6,433382270.0
fba83f5feea2522888377066,433382270.0
1a593800d5785ecc36c25ead,530226940.0
ab157c9601861dc387a91b82,617031600.0
f87f8003f15b0fbc12609514,467869220.0
f44d035ea2b15b2c69d4da50,807079000.0
fc815b59cce7934f816f0502,530226940.0
32915b77ca68000ba9eed6d8,467869220.0
cb083fa7ff634f424a351840,465347000.0
4f3c7b9bc78f882f858b3d3a,467869220.0
53d33316e237830ad463a26b,465347000.0
f5d852e25d51377686c43bc8,467869220.0
64731b6eaf4fd2bb6c155013,617031600.0
dad7e45e4706ab2564ef9cf1,460538270.0
255914e9b13ad94efa6ed365,460538270.0
5a8950a64b4aea4ac13dad45,990490430.0
70f51b4abf26651111305b1b,647442050.0
8919ca18fff7571002e440ec,990490430.0
f776a4e0c8c82b3d29756b34,1194727700.0
7ea4af39a7e577ffbd600f0d,647442050.0
45fc0d46c7a4df7ff6976fce,990490430.0
7cdcecc706fc7c79cce45b20,647442050.0
3503f56e09e639be4762ff2d,647442050.0
f70ac0d227db6f5333aa821e,647442050.0
20db610da64f80afc1621b12,460538270.0
c80ef212c870e2f20ed2234a,647442050.0
7dc68d5cac1b7fcdab35586e,460538270.0
a478fb93a131fee4119bb9f9,952919700.0
7749b2b534213ec7b536372b,698680500.0
43e59f5312e304fc21c1e052,794383040.0
82a7920524816f3db7f5a4ca,520080540.0
1a7e331d9ff88ae5efafa8ea,522876480.0
a57350d4c79a415137281cb7,404025280.0
f3a6132006d54d0e22a17e84,647037200.0
14caab87a129f51b2b70508e,607740100.0
ba2423d79744d763aa3744f8,607740100.0
1caac10c1121a795a172889b,795464060.0
40768729f2697b87ed6519d1,559274430.0
843234d3c6c20bb60a17fbee,658795300.0
cd2e4dff930a1c7a1a569992,524484600.0
5a6eab133b7e95155f6a9012,469719200.0
5bba6c40aeb129c433d2c58e,533802880.0
ad3c644b506498127c7beef1,635931400.0
a379656c49f4cb1cfc5b3f03,533802880.0
998c1a6ace613d8a7468ba5c,440417000.0
dd610d7ece83bb02dcd7a22f,424482240.0
539467d04a2b3e78c592b11b,424482240.0
e40fe4ac43cabe82c03dda59,424482240.0
5561eab714583013b422e7d4,440417000.0
d9110b2b5b1c02766da9e24e,635931400.0
c72cf05b93b9c290c063b08b,635931400.0
d71cc157c0c43935989009f5,612939100.0
4199eaa19ddf8ac436bb2ba3,635931400.0
d23d12bd86def2657038a481,984656830.0
ca438e13d8aa6285858da0aa,984656830.0
a173eb804f4bcf6bfe889417,984656830.0
9b3677d498c2ccf69c756ec7,1187725000.0
f8c787390e4c6d2e99fc7c3d,408135700.0
a188aa896d1b4520ccd6b65f,408135700.0
9fa39c9eb4b10a20dda6c3c2,533802880.0
7bc9022fa1eadbd9ab39acd9,533802880.0
46f0731f62232b32eb733dc3,533802880.0
b6767d1e329ff5e28c42f632,459758000.0
abde4b06769fcb1d5577fa7f,459758000.0
1496d159d31717ce254f67a7,459758000.0
1470749d0d2551a93827e441,459758000.0
3ac517f74dbf8cdc8feadfe8,657634050.0
fc6616c62030a53d2aa46b12,641162400.0
8497f34947cb4c0ff18a0eaa,635931400.0
3b2936127f5a4684a1d3de22,635931400.0
dab58562904cd13a93d913e1,635931400.0
69d1e47b6bdc57512f1838a5,635931400.0
23c7f9a0534a4ae6a24e38a6,682118200.0
640e9fe41fb79ecba89d8951,889756740.0
31f6a25d56f3bb36386d07ae,613574200.0
bfb30ae71cdca27f5a5494c6,843655740.0
baacf0dbd690644d74f3a929,786948300.0
cdcb874d2e62220d12230632,883002700.0
1421bdbd9cf7572b799b732c,883002700.0
ee9e5adab1455d38edfcaa6e,796612000.0
1fae43a9450fae02919962b9,631151040.0
5f9ee280509afd55d24f39b7,598111400.0
82902f2082dd405ab538ff58,453216700.0
eae52c81f779a61f57cb5b58,936830000.0
4ec0aee1b202642d2739068b,598111400.0
f4c6c3210a3c2eb935c6d5bb,889632900.0
14a14706d405569501327924,362024320.0
146a5a4f3d111dc7b955ce42,598111400.0
99bdce7cdea643b0442976f5,615926340.0
733c7cdfd50db77066a67140,846247230.0
de328410e22767c66d919423,598111400.0
d0116b53467b3081664fb268,936830000.0
dc722ea5c4d62773f9fb6bbc,419809820.0
e84605e3aadd50b064c8eac3,936830000.0
31a3719e57ab1425e7267fad,453216700.0
34993717af3f861b9735df6e,615926340.0
543822711986a454cfd764e3,615926340.0
5bbc4ff9cc3ddacb39469e27,936830000.0
d7ced905983af0800c19b7fe,598111400.0
02d5bac2567ee9e19041ad42,615926340.0
f4897a8a0a911a2acfb8e8c7,936830000.0
4ba19ab08d1fe7f72d0dd37a,442772000.0
b7c07f8afe037d55bddb8e41,419809820.0
40b20b5a3a986802d64f7675,453216700.0
01fb5931cb55f5308382818e,936830000.0
7cd0c7174b957df1f004fc88,615926340.0
ca13bacbf6dc8d1b09fe4c67,453216700.0
0ed0dc77661be57aab63bc83,389985470.0
d03558acc19951a882bd568b,505146720.0
b8cca0d70fb46f3a31473e98,563957700.0
f665a58fa8eda69547c1a159,630031300.0
8aa5ae4637ba83e672cd3ab9,607252300.0
a6da1996f66e545041d920d6,975521300.0
b828609eff041a68fa243a12,607252300.0
3f39a260b81dd7de1dff2b31,412878180.0
40fd167916ff071afdc44792,630031300.0
6ca31945172976c3a11732c6,630031300.0
1437d1f1601d26a3dca7594f,607252300.0
ebab054e5f256bf4e382002a,1187197400.0
0838d0df248d723da4e25ea9,607252300.0
7a134e45b9ebe710c6c6efe6,630031300.0
6e9c7f27d6b89c5f9696fae6,412878180.0
bd12c705950c46e679c34bf6,1187197400.0
fa2c1092f17ce021964f8953,975521300.0
e3202b635974f7a3367c0ff9,630031300.0
49bdf0f970af03d83a57dcff,607252300.0
91af29fa680d8033188ffc39,596208200.0
cb626b981c0997d254388e76,412878180.0
155a8e4186d1626fdda4d0ee,607252300.0
d337476c2cfa780518523a6b,412878180.0
7c3ea8523ece273991a190da,630031300.0
674c02227165e1c7189c54e4,975521300.0
17056748001fd65cb961b384,630031300.0
f56bca5bebfc765162c8cae0,975521300.0
5f4b0ec9c7452b888b33c3e8,403841150.0
13dbc077e552640736267a49,357291040.0
cb645955c851790e83e696a7,630031300.0
649cca8c83352caf7442f20a,550231040.0
fc8836e71725949c5f3fa7f7,1369169000.0
4f431d80287051ca323f2c08,572440060.0
42defcc69fa22e4c858f3c24,630031300.0
291a2f9022933c9d81311e81,630031300.0
d48a061a2040d851937413aa,630031300.0
55d2ad80322427ee3426dceb,630031300.0
8c41bfacbc1a6ab831b26fa8,630031300.0
c7214222fefdd8d2ad7f8f8f,753601600.0
b3d9a095c9c73004643c9e78,630031300.0
d49aeae19e13909e75dda2b6,630031300.0
dd10dcc52d2549df85f2a8ec,630031300.0
6732b448d2e4f32679f235ad,1030768600.0
f08a5c2992cfee4c0910f68c,630031300.0
e3a62f080c25f404ca995e06,630031300.0
7634d584c3042533942e2dc0,772979500.0
ae58dee872922a9c678dbfcc,736501100.0
5ec01e911785dbd5b49b166c,515852160.0
9bc12d9c9ad95064412c3413,603762100.0
7acdaa0cee1ee62e15f4490b,415484320.0
d76d5b14d0acc5295b8057e2,607537300.0
32f3364ac1fabdd13db1cfe5,323697400.0
8cab957b322f1aba06bae4ad,523789800.0
e3dc8b417819e9afe3fc7d0d,401655680.0
c71fbecd8f7310c201adbf40,511096350.0
54c9bffcdc46819f67e4b3d1,849557700.0
4d94a2295f612b96264a0db8,647037200.0
874f4a836cb74be301e068cd,831390700.0
a18925f908acda4171bfbe36,862197600.0
a587c7419568288d68c46feb,646706500.0
19994da77ce4f2db3efe6660,409427650.0
9c4dece6127f1f3f3bc1e0f7,425825920.0
09c28a830f8093802384071c,425825920.0
5766f7cfab59c920081e3046,425825920.0
964b7d9de17c1ce396fb83fd,359767900.0
44f77a86369d6607753adc09,535492600.0
7f25471be85adf0baeb8ebbc,535492600.0
6859481703fb0cb34c1e564d,461213380.0
7ba0c14dce0cb09ef5735d9f,461213380.0
62cd6a29e98a5b7a5ad38050,880984000.0
9c6d7e6260e4fe83d43706d4,600209600.0
5dbcb55dbba823dc31b041f6,1265130100.0
85abc5c0353c5b678f087824,548794050.0
56dd1bc39664f8e9f316851b,639467200.0
b23341faa7307d9d6009c6d8,454879500.0
2af941adae2e8dfd66542055,639467200.0
268f887f25d416dcd3c0c9c2,831893570.0
9ddc7272fe43f07035d3da63,1421851600.0
4002635ca8b087877ad22d5b,980206460.0
b515b1caa608ff42574e5a06,598111400.0
710542343cece039a279dbee,615926340.0
187a143dbd6d4bd81d6d9c32,419809820.0
26db92c003c8e67d92d88aaf,1130002600.0
641ac8f4f60ae2b9cf6add93,615926340.0
784714647351cb6745c867b1,615926340.0
5fcf1e2ab4edf13ec844decf,615926340.0
2575d932e98c421bbb38b267,598111400.0
af9d2f5f62bf74a7fa9c74f4,615926340.0
4db8d529af9f718e6d81a85d,424482240.0
9a3368605e5f563e29182f3b,408135700.0
5ff696d8369101b6dc60e2ed,408135700.0
95ade3ab8dc04237acd6441a,357460100.0
607ed21e896eb5ffb50d5ead,444866270.0
40d9a852bbed67a6036c6d8b,459758000.0
97badba651a94721af5df3f0,612939100.0
b2f089146c30929c4836f0fb,459758000.0
936307e2f478c3ff7b9652e3,612939100.0
b6d5cb459999de084965e993,612939100.0
aeb66f808982c6308d891f55,533802880.0
cf8418c60f4e54dfa09b1e6e,533802880.0
1dcf71e8fbfef2c6534576df,714082400.0
c78b16f05ef58855da0d4f2f,398436480.0
19ecf1fc86396ada203c2a19,913086700.0
985fc7ab5aabf1831ce3d298,635931400.0
8aaeae6bcfcee5ad928ce28d,635931400.0
1a93cae134c79a43b13ce656,635931400.0
ffad647e8ee35eaea6378fb6,635931400.0
c21a3eaa136ef8a912ce7b74,635931400.0
fabe0f299a4e4bc6f51d54b9,635931400.0
5af99278b1091dca9b0b0332,538970400.0
3f0c845deec1c24472a35efd,1453040100.0
c10f25fd39dd36287a6cde73,1328865300.0
f37d31c512866b575780c4b7,1104169200.0
5d34f871e5a5cb3a655a0b13,545004400.0
95bb852a958d7b16fd676e3c,1024600000.0
24857a7a80d5f13a52eeb054,655352600.0
f9796e9d13fe1becef435e54,1253397100.0
1c2739878e452a340a4e8972,764600800.0
698f3f1929a2dbbc69865b65,613808300.0
bc230105784ca8640e499ca2,414718720.0
622fdba953206a65224f2c82,414718720.0
6765fc17d98c08142d3d7757,613808300.0
6f35fcba4ffd6a58bce85892,414718720.0
d8654c08e95b39e3b4891cd9,613808300.0
33305df46dc2186c7e3f727e,943896770.0
0cec193a20d720af010383b1,591615900.0
734efe04fa6b326ae1d072e8,447720480.0
69190139558b2ef3eface18d,414718720.0
bb084299ad23f245d7cc5b69,591615900.0
d4c7b3372d70b898b167b92a,613808300.0
4a119b1bbf04b4bd6051c5b1,591615900.0
f844345b6224bc76bc3c6f91,447720480.0
052505ca8210e5e651fc0b63,813534660.0
5731cdf8cac0b8371d786c90,613808300.0
594d8d78af90086bf8cdf09c,613808300.0
fcaddcc78938f3a234dd2d3f,374500670.0
1574958978c9b5d23d9521b5,591615900.0
55902baa0ece72e2e8c869d6,591615900.0
46161effff173111bb6c3a32,613808300.0
b3fcd9cbfd485e4e1da6c89c,414718720.0
213ddc1761cd6b018349786a,591615900.0
be3b1df5f008636e14bec3fe,613808300.0
dd27922be5b6f730f8b4e058,447720480.0
cd2aeb1b2649ef421102def7,613808300.0
a226b4af016a772dc7e39ac8,433951360.0
dcef5b332fd31d0ed8d754f3,414718720.0
481492907baba4574d4a6f35,613808300.0
10e5e54ab66b58b3f41ec381,591615900.0
d48866a153ea0fd23a858cd6,414718720.0
d273a2075d28e343a657d9de,1122831000.0
90a711f776d53cf654614649,613808300.0
f87c76eb5071c5b309e3ac3a,447720480.0
74df03749e60c216a3e1292f,447720480.0
03a84af05df0f577e09d60c1,447720480.0
78682041182f01ee4db04e8e,1185586200.0
25c76b5a1da0c2d8158b3732,613808300.0
af8f09175265e1546200ff86,447720480.0
c8d4ffb290aa9cea002e8d67,447720480.0
cb89ad8156c3428ac80a4db3,591615900.0
7602cb1e6fef087d8ee81aac,447720480.0
00c75d59ed4777481a50cbd3,591615900.0
fd36cffb856c2a14982a5fa9,613808300.0
06ccfa37fa6b011ac38422de,381962050.0
257b533b6a66b40d0f097c55,494754050.0
736eef4bb36681acbcc3c41b,433365730.0
e1a4437b17f7bec650d8cd97,494754050.0
ecabfcb8ce9bb47ec3089c7e,494754050.0
a5a46af0c9fb5c0a03855660,613808300.0
920b50f4355cd2674ceee068,613808300.0
410e5af026805ec8088f2e71,613808300.0
efa0c01632d13ab59f629ab1,447720480.0
5965d19a68a8414b0419bc68,613808300.0
64955a117f2d9264eb59fa82,943896770.0
8cd46b5c9cbd056d3712f155,613808300.0
65f736c3fee3d14c31a57d1f,613808300.0
66e9c614882d58c022de7a2c,613808300.0
8c787c1e6161b18601e6d7de,414718720.0
29a115ba5b198689fce5f93b,374500670.0
de8ee990e70c8e5ad167dc89,447720480.0
0b65098a19c2fc1caa6577ed,613808300.0
70ea0403b722a1dae1ff9b18,613808300.0
5c77e242474e477513b60ad8,414718720.0
1655a92b20740a11a5889519,414718720.0
1709b1446b20b21482dd2d36,943896770.0
e5dba7fa0cfb81488b0c331e,433951360.0
d09dc3a3270073e5f1cb353c,591615900.0
368e740cb71b9175fe5b7b6a,943896770.0
b8a8ad4c0215077d3e5aa472,943896770.0
1f4a78e094987ce29f054fb8,381962050.0
aae3a99ac764b8e9bfc562cf,494754050.0
a63ecc5539e8725af4128cb5,494754050.0
a29e18f37ded2e901181d7d2,494754050.0
14ead7469d05e5eacce6a575,613808300.0
1cbf39c44f6b0fdbf9554845,613808300.0
9012294b64280c565a88a1d8,613808300.0
dc0e9ce44b9932c6e48a9390,613808300.0
a4f272acb4b3b4f5fc72e99d,613808300.0
b0a7295da89516be1c44512e,591615900.0
b638b937d4f62949b9eb9fce,613808300.0
cadd4a6e1075b57f7b74c63e,591615900.0
a88f4eeeeac5ccd1ba9b8a4e,943896770.0
29616bf14b5f1cd42786a91d,447720480.0
f03f97ca55e9a43928c18237,447720480.0
5fb9bd3aee2e1320dcbea448,447720480.0
34bcfc2f0cefad790922879e,591615900.0
8c9849cf3d20991e5126420b,886573630.0
ca7b9296080c9fc9fb232782,943896770.0
63a5989d0dad994a6af7734c,381962050.0
7d25023ecf668945c87e0666,381962050.0
fde3d4a4a819b1fa40530238,381962050.0
e3338ac993873aca45755dc8,381962050.0
bfeab1b12dd82efa96efac31,381962050.0
2d564574f0191164ff1d068b,381962050.0
5529d858e9c9e3e92ce8a95a,381962050.0
2755af908b841e9024718b3d,381962050.0
623df36ea9610ed5c58dbd8b,381962050.0
77924a3c7880310a4822e5a7,381962050.0
24fd0b7f75feda5db89a4127,381962050.0
c2b9a3b2747f32d26c8219fe,381962050.0
3c3c7861a9727bedf5e3cb29,494754050.0
822ba8fd3c7392bda84461a4,494754050.0
4625168852b335b223a05bb3,494754050.0
b732ff1637ec53286e890865,494754050.0
706bddaf0b87e4f076247450,494754050.0
917218fe1425d2c222da1ed3,494754050.0
7ac0428c4b7197ca14f3b86a,494754050.0
e828e83be8651bc2e07641e2,494754050.0
4d069f925100b6cad0b657b8,494754050.0
a50640d13126880a423521e8,494754050.0
45e92799de1a5334c3d2d72f,494754050.0
93ca9e75cbeaceee69b4f0e4,633658800.0
8fc4070ce12262679c381515,613808300.0
63182bbbd5f94cea67de2d8b,613808300.0
6e163c3a0e30e7bf1e909661,613808300.0
3cd016f68705e73b819cf74b,613808300.0
3da41d55a2b9f78c2b10c75d,613808300.0
0eb8f10c9d5ded1b09f60baf,613808300.0
330c37fb5065311564fd35a2,613808300.0
b849cef46f19e13d3fc9d5c5,613808300.0
7bc034984b19479f29886cc9,613808300.0
5cae4522fa829a1614739b64,613808300.0
bf6bd06201e60a4c98c8623d,613808300.0
549ebb2f616d50ca778e92cb,613808300.0
448ad6cf4b43298a39c7b5e6,613808300.0
e9a37a1a4150461126dbb6e9,433951360.0
1d4c50978603ef41377af057,613808300.0
bb71a24bc5ea4051d84ecacd,613808300.0
286ab2411118455780314355,613808300.0
045108344bf09b01b597e7ce,613808300.0
d714e15ab5c2d5a2503bffcb,613808300.0
60823c81f0b98e8a57192a9b,613808300.0
dfa988a524343181a0d3ead5,613808300.0
fe8bcbd17b16ad023a202843,613808300.0
69fe76202cd89637a15de1d4,613808300.0
e7cf67cbc08fa04be9f0a3d4,613808300.0
670583e7a2ec6e337429fbf9,613808300.0
796935018bf2b241646a2dae,613808300.0
5f5856dd16c0e5131835e650,613808300.0
ea2e380226005bb55c724ce1,613808300.0
f40defb11ff73ba4e3db7611,613808300.0
a4b2dd2771f49951c027eef2,613808300.0
a949ede7227c8f8587715029,766211140.0
83f402857435d4fadb27fa36,766211140.0
36ab522893b5f01caea4cd0d,725268100.0
8e4875b7ecd0898571f0b1ae,409427650.0
7ef3f8bfd0368696369ac957,409427650.0
73ec13a5687c542137eb9a41,409427650.0
6334eb4a37d102ee00c6e2a1,409427650.0
fab91f0b03598c943fa425dd,409427650.0
c57c3c7edd591e16c0b7c1f6,409427650.0
03aea1b6ff072f117ec733af,409427650.0
91b57e8d6c41b7afe949bcba,409427650.0
ebbc5fdad817b304af3585c4,409427650.0
0232a50c9afca03cbf4277c8,409427650.0
05b12b1916e51a804419c654,409427650.0
95c9cee9b36fd1d68f647aa5,409427650.0
3d31144a77cb51647f3deb02,409427650.0
ea87e3259c2b0d6263d39a2f,409427650.0
61f634438de4a10a861f42c0,409427650.0
c3ca43d0474dea2f2dfb9791,409427650.0
a13a3638569b89ddf1260470,409427650.0
124959d1429de095473bf5a0,409427650.0
4d85bbc09ae56cd85a8f87c6,409427650.0
2c13f29a8b9ac9b464e3a582,409427650.0
70215712bdd8ae7585520550,425825920.0
3352469ca509e8ca652fad1a,425825920.0
893caa7433c200e0d43e9f27,535492600.0
767cb14f03c909c595c2a731,535492600.0
11433baf7716402e8c58bd33,535492600.0
e07ca567b0678126a1aec803,535492600.0
b2286067a73bc0049328b55b,535492600.0
c85d56080167254c7bc19303,535492600.0
5b9ef8d6defdaf13dccc5ae9,535492600.0
f7972b1936c6d9e95d3f632b,535492600.0
defd03ae7d0c0a44baf80abd,535492600.0
6fffb7958a58a73b0e16f2b2,535492600.0
5d86a1db39e324770ae58efa,535492600.0
c56163e390d9e5a7a76e77be,535492600.0
fd5ba2795eb7b5fe338d6b4e,535492600.0
24d6d85cd0e2dc3deb2db896,535492600.0
feea3a2bd9f643219de51c46,535492600.0
055d7c66464d7e327711b497,535492600.0
046aaa4162cd410e92b216d0,535492600.0
b6bf2760cfa26cb28fc989fa,535492600.0
3a6262eed8967d695182e435,535492600.0
cf3665f24927de548639ee4d,535492600.0
4c243fc50d5511a1288bdc0f,535492600.0
d753227b5c685e93b378baea,535492600.0
149e49c22fa0eb163a36c932,535492600.0
8baa01b8c6d29c82a6108cb8,535492600.0
2d437a09b860d9d46644ea23,535492600.0
66bd80fd26836fd426be5733,535492600.0
a30e69524af9c1bddbc5de34,535492600.0
fcc96840d952d32a7300366c,535492600.0
659bccaa707b94f303610225,535492600.0
df1c66d8dfb9520c6818a32b,535492600.0
dd1dacc0c90022e5b40849bf,535492600.0
1a06bfdfaa9d9ac754ad07bb,535492600.0
a0ecc8ce0592a40959bd755f,535492600.0
739c2b9be0941e4c126d2f3a,535492600.0
d723eb2516802250027312b4,535492600.0
04cc75f46642efb1192f1875,535492600.0
9f37bcaa95fb0044aeef6075,461213380.0
7be8abb5d23794ac47ceda32,461213380.0
c06c737cc0cef7fafa3fc4c5,461213380.0
48e71c45f41778f8dca24cf5,461213380.0
b41f7c1cb9cfbd188f8e0233,614879300.0
32ce96d8adc8e549b90b4a8b,614879300.0
c6bb4ca5a0c839d38dd8ce19,614879300.0
1d91edf33a141fa2181abc4b,614879300.0
aba4e24dcc6998e5020731c8,614879300.0
00af33cff3ff7c6927306df4,614879300.0
6d2328def08bae481705e20c,639467200.0
7815163b8e4a54843d121dc1,639467200.0
c9f92088dbdc0d81412968dd,639467200.0
8e1bd01ce4b7910d42f59be4,639467200.0
5fd89a857727753eae6632f3,639467200.0
332e395d4ce62523a2e3208e,639467200.0
4fc89ee51cb0e1b9d6459819,639467200.0
2571fe181b6ab939eac19d2d,639467200.0
af98a0e223a825cbab78ae49,639467200.0
ae187fea3c46c3fbee7e6e8f,639467200.0
c681519ec1ee1a28f6a3607b,639467200.0
bebcca3e75e747b5a01f5485,639467200.0
0842a0730545c623043b1d8e,639467200.0
973afa2d67c20297aa108bda,639467200.0
64a9f0bf04f1c890cc6e31eb,639467200.0
9e92b27f554068b7dfb640cd,639467200.0
57b7aff18c444fa3c577b079,639467200.0
6b23f191d2ccbebf9166926c,639467200.0
b80c961aeb98d24d968c71d3,639467200.0
064c1cd5e94efdf8c7262fec,639467200.0
723078b6cbdf02c88286c596,639467200.0
e239ff5eaaebb287beaf76fa,639467200.0
b3b30d8b869eaad2382c5447,639467200.0
3f295e6c14e23cff1468bf82,639467200.0
be78bb0e06d5768ac1908247,454879500.0
4daf52564456895ca7f4429c,454879500.0
c832701653f1e7f01913660f,639467200.0
82433a009defc21498037127,639467200.0
b53d3d578b1d7d9e00c8a00d,639467200.0
36fab4c38cdd91de650e6abd,961983040.0
bed932e11a599f7cd4bfa31a,786492100.0
1d9addd835c9fe8665e01500,410016100.0
d8216aa4e029c0d3d646efbc,469496200.0
c1b0ddd3c104ec4482d5025b,401227650.0
bd0f754b0fd9b7af284419b2,1072383900.0
01e907d7672006fa2bba8b0f,404025280.0
7ad046b20064565644ebfaca,522876480.0
1ac2b23683ba89e9175d1b99,522876480.0
ab4c55e78eb83d80c153f50e,522876480.0
2ad54bda875fcf8c6b675bf5,404025280.0
07e76c765d1137cdd7c2ff53,404025280.0
5531b9663c5a37a2bdd97e9a,522876480.0
c740655aea4eab7066446c42,424144740.0
3b6c37e7e6ff1c03ee4fe995,524484600.0
1b5d3ddc71634099fa1f04a8,593891700.0
1ad916edbe6fd38f40289a04,524484600.0
a1368aa4d3ae850bbfd90bca,524484600.0
0f728f676325ece6a001b4d5,559274430.0
0f98c4e431100aa87e6fa6af,613605800.0
91a08474a18644c43224c62b,526001380.0
185dd9366a6dd1e820880917,526001380.0
e364018f4d994cd15d4af374,613605800.0
77348acef84ef77f6a076268,501368640.0
7f8f506137780f4cf12e73b6,499074020.0
809082a38e6fc3faa66845b9,513451140.0
2072a783a44474cd0dd10d7d,451087420.0
b71905255273cbb0af1290a9,476069920.0
c7d5f021595b58c507f47d3b,1298322300.0
65ba1feafecd7efdcf214ed2,643906370.0
72eb64cd02ad2a54b65083eb,814831360.0
35d79b2ac92083bc439124ac,627195700.0
2f7d36523df4a5eee3edbe05,465864740.0
b0d20a04106ebb87e2cdea37,1122524700.0
43650eb8b70dfa256ca64979,647442050.0
311fa1bf3c405f9bed13b38a,373531900.0
d12dc721a59af021e8ac68e5,373531900.0
36f9a0ea831710344f468bba,373531900.0
1eacbf36422a54f1327fa291,373531900.0
9567966987eb1d3117677cc5,393077150.0
e5bc85e227ed7dabfccbd005,373531900.0
d1f39f86c82916524273bada,373728580.0
deeb837c2c6bcbd01930431d,460538270.0
57aa22792684debb8d4079dc,467869220.0
5b0530f544da162b9a8ff772,460538270.0
b7d66c5f1ad06dfcae5b33ff,433382270.0
bc353a421fc579770e432176,467869220.0
45ae1e929b0fc88718151191,465347000.0
b04449c499843cf46ccb695e,460538270.0
e4d89c9d33a0f2659df21185,465347000.0
b2a7a8ccbbec39b63e4cd028,460538270.0
3be69554b1cb31ed5732a836,467869220.0
de7f584df6103e8bf95f4a37,410715070.0
0f4de499e5bd2c57fcc75013,467869220.0
b4fd0aa09f993bbfb1fa8abf,433382270.0
88a83e58eaf136a82ab1fe37,467869220.0
379429ee3675d1adbf816cc5,433382270.0
c6084b85c8d95e0ededc25d1,460538270.0
8eae4346936f8c6c67be81ba,467869220.0
a13fc9e9b4e47340a5d53bcb,460538270.0
7b8a4d701066372dfbdffbec,467869220.0
a62a6094ffed3ea7a54fee73,467869220.0
bf0ad098fbccd3548d834ff1,433382270.0
0a231779f131c36d8e6910f4,465347000.0
51ba7338f5900d8ef12206fe,467869220.0
81b14dbf863114fdddb38579,460538270.0
adaa406ec9ac311e9f9c0bbe,433382270.0
4cb11f32806c0e07b4251984,433382270.0
3fee486268a1451a7b9fff7c,465347000.0
5666f3c36f0ce4eab2c39299,460538270.0
8a8dff62516671aee2250cb0,617031600.0
ee4fc6a146e888e993a4412a,530226940.0
5a16b30f4d580352710e92f1,617031600.0
424bb491c71e913e900db76f,647442050.0
100bdfc998bbde3d00548bdb,698680500.0
d793efed9a723e77ca8272f8,617031600.0
725c029b7c5807a4b0ba2bc9,617031600.0
b6d3345346f43dba053ceccc,647442050.0
888bc3c4ceaa108e048ad28d,530226940.0
267e000c89d3416e551462c2,617031600.0
0ab4a4b8adda35f634812221,617031600.0
823ed628bddea9b56792d108,617031600.0
a189bd7e4eecdd18ebc7d353,647442050.0
da16828139a19aa11bd94ffe,647442050.0
874102a58234cc7888902d42,647442050.0
789e5d19fa507823cc4c5296,647442050.0
174bcb77be3b7e408e61d7e1,617031600.0
31a1492e589f317a58a79df7,617031600.0
0825f2ca4baf5b34231ecfd2,647442050.0
ebc96ea800887a647422b8fe,617031600.0
969b956eb7769b6f509d3ee6,647442050.0
6ef9135481d8fc882a1a735f,530226940.0
5f501c4532ade3f412359a1c,647442050.0
c6d075772255b1efa52317ac,617031600.0
535bdffc5b79d62aa6179c48,647442050.0
e95653d504208e8da19fdd03,647442050.0
e4e529e778dbc89f854252f1,617031600.0
ec5866fcdb9afffad2d7f5c6,647442050.0
814694a725a50c306d774342,647442050.0
1cd6531d8539468cd5f4b315,615565760.0
0c3e734afaa6b7c370754082,617031600.0
f80eace37237614562f942aa,647442050.0
3aee70815bcf6effcf0e5fdf,617031600.0
ea21ddfa37d60737492509cf,617031600.0
67c78ce1b8a64f36ddf90cf6,617031600.0
fd2efcb61008dc9d11756381,952919700.0
f51658b9fea670bd943d6db7,990490430.0
b83b0a53ead29faf9dffc0fe,990490430.0
c1329245f57c5d9019105382,952919700.0
98665b825fb3a06b914d39cf,990490430.0
24e90a7d9a2bd0c30a4f661e,990490430.0
6e64677f8d730e1f9ca240d2,990490430.0
a742819d8e4cf8fdfda6e094,828648770.0
ed75d1c40109eeb51fd636f1,990490430.0
cfc2ab56604b4e3734d7cbbe,990490430.0
ed5622c308bfd10602e939ca,952919700.0
5f537d233678443192d22642,990490430.0
aaa79ce67339dc53b4f41dd2,990490430.0
5f467c6c80023b0174823d85,990490430.0
46fcc0d53b263beae95b8eb9,990490430.0
2bd47c19e5d29a3157fb8465,1194727700.0
9c9c2f05352c92c02d080e96,1194727700.0
cf8fb8db6f74c236cad0cfcd,1088245600.0
f42a53a05dc90e617e0e4c38,528191040.0
bd612d494e2f21051556ebe7,724850400.0
ed1c8ac25a3db5120c92525f,454026560.0
2c30c2736472590fe45277c3,508998900.0
bbe2c06e6f90c4234a7781ab,582664800.0
b527813993b7bf4a10c05683,828511300.0
2f610d2242d583654337d468,1459592700.0
dc25c9240c67effcf655b02d,533802880.0
c35f5ef73168d03cba1b1f4f,408135700.0
e88009be52bf5803ba3665d3,459758000.0
12a63d4fcb56c1d690e1bbb1,445246600.0
1d58ad85a82f7731e0f198dc,1024600000.0
a2fdc7da13d098cfeba13b76,375658180.0
1969ba34b72e61337246cb5b,486544130.0
8be43cd8653accbb8fe8a270,488047000.0
10092cf2f8afb3658ae475ac,461169380.0
0fd313e5a0f02df07eb6b104,340728640.0
9b5f013e795f5fa610d03238,357604000.0
b1ec4b8badc955f9f4fe2131,543083650.0
e491adef93281c097ab08dea,441423680.0
9a65fe451b30c59beb3d62ef,415598460.0
0d3245463127143a8a52014b,658541600.0
a0e3198470f97f6a169044b3,1239184500.0
33e4901b6e72593513a02207,623668300.0
f45234a3f0aceb12341be024,888047740.0
a71d53ec4fd0d64f8c06da2c,935835260.0
f1b30c4ea99f19a81d12f73b,1297018000.0
a52e2c893f85b49e2499cbab,623668300.0
b2fd7ee866066f3ae0dfb3c0,623668300.0
5acc9d767e3117bed0fd8464,623668300.0
0449a82dd1667c8c564904f8,931897000.0
a0a8d63b5f43b87c0c7e1fb1,931897000.0
03de77e22e987fc3fed4eb78,615926340.0
3fed1dd17fcfbd2b86e73143,442772000.0
04fe204d03bd1c9876242ccd,697921340.0
32bdf33933c29b1cbf89539c,598111400.0
3f6c05c97778fbdc86304bf4,598111400.0
478e13e8c1cb5bc80f1080e0,615926340.0
3128a4896665d38feb72b456,615926340.0
fba6203abad5f4b3b721f29e,598111400.0
b25f461b3d48d833a73316a9,936830000.0
1282e129e1a355b161621dd8,603762100.0
293320b55fad21ea3f4a5899,333328640.0
de2f5db1cd1024a9734871c3,364055260.0
200897b1f8bcd7c116a85306,418046340.0
7023f5a68e1ce9cfd23fd021,390328500.0
13faa4142e9d60412abb4184,386917380.0
d74d0241fe5222f5c5b67222,418046340.0
0e51111c47813a0b0dd51b64,622592640.0
25e3793214088669aaaa4ca5,835320000.0
43d7b77a99e86e8bd21a19ff,1246454800.0
38b87cf007043b76670207d8,889632900.0
8fedbf13ebb7cd3475fa3074,936830000.0
4be510fa977b93e34a789f26,419809820.0
8f165174bc07c28f9fddeee3,596690560.0
7ff6f389e364e67c4238df8a,419809820.0
2c91099736f3158f7f09778f,442772000.0
7bb1bc81e6eb3b4390440165,598111400.0
74e43ea3081841278c76cda6,419809820.0
9b948f070b94c18e00a857a7,598111400.0
99340b6cf8f818392d501e9e,936830000.0
b27088c3ccd93e7d8d5571c2,598111400.0
4b45cba0d601f29c2b7db97a,615926340.0
362212de783981c9ddb767bb,453216700.0
5aa78a2bc8ec5e2be315fbcc,936830000.0
92fecc04105a999a622ba3cd,453216700.0
5098115b26f2473c812b70ed,615926340.0
e9860f6b4c3e6699e62f6c31,389985470.0
71273ae563da6bbc66aa87af,389985470.0
6c6e7af42a6ddf62b04c35fe,389985470.0
484922bbe02cb218ced0e779,389985470.0
76745c2648b66151008f6399,389985470.0
2100201e0851e80488371b67,389985470.0
5885faa4aac834118c5e4351,389985470.0
f340405bd7f2c4bf524c50d9,389985470.0
1951c1c8855fed5db8031e5c,389985470.0
7dd96ddad0fa88f5c5978e39,389985470.0
db7535339826028d0fb3355a,433833820.0
4317746d5b88142780e6897c,505146720.0
5796e37eb1a995db5cc06eea,433833820.0
817915cc3582112fb5541a49,505146720.0
ba524c4e2f13109ce814ea38,505146720.0
c2439ab65fe194d1d60eaa07,505146720.0
92e4dcc5911b42e7f70311d7,505146720.0
6bf86a580c8b510b7447071a,505146720.0
975482a692bb98df98b2f243,505146720.0
336888717766096b24215b26,505146720.0
ad79f4fa23a28cc84487517a,505146720.0
d925c1d4dcb68990c7204b33,505146720.0
f4658aee77fa0e35a71da7f1,505146720.0
210d58091ea74bb902915250,505146720.0
186d4731b3af01bbe4d08b23,615926340.0
b760fde2d4df27a168ce0e80,615926340.0
2e653d2567a47067df169d97,615926340.0
8b63358f3cdf8df0eb1f43e2,615926340.0
c09d691e4c7d7b8c8f6a8370,615926340.0
4502e2809bb5bd47b2781212,615926340.0
d03101c7f823dd7d17e49a83,615926340.0
f5dbd7dcf63b08f711561e58,615926340.0
9855712ed7be7e865656de13,761008640.0
5a6397b85f45fba27dd9311f,741857200.0
4d1b0315b5aaf21bac150d96,524484600.0
32c7a2d032ee21f8bbc6eccf,445273760.0
beae197df95b84881128790d,428427170.0
0cf7a6d43221664a060ef681,658795300.0
c431fd6dbad57351a497fae8,491983650.0
b1f8fdc8e3e25517ab80c065,416627840.0
7b346d5a5f5ec7165d1f8644,407806560.0
947ba86487536d611f548142,1378857900.0
8398ba3b03595704b5897704,450135970.0
3f895518a7fccca44e534578,441423680.0
232e859fc353dbff75c97cf8,888047740.0
b234ef225690d57e7c2af4c0,1239184500.0
393e2e7ea1f20eb6b4148d60,526903070.0
668db5244c4d5b5c76b0b395,799061950.0
646de9441934226c2ffeff77,623668300.0
de53880a3299626eb6c2cdf9,1297018000.0
07f10df13b244dc33b464582,512404320.0
e4aa393309860fd5e30f49d9,1409334400.0
8c714badfcdef8ccc73df9cb,1382608000.0
0f8ded86be8d3543a5069b6f,408135700.0
3e9d73530ff24d3f4a543091,408135700.0
076ceb408227ab2563a663d0,408135700.0
e0ae474a5307ef4057da4994,353762850.0
d41fc79d800458b1691bbb87,533802880.0
dc8262e1493ed593103acfa6,533802880.0
bd6c24498bf413b6c5adf81a,533802880.0
885c77c839d705ca7d04d383,533802880.0
b8896656cf6f5dd7c33ae46c,488359900.0
34a9e3ca94ac06347d879942,612939100.0
ca3b5cd3505049f1471c47e8,485480860.0
8c05c66be6008af7f6dcc10b,895110100.0
565fb93190cd34ac8b01f01b,895110100.0
6c8119e00b901efd2dd40f0b,635931400.0
34c92caf68dd0cec9fc383ef,635931400.0
68939c438c34e79a317a4f3b,635931400.0
dfaba547699e319462abfd6d,635931400.0
dd1d2e305d37d9dde55393b0,635931400.0
c32df77def9978a84f8ba7f1,635931400.0
62103a85a8ddcfbf5e40e284,682118200.0
93bcdd2a8ee1d5b61d00d58a,827293760.0
9700892d7133ff2c0d1763e7,984656830.0
fca6d7455056792cd61e2ddf,433951360.0
4e84c5953b493be7ca96103a,591615900.0
42fc4101da60fdb41f41f0a4,813534660.0
12d40725335f83e2fb9b937a,433951360.0
2b9681901b216f2174af0089,591615900.0
9ab74e81283becc00a779172,414718720.0
8f378dc1215f9213f187c02c,447720480.0
4a3a6698b5490216e8f8e6f5,1185586200.0
0dd795526c080e8efdf8eb0e,414718720.0
3e7217f628a1d0fc9bc47071,590210370.0
157195fb2358bf2d5051c439,591615900.0
37063e689732880621e4e733,943896770.0
3bc68bc2d6a2b81f9e3b9a50,381962050.0
ce21f368495d385fbd98de73,494754050.0
1a6af7fd6a5b0602052c4c27,494754050.0
e38259adbfd953bf085a69b6,494754050.0
0cb6801c9b57e874102ca349,613808300.0
79f1a5bc0be914956d632658,613808300.0
f571f85be35a72b2ac358d27,374500670.0
163bec92a997aa8263f5a909,447720480.0
9ce3000cd80aeec2c5188e8e,414718720.0
6a6178c4cae2e92a08b0dd0d,447720480.0
d52cd6eee468311666218625,633658800.0
8eccd2a6352c33d8c7abcea7,591615900.0
53d3e32b1dc782308e352a33,591615900.0
be26f0523e5cb13846539384,591615900.0
ad7739088e8febc68abb42e5,591615900.0
add4f9dd26fa34829aa25eaf,891933400.0
17005d6ec889a947397ab980,404025280.0
3fb3a581a9a74146dcf9b71f,404025280.0
51c4a8b438bb0d97f712af31,522876480.0
0aa1332c56bf357f492da2c0,404025280.0
6cc06c89c226a062fc46795a,522876480.0
682b38de3539b2a584446922,400787070.0
1cfe9cba4c2015e7b58f05a0,587817400.0
17d34f9cb105ca5010191142,601665300.0
1fc0faf46f3b533f2cae2c06,926662900.0
12f9e1f78c630defe302f781,647442050.0
87bd6ee6f17d2bd5b61b0ddf,990490430.0
fd4ce3ddaf79d1b97043ce0b,1194727700.0
97aacb0847561f45a5540f21,617031600.0
a6dac56445613d70e49647e5,990490430.0
8b1acd29eb268fd684036180,647442050.0
656c13ca7a1974df58e1b826,1088245600.0
56f72c2d672b7bc3c264f7fd,613605800.0
3771c66b9ecd6db0b201d4c4,408921150.0
45e2395bee937c187e3486e2,526001380.0
7c6880b05c212c66b8961b71,526001380.0
e0ae8d2a51c771aef5f245e9,613605800.0
3573093e56e95a982a41879c,613605800.0
0920b2df9df4f0e509a7efb5,526001380.0
43600371d44fbbc81f6b6fa3,408921150.0
2684f67bcc89c8a5b95e5592,526001380.0
ca463fbe3e5cacc152aa70a6,408921150.0
0935e87627068206f6d9c0c4,548677900.0
10afe23f1f58f96422c97934,398299700.0
f3c8cf1fbbd6cced1fba0930,437429950.0
abfda926d174a8da1d946e27,393741980.0
fc9fb2f209a4b5e66f89712b,542621800.0
15d10635d71919d0c9663fde,513451140.0
79733fdf8881b0d25412abcd,513451140.0
7254c91fc9b51e76c6fd2a99,636564860.0
b732021729ecf88d6297b48c,636564860.0
edf4e11d1f1aa6f8080c3156,636564860.0
0706ce398b2bd64913e68d39,799853400.0
ea4a797b3d73d1b2cba9d651,570604350.0
6c598362e322971968739673,363184860.0
130a119701171ed3c439c527,565080700.0
849c918d78991c57f32f2031,410877250.0
036fc9e01b2b1e3ef4574372,818445060.0
e4ee1a81aa121aa5f55e20f3,1073763300.0
de926223fe4296d96466c685,1057773760.0
340ae520163a220061bd7f28,374500670.0
11e36a3effeb0119b8bded5b,591615900.0
2492a7a74edb57f784f6361c,494754050.0
1900e7808046a5fe89d8e440,943896770.0
fba35c04cfb7b6db50cbb57b,598111400.0
daff79365fd94d1d3a2bbbd3,419809820.0
51230c899cea0054bb74cc44,389985470.0
5e04875f99a5e4476c0b4186,505146720.0
542db19bc6b9a1366715dd7e,615926340.0
a117f625c794b7d52ec67cd4,513451140.0
4c59acda820b7b75823fa277,513451140.0
f040a167241599987e7b0967,636564860.0
4a016eba4744dd01954f137f,380574530.0
0d995f0ad226dd21bc96ff6b,565080700.0
3d44c742b1aa4c022a968ea2,453868960.0
e47aa2541fb576b9915fd625,485307700.0
61fe9ea90c8a777971db8384,668491200.0
4a611bd82c9216a3771ca7b6,596397000.0
0cc5caa9b48a835c92da7653,893002400.0
9a7f24ba55c92696d377bcb8,560692860.0
32366fe92222b329e3d03b29,680070850.0
aa26461420614755c2a52db2,814093500.0
53a447ad5e011909080c0ecb,1469792400.0
9d790c8c474c9de2afeb00a2,404025280.0
dbf200ef5f1e15211e2fc6d3,647037200.0
b96c9e2591a4cdf9c4e0c09d,647037200.0
78eb6f51d94a61a967da24f4,647037200.0
fb338e93dda9159476b8382c,522876480.0
72536bfda19f78d370d95f26,636785900.0
7c581e2b9daf20131803eed3,850108860.0
50cb0ad562ab5ef4e06f84ed,528191040.0
a24901956dac4ee0e4b0c91f,850108860.0
c1b386f478152f9be1f546ea,420576800.0
1f34129d15f992a3b62d4b21,420576800.0
299117d35bcdd48afa4c2eb0,454026560.0
4ff6c53c0bcfd1d24bac7ad5,817544770.0
2e52008bd11000eb776bd80a,1417178500.0
56b78bb57b2d1f064c47891f,403841150.0
ef64a8989a6444cc529dd1cb,528850300.0
078f7c6532204fe046b13d14,761763800.0
28c0649dd8b294574a876e95,1015707800.0
6b9b9d28723c7ad176a9306e,874835300.0
a640228932682c0c04538ac3,975521300.0
b19efe9cbc26d61daff5ae90,445420700.0
dc69d70e4d2713fcdfd93dd9,503989950.0
358e85ba765ddde3ac31be33,364991800.0
5e6b2661bb7ba0ce4776d483,360035620.0
0b6dcb5c1952dcea931e2c20,528850300.0
cde84d2435eb1d0d4ffe2a43,544150600.0
bac550d41b2cbdc6a110ec7c,528850300.0
78fbb49efe7dc0d8e144ad83,876401860.0
606affed5c707249158c4b49,707457200.0
d44778d36fc789f8b8c745b4,630031300.0
27ee3504d1df34ee8ae5dbb2,889802560.0
60bae7a45a084f117eda823d,630031300.0
98aee6a36f208227a992f9b6,1332294000.0
388a6dbda422f886e503e685,1448571100.0
2869a2d2689af65497775b1a,865070400.0
19993833220392781bc15279,1175391000.0
f0efda3f7fb18af1b44d6aa5,669458370.0
cb915d1ef92dff803c5cceae,1103678700.0
4bf02d040efe5358d4a5940a,1066830700.0
1382140d8fb634851d4d210e,1344260200.0
b8ea07763f2e1a3d635eb23c,400599840.0
8ec00d454698c119085cbee7,400599840.0
30d5185ca2ac2fcda2bcb79c,400599840.0
d0ea7bcd8cef8588ca50c778,400599840.0
fe6c19c6f54606a611d412c8,349818180.0
f22ae3d17c92427f5227cbf7,349818180.0
92b3b7d8dac6b2f6d5fcfd9a,400599840.0
8c44d216517f5c59e2611aac,400599840.0
b85fa4bc59149a7a25447537,349818180.0
99f10097f39b32a478877340,476375100.0
44f8d5ab70828e06198579f3,872415800.0
1f674965c913f9fe282d07cd,476375100.0
60e768892afb284b0e5042bb,461213380.0
8a6d013451e46411d35c2b6a,476375100.0
6f953b9964d60f6a74c81226,454879500.0
05076b448cfbf9dede72904a,639467200.0
47051c25acf866250b5d3ec4,454879500.0
0952c73b02dd5432aebdf2c1,454879500.0
cc3ef2f4fd5568aea96c257e,639467200.0
834fe4a1e9e4efeefb5aba08,454879500.0
104cd052884247b14d697673,454879500.0
8bf61f106e60d6be03799de7,639467200.0
c13e387f56342f88c993f0a2,639467200.0
ae664789baac0c47d13c3c19,639467200.0
ecd1e3003c5d74a3c7cbdb11,614665900.0
561cf254aba002fdef8258ff,748187840.0
98799228c26c9e4899bed65e,663464800.0
03025756be203027ab75aaae,623435140.0
8997555e7bea06f7b90ce821,627195700.0
e91a3f962129068a3a76d209,627195700.0
4bd0a354d75759510ab6bb46,627195700.0
f6c1705a83c039f7a7d46255,627195700.0
0c4afcff5f5a90cb79807682,627195700.0
d3222a7545e302bf10894658,388143600.0
03463535ae93b8b123eaba8b,502761000.0
360e5cc9ee1282e5a6ea17dc,627195700.0
07f24808e42c9e11a7c20232,502761000.0
b80d0456fba49a40fd774e5d,814831360.0
f865411c20924c43a080794a,627195700.0
c578eb2dffe903475aecbffa,502761000.0
d639498fabe1db1236656593,627195700.0
e6e3bcae6ba114caf108049f,388143600.0
7dd9760286606c45e6a15926,627195700.0
2c5f07a9402cc93f4c683759,627195700.0
e3295e732bcf306a2d338387,502761000.0
240ccc45a242f80f817b04d9,502761000.0
a7ff59863f8719590146e71c,627195700.0
e6477c2014ad081d22f12b9d,502761000.0
807687fdb46614d9aa139b20,627195700.0
317d8f9d18599b346639a4d1,502761000.0
b85acd44e18ab485d3ac543e,502761000.0
e61476e47d7e7be706d23fee,627195700.0
270a97e07eec2be02cd89a86,627195700.0
4c9dc4494a3428435457f575,388143600.0
26e58d0b13e7f7f5a54585d2,627195700.0
166e1e60acca831bfad07736,627195700.0
aa25d9f8737f142b8cfa970b,814831360.0
44cdcca08e1e66a1496fac6a,502761000.0
d75b7730e8c291ed41d7caf1,627195700.0
6d1534800bf0ce97197efb6f,627195700.0
8b13054b3318289aac1f13db,431924100.0
c6cb6ccd3f5876c9b9e29685,461827800.0
0356797c1683d002bcd94899,1229376900.0
558cb38bcb8de04588bdfa30,415484320.0
0685f2225b939147c8482e6f,390668900.0
cf1ba56710023ede80a8381e,669066500.0
2d4bd56e71f90e6fb387a2b4,1535849500.0
b96b8e1d636f0c10c63e5c6e,635931400.0
534be635a841fe21c7a702f2,533802880.0
dd5b4eb5d20b8b9c813ba52b,408135700.0
46941e09b153ec19f86c0c2a,715082800.0
9f06ad3793ede2ba7f39de43,533802880.0
b3df8c66475021fc04f107a6,533802880.0
468df200fa490e667bfaa31d,533802880.0
8130ab67c5e0d96a9a67fb12,635931400.0
f7ea437311c0d217b0d572b2,408135700.0
ca0b59b35225b44447967ef8,376754620.0
90961073d9887bc1023315a0,376754620.0
a1421c30fb33a249bcd54394,376754620.0
c87d9677bed80b0fe06308b7,347510530.0
d331a4d58875a393080fdc48,357460100.0
2f3281ef06475d2114fbf9a7,357460100.0
487ede1f7f155194b69c531a,312812740.0
04308f869d7c992ed3ea646a,459758000.0
912471caea3c71e3f9f70877,440417000.0
1baabd705f72393167dba5c8,459758000.0
aa4c66791884ea2a8357924a,424482240.0
1ce08c19161bd0545eef8a16,440417000.0
01eb0a2c1033c30830161321,440417000.0
b2759de47d28e8cc05c94e36,459758000.0
bcdea05b890394a10d24601c,459758000.0
db9f66f68aa772fe29e37edc,424482240.0
bd094081331ab259b1076261,459758000.0
81e7c8c1894e0c3a9315ff27,376887580.0
7cc9cdd32c209a62908a18ad,418794100.0
1e18024ab7d931bc7ab5873f,754975550.0
baa146a6537e8630180fdd35,780468350.0
8b788f742021f2438ffbf528,358402900.0
66d41314804d77ea0f440695,1072602750.0
72dec1e6e65f6117e10a2473,494568160.0
4066da904062a0041a809b02,396016540.0
b7570bfc5ddc7caaf610908d,418794100.0
f6c6eb3fac9658c4951c4222,455552400.0
5fe25ab9cf4ea071cd6287dd,376603000.0
0ef36d33e6c378c946b8a65e,461413120.0
991a94dd1e99de493672da14,461413120.0
798d87a368f073efafead25b,461413120.0
9e8cbeb53820394a460f0879,396016540.0
7b5582907bf47bb9e873a513,796203300.0
0f21ea53a480e4363b8d7aa9,612939100.0
ee667413d1cc49427ad448f9,635931400.0
12bb70a95996dc6e286086ed,494379550.0
9e9e3655ffa5921889cd8ae1,1060446340.0
f2bfe55b6188070fc5c3f59e,1053885060.0
1f00fb18ad48b32c666fd319,592123840.0
86f15ce6ea8e97837e6b9383,725553100.0
7002d00c9acf8b8a4a5865b6,883002700.0
3e85deb0237521f1a7a8fa84,984656830.0
1bf77cd1c4037f4d2ed28036,984656830.0
ce8e1e2e4a79fa55a8547457,984656830.0
73a8efbc036911954c07b91c,984656830.0
9a2051367d6dcbd90a4d60e0,883002700.0
3804d5b313b742228ef0f1d8,984656830.0
fd7b741b96080ca5b964cac4,984656830.0
c4cf9ab3776289a412684892,854887700.0
1c51566c7dedd4a46503131d,912947400.0
62259b400be228a30a655a59,767722240.0
e5092b4a94f1c231a0c47680,1187725000.0
6f435cb10e5728ef45be9f29,1035792200.0
04a071d777e60627223e28d4,380766940.0
1117078fa37ed101e9120923,598111400.0
d56fda10944b088d9cbe1162,380766940.0
e01c49250329331a442615d6,380766940.0
30ab0bbf876dfa515b266c9f,453216700.0
6aaefcb58913bb3f49954b2d,598111400.0
629a6122db92e378f0eab96e,598111400.0
a8549fa4bb56a2bcc0e15b11,380766940.0
34291b30d129222905ffdaba,453216700.0
cd5658fc146ae4b5d78fb565,453216700.0
ce14bec246191176c16c4e27,453216700.0
46529f0455fd35b2f4a489d0,453216700.0
52b3823c59546a6ff3de4d09,380766940.0
959b7ea50d93bf1c36e35005,936830000.0
5c6edbdf110bca5a66a51585,380766940.0
d4f6cc3cc6e923cd37d0fbb7,453216700.0
2865962bdff8929888a51341,598111400.0
105bcd15e02d39f70ec2ecb7,453216700.0
b2357bf117ecb5b9082871ca,380766940.0
273cb73a7bdec0d291e845f1,380766940.0
1f4cd62152d4940990ac6a9d,380766940.0
a13ff325f90eb49363f59052,615926340.0
40871d7ade3e592560d0b3e3,419809820.0
ad2081cd75928b8f5e506944,936830000.0
1508ebe40f90f90a68f6dd69,380766940.0
d3cda82d1fa53a7ca1b46a33,615926340.0
dc20d46be2470d85ad9e7e45,380766940.0
0a7fb26822c2ca556f62a257,453216700.0
40a1cefb3cbb7e2972e30d97,380766940.0
4c3a2b3e3d5999f747ae0d53,936830000.0
a8870552db951bc4e76e7f9a,380766940.0
cc48e66185c23195cf958612,442772000.0
09d4b5b5c2f97ff88215708d,598111400.0
a59320023948e2d915c07306,453216700.0
a74214a0d4d40b898ee2be88,453216700.0
dd9f28d722d43112651786e6,389985470.0
275360e29bf3309e09ec41d9,389985470.0
1e21ee2ab4ef88194cc85166,389985470.0
268c1e17bc17dd646d1885cb,389985470.0
33e22ea4154e8f71062dba8b,505146720.0
5b5db88fa09ecd8f4b9cef6a,505146720.0
c41dfc0b917edb6e6ef7b1c8,615926340.0
3ba6b07e752fa580f630eb8f,615926340.0
fa6db64bd7cd8b0f1c0e2453,615926340.0
2422ffac7337b402339dc550,615926340.0
dd6d47e2626e2bf24f842f21,615926340.0
bb433dc1bd769d684d8b3352,936830000.0
812ad0d57e4291da184bfae5,382176320.0
51a0a1a680770b625579e25b,1323492600.0
a91fd5b9b1a791a6af59b70d,736992960.0
094da6ca19427f1a943105f6,989835140.0
7af0a604d1901925aa179436,601946500.0
890df90091e14d1c3a1b30e8,460538270.0
aac17b54a68bd216e2bd1d45,393077150.0
fce26c7fbf0bc93937ea5198,530226940.0
b4245f075bc41aa29b55d324,819851200.0
bb70d80b0c6ad3022160c8af,404025280.0
ac85c8f7605ceff58dcb55cb,424144740.0
520415ebcdd1a4059d18e2fc,647037200.0
81547b223494084af3e15bf3,522876480.0
a0f1496a0b4a7cd8b850f010,647037200.0
436fd4dce2ff0f71232f4b6c,350086500.0
3923f0e655615aa6b52721b8,613605800.0
afe03b938be9cf14e98d4a0b,408921150.0
0f1c472b94feffc41f1caa44,408921150.0
5b76ae185e6b41243777cb4a,408921150.0
d70b133f81d6f1c9d93e2ed5,408921150.0
865459f5342a0102d255fa07,408921150.0
fea5eb95dfad452d6786b042,430176200.0
415622d0f7adb1a9f7009a63,403830370.0
543edc342ad39b149501aaeb,526001380.0
89e1d01cb5bfdf567faca443,526001380.0
e86b99e5dac8ed0d8296e950,526001380.0
2c85b19f02bb3768c10d14fc,526001380.0
c17a3139c360750a6de5950a,526001380.0
cf76e6077d47a14abaf0cfb3,526001380.0
82ad4b3d5a215f17e745d77e,526001380.0
dbb4260c89524c78de7433be,424427970.0
5b312ebdf71ab7971f9fd2d6,598731200.0
b3413352f0280412f53562e0,526001380.0
28fc5f188c5e11717cdb4a98,526001380.0
c4d7a906b747428aabd368cf,526001380.0
a4dec2ce375ab5e4bffa5966,526001380.0
546d570784c7ab8746bba80e,530614430.0
cca9a08bc4a91f317b851f11,1096584200.0
bf43226ba66a3e2033d32fe0,598731200.0
c2717194de73e1a1d8dce40f,373059140.0
acfc06021a7a81313d85f62b,439714460.0
2d531a26f8b1a8afa511e3dd,502303780.0
4a8acae29064919c68fc8600,530614430.0
691b030abfe1190802349715,366881900.0
a302ef23e1d0d6a273274cd0,424504100.0
a742f415d6c57e8493762c57,613605800.0
4672d1c9c3b04fcc87a0ae9b,613605800.0
371a0ee537001f7a9d58465a,613605800.0
ca5eecb01282d4a84017bd50,613605800.0
40eefaf8c26b8b4736308bf7,613605800.0
a7ff08f7e09b19c1546453fa,613605800.0
07a6da2c9c4833ee4cbe8625,613605800.0
b2d32589626abfc81e44cf70,613605800.0
aeb68eb7eecc4aecd5529717,613605800.0
3c0b438c7a4fcbfaff9f678e,613605800.0
c37b357d57918c3a651a5760,613605800.0
b65c0544e9deed76615a3138,613605800.0
3a8b7b9048c82797fb01a8a1,613605800.0
7549cbd5c8003204c85ce1a5,608352450.0
21b4c1ad11bb1feac4d02308,613605800.0
b972611aaf1b68340de16545,613605800.0
eb3356f3856526dc140be7f4,608352450.0
93ba409ab36d3e10eaae18c1,725295740.0
5717732a654405ba208c0f5f,1129233300.0
aebb556fa6c9275a9b5c543c,1292013000.0
fc72e535900c592d6053b806,613605800.0
04d77c8ade9a55fddd28b00c,613605800.0
028adaf559a05c8882893767,613605800.0
95781f187bd3fffa3d1b19f5,613605800.0
cc2c78d41e3fe29de0b4ec4c,613605800.0
f78886545677e19e472fd0c4,613605800.0
3dcdbb92628e6a200adf48e8,1588109400.0
4993d1487d78cd9ae2c23619,1264985300.0
a8a2c61f2b994411af5d9bde,1225058300.0
57fd11f829e31e198326ac98,1121322100.0
59b9a5730cc8a41bb7a1d16a,987389440.0
85b8a65f1b00f78e67622bfb,561438800.0
971c610e55f133a1d1e6c2b2,943513340.0
0f9867abe3ea0b9c5363982c,1105033100.0
086521dbe18727963538aa7b,839826600.0
bda3c74ea6f73407a3c0a17e,740873000.0
257c765ac81bcf773473039b,371517540.0
80d2415c0460088d69574285,1043908030.0
1554f8aa4c8fbe17e9e82d0e,613605800.0
00f6a62599f25ac506113149,795197100.0
ae26e4726c16cb2f6a6d3f2e,795197100.0
8018df1613094a9e4606c875,795197100.0
eae4a1cce7c039c644f01c6a,880884860.0
b07cd6c30350efc5de211a8e,874018050.0
5a2624a08494481388f6daff,635931400.0
b8eb177e22c63e84738e7788,635931400.0
ca02c904cf5eb96ad20705ca,375081860.0
8e6dfdcc28f830f2696de9cf,906821200.0
99fdac6a2ddb1136f7117f0a,380766940.0
22e9f1b4b5e887cb5f0dbfd1,382901570.0
d89f812c7edfeb3121bf639a,419809820.0
19957244dabc3f727733527d,419809820.0
ad1322132f3b533b4aced580,382901570.0
40c2ea5f89f5b77cc09d1455,419809820.0
140c4de69883df9f3fb3a538,348236400.0
5529091bcc05ba5cb2156b15,380766940.0
55c5e58ec636586755df3dee,453216700.0
6049fb02c166ec9b4471a7c6,598111400.0
758b4df32244a51b2271a891,453216700.0
2ed1ae5e6fa77e447af230fb,505146720.0
527a1c27e038e45d2d1fcd9f,453216700.0
1d0c3ba50087cf01637de6c0,433833820.0
d0804da971548399183ecb85,778727100.0
46a7d0f520dd1e78c0cbce0f,778727100.0
57e5120d0b71ec6a67746a59,505146720.0
b5292c1e1683d40be46bc2de,453216700.0
01e9c7531cf3c63c04b9189f,433833820.0
06e91b526821a6ad1372fc44,433833820.0
34bca71dc9c74a2072f11e9f,598111400.0
22385ae2b3e7640e8c40411b,598111400.0
6e4adafdd872a2837921276f,442772000.0
8cd3031963c612efd0049f8d,442772000.0
43b2fb09efd1593a94b61b4c,442772000.0
74448f56811e9562536eff6d,936830000.0
44f0e088fee626993778e7fb,615926340.0
6e6f7fa167c0f617f50c86cb,615926340.0
83da5fb4c15e3daf727a3cc6,615926340.0
b45c8a6224ae2656b4189526,741857200.0
0d926a0b5ef567c627a7eb0a,863583400.0
c73a1177d787a5ed72b8a9a7,404025280.0
75c1083db5c940e626c02f53,409003840.0
b925c9218f5132c6c81f3a18,374574240.0
9a091c59b3cb4c730372b34b,471931040.0
bcc704b2e178dd20497e073e,347988100.0
6f65de020f663622146b89aa,455072130.0
9f3680d00c86707fba024dac,513060540.0
18d5cc463455fdb4d443a6f2,355410370.0
f1d76d78f9266d9552bb86f2,818974400.0
74dbd25d407e51337f883659,844214300.0
88ff73eb829a6ec5bfcc0222,899994240.0
ed5559fbfaba86299e87ed89,715312000.0
5d97aad3e83e26b551c3399a,674382200.0
2258ec00dec6a2b85f439135,674382200.0
6c94fd185169e708a08d3535,408921150.0
ddaa88a11432ca21d3eca774,408921150.0
2749b5cfd2728ebdf124a0a3,408921150.0
a7546a6c6194506dffd65360,526001380.0
6de7bfc5e8149ebc40ec0e4b,437429950.0
6f83f14861e13af92a2b8cf9,437429950.0
d71d0c8357f09fe2f77bedde,458239970.0
90b28f5125a0b8a0e3b10580,707771700.0
940e08f8fc66ac29f6d76687,613605800.0
41d2864e1f73e29f222c61e0,613605800.0
f7399e57df358ae7adc9e08f,613605800.0
1679719f26e7c650f24eee6d,790961600.0
0803ef3270948a30b3fee2f0,473715780.0
4a3defc2b7d2cd751c9c970e,894024900.0
8bd2490f83568ba653cb74f6,741949200.0
b4ffd0a2cdcadfb962578199,785609000.0
7e5064603267b61520d8f83b,389985470.0
88964e1202647db0519a8a00,389985470.0
f3d94d0616744b87ff139533,505146720.0
60704a08df293592e4cb5719,505146720.0
347d5081f7bd36c8edc1f352,505146720.0
41d3afc1118758b5314db48e,505146720.0
80a1dc97797c41b61f46ec6a,505146720.0
c0ff8812c1e8eeab07c698a1,505146720.0
a9a4a765b1daec2f3ed59a80,615926340.0
33258f995a375ca192ca4d3c,615926340.0
80b6c823bad5b4c0fff46657,761008640.0
719055eed27f361071cb9eca,741857200.0
9a354d8c526efc5bcce59dca,741857200.0
9850d970fe9fd9bae89f09ad,755048960.0
f2c87b07466aad7328b7e0b0,755048960.0
27ca0c2320c520342717355d,380766940.0
e958bd2b19db118c31f893cd,380766940.0
46dcddfc78444011abd29870,453216700.0
061d3fd39da1b4b1397054c1,598111400.0
3d1a8884a9687e53e5fb0bb7,664585660.0
1c0236d4bc291372483a9151,515269060.0
c1420f278d45b85c56f415fa,623668300.0
ce6fc507df0105c68c29214c,404914780.0
e4f26a73bad4e41c375dd897,795464060.0
719190aff81379902beb6497,658795300.0
da627dae6941b59d1eb98e35,524484600.0
2189d3297ea703e50ec34d96,658795300.0
c7205874bee601a7b01a0cd3,658795300.0
a22bc19d0d83b13a53630b7b,363379550.0
8acebaa9fd7e917d7e3b391b,404914780.0
4e104916ab915cf3c0bef846,658795300.0
b0df95e9fc94d9aeebc960df,658795300.0
ab419cd48b81038c5a30c721,529138880.0
5b9bae6f556700e099fedf08,403841150.0
989360149d9cc6088391db4d,630031300.0
bad7560aac04600e1ec1a9ce,630031300.0
08d9f04bc4ebdc74e9d80b16,630031300.0
f4311c45516bafcfe8864c70,528850300.0
c84e1db639ee43ad83f930c3,403841150.0
f778fa43c92344cfbd700432,528850300.0
2019bd32dbd09fa285a388f7,630031300.0
4db834146c4e73b515d510ce,403841150.0
9f9f2548425519863e2cd6b6,475282400.0
6c3bb7e1696df587990161b1,412878180.0
82f08aadf1eeaf2058b50592,459553730.0
753e74e4dbefeccf3e6b27fb,459553730.0
a26149f589edb9a903782a3f,459553730.0
bd264728a0464376e22b6bee,459553730.0
2d5564a502635dce2d46ef8e,630031300.0
05bcc7d7db8d352216a4af59,630031300.0
4794d9994512f01a4bbb6c48,630031300.0
64a4528640fe492865ebc0dd,607252300.0
f655ec98cd42b0bf2d7cfbfe,607252300.0
b09de5f1e028d4fafeb8a22b,607252300.0
4c79f17573007a39bb2b4b7b,630031300.0
824894236c20b081af2c9868,607252300.0
107e76f0c913e19217662faf,975521300.0
d5e2bbb69ba3876b93af2d3c,975521300.0
a2905faba4c1177603e6cd5b,898407800.0
d13e3d432783206eecb0e192,975521300.0
6fecee4b1e5f50c0b27dbba4,1187197400.0
57891292fbd530872cbe68b2,1187197400.0
d0d6a1b5c60ad420ebf2ab8f,658795300.0
711736da4f0e8282fc8c9e69,658795300.0
f32a3b542efba398907ec912,524484600.0
299a94a02e887c6ab1de59c7,404914780.0
ad844bdb1150508a4c6d57b8,524484600.0
78c17e6ceb87f7587364c873,501837440.0
22e8713e2051c88cdafe2364,674087700.0
79c5085c14068e492e402a26,1282795100.0
205e9d987013859f391b27b5,951568400.0
36aa7d0cbfe40adf3c86a134,694357570.0
d54d787189cc8f014ae58aaa,533802880.0
fe2f1459eb0a380dc31e3a4e,786948300.0
ad663952ff2ba1953efdc460,533802880.0
b7320c35e90f33fbb1c28813,533802880.0
8f90134b8e68948cb18fced1,635931400.0
2dfeb06300828182d4109c43,635931400.0
3f5a0cbba1433e9b6588dd73,533802880.0
f952c40e24c9df4ab2d62017,635931400.0
462c7546b358b00e617ce012,533802880.0
e0df3391aeb8d3f4b00f418b,533802880.0
1e48878318d35476c3e87520,408135700.0
e3903705d5a48c6d9f828ab9,533802880.0
9e590ad7d22105456bebc767,635931400.0
d0fe3d393eee5c0cea5bb6e2,408135700.0
57b3791f2c5acffb0097f7c4,424482240.0
e11f9a5cf9d6ab0ffddd6096,647037200.0
9a3920f803b087c29b487cec,647037200.0
6cc0fe8ddc318f1bbad360c5,711629600.0
3e0c656b64d39ab38201a112,413219300.0
cd55abdb54bd56d54b11fad2,711629600.0
7cd39eb8de56700519d8f287,551617000.0
d762007a4ea5de370738e875,587817400.0
f4fc67d9b9c6078003f9af35,797992770.0
dc0a4632d7378c25be351760,546326140.0
530a3bae5a13291c69bb8474,515269060.0
32b678be83da2a07b37f3012,450778660.0
349768047d470d2fa6ff1930,799061950.0
e017c3311e2fdeb50a686547,1053927230.0
bd0329ddd50f2dc4dafebd26,1102696100.0
f6252e878aef5f8a641c3d6e,533802880.0
45ae8ffacfd00fb4a4f53d0f,984656830.0
d186e369ed884150e71906da,943896770.0
7b9e6b7eb3a5db0443193fbd,613808300.0
1ddeeae13139b7c9ada353a3,414718720.0
a1ae6f9f5d02548c89b23904,613808300.0
dc298d37c5235e15b4cd68a3,515852160.0
f640753edfd8fb1a995f1de1,392168770.0
69a1f439de0f06e1143a0006,662942400.0
98f253233bfcd16533e2a448,1089566600.0
ece6f8c652d4227370ef0fcf,917878100.0
599506739a6544839bd97b81,800769200.0
a12f49f4ac3c5bb0dc7d8d20,342571500.0
9da00f8ff8e19d26c1342274,1012809860.0
cf5213877dfb4df98f0dc10f,644384300.0
84c7006b5a63add890a224e8,818737000.0
88aed38ca59c09e1a6202672,689076300.0
e6bda9370c80a5f7e5cb6b07,696230140.0
3b54ab53b6e3453e333a0939,408131800.0
e72ff7414cceec6b162df345,528191040.0
f2d4c1faeb7694370bc65ec2,528191040.0
e1ffd027cce28c44c0d2f80c,451244030.0
5c5039602efa36222e64108a,451244030.0
b50f2c871166ee1009416be6,596604000.0
5e7e36116dbc08932f5fcbf0,596604000.0
325ce336d3df17a078db5166,596604000.0
a26e967b288a1eb6d8e71d46,396742340.0
139331d23d9e3c40cf083a7d,636564860.0
1704b2d5f4a33401fb153608,332158340.0
ee70354146295365bf241d9c,485307700.0
fbb0a76f05908c118f7a3df6,423809150.0
2aeb794adc9892354aff7240,410877250.0
b0a32581cbb586f9710dc3e2,752049340.0
ad7f3aae29fa1e7ec900b563,697774900.0
1695225258263bd2f463b21e,744241000.0
f72fb486fae49fc1de1fdcfd,1080423700.0
6b8f7074aed7ae7e6cfbb090,1392474200.0
619dab52b321ab297a604185,1360445800.0
b5bb9af24f9de68e91a1df76,1469792400.0
ac3d21f51637207d3e031c2d,598111400.0
2aac28d03c2110d871b5f274,419809820.0
9ef498b11563827597c82947,453216700.0
4f2ca698ff03df0c6386e48f,442772000.0
606df4826416ea0f146ddf99,453216700.0
9ff08a6ca1c63480c563442c,615926340.0
ec27554aa1c62314f4d46fc8,380766940.0
762374e94f17a8783a66d598,453216700.0
83ca3a41ca4b5337107c197e,505146720.0
c166a9293fa27e910e1fa9c1,505146720.0
57f8a1e37c4ffb1b8cbd342a,615926340.0
393d99ca47315ae98fe9e7c8,1130002600.0
9bef4aacc63605f2b2b62292,442772000.0
a266efa4e41df357ac4edda4,936830000.0
adfdb0eda9aa97f0d3005c4d,533802880.0
f05aee3e433cb036653b4375,635931400.0
2dfd1808bb95170a088deac6,635931400.0
dadf0a00434e8ceefb3e26af,635931400.0
4336ff9b2dc1d97ac8f9694a,376754620.0
eb14a5813f860bb74740da2b,376754620.0
3d580d0df1bf9dd124c282c9,376754620.0
49bb5311607e4c7600caa03b,459758000.0
78a39ae05ac53535ba0fad2c,459758000.0
936e18fcf06ca3c46eda7c8c,459758000.0
23f12add67accdc9ed40f59f,424482240.0
eb1b9e15dcb88964f79e6a4a,459758000.0
e2b7f984616fff25e3dd6a3f,612939100.0
b8e2b98548a234a245d7935c,635931400.0
79382c56606e701e44d55033,984656830.0
983874e637a1a5782f31089f,528850300.0
3da9de8f610e5c40401a5b78,528850300.0
cd69a049dd8a3822e228ebaf,630031300.0
604f1b5149f770a8f370fc75,403841150.0
0d24fc1c5deb78eb1a0caa51,543679550.0
583af1118e60e46c347ec593,630031300.0
13b181b46359620191e6e4c1,403841150.0
50d8333064f0560cbe549f89,396392130.0
d9000c1afed253d05de7819b,367013470.0
792ac070d1a314f585f09987,367013470.0
3e874c25176a3abb336b31ac,367013470.0
419ce7158ed62eb6897cf09e,367013470.0
b6b87c05c4238be76d94da2b,367013470.0
980d809e549333b475477bf9,367013470.0
a7df3d344010d5bb7dc70bf0,367013470.0
3d474c6a88ceb86e00f68b3a,367013470.0
be4bdb73add69f12f7aa6d06,396392130.0
fa5234ddf23dd0d9cbd3cac2,367013470.0
91a08f81b621333ac58c3845,459553730.0
702aaf395bc78986a008d70a,412878180.0
86b0c9c1277e9143ee765b43,412878180.0
9c2c22e70cffe6836f554f24,412878180.0
31f56b841b122b35615bae2c,412878180.0
41227dc9c9948a5f0688e426,459553730.0
781989d4b732f961f91bc3e4,412878180.0
cfed0221146f4d83d641e1aa,503989950.0
8ec491780efb2c27df8dc08b,412878180.0
8a5866428508658b4a2a4cb4,459553730.0
156dc81d6e14a71716aebcab,459553730.0
c24be8293c8f4080562ec0fa,412878180.0
7fa11c05ed1c123c1a457b1f,459553730.0
a63c36f6e7e7ce7c7e7fe457,445420700.0
f9bca38d3e08176649504e74,459553730.0
3d389130627ca7bade643f47,459553730.0
70314b0bd995a4b03c771ae7,459553730.0
a3c3c9fc04cf2e2a051a12e6,412878180.0
4cbe75a162b076c4c454dfe9,412878180.0
0c62d4d501a426cc8fde0c36,445420700.0
533363375cf2cbc50d86773c,459553730.0
21d0f28d5f30a64352e60ac4,412878180.0
471b5135fced50f7cb4197e2,412878180.0
1c7586fd8a1a38bbda9c92cb,412878180.0
a0f28aaedd12f3d0eee8c6ea,412878180.0
8923182b6dcc9f2d8be1ab53,459553730.0
67f694b29bfa494bd9d9cf44,459553730.0
b721a5846527d5338322c9d6,412878180.0
ed09fe201c9ab02a91779dcd,459553730.0
f49045b312d12268eefedcba,459553730.0
22ae194316f34d482bdf404b,412878180.0
4f450ba5de4766e5ecb8a4a5,412878180.0
235a2209cde8f8b0276c845a,459553730.0
f563f0899884de7f9bdab405,412878180.0
5b462279f602c5b67ada82ee,459553730.0
fa4af69aa064a4306cb110d0,412878180.0
a70d32ccaa78ae9417aa7e4f,412878180.0
77c9e5e3a6d965ede708cda6,412878180.0
5637f3d3278ea049333afff4,412878180.0
1b1c220eb91c9448b520b76a,459553730.0
f4a6ec71ad7790df9578324f,412878180.0
217e1715fdd5db76ce93cfe2,412878180.0
2cfa1397c901b4e940d9f673,412878180.0
44672de0d6d9d0cb3b4ae938,459553730.0
1c50477e5b3a67f3d8fec62c,459553730.0
0a2a67e8b310471b115c60bf,412878180.0
06220a42e68510eccb4d790d,459553730.0
611a3e1d63c6ce5ff8779243,412878180.0
1284d7ed08122731aa7c0461,412878180.0
d44eebc871d1fa6981c32ccb,412878180.0
43272151f217feab78190393,607252300.0
6bff92260afd556a98d3e3a5,607252300.0
00586a92b53f4a8f9f6b3022,630031300.0
745e7f6a83b55196f231466f,630031300.0
9c558e10e5bbf230f16968f6,607252300.0
1b425a31cbb73b713f291e19,630031300.0
076ccba20dac8bfcf184b8a8,607252300.0
c8fd8b729f4ac6270aff9c9d,596208200.0
52f026e670e9851b08c70542,607252300.0
00304df33a3c9a7e396ddd3a,630031300.0
ee27eba49457286b5ab76172,630031300.0
97b57932e5e20416bad6919e,607252300.0
e570c5f58a20fda42bfb535b,630031300.0
79acb227b5ea365414982957,607252300.0
d24258de8d2ca10186660a1c,630031300.0
8a8c202c069c20696c2de85a,607252300.0
40f301afabee5be092ba20ad,630031300.0
afa842858299a6ebee166e31,607252300.0
7641dcf512a05ca754930bed,630031300.0
8c9b472c55d4b99e44041de5,607252300.0
88b98c026b7650192034535f,681614850.0
9bdb1bc52a9ddfe92e6a948b,630031300.0
4abef5720fd889512ecff70a,630031300.0
58b139bc16fa2731e4b76f28,607252300.0
9ad9ac8728cfc2387285c24f,630031300.0
75fd5603c4de9678627f81d9,630031300.0
9f4a25a5550f016ef2370229,607252300.0
d4f4d0ed36ac9affd71f302f,607252300.0
51bf7bc1c19fcd42e71f2463,630031300.0
49ce19caa1325233d0de331e,607252300.0
5aa1667bc8db26bac1c72f5f,630031300.0
b43b36ea4f81bbfd4dc4d781,607252300.0
2a623b33f3cc1f54620b5233,630031300.0
8745eefb9e2761ff7eef558f,630031300.0
0e49eaa5cde9375b1f026820,607252300.0
f5acbf43add5776430d8d4a9,630031300.0
ca50f7143937a99accef865f,630031300.0
0e1bc8ba1953ec8c28e53b9e,630031300.0
980bafcd065c8e3d6cece127,607252300.0
c81133d5a58d7e8eebb10c8c,630031300.0
09656004f0a7f544580958fb,681614850.0
edd342f84fc90478e344ea1f,607252300.0
76974826c758eec5c255c5da,630031300.0
63b09e45c1b7dca181491030,607252300.0
89952b237fda041b09f0efa1,630031300.0
219164e1d9b14cabb9bbb8ab,630031300.0
ac8aa244c21a9b86de4ed599,630031300.0
92ba222e2dd63a4453a30637,607252300.0
bfaf8b7796c8c57bb5997be7,630031300.0
dd5a565f854eaef90976c5fc,630031300.0
f8ccd21343b112d8f9e7123c,630031300.0
a90991f865ac81cdb3de201f,607252300.0
fc57fa9bbc16d1b8106c2c70,607252300.0
9ee3218bc61636cf0d7f8107,630031300.0
c00592c7c0c3a863a1bab9c3,607252300.0
f0aa18bf86a36daeb59946e8,630031300.0
e186499af986f1959f729b9b,630031300.0
18420ed4661539a2d72ff400,607252300.0
957731b9940c9131d92a22fa,630031300.0
9172caeeaf6498737fa0c6dd,630031300.0
c798ea36d2e4a8119723eae7,630031300.0
eb963f082209fc077aa72bc9,630031300.0
07b7ba964a8e30dc16d66443,975521300.0
7fe364ae771a7689d2fa5584,975521300.0
c59e06a2ed37fd750cf39976,975521300.0
ce03d8ae43a426e074ed35f5,874835300.0
b76c45ccae25a06dd5fc432e,898407800.0
f855725acc115bbbf03bacec,898407800.0
b0b0db3bbe07839bc2b600fe,975521300.0
cfc8dcf337e020b875ef1572,975521300.0
390107256faa08574d7231d2,975521300.0
fb10f3b45e865b4626f65ddf,975521300.0
75f167e2273fbecb2c81ac0e,975521300.0
a7b15424d7c025d885636a72,975521300.0
f9c11e980254045d7478f273,898407800.0
e0b13f6dc213d05133252d15,975521300.0
c12f362b9060344ad044cfb7,975521300.0
f872f224d2af413cd104f24d,975521300.0
092045750c36a8945c526a12,522876480.0
5ef33cf17d4b45277edf35a1,404025280.0
fc64387d7c3c91a6e6e876ab,647037200.0
c1168159d4e2fffdd5662757,522876480.0
cb604e3a56cc847189462004,647037200.0
9e95710c61a4706e21cf70b3,404025280.0
ab37f67a3afa274e719ecbd8,522876480.0
970cb360eb64128037be7e23,522876480.0
e42fc32db529e088f15cec8b,647037200.0
8925028d6e7a6cfce9967779,522876480.0
759e76e38d84a4188dff5446,647037200.0
83a376df2024c4c9fbf2a0ca,413219300.0
a8bb80d99280e332084b3950,455072130.0
c16ab4a11cf67a39fec6f049,403934340.0
9cd1127b1bc10db6b8ce5d4b,1075056500.0
ddfa979b1d7cdea1d7dd0a86,398597600.0
d78f7a1592c0779093150ddc,515852160.0
97ce3e0ef38ad12f7fa8c4d0,364055260.0
5c789f2834a1a69aede6316c,390668900.0
c29ec380fc7295a9a770a74b,375521380.0
5987f6171a2bcb37062ccc94,855117630.0
1e91de6194769980800b4de8,812374850.0
0a0f206f04bfb10c137388d3,782176200.0
34dd15023216e187daaf5a07,496546460.0
33d2d1db291a13affdc209bf,459758000.0
6fa5e5160d7c2bed824bc0d0,459758000.0
8c04aa7506b8c80c1bac23f5,976547000.0
e5d445e39104d9ee6b244822,635931400.0
2ca6b3016a89139ec7590f9a,635931400.0
e567e9e5862b13f0085505d4,403841150.0
edd1c4fdbef4e6beafbd39b8,403841150.0
039a9029c4341b1528ca6b46,403841150.0
fa1533051ea4145f7f710ed9,412878180.0
9c99a85c5dd878568582dd9f,412878180.0
9ec426691c80918203394ee1,462006660.0
66f58d9d1e1eb7e81cab24a2,528850300.0
0d0f8ce05ebe99dd3bb7b23b,528850300.0
6a65986cecddc5c47fbddb9e,528850300.0
a82fc744f537ddc6fbd16883,528850300.0
d4c40178c19d6cb2fcc88e48,528850300.0
4034cb3cb77e9cb39cc98fc5,528850300.0
41ae9d3d280d4eebe510606a,459553730.0
4aaf6763c105ddf2a6eddbfe,388660700.0
633a7038a23ffaf4b3f7896d,607252300.0
2a531aa9576c5f91891cc8a9,607252300.0
85d58cf85a179e167428ffa5,607252300.0
42f05e5d4862d653efda75c0,607252300.0
256a46a6d45d168169f63aab,607252300.0
4b0fba692104472b36c38c3d,607252300.0
253c85b226a15d0ec2fbbff4,607252300.0
b0bb2299d5f456f800993a11,706386600.0
47fe78f6299f757b231be10e,607252300.0
4d09ece928ffac7e7d270bd8,630031300.0
fc762d2d172737cabbdfcc75,630031300.0
2809252a96f47776d12021af,630031300.0
29eb473852b36dcfbda0c702,630031300.0
231c050bebe12f568ef92afc,445420700.0
acaf9e18bbc7295633d92e01,630031300.0
860435300909449c0443c10e,630031300.0
f967ad5e086f485c27f09990,843280900.0
678927546243e932b48d6058,975521300.0
c537ea2620b8c3a3f013c0b9,975521300.0
10037227b2a24d9a72ced322,772979500.0
1b4b3662ca18e731acc18928,1073503300.0
e6717956eeaadb3e95840256,628959100.0
ccc4457f68fcc1a416e3acf3,524484600.0
94d91969cc4b9aa1e856d801,658795300.0
2cc821cd7b5fa82b27308f87,392168770.0
f05b3779581ac0015f29571f,836038850.0
dfe09a5f848e8e819c361ac9,483889860.0
ba87ed2a657b0b042a05460e,583836200.0
f967aa89a4440cc1c44bdc54,361853120.0
81fc8d666c8735e1095d0d4a,982047900.0
fd8b9540f1e9da778d566d25,636785900.0
70baafa9789d2fcf1bc212bb,528191040.0
4911f8879e5bc9c27ac13bb1,380706700.0
ce53f3477814fdea2889cd2c,477216320.0
62f022e19ce6608919eab5f9,451244030.0
55657bb933aa2ea3083e0b90,451244030.0
808dd470aed6064f02aa5103,430353440.0
39bc028f3b42d9ea48808ad0,451244030.0
c0c01ecbb9189d77098659b8,420576800.0
57c68d470f6248d00b6719e4,828511300.0
26c66cf2f43bea00e6387326,636785900.0
b5f0dfbd34392f6855bb4b52,536329760.0
25202264e18928158b89278b,636785900.0
e93abbb49b24717d3a0767e8,636785900.0
906e1f2e1bc5cd51a55b0266,582664800.0
eef1d35ffd08dd161a36a2d1,877072450.0
35e0cac576415a4e61acec80,911626700.0
53ebe061b85f046ed12ee9c5,1016698240.0
059d77736dc72013de7767f1,543679550.0
17d7986a62e0b066e4e5530e,403841150.0
8236c798dbffb3db51d5d744,367013470.0
587e67078115103d184970be,364352580.0
7569fb4aaa9a52d6a525e3b0,443596160.0
db122cadb7a9c33f420fe246,466820030.0
e852246b7661d30dd2e1f0ab,423401920.0
f04eb16931448e87aec205fd,367013470.0
90e858d3740d4aec0fa21c12,412878180.0
65647ca6e47eb2b9ba20058d,528850300.0
d0792d22549d1b3f63baf3ad,396392130.0
76c4045b5dad9a8226e9244a,459553730.0
fac4f0bee67523194fd4312f,480367840.0
ba89ed56d156579ce288dbcc,459553730.0
adce397b6d1473b9b6d02865,607252300.0
f1a924badef699637ea8fcc2,607252300.0
3bdce823d3b96e8f0170d96d,607252300.0
439004dc23f97a878ebf371a,486025630.0
192e05cd731950f91fef1d83,1299186800.0
5110c49047db23ac3aa4ace4,630031300.0
f4f7bd9d03eecf35e9f37619,630031300.0
141dfd80a005f7b32bf70375,630031300.0
08513fe1cddb2cad74874a59,445420700.0
6b23aa3ca5edd20134811cea,445420700.0
0fcab263453a9f196468e552,660651300.0
127e08fa99afcaa339eff684,630031300.0
d2c46ef63db73ba3cb7e32a1,630031300.0
7c50c93bc9e8846345892c12,630031300.0
63698398738ebc7ccebac817,630031300.0
417e974a3f0d97e502e49800,630031300.0
6483f2fcdfbd26c621a527fb,975521300.0
3b739666f401ca6b2135652c,975521300.0
1b750e6e2e92e8222482cb46,772979500.0
dd34882ac55c57480663f7ec,790961600.0
026c6384ceba017c5f2cd66e,437429950.0
3f4272a3a4b14ce152fc3abb,408921150.0
5cccf025fcc0a7d9ea01b170,526001380.0
c8d179013c5bb6379693ef03,573540600.0
8c258d10ce32150f5fe5b712,613605800.0
eeb6fa8f820ec63aa0aaa303,707771700.0
ec8b305ddc2bc211a8a05d0c,408921150.0
5a84e6d2ab8db0fc60775d03,437429950.0
015d17895f32e2a8b616ca1b,548857900.0
6fa35f1af6d51d341a3165ae,526001380.0
17821a9cb766b0f3ecf24e83,397594560.0
23141c17df584746755dc508,357209280.0
00076c8f390d5dcccc133309,613605800.0
25488b1c8fedde6250b413ba,412738020.0
5ba6b4953759b45cb83512c7,943513340.0
8ea02baab0c59eac6584f62d,1056715100.0
b5c34f90096fc88b8ca758f2,882452160.0
35bc25d0f9de2ed4f714fc8c,528191040.0
8b0e1911b8ab8028409dc9fe,850108860.0
2ba1672e49c023258d262d1d,408131800.0
2d778563921376962d126cbb,528191040.0
bfe7c873b2fbad871327994a,528191040.0
72d0f19409c85dbe32cf6ec4,850108860.0
d406baf5cc9b4473ae9b8426,363635400.0
070912b7e5fb205918c1f4a3,348144770.0
659abd72d12756ba0670f466,489159740.0
7a464b948b65544159cd0db0,451244030.0
e89774d061d50c83b409a071,381312770.0
fd6b2efe5da2c35058333bbf,512589060.0
4577c1623c8407e95e893e63,451244030.0
21adc839dec9e8efb128abf1,498745730.0
aa843a050ebe8e4b3a04e9ef,940871600.0
0252fcaf7bcde09274d34be5,828511300.0
46d77c92811f0c87d2d4907d,1040492900.0
a8c662f906075eedb098ae5d,638966140.0
b8b46931b93b7750e0d1ada3,596604000.0
efde559422ec1dcc55abc686,731588300.0
339bc881458ca34bdcb771da,877072450.0
d7ad6527cae719481f849927,877072450.0
df3abaff81c430b4ba85d4a3,589635400.0
bfd2f20a7bfb0d865d7f7193,1459592700.0
fa3ee96e6b6ffdfd00aa335e,1416973000.0
163228979751798ded8c3fcb,615926340.0
3578144f12e13e98e8cb2480,389985470.0
7136cad475a0480044707984,505146720.0
93f5694b4854068f42ffe55b,389985470.0
51608bf64739db05c47a3bc8,505146720.0
6a01b6d09d516d67f4a2fb43,380766940.0
5f26f33bd89fa7563ac6873f,380766940.0
aba54b001154ad881dfeea6c,380766940.0
b2eb63e5da917ce649a72142,419809820.0
1427aec89ee9564b95e93cd4,453216700.0
a0087db5e9e2cdd6073021a7,419809820.0
4396f94f7f3c403c43d3ede9,442772000.0
aa703cc78a1ce659901e711b,453216700.0
0dd1bb83f0f18af30da139f4,453216700.0
37efd3e2a5b6567957c62081,453216700.0
ea47ad6335e74dea06228b16,453216700.0
8a975117ab302b77ac057823,453216700.0
ca5949c4bcf0b63e5d1be784,453216700.0
e9f3f41366d5d784c2928937,453216700.0
7a9c505db21b777203d34bf6,453216700.0
238cf9f99c4b01777a97f82d,453216700.0
385fcde12021f4bbae6ac2fa,419809820.0
d9eaec557a7a6674565db1ac,707642100.0
30b0c440c0bc8c6005855ff8,615926340.0
09feba43c0b8f3560fe09be8,615926340.0
2547bcc87b618d3d7e22dc21,598111400.0
1240a616080d6ba5459335a5,615926340.0
7cbc8fca4f84908ed4e7192a,615926340.0
151a16e94d538a7a6d658ee0,615926340.0
a8ecaa9120c6da21229cf145,615926340.0
3ca34fa833e6ba10cb4b1944,615926340.0
dca2e851b82c512f01611ade,598111400.0
3747996611a842c452865a9c,598111400.0
3528df61a44a9895248336c9,598111400.0
398a67970cee5dc873d71bbc,615926340.0
1ba2c2eedb352ef9bb59c638,615926340.0
f6f4a467f40bace72ecff598,615926340.0
b2af9047dbf58867ed0c42af,889632900.0
012b8d616667a6dcece0dfaf,936830000.0
0b117f10e699f10f97a7e7c6,936830000.0
8d5192b6208902ddf4804839,936830000.0
b86cad78da7bf06b5ac39f99,636021200.0
4cc8c95dee29e43463a8dfd9,513451140.0
76846ed8b7ab36821b848f2f,596397000.0
5428bf7f37a94ce9fb2dd435,481024320.0
b22c39c3df7d8e32cec2ba43,396742340.0
44f5380847c175a42becfcdb,1061709200.0
fae53fba5d405b2e6a3abf01,324463900.0
3b52bd5eee5ef8e3871dcb3d,1414815200.0
21eef7da02b0f2a2fd987135,451087420.0
1dd6b0ade195edae38a4a20a,451087420.0
f359afc7bb50cf6a61ac63d6,420430850.0
b0de107a8cfad95f09876eb2,876768000.0
2e8c76f4ed59cd3924f7136d,876768000.0
06a2efde5244f7d653ddfb8e,498899870.0
f72e2f6cfbd32d97bbff3ac5,493891330.0
9705748d2bb061678a80826c,876768000.0
9620068cef0622c404e15960,396742340.0
cf2e8824527989d3cd29c058,408135700.0
6e606a7c8bc632ba0ba37184,533802880.0
63fa384ea296390350f23d7f,533802880.0
4d3f5e7ecf4d361d7eb55f5e,459758000.0
e31a209077a3e47712588730,459758000.0
5f18524e839c2987594a11a9,459758000.0
def06f49a0b8230ab613db94,612939100.0
faa72370e4c7718964930805,612939100.0
983503bb75d84c410d1c5d3e,635931400.0
30f381306494ebaa760b990c,440417000.0
5e72dbafa642e4f416e6f01a,440417000.0
3d5ece38670c1c96df4cfff8,440417000.0
1bd6861d451d128c8bdb72e4,635931400.0
072a6f084d31a5a4be4060dc,635931400.0
4d8deb43d663fb079262708f,635931400.0
f00b8eac1812a500d7a732ff,635931400.0
77a62d5e2c89da24f66a2118,635931400.0
961886897eda4b0ce54d1d82,635931400.0
6f6c83ff891e43b7c84728e0,984656830.0
ca8c85e8100f64416146368e,984656830.0
24297f4a3e14c24c941e7720,984656830.0
98d7f0935f021acf313630a5,984656830.0
a362533eea6c235049bf3359,636564860.0
2ddda0ae748b38a6258f660c,1147333400.0
b18107a422b9eb6da9fb692f,768343360.0
11cd643195dbe5dd4567b62a,876768000.0
c9ee7f0666429c0c15c37499,332158340.0
c386d1ac4fa8dcec4cbf9788,451087420.0
21e0bc9789139640ea33ed09,1068335500.0
cacb91ac1b835d62422b8a8e,793468400.0
bc41e69def6bc7490800c4a4,353378460.0
7a13669d2d7ed2e50b80b4d8,396742340.0
08dbbd8d672fd09463c061a5,420430850.0
cb93b0d5e9a26628b0462b14,453868960.0
d6a43f209f810455fa41dfd6,593329000.0
ed5dfe95f82f4c087af07045,1038855000.0
02060d2f56e979a61427f806,560900350.0
88ffa9f0bc3f6c9f2e589a75,1245570700.0
b48093abeaa178d1f7fbd83b,636564860.0
b42734770dacb7e580a6d742,615676160.0
d3aa845e96d22f31a3656aa1,396742340.0
becc3ae7a71d597bcb16d261,636564860.0
8dcfc24742ba669335a2d65f,636564860.0
45e2411d38589a2d85774c5f,636564860.0
9761b0f43949eb5307472ba2,636564860.0
e07035cb49625760c7da85d1,513451140.0
f88bb9c5a471504c13d3616c,396742340.0
4bb5265c6e63449e5fbaa270,799853400.0
ac73b8700744cb7835f328cd,636564860.0
a632ececd6a023aae8a7b730,513451140.0
858288683063dea9d5c57420,513451140.0
d04f549fdf8f34bab19a171c,396742340.0
6ed5fa8f114431d158d35f43,513451140.0
f849dfccaa8163d24ed935e2,799853400.0
bfde6e7200fc27e6e6f1497e,636564860.0
59c11d3de7153d2605cc2273,636564860.0
33ddf4e1ed8c864e9db16887,636564860.0
00f5ba660a4fcf6ddb96220a,513451140.0
a13004b87c6d7e7bf6b75730,636564860.0
eebc02ff14b6d270746ca055,636564860.0
65ba6e178f3565a84c6ff973,636564860.0
a57f40f00f80abc7450aaf9b,636564860.0
df37b916acdce817865197ae,636564860.0
b5c074ee2e2538aeca099fc4,799853400.0
004c9da9ef1b3b5e309e475a,513451140.0
c5b47ac5c4b7476d50bd56ec,636564860.0
778ec765417db9ee48d697de,513451140.0
b287339babba162e290d0fb0,513451140.0
4d35e00e86a9d508d82ea90a,396742340.0
0dc2a023fb6c5e0b92d86ae2,636564860.0
5787d7c671378e596edfb58c,636564860.0
8595b5517cb3f1ff8094d67c,513451140.0
f4d53276bdb5899c6f059c67,636564860.0
9562ef63320854bc6f94b5a4,402539940.0
c04e72fb6244d9a9b28322b8,756151500.0
3d141576443a97b0202c9672,1051068600.0
7caa4bad394586a46dfad854,658795300.0
8420bb74fadc0c8853cda025,388922500.0
b274adb68a37458cc5181fe2,607789950.0
8561bc940a91f029147430f1,855117630.0
258a968e403e747af5693a3a,1048649660.0
0de34892fee879f449facb19,524484600.0
9634cfebe7e6b095f0065ee7,966564500.0
1f3544c9f47bc00fcdf59d74,358933100.0
e3077f6e47d130106e7165c9,606296300.0
f0ce47907c3c30b6b5e990b1,865854500.0
1432cf7de2beb14fc7603ae7,856328700.0
60f0df18cb4324ce5f4bf650,756151500.0
7c1dc421f5a689aea5babe4c,535492600.0
020dfae44183c65b708727c7,535492600.0
92a9c07259efc617e7d58f9c,535492600.0
18531c57f6dca78763d360bf,535492600.0
dacd62440872b6e94ea56fab,409427650.0
b607bd072e8293d6594f3829,639467200.0
eb86c1da60250e5559fc3cfe,535492600.0
fae649fc7256b9a3ec036583,535492600.0
b7fa81aa571906a93e9b6cba,639467200.0
0823be832fff81b3f1291859,354882700.0
fca3a0fe5db369235960d285,461213380.0
496fd5c93b2a578d970ed55f,425825920.0
9c63c6c27c74c03f071385e2,461213380.0
6ebe90f7140b738b3696f086,366912000.0
7110d6374f3fc282e4f4bdb0,425825920.0
d33994c75d98941acffeeb90,971167740.0
b8e8d84450f5e0bc8a721c94,639467200.0
cba57e3b393b3e392c7431fb,639467200.0
fc2ceba651bc629e7f690849,775484000.0
857761b5fc5c7d101cb765b6,614879300.0
55f67dd7302b68477e803399,614879300.0
19f538269846412f3e150a4a,673673800.0
75e0fa8e5c83c49d3a0dea48,861973950.0
fcdbfb9e15352cf210cce7cd,961983040.0
c2b91ce4b1bc8c576a0ce1c8,961983040.0
73eaff92528288fdbcd61e2a,961983040.0
f6544a1c169aafe6c8142907,878783800.0
cba9aead5bad82b31da51e6e,1115577200.0
b239bdcbfae846bf74791728,631151040.0
3b823e81c5378ee3c977e863,419809820.0
1b4db5fcd1f92d3aadd5c28f,598111400.0
b50a6b85399ea2c6b5c33405,442772000.0
1e6176a558f301d81bb050f8,936830000.0
8bcc1b035ea93a5192256b37,598111400.0
71a3f0980cdfea0ebb869935,453216700.0
8cd0345dfac13ab380240b0d,419809820.0
e66b2c71519ef8756db69b97,419809820.0
c843044c1fb30819300448d9,419809820.0
4ae10e7fec364242c88e511b,453216700.0
c9e92b994e48df83dcf9976b,1284869100.0
27f41f09ccf8d182c79cd48a,936830000.0
d8a7c0b01bb545c414e12a23,1130002600.0
f3e2fddf1dbb400788a5517d,442772000.0
89a066b7d6a31dd066fa0d32,598111400.0
c245bfa6587eeb55227c8a4d,419809820.0
500d7c5346ca11ba934e7ca5,615926340.0
536fa59adc007df763949045,936830000.0
223813dc0188fc229b63e8f3,936830000.0
7c972ecb7b90537b1da0deba,419809820.0
98d8411005ac05d77cb12516,598111400.0
d12c08cf48be75014a149873,615926340.0
955544a0bc2eff312e965c2e,936830000.0
20488db7a62f765ac8da0a2c,615926340.0
3f370094239ab6fc817e9ec0,1130002600.0
ff54bb34225682d25c551178,615926340.0
d0c7294b2184d0b4d0e2fa07,1130002600.0
104e960974eee31e7e0eac6b,936830000.0
0d477acd9c95e9ec63839a53,442772000.0
6d255e0026d70dd44229a2f7,598111400.0
926cdc0242544bbc850520ff,348236400.0
e75a05dc0018f29517948ea1,382901570.0
dc40c56571cbee9c2b7770f0,505146720.0
2f76a2b53e091df35a125b13,433833820.0
a4a49182c79c72854732594a,615926340.0
50287f73d47b4cc4c2e1840f,615926340.0
5efca36c25884a2822bb7a81,442772000.0
4347bf26ecd61ebc7a16b4a3,615926340.0
7c979648ab3729b2c0cd2106,615926340.0
f40acdcf5cb9925c09c9df7a,635931400.0
6ff3eaf8b5a2f16efddde1cc,533802880.0
d35596846155e74d1a637d7c,533802880.0
a389a1ca097a820fd9af9d15,635931400.0
ef450748c440c4958e5db54d,533802880.0
02779b92b2f9bafde0c75c11,635931400.0
77e5e0b64140fa00b0227a3b,533802880.0
eb55b0778607da932c3b311f,533802880.0
9fa391febd5d0a8e4c6ecb8f,395965200.0
6270356f1cc3dff186d0ff4e,440417000.0
ea7d5c601c3f8c86ca8f15e1,424482240.0
072efeafd082025bbc5a25e5,424482240.0
d8bb6151d30573c7595ee7c0,440417000.0
f26c43f2304c8c694c818a9b,459758000.0
14ea4a7c57d830eba13638b1,635931400.0
c1ac42dad98d2f23dcbf140d,612939100.0
aa6af44635b5d51da4b02059,635931400.0
291a4ea1a695347e1901bd4b,635931400.0
024d2e34a561efaf4811c17a,612939100.0
e5a40a555d11d4429b9675c3,635931400.0
3a10398b72905bd710ffe9e1,714082400.0
340d1313fc2dc8e5b6918262,827293760.0
699bf5460c63a4d0e4542ade,984656830.0
e98bb3a89bcec8650e33e730,397594560.0
5de86bddd492f76596b17a0d,548857900.0
95dae083200a9e43a5aaf210,1127993300.0
23fe512fcb21a0b84781a318,430176200.0
a9dd62f527cb0dbfa51aeb7f,526001380.0
8964dbb5b0cbfe509613a63f,526001380.0
f75009356c700f7da7106cc7,468790180.0
6f502f363fb55811478e3b88,459774700.0
a48f29071cf207b27ddb03da,613605800.0
b46bbf66cc82a4345c5da177,613605800.0
a460aea3370926825b0dbc13,693374300.0
7a21a8d99a85171334695004,582809300.0
279f6f594d3f8ca8e8a5e2d5,1235293200.0
bc3c509022e3f6104cba5203,1150952100.0
654d2a3a0e02065560ba2484,393965100.0
02a2ebb6eca5772e3526d78b,515269060.0
d4646b7f4dbebf9785963cfc,515269060.0
68fabddb27fc928b57efcfea,515269060.0
53688de79b052b3185fa9435,450135970.0
bb962a9e3861b06ae1daf833,557858560.0
d80c5f0b8ba55e7cf105d282,557858560.0
ed88c773fa9ae8bb29645fbf,623668300.0
0c3af9e0e9c80a68acebd041,623668300.0
0faec12daf0493a512b2fa0c,1052812160.0
1807debb0a0b590b9ba4ebcc,647037200.0
20a2a0dfc963fb8a355e704b,647037200.0
a2c033f497e62ea10ff8ba3d,781266600.0
985e40843a30150e6892e4f9,647037200.0
2ba0807f8cbdac389424ae04,647037200.0
9a565e7220cbc3d5d340e8d7,647037200.0
33598222854631e92fb72baa,647037200.0
03fb5bfbc1895115a04e8116,522876480.0
5045ba9a65b4bce4fd305f82,647037200.0
277f6440854cb0c98728e685,647037200.0
12c7037cfa63de49e984a789,647037200.0
ed9976e922a774cafb601f5e,404025280.0
ccc70d1d8e4411331730bd7d,522876480.0
30d38a7bab2eaaef1ff6be0d,647037200.0
31a6c440ca9eb29acc0f1086,647037200.0
7a82ce4b2dcd2b43485f5047,647037200.0
a74be48ad396ae4aa33ffed6,781266600.0
4ea46b833575642ecb2ed1cf,374574240.0
b780a0ec18c61b0760df9433,455072130.0
b83a5c303a2b079585b9b94f,425006370.0
a3c45875c0834b144f834798,424415840.0
c3ae3f44bbae215f7f2fad9b,455072130.0
5d54a0a596d49d9f85f1b5e8,532232160.0
355d1fb69bcb4e8e8ed9ba1a,572037300.0
cd791a46ed616911ae7d4fbd,850227200.0
d2d2f335839ed35571b19bb1,926662900.0
0823b0dc92805ab05d3f8650,1024897100.0
f92f4d135119fa88994929ec,1127823500.0
401f0de98764e9fdd4055406,408131800.0
68a7d01e50462f7506f8c8d7,408131800.0
e4434407771070783b97c014,408131800.0
7e1153d411af129357ae5c10,408131800.0
f409c701e200046f574f4e06,528191040.0
30a8b9c197bc42f088d0b873,528191040.0
d5abd56b5a8ab8c2f61a07f3,615889900.0
805a27aeafb3ca91cac56d14,636785900.0
1ee04111d277e8758f740139,636785900.0
b9de7d7b9a8ef7c64e5f6bdf,636785900.0
5a12a15af3c0585d81ba8f5a,636785900.0
abb63383766a9853c1091c5a,636785900.0
1f95c205d5094c674f6e45a5,636785900.0
4911a6285f548dd30c8061e3,636785900.0
0b9730cff49bcaeb4d703c06,850108860.0
f033750cb9db15e886b156ce,850108860.0
fc7e93bffb7fbbdebebfaa2c,850108860.0
4f500afb7f7bb42189820a18,798490600.0
3921d7b508fa1591d40802d4,398672900.0
caddb9dce27a7e8012478da5,408466700.0
4eeafa126ac5f301cf60f9ff,451244030.0
59afb00a84b4f2a9ffbf71c6,636785900.0
7baa3608aad1fbf357d789a6,680306940.0
a5b8869e9cd3d0cc32a0b298,1046409860.0
d084dce4ab9c4008ffa3bbc4,874665150.0
e3ff13537ffb7172336ab5c0,817544770.0
1bc2ae31ed1970ba52b1ff60,1407016400.0
eac7136b26bccb3c5d2b6202,630031300.0
073fccba71b28afd815be434,528850300.0
9b1c23d616e9407fff6553d6,403841150.0
4122eca7b73c1347a7814a70,528850300.0
cece8267e60c2461d6c409a2,630031300.0
ba4e89128058d5564987dfc5,403841150.0
69843aedb25a928097a22a89,367013470.0
a45863121bdec787e119b14c,367013470.0
02e8811bff38125bcf8e1a6d,367013470.0
d709a76487a49bf257489c0b,367013470.0
46c42803286c800351fe633b,412878180.0
2ae3ae7f794d558ec119287d,1055218600.0
76991a35e9c1b69e1616659d,459553730.0
3de5d35f742cb4eb68d5f314,445420700.0
a53c748935206f61751dec1f,459553730.0
ddaf8a1e5e6922cc3dee5caa,412878180.0
841fed959f036a03697868e8,412878180.0
ebe1b5c9471f3441a388f7ac,534287740.0
f0f9bedbcb57383511805d17,630031300.0
f9402b785deedebd3ddbce6e,607252300.0
d1f92e6b18faf07ab70ca1ae,607252300.0
6e794276348acc39751eaf47,630031300.0
4b04e0296820d04421db5219,607252300.0
ea0ca17e989ec57a480aa464,630031300.0
cc6fcb8ea6556f676c13a76e,607252300.0
2778de5e56ad7ece898249e9,630031300.0
9f0bdae4f8609ec93588de3c,681614850.0
90dcc3f9428a4e7cc396a15b,607252300.0
2d7bf0032580e6b6dd1ce36b,707457200.0
c45d86d17d1d0519b455b7d4,607252300.0
4c7e7cfb286d82aa96356fb5,874835300.0
edc204c3e18368e0a9eab593,975521300.0
e789e801fb5d4501b5d64e2d,975521300.0
3997c10ceccd2f8c8e43cda0,975521300.0
580d8eee8dc4b7d43cb193c7,975521300.0
c823e3fcfbf0c43bf2d82586,975521300.0
30677852542c78698083d4f3,797481540.0
8fc78c514a2f1cdbc5ae6e1b,1187197400.0
73c618d704a2e1ac2bc41954,636564860.0
4ba85374c1d1f1d3f4632ca1,348806100.0
9a471715e4c4865b822a6b77,373929660.0
4e9f1e21c855f1166428fbdd,420412380.0
f11137d27a5d7fa57f94e97f,730451900.0
5fe5f3c5919c0ebd57ec8e36,448801180.0
e40742774df7d2b614f32de6,356477600.0
24b28522c72f7fc359f2a718,570388900.0
26ff1e1f4a6f6bda702fdabe,410586620.0
9e617d1fd8a4f33d7b66098a,989004740.0
3b4e889562e4078f8f369172,403841150.0
3a50d40f15b1cf5bfb338092,528850300.0
cb2188cb8e534973ea3411a5,367013470.0
fa57f96bc6affd285d10c4f9,358857120.0
c0ea6c76eb977d83c163fd7a,438069540.0
367cd12d7f4aa93124047eb9,459553730.0
54952b5f463c64c605576601,445420700.0
57eaaaf24cf82d885f0f1dff,459553730.0
f2ba4a7a0765c3ce737b5c81,459553730.0
5282c3c48495dc31359e70c6,422677340.0
552b01d72edb192663998c4b,630031300.0
5f3a1ab21669ad9234d4dc63,607252300.0
68f431548c330f84c46174f6,630031300.0
048051ce9bf8f6a48e9451fd,630031300.0
fa4028ad48fb2082d167989d,630031300.0
5b1902dd7768f5144ae7704c,607252300.0
be0a8f4be774eeaa42fe460d,630031300.0
16263617308958055850aef9,669458370.0
729f5fab1578f8cae4fca8f9,922779140.0
bddb9388922dd56737d8847b,874835300.0
9847a4ab995b7b1c30196704,975521300.0
d19937a773269962c7f9e8a3,975521300.0
b3c8714dcaf5322475ce2c60,975521300.0
875126e5776dabde40e29b09,975521300.0
3a36f59d7c0e6c4eb85ca0cd,957153100.0
630f00e15cbd7826475d1509,1030768600.0
434782c3d1dc2b9ce7bcbbd9,550231040.0
a470bd174fc7587dc1449c89,1369169000.0
99c6f87ac92cc323c8caa005,767403140.0
ac9ae945fe25a46184057606,1187197400.0
15d910dd93e0aec22ccc2083,1103678700.0
6e1a9c8457d3ac6a57598052,557858560.0
14e179618d1a44c5c55e23e6,352427360.0
2b8b979cf1952fcedc63ca9e,393965100.0
7cfc3061c0b2f3bd48375ab9,515269060.0
7200e3ba2013876cdbbde972,876609150.0
9ddc1924043ee8361201b39d,1020181200.0
f22d6cc8c9611a7c23fa8969,515269060.0
b7c0a0a4f5c5b986a70ff249,515269060.0
adf176b63ea23e08d252b5ea,1202390500.0
77069fb9fac6b61aa6a89ae3,623668300.0
7f0f27f6d30c743acb3e867f,709450400.0
7e299fd8c2d53ff1cf95aee3,623668300.0
f309733881a4f89d9c8a8958,623668300.0
0f937643c067371018c8deee,1032007940.0
8e35609c1265ddf59e1c015c,771898100.0
c1ba606f32ce0337cbccc2b1,636564860.0
15f02dd18da12f4d7b0ac2ab,508986300.0
bcbe8ed608f233d5ed7362c1,705541060.0
14611fccccfa2a6499b2acef,425825920.0
b10b428245022d55db248b72,366864400.0
13e6c5cde1004803fed93cfc,425825920.0
ba31c38eada33f680d44627a,639467200.0
3786daeec4a4fb40ef07d8e5,614879300.0
7736ac030d8b587f44f7898b,454879500.0
98f89d21e5dbe53f8704e745,961983040.0
981fcb79db3881259eb303bb,366864400.0
08bb88dabf0070f72a801a4b,961983040.0
32d56542ab5486bdaf4466fc,1031053700.0
c0f911fe7ee2113ec59cb5f8,614879300.0
3adadd50e603746e5e4fc082,639467200.0
d117e9672b3ea0435e7a894d,366864400.0
020473766363019ee40d6685,614879300.0
b04d16faf40ee02eda59a9af,366864400.0
bd6f3819a1c0e551598fb9c7,461213380.0
5520cf373444931ed8630635,461213380.0
40355fef059659469e16e3ec,461213380.0
deb844a2812586991b3022f4,614879300.0
ac0b895f523b53b4abd013dd,614879300.0
ac208e250f5ae3e5e1008351,461213380.0
0064cd1c55914cc8370a096f,570152900.0
165fab7a9f8dd404cf4e9d9a,366864400.0
df3eca0f59974a812b4ea9b4,673673800.0
1b7c062b606d0560e850a2e6,366864400.0
87ddb3a17b601cf7c61e8c07,461213380.0
837cb6389640f3919bc73e9b,614879300.0
77bab76414ecb20888cef7a1,961983040.0
a9268ef5b7133cf6ed1a376a,961983040.0
cf7cbedea50333cd2dfb0e30,639467200.0
b0cfed2d25a5d78c96d39d20,639467200.0
ec0c283eeb8db461c20af1d6,614879300.0
27c3b7ba2991e7bc0c9fc322,461213380.0
0332c7ec0d3e547ec6d61664,614879300.0
e58b92216ee6438a921ee0d4,614879300.0
f7959842378c94c9f620f561,425825920.0
cd0236af88ded6bc15b49eb2,454879500.0
d40e0c2222c0debe89735e88,425825920.0
2bc9bbe0f0216ed9d865a85a,454879500.0
e9bbc31499ca187c6a492175,614879300.0
f2409d037bc8b3e63ca69fd7,961983040.0
5ad71b7cfd356a75021174ab,366864400.0
67dec8c47ad4de9605d56db7,461213380.0
c6d679cc07ce4373197748a8,639467200.0
a36ff3637b7d2b1c52999ea8,673673800.0
3a384d68b7ddab45e01b6e99,614879300.0
42d34ca2252acaf6e777d23b,1160375300.0
c4b2a42a8908cc35e649fb16,639467200.0
18c38418824075acaad8f960,461213380.0
85bb6775065df76bda33f738,614879300.0
14cee0bdd9dd5537b96d0786,614879300.0
ab332133aca64315672a7192,639467200.0
d53b60b0f2c65918153ca2e5,349818180.0
ed1f81648083d4d2726710ac,409427650.0
b6692a933facd74b4b11569e,349818180.0
90e00fc58569167c00fae7d0,349818180.0
8a514fffdec277cd46c7cc71,400599840.0
7f0b4b5851c77d78805320c5,349818180.0
fed1a608e3c0f2b79cd02ebb,349818180.0
075a5474294e25da55373a09,349818180.0
8826b9e008064cea38855d35,349818180.0
660eb3b40b2bcd07df8f5c3f,400599840.0
d55cdfba22aae78b6fab5491,349818180.0
ea6e83dbade169818975e5b3,476375100.0
dcac44d3f8024c6ea1632432,476375100.0
2772adb268cffadfb2917c2f,476375100.0
3192bb7190b9130c4e67be4e,535492600.0
9d892f73b02f001c2f715607,476375100.0
c27d72aa1fc5d37f4cc105eb,476375100.0
6c0ac32bc8a66844197c5fb4,476375100.0
52338f4f7c8af6c649106a96,476375100.0
356815b8ffc300fe03073b7a,535492600.0
22c780d56cb97fc34f29e9cb,476375100.0
806907598158861a6958388c,476375100.0
449cddc4dc3ef1e93b7f7c26,476375100.0
b225270821758e45cdead76d,476375100.0
e07bc486c6f5541e4788f83b,641341000.0
970c0d4928a9292748c0fd00,639467200.0
f73f720abdfe4b5adfa2bcda,454879500.0
48d3b0ef6e5f999bb90fbfc1,454879500.0
b3ec2f8af6e9adce047536b8,961983040.0
0e1c66f843e06f14d7264864,639467200.0
91c4f018fc7939d150593935,961983040.0
102434eee07ed18268857a9d,639467200.0
a4c70eae507d630c2f285eb5,639467200.0
45abee1de734dc32936d0b1d,454879500.0
82bdf442e186baa829e06da1,454879500.0
019cd320e02a64ba3ba9a37d,639467200.0
ba1b3c8ac8afafef56233c84,639467200.0
3c3a0f57e030472879f454d8,454879500.0
d520e90e7d0c44a6b8852e5b,454879500.0
38328747d2e1e0e568c05523,454879500.0
659e9ad0f593b644071cd850,454879500.0
3e6645f2cd377ba17ae2e46e,454879500.0
307eb683db84db535106c445,639467200.0
26c8961848e3a77d98049638,454879500.0
52373e15e9dc1ad371a0c090,454879500.0
e5b2a446c12222efc187e02e,639467200.0
156f706d1d30de19f7e369ea,639467200.0
aa94d2ad36bc0e91bf561be5,961983040.0
8ab41842b8e41b89d8670ecb,454879500.0
b19ab02a8e22f3e88a26031b,639467200.0
a6b1ca7a4e91c4c0f4366984,639467200.0
a277d5e8216fdc3d7c93eb2b,639467200.0
f939b7271c4d399a5e647f8f,639467200.0
941392f9a135909273422dec,774744800.0
e07d8e9e38e309958288a516,774744800.0
258f10f742fcc835d53063cf,786492100.0
fb672b4cb1b66f2022f36a40,786492100.0
ce9dbb6d009cbdbe654edcfc,936928260.0
22e524f1fab17d5b8616d741,936928260.0
7f0d874df9235245f47b04c3,786492100.0
27a8a052b815998c771a1f55,936928260.0
b80593fba07e21f8bdbc352e,936928260.0
d18d990404e7fd07424f5a77,515269060.0
033599f7e7ecd8d9c8cfba46,515269060.0
51cf2fa527c3db62914169b7,515269060.0
2b2fa2ed0055a19859e78446,623668300.0
a8e1adbf076dd737c079129c,623668300.0
adf948af7b24f9b6f29610cd,365757700.0
23473bcde48f634641769e22,362273000.0
c90486bba327ede32dec60a6,524810800.0
d254d88ea0989a609b71fb72,441423680.0
2373c595d24a7b862b518ec5,557858560.0
ec401de1c0ab2dbc149da048,515269060.0
17c0a8fd3a2c8b5b18d61e4b,446529100.0
1a1016e7a96da2237b391be5,635199200.0
c5b40b510bf7f121c93a2332,793410900.0
aca37e216a27b4dd5337df99,1078873100.0
96f59167d17d1c99f31be997,740132900.0
062b36cb4a87cec372f9f91d,623668300.0
0466a7e06b152c1860d44334,623668300.0
f44726680d0c594a2d430bbb,782616400.0
8aac8946e7ae5725971c5557,782616400.0
e1aa6c46135f4d1aa1b7a1f4,639467200.0
fdbe5801070756d1744211cc,535492600.0
6ec4c88b8d3a16148e2e7348,639467200.0
57c87ce038e4e523b4ec189b,639467200.0
9bd500fb24eebd53d8262b62,639467200.0
85a86e01443aba593f95dae4,535492600.0
13e2ec0a12c8a48a753b85ef,366864400.0
b93dc01af5f49e6dcfb7a547,366864400.0
71a42155184509caba01a1dc,364294200.0
25fb1c0c4aace859265de172,454879500.0
6f63e4f866bda86d5c993c8d,425825920.0
72bc42a5c73e7b1f9d54c835,454879500.0
c06f36b42021a1512cb6e3bb,371681950.0
f1a7fa5dc1996591ff97a34e,461213380.0
6128a8deb1f0bfbbf0d67769,454879500.0
b5254c6c29b4f6984d328216,461213380.0
6cb19c3e491a60bb2c166669,454879500.0
dda4ee9f3811c29e2b261a5c,454879500.0
7a564ce9a4ed3d2b8fbb1103,454879500.0
63b982fab95cd17211a4a58d,454879500.0
5272c50f1d8fded01f7fb0e0,454879500.0
02b47e60ab77588aff6cb433,425825920.0
ddcc7f7a087aa5f4797a8a5d,366912000.0
77a887ca508d924ad5203194,614879300.0
b57ab7afef2b8aee016ce6a0,614879300.0
640a801d503d85835eb65a42,614879300.0
767ff947b16b2271f516c28d,639467200.0
1dbb46a250f504e9c8673bed,639467200.0
fd6e9c9ed7679485dfd0b022,861111300.0
7dc4f9de14c2924b229ca0a3,614879300.0
3064379f468404110d594c87,614879300.0
6005ebd6442c62f8becdd2f5,639467200.0
b62e960eebdf95c2eaaaf9f3,639467200.0
7b0258f1aaee97661c34de64,614879300.0
91e2f9f7d4ed776d38a3274f,614879300.0
d505277049a254f960e114ef,716342850.0
32040dd7b8edfbe331773288,897349440.0
70e427235490d7d9c9239676,614879300.0
1a2aa38b8e18fd7ed5be77ff,1077793300.0
4883f7ce7086ba9c8ddd4315,611776960.0
4116cde03803e63a3e87e847,639467200.0
d6de5d741702387dc3f4481f,639467200.0
2346533f4712f3bbd036d85b,971167740.0
f6a12c0f02fcff1be042ed0e,775484000.0
eba3cb8156e0115bd7dfb525,961983040.0
ff27ae490bf03513b6bb386f,961983040.0
e87779bf2f8af86fc4ae9583,348144770.0
4a809b3987cff0290c1df8fc,324181220.0
8f4241a17d1211687bf232c4,528191040.0
bd8c1ff6f9919ec6f1dccda9,528191040.0
081e008e772c6a79b809a87b,702841340.0
0eff08cf4bc42dd442a70231,606254700.0
b4e084d14962cc58d4089955,724850400.0
d02c3b5ac6fa0ed6db06e490,1139273700.0
e8abf103cbe9fecbdd758516,724850400.0
05308c4f3d0e0887e4a68a92,635291300.0
256a6ba3ff423a899229f154,514043970.0
097314d920292b46eab5dbc1,500111740.0
4ce0fcf14266d144c82f8d4b,503469200.0
548791b5faf236b1c03b7523,636785900.0
40ef1682158d0c3cd07f484b,1072383900.0
7b473504c85e9cb576f951e2,636785900.0
730c7382d76a07904f559b28,404914780.0
e05598d3c49f409b937ff2a1,524484600.0
844dc89fe6588acccf0c7536,404914780.0
ad1492590bf61d2cc83b493c,658795300.0
88fce3ad9b8a965dc11336cf,400686200.0
b76d853ea415967415ace0d7,658795300.0
c12c81b3eb12bb329466e88a,658795300.0
4e27458d179a469435d02ff4,469719200.0
8d15b4bb1447eba7a680ef47,445420700.0
482c7150c7555cb35558398c,630031300.0
e5d6be06fd53d317c8e5c7c0,459553730.0
f798e7105aa8aa66750a2c85,630031300.0
eb24e0a0ebfbe16eba466280,630031300.0
618dede0dbd48df4fe610af1,630031300.0
6fd936b82bcfd3cd2451bdfa,459553730.0
adbb5c4ba7be2903799a51b2,630031300.0
3a99197868ce338c738a3b20,607252300.0
d4c45f35f214fc226ec85b36,630031300.0
c3140ab2134de662162af508,354211170.0
0fe23ccd8e42605f4d9f78a7,325996100.0
8816e8101ddc4e704053e23c,1055218600.0
64ecb100d7882ddec6bafbcb,528850300.0
9151a8c65e1f01ce591c595d,826410600.0
c8a40314be3014c2a218f5bd,528850300.0
29bd4cbe11f44759e07487fd,528850300.0
72ddab9ba5f24941e4dbed6b,630031300.0
1f18df9ee1b19359816ed13c,630031300.0
fb82175fad61a81e9b665fd3,630031300.0
dee2e190c4e2539124ac3ee1,630031300.0
0cc2f3a49dd703e7554ba638,630031300.0
ece0394e38b152e6c1571324,767403140.0
e14328c988a27176e9fc63af,891329600.0
a91664b9f15f9d6f262e7b2e,647442050.0
d54270fd6b09b38a978cd7b9,647442050.0
40c74dec061500aaa78f78b7,433382270.0
cbf6faf7b47b43b2a77b3654,1194727700.0
52fa1eb3cc7cc2f77ff98764,467869220.0
bae512bdd3b04405c519bf4a,647442050.0
e7fbff0a25cde72a38e7c7bb,617031600.0
d3f297fadece964afe5f1cc4,647442050.0
2679ba671751ff16e76f1807,617031600.0
8059e45ca26bfefbb18d8e40,530226940.0
9e7ee8e17b1e76965e96ef95,530226940.0
9039bc918a76e486041842d0,530226940.0
1d7912750a5e345f7edcdcbf,465347000.0
4fe0482ad622080f55a0460f,530226940.0
953fd7541735fa8d9a342642,647442050.0
0b3021c156324d1e7974ce3b,1194727700.0
b0a8e4b4ef6678e6b43865e2,647442050.0
bb47fda808b52f30364a4d6f,460538270.0
d846dbe691d0ee3ac5c3bec6,990490430.0
21932b5a5fa65d237ddb6293,460538270.0
07481a101afc1d5db45245df,650547840.0
d99c00c516cf57b6fd9e877b,398597600.0
6dbb494acdc64c03742fa730,603762100.0
35f69c7a9870ac62735d7639,603762100.0
2721f5495ef5dde16fd29cf4,603762100.0
0c068dbfdafa3429c71189af,398597600.0
f3293c4064d71f9322ca97b2,615926340.0
5eb268b95d7b6006b064f9af,615926340.0
e13a1c06ccbf814945dbc768,598111400.0
935a1e8c7e62ca9d3bff398e,598111400.0
f0c7ecd3b2261873d3664748,615926340.0
d2f20425e236285124eaebad,453216700.0
05926b977b5df59857194ec1,524725760.0
f548ef815603ec44f4629a60,936830000.0
6cd147720319f60ed2599361,615926340.0
6302477fe8172d08f3b4815f,419809820.0
b0af9b1e84a1886489d46b91,453216700.0
5f3a2a31f6d1838e0a9531fd,598111400.0
96786aff35713dc21f6bfe5f,615926340.0
68de232e27aa83405b4a19b9,1130002600.0
8d252e9b0912f09703110b81,419809820.0
f4e646df504728ee1e6ad0d8,389985470.0
e89cf4cc82c5283f3db6f5f6,389985470.0
1bc2c099466f9a989266be0d,389985470.0
bef2008b362c4af1fc3be566,389985470.0
7988f76ba063d25a4f467730,505146720.0
391a98a344e894c6397d62f3,505146720.0
5ab0b8b0d6d93c4654b5cc14,631151040.0
305d6abea2f3e496e3b6fcf4,615926340.0
f512fde4fa3f1f7fe885de83,615926340.0
c7b6e7a287602275f7854ef0,615926340.0
3d11a16b008c26fe43deca03,615926340.0
ac7f21d22d013874c362d440,615926340.0
c933750eeb53302db0245782,615926340.0
766a8ff17723a5c34324576b,615926340.0
802fe3175a2059f12d7edb99,393965100.0
508bfd077c80b6cdfc5a10e1,623668300.0
ddf8733adb641e15837bd728,515269060.0
17914fbe0c3634dae8ce9d71,515269060.0
09e4397bf9794fe24d87d07c,623668300.0
302918a3460b98acb64fafdd,450135970.0
a7e57a8be8fc8d8a844cf9f0,450135970.0
7b50b071f4d795c9b5ad7531,450135970.0
91a7bcd95c0c960e4cc22d91,450778660.0
5d4a23137173c0e2288ec418,450135970.0
751ba0c00d4fae1078c02fb9,526418880.0
e6bc998ad1d87c5be3559ab1,721651400.0
53aa9cd32e2a6aa346d3d789,721651400.0
06f22f7a8e4e78f45ae81638,557858560.0
2105c17a4e2f97183e24aa4b,623668300.0
ec13a869c212c39b6ba21b57,557858560.0
0b49dedfb53ec812962e31e7,623668300.0
69e6fbd4d3816c4cc37b265a,814865540.0
ad46f8bd482500f3bb935737,623668300.0
368f7a70a62962bf31ec9583,1034128100.0
07412230b931192771072334,592366700.0
e63d334d9ae8b672dc7b7d5c,1034128100.0
3e1c2c5b0831edf78f7b7082,592366700.0
226277c02e8532922a1c769d,828367500.0
7902ada9116a1cf7458933cc,796475200.0
b21f6e217d6733230a8eb7b7,513451140.0
09ac622c303bce9ad5514442,396742340.0
ea63bca8e3a77fe88d88fafc,446380900.0
a3c7c54fa12d5b57dd997210,387862400.0
cdadb2607807935a0a5597e1,614425600.0
8d041784b65d33c76e5245a4,636564860.0
e6807209b634455bad257998,596397000.0
b1e3f1efb232cb0976506cc2,814093500.0
dea95d98e8bff87b905f9172,876768000.0
44b6382d9195ceb3f12d4939,876768000.0
41f33deb9990562def18c917,704204700.0
0a61250b2c208d42a3077bde,636564860.0
c714b30713eb7877ed3cd92a,332158340.0
bf120b883bfaf7641eda65a9,785850300.0
90b34ed38e0f18988f11d77c,888735700.0
feade1f4b3b06fdc12ec213f,777341060.0
00bff9be2d524083e3b3149d,617562600.0
f1e38e53ddb8a9d5b641d934,886573630.0
49dbaf0bcca86f32f86e641e,613808300.0
18539b6cb6884f753e0ac18f,613808300.0
7586a79a0151387a1c0cd85a,591615900.0
d533a334c2ad9d510865fe54,591615900.0
95f7bbdcfb59b4cdb41b0394,613808300.0
4a2ae08359e1ecd39b43afbc,522876480.0
e8cf39cada5b7755f60306d1,647037200.0
0489a476b376f7f6efbc193b,409003840.0
7b31b5e53015f8116fedb0c6,647037200.0
4c0892a39011cc6a37fc1145,451759000.0
92d7d4fa9fd09075bec14a3c,647037200.0
5e5ea93675900efebecaa19a,377696450.0
084de1226de9a6f4a6075c2d,410404960.0
54f16cb9563346e15b019102,332087400.0
512a6de80962ab797ed2bf72,811427140.0
871befe27fa79fc1e1813b19,965908400.0
4e0b1df5e05ac505c701f519,455072130.0
37227e66adec69299f853e51,522876480.0
0a0e3ee960f60d04ffd6bc0a,647037200.0
82b15a5da307865c7045dd56,647037200.0
44d596fa36e3992208292ade,494754050.0
3569024b3ae4865240973e6d,613808300.0
31d3215c8345d48ce9734c65,494754050.0
147e7f5381d3c951fc446376,494754050.0
77deea164a3a622df41249f5,381962050.0
3cdee5304896e4cb9604ebe3,494754050.0
f5418917530b72c9fea14f66,613808300.0
ffcbce226963f10da8c53fd7,613808300.0
2fffe55a1584619bd7c489f6,613808300.0
3920eb3f72b96fcb58ef778a,374500670.0
d10bdbfbd411ae625dc80611,433951360.0
d61ac80c0d4737c3529f4a2e,447720480.0
f8948886cb4cb018eca25d19,433951360.0
da5bf7f1c7b2f4ad670e2382,414718720.0
f406c9c3c92e9b31310a50ec,613808300.0
171b560236ce760573a990fb,943896770.0
4d852bd93332172bfb081aff,943896770.0
2e1f7569d134a931098a2ede,943896770.0
6d8d2ba62c52445d78f687ed,445420700.0
65ae1a893abdc2eaa63d9271,1187197400.0
c9c51c39725d7df94822fb20,412878180.0
56ddb54e50deaf650a25e82c,445420700.0
aeb330dede55fb66654901fa,975521300.0
4f4e3350c429c6afc0bb0094,630031300.0
39377d0d271da03ad85c7bd1,459553730.0
bda2fcbba2b412981e708054,975521300.0
eb89d0b7914010148e6bb597,607252300.0
513d0ddf1ce44ca671675fe1,630031300.0
14cd5f188cf6d2433240b5cd,459553730.0
dbbe0b6f5eb07a5f9ec873a2,445420700.0
f9acdd3fa50068bc0180d008,412878180.0
4a85c36fb854e922936b57fa,367013470.0
937876bdc44c3b8fe063a9aa,412878180.0
001399d3861c5792ccb8b515,975521300.0
f28514aa4d6ffa36104411c7,445420700.0
3b185e3e31f7f5e6a1b3193c,528850300.0
f4c7cc4a249ae7037aa0b35e,712087200.0
b74a02ef5cc838952bb9afd4,630031300.0
75f5aff9fa70208ddd843779,630031300.0
b7273cac93fb7a0034039600,1053477060.0
b73bcc0cbfa173c9fa404369,821078100.0
3c4c18326318a7207b589dbd,404423870.0
29a230f7dde5753e65b661dd,528191040.0
c083a5c64c4d6952accd7bdc,528191040.0
1cf29f882ee8b458b8f27091,636785900.0
94c15574aacdc5c3cf5a406b,528191040.0
661f7eaf134a5b142843368c,636785900.0
14a5bf235097782f468fbf23,408131800.0
d2d46c70dc048c92c8e4f09e,636785900.0
f6faf74c3f4e02a6b333b7af,636785900.0
6dfa362ff7a0d55693793db3,852307140.0
b070e3747bcf22ed67509efc,679942400.0
7333f19416625d6f4244fe02,582664800.0
3c86651d9bbfbb335f15b544,460225660.0
9d8affa93ce4dc7c1a21b3a3,731588300.0
eb8cc67810d95d1b102410b7,680306940.0
047f94605add5f6f84fc3f90,796482800.0
56ba332c82c36f07ba6bd271,877072450.0
5814a1dd61362ded4f1d8d8d,1305003400.0
141ac7bbe9637f9e5142135c,1014640900.0
08db0ce5cd15db2404ff3d28,374500670.0
c38677ed0876b7996f596336,374500670.0
daa4d7da8d7df8efc1adc9d1,414718720.0
f15c6403c6d4e3676a607780,414718720.0
4d0cf77f8cfcada2265ac585,494754050.0
4caab3951bd6cb6dc71ac8a0,447720480.0
7cb64b94877a9361f20027cd,447720480.0
3f438d6202cfd4527bd8f983,447720480.0
b7763beef728bc2021ebb841,447720480.0
4cea8ea969dcc433fcb59d96,591615900.0
24fadbd1dec637edb728baa3,633658800.0
63cf422266e7c39a6c895b3e,613808300.0
dbaa5d47ff63125584bf7ac0,613808300.0
da12ac932dd8a2fabade4bdd,613808300.0
f35538e95b4a567f9b834034,613808300.0
6ee1e976768b68cbc8008950,433951360.0
a910019b3d18da92b4c6862f,613808300.0
a09413ca0b723170c26652a3,613808300.0
2b451da55be3683c33e4de31,613808300.0
561840990333852ace562b82,613808300.0
b6695af1ce28eb50d7a2c25d,943896770.0
9327563b40f2a0f888c68f28,1185586200.0
3438e5d77044f21743e56edc,613605800.0
63cde4fad1be942dc5ee695d,399007600.0
8e712705b7de6e791c8735de,365151940.0
85de01c0aa787152c77c6180,385146560.0
c9b0673becdedeede0209697,378481760.0
15ee6357e02b76367682d6bd,1235672600.0
5f284a75ec8e9c72abc76695,790961600.0
37e696957da15625da71146e,574367170.0
96a478c359fea0014fde607d,775615700.0
1a61721fb7306d55dd77b6ba,775615700.0
a7577260fa10bf408f1997d8,662088100.0
b3f8ffa761119a5441a44ad4,932473100.0
a5c85b445f503a56e0e2a924,933318300.0
5aac1a1d5da10b76ba4b690c,745910850.0
1420543e2eb5f38e4d38ba81,1323492600.0
a530e3ff6d7bc1abe333245d,453216700.0
aa9988248c7dedb016d8b6ae,615926340.0
fe8ab5495cae81b5478026a4,598111400.0
b463c62e3c21e339e7acb52f,598111400.0
00a5133e7373eae3f0be8f2e,419809820.0
38b424cb0e54f0f7f2745781,598111400.0
c43530f324a3ac90f53a8849,615926340.0
abf93b2418fcdac14293c9a7,453216700.0
9b1be976725ddd512cd222a8,598111400.0
9b7f17ddae12105d47fad7eb,615926340.0
3caab5e89722761d5ab2498a,419809820.0
a2f40c8227b466249d6cb659,936830000.0
e6a5007ffb7c1321d4fc21a8,505146720.0
0d50b435188b7830a6949026,505146720.0
d4bee60a74c2e2235f507ec0,615926340.0
b474103c4b637ca25b5d89e8,615926340.0
ce6ddb82d2ece3b8d58fcc63,741857200.0
28403f16831effcb75471738,366864400.0
03f518e2e5861002772345fd,366864400.0
011a6d0f12ba108ef15076b4,366864400.0
93ac0b004ca60ea56cc2bb9f,425825920.0
1b70fbd3e46da8c47c3eed61,535492600.0
cb40d6ea6a1eab77a60c1ba3,535492600.0
87c73db5d50e8ec3a22e6ccc,535492600.0
9aea45bade274e4ed91ec301,461213380.0
43c22bfa9a14df7b0126c12e,461213380.0
6d848e54ee68e6d8f23b3b1a,461213380.0
e5cd7a2aed48057b0dc8d970,461213380.0
bc4b94c892fea57ebae3eeb6,461213380.0
e7bb12e99318573a6e6ce1cf,614879300.0
4b52ebb0f0a8878def4170c9,614879300.0
3e85b447edd3b23b5a0d3b79,614879300.0
15005fe7eb24aa25b9e3cee7,487017630.0
22e00f8057294350ddf4d42a,768356600.0
ddf2583bd65f02abf7ce3280,883830000.0
704e5657734af93d19a0e5fa,639467200.0
cc1a11362066152d21d4cc60,639467200.0
12062de068acd322b610fcf1,454879500.0
e9804af0513b2f68daf182b3,454879500.0
f13d8f4b2e3114d71e5ed941,639467200.0
11bccaef3431fc17953eb81c,639467200.0
ef2b9c11f884cc5f31c26f60,961983040.0
25986c851e13c92ede6c6d6b,961983040.0
37e28ed39a51956880d211af,961983040.0
9530217ea0b5d2395adfcc9d,960825900.0
d8607e3261ef1546eb0c30f0,673673800.0
22a025ad47ba22ea9fd1a094,636785900.0
1c88ddc21f3e8e4ca633621d,376754620.0
e45ba581daff88707ad842a9,424482240.0
d7e97cc158c6c54b02fe635c,459758000.0
04bb7cdebb8b66e783058248,568925400.0
d60cf6dcb7b4b40077536604,968103230.0
85ceb648cee9f6f3d221254c,612939100.0
f58528d3ddce3bc6c71bfce9,641162400.0
c269765ece36cd93058efab9,635931400.0
919bdfeb16dd0bf67787d53e,356094340.0
ed8eacb8746dbcc3c2ef3aa9,440417000.0
15ec532ec6fb73074b9b12c9,440417000.0
58a724e8a0e05140b07539b6,771196160.0
2b7a5be93795a65d29970b02,984656830.0
6dde9af12b6597425160a47a,1092134000.0
f0ec99c13c61e89310ca9b8a,522876480.0
65c83da72c07b8e74bf581f5,522876480.0
3ecdb7a7d178b48361340ea9,522876480.0
af22669e3ed10470623fd8eb,647037200.0
748c981380925e1247b9e64e,647037200.0
78ab6cb1f62a7e781d4c4d0a,424144740.0
e80ba06329760362c7685ca5,455750530.0
3cecc0cc43ef46670a8e69bd,425006370.0
527e4b1b06637b5362c8f17d,455072130.0
cf9eb2cd0f20b13cc8816bbc,345463800.0
4b3a6baf8196a59bac8c08c0,485921820.0
9bb9864a6bcff25b17477717,455072130.0
4f7d630c921cff500705ee5a,659000200.0
7b7c0544ece4aa383fd5b4ce,508975600.0
191094739043620c72aad2a0,572037300.0
a20435d582c7646db231e7d2,580858400.0
1555743ec7e2f38904852860,443302700.0
1c7452cfc46652a60b7a4f05,797992770.0
97439d5a82f970e7f50d51b9,844214300.0
7667cd57d0bec809417c9b11,647037200.0
103f6eaf04b44c4013acf097,722747900.0
e6ef433629e193042bd30f4d,926662900.0
2ee7f959d069c9ca223115cc,926662900.0
b46625b69fba1afc154471e0,515401730.0
5cc0700421954934cd8dc445,713095600.0
066f1b68f7c053a196662fe0,524725760.0
645e1c7b799a489887086a1d,615926340.0
f426c41d6d8bc99f359f480c,453216700.0
d1be4eae680cb16d0c842606,936830000.0
57a5f4f83a474ae156f207ee,615926340.0
53eab0ecc3ff098d55666699,936830000.0
54022fa49ecd9cf290aefc89,615926340.0
545db4962e6294cc5ed07727,598111400.0
8e17bc9f09099ba3138c232a,615926340.0
3b4b303bbeece313f92cb85e,615926340.0
d0119d7bb15452c473ed28ba,615926340.0
1a36f98c62f5126c8064314c,615926340.0
96a77e8e42d676b0da3fa572,598111400.0
d7d6f668e3e40d957163276f,453216700.0
5b908b8abd8dd0862440c172,615926340.0
81716dd4aedf72a6a14392e4,505146720.0
47d252717c4bcae3e1ff19e4,778727100.0
4f0b2f7e4d787a108a4d2537,505146720.0
90a43053efa1d292af692a87,505146720.0
c3df4b9fdaa4dcb13723b5f1,615926340.0
4b905620f76873355d317dc1,623668300.0
ea16314310144a10c81da9c7,515269060.0
0e5db1a36a521a5d2912b238,515269060.0
c53c58dd7b26902f67c3becd,393965100.0
6c17875f20f58b1fb211c18f,623668300.0
200020552855ed39d1af999a,515269060.0
b44b862cbd855d46954eca5c,515269060.0
ce47299ee877638c4729f60a,515269060.0
3a28bf9841e6a9d3f1bc293a,623668300.0
3a488b9e24d9b8fc7c222e20,393965100.0
5469c33200ffa87952b356d0,515269060.0
b57174dd86ed451448dc501b,393965100.0
ebe09efa32acf6d680341840,515269060.0
33f7d5aa494288cc90d60456,623668300.0
de9a32ec454c2696cf75eb0d,393965100.0
df4400c44a166c851ff46eab,515269060.0
5dcc8f6a6854a864dcd27a87,450135970.0
bc08ce9f24533cd644ef08b8,450135970.0
2935cc0e053bf558a8b73054,450135970.0
f08001f2590d7b734467c58b,450778660.0
5a9892659590355b91442979,570516200.0
ea34dfefac91681864c2bfe1,810956740.0
ee3b5d47d05a80c07751f7a1,623668300.0
448ad01af4c5cfba3feeab26,623668300.0
bcf43ae0b4b15ae168abca97,623668300.0
8ccd326e4f515bf7e817a14a,700475200.0
94535dcf38c9c6461a73db02,422157660.0
9b3557302e940d4da341cdab,589129540.0
edf8c961862a4ff8e1e44f1a,692276100.0
6e508fb72f189a4fa91bde58,484053250.0
7d0a4771afb00cf9a38ccb81,1437087100.0
8c32b6b31d1a1d5736c4df61,889632900.0
da782fc0c8a79e3e250f0f67,505146720.0
c86e643b7f7b57b4482020ef,505146720.0
4632f1e8fc93e268ddeba07b,505146720.0
2cd372392fda500e6526695b,528850300.0
a05ef49ad8b2d6c466ac7412,613986300.0
9f50ed2b7e40847ffd877f4b,630031300.0
c00083aa30ba7d953361674f,630031300.0
50857161c59b991304f5c55c,630031300.0
3676f63aa0ab23ca7cd344b7,402365700.0
3710ec95af4702c45f165279,486025630.0
16db516a238934a730ced1e8,607252300.0
d450dd622183c7cc43a20d70,412878180.0
ba84fbef80c8a82895ec599d,1073503300.0
ee85a12b8f764bc15164dc7a,528850300.0
0038a3b703f4ec779bbcfe6b,623668300.0
aa643acab634ee591a2a43ce,526903070.0
d6438814f4ff3853bf6cdb13,799061950.0
a37522af63bbed2f4d10900e,1409334400.0
0b715ccd3b3e01444b855857,409427650.0
fbdb9caee4455e99259cf921,409427650.0
b3c02569b8fb721934f51c52,366864400.0
c07e2ef0bed4be12e41c783e,425825920.0
1b4e4016cb766bfadea42f73,425825920.0
ecf4e968c925cf8322f8a0bd,425825920.0
6cc0e6bfd30ed93fca2bb217,425825920.0
3e7f514983daa92e49a7c87a,397270100.0
97a22807207cdfb341d5c50c,461750300.0
3f9e95762d2f2056e9716039,461213380.0
255c5b92d71a00c3a73b9aa8,355209100.0
58d24ab99d74ae4c449c90ba,614879300.0
51d1df6e1f28c40dc9074b74,1411524200.0
16261339c3a99635717fcda8,639467200.0
1475cdbbac4aa486266e439f,639467200.0
2a9974fe07b1e4427e386e06,454879500.0
cf76689ebaa20c70d9db4d51,639467200.0
f9379319f992cbadc43b9189,639467200.0
62313cfe4272d263173e1ea9,725268100.0
b2c62bb0cf8d210dc4635653,961983040.0
5d2fd288d33283826210cb90,960825900.0
3454ab4ad567d2d22d990fec,603762100.0
58be66aeab226c35330d57d5,505146720.0
315ea6fbd6b3261cae7fb900,615926340.0
6930d8e260fafaa5c317dc82,362024320.0
0fa99fd0e8cebb71a3bb0871,380766940.0
fba946e4ceea37176170835b,362024320.0
b53d4d8d0bd4a0ae84fbc22e,380766940.0
8bb1a2ecc997779d1addf12c,380766940.0
6dd97377cbc262b07ea2eb99,419809820.0
5c50853824c890a5a7f0cd70,419809820.0
4c3865a97f5877090e7a9649,453216700.0
a3cb2a035f98276076f2d848,442772000.0
40d04ff9c405cccfc82ed5a5,453216700.0
22caf82aae904c79057fcb3b,453216700.0
eaf87358d89af17c3e004c21,442772000.0
9ab5ef2c5650c4bd05248990,419809820.0
d96e3063ce77ab1235e2ba26,453216700.0
665d62a8019b27bf5ce6e6b4,453216700.0
56234f11aae98489ae00a8d3,453216700.0
76a5158e1a5c1f9fae8ee882,453216700.0
d974970034de145d469d09c5,442772000.0
7b5db1e4f4f47b4bf7c827ee,419809820.0
73ff6ce99ba5dd8cfab0faed,453216700.0
e1cecc8f17883ba6e2723826,453216700.0
857870b1412b84f0f19ed751,419809820.0
d89dff35fa1944191aa9ed98,615926340.0
86b89233e0176e034ae3cb7b,615926340.0
dd3d529f3745159d9e7746b2,598111400.0
af10ec1529a63d0bc10b056d,615926340.0
a2645174e4e15c49331f576a,615926340.0
311dcf366691c44243b7b89c,615926340.0
4cbc74a93e33f7b4812e1a7c,598111400.0
6e0140e1d667cecd155c6e23,598111400.0
dba6308e2358f30b7ec33f59,615926340.0
761ba98d35074faee3594dbc,615926340.0
b961220d34be930fada80887,598111400.0
c9c3973bb37b5c688a7c0157,615926340.0
79a0bffec81b17d606a606f5,615926340.0
135f6f92c4ec95847e8840eb,615926340.0
05858b1e4445f56f22e1f4bb,615926340.0
623b7d96c0fa09e50148aa7b,615926340.0
e61e5d3288f02b904d3b1e38,615926340.0
0d173e7afc8f8babbef6ae97,615926340.0
7635a792e5002ab99ceef583,615926340.0
4da93e7126354a474d435a4a,615926340.0
a4c71322f79dbbbedab3191a,615926340.0
57ef53ecf8b709ddc05aceec,598111400.0
65c3e09ee6f1ef0500ca4316,936830000.0
74d0b6e87c2045f95fd493c4,936830000.0
4a3d0390e005fa5b4c9403f4,936830000.0
a3aac701ae444b6d91b7bb0f,936830000.0
4afa3a1b63c076123e7a5279,813502100.0
c97adfa6f5ad3e3db6b80edd,936830000.0
58cdc29143b85386c76bedbd,936830000.0
1f81176d8a0c61a7177c6c2b,936830000.0
1c2e69465c75fb3af2d57351,936830000.0
7a10ffd970cc822108ce7cf0,936830000.0
3bfccc757ef82ff2774f2db9,1130002600.0
3c753ecb3a4f8ce43077a6c1,1130002600.0
100e9e2623cb0fc52fb08813,1130002600.0
90a269d52e47c1705f9b6cf0,1130002600.0
34f4df9fce2ec05633d0cbd1,506171000.0
1e4fd826fc8693b17f6efc3b,1088611000.0
efd9d848677015f13688453b,390328500.0
07cd866c871333283ecb2d23,597395460.0
76a307d6b36b8a51115e91b2,515852160.0
080969c751cb94822aeeb755,333328640.0
1e37fb708b70b6b5e8fb5cd2,489037540.0
4e47d2c8ccf9929ad9c84544,390668900.0
3c877a0fbe08cda958ff8f46,603762100.0
ae59a0d6441697841d86cfcb,543136450.0
2fdb80ee4f9a35663e92b3b2,569345500.0
3a513410a390c75fc14b0b3b,590365760.0
0616401503f2ebc05af7ce4f,403841150.0
98b973c8597d5805f87dd074,528850300.0
7063abb555d919d5300af3aa,772979500.0
88c4b21ecffe12cb6c408a6c,607252300.0
75a4421cced1111492d00298,367013470.0
0482cd89d767b3b7de976c3a,403841150.0
bda9e5d8048acbbe5a9d49ea,403841150.0
2152ed6b2b2eaf16ec272cb6,364352580.0
9bf2e0c1bc82010e92da2540,707457200.0
110af3c21ecdf156898c7c0d,1255251200.0
2790ead3eba9370f00024472,544150600.0
9b06c7cebd33cd26cd6cc089,1448571100.0
fbb89795386c14f5088fccdc,826926200.0
e8a3d9d6134ae8d631791e52,1344260200.0
5c535b7d92e34c0fe4b66891,757787300.0
d88544e4e85add30aa795ce6,398597600.0
01b78983d268b52137e5ac1b,398597600.0
25414034e50ca33fcdcda4cf,515852160.0
2212e0125cb7f75390020951,603762100.0
a4d5ea1b907e98be72b5c49b,603762100.0
2df90c0a3e2b9138fe276a75,935094800.0
c520b7e8de3796450ce49a30,377509200.0
35114fa32397272437e67a54,345497440.0
bb5726ac16b4ade709151159,414672830.0
b4dc6733589bb35444b74c55,876146200.0
3b0b0bb06d95c5ea1aed2d95,726255100.0
fb7bd85c05cd74d945d22de0,418046340.0
6396667677a878ff61e1b536,569345500.0
47b5804ba1a998c3e7544092,569500800.0
ad4d91ed26c1fd5702b94064,669066500.0
2b802261b8bd839aa0b04b16,818160960.0
0bf9fe130da23aea7142bb7a,735800500.0
90511f2411d4a37a7224b995,598111400.0
1355fdce5b97bb36da15734e,936830000.0
775a6affce535c5a19ea5f30,615926340.0
e36d70d72c2758d7fef242df,453216700.0
2fde05df6a3aa9f57385e6a7,419809820.0
5e0100ae728e347eedce5b14,936830000.0
a636ffa140f80412f003734d,615926340.0
74746d24b9bd86e23338bcd9,615926340.0
99c539fecb3bc233288ff905,598111400.0
44760087930212643641eeb4,1130002600.0
2c5d940b5ef2276f1fac1ca5,615926340.0
b26f22f1fd5a991ecd1e07f8,442772000.0
1ffafa78622c45ea4127ce82,598111400.0
32a555016892e7a74d231545,598111400.0
8d06037db08d0754bb67da4f,524725760.0
80255211d99c72e343b32798,1081982700.0
070062cd1c769f3be9255af1,1130002600.0
0451f65828e628c2220df77f,615926340.0
d96f6225db81dbf3d1a0e9bd,380766940.0
b1527eec2e6709dc51e03f9e,615926340.0
5464fe43eded098294d634ba,598111400.0
ea37ad89fbe4159940586718,380766940.0
4057a676e7012fd37af9c3b1,348236400.0
51273a81121232e7f30cfd1e,348236400.0
3cfd9ba5c6993718c0c532ff,382901570.0
8567e677b30c410df80004c9,505146720.0
7a34bcd9f86f5036b526c3f4,433833820.0
3dda25226646e1e91f4c948d,433833820.0
a2529027db6b525e365e7be0,433833820.0
c6115d5e908e04e67915a581,505146720.0
8d0ae601094562744c8dba4f,505146720.0
55209683056fe2f9faef7fc8,433833820.0
e840095310907e82a159d683,433833820.0
278fcdbf16e3064ba42c6785,615926340.0
74af10afa02e7724eeeef108,636785900.0
b763f71e8a5bdeecf0f3f0e5,408131800.0
5472d536d1b6b731537bb67e,408131800.0
995ba6d1fd63d5160fb18e71,416133100.0
f424ca724e7df1c37ed78aa9,636785900.0
c2aa451b62293042b7244fff,528191040.0
d4ca9506161d3f4bb3ca57fa,408131800.0
799862427c1f335eadedf4e8,417702820.0
1f3b3bd08063993c23586c93,451244030.0
817422f4c278ff27a22b05d7,451244030.0
db9798a3f9ac287754f3ae01,635165300.0
7ead45d1f505649429904307,624243100.0
ac7ab254166442188c6c5c25,817544770.0
67250a8950aebdbc67f7fbfa,793743900.0
641f4319c315cbb74872b8ac,367013470.0
710b0541a025b1b6a5a80c41,358324300.0
a10f459124248ef30f290cad,528850300.0
1aac53220223d0d823e70d0f,404025280.0
9d0ae0c4dc11d8c6d94e545e,522876480.0
be685d2954b8c7337ec94942,455072130.0
e43151473292e4e98f121f63,499928600.0
e04fab3d74d14be3b8dd2c8c,462577150.0
c77509a6eb6665bb8eb07d95,647037200.0
9753470e033b35407a2eca2d,647037200.0
825f57ad0527d4abf41cffc9,744026750.0
0d8074979d302868c2534262,964198400.0
15a3e60c7a5d55243057d7df,393965100.0
6de06f867a28393a9e95c7d4,393965100.0
4d418d0079828e244dbaff5a,515269060.0
2de93fc191360ae22b0402dd,515269060.0
86792949f2e6a347208cbffd,473079200.0
6d8a0768adedcc1070d28390,515269060.0
459963742bbaadbd9db97723,833814140.0
235b10cad7233d579a966948,388380600.0
4443407341bec8b7b0af40b4,799061950.0
d7047492f4c53a0cdbde60e5,1053927230.0
5541cbe23acd6ffd4aa0d939,623668300.0
1d0853f825cc0aec6f5544cb,623668300.0
f016623361c6ccc5163e79d5,1102696100.0
d280fed64d1c23ac9d79ce20,623668300.0
7e86f11cd63ff6c8a3c12fe2,799061950.0
9d7f161ee660b1bcb54574b1,1062543900.0
a0722c5527c6d3cd5cac9477,1174640300.0
278a2cd98528eb1341a6b685,524484600.0
b755f88ff3907bbe2a417e07,795464060.0
2bb55b0a92d62454867bb158,834975940.0
960c9349b6ef9b747ebe5829,1011591600.0
2c8352c418097f82a50d9bbf,1009307800.0
47d7ba800f164f397fcafa9d,514190080.0
610061a0e67aea7d222f08cf,1082317200.0
a33de2559b5f56d1b3cfce08,445273760.0
f020fef57e9069e4dea2d71f,1360445800.0
883f095dd3f7e972d7dd3c2b,533802880.0
b0b784bfe2d3c1b3b1320613,635931400.0
1ea66dd4a72d93f5967be730,408135700.0
90b04117887941ac898a67a8,376754620.0
022357a3d48ea87d58ffb46e,376754620.0
292224fa68b0303a90063801,424482240.0
6cf924390dd3ed4454403887,424482240.0
555a293dbc104e00f182fe34,459758000.0
e13ef02a57d35f71a4fe6121,424482240.0
c82929467d22589ec62c0475,424482240.0
18a74c9a49ad381aee5e02de,459758000.0
da40d46cb91d9e59fe12e6ba,424482240.0
6320f26d77fcd56675db6b97,440417000.0
3307731f3bc518012912f1b3,440417000.0
ba94572d1e050bb92522f112,459758000.0
6e0d6bcb01e99fc4959d3f7f,424482240.0
dc3cbbb2fa00043d02958219,459758000.0
495aa774f4db66db6df30e93,459758000.0
6ba298925ffad32daae55385,440417000.0
8df5099d856c7f9de43990ab,440417000.0
93c5c5d9d1e99824178be9ff,440417000.0
ffbce3ccf241890ec95104e4,424482240.0
2c03c38782e365e68b32d6bf,459758000.0
7734421098413f27fae86fef,440417000.0
2b50969f1faab80655bb9104,459758000.0
025a98586386211b1519f9be,424482240.0
6013b8c04f7b9fbc74ef1ec4,424482240.0
11075db1cf9899c8640e1b90,424482240.0
61ba09084039a467410aeadb,459758000.0
eb2880c2433c4b2500fd40ef,459758000.0
f7f8607535159c82dbfc6c14,424482240.0
35c7a7c0ace36f4b95423c4c,459758000.0
c71123c31d02408cdaa74daa,440417000.0
dd8aa138623604829d56ac2c,424482240.0
cb94eee5ecfc75d0fd5ba6e5,424482240.0
ae6bfb4eb4770f2266e3b961,459758000.0
573ea1962372999346590c0f,641162400.0
9f7204b4bb3ffb8591e3164d,687998100.0
a4410bebf9843297fe32d63c,612939100.0
2afd9dd680803e3c12d5242b,635931400.0
a7618c242fd918ed894304b5,612939100.0
5ebc5cc2c1488f681cd119f2,635931400.0
cd53a991573ecb5c53f47986,612939100.0
75ecbc0c0e8e76bb8d734f60,635931400.0
47c2934aaa5934c68dcb9e51,635931400.0
386ad1ba1cada9649f3415c0,635931400.0
9ca0839c9c294674e86eb691,635931400.0
bdbaafd11259af6300321a89,612939100.0
2e41ceccc918145dbe7de0be,612939100.0
11df35a3fbcef34e47747e38,635931400.0
b0bcb64f2f2ba69cc712e0ae,635931400.0
bce0a4447db2d54d36661011,635931400.0
ef7ba10407cd74590ea3fff3,687998100.0
a743dc3903eaf3576046ef3d,635931400.0
b3d072ebd7908688d908d350,612939100.0
a48abdedbe3d132276dbe403,612939100.0
c6b7e739125907c86a8997d3,635931400.0
813d9415d9abca46ad4d92f0,635931400.0
c631f8920a2fd1160f6b15cc,635931400.0
16194707d4e85fe332411bd4,635931400.0
31e241881acaceb02ef915d2,635931400.0
a3f1214ea44063ad10956fca,635931400.0
ab086fddcb949e3dc0ed9b5d,635931400.0
ec4df02b32d90c019125d108,635931400.0
09eb808ca3859318d6328db8,635931400.0
f520fd12dd3ed32ba78d357b,635931400.0
0a2f7379cd1bed7d2d2d5a01,635931400.0
30652905d3eacda34ff61a9e,612939100.0
0509650d34981639b9c64a22,635931400.0
77cd6b199ee485314bc74626,612939100.0
10c836c2e566dfe9edcf3d8e,984656830.0
e109ccb29c02c9b35b789c90,984656830.0
2d60a221b478264cab9816f7,883002700.0
d34c48ffe935cec3358b2247,984656830.0
9cbed1ed72b444c22d8c1614,906821200.0
735c3aff4c151dbc32f9a76b,984656830.0
a4b6ceedaf89cff74a292ab5,984656830.0
052957f95b6e7b41bc625009,984656830.0
33a61cda27fadacce0d1aa7b,984656830.0
6c3bc8c58ce67b8bb9f5894f,984656830.0
1988513503246248b80c7f17,984656830.0
57c29184563b31f5f752c5c1,984656830.0
bc6a7d4ceee8bbff9ac5eda8,984656830.0
f1b7ae24195b4414e6d6a001,984656830.0
e7b3ec90b47c9e6009ca8a75,984656830.0
39b62c6fca161b80bc6726c4,984656830.0
55163359d7cd910861059389,990112700.0
df35908d6ae2847dfc73cf9f,990112700.0
ac822dd448e04e9f8dd1721d,1187725000.0
7e86148f53beefced6e0f3e4,647037200.0
6eff15cd6372aeaab2e665d8,522876480.0
0a1af9bb571b90233856289a,647037200.0
b3cc5930a3cb26e35a45e09a,647037200.0
0c12f73305bc7d72bdbd9789,522876480.0
ac048209de77cae737d60545,404025280.0
9239fafbffc066dff0811302,332087400.0
8e0ba427ea909cb7943929b0,401655680.0
b3c99f30b16fa80cdb4f213c,499928600.0
d1dc16c82942902c668a5c9b,601665300.0
5cfc9e48ab90da0f4e98a7ae,767553900.0
9abad9f79352ed42d1a9f099,389985470.0
dedeafb60b4a39950e7a984d,389985470.0
74cca5cd08c4bbf5d0404d74,615926340.0
b6aa1cb0187c4a1715517fca,389985470.0
e22bad460ec1bc991f14bfbc,615926340.0
594d46a91315527995cbd807,615926340.0
2c0b4c8269cbe25a4e85e049,419809820.0
1014d3a98e886e1a7358e29f,453216700.0
73d6bb3d6ae08921a6117f5d,419809820.0
de3b619a7c80549db6ab16af,442772000.0
da34d6cd832009e428d2b467,419809820.0
104722434c2deed04a901aa0,419809820.0
cee66eef685e4764b9553a02,453216700.0
58b40969f1b73182cb6d30db,453216700.0
964e9c3f87176e761484543e,697921340.0
19487167081a9b0dd09d7975,598111400.0
7d8e345c9b16d0fd69f848ea,936830000.0
7d4ba999100c8e694fd820cf,813502100.0
c6b157e7a6ca08d04ec4de4f,459553730.0
84ec2d5245cfa146dab05065,630031300.0
c844a386941b86a3d4c0312a,367013470.0
0648aae13097ac649fe714b9,630031300.0
34f220a8ee1f24bcc5790364,367013470.0
d12eda0ba04f846d73cd7acf,1187197400.0
c12904320223ddd043f39c63,402365700.0
8bce0097d22b34a804b502bb,388660700.0
ec1171cac1eee089be6f427d,374965250.0
5d85d77a06d0f0324d15d162,1255251200.0
0349908483ce628a0a5fc164,876401860.0
d74da3bb780515b1273d741c,826926200.0
64cb8fc8412c9247a5c243ce,1344260200.0
3a53919313bd750f2b1af906,1110975700.0
91d265ffaa6b407e9747b15b,889802560.0
1db1d1b76e09197dd915a8f1,1339147300.0
6645a3080e5d10779672d139,591615900.0
3ff6e77706eae698f86eec29,613808300.0
4670d21fa84e40184f03d5de,433951360.0
ee8bad3fdc93f7fb79c9cbd8,591615900.0
b624f0438025478c9f66fec2,886573630.0
37dba4927e327d3a4a0c1d36,447720480.0
8d16b1bdea35630a3b09b192,447720480.0
d54a4c353cebf18d452be515,414718720.0
c402811ade75f5e3dee73ac3,447720480.0
dd926903e87d691a0f15dba3,494754050.0
cb01687abe09df6838e1b224,494754050.0
6ad3e1a47d1055b55d14e091,494754050.0
b8d50a94e8166e471fd8282b,494754050.0
a77d82703468f2f9e8f2ea0e,613808300.0
5d2be469f69f31090769efe3,766211140.0
c4e8559ee733a551649a5dcf,694276800.0
5996fc90f923d6e8527097ae,524484600.0
32d5772adbcc785ecbc2c55f,404914780.0
5f088237d263c37e78264bba,524484600.0
799afa0396b9f268f239db51,394687870.0
bd23b1463f0936d2ced5fc67,513451140.0
8f35a5d800d98481d7a8b6a4,513451140.0
371b5ecf08973fc6e6849d14,513451140.0
fa70a55dd0e2053a1b566de1,359382460.0
584364cece0bc4d17f0e7fac,420430850.0
cd968f8973a267790a38f2f2,416158460.0
c46b122728ef4c9ae8be444f,579408830.0
4056182cbd8c12cd87ad9e84,451087420.0
6ac747618b6ca674e86cd275,422090850.0
afb02897c700dbac941ba8b1,491593440.0
198cd3f4e9be65b83f01ceea,503674750.0
c92bdf97d7f0a9a12c024406,453868960.0
e00e5934d1941490834c3145,596397000.0
5b139fdb19ff722a846d71f0,828223700.0
8b554961129384797391d1ae,828223700.0
854e27be18fb8f24fd433eb7,680070850.0
241d9f8599ce6cadac1d6609,777341060.0
b85b37ae83ef95baa03752f9,880742000.0
5b3ba9e56e24e08e1f81e220,396742340.0
58c6518f9d2d0526d31e7566,396742340.0
38a1e2050dcab9b4c70c5e83,513451140.0
da94e4a5fdebe3ae7bb1adcc,513451140.0
49fb2771ea6c1e8950cc9a57,513451140.0
f2b67c40a560af8729bc6072,513451140.0
13fc2dd1cd32d9cfa457a5b1,636564860.0
b6ebc3b8408793f5058cbb90,636564860.0
75ce506dcb994b10497e6816,799853400.0
6dbfb281abaa9a6956c080d7,324463900.0
af67a68803a18663e4b03eb1,479491800.0
a9c212f77a048ddc33ecebba,392836540.0
df89fa06e32e90b0b6c2014e,451087420.0
f20a7f264a8285a75dacdc1d,777341060.0
61a363a73f3c93aa1775c4ff,759096500.0
d8c1f7303b205fbaba2890b9,396742340.0
70962daad7cd15ee8af564fa,636564860.0
087caf4bce7b0a3fe3c47dc6,396742340.0
5d2200b04fde91f830478aa4,396742340.0
821eabfeef3dcc622fbcbfc4,374174370.0
3d722d960b860b4bee79ae2f,535134240.0
4d3d887d2236c2f897f3bbd4,565080700.0
7fcbcd9e274b75a157cf5d5e,546786940.0
88ea2d2d7cb6d641df3ad76d,876702800.0
c06088db17767866b7f4ba7d,1105323900.0
e4a9626b1107b9397d0067aa,542522500.0
82abb1fb693f34877bf1327e,1177682200.0
3279efb86571efde18eeebef,408135700.0
afca7b219d52b22522abd00c,533802880.0
7712f963ee37e91abb7342e7,533802880.0
2a2f455525c8e0bd709db91a,635931400.0
833ded72a8cc9c0d606a7a74,635931400.0
f3bf0be37be6292ba0a8736b,635931400.0
c06c8b6425e3a7c2d7481e42,376754620.0
27d4f17375f76219b446c092,376754620.0
9b7de95ec90da0dc8cff7011,424482240.0
8fdc9f203c3de5d486de7ba0,424482240.0
ebf2d540aff82f1aadf95f9b,459758000.0
51c48d17e774d6cd84f4c355,459758000.0
5c1d1ee26cbde5b766cb4ca1,440417000.0
2d26b8360f1da9a677670fcd,440417000.0
ce1b06502cb0c5d9846cff9a,440417000.0
3186cd0a3125adf3b25587aa,612939100.0
f839de5370a225ff993f5b2e,612939100.0
2900dcf3f944a7fcb33aff36,612939100.0
3f54091296f773f5a1bb240b,635931400.0
499f6f4997474415f0bd596f,635931400.0
110539d2ac34e5180e3fd95b,984656830.0
dccbc668caff517f649cadbb,883002700.0
823c9c7abf2d00140766a2bb,1187725000.0
94af5eccfe170cbe7d428184,615926340.0
dd21457e18f07d7a927c0104,410715070.0
5219cb469fff40cd9606bad9,373531900.0
5a83bd697db5076016c0671e,465347000.0
2a1edfd6cf74573521ed74a1,465347000.0
40aad45bb7a980c9c5e1884e,617031600.0
a315b497dd8e80464bf0480b,530226940.0
7095d576a0b963eb340d8fdf,467869220.0
9d6288cfead77d622f5f5b95,867322240.0
4caf356c110a50c6c94f3eab,647442050.0
23101b0002252f3d4b3e1d5e,990490430.0
8d1f7b0cfde7e496e7bfe972,460538270.0
28e572584fea1555e2a517ed,647442050.0
6666ab486afcbc162fb560c6,990490430.0
b0978c973ec3291e950185c1,990490430.0
d6cfd3ddca2a59f0b6999d77,460538270.0
a77f5c03a98636d90f50e11a,990490430.0
e6387696767d20cfa4918ca9,460538270.0
1dc0fe5bcea9d08874871326,433382270.0
ccdf0abddccb1a670f31c2f2,698680500.0
3ba769d65f02217656e0f5b5,617031600.0
628b3b56449724e7d945351b,647442050.0
b47713520859d58efa95bb06,647442050.0
e6c6625db90e519f9dcf1b23,460538270.0
3e1a1b2a518d3ca2fe3950b4,460538270.0
24849579dc9ba7fef1b24396,467869220.0
6103571d9525ded3c09668c6,433382270.0
a678e89692df9b14da9f19b2,467869220.0
47bed52dee0d311ae0016b08,647442050.0
36c0d26b83e575a500a6c30c,467869220.0
34447730b60ad12f4775894d,990490430.0
aec1778ae3b5e60cac280b79,617031600.0
d95f38f5d1293c74ac52e823,990490430.0
5dedb7b64b6ad0b514de2bfb,647442050.0
60c71a98253b5550d773a529,460538270.0
099ee1a7c91105ef46b5e7e8,617031600.0
b56533bb19eefcb244e69470,990490430.0
62f46b8989bee43db86ff589,393077150.0
4d485ae48974213b1594c905,990490430.0
c627c6287efaeb6fd9049312,433382270.0
976945e68af6a66f6fb0850d,467869220.0
93e443a5b3864d52765e6484,990490430.0
6ef9ce7a53ba3bd892e21f1b,467869220.0
6f3041147f930cd6cd4fae05,433382270.0
3917b95a3d05a5e58c117f68,410715070.0
d61ccfd4239026feb484cc93,373531900.0
b443781523fa0b5be4ad7739,530226940.0
6f0fcd78c473e4e04fd411c8,530226940.0
7f134c92e20aa9c6f084edc1,465347000.0
75075631f0fd84fb0ff49417,647442050.0
eae4243c274735d616c6b9bb,1194727700.0
25d233d2779009affadf5e91,647442050.0
1990717d8c7aa8e732bb1165,990490430.0
71b99de83d83dd970b00f07f,1194727700.0
243ab5db6e47f3536d04d312,990490430.0
61cb98125f43429f7f93c898,828511300.0
6ed772640e5a311cbfd17c31,408131800.0
d9f0b4c92bdc9476f50638ed,378925280.0
796eb5ae3ca5b63c9fbb240a,731588300.0
e6f3eee9f5048005f24f0943,680306940.0
291ff191bb029742387a72a3,641162400.0
829bde7f8716daf76f65ffab,635931400.0
110a2f124bad0f9381edce7d,786948300.0
76b719681617ff7f28d33df3,635931400.0
eaa6d58e226904e9993b3493,533802880.0
af3e3a83257eb507b96b2a1f,635931400.0
43969367322e86c68b51c2fa,408135700.0
50fe589dea73e764b7735938,376754620.0
13c9960a03a1c446aa5515cd,459758000.0
e7834f52ebad3d3cd00d069b,440417000.0
fae37ecd6046e53ea121b1c6,440417000.0
8a0d2f8860a90322d6c3b61f,459758000.0
008c7a02d158f3b17ee8e015,424482240.0
3ea6e8da2cb0bf83872dfd8c,424482240.0
9b184e58842bcb14dd42103b,459758000.0
43eeb2567c61bfbb059fcd4e,440417000.0
ac7f6087e19c2d3502368fac,424482240.0
73494d52196ef9838b1be34a,612939100.0
112d996c4c0662bd13af3ea0,612939100.0
8c3a02c9ca043cf0f322ba84,612939100.0
a757ba01a02acbdee50462b6,612939100.0
64e3401f22d18b573ff0504a,612939100.0
acd7394afcee30e084844c63,635931400.0
35255f80583ffbd504250554,612939100.0
370a0d0da794efd58cab251d,612939100.0
cdb5f8327360c750469cee74,635931400.0
dbffe8f46b3d9da2e57c97fc,612939100.0
25b1ada57fd1e5c88d939c71,612939100.0
05f79195e285c126125d258c,612939100.0
62c017eac96743cfbb61e86b,635931400.0
3ca7f183cc0b303e5d455309,883002700.0
a3dbd504524f980ac5325150,906821200.0
5703df84eef7ca9bec5bde45,883002700.0
513aa9c91c245ee4be31507c,984656830.0
d41d07d1aa700278cb81ff30,607312500.0
207e39d9cc4402edd48864d5,515269060.0
7134b03f54b10f282ac34fcd,931897000.0
6d860c215908949c4ba1c536,409427650.0
f35f884365b1bf6fb303d7b5,409427650.0
4f480aae78aa068901ee9468,409427650.0
39a12600317b58457f68b5b8,409427650.0
5f0c7a6b4f46203648a0bacc,409427650.0
d01f6c0b2b338289e9fe3768,409427650.0
613ad83abcebf6598f0079ab,535492600.0
effc32659ff9bf30faffb3db,535492600.0
73fbb3e6b22b957ba6b7557c,535492600.0
6c8c5e22025ca4f450a428c3,535492600.0
d6e333e793f75c2ab34fb127,535492600.0
b82e52830b51e823ac7187fe,535492600.0
35ed4187f732a1ea68dce712,535492600.0
0c5067ff99e15fcf99792cbf,535492600.0
0ad01fb039a198262ec59b72,535492600.0
906014f0ee3f3f4f0576d4da,535492600.0
13477d8ef90576ca84258984,535492600.0
3083a7ab1deb092f7aca6a54,535492600.0
a92ae34df90cbf8af7695ed0,641341000.0
82d22ca21e31222068e1ecba,639467200.0
11727589f7c66554e9114407,639467200.0
9982169d6f3e9ca61dacfed5,639467200.0
2de0ad9bf15232d6056285fe,639467200.0
eb6e6060b78676d13d6bda48,639467200.0
6f37300b1fefaaf746f53907,639467200.0
7698775967b96e3e7bf66e6c,639467200.0
863e5cf88a808b8ca96907ff,639467200.0
77b5c9a5f534a5b80cc16d09,639467200.0
ade0c9cf1f9106e342c69bd1,639467200.0
6fb45859693c703fd9c812c8,639467200.0
45badd183bb1a4c630174f3a,639467200.0
f66bad2cd4b09ac29f540f63,639467200.0
fa3017d74586eb4c3b5b7db9,641341000.0
f09bb33b65b5ebb8fffc3a21,639467200.0
600dc823c42aa64f60fc3ab9,639467200.0
c1d9119fa7ae7d44362f18ce,639467200.0
a1305fd943ae63715529209e,639467200.0
8d81b4681ad0055c274e7da4,639467200.0
cbb10e7618b1385cf922e815,639467200.0
b09111ea69c4be8ae120ddc3,639467200.0
099f07f9ec4ff6d835337f86,639467200.0
c70f6bd5ca138bacfdf8b5cf,639467200.0
a6c86ab7381f6c43fdd61a01,639467200.0
58c2b87098ad454b1fadb13a,639467200.0
6afff7782d129021eebee968,639467200.0
ad92f3ea52673dee0a56902a,786492100.0
3e040e87b89a043564f0d0a2,786492100.0
49d020d2056717c2108b0927,786492100.0
a4ca465294c114b1065bfead,786492100.0
ca9520c7b8432b0521b2e8dc,366864400.0
4d20f253940a4492b4f6a9f0,366864400.0
09b61cf8ff3ff09ac892d073,366864400.0
86e81141e429bd81d7f0e73d,364294200.0
b9826d7a6132b16df1bf58e1,425825920.0
a90c60e05e29b77963a11246,425825920.0
6e9984a3c3daf63fce5cd3d6,454879500.0
a9eafeeab4ba51d3644f4052,454879500.0
f74eed3a7dad1bd8d92854d0,614879300.0
5b377636fe30946fff973f3d,614879300.0
5bf6c1862c0bc967da2cc484,895801800.0
cd5111edd2fe80f56db29531,639467200.0
c76c4695ed005277a59451f4,639467200.0
7dab6cd1002a8521e5825bcc,639467200.0
5b57258272dfd1babb29e7fb,639467200.0
f68b7dfd0579838324895097,639467200.0
812646c7de863919cae5edff,639467200.0
0da10eb6093728074b34fb75,639467200.0
c64346c8b0ba32a55292e66a,1084679300.0
ad6317cbcbb8bc27b0774fca,1146071400.0
9f43c80d2fa31a09592b030b,961983040.0
5b84f5de073000ad4d4b1a04,1319464800.0
d94d18cbc812d560c1e38ffb,1160375300.0
ab3110b5dc8ce81471f69c16,1068818560.0
138a1990291ba31024455eb3,1068818560.0
646bb3de5a1cfe4bfb7a7ea7,1185832700.0
d8fde541f142e6a7f0b28099,526001380.0
ef61986cca74fe8585b1b287,468589920.0
e1d8eacecd35515eb19f9135,1168348000.0
8346d64ed6211083fd420ede,515269060.0
4340fcb9c80733260565c24b,623668300.0
ff5a27ffe7de039e65170f9e,623668300.0
ce407c1e25333d7c7eba1b0a,623668300.0
f927027bc766ae6c111fb685,352112220.0
3f9a3edf25152433969f98e9,450135970.0
987476ca395533347581b2df,450778660.0
17d0e3208fdf10c77e95bdf4,557858560.0
b485036419de03f5bad01f35,609695300.0
d3f7847147c88352bd3b9707,623668300.0
aabaec5accad3f545f864a3d,623668300.0
400a103762ad652e81c8d3c6,749004540.0
acf15357c1a919b6ee78f676,916690100.0
8d983b9ca65f19ff3d69985f,1206348500.0
b9a80a4d84eb918792324dcd,404914780.0
223b3c04803ae7b855f9fd10,658795300.0
e5c8f2d536c3f931eff2d70c,524484600.0
f976ec33e004b2d4d32c2eb2,404914780.0
cb00e44cea76a92e9c44e793,404914780.0
0e6dcbf136294f2a99410052,404914780.0
102de0a5ee4f19454b922b96,658795300.0
cb1c8ab11838d9f0a1197e25,658795300.0
2e2f1072d8db7372b2c2419d,404914780.0
8c4cc779f5034e9c10b2e698,400686200.0
85734fd69714897264ce2214,459666800.0
5694c1f689779fb5ca95686f,607740100.0
f3bb60434cb36fcdfe218478,510096200.0
cf8bbd3528d3e7e2b8f50c29,835234000.0
7db1c8214f229d865da455cc,658795300.0
f3478cf008a7ad268a434ba3,533802880.0
5440ee15bccc4eaf827fefa8,635931400.0
78e85ca7c532a77700bfae6d,635931400.0
eb5e382e1372c4e94f467673,635931400.0
5a11cc89d3b01eb87535ff1b,635931400.0
d0f5cebc2059ca89aae30c76,424482240.0
883371e374936fdd74d09fe8,424482240.0
9ab4e5f8cf2b807603329cdd,424482240.0
c37c7859956931d77cd5c9a8,424482240.0
730804efcdd755786bf734ff,358632670.0
9d021f3fcbe5f82fa1c1fd94,557713860.0
975ea2f56001edae07f28fca,353762850.0
8fea95d0a70b1ea918803f58,459758000.0
4718488d664194a3c0c5b446,459758000.0
1b87ffa033dcbf4e2805dbb8,459758000.0
1a77ac51e03c77ad280be447,459758000.0
228d165257ef052ad50433c7,459758000.0
513a83ac5bfe27c5b813ce4d,459758000.0
73bde441e18a9548c034372d,878204000.0
26301269301b6f96862af599,440417000.0
7b30dbf2f6d835ea0c14b392,440417000.0
254de3f3fc52b8cb62141baa,440417000.0
f566603aacc78da47a283804,440417000.0
990c8d65ca11a97a1d34c5e5,440417000.0
a9878134c12696d8199a1ff3,459540600.0
58185ef7646efa724e904f5b,561779400.0
37d5b8f329ed1ec29d4bc035,450673760.0
e6f948282e81570fd03e4df2,612939100.0
8b801b4cc1d254d0277fba5f,612939100.0
33a334a16c4547b9d7842c3d,612939100.0
1ad9e105d9da875001111075,805315260.0
08ad96681afa49c74721daad,612939100.0
beb73d27906bea7a7d880791,641162400.0
bda5b2e5a87a4905a30f3b8a,635931400.0
5cf70a67ec25288657d6fff4,635931400.0
baeb4e9d612bffb63ae3564a,635931400.0
1902f509aa05287ba42f546c,635931400.0
c0cf9517f20ae81c79ceb0ed,635931400.0
2ca8b22013c529b412ad764b,635931400.0
b38816ece917027a179663d4,1060446340.0
c89167e42af0d42c88e8573a,719315260.0
09254c66d93cbbf2675b775e,687998100.0
89f8ccb0c1e2136adf87a10e,906821200.0
cff851746578050bdfd46090,984656830.0
d53ddfac67129aebbe054024,984656830.0
53b5ffa0cf0dd12e4eeb6a2a,984656830.0
62db5fd2a4eb831d281ba8ba,984656830.0
59b5fe8d4f5ae272dbaa5ba0,984656830.0
3c1b7a0a306e16e8c22d78c9,984656830.0
5219c3cae1c92b52551a8571,984656830.0
de6aef9a5e47a614b75ee576,983472450.0
d168181ef0dcb853171cdbb4,1444476700.0
6c8e27967ec63e6dec4bd6ac,990112700.0
8544bc14286a51e60ffee7b0,1392569900.0
ed48916725be6970cd2f273a,393965100.0
9ff3268cd15cf039ab958413,393965100.0
16cc5c280124618cd5d00027,393965100.0
ac028c1580f6e4da4ccedf0c,393965100.0
673f2b913006ee8b33e75b5e,515269060.0
191f96722301456877893b22,515269060.0
a7d8e636db44cf5d3ceb67cd,623668300.0
1310e9cafc0b9fc21c212f73,623668300.0
1bbbe4e1eb264f5c69467e50,352112220.0
283c1142d027be336a7bfacd,340728640.0
4d09c2354c67243c968dbbcb,580974660.0
db3edc43e89840a65749cd94,473079200.0
0274166db611aabe4e946a83,375658180.0
8153b36347669087e363801f,450778660.0
e04473aa943812de1d662058,653042940.0
7742e8923a4b832e3d94f3c7,543083650.0
536b5a8aea016aaa90fe744a,623668300.0
d2c02052de9c97c531a4453f,515269060.0
48378a6148532f71abcc2f98,623668300.0
fb0dbfeedbab00cdc7eb93ee,623668300.0
699412bfdab1157487c81725,623668300.0
a63c26369cfbabfc9c2603b6,658541600.0
34e5602cb58501859e32dc9f,833814140.0
da83b03a6c9d405f55714b0c,931897000.0
d938d682332fa9e5c4986024,512404320.0
e9e39766e2c96bc783d580a9,1297018000.0
fce89a9ffaba32f9f7c5895d,1174640300.0
2d6aaefe0f50db8acde6fd1b,1382608000.0
1710873f951e7f695fca3568,408921150.0
0ce068461fb3bf34eee000bc,459774700.0
b5606ddf3a4e60e2a0e0d6a8,795620350.0
2c2e56e3e5210c111c7de708,437429950.0
94118bd8c3da3f14f9c7836f,382176320.0
d20a5b3eb857e1f4b548066e,613605800.0
ad37e23456bd4d90010f7784,613605800.0
c5602c608080e2546dea5463,613605800.0
e3bd8bd5884a55fc1a151687,492447460.0
aa31e5995379bc38dd40b8f3,613605800.0
fe8a10fb4031669a9b21c919,945711400.0
08eaca41f26eb387b67bf30d,933318300.0
23ef4d57d130e4130205f30d,966632700.0
d6f1594affb8db7a865e3452,388143600.0
abd9cf3c36309d590e58c2a7,502761000.0
1c177af5bb41e26ac0135b4a,502761000.0
a05da8df13eb4b121d536912,461827800.0
5a5a581ad5540fc82cd3c2ed,603853100.0
b50ff8bfc0b4c4b165c5ccf7,558513340.0
2abbf26e80643dfc1b75edcb,779474560.0
ec903c33a379d8d2cc04ab36,627195700.0
c062d873af3b7cb98ccbeec9,802866000.0
927de0269795dbe0566a0326,613605800.0
ee703dca75c4dfd5d035c9a1,408921150.0
b8a42b02c50438c2ad7598a1,397594560.0
f7216fd19f41ca5ea66a9169,397594560.0
f487761a658a4247563faa38,438054500.0
caf878b42daeee3c7de336e9,535492600.0
29d0dd2d4b120dd54c34b13c,535492600.0
1cfc7d60ce613536d23b093d,786492100.0
c6c7409bbf52c86461aa1dd7,639467200.0
312ef52e0250429a5ecb3b27,786492100.0
48299e52748ecff3b69f7a90,535492600.0
a02f6ef1f148659297d46b33,461213380.0
67f664c8f9250a22c10b4f67,556697860.0
4977af03eebca1aa266289e2,461213380.0
39af71aaea23b5c1e987de32,446274500.0
d69b019e6d54faa1cb044d39,831893570.0
024e94e72ae88464621539eb,524897920.0
b980c778ecb2709696265c10,1343914200.0
8780134f8b40f0fec4d1b661,975026400.0
107f29b67164ad6861cb7059,1078743400.0
c8958d280d0cf2d8a0b481f3,445420700.0
1f8f74ce8831d5532f330925,607252300.0
7be46b6dd9891ab771fc4be4,459553730.0
4f4f7d2b14079ddf8754d6ad,607252300.0
5921ce922675f6517f8f0007,1187197400.0
49f0323d28ef0610248c87c0,681614850.0
3ef167ca6c4ac77f6968d17d,607252300.0
8d2f9968ec8aece8d1a20137,528850300.0
4bad47078442f3416b2c1ff4,528850300.0
5e1cc2905f7a701f895123d8,630031300.0
a8633d3336d097920bc8a9b3,591615900.0
72fe83366bf13a53937b7034,613808300.0
ce78e1dbbf0f7aee98e244df,613808300.0
11be39d287e5a8bdbecb5994,613808300.0
40a561bf79fa7a08155e1183,813534660.0
3dbafa8cd5225e261ec9b6ef,374500670.0
68cd88b657b59f5671f59e04,414718720.0
6a2ce95a8be0654f193592e5,433951360.0
4e613cde51f9760d3c051562,613808300.0
1b69d2c7fa8f802c4af1369b,591615900.0
f126c4b36c00d0ca11c21a2d,447720480.0
e6a7e6b41e6c6bbdc16e1e14,591615900.0
5a69ebde2e113923ddbcd18d,591615900.0
72f0540aab38ebaaf9a389f6,514272480.0
75b5bb7b5ff8ebcc863fbdcc,591615900.0
096912698fd9a59d94935478,613808300.0
f0ad965090221d2349e90d5c,613808300.0
1c224347a1445ae01184e0a2,1185586200.0
0ee7273686a0a92fbf48a383,943896770.0
e2094d28cacad3e2a711c5ca,350086500.0
f50e0ea2c3831235704b8c72,381962050.0
1e64759f297a66524eb07b7e,494754050.0
7636a187e29abcbd8fad6244,433365730.0
9b858a70a031475e422e375f,613808300.0
56c2e8e14f9c6c9a9f046a08,433951360.0
1bd7b990be19afa5acc78bc0,613808300.0
8b36b7364e4a4c80a6e50bed,764032300.0
d348d38769937c8f350297bb,891933400.0
f4350916cbddd5a544c6ae46,403841150.0
237bce11f35d32ff029498a3,528850300.0
faf92fbca9baf8cce4a00063,528850300.0
812c9b5407424f956d308b06,630031300.0
9fd4adb5c63fba5a11661b23,630031300.0
168f81689afa1f055d8bf7c8,630031300.0
2a9bbffb1b98c49d79bae509,630031300.0
b95ecad591e5c69fdad8763d,396392130.0
dc51caa89a74da37ae644ff8,396392130.0
d97895a836e6ea22ff3265d8,412878180.0
de754bceba2d206a9cb4f116,412878180.0
036177aff84b1901e0f18759,412878180.0
8a6cb559a488d6ce1b641585,459553730.0
74c4f233c7f385be73168e0f,459553730.0
27a6f3e8f9649ccce7680f0a,459553730.0
711045fc099712aae3fe4d14,459553730.0
01e033f5bd502c4ad398ece7,459553730.0
a99261116e0158109b3e3bc3,459553730.0
2d8d64261ba659302da4a481,445420700.0
9adaadeeaf6a403e1c8754bf,607252300.0
2ab24b9c5349427998338d21,607252300.0
09ce36a03c52d6721bc5276b,607252300.0
80b37d5ebdb325edef39258f,630031300.0
78a080fc98669c0cd9153904,630031300.0
2d14ad8ab9573c406e203ed4,630031300.0
145f33a8350a080231306bd1,630031300.0
b0aaae3a435fde30c4c02fac,975521300.0
b3f5af523b5d6d938693ebfe,975521300.0
25d62e6b1a1a52cd8080354f,874835300.0
5a06a8b33611251b62d77e72,874835300.0
e93a9b257ecd815c860d0b82,647542100.0
610f192d22864016cc2df1c9,524484600.0
4e665d479b3bf2e25cd463a2,658795300.0
343be18b0f77260f32ec05d2,524484600.0
33dbec39ef8c0667e4c3f039,658795300.0
b24fb90a2aa5d9d0c7e1541b,795464060.0
b56a3a017449fc4ce417009e,429903040.0
e0dd5e6879d824a95c3c1773,459666800.0
156a20e2bf9e48b9a360f9c4,428427170.0
d5583fa23ed97a3b9413e910,721849660.0
4e6f695bcd4d3c0d8497c1fd,1209504900.0
da7a511a5f470d99ab2bc4a6,636564860.0
22a6058ffe790c98a8922258,799853400.0
0c19c54de06d1c139df99ab0,636564860.0
48e687093fb26d29cda9ad6e,359382460.0
3ad3c519ced4b63ddbfdb0a1,423809150.0
0b221ebf810f632568c1e2c9,636564860.0
7930f32456e796e40fbf78ed,560900350.0
f084bfc530f4039f6631537b,828223700.0
f9793063f561dc76c0b49a9d,876768000.0
4d2ec23fff8eb502a9d93353,878961500.0
a6f570e11883e74654898d75,857117950.0
cdf11b53a23fcf9b6032cc8d,1057773760.0
6f968f62a6fa4dc255397bf7,658795300.0
d692ba46b098c6658799ea8f,404914780.0
774a4b48d34052a978b1180f,524484600.0
acea4c7aa1185baaf6d3b60f,658795300.0
07ce6f95a7719abc9a204b6d,658795300.0
b371665aece480b8c1602773,658795300.0
5edc37d9746cbef8352f0fa4,524484600.0
26617e1fb3b4f0e4a70e1b0e,529792260.0
b1a13541b37964b8b85f4669,383652350.0
94213637892f5fe643cbe8ca,414129020.0
742acc26686d04596ba60a34,428427170.0
acb1d16ce30aee0a39f01f09,532508350.0
e0d837e6d5d74fe91d39d23c,552831500.0
29028322a6d692edc5ca713f,911339840.0
03d54a6e80d48c96a7f6a1fa,549479040.0
8616b310e335f539ab1109dc,703148350.0
6c21f6a3513869f93b32e9ec,948674300.0
10084cfff54a17bcda6f19d3,623668300.0
169c742419c0d4335d09fb45,623668300.0
0f06896d7502890175cbc4a0,623668300.0
7d2e3464d5f2f79ac29e6c0c,393965100.0
de9053a55630670ee8e59c9d,771898100.0
8d54b9bd24cd9da341cc942a,515269060.0
95570bee1792641c7c12e4ef,749004540.0
6d0c5546a498fafba15f2e17,515269060.0
ed43b0ac46067bf886457c01,623668300.0
8890eca19a9e1cdc9e0f0541,623668300.0
760a5dbccf4eb4ccc2622b77,415598460.0
20fe2d7fb3910ef786cff965,450135970.0
602abdc140c40112afc1dc98,415598460.0
b7f906741cae6861bd5fb922,415598460.0
4d45fbe5a5d39188b5eccbfe,450778660.0
08f74ad7f06f2c409903ddf9,545126000.0
7be186f4eeff5c0efd58e424,415598460.0
3d1a767dc286fe1cb86ed9f6,450778660.0
2ec9f5265334241fc594976f,799061950.0
d737b8b7b39e99f7d877b7ed,557858560.0
8fc50169e6ec98a3f4229ffd,623668300.0
942133ad6b84f9d08e1d4e7d,623668300.0
c965b03014d21473b27072f8,623668300.0
f1c8da86597a427e24dcd557,557858560.0
8ed5e7770d03c43ed19abf42,623668300.0
68ea36e3f441cb6da8d36198,1259988700.0
c97715bec6032974060480d6,623668300.0
e6eb47d050702ed49ef5c49f,623668300.0
5a82fa348f3b97e74cdd3a61,657029700.0
cd05166ab9bf3128c23fb8c7,623668300.0
cbe4318f63d73fea6238079b,931897000.0
efcc8d268982e95fe2fdb311,1260976800.0
c45d7f326a2f279760d1a4ae,796467600.0
7c5ce0e65cb26773edc9ddef,931897000.0
357fda0abf79ec95f73e3584,380574530.0
a1e8f0c7cfbfecfd1549b0b5,408324930.0
3f208f32cc24d8ce1506ed90,451087420.0
87ca8a2b3251a38d45730f5c,495551140.0
728961e03bfa6e3242f06d8a,451087420.0
b9f9dd0d368df912e6e0ce70,822366400.0
429b049255a7edf227a980a1,526001380.0
a6259664a05091ef92129c7c,526001380.0
674c915c52b27df2c06b8bd3,526001380.0
f8be64dc83c5923983fbb770,526001380.0
445fa7f5e8e9d7f12e8991d4,785609000.0
0842816a5ef4f24435c8df22,795197100.0
40558b62d83e4362efe1fe26,323053500.0
bc474096496b98177e40f590,764908600.0
2b55989b2253416428ece917,764908600.0
7158e3a6d456211d4533e246,486157280.0
d4fac54e137f5d27ce5f457a,618492700.0
faee80ca0efce20e731823bb,777271360.0
8ec09555f5a47f96a8683699,879263300.0
2d7a48a6b9fff20ded24f86d,408921150.0
514b09016ef85b9ddc4fafb2,647037200.0
a1c975ab16effc6f97935e16,647037200.0
e803e3806630c6579f004610,647037200.0
26526235b34fa5b7349df00a,409003840.0
ba762cf12cc038e5c43bc6f5,601665300.0
45aa335dae223bccb31ff7cc,690021900.0
1dd3d7e197075859c1ff5b23,647037200.0
2db9b3463f85dfa87347d6e3,647037200.0
f72cc14d79ce15491a96ddfe,994609900.0
4e25bad08182b79f5ba9639b,1117969300.0
e724a1db86d8d0c6334041b6,389985470.0
8fa53bd51f5d54be50b3fa29,382901570.0
fb7048ba61e9e6b1de829bdf,505146720.0
4bf70f19da0bddec9241d310,347484670.0
13c7f3592bd432c7cd0a42ab,598111400.0
cb64b363295d36b9b0fde3cc,615926340.0
bdc17ea3f30318b11df30508,615926340.0
cb7f62ac4c1afbb4256601f0,615926340.0
5d6c275d9d3326e738c875c8,741857200.0
9865836c04a9582688f50496,494754050.0
55a615b65a28b64d46ec63e4,494754050.0
dcc9e2c9c1151bd9f93f44b8,613808300.0
1a2c0e46bc18bf3224450064,613808300.0
3de8187003cbf6c4813bee45,410715070.0
d62663a447beaec69808f85a,373531900.0
1ae17f134221d5d9ee69ebd9,530226940.0
35e55d060b1c4239a85c0ebb,465347000.0
45917f1bac415feac7e41124,465347000.0
ed44705c17c414af8442b6ae,647442050.0
6f01f2c67343ebb8ec717a5b,647442050.0
8f2218126da9580268661c70,647442050.0
5b36bc6e78872d2ca6d3d1f9,647442050.0
c5c7631ddb5b485d0e992f7b,647442050.0
43c88f1874dc7f91c899df36,870256960.0
dc544c90e6ee38346a6002bd,615889900.0
02990998f3621fc5a3d0ee63,408131800.0
dbab5ea45ae910567c97fbb0,528191040.0
bbf80c409ab3a6784028eb6f,408131800.0
40e56beaf4a7f28f8108b132,408131800.0
e857db57a89e165eade00770,528191040.0
41fc4ca2b3f48508d840bbb1,528191040.0
08c1db1e620e975c4d476b2c,408131800.0
8a1d93bbc83f4728657317d1,528191040.0
6be0ddd4180b5eb92908da05,420576800.0
ff1498465e4db86f4f652e87,466511170.0
6410d336f6e61c4a81403c61,420576800.0
169cdb07bd175b4325fd28fb,451244030.0
546b56fbf616a6dfd1ad9d88,596604000.0
666af58bb684c2d8e7574e86,636785900.0
9fe75dbfd537f9ebc6653f18,596604000.0
ef961c130fa3b9015b103154,877072450.0
035ea0f13f2ca01c902d5388,658795300.0
7800f742ee14c4b4142f8b58,524484600.0
0c621256c4d7ca81045fcde2,524484600.0
50db9d168354ea3d75a03a6f,524484600.0
7bcd1fe7a140b6eeb4df2aae,524484600.0
49a4cebdb22fc2d72bd1aa78,404914780.0
69ae1f2868fe714ad8e2f114,324096500.0
ca4f4a66d83f2043a7dca261,359095400.0
c0ef32a7a294e5891505bf35,359095400.0
5ad6f4091b77715b7f74587c,736091100.0
331e915e2a66fb70380282d6,526001380.0
3a00543fb00cbc044a5b3527,392082020.0
81df59c6d8be19568d16ea3e,352973600.0
88a4da0d72977b0c56b31061,397594560.0
3ff9e75c6de41de517d1c4a4,340528500.0
147f80fbae69dd577ff19950,1082187100.0
78beee9b7fab8600d420fd27,467152300.0
c3733b88ebafc0a05f5bdc99,437429950.0
568509a7aba60f8fe2d0cd5a,654212350.0
f6d3f7e963c9aa1783b3adab,736992960.0
ffcf6794a400aba909383b41,809371300.0
fa0aa00078cc178de0cc7d96,613605800.0
eec51f949083f39691e37e15,773472060.0
26f3d5bc3adcd1396747a414,882452160.0
cb9e058f82b10cf80990beea,658795300.0
22a0f3315f7600e5120db131,404914780.0
bf6845aac15fde9b89a7208b,524484600.0
6e3cbbbd3f4d0578144cf021,404914780.0
98a0289e513d5ba036b24252,344105180.0
597d3f78e2f413acabf825c0,447295400.0
43a91a731e86b9a0784f717d,625578050.0
f34ff57e272cd08056e6a243,907606800.0
6f68b289516faa0b7ef36a34,368875330.0
8bd8a7e19b6d3b8bcabb84d9,454349660.0
74b64bd536ebbcd7c30ef8fd,840923000.0
f968e756cbe6504fa0f32458,1258883700.0
e99d9dcb9880cbfd219b4297,709595140.0
4c9e6812520f4aea4ce435ae,767442600.0
78419be95416d2991ade8be1,404914780.0
d417ff438d2a418b1f9e50b6,558591100.0
3ac77ed776aa4630c7293240,582644800.0
95173735a8f6e554f083c065,1247127800.0
83da39bc1a2eeb75e2825c22,569284700.0
4bf89c9e50c5417ed669c481,593089150.0
f90fd39477c8da38e33ba0fb,513451140.0
b45bb2d0d137de6984d4e1ec,799853400.0
bb812343bd6cd66e9cf9a9ba,451087420.0
e299f614cd8ae525fc8fd0e6,636564860.0
521e9326a2003c7b56fc4365,1054255000.0
dd59ac4f6706a1399360bd14,828223700.0
d6c6e7f923ce2cffba8ff9df,680070850.0
df07a34d0ee2f78f115c45cb,814093500.0
db6061f876f890071f7ed957,814093500.0
b31601cf48b268f3b4107564,635931400.0
3a9b2ef74c59e96a6b107357,371681950.0
d600310e19c926cda14ac923,1042042100.0
183f2cf1a1c7eb9700b6e72a,1336215700.0
42556b1bae874a5c09777873,1127625600.0
57c1ed738536d177d66fc52c,1405930000.0
26cdd114566b7cc63cd96fb8,892975100.0
0f679cc583a47b30ea132bbb,547062340.0
32ea7e13e8d9391aa9b7ab9e,358632670.0
0a482968c7cdf212401d72b7,609846460.0
85e4ee2583c51592d68ef5d9,353762850.0
f4ce15aaa352d707b68cf773,913086700.0
7d383abbb6ac49c6599ffb0c,645899100.0
6c67b1b0991a1d79251855c3,1172518100.0
9e52ce2cb6f6b7e2a152dd54,655352600.0
bdeed3a7395cdb9b175273a6,682118200.0
423ddbfe2f575e6bcb22e7b8,635931400.0
3247399a31df838ec5fe58c5,620898000.0
bd57e5cd29d935cb26006835,635931400.0
bf00f36c4dbb273d7ba4b7dd,424482240.0
48b9efef82faf72bcbdf66b2,612939100.0
d2526a3e39ea01f87c99d073,612939100.0
651d5cd65f80c4938deb7da4,409427650.0
0be7803a34b11d89133beaf4,409427650.0
a54b0b282edbd217e9509287,535492600.0
550c5061428d09afa0c409f3,535492600.0
7538c609fdd115c9dac551f4,639467200.0
d7e3cdd3ac239a5c318f2e9b,639467200.0
9bb193ea939c5308a738fcef,366864400.0
33425419e1a8e854418c5180,356980450.0
fedf2e30e390f5cf74b27e97,366702800.0
024c5c787d005adbe770b9bf,425825920.0
13f681a090b36edf38a4abd0,668287170.0
442c6bda79f63bae28674b1e,536875260.0
47e0c773f65485ab7c78d49f,557713860.0
9e30b310c820d0426f504d90,486547840.0
8cdfda9067e0934a8ebe0894,461213380.0
0a8aaa78f68d43e3b1bf6c51,461213380.0
1101f533fd18cae5d32c1cbe,461213380.0
9f6af9ac2404a8d55f24286b,461213380.0
75060f295e0aba8e1224f766,461213380.0
f0e68102ff84f49d90fe38f4,374963100.0
3c45bf3e3e31e7804ac91704,744760770.0
f908e1de4c4be0d77411a998,454879500.0
ca643c04044fabc6fc566d12,454879500.0
8aa76df8fea21a42fb6229ff,614879300.0
c214d2383936dafbe0652c51,614879300.0
993898470c6676ce46ede92d,614879300.0
18f6240cad6e92f9151099c5,648537100.0
1e63fac2629793fdcb793f1e,674262600.0
e0137390f0186c98f4e91263,969402240.0
e35f95823a486c52b0f4c2b6,463944060.0
ede10672118071a215ae09fc,639467200.0
fcf46edf6d612ff1f5ed6134,639467200.0
df4be33c0931aa86231b7a2e,639467200.0
53fdb16ec08e794dba9a10ea,639467200.0
74c24c5e142e5267456b24a7,639467200.0
f1bc08407f40396c094e0499,639467200.0
496ce19c015093e97144d375,639467200.0
a183a1c009abf7251fd725a1,909868740.0
6bdd97526b1a9cf10853df1b,1106716300.0
f083a8f187e2227696695ee1,540721860.0
2621e068043a5019aeed6c8c,526090660.0
3b43e7acfab46651b099b1ed,954990340.0
6565b3281cc2d632febbb6dc,961983040.0
09e47ad8508e7cfee83c6d68,961983040.0
88b02e7b20ce6db956afcdd2,961983040.0
bfc41facefe9428865e4c29f,961983040.0
569bb17b961fbdadf7106d56,961983040.0
2314e3ffc7242a429e00207c,961983040.0
4bc1e2cf5e5ffcbe1020df08,992760100.0
949c4a5382aff4750b4dff83,1460834800.0
a63b4a22614d334b4a61ea16,638789440.0
734fbae84cebd50aaf71c48d,1068818560.0
f92935374a7ef86314223c5b,487522300.0
6cc8e22f11d382206273af23,647037200.0
701768887155444b77c4f446,358277820.0
13c86cdff4dd32a9f8b9adcf,647037200.0
8002e2cd1b70ddcae88ebc4b,926662900.0
d0d77497c8a7d567f01d3afe,612939100.0
95a7b01cd60cd10e7364a600,533802880.0
d1e38d7cbd32567c874e194b,533802880.0
e674ba41f9657ac8f30d4f7c,533802880.0
6bb760d54e5b0f54d9612a8a,524725760.0
9e3bbcdba89c647e4ce53182,453216700.0
72927abf4bcd53d6907aeeda,615926340.0
aebaae467e5f01db3afe69ff,419809820.0
3ad457c8855ab8921a7974c7,615926340.0
1f3d3fbcb686ada1a96e01e4,453216700.0
0775d831f68b88ca59eb871d,615926340.0
5fa3b0993cb43d3c72c30093,598111400.0
bef19d0084cfc9f6fa37ddd0,598111400.0
85a856b4d0dfb1fae861f513,598111400.0
07fa1ad76017843232107517,1130002600.0
4049086139009c35dfebb3ab,453216700.0
655120f80a39c19221623311,598111400.0
71dca93007d6ba45fa40eaad,598111400.0
9f41ce015f02d67e193c41f5,380766940.0
9017bd24d173b2fcf564b32b,936830000.0
e5ef29d41082025c42f7c921,453216700.0
5c60d7880850970facc54bb8,813502100.0
f51fce25d8376d48fbe73a43,389985470.0
9dc7b0a394309d8b76d0bb7c,615926340.0
a12ac99bf63b547fd9180a79,615926340.0
378d846a7af35e0c3efe53a9,615926340.0
0872198056be7edd5eff220c,615926340.0
efddad1eec775ce61d3b7b64,615926340.0
70c19d59c6b9e194b6bc09fe,607252300.0
b0d3d98076883f346cee8d04,630031300.0
c7694e92a97bb66794e62fbc,459553730.0
7b4fcc72822460a428c19282,975521300.0
a6baf4631223d9b24de8b590,445420700.0
a6f616d63d134f14ced205d1,975521300.0
50c123baa5783185ddbe29c6,607252300.0
24756921525595f1684929ba,528850300.0
caf9c761d21329c993a0bdf3,528850300.0
193d70ead1ff1043845e7671,528850300.0
62ea31859e01c2f4d4e97baa,528850300.0
272b5b5c28e46c6f5ad95c22,528850300.0
552ab0964056c1d1d1b7398c,630031300.0
23799891583435710f66303a,598111400.0
34896afec0b639648c527483,598111400.0
eaf53eeb911ecbae638409e5,380766940.0
b1fdade0fbf0470060fc2708,419809820.0
8a20478528e97700dcc84abb,442772000.0
702525f05b47353c95b0905e,505146720.0
b84c837c5a1fd0f1ebc5f8a6,505146720.0
ee2d16316e6f4f2388494c7f,615926340.0
ea4af07bef4ed93e81ded95c,615926340.0
1a71d0d3503f9eff28acef6f,799853400.0
1fe392004a09aeeaa6e8bce7,513451140.0
46d4b0cdc81137aa56f516df,636564860.0
4d666967b74ccdf5b04e9787,332158340.0
fcf79745f8cd716d3ff9d27b,453868960.0
aa8a19a2fd3e2cfeb3b7dbd9,451087420.0
f055602beb49dd6040641c9a,417404960.0
7b1377c8d81755bb9b501064,451087420.0
17d0418e4a439e9de8006f5f,596397000.0
48f1c6e343a4724ed865533b,636564860.0
353207faab3dcf10feaac8ee,913750460.0
ff188e88378c8e2abed8119e,639467200.0
424b41f5e01ea2e2ccd3ca48,535492600.0
608cf4f46a188cf84f853c72,535492600.0
f9e7582dd99d36bfada56249,639467200.0
d52f04fb69bed41ffb10fce8,614879300.0
ea84b58f733c8e491db98a52,639467200.0
68699eb9653684fdd3fc79b0,614879300.0
31f52502e89beb1b2e0dc3d3,639467200.0
fd41747287a480d5c4dcb56d,961983040.0
b7afdbc1b57b52e6fb03accf,1160375300.0
48b270a493af4fa28dab9211,453216700.0
2a787b39e84958ca6b7001d0,615926340.0
e439c77c0d871996bf06bf88,598111400.0
91b8b9db5372a2c3a5c30c58,442772000.0
038272b33c075765464761e8,453216700.0
fe8e45caf7605fb91d6bc5f7,598111400.0
d354a2581dcb183c0cd70540,419809820.0
9421ce9f204f373a50357fce,389985470.0
56bd3b61805077405af098a9,389985470.0
0a606d19ae362a58922b172e,505146720.0
ededebb1a544fb3246d3e131,505146720.0
6b6c365359d20be719ce815a,505146720.0
b8b22c1afac62b05ad389dc5,505146720.0
3e3717eda8ec9a68c9d83027,505146720.0
03be8ec62dae56680beb2cf3,505146720.0
fe6c8cd2e792d62a4c324da5,505146720.0
f9c133f7a12f2b8c1b2beedc,505146720.0
4ec47b8100d224499ec608e8,615926340.0
143ca16847cc47d4a4c01ac0,442772000.0
22127243f7ba3a68c3fc33bf,515852160.0
835eff7679889fcff6795d8a,398597600.0
4ed3eb724d4e57a7b35ddf5c,515852160.0
4d743a1250f7d91e2782708e,515852160.0
9f5cf735a842860e7ac753cf,603762100.0
e54a8b735724b2af56c7a36e,398597600.0
3b39471f854357b7e5d2853f,603762100.0
91bd11b5a8e0c0124be78f46,367106600.0
6121943254877ee48716c4e1,482599460.0
3f4c2c98a5a6cb78d7d26327,375521380.0
2b6d63d6b072901effbc8e1e,818160960.0
7e4b240c601e37977faffeb0,818160960.0
ac29d71a80307cab65f29ff4,1013495900.0
70c77552b1bb67a2a71c2ee1,951568400.0
54a09a85767156b072c808c8,630031300.0
244210fb4bcc0a04f2cdff95,975521300.0
9a2b53c1c7151a8b26a71edc,367013470.0
918c48a512fd6ff22fdce5d3,459553730.0
effe4219e6cb56e5ab70ff6b,975521300.0
936e6d2192f28a2b40939a4d,1073503300.0
ad9a1b23979f0edd2ee19f38,543679550.0
8a8e4996e24142eb413c0d12,975521300.0
31c69cf4d197f97ac594a896,607252300.0
143f07eb2a8f0a9e26fc4c56,874835300.0
e5fd3cdc6a19653275c7f4a8,630031300.0
5c7efb015b8ff7f108c99723,630031300.0
394718d9d069a126e13be804,607252300.0
56f30ea777f5493139f22384,1187197400.0
37d5a902f1036cf3d80c275b,528850300.0
3f418a8bcc7adfa87e0f67dd,528850300.0
051416c05445860d5b4095e6,528850300.0
887761f34ce0996bb05ac48a,630031300.0
e02fa06a8de8a603e417d5ad,630031300.0
6f5929e67fb8da068b91096c,647442050.0
291479f573955e063f2d8bda,647442050.0
e60850405ccec092b8fb5d02,647442050.0
464864b367e16547fe319229,617031600.0
4c14547b7e02e75204ca9f4a,460538270.0
6183257f16bce94113879745,467869220.0
46c34a4e5987c20eb1f5ff99,393077150.0
3f39b25dedb96409dc9d1947,990490430.0
e7a85e64ee07971696f555f2,990490430.0
33043b254b9085fc82ee1f7f,373531900.0
bd2759d469829bb8926dbe09,460538270.0
affae17b6cc59bdaa30e29c2,990490430.0
e611d41aaf38a58acaa0bf23,524484600.0
0de426088a306321990cf60e,469719200.0
685982808b30597cc013e2c7,459666800.0
4cfd1be6a93641b110fcaf67,428427170.0
68fb3b3cc3e5b13440eb014b,1198916500.0
532bf5813d7e70958f71a480,607740100.0
06ee1d8f3ea326a0e3a9791d,607740100.0
1862e0c4d8e89fd2302ab376,1439715500.0
f3dea3d678d959aaf6b2849f,1418711900.0
2478e48a3c6bedd57c13c72c,515852160.0
efa36c7738fc14a11cc352eb,515852160.0
2f6dfe9443645d6629eeccb9,636977860.0
bc7e867cad6f221dc44754b2,603762100.0
e4f2fecf58a038d7b18f7160,1013495900.0
a7620d5599ec354541c8af13,1490133200.0
484cde8e47fbf62a339c8219,393965100.0
5fcd9836a3ea537fe86d457d,515269060.0
1b288024824312c8b1681bd9,515269060.0
44e4574527acc86977f5bc41,623668300.0
8b716bc4d6d833f9bff3e729,623668300.0
0ab85344c5fe6ccb0edb6313,623668300.0
03ad99f1799f2a20c8cc0a50,749004540.0
6db318f828d464be421eb572,771898100.0
c3e648317c360c76b94bf541,373384450.0
19cb65620d2330624252d01c,431129860.0
dba9fa9642ebc97ccd765db6,386314900.0
1d2467e5f991b935d676e906,415598460.0
4091a115125eb4a67f494620,415598460.0
d197410ebc0e3b9937464923,492048420.0
722699e593085cdd72102baf,450778660.0
c059affd0c19f6d4d76f37c2,410310270.0
855dcebac302ec5760f67121,557858560.0
f433278518a80c3301f26cfa,623668300.0
66a45b0aaf5f696d35f5cebb,733869100.0
0152ffa8757aaaf417e9f997,1028123700.0
55b72f6c7163a9b0b3b0b262,528850300.0
c8346a875be8391145a2f9aa,528850300.0
11c86230e62bd2c9ba44131f,630031300.0
c4b97a459e2c6d13710fa273,630031300.0
8bcebf3cdc54d4ec99ba0d88,367013470.0
ad159116d166e45b70329bd5,459553730.0
6f060a8ee8d6d15f46289759,459553730.0
ab5f089f9d2ac1bf52222ec5,412878180.0
f4fc2da675d6a2583054fc56,459553730.0
89eed91bf5148b5645408222,459553730.0
0761d0b7c6e319a75b06d420,499537820.0
ce84187750fa7aadd141b5fb,630031300.0
ad77298955813089bce818a2,596208200.0
3abe8f334f0f20f8006ca5d6,630031300.0
36445c32822146606f75dfdb,607252300.0
f9798cc6285c9fb3ed7cb668,630031300.0
59dd396f70b8458772307895,630031300.0
83e91710343450cb0812a6e4,681614850.0
1e7a931100be734988955242,874835300.0
bedc5ab20edc896f814c3f06,975521300.0
f884247fa6414f384480bf38,513451140.0
f34a38cdec7eb598e55fa41e,513451140.0
106ad411e13ea21ad68e5f59,1025403500.0
a87c585acf2a147e381005f5,513451140.0
ad755859e7b6afbc021fcf6d,636564860.0
8015080cf97316a08453a9fb,636564860.0
f56d8f5cfaca0691c6ffbe00,513451140.0
8ad016d414e2d2be053d7612,513451140.0
8b91a957eca1985938860c28,513451140.0
20bce83e2b75fc535a148dc8,453868960.0
5724ecee1b12e888d538c1fe,513451140.0
1e90d068f3c86c6f691649ff,513451140.0
0fd954262ee740999c31d407,513451140.0
a6d7b144058ebc326b9803bb,636564860.0
a81abab882910584371c7b66,513451140.0
9e41c4b41cbdc2553d80e362,513451140.0
b6fcc49ad3656cbd3f4c2ea6,636564860.0
9a296eb9b63ffbdf2a07cd0d,799853400.0
3fbc0746bd620a0baabbd859,514200860.0
3043d0b025fac4ed90b448e6,437817250.0
219555efc5b4291791143252,332158340.0
a00863c7c53b2c059ce22dfb,407347100.0
28b838c94d10823ceed62e0e,332158340.0
7e64ab35f5e336d5bd2e1b51,513451140.0
52f24ab479fad35c8bb5a8f6,396742340.0
0d1ef14606c58310cae371f2,420430850.0
a465a567a4f60ac534505bdd,636564860.0
8694b149f7c0deadf820f0e4,513451140.0
16d6b756f5ebcacf221918b8,513451140.0
7d132190218425df1857b8b8,613808300.0
7c7a3f51a58dfd1588d7c088,381962050.0
64d1c45a2968b0fbf0eeacaa,613808300.0
4fdc382b65441412fef509ad,613808300.0
04ece9352b3810031f3f9a90,494754050.0
8b5b351e07a26c25cf51e176,414718720.0
f923bfcb8cdb543c23bafd52,447720480.0
a15a12446d2e5993a0a6c423,447720480.0
ab3e1642655f7e705cb047a9,447720480.0
b62fc917b3e8ddd64bb81018,414718720.0
835842cdc8ea0a2206c2b46e,447720480.0
02ce5bc5d5d286a4cc0928f6,433951360.0
d8e51f7b40bf1887ac007163,433951360.0
90f320e94aa429856e37bb35,447720480.0
967a7676754d6f9aa3e14473,433951360.0
9251f3dafa0e747b6e78f295,433951360.0
17b5e8357e17b516d947ebe3,591615900.0
f943cfd29effc9c048b8e106,613808300.0
41719542347401b04dfbaa59,591615900.0
bd6ad9a9ab28aaef9b4955c8,591615900.0
bbff88040e5b20e874cfad9a,591615900.0
3d6a9a4f2336a46eb62e6a47,813534660.0
493367258be5d63dc8db97d1,813534660.0
67cf2149b4c214da77694088,943896770.0
8d2e85825e95f6941445cace,886573630.0
01afa737bcfa6b1ab530eb09,943896770.0
25813f7204a2e796170c4836,408921150.0
3cb1773d90dc240c4ffed5c4,613605800.0
6c81a0b90366db9f514362b4,613605800.0
44c8131b88accb3b46b79ba5,408921150.0
ff185be4fdbe3790c72d00cb,397594560.0
851f50292e30b0a464c0804d,437429950.0
6fc2a4f29e3b896bce631ee0,365151940.0
cabc4fd04b60a66bdbe2cf9a,1235672600.0
61e9c2375626a18bc9920c5d,513451140.0
396c8060d9767b4debf2a54c,636564860.0
92ba019bd942fa33ab742924,513451140.0
ff71037ec8e5a91aad6f0686,636564860.0
d162a90b37622c1dc6550690,393736700.0
e1490f0730f8fdc36993027c,623698000.0
5a066d6bb65d28c2094051f6,453868960.0
9c7bcf000cb37f48d9f15422,451087420.0
528a6345df87dd0db33bf822,502107420.0
579ee47bc31f5408314bca28,450105100.0
eb61a13df1c8d8d0efc4db3a,408131800.0
b649d315ff3c97c4e8e9db73,355693820.0
d8dd26eb78ff22272358e302,528191040.0
6ae2221c504027acfb7368e8,435872540.0
3ce908c9b70f349158f7d04a,724850400.0
7cf74cbec871e465ec2f6a61,724850400.0
02e9b077d6cece81387fda35,636785900.0
865ed399cc344e0638e45128,636785900.0
d9ed55fb72efda67f5144330,829094600.0
9fdbab0b428f19e7e8dc35b0,966522100.0
c061b886b7136a1b00c8ea2d,738290200.0
fd0f6c0b5234ec1f6c7d1fd8,535265920.0
9df90c0644948ea5539939eb,641162400.0
547661e79bf0c62cb8de63d1,408135700.0
68963f5f3657cb64276e3beb,635931400.0
cab0a460167bb64c037cf25d,533802880.0
31977cd5d4c09eff149e74ea,635931400.0
23264fdd1059460e079e5810,533802880.0
4769743185eaeb0e4158e0e0,533802880.0
780c809c52509bb4855a4efc,533802880.0
f64d4e029592761bee698958,376754620.0
be364e85b988ef8627ece74e,376754620.0
c73c38b652e9418f06f89b67,376754620.0
213032fd36fa1a6342570158,459758000.0
d519a8de5fdd1a84ca1baac3,440417000.0
df91a494d5d244f20dab0eb0,424482240.0
9be92b361ffd3ea2c69be23b,424482240.0
cad16b2ea432d926d961109a,459758000.0
56b22bd973f94a4bfaaf6b33,424482240.0
84114798ccd01ae3dc97cb27,396016540.0
fe2bf1f402addaf17a213030,440417000.0
e01c1b69abb6a4c1c69c77d7,440417000.0
24671f63cd061228ec0b5b9b,398436480.0
f54c16df774e70d49355cf4c,459758000.0
5537b994e85c2688fe555d5c,459758000.0
1e5919cbe4373aa261d672d7,424482240.0
cc125d0f70d6d0819d6d90ee,459758000.0
51f94ebbd6d2533862a1fdbf,645899100.0
fe409f9ea8d18c9d9ba4d02e,424482240.0
753b47e2a3b9fcdf9d7fd9fa,424482240.0
6bdb3153f267395eefbf588c,424482240.0
9bde9f216ecb90814670e87f,440417000.0
7f5280804c59f56fba3d6201,444866270.0
ceaf16e097500022498950ff,459758000.0
aef06b27b0a080b5ee539b6b,424482240.0
abc668bf93ec7d1951c65cf6,424482240.0
56822f406646f93fb39d9e60,424482240.0
2690ba8b22a95cb837cb87b6,459758000.0
180172e4eee8ba756207b3a8,459758000.0
c11cd2e00942ffe56db5ae88,440417000.0
75a287d87aaf6ffe7b6db546,424482240.0
08f35bfbfe1bd663c40d9e54,424482240.0
c2bbdb2e5d0191071e6db37b,545004400.0
b129a508d1d98a1b6dd2f61f,459758000.0
335626f385c28e8370c207cb,459758000.0
898ed7299f0c7b8a99e4877b,424482240.0
a98022fc80dd6ff27de693f9,459758000.0
a59f1631e721d231eab4d146,635931400.0
98c9c866109bedd605ab7dbd,635931400.0
cc9743189c3671adbb1be49b,635931400.0
e22b8126863c9ca8fb04df9f,612939100.0
247715511199c5b680088b56,612939100.0
6e51ca1a9c2bba9fa0cbe5db,612939100.0
ba8d6800443dcf95bf9c1037,635931400.0
5ec6e033b9dcb454c57050c3,635931400.0
156ecfd8ca6004281b191db7,1076926100.0
edc3879a1102740f2f96227a,635931400.0
c02ce25a3334860d3bad53e8,635931400.0
d041129f83f1f13fd7b35e4b,612939100.0
6946fb4c877f35e9215ef4be,635931400.0
ff2897a56a0fd08996d19424,635931400.0
e1b64df8e809ba220c9722aa,612939100.0
c13263f9c8628bdef086106b,635931400.0
e2b8d1aba0c583984aab25bd,620750000.0
3786baf40b31a20f3bf3aa80,635931400.0
bcf12785c25f6e600eee8fc0,612939100.0
f85d09bb2ea40bd4b68465da,635931400.0
1f40dff9a973064aa4737eea,635931400.0
79beab95c6857412ebbbdedd,635931400.0
5ed8cd2cf2c6dd5b5241d6ac,612939100.0
ca8dacc29a57d39640e3e59c,687998100.0
723655990d58df33d55009b5,635931400.0
79a675215fed2e293b27f43d,635931400.0
57999ba0ed9089739a1f4de1,635931400.0
00cea81b78d6007eb405d5b3,635931400.0
c00facb3e4cbb27c47a621db,1328865300.0
d1481d9d2bc9d1a3811f2faa,984656830.0
26313750bd29b2c59a81b58e,984656830.0
2bbbe93b615c46483056bfe6,984656830.0
0f8fa0a074b743c92f0fc56f,984656830.0
b925f9ef733930be26417458,984656830.0
0183b38955437e8d0128a013,883002700.0
1c9f65b631d2f2856bc97079,883002700.0
c11d82cd360eae99c04009b1,984656830.0
4a80ffd8e908a3291a32fb6d,984656830.0
1a0134583a5854d5aa9cdb9f,984656830.0
5f5346deedcb7cf5dcd1e9be,906821200.0
f17c8b14e56a76ea84a45fd6,984656830.0
b8ff548543842246ad439703,1187725000.0
53462704cfc47d32492b4847,1187725000.0
25f925538316d3cdda8218c4,1187725000.0
ffe653c61bf13df43fa22190,409427650.0
228d98c82021e2325263c7d2,425825920.0
f32a7d08d176bf9177dbcab1,535492600.0
f2c86c1edac4eec6c01ec11d,364294200.0
06e350e3c733e5a0afb613cb,461213380.0
e2544529df4efb7e90afcd21,461213380.0
a639ec3b943cf90cb28bc1b3,614879300.0
a1320186028a726935bc1cc5,641341000.0
97337d2f347a50e0ef518516,639467200.0
8f619dd7fcf5e1a17af301c4,639467200.0
72569ddc5828fc702b2fc773,936830000.0
ec674ba8cd16c2264d270901,1284869100.0
2b05f001ed1a84425a45d0ac,598111400.0
0a7758f69ddd8fb27a839661,453216700.0
e3ec7a8fba3e1ea07a135dfc,419809820.0
4163b665043ed27d7bf26c00,442772000.0
69f7b81b70ea61f304ccd36d,889632900.0
ff61104cbeb37f077c565fd1,442772000.0
883ee78c03efdb4bdc57796b,419809820.0
fafaa5dcf66d22bff322c72e,389985470.0
eaf0f2b00b6994a9ba8c5ed0,389985470.0
9b1590945c0c7f7b0704d287,505146720.0
766d34ea891f3af53f1391ba,505146720.0
b8680f925773229571014e61,615926340.0
2fcab31c752b699af5e8ce8b,615926340.0
96d14697ed6847ee757d113f,515852160.0
ded79c11c30167a9d8accf77,398597600.0
ac50dfe70b599ae93ddee4fe,603762100.0
3fc7a0f9c30978f24d688fb7,603762100.0
083f05fe52ab15e8d481ad41,863738240.0
075be16d8d9ed6831d139b2e,506171000.0
ffce0b151f293cad0a6f770f,842081860.0
5997da918101ff14bddf20eb,463595550.0
e102f1d841d7cdb596d50624,361159500.0
a2c3da753f0116aa5842d4ec,856328700.0
43228eaa1230dc0f7f1473df,404914780.0
4349d6bfd5a518fcb231cb3f,627195700.0
c6c978051fdc655d21a370ab,627195700.0
f4cdf3ff86fe70fae3e59f4c,627195700.0
ac154aaafe98dae45bf9782e,966632700.0
01f6c99999c154461765f4c4,627195700.0
d7d30819fc6ad6e7e41453c1,814831360.0
383b3198861942064a63184a,402569900.0
3a2f110334251e97abe3583f,323536320.0
9b9db425b698a4931173b5a4,465864740.0
3b51828a1e891f3a52a4653c,493244580.0
c94dc49efe0a350bb522a56a,461827800.0
39e4765ae5c8284e1f3f618b,696360260.0
04b28e63fbba92daf83865ba,627195700.0
b9643a26731cf2a9a243ef33,592741950.0
19e03fc1a7ca4b0761eb9ef3,627195700.0
c0224f0cee5a388014db4f55,1177394700.0
c4074029fba935dafd82eba8,457142620.0
0a8d749a2336d8f66a4f19ef,367013470.0
e84da6ce78339d50a72cd87d,368083260.0
e9830411c3092327f4e66a99,528850300.0
17d51fdfe8fd16185bf5feb4,528850300.0
f07126d58455b20f547c4380,528850300.0
8fe7db56d501b9c11461f62b,459553730.0
1ae2058fbe26f384be45df4d,490091780.0
e74a31e6edd4459d4e215c5a,459553730.0
c91945dcab0bf200c3ef321e,459553730.0
933018604a8d5a9020aac221,607252300.0
876ebdaa0bc953890e323843,607252300.0
4fd907c202de4f06cade3b3b,630031300.0
e40f616637f6187024b34086,630031300.0
f9038f7e24e0a29bd9f3e24d,630031300.0
b27fc4e7f6042d70a7651038,630031300.0
e68b18b57fbc5fd6cbb477e1,630031300.0
326a82671272d893ce699476,475282400.0
d2655e69f5dbd09ddb9268e7,630031300.0
440cd2efd45c019c7151902d,772979500.0
e5099db945e4f04aa3f0bfeb,524484600.0
3477d85a434f66df58fbc094,524484600.0
56991f74ed430ed942b2d6d6,524484600.0
7ac1b85bd87929705b7a86ca,524484600.0
0e1fbbe248919eb71e53ea75,501029250.0
75c16273d3a593752446c27b,593891700.0
7e74469fe0b030254756296d,971781060.0
35fca2d53ed17ea7637c528a,835234000.0
963cc728f3bc207a7ad74ec4,703148350.0
fa9dec2129f7218b4c4d4b35,842967300.0
1d0a6bf40e609fc74a319310,522876480.0
b9551c416341fb167049d4ce,647037200.0
89131a0af2db172538723b08,522876480.0
3e66557e876a876c259c40a0,358855740.0
078144699729ee0c46f36123,907975600.0
fd15189b99da46b098a949e6,528191040.0
d69209d7a26bd306bde5a37d,636785900.0
89690c80b7adcb8a8afe531a,528191040.0
0e0d19168609ac1d75253edc,528191040.0
6cd0aca2bc40d83473a39885,528191040.0
6ea0d50e822913d0f444d89e,636785900.0
39579c195f288da8d77f5ce9,636785900.0
bc54f5dc4e9ce267ea592813,528191040.0
1d43fd3f7fb4e24a0b7c9ec3,528191040.0
2566d8588566312ffa4fde42,850108860.0
8d27746cd9d2532fe9cfc408,325221060.0
95b822f76b4d3d6ceb0c5077,753926460.0
eba86391ca00fb217ed1f774,573099900.0
b9a0575867a59dc5dcbb9cce,451244030.0
0845e73ae95dbd4aec3f1f43,451244030.0
419a2f823e87ab67b1311bee,636785900.0
552217c633d2562cdcaa81bb,732061440.0
4fd7984773d2872e51574ffd,686459200.0
a87ed2154a2351cf26f0027d,596604000.0
a2522c9d3edb7e7a23a42b74,816123900.0
357e58ef96c53f39e267b80c,911626700.0
cf0ca58262feb1f8b0dc7b68,728684700.0
1cb79aba890b35f9d2a400f6,1290299100.0
d5c79ef12f43e2bc19e22fdc,603762100.0
776e1192349cb7cf1579056a,603762100.0
7de63633c7666484bd098e2b,390668900.0
ca1b1c17572f776fc1059691,449318500.0
53e94de217ec45ad576fd83b,667982660.0
ed5c3d2952d2575b1bb757ee,565664100.0
bdfa334bc331e3e547f7568f,863738240.0
9c6a01e3c7ef87d27185e9f3,1045334660.0
05d9818d3f9f2a5c358d3911,709006660.0
f6c990e406b3756ee39b3b30,408921150.0
19ace6cdfbd8bed6e99c86d9,408921150.0
6a04f8684e083eb6319b5272,437429950.0
179bf83034539c8a391e0310,532750140.0
a42081eac6834da0560ea4ef,613605800.0
784fa9e78f7cfeca4133e8ed,613605800.0
978edd828fc71300e6723e06,613605800.0
61d6969334fc63611c810e2b,603762100.0
4d592a67596afbca92d26bcb,603762100.0
50f8068603edac10c87411ec,603762100.0
9965f598c5b95b3cfaac50ad,855117630.0
66cf83769d16a4d659edba6d,597395460.0
9c2c2b01934d1d519e651786,581744260.0
2b4913f28d07628bf2d3ed92,902147700.0
9baf7967c49fa209de8dda95,636785900.0
7a0f887a9426270ff3c24e36,793016000.0
c1034173dda31d20c4efbed1,635291300.0
c4a3d64de5e401a86395a919,409811260.0
c4cef41167a5e8354a61feb4,850202900.0
f52226b24ca3d5b04b7cfcde,1139273700.0
36d5003f0b5ec7f80e89262d,877072450.0
641600a4cbb13b35dc7913e8,860779600.0
c31c4bd09d8cfba562ed2b41,630031300.0
0df96c81adcd6fbc2f7141c3,630031300.0
4499adb2aa3aee94d1f1a1b3,630031300.0
4ec06163d39f96baebe11bd3,403841150.0
692cc1c9949d35ae11412fd6,630031300.0
f1da5388b772159ec90c3210,630031300.0
e7ae63f81f8fad37bb9c1b32,528850300.0
d39797a12d9a4aaf15ac11e6,528850300.0
efc5412fb02ba9d8f604e493,630031300.0
bee2e008ee41f8a711fb8d29,630031300.0
80279a7533c44bbae477ea4b,528850300.0
edc43e57b2905405a13f8f3f,367013470.0
751795587d1396e0daa25783,412878180.0
6d90801ea8cbc12f9e2131a3,412878180.0
71fe067a5ae994180f530686,412878180.0
2e99240e23b0542f1cc75026,412878180.0
fd6112c82d5808311b08e29f,412878180.0
0ac639a7c5ec115b3df8111b,412878180.0
af0cfebd54f32b9b92c5fdf3,412878180.0
b0015b31facc48a49f1313ef,459553730.0
2347f69ec1ce4a3fb6989eb7,503989950.0
209bf65e11bd7053d9658824,607252300.0
41877a677d1856bf609515fe,607252300.0
cf60297d9d9bf1268f35ad95,630031300.0
a33800eaaf178e01558ee926,607252300.0
69e663ffb4935aecb875854c,607252300.0
595415e95e075b70c39d5c5d,607252300.0
719679261d84d6b93035143d,630031300.0
9f149071cf61295815e3f875,874835300.0
3d24d985b95a3e200a734bc2,975521300.0
bbe705b86c6ed4da775b68f0,381962050.0
e1d875468eea7b2eecbb49c7,591615900.0
0802b7e10706252dab8db909,591615900.0
2f412384597554f3dab07985,613808300.0
da8b5c8a320821ab8ca00a80,613808300.0
0f10d20cff5664f9564bc88f,1185586200.0
ab8699d3c685fa834d7ccb3f,514272480.0
85956152686438c48c52e018,731811600.0
ed9c4f4e06183b15b877f077,647037200.0
12e32a758e15fbeefa255207,781266600.0
22cfdfbff44541dba9091753,647037200.0
314a1e163d0b77b0f384da29,404025280.0
23959a0f6e27c8c2b4a7f436,647037200.0
6ab5a87a537d2ce326c867c1,524422600.0
d9ebae84cb53d29bbd8a466e,358222500.0
9511afb73b656135daaceb43,1127487900.0
9231ec89e58a3daf459c5b43,1379612800.0
8d97cda83fc7353a86c9393a,1340315000.0
3b380c563ed2505b7630feaa,998011460.0
6e5ca223128fa2de422b4009,455750530.0
ee30ab004ac5270daf59758e,646313150.0
d6fee4f680569a54f4267215,1048781630.0
db3b84e5b3a9097392a57319,1083684600.0
cef379fa831f936cad745dbc,549321860.0
4db8d32011163bc4fe01d02e,546145900.0
f842221d74340270e757fd41,849557700.0
f6173e36f95ad05b8e94321b,984746940.0
5960f14f2a81075fa66568f8,422157660.0
cdeba97450c735185e486eab,965398200.0
f9a802cbc802d49a087cf23e,1249992700.0
6a9ef848f22fecb9569098c2,834695700.0
f3986309e4fc4cde2b5feed9,1049299900.0
6c3435048735371c36dd3892,750763800.0
f019dfbfa7fbbddec988fb25,989189600.0
4526cb4a2b8238dcc4e496e3,1368759200.0
95561bd325f60967cb6653dc,580858400.0
9f3e09a3461bce2fee7e1c40,1614999600.0
1034b1af0331daddad70f3a5,490121700.0
3ee9cfee7b0acd482672ed47,647037200.0
adb51a572f3198367e3760ef,522876480.0
5c802e198dc0906016741026,383652350.0
671603ba1f755be5d7219a01,404914780.0
001d77bfb387bdf0b53e9e83,690466900.0
fd9fda1abfcdd1066a177e14,524484600.0
e1e78f3432ea2dff6b69c6c0,387552540.0
378e6374da00b72bcd7920df,524484600.0
54ec4fd8f49c897c644ce83a,524484600.0
a67ef3a182aa268bc4d9ea14,524484600.0
8100a4b0288d5d9d9dc86d2f,524484600.0
699ac8957d9b4eb7fcfbcc40,524484600.0
7b35a3e9f3e67fa1974f5c25,658795300.0
6e5383a7f9a68147c2788565,931799230.0
fca1c40a338288036b1eb25c,1098566800.0
237da4784755f090c89f07be,658795300.0
21a7c5d6ea818dfb25077e13,658795300.0
0cf7dd52e117832b4698b310,658795300.0
677c8056695a5a539dcfa3d0,658795300.0
e4b85269ca413066323f66e0,991482800.0
9019f1dd02ede61479b62406,795464060.0
958f3e102c6ecf5f6386a004,598111400.0
b05c741bc5013a7a6abd31d6,598111400.0
2c58f2cbd00035febac060e1,697921340.0
89d36acc5f617a6a97e02f23,419809820.0
2fba6801eb9a7bce7ed2c081,453216700.0
45ccde79aee811756030903d,442772000.0
5bdb5174517b8faa23df9587,936830000.0
36a11817b32bc24eda6ec8eb,453216700.0
f1319a9332946bd68db250c2,419809820.0
39f70d6b68b22668a0631f37,389985470.0
3958d0cb732f3d623764be54,389985470.0
f67028acda5ecaa4c8781ba6,505146720.0
76f50ce5f30cb96d48a69357,505146720.0
9e5efd4741a57b9af54e9265,505146720.0
8c45ac143f5cc43e9249c17b,505146720.0
2a66eb4d2a205bc4474c0afa,615926340.0
85cf1ee98e1a85ff4619e27c,612939100.0
84c2ab0573d3cbffa0be90f4,612939100.0
48976c41de22ddaea3f8c296,459758000.0
001c03f6103d35389825b62e,612939100.0
ceab390b6906d5cbe65fc402,440417000.0
79f989fd66108a2c38a9764e,635931400.0
cc385eff95aa00310eb22111,635931400.0
ed764bed1d05cb1e9a4e67f8,984656830.0
857c5dae475eadef41c25603,635931400.0
7148b0d9e2e1e92d41633230,635931400.0
7f3e02524981fc7e40eccfdc,353378460.0
ccc625df8f51248e3dc93214,396742340.0
b38776cf09ec8e90fceeec84,418384540.0
48ebc3d79e01061c926066ba,360650750.0
9580bf8358095abb15a10c36,332158340.0
d26d35e33a0cf88f735a9322,363184860.0
b4c2a0a1a63d35a9a08a6e15,795197100.0
1bf1913f806bd4b461233551,403830370.0
34d1394dbb483e55d1cc2da5,412738020.0
7bef2da7f3c160e94fe91ead,351303870.0
528014ff6b7cdbfc174f4fcb,526001380.0
bf1dae54bab00fcd3e8c9ce2,501368640.0
f270dfd9ef449a02b6d7ae2e,437429950.0
31d6f089626c4fd08536fac0,459774700.0
259f4f7fd5d851be70d63633,395846620.0
6b74ef5c8ab1df614bfba866,607820100.0
7ee7fba3a30e0e7c2ed3043c,613605800.0
b24bd44eefc3ccf053939dfd,613605800.0
0545fc14aece3f37864ced2d,610822000.0
e07eb36210e90ef0419fa0d0,694645000.0
3991b04509fa61b36a8f7d2a,610822000.0
387af5fb4b4a7f5c3fdcce57,637434800.0
6852e8bbadc1a9f4fbcd695d,775615700.0
8c3373f9c0372b87ef021512,894024900.0
6123a0dd128e45216f832e3d,633199700.0
0913364c688d7375d0f7af5d,414718720.0
8831ae77efac99a6c58ce05d,591615900.0
b6283a5714e0b977110318ea,414718720.0
d2d8f5356f77507f8839280c,613808300.0
f36bb15462fb29f80b127458,943896770.0
7abf9cd6b26e2e2bb6d91e5c,613808300.0
1a5f6f7e8b7af9d48644f1e0,613808300.0
8e2a5f8431996ae0db65d0be,591615900.0
29535d858fa3a11792697820,943896770.0
8e4df02eee6cab9bd1011987,433951360.0
5a4039f0ca12767138ae585f,381962050.0
d84248b3ce8ff6f5fa480a83,381962050.0
5838e86b74020a5bead56161,381962050.0
02091877f01c926c350b013b,381962050.0
df298574e35dda90fb568023,381962050.0
d8b83253855448caa81f7780,381962050.0
1163ab2c0bc8c998e121b922,381962050.0
14f9ab54432e5f54a50be4a5,381962050.0
f4e0fa1172c1d4b70b6c4d73,381962050.0
4345863fe83682f6091d8a77,494754050.0
6c5bbbfa3a1515e5cdec9ae1,494754050.0
742da63af109164c21dd57af,494754050.0
fdc28a68bf8a5bc86288b4c7,494754050.0
0f4b077de4ba5f5db6fb0065,494754050.0
320ff6c0320674fd278f6fc7,494754050.0
6acf9cef08906fe569c38572,494754050.0
853febf898a1dba351d6f917,494754050.0
8ae41ff6a828f175a9f628b2,494754050.0
56ae6108c1b53c649da2f6ba,494754050.0
aa990d4e5f1a0fc4f0bb29aa,494754050.0
cb8b826e929f4f8a8e3687bd,494754050.0
b85a7389bab2e651f05369da,494754050.0
1fe929afafa91bee53df4e86,494754050.0
02e89c055b7692dab024defc,494754050.0
66bc6e56bcac9bfc4a7341d8,633658800.0
63cee15dc4a6808616a2c2e6,613808300.0
9a889078a0225c013570609f,613808300.0
3548fa5ad26ba2ea999380a0,613808300.0
d9d8aeafa748f8f1ff2fca22,613808300.0
9e2c21d635fc25f7790cafa9,433951360.0
f99adfe85d32b0a66f4d483a,613808300.0
eb64fd330053a41ce5be4a7e,613808300.0
ea8d704272b2cd066a7e7867,613808300.0
e7c92ef9784a92c8b7fca693,613808300.0
a9b83e18ae78d307d1b39b15,613808300.0
ab8d6823d905f1f0ccf4a75c,613808300.0
8447ca83d928dc34c2e7f9fa,613808300.0
5bd24b842a67601630036d0c,613808300.0
38d5b9319bc16bae99fe73b9,613808300.0
e1558509b120809eface5b87,613808300.0
4b8d7217da1b1f225f254914,613808300.0
09e0c3a1b90d46c361007323,613808300.0
d090a9e520ef74848bb060a6,613808300.0
07284e4caec09fbbb16adf2f,613808300.0
f8bb20be599b79cbe29f36cb,613808300.0
07dd30f04c5953f325df9aad,613808300.0
622872d345b4b0d9c1b9302f,613808300.0
fc9151dd6f8850502c747bab,613808300.0
0fdd03a2dfb18e323d96f468,613808300.0
ad7cfe29b56c915dd016897c,613808300.0
f40a182d82c489f55c64ab7b,766211140.0
fb06aae0e711d628b16eb910,766211140.0
7dabee85f750266dce02399e,725268100.0
ebcab2f8506c64a461591d1c,639467200.0
340f96c7de105aec5b7a28b9,786492100.0
be1c6023731fb633c4f41f96,409427650.0
d6b051fbaa13e3d92a798521,639467200.0
bd04c8b6b5e381cd5f881379,535492600.0
2ca47f5c36ea5d1cf00dbd2f,535492600.0
3f2c18ea5d8e9a25adca4c42,639467200.0
5bd59dbebb0d6fa71efa4c66,639467200.0
bdac2f1c4b306a7742f60ab9,535492600.0
a0e26a9d56cfb3b7228e5d75,535492600.0
933740e21e9b61721b2c6053,639467200.0
a3b9c1a3b81f17e6b22b6152,535492600.0
445e241d8bfaceb149609d6a,535492600.0
937f0b37f566f65a1871615d,535492600.0
9a76a405640f670c6355630a,535492600.0
7a0f351e8562fb7aafe6e714,409427650.0
4c5b79f3656501fce2e2178d,535492600.0
201053b106a0b89a0a47e2cc,364294200.0
724a5f9542f86cc43334d3e6,364294200.0
afaadd87a196e04b934e0b1a,366864400.0
a46cfad2458ac7ca4134818c,425825920.0
f640eb21bdbb9369acc4e863,461213380.0
8b3350aaa66b9fa1c682c15d,461213380.0
1340b0805cb34eb9a982190f,425825920.0
055d5ab6b22d4d0ac325fe73,454879500.0
faed63c1287896e97987c4c9,454879500.0
a094be8af52cf76977fa5083,454879500.0
feb3384733ed8feeedf9ce8b,454879500.0
eec4d59429b1d1bb75b4d686,461213380.0
3e9754a961d2cf348c9ff7af,454879500.0
8f8a92abd28c8990534e847d,454879500.0
256491790d0a2d5e1ebdc2e2,461213380.0
ede7995bc4e7e672fda4fa5a,639467200.0
9e8a11484838eed1f4673a32,614879300.0
8aad5795547ade3c804c0ef0,639467200.0
4ec4683fcf928d9fb33eb7b9,614879300.0
ee18825bcf4065d29287b54e,639467200.0
485cd615660dda11586f797c,614879300.0
8b450ea6c21fe0b5157529a4,614879300.0
0d45e78397d4bc0d363be47e,639467200.0
bfa4cb65827c4ebb91478e53,639467200.0
deb2c93acfaf6994bb3c0608,614879300.0
571e1a8c252cd67ee0475974,673673800.0
04e337d3c692f3429d47aef4,614879300.0
cd2913f013727119158b98c0,639467200.0
ba63594585c484bbd20ed3a1,614879300.0
beb7b99cf12926d8714d1c5d,614879300.0
0fbc9e52ccf1b7ea8136cbbe,639467200.0
f36031f3a3f77a3fcad337aa,826393300.0
7738f18d533d0f0379e3a06d,961983040.0
20c3cc21b44eb37d0b359c1a,878783800.0
78257e76c16db549022fbf2c,961983040.0
4baceaad0b0081bdaa37473c,961983040.0
6bbf67d88846e94a63014eee,961983040.0
edb259013ceb62ad9b23eee3,961983040.0
ecfe155a407ad2c2f74522e8,883830000.0
6906a20be4962df7725dda7c,960825900.0
5d86b884df3627d93f206952,980206460.0
cac3eb4606346268cea48e32,1160375300.0
e7439820086f8d1cb13d7c9b,747213760.0
b940561f2d48444e139eaf71,447720480.0
4433060d0fa95ae1382f2de1,414718720.0
27dd503d4fbf4d5f5d850d4d,613808300.0
42a73bad238f2d3f5e376044,447720480.0
2b53b13cd912f353cf9c4757,591615900.0
4cb59b46927df31150830d5e,447720480.0
2f3d01cbf0ee0b985386418d,447720480.0
d12e6de49fcca906c3586994,381962050.0
8f541a839df1ae79d563427f,381962050.0
ae5ff2b5eb4f9ac44fef666c,494754050.0
ca77a424800783bb9c5c0450,494754050.0
c0ec1e7ae2c6c3c2f2ae34b8,494754050.0
2372f7c0499de8aa2e5ffa06,494754050.0
46de3fbec5bc6c0e256e7751,494754050.0
4d8b338266822739bc9c8fc9,613808300.0
86d46a3fd9d7bbcac3319829,613808300.0
b13fce1462ed87e57ddec917,860771300.0
625caf4f4f56f3f6bfd3f786,380766940.0
2214e2c62cf8d2d14f11d47c,453216700.0
cee8fedd5685633435d77a06,598111400.0
061386497cc2dede3ea70b1e,453216700.0
3ce50f34a7974ec17178a79f,453216700.0
855ce1721230ba103fc0ae84,380766940.0
ff3b85eb538fb9a7dd03f459,380766940.0
111bf82100a6fab0c9ded743,615926340.0
8877941794810464749ba5d5,598111400.0
1122a042822658cb504dc147,615926340.0
d7d924ec35768a3e6bd39b20,442772000.0
27cf45528b4266162f7c9029,453216700.0
916f946082d03023ffad6f2a,615926340.0
68181ef118970fdb1d83f030,936830000.0
2f0bbbbb466fae3fe5c4f614,419809820.0
17c8b228fa2591e3a234d55c,389985470.0
e5d9afdaf318dbe749bf9950,389985470.0
ce2cce355f493a75ab59b242,433833820.0
b6825cfa2fde9b42fcf04c59,505146720.0
6fb3e33e16eb81331d389ad7,442772000.0
e29d9a401a246c00f5eb2413,615926340.0
fdf103976a39cc12f5effaa2,615926340.0
d1526bc5e5446680841a9cd7,761008640.0
a96cb9d988f5dc99bf5df4ea,761008640.0
760125efabf13246774a9f16,722752000.0
229607e2faf76efeeadcdfce,414718720.0
f14b11d270282b317d9cbadc,591615900.0
8a41638edfc5183469b6c43f,414718720.0
ba249dc7eae0609f20ccf234,591615900.0
0dfc7d77d3dca86a221fe62b,943896770.0
ed7f61ea4c9095bd4aca258a,447720480.0
d2ce77db7cade7f2c6189002,414718720.0
9d18c354e8939c9f18598f22,374500670.0
b95689add02915dab555d9f7,1185586200.0
1c35d9468cdc55670d48db84,613808300.0
caa4aecacff2beded2e76beb,447720480.0
017487de3455d9f642a7fadc,613808300.0
8ed9c13717d2bb274a81e460,943896770.0
c2eeb1cf0549df1359ef4dcb,374500670.0
3a413637f3108ddf7bd53bcc,374500670.0
145a241c80430b1e4ddebcfe,447720480.0
c954618c48b70cb00efb49fe,414718720.0
fda6cee77fbfbce6ec0eabdd,613808300.0
b92c9c464e23f8b987290769,447720480.0
d81b170177769c0121b8935a,613808300.0
7a832790d068e1e85182b5a5,447720480.0
462ced9cfb28550c160e5664,613808300.0
edd9a278b86b1c56e237a0f3,447720480.0
fe9b6a82fcc3266ddcb3e36b,591615900.0
fa74fbeb90bdaf8eb26f8329,613808300.0
a70b6661eda6ef616e19dded,447720480.0
cbcf4d76223673724b0f9811,381962050.0
ba16ae6ca55dc3c0d5480944,494754050.0
3c840c206546c20b3e53d4fa,494754050.0
c61076b24927a46ef506322c,613808300.0
2e797c8302fb7ada13ef2d4c,743179970.0
3c9e3b97db788dcd10acf0e1,746288000.0
28db5acb7b224d44e3d7ce80,535492600.0
c7aad87d39537083a5620757,535492600.0
099721566fdd0a32546fedbd,535492600.0
bc67f29c8679adf31353bec6,535492600.0
eb40a304997a6e66c550b704,639467200.0
3882da646752a82db088c614,641341000.0
68c319925551b9484778bb65,639467200.0
711b570ff195fb77229deb35,786492100.0
e7a2e8e1c22a52f78ffd1b19,786492100.0
814d93fc94b4de6d3a860bcb,366864400.0
817da44fa842fe304b93c199,366864400.0
5cb29f5aaad14b6c33813580,366864400.0
8a1105028a1a1b83c5080abb,410231230.0
82b69c38d041325a4bb2fbce,320317000.0
a57d01ed5a9641ad64f7f032,425825920.0
90186e67d802be6d12eb3696,461213380.0
f781bb1ed340e08b23258ceb,461213380.0
db05818b6de8d77c1c3fd053,398436480.0
f4ed8924f5d1a3e6374715aa,958799360.0
d792d1eec60822752c8d52f1,461213380.0
47a3c63f65a9794384c655dc,454879500.0
ebacf31727972e81d0a0d904,454879500.0
a759e4c03e49c419c8f0cd2d,454879500.0
0648a4bd7ca088f4b3834401,659757300.0
b25734bf3ca94e775f467e85,454879500.0
65a8795e7a5b88acd7a469c4,614879300.0
b799aa1dd2de813ccad401e8,614879300.0
c01440b8ff0d80e7bbad715c,614879300.0
a20cd5193779526b43612ebe,614879300.0
0cddda1c211fcdce819d5f8f,639467200.0
69bcce6b58fc3702580d3234,639467200.0
ac7c0c806b57e4942d9ead3e,639467200.0
aa9e131fe4e7982a374bbb84,639467200.0
290725d6b15062397597b954,639467200.0
5f0fa37b7c5cf77e0508abd2,1087210400.0
c76f482d2a8f8db5eb79ae89,1191384800.0
f651cc17b051c962e4124795,673673800.0
250d84aac8add089061d3204,883830000.0
d3f9cf66c1c05f55325b894a,961983040.0
7198cf5aae5d0d5ba2e43b96,961983040.0
766c7906cf0493736436fdea,1319464800.0
78f670c0d7a26c0323281ffa,878783800.0
ec0eb8d68807f52b681f138e,878783800.0
446138cfd3749c0b6715b0c3,639467200.0
64b4837e4550ce39f2f85342,639467200.0
1103c663f6b5ed0309a767b2,639467200.0
b9a573a3f2cedd87c7dc6477,461213380.0
de54862f5b7b8ff345c6b297,354882700.0
16b3311b337c0cb9312ddba1,425825920.0
a1c2003dfcdce97d21f9cd15,454879500.0
262688a95a32f10fa070a887,425825920.0
8e374b19fb87640c56243088,454879500.0
4032d6a6a13399797a794ab7,461213380.0
99f1712af0fe96f67d11037b,425825920.0
bcc584e6a08822158e2a1454,461213380.0
ad14f4403926de76de2604c6,354882700.0
01f855427cbe3eb51b38288f,669413700.0
4673ef4fa28aabb0fe61043b,359767900.0
f4cf541f02d99ea1851b9f12,425825920.0
bfe19954cd4680149c682587,461213380.0
fed8f3bf4a2d7a426901706c,639467200.0
480aa7fe286f4aa31f56d4b9,639467200.0
1e9850a50070dd51861a5e63,614879300.0
e26dcf5836f5bb53553cc413,716342850.0
c7ac975025713f368bdb0af8,685910800.0
73fd5bc0aee47d89a160f5d1,614879300.0
5bb9dac6e0e9409e89aa6cee,639467200.0
9b15aa6c85804621f5c42566,961983040.0
199fe72cad28e4554e359ff1,961983040.0
b28ba88f3665a2f26c2f8e47,961983040.0
453ef603a66a34f17ae22227,878783800.0
d8f4955ed4fc363d6d9ea897,878783800.0
f2eca7e3226f625807f7d6be,1448993900.0
361ccd7f37ada9c07ffcf71c,961983040.0
e7d1ee027da436cbaa122f48,1160375300.0
554ec896fe4f9d8f2e8eabe0,1160375300.0
ba79c72aa8bbb0517c899b59,603762100.0
69dd957e78fcdd4d8e874acb,415484320.0
df91a3c7f364df5e6831f2de,409427650.0
77866048ba7b69532d0a18cc,535492600.0
a792bde8819aebc5b2d73a6a,639467200.0
6293e4a72b5c84782bcdbf78,535492600.0
bcee01a5d6a36f48d99a5e4b,639467200.0
c58b56f1202d1cdffdda3021,461213380.0
ed3275b560f020baeb9ce3c0,461213380.0
2a872557ba401f4c95e0ad2e,716342850.0
6b8c1c7c855656b0e56f0bb6,831893570.0
d6297cc548b16bff11eea51a,848346500.0
dadce7c7a446a6a177821b73,639467200.0
f5d9d8082e7652e97973e0e4,961983040.0
2ef9126614eeef828f797e66,883830000.0
c70439fc435337f1e8fd2f5e,1160375300.0
79631cac54b1e71c1022da12,1321051400.0
6fca3b70ba2c68d9e0d2540f,393736700.0
5b29d453bd368190e0e356c2,491475330.0
25995099875f0ee622ebc31d,731334340.0
34bd7be0761ab3d43da7a81c,496654460.0
b8e15d182ac0c74fba332b8b,526903070.0
901e3b835718ccae27c8831b,543083650.0
e1c7a101e5d518583f9a2a7b,886516160.0
02f6ffcfcdd3dbba94dd7b33,935835260.0
2162e09e137eb5f4a1f32b16,450135970.0
5eb815f9023e6eb97786233f,1297018000.0
d2ab14487e0ecf640a785277,512404320.0
437167a9db41b677da7d5a7d,441423680.0
c3f889c41c1effea85bcc706,404914780.0
155da5ad9ad19d57a7632cd0,524484600.0
43d1fb0646562c3f1dd6fefa,524484600.0
8eb66c4b057dd4b07b5fbca5,524484600.0
f9718594fa52500c16e3cd71,658795300.0
d9c46d54ba6df0d21ed4ca49,607252300.0
d3f688e0deaff6648f2925b6,403841150.0
093a92c6846c924f88ba8750,889802560.0
9b1223cd8c9d7b348d6a5c94,1066830700.0
8209afd76e36d8b5c4f7a991,393965100.0
29fd909e7cef62de53430e1a,393965100.0
76df3d616d8bc1de789bd83b,393965100.0
8aa5d44a72b2a6851d14ef86,515269060.0
eb4e1b72abce1d184dd4d5e4,515269060.0
2ba24fd47c2ef8520bccf6eb,623668300.0
1c9e38cd216595b33e283134,623668300.0
2fc150cf6ea4141106bb8ac4,321095070.0
8dd46fd8ff592358e4c3e7e5,373384450.0
d5e001b2f1dad3962cfff9aa,450135970.0
6e73e42a0d2ef8d6e403112b,375658180.0
2537dfc786054c61eb3a80b5,721651400.0
19c77db46d23e0c07a06a8b2,450135970.0
e6424086fe1cf2a2931f4847,721651400.0
66526276a7e8da597683e8c9,557858560.0
cedd20027ebbf47baaa0dbff,557858560.0
ac7c323295addefb43c62acc,592366700.0
a8e74eb5eb523143cb291cea,623668300.0
ad393e9070779969b496fa72,623668300.0
64d9dff81c79a16579cef2f4,1034128100.0
ea91281d5eaf6b8f436d47f6,1034128100.0
06e59cc783be86bd145a56c6,623668300.0
7458171e4db497a4cc1365fb,1009057600.0
12d73fb8f4ca87b19ca46231,592366700.0
5e935d4a03c6abc86ac5adfa,931897000.0
2754b4e12a7604efe8e03f5b,828367500.0
9ea7a0d65493cb5487ed2084,412878180.0
7845cf57552577b059dd13ae,403841150.0
6e710984bbf2662a9cc7bc4c,364991800.0
47720fb9e2586dced75db114,402365700.0
cbd48f3342e63a84173a8dfd,360035620.0
cb83c138aefeadb184d2c7e0,473797120.0
397d4e490eb2db8a1b18051b,383280800.0
4f65732875c007d3c1102140,412878180.0
1f8ad363a0539a6f2455c3fc,353993020.0
9535ab027f9f2a9a8fdc21fd,410810660.0
248993a27da888a6e3ffefe4,462006660.0
cd07b4553b6d3863a9e444e8,528850300.0
f53fe605b0a2857cf3facf73,607252300.0
ae48e30b60ec254bf0dc89ac,528850300.0
2a0e902f3c07cc9696000177,528850300.0
d57535248bb34f65ae678a39,486025630.0
9949cbc958bbc0114404960a,668023400.0
841c57617a075690ce412083,522960260.0
9fc4385ea76cabf741d38789,374965250.0
0367da7dc5374f1957a1b7f6,877915970.0
7703f868650a8252e954e457,707457200.0
4cb9319ff5adaa62386b713b,707457200.0
dbb30f9d010677de2aee1b71,1055218600.0
0b54c51a787fe58bdf677658,967673100.0
5234aeb6d817b8ad876e50fe,597015000.0
77359d0d34ba4c9d825e46ed,388660700.0
b84795015be5077f942f5170,374965250.0
75f5290d61164d42b39d9d51,401956100.0
b46d50c84edaa7feba938671,707457200.0
be8c05b72ee7867fdcb05455,1255251200.0
356712646865d98127b92a57,544150600.0
ab765acf8b87daf1673b3a97,573951000.0
3a2cacbd3b4f9a23514b1433,1040919740.0
3c6d485d7b01ddd6147746c2,546948600.0
054cd21c3b12f165bd520313,707457200.0
e114160e3ffe6a703eb42440,496329630.0
a38b2d75349c56ce04f02a94,607876860.0
71fdd2b1214b9371ef149c1c,854183550.0
10970057efd092c98037498d,528850300.0
7543d0e85e6328ebc8283d75,528850300.0
db1cfd89dad114c11ab2d409,876401860.0
760f24a443eb01721c6ffea3,975521300.0
a1508f30ba87423e7393b4fd,975521300.0
5814dc311aa87b24e26aceb3,630031300.0
f26c2bb4d5787541e9c36463,975521300.0
cf07a5af6ee98d735bde14bd,630031300.0
8b716c3dca89b7caa7db1aad,635213760.0
df89e7dea6c313b0cc262249,630031300.0
3e2c1d2cba8755ffad9cff27,1053477060.0
6771a8c70428fec0f21d51a1,550231040.0
d8171d498291341094daaa39,1191191700.0
3d43dd23536f843c2c5bd268,1369169000.0
785dea91d94ab384bbd6ce3e,707446460.0
6c316d2bb84fff36bb01f14c,1369169000.0
08ba99aa6a8ee752209de6ae,489792740.0
d177236e8c725d4405025916,1110975700.0
9a6b537a7319b3446977919d,1305150200.0
e2e7b03feffb21bad63eca2d,707871600.0
f2fa898e1bcccbdb92dd91e9,748734600.0
2c340ee014e39ad0fd1309d8,1166184000.0
7ee83e5d70855ed21455b6d5,1103678700.0
fdd4b5fcf9ebadf96545038c,669458370.0
512b4ad817c387bed877b7d1,1448571100.0
3ba644c7be754c21e3cc48ee,756883100.0
cb38dc837baf3e0531c6c115,748734600.0
5e931fda1e62fe41ff0f2ba2,512041860.0
0ce9a7d4b0682dbbca68e070,504642100.0
8d114cef336100a8d8c81ce1,826926200.0
ebc3a6574ebc530ef715ea7e,843280900.0
4c2b14bfeacd87b878cbcc92,572440060.0
577b17cb350bd2a646725b6d,1030768600.0
0dbe463995c605bcdffb133b,447963900.0
88f3f39ea06fb882c69bbd10,360140030.0
e54567ced41a40938b85485b,679733700.0
cb6d29f005078d4d4efc2d04,959547650.0
1d0919344e52b315441aeafb,598100030.0
62c39ad30e9a26d8cf3593b4,889802560.0
a02bf67aecbac445a12da958,1344260200.0
06baade01a74972cc4a419ec,707446460.0
3943b64f9550a575f15d6d29,1015707800.0
b62d64605362afc574ea5b0b,1280968700.0
0ef45eb4356e2f0331ad2457,767403140.0
6700ad4d4d7f70def59a5d59,710680060.0
19ad2fa7e170c67870ee58f7,897594240.0
919c1e281329379c4d130416,974504000.0
8a451ef547efb90a8fcfa6c8,901884500.0
5c208e5c37aad07602f7cd7f,403841150.0
164fb89266e40a2530400599,403841150.0
5fc0f0c4fa019b6f1b2a016d,403841150.0
3b16ff50ec7fa717efbd62ab,528850300.0
30e6d4e1c53e9e81ff66df43,528850300.0
cdae3bf05372c13649a2adc8,528850300.0
170a69c11cf4f855ed015bed,910231500.0
e14b31f8a454e47c383cae94,367013470.0
14a8134a56af1b328321cad4,459553730.0
ea8cc21bf7d48979bcae1458,459553730.0
c287dbff188e95f833ab21f0,459553730.0
2cd0b2d7561919f0223608d5,364991800.0
1acc5749203f964fa8b2092a,359975200.0
9543c16bd5eea47111e6b266,374965250.0
d415dc486936995f8b3704e3,388660700.0
ab946dfa5b9d7214a3756978,707446460.0
803711fede531ad1621a6823,679733700.0
f83f29f28978d7dd76cf5942,572440060.0
4bf284e6ba81bcaa21a437fd,707446460.0
d8ed50fbd5ed46d36b3d2dba,395932700.0
b40128f5e17574a5d3da9a32,630031300.0
506d4cc6613a07c313a12de4,607252300.0
558b7d06789a1c8e488c38d2,607252300.0
38410183814a757520143737,630031300.0
560a750cb6f8683ccac4563b,607252300.0
48740edcbe275bed3c82efed,630031300.0
50b2bb276e598c9cfdb42b0b,607252300.0
302adfed183564312f9e3087,669458370.0
063e53d45e5e7945f1f10fc2,748734600.0
6e2c39fbeb5392e6aee9b644,975521300.0
8d6c523d4100ab0c83a31fed,975521300.0
6d6aaf30227f16b2be29e79c,975521300.0
e73e5e75cb18f52dd7239361,550231040.0
dd625806063f76dcf53582d5,1030768600.0
a4b16572b8bb786561baa3c9,1369169000.0
9446f801f30e8b2997fbd72a,1187197400.0
941569c4352c3a2e32c908c3,1187197400.0
8b4c54125d9165554e4123a3,894024900.0
d50f33fe5acdaf5caf1c6ac5,430176200.0
46ff039321805b51870c64f2,637434800.0
1ac6c220eb690db798a3d4d5,693374300.0
faf872c4bca132b52dec368c,651865700.0
d92232d77f7a124e7ff13ee9,790961600.0
f9a136d7944cb7768b598a88,381962050.0
e03610db09ed7315cfcd64c9,414718720.0
8c51f1b43f15b70d2a294918,409821400.0
21d141a84af5f0e2ade9b0b8,447720480.0
55c7cbf5e572d2342d0d7071,591615900.0
54c0e5e6d368ec51f6e75c1e,591615900.0
434ff40bff8fad0962ec07e4,591615900.0
0a199d5741b5a6213b39b793,591615900.0
9931470b50580f51e1a4fac7,591615900.0
89498fdf642e770ea75be7d8,591615900.0
aba39002de605f9ff34bd542,813534660.0
0c1c0ba7d75dc4090b7183f5,613808300.0
2ac425aa592565b44b25cdc3,613808300.0
c0cdcb5f860e3a974c401861,613808300.0
4ec741bc6ab20515070cf1ee,613808300.0
3d4c48167a8de8cb0e4956f6,613808300.0
f5741fdd9f509d3bb02e35bc,613808300.0
c1d0c0846ec652774ed5474b,613808300.0
ed2c02ddcf0e54789d9d2675,943896770.0
0e05eba6eed4e55e89dc5f14,943896770.0
b29e5a75740c8439aefc9321,943896770.0
218445f989b2da5eff4029f4,943896770.0
0c7da0c2613129bc322b1da5,943896770.0
a41210034abe19957b317d1b,943896770.0
0cb4217cde38e09571fa73ba,1185586200.0
9df0663317db1cf4121a222d,766211140.0
62be98264dbfd418ba21cfac,886573630.0
939ce1536f15c0e6bf203dd4,723454000.0
d9028df78f9b14a720dbaa8c,723454000.0
b05f4b5fae2f2faaddb377fb,524484600.0
65ac61968819927b8fd9b990,524484600.0
1e83b53963792d7445e19d27,795464060.0
72eb1af691a950fbb7e8d635,545626400.0
94fecb92077ffe3a72aedec4,505327900.0
f660a48b0eb17e98dd77c0bc,539157500.0
27fe3fc3838695ce34c5d287,387552540.0
9ff4b1fc1970cd5c102cb755,1117180500.0
b54940561992090411749db3,381962050.0
d4990842f549d8139fa94c87,613808300.0
f6013cab49ef9188aaf87972,613808300.0
cc2e8713dd087d3b842d2f11,494754050.0
fb8aa6b6c5d2499d404f3f73,494754050.0
6a8b9fd89b745a52703715ab,374500670.0
4721d06c49413558bda1fb68,374500670.0
0100b3a412accebf6a3aa4b1,374500670.0
215e8852679b9cb6c4029ce3,374500670.0
0afec1b2e7060b99dbe41a10,374500670.0
4ff17c9b88aeeff105b8301c,414718720.0
6eee8548b87c9349ce90ac2b,414718720.0
9b264d26a196a76951308cca,447720480.0
945fad7539481410e8bb60e5,414718720.0
f727924f0f35ec9fb58d0c31,414718720.0
c7876dc81e250503076f43f2,447720480.0
e4f3e425e9f6e393999d7a08,447720480.0
cee1833e8964355b9aabbce2,433951360.0
9a1819c45b01c341647a2410,414718720.0
ce95aab452311a0cc27e0c7b,433951360.0
e6eff72b7c5b0fc2677af2ad,447720480.0
3b368c10d243f6bc9c027061,414718720.0
510c03bfb80d92d180803887,433951360.0
664934c8e209352d2c79c971,414718720.0
689ba3a92dd7c12f1965031c,447720480.0
93d4c413d2a1ac59f1b46830,447720480.0
08b09c586530266c14e611f9,447720480.0
7157dafd306fa99e4c2ad233,447720480.0
74e15493f395fdd312d50cc8,447720480.0
c34c94e7129f84267a5e4fd7,447720480.0
fc0572d7185e132770c3bad7,613808300.0
5c1bd88edef0a4146c871fcc,591615900.0
a28a31f7d0e3fc6298606078,613808300.0
f388112376e68ccb2290074b,591615900.0
05d1c33ea8c89ded7391ea92,591615900.0
dfd84193c81ca8430fd27ad0,613808300.0
8b89813a4ae5f9209f854be1,613808300.0
d7b9566ffb28c753bea96f0e,613808300.0
8062b4109c12a95dd62bd43e,613808300.0
6d305d6f3e3c2a53515d5f6d,613808300.0
ff143fed55f12a0105f9f88d,613808300.0
0fd9a2a99c44c9e5565fc17b,613808300.0
7f85c59323701ee0e75abb92,591615900.0
19baa03dc4143a83920a7d2a,613808300.0
bc23ec33573f28442b36f60b,591615900.0
9957e5492f63fa295772246b,613808300.0
62e376b22a4cf0d84b7f6bff,591615900.0
0867853879129bfb46dae700,591615900.0
92c5129009b7e377fa004a93,613808300.0
6b9d38e0b9a3e28e3e695be1,813534660.0
b6da2728ee41d035da57c822,943896770.0
adf5879151c7236f5e055e1f,943896770.0
bb31607d0bc3ee4a37fc912d,886573630.0
3ef8fee6a5cf42827d8bf562,943896770.0
e6016afcc032d20fc9d6f2be,886573630.0
f3962b552d34eb8bf38b4763,943896770.0
bce7369d51094d3a9d3495e6,943896770.0
55bfd350162592f2571e3a0d,943896770.0
3f226452520ee8f04e306bb9,943896770.0
b16fda9be5edaf4cbcf07122,813534660.0
e6f5ae869a5b7a30e8f0fd0d,943896770.0
ab0babf6941ef43c35acb951,813534660.0
3bed16373c8ae820187e3d5a,943896770.0
bc1335d419a1c0f6e6860470,1185586200.0
98575cb25b358dde32ad042a,1185586200.0
fb50f2f13a30fccc3903577e,1185586200.0
7a608479334951a3afdc655a,934427970.0
9cb40496518bb99a7a00a2ea,1333376900.0
a69ded1c20e05bd6b3a90028,636785900.0
71d422db0c0c638e448142bc,528191040.0
fad033a3c81708df7b6ee73d,636785900.0
99fae85157be04554b236007,408131800.0
dcd314dabc7d162cfc29c81d,636785900.0
1c65d5172e53b4c7f1c4d6a9,636785900.0
cb6d4db44c789fcfe8236b40,636785900.0
ee2c509989c7155bb472c5b0,636785900.0
73b60c9053ff8193c2dd2823,408131800.0
2a487cfffeb12837a5586a41,408131800.0
c9d285946ffc4c4b3ee95da8,636785900.0
6a21be8a7a429eacb1de8c1d,528191040.0
2a7fc28219bee48a2368e730,636785900.0
5b169f28ea1dc473ddf11580,359966980.0
58b3ab31de2f9fdb0da0dc8d,515355550.0
2054c61f0162a18c6fa2291e,355693820.0
39940234a26e7264b464450b,486853250.0
550157aa4dae5fafc5d795b4,615889900.0
ca87bd8401c0c7bbc4b3f286,850202900.0
a8fdb6fb681aeae4d5c22f9a,1104573700.0
998c864a446f06d114f42fa2,857415500.0
bc57535516748048e38d4a2d,1129388400.0
ddd55d8001b809f304883ce4,408131800.0
b9fecb3e6a507ba17764c303,355693820.0
4bd30aa3e2b4aa077ae27490,528191040.0
d7ee2851bb69088f851970e9,550658300.0
40eb0c78da8b51b53548d914,939141440.0
1097d9a61690cc58a4b91e62,393077150.0
6aebff5b1fb3a438c2c7969f,467869220.0
af672710affcd7e44eee9ba3,393077150.0
fbe3b74f9e11c829d4dc69d3,1194727700.0
6b7219005737d8660d134ace,1194727700.0
042bd2cfb2d33467149ece1e,647442050.0
d5999beafbdc8acc8a6ad809,617031600.0
4ba65b1fb8d8ab0a914b0b8c,467869220.0
230864c9c9c5959f9f0d36ee,433382270.0
8520fdd4f5fec0ba861ca9ac,393077150.0
447dd594fdadb1b12ab32e6c,433382270.0
3d405df6e5dd012419f43ba6,990490430.0
e120c33346ead011ab7789ce,467869220.0
505740f7746e0154932dbdc0,467869220.0
e9a427f23e80fa59d9d517c0,348236400.0
97388d009acd9e5ad49e7c4f,419809820.0
a100f050c34e438070ff487a,419809820.0
96d14a1d29b7abc2cad573cd,505146720.0
f69e25355ce3887bb1078fef,453216700.0
86276ef138e0babab9863276,453216700.0
344f3bcc1acdba48c12f8441,598111400.0
f3dbdb2b69017cfa026ee18b,598111400.0
ba32f2964e8b68ff5555fc34,615926340.0
fb7154b2dfd2a48c13ef70cc,615926340.0
089dc5de66c6c4132734b9c0,615926340.0
5c2ba5028fd94a6b9859de70,442772000.0
e8544410d811163a13c6a326,442772000.0
74d8df07206df08e8f3dc232,615926340.0
6fb4126e3ff41b8052fd0657,615926340.0
ba35cce2e715bda1684c937b,936830000.0
d7997b9126bef50985bab347,381962050.0
da3aafeb2d0105f8e09c051f,381962050.0
5daf1136686fc538db40afad,381962050.0
88f632cc304cd769e2d4be27,381962050.0
c5dc941305b5fb59e66479ba,381962050.0
ec422df56b811a0aa42d8bbc,381962050.0
bc8bd1feaa8fca4c52e130f6,374500670.0
60c116411ab3cca49f7f49f1,374500670.0
75ae43992df8ef41eaf9d98a,414718720.0
87ee5c7c49ced4ec99f44d5f,414718720.0
918f56ffe325f21522cc60d3,494754050.0
dae09210f48e5bbe0d31c728,494754050.0
c1ae2af40e1ea9da6380b8ee,494754050.0
e7b717278f7c95cbfceba80b,494754050.0
387f18b1f01b1aae536752e5,494754050.0
c036fb38fbd2d1b59ed5b7f7,494754050.0
76c510c0ad11fa67f0e9a4de,494754050.0
ff46d9f7dd86b8bff7cc305c,409821400.0
23d95cbbc056b4456b94c97d,447720480.0
fc65a77fbdd07fb490ad870e,447720480.0
8f0a61533b6a01badf43b6ed,591615900.0
c26990b034ee83450a4517b1,633658800.0
53ffa19a09c447f3759f86f3,613808300.0
86d80d3757377df6f2b8a0b3,613808300.0
c757b3960436c23dfaed4f2d,613808300.0
fd1431e595693fac0406151d,613808300.0
42b6cf2a5225dc62342d3a20,613808300.0
6f8a0e8f1bce0243ea50213c,613808300.0
02277f636716264116015dde,433951360.0
b72459ea34fa22d1fd012dc5,613808300.0
cf4ebcab3fe4d12e1a20146a,943896770.0
ae2c10850b4a8ffca934cc72,943896770.0
0e22a41ec27869c8f83f9be9,943896770.0
22a43024821ad081e654c5be,1051654140.0
2054c223fcd48a48f67d02fd,409427650.0
9af6ac77a9aa0c6da3cdaeb0,359767900.0
6601706d2133f96aecfcbfbb,425825920.0
ce011b7462e9be36184a2984,535492600.0
f759f71e444c16a59187a067,535492600.0
84cfb0342a0bf2c6777de39d,461213380.0
760fd4c893a56a4586030772,461213380.0
fc174b19baedc11f78b647d2,614879300.0
aff9e510eba008f3ba5c1847,614879300.0
a5a4c0f268548993b61d65c6,669839000.0
6cfb8a07fc1100569413b33a,614879300.0
94301e20cb91669986c4b34f,639467200.0
52c1ab7484e412ccbf5d57a5,639467200.0
2538cfce1c108ebfb1056c8d,454879500.0
d57541684e5c00bd9354cc35,490764350.0
123106a60208725514f3a343,454879500.0
7f2a2959f5ae816761be658c,1055611140.0
fd5758238e7ec91e415779f7,639467200.0
e3197263bf47b3d37f027e11,639467200.0
8e5661e79f4fc282abac1f37,639467200.0
cdfc387f8246a1bb3110d724,639467200.0
c53f3bdfe8159bae98ab005d,961983040.0
200ea08f57fa23013d0e661a,961983040.0
603c736378e07570fb985ab0,961983040.0
cc019e30685c91634d2fd4f4,961983040.0
b0d394d6c9b8967250854c66,961983040.0
f7a79e1211fc72e06a3a82b6,1160375300.0
8a1ea9d91b3d8a66c6341243,786492100.0
22903633f8c4d91158f65c58,786492100.0
bb67d95fc94532b1fbe80ba6,786492100.0
a8e696037f8747f562ec98fe,501189820.0
72e4fa00e8aab44cf210251f,673673800.0
d70948f87875325380885803,1068818560.0
a0e53cdd1132bd19b8ba0c54,746288000.0
882eb7115cd5b8b09fca0e47,409427650.0
529d6599d8a64c63566a11e9,409427650.0
e26eafffe4ca3c22b7f4a272,535492600.0
4e4abc111c07656e5bbdb0ee,535492600.0
46e7860100b0c09a6a475b9e,535492600.0
7bfbcfd0fb8f5b6d553c2d0d,535492600.0
5fedc401fc32ecc4d9ba7e89,535492600.0
aee8b22ecf19495fc5894a08,535492600.0
313e17c442fa3040065b7489,639467200.0
26206185deb023a344eb2e99,786492100.0
4a9e2358d64df916e2cfa213,366864400.0
2f6515defc3b21d82e0ca4dc,366864400.0
a9b18720f68c7002dc71c3af,366864400.0
af911ba38d5376a8aa53fcef,425825920.0
025b094e1ea7248f4aba72f0,341084300.0
f81aa0f575dbbacdbdc681f9,425825920.0
848067a69d18a171e7fa34f2,425825920.0
e22ca3f1c8073e246079d57f,461213380.0
11444a88bb3b230b4feb5b58,461213380.0
7a9264f3a12de839a42c1783,461213380.0
6d825b439d8622ab90245049,454879500.0
d2d317f2990465269ef58c41,614879300.0
2860e4435c857cc8a661ec97,614879300.0
39c70622597e64c4821d0731,614879300.0
2d6f5bc20de99dd0bd4e34bc,716342850.0
37ac1ae3a7e2a3319eafbb58,639467200.0
fe6fb32f623a9e3d5586a8d3,831893570.0
501531d637608f7098ba6242,639467200.0
69f59487924240bac2e75bd4,848346500.0
358e1287e24c3c4fb353315b,639467200.0
55e307c88e2a943acd64a9a5,700639550.0
19105db21495d546e6792a25,673673800.0
375419559910484b17782b47,961983040.0
c9d254244e315974cdf5d921,961983040.0
adeb9a6ac3d357bd96c019ea,961983040.0
b08e0cfc5bdf5bdf5068ebdd,878783800.0
8da2439f391c6db92b9260f5,878783800.0
d0751cb5e704e28e03514fb7,878783800.0
9051c6d14018b4894b560e2f,878783800.0
54c3eff286c62f05ebe2ba57,613605800.0
975ee5aeee84593bbeb331b1,408921150.0
5102f4786cc032e24781c7ab,1737983600.0
cfcd97bfad6e013aeb57a2a8,613605800.0
f304bc9e9edfc24eeeb720d5,613605800.0
bd05a6f6ebf924adf92e5577,795197100.0
a7b459470ef58ef3bed7437b,412738020.0
37e009a57645b845b1673b8b,509835520.0
b70082fdca35092802f8745f,440726240.0
8a69b9d7461107db6d16d1a9,468790180.0
adf055978a7a8e9bbd88e741,360491200.0
6c02bbf7f6b087a1f0c8a47a,437429950.0
d91017d9c530e058ace2e017,548857900.0
89016540f8b3fb727d863bec,1025771260.0
506b653545eebba4c8821588,1088204200.0
01fe5add1e7df4b15dd73bc9,599858300.0
4911d01ea0a4505d5db5bb2d,425242340.0
68bda8b092d5a53a35dfaf07,991828900.0
70bec150e1d8ac537cfd90e2,932473100.0
0e21abdf04b36e5f6a1fc337,1235293200.0
f53efb47de2bca5912ad7517,654692900.0
82d6244acae149ed9ed88e8e,513451140.0
755a4fb96ff2b2276836f49b,513451140.0
f15ae83fbc4e4ee3f646b4c9,332158340.0
eac458ffc1da75fa1a4ab384,545787700.0
6f7bc7fd41ed908494d8e098,598693500.0
12d1678bc86ccdcc8ad756be,822366400.0
6e07d31b81f3fc9b9de8e1a8,1586698500.0
6c618bfe55cac120a4f1e08b,782176200.0
22958cc4622a0050d1aead77,423642660.0
c7c3da1f12d872a3726736f5,345497440.0
ce30c2c7cda56a69005300d4,333151330.0
7a26e5936765b409b7b73cf2,1138103000.0
8d5a73b1d27a66b3f72fa662,585063550.0
3b8302dabc47048245acc09f,669066500.0
909182c92bbc39b00536ce6b,445952860.0
963da21c3c571d7bbc36f1b6,442782140.0
a73504d5982fef268f5ff589,603762100.0
50563038c05963223b459beb,603762100.0
b9a0058c58cabd619e226178,935094800.0
0037d98f6ac46a86e36def45,373531900.0
38117bca778373247df86e14,372725540.0
4eeb8b5347526d721092a7be,393077150.0
0b6cd71df4dde546e665f865,393077150.0
bd066d5d19d41c06b904d51c,393077150.0
f10e210fc04e3fb073568323,393077150.0
9f504cc4e6b170155d38c687,393077150.0
3e4c1e6435ea1a9c3150aed0,372725540.0
052c93502aa794e0574db9e9,393077150.0
343f45e7d178eb780a9a9818,372725540.0
c0c4fa199f0ad751930cf78d,393077150.0
5d86154fc1769d4dccac1269,393077150.0
e1fb88779e55aef2b66f2c10,373531900.0
c26af6fdd00a85a17b823d92,393077150.0
be3ee4457a26c6b6ad4237d7,393077150.0
9bdc79dd02cdf39f92e8c869,373531900.0
1d4bafec52ec7575161bcbe0,433382270.0
0f15a78ce3ff90b6894fe3c7,433382270.0
afa5698724bea14940667231,531628480.0
4d8e365b35a6b8ebe6d7a15f,467869220.0
6ff848f65f2507e58cfaa231,433382270.0
e13947242fe19bc3925919f8,433382270.0
c02caec41084656408c2696e,460538270.0
d6fd079beb9f759fa4c6886f,433382270.0
d14f7f939468e641c43abfe4,410715070.0
8f6076f8ed13e87862d82255,467869220.0
8d5e662ba25a71727f1eac77,460538270.0
bd2f9648ee9ebc1fdbfa53b3,460538270.0
da8f986b6ee6f594780f4a91,460538270.0
af7131ea57639ce5aa1e102f,460538270.0
30e10a03626eeaf8bc2c380e,467869220.0
6caf180e36fe18078703db02,433382270.0
a40861d6573e4539ee3c23e5,507942800.0
d5f905cebe05262cfc44bb11,647442050.0
809800b56b7b29399986115f,617031600.0
6b2d7f88f15cbf7d998986da,617031600.0
a0ede3a514cede68b721d994,530226940.0
179d467dacdf674a66c7310c,698680500.0
97f9cfef1e35be84ceea2a46,647442050.0
b7e01962fda2102f1402a444,647442050.0
6665e5bc4774d04321d1ba9f,617031600.0
6c09a3ccddc797f77d63f1bc,647442050.0
97986583e1c988373765eab5,647442050.0
56807890f8587cd75893aec9,647442050.0
0f2fb3cf22613a339c88f7e4,530226940.0
a967a4f0b1dd36d7264cb408,647442050.0
08ead1ac0b9b30c2a72db17f,990490430.0
1b989360ec91f5da55806bc4,990490430.0
b289cd856f9d15493d31ef6f,828648770.0
88668347361a227b6dbba15e,952919700.0
ec3f1679451b9c0037f89386,990490430.0
9cd01a5cba1674559752f5c4,1194727700.0
2bd96c7fe678945fcaf9662f,1158953000.0
9f118569fb8b084f0615fa22,353634020.0
033521a46dae036839ad6c90,333328640.0
bc1ee1f8ffe1ac88f08e2459,390668900.0
c62886167530efe1f84086ba,430804320.0
d58f191c74d26bc1fb02cfe2,499314000.0
981b55d5c38361caaddaddad,515852160.0
ef26c0f1cd9e3203ad16558f,515852160.0
74cd885ec200a0c21fa9e03c,515852160.0
fcfa51e5eec6829b9f4f2c59,365345630.0
c3bbe8c09f5e58281dddd412,543785340.0
8f36d25584407d9e3c326e71,732838200.0
51f4aec91124a9a96f4c5372,603762100.0
b7becde9261820feb7cd926e,603762100.0
65070c554133f2b4143fe051,603762100.0
c2a2ddb94f60de25378aecee,603762100.0
5ec3abf721e13b0d55829bba,818160960.0
502aff943d74cd4cbb976dcc,496546460.0
11e6e5ee92c97e31d34db891,1263668600.0
b1589aa1f58f6dffa93a3a61,1483262500.0
783ecf989538582ad008fd95,1058877900.0
1770bd5b0a07a6aa785e0caa,526001380.0
53715a484e20d6152c76fdab,526001380.0
ef73428a38c201019267afb1,581173060.0
932a93e3ee2093d7f806fef8,657508600.0
00e9afbd1d27062a7bd40a3c,1054178560.0
a11a82cec7f8a243e2f90539,693374300.0
e4a70600296b0bde6c28fb19,651865700.0
0a1b1a3d68b04cdcb2d757cb,1076883000.0
7c06a2f06cb4226f9043578c,782276160.0
5e113e1e878da12e312cf875,1121322100.0
a72f5204153b7c92f52d871a,790961600.0
fc17f35d300be9680971f95b,409427650.0
13ab6a062601d40843de37b8,409427650.0
22abc78ce812c519511f8a4c,746288000.0
faee4c33e892029b79b63742,746288000.0
c8d39eef5a5422e0da4172cd,364294200.0
b13683c625c97c23333269eb,366864400.0
00e7c5894c739852052f566a,454879500.0
2703313a3e5a6fef2157928c,461213380.0
8dd453e986d05c6c1dd104d2,454879500.0
22b34331d7ca2ea642d29946,454879500.0
23187388f9d6e2bffb88b9ed,614879300.0
6b49a668de0edbe7f8110740,639467200.0
ef0e5b23069a9fe377b77ccf,639467200.0
c37348f8247ade33ac513855,639467200.0
1d19edc1e0d907e5ab0899e5,614879300.0
c73ee8d419b96c6e7c53f95d,614879300.0
6251cda3676ecbdb6555c526,700639550.0
d12d6ea066b67c3db9b2dfb5,878783800.0
8ba4e8e071e458a13efd179a,515269060.0
9b8d798a2c455a960ee74503,515269060.0
d663ca1a0d29b4cbc5cae9ce,515269060.0
dc3b8d97b11cc2af4cfbcc79,623668300.0
7d50144c4b2ead9b7b9f594c,623668300.0
ff9cb7bc0b972d4515ea3837,340728640.0
267e46cb9eaec6c7009348b6,450135970.0
1769a8ec5ec94aedc397b4ae,450135970.0
dadd9ddd29102f529caa3bbe,380454050.0
251903f4b947b337e0134415,450778660.0
e1b753c283bb9c6d4e438bec,625778500.0
16fb51fd3d35db53eebbe5b8,740282600.0
8f543f9c31af1eb17ef1e353,625778500.0
20c3cb2d4fa486b23eb81bc2,557858560.0
6fb9e9ac6d44d3a286f317ae,557858560.0
15b57b0ad8794d64a2784ce6,708917400.0
d9ce31250d4ae25c3b850124,595418400.0
f90efcbfcafe544674c02586,623668300.0
05a98feedbd3f422bf063112,623668300.0
ea359d571ad0c986f826d31e,793410900.0
b02f1997e6e6f97dc808b8cf,876545660.0
307acb7b4044cfa5680e4227,1034128100.0
ddce386b0ad3199ca09aac93,784840700.0
9e28972500d8ca3fb3b76fd9,658541600.0
687b1dd576eb7d06a08c3439,833814140.0
23b2b5b9f5bf3e1208f5f80d,931897000.0
dddaba511b6a18f49b41c1af,931897000.0
874e3e3ec6f67c160807628d,931897000.0
67ade5109553a9d784886a46,931897000.0
6879f05563a9f0748088cc65,931897000.0
dce05cf86b42124fc93d41da,1260976800.0
1ea5db844a6d3a926480351b,732488800.0
4e9acf6e9f80f65178766740,669066500.0
a35450284f8dc27e0ed717f0,1033619300.0
069499abc4e393fe540777b4,377509200.0
cd10d6e28fd7ce92518ea31a,842081860.0
3edc0e70e7cf6a21be2f0d53,375521380.0
2e2ff1e620063f416a387058,511132450.0
1ffdc10c53bb83d3be84c327,1035012160.0
3c95dcc4bc3788b4cd5602d5,515852160.0
aa592f388454d575e0006206,504510270.0
f7e5bf5b0f6157ed1f604d37,364055260.0
513c6ea5a3c2c560c409eaa8,934404800.0
7cf15f80838e8edf4f9cdead,1036948600.0
49737c7682eff2513869b3f7,885446460.0
4e8cdb49a2bdf68ad8d12625,707771700.0
86af11931b004aad3fd27b88,542621800.0
90921c9fce21986dd23bc645,800604300.0
d79d71be963d418a4c9dec68,1076883000.0
c27b2b735106bd5a77a15616,790961600.0
b6129a71f8e320aee8abd0c4,790961600.0
26922ebaf11e35a7a320d30b,1121322100.0
23f859b889afe2639ad55a21,576916600.0
ddf47d32045769c0596826db,1386180600.0
1d0c635770f2e51aed4c8664,1323492600.0
e6144e15d5cafcfe87c07c9a,522876480.0
a7c7923f9a4d004eab43413b,827783100.0
42b3b56289972176c20c4990,382809570.0
b63f49396431089dd646837f,532558100.0
e0b041a39e732783f98bde56,927324200.0
409eb9b8f2ba87ca299a7f6d,526001380.0
1a46c13974f3634ca6dcb51e,526001380.0
4b068c79664179605b145a15,526001380.0
afeba13fa3f81249549cd2eb,468790180.0
3a3ce11d981d0893ec732e22,542621800.0
ed68664efdb7377c33f4010d,582809300.0
93de58cb0d8fbe74b0cbb556,651865700.0
faa204421a94ef95b79eddf6,790961600.0
acdb13c4c8e2a48b0bdabd91,870866370.0
5271cd1cb962066407490051,870094340.0
933251193ded6df07c83128a,1241439000.0
524e00e537f841c13497cd52,460538270.0
a9d4f256527be98066c493fa,647442050.0
2207c1ed62f59d6eacb3c18d,467869220.0
97ea5dc81ba49ade4f8f580b,467869220.0
72488318dfb2181843f17c03,647442050.0
76698030899efea431dbb81f,393077150.0
e84888d2f22e14a5016ac789,433382270.0
d9398ef84ae71419cb7cc82c,617031600.0
6d32649478d9d86d840969f6,467869220.0
81600c1e6b6e3ae770e40b28,990490430.0
68075b0ac8e779bf5e66dd3d,467869220.0
6d7ac64b8b9f27f61fb155ec,467869220.0
d3bf3146ec856cc26c607d70,1172135800.0
d12298e0d398e9d21d2e2eed,460538270.0
97b69097fee8d8496a6b8c04,433382270.0
fa6e53a7107c0e33e3d505d1,952919700.0
7279c610bda9354e1c840b0e,433382270.0
6f3070318ab65b867b2702f0,373531900.0
e08aabb998103a941d24d0a9,410715070.0
415e1faab81016a460db7a0b,410715070.0
8b871cc48b99bd4190877bd3,373531900.0
7240bbe28e950ed75637b504,410715070.0
831629494c6d15d5ff6a00a1,373531900.0
1cccddc33bd892b44d7e4b7a,530226940.0
f9cc6760b1112ce5197bf399,530226940.0
0901e845b6c56d4761377a09,465347000.0
2a33fa5b25963f3dc928f668,530226940.0
83e9507b9ca2987a21d1b195,647442050.0
9381bdf491d48236e84590fa,647442050.0
c041a933261204155415c2d4,647442050.0
a1cd867286d6e82181e5d1bb,460538270.0
240d2474c81482baaf79b6fd,460538270.0
ddc1c85af165e47502447242,647442050.0
58f02c785ee9a506e899b967,708814660.0
8b353ba6823f4f800635f0cb,666097100.0
68cda50b602acb4efeb275a7,694357570.0
96cb3c08c80815907de81e73,533802880.0
f54dbd8f0aa752f79c581e5c,635931400.0
52a438d024af0d5c38627ad0,533802880.0
1b5db6af0a1c0f7787064020,714082400.0
84a7286c91f1ca3ecacdaaa2,1247739300.0
bc6d6249873222ac7f22b73d,827293760.0
12501015fb631d7c10ff08fb,398597600.0
85b633e09a41cf22a10f28c8,515852160.0
7acb92246dbaaec1cc7b423f,415484320.0
bfba8fe959dd2e44a4202943,736432300.0
5325f16558ed6d2689bcbb46,415484320.0
d4653d505cede3d24e258d4b,736432300.0
5146ecaa8b7ed507c4f30785,818160960.0
f5b9cbae30356fb3a1d005c6,700047800.0
205ffcec56fd884ab24c5600,636785900.0
ae7ce478fb66882a2c952012,636785900.0
efc9ae02fd6c3f18db866cac,850108860.0
2221052e00c236f31e6d5a06,408131800.0
54673ffd4971d04493a1b1c7,528191040.0
b0bbdcf0916b246ca95c4721,528191040.0
1ef15e2b882a0da85858269e,636785900.0
9881fb167319b34cc23da955,636785900.0
9d2a195e645a9e8556683b4b,528191040.0
14acd96163e6b3e17177f35b,451244030.0
b2c5af8615b8899deb16c896,451244030.0
4c40683e401dae89f6537ab0,451244030.0
dd007a202a0a3d56ebc4868c,451244030.0
6d9c89a406cf2e755d4172c5,451244030.0
7387e7e385063c180f05a7cb,451244030.0
9dfd5df5a2efca3fbf2c07c8,596604000.0
2a9e75d221912230f98485cd,636785900.0
86ce27f9ca03821d13030f18,636785900.0
3dbf89c6e97182647bb44e69,636785900.0
eaa4893a313d85fcf38dbb6b,596604000.0
c57e1c323ddeaa7475e5189e,460062400.0
84856812b63dfd9630fa49e7,632002750.0
945202a450bea48fa7f2a95c,877072450.0
fd689e54d5c418dc9f2425e7,877072450.0
eb90d9e9eb53b44b07ef9613,877072450.0
79005399fa92d05558fd6f6f,877072450.0
5cde51bd6de3759821216d5c,877072450.0
230cb38e035b85a4353220e9,522876480.0
a22ed42197987a8534abf76f,781266600.0
43a2ceffa8ed90bc1a43255f,647037200.0
8f2fbced5d357bcd6b1c7de9,781266600.0
6e895a15d402ea7fcee98156,647037200.0
b6a2406025f0e1fa09690c2a,647037200.0
f46d46ccc7fc415433e471e4,379004060.0
71710d25975271eb32c0c8f4,455072130.0
01b7bb1556b5c32df8f618cc,615269950.0
56e5afaecb2cac6293cde16d,410404960.0
70209b9024acb3e5baa769ff,744026750.0
efb0b413b3f661b23d674b3d,827783100.0
251db9c4b7398902b38b4a4e,461335680.0
e3e7ffecb903d2daccbf8a53,499928600.0
a92ed9a378272ff174ce2688,667931650.0
40a53a3f3d49f7905966295f,615151500.0
bcf2c303fc03897585831351,874895360.0
4b0ac2ce45d7ee385ca369a2,1136816500.0
85c7e8ac008493b34e8e0176,601665300.0
0ff24418ecb6888dd8ec734f,1334631300.0
3164e0ecd246b8ed6cb6d054,1241197600.0
5f52e316136696cdb56e65a5,408131800.0
5ba4bb943139d7930cb91650,636785900.0
ba12ab0869d66e03df12b6d2,408131800.0
1a111211207627bb4c840442,528191040.0
9d2ec1ed9eac77d534ed514c,380706700.0
9030f17b47b3940c2e2c4093,380706700.0
3b224cf6107d815a2e78996c,454026560.0
ab0e770ac42dcc82b472c55f,420576800.0
75fd66abeaf040fa76eae2e7,674683260.0
c31d98f67673691ece007a65,410016100.0
60d5f19c16554cc2d8e5940f,674683260.0
53fd196fd0c0558ed1219329,350702000.0
27b06d060ecf702fc88c7956,712428160.0
dc014623ed69c32abce2d0f4,503469200.0
f1a8f09837660445961375c1,1223454100.0
b98a462d9782988cb54ced54,911626700.0
6ae4843a827b36bf189a32ff,613808300.0
84e4f6c6b5dec0da7f7ca0fa,494754050.0
b8f2b9c2e63f0091b6038ea6,613808300.0
e54c7ea1f012656f7fafa49c,590210370.0
f25f5df33f25576f805a95b5,613808300.0
ce9474244dc2d40f357146c0,374500670.0
54bc553b5b8abad0ceed4d53,374500670.0
e75d4ce522cf587cd66adae4,447720480.0
b1f0b12c28c9bd2d16b3545a,447720480.0
412e7b9e1de3df8c3dbcf198,447720480.0
f52ce56f20251f018d7864e0,447720480.0
6641ef09c0bf5f3180952b30,414718720.0
ada53307260fa34f3a6411f9,447720480.0
51f0f76e2a8cf50ef3650901,447720480.0
da482df3d0fc97f9f8582e22,433951360.0
55d47b5f3d0d2dd7c2bf4034,447720480.0
1a6714ac2350ad371d8280ae,414718720.0
0006c9478f4e7edc53d84916,433951360.0
dfa7461510c6dbe5e119d106,414718720.0
5df95b44c73b249be0fc69e3,447720480.0
76bd7a0b87bfb6d2723766ec,414718720.0
8570a1d8156dbcc267d3b495,613808300.0
94116b7517a06255bf4320c2,613808300.0
8ba2d7afde20563e38892304,613808300.0
f86ab537a2f5d8c2b223574c,613808300.0
9d0d2774fbcb6fcc66b865b8,591615900.0
9086e6e757243bdda003878d,613808300.0
5a3625846567d06dbe4cea0a,613808300.0
f51a78ac4b03665561552b0a,613808300.0
561a262410ca91d69a58645f,613808300.0
08d90f931e7e0a6f43c9d0e0,590210370.0
f47c64c8ee69e744e654d4b9,943896770.0
fcc4c878af8bdbda6e1fc86d,943896770.0
8d9b143cd8eb71b05d32cd2f,813534660.0
ce6a3868227d78852fad9f62,943896770.0
d82f743ff414299f8c222db9,943896770.0
9b2c7e6cfb2d6c66e1ee8a6b,886573630.0
6e9009ad01cf466e8f8136e5,813534660.0
a4bf0c02f139c695845c9507,943896770.0
16cf0d7977ed97d6ae8d2cc5,1185586200.0
d96855b0ec427f041e7a36c3,934427970.0
63613a9290bcd9e1bcf2786c,836333900.0
32036c1eb131e6cc4f3bad3e,409427650.0
ad47e82c9efcfa36ddac0a95,409427650.0
d5af3041d95f5e89969c9868,409427650.0
f2387712fa17435f56d7b102,409427650.0
c1c8024bb6c3635ff655843b,409427650.0
11e4350271e9cbb37bcb75af,535492600.0
d012efd4a77c5aa5e8d6e508,535492600.0
6240b85a47c079cd0efb077b,535492600.0
85e332a999931ecd0e04475d,461213380.0
4ec02a406caf200b700f5c62,614879300.0
f3270f2ccbcccf3046346809,614879300.0
bfc5aa443994e3f3f78c6105,614879300.0
aa09cc29ab2f2cfc79e5bc7e,639467200.0
6eec5b03718975e5137d5e92,639467200.0
6974d82e41437d61c627b16e,639467200.0
ae3f7f428b49e6948ebe6fff,639467200.0
a9a710b78e776c16eec24be6,639467200.0
249cf6f96144f769030d1b4d,454879500.0
645f3c4490ce43ed68c7df10,639467200.0
3413f37549869d2172b76d6e,639467200.0
956600c9a4ed31e588f8c593,961983040.0
00ba709f184e70be13e5bf9b,961983040.0
275c8bfdd3fec33752493861,961983040.0
3206523e850b5b5fbce567a3,961983040.0
9c9ffb3401ab6ab90fcb555e,1160375300.0
4962650cfa3decf487ccbd0c,786492100.0
a541b35c62878dc2c425235d,980206460.0
2112e589911b979db6e05a6c,851868300.0
c9cfeb97323bd6a0564e1903,459553730.0
30e1bd4619483b0e896b5229,445420700.0
48aa146a36aba8a0270a8a1d,975521300.0
678a80840673787b3aa64228,630031300.0
392abbc83cfacfe87c401e27,459553730.0
51744814dd3a7e60c0791041,630031300.0
c6faa5d2ac8e74c26fdaad4a,630031300.0
1f2c22839c470363ff41551f,975521300.0
5438c2127072b47e3af428d8,975521300.0
32e182242a654ac03a8f3ea8,459553730.0
0a45eb817938241ca988c2e3,445420700.0
e74d815ad652f7046ba33295,989769000.0
2887a0d34994d284759db20e,528850300.0
621c3051ef29e8da01e6bb2a,528850300.0
54de2275006e273686ae5fac,630031300.0
b0a0cc38f73c9d90bff6ad92,630031300.0
f4df4ad4366bd794594c111f,1066625200.0
763206de4c26e3825b69f4c6,647442050.0
d5ddcb0a54416bdadb4bf57b,467869220.0
bf17eca5afccd9cd6299b9a4,617031600.0
02888257efaae858fdc7938e,617031600.0
1f8ecf6c089ce6168b3be52f,647442050.0
fd7a48744bf966e417f34a51,990490430.0
655d6eafd78be856479767e2,647442050.0
27472c6c6a801eb749b9719d,647442050.0
18fd9bee381e7a8c29a44c4b,647442050.0
da5d47596a755078a2261328,467869220.0
737c83218f0e486ef4feba40,467869220.0
2390c275fccc98eb4fa33af0,433382270.0
35616923c84423b44d1d1438,952919700.0
22fcf0650753e2b5a2fa3786,647442050.0
9d8e7178912841c2a1232ad2,467869220.0
36c2cae6de0add92f32d29f4,698680500.0
699b68daa574a0f169436ccc,410715070.0
c3bd0b8277a37832f56be54b,410715070.0
6b3411cb8c50c1498572e681,465347000.0
fad4ecc419fb64b3f77971ad,465347000.0
4034cd9a70d18fe0c883a0fa,465347000.0
8f9417de118ef8486538955f,990490430.0
33f4f9988387bfc237d114fa,408135700.0
40c9f947e826f89c6ff3f898,408135700.0
351701c5d1b821253e2c8c42,408135700.0
f6b405af32c398147475dc9b,533802880.0
45750daec6238508791d0d4c,612939100.0
eb85bf9ab77f59615960fbe0,533802880.0
0ab6e52af85ebf23432d7698,533802880.0
9b13a371ed4724d2e2966447,533802880.0
081bbc273db70f1d2cc84ed2,533802880.0
e113c48e4e1b53adaca275f2,533802880.0
4bb0666c55d174e0280482a0,533802880.0
ca516516b33dc09d712b3154,533802880.0
631e6aee6ec1f720f3c78775,533802880.0
c7746198cb5871bd687c2538,635931400.0
58a5dacf2f664512c2b00ea2,635931400.0
6d8998442d831addafbc878f,687998100.0
7d4ffe0038b3ebc149d8f4cd,786948300.0
55ae7bc854658aa5fa49d368,680614500.0
042ff73057dce4d92d383cf7,395965200.0
807c04729620ec60ef18598d,424482240.0
5dead94ad2dd86dd41448994,459758000.0
bb90c874275456d5fe0de83d,459758000.0
6ea5fbf037ba7e5c74d7ca39,459758000.0
86dd7931177df94a649a4d62,459758000.0
58ac250fa52a1ac7ce39f70f,459758000.0
2861f1a224b4c879b845779f,459758000.0
8d06af8e439c45e0e125de91,459758000.0
bb2dedf6198be0f3ce2c4ffb,469943230.0
57d8cac189a13c180f08cd2d,440417000.0
db575f8a4e10a29fe81b335e,612939100.0
e8c79fd41b001fb1da0d4fe1,612939100.0
b81679b32ea288e9665dee49,1187725000.0
841482deb90d19ecb1ec8a06,393965100.0
214df9371aa59f68e5740212,515269060.0
bc52abbda9027e10b879ed50,515269060.0
ce8ce41a36b610be164a25de,623668300.0
a67412a01feb64ca6e772858,623668300.0
d87896f889ddfe1ba210d74d,362273000.0
556a39ca66e10ba3545f2234,473079200.0
50cb893af4ad0e21a69f05d5,473079200.0
3b5a5d6536a9fd24f02e8ba0,450135970.0
121cc20fd81d6322f56d5c53,473793500.0
b9c893f3c3ac4dce40d0ea19,473079200.0
47bf8d322af3c13e8868ed0a,473079200.0
a4325969a50a14c948446f9e,515269060.0
4583a6b01449530079415768,623668300.0
920e2bd03c9d34e36fc38ad5,623668300.0
0a59b506798fb96edd7681c7,623668300.0
e8d2cdda77c1d885e21c7bbc,1297018000.0
8abe99f2b71b13dfe7d71616,1260976800.0
c07e98122103d1546d995f9b,931897000.0
29fdab43da21ed0d22c9c71d,328490270.0
f2ba7982bed03cac394ef87a,596604000.0
eac89e705cfd337a99417320,380706700.0
40713332e88c6d3a393c8b2a,454026560.0
a9aad230d22f7dede73acc8c,877072450.0
3b7fd4008e14e394dd09a0e9,1459592700.0
098327587a877bd50df27551,498745730.0
0379b6a001e4018c34e944da,635291300.0
45f24dd99d362f49c0adb875,335233120.0
dce1dd028695bfc5a47aa6a1,372028100.0
cfeb702df06baadf29f12eda,569522500.0
9ff5828e084070628ef2ad96,378925280.0
6920e6d7fff656d66844949a,680306940.0
31ed69311bfbbe000f4483d4,486853250.0
d300473e3d2ced1177c9fbd3,853323800.0
2cb64650b876ccbc7337a0e4,528191040.0
3ab2ed6d140698cfa41f2e3f,414718720.0
9f8697b55cb665ebb054f9fd,447720480.0
7e844f8a24422ec3b833b4a8,374500670.0
55a615a3b3919798d54e885f,591615900.0
fd26da8e62b5d1155962f0c5,433951360.0
ee9171c496fa78b1461acf88,613808300.0
d5182c47a954c964445f25d1,886573630.0
e064b4dd7b4e64a3e0016f0b,591615900.0
36753a5e31b0edb1eecb8bcc,433951360.0
c2ee475efec76c46efbf1b08,613808300.0
3baeb28cb33d048bcd6e42cf,381962050.0
6a6d990b9b1bea0f844d3065,381962050.0
e93dbc804920c0bf7bcf8cb3,381962050.0
b9ea1b9fc0e46ba0724cbc0c,381962050.0
95e98113e39820523e95adf4,381962050.0
942ed340950f02adf9749a36,494754050.0
8538a41c0e0fdcb3829364e8,494754050.0
804289a128775f7d1652cb43,494754050.0
3dec1da01706b06f5d6a9266,494754050.0
fe004acdfad6ac6b00911ef0,613808300.0
6c679d5b6a1c1b74bf483478,613808300.0
ba54b5ebc5d4f554bc56dec3,613808300.0
5b9469c3ff6b197bfe3513cd,613808300.0
2ca6ce8266afc6721d179335,613808300.0
94160aa4e5c54bb479b1d0db,497171940.0
eea6a2137473c3ba6708b576,350565600.0
9969f6f4bfb29e3a97c2fccc,461213380.0
68006626a3321fb0de032307,461213380.0
2149d04442f73cfc78f93bab,461213380.0
01cac7d033166094ab9f87b0,461213380.0
15515ecdd35e9f175842a738,1075998100.0
86f1d6fc54152004e69027a0,614879300.0
0bcf7987c4b0ba485c44caf9,614879300.0
107fffd601a2bb7a3e4a69e8,614879300.0
5a44636153b1d4a74d58513a,614879300.0
5ae08e5999ca2ba0a1e2d8a7,614879300.0
369e9e64898ea16b7ffefb7c,614879300.0
192b505186d0bcadb46b7032,639467200.0
6dde6686bfdff12620f198d3,454879500.0
503a04e079773a04f2abe075,454879500.0
42b5ebbca90572b9cea79177,454879500.0
0b6f2534f862a7ef551a116c,454879500.0
05e06a93e9f01dd3984a85ab,454879500.0
c6706db3eb4f0bbb0510578a,639467200.0
2babb357d1d828c49bb89be0,639467200.0
3951171501fc51e2d830cc82,639467200.0
fb72b8e0457c0199e158e599,639467200.0
df865201353bc7b915b56ac6,639467200.0
8d1b3071f5396359c0b6cc62,961983040.0
c451b61851c8ae1e6222109e,961983040.0
e1c33552eeab60683f2f89d5,774245500.0
1d8d51cfdf78f1361710708c,636785900.0
bdc8e1a1e06d387f9c7b026b,636785900.0
2b36d797d32013a126e15709,380706700.0
13b3a55d79b79ea89a73d21a,380706700.0
e57ad52764215c3d54740ac5,380706700.0
19e11b2d60326895b5e6ba01,380706700.0
f6e1752b9f4a0a3c8573910a,380706700.0
062efee92601be294d7346a1,380706700.0
e2c3acee51cdd03b1f211278,420576800.0
9390ae5c166e1a976e53e16b,367871300.0
db3aeb3a96304f3c255e8a22,357757470.0
d353be29e7ed2c35b920f7c3,662717400.0
893c1b081e383de73b9f2e16,635165300.0
8302e2afc48d6eda16784da6,595186750.0
f1e9676bc91a76740f4e9b0e,636785900.0
ce86066ad78dea43089d25c1,877072450.0
c89ac55660cee4608bff27d5,433382270.0
b183776d007d85bef0f6671a,467869220.0
e8872302ba40e4ea413689da,465347000.0
0afc6cbb60f34f1cf00fdfb0,460538270.0
a811af7cf12afb1dd9b8eb86,460538270.0
7947f71467036449efb99972,990490430.0
2ead9549bab6f1386b7a2c77,1194727700.0
b54e8d557263624947f979cf,647442050.0
fabd2201750747891eb6af77,1194727700.0
7c3f7b513bb20c918a51dec6,647442050.0
0dcc222d83e1bf05f2c2c090,990490430.0
3ee3ee47bfa21462a1fd455d,666097100.0
1dc3b6ea53413ece15bea33b,870256960.0
f44362b932a8b70ad4b99a29,433382270.0
5372f93d988c3c917629f9f3,433382270.0
5c25ccfc7ae77f1d85981a79,433382270.0
4df222356df121a41adadda7,433382270.0
bf38bb7a2a7ea663cc8f3d57,433382270.0
ad0025f5b240d00936c82f9b,617031600.0
2afa66b726ed0b1492b9e01b,617031600.0
a528312b77b7f84741c2bf29,617031600.0
1cbeccacfa11843a256b2e2e,522876480.0
d11eadc78d95c96f50b41a10,647037200.0
c918e02b3e6d80125a2db1cc,362272320.0
b2af005e93b0242e0f62f298,553431740.0
ed9703ed896c6118a3458e78,393820830.0
8ed11c1d4e7aa1ccf0ea0508,368065020.0
9717b066e135a82feb422181,499928600.0
294985765f4d12e51a68a451,744026750.0
edbeef6a08dd17a941634d49,601665300.0
26cc292628ce4aa87cd287d6,849557700.0
47f7065118bcd4c3878e50fc,587817400.0
e369c63f83c44329ddad488d,587817400.0
383c0948aac71636973507f4,616929200.0
6bd1a412c01387af8810ce57,900627900.0
4b92ca1cee4739104e620871,1315344000.0
0123237414f757b9c3809f88,1166112800.0
6e36550a6ff6fdb2711a88c1,1449546800.0
1b5de74aea685b506a952f4e,355693820.0
d85fafb4d5ec056e6db9a79b,514759230.0
cd097f6cd92275ec8ace1f20,1179190400.0
ced1f52def08143f0b2b6849,528191040.0
89a03e25c43a555b47c53864,528191040.0
f8d64df401009704c152bcb6,395825500.0
2a5aedaaad2d908122f28f22,582664800.0
edd0b57b90629fb00d036e34,1067048450.0
f8731413b0d976c03b7e05ca,858074800.0
01abe3cfc94be46c1153c82d,636785900.0
aa7f5d0d2fd5474cc67cc70e,636785900.0
4912c91afa6e4aff6ffdc6a8,1014538400.0
9d805330fb0df9ae73003ceb,828511300.0
7daa9115f755a6c70411b9cc,874665150.0
f5896513d1cb044108d23785,1248967800.0
3ff2a2fd905d81f0422c54b2,398597600.0
02ed31afcba033953c79d95d,390668900.0
c2164829374d5e880c1a1f31,515852160.0
3f6eba5c365508ac192f2b82,415484320.0
3289958459cd87f24089cd14,415484320.0
ecc3362a649cf08afef96fc0,415484320.0
264e00a64cecb861d2c05b1d,603762100.0
d5b5bbf927f763a43190fabd,603762100.0
2691d7125e9046e597437f2b,985650800.0
7cf183ed411cf82df26640e9,746288000.0
f81107599bc083fec4a13ca3,746288000.0
3c2a535f1df831771b859a86,409427650.0
9e871ee8a61b183aa9051b72,535492600.0
e066ee04cd3a597dac8ced59,535492600.0
2f4ed160fe2a21722e6299f8,535492600.0
e0ae53aa3cc9e9ba7ce65f74,535492600.0
78d727d0e61a7c8b1cf6fb1a,639467200.0
b42f936db049a74c7d24b0ef,639467200.0
62e9330888566f1f826e1ee7,639467200.0
3fcc5ff04edf753621d6cbb6,639467200.0
d4ae25b207949fbf0df3b404,364294200.0
14bc234ffb3ff7f974afc8e7,425825920.0
64fbc9cac3f15c0f1a16f4d7,425825920.0
5fa1c8237da8fc7683bc10e0,425825920.0
7bf4beee26ba81ad0b884f9f,446274500.0
72a47f70aa99d42320e54787,461213380.0
07641db461323a5cfcda4f98,454879500.0
3af2a1ec9efa6884a8254d28,454879500.0
3adca5eeda4939a5ea11444b,454879500.0
37d39cb7d3849a784497ed0d,454879500.0
b9baaab70cb83475ac3bbab4,572022100.0
74e178e2398895d2288e6fcb,556697860.0
ec15e2a131d9724b012d68ea,614879300.0
ee042a4b4a0bf9a1dcdf1eab,614879300.0
35381d7a5b25317d7588ce77,614879300.0
18ac3368b1f6d8f7171b07b3,614879300.0
3dbb09358256bae5199e1318,641341000.0
4662aa1c44351dfe271e3a9d,639467200.0
034a30994bb2e0e446e35957,639467200.0
4cdbcefc434b48ba3d51a498,639467200.0
3d3317303679a6a5a381d0ea,1146071400.0
68f4e3d4355bb71db0f35a65,616985700.0
b3c77f4a398b61d9c204f8a1,673673800.0
3865974fbc1b412f24c47eaf,673673800.0
84ab3ece52fe00ee50f057aa,883830000.0
dcdb8d97ae65daf55570c88c,961983040.0
7ea01fd99b389d08ca50c0a6,524897920.0
51df325f026f4cc5ed2e9a65,1343914200.0
1f11cd977996d909ffacadef,1319464800.0
5ae03c0e33dc7d3e0e0d54a5,961983040.0
da88bf5bc2a7310ff382be4c,975026400.0
035de58d60807ee2c272ce82,1160375300.0
0cf82b1128ebb8d1087b640d,1145518500.0
bd8b005383020611b8922147,603762100.0
f5c79a564600bcad99c74f03,465553860.0
b11672f22fafd555f940a8dc,670025540.0
2bc88a5c4bea2bd00fd8f13c,515852160.0
b2b99019a929584b4904b98d,515852160.0
678d0e011f710cefa49f6465,515852160.0
f7de22825945329521642f49,515852160.0
79b5a037bea858706838a62d,483244220.0
9f339d547d83b4ef956a3690,812658400.0
127e197a2f70e7ddb5dc92aa,369321660.0
65b8c48546af394a924decbc,492568640.0
cdc0c282ee62c51e3a20459a,585063550.0
ec824ecd0319e05d1ca6a9c7,700079800.0
95f27bf0d25bbcd0d1eb9cdb,603762100.0
ac0ee54bdc08632efc0d771d,603762100.0
904ad71e7d108930d69a7332,474797660.0
7f4e6f790de012946197e0df,732488800.0
473cb30713e88ecf782651fd,562301440.0
59a309a6af425b2028a2ad69,1013495900.0
8a1b0f59f86e33a7aa7c2c23,818160960.0
1e884932e57cfcab75ebbacd,1005601100.0
8e273f1dde4801825fb19742,720121000.0
1f9c0f9c3c6460a323171d72,1291884900.0
5dba98aa20e371c3947c19b9,779354200.0
51516e102f8d43a07037ed29,1009563900.0
6eabd14e55ff090e8a93c727,668255360.0
e224f9ffc7bd70369a5e8b68,1401365200.0
35cb50346289f0590dd24d83,799853400.0
2aecb598de8c74d9d5108d8c,698885760.0
69c7e97037c747b93c33251b,1071658050.0
b9b95c89c988f68429822e81,513451140.0
fa2c5c19c86087f207c379ab,513451140.0
9bcd34e7a974c977f65925f3,1469792400.0
3611c89dc71078cd0aefd2cd,481666980.0
9ab273eca8cd5dd4b6339ca4,396742340.0
4347966ceb1770f758cb6e37,1022144450.0
2a68f627f4dc8060484cdb18,1086793600.0
55ff644abd72eaff17d533f0,1586698500.0
db563e5a1cd9eb1be832bf5f,1292227600.0
a0e9310061ff0084d63dd242,880122400.0
7ff62b2f8a28d60f6c4237c6,909808000.0
c42c59e8a08e8657ab4201f1,435303420.0
de28370454624724128a0688,582670340.0
514aefd8a44ca048a8088c51,1022144450.0
3d3a318662cbe218db0878e7,560900350.0
2714bcd5c0c503c3bee0e0b2,828223700.0
5461aeb15c7f826f0ce157e8,396742340.0
db352cbc2aa3066ea9b34184,636564860.0
22b066e6dbd0f2562a0554f1,1586698500.0
daf8d6d3f4ba21513341eb3e,1025403500.0
523605d1fbb75b0c5acec5f7,396742340.0
c59c2a19b93ca666b7c389d4,636564860.0
61e57e5539c40e5ffeb77997,396742340.0
c1fc25faadb151c73ff254ec,513451140.0
63e73f1b8b385d89de1329c2,541363800.0
80ded3bf4f2973a5ceb1ffb7,417404960.0
e1f5f0e96e5865370423c142,818445060.0
3bc1d407f7e7c8e67f7dd27c,731334340.0
d87c489d3572187e3280965b,1261989800.0
110d49e1d79a3534e146b300,636564860.0
7baf3723bac87b0b393ba52c,636564860.0
8e9e35321545774dc1f85776,513451140.0
e0d6155cb3cdac98f81d44e8,636564860.0
bcf775187c0f5ae1cc0e8ca6,513451140.0
a792122a1b292f482caf25d1,513451140.0
09fe153b0027697e58bd08b5,324463900.0
a7283f1587ffd80f4723475f,332158340.0
67a10f161cf7215302b6ca1b,332158340.0
f403b20cb52d4ad3f9469ee7,463523940.0
643e13f00dfe7787a19b1254,352387040.0
0eb7c68fb7ea1e58f3e76345,697774900.0
cabf47337c2cd619f12fe69f,888735700.0
55c5eeb4861e8cd71731274d,1232626600.0
363c96b85cf07dacbb10b92e,408135700.0
49b59d19432dbeb8921e57b8,533802880.0
818ee3b0c3862d4aae6e7776,347510530.0
b15c662c56b19d3843737dd4,424482240.0
03243195c467c67e67a7823e,459758000.0
5db50c50b523f3d454e94dc9,459758000.0
0798af235e9926b1e7e4642d,459758000.0
83852e78afcc4127481adccc,440417000.0
7fe25ebd70b89f4602bee6a2,796203300.0
175590951b6f8c6b8b4af9ff,445246600.0
d4dd48521efc020762ea141e,425079360.0
a681d6e9ccc7bc60eeaf7e3c,635931400.0
e137b5003b8c8f18892ee9d3,635931400.0
90dfa0d7be06e7a1dc15770e,635931400.0
7fb856eba0ae98a40eac3efd,635931400.0
9f52855eab4ca5161f1fb492,635931400.0
494580f4974c33d7ce0cdb28,635931400.0
d972dc3dfccf2a48a6384e54,635931400.0
7cc8772ebde8902f55e14b44,612939100.0
deda3ad684384ed67711ae71,674279300.0
b288c52e4d0fab9f579122a0,772625700.0
0bc16b384acd3f8263e386de,1000185800.0
b40d1d2b7c1db9cc57c65fce,883002700.0
c2580329ee6d7a03925725aa,883002700.0
7e73516d57a251061b3916e0,1328865300.0
7749f3bcfa8339444b0a8b7e,404025280.0
557e40fdc93c1824b0bed769,404025280.0
edbb5db63dbd0452c51047a0,424144740.0
383af3a5794a0ec3efe78b2f,424144740.0
90ae7af091c23957b88de5e9,403934340.0
b1d9704dd39c6cef28ae3d17,570072450.0
44916ca9b874075f55949f87,601665300.0
0515734883eea12cdacb7aab,647037200.0
faf9f8aa50d936c1465e880c,647037200.0
f37c9693e058492ec3715de9,647037200.0
562c7846b05072561d96698d,647037200.0
4a629aaf60a113402834c042,647037200.0
ccc4e48073c3da10a2e2d08a,647037200.0
8532c64eaed74b64b4d4707c,485245700.0
528a96aa31409c32bc9f1f63,1070024060.0
36fd9fc1f1d9b2e10c1c6463,409427650.0
91561030d87ff5bc0a497f1d,409427650.0
eb09010915ee68091d6675d4,535492600.0
56c41a58ed5b9864b68fc910,535492600.0
bf6005f6f71da582a6fab8c7,535492600.0
86ee80cbe81724e6919bdb73,535492600.0
0caa7856aca178f826fe90c4,535492600.0
9e41f25cf2e77f3fbe903368,639467200.0
019f4a25794ef01294845b51,639467200.0
d6fc6059bba177ab56d85ec6,639467200.0
436089e2bf605d00849691e8,639467200.0
02a9c37b3d92a6da473c6fbc,639467200.0
bde81ef5ff9edabfc7e30d10,639467200.0
379fcab709c66fa146d3491f,639467200.0
28ac1562ebb5050f1492f576,786492100.0
e68f5a98070efada9b5538ee,366864400.0
80aef024b0ecebb01913504d,366864400.0
f45161bb79292e974dc88b5c,425825920.0
6de3c3d53d6aee18ccdee958,425825920.0
5f2f7596a284915ebdb81a35,461213380.0
291fc50c4ffe7935b01e5d9c,461213380.0
42ac33321bb1920fe2a78036,454879500.0
c8e00b4dcfa2d05d6a7fde26,614879300.0
5c0e328a04f881674ae1046e,614879300.0
c28cb417dd28fe4d4d41d114,614879300.0
8e160f094a0425aca23f04ac,614879300.0
a8944be7383b5689b5039c87,639467200.0
cb7ed5960f325114bd3489c3,639467200.0
275d73c7dc0fda7cbecfea89,639467200.0
85c24df2d836cc8addd9b7b0,639467200.0
0fa87864632b7bbbd161f879,764239300.0
c7f422224808e043753683f8,883830000.0
c51d1eff1b6d29b4164df520,960825900.0
b50e8c13de383e64711193f5,408131800.0
1308dad458274c698b2fec72,408131800.0
6a1024c5da689de67bdfa274,528191040.0
6e426f60d25aa8a4c6f8c9e9,528191040.0
b80f3a46440daae51308d459,636785900.0
f59ed9b8ef1726f1a55a4dc3,408466700.0
368eddd8b6d39bcc7124a41e,498745730.0
391cfff759030283411dfe1a,538536770.0
4f140229175de685a0999773,555898900.0
cd365053914fcde97b7ee9a8,454026560.0
16a05fee8dfbe78d26664c3a,552674370.0
c462f0736fdefd319cee232e,596604000.0
b419d977b283e33c0b3da86b,983058000.0
6eb27e2a66d08a8a60567272,636785900.0
7486ef139d41d91423317e0e,636785900.0
e663064dd77e3c63ab9222af,877072450.0
9a6849637f1b8332ab289e27,1459592700.0
498de85ba30cb01e9c686081,408135700.0
3507f260c3c6e195fc444533,408135700.0
e538d52c9b2dc994491be3db,408135700.0
f016ba59a64f287099fc4af4,533802880.0
380ae516dd46442f97acfe14,533802880.0
c97e4d7e08db3171290e939c,533802880.0
f7847aaf1491103fd931aa5b,635931400.0
08f6bf438980d55b35ce7537,635931400.0
a6a06973b5a4c990d5873b7c,635931400.0
6e26918c69487a735a639c1c,635931400.0
cfbc690c55e5c2bd8dd9d89d,635931400.0
56fe5c13f11813b82dfb04f8,635931400.0
296f0158b5cc1541cfc8419e,984656830.0
6ed2970ed02a3e50ac984aa1,522876480.0
4c9f3af11fa91e729384580c,647037200.0
2ce779caef0637db97954912,647037200.0
d743892816160218a63dcd35,647037200.0
758efd6f99db309c67cefb12,455072130.0
a4146ec09d782b08e8198e11,844214300.0
f415c2bc1bc0fdca091285cf,1186337300.0
39ef4fb2a43fa3bba15a0b16,930875500.0
874ee4f1b9c6dfd3d2358834,1320812000.0
e9d514f90ebff0de1936d09c,615926340.0
9f15c77d67021f349714806c,615926340.0
a600ed86cff36e636d204f39,505146720.0
58f55e9bf743e2e3ad43c274,615926340.0
af1aeb2ba89d29973f73511c,505146720.0
bee721e93b8d8e7cb37dc992,505146720.0
bd52dc8dc5398e5ca2952473,380766940.0
b71095bf5e80bcefafb12d52,362024320.0
a7f48fbdf807da68594e9ae0,380766940.0
50de04936770f874e1eb86c2,380766940.0
2ea47ef8f02712c32613fbd1,380766940.0
27eaac0ebf8a5ee99d143218,442772000.0
ee594b6bb0751dab39055b3e,442772000.0
eba0410242fa1e8dea90b194,442772000.0
a619d30d6f2e2aa3b9613c04,419809820.0
df58a4244134d3493f3c9f30,524725760.0
32dd96f4f07f67806146ec46,419809820.0
a77ef77ffa731e8980d36b27,505146720.0
a2a1665a693852185673f6c1,615926340.0
8267eeb41ed1e68144301a3f,598111400.0
887ba6b287a8b3ccdd5691b5,598111400.0
1fc94e9dec93d52e0062e07e,598111400.0
ffd3d51ecc85abff64258e1c,615926340.0
3eb79541c2ce9413d2c54736,598111400.0
fcefb2186b13c8bc39b17915,598111400.0
d4a43654382201db5d318dca,598111400.0
15fbd295328ad698d3c76aec,598111400.0
7f5e87fbb4952caa0cb658e2,615926340.0
9d348aa70957592dbc56ef32,615926340.0
2ac1105447a71f68a50105d1,615926340.0
d8ba9eb448ce35ed404e68e3,813502100.0
21d42e80f6f818eed990bfc7,936830000.0
81c890b0d7cf787a091d4081,936830000.0
518858c561af5c13c8aef9f9,936830000.0
01cda25ee8545b9fe19717ed,936830000.0
2c34c1e1655e87ada03f411a,778727100.0
48f9e9a87e7fc0a678460e05,889632900.0
76ae7be5da1785c37736fdb8,1130002600.0
3918fa99179953461fe07f2a,1130002600.0
305080502cba05a1c165560b,465347000.0
5c3aaf3f75d6d3ae9b55cee6,380766940.0
2ab263b5d1ba72fa562d64e6,936830000.0
6d13129db564ad15e69fd534,598111400.0
7de7a2a651273df62aa6a21c,615926340.0
59f9cc9b23cdea5bd4cc3ae9,453216700.0
d4436ad417941fde0aed2818,598111400.0
80ab8d9f157c25b40f102854,615926340.0
06ca01d3ff86406e896b6fa6,453216700.0
88f36882dae9a0487383b769,380766940.0
da474e23f34cb63de4ef28a4,615926340.0
04f968f1873a655fde8702f6,382901570.0
1dc1a51628b8eb1bba214498,348236400.0
e7cb4cf600b9d931eb295c71,505146720.0
9052c644813d546987a72305,433833820.0
1e32a8825a7ea79c28e27a8d,433833820.0
82f34c2a6644c4cb0649c44b,615926340.0
95815bf7c79e4bff3f41b233,615926340.0
f64f642775ed2c9f45aff215,393965100.0
4cac81eebdeb45eb0e8aa5fe,393965100.0
c6da2874d2dfbb2ebab542bf,515269060.0
e7c08555cb8f5c7d0f32fdda,515269060.0
10b7c99bee9a4a21e1f32d50,515269060.0
f21625fb82740d6f4cf1c325,623668300.0
1c3236613cf95c84c5791bdb,623668300.0
b11c3a4642f7eee2e443eb32,623668300.0
cd08976dc2d69110375f8541,373384450.0
a44c7ace8ab50de7ed8e5a66,373384450.0
fa8f13da6d8be3bc1f05fcee,373384450.0
77bd7837b02bd8f2c290c9f8,415598460.0
11a79681fb0a3f6eedf11d1f,450135970.0
70c3b086af66b0c9db4b0b96,450135970.0
64ea18085495f759116f62c9,557858560.0
ebf4bda17341de806444ba83,557858560.0
54228579fd8812c3ea160341,1239184500.0
dae0265a0f2f79d3dc010ac8,623668300.0
7340afa659775cc18d83aa4a,623668300.0
5ba05f67a77cebe5cda31e74,623668300.0
33dfb510aae260ccefa4d349,1009057600.0
82af190e32398942775056d5,623668300.0
a9b9263f6aafe8531f3dadca,931897000.0
9a38e7293e9ad7d8462eeaf7,1174640300.0
5852773a80f7f1b929c7dabc,1106570600.0
52fbef3effd854b0ad0f62b1,883002700.0
0016e35cfd881ee2e37b49b3,459758000.0
380759598c614cbe10ae4bfc,984656830.0
fb63e870ceb7ff355299f3da,459758000.0
285b8cb5e9c887794ed2fd1b,459758000.0
f003a46a1c8e04da0052d72f,424482240.0
a731b326a61043070c3c853b,459758000.0
d2644b46136fd95c0fc2353d,424482240.0
8248697f70c21fa361840755,984656830.0
075b5c16441d9d67cf638386,408135700.0
6bb2ac0cf2369cd8fd85bc12,533802880.0
2c0b3d69fca6677ba9e95327,635931400.0
c73ffac843c155f24985e6f6,635931400.0
78b57a58368ab056c11bb0dc,440417000.0
90b25b6b913c1bf0396c149a,635931400.0
fa29c89363ac9cb59667a43d,440417000.0
eba756e88209c420d288c4be,440417000.0
e7081fb59ffa298320321633,635931400.0
db1c3ece26da7b342eb7c8a5,440417000.0
f9ef8fcf24d28ce11e71d758,658795300.0
2f854c9df6212c39091bcf28,524484600.0
ccc66d77e5f68779b1c016db,524484600.0
47d288f8f9227013424d6976,350310240.0
3e891afdcb568befebd66fe4,630592800.0
2d1f036c96e92d9c557605cb,428427170.0
dd9d63c612aaddbd86676c34,469719200.0
13cf784fb3553f75acf25a4b,428427170.0
57dd353ac00d0e99abdb3733,1294571100.0
ed0051ae106fd0df60a14586,856328700.0
0997324f14c5823413463546,1208001700.0
e2cdca1756b1635dd1ac2b2c,613808300.0
7700df9486a1684157527739,381962050.0
e790b21630ab963a65c53df0,613808300.0
2bbbd9878a1e7c55bdacb330,613808300.0
decb25b7fdc0eb259831cc71,613808300.0
fdbc74fb5882051327b3caf8,494754050.0
39dee9b1661292cdda6c4823,613808300.0
354e2de1e3a81a63e7fae4bf,494754050.0
f80b9e8c51cd71c5be281652,374500670.0
a96b19e82d9811d5de1ed0e6,374500670.0
5e5ca2753a908aa1b7fe80a2,447720480.0
495b6e61d1b887f8b4c1bcbf,433365730.0
ad8ac9edabcf2d4b06ba9fc1,613808300.0
359f6a66a407e30b40979d2c,591615900.0
ad351bb6437583ec871b1739,613808300.0
262b1c8ce7db2b4aca2400a1,943896770.0
6808b10f5876ca36f569a4b8,886573630.0
54c74b36962edcc922573792,526001380.0
e7fc4e6b1fdb38ffe68fb680,526001380.0
1c9325df5599379a73e18053,613605800.0
8c9bf9031bd378c1105e3f3e,611925100.0
be70989d473cd731f6d8e580,548857900.0
46136f5f078dd31170c58e64,781266600.0
7055f85f7749c4646577a51a,376754620.0
861aa922b483f9bf7884dac5,376754620.0
45f18e0bb676d2495a227dfb,424482240.0
9cca7c1e9ff65766c8dd2e29,376754620.0
b2b7020e66872c8d83468cec,424482240.0
7634d7acd4197594271c84d5,376754620.0
11ffdf367d817b582d590db7,533802880.0
103687e73b0528ec29725f1e,459758000.0
8b5369b126b75c497b1a7b73,459758000.0
b33c9b03cc12a253e4936cc3,612939100.0
ab177c5d60492f2ff087708a,459758000.0
05bbd028f30492fc0a9f35d0,459758000.0
2b9fd26383758104d567d474,459758000.0
4addcabbe23020d3d0d46ac6,459758000.0
d93ba0c32244c455e0f7baf4,459758000.0
92b772a38d5e38bb51a3f621,612939100.0
135ca1dc80ae4d9993ec46f5,459758000.0
ed5192bd8038c77ed2e46f0c,459758000.0
3a878d44356885ea61bd882b,459758000.0
c29c69bc6758d5976024e455,459758000.0
dc486a3d7e9e2e608ab2a7b0,459758000.0
1a34acf8e509659534a56b63,459758000.0
5716ed7d678cc2575397174d,533802880.0
444c68a7a6cd0b794768d5af,533802880.0
8a724286cf661794084aa87a,635931400.0
ff9c4796bc3ef18ae7bb724e,635931400.0
35984f749eeb84eaf938bb08,635931400.0
0998999f12dfdd50c597c6c1,984656830.0
58bc65fd2e0e4430fb353d83,984656830.0
fe483817d899e0044abc3787,635931400.0
183a8459fa248605b8b5bc1c,635931400.0
a1f0d61cef676fbf798b5473,440417000.0
d7d3cd587d291f389ba2e8d1,635931400.0
ff8e7294270343a00978dbc2,440417000.0
0996cb112fc3919564e87c37,635931400.0
f183e3651c485e0001e64880,984656830.0
e28474959994ea9c0c2eeac6,635931400.0
682c0a5f5f3130a61b5214d8,635931400.0
245663c600727f7c214063c9,635931400.0
dea79d1b25bb9c78d331e3e6,635931400.0
ba212b5f12959e34b4887315,635931400.0
dd4eb14b56cb00130955d021,1073949800.0
4c94103d4366bcaaee4b550f,883002700.0
7bd9cefba3f5dab498ef926c,998460800.0
1d7a2572b466070f08c6e564,524484600.0
a38e7af984a471331b2d758c,658795300.0
b6775aefafa4dcc161eaf6d5,404914780.0
8654295684292e74d0245238,524484600.0
f0ae62ce6eebc4d07415c48d,658795300.0
969219d7b193ac92e7a008ec,524484600.0
651d6af0968fc05584cb3d25,524484600.0
4f992c2a0526c0074bbcd875,404914780.0
9536c686b6ec514d92493f9b,524484600.0
5384587ecbf956275d86e60a,400686200.0
bab5690da7c42909464cb9a2,459666800.0
bc91072d808fe7b43e972f42,428427170.0
37cf2c5c1c6fb6e601d2f76e,344238430.0
4cdaece5d1dd4e089a99f47b,500981470.0
b37af80bba5adc197cb51649,534085980.0
552152b60bdc1ca16d2dbb71,658795300.0
32354bff9df0267a5e139156,631152260.0
fe4a6d7d7ed28b85c5816fa2,601912060.0
afbc7773755043a40a7f9d6f,408135700.0
daf2efda70c6f3cd9257d0dc,424482240.0
66fa7c9e82a2876216b14b1e,424482240.0
e34517b1563d829104e230b4,376754620.0
222a35842b0bc09f48e1d0cf,424482240.0
c5a64fe5ed5901734d98a22b,424482240.0
05db9fc492801eac98f69c7e,376754620.0
6e4ce81e713a571601d861a2,424482240.0
79fe5105ed7a7861d3c0187c,376754620.0
70ea911907d320da1f7f9c41,376754620.0
e60024d6e0b5aa52e27a3b5a,408135700.0
bb63f086543cde77832bd4ed,408135700.0
b3c2187fa96006fecc6b8ba0,359248830.0
9499edd83df77bd6a90560c8,359248830.0
a947158782fe2832cea53040,424482240.0
2e1608b8c646a102e27df16b,459758000.0
77fbf1f0c35c1025ea4803e3,459758000.0
f9e6a759b069e04b0cbf0182,459758000.0
1e158f436f2a4caedd1563a2,459758000.0
67af004f80b08fae38f472eb,612939100.0
386ee01c3f7bd8bdb91181ad,612939100.0
36ffb5566bc35fbce9e42679,459758000.0
b58533a6850620b0960db713,459758000.0
41353584f956b9e316c6c67d,459758000.0
b1d1bc7ea83d5c584988b95c,459758000.0
6b1c0866e6f12f7fa8de94b2,459758000.0
fa4fd8380dd2620c672facc5,459758000.0
44394e66504a4d77587ee105,612939100.0
d841d6a82425710e36460f64,612939100.0
33501f96ba3b02da073d586d,459758000.0
831693b6fb81df1359e45db7,459758000.0
7192b9d32e4ad55f6af9e241,533802880.0
4f99b97100d003ba3a2ecd46,533802880.0
83d969bfc020aea27d2b829b,612939100.0
39be6f994f2cd3d68b51126c,612939100.0
712f16cf2506710d7f2a2e8d,459758000.0
7ba618fdb1fe8694eaecb64f,469943230.0
d8735967c942d1a7b0cff7c6,635931400.0
b4ef40e00d089a35d750888a,635931400.0
7d73a548c2a29ef2d9655e1d,440417000.0
63131b8d125073c7dfec72f2,984656830.0
a65655a4f42564ac48bdffa4,635931400.0
033d3f8ff56907db4c453700,635931400.0
05e8878bcb68d03e3b656eb3,635931400.0
2ff0775d2c131d19804f2a2e,635931400.0
9957ccd807718945178bb847,984656830.0
7bcfd82ced5d6f1ae390d388,440417000.0
adcc03f332b427be46f118a5,984656830.0
b5dd038cf35169bfd0e62eb7,984656830.0
35b789e1d63f8f25980d21a1,984656830.0
c9a215f284e095850c809425,635931400.0
d26efb0e1213e19c378edfbd,635931400.0
9990217fa4eae1d1c4ed051a,635931400.0
2e9390c4423db604e1c7c4ec,635931400.0
6faf9b6c30b176e36f2f1d32,635931400.0
5b83d91f4d6364d3e4be1428,635931400.0
0d9616f0ac8b0c2e9e0a97a3,440417000.0
9c9fd309cfb505b628f84fab,635931400.0
98b77fc0888335702d082f8b,635931400.0
051d68945b95562009d4029c,635931400.0
eb8021804e63016fd934c9b2,635931400.0
ed6c8c45bc8c1d160cf0d0eb,984656830.0
9fc8c3523883947769b2fe6c,635931400.0
3e9cdf767389ee551b5349a3,440417000.0
512effa47a1c7a5420bdcd6e,438933500.0
0768e70fbda0e09b88c1548a,440417000.0
acfa7a1cb136e4474b7efe32,635931400.0
a343e6ec6eadb287711d3834,635931400.0
a698d80ede6cf6243fd9ed99,883002700.0
fa5c81237a94f2f78f05977d,786948300.0
999c8da7dbed7412dcbafb70,786948300.0
c33613eff66948d1bb8ea3bc,724347400.0
a642351076b7706a733dc52f,692985540.0
c69e08214cb1fbc09ced0971,361095420.0
48a20e676a060954308c9ecf,383652350.0
304ce5835e685778b1c2b6a1,524484600.0
c859144477dcaacbc1654a8c,524484600.0
98865eb2f40b8a30893cd351,524484600.0
68dd15c8e9b71171348ea24b,921475840.0
3c660885ddd7e98ba5ea26a1,1176220800.0
c670315562766401f92913d0,526001380.0
777a8d05edda0a335d89e90d,526001380.0
81f5c32a2c2d3b32329a645b,613605800.0
40525fc425906c9485f1ddfc,397594560.0
8b6efcdb553f6e936bd90f3e,437429950.0
94dc108f1d146641b221cb81,385879680.0
1034ee7a5160fecdb5e8c27c,437429950.0
48b34600046c903f0ae4e6d1,1152997800.0
edca31377b4f7299f8b45187,1127993300.0
b1586cdf68f36926c3bf72a2,393965100.0
70b15c2a38c404e62ad05171,393965100.0
ce18358366157fa869bf3833,393965100.0
6883fb90099426e6f3922909,393965100.0
1b7151cf29b565b2f1caa559,393965100.0
f2ec3a3598c99bb8c38cd680,393965100.0
38026eb43ff9876cd5767ac3,393965100.0
9f68ff98e302ab06df4fc672,393965100.0
2d2ee255ed2144b9fa1fcc39,515269060.0
029224b78e8f358aa9c38e94,515269060.0
88da5851280dbe750968c565,515269060.0
1c67456195075a051513b28c,515269060.0
9741ff1b895a038c32205784,515269060.0
75fdbee42ec89d428143066c,515269060.0
9f27627b9e439fce085cb01c,607312500.0
a4a4a57cf20ad739291aafcb,607312500.0
84a074517742e09a7eb6f320,623668300.0
28fd0437736c1b17c7ea1f33,623668300.0
beadf1de0732143f0699895d,623668300.0
b027f75411dce9c742c5d0f1,623668300.0
182077fd9c5142d503309490,623668300.0
b1df92683a593edc3f2b45ad,623668300.0
38cbcd7f88c1520fa083af9a,623668300.0
8ab5eda5b66a6c2becffad29,623668300.0
e68ceeb098f60054c19fda0e,623668300.0
e6ac4d158437142c15bbd4d9,623668300.0
a448d8246781ae78dae61619,623668300.0
4e878e99ad2fc34400381c3d,623668300.0
beaa09cb49a98e8025fd7e8a,623668300.0
3df855d8893dbc62eabd95c6,623668300.0
cbfc3ca911ca23517da8c2d0,623668300.0
a020e479dc5db78794a5fa77,623668300.0
6247fb0e5261d4225f6c9f1e,623668300.0
93822a34ec8dcf104e7f49c4,623668300.0
17d311554f40ae8b40234c31,623668300.0
762e044ce9371d7b8c7acb6f,623668300.0
2fad468e1c248f40ee3586ad,623668300.0
fc25df25f4151a16cf0c90f8,623668300.0
39c1613acc0ba4fe622c1f31,771898100.0
2c15a0733cdb932ba8f2225f,771898100.0
1db68ed64501f35c51d74c5c,771898100.0
1d968cecf268a7f14def1af7,771898100.0
77c886207faa6965238b152c,352427360.0
86242b25bcb2dd775d25191a,450135970.0
a8b457cf82926e25cd862af1,708917400.0
fec1212eae4e6369d5555d8c,557858560.0
8f59ec48e38092ab01c23e33,948393860.0
490b89e972abd7e64b5ba6c2,557858560.0
f8f217756d32f31faa784c2f,799061950.0
1c2ec62e8ebba12c6146a04c,623668300.0
2afa1699af46ad8124f76e4e,623668300.0
8c1695c9a31de0f956e4ccdc,623668300.0
d88bba495701ae7a44eecc64,796467600.0
00571815d5a7f208eb3e7737,931897000.0
d626a635ee75c23aee2fb327,1253201000.0
7e3937cfe43dc906983fd321,945350700.0
ddd8906ea4a22b782c7888bd,607252300.0
258abe0fc321f6b24d37ad86,459553730.0
f637a4885488bbd499199148,445420700.0
97f5e6ee143998e0b3fc97c0,459553730.0
be4b96920e3aa5c57baa13b3,367013470.0
6e7f3a0cb6246f13656fc95c,975521300.0
0cdcd8cd52bd1967dab88a5f,459553730.0
83da19e7fbbca11083090574,367013470.0
f0cb484eb3f6e04b5b1806ab,459553730.0
fbf8b0f1159e89428778c847,459553730.0
7c316b981173919b6cae5516,607252300.0
d6496a3215daad9089fcd5c6,874835300.0
e104567c1cc70000692f502c,607252300.0
c4476befe0002dcd0c315993,459553730.0
3008e821640b33a8d70beec9,403841150.0
9eaaf577807d86ab64fb14ae,325996100.0
9db120a76af04028d2f0ce68,325996100.0
81e1f8b1c0e3b15f2ebfd84a,403841150.0
9943a2530009f62cab6b466f,449720640.0
a8052c48a500926214eb2e1e,528850300.0
3335313b9060ff29782906b6,528850300.0
cb93bf58a01eb262cb003061,630031300.0
0e04f84529d92f2832ef986f,630031300.0
807d7f5155bd299afbb6491f,630031300.0
76558d67def95bc708039f05,843280900.0
bb19983466b1a1184ee7ea1c,630031300.0
34067d9b2b4e45be1e5cfa32,702389700.0
1c4fab7d9cf798617fa90a19,381962050.0
b4d610e0ecfe007c133a5ea4,381962050.0
ffbedc0873b99654d10188a3,381962050.0
ac413fd87de33153899a1d04,414718720.0
83349bba5fbddbfa2db5078a,494754050.0
0a759932f763df64a463ac18,494754050.0
fd9ebf37acdbb0e4bffd2fb3,447720480.0
f725f6ebcc3fdeed22bee385,447720480.0
ceee9fd6e692196b960443d8,447720480.0
bc10eea54e4a1767881a2391,447720480.0
4ed5718470ffa3e5b5f40bae,447720480.0
debd031585e9527fe00f116d,591615900.0
23b5f2af5d39edd25db6a522,591615900.0
f51000446ab65417942e535d,591615900.0
e6ed64435c659f236cf213a8,591615900.0
b160d30961ddd3dac16184b8,591615900.0
0cad79296edb4b18582dd77c,613808300.0
7bbf8e16cc32dec423afa6b3,613808300.0
acf98212eb702c79f16bb058,613808300.0
1747dd033c2c2769974a06af,433951360.0
d54e80ee72354c70cb84323a,433951360.0
de901d3433ade456e9edcd79,433951360.0
3fea10126c0c651f02de7167,433951360.0
f823f6d95b4340e8e4dd0d57,433951360.0
ff6fa86afbf9da2aa8eb7991,433951360.0
a966f298e8d4d3d580a72d99,433951360.0
5b0918cab84af6fa6c464037,613808300.0
bb1ece5366ebb2ef9d52708d,357603300.0
fa926bec03068764c8545d41,690507700.0
3bb987adb4ff573ef09b8c12,508459420.0
d7fb188814d4c118ccd83989,534959700.0
ba511b37b4bda08d191c68da,403830370.0
3c2f62f464aa5c48c470bff2,613605800.0
3256c6c6f30aea9cc79b7283,775615700.0
9844c3773f7a50c71f218e99,869608200.0
23229e392dbd8fd9d80637da,764106600.0
e0f47a028df2dbe9129cde7d,1168348000.0
a12f0f00148e564ef78838c5,1386180600.0
d3ace27450b980262ba9bf76,1310350800.0
0668a4a4521c783a2d817413,725279170.0
768f69f0241fe339b6f52fa2,447501060.0
e78ef4d2b165a8e8781c258d,591333800.0
631ecfa47fe167bfaaa967e5,365124100.0
954e3065b1e8b31a68f6d4be,388143600.0
e81c5c1b820636f691e5c5cc,801236740.0
b4c779732e827ab2fec8e8eb,903627000.0
b58208759ce1402501f68906,776529000.0
59805e5f4080246ac1d92b34,502761000.0
a3fd38336516b98117e328b7,627195700.0
c0bf06891690188e17ceeb8a,502761000.0
efc8ccaeb09a5e1bb0bfe011,647442050.0
8e604d41e0cfe9c93ad536d8,990490430.0
f770b66579bf2b55a714c43a,617031600.0
4e01f07ee4b1241360de460e,990490430.0
dba1be42bef913f35a95735b,647442050.0
d839ca90c5df85e5cab54ea1,647442050.0
ffaca67ff9f0d7cbd5bbd295,990490430.0
6f17875bd3ecf00566dd5c1b,617031600.0
10d01825744060a7b777ee4e,467869220.0
185b333862e7420f25622efa,467869220.0
7f7141f5e1a7964ac6dc688e,990490430.0
adae78b82caeb073d84f02ee,647442050.0
4c0f9275581b5572635613a1,410715070.0
9d6810aa1035e91b72de6a26,410715070.0
069798704327652a899a189d,465347000.0
2f34de2546f13e8a9dee1edf,530226940.0
8147da5e5f53a163443e8506,465347000.0
6834b61ee23cf04daf4fb83e,990490430.0
59cbc0e7dc6e6922feffab8f,460538270.0
7cfe5c3f5cb1bf095eb2c503,461213380.0
d916219daa90cd2d99edc609,461213380.0
e78ad3483c5aa5a7a4310720,614879300.0
d048fdc255a5a7f474d48c0a,1265130100.0
b76a3fe6a49dcae6e6bf5815,614879300.0
75fa60dfb737ad50073848f2,658795300.0
83c1d0e2b8826844416abd9b,524484600.0
8c02948b66db263420c20d3d,658795300.0
33ab442cf58cfaa33eefb6dd,373357380.0
d379dc03d78685ad14c647c0,364605630.0
5e36efb290bb265d81706bd4,577997060.0
db534a5f57e92d29b9e150cf,658795300.0
5354a816a7da90e205448832,408131800.0
f0862f57dd6be5e7659c65ba,451244030.0
7d58eba13f418d890ef563da,635291300.0
c2fc3f04c3870e14b89d5fbb,1014538400.0
15537000b6806ee84d4615bf,1139273700.0
e82508e88e3f62fc8e67dc16,754670340.0
86ee57ce617b2be312a9efd6,911626700.0
6bcc29a0afc735bcf3621595,877072450.0
d79e2addf7c11180be222103,877072450.0
adeadac88e573824f08efa21,516979970.0
922c37e46fe9e75e73fc1f35,451244030.0
5d09f2d1cc5fec761ac4372d,724850400.0
8c5aa3c826f325a9a6c6f524,724850400.0
fd0c010fa0c4b84dc75ede86,712428160.0
c23150d0aaaf932579561998,674683260.0
163405cd6248bc3e832dc93a,704817400.0
eed12d0c3e65e9989fc4f4bd,746288000.0
e6fd53315e92a55c6b67405f,409427650.0
7a3ec914a15b47726567af96,461213380.0
7f02f056d5eb4aff92b44659,461213380.0
2d5d9119602c228b333402a4,639467200.0
43fefda5a3b0781578d9f2d3,639467200.0
513211d9f07fd6645711ae31,373531900.0
c3e1e0d2618556de7df13403,433382270.0
b4a4d705930d9afe896dff17,410715070.0
e44b023e39910ed29f4dde2d,433382270.0
4e78d095988a92642a1bd18c,433382270.0
92507b623f039b4ef5be8870,530226940.0
e216fba4bffe753a527ecd4c,467869220.0
24a4199c17f9c56f0b3ed12f,617031600.0
6bbf09c3bbc3e3a000cd2afb,465347000.0
b3d45812baa819caa1400255,617031600.0
2688e4cd1fd441d1da455504,465347000.0
5dc1fd6ec7ec8c8af71e3b6b,807079000.0
f7b7e298ca8fb75e11e92999,465347000.0
05b71daf88eff5ae8cf5789d,465347000.0
e8a7ddb4e5d43d156692326c,990490430.0
632820af2a0477aea5ccfa1e,647442050.0
43a3fbb8218e73b956ca50fe,990490430.0
398c195aa41ace34a16b0d7b,591615900.0
ef3887783a12f591198d6c27,447720480.0
e6653cc1c94306d4e56ba216,528850300.0
166c21ff83e97c6e74169d92,772979500.0
d0fccd2708fc7def00c72317,630031300.0
d66bd7e4bc7b51d23af57de2,630031300.0
8b47b76193159a21c3580a3f,772979500.0
448d159391c38e4ffcc405b4,396392130.0
9ce7fb3190866e6a02e01e26,459553730.0
c25f892c01420855f61c3dd9,445420700.0
2d5ccb12ebb6fc7d4ba462b0,445420700.0
9eb4041ed9e159ec0d890de6,445420700.0
c342f6492f90ccf623e8e8cf,459553730.0
c3a78d9bb10165d9be188394,607252300.0
1978d8fc2031af21e98a4e9e,630031300.0
d6d581e852a025b61cffd6cc,607252300.0
ea28f68a1d1d81d29b88531d,630031300.0
a3cc0422a37512ae124013d8,607252300.0
073a3ae443f3333f0f526f7e,630031300.0
57238dca767ebf3a842c5f10,975521300.0
113887ac25fbff9d30fe8d35,445420700.0
fed1a50c562ffd7f30451adf,412878180.0
b1e9075645f4b374c7301346,630031300.0
6517c1efabdea4c1f93078b7,459553730.0
b966fa606a3b50d3ac7249f6,1187197400.0
e0ad3e9588636f454e9e484d,630031300.0
d7ad46cde8eca723de6510d7,607252300.0
447f51e37fda773ab748814b,459553730.0
a6b992c9bf4eb32ab3d1df4e,402365700.0
3a9c7ec02f3e7e419669fee2,364991800.0
c908280d0461c3585af94d53,876401860.0
b3616a055e722e3720cca48c,528850300.0
45a8f6d942533794501d775d,528850300.0
b6da1db3aa02debd11e26edc,486025630.0
6d12669907d7d80d0b458a93,660651300.0
5122b2e9638d3438434fc56b,1344260200.0
6367a127b452cfa27043f74f,826926200.0
fb3d29813052141c015669c2,393965100.0
5fb76f2095eb1a5cacc2524d,393965100.0
95632ec6578a204881694dc2,515269060.0
846b75324c0f3cbb027387c3,515269060.0
940dd8311f2b49d4ec212fde,749004540.0
bd0261ab68cf56950ccdced9,450135970.0
f79f0c23b5cb96b5d022582c,450135970.0
795cd68f9a5ef45902712524,450135970.0
d908973d90db91f772890c9e,415598460.0
d670be6c848b1e92abbf415d,415598460.0
87b940bd3dae37b9fdac5d4f,450135970.0
8a7ddcd0c452e7993bc5087b,371458020.0
8925e22f8511be30d50545cd,623668300.0
1342c307971094041c9c240b,852185200.0
385488342bff3d3587250c84,1076930200.0
f8e25b7d7e93c45df1b3a4c5,916690100.0
fa4f331f05b1488990a69ec8,1174640300.0
a71d187784b309d65cea0b14,1063344700.0
0f44b84024412099f27439a7,603762100.0
0ea1a5d32324d270cde1993a,515852160.0
b13cdf9314a34852e8db4221,515852160.0
75e0815e2ba7269a10d9786f,415484320.0
f42b6680baf774d27fdf1e48,415484320.0
5cde1a59393643d7ed4e909b,565664100.0
8736dfe0f1c6e2181b0ee31e,863738240.0
5859ec20de4a5036292ee947,1004460540.0
1eee0ff52c53f04307cc3216,496244450.0
b455979bc938acd34a580eac,543743900.0
6921133528bd6fa3675ce8de,732458100.0
3d266736d0307404a5804073,461213380.0
f4f6e48b618064ced466c302,409893340.0
dcf606270a4612aafc5f9f29,461213380.0
5e455623c380290e0a8e4e48,446274500.0
ac3c9d9357fbe72959817602,556697860.0
f48fb9d9c42b0ebee72cfcaa,398436480.0
dc99f2871bc05ea7e8a97d72,550463000.0
b5cfd5eba0b6297cefd6d3d5,1084679300.0
0dd30227247f145bae82f96c,1146071400.0
9f347bf53e4ca4d264a45241,548794050.0
81406ce289219cdab015549d,895801800.0
a085fab6d9b9d8c24472cfb0,1319464800.0
1fce0e993a57a3e3873b8d7c,1319464800.0
af67d51867f382dcd9cf34b0,835202100.0
432f082ac51bb0d39ce45b0c,975026400.0
b6281efabdbff697d70925e6,883830000.0
9215d29512b14aab6178da01,1421851600.0
6218a5d7267f02c576e5bf16,454879500.0
d66cca2c8e08c89af26e7622,614879300.0
ad3b4ae81c322a9f91381bea,614879300.0
3a40bebb521445fcd32cf033,878783800.0
c1ca38f941200a9d666aaedc,465473060.0
a1da74ec074df16a1e8690b9,1460834800.0
502154647e351af240615b98,639467200.0
b57cd3eb0290984f061e1053,454879500.0
4db632fdebc000c9e64a589b,461213380.0
e380184391898aaa2d3dc540,969402240.0
dca45f1c1a79ea5ebe639920,639467200.0
961de1cc8601447b03682e1d,461213380.0
60a4f09c268e61fbbe423ff1,349818180.0
c3191b6b40191009ae9f4b7f,1254896900.0
478ac408d2a5c603aa23cbd5,639467200.0
ecdb747ee4a3ebf958252309,364294200.0
6c36e346957e336a33a7708d,461213380.0
09b18e3f3cabb7d5469a8d51,614879300.0
f1a5856ba56e7b12cbb9459b,366864400.0
c378ef33f40f8be9263e517b,614879300.0
b45911f1875da543199e97b6,950088500.0
678c70903bcb6c90e3578d6f,871238500.0
be22ce55ba31cbf7cd285e5b,461213380.0
2dc58e6aab9399e9677265a6,961983040.0
dae55582e86b1f514a4ec3bc,639467200.0
c119f62348e418d9ada13362,848034300.0
33510511ff07dc7354cca7e8,614879300.0
16b79a8af9d6376c73c2478e,639467200.0
714f90489426e80933ef31b3,454879500.0
6c8e1cda487c9841c8d297d4,454879500.0
6d9c4bf994147d8892d27f27,1129952900.0
1b300634b71b898299c54671,834569900.0
181caecd269e115cb5cfd75e,463572580.0
059516a91f938d2e8fbcca0b,909868740.0
c42ce8f9f62f7a315e028e3b,488771780.0
bc23e25cc246ced4731ce5f5,809956600.0
de44f54fd6b1b62f30956f5c,614879300.0
2ef897a38b95d7b769856e78,461213380.0
2280b5f7c47c3b36924b84a9,675320500.0
16ef7eaf29eab571e229e537,960637200.0
48b1f800656bcae6a9e70802,608708800.0
b4aa025f8813a3f0b132b7e0,613215040.0
3c6092e8458ee81aed0db0a3,655605100.0
d919dc64995903c9120eb61a,770893200.0
ef53741b01120666a08db213,775484000.0
c3dc5ad23dc8cfce0671adde,770893200.0
a270fe47ba30ef0056ec6c4c,409893340.0
f550bc7ab5992a6fb48eb60a,961983040.0
28f980b3c741866e0db5b761,614879300.0
c2ebd39857dbbacb99e6cc96,639467200.0
bb9fa21902daecf876c0467f,988850100.0
fea142787b18327108ee8929,661237570.0
a1647603f732f97a99f5ec6e,1084420700.0
775f25d8144580541bf2746b,813329860.0
527a8fb085995119f846a5d1,961983040.0
8b69bb9fd7f0f19a248f5cf3,425825920.0
3b14b48188fdbb0917414039,714451600.0
02259637b8ef1311c69d3d90,1019167900.0
50eeed30ba674cb079689afb,425825920.0
5fc3634e1fcc96b9215a6cd9,792569900.0
23cc24e23a1d74159ff78464,775484000.0
44551251fe345b31ed71aa5b,746288000.0
82ad984f02ccda30bd60da8c,813935100.0
5734cd4805f5c055d36ec645,614879300.0
fc7ecefb27bbb5c3e25e899f,356980450.0
5ecbd5b92092264f4e9101bd,493250240.0
83a8d9df3a535fd273b27c15,1223349100.0
d76fadda8063e44483aa024e,909868740.0
a15bf12a6b8749ac8f9de19c,428447600.0
a3f32d81f4cd99dc85a16bcb,441697380.0
4029115038a899d98dc93d3a,1341778000.0
2326bb628b4a571921eb7345,1024459300.0
471d6fb8037049e1e4d120a7,979817660.0
b73945103f07da807f7a30dc,1448993900.0
d6f4479f9226e52c93d70eca,553816100.0
420b03095062d9571144a276,655298900.0
ac0185c8f724ddd40bc0d235,461213380.0
228280554ba149e60f81d639,807864450.0
8a44e15417d8e520a99454b2,484414370.0
8978ec4c5b2f02fbc1f57820,883830000.0
2ab88dcecdb565b6412f5bfa,557713860.0
1dd6f560c804c4548561cae6,921741250.0
90e94b7e392f84e01a5f1551,639467200.0
84aa7d1c2590f37f0fd6dca1,1036794300.0
0821fde7debf7cc445434024,425825920.0
b9973b07c84b99dd1018050d,448591500.0
169013bdcc2ef214e0163ccb,526090660.0
3c8eaefb3f5dd8d4c9f5386c,614879300.0
42d91ed3f3615247f57ebecc,844170800.0
a7f1397df30d6521c216e331,826393300.0
f6c6ee12e338b1f9730b6e2c,441737000.0
8f4687b666256e136148c3d0,826393300.0
925f83e20a153a1e094bc606,1197837700.0
cd270a11dd8257648d1f0444,826393300.0
ab11db71265771ed4d9de64b,366864400.0
ec199e33b7557dd669fe1aa4,339358820.0
b47fe4670c6b065a9e1db429,441737000.0
918947d51e52e0caf692f22f,416627840.0
070543b03770991d65cc337f,1163835300.0
f45dfcffe189327cb0d303f2,874988800.0
d2e7484c81358d4c79f040b7,639467200.0
73ff3a6b0cf4f7ffb244507b,639467200.0
b0cdf05097df437354564bc8,339358820.0
33ea5de5e8f5c639a213414d,992760100.0
c94056bc09a4bea0e853cc41,548923840.0
6d5a91ae44cad7849dc4e969,809956600.0
b52e0738dec9d2f119c75a9c,630555460.0
0e35349077490a01f25e2ddb,1158261400.0
9a5fdeb5f389590eb46e7aac,1138554600.0
337c81be4cb14d494ca69db4,726004400.0
ff28f1a1ea72e21acb157f08,1182422300.0
e83ef75473fefbf8d7e52302,514615900.0
6d3e508ff42615eb78862723,639467200.0
3b7ddf527979726fb8aa1683,340783870.0
7b08cade91e2be20656ee856,686243200.0
59cb7abb39785d5263a156c3,639467200.0
bc48ec7245297b4cb85dca1c,639467200.0
0f366a36001c0766521b9dce,741546000.0
6ea022e53741adac484c1798,863463200.0
aebd6304298f84e7d440c379,960825900.0
c5b333e454ed6e93ad32d96d,1184252800.0
bcd31d201096351079cf7ce4,563912500.0
46cf5b18fd7bac0d3332d70a,775484000.0
1dcff645d389e7b687a498f2,926564000.0
cadbfbea1d03e6538af648e5,572882400.0
9dc0c6ef8389978be58daa59,1106716300.0
fdc00f6ebd155e84a387878c,403550850.0
99c1b39476ee8e2ebfff6ffc,614879300.0
8930f231a5b9d8db14e9c656,1069360960.0
2dee15f1b082bb986f8d9513,559918100.0
346c734ce163296a07526a35,639467200.0
6079fb3769f843e99b47988a,535492600.0
f5802200af1d28eb48466c1d,409427650.0
1f8068ab65469ba56a1f0c4a,409427650.0
1ee45a731b6f0242b6d2936d,535492600.0
56b7a6da82134b135fb7de2d,614879300.0
340c4d762f830197fdaf0977,961983040.0
1bdc0d441e63089737ac4c27,639467200.0
b3d82ceeac64b64142286375,461213380.0
947421747f33db213e6b1326,461213380.0
bfdbb7aef98d4855d459ac94,913583170.0
80e88d50c151d5534a57f61c,639467200.0
d0f6e19e92c03b40a5aae3fa,1146257300.0
6e2a3e49dd6434ed01eb5e71,669988500.0
89e2d612654b3c792311faf7,641577100.0
29425249fed4a74ada083dc5,473627230.0
fe0182e1795e2b87eef4bf41,527610050.0
dc9cd30b760a1280e0318512,690094300.0
d22313a06e43b8ab8f6672fa,541137660.0
f91cc2e5edcbb704c293084a,1208462600.0
dae776f643e809387148900f,948717760.0
e55634fce84f78466095e730,507741300.0
a507a938532411f06c57ed8f,823206000.0
30f3b383f2d5e4709c9304b1,963656000.0
aaa43db51d1ddea564d1bd2e,518452300.0
b3e76a0a1fcacd0218c17908,389188130.0
e548ef7a5650696c0e968cf3,857546400.0
939afc1f6250d528b0be8e3a,985590660.0
405baee61afa4b08dc25e586,826593500.0
0c4781c598c06d538c5fcdf7,528942100.0
fc321e2d9b4e954e80805be2,642962600.0
dce18d258c352b7edc60c304,642962600.0
7b0a2bd964c04d01387d78de,528942100.0
43fd6b5cb01d05c9b1db0e65,642962600.0
cf0152b0a5e886e8291ef4a8,528942100.0
d05030b0eb8931161855450b,642962600.0
281ea3a3fab48c028721ee1d,528942100.0
4fcba82455866a6931590dec,1040465150.0
ecc5e3781d5e004ceef8cf76,399847940.0
409cb370961c60bacbdf7416,324320350.0
54445913b2dc2d6ba35abc66,399847940.0
51a8c190ffb673d4fc27f4e1,812144000.0
80e7c6b194b3229e3e2b9aae,631147460.0
bbfc9b05caa647bd95b3c88f,517470270.0
128cb9247755abf5f2801431,517470270.0
ac180e846fda5cd7f1123f6d,956976000.0
1e7173670334937dc61243a1,1101014700.0
c2555955d5175b31e5f783ac,660514000.0
d87bbd60fdb8b84a9fe23ba7,615571650.0
825012911321d636425cd0bb,911207740.0
54561e6ed5570577ea97eeeb,847088600.0
3a2a2df4f07902b04b809125,790269440.0
ea7e3ba584cc5ee45ff8ba7b,615571650.0
25093735f186b70beb018317,856297660.0
7fe1adc0a5873cbba4b021d1,1144053400.0
461749398bbd48d69b444d7b,465933150.0
eb8f668912b70fd554c8c723,554014800.0
e2f00293305c464b361b6178,659151040.0
02a0a38b45e1b196165b0098,403246180.0
0e6dc789744b678028e74d56,403246180.0
58954e79191c62ceb1ead100,912768060.0
23aa0804aabdc61650b8562a,639195300.0
ef64565957b5278185b2429e,613399900.0
253725ec3d7939088faf71b7,480530980.0
a9683df184aa8b4ad5d0cc5a,582982700.0
3c38153bc36b364b92548965,617308200.0
286cdf6dfcd95ee9edf73a93,405768320.0
df93a6e36d9f19e252fa9de3,480788580.0
586fde402c82c1eb5a74d634,408783100.0
5fd3b0299c0d52e48195fbdc,450782940.0
06d33fff99a62c330ef2d585,599280800.0
df98fd10dd8ae59956994521,462340770.0
361715cb422c5fcd9125d5e6,479473540.0
af68665ae8711d009e8810ff,462340770.0
63f3295df28c02953241e2a0,669038400.0
62d338c26b44153bb075b234,732544800.0
41a269c661f20e443a7a25f6,811465800.0
c5a8695b7aeba06e46266959,643627650.0
17e5796a30da5eaf310d02b4,431126560.0
69acab4a6f82ae943850b9ae,528942100.0
5fc3ffb33090bf75a81aad8b,528942100.0
02d89daa77bb313328fe0c4e,416608770.0
6ad1fb94accb91bbc30449c4,519694820.0
a1cd215fa99b8776818d0b0b,453011870.0
0553a3aa7d961ada6dfcd52d,540618750.0
c6ecbe7b57db2db74b0d788f,626551230.0
a4b23fbdbc7bbd45c5ebf80e,1071087900.0
3bb15c6313ee70bf4d88f4e0,396113250.0
e05c52c9c8fcb792ace06b61,451757280.0
5fc77edb0e5bec0ed8e72a60,1038886660.0
85e15a0a63ffe482c68ec474,1146126100.0
859025f2f41efa521a74a00c,549173100.0
1672a21e6b2d8d0525df1759,403320000.0
7d4097722aad95158c51d24a,733884500.0
174fa597347f2b1d3e9016e3,600096300.0
3f081fb77ad08f8370569bf9,381798900.0
74cea4c9dc0e00dbbcff8b1d,1165472400.0
4f5de1bc90694fedd216ef40,1453184300.0
8fa4be9ac1ef719dda1f96bf,574808800.0
3db3b80a902c10004cd3a3d5,1293428400.0
bf02fad806fde4e3575e75c7,563099970.0
edd2afd07fa1305fc3126078,491075200.0
bd5d2030639ef16370cca032,804836160.0
87e74ed42a2c8c97f7bdd239,1358454500.0
d1c6037d0750bcfe47d425a5,508408030.0
763c9a528d0f99f34e5b0031,453658660.0
8b674605311d296990ec72e7,378731620.0
d7cc3d199e538258fcc83f75,444672860.0
ec6ffe86e9ece6fc03556ea5,480406340.0
9762ecd72557ad6728274e1d,600096300.0
49a2d111903c77053d44573f,397204960.0
d06ab7503c6deaf9cd405f66,1345804700.0
23e7dd821ec2601ee2c6e353,1155893200.0
81519727c7ad9f60d2c5f224,901568060.0
a4a5b6a844c14b4eca92dc49,1155893200.0
7e647c5e0a7d95ce87cfc8fd,781160800.0
7a1bca1ed03e7cd0e277fb95,450782940.0
03eb8da7205428e61bfb2845,485979300.0
82780776619be0eade3d72ef,473753730.0
4c03afca943c3f2484b8db6f,450782940.0
85d731901b48348f57932240,532217950.0
739de8928aab4ec77a1ecb0b,625792830.0
7f45d3809b08bb32a45139f8,487527870.0
cd14f8aa1613d754221c4735,652898500.0
537a9a2dd0ace0d0131722a1,594436800.0
2d4a781f969a4fa2a4f04a7a,575578940.0
e3676f99542f27c9037fca29,838418200.0
bb33aa4f1a7732fc8ef19039,395083300.0
9f11661702873852a3d65ed6,371811700.0
d7f22a4e6daa572583e02640,355792900.0
f6ce37c42fad91fce47758aa,378400930.0
f57cab248d2d832725d78135,412836400.0
9d73758bf7569cab4837e49c,675471200.0
322bad590ae06fb48f80c533,405369920.0
5a7b67d4c79ecd83b7ab66e9,975815300.0
8dfd846e6df9a040ae1188b7,507084160.0
44a587fc89d6b6489157ff49,1050459300.0
f9ce5b7edb104d4e8407a344,591806600.0
73786d11f1fa714aaa9f1f90,835488900.0
cc72295ef156cb2d60d6b10f,1105111000.0
c9851396352bfeb05fbd7580,1199364700.0
b3561144c745ae3d329dfe1e,489792740.0
7ccaf332cf87e07b38b340d9,1217938400.0
d63fe229354bef8b02b4a934,568784300.0
2e0a8235637e98dfea862909,820458200.0
0a1b14f320e330b405b27a6b,819959100.0
db41266d7b500a6daead96cc,344734500.0
364b8b8759e3c408c4005021,387615400.0
73bcd7efb7a25587bb1c31ff,626389950.0
17060f24d81fe2661c7628c9,626389950.0
98318f22c00ab335d8aa23c0,564697150.0
c926feb307c493aea729001d,381128800.0
58d92e8a26589e37b7123716,544232600.0
54d11dce9374378326f7ac62,387615400.0
8e79eebcff019c3362a76a26,508408030.0
02cb957c3db9ded3691a9004,725028800.0
561689dc0f267cc5011ede3a,693949760.0
1533da89d388196f19e2c5a3,659151040.0
069ddc5d1f3c855e6498ac50,388493220.0
d3aee2a35856634eb710efa9,462340770.0
4bad966abb5e8c4121ec69fc,531374000.0
f059e39d22124eb9e7e8e20c,855432450.0
3360f48c1ec30dd1c3175101,462410430.0
2218c6bddc994984cdc6e567,482930020.0
c2a9b4b389ae6f20140e21eb,909088100.0
d135cfa351ed6abe4ec2033b,558432400.0
668e5bdda1f4011578534f54,1261527700.0
d2aa3386ae240d7387424e07,400666340.0
e4f2ec7e2f4389c1efa52c0f,400666340.0
d4f90a6b73b1e179d3f8eb70,400666340.0
5738bc8873b341bf92ece0db,542224600.0
2906d21b1d96a1ec43bab50b,518529440.0
4e1bfbbd8689a95fc97fabdd,518529440.0
78410b0193dc989de2d24da3,518529440.0
fd7f194d9929a6f28ea57cf4,518529440.0
5e7ac1ffc0886c27471d1a54,518529440.0
879d9e3b4ef9063de41ddaed,478016160.0
4bf620c6c6d4c916bea70e81,598831740.0
573bf87f57db6e037aeb94b1,598831740.0
3ff7b739ce65f0b3066806ba,598831740.0
a456f85bbae3f189ff424e8f,598831740.0
6683685692e955a8ff172c89,663602750.0
82e1ae440b386c7da3a580be,896668500.0
efd178c4aaf3fc9d05b8dbdb,488203420.0
55ea155410b001104518e992,478654820.0
32a10e550bf7095627d17da3,546962200.0
823124264778e5ed64d8664d,649915300.0
fb01d990afd25ef96ed048da,969045440.0
df22426db407f4c660681c7f,642962600.0
44fab96fa2ea501e0b94548d,977191700.0
871204bd1b3505acfa632954,669038400.0
3d63320260d150d134fe8648,669038400.0
b8b9b90d5721a9ed5e72b328,403270800.0
926d12cfe05643554837664c,403270800.0
cfba6db03f0e38d1aa0802a7,528942100.0
97b12012ece8a740944aa547,528942100.0
8de317591cefdbc375a41483,528942100.0
46d34fc9a8edcc199a537b30,642962600.0
262e3b4091dfa6b71af020ea,642962600.0
396761edaa353e0828949bbb,346493280.0
8c18d3417886c150136a03ba,433076540.0
f053d3918234bad409410755,458307260.0
8f5444b81998e52ad76b3ddc,621357700.0
0daf89cf494e0f40a94d3e5c,592489860.0
dd8c289ec872be3fe3352313,831015040.0
f02f6c5b97b8e3cc5d5a74dd,667866700.0
5f39cf56c4e1bd43f61ecde4,571919500.0
5e187b07578d582ff3d8e189,1084464100.0
bd018b302f732baecd085ff0,911207740.0
674cccf4c7772d6091166aae,943085100.0
38e84c560b0455548ce186e4,669038400.0
d14173913bf5ed21e3ab50fb,476874200.0
cb8844cf2070d8697bcccf27,322302620.0
6b44648a905e7f4c0de6c855,556466400.0
148aedc984c7f6831c7f9601,604791360.0
ff9d1cf7bd90c5e47a0bba3f,404207940.0
9353136b0c791bec58f93ad2,403246180.0
de2137c70bacfd5087bc5c68,480246900.0
12bf6b9badebc2902cc11c62,368440100.0
c0706c78d5d98202dc24e46b,548314900.0
4394a27b21889bf78927ddf8,515623970.0
0ebbe9d3831727f90d677ed0,1074945800.0
caec584b5b6998684bbc6a70,560697150.0
0c302f1c924f8efe0b6bb58e,948446340.0
e056ada7a37336bbe878f38b,797403970.0
905cea21c0ce1cae97fe86ab,885112100.0
e286b12e5aa7929334322842,506143000.0
6cd4e68300a8bafb9d22700d,1063683460.0
39124b1ec419566a371af8d4,922474700.0
6110b5bf07cf38c437c7ca8a,1161810300.0
6f8a22e4dd21f44bc6d383af,1375621500.0
71eebcb108c4828b8bd5b84a,517470270.0
5d61946d53efdd9bd0af140b,615571650.0
c0620585c12f3d9f1298696f,399847940.0
d27283e3c941f8fc256c3f4f,517470270.0
2acc857ede19953734600dcd,399847940.0
32474481a0f8af34a4edfec9,517470270.0
6720db016112cd2a4a5e0358,631325630.0
959d0cba47f650933b9a5168,1040893900.0
32d2c5f1707b00c93407a19a,397814560.0
0ffdec8eb5272d9fe4775251,448476000.0
c77d7a08d5b9abd4d3082fb5,468246850.0
a3021c7c465dfdd38cda9f9c,844857000.0
aa24974831a0c608635bbcea,712676860.0
eeca3f5c399785a1cf15b1c6,606763700.0
0b51fb3a65a86d7799f27264,393437200.0
1af16b7f14dc04f05edf71ea,824710000.0
e0d7e4dffa0f3dbc40c7da53,577568400.0
cfeb42023e2737491b3e4283,813143740.0
dd4e23681e00fa1cb9a679a1,448476000.0
153c89081fd85dcc66a02421,712676860.0
f25b2ce0d988bf5490fd780a,387615400.0
8700c9b62ff5a5c3394b0bd8,508408030.0
a53b105919c7b46c0cc1b003,437960930.0
1c835128915211131bc561ab,444853570.0
a0c6e0c6fe41e32b3bcb2b26,508408030.0
4eff2f2297ce85a0a3964d2c,829105660.0
57062f248424c47282d3da30,604354370.0
99e860bbf3033ee4654d393b,588901500.0
db8912c5c5e5e49431b2c85c,666486000.0
3151daf55106dd159f27a8b6,444853570.0
3e8a4318d93b1fed4c48f48d,1090807900.0
4c8ca73cb51a58933de61f0b,552745000.0
925754da6fea9c9cdc06e18e,626389950.0
05119815bd72ced29391ba87,626389950.0
aae7cca10bd7f041c8e02d23,626389950.0
4890edc33a555cbbac71795c,626389950.0
902fbbf9f5037be8759775a7,626389950.0
d013a0e910b1fe2e3913af7a,626389950.0
9c38b9798313a3091d13b340,1119757600.0
f04d3ee8b175c8f2f30f4f39,1091859100.0
f0f883c45e8470e74280e8ca,1283938200.0
af820361d5f20198bacf839c,498883680.0
01636da0aa2bc223af023a13,685466100.0
cdef6e87c007bcd9b4efa9fa,848768960.0
1d45332e2f04df18cdac590c,524738750.0
db3dae76fed5fdbed29862fe,472125500.0
f36a379e0149d4800e793001,562281100.0
30d2ac3ecb8150e4d4339d1a,1017421800.0
7f78955c480d050f2c8ae3c9,668227260.0
cb1dcee1f4ede0877be1ad15,714476160.0
a32d2c51f2bd5f23bb519d12,858376000.0
bcac2a4cacf13a91805557c1,364268500.0
a21afcc258e50a538dfd43ed,389298750.0
7202b83b651382e2630359c3,471682700.0
77d6855eb6a30d268e49eb1a,463966200.0
204ddf6ba4822d55ba80f713,424426370.0
e0587d29cb717f725e991ef3,893562940.0
c606665f3a3f70ef61fa5cf0,1106767000.0
44412a9e16b2824c4a520a72,502346900.0
313abf19d78b719cce4b3188,557111040.0
99ad7b36c3c916393e951507,627509200.0
c34c2aabac06323fa180b24b,502401540.0
37f39916813a58b844e17833,838160800.0
6ab7f97fb9880e48fab16a1a,502346900.0
0e6c74a0056ee94b10bfa86a,638689540.0
7fdbc3fed9c9607e6d01e958,555243970.0
01018b9796a105be650ec802,903992500.0
16ede6f8833a93677d05a131,403925120.0
0a53b0b7c365879a6d2cce39,720387600.0
a293de027279019418c070b5,382166820.0
973ab56a202e039f5ef37353,397204960.0
3e18c851788fa8724ca8b7cb,505970200.0
0a4b0a004c894654663bdcdb,853084540.0
55d4b530b881abfce2d03e56,681071700.0
405bc08707001684d19f6edd,557692600.0
dffa1057472b06bfc0fa7a66,1165472400.0
d061615fcc6355d79665f9a6,680828800.0
6cd96d73fc58b1502bc6ead8,901568060.0
db78a3ce9c6f6a7f4ecc6853,574858200.0
1498ce1c1bbe2e89b84a4a45,649060540.0
3035d7ea4b71d204b588dccf,490871070.0
2b8e9560dd58d880dbe77c61,738349300.0
e8948741a987cbb3759b7a44,680828800.0
20718780218eac9668776956,574858200.0
c0a9e3f5c57cfbb4aa9b2357,824277570.0
5e9e9339fe1c3a06470cf7c6,484288740.0
f852e0f3fb8563ea6918164f,1283906400.0
e38b4072ff8b856487864f31,948017700.0
8cfa1121fc87d9483ec63611,628556160.0
1a805101f78cbb783e6f919d,547742000.0
98502628de3c4fd3905000a7,386942460.0
ff7ebaf86962fd0ab6ff41f3,501163070.0
69442123283ab024a911506e,1040893900.0
ce6e91b53465250effacca98,752337700.0
5d42f42059617a5ca7ff3a32,437443300.0
01edceb6c5afc2af1e129e86,343383970.0
fdad0c86eb89fe93633c8571,320720480.0
831725656d9df81b63c0ae38,493496800.0
d1f8eacef9bb4d300d086837,1123201500.0
3b6d88f864f6c1759f957c73,1444176400.0
5a38f908d8d75c5810280e12,575557000.0
c7c835349181bd3f0d964eca,1361650400.0
edd4d560363f7575aee42d39,1063969540.0
8f3924eb214f5194d21499b2,746263740.0
466c542d7825d36d18a86486,537341440.0
0b71d334a6db66cf6f1a8eb1,858841150.0
7a91cfb02df63e4396b15aeb,422522600.0
6140125d2a94efe499a6941d,444672860.0
080df3efe1fe81f97e74c4c9,391750850.0
e148c2b109eecef0175b3c5d,482042880.0
40aaf6665b489033ba0e55b5,1179147600.0
05498e49d0b875ae6aaddd83,391369200.0
397d0f6319465fd7fea6f710,945790800.0
7e6d8c4742b38854d819696b,869948300.0
9a8d13d56d677379ebf9a347,1108808100.0
06bbc353bf62fda3b3786fd0,554212400.0
09fd7896d5445f422892b196,474015840.0
57c63e412f3fceedd3a7e698,462828670.0
32cb6246cd94f962f780a1fa,403246180.0
b0f9bfd521802b0d2586300b,659151040.0
2a99204f0a53c4a4d0a2393f,659151040.0
7651626df0e2e3119b801466,659151040.0
59e48259a076518d929f5db8,381128800.0
e7b721ed96269bb195906bae,368688220.0
61c3c304eb8a06b5a483efd9,878215740.0
3c26b2954be250bfe239db68,361624740.0
0df87025a6351b435958ce95,1064442500.0
df82719238ea0e102c282c09,595506940.0
57c74f7b9bc5e33cc823439f,905955100.0
4195a9d13c0a526d7cc959f8,642962600.0
0d00fdc440d7612434a6b91f,642962600.0
0c91369119a06c40623afbb4,528942100.0
5a6b30b4d33e068d421bc2a1,528942100.0
f4beded3c5ed9fd6cd5177c0,528942100.0
95e561c7292d64305a2cf4f9,642962600.0
67138978493b84ff42daad45,458288030.0
7da10de45c866c7d066d2586,522419900.0
3c3cc027fb179e91a46f11f4,456301120.0
df3ada98307fc85428022d00,458288030.0
e029c89d59f2caf4af4bd908,613048960.0
105d05ab3d5334b976e448e5,456301120.0
253fe7aef58ea97fefef922a,605751900.0
43e11f10650837933261fa7e,516269500.0
b111b17ae1fc17e3491b7a5b,776951230.0
63e1ff737ea11ec607ecee08,642962600.0
ae703276c49b6a6a9c39770f,921815100.0
799bc0f95ef9a23fc16bb1d4,1436596600.0
bb9fe73a8742dec9b2e79135,1182052500.0
a9b3d963a14c2c7435f30fbf,1186771700.0
7a48bc2c3f4aad08dc7fd5a8,405768320.0
7621f476bc8040270958de6e,532217950.0
c49644baf8dc51d3f76d7e7c,694088770.0
8c107da7487ed0cd409f4daa,403270800.0
1bc8874a13914055c2759a35,403270800.0
fcfd6f08490be39064aae41c,403270800.0
23178c72b063ecbaaa04b37a,528942100.0
10bf1c2d1124f6d8f8b9497b,528942100.0
c29b30cc5db2ffc273e4cb14,528942100.0
f7d11c2601959921f536f804,642962600.0
acbb07a2c7a0e39c0102b3a1,642962600.0
844e127aa7802cdf75db074c,642962600.0
e2d88f49873bbcc5476f4ff5,642962600.0
42aa1e6f6b8220a63fe165b2,642962600.0
ab1c43d6fc4f08e315e322d7,820924600.0
9299c976b1afe4d2c0bf351e,820924600.0
cd62ad28163c8df131a8f2fb,456301120.0
e5e06913ec3c851340d7c91a,456301120.0
d9b46a34e48e04b5a3e026cc,617549700.0
782a6028457ec55d4fd5189e,621941060.0
11a905e4e01e7d15d35cbb82,485931070.0
3b3e423e248b23090a2897ee,465970500.0
5915093d458d4b6589e86f59,566456640.0
3d162a854aa05447e2cae0c0,700272100.0
662a3e343a7e207ecc09d6b7,536425950.0
289db1292d4ee40a1ed6e518,554748600.0
d43d2bda7b6e4d5177c0d032,865600200.0
b57ebf09cc691bcf009ef115,1131607200.0
21f5bac85d5eec57acf501ef,808075600.0
2fa288389b3031d595973793,461071780.0
c900d19cade1443983274ac4,931079740.0
67bd5b20df7f2a9cf4e04358,462828670.0
e111bda6d24089dac82907ad,382217860.0
7910ac9782a1a315f68799c4,462828670.0
ee786b818284cb382c755e9d,659151040.0
f9b0a27bd3619ae88ffe5455,474015840.0
ad1c32cf75ffbcfc842e3959,382217860.0
5648633b1f92de1ddaa7e7ab,462828670.0
1ba481abe0d3890c42884d97,462828670.0
ce60e2ce2a420052e67564d2,403246180.0
87e1b1170c163689d60bcd09,553478200.0
bb4c7900162be66534d17541,945991040.0
68340674853f0ea101e32b46,659151040.0
d10f89691119d4a4a2c1e650,1392965600.0
d414907e75a1c105ad2b74d1,353690660.0
c9b6d3bce20b7f528fff8123,398698750.0
be1695a7b8d3dc68c9887abc,528071170.0
debd60afab03fd1552719270,528071170.0
de060e07dfb0a5494c5550a3,528071170.0
3d6815fb68ce959cb95e225e,528071170.0
d93f6d8fe212ee3c0f7cca95,528071170.0
1ac702e7c265717b34419fe7,528071170.0
a157596804522e03efabce48,528071170.0
069c529aaef7d7e0774c4a66,528071170.0
0669fb98aed75d79f8decb7f,528071170.0
7057326ac489bcc17d580883,528071170.0
e3d6fe5d97bf4fe851aee9d3,528071170.0
f80b20e0649dcf1c16003255,528071170.0
364256d0881131148655e006,659151040.0
0f9c26956bfe983c8c7fc227,1509957500.0
9756b47e9dd47f99dbb23115,659151040.0
27d413eab7b562b984c5a682,659151040.0
ad17072ff24e0fc0e61963b4,659151040.0
473a59415b6214218a15e363,659151040.0
ef72df5586ad0cbe59e36e07,659151040.0
9129b78a741bf5e24df5379d,528071170.0
964734d3430de94d22c927cc,462828670.0
530b25326f39c347a35a8caa,462828670.0
482f57e65a3f4c6792775a05,394303360.0
738e86beb569a7bf51fbe199,355792900.0
c5788cd5507c577b7b585ffa,368516000.0
be164f9025f346390b986668,379565440.0
ea2efa1a857332559120b823,628890750.0
f3dd24a17ea51b7a2b0f037e,629089860.0
7aa8d04246d3e84e5ac470bc,905955100.0
6361330195fa7cdc6d5c603b,1020301800.0
6820ee22d6fafc9c030cb286,1242512100.0
472601b5b5719855ae3528af,700957700.0
3ce2c7f1ee7569e1b916cddc,590882800.0
afb03f7cea99023ecea7610a,532217950.0
404364fe956884368e2f8300,669896450.0
c658639b590415bc6ea44119,455615800.0
42f1a529f5ff3a6371dccea5,504003400.0
e2e4641b20d81a90033a536a,587670600.0
253b34c2c5ce15cbd8b5826d,558432400.0
86ff8f274b698e7757ced1af,894241500.0
c4aef1d92cf264c548ef1f2f,482042880.0
e8603da6012c2116a70176b7,799903700.0
52b52aced4853a3e3d7fa058,605910200.0
7d9a9c3b4442efdb53c24448,462828670.0
a7bacd6f783756c9e7cdc068,383115620.0
68a00651ead62911f850cacd,426462340.0
1e7e26077db3bca2821a9b45,613399900.0
8aa21f48a83be25f924f85c7,484946850.0
48107a1dd2a3b027637f250a,617308200.0
6bbb24fd1b9df3df4e939fc3,480530980.0
aa45f8fda8801c3b4923f4b6,639195300.0
ce164af02f76ab3a68b0f980,608987460.0
c32249c7c0819b1a29fd611b,728027600.0
f8d4ec209ad5fa5ba4a68e56,598244900.0
cc03087e0f18d59c521b6ce2,582982700.0
fa631a714774fc22ca15ec10,686739460.0
c310efec13e312442f7e1a01,778823700.0
534466a857d28dcc598e3a49,946653500.0
4a81bdc14b5bcc4c84f5ce4b,466190080.0
79ac12d8436c07b620190b9c,481050020.0
f69962045e9aea6b8200888c,398190340.0
9752758072e096fce6f7f4cf,389821120.0
56fc1855dc6375dee0506133,472125500.0
2fc19f73fb877ed8b88a5250,528306880.0
63a25d279fc5a9e8fc1dfae3,399847940.0
71978c139faf2a251db6ff5e,313952000.0
f4dc67569fd340be3dc592d5,552489900.0
0b829c23806ff01a0c84e9a9,517470270.0
a23ff4d1b2e24f537a75242e,517470270.0
3a103803cf9cf0451582d89f,368948500.0
eff8b3fe996b6d7db10b0263,490864500.0
9d53330b44c300e396cdb402,625015100.0
301b5da33d32c0632b16e8a8,615571650.0
357e653c4bea02df1b08c62a,858412000.0
9af17837ac2bbe7c8ba16e0f,405768320.0
246576e24f66d495fe0d509b,532217950.0
cb70f4993947b640317a07b9,532217950.0
949292b23ece12b655122038,332409300.0
4bdff22689954e5b1e575d30,676735040.0
7c69d43fe2488db51e6c8da3,369913860.0
6f543782174a964402b64de4,753650400.0
a59e7f0e0596ea6633781335,696595400.0
767ae7de1818d645a33749e2,609803460.0
e667133c29f90c8fbf30ede7,484871940.0
3fcacd1cf9770a2724a5fb01,605325700.0
601193433c99337fe806b158,595123140.0
42c282041583e6e2090b50f2,719720100.0
3bc80c56871193dd782696d3,489720800.0
bee9de3e2817bdd591c02897,508408030.0
0f761aab549e7f6bc025ab0f,626389950.0
3b9971f91bbe4b8dcc704ba0,626389950.0
8f428b58a5189effe993ca4b,357736320.0
0af466463f2cf50d61315da4,687918000.0
1a486877c62f2aced41a2ca0,626389950.0
c9fdc3f80534b32f1a75f530,666486000.0
97419310c7e696dc8ca61f7e,796697000.0
49d9cb2bcc98d69222b03165,938729540.0
99fa9611d644cf325e20e603,1299288400.0
976d317efade1dd77ef3687c,531190620.0
b9bd63208716e4e0f2dedceb,422046560.0
834263730047f308d71d4d8c,469880500.0
d6bf8bfc752bf4580e99794f,877696640.0
58bc2b0acdb0702732894fa9,496955780.0
c3b8b774037044a2524913a6,894166460.0
eb339d562b72b3bf51073cc1,423119360.0
c8244d916b0110b1acbd38ac,761511040.0
65bb6acd9be0f8d95fbc722f,659187460.0
5644b84ee2edcf7267b2189c,674896900.0
22eb737351bd0958d3e60efe,695254800.0
0e2a5d040f6361adb9927388,695254800.0
be9f5ade682aa1fced79b068,471277980.0
8445e5cf42307960535a3b11,569565950.0
1b002164d34a71bd06e0445b,696595400.0
c80f897787541816ad63bc17,436688030.0
673c72783eb4f9a02c511b83,1097846100.0
3b29177e99201cf4eaae612a,796340030.0
91c5967cc1acb3f108d6e0f1,419262460.0
334b5b9fc68a18387ae59ebf,391691840.0
c9d096d4353b8eb843e793d1,671126800.0
92cade7b5347d1c00a48a1fc,921924160.0
1d4bbb5b756033b4be28643a,807582500.0
e1eb183eb261b6de96e20a56,933220350.0
7ea8da3b1481993b14bed9d4,432833760.0
78bb43910ad6ed105610d9dd,916826500.0
32c1f617f2b1f537ef703712,776770400.0
a7e6d3c76bb5507e00ccb501,462828670.0
6c75d7867807d942c975079f,891276900.0
e9182661e36239f091259232,389826300.0
c926ee21c2bd9da7da193514,361773100.0
27bcae7ffb9f79b8f59fe1c3,423119360.0
6cda1a7622d5577c0056ba40,717714560.0
67c945ee31cf1fa0a874e4a6,672678700.0
5a8638c17d14ec4f6d447b8c,399847940.0
82bef17c2a4db1f6dc6eaf01,517470270.0
09dcdf0b8b37c1d537b9fcf8,517470270.0
2cc9f2411f98d0fd41511211,454853440.0
aa1eaa63043c5c29ab6a1323,517470270.0
35b03ab66c19ba2049ddb9a4,590372500.0
90470cdcdd2b813b39f28ab3,615571650.0
ba187eee3858263fa664812a,615571650.0
c06a1d212fed896b6ee4e1c5,615571650.0
8a8c8f5aa68c4e530d62776d,615571650.0
662a221bbbd961c285069c49,615571650.0
ee796b35e39c7beb6aee2b49,615571650.0
53de17a986d62a44d7897200,615571650.0
68925fb9f8f0c84fa0ffa9fb,615571650.0
6a6d4f8251ff961609019ddf,351501600.0
3477646f548971044f8f0494,380548400.0
c82434222f4129168fa82e5b,512530400.0
4c00508300f40d74c79f2596,420958000.0
27bebaf73dff207d7f6829e2,990758800.0
d0ba7b90f6ba3392a165b46a,1062760700.0
61974f593c799e5d5090c067,366669220.0
c08b016afc6a07105d7703a2,474624700.0
011c2017b63235bf0ed3f241,484785020.0
7f73a8e83d41ea252ad61197,445651840.0
0c25a552c34e114a1780739a,379565440.0
21e96ca8dbe2f12b55723335,499449200.0
30f6404e8034dbd513aa8a30,618824260.0
f2fce80439462bb9231d7fba,367897950.0
40d5384e2e8f8fef2032928a,483104130.0
95f17e64d2222c904a7d42cc,496046660.0
59374f70d5e7da97e3b8b35f,919434050.0
ba30cf03fbfb0e36e5d415bf,1158256900.0
c2424b4861f2ef50f8876c0c,542520450.0
e7def7d0999433ad6d3ea412,868207740.0
7f1a4e79fa92196101baa7eb,921815100.0
37e0fe114a3c7406daa57443,605751900.0
897c0578bdc8d59843bcbe38,422701540.0
7e554b821e6955ab259a25f3,403270800.0
23b0d67dc2a0ae6e5ebc9eee,403270800.0
d43f045d046fbc8f5ecf465e,630950100.0
498d632cf0868a8e641cecb2,403270800.0
6b9bba3c6afa1f999a9429bd,403270800.0
12db154d9d29cafa574ad387,357111200.0
61779f1bec05260cf10a0d2b,630950100.0
986defbe9082519824ebc882,528942100.0
f72992cff50931d2e19b3ccd,528942100.0
0e2d6e5882fd3b4eeb9ef286,528942100.0
9702737c9e4ecb12d0f9ea5c,528942100.0
c36cf907ee28017eb1b40674,528942100.0
a7ad9c8b5bae531abf68f8d0,528942100.0
6f3dd53b0935c9593a301bdc,528942100.0
11f8f836e5626605ee4b41c6,1240492300.0
16fe92ffdb7e1aeefcde80f4,607587100.0
c1eace64bd2c9f6bea289c4b,642962600.0
fc2ac43013ba8ab17da28041,642962600.0
5e6b54654c98c2517c2e31d7,642962600.0
f0e8b39d2e4644dade9d8954,642962600.0
22796587bee45b8f64ee6e44,642962600.0
dc8c76f5b3977f90839918b0,642962600.0
27663c0e271e26dfdbf4d289,642962600.0
2fc96ec5fb2c8dec0a5b09ab,642962600.0
49d42ab711abd95fb5947c0d,642962600.0
b8984fe54819f5fcc43860fd,820924600.0
8d3f4ec0c37443eb3f953584,1101899100.0
001dbdd202e9908ee42713a8,1137771000.0
fc5f41aad1b4bdcbd8298037,576325950.0
34926bd7f9880e277e75a447,545189440.0
00eb120ba4410ed8efa24a8e,518529440.0
eb0c6a8231b38b2a1e1f789a,518529440.0
0f059b39ca45bbbcb996fa45,598831740.0
06a5364639452a9d663a2dbc,400666340.0
cd19dcd4aff76caaa1cffe54,477399300.0
7272c3521b7083038ff0a690,566621950.0
a480b654e1b8b7134091e613,1304070300.0
ba24834c9fb0e87c4ea7d1a0,820140540.0
ac46e3eb688cb1cb17da2545,974169500.0
3053732169b2260529f90133,479612540.0
ab0c047373b5d1810fe42bd9,619892200.0
698383c101fb784f8e1b1ee6,585632960.0
1b09c89b546d0058cb09c1a9,746779200.0
64edef308b6a9805f0846cbc,950610560.0
995a5799d9a1a7e4dfe4fe34,1356266900.0
d4f1fcd4c20dec55e977720a,1211661600.0
21264b5a73fd27b85a4e2654,570682750.0
d464858ed94a1a74948f479a,699624640.0
dc420bf2dd1759b7f281cfa6,1163952900.0
0a268e25a5f3a0bfd8898a40,354290240.0
a3460f00d48816ef66e3acc3,531190620.0
9559637fc2bdf96defd2438d,749799300.0
421db6a58670e53f563eb9ad,528942100.0
7b6322fd5810990820167a23,508360500.0
17fbebdfe6bc0618ecdd247c,1127277200.0
00f2621035b1969d53f03fca,820724200.0
e97c998a6a0709605432ccb1,373741400.0
39e306be57a992bcc75e089a,333422100.0
55d0225b44a81e82eea3efcf,738338050.0
c7c5ee499c712082931032a4,1375973100.0
f15f48d4cf4f85a3cd68dfa3,403270800.0
01db5867a69f8ea7849d69e8,1100504600.0
7c29fc3861c9f074e3a89449,642962600.0
5ae2fec22f535ec2490174c5,331712640.0
a6731fb85da65ce14468341e,472202080.0
4e327acca2e033c3fb305c5d,565396600.0
37b8e8a194e4f2fed7ddcd96,440356500.0
a8dc954142c54e570bccdca5,544720640.0
b427d767b071c3e5ac2a078c,359226200.0
a9407f510e67bdb27ad59b46,458288030.0
ba7120c89c8de0e57e30646d,475731330.0
4f5bc448658287ffb3d49b75,776951230.0
758d9f47824eb74d1b486024,1100504600.0
84fb7e582456d7409f27cd2a,921815100.0
0a6ade3bea1768aab76680ed,1301128600.0
f6e74a4b1e026352e5759b2e,894910340.0
639b98d0798b5670e7bb2569,1265125200.0
32ecec7d5c47d02969368779,400203500.0
cac82fdc4d960947bbc590c8,382094700.0
c2b880a6bc90cdef9dac52ca,545805400.0
dd8eff6162c32ecbc6972509,394572700.0
6e2f79cf68ac0ba2b1a6b0c4,1082294400.0
a904fab9fa4f41a11f673fd9,785394800.0
bf11c5dfcb321e020601e9ba,1072420740.0
488cdcddd0938ad0205ab8f0,1361042800.0
b92929668e884453d3a0d633,387615400.0
09eeb116cb0944a28742d282,508408030.0
c16e9d9444f85bdfade710a0,508408030.0
c15cecbbe717e72f09a84271,508408030.0
0bbd23df46a4ea4e4734b680,508408030.0
de28e62bd01870dfceb5d78b,508408030.0
92c4faf0ba1fbac44db6d1c8,626389950.0
91892eac5e9565b12b2a99f7,626389950.0
ba72421716765ef6aad9b4cd,797875600.0
a99df3a2cd4f2346c6e903dc,357106430.0
59a3b1a44c35ed4936cf7843,444853570.0
cd74b689350ef612ddf1b96a,412096930.0
5664cfe452394ff9376bcc8b,411319500.0
d4c6dda51fa949743a46e835,463030880.0
b7f47484bbd8113c62cc8c1f,472531800.0
d4dfddb6564c9f46b26e7aab,411225380.0
aab240140aa4b6602234d88e,626389950.0
29671ce02e285f69afeb3fc2,626389950.0
5cd742ea274b4a8832114080,594871230.0
c876ed979c9127674000b740,520130140.0
45269f56121b796d0392e2da,1205502100.0
e981d4fb3a33f372ac26901d,1284729500.0
2f13a428281ffc425f2c2e38,369781950.0
407e4196114b64578beac143,653995260.0
342027b17940a0cc5cdbf8d9,1012869760.0
dad2bbb0fe138e426000a33e,637264640.0
e77da26aa7ecdab5505fab60,476874200.0
8fddeb4ca696706f6cbe573b,713660300.0
fe368a7d2e09fe88b1b972e4,376485950.0
6fcea2c6b9e39576e10581ea,462340770.0
91d35b9421c4982b54dd520a,485667000.0
eecc82010ce9803ebea6dc75,405768320.0
b957548768ef014088a61b5a,405768320.0
5790e4cf8102dba35e184ca1,476874200.0
cbab68c32d78424452249d9d,669038400.0
4e0b293ec3d5eda7d9fcf8b6,528071170.0
1f8742e662666147955c9872,528071170.0
aad38b9f22ccf36b0fba4e7c,528071170.0
44e9224b9735235fc7271672,462052480.0
b61e9e4f3a2e894932b58ed6,705383600.0
2b36d2ed79caaccd687f2ab0,399847940.0
7bdd64032a4f011bd4fe7df6,399847940.0
0890a0d20f33b9af2bfe488b,399847940.0
ea7c9e327eab66ca286f6726,691442100.0
98510008e150296ca9d27d0f,517470270.0
41abd8a2cbca609cf868f227,710261400.0
83196bef0e5dc6c981bc57a9,615571650.0
20289e986c1959f0c83a6a4b,545730400.0
fb39ca089d05381b3a7ba847,347766500.0
d2da963bf6c2f6fe724be23c,1107478500.0
670f7dfbe2eba87e55176257,790477500.0
469b33a6f153ec334b6123d7,607272000.0
c38ce4f3763795c61efee6f3,513711700.0
8553a05c2b30be81c64a6295,867110500.0
d8b3a1d0cffc913ebd05b931,867110500.0
f0fb8232343d235741a20586,867110500.0
887d749eeaaae288b2818b86,608987460.0
126f4d890004b8035a7de091,659151040.0
7d157359b413e107f5f9cfd6,528071170.0
65010e340fa495d060e32f7d,528071170.0
8164023f628f550f322aad61,486102600.0
8c2423c14aefa13d255fa77b,483104130.0
e9772a54bc6638c723dcebdc,646170200.0
171149ef76fe0a2074c5bf69,601417500.0
96448fa0eb077563a2d168ca,567821760.0
3bf1bea2a835d7fd11e47ce8,417704420.0
2f4b0b1b81c792f43f4ccd5c,417704420.0
086540702ba0876c0c05c5d5,998120000.0
57d17db2cc5ce1aa889f1f50,924816000.0
3b6cedd9966332f0722208cf,457291740.0
351a3e1b62cd51d46913a8eb,873389800.0
33b702ced6de5f7ab8b29e7a,511916860.0
e0e6852c6d6393d6d3719131,1100596900.0
bf5e687721e030639ec81416,462340770.0
314479aa7b73ef6ef44e1c89,476874200.0
822896f609e7761b58e7f6e7,487527870.0
5b6f21752f3744ec6e529d74,594436800.0
5d91dd63b6aef851e0c78389,625792830.0
0a369278a1ef6f5e9d79e2e3,545888700.0
7523e95fc2afaf31bcf30979,1121018500.0
cb9de5719b978a78c71db699,575578940.0
af8c90983a23ee15c72b8e22,1543343500.0
e35d8f589e6b1909f5e4132b,924537340.0
ecaa5e38ff6cddc14942eb7a,664793600.0
d2eeec3fb1ee4d686758534e,624868500.0
e97d03ef9638c8e1d270ed2a,357597860.0
cbd78f55af1db4d89b53b496,374203620.0
1b2fa2ee5927660313569617,719720100.0
f7f00e13da4910d724aba4f6,487539970.0
9a6b77dc2c414f0baa11effc,482930020.0
bd4d0b8799fa5999c5d2ee3c,844697500.0
bd6b68abb113370c35786557,989631200.0
4da8ef54252a92d9cc62c174,952029500.0
38d6c2a9beac610279bc110f,657104900.0
32e6518755191bef743b28f6,1086955300.0
4fd8d01a5c3abb90ad70cbe6,592630000.0
5d9f8f380a6434096a0cd906,428296450.0
724c854b1a991f060701d005,428296450.0
1bd78ecec17b584e827dd0f9,388493220.0
7e6f68184d84e09cc9ebc09f,388493220.0
c0174ef555bfdd648acf4346,409659650.0
6463505a740324c7aa869d79,648591550.0
f239b7fe0de40d208c01c45d,462340770.0
bd98add659faedc1820f96a0,462340770.0
ad662354d28a9b2d65f537f7,532217950.0
8e8852450fd5556f748c98cf,462340770.0
8fd5b95f5808b4676043de35,462340770.0
73a23c9d154fec88d396d2a8,613769660.0
374ca1a16b8eba42b35374ac,462340770.0
ff058f978e97c389e7a31f6b,462340770.0
9d7f2c004fd359136a662c9c,462340770.0
2cc0129b386acf9cdfa4eeb3,462340770.0
c139bf6b72a93a73155e1f5b,419373660.0
0c017cf9740cb67d530267d0,462340770.0
44ff213b9cfb3604b7e4b66f,462340770.0
a09c957598e6cde56cdba03c,462340770.0
c846d5698bb295697186555d,476874200.0
a84cafc064a35cc0ad698009,538084000.0
ecda0d714f52da919223a520,669038400.0
b9398d6bec5cc44fa39b8bdc,669038400.0
79d230806fbfe96368b83dbf,1157256600.0
a28b1d82d3f7dbf8746d5742,959199940.0
a6555836840c7dd496ba9094,476874200.0
83ce7c2d2823f888f2e06ea8,669038400.0
631f4c509de8dd64f1c400db,669038400.0
2afd31619c21dc537e4797ca,669038400.0
0be57099d9c3ad8a16984861,669038400.0
ff29f12bbd7ac4b860909966,669038400.0
d955edf16ddb9d3f59501a9f,1157256600.0
96298da2f44ca873f345867b,476874200.0
e6396355c1249c6290906b78,669038400.0
39f9f736d802b166ed688224,669038400.0
38a0fcb41f0dbe8b0ef7af8f,669038400.0
79b955adf84fb2c52381921a,476874200.0
e335b8464a61ea0781f7928d,959199940.0
71a929d79a6cccbce6ac5d79,669038400.0
41454361857cf70c44e1f5ac,476874200.0
a16ca6293e2ee2969f3334c5,828299500.0
4083248d3d2f2bbf9589b971,715964500.0
de630da5e1c9e27bfd94efcb,955739260.0
f2a4f5010f3da37e27505ece,489464930.0
53647abd1d1b10c9226eac73,403270800.0
e51873d6421addab3b539dd4,403270800.0
be8fbefb8e06fe169237d4bd,673292300.0
257c889187ad5de900a430c9,528942100.0
3198c4acc62c1a2276bf15de,549394200.0
b22350d505b87dffaae3a5e2,731800400.0
49ad389014995f0187edf726,456301120.0
025d96090a8e5bd6f786e9b6,422701540.0
4a7156189e1f06b0fe87a7fc,379187700.0
e91425bd357561183b935d27,379187700.0
c9d996f458794961d9957c1d,379187700.0
084de965e32a2a65bd3aff5f,379187700.0
880bd21afee7038459b5847e,605751900.0
2dba091723891d8907905a74,642962600.0
a39f9fd2f143b8ce1f7e1277,379187700.0
37050aba3553f3869d59f809,642962600.0
35a39cf33d16f8f5ff75fd6c,422701540.0
7c463a59e7d2f2b4bbd07e12,379187700.0
035d955df5a765531d1d0d07,528942100.0
be706475abdfd64aabfe45fb,379187700.0
bf41b26c090dbf0a19252e43,642962600.0
21aa860fd839233ed8b82653,605751900.0
b870c8bd8f95426a7e1f9c88,379187700.0
c5a5676bdb1698f8c38cdcd5,528942100.0
3487768de3a13b7ee3df0254,808075600.0
dda7a886135a1fd8106d04b8,1036843800.0
ee102e9d0791ee82ee4da2e8,508408030.0
1d4891dc27e0050efcc6c403,508408030.0
dc1fa8fcd0ffb8872d434dbf,564697150.0
2a5f727304ad67d1cd269361,453658660.0
2b10af4fcbef695b327b7d0b,889293600.0
516881e914708f6ea6062ad1,453658660.0
5a428139d5ce6bbd9505945c,626389950.0
38dbf1b9c5963e9c3d008340,626389950.0
02c6e8c7f36a2c68851600c6,508408030.0
d2684e676cae87d75dea5ea0,508408030.0
027947dd01dc991ffefc5082,387615400.0
0af13e27cfe9b8f237a9949c,626389950.0
32421841f7eeda76160d7959,387615400.0
96ad0e75433cc18f20ed83f5,626389950.0
b387b5eebf501a620f352504,626389950.0
8ed95f9bf057114664ea441c,387615400.0
114318a8e5822ece53ad897c,387615400.0
3bdd7be0b5e18d266189d991,508408030.0
0d2c4bbd8a4dbeb6337b5c14,508408030.0
a98637742a212e332cb5d1f0,508408030.0
acbec9114912932b9cbaf0a3,582237100.0
fd81506b0a00fab1ff680b64,613399900.0
49e531941384af389b0aff59,422803140.0
8f221efe392ba42b519e5f57,582982700.0
1f33395df1e4f6a185c507cb,480530980.0
fa823373d2e7fc9443ebb6ff,891276900.0
0a6966f19bc2c303886ca82c,617308200.0
15d9a0353ad54798ef95e0d3,659151040.0
0d95d756b838d3a319277424,474015840.0
d644b23e4bce0e6e50ab9356,659151040.0
6dbc77ad8c5c1e39f72cd2f6,659151040.0
2fb5206d246ee7ab22fb8143,639195300.0
f1582fc47e7b8c0eb0cc9949,598831740.0
8d7dd9de4e919fec5916862e,830063000.0
0b67da6d74bb3998c80893f4,542224600.0
736d25efc9e570379d32c089,712676860.0
4615a8a7af9d7cefc7fe4c4a,1050032640.0
8b753628bd37b9759dad06ea,424162530.0
5c7c83526b72ced12a08e573,549463300.0
9baa578a930a94f761119fdb,589364400.0
8fe1a07cbe9b8f3498cf74b0,383234020.0
67a7cfe6e95aa5200c064717,649152200.0
b7e3b0c90c0d3bfe5befec54,622506000.0
e6a547b2c0d126c9b6800515,950610560.0
b08f88ef973c9d1c3a86695d,827178600.0
5933c18b8cb17cc6e4ae91cf,807582500.0
64a24372d58a2cf535c3aac0,934914600.0
e6f9288cdadc5851d29fabff,1157640700.0
71ba2f992908a5f91f832406,452820100.0
3af4b54bb5ee5fcff80f1e53,503327100.0
40d3f1f00de86e74e0304bd1,453658660.0
3b758c26283c2f11251bfb89,769660540.0
70cb6337c8c3f5225fa80026,668060350.0
0dd510aaba8036e8fd9d667a,1124773000.0
ef6ac2a5102d7be910a3e4c8,389255700.0
24c32572ca6161a603a7d0d0,323170600.0
c7be09a810b9e54d2dfba4b2,620186700.0
01a5a230e8a808d844e64397,1253985300.0
5ade8e9c79288d511ce1fd79,632154600.0
7cf50019422bc9569a985736,1047014800.0
d4716e228067a7bb0f30aa30,583651400.0
cb79e02041eddcfa9225346a,806492740.0
b059afb753452ba358fb432e,1241467400.0
fd9f78fb2d2f4d01e462bcea,1481568800.0
6337f924f515625e7fa638a4,755213200.0
3adcc2c662c8c7c9db5f0982,519813760.0
6b7aff233052b9bcb6b9448a,1243567200.0
cc51811e23409f4d77995768,393436450.0
e3cd7b6dc0495d5109086407,895381570.0
e63f468e1d9f86530d47ba4c,393675900.0
8bad8a7faae115ac9007b13a,634521100.0
d563312854016e9115d034aa,1023791200.0
57c7684f8cd8d78909711b53,538503900.0
76b8190137ba3daa55db33a6,393436450.0
2bcc6a15181273b2fad05e3b,459000100.0
b998aeafe2cc93bbd96dd9fd,418401300.0
eb77734d12df7528af57c674,418401300.0
e8df85384a1f51c31015ba08,528071170.0
b0a03d567e287bf4cbd7bec3,403246180.0
dc8bc7cb687a3a42b7e7d5fb,659151040.0
147de03212e554abbf3fc3b7,403246180.0
c09b8c236316b87a92a620b2,659151040.0
f5006b435fc92111d55c0603,528071170.0
ed70b749e030cc8715c0eba5,582237100.0
2a9bbd878f3f45745d76f059,659151040.0
503f33d11f75b6b5102ba4ad,355991800.0
41479709513815cf5fc1eac9,549806140.0
0181972aeb6bf451012a47c6,626389950.0
0b35c4a3f20cc0eb751acbac,387615400.0
e5de98822287c2caf8b209da,626389950.0
f3d82ce1c6fac06e4997f7ba,387615400.0
8e17d7d78e7acffdcb04d982,564049150.0
f1e7a0c7804083963b5b6de6,372439870.0
918dbe66979d16b147bd3322,453658660.0
35dedbaace193598c9c438a7,372213340.0
e67fa931031bed13c711ad00,385278080.0
eb2bbf82cb615e3227305b55,397370180.0
e8d83f7dcb876d5d05ae3e98,444853570.0
2be93bf5132bb788bf045c28,520924400.0
ac2b1b560e8bc4fa1deb6f87,626389950.0
674ea6932fa9e6b7581479dc,626389950.0
4893b21db2d6aa4417e1cd1d,842435260.0
2dbef742d0c59d21ad7392e3,859680260.0
fc16776abc877decb82a5954,867704500.0
6f84d405f419590075610c5e,387615400.0
52cec2691ff635031fce9507,387615400.0
830b1a2d33f7754b9acfdd82,387615400.0
fa908c8dd43fcbe9f721c0d5,626389950.0
90c3b93badfe7231410e95bf,626389950.0
60a495b86d6eff1e345ecb06,626389950.0
0468cf58f40372acb9d5fefa,626389950.0
c523380518164e1e317cf1b8,954484100.0
142cf530f13cbccc3cc9d0a6,797875600.0
e0432ecc0c1fb2b00b5435af,444853570.0
3af3a702988bfa0599727982,1018983230.0
99fad8a7877c57c0af05b318,552745000.0
b57250de388b7172a39dae8f,564697150.0
42fa0158217c9cb820f2a06b,574004700.0
8fd452d3f5f1dbb3b65f5274,626389950.0
27881ecd655786b093349ab0,626389950.0
38029a1aa22c0a5beb065edb,626389950.0
6750be41e08a725705256b0c,822251900.0
90bf218565cd67ed83240033,1090404400.0
c6a089a9bb326c22e3f3aaa7,788858400.0
ede08c77d6090e0900654eff,1303901200.0
2f7784465c1c69c8f786a0a9,1559556600.0
5943151d9a76010179f6c297,388493220.0
82a3742862a06803242b703d,462340770.0
b815204eed4398e600b366ad,669038400.0
11c4dba68fb47eb9c49df169,444853570.0
4ae7dd50c6b743bd47340f20,564697150.0
d81a040e22d541a74122f3c3,364988320.0
34c84d0a410920c303ba69f8,452278000.0
6b0828221f9cdf5cf39e7c15,411281820.0
c50d5b4e75f165eeeb2eba97,508408030.0
572488a9a75f64434dca5dc5,508408030.0
0e67ae9abf1e2b2f66a91a28,508408030.0
cb00154afcad81df60ee58f6,508408030.0
75801c34fb510d824a7d8366,356177200.0
98f2d7810641693c44096ada,462511870.0
1fb4c88bbf995f77f2f29b7e,650865600.0
0abc98f7ea1e477c6fe3425c,826497300.0
b3401023d3097815687d1160,626389950.0
f1ef14babbc4123c5157eb9e,522733900.0
ecf47573fe1ff641f6914d0a,1110857100.0
0ddd21dcfe89f72e2246ed79,405768320.0
402f18888d480f5af146daab,405768320.0
61b3bd442f6fc8838e2f45af,606158700.0
c4eccc400db2dc9627c9879f,532217950.0
ab38b4fae64ab90a55b5a403,579785800.0
7f4cdc01f9086bcee46d1d6c,669038400.0
1be9d865ac8d01f0378bc148,1409439200.0
f2f43244cda8e2f5219f3db8,517470270.0
89ca905d858c7731313c82e1,615571650.0
5bbd0476c27c53e2bcaf9462,615571650.0
7e177acdec9c0fe684d8fe44,615571650.0
b764bb8ae8ba0d736bf54f5a,399847940.0
75f6d6beb64d846d965fa9ef,615571650.0
b5293710d0cd75f95de001f6,324320350.0
8b8ec04a78d3826b2c8a5754,620739300.0
e35579e8b9b24dcccf93abba,431451500.0
db5e320f51680100f1ec06f9,415462140.0
59be3c447844f31267366cbe,470002400.0
0f3b424c398a8e8b53162c37,694764300.0
57f4a3f6fe2e41ad97116002,486043260.0
1c6038b67a40f0749a72e6cd,603841600.0
e5da0e3919341762d5beed25,464324740.0
40efc0dc313284d3b57492f9,572917440.0
601da8fc375ba0b3df3b38bc,870944450.0
61a12496ac1e6f39c5ac5d3b,1238062300.0
8635edb61b1dda6f4742cac7,1314561400.0
ce12b48120daa5704a4c81e2,327633660.0
acf4d60dad7953065b59ced3,1012429400.0
56e3e7d822e13838ab9f85b0,995589300.0
7ea2c18341f69f21b523906c,848586050.0
dd2396a42097b2e8bce52a72,836168000.0
41f99600339a7afc8e386e6e,554972900.0
b2d160f54ce5f98f46818e4d,812993340.0
00dd36caffef00fcde85b235,848586050.0
471bd64a0576aa67f494eb98,1201732500.0
79e307acac5f42f2696b0436,1184119600.0
e65a4eec62e2a5bbfaad5565,642962600.0
4845ca0d30483b36bfa55061,642962600.0
6784e116d96e03911e2a07f7,422701540.0
4184fd9a546823ff1fea0b74,456301120.0
616a5485bc7721ecfcc21c70,375688300.0
6ff3186df9d15b65dae5bd17,407444260.0
886706f32695891af743f986,563522240.0
daeb02020f23715e663b4a38,621941060.0
93fa1c8ebb75b77dea76ab99,592489860.0
ab25a6737b3ee0c4e9cf4ae6,513245500.0
c5641447732d3d1269965ffb,1230113400.0
86b290218a62d0c51b099a08,817373300.0
d7b82133acf54bd3eac338c1,1279686700.0
10fbecd8de540f1fe4c57b7d,380587620.0
137baf1609138c6ca2715c7c,496538880.0
f5534949a53bef05de31b07e,438562780.0
466d4240af2cfd09a31cf3ff,426098900.0
7478693f3e7e8963e95be8bb,344616160.0
6e537e91af0de67558bc1ee2,508408030.0
f5b0b51ed49be034c290efd2,508408030.0
a4885ce6808ffdb878c41f97,474220220.0
a14506a4800c27223fc34728,698474000.0
e8e97b7919856f9cbb9ad02f,626389950.0
e16685dae2bd3b0a4803ec9a,858626560.0
044b8431b186eb022cf6fc24,751225000.0
60de8c37c9eb96efc432451e,681928260.0
59b88e154c07bb7c0ddb4e8f,642962600.0
71590ac868415f3a185dc15c,642962600.0
6388b4cfd09e2b1219268cb2,528942100.0
f865cd15368fefd8c9d6aabf,642962600.0
ffd916080b1019827491de0b,554748600.0
6b8ce573bc2ee68ace26a67f,621941060.0
7ce704ef5752dd496a61d857,592489860.0
6b1a1afa055c15908a855e9e,605751900.0
2a9338f62c99dbad25aec5d3,691694100.0
c2282da3ece2dca6e8a3bca5,642962600.0
5e6324cfe41c3676c7d0a5da,611425800.0
f1a4afc2e543ce4260f1d781,917433540.0
5d17daf3e98cf433267d978f,1451563600.0
d5f41dd3258aa346367d7725,392671740.0
da35c757f211ecaab20aeb3d,626389950.0
8d9cd237c737f6e62092a08e,889293600.0
9dd98816533e4ca8516a5474,1121170300.0
27d14f352b2983177e836e3c,626389950.0
3dd4fa53bc59e5852f9fee98,1119757600.0
3ca74495aa9adbd533ccfb96,626389950.0
dc93d8ca60d60a118f61390b,444853570.0
dd7b4c374bbbcc60bb090fe8,387615400.0
f925a05397ca6163230f7ad1,626389950.0
66a59937c54eff29ab14b474,508408030.0
077db8e0877b924d1b57ab1e,626389950.0
aebc3c6079c1a80f8b2f1c7d,626389950.0
ae41a566826a10d5a6768d36,626389950.0
489fca3e6dc044412d00cca1,626389950.0
fc2f58cc289d29fffe8a5fe0,508408030.0
59519bb6d5d299ee0b767224,564697150.0
19921a97a52bed6c6b8f4135,626389950.0
ae08b7f31e69fd930ef4c832,626389950.0
1b67fbd144a4a3ef40bd9824,387615400.0
9e142165bbde850d4379a49d,626389950.0
d3e971e2e224a20530ee295c,626389950.0
a672cd6c8c284e14913222d8,565822700.0
93086ab3e32aa9599708382a,922230140.0
63773145b1a896df26504b0d,359226900.0
17707d66753c1eb0aca28926,469283100.0
6a2d4d9a257fdfb2ead837a1,391611170.0
f9158cf51f5e9f644349a774,439090900.0
c09c39339b5bbd48f349a430,552745000.0
d470d84f5d8299c52fa24499,501777120.0
9d028997ff036c154c3fda0b,626389950.0
40ce7321869b706210eda9da,444853570.0
3fc826461ec4648e4f7877da,520179740.0
0e7dbec40eab1b3e5c6bc665,795826800.0
81b3256980dd7d7f49030c78,1201045100.0
fed2e1459e9ccc06943a05d1,1088874800.0
c535169307e21e5df7ec88e6,403270800.0
d78d84e4e42f145e02e423c9,403270800.0
3e523ee3a6c2d89436539792,403270800.0
5f2df52db15d2e0ebd327a36,528942100.0
1c1ff56435675288e78c4735,418699870.0
ec4226205a38a45d97f35828,528942100.0
3214488a8fa9cf8b3dae877a,642962600.0
4a4fe76c58f5735ce6b018aa,642962600.0
ff3696c808d4835d6c7cc9e3,528942100.0
1aee9081ac4a04490eb3f0e9,528942100.0
8dd954e7312e6e6a07d6d4db,528942100.0
daa52a91f1fee77f75550246,528942100.0
a4ad34eb244e48afe23a780d,403270800.0
0b4b741487c001323f508d5d,403270800.0
cb383b7a746ed55b21a8b245,642962600.0
4b092d4d5885cc224f6775e9,409328480.0
ba12305002d24055c159ed34,358259400.0
bd74d43d99a240ef4190ecfd,547685600.0
4957e0b129c5caf47b026c58,456301120.0
eb270972f0f69f1671a0a740,768341950.0
d51d3ef396efd4760c979de4,449306500.0
ac65d147ee69785195ef7da1,812044860.0
53ab42a93b6deb152951f82f,642962600.0
5826567e12ee3192785e36f3,1340230700.0
ab64918f2b2b4646e87297c2,846064830.0
88b0d688281db2ef0a782921,679729800.0
dcceb6a2073faf9f89f3431d,827573100.0
73bf75d5762e3dd30fca7b3a,921815100.0
a45ba5d63cd1971de19c25db,909606700.0
8467eedcf9a48fee0d72d95f,854546940.0
6184f12f3a903658f3319290,427405300.0
92ab018394a5398b832d0b97,553557400.0
e8e215437d023387c4a55515,796645400.0
7b8a6949d55b5bb27c3c6839,758821440.0
33f1a7739cb556a78af083de,660781200.0
39c6bd862f908b7e8088f0dd,508408030.0
ae556ff5f318b73d3b29142d,508408030.0
e2fed68e0b614e65c05200b7,626389950.0
c62a4288a4a0336b1436132e,626389950.0
f23b32fa4894b6d59f73c151,626389950.0
4ac4fbcacef08524ccbf3623,357106430.0
5b5bb8156b98eb51a58e73bd,441159360.0
53fbed4f9680917f0615ae7e,444853570.0
730b528617c2841eea5addaf,542970750.0
13d08f7e14471fcf517c204a,432437660.0
da273cee807e254fc9aabb9d,693949760.0
b8f7bd85b61951ce83d7f57b,1385681000.0
4954ce465ba712543bdf34fb,358038720.0
b7483c951d2c19de665f07b6,364976480.0
913cdfdd62e35472522d0a6a,447572770.0
be28b90a71e2922437f25110,394572700.0
b71857f1cc385219f114035c,373741400.0
a72041a40ca87928c695b2f8,431927400.0
65a626faaed9d9e3b172415d,447572770.0
229bcf400e309619268dda31,431927400.0
367bc4fef78a9800f8616d02,431927400.0
dc0ac888f1e87924e3994b4e,434871900.0
6996e88c10a94d9ee7d05357,413045920.0
cb8fbae1b4141461127c97da,839695300.0
d2de34876a7a6914c2dc479e,1055277000.0
c666974c4303d43b87714c62,692828300.0
e8491a7994738d098a7aede1,1132192300.0
9a6440e5318b2de28b180a2a,1052346430.0
9ebe11eba1a88fcb24fcd141,446070240.0
78b0f0bd0494fba0293eb0c3,516863650.0
047b0ded64dcae203a3015eb,669718900.0
7b95396ef4d0e97de8fb4986,874339840.0
08f1c136d5a456c0215ebea4,820458200.0
0880b703bf2064f59f2bf20f,835241900.0
cfc069bd55e152e40b3a1391,917930600.0
0a00771ee714a2f3f96c31a3,457265570.0
06acca3d0ef4685dc055ffa5,348510850.0
f802b026db4bf9d68cf00b16,380044300.0
4aebacb9ecd0a117307c7841,822706900.0
81ccb7e0255eee6274f5d930,995105150.0
cd17bb739ac79f80d6f651a8,1207946400.0
917829a0aba571cbe794838d,604698000.0
5b83b73ec31031582aabc527,419788200.0
5e18ac352e3f3119f5f9197a,1055277000.0
b7eb15346797508f47ae094f,687179700.0
5ac98c971b9293bc6a8a6aae,885286000.0
e196b7cdeab1468d5d4e07c5,1181944300.0
0ea201bfd515584bbf72f902,808664600.0
d2e6ab3b3106f36f2c3fc119,371811700.0
59db28ba77489750903261d5,1039269200.0
b348c76e55613f53c8bbc94b,1008364900.0
a1e38854d6725e9c48c128b1,361624740.0
b86c526fed01211fdbb62815,1020301800.0
1d2b83d973547da8c168f743,538852160.0
0fe3dbfdf25d4b013b842b51,427135550.0
71a20a4daea6d31de942b2ce,1208462600.0
35352b370a31d01748616b01,919434050.0
27942219389ecffbce2e1d9e,1015175200.0
62fbacd4e172983a2a998daf,642962600.0
00c1165df93a4cfe679f54e2,528942100.0
207f669778ed0db0e619ed40,528942100.0
5ca0586ab7d20dce5e9ca8a0,642962600.0
cc27435df779f16e6a62b0c2,642962600.0
7a94d3d31471ae313659aeae,642962600.0
efebd19fc5a2ab30f2ccedcf,403270800.0
8037e40c0c8b20ab6e0d4b78,359231700.0
5ae3359bfe2a704de00e8801,456301120.0
a5587c93c012375dee920f71,458288030.0
ee7f7d547af56773a4b0afaa,1023963140.0
9ed988dd6739eb7ad7aa5a06,842862800.0
26c08d7331ae19e1934a22da,812044860.0
767024c66d3a88bb18407b6d,664327200.0
6afa85ee6594d1c8296f04b2,528942100.0
551ca6ad1ecfc7ac21f8ef0d,856036350.0
1f79204a8f62c29b0a1b29d5,441348740.0
3dc0fa238745fbc31ba88853,414021630.0
4bc3f597867c6844e9b47fc9,378400930.0
53973c17ea7e89fbee5e6cf4,357838000.0
05397b2087e5cf381809f169,535021980.0
584990ea9718bb5598495061,368516000.0
2e7c6a89d2cf2d835839f5f1,666741570.0
5c02d79c59fb636ca4cbe86e,398079460.0
114436e00c03b44096823522,1168800500.0
60caee98c3cc8526d16d7f44,545107300.0
8207612808b5947f2802d2a6,689287900.0
31a73382ae20331521bf2e6f,569112000.0
c58947cd4f238cfdc0007bf7,1398921700.0
a7ee02ad2a4fa122799a2dfa,892924000.0
c77a63e92b9f727034913d8f,457925400.0
56c6bf831d3c6737e3844969,547888300.0
73ec6f4da3c277958cd2c228,1148767700.0
7dcd1916c0485e0b80f9eeb4,1131574800.0
cafa94c4a56c23ec73ee9071,1217938400.0
d5ccfaaaa739b2bb2b3d46f7,820821300.0
e6d2e862f58445084b2980bb,1186190200.0
62f96ed5c1e5f28117949a23,435752830.0
20d8980a4fa8e094b7a5f00c,435752830.0
0172678cb0737e21a317eda4,361624740.0
6254ee88812e303bdedb8767,1093576400.0
a812ed43db71868625b351bb,914833400.0
2bd1c70db60a44d4400847ca,1065147200.0
b057dd8a9c2082d1a78cba88,359891460.0
2fb149a70fa14ac05582ae69,484522500.0
47e282cb12ae01243d713178,449306500.0
ae47cf27964393fd56a52d7e,612686600.0
21642991a20d6b0d17dea2bb,549394200.0
43b10ad2660d7552ab6c3b10,677153340.0
64e5093d6bae57e8b4298123,925327700.0
9d8d3e6fb432174770c74e71,836070700.0
9f2498c12d7b41c213bec0ff,372846430.0
6461c0a03ad3ecf2f8112759,955174340.0
09b15382686c42fd89b24285,1230113400.0
da846b08fe2205d2e2a3dc71,642962600.0
2a89ac6511416d0920f1b9a2,799723700.0
3e9083411c44213130b2ece8,428296450.0
0f0df5694eb388d843e1f17c,428296450.0
ee6a288e644183bb191a6526,388493220.0
8f570610ef199a3ecc49a0a5,613769660.0
3115e2391cc3a078b5e6066f,613769660.0
c7e45098251c687efe670815,462340770.0
8a3b7f5a8da339fe19e8f138,462340770.0
2f801cf48edb712627196b2c,462340770.0
a147a8c29757c5d0c592d347,462340770.0
86b0aa633bb16582bab5640f,462340770.0
c9620e3e2dce92bf95c57c6d,613769660.0
b746e4a5c9d04cf4dbf887da,462340770.0
915842a8a03914c08a6607c3,462340770.0
e9e6e054c1d09a22b7efa20a,462340770.0
4b6fb9b705d80ff350bd620e,462340770.0
9a51784f33b0cdfce8312163,537711550.0
176c9a90fcbceb91569fa3e2,669038400.0
c97e70a767a3661c4869bf86,476874200.0
a6bdb6221b88a24c9f8381b0,476874200.0
0a1e6a95a0f9598150c121ce,959199940.0
37d12acc69d0e3e92420e62d,669038400.0
d433ad6c3cdbd707e6839082,476874200.0
36bec92975612d091a3c78b1,476874200.0
3eb97ecf8069775b9104af85,669038400.0
9aeed339b2d916cc89f38bc3,669038400.0
f404deec9ec16a8460397815,476874200.0
8a0114372706f30bf6867a2e,476874200.0
681e772045fbee930fcc9ff3,1157256600.0
0816f29a68aa35abd5978e7c,669038400.0
670fe8f7b8ebe006885b2777,669038400.0
d36dd340e5875df6cba999ad,669038400.0
8ae869c5033c248f881ac313,723604500.0
294b04da3eaabadd55da9c20,955739260.0
17b360d57782208f5afdfe4b,715964500.0
88ed5ebb575d026f8d440c60,513631360.0
e611a37562f88ebe07bb28d3,463966200.0
e685650979374c571dea2ec1,463966200.0
10d47d2c73f0ccbc97979bcd,404479420.0
fe96a7d758a874b1f0c42145,555243970.0
a7634531887e969c9c5469d8,339746750.0
42f38b1b2dc077c88a746c1e,543909800.0
25e832098d9e6e7c2f9afe2c,602869200.0
b7dc47c641b46ca99fb83a0e,1010110900.0
0391d158ab104c5cdba31872,871306600.0
a3c4d0ba7b85b9a6370e131a,1130401300.0
27721beb237824844adbc289,1050285060.0
6e807e25b64bf0de81f51c12,1286291300.0
d2637d64e4022075c8f539e1,828677200.0
faedbe92e3296977872a4aeb,1321721700.0
5bbc190cdc5ff3296801ac0a,522419900.0
9b0abbbbfe0bc85686304ad6,403270800.0
f8263893418eb0752dae48f3,422701540.0
1e73d6064abab2cccdb6610c,422701540.0
c0155096575af5fc8db843cf,315898780.0
9c7f7b0ebe440f60d3bd478e,422701540.0
25187d9f4cfe89a525ef2493,422701540.0
85815a09bde2a30e296f65bf,422701540.0
fd45b984efcdb0b434033fd9,403270800.0
5dac2d2027b6c81c1b7ee3a4,422701540.0
7df538c0c831520e6d36e39f,379187700.0
14b81320fc31c7a513242171,422701540.0
8026e480ba395cfe1e09cec6,422701540.0
80bbc51dd90d131d091521a0,403270800.0
ae6ac510d3e46a50ef24896e,422701540.0
06b90d41ad3ce1d0d389fea9,528942100.0
8d911c1a195567dae3cad99e,469145280.0
2876aa9ef0b44e43084393fa,456301120.0
76556774906f9e12b319c232,456301120.0
9662cce3c4b92d1c99849899,836070700.0
de3d078e5d524d8a7b65841c,528942100.0
547c8638128424b89d602f50,910491970.0
c8a3dc3654c53cf66953de0e,528942100.0
21c8b93e50ac884e63514f10,1175119700.0
49a0715897795017ee0de843,441845700.0
5d646ababb10f51c141e0d8a,642962600.0
da598f8a82b1ad1b02961cd1,833467500.0
84d8f7109615519f2ab0a48c,642962600.0
0d027b81f8391d73fe0046aa,642962600.0
079bc331430e94ee76f8097e,642962600.0
61055e6eb1910507640ce6b4,563522240.0
3f6effb8881ea683838437be,679729800.0
92c8d6ee8496b91821d7ba3e,642962600.0
78a08f21f7d7c51ff4d5b8ac,642962600.0
f7ee7282cb9edc77740f392b,642962600.0
694b0a500f1619c4ac4c85fb,762194000.0
13d43933e04c3c7a9e5071cd,820924600.0
5abb555cb9d65db8e6c28201,371169060.0
ee8103b958673c589b9cb27b,945559940.0
5b3a467a3b0feb8ed81be1b7,1095670500.0
e570a5157e02d440a78ca008,621920900.0
70298b5e8fbd66aee975ff14,626389950.0
2b552d7b1a1488dfd618b120,387615400.0
f4ea9c80fe71a1bd0b692475,626389950.0
e6a9d5c9a82ba73e76817a81,626389950.0
9b58b5c993540ec3ab1e4a0c,387615400.0
00858277a3cf4f31b8e3f738,508408030.0
d937ac866f671e4a0c090879,626389950.0
7d02b3479cb2d89d55bd4fe7,508408030.0
bf79649b531e876c5f03883b,508408030.0
66a2ec5aac8969b2be538c1c,508408030.0
7637c251618135e082a9e2b8,797875600.0
e8c9070ca596f88bc2e0868a,508408030.0
64adcb2941e9553ee394caee,508408030.0
0bc8475715e42b752649b4e6,372947420.0
956ad3b1dcbe8f236efe2d2b,472343500.0
dc81900a751b64dedcb4ac39,607924400.0
02e52d3895522d9be85c4544,470888930.0
49d6752dd196e7dd583baf44,412096930.0
8364aa431b2e267e41efabc2,501777120.0
1b59d33f9000d2e1aad46239,374167230.0
74a791baebeffcb7e7b917d0,522733900.0
0a3911a1a9284f2ff81689e6,411281820.0
6276bb8ceb13d174b8e405f0,477017020.0
d573d2caf8c67aa32bbe592b,392352830.0
57cafce17dc4de3bf8a9ba90,831525570.0
1dc9e5c684c831b204d21585,564697150.0
48df432642971a97d3d4bd45,626389950.0
4902ccbe8456d3f0a29e5059,626389950.0
3a810dc80d3a63f8cf106717,649652600.0
c9859204696f3440cdb541c3,783829440.0
349fa9cfa15d8f8bdcbe863a,1292437000.0
d0bdb51c8020a37fe8344650,900643400.0
7b037e6e5d110999e51b79c9,765936450.0
f677c51266f5ada9e23f20eb,360221100.0
1b85d69a0f8ce1d6ac4d4475,361773100.0
4570a3ca0571c70657b4a1c6,549196160.0
de32ca7785b71dbcc76a50a1,697226800.0
4e3cce6b581e74879c2dbc4f,423119360.0
09c4d4b5d1c0118d877d5734,506143000.0
b9809baae395914981a9296f,627967800.0
fa56058283c975be76d7c990,579836700.0
7b32938ebf0b1b167a3d2d20,398825760.0
bb38c1c17612ce593e5ae7bd,533222850.0
bf0485c2e267d06b9b1d90c6,717714560.0
0357d0ee6e0646113ea543cf,471277980.0
ddf5182c482fca7d881fcba4,856474050.0
47e6a61fd652a3dd37556ddf,519830620.0
a9054883a22542257c7e778f,376674140.0
d7c70d831e88d552da09ff29,989944640.0
d4d138bbc80a0b29ed28a4d6,402645920.0
dc9119767bf4f21fcccdcc69,855688640.0
e8caed8cd754b0e3d43e6954,720973100.0
033307467830cb865a785e3e,518529440.0
5498b3e3ca091bb81be87166,598831740.0
bcaded180edb36336c2f5b96,598831740.0
ee4377ff95580b93e80ae08c,598831740.0
c25e1e289cac1bbbee489122,598831740.0
7e41d90a838048eda035fb27,598831740.0
f418efb887a15127cf2563b1,598831740.0
93b27fa67eae8cdfcb846772,598831740.0
6a42271a0b03bf9a856d1acf,536087400.0
2af9e271765438a47fa7e7a9,324917860.0
11429e0923f804d7dc5d27b6,1133754600.0
c218434cb0b05ebcef935e5b,428913660.0
a98e4f4db7afb8a6c9f69400,517470270.0
3c35c8993bb937164ae4a880,1101014700.0
c23a1372c81ba03e6dabb0df,514275420.0
cb332695a296899d1c798426,832163400.0
2ace3da2fc4e0c022f7a8755,771278500.0
14f1bf9aa68aee1ac094097c,895154500.0
649a2784beb9b821d36179af,422701540.0
6bbb8f89bae38eff88c89c46,456301120.0
1905b860a8d463c3048b4e46,667990300.0
3ec50faceb434f716d73613c,1161810300.0
99543a17b33ab955d03adfef,988152500.0
edbafba81b92efa9b1400987,1236707600.0
9b3846c7abf642e0a6220e7a,470362020.0
691c35e98d0d5780aa82aa06,611225300.0
395fbdeb9f0c0586a2b20edc,364153900.0
4803a3aedb6c20eb194469c1,485462340.0
bf95acc88b60a3d531fbd42e,487012060.0
b936e36ecacd7cbc3498cee4,388265800.0
293c8a0a4a358fe7554a4ae1,387615400.0
5a72e2a62121158efe59069d,387615400.0
605276b332b5e5984b83ea8d,508408030.0
d3de7e975a9215d04567e467,508408030.0
44b623f7fca1a306560172ac,508408030.0
9a6a8802cbf3549870c55031,508408030.0
f43c684b789900c58c8b5fd4,508408030.0
dd7ec9d7dfad5364dd303f49,508408030.0
506f2b1ff3e4e7e43a5596f2,444853570.0
090d371309090bf83b6fe0f1,564697150.0
886be9a1881866ab1f300533,829105660.0
ef34f331871e8ca6573981e1,565897200.0
53bbf1d3345eabc2a8b7f5ff,666486000.0
5bb87c8d49ba8ae67a659b52,626389950.0
21dd47ac3c4e1d6bd0ed2485,626389950.0
f59686ef2740247394547078,626389950.0
8fac177c5a8b4faa21b33138,626389950.0
b2bc172a3ab25b8caef50189,626389950.0
a10055de743532d7b7bd29a0,460822940.0
c344e3be381326a1b6cb5989,693949760.0
3fa4ef366575bc72ca5a0582,596295740.0
e9205b722e624eba0fd36145,1404646100.0
e75699a7693c678786ced75c,668060350.0
23208132621583ce4a46de77,636919500.0
558d9e4b57fbe6c7e0a09a95,651635700.0
1a6ecf722b2eed8cdc19ba20,508408030.0
11734add51785f1ddb999c5e,508408030.0
82c9ce0d018c1d620b7a6689,508408030.0
80d95b058cb11ec829b5ec96,508408030.0
cd89201cfe3fa19a4eb14bf1,626389950.0
d0a5f33f0689445e22db6626,626389950.0
c7c99ae9259b34bf9b8ba799,444853570.0
73806685dec82cf637f19384,444853570.0
83007c444fa52b34482ed55e,476506880.0
e08561df5747246d74136dc4,470888930.0
5b0219cdbb8ed527aec91659,1009858560.0
119805b72aeb50f05d3a5bd9,1066519400.0
fd20cc372715855081e24eae,903801150.0
e4a021b625f4ffbed391c6e7,889293600.0
902d4fc2c44ae5ca2703426e,669038400.0
71aacbd62d72d3eb29a744dc,669038400.0
7290697f96d8e2101089984a,532217950.0
314153750510e92ddcecf33c,725489500.0
9d576cf721ad30ab1a4fd554,478580860.0
50160783a9a0503df5a38dee,556307260.0
0f4abd70b68453d3500eebb5,368948500.0
42cde300d741cb134a529031,398190340.0
1e9cb258a0b7e08244d7fcb1,472880740.0
febc9a1b054671445d756cec,796715260.0
39351adf139f820864dfe8f4,703348200.0
b4fac45659e67d4e91fe65ff,365765380.0
fbe555f6bd0edc1bc950d9ea,718662460.0
67308f6bb80d2a203e306104,374201470.0
799cb909791d43a1eb305eaf,528942100.0
4354c1b6b27a87c451ddaf36,528942100.0
0b937a3ea4864896b744108e,371544450.0
b96d8b77fb5ba71ebce2fb26,528942100.0
f4b1645da3f4286e39f2fe4a,554748600.0
a2d1de4211aff373009809ec,485931070.0
50b619ba3e0b2a4c6512bc97,621941060.0
3d57abd322b0077efa1091df,605751900.0
652793275729ff3b69e86072,528942100.0
1e2270f9f49aaf3be01dab49,969012160.0
99970db787f55a4d1963942e,331712640.0
801d821fd6ab7ee01b62a800,459422270.0
2abd46909a251b8ebbd37133,444853570.0
20a783884d6bcf1aa5697772,412096930.0
2fc38ab2689eb24f63e32efc,626389950.0
1f592cc4ed728909040f953d,387615400.0
d1dca15e36fcc5ec14dfd870,387615400.0
54f7aab6b91b48272a81fb47,387615400.0
b6d84e7d569d8d0f0d0c9066,508408030.0
54d10cb2a44179fd4d726f1b,508408030.0
341c307eedfce3f735f4a63f,508408030.0
1e057cf20757627d1b006141,372213340.0
798bf22408ef6814759da1f5,680386100.0
9ef3691cdc2bcece41b47e78,626389950.0
fd5793113661540ee34b8cb8,626389950.0
9c4ce4e9f12764544cc8bded,626389950.0
542b5322e59a3273e10dcda9,626389950.0
af578bfec5d84cc2f4ffb8bd,663243400.0
a310528e34207b5dd813df8f,567558660.0
ecf5c9bd618e3976ceb5697f,1235319000.0
d342a1ae299065045a957767,1275247200.0
f5dcdfdcc8f414cb7a38309f,622506000.0
4090c1b86074c8e769cc72fd,539402300.0
7ef2d4777310765d0c8121af,829844500.0
39222ab30001b3cf45b7de65,550104060.0
91a73bedc30e0c2acd95d6eb,485040300.0
d1e6d6900eebd9ace65d6c36,476436900.0
592c9c45c07388359f663219,428683840.0
738111512f5e5052927468d9,642962600.0
0db51d4771623f5fc1026d74,456301120.0
82c9556e19072558cbe3a7ff,458288030.0
c1e51ab95336a51885b4c672,456301120.0
0eda675541a035b1f620ccc8,642962600.0
cf379b41b70374ac4cf82dc4,642962600.0
d90c961aa01e51d63e50a2de,605751900.0
990379c9f9f210206c6f1916,1120402800.0
f8189811dc639d760937df95,699497900.0
3d1deb639d94b292552a123c,403270800.0
43041a793a13a4171f22e492,528942100.0
052d00805b2602cac76fed4d,528942100.0
c76207e622cf8a208910707a,403270800.0
ebe33bde2abbecd6d1fb0cfc,528942100.0
2e23ee2beaf5293f57a5c504,359891460.0
abbd422c412c2d57f5df62ba,589291400.0
648217f4d8b5e0e65dea066c,673883300.0
52e7657a539be5f36f48bed8,933736700.0
3a276f0df8c12422e14107c5,1070189400.0
dc537b5973d2b94acf6f23df,679518460.0
0a41279a5ea9b92bf8cb79c0,1019636500.0
80ed77aff62d4c57ede6ba94,687149600.0
1fbc660f780245bd72015f07,528942100.0
df1f513009808ebd46ec0847,528942100.0
58708fd9e83147daf1a80c48,379187700.0
52b699f9900d81ae85ddc7d6,617549700.0
98c5b154ec80083bf6f51835,554748600.0
588400f7829874f9de919e39,485931070.0
46a2a88ef09b2aab932ea02a,456301120.0
31474c62a8f39e250fb2882b,646467260.0
b40873d316de1c295f2a97ec,399847940.0
bf4b8b23cd87377169684e98,517470270.0
a34b3b037805f2ec489a95fc,517470270.0
963985c57392ed0423d74caf,517470270.0
a93a37e4cc75c069e14ffa00,615571650.0
071f284d07719a3517c55567,615571650.0
5d030db414b00948ec10d18f,355378500.0
6e57de8c4ec2e42832cd4b09,667866700.0
d9ee40ccf461ce3e9ebb815c,632547840.0
ee13d186a24af238d06e0c2b,593660700.0
f27397321c007765244e56e3,844162750.0
959397711c3f452486ae591c,1110869900.0
a41222195e5c7d7987dc3c7e,387615400.0
ad14cc63c36789bfc1bac0ef,387883840.0
79ea72e7b03cfd4fdb5219b3,508408030.0
cf68e05962a41395844e9c80,508408030.0
4a20d03d09fb9d0ee5565ec9,521617400.0
734c9446d0674b8d6545bfef,821499460.0
d9706de7190ae64c83e65769,632755400.0
b778282fc4b9c43055629e44,651891840.0
a4d4d6480b56d6198c0120d4,651891840.0
7557a9bc12cf0f2901c00264,871501100.0
41376f69b086937257387f1d,625313200.0
2910f3631d1db77e4b61f8b5,559572160.0
3a8a506c99ede47ae2257e87,475044030.0
25d89911e830697217d460f5,422868450.0
365a227184022e99f1d2a816,836905150.0
c6e34cb4e79a729a5df4183a,694610560.0
c5c3f06bbf812593d1b95a40,924221760.0
acd6ad0081960c0f17b144dc,793250500.0
344a104d2210954497a5a388,849434560.0
c0109086d0f49aac6c3f3f18,811614400.0
c42c99f5da3248e7bcc73fa7,814282940.0
8e1e9ae57400052cbbaed9dc,1345119500.0
8cdd55d191f206b0841e56eb,528071170.0
c1e0b47866cf4a0120e4b3d6,399841060.0
45a033d121ca5afef24161ba,483104130.0
bc834280fb45fb308d957640,631300350.0
9ddc14c8e7fe7ffb078e0019,894231300.0
7d66238672def6f73c25247a,521714900.0
2c12cbaa1f14553c1d41b958,416257700.0
196969a98960a68088266261,617549700.0
a5a3cab55661982b7d30bc78,515865950.0
6464d5cc161ac659dd963897,459422270.0
e9f44786cf982100af0984e4,836070700.0
6302e608d8f37e63f4e5cc27,477903140.0
ab614a5008d68aebe34aa201,679729800.0
06bfbccfb3ec0b1f65f4b351,827573100.0
f7f46ac9158f0a1edd01709e,914287400.0
6e233ae6294318baaeebb59b,831892000.0
bf6e713a689f574b532edd4c,1163613300.0
a7e97bdf2d4f2f62f9889c3b,440980200.0
784822ba0060eac9358cce22,368212480.0
13c51ea93d19df6c273a1502,365177730.0
176e00102fb65cba56279287,455310880.0
52e5904902e4d75ad87afde7,608957300.0
728ce22c8db9bd0abe3f20a8,719141060.0
e8bf121ec117e383c843bc51,556104640.0
878ff8ef3c862929bbb19ebc,874788600.0
ed80ba018de35d5d76d50db4,858150140.0
9267fcc93ae3b6df8c12d9fb,600096300.0
babe27dc477f5e1b7e438422,554701000.0
a4173461aa676e09227559fc,481048160.0
f0b2a0602bb5a83f0827ac75,1053135550.0
2da346c00d6fc39268f12b82,638689540.0
9ec5fbf8767dd0d2744a79b4,578705300.0
c85e9bd6e20ee2a883d0a7d9,356177200.0
191cb509fd44e580ee32486f,508408030.0
053d37bf1d988505b5e91809,528942100.0
4d3a66e028dc8f3e9ad9e9cf,820924600.0
c75b265c0eb946ce77e32ce7,978318140.0
d233eb8af3ef7e325f6c8f9f,379573400.0
7f7f5313341b3ca499968716,536331800.0
4fa51848638f4437a3e31682,798699300.0
9090236db3ef719edf72a330,1361892000.0
4dacc190eae91b059dacbb00,1491310300.0
ccd2f6ec8e9841f1068b7c76,693042370.0
a354cdbaff42acd1a0b5d82d,469952200.0
da8d3092ed0e085a83a7d67a,669038400.0
1181e18553eafcf5edf6fa05,608584600.0
5b146f1914acf2ae78360fec,528942100.0
a0fa0aca2f6c2ae65a98ccbc,642962600.0
038bb35043651579f443c481,642962600.0
430c46358b85ad4a741c7187,379187700.0
4becfb041b0439429f2cffb4,403270800.0
feb87029d5a2e8125e165bef,366837120.0
61ffbbc24b30698ab8f735c0,486683330.0
0e3067f71dfb9dc2e03bba59,386738800.0
b8ec643c66478da376153333,565998700.0
c8bccdccc9186136a332e995,1095244300.0
0f4765c8929a87746217e957,1237715200.0
68c145df0ef91fb4d14d001b,365107400.0
e5b92a0c67c506ca6e92315a,427391460.0
a482103965890c922a66eedf,486102600.0
1d917f9f5a3cd44cc4dc8d2e,508220900.0
4cc968db25c2cf03991c0041,508220900.0
91ba0c5b21b52734d1e244f0,824901950.0
d6a8f4abcb02142c6dd15b30,401941540.0
0587e7e1f03af8ea6c46290e,425407840.0
61e1e0c49f3aafee6ec9179d,711016300.0
797da4e993a993ef80277108,694610560.0
b8acc8e72f2c498fede3fefb,690094300.0
ef2ae24039bf2cff1caa4340,479098720.0
cfb8d15c6b0c0e6ee4b92109,694610560.0
05aecff6fd8d866c6c157a9a,660374200.0
b2e37eb7cde5cf4290649ad3,948556700.0
b7ecbd35179a7658f3c11b41,1095770900.0
699095150a7f3f32c40454fe,1249530200.0
989a4fc1590097414d7c3fa3,433687400.0
b6853999c45e21646a0d1b20,351501600.0
6ddb6863958ded0d72fcc6a9,483602900.0
f6fc3807b54d8c69459c4f64,556983550.0
6528ca87df8bb477f4b6b8c7,393841860.0
7bba885503ea7716ffea503c,398190340.0
846e6f1ba1c94966314345d8,660514000.0
04e6a79dd3e4d8d17c8b5387,962533600.0
4d60db10157fd0b5eab9a23f,820215600.0
0d7d434afcc5e93050e0b86d,843539900.0
bb9ffa04d913d06846d082a7,945559940.0
80abc4c356813c1e4ead1e1e,403270800.0
df8979b26c9971dd7c3500d8,642962600.0
6ea18874ea84b5b4840f9b85,642962600.0
aa75ed5781e6e8584143daa4,642962600.0
c8c8d083c9b9600059a8b8d1,456301120.0
5c8f3b7ccb4340263c255d00,422701540.0
79b943894c4dd68bfd8cde7f,484741570.0
64f36d32a3a64853227fa69b,1263379500.0
d7080c3742cd9d72e9d0ae48,397159520.0
8333d32b98625a2742cfabd6,798699300.0
bddcc7fb72bb973f84b864dd,809406800.0
5a80dd0f68dc2cf9fb1b0c03,369934340.0
5d82060575bdb7be33e63ecb,1029412900.0
de416f239b27327e0f78b862,703348200.0
816f93a2e035e4fcf61ee4c9,615571650.0
aca1776ef24acabe172d573f,615571650.0
af32aa018cdfd081a81bbc80,399847940.0
7d133cde943d189c9abbb6e4,399847940.0
80035ad5b3b4a948469800bb,615571650.0
95bdebef7fdc2ac0e9541c51,776772000.0
d038e5695b32bdc6fff1f72d,508408030.0
2979f2d91d649a8c14f5453c,508408030.0
a0be286778d94153d3b22ccb,797875600.0
57e8ea351ecd1ff0825b1324,829105660.0
c84f96cf4570158c3832c3f3,795826800.0
93ab279de0b7b414ce758153,736084030.0
2018131ad3f6e5aa8f4be704,962924740.0
eb055771816b45213df3ff3b,390592900.0
8e3700ec731701361d7bb7c9,415046300.0
422e994aaca85628ff759004,603862340.0
569e2cad5c18a5f393f80a8d,689228740.0
7b4ca3a8d09968e48c185260,678271500.0
12785f791e04b3a49547fbc6,700439100.0
02ea72128a99862e9537718e,474015840.0
fd77ee8ca0551b5b614b40e1,659151040.0
ffbf6a54fb00029ba24dd3ad,462828670.0
a295b12b773127f15e83e174,451213920.0
90f0cf22cf9c8fcc290e495d,395719800.0
220d466e3737f1f2a8ed06ae,367006460.0
235c56f4afd6d87f1b3e199b,353690660.0
eb0f3b14782c9a484408c606,850305000.0
4188712d431ba996cd59fbe5,418261660.0
3dfd7e954d6f7f40af60bc9d,369508380.0
00e80be4feb1e8593b7713fe,466821820.0
eabdd1bad2bc4351ba4a2635,798699300.0
850342685ececa472945f7ed,755213200.0
ecc4d05489c5ffc8164d5469,395528130.0
2406d47133763272a965ef51,353710900.0
b9430e8c145c2a0d7efab2a4,940077000.0
4f8dfb8de411b8a05c55dbbb,914793300.0
574b6bef16abb21fd67db401,479018300.0
e7ef0d61e27de15f10b0d643,709661500.0
647ec3f486cedf045cdd3b68,409885540.0
69d83d8492db7ade6c37c3de,466191840.0
6c07175274fba6a0dc467cbe,384414850.0
a5a71962df1b8bc45bf5547e,708522700.0
ff61abc1e7843e20b1bf8656,371334050.0
540c4d7a79864885d73cca95,491209180.0
17d0f69ae2c4f1aaa1aca9c7,613804800.0
80de6a9303eedbfd1c69601f,876635900.0
7cf573f273b14a6cfafa3ec8,482275550.0
eb9ab213defc2de5d878653f,459679100.0
69f7ab8608b5328f106b42e5,709661500.0
9daaca90887e5144c35daeff,424511360.0
2bd08c0964ef4a95295db843,646850800.0
34f0542a538cee9f3624d897,393341150.0
847a7fbd4425fd2fbc4b3edf,1387524400.0
22428154baf95870f1d83fdc,931539800.0
18e89f083fdbce3da0a82a4a,1184144400.0
63674e7ddf6f2b4d7c6d5c1b,359853020.0
0e97f66cf4208c1a57d1fb17,384981300.0
a90f7cd68b662c87d9fc2d5e,806229700.0
2086639384041f3a9b519140,831847550.0
d38353aaffa4af168518c6c5,496654460.0
d994f3919c3c8fe0ebd538ad,897476100.0
ea9d6dc517c77ff8bffd596b,974766140.0
ff83788b9f8db0297f6c0148,949767900.0
9d9564415e52518c2817f66f,508253860.0
9362189c5d784741c9b0f8e7,837194200.0
ffb510bd3f847f4ede255fbb,470268740.0
7d3e4ead63a869bae978027e,1000029400.0
5dc404d1c214abd2d45b2a0a,1000029400.0
64335f6d4c1a7514377be77d,490861700.0
b81801f02a73feb1db7f5e83,398447870.0
b5d6fe84ee7c6a703891112d,1187883600.0
af0502ae1fe341c2ce1b5325,409885540.0
ec43b2789c9cc266a8e0d1f6,543477400.0
7ff8b0b5ab4fd12f3be399ce,571811500.0
d5c8073e3ceefbfbb547eee3,794866500.0
66379c5752189c150954b4f0,368948500.0
6a3f9046cfdbf4eefca3ca69,660514000.0
b549a72c938d767ed504bd83,732586700.0
f48e503ebd3908838c1f2ae6,609469700.0
e58ba64bfa5280630bfcfa97,560426600.0
07edd16680605925192efcf1,481586140.0
70b821bc1c7dd846a8be343c,546207360.0
d84d7edc4a4896c4a8722328,605158340.0
6d592a69209ef3356e656c44,390952900.0
ca9b2ef10b512905af6be620,868072000.0
bbf16146922556095f53b5ea,856684800.0
86e80098f5a3e7dbd635838d,564968640.0
dad46c20f9f7d834e522fdd1,795826800.0
e2dcb036931bf4b2aa030036,646160260.0
aa7a25411bc0f9f93dcc40df,322498180.0
e192181121fe58a8bf94aecf,538852160.0
5aa715bbe2b178ad0c9e4b08,820458200.0
43b5b5a9a1615eba48ab8b66,350694660.0
dc91e3fe1b190fd8cf2584c9,537223550.0
1014341bbcd2fd5775631f78,512530400.0
7f2e9d302a6ed1770db9f7cf,568313660.0
73f4074e5e09e52e0e03598f,556427140.0
0460eacc73398bb95f0518e2,1068390500.0
5a44be6fad8878eb2c394ca9,626389950.0
936cdcce007bce08a72112b7,626389950.0
8334a4cc7db8ed5c0071fe95,508408030.0
e3e9d1d073b129c697c1e9e9,626389950.0
dd9a60c3d502ca3cc98d9b73,626389950.0
949184accb5878f82fd5c10f,387615400.0
bbc675f7edfa0425c78c15ea,508408030.0
7436750d73f2e56b4f29e98f,626389950.0
cf81103f31f74edfe0453de8,508408030.0
620e467297aed5c47e22735a,342906850.0
41037a3f8625082544979179,462511870.0
6a2db40e5f210a31b2f7119e,412096930.0
0083ef74db679d22463a1afe,444853570.0
b19be1ad7f60717a943ff0f7,453658660.0
0906b6a88fb1eb0d7bfb6bb5,474220220.0
f82adf71d17c261b41a5231a,720498900.0
bdda694c42c52ba4803d482f,527459140.0
80f633154b6f94b8fa24f213,514210700.0
f69aa18a64d8b8494fd9fe3f,361878660.0
3146f3ec9b237fa0944cec7b,499577860.0
5db3d671b5aa03dc33f258dc,391611170.0
d5239537894ce7f2a9cb5a49,444853570.0
bc28e66374356a4fcf9b62d7,447763170.0
3697e556be961a16a621f3e5,412096930.0
bb6f66493fbafa76d70b0a34,453658660.0
e78a4111d943044a9a32ed80,626389950.0
044e2daf937c0d8373f2e914,668060350.0
77668d4325802de9d63609a9,626389950.0
a85ba83751915d8d5d1a0e09,608290940.0
429460d5f5c5381e945cf449,1077785100.0
a53dc5c58f7384729ba37a21,631010240.0
a4dba76865fbd14aa19c0286,788858400.0
7573c18a79e5e3ee0610d7cc,788858400.0
f13f72c1cb469db92b25c2fb,1189164500.0
45dd7eee4488e88d71d46783,1284729500.0
dd4fd04b9fd80818bd543f9d,517470270.0
500a3c5953f89b431184fead,517470270.0
d2e737461b916ba78030c76f,517470270.0
e1e69b5a90431b8a44265487,524738750.0
49cc8164d94a2afe8b750af4,389821120.0
e9b054016b281140d2566d88,504266880.0
32161228e9c502d2c21beaa3,357235870.0
9017accdd4fe3229fc45280b,354105120.0
17fed4a312a9b773f64861d3,357235870.0
8632f5681d04d9c934675409,1357470200.0
8356123e4d10a479a12e98bb,405329730.0
70463649ffbda5fdf3c10ec8,829844500.0
1414ec3cdd3f6ab772fc7584,622308860.0
937708417ef2642b7d05abad,882354500.0
afbe90d764c1821cdb26e38a,498238000.0
14331a3db021936067b15890,397686340.0
793efc460dd25b67c644e92f,833764800.0
0a9e4dd0eec86037a36fe769,825518900.0
e5168779de76d99010e37c7c,884337600.0
016dd08801ad1a1e7f6e695b,1252651400.0
ce509ce153f452ff8a997538,821067140.0
66d8ce8e6aad18a4963275fc,567219900.0
8398e3b96d1311c7264f6603,841234240.0
e9081115ab418ef1031326c3,447835780.0
5c8240a1ebf6138f81dac715,851210500.0
18cb1adb2078fef29a613a96,884337600.0
4167fdc804227ed43224a32c,1155741200.0
b5d0ae257748ea92c47d8fc2,470379070.0
1d17f0ff708e6f0b93a990ec,806871230.0
764f506bb2aa1ac4de918a71,508946500.0
7a861f1e3af4dbbf55b2c301,432243040.0
1562a23a312478d7a05a33dd,621374300.0
0a040fd24e23a77f0c58495c,669038400.0
7f0f5931fe148f6187ebf512,387615400.0
9fcdcb2be94744d00e734a3a,1189393700.0
f181f74e96a93820a23bc0a0,508408030.0
5193b43c32a2bfb3aac6b2af,626389950.0
6cc7718e834ba47a429d6874,472343500.0
b8d06f4ce0d6e71ba0fddc26,712365630.0
30a30e4ab286fd822c68ab5a,535747000.0
f99bdff027d28ceca0caacd1,535747000.0
f46f5e911c6c595efb5b7ab5,535747000.0
a7f0c831d82505044f370b1a,364976480.0
17069e9f4ba45c93738b109a,400203500.0
dd5c910c2a3d63b8fa92096f,364976480.0
a33329c9ed11ee8b87aad6b4,364976480.0
925b457b5df270a68b84753b,364976480.0
d206aafc71e8aec2afc3f8ee,364976480.0
f8232717e74332384075dde8,364976480.0
f60d9f0751a14efe41be383b,364976480.0
13adc7946bd4e6e3e4416e52,364976480.0
230cdc90e6c825d391d5025d,400203500.0
e98cb170e4383546988c6829,364976480.0
5bc46671989de2534553ae49,364976480.0
3b98c8e46cf8477a1968244f,364976480.0
f9f5fa4ad495197a5c9b492c,364976480.0
0bd42f8ee9d36dae4cf35886,329520670.0
567ca46ac91cc53e3b479547,487989300.0
f0ebddf2bd5aac661e4945ce,567409300.0
eee841bc785b1824b6419a73,428913660.0
004776514ad269b380581066,391159520.0
bd3edc7854cffd6b6debfb98,437403260.0
0b42bbe66e438fa81a2ff77a,437403260.0
a33bfa6cf99e26bd9c49f8d8,428913660.0
8b45db8a4f2c0f772c8d44cf,391159520.0
262b5b0bb408d7cf53073832,428913660.0
5844c83fecdf7e09b188c2f0,428913660.0
9cc3c05f0e81b8f6454b80ea,428913660.0
07c46b493733d74c4f384b79,428913660.0
932ce2fe93b8e1ec0e7bbc8f,428913660.0
559fabe06aaee537322d0af8,391159520.0
f4da2c8dd901cca9cdd51025,428913660.0
84eb4861db0816bc8722f379,428913660.0
d0dc69570223bce949a4c17e,437403260.0
abc2ff9d0e7848169fca170f,428913660.0
3e3880088f0df7c447e27840,391159520.0
3580dcbd0a6d7d6d3546dad6,391159520.0
f123231ff18912a3dfd7cae7,391159520.0
78a7eac41dd672cd1863e3b4,437403260.0
97def72de478566ad58020a3,428913660.0
e3e2e3080cc309d34014e8fd,428913660.0
71be583d473084bc0608d066,437403260.0
ac6a4c672dfbe20f5bafbd89,428913660.0
f4fc081a112f5ee1b3a09e70,428913660.0
d8add8f5e0aa562a63c894d7,391159520.0
88ab887e18e38d0b8315286e,428913660.0
07c8af84608e6c9206ad6961,428913660.0
2b352d996677e67156391e25,428913660.0
ced624c6debaa01c732e9f60,437403260.0
ef92f63b46f27ccd2151a21c,437403260.0
f4022026c279a9b77a894ee2,428913660.0
e2e2218086e6ef5377c01b68,428913660.0
4af83eb7718f5823ae69fe47,428913660.0
ee98e745afca6de4550fe570,428913660.0
bd1fda425d792fb0de7b4499,428913660.0
86b2d3ad1dacb372734f810e,391159520.0
98abd5139cc3ea136faf7c8c,428913660.0
4582ec985de48290c5f1f5e1,428913660.0
312a6b2a57dc6947f95213a5,428913660.0
86a47522586da2884181f128,437403260.0
b41edc115f6b439caf392941,391159520.0
fac682b61b813044a3e3ad01,428913660.0
63f4e57fb2cc22659e80d6fc,437403260.0
4310c7a552b20afd46f930d9,428913660.0
4f18341de355d2cf57a03983,391159520.0
a418dbb6d04e505c133c6c1c,481167460.0
afce1d7c5576dc49c80bdabf,437403260.0
5ec12159380f4d1a85e8b0ef,428913660.0
78d10967c36cbf346bd58f63,437403260.0
f995364cc33c431b3c93db45,428913660.0
99b31d0b5d5ab75a2653b1a1,428913660.0
42d42ad031a2c62be9b5cdca,428913660.0
73d09646de4e0ab46feaceba,391159520.0
bef4759bfc25c7d44a8112af,428913660.0
c038742e427830aef3ac1c17,391159520.0
e96a7f5424558193663ef6f4,428913660.0
1af243eb63d893b1251f44dd,437403260.0
a083fd17c5e7c9d33540b922,391159520.0
549024cda1c093c9f8bc2ea3,391159520.0
164cf5fb9a759f2e4be67b6e,391159520.0
65ff6cef76efb4c83ac0611e,510418340.0
784b1db005d39c2f57666efb,455092960.0
a2f06081983f748fcd74652d,477129860.0
66e4f010db2febff23b4a4f5,434871900.0
9702cf3039b86f97c003e20c,551238400.0
48de5d43e88caea594ccd27c,551238400.0
6732c28a236aa1ccc0cb2c86,551238400.0
8a1d1f70adbdeb233ed3ec3a,611460800.0
c775d4f60fea55d5511da4d4,611460800.0
1f4109e1a4b47a9b11c2c019,551238400.0
31ef69bed8e54b5e1fb245aa,551238400.0
882907ccf178b23a02ce262e,551238400.0
2868ac4225657a13f6149e6e,611460800.0
cf6f0a3cc030024f4e9ad06d,551238400.0
0a1cdd0d5c3c8b973ab1a98c,645991500.0
0d099b1e1a314dfd9aee5293,611460800.0
898d1eb301c92ab6603e0b81,611460800.0
9fdf7d85fc65849cda3afda7,551238400.0
f5ee97750fd4e04eafa9d1d7,611460800.0
ef9cf29f71434be184a4ebd9,535747000.0
e4559824c3390efd6282960a,645991500.0
f8dc73052c66ab334cb7be14,611460800.0
2e992370de3eed4ec1271589,611460800.0
e2bbe9221780d01a265e2ef4,611460800.0
b65a2a140ad5fc6e3e26b6e3,551238400.0
3dea0748459a295fcbd2f0b6,611460800.0
7a1cb1f751cd36bdb6412ba2,611460800.0
1381c0399ebbf19db3a11820,551238400.0
479b2c9c12602551bbd0212a,611460800.0
d463fae95232d30e0f78f93f,551238400.0
d0df2748d371d98d76408d66,611460800.0
9551dc6098b721dd495e5c57,645991500.0
fa736ec3f2f066cba4328908,611460800.0
37fc4ce5dfff7faba6bebf8c,611460800.0
f336d60e41c8bfee91d58728,551238400.0
65e1a61d984712e76829c821,611460800.0
65eaf65f8dccb8e49a93b753,611460800.0
36eb8139a5ca1b8459eb52c1,769185000.0
c357cc3d2f4b45ca3e1250d2,544124600.0
4b75f2b374e8674e8b55eceb,782040450.0
9c20784acde0823e9479be2f,806202050.0
0f2aa0d9fdcfe894caa8fddc,816418200.0
23374ef76774d4f95f022473,873389800.0
4224e69acf9fb071d4cab498,851936600.0
a41d05f2ae3e022c16088bd0,873389800.0
9b30c679d7da9169580773a1,851936600.0
2795cdb2f4d568a782dcfc3f,873389800.0
5399af7ea98c97b5906efe1d,873389800.0
5e93ed2a9b36625c4450b5bd,873389800.0
d04d42ff91707e3957b4a29c,851936600.0
f32ea78bc5ea15d700d3c118,873389800.0
8ce2d6e505ad1da079f34a8d,873389800.0
014799b9ef7d5244fb6640ff,851936600.0
f50a72cfa82f3742189b7fc0,873389800.0
8876b38f90f5571639b7d879,873389800.0
239a2dd25f604c730136c720,873389800.0
db297b6ab332cbbba338e7a0,873389800.0
5aaed76349fc95f6c12ced7b,873389800.0
10c94f25ce3f7532bf4f3152,803434300.0
d0ac1f63c75987c92038bd30,873389800.0
db5ea791b33be91840a6d045,729890700.0
8627562772d9d63bac507fcd,859019700.0
b1ecdceb6ac00b6b047c241b,874778560.0
f499c1513abf0b05aa1f460e,1102185100.0
0d8b0ca08838d1dac052d51c,1102185100.0
c54a573c9aef013dfa2abeff,1102185100.0
f02865ea64b156bf4cf4cfa4,989640700.0
087b564ba475edbea431d4e4,1083814800.0
2d3236cf646f19a25932676a,1102185100.0
68b547621c25c7418cfdf5dc,626389950.0
097a1a08a389439cc2c760f8,359164580.0
e9c905ff64c7e2f8c21b0a9c,357106430.0
464039bbcabc650d659f6683,706369150.0
93c24fa31fa780d28ecbc318,540693000.0
a73206cd21136b209f25c7cc,367604770.0
852a11f12646f0a1121824c2,417916380.0
61953f4c9bac7cac5ddda5d9,1088874800.0
5a5377f2d087b7bb183783bb,564388160.0
0a85c354c48921e0ca202d15,1143169900.0
12f9d50fad58e4e40a187d98,962533600.0
45ac018012e7dd91d41a5876,590882800.0
28f905e91295a47d106a3214,1147624600.0
395e3718423aeac3d40494a7,528071170.0
1fd7e9b1e717578f751c21c7,659151040.0
e8bdc4a088a6b99a538a6f0a,403246180.0
45b894a8b028be29ed137f1e,1468836700.0
f5c866d489889ab2f124799c,659151040.0
3d0de71d822da8a999bb6222,598244900.0
ecd0b4bfd66fe04c278dd4ae,462340770.0
9a61bfe6ba2b8364a92e5a97,842536500.0
e8b8d0c4cb87efc13344bcd2,881148700.0
1f39ea319382fb0e41ead713,1192353300.0
d61700c4ecc128290bc42d3f,357838000.0
d87cbdc4896e0e0160999520,333298780.0
d1281c9f037ea5c4fa683b84,322302620.0
310e768d2e8836432f8b3e97,461822530.0
c5498cdddd7856e99d21f52b,412836400.0
d3169d4a467cb7eac41849ff,582421500.0
2eeb4b0d7afa57b63778b69f,1199364700.0
7b3621124731bcd2e543562c,686036400.0
5703b4ab6e77d88f751bc6e7,568784300.0
2c567face144ca714454abf2,1150230100.0
7169b5a3b9a796162de685cf,1284482000.0
fd19e1b2e61f5efde879f6dd,777648060.0
55f0e95dc857256aec65ec1a,1347294300.0
ab03c034e2a420f395ca094a,381354940.0
ee3c0c7fe3fe73ad0449870c,1552567000.0
e59afca092e0ddaf60c9419c,704537860.0
99e48a46a1a599471d3260e0,365107400.0
419398139a3aa2ca2be3f941,402105630.0
54c33befb89cc873771c3be6,1158256900.0
cb29bd3ae3d5da88c99d3db5,584102460.0
24258361a4ba8f772a83ba7c,617062200.0
539c12d2fe8cbf950b75a0fd,402105630.0
7b81996f3abd287b50adf8da,621920900.0
0d9e73c14529fa3f1ec8a56f,508408030.0
dd178fd542fc716e32b4136a,487873920.0
9aad22f3d25e46538e1558fb,626389950.0
93df4118ec3536b312822d90,788858400.0
7c6319c04025c4ed6aa3f051,508408030.0
98e04fd660ca1276d1510a72,508408030.0
4a8eaccbde5a4a6747818d29,508408030.0
9f6ae3eaafbdfd8d5c0e64c8,626389950.0
5929c81cfde8ae068a8b822c,626389950.0
b94ea2b8b847a47140d04008,626389950.0
ac1b644a8d2ec042ca91f89c,508408030.0
8df9256029f526ca313202b7,508408030.0
e029511780468f4cfbd10d3e,508408030.0
0878fd8b66aeb22f6af2d7af,387615400.0
76258b7b7e8778cd60d3435a,508408030.0
d64a2ad3297e2fad8ce66197,465782100.0
8af6bb75c85a2789156b3696,412096930.0
40db880aba8951909e6e4ef6,453658660.0
c9e20cadac540faa59d9aa3f,388122140.0
7d5459e48101349c75d43aec,574004700.0
fb0664d59b6333ae1861f343,816667300.0
bc6b57600fa9edfe13fb3118,795826800.0
d309cdb5688ff7bdbb682d17,587592100.0
d17ba799e68d7775f2104b3a,532217950.0
2baa6afba131b74487c94d74,532217950.0
0b7c8732558fc04f4fc51ec1,532217950.0
0d8cda2859d9903f6202af54,403243840.0
0f2913c5aa681a2bd45a5484,877415400.0
de6010c57fe78d975be38c2b,864681100.0
54b474bc7cb126bfe8e6c144,798312450.0
b1dea7d384760535b770311a,462828670.0
9e90e02c8ed3ad137e4c3abc,659151040.0
b59711a5971a3b482db4d9f7,474015840.0
2c37a1280b18e095b43e19f5,705383600.0
fcd7c10d81aff25d9233214d,579736000.0
c3b8bbc492a7d7bdd63da22f,692336830.0
42aaf6521fdf1dc9bc50f88e,496538880.0
3c268e9119b8027f78f91954,509226140.0
c8d5a0e9614dcf96a500206f,353597570.0
6c778557da9b5d99f90b1238,842952800.0
4514844d15690b7331fdb6cb,969391100.0
d8e981acf77bb46a9dbd3109,611460800.0
b940ba03ea60d4cdc5d2d429,851936600.0
4fab4e66ead1948498d2a4dd,364976480.0
a5620899d410af623a3ff4a9,1083814800.0
f45e3be8500d7bd91cc8855a,364976480.0
4b82eef445edeae7a55fd019,428913660.0
29881785ae39aec014c4982c,611460800.0
0d9f91cbcc9339146bf75bba,391159520.0
b839e76df5d73e7d53691707,611460800.0
7ac96f16bdc50ee7619f3548,611460800.0
a102a0a268840439c2c8f4c6,329520670.0
e1132006785632e4ec5deb02,545634700.0
a041ed3fc0b60fc4ce3cf847,641901440.0
84b758716f47bb0f4e4a2bed,471713250.0
84394774ab45e0c8b733bed2,487012060.0
2c1c91f2bb4d9dae38a44360,358038720.0
8ba9304ea7b8d2b071bb0699,525873950.0
9a76cc7c650230c670e703e7,936551300.0
9b0833992397c6e50b54715f,740840600.0
6f192e6a537c1509521e1e8a,924086000.0
d1668e2d35a939ed126a3f8e,457691400.0
a17807447696896bb61ef8ab,990316700.0
d043d368d2584ae95ad3672c,959199940.0
7f2e3f2eb5abf86b56897250,669038400.0
fdb1cffa6b7346fde667d72c,388493220.0
58a3a9f44bc7846ae26413e5,462340770.0
af230af0c73a5f2b72787c1b,959199940.0
3cd5562115870363ed5d7558,613769660.0
cb9d8fe7c18dba6827836403,669038400.0
742fd57dd463c1b5cb79f63e,669038400.0
0d30768d188b6bb53d599ea1,959199940.0
c455b8a15dbfff94c2909f37,476874200.0
8541eec88f0dd8229b4fb041,428296450.0
54aad3aa4a166d2d50df48cb,959199940.0
eb9a59d4e85a3f124e866f47,959199940.0
d65946f9c27e417e6bc60057,388493220.0
dfbb0ed74ed85bd186f40ccc,428296450.0
84b05da6a859ff5384f37ee7,476874200.0
e2da7c1bb33be76b86b9a07a,669038400.0
456243bb3fab3e74df21b5a0,669038400.0
a947c2ea296f1da3d10b0a06,476874200.0
3929df6d73b3ba01bc018476,462340770.0
ce44699aeddaeb77f23c9b9c,959199940.0
3cd3537b5f9475657060cae8,1157256600.0
4520ceed2e5fe3458850a805,959199940.0
00dea98fbfbfeae74c513bb6,959199940.0
16da41b1128c039ff8f83919,476874200.0
111d509185303ed970d710c7,1253301500.0
83ad1ce7ef6d70842ec986f2,457509860.0
74f8ffe35e8d3bc9be725d7a,388493220.0
f5e7ab7c2edf566fa22501b9,865857800.0
2e1f3fb2323fa16150f8bc88,462340770.0
f8bf37a8f81a310e299385a5,462340770.0
7b71229680a50bc26677a427,476874200.0
1f7daef9ba898c4d8ac1c81b,462340770.0
415b68c7a5cfb073676c443b,428296450.0
856559e93205dd1561d8ada3,613769660.0
6d534e4baa1740d7839664eb,462340770.0
9ea78159ad117bd9c0b04291,669038400.0
38faca2d6e338d328428f986,428296450.0
fcc6c3c10bb52776accaf06f,613769660.0
9120f0e5a6f505a2553bfd58,1157256600.0
583a8d8c5d7fa63125f62155,669038400.0
3d04304c8644c81114c36f98,462340770.0
21fcb5c7e497f0580b820379,669038400.0
6542b39cc8d2d13dc828772d,613769660.0
091f6342ad934f4e7f84045d,1157256600.0
fe8305e287f6a8e7899c9459,462340770.0
d4492ffc4aaa4ca9c4dd2357,669038400.0
319b9accf9980ef2ef81099b,613769660.0
fa84c07cc90e2a2058b57c9e,428296450.0
c4749eb8f59cca469236df01,428296450.0
b8a5928cf1f7e704e9933bed,669038400.0
c2ffdd10fe424afa1b09f31d,428296450.0
f221dd5d745def063eeb7258,613769660.0
319ba1ec06c9b6ca6990f4c1,959199940.0
29e7796eabea247af4e8a0f7,462340770.0
ddbca69ad74877086c4110e6,669038400.0
c858f0f3f5594e7bb0f3b6a4,959199940.0
88ae3f4a8ef76675c66e925f,959199940.0
27e0810a702796d97878c34c,476874200.0
7450139ad1b39b2a380472fa,959199940.0
35ae7661d8191507cf9e7cdf,645106200.0
93b8ea95ca1c1ff3881d91d2,428296450.0
8e4709859d50a75dd08b03e5,669038400.0
7026113e0cd7b2d17f8a3459,669038400.0
9af956dd8d83bc715592b97a,419373660.0
df10ecb67d79e645f77a90a6,959199940.0
14feeb619f409386e6eaeda5,462340770.0
1a6b9a6d92ec5e905ac97cce,613769660.0
057585ba19d6144408d4e2da,428296450.0
72699647b590d11ed9b2f2e8,378699840.0
cbc99d6202cd3a31e1c14a16,461896500.0
ce1d63bc4411a615b816a76c,845632450.0
04f0fd25e2456759753bd2bc,449824420.0
8c0154eb5be437746213aec8,1358454500.0
e23017438478050a655f6d67,704172400.0
8f0b6d6dd914911c7e90d302,1111586300.0
4b38595746dcb78fbb459781,545286140.0
95aebb36dc0b4ea86db49492,1246450000.0
f900f7a9c5e2ea51689e8992,930493900.0
3fa0d9e247f28968a5bf8476,427045950.0
1240f50cf2d8ef1d8713e671,368440100.0
14a55e5887af840860b41ddf,431175900.0
3ffefb3f453c54585fa6ef22,753660540.0
c3b357d17afd631df02dc39a,856684800.0
a15aced0fffc97e219f99545,387883840.0
cf707785919dbb92cfc7b5f6,1223372400.0
70ebbf6a402f0f707b893979,607086660.0
aefb3cb6ad2de9ffa90b9534,607086660.0
b2809471a0164e3d41b8fa60,1097419000.0
6d11001f164d81734a82ec1d,404170940.0
ad71acd782a4fce4d9af04be,533212670.0
ca86f53a857c23b15eef428a,691543700.0
580452a616b4f5170eb628d0,829844500.0
7dc609a3c7a3ab1f9a3146e6,569948500.0
e8fc9a1fd4b39f946b914398,596994500.0
0d3bc6532812ea618d154bdc,1238473300.0
1ee436f045a0662037f9d2cf,832457100.0
8697b1d337145af0ef8e4619,1238473300.0
9a08127164a0bb61cefb3680,393437200.0
e08e1f260e5c3231c49e5a96,381798900.0
b96502e30fecdfae7796f1d6,672678700.0
a0b178016cd26a1d2072e7fc,378731620.0
5e3d7da3cfe55ad1fe609579,1079426800.0
30f77637dd52e728efaddd6d,993296100.0
2202c5c9a16b771d1e242c18,904630660.0
3dc8277f29d0a2406fa25ce1,855718000.0
a0f86ac00934b57d85b44dde,680828800.0
9168a08b1fac4c5448626ff0,593893950.0
cec8daf847f52cb2845a9f58,1105009900.0
ab7559b75b340275587e50b7,1312632200.0
a392f7f9ace844d712ab2b4a,983755800.0
dd21c6799a32ce6ef27f5281,890514000.0
275ec6bd936600c7eceac599,1031498240.0
978195f1745ab7e3d69e1f50,1074685400.0
0e3f82238c54e85ca4229977,853084540.0
bc168cfefe964762cdf8755b,858841150.0
d22d5776b6305308c9e774d7,554701000.0
94d3fe901550dd4ba77ffbaf,885112100.0
63717ed97f95e32b2ca321f3,1334504100.0
a7df0496d6ce217fadfad10d,952109440.0
51a696388218fc2e412f8806,613457200.0
a918c218ff761315988c6335,836168000.0
d3609eabe59175fcb4441ac2,1192016800.0
8af2e264b801b3e155e52be8,1204288600.0
76e4ebad138d50c690f0aec1,400274460.0
9a9553eb431458a3e30fc672,603462800.0
117f37774a78d65f9e68f906,378731620.0
0c8b133effcdbcd49d52add5,885112100.0
5e8b2528c1c0a5c12a476919,830254500.0
38d6842c2807d54f386bdb5c,1031948860.0
55f747145222c070fdd50175,1034441800.0
ca7d715827b39c417e5b75ad,503671840.0
b219848e66fb065d4d2441bc,952109440.0
a04d3f4eb8810a346fd29ab5,1074685400.0
0b06da0ceff947975cf8951e,1222332200.0
3f35c44229ba13940d8a705d,1146257300.0
8bdebb8914fbcaad625b1764,343057300.0
f4635193372f669612744011,1179147600.0
611a369172eb6e3e2e4bdbfb,1075788800.0
6689af92cae5d7c9c3e2f215,1122516200.0
e382002b0685aabb01891743,735609660.0
edbb6dd10f8c9e7596368225,528071170.0
89b0592a715c9e135967f947,659151040.0
a67c6f6400a176e0a07d6772,659151040.0
5c6e6dae74e39d33621c7119,659151040.0
0e1c100d8e57de8296363d6f,528942100.0
e2e639b53456889ab5350ba0,403270800.0
93acd9176ff299221e0d2152,642962600.0
cb482d76b3b4904c595f2dc1,528942100.0
a0e15809e0a284fde27b16ee,820924600.0
9a958690c3947f5a8f05cc80,642962600.0
889bd77c8271961a6e4925ea,642962600.0
dc082fe46a714afd43b9dc19,528942100.0
99f8eedcdc31cc0ff6fda7a6,528942100.0
dfa744f733abef97d82dbb32,642962600.0
d50b80d68eb3b928e4bb4317,422701540.0
a58acad50184e66794d8d704,642962600.0
52871480f7bdf5ac3d785630,642962600.0
8b083d7ac086f52fd2942a82,605751900.0
301ce25214ddb4b5144373ef,921815100.0
6d76a22793aa9b571da64572,921815100.0
d7c48db0385bdbf7ecb7088f,1063778800.0
874e2c6f3e9f90db80d243d0,519444100.0
249667af8d0835c9830e2b37,419040220.0
75d3c9e0da9a24f4849f2078,391087900.0
9e45b127ea0303f973bac9d1,401941540.0
daa0be53e7a1d7ff76f32955,793250500.0
bf7463534babd284da6ca671,368516000.0
0283890ab76b10547b27e634,635355500.0
5fd213a5236154ae5206c372,1204808000.0
317e95fad7d399673719537e,924221760.0
fb14ddcaa459b49a3b30eb3a,839796200.0
4cb5e4aa83c476a5b71d77ce,749474700.0
f54d358d26af89636906f686,1158256900.0
f002603a6990ec405d82cc47,1158256900.0
e3b7dc4e8990f3cd436bf738,501973380.0
97c799300453ab511bd06361,1028818200.0
3c1ee7e502c6bfb20873b47c,518817300.0
cf7741583fc5315ba70b70f1,916873700.0
36a0a1f0432c954604825b6e,520315680.0
9836bf9b64f27104c7863b79,487886940.0
68a3f9ac977f56cd39a6a1b9,1080077600.0
b676ed2d0af6807cc2b28ac8,1227554000.0
430112bf4fa9324f0149a879,949175700.0
fa00e05d83ee890a38c3a686,699477900.0
7d503f126b5863fa0626d4bb,674159700.0
ec03a01c961659f2cfd9c973,455811400.0
6a112af84d5a81f3d16dfc32,785850300.0
4c5d3dd8802acb9ee22ab912,952029500.0
d029158b36963961fdcc3974,712576260.0
c2071e85fbffa3d2c2168319,849434560.0
60a04215bee81d26f20cf0c3,831987200.0
6d4a961e099de1939adc6496,648658370.0
2383b8bc2cd3d307caba34ba,949175700.0
d9357452fcd193b6c5284bc8,1366176900.0
863f8f2aeda01a9fea1cb3e0,898913500.0
d1a6132098a4bd640321c7d3,944476600.0
6edd2530070918074c8e7d07,970645500.0
1cfe7df5431f3dc6a9289551,1100874000.0
c617d1f15d294f0b0aea8ed8,720848000.0
bbdd78a7ed332e679c8e526b,366669220.0
45969f25857aa7263927b400,970645500.0
cdacddfdb6ce41a3eb752496,517036200.0
3f87d08afecc4aba03587848,1304540400.0
f21d2c0802e3858d493c1984,1170395500.0
660f3f9ed9a72d8875a9efcd,836905150.0
04e29dbe2175919265c82463,898913500.0
e4082fa99f92fc7a89092fff,927012900.0
05402dd344c77623fa053ffa,1185719700.0
c5f7f0323f554a7419f78359,694610560.0
501193fb57014ffbd7bf218f,569521400.0
0922cc27581d9058e55a2239,482320600.0
4dcaaac494053749f30875fa,1224371600.0
506763d35b04358fb0e967ff,1014108860.0
8c40078231bf7af2f3a06457,415820480.0
53e14e867f8b02c6043ae02a,405058460.0
2364014bfd851a68a824d1da,1135925600.0
f788ac4a8b2a6dc11c458c90,699477900.0
093c849ad2bea8292c4d15f9,1145601500.0
71a8b68f38fccf71a229df76,528866430.0
ebacfa0a8e569ab603cccd11,352647900.0
c963faee3ac527dfab08f61c,547888300.0
ce3deac5963eeb96826c14f1,711016300.0
5607cef08511dbbf3288a5bd,427391460.0
8a9e6d0839f9fabad2fc3214,952029500.0
ff03a8cc833d067d439b9903,711016300.0
d3e119e8fa4d96abaa8c43c2,984311300.0
25b893f6073bd66258a9cf03,754438600.0
0d70ceba3aea278cb4a2082a,749474700.0
07f9017eb4b8c169eb9de536,1158256900.0
7cad62cfb4fc3ad9acb09f1f,486102600.0
41d174db6f695472063ceef3,514748400.0
4ecf579a5d5e70d3b4314ef7,970645500.0
41df29e27c0bbb52aa8ffe49,618046900.0
cd77cb445eb0f72df89b9fb7,873125000.0
65766c8572b629744f00b45c,445824450.0
946eb4523f76bb23d0348309,659012740.0
453202a234f5b370ae9e586f,521909980.0
4e1b5798dcbed1842f260b17,641577100.0
f1cb3c0b97ae1c6819fb86e0,1122899500.0
24a89527a6744456750baf54,521909980.0
a281d59b685eda4978e0c84c,1249952100.0
6cc9d912370da36c38ac2cbc,1131982800.0
10563c278e7ce8eb2066d398,811614400.0
a1b0b8d18cd78b7cd555dd55,857652700.0
3cf9282136fad24af0f7ebb1,849434560.0
077659c14c3cebbe192f8247,1002154560.0
c372834e8e7a4279f861aa4c,363541100.0
29daf0d5008fa9e3f0f30132,366669220.0
08e1ad8d1f0be0287a395ef6,498067940.0
19c07fc2b01a0edec4784e64,606659500.0
c2b5216a8050ea0fe4008f59,811614400.0
29cc054742b256e6fbc6da1c,711016300.0
755a3e09dba04bb6ba6c9851,711016300.0
c98157c582392cb895071f28,836905150.0
84f47e531a916b7f7dc1f1b3,711016300.0
231688922448e4d64622120e,518817300.0
9c7c68df14c238ce0b497dd2,1253595500.0
d5e29042106130114cf3694c,374147230.0
08d4fa42a34c74c94db5080b,836905150.0
e89fbcbd4d3414e30c30fc29,952029500.0
22af7bb676cb4c9ffe014506,393363650.0
b20d6ca58e91ae70b6e0a1a5,1347628400.0
5c372bd1e01f3243256e27ca,402105630.0
1242d7e61857ba8ad285b6f4,1080077600.0
196ac46f656726bcb8087ba9,810219260.0
ae513b65e06b69e1ff2ad8ec,466504060.0
bb26b45df6a70b6414958912,451754720.0
9425283b41165156aacfd43b,374147230.0
689b510fa99bda54284cfe7e,711016300.0
c57d333e383039db0fcd2620,749474700.0
86e98ed0bd2565b661b81ef4,1118438500.0
0e694269bbff1e45395190d6,997657500.0
6511180e3128e083bbbb6940,1052346430.0
59b271bf9e2d29ed35352f5e,475145540.0
a4c324b1353d2f7ea3ae9727,475145540.0
193ff8d291a9f163a4f3301b,371065700.0
8ee4a7cef562d388b8444c29,371338300.0
53bdf5c3cd800459acca551c,680395200.0
35ef99962cd5984ca87bd326,474624700.0
dc33d5ffcd2aa2b7d56d2ad3,605433100.0
05c47739fa4c4f00285a2c48,1100874000.0
a51d415712d8d6c8add7009b,1086097400.0
71493c81121558b8ba18c1c8,451754720.0
853a14b680761098d4bf6136,615571650.0
c9d5c08973c493f3acdef892,399847940.0
7dcbeb0aef2e2cac0d73315a,340260380.0
ae5a4da0000f79f12142e2a7,492852450.0
1f6050fd5261a2d21d5a178e,351501600.0
e3f39c6e4a41fbdc4bc30e0f,620295500.0
9d157878dbb41c14b52a956f,390592900.0
e1fdbdecc84b991f582a2e00,455788770.0
3a26efe201689493724ba464,669002700.0
6670cde3fbc11c263c6c3163,556307260.0
780ae52ac9eae675f6fdb312,418208220.0
24f22d76b86498d5c3563288,459679100.0
fda25a0b6b9f62f92e3ea6b8,848563400.0
678ba0c80536dd27e385b31f,359853020.0
ba0d0663943a118228fd12bf,479018300.0
81ba4b47e9222c15c4102992,398190340.0
d9ec26c1c3e1811e38f070b2,466190080.0
aa850af0c6203104e6ed02fa,425555550.0
c697ec00214cad882d5e9812,466191840.0
4b193d78ea6e3740bf37b36a,466191840.0
08c61259a756e617d976e8b8,987368770.0
c1c1dc8df6996a94ef3c7d33,389934140.0
3fdfa23ac43d1df0503ccf1e,700015740.0
bd4526ea5b404df442892788,388800830.0
1062419f9cf94418ba88b6b8,398477500.0
1102f91444b8e1abb636f1bc,708522700.0
b96b4bf38bdbd61d4dd0bde5,962541000.0
45ee2db87e9ca0a1a9faf050,477525900.0
556cb23459a9007127b3ad46,771278500.0
a613b18945052b4576595c4c,820215600.0
fce385656705a8f4389cbb6a,1003794050.0
bdac560af3e155db33d13d57,489978700.0
fedc2418db2353b7c97a260d,981712640.0
4565bcc95c54bf0c8d376eb0,911207740.0
5fc559104e0ba1112ce00f5d,1043912060.0
74fdeb4c56b29662f13aa8ca,992779000.0
fbaf74ce4c2c6e88950d3fdb,658858200.0
5de0f045039122af0052c544,847088600.0
e18337bbdfb106a3f1739960,625015100.0
e1b9ae3e0ce3da16f18e1079,796715260.0
a57435d71ccc5f032baee302,551997000.0
fc5e8e45dd0a338ab5835428,806229700.0
918bec54bd7587daafff66e9,1005365250.0
86137b9624049333f7e0315a,997798300.0
0fca6767d8f442da1f8bc6d2,386084350.0
3ea5478270517f299b20bd06,674536600.0
dfff73eccd591bb26453eec5,613804800.0
e2dad5c148ecc797018439b3,954598800.0
b5a62d480bc544f891fd8521,1005365250.0
cb09a84a1d7b929607d01ee5,575947970.0
af067a8546e1177eefe24916,586758850.0
d6f9abcb58befa3d05373a72,773641800.0
ec2f16aabd36fd9ee2203276,1321540200.0
dcafab7adc7b763bb934496b,426832600.0
ede43dcb1715b959ba34a37d,506224100.0
40dd67aeb6e9979211c9345d,586258800.0
31f630c44db4be5360a57640,802389900.0
ee8651631861c1b94283a953,1151277000.0
b7d245742eef110adc91b5fa,913754000.0
ffc49242bb0edf3e22076501,898546600.0
5c5963c17bafef1a1bfd5e03,853214700.0
6c589b7e6a3cfad34e98bd87,913754000.0
71ab3644da08b8cb0a0b34b3,913754000.0
aa668782ae5d0c16e57193fe,1129183700.0
46673c69814a0b3f25818dee,1291498100.0
b2a417a8d2440f9124fd2ee8,788516860.0
3e0ccd899ad73579898fe73c,1028729860.0
e6f2c7d7317fd433e26878e4,1139108500.0
2d91b3a8c62b890fd246183c,1242661500.0
fa653848d69ce620a41a73ac,1062760700.0
3b6c94e3e3684eac73b3e7f6,1427963900.0
a6a07d35b3834bc6f81beb6d,367705760.0
a39617b7adfeb6ae7d5ee5f0,1250302600.0
95e5e774dac6f0159e8afc0d,579721660.0
995362e3fea8e54538ac135c,485362340.0
42525c57e13abbfafe9bb395,1322420200.0
1ae6fd60628e7d186a5e0174,435156480.0
082293a465231208059c5d53,435156480.0
732615f6d1526ec9bd519eda,544372740.0
99e9c4f8fd7fb7929da10a20,445456400.0
1a75e436fc23e7f48e639b9c,527445020.0
54cdeb67ca9ea56205e4e533,887798800.0
c412ab869616d6576cbb8309,465528100.0
b17840ce59c9d9619b46534d,446830700.0
a14f071d8e5c338d9ebed23c,390172220.0
84d8504f0e860b0760c3592d,612018500.0
a3d03a25f84f4d50d2a308b0,621374300.0
bcdcce01d86d648c4502d42f,507147040.0
33379968a83c8a90c23e77dc,373901820.0
ecc36a3a4610829ee3f88993,490252580.0
f4eca80958b7a22922b0efa1,475007800.0
3b4ce006ef95420847da20b9,459989570.0
4fb644a95cc04f7bc6cda786,371094720.0
f8fad48343ee5134dbae918f,371094720.0
6e8e08e09da8dc598b8a8b2b,490252580.0
56ff1f7e81fda0c8491c354d,475007800.0
444f102b4d54503044154ff5,459989570.0
e0eae2174807cc7ada38c726,1022123000.0
afde90f91b01b0282bb94335,1001380740.0
1d35c364daa0f021ef263c60,366428740.0
8c47395a28f8177923d7b75b,393675900.0
98c98982020ba42198aeb45d,1024570700.0
ff424474d2d10a2c2a1c1892,533475140.0
971a322e9087b67650689ea0,1385977100.0
45a7517c4d29f5bc7787dedf,877211300.0
74a51274abc8358d628ecfe4,1024570700.0
11dc32d92ac579720303c019,737499200.0
4c25d939eb3ec218403dc4ce,737499200.0
55597a7b8637f24198415ed8,1231066400.0
eb7173223a27076d16b87f33,577014500.0
709d17b62bc95253601f243c,750174100.0
fdcf0e439ae8b2ff5730680d,1305122800.0
2524e62e917e8a1aec5c9c26,634521100.0
ba601c13d20602c988d57246,1024570700.0
397a7d1cfb809e34797f2bb4,737499200.0
b54d3ce25f3f03cf3fa0127f,404792770.0
d51bcf03d649839ca803c357,451647000.0
e9fac47a0f02f27abc96d568,1262849400.0
a52bd93aa6b0d965914f1101,1023791200.0
16601a92574531c1fd57a359,596486850.0
0e64230b70f4a227b444115e,982503100.0
ba2118c330e19baf4f3ecf94,766164350.0
055e29f236bb61603d4ce9eb,876751300.0
7c5c0f2d9a0e355069fe1c64,1031966600.0
e781547cf6f8cb4ec0742b5c,884698600.0
8caab74ced535ec5e75acdfd,688848900.0
9d64345229b60ad1853d94ce,469952200.0
d128186867f91603af4fa481,600138700.0
f8fb6d1b0dafc28920393dab,714053800.0
33b92225cef255b0e4b4edf9,459000100.0
7eb78d4dea434674a230caa6,831965000.0
833bd3c8ef9d4da2f304a94a,766164350.0
331f0957d55d7f03df7fdc4b,1207243900.0
cee124f4b9031f59c4fbef47,1165234600.0
8a9663cb622a55f2a1a8e3b4,1438041300.0
25d4a0ec9301ba5d53deb780,744921300.0
38d4b1837c595b6d9a23e994,1368526700.0
a21923caba05da05449d60f6,898625500.0
63cff4b5ebb2b6528ad34cd6,968967800.0
948c392520e1cb3a030ce86c,1219591200.0
b2e7fd7bcd93309664cd225e,1192601200.0
9d6be7123f2c6e610971374e,1527028100.0
3676e34e4824101f3fd9aa2c,1122593300.0
f849ad486e84a82190675b89,714053800.0
2fb8b2990751692b8ef1ab6e,712027400.0
5155f70c7f8978e487e71479,1023791200.0
4f076c220dad47bd9bf248a6,766164350.0
480041bbef3a540df2a36ea2,1285170700.0
4ca66e564ed478d06c471357,884698600.0
454e4126257189bcce9b681b,1267673600.0
10ce9c7a0a58aad19778e5f2,766869060.0
dfe8e2542755d41d920e28b8,532217950.0
5115b0da9c95559dcee9e58d,1162415500.0
8a0053376ffdc75d0bdde77a,959199940.0
5688288ee38f1a69894ac77a,718465100.0
1fe514ada76363511cc79105,974946500.0
885a312d9a5bfa8a8db5279a,487527870.0
c716d4dfb5a3c2e1120bd84f,625792830.0
689aafdc12fd1610c2393a6c,594436800.0
c0c4ecc8d3aefc53c4c06a38,743853630.0
30091c32a5046d563597bbf4,518751000.0
2e58c9b6fbe9c57c83bc0aed,1430147200.0
3f7c5d8304fc650bf97247ee,792624400.0
56334a9db3ccc24faf138edf,590227260.0
6d0680692396c07afc1a260c,627784600.0
9e07dd563b6ff4572f5d9031,978318140.0
1278c9fd86258bcb435e7127,728269200.0
acf0f98cd8f8c8ce06f30ab9,1307315300.0
5e3785bd517f4faa2bcf43d6,906961300.0
cfc61dd41ee5f5dcb76bacfc,544232600.0
2f171883b97d9c02b90f93a9,366428740.0
46aa67b5e0abe39dae442d76,366428740.0
50cb49d65d04a5d166f96e3c,353412160.0
06c1673c4a7444e7aa80abb7,387217820.0
53881f29c7a6bef0ab537466,631316030.0
2b028932adc74c961170a4ce,331338900.0
f3a1bbe01d265470a2d7332a,345581800.0
b42d5b5b38686929eadd56d9,642161100.0
bafc63f23f097c24d36c76fd,593686700.0
f164514211012e3a1686b148,529016770.0
82b90288bffe8c1c0b5a1259,429707940.0
2fe64bad1bc8a43fedfe0700,459745730.0
da5b958667b31f4f9a1d84a9,459602800.0
b3bc9a04a3ebc1b911326735,817066240.0
9ff3acb07666d53f00d1f1db,549470660.0
13a44ce5066ce00846b59ae3,872861900.0
bb45c98dbab56e5abe20ac0d,778248960.0
f88bade1cb7ee0fa643f31ad,604161860.0
e9ab6916a79b4d5182d33bf5,778248960.0
144162ecfcba71bf09048dae,453925250.0
19466034c2ce19c24a179fe6,444244770.0
3787f6da3e961c0e10d30e6d,1027766900.0
908330b0d2651093c0bb6719,603834700.0
66b7baef9c6c3c7ad24636e1,540666200.0
69cb0f3d422c2c78373c2e0c,790664450.0
1e866483995b30ec7f79d9e8,616342340.0
866f2a55f42cf30c4105631b,616342340.0
fede7e1a7a6f23338af6f40e,1027766900.0
7447156f2967391975d335f0,444244770.0
08451af5a81fd6a63c4012cd,444244770.0
f63608198bfcc858abe1ab0a,639783230.0
e9a0dff7ae48bd3fa2ecfcfc,537376260.0
cc97f62e2fb9d3e31ef1c00f,570087600.0
ed40f198ace8a4405cce7a1a,749606200.0
bf17b59bf2ac2d06894bd786,937750660.0
e118b149654cca1c0b3a58a2,1083314700.0
7f9bdd2157f6c3d488c77ddf,768896060.0
9350225547486ad75c0b5ab3,967870600.0
d1166776fca47427c77fa8e1,712973250.0
f719b387fac4f688b57dc646,1132285200.0
6ce8991a39ec7b9883f85000,1132285200.0
353743db4334fee80ac08d0b,733776700.0
372a3934e8179422b5cf5729,867246200.0
81516aa72c98ded9223db098,1158343000.0
9e80db4c35139bbb18775644,1026225300.0
12ed2c22a923c840ef616a3c,995306400.0
7bc57b136bcec053cbd073f3,1146067100.0
77a06084509952c6cfe8f501,488358050.0
73578b4214e2eca83b1e70ac,642962600.0
527e571030a7d8fbbf1a41c4,642962600.0
961baf163a07179bceba67a2,642962600.0
76b41682fa6953a3b20d3f27,642962600.0
cceb25e83ecf22252aa92d2e,642962600.0
210ff5d4404ee8578a5ecf9f,642962600.0
398274b1c46fd88151420c6e,371544450.0
5b328b80dd844db2e946302b,331712640.0
4195fdfe50e42e9981fa2f4f,589291400.0
2d4031f171f965d7dbce0ef6,676700160.0
fc1b713d5605b0030421d5a2,1041910900.0
cf6092df1f22a7c4b8ff9d50,605751900.0
8dbdd7c8971a514eb7cb4d3f,642962600.0
c197faa8bdbd51c075a6d3bc,580351170.0
1985a2a5c3b2b0c7eca22afe,827573100.0
92a1a8b617b6d2c3669167a6,595477440.0
2a330fdcebb247d6a6fdea23,605751900.0
c3dd975d0aed59a65a784e47,838709300.0
608a2339d558a6cea9478756,691694100.0
c0ccf6d535d1316e37e1024e,921196400.0
229a7640d41a8b8d6d2f8f83,921815100.0
e3950ce025371da2b4ad9db6,921815100.0
a7e41393473834db30f2c1da,797483100.0
7dcd1597e11f83093cbfd7a5,917253300.0
71235a69058912dec1d355a0,1180209700.0
349602317da0e456d88fe24f,1048759700.0
ddccad3e5a4eaf791ce3a7c9,532217950.0
776d7d1326576f07762ab3c7,575578940.0
1b88c06bb3c1bc2bb39d1b86,669038400.0
1c5c4f4c731545aa3388c554,532217950.0
aaa67089a753d255215c15be,680573000.0
d6d5717a4b7e2edaef162b6a,605158340.0
0ba20e953e8e76add161cd6c,366933660.0
13c39860029403ea94b5439a,1134470700.0
d5436eeef04e1a8e51a38912,408592930.0
21f00ad1214253dd5bb97817,1482846600.0
5a3119efc021fd0f102ab958,415661100.0
331c515e7f0dbb4460810999,434126850.0
9e360588b18cb15aec3b6609,779204030.0
a7cc7d2ceedf4d69664dc734,430287800.0
4e78cffaea2008f3919ba0ae,420076540.0
452e0518f7164287e47e6354,895625860.0
74286242739391c4eaecefbe,627625340.0
df06b65985649c7107b794a4,421453700.0
b6a21387674a509514fa5518,1075788800.0
6752fcf8f1af18d61124e32c,654199900.0
a7e40088cf53acfc65f4b3f5,1241095700.0
61b9307a25be3119effbd0d2,364976480.0
3061729865dd2d68858600b1,400203500.0
ad38d5660b6f1eef23b76039,364976480.0
1d493f3954b15e84c41afc82,364976480.0
57744cb947a923584fc6bcc4,400203500.0
16f60cac352cc0d668d226d0,364976480.0
accf7bdeeff29ec7a209c509,364976480.0
a694b9ab05641a6325764e63,428913660.0
bdeddd3f84cb0ffdd1fc27bd,391159520.0
de9ab30042562789601833f6,391159520.0
1a95522f43288e32addff2ba,428913660.0
3cc722d5c764ac261611c2b0,391159520.0
aba85a8a7ea2def1fdd18587,481167460.0
b272c1025cf5c1e1df47042c,428913660.0
5c449356b8b2d7e0928cce59,437403260.0
a56d3b5bc13c9849cf676750,437403260.0
942c934c0d41ab822d60c795,391159520.0
b0fe09d086490092f1690fc2,428913660.0
7abc8a11d3d6c905de3f567e,428913660.0
16716773b2a43df0332622bb,437403260.0
98fdd3fc6c9447d0f05eb1c0,437403260.0
a59f39373ee368259b441de6,435156480.0
cb778195c5d61a7c4185424c,700225400.0
c0277899d5f185cc78fc4a79,551238400.0
44effc9574c74ea4ad98ede4,611460800.0
e2d00e4fd93a02ea81895355,611460800.0
ab405cd390c0681c3c67836e,611460800.0
86db204f7ef6e0e0e6687246,611460800.0
97b791fd94b2339ba115a75a,551238400.0
3897d9b5fe3a0cfaed7c18a6,551238400.0
ce206b82f2de3793156baadd,551238400.0
2c924b9d45667f7168bae6ee,551238400.0
358eb586d9649d20dca9bfcd,611460800.0
71b1fe15c5bffb750c99f648,551238400.0
eca500b92ff96f10ccd45e54,551238400.0
7b63445c5e1ce95bd12c31ee,611460800.0
97d64459dfb368b1f6067ab2,611460800.0
1b09874d5a3e4c9e0d544198,611460800.0
54fb79bb019bfd10e5481ec9,611460800.0
b3b63d292523ce0a925b871c,611460800.0
09759befd8899fc1e359935f,611460800.0
62e0110b1c8dda16cc7da89c,611460800.0
d98ba43504fb49a4f0bd9c05,611460800.0
48815b454dfb64fe60e2cde4,611460800.0
40a65310ce666e80a9611d4c,792161900.0
a8c5674b5d110d99a1e097af,873389800.0
ee9e7dcede0ffc20442b4407,873389800.0
9e858250fcb7320b65bed9c7,873389800.0
bc76b078832a3a81b6d637f8,851936600.0
b06d3ee14ccf3d46fe2431fb,774750700.0
87332a7e03cb851342667b98,873389800.0
faa37a79a1d72e4b8b0c80a6,873389800.0
0821109831351eb2501e362b,873389800.0
8d01d6561223272181235c69,851936600.0
a0f1c94cd34fcba92f59a59a,816418200.0
f6a5c88d1bca87c1e89d8084,873389800.0
55118881731616058c929b1a,851936600.0
bed1fbafde11c156b655e04f,873389800.0
819d2a7c3330480b7217577d,873389800.0
e1967b56ab8ecd035bf39534,774750700.0
08d0615cff29645ee70e20e9,851936600.0
2e8af16a155fe18c8c6730a2,873389800.0
882e8e77fa1a71288f6b61cf,1102185100.0
7930bb0822caea5f6451bfa6,1102185100.0
993a18ae04d78d374f854262,1113207300.0
e5527bb25c85988e00da339d,1192785400.0
07bd45129563bd2fd974deeb,358774980.0
83727953ecffc17bed632d94,395131520.0
2e2d3f42f4f8369733b3bcb9,869127300.0
3b23a71bf40e800a66bdeab2,368401440.0
894f346e0ad39c57fc0f369f,916559040.0
d1fcd31555048d043cf084be,831550900.0
8d48f73816b248d1166a09db,696115900.0
32d5a20c542a8194a6aae965,622308860.0
53870de54350a8cd7c13f014,699227100.0
31cdb68dc6476128c4bb2f5c,869127300.0
4be6d93d8ae1375156444f05,498183840.0
33a7f6aebc3e2d480d287199,791649860.0
e1e188d3f9940f9dad98488c,690237760.0
76167f6ca3d2c404104b77fd,661785150.0
9297c340db8a74e10dbba148,571439740.0
0e001ee8f27e1a2fffaa0225,1201698200.0
ae3868ac8c44128b8a955829,716566900.0
bcbd20cfc50e2f032b174b56,380835230.0
253560c855216bd9eb102595,550642560.0
c9c769e7ccc99016f61269d0,432913020.0
7c07ba1982289ca3abcbece3,476436900.0
c5c024d11b3ebb2cd088bf6a,811298700.0
f0a8fb06fcdf8997bcdcb03d,647018600.0
806f9ab2a016e774689ce2b9,357597860.0
4491bda913188aad3c66ef20,629900350.0
0c37c0d27631960f9e0fda1d,691568800.0
b50b45bda0905a116f238c1d,415172200.0
f0f8e755058d48542b9cc4e3,1180007200.0
b3005057f48c1794b7974f4f,466398180.0
e1e5b0bd721a67318a3848ed,361784130.0
d96155b72c02bfa04f7ea98f,538613800.0
3825ce5030d951ef0fc2f7c5,358774980.0
99587dcb4237fe90acb15b5e,465007170.0
452ae373210337b8008ea2a3,1374821500.0
09ae7df5577582ce7e7b0aa7,1313050400.0
b98967876009fab4290736f1,712535500.0
24a4a43ae4c687bda1066227,1012869760.0
c509f2036a11b7132c633d2a,887995200.0
bda914dbacd42b2b7c6c5179,527651300.0
5a681060eeb2fc8f1b3261da,622308860.0
016bb199b12846ccb0b03191,807582500.0
ba94676bc0385678ce3780a3,515178620.0
b2183e5bca67574df7d5985b,523331460.0
baae43ea29f7e419bbecf998,484820160.0
ff1a7adf260e637bf316812f,346228350.0
8e56b5dbc4cf628ac12e5bef,1357043100.0
c8941b8d7626f7b33628158f,1247315700.0
d504ed869ece1b1d6e724452,346228350.0
1acb5576ccae1f0534f614df,570984300.0
ff228869121d053ca7bbe431,1045145300.0
ee4dea05e93581750d613c59,598461760.0
5d507cdfb7c233cf96dc6a83,832457100.0
faae4324336f1211ce4c7809,576325950.0
9a8e471c8f4488c3799483ba,404170940.0
d040e15e50d655f4d19bff54,400943070.0
efc7e89ddf3de559154d8e0c,952565400.0
e91598736dbb7319952f0dfc,822231550.0
4046ebeeb7ab85affcfe337c,864785000.0
d12059af22bc7d6ff170430f,1175054800.0
99d39d72083d7485e8944a3e,374093020.0
b9ab2dcd8d1855e4bdd540c4,1281345000.0
97106114a8d353ffebbd07b7,1038886660.0
d5c950db90c92be5fe753189,934914600.0
119833a13f3f7df22d2b270a,483719140.0
b2078743e33e1acc49c2d2ca,829844500.0
fb9371f86ca6f4e62ae374c3,538613800.0
6a39a747417143f0cd24f3bd,1194112500.0
7bc0c9e2760e4b1488522768,815666370.0
3898683e5d24bab9eea24d30,596994500.0
be0e466ca7d6942282c8626d,829844500.0
2d65980024ded46854c25260,1180007200.0
87aa28825a5b8ffbac5f2e2f,624693300.0
918b0d900ead8267aab4cdf7,518077630.0
0c85506b301862fb58b467cb,530129900.0
4bd031478b15017efd41b2bf,929926140.0
48bee96c1f65b8e283d67483,432577900.0
7618cb8d215425c931f47886,444376100.0
a7a219e7cd18f3c4b83649e0,437902430.0
9d3f5b59b9735da05588b3d5,357955420.0
6ac5f5f52cfeed2f0ac9d018,470379070.0
d885902c923752eab7b619e5,357235870.0
b183e2562cc4816244ce0e1e,467372400.0
88622b66e6c47cc62c3824c1,1015202300.0
01230eede2a4a74ec4ee5105,547327400.0
060451a9e3e0416ff41d253d,505168900.0
3ca0e7723afebbf53e390297,851210500.0
e2ecbfaacf11ed16fd71abcd,498183840.0
1f0d83013ea5e4c3f4beb583,692828300.0
450c4eff7e37a271fc24ce3b,477255460.0
a70d331be751cdc3bd0aab29,337808930.0
41ac76d4fa450fe0c377a0e5,337808930.0
2ef8a530db816223dcf474a1,554149000.0
d09c1af87ddad4ad11b82626,419788200.0
35b1cd8020e7efbb9ba5adde,987577800.0
6714f846f2fa3527641ad96c,674194400.0
4cd5338bcf246ebf263baa35,444376100.0
0878a639ab8e6b6e69a3df41,1034706200.0
f4c118396d781c140d8c9b08,410900000.0
27151512d4b592014137ac1f,684400100.0
8e5123f5ef1da66571ccb600,1225088600.0
c491a13a87fa1ef595b35826,791649860.0
52d6c4bcb442eebdab338116,1323707300.0
e23d93ade25e73614d7bcd77,1219109800.0
43059ceabe98412315566838,936161900.0
93b7fc7c4f07a7f117e687a4,535747000.0
09caddf25db3ac8e1a98565b,535747000.0
e3034ebf243b024cbef83cc9,535747000.0
63cc884a9c5c888de176461a,535747000.0
069fb1f8d0f06ac2fee87314,535747000.0
059aaea3859c4b9662ab4df8,364976480.0
148b157ece514d99be0a7f93,364976480.0
9c4f397c093dde7de5d485cb,549695000.0
e28d8dac5c1c75d295a9eb3f,364976480.0
a804849802cc0820d25f955b,364976480.0
fc43df7f26644fa464ecb090,364976480.0
608b26adceba64d9ebc5486d,364976480.0
be8bbf40db0dde8ed4cf338c,364976480.0
d255f73d4066fe559065266f,364976480.0
c552cfa8e6b8c8be2c963ae8,364976480.0
5ee020d4adc767b3b16fffdb,364976480.0
2a01945c2ce528c02b391c61,364976480.0
dd7ee555ce0b2d58dbd8a9ea,364976480.0
a732aefa7ea4715325e9e80e,400203500.0
c6faa40acaccc1603c29df96,364976480.0
fd8caba10cd4d1df27605358,364976480.0
788c49c17df556bce0abf6ce,567409300.0
2d0d803cdbeaec6e2626eebb,428913660.0
0872074f7bd512dbd4609c85,428913660.0
3f97341f90b11e6a7a7f7c2c,391159520.0
2bfa301ea435f929e6c0d1ba,391159520.0
1d029020622a600aad4c2991,437403260.0
8a100bd7f5da66664a2680e8,391159520.0
1441a28c376a20c90d72cfac,391159520.0
495eeef459e80680720a0ec8,428913660.0
df81d07cc6e8fb0a01c0f404,437403260.0
e23ae41983b9f112f05bb703,428913660.0
a2ba273b099221390bee92a9,391159520.0
63dfd58a5c43cc7c0a468209,391159520.0
27aa789e29e52ef8d78b9bf5,437403260.0
fbd613ac06b6bf20d76822db,428913660.0
2a805135d8030b614d9df9aa,428913660.0
22c9b57a67cbef0920d09174,428913660.0
fb76da6072bea5801e407990,428913660.0
9050b1061469970ce28742a7,481167460.0
96f5db1dd0f36d1087172fcf,428913660.0
38cccc333e2c38bd608e1880,437403260.0
efede59a47d17737f90f4bcb,437403260.0
bca5301e6460eb859b7ef34a,428913660.0
a23a13e43f3e08ab82c6ef82,428913660.0
8437a42a8e7ebca46eb088cd,391159520.0
6e3cbc252c449fd4b758b97b,437403260.0
6cc6b0672aaccb8909f3a751,428913660.0
c60c2efec3c12959d86fe3c8,428913660.0
d0e45d520227ef8a1f53ba28,428913660.0
e45293f1e6ceb2fe79f6e0d5,437403260.0
4202dc3f8255586e1ccfff46,428913660.0
1d04d5450762d664fcfab674,437403260.0
a3f969063f78dbd95e6ee795,428913660.0
2e3fc1d628f6727880d3d4e6,437403260.0
22ea31eadbd3a54216443137,391159520.0
6490a1eff73727bf62458b0c,428913660.0
49721aafec7123f6ff4d8010,437403260.0
bce608b4629b6c8512ea2fde,437403260.0
a7ba3ccc4831ae7e539f0cfa,437403260.0
959b2293af0ee4f7c9fea7c0,428913660.0
bbbf74a3abf9cd8718384a65,428913660.0
680a71ef7ec15bd919c06320,428913660.0
0bcdef6d56052acd2afad93d,428913660.0
1bb885a07f57936b919629b9,428913660.0
8a222af682e2d7796643ccf7,428913660.0
3370a48ec22302456c41ded9,428913660.0
46fb04e7578da5741f6da4b8,428913660.0
e9da7f2549d914aab6a30e10,391159520.0
10d0506d84d778da572ec635,391159520.0
966e8fc9af08e76f8b276245,428913660.0
0da2a849e0f83b17b006e50b,391159520.0
f7101a05db93cbefd6a3b31f,391159520.0
b74fd7f7db38ec233c6ad71f,428913660.0
0d63e52a47fa884e36f10810,428913660.0
77fa49bcb52539888d481ab1,428913660.0
6f412fbb33519fdd31e741c4,391159520.0
6615da422a3864d415b28fe9,391159520.0
f258fdece395f0c4f4da6a96,391159520.0
c54c645c340f59dd5f47bea4,437403260.0
bdd287e9de82903f210878d6,428913660.0
e110abe74ba0ad062c9b575f,428913660.0
47e5ea8cb7f5ab6703803690,428913660.0
e71c6f7437c633e2d9da643e,428913660.0
783161faf2e3501c38c0aaaa,428913660.0
5fc3de15eb0cd87be5ed2e6f,437403260.0
4066155e224520530ce985eb,428913660.0
7745863791b5cc6d49f84c8b,481167460.0
aa7551be1b8d6278d38fbb00,428913660.0
d654c9bbda61c4c0ee1ae2cc,391159520.0
d224080523a2bf2e81698d15,434988860.0
5f8d0a2ab1f9136de446528a,481167460.0
405fec98d5a3c8981173311c,391159520.0
2a9e77fd00aaaf773d130914,428913660.0
279b76adc4bc9f8dd86759b1,428913660.0
f815ec1a63e980717c9c3290,428913660.0
a8fc825e34bd9bd56ec5331f,428913660.0
248ed6abe6e528dedde951a3,391159520.0
2bce6544d58b6970192a1838,391159520.0
352a76b301243d22d1b31f79,391159520.0
bb9991da696d6e1f13a32d0f,428913660.0
8e88e6cc55ca769e472aadfe,428913660.0
339ca7bc687766f517ab3274,391159520.0
93375efb2e74f4913d21d94f,391159520.0
17d7e6d321bb7394546e6b7b,391159520.0
0f601f5ee798174ea9d52caf,391159520.0
8ec8cac469f2448654312aaf,615676160.0
affb62139f02e524692ebc5b,611460800.0
c01199a4b2fbf0f6cbdf2a65,645991500.0
4d1f49443787c874ba19f968,611460800.0
035c61042b7dbc7ef888d1a7,611460800.0
0fc7d98f75bc1c0b782a328e,611460800.0
b1924a5697dfe829b5b8ad76,611460800.0
d0100c18dba3c334327b29e1,551238400.0
add1a20e8bba47aad2edec69,611460800.0
fe8a78de9ba7b59a112e0046,611460800.0
b319d049a3a8e4a095940106,551238400.0
303dc73dc1130de9aa2f70f3,551238400.0
e471b2ef30c388893119a010,551238400.0
9309d812688d0d2bdd33d830,645991500.0
fdb192e57e3e48f70a492b87,611460800.0
c514c9a35632e5a9c0476a31,551238400.0
3bee8a9981a1e9e13a05cafd,551238400.0
9c942287410db3d0739e182e,611460800.0
f59b9c03bcd4e0e06d23fb47,611460800.0
4c11f4ebc622483532c24a06,551238400.0
1f53612f7029a21e2e9f74e1,611460800.0
1f4b6eaf52fb940e666c1c93,611460800.0
dc65f0bafddf39c6c4b2c9f2,611460800.0
344823ba2777540ffa2a8fbc,611460800.0
8cef9b18f20e9c5a32e7ccc9,551238400.0
413d6e4fb772beff60f73e2b,611460800.0
15d3ae51558bfeef80b9e97b,645991500.0
b81c26f2ea6b66c8315d1146,611460800.0
c3786f81345d39fd8b353da3,551238400.0
6c568d2287dcf12b2aacd388,551238400.0
e6482f3b6184515453d16bf2,551238400.0
32c7b848ef60432d98f415c5,611460800.0
1689c3e3982382e27a4ae074,611460800.0
3d0cc51b7a2392f3be3b1666,551238400.0
1dbec7879e793ba9685741b4,611460800.0
82ff2a63a863c089ea90bb5d,611460800.0
3d9856c3ee0a4b5a833c69ab,611460800.0
6f293451319bae38c71b8266,551238400.0
dfc817b569fd71d2dd47e980,611460800.0
c34d46d83e76f54d53cadcb2,551238400.0
e08ed8c82d05dc3cad8cd2c1,551238400.0
e21f2a8d9c641e45d442686a,611460800.0
f1793973b462cdbffb1ad648,611460800.0
b15bcd6248958d98867ea585,611460800.0
e640424f3b7d1db403c36ba0,551238400.0
658c0b009a09339a3f312145,611460800.0
f01fa45466e2730f935a4128,551238400.0
b4d69c7bc93efb3790eb1422,611460800.0
c2242a77d30c0abbed667ce4,611460800.0
39542105a7c46ded0cc373a7,611460800.0
13f42390057bd294cd787822,611460800.0
183d99d88d1e7d995180918c,551238400.0
60dd7dc49139e7816dd8b143,611460800.0
6d2ec752890a2f1c4094044d,551238400.0
0e776964ba3733f3ac18a7a0,611460800.0
92369f73435d1ac3fa95f185,551238400.0
8db285eda04ca37b86dc9724,611460800.0
a7b14faa46e7b73ee4e95ee6,611460800.0
010e676743f6afc01fd0838b,551238400.0
987199d3a23c08ca887b301d,611460800.0
4fd8643e1c43ce9a0c18a19e,611460800.0
4d0985935e1432b3916d45be,551238400.0
4623317e8c9044e314ccc4e8,611460800.0
ef8430c4d15e5887b8103bc3,551238400.0
cd6ecb0f77acd93cc1c9038e,611460800.0
b0962bfdb6a2c79a0ca84e48,611460800.0
7bf592c5c34bfe6a5df3dd40,611460800.0
9337becb0628955b47e45b98,551238400.0
9ed0bcdb62b2223d716d40d3,611460800.0
4255eae670033d9c9e9a6e3c,611460800.0
c5346c37454ac2b13b92240e,611460800.0
94fd4bb5f41087921ca12b58,551238400.0
ded674ba9c7b76cda404bac6,645991500.0
ce25e9fd3bce9b75050aef5d,611460800.0
4e7d3cbe3c62123fa7e2d969,551238400.0
dcf5b42ecb23800a458562e9,611460800.0
0d53bfcecf0397ca27e5f78c,611460800.0
f4ecb15ef992a677e8b4fee7,611460800.0
46eeb8f186f86f7859274d4d,611460800.0
b5a7d4288dc7a7868678b9e4,611460800.0
34f99327fe595ba6e32d89a1,611460800.0
9a53016fdce3d3b5c2baf3fa,551238400.0
26be10d0ce8b763e9b457e76,551238400.0
2e111ff939191cc6df2c59bd,611460800.0
ddcce0b9776593e3ef3ce21b,611460800.0
937c0b6350beb0f51e53ff8c,611460800.0
f50941445773dd62e87e0416,551238400.0
93a1aefcc4ccafe4866bfc76,611460800.0
70c0a72b31dbc1b97c102c13,551238400.0
8aa9e1e89993aa49c5c3eced,645991500.0
2a5ecebe40fc09b45d6ee5fc,645991500.0
5f798656baebb094a3c83793,873389800.0
596b6f435f76058493a16cd6,873389800.0
1c510a71734e955f75187106,873389800.0
07de14db9dcc2d4f9eac0dd2,873389800.0
29503210dfd57bfef8f16802,851936600.0
89575a90c7b9b960c8f4e052,873389800.0
bb5a6045d18e19613325dffd,873389800.0
f984d34c8f27e3cdb7c2a44a,873389800.0
90822d4e3a369948cdc4d998,873389800.0
5b9a21a42d5f50ed4b10581c,851936600.0
1be01d052c6a65c5ed286bf4,873389800.0
b73d317e1e8ddc3d5d0743ef,816418200.0
bcd302e3b5342ecd8cc056bd,873389800.0
eb8956f0c4a885619bf1ff79,774750700.0
d5b950c5510c19ccb926e7c8,873389800.0
1e37ea0918a00bcfaded3453,873389800.0
1d55f4694f3e000ee3ce47b3,873389800.0
cdc3e114698984145df842c7,851936600.0
9c611e246a612ac6906abe8e,873389800.0
c0c820463dfec602a6118ed6,873389800.0
6302d4fff078a118c3211794,774750700.0
c98807fc596bb2f505b4da9b,873389800.0
cdde8657b5a215915a04126d,873389800.0
3b2fa7905fd8fcb3e11ebcf2,873389800.0
59764968800501c68631aea3,851936600.0
9eab02171cb5f15963670172,873389800.0
61f84e5a07f37865c31d4a07,873389800.0
1494f223c9d3ffba26e42738,873389800.0
ba137cbd10757ad20e5991c4,774750700.0
d2fb81a477ef3690cb11c93f,851936600.0
ec4f7794cb756b995d5d207f,873389800.0
ea4add08aa912717cd42f9f7,873389800.0
f11d7627e2f18c9a75595501,873389800.0
8095589d5e1a55a76281e13b,873389800.0
f5add08cb615eb18b3153bf2,873389800.0
1894346a27970572aa703cd2,873389800.0
805a491334f865f06ff42329,873389800.0
062d5544f5c96db90fa3a526,873389800.0
332201e2583141f3a02dcca4,774750700.0
4baf1bfced8e85013eca94b9,873389800.0
8bc002e1f02beb4d83a6f6ae,873389800.0
adebafcf3eb0d34ae31718ef,873389800.0
60b5b0aa0c1319557cd0cc85,1038674700.0
3393fece8a6ed311ad865e66,1083814800.0
df4a1968046eed5326119599,1083814800.0
b044b9a587b2c6ca00447177,1102185100.0
005ab848b35907e42aa0f4f2,1102185100.0
140a0002732574ecc516e9a8,1102185100.0
bd850d1ccfc4b21a72f3ec44,1083814800.0
c6dc8c201ce38ff2ea49cd68,1083814800.0
572ae40f693551547e13a196,1102185100.0
b39d1b2637dd8e307c8ba13f,1083814800.0
2ad02d6d56b95ff3382b53b6,1083814800.0
5201393754f4a5f2a476ef0e,1113207300.0
72a66bc6d15390eb05a5c688,992559400.0
1f1f3e47f3593e4b2824e628,615571650.0
bb7e14611ea6b5e4abb5b89c,517470270.0
b82f8abc8001cd6731c4ef45,517470270.0
6228854021e72af611d2e59a,517470270.0
6d21e1de9c880bfbb17350cd,615571650.0
7cfa0c98191ef9b7c45f0520,357396700.0
a739d80c3fb6b166a2c2182b,562709200.0
36f85981124e858c157f83df,514275420.0
3d6d51ca99f2747d6b92dd19,625015100.0
092b7b5bafe25bf485de37a4,556427140.0
f2e0163fa07f89820739dfcf,911207740.0
ba47346e7a53412e78363ac4,753094340.0
f86e80b2a831572b85b04e55,549695000.0
199a6f7df516a685f086dfa2,364976480.0
81f6d6790aca5e9270c3d1a1,400203500.0
74f099ca0d949c8042569d51,391159520.0
4df3717406f9852284576caa,437403260.0
5246f7d8023a4c178af6d10c,428913660.0
69d9908e13bf7c8ac4c30531,391159520.0
e336d9d892441c7ad886a98d,434988860.0
f82e1c70884ee1285e1bc491,428913660.0
0ffbcf7d58378c85b4103c7a,391159520.0
3679e1844a35c0c87fffefeb,428913660.0
955a15a734e56eb287555307,428913660.0
722f262a44b2bb6fc05ec35a,428913660.0
48c346042d9cb826a3714466,391159520.0
bc4b7bbf5df92f476b6be103,437403260.0
667685f89a61aa2ad5c9ac7d,401213860.0
8be5fca8f4339712c6f3e29e,645991500.0
09a5fd22f920267b464e2a00,611460800.0
f6d2d31af94a6a73912dd9f5,611460800.0
0e9a5ea81f6d91038d8711d9,645991500.0
8b2d8edfa6788ddc0c7b3eba,611460800.0
2f48a73bfcc91272161afd39,551238400.0
a78417c74b8c99279912e427,645991500.0
4d69f7c7e0e837879abbdf78,645991500.0
926a7b18e48cdbf6ac3b396b,611460800.0
a06733f7b3ba964c20ae2698,611460800.0
02d598a32d864c289e3ba6b0,611460800.0
3977cf1326ff502251f78f66,551238400.0
c3cdfd0733404ec885eb3edd,551238400.0
a28bb09e30bca82627e595c2,611460800.0
0a2f8c8ca6094e6626d4e8b1,611460800.0
ac9baabfd96d58e376149a7e,873389800.0
700a052900adbfa149dd5b6c,873389800.0
4b30968cdae59b4ef3298f19,873389800.0
c673d94552bc3e451672939f,873389800.0
75392e8381e1c891377fcb29,774750700.0
a55d7074220aa6a750297c08,774750700.0
81eea19e7c12d65d21e23648,873389800.0
69df7bc1d82d9723c70eca70,774750700.0
815cfcc4d26738f74cbb67ae,816418200.0
5ea150753f8d07c71af45cd9,873389800.0
f851b02d18e74610a900bf14,855915500.0
76b9af8036e38d5d30ac4c7a,1149495400.0
4ec5ab39cae4afc3b0e69438,615571650.0
c74020c85c9fcb2a2cb3ac74,517470270.0
6d6ad5e3ebaba1c11dec0f16,615571650.0
acbe4eb98668ff4967a8cb86,615571650.0
16a40e3dbfbb9c703e04028e,517470270.0
ee5fa0932e098cba28d950b1,836542900.0
5f9fa56b99677a489a9966bf,517470270.0
4045e30cced205e8c5b2373c,492124450.0
eb2c7a973d4d6ce8e6ae87a0,981712640.0
99c69eeb96e1016a7e53b33f,820215600.0
aa7f56d05ed29183b825d61d,545949060.0
4630a9af58fb79c0008e5fa1,483602900.0
ac003932eba3a174c5b998ee,482165200.0
56a7470ed14454665aaef75a,1427963900.0
a4e4f56336e07304cb946b1c,771278500.0
00ce045307538da1b0bb7972,556307260.0
cad720be1395e2ab5869807c,437874880.0
344be03236aed65e74b14a2f,443298460.0
58a86bf535b4c16b50dfca06,357235870.0
d52c3915fd7d2ef8c92a22fe,358614200.0
8a4b7e86a90a296e10a49ea3,376213900.0
e1717a317481b0765a7a6a0d,549387900.0
97fc10f5ce4a6fd7357381a6,443298460.0
428f4bc76d4cd315ba8f89e9,358774980.0
4d882ac2b82569f74aa08824,358774980.0
948ba87dfd7993460c967cb4,429282780.0
1bee6a5aed5417181a3db77f,376213900.0
63cdd73026431f5566fe246e,357235870.0
013e2a07f94a99323b64d370,971062200.0
ff56b24cf15289dc6d14800f,606798400.0
7bdb94165857bcd37206cf18,509374800.0
1d1e29d9601aa0eddb4d6c2c,532888350.0
a8c9489973c54b93737dfe20,838016900.0
254892c6b84c59ff5ac4f354,381947500.0
c6e9772058edb2268434d7cf,995133630.0
916a413537580440c4ac6028,501948480.0
bab8e472424cd57faab87ff2,395869280.0
eae5eecfa2fe828afbc94b0a,419612900.0
da26059a2cf36e02b8702320,419612900.0
e18fecb7e40bbcaf26c863cb,971612400.0
a55906464634558b94d9298e,512411170.0
3032ae39e739fe46e9e198e5,871363140.0
663e062b85f16c2419f8456b,477255460.0
aad0e527c4bf6283f76b5bed,871363140.0
32fbc0f1934f7325a404a2eb,1048865660.0
07d1137c1f0aaecbbad32f7b,651690430.0
3058b792e3f6781e438a2e9b,833764800.0
33d6b1bbab4524c3aa03756c,492837400.0
c75d43b8089321e359e14264,550104060.0
29ea1796aede16cab8a50497,512411170.0
bed21c41b31a3bf2095aa273,505379940.0
ec232a7ee3aeac713516614b,647018600.0
bb7c68c2652c7e124d88631c,477255460.0
697b6c6f7666391fc689cfb9,833764800.0
d912e45dda1a3a628fdf50d6,595618300.0
96fa88a07329d3988b6b41b3,833764800.0
66019487c37339e9354ca999,512411170.0
fd2dcbcb8a31e97f31d22a53,1172198400.0
1a309175498997e1b8f0aae7,988209000.0
e83119808dd08ca090f5ed85,498971230.0
1a26960e24de046588ca7837,887714100.0
379c4fce87557848548b0944,395131520.0
b2d7355eb2aa975900776275,606159900.0
3b05e06aa0bc40b9db16416e,386541200.0
4a5405b1e181f5b10fec35a6,680334200.0
aff22625564f00844ea2610b,414234880.0
b40addfc0da42b0e530503f0,565214400.0
9200d647b6ce9aea67ff8ac7,712535500.0
3057660e38fb757dbc8bd898,712535500.0
799be2171dae4763df530e4d,467372400.0
819265a930d32a97533d132d,987577800.0
9ba689b29d0696fb7ebc44d5,1194112500.0
0f7e28b6efb9d550ba28a1e0,654430800.0
57551742fefae23bb32571f4,457405150.0
9569a50febeb4163e28c192c,728583230.0
1d03efada56f8a70bdae6aea,806505000.0
bfa56d6230b858591743473e,690237760.0
ca54914a1cf1028b9c8b681f,467372400.0
54304b6117b797791d266cc0,629900350.0
166ae8e3d0704209d6715240,573471700.0
b56659e70367566a4ddb81b2,869127300.0
2641f220611056a1f5616dae,884337600.0
08a82bb9fbe4b7abb50cece1,444578720.0
b40a9888ec0379fbf85516a3,1178462000.0
d35462df6c686296a3c7bb23,703116160.0
db244703ce223e6acacbe85d,712535500.0
a90df94f959030227fa015b0,470379070.0
d97d462ac4f5d9cbbf04e9ca,884337600.0
7fe6ac57e87b8126ac4f8530,935023400.0
69c28dce8eeaa86605143419,1178462000.0
2bd6682ad8343b69fae1a59e,837012160.0
2e6fb29cbc1ccc3d97c92c72,712535500.0
9eabba4531191127ee91621b,976602900.0
d0c411218ffa7c3ebc10783e,690237760.0
0c61a011d7fe0227be2b3575,712535500.0
2c47c3ef9e139d8c4513a090,518007500.0
f6503aab62a68ca16eba3fec,1186540900.0
e7dc05756684b070b36d681f,596368600.0
17484950b143d0395907ae6d,465986500.0
3d997123b33373024bd2cbe1,806505000.0
ddba305c2a3ad29db24a0658,986119040.0
b65efc402cfddc0aed4e1d76,884337600.0
4a7ecb05c9886bc35f6b9160,700783900.0
b4e14604b888c994b64f94ba,691568800.0
ab37764e5f4e00097eac947a,1040098100.0
764da64c41700da5ee80b8c7,756015940.0
8a84a073b855e37a12327357,712535500.0
5a6878f8a47f1fa2fc1d600d,1135096200.0
505f3d545ce83d0c848f828d,1286956400.0
6687a2299f38c15598d11eef,1097207700.0
533134592237b2748915eed8,758021500.0
daae80933675e767b50bdd17,1136649600.0
945f85a061dc4e95e779e27e,925001200.0
62dc69d80cd6ea9fb7fe52db,451820200.0
153436858070f7e724f0cbc1,859137660.0
7f9875a5336a32d73df2402c,853278200.0
ac11141115d391be44e6426c,449935140.0
f8243b7b679dfe8303180d73,1210896800.0
1376106ebc19c929df27bb62,439421020.0
f591597c9a1ddd9852eb3cfd,896223940.0
a748841236a7a7fb33138845,488203420.0
6ef43ab43841696400d91859,646363650.0
601310d800d88f0d387235e4,1149274000.0
db81ec58863dcc5d12839883,488203420.0
68d35dadc6d0dea61bf4b513,347666340.0
ba9be0b67571b1e9242664e1,481586140.0
1690af2e30b05da545f1576f,985538050.0
fc72ebf9381496067101da61,397814560.0
3a2e95f5eddda4df84b2e2b3,502883740.0
a660d5809085b4823e287a5e,422046560.0
799301c01a3e7fc2af5a14a9,1236358500.0
824cad597aae34d7d59ac939,442556700.0
23cfc154896b93bce4356ae6,414312320.0
a9b96d2a23ed155043085e87,1157616400.0
f5d529ff6a35fa78ab14de21,484818300.0
9b337cb1451a8fb078dc9a07,1014842200.0
cd1fc7362660bce494b5117a,349758100.0
26454cbe44a07cd0df12ca07,809254000.0
cc5563550bebb29c83ae3054,1142206600.0
109bb36f29b223a81dbfa340,787708160.0
31081c78ce92e1d8dbb315b9,452473900.0
502aca1a1097438b32eb362e,1103081000.0
4c90ce573f1d61d11294d05c,1055969600.0
87f1e9ca16a7ea48de04fa73,877835600.0
224f6e839dcbd91491f3f1ac,446830700.0
8ee7d2e0692e49bf9d308b4b,950637760.0
a3ff6a1fe37a1bb736b1100d,640540200.0
97d49e61c1ef55451e52c8e7,677134000.0
b6514cdb1e2cf37e3ff8090e,1321522600.0
