property_id,price
d56159653f5d2abc5ed5acd7,898685440.0
45550aa81c0151f1fd9fd8fe,1007582460.0
735deef3382aa15930482f3e,651861950.0
0dd49fa8bb7be52b851c6dc9,890947200.0
7d3220a91e78f8bc2924d1cd,1028886850.0
d3054072b2175deec2c1f8dc,440706080.0
b7574b06d593fca4eac59815,442035360.0
79e822115c5c1a4531366001,404134720.0
d3ed5316a463d38c1bd321d0,1367853400.0
2f1880c9b8f7ac2715e1236d,1150598800.0
dcca1c7f109175760ff531c6,650662000.0
dfc4f3facf91bbd93ee0fa4d,488830530.0
30e134a6cbe61d7954d0f56b,390966340.0
385fee7bd9ad7722d45dd034,518665920.0
87199c236bf22903d1aafdd0,579936200.0
19e19ad0cd6b5e84d8aa970e,455000960.0
907f968e78d748fde69dd44f,863674000.0
be094e5db0f784e3aa013aae,376994000.0
7ab96f83915bc84f8c03c1bd,416956960.0
07f4aa9b9ff5b0b05d31e6c0,950135700.0
e9be8cd37abed8ab510ba1f5,1282462300.0
5f6ad58df27b562db077b5ce,378311460.0
ee96d947484aaace40f9b77f,986448260.0
15c4aef8401208054697b81e,1037280900.0
22d6cb11333f2839b8112b89,1186937000.0
288c09c33907dadbae495c11,1463481500.0
f71d2bca0c5fe2720a1544c4,490740000.0
451744cf3ce55a98db8a3562,463223460.0
fba9ae05a6a8a9e0c6268a9f,537871550.0
1338e58f7dcebf5a1ea59388,440456480.0
a817e8da0ada143ac87277ee,375318000.0
46d8bb3e9a0ca584d3c7a317,565793600.0
b2506aa9463aebf01e1e00ca,424569660.0
7ec025b9b6e6f33bf65af41b,346152420.0
2ff531e27672ecd2362eed55,962239940.0
9b3cf0d1b91b9c6a2a887647,600743360.0
7db5291ce4602d9b2b266872,433957150.0
65d5918e826c33bb950fc008,491321600.0
395c34e4b8f52cbdb0522459,703301300.0
855f4b67d2bd6d18fd03d8e7,708397000.0
9ff06409b37e5b5dece4604a,524104600.0
0508cd7bd2c77ebb6fea1e56,597691800.0
b45fff2e718e54772d46a3fd,648185900.0
cf4d2297b73dbc357d21e31b,497503000.0
0ada7044c5b29925abc90879,607923260.0
6305f02255274ab5fb6bd39c,1075001100.0
d9a94194ae1350512beff3e6,761284500.0
e3896296cb80d50d9ad3f903,783881800.0
6514f355887c64136edb5595,902168400.0
f03400cc18e12903b3ffbe5a,843269600.0
4e134600155a64783b3f8c3e,673307700.0
d63ebc63c82fbf66d8b6ffd3,965580540.0
1bd64811bd59706844230198,881301600.0
a83921284639eedd4a511cb6,603826600.0
a2f3f7a1cd573e2a33f52e2d,852320100.0
47344a66471fa51f61c64652,638045440.0
78fd849c9429091347d7e5c9,712816900.0
c3daf2abea55af99c9579319,891754750.0
52864916eb1984abca41ec66,882371300.0
c62494a9d7aede44f2f84023,915456600.0
a2b576643f7a032371587e5e,1115988000.0
e53bc68f0e97ccead24f3e56,488864100.0
fd82c710aad91bc90af490fe,786664640.0
d436abc2ee37ba3dd561e940,839599200.0
216a598114a403676011cb51,851913800.0
ea230d5eccd2b687888173bb,822968960.0
18bd0dd7580f2a7cb19a90b9,432050180.0
b143c8ca6d334f6a73c3f2a0,397363330.0
ab388cb4fa511968783bafee,482539620.0
6a4f08cd04d558a56af732d9,473720300.0
7216c895aa047c4f405c4941,501142050.0
a493488dcd906dc74cf8a604,659250370.0
7844b0b2bc65dced90a355c6,1024760260.0
c1976383069b6b82ab29d092,438216600.0
e5cfd99e2308b7b73581dbdc,443806050.0
c18c2ea88f4ac53970b53d2c,778057540.0
842c9f0e4edf1e5a672ce15e,728367900.0
7dd1e46dcbddc6bf5ef694de,579322600.0
6cc4f32b39180bd1ec7e117b,661328400.0
79e643789a85dc4ffad49a25,882989250.0
b3402a9173d289d6db78e09d,1358011500.0
a446507813234e358db8b573,549393100.0
c8ef57ddfb35061d1876f94e,622692400.0
360be0df2c003005e3db080e,1073423500.0
9ab245a4c91877cb7a8661ce,1109394000.0
a57a34c7486e7a40e8deb316,935221440.0
ceba7d0f56f6cb03538962fb,559142200.0
d5475993f9db58c3e4baf7a3,792054600.0
d37a1dda09e30da13ff5bfc3,668429950.0
68a8b8d077a8232723bf37e9,378032300.0
e1eea7716ca6490b7640717a,934198100.0
4ae6d75b10848d259ecba576,716854000.0
17afbce5c0b56732abbea936,1136753700.0
84a2673eccd3cf3bd7fd3eb0,881239400.0
f2f4e6cbafe527b155707f01,1099411500.0
de2e3a592cda5b76c9573c5c,855607040.0
fac651cf404a58f24dc7d286,1391356500.0
e6f312a0877af26b69855a3d,1226982800.0
333a643c623a9bc75f3a40f2,1381382300.0
64593641e470908ef23b46cb,933457150.0
ce9f2f0071be658ae75ca6f9,1105931300.0
9ab385e399a4673732b6a799,1066560100.0
3429c774b736cefc051e2c55,581109900.0
a51ad0372758b2bbfe73f8fd,608660030.0
8c801a266256e3fbabe7e3d2,661652600.0
ca2f81b8fb6fda20aefb0ccb,775448500.0
3c1b1f86087f9b99380e387c,825345700.0
b0cad5d612954b8cab18101c,830159550.0
7eb991f4c69215377e4dac8f,1002823800.0
0d130b8bea4321300396fa34,1237694000.0
8dfa059401e1dca80ae65ae1,991690800.0
3e3f264cd0ac7a65ed2349a2,988518200.0
112dce80bf512f3f24391d23,627816900.0
ff25ded6333278149f8fb68f,659088200.0
d555b82c192794e87e9d536f,1005867800.0
a787382d96ef9fce8f27bc70,1061583700.0
8c3aa295f7bcfd9a43eb2037,1121790600.0
13ac95652fb3cf6c43dafc66,395934200.0
42fc6a80b882c32f6264ac10,439513200.0
1e9c53e09220d689a0210ab9,388379100.0
3348706086aa3db5c92259c3,553958700.0
66d402a9b7d05f29282ddb00,689829760.0
cf88be51d6f31c10e5868ff7,385903970.0
30b3f38716be209a894b0942,409535420.0
0a5908a92d0ba3e36f54b1f3,401595140.0
dd206b6ea2d7f6555109ea39,546490800.0
c641febd8bc2ece3e4d2d8b6,586211840.0
c11fdc02a288af0572a2bca1,840042940.0
35dc60a65969b264ab283d6d,476074460.0
d9cb0f637cd4feaaaf8a21c0,660304900.0
7e8dfae9a5f1faf8afa706f7,457011840.0
a280fe7610c254b935c9dcfc,408079650.0
85524880fdc4e4daf90e96fd,494796500.0
f361109d06f6609c16724b39,491321600.0
3f6b2f0c0876c21755369cb6,1075001100.0
de26819064a290ce78d8fcc1,988784060.0
91be1260a84ab7fa3521c495,1165601400.0
18c8dc4549d38c918af2972e,913008300.0
782b0fb8641849c2c34291e6,676989400.0
54933f8b33a4fd6f031ed5be,896885700.0
953176c9a901b4f61c030432,670447400.0
357e2add3d68167a4f3ce15e,953665200.0
90332d50e91925eb9b614bef,690565600.0
11723d1d472bf1a3fdd8b72c,1062454660.0
01f8b6799e2910f7769db175,804309800.0
a0d5001f7dd42d7f0c91d2a9,471179140.0
d4439c35bcb88e1490916c67,481049100.0
4a73dad0ff8a5262e8b07c4b,1040483000.0
3dd8085a65f24b497ea59557,803487940.0
39ef085809bc80e32e7b6af6,1049788350.0
b98ee16e8fd7d1c75a9da13c,923250940.0
16deb26bf740fa61e258f545,1215253600.0
732a3bd457d7798e1fd892f6,697431600.0
1376058cb128a1c7729cd2e9,865209000.0
cac7e7c3e13af91bdc7107e8,903029200.0
9f3dfa6e1422f6aeac527c61,506226020.0
4dd3d1288ccb66ee4fb9c097,1515514600.0
15fb97d6a43731d61e95d004,1040246900.0
dac29573163315edf99e0e7a,618770000.0
b93f2864087d41c3c92d43c3,844269060.0
cd4656aed92f5c0a0b6b7c0c,844269060.0
556210496090b42ac10cf1b8,1115988000.0
762979729fb21e56a32ed14e,1115988000.0
ea935b76abe664d5e2c4736f,491321600.0
40e9ef1e7c6749b7a8d04ea9,443681630.0
058265732a484ac8d5497f5c,497503000.0
6f52ea8340cdd283f9a79720,801368200.0
cafe7c1ee67458e05c84d5fb,1075001100.0
3f45ed2f08a2b03b738fbb5e,527485280.0
f203b18854b75c4564d7a17d,1054397760.0
d5333f639d11bc3ab073ed72,484608450.0
c14f644116669a160446a945,476463260.0
de585856ff546e00a5a4672e,427849820.0
7a80663cae7c191b5d025fa0,550178560.0
71f80198e68fbba902650b1a,478539780.0
f3523e0626df8cea803ead0f,449375940.0
619abd5f978b1573761be86d,457749900.0
17a2323b855e93533a9f09f2,658108350.0
38e8630f2c05ea38e2257c21,589834500.0
1e3798d739f85ee0e5a314ca,477727230.0
46d0544f411bbfb6b452858c,604834050.0
605e7a71eecb13b23ffca0c1,520330600.0
7515b37b7ae7c62f3dafbe7d,611194940.0
28be121ada9c9303be802474,552026430.0
331d54f8a1bd3dabce73d6d9,892605600.0
22d167639ccaace593dffa31,574488770.0
36cd68fc3ffab79fcaa340ab,505793630.0
db924733e88c361cdfab874a,716525950.0
64eea2e9a13a8edfe8ac7027,802213900.0
97fe6eeed892111bfa20255b,630572300.0
b54e6757829ac95e2076d954,591295500.0
dd59b8122458557041903207,569067500.0
b35c58fc1c05a77433025318,772254460.0
c41964afa164d8b75f8dbe92,898514050.0
96b3ea80cce599b68f96f86e,721835900.0
a4bc87ad4f1ad97c0a63d843,804322050.0
16e62269e6aa2ea052d05f71,1289388800.0
518b37b51f824fa0fb5075d3,712436300.0
e083d83369cbc93fb94842a1,812435260.0
57deff02895d5286eda10d89,965856830.0
7ed35835fbe694bc237abe38,788165060.0
b48efa9ddf36e85164354f26,1215311500.0
5910c9b29a1025bada93a5e1,808316100.0
10a650e8cb5425c97f08f68a,767567040.0
9e0feca2ec3043ae6f840631,1229036900.0
35ce37bbecac6b164fa21e6c,593215900.0
c4955010d066e013812a85ea,1088044300.0
d5a83c31bec18d1c3eb9af7d,708170050.0
70217bd08583854329722821,907724540.0
28e748e7aa0a447731e06706,556576830.0
27929c0a3e0fd2d6d2969e03,741247600.0
5c5ea0d8bae75e0a5c88414f,942205950.0
2233f50cf7b04791cf1ddeaa,612385150.0
bf430621f17dcaf17fb91ac7,710201700.0
d8dc9de06461e0220bc55906,598698100.0
d988975f8c4e6ee8fd8dc1e1,791500350.0
bab884e0f99df269805e83a4,810316600.0
8fa9b20af1508af7a01e2267,938308900.0
b6f195d44ddbe10b78b97191,450021800.0
2ab0eeac4a228d5769fb4365,443656260.0
347a4deda03bfdde6d1c163d,682494300.0
17230f18b30b94606fea047d,452051200.0
eab4ae491bbbe7b8ab107229,745359040.0
07c753474a847bf2bccd55b7,751339650.0
b7ce05400f0261743073e072,676311800.0
4a33d213841d2af537aa967a,828896960.0
04eb0b590ce7483c615b043b,740736000.0
a01a51af09a3dc387a18b58c,441060930.0
270b930a9e22d5016ffa4019,1052677600.0
5ed1320fe84a518e267ff537,1090520800.0
f04b574dc221473cfd616e22,747560200.0
6f7e390aa6135019dc5a828f,813283300.0
776d4a19fb3852fe6dcd3ddb,516842940.0
b7f164b79658952248866c34,565867000.0
aafeff5826516e363471e439,363589630.0
eba6a2b80a17a846ae560ece,383683800.0
90e62f8656ae504bf6175e0d,562260740.0
dc4331d09a1e36baaa6bde53,599278460.0
372d67ccb9d251e290891f0a,399360130.0
a7801c67a0ddd71c50ba38d3,417018200.0
e4d6b81f169cab8ea0244d75,433538530.0
cd5c6655243a4be0912bc92a,935221440.0
f7a7281a19733251134364fc,1265081900.0
a716ec25a219961fbe90f367,1099411500.0
8bd45966c16d4eafb49ee2a2,1039685570.0
baabbdaa5e8f69fc90d303c1,1347862400.0
8bed46960db1b2a7954ffbcb,1175308000.0
dbc123f9502159d660f375ca,1249554000.0
a4683facc81ccda10e9ae388,1105931300.0
3a576586fa1aac85c2ffb75b,1441474000.0
b1fb98d0ba25b21c6647d423,1299452000.0
97fa4be3ed93c37c048f507c,458380700.0
cf184cc576effe39c0f857b8,565458100.0
784f67fcb2d009d352740ed1,424834560.0
f4d6ce332121f814aa663fca,688482400.0
c87ae84ef029febca1e633e8,508957200.0
e876c6fd9c161861fb92ad5a,1170096500.0
9047c4764f2c6b1a10b87e99,1005622200.0
234c94e9a248ae57bb5a0771,523105920.0
a49c2976ca4f24f3a6b622e3,507651260.0
ffc171cf73514bed077339a6,530344300.0
fba83f5feea2522888377066,418796500.0
1a593800d5785ecc36c25ead,775121700.0
ab157c9601861dc387a91b82,1044043460.0
f87f8003f15b0fbc12609514,497503000.0
f44d035ea2b15b2c69d4da50,743296260.0
fc815b59cce7934f816f0502,997956300.0
32915b77ca68000ba9eed6d8,496544580.0
cb083fa7ff634f424a351840,658789060.0
4f3c7b9bc78f882f858b3d3a,467998620.0
53d33316e237830ad463a26b,630280100.0
f5d852e25d51377686c43bc8,634778940.0
64731b6eaf4fd2bb6c155013,758206600.0
dad7e45e4706ab2564ef9cf1,379864540.0
255914e9b13ad94efa6ed365,947283840.0
5a8950a64b4aea4ac13dad45,920760770.0
70f51b4abf26651111305b1b,804142600.0
8919ca18fff7571002e440ec,978868740.0
f776a4e0c8c82b3d29756b34,1115988000.0
7ea4af39a7e577ffbd600f0d,852611200.0
45fc0d46c7a4df7ff6976fce,987457300.0
7cdcecc706fc7c79cce45b20,860989760.0
3503f56e09e639be4762ff2d,704513660.0
f70ac0d227db6f5333aa821e,636561200.0
20db610da64f80afc1621b12,464977920.0
c80ef212c870e2f20ed2234a,583729340.0
7dc68d5cac1b7fcdab35586e,478936100.0
a478fb93a131fee4119bb9f9,915020160.0
7749b2b534213ec7b536372b,646995200.0
43e59f5312e304fc21c1e052,936785340.0
82a7920524816f3db7f5a4ca,716402940.0
1a7e331d9ff88ae5efafa8ea,875107300.0
a57350d4c79a415137281cb7,385303070.0
f3a6132006d54d0e22a17e84,903682200.0
14caab87a129f51b2b70508e,680915800.0
ba2423d79744d763aa3744f8,841977500.0
1caac10c1121a795a172889b,1252319400.0
40768729f2697b87ed6519d1,805637900.0
843234d3c6c20bb60a17fbee,1043388540.0
cd2e4dff930a1c7a1a569992,664114300.0
5a6eab133b7e95155f6a9012,590406300.0
5bba6c40aeb129c433d2c58e,757642800.0
ad3c644b506498127c7beef1,816091200.0
a379656c49f4cb1cfc5b3f03,719740700.0
998c1a6ace613d8a7468ba5c,673307700.0
dd610d7ece83bb02dcd7a22f,588015940.0
539467d04a2b3e78c592b11b,329184580.0
e40fe4ac43cabe82c03dda59,452522240.0
5561eab714583013b422e7d4,1025419140.0
d9110b2b5b1c02766da9e24e,885826560.0
c72cf05b93b9c290c063b08b,859096700.0
d71cc157c0c43935989009f5,399491170.0
4199eaa19ddf8ac436bb2ba3,1358011500.0
d23d12bd86def2657038a481,1265081900.0
ca438e13d8aa6285858da0aa,883225000.0
a173eb804f4bcf6bfe889417,1099411500.0
9b3677d498c2ccf69c756ec7,1115988000.0
f8c787390e4c6d2e99fc7c3d,522138000.0
a188aa896d1b4520ccd6b65f,513354180.0
9fa39c9eb4b10a20dda6c3c2,742450300.0
7bc9022fa1eadbd9ab39acd9,621792800.0
46f0731f62232b32eb733dc3,636317250.0
b6767d1e329ff5e28c42f632,511882700.0
abde4b06769fcb1d5577fa7f,608660030.0
1496d159d31717ce254f67a7,473235330.0
1470749d0d2551a93827e441,640636740.0
3ac517f74dbf8cdc8feadfe8,668588100.0
fc6616c62030a53d2aa46b12,871250100.0
8497f34947cb4c0ff18a0eaa,646230500.0
3b2936127f5a4684a1d3de22,692223300.0
dab58562904cd13a93d913e1,740572100.0
69d1e47b6bdc57512f1838a5,748737400.0
23c7f9a0534a4ae6a24e38a6,890644740.0
640e9fe41fb79ecba89d8951,986500900.0
31f6a25d56f3bb36386d07ae,1148373400.0
bfb30ae71cdca27f5a5494c6,1217172000.0
baacf0dbd690644d74f3a929,723233300.0
cdcb874d2e62220d12230632,923016770.0
1421bdbd9cf7572b799b732c,841117100.0
ee9e5adab1455d38edfcaa6e,858194300.0
1fae43a9450fae02919962b9,704879200.0
5f9ee280509afd55d24f39b7,691885400.0
82902f2082dd405ab538ff58,646442560.0
eae52c81f779a61f57cb5b58,867909760.0
4ec0aee1b202642d2739068b,813983200.0
f4c6c3210a3c2eb935c6d5bb,1074363600.0
14a14706d405569501327924,416841660.0
146a5a4f3d111dc7b955ce42,961739000.0
99bdce7cdea643b0442976f5,775194200.0
733c7cdfd50db77066a67140,387008900.0
de328410e22767c66d919423,729687400.0
d0116b53467b3081664fb268,786262660.0
dc722ea5c4d62773f9fb6bbc,534578240.0
e84605e3aadd50b064c8eac3,1156277000.0
31a3719e57ab1425e7267fad,731499000.0
34993717af3f861b9735df6e,630572300.0
543822711986a454cfd764e3,1355716000.0
5bbc4ff9cc3ddacb39469e27,1012348300.0
d7ced905983af0800c19b7fe,1097929900.0
02d5bac2567ee9e19041ad42,1160348700.0
f4897a8a0a911a2acfb8e8c7,1099411500.0
4ba19ab08d1fe7f72d0dd37a,895436200.0
b7c07f8afe037d55bddb8e41,415200700.0
40b20b5a3a986802d64f7675,657956500.0
01fb5931cb55f5308382818e,1231435100.0
7cd0c7174b957df1f004fc88,1221619000.0
ca13bacbf6dc8d1b09fe4c67,943851700.0
0ed0dc77661be57aab63bc83,476713250.0
d03558acc19951a882bd568b,437356540.0
b8cca0d70fb46f3a31473e98,894395000.0
f665a58fa8eda69547c1a159,986167940.0
8aa5ae4637ba83e672cd3ab9,725630600.0
a6da1996f66e545041d920d6,673013700.0
b828609eff041a68fa243a12,817080260.0
3f39a260b81dd7de1dff2b31,807795140.0
40fd167916ff071afdc44792,1059926660.0
6ca31945172976c3a11732c6,1163038600.0
1437d1f1601d26a3dca7594f,800271500.0
ebab054e5f256bf4e382002a,1115988000.0
0838d0df248d723da4e25ea9,556968700.0
7a134e45b9ebe710c6c6efe6,755576260.0
6e9c7f27d6b89c5f9696fae6,485019000.0
bd12c705950c46e679c34bf6,1176063700.0
fa2c1092f17ce021964f8953,773231700.0
e3202b635974f7a3367c0ff9,1358011500.0
49bdf0f970af03d83a57dcff,1097929900.0
91af29fa680d8033188ffc39,843757100.0
cb626b981c0997d254388e76,329184580.0
155a8e4186d1626fdda4d0ee,977361340.0
d337476c2cfa780518523a6b,484558530.0
7c3ea8523ece273991a190da,824359300.0
674c02227165e1c7189c54e4,867011300.0
17056748001fd65cb961b384,988327800.0
f56bca5bebfc765162c8cae0,1169759500.0
5f4b0ec9c7452b888b33c3e8,483938780.0
13dbc077e552640736267a49,401811200.0
cb645955c851790e83e696a7,917888600.0
649cca8c83352caf7442f20a,574552300.0
fc8836e71725949c5f3fa7f7,1193807400.0
4f431d80287051ca323f2c08,1020475100.0
42defcc69fa22e4c858f3c24,937666600.0
291a2f9022933c9d81311e81,952345540.0
d48a061a2040d851937413aa,943585340.0
55d2ad80322427ee3426dceb,607894300.0
8c41bfacbc1a6ab831b26fa8,925832600.0
c7214222fefdd8d2ad7f8f8f,785430800.0
b3d9a095c9c73004643c9e78,926788400.0
d49aeae19e13909e75dda2b6,942612160.0
dd10dcc52d2549df85f2a8ec,555089400.0
6732b448d2e4f32679f235ad,937291140.0
f08a5c2992cfee4c0910f68c,933847100.0
e3a62f080c25f404ca995e06,1057255360.0
7634d584c3042533942e2dc0,959944800.0
ae58dee872922a9c678dbfcc,929050300.0
5ec01e911785dbd5b49b166c,478335400.0
9bc12d9c9ad95064412c3413,829599170.0
7acdaa0cee1ee62e15f4490b,584896200.0
d76d5b14d0acc5295b8057e2,862842500.0
32f3364ac1fabdd13db1cfe5,376456500.0
8cab957b322f1aba06bae4ad,651300200.0
e3dc8b417819e9afe3fc7d0d,466738140.0
c71fbecd8f7310c201adbf40,635282800.0
54c9bffcdc46819f67e4b3d1,819866800.0
4d94a2295f612b96264a0db8,630572300.0
874f4a836cb74be301e068cd,957662500.0
a18925f908acda4171bfbe36,1012356000.0
a587c7419568288d68c46feb,777001600.0
19994da77ce4f2db3efe6660,487094750.0
9c4dece6127f1f3f3bc1e0f7,463924600.0
09c28a830f8093802384071c,624900700.0
5766f7cfab59c920081e3046,463924600.0
964b7d9de17c1ce396fb83fd,323876500.0
44f77a86369d6607753adc09,486606300.0
7f25471be85adf0baeb8ebbc,491124860.0
6859481703fb0cb34c1e564d,453009280.0
7ba0c14dce0cb09ef5735d9f,516221280.0
62cd6a29e98a5b7a5ad38050,589961660.0
9c6d7e6260e4fe83d43706d4,564025500.0
5dbcb55dbba823dc31b041f6,989153800.0
85abc5c0353c5b678f087824,663350900.0
56dd1bc39664f8e9f316851b,911282400.0
b23341faa7307d9d6009c6d8,650560260.0
2af941adae2e8dfd66542055,529077300.0
268f887f25d416dcd3c0c9c2,766009500.0
9ddc7272fe43f07035d3da63,1234035600.0
4002635ca8b087877ad22d5b,999718500.0
b515b1caa608ff42574e5a06,700389700.0
710542343cece039a279dbee,673583900.0
187a143dbd6d4bd81d6d9c32,569783230.0
26db92c003c8e67d92d88aaf,1118508900.0
641ac8f4f60ae2b9cf6add93,989969150.0
784714647351cb6745c867b1,670374500.0
5fcf1e2ab4edf13ec844decf,852611200.0
2575d932e98c421bbb38b267,1142019300.0
af9d2f5f62bf74a7fa9c74f4,677233500.0
4db8d529af9f718e6d81a85d,329184580.0
9a3368605e5f563e29182f3b,491536260.0
5ff696d8369101b6dc60e2ed,466048700.0
95ade3ab8dc04237acd6441a,326036540.0
607ed21e896eb5ffb50d5ead,414049250.0
40d9a852bbed67a6036c6d8b,458678050.0
97badba651a94721af5df3f0,399491170.0
b2f089146c30929c4836f0fb,714019800.0
936307e2f478c3ff7b9652e3,1131738900.0
b6d5cb459999de084965e993,1124631300.0
aeb66f808982c6308d891f55,630654100.0
cf8418c60f4e54dfa09b1e6e,567593300.0
1dcf71e8fbfef2c6534576df,378311460.0
c78b16f05ef58855da0d4f2f,423645100.0
19ecf1fc86396ada203c2a19,743026940.0
985fc7ab5aabf1831ce3d298,751657860.0
8aaeae6bcfcee5ad928ce28d,984133000.0
1a93cae134c79a43b13ce656,1358011500.0
ffad647e8ee35eaea6378fb6,744290750.0
c21a3eaa136ef8a912ce7b74,826640800.0
fabe0f299a4e4bc6f51d54b9,706921700.0
5af99278b1091dca9b0b0332,574552300.0
3f0c845deec1c24472a35efd,1197954200.0
c10f25fd39dd36287a6cde73,1193807400.0
f37d31c512866b575780c4b7,1105931300.0
5d34f871e5a5cb3a655a0b13,1020475100.0
95bb852a958d7b16fd676e3c,937291140.0
24857a7a80d5f13a52eeb054,640281300.0
f9796e9d13fe1becef435e54,1005075700.0
1c2739878e452a340a4e8972,1141498800.0
698f3f1929a2dbbc69865b65,696615360.0
bc230105784ca8640e499ca2,807795140.0
622fdba953206a65224f2c82,485166100.0
6765fc17d98c08142d3d7757,873728060.0
6f35fcba4ffd6a58bce85892,494148580.0
d8654c08e95b39e3b4891cd9,974290300.0
33305df46dc2186c7e3f727e,1169585500.0
0cec193a20d720af010383b1,556968700.0
734efe04fa6b326ae1d072e8,481524600.0
69190139558b2ef3eface18d,873298200.0
bb084299ad23f245d7cc5b69,1091349000.0
d4c7b3372d70b898b167b92a,744290750.0
4a119b1bbf04b4bd6051c5b1,935822700.0
f844345b6224bc76bc3c6f91,496095870.0
052505ca8210e5e651fc0b63,697708350.0
5731cdf8cac0b8371d786c90,1001121000.0
594d8d78af90086bf8cdf09c,815451700.0
fcaddcc78938f3a234dd2d3f,431837600.0
1574958978c9b5d23d9521b5,613775550.0
55902baa0ece72e2e8c869d6,1135200100.0
46161effff173111bb6c3a32,891429950.0
b3fcd9cbfd485e4e1da6c89c,437935840.0
213ddc1761cd6b018349786a,687165250.0
be3b1df5f008636e14bec3fe,1045061570.0
dd27922be5b6f730f8b4e058,443845000.0
cd2aeb1b2649ef421102def7,880789060.0
a226b4af016a772dc7e39ac8,710265400.0
dcef5b332fd31d0ed8d754f3,495910430.0
481492907baba4574d4a6f35,1358011500.0
10e5e54ab66b58b3f41ec381,676418900.0
d48866a153ea0fd23a858cd6,505512030.0
d273a2075d28e343a657d9de,1217884900.0
90a711f776d53cf654614649,1387804900.0
f87c76eb5071c5b309e3ac3a,443513250.0
74df03749e60c216a3e1292f,503496100.0
03a84af05df0f577e09d60c1,596897700.0
78682041182f01ee4db04e8e,1170321900.0
25c76b5a1da0c2d8158b3732,931282200.0
af8f09175265e1546200ff86,431073120.0
c8d4ffb290aa9cea002e8d67,395181280.0
cb89ad8156c3428ac80a4db3,884383100.0
7602cb1e6fef087d8ee81aac,674460700.0
00c75d59ed4777481a50cbd3,985351940.0
fd36cffb856c2a14982a5fa9,611455000.0
06ccfa37fa6b011ac38422de,422258340.0
257b533b6a66b40d0f097c55,728772200.0
736eef4bb36681acbcc3c41b,531702500.0
e1a4437b17f7bec650d8cd97,575409900.0
ecabfcb8ce9bb47ec3089c7e,575409900.0
a5a46af0c9fb5c0a03855660,905970600.0
920b50f4355cd2674ceee068,753587200.0
410e5af026805ec8088f2e71,780724400.0
efa0c01632d13ab59f629ab1,442850560.0
5965d19a68a8414b0419bc68,961407040.0
64955a117f2d9264eb59fa82,803458800.0
8cd46b5c9cbd056d3712f155,696615360.0
65f736c3fee3d14c31a57d1f,881518460.0
66e9c614882d58c022de7a2c,1001121000.0
8c787c1e6161b18601e6d7de,462372500.0
29a115ba5b198689fce5f93b,411772400.0
de8ee990e70c8e5ad167dc89,670024260.0
0b65098a19c2fc1caa6577ed,1358011500.0
70ea0403b722a1dae1ff9b18,744290750.0
5c77e242474e477513b60ad8,626030400.0
1655a92b20740a11a5889519,423653150.0
1709b1446b20b21482dd2d36,882371300.0
e5dba7fa0cfb81488b0c331e,482035520.0
d09dc3a3270073e5f1cb353c,935822700.0
368e740cb71b9175fe5b7b6a,1169585500.0
b8a8ad4c0215077d3e5aa472,1157870300.0
1f4a78e094987ce29f054fb8,455131170.0
aae3a99ac764b8e9bfc562cf,734944900.0
a63ecc5539e8725af4128cb5,677698600.0
a29e18f37ded2e901181d7d2,769675200.0
14ead7469d05e5eacce6a575,655283840.0
1cbf39c44f6b0fdbf9554845,643054600.0
9012294b64280c565a88a1d8,1103354500.0
dc0e9ce44b9932c6e48a9390,700388350.0
a4f272acb4b3b4f5fc72e99d,893464060.0
b0a7295da89516be1c44512e,875239230.0
b638b937d4f62949b9eb9fce,820932500.0
cadd4a6e1075b57f7b74c63e,971091840.0
a88f4eeeeac5ccd1ba9b8a4e,1139267200.0
29616bf14b5f1cd42786a91d,683398340.0
f03f97ca55e9a43928c18237,931559360.0
5fb9bd3aee2e1320dcbea448,516715780.0
34bcfc2f0cefad790922879e,913008300.0
8c9849cf3d20991e5126420b,584182660.0
ca7b9296080c9fc9fb232782,1066940600.0
63a5989d0dad994a6af7734c,478539780.0
7d25023ecf668945c87e0666,484608450.0
fde3d4a4a819b1fa40530238,529697280.0
e3338ac993873aca45755dc8,550178560.0
bfeab1b12dd82efa96efac31,476463260.0
2d564574f0191164ff1d068b,449375940.0
5529d858e9c9e3e92ce8a95a,409788600.0
2755af908b841e9024718b3d,445991140.0
623df36ea9610ed5c58dbd8b,452997200.0
77924a3c7880310a4822e5a7,427849820.0
24fd0b7f75feda5db89a4127,478920540.0
c2b9a3b2747f32d26c8219fe,457749900.0
3c3c7861a9727bedf5e3cb29,930135400.0
822ba8fd3c7392bda84461a4,589834500.0
4625168852b335b223a05bb3,700666300.0
b732ff1637ec53286e890865,604834050.0
706bddaf0b87e4f076247450,587894800.0
917218fe1425d2c222da1ed3,658108350.0
7ac0428c4b7197ca14f3b86a,574488770.0
e828e83be8651bc2e07641e2,516376860.0
4d069f925100b6cad0b657b8,505793630.0
a50640d13126880a423521e8,892605600.0
45e92799de1a5334c3d2d72f,477727230.0
93ca9e75cbeaceee69b4f0e4,716525950.0
8fc4070ce12262679c381515,802213900.0
63182bbbd5f94cea67de2d8b,710201700.0
6e163c3a0e30e7bf1e909661,630572300.0
3cd016f68705e73b819cf74b,721835900.0
3da41d55a2b9f78c2b10c75d,767567040.0
0eb8f10c9d5ded1b09f60baf,907724540.0
330c37fb5065311564fd35a2,1289388800.0
b849cef46f19e13d3fc9d5c5,808316100.0
7bc034984b19479f29886cc9,736974700.0
5cae4522fa829a1614739b64,1229036900.0
bf6bd06201e60a4c98c8623d,776625300.0
549ebb2f616d50ca778e92cb,1100420600.0
448ad6cf4b43298a39c7b5e6,598698100.0
e9a37a1a4150461126dbb6e9,657379460.0
1d4c50978603ef41377af057,569067500.0
bb71a24bc5ea4051d84ecacd,712436300.0
286ab2411118455780314355,708170050.0
045108344bf09b01b597e7ce,812435260.0
d714e15ab5c2d5a2503bffcb,1073689660.0
60823c81f0b98e8a57192a9b,788165060.0
dfa988a524343181a0d3ead5,804322050.0
fe8bcbd17b16ad023a202843,1215311500.0
69fe76202cd89637a15de1d4,556576830.0
e7cf67cbc08fa04be9f0a3d4,593215900.0
670583e7a2ec6e337429fbf9,1088044300.0
796935018bf2b241646a2dae,898514050.0
5f5856dd16c0e5131835e650,741247600.0
ea2e380226005bb55c724ce1,965856830.0
f40defb11ff73ba4e3db7611,1105334500.0
a4b2dd2771f49951c027eef2,772254460.0
a949ede7227c8f8587715029,791500350.0
83f402857435d4fadb27fa36,810316600.0
36ab522893b5f01caea4cd0d,938308900.0
8e4875b7ecd0898571f0b1ae,475410240.0
7ef3f8bfd0368696369ac957,490350800.0
73ec13a5687c542137eb9a41,482546980.0
6334eb4a37d102ee00c6e2a1,426222460.0
fab91f0b03598c943fa425dd,626602600.0
c57c3c7edd591e16c0b7c1f6,510707550.0
03aea1b6ff072f117ec733af,496500060.0
91b57e8d6c41b7afe949bcba,381195680.0
ebbc5fdad817b304af3585c4,393555780.0
0232a50c9afca03cbf4277c8,446594660.0
05b12b1916e51a804419c654,426333020.0
95c9cee9b36fd1d68f647aa5,495058000.0
3d31144a77cb51647f3deb02,555605250.0
ea87e3259c2b0d6263d39a2f,541973300.0
61f634438de4a10a861f42c0,559768600.0
c3ca43d0474dea2f2dfb9791,412844300.0
a13a3638569b89ddf1260470,407687550.0
124959d1429de095473bf5a0,529697280.0
4d85bbc09ae56cd85a8f87c6,540596030.0
2c13f29a8b9ac9b464e3a582,414336030.0
70215712bdd8ae7585520550,504659420.0
3352469ca509e8ca652fad1a,707553000.0
893caa7433c200e0d43e9f27,738240900.0
767cb14f03c909c595c2a731,562875500.0
11433baf7716402e8c58bd33,773401300.0
e07ca567b0678126a1aec803,725211400.0
b2286067a73bc0049328b55b,693027840.0
c85d56080167254c7bc19303,694312600.0
5b9ef8d6defdaf13dccc5ae9,590719400.0
f7972b1936c6d9e95d3f632b,646918700.0
defd03ae7d0c0a44baf80abd,694663550.0
6fffb7958a58a73b0e16f2b2,786024200.0
5d86a1db39e324770ae58efa,535077100.0
c56163e390d9e5a7a76e77be,572507800.0
fd5ba2795eb7b5fe338d6b4e,885140860.0
24d6d85cd0e2dc3deb2db896,917325060.0
feea3a2bd9f643219de51c46,751943230.0
055d7c66464d7e327711b497,749519040.0
046aaa4162cd410e92b216d0,720136200.0
b6bf2760cfa26cb28fc989fa,712152300.0
3a6262eed8967d695182e435,731666400.0
cf3665f24927de548639ee4d,767738400.0
4c243fc50d5511a1288bdc0f,696578100.0
d753227b5c685e93b378baea,728772200.0
149e49c22fa0eb163a36c932,729770940.0
8baa01b8c6d29c82a6108cb8,573960800.0
2d437a09b860d9d46644ea23,582997200.0
66bd80fd26836fd426be5733,666735170.0
a30e69524af9c1bddbc5de34,509473900.0
fcc96840d952d32a7300366c,636590400.0
659bccaa707b94f303610225,720944260.0
df1c66d8dfb9520c6818a32b,734045500.0
dd1dacc0c90022e5b40849bf,464778400.0
1a06bfdfaa9d9ac754ad07bb,551880100.0
a0ecc8ce0592a40959bd755f,707055200.0
739c2b9be0941e4c126d2f3a,802103740.0
d723eb2516802250027312b4,681895740.0
04cc75f46642efb1192f1875,556300860.0
9f37bcaa95fb0044aeef6075,557522400.0
7be8abb5d23794ac47ceda32,538406340.0
c06c737cc0cef7fafa3fc4c5,585360450.0
48e71c45f41778f8dca24cf5,542251460.0
b41f7c1cb9cfbd188f8e0233,1097333200.0
32ce96d8adc8e549b90b4a8b,701756300.0
c6bb4ca5a0c839d38dd8ce19,1142019300.0
1d91edf33a141fa2181abc4b,855067100.0
aba4e24dcc6998e5020731c8,701756300.0
00af33cff3ff7c6927306df4,701035200.0
6d2328def08bae481705e20c,714681900.0
7815163b8e4a54843d121dc1,723679000.0
c9f92088dbdc0d81412968dd,773919200.0
8e1bd01ce4b7910d42f59be4,841977500.0
5fd89a857727753eae6632f3,679847740.0
332e395d4ce62523a2e3208e,497336030.0
4fc89ee51cb0e1b9d6459819,1197026800.0
2571fe181b6ab939eac19d2d,1041332800.0
af98a0e223a825cbab78ae49,839256600.0
ae187fea3c46c3fbee7e6e8f,682500800.0
c681519ec1ee1a28f6a3607b,787655550.0
bebcca3e75e747b5a01f5485,624145500.0
0842a0730545c623043b1d8e,839831400.0
973afa2d67c20297aa108bda,623950300.0
64a9f0bf04f1c890cc6e31eb,682347200.0
9e92b27f554068b7dfb640cd,758560960.0
57b7aff18c444fa3c577b079,612854900.0
6b23f191d2ccbebf9166926c,925437100.0
b80c961aeb98d24d968c71d3,1113438700.0
064c1cd5e94efdf8c7262fec,896870340.0
723078b6cbdf02c88286c596,887131840.0
e239ff5eaaebb287beaf76fa,933414400.0
b3b30d8b869eaad2382c5447,1026444540.0
3f295e6c14e23cff1468bf82,1107708800.0
be78bb0e06d5768ac1908247,476454180.0
4daf52564456895ca7f4429c,587533800.0
c832701653f1e7f01913660f,820187460.0
82433a009defc21498037127,1158689900.0
b53d3d578b1d7d9e00c8a00d,727414100.0
36fab4c38cdd91de650e6abd,805011200.0
bed932e11a599f7cd4bfa31a,1174646900.0
1d9addd835c9fe8665e01500,424887230.0
d8216aa4e029c0d3d646efbc,1003556700.0
c1b0ddd3c104ec4482d5025b,551071200.0
bd0f754b0fd9b7af284419b2,996352960.0
01e907d7672006fa2bba8b0f,464607360.0
7ad046b20064565644ebfaca,493131700.0
1ac2b23683ba89e9175d1b99,747809700.0
ab4c55e78eb83d80c153f50e,502359360.0
2ad54bda875fcf8c6b675bf5,464994750.0
07e76c765d1137cdd7c2ff53,460123840.0
5531b9663c5a37a2bdd97e9a,690694800.0
c740655aea4eab7066446c42,585668740.0
3b6c37e7e6ff1c03ee4fe995,726309100.0
1b5d3ddc71634099fa1f04a8,678268900.0
1ad916edbe6fd38f40289a04,597605100.0
a1368aa4d3ae850bbfd90bca,930555970.0
0f728f676325ece6a001b4d5,756002940.0
0f98c4e431100aa87e6fa6af,856327040.0
91a08474a18644c43224c62b,488927500.0
185dd9366a6dd1e820880917,724616800.0
e364018f4d994cd15d4af374,1130254700.0
77348acef84ef77f6a076268,533413060.0
7f8f506137780f4cf12e73b6,430173730.0
809082a38e6fc3faa66845b9,717513340.0
2072a783a44474cd0dd10d7d,623634940.0
b71905255273cbb0af1290a9,529821570.0
c7d5f021595b58c507f47d3b,1126335900.0
65ba1feafecd7efdcf214ed2,983029900.0
72eb64cd02ad2a54b65083eb,1182178800.0
35d79b2ac92083bc439124ac,522643170.0
2f7d36523df4a5eee3edbe05,625623360.0
b0d20a04106ebb87e2cdea37,986431300.0
43650eb8b70dfa256ca64979,852611200.0
311fa1bf3c405f9bed13b38a,408079650.0
d12dc721a59af021e8ac68e5,408079650.0
36f9a0ea831710344f468bba,408079650.0
1eacbf36422a54f1327fa291,408079650.0
9567966987eb1d3117677cc5,430580060.0
e5bc85e227ed7dabfccbd005,408079650.0
d1f39f86c82916524273bada,646030900.0
deeb837c2c6bcbd01930431d,663531900.0
57aa22792684debb8d4079dc,497503000.0
5b0530f544da162b9a8ff772,561094100.0
b7d66c5f1ad06dfcae5b33ff,462372500.0
bc353a421fc579770e432176,496544580.0
45ae1e929b0fc88718151191,540331140.0
b04449c499843cf46ccb695e,635798000.0
e4d89c9d33a0f2659df21185,463632700.0
b2a7a8ccbbec39b63e4cd028,587533800.0
3be69554b1cb31ed5732a836,522718900.0
de7f584df6103e8bf95f4a37,413420320.0
0f4de499e5bd2c57fcc75013,491321600.0
b4fd0aa09f993bbfb1fa8abf,463924600.0
88a83e58eaf136a82ab1fe37,669474940.0
379429ee3675d1adbf816cc5,485100400.0
c6084b85c8d95e0ededc25d1,673307700.0
8eae4346936f8c6c67be81ba,500061200.0
a13fc9e9b4e47340a5d53bcb,749709200.0
7b8a4d701066372dfbdffbec,664504600.0
a62a6094ffed3ea7a54fee73,495485920.0
bf0ad098fbccd3548d834ff1,463924600.0
0a231779f131c36d8e6910f4,662936060.0
51ba7338f5900d8ef12206fe,607293950.0
81b14dbf863114fdddb38579,545179100.0
adaa406ec9ac311e9f9c0bbe,589340800.0
4cb11f32806c0e07b4251984,502450400.0
3fee486268a1451a7b9fff7c,675435200.0
5666f3c36f0ce4eab2c39299,715152400.0
8a8dff62516671aee2250cb0,593879230.0
ee4fc6a146e888e993a4412a,677698600.0
5a16b30f4d580352710e92f1,689148540.0
424bb491c71e913e900db76f,836018100.0
100bdfc998bbde3d00548bdb,1150102900.0
d793efed9a723e77ca8272f8,524559650.0
725c029b7c5807a4b0ba2bc9,913008300.0
b6d3345346f43dba053ceccc,1355716000.0
888bc3c4ceaa108e048ad28d,790399100.0
267e000c89d3416e551462c2,1018188700.0
0ab4a4b8adda35f634812221,1097333200.0
823ed628bddea9b56792d108,1075001100.0
a189bd7e4eecdd18ebc7d353,1005160060.0
da16828139a19aa11bd94ffe,893464060.0
874102a58234cc7888902d42,741850200.0
789e5d19fa507823cc4c5296,823306500.0
174bcb77be3b7e408e61d7e1,806218940.0
31a1492e589f317a58a79df7,691885400.0
0825f2ca4baf5b34231ecfd2,974059900.0
ebc96ea800887a647422b8fe,1083680500.0
969b956eb7769b6f509d3ee6,1221619000.0
6ef9135481d8fc882a1a735f,741383360.0
5f501c4532ade3f412359a1c,1142642400.0
c6d075772255b1efa52317ac,581658800.0
535bdffc5b79d62aa6179c48,1160348700.0
e95653d504208e8da19fdd03,893464060.0
e4e529e778dbc89f854252f1,858015940.0
ec5866fcdb9afffad2d7f5c6,894159600.0
814694a725a50c306d774342,875618240.0
1cd6531d8539468cd5f4b315,740977600.0
0c3e734afaa6b7c370754082,689148540.0
f80eace37237614562f942aa,758409100.0
3aee70815bcf6effcf0e5fdf,913008300.0
ea21ddfa37d60737492509cf,843169900.0
67c78ce1b8a64f36ddf90cf6,556968700.0
fd2efcb61008dc9d11756381,833049540.0
f51658b9fea670bd943d6db7,1040483000.0
b83b0a53ead29faf9dffc0fe,957931100.0
c1329245f57c5d9019105382,892457500.0
98665b825fb3a06b914d39cf,1296807700.0
24e90a7d9a2bd0c30a4f661e,1252947700.0
6e64677f8d730e1f9ca240d2,1069218200.0
a742819d8e4cf8fdfda6e094,1237101600.0
ed75d1c40109eeb51fd636f1,1084898600.0
cfc2ab56604b4e3734d7cbbe,882371300.0
ed5622c308bfd10602e939ca,1005520600.0
5f537d233678443192d22642,1158802700.0
aaa79ce67339dc53b4f41dd2,1156277000.0
5f467c6c80023b0174823d85,1008655400.0
46fcc0d53b263beae95b8eb9,1062454660.0
2bd47c19e5d29a3157fb8465,1115988000.0
9c9c2f05352c92c02d080e96,1223601200.0
cf8fb8db6f74c236cad0cfcd,1158897800.0
f42a53a05dc90e617e0e4c38,458204130.0
bd612d494e2f21051556ebe7,971708800.0
ed1c8ac25a3db5120c92525f,614717500.0
2c30c2736472590fe45277c3,545789760.0
bbe2c06e6f90c4234a7781ab,908576800.0
b527813993b7bf4a10c05683,856813900.0
2f610d2242d583654337d468,1218266000.0
dc25c9240c67effcf655b02d,668762800.0
c35f5ef73168d03cba1b1f4f,449860480.0
e88009be52bf5803ba3665d3,571038800.0
12a63d4fcb56c1d690e1bbb1,565729900.0
1d58ad85a82f7731e0f198dc,1115902800.0
a2fdc7da13d098cfeba13b76,425578270.0
1969ba34b72e61337246cb5b,446397920.0
8be43cd8653accbb8fe8a270,594754370.0
10092cf2f8afb3658ae475ac,609948860.0
0fd313e5a0f02df07eb6b104,417018200.0
9b5f013e795f5fa610d03238,627816900.0
b1ec4b8badc955f9f4fe2131,1019819300.0
e491adef93281c097ab08dea,401201630.0
9a65fe451b30c59beb3d62ef,537670500.0
0d3245463127143a8a52014b,1290976000.0
a0e3198470f97f6a169044b3,988518200.0
33e4901b6e72593513a02207,458624670.0
f45234a3f0aceb12341be024,1036159740.0
a71d53ec4fd0d64f8c06da2c,936356600.0
f1b30c4ea99f19a81d12f73b,1193807400.0
a52e2c893f85b49e2499cbab,1061927940.0
b2fd7ee866066f3ae0dfb3c0,1098330000.0
5acc9d767e3117bed0fd8464,743741500.0
0449a82dd1667c8c564904f8,909134900.0
a0a8d63b5f43b87c0c7e1fb1,1034676600.0
03de77e22e987fc3fed4eb78,559417400.0
3fed1dd17fcfbd2b86e73143,476454180.0
04fe204d03bd1c9876242ccd,979933500.0
32bdf33933c29b1cbf89539c,691885400.0
3f6c05c97778fbdc86304bf4,886725800.0
478e13e8c1cb5bc80f1080e0,696615360.0
3128a4896665d38feb72b456,744290750.0
fba6203abad5f4b3b721f29e,592834700.0
b25f461b3d48d833a73316a9,1156277000.0
1282e129e1a355b161621dd8,800288260.0
293320b55fad21ea3f4a5899,369937860.0
de2f5db1cd1024a9734871c3,397753100.0
200897b1f8bcd7c116a85306,457866900.0
7023f5a68e1ce9cfd23fd021,396729470.0
13faa4142e9d60412abb4184,474279040.0
d74d0241fe5222f5c5b67222,565779600.0
0e51111c47813a0b0dd51b64,816061630.0
25e3793214088669aaaa4ca5,929286000.0
43d7b77a99e86e8bd21a19ff,1214134500.0
38b87cf007043b76670207d8,1045087500.0
8fedbf13ebb7cd3475fa3074,669499200.0
4be510fa977b93e34a789f26,485100400.0
8f165174bc07c28f9fddeee3,901915460.0
7ff6f389e364e67c4238df8a,342300400.0
2c91099736f3158f7f09778f,450956670.0
7bb1bc81e6eb3b4390440165,777928450.0
74e43ea3081841278c76cda6,342109200.0
9b948f070b94c18e00a857a7,528114460.0
99340b6cf8f818392d501e9e,1300739100.0
b27088c3ccd93e7d8d5571c2,679409600.0
4b45cba0d601f29c2b7db97a,844473600.0
362212de783981c9ddb767bb,559974660.0
5aa78a2bc8ec5e2be315fbcc,1135148200.0
92fecc04105a999a622ba3cd,487739940.0
5098115b26f2473c812b70ed,828683500.0
e9860f6b4c3e6699e62f6c31,454042140.0
71273ae563da6bbc66aa87af,429821900.0
6c6e7af42a6ddf62b04c35fe,451004830.0
484922bbe02cb218ced0e779,472077800.0
76745c2648b66151008f6399,448481150.0
2100201e0851e80488371b67,389744540.0
5885faa4aac834118c5e4351,481524600.0
f340405bd7f2c4bf524c50d9,512295840.0
1951c1c8855fed5db8031e5c,503154300.0
7dd96ddad0fa88f5c5978e39,504330340.0
db7535339826028d0fb3355a,573102140.0
4317746d5b88142780e6897c,650364200.0
5796e37eb1a995db5cc06eea,496335330.0
817915cc3582112fb5541a49,770431600.0
ba524c4e2f13109ce814ea38,681573250.0
c2439ab65fe194d1d60eaa07,774127400.0
92e4dcc5911b42e7f70311d7,671649300.0
6bf86a580c8b510b7447071a,601294700.0
975482a692bb98df98b2f243,503838080.0
336888717766096b24215b26,769692860.0
ad79f4fa23a28cc84487517a,921189400.0
d925c1d4dcb68990c7204b33,610675200.0
f4658aee77fa0e35a71da7f1,593929100.0
210d58091ea74bb902915250,611275400.0
186d4731b3af01bbe4d08b23,755047550.0
b760fde2d4df27a168ce0e80,1251595800.0
2e653d2567a47067df169d97,1079779000.0
8b63358f3cdf8df0eb1f43e2,882140800.0
c09d691e4c7d7b8c8f6a8370,832144300.0
4502e2809bb5bd47b2781212,960300100.0
d03101c7f823dd7d17e49a83,894953000.0
f5dbd7dcf63b08f711561e58,1066011000.0
9855712ed7be7e865656de13,786601660.0
5a6397b85f45fba27dd9311f,648451800.0
4d1b0315b5aaf21bac150d96,730575940.0
32c7a2d032ee21f8bbc6eccf,481030750.0
beae197df95b84881128790d,722954700.0
0cf7a6d43221664a060ef681,710549950.0
c431fd6dbad57351a497fae8,586280060.0
b1f8fdc8e3e25517ab80c065,449422200.0
7b346d5a5f5ec7165d1f8644,449422200.0
947ba86487536d611f548142,1302303000.0
8398ba3b03595704b5897704,623537400.0
3f895518a7fccca44e534578,401201630.0
232e859fc353dbff75c97cf8,1036159740.0
b234ef225690d57e7c2af4c0,988518200.0
393e2e7ea1f20eb6b4148d60,660362900.0
668db5244c4d5b5c76b0b395,765444200.0
646de9441934226c2ffeff77,743741500.0
de53880a3299626eb6c2cdf9,1193807400.0
07f10df13b244dc33b464582,574552300.0
e4aa393309860fd5e30f49d9,1233242600.0
8c714badfcdef8ccc73df9cb,1465604500.0
0f8ded86be8d3543a5069b6f,490667940.0
3e9d73530ff24d3f4a543091,477362000.0
076ceb408227ab2563a663d0,385946660.0
e0ae474a5307ef4057da4994,329683500.0
d41fc79d800458b1691bbb87,790399100.0
dc8262e1493ed593103acfa6,561248200.0
bd6c24498bf413b6c5adf81a,555768450.0
885c77c839d705ca7d04d383,678116300.0
b8896656cf6f5dd7c33ae46c,566879200.0
34a9e3ca94ac06347d879942,1097929900.0
ca3b5cd3505049f1471c47e8,672758300.0
8c05c66be6008af7f6dcc10b,855837200.0
565fb93190cd34ac8b01f01b,855837200.0
6c8119e00b901efd2dd40f0b,906337000.0
34c92caf68dd0cec9fc383ef,1016095360.0
68939c438c34e79a317a4f3b,984146100.0
dfaba547699e319462abfd6d,592519300.0
dd1d2e305d37d9dde55393b0,989529300.0
c32df77def9978a84f8ba7f1,1065005000.0
62103a85a8ddcfbf5e40e284,1290976000.0
93bcdd2a8ee1d5b61d00d58a,766009500.0
9700892d7133ff2c0d1763e7,1169759500.0
fca6d7455056792cd61e2ddf,496479230.0
4e84c5953b493be7ca96103a,811414700.0
42fc4101da60fdb41f41f0a4,895853060.0
12d40725335f83e2fb9b937a,903547800.0
2b9681901b216f2174af0089,827827260.0
9ab74e81283becc00a779172,494817280.0
8f378dc1215f9213f187c02c,622698400.0
4a3a6698b5490216e8f8e6f5,1226262300.0
0dd795526c080e8efdf8eb0e,636112200.0
3e7217f628a1d0fc9bc47071,740977600.0
157195fb2358bf2d5051c439,665318800.0
37063e689732880621e4e733,933825700.0
3bc68bc2d6a2b81f9e3b9a50,485583650.0
ce21f368495d385fbd98de73,502875140.0
1a6af7fd6a5b0602052c4c27,535214880.0
e38259adbfd953bf085a69b6,528178940.0
0cb6801c9b57e874102ca349,634267000.0
79f1a5bc0be914956d632658,863240800.0
f571f85be35a72b2ac358d27,390604830.0
163bec92a997aa8263f5a909,977920800.0
9ce3000cd80aeec2c5188e8e,462566560.0
6a6178c4cae2e92a08b0dd0d,571038800.0
d52cd6eee468311666218625,792907140.0
8eccd2a6352c33d8c7abcea7,763774400.0
53d3e32b1dc782308e352a33,968770050.0
be26f0523e5cb13846539384,626268100.0
ad7739088e8febc68abb42e5,655222600.0
add4f9dd26fa34829aa25eaf,1159165200.0
17005d6ec889a947397ab980,404494850.0
3fb3a581a9a74146dcf9b71f,428959500.0
51c4a8b438bb0d97f712af31,773911900.0
0aa1332c56bf357f492da2c0,412181820.0
6cc06c89c226a062fc46795a,551113300.0
682b38de3539b2a584446922,409565120.0
1cfe9cba4c2015e7b58f05a0,577591500.0
17d34f9cb105ca5010191142,977907700.0
1fc0faf46f3b533f2cae2c06,947218800.0
12f9e1f78c630defe302f781,884772860.0
87bd6ee6f17d2bd5b61b0ddf,1219140000.0
fd4ce3ddaf79d1b97043ce0b,1170321900.0
97aacb0847561f45a5540f21,725630600.0
a6dac56445613d70e49647e5,1107383600.0
8b1acd29eb268fd684036180,532629220.0
656c13ca7a1974df58e1b826,1158897800.0
56f72c2d672b7bc3c264f7fd,607411000.0
3771c66b9ecd6db0b201d4c4,388415420.0
45e2395bee937c187e3486e2,827192770.0
7c6880b05c212c66b8961b71,532410850.0
e0ae8d2a51c771aef5f245e9,624055000.0
3573093e56e95a982a41879c,969246900.0
0920b2df9df4f0e509a7efb5,483320740.0
43600371d44fbbc81f6b6fa3,393317900.0
2684f67bcc89c8a5b95e5592,719812100.0
ca463fbe3e5cacc152aa70a6,388415420.0
0935e87627068206f6d9c0c4,765302660.0
10afe23f1f58f96422c97934,482720060.0
f3c8cf1fbbd6cced1fba0930,544740400.0
abfda926d174a8da1d946e27,426311870.0
fc9fb2f209a4b5e66f89712b,660362900.0
15d10635d71919d0c9663fde,568681300.0
79733fdf8881b0d25412abcd,894308030.0
7254c91fc9b51e76c6fd2a99,951599200.0
b732021729ecf88d6297b48c,827017660.0
edf4e11d1f1aa6f8080c3156,1133488600.0
0706ce398b2bd64913e68d39,729350700.0
ea4a797b3d73d1b2cba9d651,907651800.0
6c598362e322971968739673,411744930.0
130a119701171ed3c439c527,526321500.0
849c918d78991c57f32f2031,688121400.0
036fc9e01b2b1e3ef4574372,928908540.0
e4ee1a81aa121aa5f55e20f3,1054013700.0
de926223fe4296d96466c685,858664260.0
340ae520163a220061bd7f28,483042400.0
11e36a3effeb0119b8bded5b,691885400.0
2492a7a74edb57f784f6361c,599868540.0
1900e7808046a5fe89d8e440,786262660.0
fba35c04cfb7b6db50cbb57b,848990800.0
daff79365fd94d1d3a2bbbd3,596608600.0
51230c899cea0054bb74cc44,428104500.0
5e04875f99a5e4476c0b4186,601331460.0
542db19bc6b9a1366715dd7e,721742300.0
a117f625c794b7d52ec67cd4,795251700.0
4c59acda820b7b75823fa277,649139840.0
f040a167241599987e7b0967,588255940.0
4a016eba4744dd01954f137f,409090430.0
0d995f0ad226dd21bc96ff6b,563465300.0
3d44c742b1aa4c022a968ea2,437550940.0
e47aa2541fb576b9915fd625,600880830.0
61fe9ea90c8a777971db8384,966194000.0
4a611bd82c9216a3771ca7b6,820057600.0
0cc5caa9b48a835c92da7653,822479360.0
9a7f24ba55c92696d377bcb8,894449600.0
32366fe92222b329e3d03b29,811583400.0
aa26461420614755c2a52db2,556150200.0
53a447ad5e011909080c0ecb,1218266000.0
9d790c8c474c9de2afeb00a2,477038850.0
dbf200ef5f1e15211e2fc6d3,797358340.0
b96c9e2591a4cdf9c4e0c09d,772254460.0
78eb6f51d94a61a967da24f4,921326460.0
fb338e93dda9159476b8382c,444905300.0
72536bfda19f78d370d95f26,963393200.0
7c581e2b9daf20131803eed3,919644540.0
50cb0ad562ab5ef4e06f84ed,801976770.0
a24901956dac4ee0e4b0c91f,971964600.0
c1b386f478152f9be1f546ea,522126050.0
1f34129d15f992a3b62d4b21,442035360.0
299117d35bcdd48afa4c2eb0,628498600.0
4ff6c53c0bcfd1d24bac7ad5,556150200.0
2e52008bd11000eb776bd80a,1421968300.0
56b78bb57b2d1f064c47891f,510716320.0
ef64a8989a6444cc529dd1cb,800757000.0
078f7c6532204fe046b13d14,881587400.0
28c0649dd8b294574a876e95,898572300.0
6b9b9d28723c7ad176a9306e,957598600.0
a640228932682c0c04538ac3,992419300.0
b19efe9cbc26d61daff5ae90,496366560.0
dc69d70e4d2713fcdfd93dd9,831550900.0
358e85ba765ddde3ac31be33,416956960.0
5e6b2661bb7ba0ce4776d483,329683500.0
0b6dcb5c1952dcea931e2c20,687727800.0
cde84d2435eb1d0d4ffe2a43,663350900.0
bac550d41b2cbdc6a110ec7c,408303100.0
78fbb49efe7dc0d8e144ad83,1049013760.0
606affed5c707249158c4b49,564856600.0
d44778d36fc789f8b8c745b4,624036000.0
27ee3504d1df34ee8ae5dbb2,873753000.0
60bae7a45a084f117eda823d,790753500.0
98aee6a36f208227a992f9b6,1196287400.0
388a6dbda422f886e503e685,1234035600.0
2869a2d2689af65497775b1a,1039245400.0
19993833220392781bc15279,1367577000.0
f0efda3f7fb18af1b44d6aa5,1290976000.0
cb915d1ef92dff803c5cceae,1105931300.0
4bf02d040efe5358d4a5940a,1101241600.0
1382140d8fb634851d4d210e,1237089800.0
b8ea07763f2e1a3d635eb23c,478245060.0
8ec00d454698c119085cbee7,452021900.0
30d5185ca2ac2fcda2bcb79c,457550880.0
d0ea7bcd8cef8588ca50c778,503011330.0
fe6c19c6f54606a611d412c8,436376640.0
f22ae3d17c92427f5227cbf7,425561200.0
92b3b7d8dac6b2f6d5fcfd9a,511128540.0
8c44d216517f5c59e2611aac,427212960.0
b85fa4bc59149a7a25447537,407490100.0
99f10097f39b32a478877340,679948900.0
44f8d5ab70828e06198579f3,855837200.0
1f674965c913f9fe282d07cd,393538500.0
60e768892afb284b0e5042bb,975290560.0
8a6d013451e46411d35c2b6a,613004540.0
6f953b9964d60f6a74c81226,617049300.0
05076b448cfbf9dede72904a,943549400.0
47051c25acf866250b5d3ec4,627496060.0
0952c73b02dd5432aebdf2c1,497638720.0
cc3ef2f4fd5568aea96c257e,837462460.0
834fe4a1e9e4efeefb5aba08,549943550.0
104cd052884247b14d697673,564239600.0
8bf61f106e60d6be03799de7,916952450.0
c13e387f56342f88c993f0a2,809008600.0
ae664789baac0c47d13c3c19,642179460.0
ecd1e3003c5d74a3c7cbdb11,694544300.0
561cf254aba002fdef8258ff,583995500.0
98799228c26c9e4899bed65e,634155700.0
03025756be203027ab75aaae,728788900.0
8997555e7bea06f7b90ce821,843327550.0
e91a3f962129068a3a76d209,935539000.0
4bd0a354d75759510ab6bb46,704044860.0
f6c1705a83c039f7a7d46255,794705860.0
0c4afcff5f5a90cb79807682,806943550.0
d3222a7545e302bf10894658,481853500.0
03463535ae93b8b123eaba8b,652576060.0
360e5cc9ee1282e5a6ea17dc,720233660.0
07f24808e42c9e11a7c20232,612893500.0
b80d0456fba49a40fd774e5d,802395970.0
f865411c20924c43a080794a,1097450500.0
c578eb2dffe903475aecbffa,505793630.0
d639498fabe1db1236656593,593215900.0
e6e3bcae6ba114caf108049f,474113500.0
7dd9760286606c45e6a15926,696402750.0
2c5f07a9402cc93f4c683759,702503550.0
e3295e732bcf306a2d338387,567857500.0
240ccc45a242f80f817b04d9,855458560.0
a7ff59863f8719590146e71c,706522750.0
e6477c2014ad081d22f12b9d,514567800.0
807687fdb46614d9aa139b20,573570200.0
317d8f9d18599b346639a4d1,522897400.0
b85acd44e18ab485d3ac543e,461789060.0
e61476e47d7e7be706d23fee,599080770.0
270a97e07eec2be02cd89a86,658404700.0
4c9dc4494a3428435457f575,427588770.0
26e58d0b13e7f7f5a54585d2,1031055700.0
166e1e60acca831bfad07736,719770900.0
aa25d9f8737f142b8cfa970b,804470900.0
44cdcca08e1e66a1496fac6a,573250800.0
d75b7730e8c291ed41d7caf1,706769400.0
6d1534800bf0ce97197efb6f,647897900.0
8b13054b3318289aac1f13db,398126530.0
c6cb6ccd3f5876c9b9e29685,500199500.0
0356797c1683d002bcd94899,1183523500.0
558cb38bcb8de04588bdfa30,605821250.0
0685f2225b939147c8482e6f,442035360.0
cf1ba56710023ede80a8381e,967346500.0
2d4bd56e71f90e6fb387a2b4,1508584400.0
b96b8e1d636f0c10c63e5c6e,732553150.0
534be635a841fe21c7a702f2,797379650.0
dd5b4eb5d20b8b9c813ba52b,437186400.0
46941e09b153ec19f86c0c2a,1385488100.0
9f06ad3793ede2ba7f39de43,1004703900.0
b3df8c66475021fc04f107a6,511781150.0
468df200fa490e667bfaa31d,843129700.0
8130ab67c5e0d96a9a67fb12,742356860.0
f7ea437311c0d217b0d572b2,377762720.0
ca0b59b35225b44447967ef8,403899680.0
90961073d9887bc1023315a0,330539170.0
a1421c30fb33a249bcd54394,373415780.0
c87d9677bed80b0fe06308b7,440691780.0
d331a4d58875a393080fdc48,410653950.0
2f3281ef06475d2114fbf9a7,385458900.0
487ede1f7f155194b69c531a,347603330.0
04308f869d7c992ed3ea646a,667060800.0
912471caea3c71e3f9f70877,1025419140.0
1baabd705f72393167dba5c8,493376320.0
aa4c66791884ea2a8357924a,452522240.0
1ce08c19161bd0545eef8a16,561938000.0
01eb0a2c1033c30830161321,518930140.0
b2759de47d28e8cc05c94e36,489500400.0
bcdea05b890394a10d24601c,475897400.0
db9f66f68aa772fe29e37edc,449601400.0
bd094081331ab259b1076261,504868350.0
81e7c8c1894e0c3a9315ff27,482085200.0
7cc9cdd32c209a62908a18ad,622666300.0
1e18024ab7d931bc7ab5873f,820550460.0
baa146a6537e8630180fdd35,673368060.0
8b788f742021f2438ffbf528,361153950.0
66d41314804d77ea0f440695,753475100.0
72dec1e6e65f6117e10a2473,420631360.0
4066da904062a0041a809b02,522679040.0
b7570bfc5ddc7caaf610908d,526579550.0
f6c6eb3fac9658c4951c4222,554686140.0
5fe25ab9cf4ea071cd6287dd,448159600.0
0ef36d33e6c378c946b8a65e,612992830.0
991a94dd1e99de493672da14,524242560.0
798d87a368f073efafead25b,612992830.0
9e8cbeb53820394a460f0879,509970700.0
7b5582907bf47bb9e873a513,553845700.0
0f21ea53a480e4363b8d7aa9,817080260.0
ee667413d1cc49427ad448f9,740572100.0
12bb70a95996dc6e286086ed,691800960.0
9e9e3655ffa5921889cd8ae1,896018800.0
f2bfe55b6188070fc5c3f59e,986446400.0
1f00fb18ad48b32c666fd319,533538240.0
86f15ce6ea8e97837e6b9383,513173100.0
7002d00c9acf8b8a4a5865b6,1206965400.0
3e85deb0237521f1a7a8fa84,1265081900.0
1bf77cd1c4037f4d2ed28036,719743400.0
ce8e1e2e4a79fa55a8547457,1099411500.0
73a8efbc036911954c07b91c,883225000.0
9a2051367d6dcbd90a4d60e0,999259100.0
3804d5b313b742228ef0f1d8,958073600.0
fd7b741b96080ca5b964cac4,1150710700.0
c4cf9ab3776289a412684892,961632640.0
1c51566c7dedd4a46503131d,1059981250.0
62259b400be228a30a655a59,862503550.0
e5092b4a94f1c231a0c47680,1115988000.0
6f435cb10e5728ef45be9f29,1385038800.0
04a071d777e60627223e28d4,388194720.0
1117078fa37ed101e9120923,814220800.0
d56fda10944b088d9cbe1162,332131100.0
e01c49250329331a442615d6,585767040.0
30ab0bbf876dfa515b266c9f,417263260.0
6aaefcb58913bb3f49954b2d,716945600.0
629a6122db92e378f0eab96e,1130798100.0
a8549fa4bb56a2bcc0e15b11,398263230.0
34291b30d129222905ffdaba,522718900.0
cd5658fc146ae4b5d78fb565,483895400.0
ce14bec246191176c16c4e27,681660350.0
46529f0455fd35b2f4a489d0,485791170.0
52b3823c59546a6ff3de4d09,390648030.0
959b7ea50d93bf1c36e35005,1126241300.0
5c6edbdf110bca5a66a51585,398263230.0
d4f6cc3cc6e923cd37d0fbb7,460907330.0
2865962bdff8929888a51341,593879230.0
105bcd15e02d39f70ec2ecb7,463189000.0
b2357bf117ecb5b9082871ca,390648030.0
273cb73a7bdec0d291e845f1,328897150.0
1f4cd62152d4940990ac6a9d,377918400.0
a13ff325f90eb49363f59052,1055355460.0
40871d7ade3e592560d0b3e3,485100400.0
ad2081cd75928b8f5e506944,1169909000.0
1508ebe40f90f90a68f6dd69,332131100.0
d3cda82d1fa53a7ca1b46a33,990617000.0
dc20d46be2470d85ad9e7e45,662577000.0
0a7fb26822c2ca556f62a257,483895400.0
40a1cefb3cbb7e2972e30d97,434976420.0
4c3a2b3e3d5999f747ae0d53,1063636800.0
a8870552db951bc4e76e7f9a,432270240.0
cc48e66185c23195cf958612,645876860.0
09d4b5b5c2f97ff88215708d,769066240.0
a59320023948e2d915c07306,578781440.0
a74214a0d4d40b898ee2be88,492747170.0
dd9f28d722d43112651786e6,570962560.0
275360e29bf3309e09ec41d9,431314900.0
1e21ee2ab4ef88194cc85166,490350800.0
268c1e17bc17dd646d1885cb,447373060.0
33e22ea4154e8f71062dba8b,680156500.0
5b5db88fa09ecd8f4b9cef6a,688050560.0
c41dfc0b917edb6e6ef7b1c8,651476700.0
3ba6b07e752fa580f630eb8f,1005885000.0
fa6db64bd7cd8b0f1c0e2453,984983700.0
2422ffac7337b402339dc550,937135600.0
dd6d47e2626e2bf24f842f21,730379460.0
bb433dc1bd769d684d8b3352,803487940.0
812ad0d57e4291da184bfae5,482085200.0
51a0a1a680770b625579e25b,1233242600.0
a91fd5b9b1a791a6af59b70d,898390660.0
094da6ca19427f1a943105f6,1058155140.0
7af0a604d1901925aa179436,877288260.0
890df90091e14d1c3a1b30e8,428667500.0
aac17b54a68bd216e2bd1d45,359491500.0
fce26c7fbf0bc93937ea5198,654057660.0
b4245f075bc41aa29b55d324,744946900.0
bb70d80b0c6ad3022160c8af,402511550.0
ac85c8f7605ceff58dcb55cb,467888830.0
520415ebcdd1a4059d18e2fc,698400700.0
81547b223494084af3e15bf3,590111300.0
a0f1496a0b4a7cd8b850f010,843313100.0
436fd4dce2ff0f71232f4b6c,410838080.0
3923f0e655615aa6b52721b8,719412700.0
afe03b938be9cf14e98d4a0b,438757730.0
0f1c472b94feffc41f1caa44,423761440.0
5b76ae185e6b41243777cb4a,416854400.0
d70b133f81d6f1c9d93e2ed5,434436640.0
865459f5342a0102d255fa07,395539460.0
fea5eb95dfad452d6786b042,426372860.0
415622d0f7adb1a9f7009a63,404513380.0
543edc342ad39b149501aaeb,491971460.0
89e1d01cb5bfdf567faca443,698343400.0
e86b99e5dac8ed0d8296e950,487794800.0
2c85b19f02bb3768c10d14fc,520274020.0
c17a3139c360750a6de5950a,556204350.0
cf76e6077d47a14abaf0cfb3,456121000.0
82ad4b3d5a215f17e745d77e,815425300.0
dbb4260c89524c78de7433be,481661470.0
5b312ebdf71ab7971f9fd2d6,634628860.0
b3413352f0280412f53562e0,436364160.0
28fc5f188c5e11717cdb4a98,439018050.0
c4d7a906b747428aabd368cf,670499840.0
a4dec2ce375ab5e4bffa5966,617324740.0
546d570784c7ab8746bba80e,561837250.0
cca9a08bc4a91f317b851f11,1121790600.0
bf43226ba66a3e2033d32fe0,662961340.0
c2717194de73e1a1d8dce40f,395063700.0
acfc06021a7a81313d85f62b,429472770.0
2d531a26f8b1a8afa511e3dd,675903000.0
4a8acae29064919c68fc8600,661453250.0
691b030abfe1190802349715,391972830.0
a302ef23e1d0d6a273274cd0,401736900.0
a742f415d6c57e8493762c57,898169660.0
4672d1c9c3b04fcc87a0ae9b,1070175100.0
371a0ee537001f7a9d58465a,774787700.0
ca5eecb01282d4a84017bd50,860154240.0
40eefaf8c26b8b4736308bf7,1246616400.0
a7ff08f7e09b19c1546453fa,677436300.0
07a6da2c9c4833ee4cbe8625,695122200.0
b2d32589626abfc81e44cf70,769468200.0
aeb68eb7eecc4aecd5529717,775067000.0
3c0b438c7a4fcbfaff9f678e,796833800.0
c37b357d57918c3a651a5760,722450200.0
b65c0544e9deed76615a3138,911666700.0
3a8b7b9048c82797fb01a8a1,695087700.0
7549cbd5c8003204c85ce1a5,696934300.0
21b4c1ad11bb1feac4d02308,1216877200.0
b972611aaf1b68340de16545,587750140.0
eb3356f3856526dc140be7f4,769076500.0
93ba409ab36d3e10eaae18c1,1271038800.0
5717732a654405ba208c0f5f,943480960.0
aebb556fa6c9275a9b5c543c,1361829600.0
fc72e535900c592d6053b806,1019257340.0
04d77c8ade9a55fddd28b00c,904139100.0
028adaf559a05c8882893767,730833800.0
95781f187bd3fffa3d1b19f5,656491100.0
cc2c78d41e3fe29de0b4ec4c,943367600.0
f78886545677e19e472fd0c4,599608900.0
3dcdbb92628e6a200adf48e8,1229426200.0
4993d1487d78cd9ae2c23619,1277111700.0
a8a2c61f2b994411af5d9bde,1237694000.0
57fd11f829e31e198326ac98,1061583700.0
59b9a5730cc8a41bb7a1d16a,1031142200.0
85b8a65f1b00f78e67622bfb,795480770.0
971c610e55f133a1d1e6c2b2,899838100.0
0f9867abe3ea0b9c5363982c,1083936800.0
086521dbe18727963538aa7b,815307100.0
bda3c74ea6f73407a3c0a17e,826407400.0
257c765ac81bcf773473039b,496698980.0
80d2415c0460088d69574285,1035006200.0
1554f8aa4c8fbe17e9e82d0e,891309250.0
00f6a62599f25ac506113149,746970100.0
ae26e4726c16cb2f6a6d3f2e,919870850.0
8018df1613094a9e4606c875,794595200.0
eae4a1cce7c039c644f01c6a,905208900.0
b07cd6c30350efc5de211a8e,1241749200.0
5a2624a08494481388f6daff,1000231550.0
b8eb177e22c63e84738e7788,878453600.0
ca02c904cf5eb96ad20705ca,644364600.0
8e6dfdcc28f830f2696de9cf,902072000.0
99fdac6a2ddb1136f7117f0a,411885540.0
22e9f1b4b5e887cb5f0dbfd1,456892450.0
d89f812c7edfeb3121bf639a,694037100.0
19957244dabc3f727733527d,535509980.0
ad1322132f3b533b4aced580,447412300.0
40c2ea5f89f5b77cc09d1455,523105920.0
140c4de69883df9f3fb3a538,460840540.0
5529091bcc05ba5cb2156b15,664138400.0
55c5e58ec636586755df3dee,508061950.0
6049fb02c166ec9b4471a7c6,648576700.0
758b4df32244a51b2271a891,471121630.0
2ed1ae5e6fa77e447af230fb,678877250.0
527a1c27e038e45d2d1fcd9f,633550000.0
1d0c3ba50087cf01637de6c0,524787800.0
d0804da971548399183ecb85,855837200.0
46a7d0f520dd1e78c0cbce0f,855837200.0
57e5120d0b71ec6a67746a59,743334500.0
b5292c1e1683d40be46bc2de,664023100.0
01e9c7531cf3c63c04b9189f,596308300.0
06e91b526821a6ad1372fc44,407304400.0
34bca71dc9c74a2072f11e9f,850725200.0
22385ae2b3e7640e8c40411b,593838460.0
6e4adafdd872a2837921276f,578220900.0
8cd3031963c612efd0049f8d,696604700.0
43b2fb09efd1593a94b61b4c,707665100.0
74448f56811e9562536eff6d,875092300.0
44f0e088fee626993778e7fb,615531700.0
6e6f7fa167c0f617f50c86cb,738491600.0
83da5fb4c15e3daf727a3cc6,743547200.0
b45c8a6224ae2656b4189526,591284160.0
0d926a0b5ef567c627a7eb0a,1046104600.0
c73a1177d787a5ed72b8a9a7,437018000.0
75c1083db5c940e626c02f53,368454140.0
b925c9218f5132c6c81f3a18,390966340.0
9a091c59b3cb4c730372b34b,395221220.0
bcc704b2e178dd20497e073e,416956960.0
6f65de020f663622146b89aa,466464900.0
9f3680d00c86707fba024dac,757150140.0
18d5cc463455fdb4d443a6f2,421729540.0
f1d76d78f9266d9552bb86f2,645514800.0
74dbd25d407e51337f883659,886203400.0
88ff73eb829a6ec5bfcc0222,1217172000.0
ed5559fbfaba86299e87ed89,725064770.0
5d97aad3e83e26b551c3399a,692882400.0
2258ec00dec6a2b85f439135,692882400.0
6c94fd185169e708a08d3535,466169630.0
ddaa88a11432ca21d3eca774,410480900.0
2749b5cfd2728ebdf124a0a3,479626270.0
a7546a6c6194506dffd65360,970329000.0
6de7bfc5e8149ebc40ec0e4b,433095520.0
6f83f14861e13af92a2b8cf9,457200160.0
d71d0c8357f09fe2f77bedde,617652160.0
90b28f5125a0b8a0e3b10580,881412540.0
940e08f8fc66ac29f6d76687,921604160.0
41d2864e1f73e29f222c61e0,662751500.0
f7399e57df358ae7adc9e08f,794061900.0
1679719f26e7c650f24eee6d,858102660.0
0803ef3270948a30b3fee2f0,523455230.0
4a3defc2b7d2cd751c9c970e,1090013400.0
8bd2490f83568ba653cb74f6,1063610430.0
b4ffd0a2cdcadfb962578199,684854500.0
7e5064603267b61520d8f83b,431268830.0
88964e1202647db0519a8a00,552791360.0
f3d94d0616744b87ff139533,639256260.0
60704a08df293592e4cb5719,699512600.0
347d5081f7bd36c8edc1f352,869915100.0
41d3afc1118758b5314db48e,643977600.0
80a1dc97797c41b61f46ec6a,645933600.0
c0ff8812c1e8eeab07c698a1,504119740.0
a9a4a765b1daec2f3ed59a80,590458100.0
33258f995a375ca192ca4d3c,764845900.0
80b6c823bad5b4c0fff46657,840703300.0
719055eed27f361071cb9eca,942240060.0
9a354d8c526efc5bcce59dca,767826240.0
9850d970fe9fd9bae89f09ad,844307700.0
f2c87b07466aad7328b7e0b0,851556400.0
27ca0c2320c520342717355d,451313760.0
e958bd2b19db118c31f893cd,451313760.0
46dcddfc78444011abd29870,499280640.0
061d3fd39da1b4b1397054c1,748606100.0
3d1a8884a9687e53e5fb0bb7,743069440.0
1c0236d4bc291372483a9151,637324160.0
c1420f278d45b85c56f415fa,908538600.0
ce6fc507df0105c68c29214c,388218400.0
e4f26a73bad4e41c375dd897,923531000.0
719190aff81379902beb6497,924237630.0
da627dae6941b59d1eb98e35,489238140.0
2189d3297ea703e50ec34d96,811224400.0
c7205874bee601a7b01a0cd3,1132090800.0
a22bc19d0d83b13a53630b7b,531032580.0
8acebaa9fd7e917d7e3b391b,430641660.0
4e104916ab915cf3c0bef846,823518500.0
b0df95e9fc94d9aeebc960df,709201400.0
ab419cd48b81038c5a30c721,469215070.0
5b9bae6f556700e099fedf08,502324860.0
989360149d9cc6088391db4d,750231300.0
bad7560aac04600e1ec1a9ce,569067500.0
08d9f04bc4ebdc74e9d80b16,1097728900.0
f4311c45516bafcfe8864c70,685625660.0
c84e1db639ee43ad83f930c3,510716320.0
f778fa43c92344cfbd700432,708940400.0
2019bd32dbd09fa285a388f7,679583300.0
4db834146c4e73b515d510ce,465862980.0
9f9f2548425519863e2cd6b6,754812800.0
6c3bb7e1696df587990161b1,503842880.0
82f08aadf1eeaf2058b50592,658780200.0
753e74e4dbefeccf3e6b27fb,431888670.0
a26149f589edb9a903782a3f,570961500.0
bd264728a0464376e22b6bee,491321600.0
2d5564a502635dce2d46ef8e,828026240.0
05bcc7d7db8d352216a4af59,836921150.0
4794d9994512f01a4bbb6c48,523463230.0
64a4528640fe492865ebc0dd,1249763800.0
f655ec98cd42b0bf2d7cfbfe,699345800.0
b09de5f1e028d4fafeb8a22b,1075001100.0
4c79f17573007a39bb2b4b7b,1265699700.0
824894236c20b081af2c9868,997910600.0
107e76f0c913e19217662faf,916485570.0
d5e2bbb69ba3876b93af2d3c,1102574100.0
a2905faba4c1177603e6cd5b,954451300.0
d13e3d432783206eecb0e192,1250646000.0
6fecee4b1e5f50c0b27dbba4,1190975900.0
57891292fbd530872cbe68b2,1493251500.0
d0d6a1b5c60ad420ebf2ab8f,1154925800.0
711736da4f0e8282fc8c9e69,1213900700.0
f32a3b542efba398907ec912,557374660.0
299a94a02e887c6ab1de59c7,477592400.0
ad844bdb1150508a4c6d57b8,844019460.0
78c17e6ceb87f7587364c873,439495600.0
22e8713e2051c88cdafe2364,655822800.0
79c5085c14068e492e402a26,1100466700.0
205e9d987013859f391b27b5,1182535000.0
36aa7d0cbfe40adf3c86a134,825608700.0
d54d787189cc8f014ae58aaa,817187800.0
fe2f1459eb0a380dc31e3a4e,669966800.0
ad663952ff2ba1953efdc460,757943400.0
b7320c35e90f33fbb1c28813,736727360.0
8f90134b8e68948cb18fced1,599216800.0
2dfeb06300828182d4109c43,803638140.0
3f5a0cbba1433e9b6588dd73,452361730.0
f952c40e24c9df4ab2d62017,809663100.0
462c7546b358b00e617ce012,558683800.0
e0df3391aeb8d3f4b00f418b,600233660.0
1e48878318d35476c3e87520,460144900.0
e3903705d5a48c6d9f828ab9,741097800.0
9e590ad7d22105456bebc767,1036317800.0
d0fe3d393eee5c0cea5bb6e2,584151500.0
57b3791f2c5acffb0097f7c4,749986600.0
e11f9a5cf9d6ab0ffddd6096,946445900.0
9a3920f803b087c29b487cec,698483300.0
6cc0fe8ddc318f1bbad360c5,971708800.0
3e0c656b64d39ab38201a112,438535170.0
cd55abdb54bd56d54b11fad2,971708800.0
7cd39eb8de56700519d8f287,721979100.0
d762007a4ea5de370738e875,577591500.0
f4fc67d9b9c6078003f9af35,703379100.0
dc0a4632d7378c25be351760,563024800.0
530a3bae5a13291c69bb8474,522261500.0
32b678be83da2a07b37f3012,379459740.0
349768047d470d2fa6ff1930,765444200.0
e017c3311e2fdeb50a686547,1112861200.0
bd0329ddd50f2dc4dafebd26,1170096500.0
f6252e878aef5f8a641c3d6e,568801660.0
45ae8ffacfd00fb4a4f53d0f,1188989800.0
d186e369ed884150e71906da,1161712800.0
7b9e6b7eb3a5db0443193fbd,624231200.0
1ddeeae13139b7c9ada353a3,448969000.0
a1ae6f9f5d02548c89b23904,730379460.0
dc298d37c5235e15b4cd68a3,818557440.0
f640753edfd8fb1a995f1de1,488777380.0
69a1f439de0f06e1143a0006,562285400.0
98f253233bfcd16533e2a448,1116085900.0
ece6f8c652d4227370ef0fcf,990911800.0
599506739a6544839bd97b81,951276200.0
a12f49f4ac3c5bb0dc7d8d20,520413950.0
9da00f8ff8e19d26c1342274,1023043650.0
cf5213877dfb4df98f0dc10f,644799900.0
84c7006b5a63add890a224e8,516267550.0
88aed38ca59c09e1a6202672,824713150.0
e6bda9370c80a5f7e5cb6b07,708553800.0
3b54ab53b6e3453e333a0939,368644640.0
e72ff7414cceec6b162df345,624406200.0
f2d4c1faeb7694370bc65ec2,533073380.0
e1ffd027cce28c44c0d2f80c,588177400.0
5c5039602efa36222e64108a,683331840.0
b50f2c871166ee1009416be6,703188600.0
5e7e36116dbc08932f5fcbf0,629669700.0
325ce336d3df17a078db5166,630037300.0
a26e967b288a1eb6d8e71d46,459877280.0
139331d23d9e3c40cf083a7d,819030660.0
1704b2d5f4a33401fb153608,345504030.0
ee70354146295365bf241d9c,600880830.0
fbb0a76f05908c118f7a3df6,508281020.0
2aeb794adc9892354aff7240,538133250.0
b0a32581cbb586f9710dc3e2,897979500.0
ad7f3aae29fa1e7ec900b563,971708800.0
1695225258263bd2f463b21e,795658300.0
f72fb486fae49fc1de1fdcfd,1422402300.0
6b8f7074aed7ae7e6cfbb090,936370900.0
619dab52b321ab297a604185,1132233300.0
b5bb9af24f9de68e91a1df76,1218266000.0
ac3d21f51637207d3e031c2d,1075001100.0
2aac28d03c2110d871b5f274,468378140.0
9ef498b11563827597c82947,622973950.0
4f2ca698ff03df0c6386e48f,1025419140.0
606df4826416ea0f146ddf99,564825340.0
9ff08a6ca1c63480c563442c,954735360.0
ec27554aa1c62314f4d46fc8,351072800.0
762374e94f17a8783a66d598,491321600.0
83ca3a41ca4b5337107c197e,648324400.0
c166a9293fa27e910e1fa9c1,754784000.0
57f8a1e37c4ffb1b8cbd342a,533693950.0
393d99ca47315ae98fe9e7c8,1146441000.0
9bef4aacc63605f2b2b62292,572882400.0
a266efa4e41df357ac4edda4,1023359800.0
adfdb0eda9aa97f0d3005c4d,1180898700.0
f05aee3e433cb036653b4375,683473900.0
2dfd1808bb95170a088deac6,955130560.0
dadf0a00434e8ceefb3e26af,934174900.0
4336ff9b2dc1d97ac8f9694a,398242000.0
eb14a5813f860bb74740da2b,418547360.0
3d580d0df1bf9dd124c282c9,483042400.0
49bb5311607e4c7600caa03b,497503000.0
78a39ae05ac53535ba0fad2c,774053570.0
936e18fcf06ca3c46eda7c8c,677711550.0
23f12add67accdc9ed40f59f,503616130.0
eb1b9e15dcb88964f79e6a4a,496544580.0
e2b7f984616fff25e3dd6a3f,1097929900.0
b8e2b98548a234a245d7935c,672792960.0
79382c56606e701e44d55033,1169759500.0
983874e637a1a5782f31089f,561324160.0
3da9de8f610e5c40401a5b78,638330300.0
cd69a049dd8a3822e228ebaf,771665540.0
604f1b5149f770a8f370fc75,412945900.0
0d24fc1c5deb78eb1a0caa51,565853000.0
583af1118e60e46c347ec593,882221600.0
13b181b46359620191e6e4c1,389573600.0
50d8333064f0560cbe549f89,466818270.0
d9000c1afed253d05de7819b,400703780.0
792ac070d1a314f585f09987,379555300.0
3e874c25176a3abb336b31ac,577289700.0
419ce7158ed62eb6897cf09e,675750900.0
b6b87c05c4238be76d94da2b,391961630.0
980d809e549333b475477bf9,707022850.0
a7df3d344010d5bb7dc70bf0,471324740.0
3d474c6a88ceb86e00f68b3a,390343420.0
be4bdb73add69f12f7aa6d06,541578560.0
fa5234ddf23dd0d9cbd3cac2,388614000.0
91a08f81b621333ac58c3845,580129800.0
702aaf395bc78986a008d70a,887282400.0
86b0c9c1277e9143ee765b43,436723840.0
9c2c22e70cffe6836f554f24,457192320.0
31f56b841b122b35615bae2c,884519740.0
41227dc9c9948a5f0688e426,504967550.0
781989d4b732f961f91bc3e4,457965600.0
cfed0221146f4d83d641e1aa,431608700.0
8ec491780efb2c27df8dc08b,567047940.0
8a5866428508658b4a2a4cb4,544623040.0
156dc81d6e14a71716aebcab,600265700.0
c24be8293c8f4080562ec0fa,432784220.0
7fa11c05ed1c123c1a457b1f,725596000.0
a63c36f6e7e7ce7c7e7fe457,717680300.0
f9bca38d3e08176649504e74,653051650.0
3d389130627ca7bade643f47,760019300.0
70314b0bd995a4b03c771ae7,455976600.0
a3c3c9fc04cf2e2a051a12e6,454778850.0
4cbe75a162b076c4c454dfe9,490087100.0
0c62d4d501a426cc8fde0c36,792322050.0
533363375cf2cbc50d86773c,942249100.0
21d0f28d5f30a64352e60ac4,439450370.0
471b5135fced50f7cb4197e2,677006140.0
1c7586fd8a1a38bbda9c92cb,452694000.0
a0f28aaedd12f3d0eee8c6ea,329379900.0
8923182b6dcc9f2d8be1ab53,585360450.0
67f694b29bfa494bd9d9cf44,507876900.0
b721a5846527d5338322c9d6,490053440.0
ed09fe201c9ab02a91779dcd,562987200.0
f49045b312d12268eefedcba,1066041500.0
22ae194316f34d482bdf404b,432784220.0
4f450ba5de4766e5ecb8a4a5,448892770.0
235a2209cde8f8b0276c845a,642311740.0
f563f0899884de7f9bdab405,903718400.0
5b462279f602c5b67ada82ee,394379330.0
fa4af69aa064a4306cb110d0,644267500.0
a70d32ccaa78ae9417aa7e4f,442028600.0
77c9e5e3a6d965ede708cda6,575801860.0
5637f3d3278ea049333afff4,436216860.0
1b1c220eb91c9448b520b76a,760999940.0
f4a6ec71ad7790df9578324f,460151040.0
217e1715fdd5db76ce93cfe2,596853300.0
2cfa1397c901b4e940d9f673,458330850.0
44672de0d6d9d0cb3b4ae938,519944670.0
1c50477e5b3a67f3d8fec62c,495744000.0
0a2a67e8b310471b115c60bf,463741470.0
06220a42e68510eccb4d790d,514220480.0
611a3e1d63c6ce5ff8779243,654599300.0
1284d7ed08122731aa7c0461,470414050.0
d44eebc871d1fa6981c32ccb,701800450.0
43272151f217feab78190393,654926500.0
6bff92260afd556a98d3e3a5,1169652400.0
00586a92b53f4a8f9f6b3022,1439674200.0
745e7f6a83b55196f231466f,894499100.0
9c558e10e5bbf230f16968f6,1139982300.0
1b425a31cbb73b713f291e19,752498500.0
076ccba20dac8bfcf184b8a8,844600800.0
c8fd8b729f4ac6270aff9c9d,612030200.0
52f026e670e9851b08c70542,701756300.0
00304df33a3c9a7e396ddd3a,816446200.0
ee27eba49457286b5ab76172,733838340.0
97b57932e5e20416bad6919e,968770050.0
e570c5f58a20fda42bfb535b,638028400.0
79acb227b5ea365414982957,414806530.0
d24258de8d2ca10186660a1c,828819460.0
8a8c202c069c20696c2de85a,568323400.0
40f301afabee5be092ba20ad,1158056000.0
afa842858299a6ebee166e31,1027239700.0
7641dcf512a05ca754930bed,674809340.0
8c9b472c55d4b99e44041de5,630997000.0
88b98c026b7650192034535f,838768500.0
9bdb1bc52a9ddfe92e6a948b,1064050700.0
4abef5720fd889512ecff70a,729956100.0
58b139bc16fa2731e4b76f28,595941000.0
9ad9ac8728cfc2387285c24f,524508600.0
75fd5603c4de9678627f81d9,1204307100.0
9f4a25a5550f016ef2370229,906950900.0
d4f4d0ed36ac9affd71f302f,1076094600.0
51bf7bc1c19fcd42e71f2463,589511700.0
49ce19caa1325233d0de331e,958212500.0
5aa1667bc8db26bac1c72f5f,1023113860.0
b43b36ea4f81bbfd4dc4d781,1054365600.0
2a623b33f3cc1f54620b5233,685559000.0
8745eefb9e2761ff7eef558f,1059318300.0
0e49eaa5cde9375b1f026820,592737400.0
f5acbf43add5776430d8d4a9,565816260.0
ca50f7143937a99accef865f,1145326200.0
0e1bc8ba1953ec8c28e53b9e,706224960.0
980bafcd065c8e3d6cece127,764980100.0
c81133d5a58d7e8eebb10c8c,1167895800.0
09656004f0a7f544580958fb,1151977700.0
edd342f84fc90478e344ea1f,592489860.0
76974826c758eec5c255c5da,636915840.0
63b09e45c1b7dca181491030,934798800.0
89952b237fda041b09f0efa1,1221619000.0
219164e1d9b14cabb9bbb8ab,799432400.0
ac8aa244c21a9b86de4ed599,1141512000.0
92ba222e2dd63a4453a30637,646245300.0
bfaf8b7796c8c57bb5997be7,881375550.0
dd5a565f854eaef90976c5fc,1285624200.0
f8ccd21343b112d8f9e7123c,810313540.0
a90991f865ac81cdb3de201f,687862900.0
fc57fa9bbc16d1b8106c2c70,1051784500.0
9ee3218bc61636cf0d7f8107,901096960.0
c00592c7c0c3a863a1bab9c3,746228160.0
f0aa18bf86a36daeb59946e8,927260540.0
e186499af986f1959f729b9b,756155840.0
18420ed4661539a2d72ff400,1207695400.0
957731b9940c9131d92a22fa,935128640.0
9172caeeaf6498737fa0c6dd,774434560.0
c798ea36d2e4a8119723eae7,1164037200.0
eb963f082209fc077aa72bc9,1223664100.0
07b7ba964a8e30dc16d66443,1327831600.0
7fe364ae771a7689d2fa5584,1499839500.0
c59e06a2ed37fd750cf39976,1047718000.0
ce03d8ae43a426e074ed35f5,1082116900.0
b76c45ccae25a06dd5fc432e,656939500.0
f855725acc115bbbf03bacec,762829600.0
b0b0db3bbe07839bc2b600fe,962362940.0
cfc8dcf337e020b875ef1572,1165250200.0
390107256faa08574d7231d2,735681200.0
fb10f3b45e865b4626f65ddf,705829060.0
75f167e2273fbecb2c81ac0e,748921660.0
a7b15424d7c025d885636a72,909719500.0
f9c11e980254045d7478f273,902962000.0
e0b13f6dc213d05133252d15,1250646000.0
c12f362b9060344ad044cfb7,1003227460.0
f872f224d2af413cd104f24d,882068500.0
092045750c36a8945c526a12,599957800.0
5ef33cf17d4b45277edf35a1,584725570.0
fc64387d7c3c91a6e6e876ab,645649000.0
c1168159d4e2fffdd5662757,702486140.0
cb604e3a56cc847189462004,1029941200.0
9e95710c61a4706e21cf70b3,584725570.0
ab37f67a3afa274e719ecbd8,702486140.0
970cb360eb64128037be7e23,722473600.0
e42fc32db529e088f15cec8b,1005885000.0
8925028d6e7a6cfce9967779,456034880.0
759e76e38d84a4188dff5446,776558600.0
83a376df2024c4c9fbf2a0ca,414054800.0
a8bb80d99280e332084b3950,642669600.0
c16ab4a11cf67a39fec6f049,542286600.0
9cd1127b1bc10db6b8ce5d4b,1098041000.0
ddfa979b1d7cdea1d7dd0a86,427229250.0
d78f7a1592c0779093150ddc,819727700.0
97ce3e0ef38ad12f7fa8c4d0,390966340.0
5c789f2834a1a69aede6316c,409040500.0
c29ec380fc7295a9a770a74b,416956960.0
5987f6171a2bcb37062ccc94,1036159740.0
1e91de6194769980800b4de8,732487500.0
0a0f206f04bfb10c137388d3,1193044900.0
34dd15023216e187daaf5a07,563024800.0
33d2d1db291a13affdc209bf,705259840.0
6fa5e5160d7c2bed824bc0d0,895632700.0
8c04aa7506b8c80c1bac23f5,960776450.0
e5d445e39104d9ee6b244822,895190340.0
2ca6b3016a89139ec7590f9a,1022557900.0
e567e9e5862b13f0085505d4,396165380.0
edd1c4fdbef4e6beafbd39b8,439355650.0
039a9029c4341b1528ca6b46,389098340.0
fa1533051ea4145f7f710ed9,440115550.0
9c99a85c5dd878568582dd9f,511372320.0
9ec426691c80918203394ee1,498795200.0
66f58d9d1e1eb7e81cab24a2,1065358500.0
0d0f8ce05ebe99dd3bb7b23b,786498100.0
6a65986cecddc5c47fbddb9e,751230800.0
a82fc744f537ddc6fbd16883,804395700.0
d4c40178c19d6cb2fcc88e48,685531500.0
4034cb3cb77e9cb39cc98fc5,794769500.0
41ae9d3d280d4eebe510606a,608660030.0
4aaf6763c105ddf2a6eddbfe,399101980.0
633a7038a23ffaf4b3f7896d,913008300.0
2a531aa9576c5f91891cc8a9,833063800.0
85d58cf85a179e167428ffa5,945170400.0
42f05e5d4862d653efda75c0,830590340.0
256a46a6d45d168169f63aab,649245060.0
4b0fba692104472b36c38c3d,422400100.0
253c85b226a15d0ec2fbbff4,677299300.0
b0bb2299d5f456f800993a11,568160830.0
47fe78f6299f757b231be10e,916819500.0
4d09ece928ffac7e7d270bd8,509779100.0
fc762d2d172737cabbdfcc75,865707500.0
2809252a96f47776d12021af,922751000.0
29eb473852b36dcfbda0c702,922751000.0
231c050bebe12f568ef92afc,454136540.0
acaf9e18bbc7295633d92e01,719507300.0
860435300909449c0443c10e,742044000.0
f967ad5e086f485c27f09990,1217172000.0
678927546243e932b48d6058,1144297900.0
c537ea2620b8c3a3f013c0b9,1157815200.0
10037227b2a24d9a72ced322,936061950.0
1b4b3662ca18e731acc18928,1413434200.0
e6717956eeaadb3e95840256,1011661100.0
ccc4457f68fcc1a416e3acf3,626446100.0
94d91969cc4b9aa1e856d801,766089860.0
2cc821cd7b5fa82b27308f87,455985280.0
f05b3779581ac0015f29571f,661963140.0
dfe09a5f848e8e819c361ac9,400489820.0
ba87ed2a657b0b042a05460e,541325600.0
f967aa89a4440cc1c44bdc54,384244800.0
81fc8d666c8735e1095d0d4a,1120028900.0
fd8b9540f1e9da778d566d25,415506530.0
70baafa9789d2fcf1bc212bb,671952960.0
4911f8879e5bc9c27ac13bb1,406968930.0
ce53f3477814fdea2889cd2c,421213400.0
62f022e19ce6608919eab5f9,438936000.0
55657bb933aa2ea3083e0b90,438163100.0
808dd470aed6064f02aa5103,404683140.0
39bc028f3b42d9ea48808ad0,429773500.0
c0c01ecbb9189d77098659b8,519578850.0
57c68d470f6248d00b6719e4,856813900.0
26c66cf2f43bea00e6387326,920327100.0
b5f0dfbd34392f6855bb4b52,575740350.0
25202264e18928158b89278b,932549570.0
e93abbb49b24717d3a0767e8,711875300.0
906e1f2e1bc5cd51a55b0266,908576800.0
eef1d35ffd08dd161a36a2d1,1293411200.0
35e0cac576415a4e61acec80,1182535000.0
53ebe061b85f046ed12ee9c5,1159114400.0
059d77736dc72013de7767f1,656853060.0
17d7986a62e0b066e4e5530e,546718140.0
8236c798dbffb3db51d5d744,409333200.0
587e67078115103d184970be,327731140.0
7569fb4aaa9a52d6a525e3b0,329316480.0
db122cadb7a9c33f420fe246,333150700.0
e852246b7661d30dd2e1f0ab,330296540.0
f04eb16931448e87aec205fd,609844160.0
90e858d3740d4aec0fa21c12,735908540.0
65647ca6e47eb2b9ba20058d,765324540.0
d0792d22549d1b3f63baf3ad,433770940.0
76c4045b5dad9a8226e9244a,516897150.0
fac4f0bee67523194fd4312f,481275780.0
ba89ed56d156579ce288dbcc,448543580.0
adce397b6d1473b9b6d02865,706944640.0
f1a924badef699637ea8fcc2,587613400.0
3bdce823d3b96e8f0170d96d,777146900.0
439004dc23f97a878ebf371a,637634240.0
192e05cd731950f91fef1d83,1146414700.0
5110c49047db23ac3aa4ace4,675710900.0
f4f7bd9d03eecf35e9f37619,1034925250.0
141dfd80a005f7b32bf70375,1021316200.0
08513fe1cddb2cad74874a59,473492670.0
6b23aa3ca5edd20134811cea,456557060.0
0fcab263453a9f196468e552,1277762300.0
127e08fa99afcaa339eff684,589296960.0
d2c46ef63db73ba3cb7e32a1,894446200.0
7c50c93bc9e8846345892c12,1221619000.0
63698398738ebc7ccebac817,774490700.0
417e974a3f0d97e502e49800,1089013900.0
6483f2fcdfbd26c621a527fb,1037791500.0
3b739666f401ca6b2135652c,1421165700.0
1b750e6e2e92e8222482cb46,1021392200.0
dd34882ac55c57480663f7ec,858102660.0
026c6384ceba017c5f2cd66e,562977540.0
3f4272a3a4b14ce152fc3abb,428939040.0
5cccf025fcc0a7d9ea01b170,469421860.0
c8d179013c5bb6379693ef03,468966340.0
8c258d10ce32150f5fe5b712,901250000.0
eeb6fa8f820ec63aa0aaa303,881412540.0
ec8b305ddc2bc211a8a05d0c,510355040.0
5a84e6d2ab8db0fc60775d03,581357100.0
015d17895f32e2a8b616ca1b,684217400.0
6fa35f1af6d51d341a3165ae,762767000.0
17821a9cb766b0f3ecf24e83,477393860.0
23141c17df584746755dc508,544546200.0
00076c8f390d5dcccc133309,798233300.0
25488b1c8fedde6250b413ba,421538100.0
5ba6b4953759b45cb83512c7,836632260.0
8ea02baab0c59eac6584f62d,902491970.0
b5c34f90096fc88b8ca758f2,1203629600.0
35bc25d0f9de2ed4f714fc8c,831187800.0
8b0e1911b8ab8028409dc9fe,1252319400.0
2ba1672e49c023258d262d1d,584696600.0
2d778563921376962d126cbb,678407360.0
bfe7c873b2fbad871327994a,1067060700.0
72d0f19409c85dbe32cf6ec4,1259597000.0
d406baf5cc9b4473ae9b8426,405053820.0
070912b7e5fb205918c1f4a3,401390700.0
659abd72d12756ba0670f466,420963650.0
7a464b948b65544159cd0db0,1114375700.0
e89774d061d50c83b409a071,404144740.0
fd6b2efe5da2c35058333bbf,700615500.0
4577c1623c8407e95e893e63,651289000.0
21adc839dec9e8efb128abf1,600880830.0
aa843a050ebe8e4b3a04e9ef,965168060.0
0252fcaf7bcde09274d34be5,766009500.0
46d77c92811f0c87d2d4907d,913234750.0
a8c662f906075eedb098ae5d,729366000.0
b8b46931b93b7750e0d1ada3,583594600.0
efde559422ec1dcc55abc686,840042940.0
339bc881458ca34bdcb771da,918450750.0
d7ad6527cae719481f849927,1129502600.0
df3abaff81c430b4ba85d4a3,843419200.0
bfd2f20a7bfb0d865d7f7193,1218266000.0
fa3ee96e6b6ffdfd00aa335e,1281890200.0
163228979751798ded8c3fcb,616385860.0
3578144f12e13e98e8cb2480,440292700.0
7136cad475a0480044707984,706119940.0
93f5694b4854068f42ffe55b,531968300.0
51608bf64739db05c47a3bc8,732765600.0
6a01b6d09d516d67f4a2fb43,369255460.0
5f26f33bd89fa7563ac6873f,644487550.0
aba54b001154ad881dfeea6c,391614140.0
b2eb63e5da917ce649a72142,462372500.0
1427aec89ee9564b95e93cd4,539361150.0
a0087db5e9e2cdd6073021a7,561052300.0
4396f94f7f3c403c43d3ede9,804282200.0
aa703cc78a1ce659901e711b,661436860.0
0dd1bb83f0f18af30da139f4,682439600.0
37efd3e2a5b6567957c62081,474994200.0
ea47ad6335e74dea06228b16,529385180.0
8a975117ab302b77ac057823,620651700.0
ca5949c4bcf0b63e5d1be784,438718400.0
e9f3f41366d5d784c2928937,695968600.0
7a9c505db21b777203d34bf6,484470720.0
238cf9f99c4b01777a97f82d,504116830.0
385fcde12021f4bbae6ac2fa,372362460.0
d9eaec557a7a6674565db1ac,723109200.0
30b0c440c0bc8c6005855ff8,883691800.0
09feba43c0b8f3560fe09be8,1355716000.0
2547bcc87b618d3d7e22dc21,668407040.0
1240a616080d6ba5459335a5,1023720960.0
7cbc8fca4f84908ed4e7192a,893464060.0
151a16e94d538a7a6d658ee0,665571300.0
a8ecaa9120c6da21229cf145,924168800.0
3ca34fa833e6ba10cb4b1944,771575740.0
dca2e851b82c512f01611ade,962695230.0
3747996611a842c452865a9c,946140860.0
3528df61a44a9895248336c9,606475600.0
398a67970cee5dc873d71bbc,1165216800.0
1ba2c2eedb352ef9bb59c638,616946900.0
f6f4a467f40bace72ecff598,1059926660.0
b2af9047dbf58867ed0c42af,821400770.0
012b8d616667a6dcece0dfaf,763187600.0
0b117f10e699f10f97a7e7c6,882371300.0
8d5192b6208902ddf4804839,982789900.0
b86cad78da7bf06b5ac39f99,902452350.0
4cc8c95dee29e43463a8dfd9,698218240.0
76846ed8b7ab36821b848f2f,813556400.0
5428bf7f37a94ce9fb2dd435,624854200.0
b22c39c3df7d8e32cec2ba43,520416930.0
44f5380847c175a42becfcdb,1208783100.0
fae53fba5d405b2e6a3abf01,370689380.0
3b52bd5eee5ef8e3871dcb3d,1231641900.0
21eef7da02b0f2a2fd987135,532009900.0
1dd6b0ade195edae38a4a20a,626879940.0
f359afc7bb50cf6a61ac63d6,412884450.0
b0de107a8cfad95f09876eb2,1121884800.0
2e8c76f4ed59cd3924f7136d,872573950.0
06a2efde5244f7d653ddfb8e,714593340.0
f72e2f6cfbd32d97bbff3ac5,634279100.0
9705748d2bb061678a80826c,953345100.0
9620068cef0622c404e15960,535571260.0
cf2e8824527989d3cd29c058,524946000.0
6e606a7c8bc632ba0ba37184,483835400.0
63fa384ea296390350f23d7f,703808500.0
4d3f5e7ecf4d361d7eb55f5e,343486140.0
e31a209077a3e47712588730,811526140.0
5f18524e839c2987594a11a9,838861300.0
def06f49a0b8230ab613db94,602833540.0
faa72370e4c7718964930805,602833540.0
983503bb75d84c410d1c5d3e,1307255400.0
30f381306494ebaa760b990c,675312830.0
5e72dbafa642e4f416e6f01a,778779100.0
3d5ece38670c1c96df4cfff8,675312830.0
1bd6861d451d128c8bdb72e4,717258800.0
072a6f084d31a5a4be4060dc,853511000.0
4d8deb43d663fb079262708f,892799700.0
f00b8eac1812a500d7a732ff,865798340.0
77a62d5e2c89da24f66a2118,706707400.0
961886897eda4b0ce54d1d82,919006300.0
6f6c83ff891e43b7c84728e0,1194641000.0
ca8c85e8100f64416146368e,1201308500.0
24297f4a3e14c24c941e7720,1152870100.0
98d7f0935f021acf313630a5,748320600.0
a362533eea6c235049bf3359,758859100.0
2ddda0ae748b38a6258f660c,1336975400.0
b18107a422b9eb6da9fb692f,888245950.0
11cd643195dbe5dd4567b62a,1035468300.0
c9ee7f0666429c0c15c37499,332193820.0
c386d1ac4fa8dcec4cbf9788,660132400.0
21e0bc9789139640ea33ed09,955992640.0
cacb91ac1b835d62422b8a8e,1010816300.0
bc41e69def6bc7490800c4a4,398845540.0
7a13669d2d7ed2e50b80b4d8,432806500.0
08dbbd8d672fd09463c061a5,452533440.0
cb93b0d5e9a26628b0462b14,706812540.0
d6a43f209f810455fa41dfd6,603262600.0
ed5dfe95f82f4c087af07045,564984800.0
02060d2f56e979a61427f806,637945660.0
88ffa9f0bc3f6c9f2e589a75,1095223400.0
b48093abeaa178d1f7fbd83b,828606100.0
b42734770dacb7e580a6d742,694907400.0
d3aa845e96d22f31a3656aa1,426723520.0
becc3ae7a71d597bcb16d261,1247418000.0
8dcfc24742ba669335a2d65f,775285900.0
45e2411d38589a2d85774c5f,722914700.0
9761b0f43949eb5307472ba2,1019912700.0
e07035cb49625760c7da85d1,487855300.0
f88bb9c5a471504c13d3616c,423761440.0
4bb5265c6e63449e5fbaa270,795106100.0
ac73b8700744cb7835f328cd,588128060.0
a632ececd6a023aae8a7b730,467250300.0
858288683063dea9d5c57420,546256400.0
d04f549fdf8f34bab19a171c,438757730.0
6ed5fa8f114431d158d35f43,456414270.0
f849dfccaa8163d24ed935e2,747450400.0
bfde6e7200fc27e6e6f1497e,942556500.0
59c11d3de7153d2605cc2273,910882750.0
33ddf4e1ed8c864e9db16887,599093300.0
00f5ba660a4fcf6ddb96220a,617721660.0
a13004b87c6d7e7bf6b75730,655926600.0
eebc02ff14b6d270746ca055,860707300.0
65ba6e178f3565a84c6ff973,775565400.0
a57f40f00f80abc7450aaf9b,693193100.0
df37b916acdce817865197ae,797346200.0
b5c074ee2e2538aeca099fc4,920462300.0
004c9da9ef1b3b5e309e475a,526903070.0
c5b47ac5c4b7476d50bd56ec,695569100.0
778ec765417db9ee48d697de,670930940.0
b287339babba162e290d0fb0,555726100.0
4d35e00e86a9d508d82ea90a,395539460.0
0dc2a023fb6c5e0b92d86ae2,758280300.0
5787d7c671378e596edfb58c,769963000.0
8595b5517cb3f1ff8094d67c,813202700.0
f4d53276bdb5899c6f059c67,731303700.0
9562ef63320854bc6f94b5a4,466738140.0
c04e72fb6244d9a9b28322b8,1368803500.0
3d141576443a97b0202c9672,1006789060.0
7caa4bad394586a46dfad854,760835900.0
8420bb74fadc0c8853cda025,412151140.0
b274adb68a37458cc5181fe2,706828700.0
8561bc940a91f029147430f1,1036159740.0
258a968e403e747af5693a3a,1121163900.0
0de34892fee879f449facb19,605182600.0
9634cfebe7e6b095f0065ee7,768007900.0
1f3544c9f47bc00fcdf59d74,392611070.0
e3077f6e47d130106e7165c9,828492300.0
f0ce47907c3c30b6b5e990b1,789519170.0
1432cf7de2beb14fc7603ae7,1028920200.0
60f0df18cb4324ce5f4bf650,513173100.0
7c1dc421f5a689aea5babe4c,702898940.0
020dfae44183c65b708727c7,465516540.0
92a9c07259efc617e7d58f9c,546559600.0
18531c57f6dca78763d360bf,645507400.0
dacd62440872b6e94ea56fab,553608060.0
b607bd072e8293d6594f3829,592962400.0
eb86c1da60250e5559fc3cfe,507226370.0
fae649fc7256b9a3ec036583,616790400.0
b7fa81aa571906a93e9b6cba,870474430.0
0823be832fff81b3f1291859,423360740.0
fca3a0fe5db369235960d285,408956260.0
496fd5c93b2a578d970ed55f,396027140.0
9c63c6c27c74c03f071385e2,696793400.0
6ebe90f7140b738b3696f086,514160670.0
7110d6374f3fc282e4f4bdb0,440115550.0
d33994c75d98941acffeeb90,1074140300.0
b8e8d84450f5e0bc8a721c94,980967700.0
cba57e3b393b3e392c7431fb,980550500.0
fc2ceba651bc629e7f690849,739966400.0
857761b5fc5c7d101cb765b6,597729400.0
55f67dd7302b68477e803399,656929500.0
19f538269846412f3e150a4a,964879100.0
75e0fa8e5c83c49d3a0dea48,1178976800.0
fcdbfb9e15352cf210cce7cd,749411800.0
c2b91ce4b1bc8c576a0ce1c8,788485300.0
73eaff92528288fdbcd61e2a,1210107100.0
f6544a1c169aafe6c8142907,764918850.0
cba9aead5bad82b31da51e6e,939684350.0
b239bdcbfae846bf74791728,694046400.0
3b823e81c5378ee3c977e863,712235200.0
1b4db5fcd1f92d3aadd5c28f,614680000.0
b50a6b85399ea2c6b5c33405,518930140.0
1e6176a558f301d81bb050f8,851207300.0
8bcc1b035ea93a5192256b37,698083800.0
71a3f0980cdfea0ebb869935,469577660.0
8cd0345dfac13ab380240b0d,712235200.0
e66b2c71519ef8756db69b97,495798850.0
c843044c1fb30819300448d9,444382880.0
4ae10e7fec364242c88e511b,634778940.0
c9e92b994e48df83dcf9976b,1354323000.0
27f41f09ccf8d182c79cd48a,1015614800.0
d8a7c0b01bb545c414e12a23,1174555100.0
f3e2fddf1dbb400788a5517d,833165500.0
89a066b7d6a31dd066fa0d32,699345800.0
c245bfa6587eeb55227c8a4d,471014700.0
500d7c5346ca11ba934e7ca5,877683260.0
536fa59adc007df763949045,1002047550.0
223813dc0188fc229b63e8f3,866882370.0
7c972ecb7b90537b1da0deba,437849000.0
98d8411005ac05d77cb12516,1249763800.0
d12c08cf48be75014a149873,1028315900.0
955544a0bc2eff312e965c2e,1063150000.0
20488db7a62f765ac8da0a2c,1226891500.0
3f370094239ab6fc817e9ec0,1478928900.0
ff54bb34225682d25c551178,1028315900.0
d0c7294b2184d0b4d0e2fa07,1478928900.0
104e960974eee31e7e0eac6b,782334340.0
0d477acd9c95e9ec63839a53,568589060.0
6d255e0026d70dd44229a2f7,993826750.0
926cdc0242544bbc850520ff,486089600.0
e75a05dc0018f29517948ea1,476214300.0
dc40c56571cbee9c2b7770f0,553852000.0
2f76a2b53e091df35a125b13,573102140.0
a4a49182c79c72854732594a,471042560.0
50287f73d47b4cc4c2e1840f,877045700.0
5efca36c25884a2822bb7a81,772214700.0
4347bf26ecd61ebc7a16b4a3,608763300.0
7c979648ab3729b2c0cd2106,690476100.0
f40acdcf5cb9925c09c9df7a,803987700.0
6ff3eaf8b5a2f16efddde1cc,767985900.0
d35596846155e74d1a637d7c,772625700.0
a389a1ca097a820fd9af9d15,730379460.0
ef450748c440c4958e5db54d,827915700.0
02779b92b2f9bafde0c75c11,584867200.0
77e5e0b64140fa00b0227a3b,567678800.0
eb55b0778607da932c3b311f,827915700.0
9fa391febd5d0a8e4c6ecb8f,405574080.0
6270356f1cc3dff186d0ff4e,688536300.0
ea7d5c601c3f8c86ca8f15e1,677786560.0
072efeafd082025bbc5a25e5,833330800.0
d8bb6151d30573c7595ee7c0,587533800.0
f26c43f2304c8c694c818a9b,493376320.0
14ea4a7c57d830eba13638b1,727414100.0
c1ac42dad98d2f23dcbf140d,900512830.0
aa6af44635b5d51da4b02059,608763300.0
291a4ea1a695347e1901bd4b,998409400.0
024d2e34a561efaf4811c17a,1097333200.0
e5a40a555d11d4429b9675c3,711283500.0
3a10398b72905bd710ffe9e1,881412540.0
340d1313fc2dc8e5b6918262,858102660.0
699bf5460c63a4d0e4542ade,1044625100.0
e98bb3a89bcec8650e33e730,590758850.0
5de86bddd492f76596b17a0d,1144121100.0
95dae083200a9e43a5aaf210,1235222400.0
23fe512fcb21a0b84781a318,405059230.0
a9dd62f527cb0dbfa51aeb7f,616691600.0
8964dbb5b0cbfe509613a63f,899289000.0
f75009356c700f7da7106cc7,633709600.0
6f502f363fb55811478e3b88,536659260.0
a48f29071cf207b27ddb03da,869893500.0
b46bbf66cc82a4345c5da177,845734100.0
a460aea3370926825b0dbc13,985814400.0
7a21a8d99a85171334695004,768988500.0
279f6f594d3f8ca8e8a5e2d5,1193807400.0
bc3c509022e3f6104cba5203,1219549300.0
654d2a3a0e02065560ba2484,502577860.0
02a2ebb6eca5772e3526d78b,756124100.0
d4646b7f4dbebf9785963cfc,480114100.0
68fabddb27fc928b57efcfea,699846200.0
53688de79b052b3185fa9435,1091725800.0
bb962a9e3861b06ae1daf833,637258560.0
d80c5f0b8ba55e7cf105d282,892212400.0
ed88c773fa9ae8bb29645fbf,861252540.0
0c3af9e0e9c80a68acebd041,1006967700.0
0faec12daf0493a512b2fa0c,1189157800.0
1807debb0a0b590b9ba4ebcc,928007200.0
20a2a0dfc963fb8a355e704b,670613600.0
a2c033f497e62ea10ff8ba3d,1015239100.0
985e40843a30150e6892e4f9,877356860.0
2ba0807f8cbdac389424ae04,682891460.0
9a565e7220cbc3d5d340e8d7,1041318850.0
33598222854631e92fb72baa,942556500.0
03fb5bfbc1895115a04e8116,892605600.0
5045ba9a65b4bce4fd305f82,748778900.0
277f6440854cb0c98728e685,1327087200.0
12c7037cfa63de49e984a789,683241900.0
ed9976e922a774cafb601f5e,473997760.0
ccc70d1d8e4411331730bd7d,517323230.0
30d38a7bab2eaaef1ff6be0d,824430100.0
31a6c440ca9eb29acc0f1086,1099872900.0
7a82ce4b2dcd2b43485f5047,816754560.0
a74be48ad396ae4aa33ffed6,870127500.0
4ea46b833575642ecb2ed1cf,390966340.0
b780a0ec18c61b0760df9433,545024100.0
b83a5c303a2b079585b9b94f,472425470.0
a3c45875c0834b144f834798,454658300.0
c3ae3f44bbae215f7f2fad9b,449496800.0
5d54a0a596d49d9f85f1b5e8,600130600.0
355d1fb69bcb4e8e8ed9ba1a,908576800.0
cd791a46ed616911ae7d4fbd,856813900.0
d2d2f335839ed35571b19bb1,861467800.0
0823b0dc92805ab05d3f8650,1470350300.0
f92f4d135119fa88994929ec,1153019800.0
401f0de98764e9fdd4055406,401706240.0
68a7d01e50462f7506f8c8d7,443395680.0
e4434407771070783b97c014,521546750.0
7e1153d411af129357ae5c10,442524600.0
f409c701e200046f574f4e06,581292800.0
30a8b9c197bc42f088d0b873,694532400.0
d5abd56b5a8ab8c2f61a07f3,835881000.0
805a27aeafb3ca91cac56d14,840315300.0
1ee04111d277e8758f740139,674667800.0
b9de7d7b9a8ef7c64e5f6bdf,758743300.0
5a12a15af3c0585d81ba8f5a,715422500.0
abb63383766a9853c1091c5a,860684350.0
1f95c205d5094c674f6e45a5,938405570.0
4911a6285f548dd30c8061e3,684351800.0
0b9730cff49bcaeb4d703c06,815543500.0
f033750cb9db15e886b156ce,858775600.0
fc7e93bffb7fbbdebebfaa2c,1015407550.0
4f500afb7f7bb42189820a18,864061200.0
3921d7b508fa1591d40802d4,373936060.0
caddb9dce27a7e8012478da5,493486430.0
4eeafa126ac5f301cf60f9ff,463189000.0
59afb00a84b4f2a9ffbf71c6,689644300.0
7baa3608aad1fbf357d789a6,680245950.0
a5b8869e9cd3d0cc32a0b298,960195700.0
d084dce4ab9c4008ffa3bbc4,1217172000.0
e3ff13537ffb7172336ab5c0,929706200.0
1bc2ae31ed1970ba52b1ff60,1268442800.0
eac7136b26bccb3c5d2b6202,772254460.0
073fccba71b28afd815be434,544393500.0
9b1c23d616e9407fff6553d6,409576830.0
4122eca7b73c1347a7814a70,703808500.0
cece8267e60c2461d6c409a2,1098617000.0
ba4e89128058d5564987dfc5,409576830.0
69843aedb25a928097a22a89,424837000.0
a45863121bdec787e119b14c,389448030.0
02e8811bff38125bcf8e1a6d,369255460.0
d709a76487a49bf257489c0b,357865300.0
46c42803286c800351fe633b,460725400.0
2ae3ae7f794d558ec119287d,753475100.0
76991a35e9c1b69e1616659d,571567300.0
3de5d35f742cb4eb68d5f314,782395500.0
a53c748935206f61751dec1f,517402180.0
ddaf8a1e5e6922cc3dee5caa,435048600.0
841fed959f036a03697868e8,488836100.0
ebe1b5c9471f3441a388f7ac,638718800.0
f0f9bedbcb57383511805d17,677918400.0
f9402b785deedebd3ddbce6e,761728900.0
d1f92e6b18faf07ab70ca1ae,663680000.0
6e794276348acc39751eaf47,914057300.0
4b04e0296820d04421db5219,453271170.0
ea0ca17e989ec57a480aa464,1358011500.0
cc6fcb8ea6556f676c13a76e,939557100.0
2778de5e56ad7ece898249e9,1126174700.0
9f0bdae4f8609ec93588de3c,676111900.0
90dcc3f9428a4e7cc396a15b,859660540.0
2d7bf0032580e6b6dd1ce36b,881412540.0
c45d86d17d1d0519b455b7d4,1108712800.0
4c7e7cfb286d82aa96356fb5,841117100.0
edc204c3e18368e0a9eab593,1367115400.0
e789e801fb5d4501b5d64e2d,883225000.0
3997c10ceccd2f8c8e43cda0,1099411500.0
580d8eee8dc4b7d43cb193c7,1265081900.0
c823e3fcfbf0c43bf2d82586,1066940600.0
30677852542c78698083d4f3,1147904800.0
8fc78c514a2f1cdbc5ae6e1b,1115988000.0
73c618d704a2e1ac2bc41954,877092540.0
4ba85374c1d1f1d3f4632ca1,363289470.0
9a471715e4c4865b822a6b77,429229570.0
4e9f1e21c855f1166428fbdd,481477760.0
f11137d27a5d7fa57f94e97f,858043700.0
5fe5f3c5919c0ebd57ec8e36,580766400.0
e40742774df7d2b614f32de6,396561540.0
24b28522c72f7fc359f2a718,994369000.0
26ff1e1f4a6f6bda702fdabe,661482300.0
9e617d1fd8a4f33d7b66098a,1149000000.0
3b4e889562e4078f8f369172,456829700.0
3a50d40f15b1cf5bfb338092,465064830.0
cb2188cb8e534973ea3411a5,483042400.0
fa57f96bc6affd285d10c4f9,351725600.0
c0ea6c76eb977d83c163fd7a,369328030.0
367cd12d7f4aa93124047eb9,496544580.0
54952b5f463c64c605576601,449082880.0
57eaaaf24cf82d885f0f1dff,497503000.0
f2ba4a7a0765c3ce737b5c81,699116400.0
5282c3c48495dc31359e70c6,417511650.0
552b01d72edb192663998c4b,755576260.0
5f3a1ab21669ad9234d4dc63,935822700.0
68f431548c330f84c46174f6,893464060.0
048051ce9bf8f6a48e9451fd,1146141400.0
fa4028ad48fb2082d167989d,624346700.0
5b1902dd7768f5144ae7704c,1097929900.0
be0a8f4be774eeaa42fe460d,744290750.0
16263617308958055850aef9,1290976000.0
729f5fab1578f8cae4fca8f9,872469060.0
bddb9388922dd56737d8847b,818243650.0
9847a4ab995b7b1c30196704,1391332600.0
d19937a773269962c7f9e8a3,1169759500.0
b3c8714dcaf5322475ce2c60,1223272100.0
875126e5776dabde40e29b09,941061900.0
3a36f59d7c0e6c4eb85ca0cd,1059013250.0
630f00e15cbd7826475d1509,937291140.0
434782c3d1dc2b9ce7bcbbd9,574552300.0
a470bd174fc7587dc1449c89,1193807400.0
99c6f87ac92cc323c8caa005,862503550.0
ac9ae945fe25a46184057606,1268200800.0
15d910dd93e0aec22ccc2083,1105931300.0
6e1a9c8457d3ac6a57598052,708432100.0
14e179618d1a44c5c55e23e6,457106020.0
2b8b979cf1952fcedc63ca9e,402213000.0
7cfc3061c0b2f3bd48375ab9,716791100.0
7200e3ba2013876cdbbde972,742549440.0
9ddc1924043ee8361201b39d,908564600.0
f22d6cc8c9611a7c23fa8969,673750900.0
b7c0a0a4f5c5b986a70ff249,581278400.0
adf176b63ea23e08d252b5ea,892762240.0
77069fb9fac6b61aa6a89ae3,710483600.0
7f0f27f6d30c743acb3e867f,885777540.0
7e299fd8c2d53ff1cf95aee3,897839100.0
f309733881a4f89d9c8a8958,827448450.0
0f937643c067371018c8deee,973558400.0
8e35609c1265ddf59e1c015c,818282700.0
c1ba606f32ce0337cbccc2b1,839370240.0
15f02dd18da12f4d7b0ac2ab,569463800.0
bcbe8ed608f233d5ed7362c1,1406495900.0
14611fccccfa2a6499b2acef,452694000.0
b10b428245022d55db248b72,512627200.0
13e6c5cde1004803fed93cfc,533579940.0
ba31c38eada33f680d44627a,654717900.0
3786daeec4a4fb40ef07d8e5,581658800.0
7736ac030d8b587f44f7898b,829211600.0
98f89d21e5dbe53f8704e745,760943300.0
981fcb79db3881259eb303bb,403199230.0
08bb88dabf0070f72a801a4b,869046100.0
32d56542ab5486bdaf4466fc,689370750.0
c0f911fe7ee2113ec59cb5f8,708584800.0
3adadd50e603746e5e4fc082,1151384700.0
d117e9672b3ea0435e7a894d,410903900.0
020473766363019ee40d6685,897488060.0
b04d16faf40ee02eda59a9af,406594940.0
bd6f3819a1c0e551598fb9c7,427713570.0
5520cf373444931ed8630635,479918180.0
40355fef059659469e16e3ec,425016930.0
deb844a2812586991b3022f4,777161660.0
ac0b895f523b53b4abd013dd,654252300.0
ac208e250f5ae3e5e1008351,673255040.0
0064cd1c55914cc8370a096f,511747970.0
165fab7a9f8dd404cf4e9d9a,381143330.0
df3eca0f59974a812b4ea9b4,1122875900.0
1b7c062b606d0560e850a2e6,485062500.0
87ddb3a17b601cf7c61e8c07,697716350.0
837cb6389640f3919bc73e9b,972012800.0
77bab76414ecb20888cef7a1,1003769150.0
a9268ef5b7133cf6ed1a376a,848200900.0
cf7cbedea50333cd2dfb0e30,727414100.0
b0cfed2d25a5d78c96d39d20,1234937300.0
ec0c283eeb8db461c20af1d6,834288200.0
27c3b7ba2991e7bc0c9fc322,774053570.0
0332c7ec0d3e547ec6d61664,910212400.0
e58b92216ee6438a921ee0d4,731461300.0
f7959842378c94c9f620f561,471889630.0
cd0236af88ded6bc15b49eb2,829211600.0
d40e0c2222c0debe89735e88,471889630.0
2bc9bbe0f0216ed9d865a85a,768122100.0
e9bbc31499ca187c6a492175,735155200.0
f2409d037bc8b3e63ca69fd7,1064580540.0
5ad71b7cfd356a75021174ab,550895740.0
67dec8c47ad4de9605d56db7,606988300.0
c6d679cc07ce4373197748a8,1286446000.0
a36ff3637b7d2b1c52999ea8,1075360000.0
3a384d68b7ddab45e01b6e99,845774400.0
42d34ca2252acaf6e777d23b,1266443400.0
c4b2a42a8908cc35e649fb16,674965100.0
18c38418824075acaad8f960,684750100.0
85bb6775065df76bda33f738,858015940.0
14cee0bdd9dd5537b96d0786,757034600.0
ab332133aca64315672a7192,911279000.0
d53b60b0f2c65918153ca2e5,414807300.0
ed1f81648083d4d2726710ac,487353100.0
b6692a933facd74b4b11569e,369063230.0
90e00fc58569167c00fae7d0,602165800.0
8a514fffdec277cd46c7cc71,637757060.0
7f0b4b5851c77d78805320c5,564629300.0
fed1a608e3c0f2b79cd02ebb,458415680.0
075a5474294e25da55373a09,385666300.0
8826b9e008064cea38855d35,693653400.0
660eb3b40b2bcd07df8f5c3f,478245060.0
d55cdfba22aae78b6fab5491,410838080.0
ea6e83dbade169818975e5b3,696513000.0
dcac44d3f8024c6ea1632432,480870200.0
2772adb268cffadfb2917c2f,463450560.0
3192bb7190b9130c4e67be4e,740680900.0
9d892f73b02f001c2f715607,510093280.0
c27d72aa1fc5d37f4cc105eb,890923400.0
6c0ac32bc8a66844197c5fb4,706642700.0
52338f4f7c8af6c649106a96,573964160.0
356815b8ffc300fe03073b7a,633730100.0
22c780d56cb97fc34f29e9cb,476098980.0
806907598158861a6958388c,495427330.0
449cddc4dc3ef1e93b7f7c26,531702500.0
b225270821758e45cdead76d,488622660.0
e07bc486c6f5541e4788f83b,792907140.0
970c0d4928a9292748c0fd00,984333800.0
f73f720abdfe4b5adfa2bcda,717372400.0
48d3b0ef6e5f999bb90fbfc1,567852100.0
b3ec2f8af6e9adce047536b8,1136190100.0
0e1c66f843e06f14d7264864,782843300.0
91c4f018fc7939d150593935,935385540.0
102434eee07ed18268857a9d,1096299800.0
a4c70eae507d630c2f285eb5,1202120000.0
45abee1de734dc32936d0b1d,657379460.0
82bdf442e186baa829e06da1,707665100.0
019cd320e02a64ba3ba9a37d,715156500.0
ba1b3c8ac8afafef56233c84,737865000.0
3c3a0f57e030472879f454d8,782067260.0
d520e90e7d0c44a6b8852e5b,586396350.0
38328747d2e1e0e568c05523,507543780.0
659e9ad0f593b644071cd850,606884100.0
3e6645f2cd377ba17ae2e46e,431620220.0
307eb683db84db535106c445,769805900.0
26c8961848e3a77d98049638,758697000.0
52373e15e9dc1ad371a0c090,650113700.0
e5b2a446c12222efc187e02e,632582850.0
156f706d1d30de19f7e369ea,596150200.0
aa94d2ad36bc0e91bf561be5,957173100.0
8ab41842b8e41b89d8670ecb,391726200.0
b19ab02a8e22f3e88a26031b,608763300.0
a6b1ca7a4e91c4c0f4366984,666472000.0
a277d5e8216fdc3d7c93eb2b,744539200.0
f939b7271c4d399a5e647f8f,1073472600.0
941392f9a135909273422dec,746095800.0
e07d8e9e38e309958288a516,1162249200.0
258f10f742fcc835d53063cf,1064454660.0
fb672b4cb1b66f2022f36a40,878574300.0
ce9dbb6d009cbdbe654edcfc,773065000.0
22e524f1fab17d5b8616d741,917179840.0
7f0d874df9235245f47b04c3,1026287940.0
27a8a052b815998c771a1f55,917179840.0
b80593fba07e21f8bdbc352e,1196225700.0
d18d990404e7fd07424f5a77,583924200.0
033599f7e7ecd8d9c8cfba46,1064188740.0
51cf2fa527c3db62914169b7,639745400.0
2b2fa2ed0055a19859e78446,1010822100.0
a8e1adbf076dd737c079129c,1096186900.0
adf948af7b24f9b6f29610cd,443663000.0
23473bcde48f634641769e22,411605150.0
c90486bba327ede32dec60a6,518289150.0
d254d88ea0989a609b71fb72,401201630.0
2373c595d24a7b862b518ec5,926929860.0
ec401de1c0ab2dbc149da048,643444740.0
17c0a8fd3a2c8b5b18d61e4b,554898900.0
1a1016e7a96da2237b391be5,490981570.0
c5b40b510bf7f121c93a2332,968151230.0
aca37e216a27b4dd5337df99,1115581400.0
96f59167d17d1c99f31be997,757817660.0
062b36cb4a87cec372f9f91d,1154939000.0
0466a7e06b152c1860d44334,820927740.0
f44726680d0c594a2d430bbb,748834560.0
8aac8946e7ae5725971c5557,736894600.0
e1aa6c46135f4d1aa1b7a1f4,655876540.0
fdbe5801070756d1744211cc,881508400.0
6ec4c88b8d3a16148e2e7348,713416700.0
57c87ce038e4e523b4ec189b,779737800.0
9bd500fb24eebd53d8262b62,716019100.0
85a86e01443aba593f95dae4,762788800.0
13e2ec0a12c8a48a753b85ef,327900600.0
b93dc01af5f49e6dcfb7a547,442394660.0
71a42155184509caba01a1dc,399075360.0
25fb1c0c4aace859265de172,657379460.0
6f63e4f866bda86d5c993c8d,329379900.0
72bc42a5c73e7b1f9d54c835,627496060.0
c06f36b42021a1512cb6e3bb,380029800.0
f1a7fa5dc1996591ff97a34e,642311740.0
6128a8deb1f0bfbbf0d67769,787891460.0
b5254c6c29b4f6984d328216,442382850.0
6cb19c3e491a60bb2c166669,587533800.0
dda4ee9f3811c29e2b261a5c,586396350.0
7a564ce9a4ed3d2b8fbb1103,657379460.0
63b982fab95cd17211a4a58d,493937500.0
5272c50f1d8fded01f7fb0e0,681339300.0
02b47e60ab77588aff6cb433,457192320.0
ddcc7f7a087aa5f4797a8a5d,514160670.0
77a887ca508d924ad5203194,856462600.0
b57ab7afef2b8aee016ce6a0,1140286700.0
640a801d503d85835eb65a42,1097333200.0
767ff947b16b2271f516c28d,666206400.0
1dbb46a250f504e9c8673bed,655360100.0
fd6e9c9ed7679485dfd0b022,862181200.0
7dc4f9de14c2924b229ca0a3,764980100.0
3064379f468404110d594c87,630997000.0
6005ebd6442c62f8becdd2f5,923048450.0
b62e960eebdf95c2eaaaf9f3,1240683900.0
7b0258f1aaee97661c34de64,569703940.0
91e2f9f7d4ed776d38a3274f,1131738900.0
d505277049a254f960e114ef,602672600.0
32040dd7b8edfbe331773288,828029440.0
70e427235490d7d9c9239676,886764740.0
1a2aa38b8e18fd7ed5be77ff,1246511900.0
4883f7ce7086ba9c8ddd4315,420753300.0
4116cde03803e63a3e87e847,1141512000.0
d6de5d741702387dc3f4481f,1080483500.0
2346533f4712f3bbd036d85b,1074140300.0
f6a12c0f02fcff1be042ed0e,739966400.0
eba3cb8156e0115bd7dfb525,1439915900.0
ff27ae490bf03513b6bb386f,1250646000.0
e87779bf2f8af86fc4ae9583,440236450.0
4a809b3987cff0290c1df8fc,442563460.0
8f4241a17d1211687bf232c4,571931500.0
bd8c1ff6f9919ec6f1dccda9,645469250.0
081e008e772c6a79b809a87b,755904900.0
0eff08cf4bc42dd442a70231,697567300.0
b4e084d14962cc58d4089955,971708800.0
d02c3b5ac6fa0ed6db06e490,989153800.0
e8abf103cbe9fecbdd758516,971708800.0
05308c4f3d0e0887e4a68a92,629546000.0
256a6ba3ff423a899229f154,552298200.0
097314d920292b46eab5dbc1,726178900.0
4ce0fcf14266d144c82f8d4b,581857400.0
548791b5faf236b1c03b7523,722107140.0
40ef1682158d0c3cd07f484b,1385324300.0
7b473504c85e9cb576f951e2,649284700.0
730c7382d76a07904f559b28,466634880.0
e05598d3c49f409b937ff2a1,643671800.0
844dc89fe6588acccf0c7536,461205440.0
ad1492590bf61d2cc83b493c,953403260.0
88fce3ad9b8a965dc11336cf,399282430.0
b76d853ea415967415ace0d7,893121600.0
c12c81b3eb12bb329466e88a,990397900.0
4e27458d179a469435d02ff4,706191300.0
8d15b4bb1447eba7a680ef47,422839420.0
482c7150c7555cb35558398c,1087154400.0
e5d6be06fd53d317c8e5c7c0,561761150.0
f798e7105aa8aa66750a2c85,877587840.0
eb24e0a0ebfbe16eba466280,798702340.0
618dede0dbd48df4fe610af1,1118408600.0
6fd936b82bcfd3cd2451bdfa,555172000.0
adbb5c4ba7be2903799a51b2,901378900.0
3a99197868ce338c738a3b20,668407040.0
d4c45f35f214fc226ec85b36,687089300.0
c3140ab2134de662162af508,380061700.0
0fe23ccd8e42605f4d9f78a7,386093920.0
8816e8101ddc4e704053e23c,753475100.0
64ecb100d7882ddec6bafbcb,742957500.0
9151a8c65e1f01ce591c595d,794287600.0
c8a40314be3014c2a218f5bd,963338100.0
29bd4cbe11f44759e07487fd,555173060.0
72ddab9ba5f24941e4dbed6b,1143963900.0
1f18df9ee1b19359816ed13c,732553150.0
fb82175fad61a81e9b665fd3,1262009100.0
dee2e190c4e2539124ac3ee1,708170050.0
0cc2f3a49dd703e7554ba638,924727800.0
ece0394e38b152e6c1571324,862503550.0
e14328c988a27176e9fc63af,874328200.0
a91664b9f15f9d6f262e7b2e,1072242750.0
d54270fd6b09b38a978cd7b9,1016382200.0
40c74dec061500aaa78f78b7,564774700.0
cbf6faf7b47b43b2a77b3654,924175940.0
52fa1eb3cc7cc2f77ff98764,524987040.0
bae512bdd3b04405c519bf4a,681557700.0
e7fbff0a25cde72a38e7c7bb,854925200.0
d3f297fadece964afe5f1cc4,920327100.0
2679ba671751ff16e76f1807,696992800.0
8059e45ca26bfefbb18d8e40,747129660.0
9e7ee8e17b1e76965e96ef95,886795200.0
9039bc918a76e486041842d0,570729540.0
1d7912750a5e345f7edcdcbf,485273470.0
4fe0482ad622080f55a0460f,611194940.0
953fd7541735fa8d9a342642,918538400.0
0b3021c156324d1e7974ce3b,1079943700.0
b0a8e4b4ef6678e6b43865e2,645385540.0
bb47fda808b52f30364a4d6f,804282200.0
d846dbe691d0ee3ac5c3bec6,1154771600.0
21932b5a5fa65d237ddb6293,804282200.0
07481a101afc1d5db45245df,1035752700.0
d99c00c516cf57b6fd9e877b,481814900.0
6dbb494acdc64c03742fa730,978637250.0
35f69c7a9870ac62735d7639,480297300.0
2721f5495ef5dde16fd29cf4,903008500.0
0c068dbfdafa3429c71189af,553280830.0
f3293c4064d71f9322ca97b2,1085037200.0
5eb268b95d7b6006b064f9af,696615360.0
e13a1c06ccbf814945dbc768,784944000.0
935a1e8c7e62ca9d3bff398e,913008300.0
f0c7ecd3b2261873d3664748,1001121000.0
d2f20425e236285124eaebad,596276400.0
05926b977b5df59857194ec1,530186500.0
f548ef815603ec44f4629a60,1245801200.0
6cd147720319f60ed2599361,1064050700.0
6302477fe8172d08f3b4815f,479066720.0
b0af9b1e84a1886489d46b91,608660030.0
5f3a2a31f6d1838e0a9531fd,1153277000.0
96786aff35713dc21f6bfe5f,1221619000.0
68de232e27aa83405b4a19b9,1345825300.0
8d252e9b0912f09703110b81,505512030.0
f4e646df504728ee1e6ad0d8,416304540.0
e89cf4cc82c5283f3db6f5f6,434762430.0
1bc2c099466f9a989266be0d,387820220.0
bef2008b362c4af1fc3be566,452997200.0
7988f76ba063d25a4f467730,620370050.0
391a98a344e894c6397d62f3,509537060.0
5ab0b8b0d6d93c4654b5cc14,675692900.0
305d6abea2f3e496e3b6fcf4,882570000.0
f512fde4fa3f1f7fe885de83,710062300.0
c7b6e7a287602275f7854ef0,1105334500.0
3d11a16b008c26fe43deca03,682891460.0
ac7f21d22d013874c362d440,1338779500.0
c933750eeb53302db0245782,569067500.0
766a8ff17723a5c34324576b,771665540.0
802fe3175a2059f12d7edb99,494600260.0
508bfd077c80b6cdfc5a10e1,907970370.0
ddf8733adb641e15837bd728,634877060.0
17914fbe0c3634dae8ce9d71,708843000.0
09e4397bf9794fe24d87d07c,722451600.0
302918a3460b98acb64fafdd,573386400.0
a7e57a8be8fc8d8a844cf9f0,551134340.0
7b50b071f4d795c9b5ad7531,650472200.0
91a7bcd95c0c960e4cc22d91,771521300.0
5d4a23137173c0e2288ec418,587754600.0
751ba0c00d4fae1078c02fb9,569097900.0
e6bc998ad1d87c5be3559ab1,661990900.0
53aa9cd32e2a6aa346d3d789,661990900.0
06f22f7a8e4e78f45ae81638,839125300.0
2105c17a4e2f97183e24aa4b,729350700.0
ec13a869c212c39b6ba21b57,702995500.0
0b49dedfb53ec812962e31e7,729142100.0
69e6fbd4d3816c4cc37b265a,1216389900.0
ad46f8bd482500f3bb935737,812300500.0
368f7a70a62962bf31ec9583,1073423500.0
07412230b931192771072334,732096400.0
e63d334d9ae8b672dc7b7d5c,1073423500.0
3e1c2c5b0831edf78f7b7082,732096400.0
226277c02e8532922a1c769d,905334900.0
7902ada9116a1cf7458933cc,1039685570.0
b21f6e217d6733230a8eb7b7,735173440.0
09ac622c303bce9ad5514442,412514500.0
ea63bca8e3a77fe88d88fafc,476502340.0
a3c7c54fa12d5b57dd997210,472425470.0
cdadb2607807935a0a5597e1,626226240.0
8d041784b65d33c76e5245a4,937040900.0
e6807209b634455bad257998,582509250.0
b1e3f1efb232cb0976506cc2,911651000.0
dea95d98e8bff87b905f9172,1060535300.0
44b6382d9195ceb3f12d4939,888335740.0
41f33deb9990562def18c917,708451100.0
0a61250b2c208d42a3077bde,877092540.0
c714b30713eb7877ed3cd92a,347978800.0
bf120b883bfaf7641eda65a9,914273500.0
90b34ed38e0f18988f11d77c,1018557700.0
feade1f4b3b06fdc12ec213f,740522700.0
00bff9be2d524083e3b3149d,629546000.0
f1e38e53ddb8a9d5b641d934,1316998300.0
49dbaf0bcca86f32f86e641e,1155298200.0
18539b6cb6884f753e0ac18f,777015000.0
7586a79a0151387a1c0cd85a,691944770.0
d533a334c2ad9d510865fe54,595833000.0
95f7bbdcfb59b4cdb41b0394,721835900.0
4a2ae08359e1ecd39b43afbc,706222300.0
e8cf39cada5b7755f60306d1,677703800.0
0489a476b376f7f6efbc193b,407165340.0
7b31b5e53015f8116fedb0c6,966334100.0
4c0892a39011cc6a37fc1145,586015100.0
92d7d4fa9fd09075bec14a3c,908212860.0
5e5ea93675900efebecaa19a,446065150.0
084de1226de9a6f4a6075c2d,609727900.0
54f16cb9563346e15b019102,393912480.0
512a6de80962ab797ed2bf72,1245418600.0
871befe27fa79fc1e1813b19,987114560.0
4e0b1df5e05ac505c701f519,482593000.0
37227e66adec69299f853e51,751339650.0
0a0e3ee960f60d04ffd6bc0a,647340800.0
82b15a5da307865c7045dd56,802226100.0
44d596fa36e3992208292ade,656105540.0
3569024b3ae4865240973e6d,543975200.0
31d3215c8345d48ce9734c65,474576740.0
147e7f5381d3c951fc446376,630281300.0
77deea164a3a622df41249f5,425661060.0
3cdee5304896e4cb9604ebe3,651146240.0
f5418917530b72c9fea14f66,569067500.0
ffcbce226963f10da8c53fd7,791773700.0
2fffe55a1584619bd7c489f6,771665540.0
3920eb3f72b96fcb58ef778a,403899680.0
d10bdbfbd411ae625dc80611,469730850.0
d61ac80c0d4737c3529f4a2e,615096300.0
f8948886cb4cb018eca25d19,431449020.0
da5bf7f1c7b2f4ad670e2382,773118100.0
f406c9c3c92e9b31310a50ec,618844350.0
171b560236ce760573a990fb,1020138400.0
4d852bd93332172bfb081aff,1020138400.0
2e1f7569d134a931098a2ede,794055800.0
6d8d2ba62c52445d78f687ed,673307700.0
65ae1a893abdc2eaa63d9271,1104997200.0
c9c51c39725d7df94822fb20,675065540.0
56ddb54e50deaf650a25e82c,633057200.0
aeb330dede55fb66654901fa,1265081900.0
4f4e3350c429c6afc0bb0094,741850200.0
39377d0d271da03ad85c7bd1,497503000.0
bda2fcbba2b412981e708054,883225000.0
eb89d0b7914010148e6bb597,644185200.0
513d0ddf1ce44ca671675fe1,1358011500.0
14cd5f188cf6d2433240b5cd,496544580.0
dbbe0b6f5eb07a5f9ec873a2,1025419140.0
f9acdd3fa50068bc0180d008,561712960.0
4a85c36fb854e922936b57fa,381755200.0
937876bdc44c3b8fe063a9aa,675065540.0
001399d3861c5792ccb8b515,1099411500.0
f28514aa4d6ffa36104411c7,650560260.0
3b185e3e31f7f5e6a1b3193c,695506750.0
f4c7cc4a249ae7037aa0b35e,703109500.0
b74a02ef5cc838952bb9afd4,712202600.0
75f5aff9fa70208ddd843779,640126200.0
b7273cac93fb7a0034039600,1188094500.0
b73bcc0cbfa173c9fa404369,888608600.0
3c4c18326318a7207b589dbd,418917950.0
29a230f7dde5753e65b661dd,796666600.0
c083a5c64c4d6952accd7bdc,623882430.0
1cf29f882ee8b458b8f27091,922964000.0
94c15574aacdc5c3cf5a406b,503375100.0
661f7eaf134a5b142843368c,619221000.0
14a5bf235097782f468fbf23,528711140.0
d2d46c70dc048c92c8e4f09e,922196740.0
f6faf74c3f4e02a6b333b7af,940442800.0
6dfa362ff7a0d55693793db3,535223040.0
b070e3747bcf22ed67509efc,796385600.0
7333f19416625d6f4244fe02,378311460.0
3c86651d9bbfbb335f15b544,634184770.0
9d8affa93ce4dc7c1a21b3a3,986448260.0
eb8cc67810d95d1b102410b7,1282462300.0
047f94605add5f6f84fc3f90,744946900.0
56ba332c82c36f07ba6bd271,1189441300.0
5814a1dd61362ded4f1d8d8d,1463481500.0
141ac7bbe9637f9e5142135c,1098041000.0
08db0ce5cd15db2404ff3d28,599277300.0
c38677ed0876b7996f596336,356095700.0
daa4d7da8d7df8efc1adc9d1,476657800.0
f15c6403c6d4e3676a607780,471464100.0
4d0cf77f8cfcada2265ac585,511935420.0
4caab3951bd6cb6dc71ac8a0,574863600.0
7cb64b94877a9361f20027cd,486010800.0
3f438d6202cfd4527bd8f983,448543580.0
b7763beef728bc2021ebb841,480731700.0
4cea8ea969dcc433fcb59d96,1212970200.0
24fadbd1dec637edb728baa3,747326400.0
63cf422266e7c39a6c895b3e,739089000.0
dbaa5d47ff63125584bf7ac0,768539800.0
da12ac932dd8a2fabade4bdd,660735800.0
f35538e95b4a567f9b834034,1024078340.0
6ee1e976768b68cbc8008950,767719360.0
a910019b3d18da92b4c6862f,777191360.0
a09413ca0b723170c26652a3,697713660.0
2b451da55be3683c33e4de31,1019850430.0
561840990333852ace562b82,599268160.0
b6695af1ce28eb50d7a2c25d,1461712800.0
9327563b40f2a0f888c68f28,1128443100.0
3438e5d77044f21743e56edc,858783800.0
63cde4fad1be942dc5ee695d,487281500.0
8e712705b7de6e791c8735de,627816900.0
85de01c0aa787152c77c6180,434994700.0
c9b0673becdedeede0209697,459141950.0
15ee6357e02b76367682d6bd,988518200.0
5f284a75ec8e9c72abc76695,847680100.0
37e696957da15625da71146e,611337150.0
96a478c359fea0014fde607d,998034300.0
1a61721fb7306d55dd77b6ba,998034300.0
a7577260fa10bf408f1997d8,777281800.0
b3f8ffa761119a5441a44ad4,1034909500.0
a5c85b445f503a56e0e2a924,1146141400.0
5aac1a1d5da10b76ba4b690c,913443800.0
1420543e2eb5f38e4d38ba81,1233242600.0
a530e3ff6d7bc1abe333245d,555172000.0
aa9988248c7dedb016d8b6ae,783188350.0
fe8ab5495cae81b5478026a4,569703940.0
b463c62e3c21e339e7acb52f,644185200.0
00a5133e7373eae3f0be8f2e,448892770.0
38b424cb0e54f0f7f2745781,691885400.0
c43530f324a3ac90f53a8849,687089300.0
abf93b2418fcdac14293c9a7,642311740.0
9b1be976725ddd512cd222a8,1097929900.0
9b7f17ddae12105d47fad7eb,820932500.0
3caab5e89722761d5ab2498a,452694000.0
a2f40c8227b466249d6cb659,786262660.0
e6a5007ffb7c1321d4fc21a8,650203000.0
0d50b435188b7830a6949026,495886800.0
d4bee60a74c2e2235f507ec0,907724540.0
b474103c4b637ca25b5d89e8,668274400.0
ce6ddb82d2ece3b8d58fcc63,604055900.0
28403f16831effcb75471738,409041280.0
03f518e2e5861002772345fd,400703780.0
011a6d0f12ba108ef15076b4,396860400.0
93ac0b004ca60ea56cc2bb9f,649719500.0
1b70fbd3e46da8c47c3eed61,437159700.0
cb40d6ea6a1eab77a60c1ba3,619679400.0
87c73db5d50e8ec3a22e6ccc,669715100.0
9aea45bade274e4ed91ec301,504868350.0
43c22bfa9a14df7b0126c12e,541879230.0
6d848e54ee68e6d8f23b3b1a,500061200.0
e5cd7a2aed48057b0dc8d970,475897400.0
bc4b94c892fea57ebae3eeb6,455509800.0
e7bb12e99318573a6e6ce1cf,693862400.0
4b52ebb0f0a8878def4170c9,655222600.0
3e85b447edd3b23b5a0d3b79,638484900.0
15005fe7eb24aa25b9e3cee7,672758300.0
22e00f8057294350ddf4d42a,690692100.0
ddf2583bd65f02abf7ce3280,971729200.0
704e5657734af93d19a0e5fa,806885060.0
cc1a11362066152d21d4cc60,519575870.0
12062de068acd322b610fcf1,673307700.0
e9804af0513b2f68daf182b3,1007799700.0
f13d8f4b2e3114d71e5ed941,851004350.0
11bccaef3431fc17953eb81c,853511000.0
ef2b9c11f884cc5f31c26f60,767085600.0
25986c851e13c92ede6c6d6b,1138085600.0
37e28ed39a51956880d211af,1210107100.0
9530217ea0b5d2395adfcc9d,1204403500.0
d8607e3261ef1546eb0c30f0,1092232000.0
22a025ad47ba22ea9fd1a094,614251000.0
1c88ddc21f3e8e4ca633621d,361435800.0
e45ba581daff88707ad842a9,456369900.0
d7e97cc158c6c54b02fe635c,739681340.0
04bb7cdebb8b66e783058248,453677700.0
d60cf6dcb7b4b40077536604,1074140300.0
85ceb648cee9f6f3d221254c,786238660.0
f58528d3ddce3bc6c71bfce9,944431600.0
c269765ece36cd93058efab9,595126600.0
919bdfeb16dd0bf67787d53e,514160670.0
ed8eacb8746dbcc3c2ef3aa9,749709200.0
15ec532ec6fb73074b9b12c9,545179100.0
58a724e8a0e05140b07539b6,739966400.0
2b7a5be93795a65d29970b02,1079573000.0
6dde9af12b6597425160a47a,1036446340.0
f0ec99c13c61e89310ca9b8a,654183700.0
65c83da72c07b8e74bf581f5,733154200.0
3ecdb7a7d178b48361340ea9,751637800.0
af22669e3ed10470623fd8eb,858734660.0
748c981380925e1247b9e64e,1133488600.0
78ab6cb1f62a7e781d4c4d0a,472198460.0
e80ba06329760362c7685ca5,487373540.0
3cecc0cc43ef46670a8e69bd,569939800.0
527e4b1b06637b5362c8f17d,662848830.0
cf9eb2cd0f20b13cc8816bbc,403453900.0
4b3a6baf8196a59bac8c08c0,461104300.0
9bb9864a6bcff25b17477717,585407360.0
4f7d630c921cff500705ee5a,682912260.0
7b7c0544ece4aa383fd5b4ce,716516350.0
191094739043620c72aad2a0,878916200.0
a20435d582c7646db231e7d2,994369000.0
1555743ec7e2f38904852860,557051500.0
1c7452cfc46652a60b7a4f05,821347500.0
97439d5a82f970e7f50d51b9,837758000.0
7667cd57d0bec809417c9b11,689069700.0
103f6eaf04b44c4013acf097,1082573200.0
e6ef433629e193042bd30f4d,961474940.0
2ee7f959d069c9ca223115cc,996054660.0
b46625b69fba1afc154471e0,819233700.0
5cc0700421954934cd8dc445,935198200.0
066f1b68f7c053a196662fe0,725275000.0
645e1c7b799a489887086a1d,1001121000.0
f426c41d6d8bc99f359f480c,479984100.0
d1be4eae680cb16d0c842606,1245801200.0
57a5f4f83a474ae156f207ee,696615360.0
53eab0ecc3ff098d55666699,1095194200.0
54022fa49ecd9cf290aefc89,1356903300.0
545db4962e6294cc5ed07727,1097929900.0
8e17bc9f09099ba3138c232a,1333488900.0
3b4b303bbeece313f92cb85e,745286500.0
d0119d7bb15452c473ed28ba,1003413100.0
1a36f98c62f5126c8064314c,755576260.0
96a77e8e42d676b0da3fa572,725630600.0
d7d6f668e3e40d957163276f,453381000.0
5b908b8abd8dd0862440c172,600534850.0
81716dd4aedf72a6a14392e4,383781900.0
47d252717c4bcae3e1ff19e4,855837200.0
4f0b2f7e4d787a108a4d2537,642271300.0
90a43053efa1d292af692a87,530998140.0
c3df4b9fdaa4dcb13723b5f1,788165060.0
4b905620f76873355d317dc1,790497100.0
ea16314310144a10c81da9c7,762692800.0
0e5db1a36a521a5d2912b238,629739300.0
c53c58dd7b26902f67c3becd,486270430.0
6c17875f20f58b1fb211c18f,984076700.0
200020552855ed39d1af999a,608159900.0
b44b862cbd855d46954eca5c,624419300.0
ce47299ee877638c4729f60a,586901000.0
3a28bf9841e6a9d3f1bc293a,827903100.0
3a488b9e24d9b8fc7c222e20,393291620.0
5469c33200ffa87952b356d0,404110050.0
b57174dd86ed451448dc501b,562722050.0
ebe09efa32acf6d680341840,860605600.0
33f7d5aa494288cc90d60456,1071155300.0
de9a32ec454c2696cf75eb0d,539262400.0
df4400c44a166c851ff46eab,719053250.0
5dcc8f6a6854a864dcd27a87,603197000.0
bc08ce9f24533cd644ef08b8,525370700.0
2935cc0e053bf558a8b73054,603197000.0
f08001f2590d7b734467c58b,553592260.0
5a9892659590355b91442979,699788800.0
ea34dfefac91681864c2bfe1,837297900.0
ee3b5d47d05a80c07751f7a1,1002454700.0
448ad01af4c5cfba3feeab26,1002454700.0
bcf43ae0b4b15ae168abca97,1220834000.0
8ccd326e4f515bf7e817a14a,943034750.0
94535dcf38c9c6461a73db02,429313900.0
9b3557302e940d4da341cdab,573540600.0
edf8c961862a4ff8e1e44f1a,820810300.0
6e508fb72f189a4fa91bde58,845089100.0
7d0a4771afb00cf9a38ccb81,1229606800.0
8c32b6b31d1a1d5736c4df61,1275334800.0
da782fc0c8a79e3e250f0f67,410929000.0
c86e643b7f7b57b4482020ef,490521020.0
4632f1e8fc93e268ddeba07b,588761100.0
2cd372392fda500e6526695b,716973000.0
a05ef49ad8b2d6c466ac7412,915652160.0
9f50ed2b7e40847ffd877f4b,1072774660.0
c00083aa30ba7d953361674f,435620700.0
50857161c59b991304f5c55c,697861440.0
3676f63aa0ab23ca7cd344b7,433073200.0
3710ec95af4702c45f165279,672758300.0
16db516a238934a730ced1e8,517378500.0
d450dd622183c7cc43a20d70,499203520.0
ba84fbef80c8a82895ec599d,1405643100.0
ee85a12b8f764bc15164dc7a,641515900.0
0038a3b703f4ec779bbcfe6b,768136770.0
aa643acab634ee591a2a43ce,660362900.0
d6438814f4ff3853bf6cdb13,858102660.0
a37522af63bbed2f4d10900e,1233242600.0
0b715ccd3b3e01444b855857,382288580.0
fbdb9caee4455e99259cf921,435118300.0
b3c02569b8fb721934f51c52,503943800.0
c07e2ef0bed4be12e41c783e,649735600.0
1b4e4016cb766bfadea42f73,485019000.0
ecf4e968c925cf8322f8a0bd,329184580.0
6cc0e6bfd30ed93fca2bb217,459760640.0
3e7f514983daa92e49a7c87a,468045060.0
97a22807207cdfb341d5c50c,430491400.0
3f9e95762d2f2056e9716039,600497000.0
255c5b92d71a00c3a73b9aa8,365216030.0
58d24ab99d74ae4c449c90ba,844600800.0
51d1df6e1f28c40dc9074b74,961902300.0
16261339c3a99635717fcda8,937275000.0
1475cdbbac4aa486266e439f,812813440.0
2a9974fe07b1e4427e386e06,561938000.0
cf76689ebaa20c70d9db4d51,1358011500.0
f9379319f992cbadc43b9189,739127100.0
62313cfe4272d263173e1ea9,736342400.0
b2c62bb0cf8d210dc4635653,958073600.0
5d2fd288d33283826210cb90,1204403500.0
3454ab4ad567d2d22d990fec,838906100.0
58be66aeab226c35330d57d5,628137860.0
315ea6fbd6b3261cae7fb900,796139500.0
6930d8e260fafaa5c317dc82,630586750.0
0fa99fd0e8cebb71a3bb0871,349032400.0
fba946e4ceea37176170835b,546531460.0
b53d4d8d0bd4a0ae84fbc22e,542732600.0
8bb1a2ecc997779d1addf12c,494173100.0
6dd97377cbc262b07ea2eb99,443129380.0
5c50853824c890a5a7f0cd70,737960700.0
4c3865a97f5877090e7a9649,702483460.0
a3cb2a035f98276076f2d848,435312540.0
40d04ff9c405cccfc82ed5a5,429439200.0
22caf82aae904c79057fcb3b,517861280.0
eaf87358d89af17c3e004c21,836066000.0
9ab5ef2c5650c4bd05248990,485019000.0
d96e3063ce77ab1235e2ba26,526910100.0
665d62a8019b27bf5ce6e6b4,446273630.0
56234f11aae98489ae00a8d3,596828300.0
76a5158e1a5c1f9fae8ee882,555968830.0
d974970034de145d469d09c5,621528400.0
7b5db1e4f4f47b4bf7c827ee,524557630.0
73ff6ce99ba5dd8cfab0faed,491321600.0
e1cecc8f17883ba6e2723826,497503000.0
857870b1412b84f0f19ed751,462372500.0
d89dff35fa1944191aa9ed98,1047951800.0
86b89233e0176e034ae3cb7b,894959900.0
dd3d529f3745159d9e7746b2,1007778500.0
af10ec1529a63d0bc10b056d,1015765950.0
a2645174e4e15c49331f576a,980408400.0
311dcf366691c44243b7b89c,1312234200.0
4cbc74a93e33f7b4812e1a7c,570400900.0
6e0140e1d667cecd155c6e23,612099100.0
dba6308e2358f30b7ec33f59,970928830.0
761ba98d35074faee3594dbc,644968400.0
b961220d34be930fada80887,1054397760.0
c9c3973bb37b5c688a7c0157,708240300.0
79a0bffec81b17d606a606f5,980408400.0
135f6f92c4ec95847e8840eb,495741150.0
05858b1e4445f56f22e1f4bb,869062660.0
623b7d96c0fa09e50148aa7b,851004350.0
e61e5d3288f02b904d3b1e38,1028315900.0
0d173e7afc8f8babbef6ae97,1044007600.0
7635a792e5002ab99ceef583,700047800.0
4da93e7126354a474d435a4a,960472300.0
a4c71322f79dbbbedab3191a,814275200.0
57ef53ecf8b709ddc05aceec,1075001100.0
65c3e09ee6f1ef0500ca4316,859432700.0
74d0b6e87c2045f95fd493c4,1034191200.0
4a3d0390e005fa5b4c9403f4,1267216600.0
a3aac701ae444b6d91b7bb0f,749173100.0
4afa3a1b63c076123e7a5279,1120965000.0
c97adfa6f5ad3e3db6b80edd,1090335700.0
58cdc29143b85386c76bedbd,1094181500.0
1f81176d8a0c61a7177c6c2b,1269408400.0
1c2e69465c75fb3af2d57351,817702300.0
7a10ffd970cc822108ce7cf0,1127105200.0
3bfccc757ef82ff2774f2db9,1390046100.0
3c753ecb3a4f8ce43077a6c1,1266813000.0
100e9e2623cb0fc52fb08813,1087579500.0
90a269d52e47c1705f9b6cf0,1115988000.0
34f4df9fce2ec05633d0cbd1,570365000.0
1e4fd826fc8693b17f6efc3b,1183785300.0
efd9d848677015f13688453b,443915260.0
07cd866c871333283ecb2d23,921412540.0
76a307d6b36b8a51115e91b2,801510340.0
080969c751cb94822aeeb755,375782880.0
1e37fb708b70b6b5e8fb5cd2,571192400.0
4e47d2c8ccf9929ad9c84544,503815970.0
3c877a0fbe08cda958ff8f46,860684350.0
ae59a0d6441697841d86cfcb,429931740.0
2fdb80ee4f9a35663e92b3b2,691253570.0
3a513410a390c75fc14b0b3b,423002370.0
0616401503f2ebc05af7ce4f,479032000.0
98b973c8597d5805f87dd074,695708400.0
7063abb555d919d5300af3aa,861268900.0
88c4b21ecffe12cb6c408a6c,1131738900.0
75a4421cced1111492d00298,483042400.0
0482cd89d767b3b7de976c3a,408426940.0
bda9e5d8048acbbe5a9d49ea,484687940.0
2152ed6b2b2eaf16ec272cb6,567324860.0
9bf2e0c1bc82010e92da2540,564856600.0
110af3c21ecdf156898c7c0d,989153800.0
2790ead3eba9370f00024472,663350900.0
9b06c7cebd33cd26cd6cc089,1234035600.0
fbb89795386c14f5088fccdc,766009500.0
e8a3d9d6134ae8d631791e52,1237089800.0
5c535b7d92e34c0fe4b66891,844536400.0
d88544e4e85add30aa795ce6,478283400.0
01b78983d268b52137e5ac1b,428932480.0
25414034e50ca33fcdcda4cf,637982140.0
2212e0125cb7f75390020951,792517060.0
a4d5ea1b907e98be72b5c49b,566001900.0
2df90c0a3e2b9138fe276a75,675169860.0
c520b7e8de3796450ce49a30,334293250.0
35114fa32397272437e67a54,627816900.0
bb5726ac16b4ade709151159,558688060.0
b4dc6733589bb35444b74c55,792625860.0
3b0b0bb06d95c5ea1aed2d95,549639400.0
fb7bd85c05cd74d945d22de0,450354100.0
6396667677a878ff61e1b536,533940350.0
47b5804ba1a998c3e7544092,573621570.0
ad4d91ed26c1fd5702b94064,811583400.0
2b802261b8bd839aa0b04b16,766009500.0
0bf9fe130da23aea7142bb7a,748240640.0
90511f2411d4a37a7224b995,556968700.0
1355fdce5b97bb36da15734e,1172480100.0
775a6affce535c5a19ea5f30,758409100.0
e36d70d72c2758d7fef242df,710169200.0
2fde05df6a3aa9f57385e6a7,479996000.0
5e0100ae728e347eedce5b14,1245801200.0
a636ffa140f80412f003734d,947325440.0
74746d24b9bd86e23338bcd9,696615360.0
99c539fecb3bc233288ff905,705882940.0
44760087930212643641eeb4,1170321900.0
2c5d940b5ef2276f1fac1ca5,1001121000.0
b26f22f1fd5a991ecd1e07f8,640244700.0
1ffafa78622c45ea4127ce82,524559650.0
32a555016892e7a74d231545,725630600.0
8d06037db08d0754bb67da4f,725275000.0
80255211d99c72e343b32798,1413434200.0
070062cd1c769f3be9255af1,1170321900.0
0451f65828e628c2220df77f,745286500.0
d96f6225db81dbf3d1a0e9bd,421944350.0
b1527eec2e6709dc51e03f9e,893464060.0
5464fe43eded098294d634ba,556968700.0
ea37ad89fbe4159940586718,388005220.0
4057a676e7012fd37af9c3b1,486089600.0
51273a81121232e7f30cfd1e,357581470.0
3cfd9ba5c6993718c0c532ff,474024000.0
8567e677b30c410df80004c9,672135000.0
7a34bcd9f86f5036b526c3f4,681167800.0
3dda25226646e1e91f4c948d,681167800.0
a2529027db6b525e365e7be0,708024200.0
c6115d5e908e04e67915a581,687554700.0
8d0ae601094562744c8dba4f,474136130.0
55209683056fe2f9faef7fc8,479661020.0
e840095310907e82a159d683,681167800.0
278fcdbf16e3064ba42c6785,1071057200.0
74af10afa02e7724eeeef108,862891840.0
b763f71e8a5bdeecf0f3f0e5,392965440.0
5472d536d1b6b731537bb67e,567370300.0
995ba6d1fd63d5160fb18e71,858538100.0
f424ca724e7df1c37ed78aa9,783315300.0
c2aa451b62293042b7244fff,901980860.0
d4ca9506161d3f4bb3ca57fa,394695400.0
799862427c1f335eadedf4e8,393381660.0
1f3b3bd08063993c23586c93,504186080.0
817422f4c278ff27a22b05d7,459257570.0
db9798a3f9ac287754f3ae01,822267600.0
7ead45d1f505649429904307,603588300.0
ac7ab254166442188c6c5c25,695071800.0
67250a8950aebdbc67f7fbfa,995955840.0
641f4319c315cbb74872b8ac,403528540.0
710b0541a025b1b6a5a80c41,470670750.0
a10f459124248ef30f290cad,553739000.0
1aac53220223d0d823e70d0f,469591100.0
9d0ae0c4dc11d8c6d94e545e,714326300.0
be685d2954b8c7337ec94942,629401900.0
e43151473292e4e98f121f63,428610270.0
e04fab3d74d14be3b8dd2c8c,617474300.0
c77509a6eb6665bb8eb07d95,793881660.0
9753470e033b35407a2eca2d,938525500.0
825f57ad0527d4abf41cffc9,815479740.0
0d8074979d302868c2534262,961397900.0
15a3e60c7a5d55243057d7df,490434940.0
6de06f867a28393a9e95c7d4,394766900.0
4d418d0079828e244dbaff5a,564765060.0
2de93fc191360ae22b0402dd,408340480.0
86792949f2e6a347208cbffd,418703870.0
6d8a0768adedcc1070d28390,977849860.0
459963742bbaadbd9db97723,750822500.0
235b10cad7233d579a966948,451635800.0
4443407341bec8b7b0af40b4,765444200.0
d7047492f4c53a0cdbde60e5,1112861200.0
5541cbe23acd6ffd4aa0d939,812300500.0
1d0853f825cc0aec6f5544cb,1061927940.0
f016623361c6ccc5163e79d5,1170096500.0
d280fed64d1c23ac9d79ce20,1098330000.0
7e86f11cd63ff6c8a3c12fe2,877028900.0
9d7f161ee660b1bcb54574b1,1105931300.0
a0722c5527c6d3cd5cac9477,1175308000.0
278a2cd98528eb1341a6b685,492821400.0
b755f88ff3907bbe2a417e07,822198600.0
2bb55b0a92d62454867bb158,921533800.0
960c9349b6ef9b747ebe5829,1093234400.0
2c8352c418097f82a50d9bbf,1028229600.0
47d7ba800f164f397fcafa9d,538452540.0
610061a0e67aea7d222f08cf,1071539460.0
a33de2559b5f56d1b3cfce08,720837000.0
f020fef57e9069e4dea2d71f,1485235600.0
883f095dd3f7e972d7dd3c2b,642365630.0
b0b784bfe2d3c1b3b1320613,950030500.0
1ea66dd4a72d93f5967be730,571460400.0
90b04117887941ac898a67a8,391726940.0
022357a3d48ea87d58ffb46e,319146100.0
292224fa68b0303a90063801,779575700.0
6cf924390dd3ed4454403887,504659420.0
555a293dbc104e00f182fe34,570614140.0
e13ef02a57d35f71a4fe6121,512071170.0
c82929467d22589ec62c0475,687219000.0
18a74c9a49ad381aee5e02de,516221280.0
da40d46cb91d9e59fe12e6ba,690607800.0
6320f26d77fcd56675db6b97,830853400.0
3307731f3bc518012912f1b3,722634900.0
ba94572d1e050bb92522f112,491200740.0
6e0d6bcb01e99fc4959d3f7f,410503600.0
dc3cbbb2fa00043d02958219,398491970.0
495aa774f4db66db6df30e93,436913000.0
6ba298925ffad32daae55385,587533800.0
8df5099d856c7f9de43990ab,751418500.0
93c5c5d9d1e99824178be9ff,718059600.0
ffbce3ccf241890ec95104e4,324748100.0
2c03c38782e365e68b32d6bf,705888300.0
7734421098413f27fae86fef,589358800.0
2b50969f1faab80655bb9104,585707840.0
025a98586386211b1519f9be,455617540.0
6013b8c04f7b9fbc74ef1ec4,538478200.0
11075db1cf9899c8640e1b90,514434340.0
61ba09084039a467410aeadb,817630600.0
eb2880c2433c4b2500fd40ef,562462340.0
f7f8607535159c82dbfc6c14,426233020.0
35c7a7c0ace36f4b95423c4c,510498180.0
c71123c31d02408cdaa74daa,545179100.0
dd8aa138623604829d56ac2c,410503600.0
cb94eee5ecfc75d0fd5ba6e5,737960700.0
ae6bfb4eb4770f2266e3b961,580249340.0
573ea1962372999346590c0f,948862500.0
9f7204b4bb3ffb8591e3164d,964879100.0
a4410bebf9843297fe32d63c,701035200.0
2afd9dd680803e3c12d5242b,884381440.0
a7618c242fd918ed894304b5,624680200.0
5ebc5cc2c1488f681cd119f2,837460860.0
cd53a991573ecb5c53f47986,965582340.0
75ecbc0c0e8e76bb8d734f60,828094200.0
47c2934aaa5934c68dcb9e51,990074940.0
386ad1ba1cada9649f3415c0,679088300.0
9ca0839c9c294674e86eb691,1356903300.0
bdbaafd11259af6300321a89,652838700.0
2e41ceccc918145dbe7de0be,520901570.0
11df35a3fbcef34e47747e38,634345660.0
b0bcb64f2f2ba69cc712e0ae,1234937300.0
bce0a4447db2d54d36661011,631505100.0
ef7ba10407cd74590ea3fff3,750686460.0
a743dc3903eaf3576046ef3d,974576500.0
b3d072ebd7908688d908d350,723362940.0
a48abdedbe3d132276dbe403,1097333200.0
c6b7e739125907c86a8997d3,886418100.0
813d9415d9abca46ad4d92f0,1154322400.0
c631f8920a2fd1160f6b15cc,738181760.0
16194707d4e85fe332411bd4,727414100.0
31e241881acaceb02ef915d2,894349000.0
a3f1214ea44063ad10956fca,850165570.0
ab086fddcb949e3dc0ed9b5d,619573060.0
ec4df02b32d90c019125d108,1008682400.0
09eb808ca3859318d6328db8,578220900.0
f520fd12dd3ed32ba78d357b,853569540.0
0a2f7379cd1bed7d2d2d5a01,746101500.0
30652905d3eacda34ff61a9e,805471940.0
0509650d34981639b9c64a22,708736260.0
77cd6b199ee485314bc74626,430552130.0
10c836c2e566dfe9edcf3d8e,1403740800.0
e109ccb29c02c9b35b789c90,818694850.0
2d60a221b478264cab9816f7,764918850.0
d34c48ffe935cec3358b2247,780828700.0
9cbed1ed72b444c22d8c1614,714170940.0
735c3aff4c151dbc32f9a76b,1041322800.0
a4b6ceedaf89cff74a292ab5,804030660.0
052957f95b6e7b41bc625009,968553900.0
33a61cda27fadacce0d1aa7b,907075500.0
6c3bc8c58ce67b8bb9f5894f,938860300.0
1988513503246248b80c7f17,1292683500.0
57c29184563b31f5f752c5c1,1286151600.0
bc6a7d4ceee8bbff9ac5eda8,1082449300.0
f1b7ae24195b4414e6d6a001,1269846700.0
e7b3ec90b47c9e6009ca8a75,825142700.0
39b62c6fca161b80bc6726c4,998131400.0
55163359d7cd910861059389,1243897000.0
df35908d6ae2847dfc73cf9f,999718500.0
ac822dd448e04e9f8dd1721d,958589060.0
7e86148f53beefced6e0f3e4,500854400.0
6eff15cd6372aeaab2e665d8,433280600.0
0a1af9bb571b90233856289a,480834430.0
b3cc5930a3cb26e35a45e09a,529241820.0
0c12f73305bc7d72bdbd9789,547190700.0
ac048209de77cae737d60545,422396900.0
9239fafbffc066dff0811302,332193820.0
8e0ba427ea909cb7943929b0,609398800.0
b3c99f30b16fa80cdb4f213c,627717500.0
d1dc16c82942902c668a5c9b,896873700.0
5cfc9e48ab90da0f4e98a7ae,886744450.0
9abad9f79352ed42d1a9f099,411689950.0
dedeafb60b4a39950e7a984d,411689950.0
74cca5cd08c4bbf5d0404d74,832820740.0
b6aa1cb0187c4a1715517fca,411689950.0
e22bad460ec1bc991f14bfbc,737492160.0
594d46a91315527995cbd807,560520700.0
2c0b4c8269cbe25a4e85e049,419479230.0
1014d3a98e886e1a7358e29f,734691200.0
73d6bb3d6ae08921a6117f5d,471654800.0
de3b619a7c80549db6ab16af,470080420.0
da34d6cd832009e428d2b467,380051520.0
104722434c2deed04a901aa0,389399000.0
cee66eef685e4764b9553a02,491321600.0
58b40969f1b73182cb6d30db,491321600.0
964e9c3f87176e761484543e,608184200.0
19487167081a9b0dd09d7975,1023635100.0
7d8e345c9b16d0fd69f848ea,1273463000.0
7d4ba999100c8e694fd820cf,933695740.0
c6b157e7a6ca08d04ec4de4f,877057400.0
84ec2d5245cfa146dab05065,802547500.0
c844a386941b86a3d4c0312a,553441300.0
0648aae13097ac649fe714b9,903887300.0
34f220a8ee1f24bcc5790364,429182080.0
d12eda0ba04f846d73cd7acf,1108628400.0
c12904320223ddd043f39c63,433073200.0
8bce0097d22b34a804b502bb,421310660.0
ec1171cac1eee089be6f427d,414739260.0
5d85d77a06d0f0324d15d162,989153800.0
0349908483ce628a0a5fc164,1049013760.0
d74da3bb780515b1273d741c,766009500.0
64cb8fc8412c9247a5c243ce,1237089800.0
3a53919313bd750f2b1af906,990486660.0
91d265ffaa6b407e9747b15b,873753000.0
1db1d1b76e09197dd915a8f1,1259842200.0
6645a3080e5d10779672d139,978249100.0
3ff6e77706eae698f86eec29,828789440.0
4670d21fa84e40184f03d5de,352738720.0
ee8bad3fdc93f7fb79c9cbd8,1140872000.0
b624f0438025478c9f66fec2,965645000.0
37dba4927e327d3a4a0c1d36,597250750.0
8d16b1bdea35630a3b09b192,620263550.0
d54a4c353cebf18d452be515,443740860.0
c402811ade75f5e3dee73ac3,731499000.0
dd926903e87d691a0f15dba3,765209200.0
cb01687abe09df6838e1b224,685267460.0
6ad3e1a47d1055b55d14e091,789870100.0
b8d50a94e8166e471fd8282b,627922240.0
a77d82703468f2f9e8f2ea0e,694755000.0
5d2be469f69f31090769efe3,726507260.0
c4e8559ee733a551649a5dcf,749679170.0
5996fc90f923d6e8527097ae,643421440.0
32d5772adbcc785ecbc2c55f,598461760.0
5f088237d263c37e78264bba,575175100.0
799afa0396b9f268f239db51,386791200.0
bd23b1463f0936d2ced5fc67,719927400.0
8f35a5d800d98481d7a8b6a4,556947460.0
371b5ecf08973fc6e6849d14,532133700.0
fa70a55dd0e2053a1b566de1,412897860.0
584364cece0bc4d17f0e7fac,451625470.0
cd968f8973a267790a38f2f2,452184000.0
c46b122728ef4c9ae8be444f,769466750.0
4056182cbd8c12cd87ad9e84,587070100.0
6ac747618b6ca674e86cd275,539978750.0
afb02897c700dbac941ba8b1,616818600.0
198cd3f4e9be65b83f01ceea,787095400.0
c92bdf97d7f0a9a12c024406,429651400.0
e00e5934d1941490834c3145,1045751400.0
5b139fdb19ff722a846d71f0,766009500.0
8b554961129384797391d1ae,1227282400.0
854e27be18fb8f24fd433eb7,811583400.0
241d9f8599ce6cadac1d6609,724850400.0
b85b37ae83ef95baa03752f9,888428900.0
5b3ba9e56e24e08e1f81e220,513841060.0
58c6518f9d2d0526d31e7566,465711940.0
38a1e2050dcab9b4c70c5e83,516478300.0
da94e4a5fdebe3ae7bb1adcc,746612600.0
49fb2771ea6c1e8950cc9a57,782092600.0
f2b67c40a560af8729bc6072,546021950.0
13fc2dd1cd32d9cfa457a5b1,850537000.0
b6ebc3b8408793f5058cbb90,1017794500.0
75ce506dcb994b10497e6816,507816860.0
6dbfb281abaa9a6956c080d7,370745250.0
af67a68803a18663e4b03eb1,413064830.0
a9c212f77a048ddc33ecebba,494012860.0
df89fa06e32e90b0b6c2014e,612359500.0
f20a7f264a8285a75dacdc1d,1294556300.0
61a363a73f3c93aa1775c4ff,901901700.0
d8c1f7303b205fbaba2890b9,435821820.0
70962daad7cd15ee8af564fa,1144808700.0
087caf4bce7b0a3fe3c47dc6,584696600.0
5d2200b04fde91f830478aa4,477592400.0
821eabfeef3dcc622fbcbfc4,374420670.0
3d722d960b860b4bee79ae2f,508895070.0
4d3d887d2236c2f897f3bbd4,638729700.0
7fcbcd9e274b75a157cf5d5e,648680640.0
88ea2d2d7cb6d641df3ad76d,1346431100.0
c06088db17767866b7f4ba7d,989153800.0
e4a9626b1107b9397d0067aa,778819200.0
82abb1fb693f34877bf1327e,1000611300.0
3279efb86571efde18eeebef,445696060.0
afca7b219d52b22522abd00c,618973000.0
7712f963ee37e91abb7342e7,593847550.0
2a2f455525c8e0bd709db91a,854595840.0
833ded72a8cc9c0d606a7a74,729915700.0
f3bf0be37be6292ba0a8736b,969799800.0
c06c8b6425e3a7c2d7481e42,762579300.0
27d4f17375f76219b446c092,475920130.0
9b7de95ec90da0dc8cff7011,548690400.0
8fdc9f203c3de5d486de7ba0,485019000.0
ebf2d540aff82f1aadf95f9b,533774370.0
51c48d17e774d6cd84f4c355,504868350.0
5c1d1ee26cbde5b766cb4ca1,673307700.0
2d26b8360f1da9a677670fcd,561938000.0
ce1b06502cb0c5d9846cff9a,490238560.0
3186cd0a3125adf3b25587aa,1054397760.0
f839de5370a225ff993f5b2e,561887600.0
2900dcf3f944a7fcb33aff36,592458240.0
3f54091296f773f5a1bb240b,878508900.0
499f6f4997474415f0bd596f,913029250.0
110539d2ac34e5180e3fd95b,700384300.0
dccbc668caff517f649cadbb,1133596800.0
823c9c7abf2d00140766a2bb,1142999900.0
94af5eccfe170cbe7d428184,569985400.0
dd21457e18f07d7a927c0104,504756670.0
5219cb469fff40cd9606bad9,408079650.0
5a83bd697db5076016c0671e,470079520.0
2a1edfd6cf74573521ed74a1,401541540.0
40aad45bb7a980c9c5e1884e,1075001100.0
a315b497dd8e80464bf0480b,681497860.0
7095d576a0b963eb340d8fdf,491321600.0
9d6288cfead77d622f5f5b95,775515100.0
4caf356c110a50c6c94f3eab,730489540.0
23101b0002252f3d4b3e1d5e,983759500.0
8d1f7b0cfde7e496e7bfe972,714837400.0
28e572584fea1555e2a517ed,568961150.0
6666ab486afcbc162fb560c6,889680400.0
b0978c973ec3291e950185c1,897091000.0
d6cfd3ddca2a59f0b6999d77,629615700.0
a77f5c03a98636d90f50e11a,938160400.0
e6387696767d20cfa4918ca9,840732160.0
1dc0fe5bcea9d08874871326,459760640.0
ccdf0abddccb1a670f31c2f2,921228000.0
3ba769d65f02217656e0f5b5,1044043460.0
628b3b56449724e7d945351b,706573950.0
b47713520859d58efa95bb06,978208000.0
e6c6625db90e519f9dcf1b23,578480100.0
3e1a1b2a518d3ca2fe3950b4,587533800.0
24849579dc9ba7fef1b24396,497503000.0
6103571d9525ded3c09668c6,446307680.0
a678e89692df9b14da9f19b2,519991260.0
47bed52dee0d311ae0016b08,575753540.0
36c0d26b83e575a500a6c30c,533713280.0
34447730b60ad12f4775894d,1099411500.0
aec1778ae3b5e60cac280b79,1097333200.0
d95f38f5d1293c74ac52e823,1099411500.0
5dedb7b64b6ad0b514de2bfb,836018100.0
60c71a98253b5550d773a529,840732160.0
099ee1a7c91105ef46b5e7e8,573833860.0
b56533bb19eefcb244e69470,1104352500.0
62f46b8989bee43db86ff589,402277440.0
4d485ae48974213b1594c905,882371300.0
c627c6287efaeb6fd9049312,462372500.0
976945e68af6a66f6fb0850d,496544580.0
93e443a5b3864d52765e6484,1069218200.0
6ef9ce7a53ba3bd892e21f1b,689970560.0
6f3041147f930cd6cd4fae05,507651260.0
3917b95a3d05a5e58c117f68,527838530.0
d61ccfd4239026feb484cc93,393669900.0
b443781523fa0b5be4ad7739,892605600.0
6f0fcd78c473e4e04fd411c8,742416300.0
7f134c92e20aa9c6f084edc1,694582800.0
75075631f0fd84fb0ff49417,772158700.0
eae4243c274735d616c6b9bb,1042871230.0
25d233d2779009affadf5e91,630572300.0
1990717d8c7aa8e732bb1165,796355200.0
71b99de83d83dd970b00f07f,972012800.0
243ab5db6e47f3536d04d312,731125200.0
61cb98125f43429f7f93c898,766009500.0
6ed772640e5a311cbfd17c31,557008000.0
d9f0b4c92bdc9476f50638ed,627816900.0
796eb5ae3ca5b63c9fbb240a,840042940.0
e6f3eee9f5048005f24f0943,811583400.0
291ff191bb029742387a72a3,748510400.0
829bde7f8716daf76f65ffab,922196740.0
110a2f124bad0f9381edce7d,1137228500.0
76b719681617ff7f28d33df3,875756860.0
eaa6d58e226904e9993b3493,642599740.0
af3e3a83257eb507b96b2a1f,882221600.0
43969367322e86c68b51c2fa,412945900.0
50fe589dea73e764b7735938,405824030.0
13c9960a03a1c446aa5515cd,493376320.0
e7834f52ebad3d3cd00d069b,804902200.0
fae37ecd6046e53ea121b1c6,1013101600.0
8a0d2f8860a90322d6c3b61f,431268830.0
008c7a02d158f3b17ee8e015,819968500.0
3ea6e8da2cb0bf83872dfd8c,685645300.0
9b184e58842bcb14dd42103b,483526340.0
43eeb2567c61bfbb059fcd4e,585461000.0
ac7f6087e19c2d3502368fac,439033150.0
73494d52196ef9838b1be34a,1140872000.0
112d996c4c0662bd13af3ea0,913008300.0
8c3a02c9ca043cf0f322ba84,573414850.0
a757ba01a02acbdee50462b6,968770050.0
64e3401f22d18b573ff0504a,658167360.0
acd7394afcee30e084844c63,575360500.0
35255f80583ffbd504250554,760878000.0
370a0d0da794efd58cab251d,1114033500.0
cdb5f8327360c750469cee74,894349000.0
dbffe8f46b3d9da2e57c97fc,978249100.0
25b1ada57fd1e5c88d939c71,807192900.0
05f79195e285c126125d258c,549577600.0
62c017eac96743cfbb61e86b,690636800.0
3ca7f183cc0b303e5d455309,1236804400.0
a3dbd504524f980ac5325150,1007117500.0
5703df84eef7ca9bec5bde45,965645000.0
513aa9c91c245ee4be31507c,862646660.0
d41d07d1aa700278cb81ff30,798493700.0
207e39d9cc4402edd48864d5,576325950.0
7134b03f54b10f282ac34fcd,890116600.0
6d860c215908949c4ba1c536,400920900.0
f35f884365b1bf6fb303d7b5,468460350.0
4f480aae78aa068901ee9468,459622100.0
39a12600317b58457f68b5b8,449375940.0
5f0c7a6b4f46203648a0bacc,476463260.0
d01f6c0b2b338289e9fe3768,425267500.0
613ad83abcebf6598f0079ab,741383360.0
effc32659ff9bf30faffb3db,742416300.0
73fbb3e6b22b957ba6b7557c,929032600.0
6c8c5e22025ca4f450a428c3,552026430.0
d6e333e793f75c2ab34fb127,505793630.0
b82e52830b51e823ac7187fe,493786780.0
35ed4187f732a1ea68dce712,808976200.0
0c5067ff99e15fcf99792cbf,808976200.0
0ad01fb039a198262ec59b72,892605600.0
906014f0ee3f3f4f0576d4da,480431070.0
13477d8ef90576ca84258984,471198900.0
3083a7ab1deb092f7aca6a54,604834050.0
a92ae34df90cbf8af7695ed0,783330240.0
82d22ca21e31222068e1ecba,802213900.0
11727589f7c66554e9114407,898514050.0
9982169d6f3e9ca61dacfed5,1289388800.0
2de0ad9bf15232d6056285fe,721835900.0
eb6e6060b78676d13d6bda48,741247600.0
6f37300b1fefaaf746f53907,1034889700.0
7698775967b96e3e7bf66e6c,804322050.0
863e5cf88a808b8ca96907ff,808316100.0
77b5c9a5f534a5b80cc16d09,812435260.0
ade0c9cf1f9106e342c69bd1,708170050.0
6fb45859693c703fd9c812c8,593215900.0
45badd183bb1a4c630174f3a,598698100.0
f66bad2cd4b09ac29f540f63,767567040.0
fa3017d74586eb4c3b5b7db9,726510000.0
f09bb33b65b5ebb8fffc3a21,1229036900.0
600dc823c42aa64f60fc3ab9,558100160.0
c1d9119fa7ae7d44362f18ce,893242560.0
a1305fd943ae63715529209e,772254460.0
8d81b4681ad0055c274e7da4,710201700.0
cbb10e7618b1385cf922e815,1215311500.0
b09111ea69c4be8ae120ddc3,736974700.0
099f07f9ec4ff6d835337f86,630572300.0
c70f6bd5ca138bacfdf8b5cf,712436300.0
a6c86ab7381f6c43fdd61a01,569067500.0
58c2b87098ad454b1fadb13a,708062000.0
6afff7782d129021eebee968,802083840.0
ad92f3ea52673dee0a56902a,1004023800.0
3e040e87b89a043564f0d0a2,810316600.0
49d020d2056717c2108b0927,637274400.0
a4ca465294c114b1065bfead,825786600.0
ca9520c7b8432b0521b2e8dc,423250140.0
4d20f253940a4492b4f6a9f0,554304400.0
09b61cf8ff3ff09ac892d073,597180100.0
86e81141e429bd81d7f0e73d,608775000.0
b9826d7a6132b16df1bf58e1,465950050.0
a90c60e05e29b77963a11246,462566560.0
6e9984a3c3daf63fce5cd3d6,758681100.0
a9eafeeab4ba51d3644f4052,448622300.0
f74eed3a7dad1bd8d92854d0,813592060.0
5b377636fe30946fff973f3d,670533060.0
5bf6c1862c0bc967da2cc484,1049013760.0
cd5111edd2fe80f56db29531,749652000.0
c76c4695ed005277a59451f4,976483700.0
7dab6cd1002a8521e5825bcc,658750100.0
5b57258272dfd1babb29e7fb,654717900.0
f68b7dfd0579838324895097,1014352600.0
812646c7de863919cae5edff,979832600.0
0da10eb6093728074b34fb75,928320500.0
c64346c8b0ba32a55292e66a,1116085900.0
ad6317cbcbb8bc27b0774fca,1170848800.0
9f43c80d2fa31a09592b030b,780828700.0
5b84f5de073000ad4d4b1a04,1237089800.0
d94d18cbc812d560c1e38ffb,1085759700.0
ab3110b5dc8ce81471f69c16,1255624800.0
138a1990291ba31024455eb3,1246024600.0
646bb3de5a1cfe4bfb7a7ea7,1309676300.0
d8fde541f142e6a7f0b28099,799100100.0
ef61986cca74fe8585b1b287,584018900.0
e1d8eacecd35515eb19f9135,1224152000.0
8346d64ed6211083fd420ede,630480900.0
4340fcb9c80733260565c24b,908682430.0
ff5a27ffe7de039e65170f9e,741879900.0
ce407c1e25333d7c7eba1b0a,768136770.0
f927027bc766ae6c111fb685,379671170.0
3f9a3edf25152433969f98e9,757212300.0
987476ca395533347581b2df,635799230.0
17d0e3208fdf10c77e95bdf4,441170300.0
b485036419de03f5bad01f35,819646340.0
d3f7847147c88352bd3b9707,753561340.0
aabaec5accad3f545f864a3d,535709200.0
400a103762ad652e81c8d3c6,739863360.0
acf15357c1a919b6ee78f676,1203629600.0
8d983b9ca65f19ff3d69985f,1441474000.0
b9a80a4d84eb918792324dcd,447757200.0
223b3c04803ae7b855f9fd10,767379700.0
e5c8f2d536c3f931eff2d70c,788228160.0
f976ec33e004b2d4d32c2eb2,559109100.0
cb00e44cea76a92e9c44e793,426655970.0
0e6dcbf136294f2a99410052,464236200.0
102de0a5ee4f19454b922b96,745155800.0
cb1c8ab11838d9f0a1197e25,826885200.0
2e2f1072d8db7372b2c2419d,428435360.0
8c4cc779f5034e9c10b2e698,381196400.0
85734fd69714897264ce2214,682068740.0
5694c1f689779fb5ca95686f,630818900.0
f3bb60434cb36fcdfe218478,410582700.0
cf8bbd3528d3e7e2b8f50c29,900653700.0
7db1c8214f229d865da455cc,467570340.0
f3478cf008a7ad268a434ba3,618941100.0
5440ee15bccc4eaf827fefa8,751818430.0
78e85ca7c532a77700bfae6d,771066700.0
eb5e382e1372c4e94f467673,834293000.0
5a11cc89d3b01eb87535ff1b,713416700.0
d0f5cebc2059ca89aae30c76,452522240.0
883371e374936fdd74d09fe8,604500740.0
9ab4e5f8cf2b807603329cdd,649375100.0
c37c7859956931d77cd5c9a8,807055940.0
730804efcdd755786bf734ff,323876500.0
9d021f3fcbe5f82fa1c1fd94,640719900.0
975ea2f56001edae07f28fca,423360740.0
8fea95d0a70b1ea918803f58,817630600.0
4718488d664194a3c0c5b446,717330000.0
1b87ffa033dcbf4e2805dbb8,585707840.0
1a77ac51e03c77ad280be447,504868350.0
228d165257ef052ad50433c7,705888300.0
513a83ac5bfe27c5b813ce4d,460692900.0
73bde441e18a9548c034372d,589961660.0
26301269301b6f96862af599,1025419140.0
7b30dbf2f6d835ea0c14b392,633057200.0
254de3f3fc52b8cb62141baa,589358800.0
f566603aacc78da47a283804,722634900.0
990c8d65ca11a97a1d34c5e5,585461000.0
a9878134c12696d8199a1ff3,690668400.0
58185ef7646efa724e904f5b,679467900.0
37d5b8f329ed1ec29d4bc035,539668860.0
e6f948282e81570fd03e4df2,1019160100.0
8b801b4cc1d254d0277fba5f,624680200.0
33a334a16c4547b9d7842c3d,652838700.0
1ad9e105d9da875001111075,1024197500.0
08ad96681afa49c74721daad,642972400.0
beb73d27906bea7a7d880791,948862500.0
bda5b2e5a87a4905a30f3b8a,738181760.0
5cf70a67ec25288657d6fff4,974576500.0
baeb4e9d612bffb63ae3564a,1154322400.0
1902f509aa05287ba42f546c,702010700.0
c0cf9517f20ae81c79ceb0ed,974059900.0
2ca8b22013c529b412ad764b,990074940.0
b38816ece917027a179663d4,1246511900.0
c89167e42af0d42c88e8573a,983352400.0
09254c66d93cbbf2675b775e,750686460.0
89f8ccb0c1e2136adf87a10e,857870300.0
cff851746578050bdfd46090,1082449300.0
d53ddfac67129aebbe054024,804030660.0
53b5ffa0cf0dd12e4eeb6a2a,1041322800.0
62db5fd2a4eb831d281ba8ba,1403740800.0
59b5fe8d4f5ae272dbaa5ba0,1099411500.0
3c1b7a0a306e16e8c22d78c9,938860300.0
5219c3cae1c92b52551a8571,1100445700.0
de6aef9a5e47a614b75ee576,1074187400.0
d168181ef0dcb853171cdbb4,922594370.0
6c8e27967ec63e6dec4bd6ac,1243897000.0
8544bc14286a51e60ffee7b0,1302303000.0
ed48916725be6970cd2f273a,465850530.0
9ff3268cd15cf039ab958413,445741120.0
16cc5c280124618cd5d00027,419676930.0
ac028c1580f6e4da4ccedf0c,484778530.0
673f2b913006ee8b33e75b5e,740464800.0
191f96722301456877893b22,732943040.0
a7d8e636db44cf5d3ceb67cd,719975500.0
1310e9cafc0b9fc21c212f73,721328000.0
1bbbe4e1eb264f5c69467e50,498293120.0
283c1142d027be336a7bfacd,417018200.0
4d09c2354c67243c968dbbcb,548365060.0
db3edc43e89840a65749cd94,592192800.0
0274166db611aabe4e946a83,476227940.0
8153b36347669087e363801f,641020540.0
e04473aa943812de1d662058,1022788030.0
7742e8923a4b832e3d94f3c7,1019819300.0
536b5a8aea016aaa90fe744a,1047534140.0
d2c02052de9c97c531a4453f,489677860.0
48378a6148532f71abcc2f98,743741500.0
fb0dbfeedbab00cdc7eb93ee,940591740.0
699412bfdab1157487c81725,1432025200.0
a63c26369cfbabfc9c2603b6,1290976000.0
34e5602cb58501859e32dc9f,750822500.0
da83b03a6c9d405f55714b0c,962801700.0
d938d682332fa9e5c4986024,574552300.0
e9e39766e2c96bc783d580a9,1193807400.0
fce89a9ffaba32f9f7c5895d,1115988000.0
2d6aaefe0f50db8acde6fd1b,1465604500.0
1710873f951e7f695fca3568,472190370.0
0ce068461fb3bf34eee000bc,563069900.0
b5606ddf3a4e60e2a0e0d6a8,973606660.0
2c2e56e3e5210c111c7de708,685012600.0
94118bd8c3da3f14f9c7836f,476227940.0
d20a5b3eb857e1f4b548066e,706320640.0
ad37e23456bd4d90010f7784,699694000.0
c5602c608080e2546dea5463,480080220.0
e3bd8bd5884a55fc1a151687,616849200.0
aa31e5995379bc38dd40b8f3,823232700.0
fe8a10fb4031669a9b21c919,936356600.0
08eaca41f26eb387b67bf30d,1146141400.0
23ef4d57d130e4130205f30d,826426400.0
d6f1594affb8db7a865e3452,435355740.0
abd9cf3c36309d590e58c2a7,512109250.0
1c177af5bb41e26ac0135b4a,900057800.0
a05da8df13eb4b121d536912,655834050.0
5a5a581ad5540fc82cd3c2ed,705858700.0
b50ff8bfc0b4c4b165c5ccf7,994369000.0
2abbf26e80643dfc1b75edcb,815479740.0
ec903c33a379d8d2cc04ab36,1085440900.0
c062d873af3b7cb98ccbeec9,1041207700.0
927de0269795dbe0566a0326,949825800.0
ee703dca75c4dfd5d035c9a1,469470200.0
b8a42b02c50438c2ad7598a1,452821820.0
f7216fd19f41ca5ea66a9169,452821820.0
f487761a658a4247563faa38,727300300.0
caf878b42daeee3c7de336e9,858756000.0
29d0dd2d4b120dd54c34b13c,881992770.0
1cfc7d60ce613536d23b093d,1045591900.0
c6c7409bbf52c86461aa1dd7,784695550.0
312ef52e0250429a5ecb3b27,999876800.0
48299e52748ecff3b69f7a90,647978240.0
a02f6ef1f148659297d46b33,753249500.0
67f664c8f9250a22c10b4f67,1020475100.0
4977af03eebca1aa266289e2,640442500.0
39af71aaea23b5c1e987de32,414049250.0
d69b019e6d54faa1cb044d39,766009500.0
024e94e72ae88464621539eb,574552300.0
b980c778ecb2709696265c10,1193807400.0
8780134f8b40f0fec4d1b661,937291140.0
107f29b67164ad6861cb7059,1105931300.0
c8958d280d0cf2d8a0b481f3,764057100.0
1f8f74ce8831d5532f330925,935822700.0
7be46b6dd9891ab771fc4be4,528374400.0
4f4f7d2b14079ddf8754d6ad,556968700.0
5921ce922675f6517f8f0007,1176063700.0
49f0323d28ef0610248c87c0,765088100.0
3ef167ca6c4ac77f6968d17d,725630600.0
8d2f9968ec8aece8d1a20137,782647740.0
4bad47078442f3416b2c1ff4,446494140.0
5e1cc2905f7a701f895123d8,655876540.0
a8633d3336d097920bc8a9b3,1097929900.0
72fe83366bf13a53937b7034,1001121000.0
ce78e1dbbf0f7aee98e244df,755576260.0
11be39d287e5a8bdbecb5994,744290750.0
40a561bf79fa7a08155e1183,659595000.0
3dbafa8cd5225e261ec9b6ef,400703780.0
68cd88b657b59f5671f59e04,394263520.0
6a2ce95a8be0654f193592e5,525371680.0
4e613cde51f9760d3c051562,745286500.0
1b69d2c7fa8f802c4af1369b,725630600.0
f126c4b36c00d0ca11c21a2d,670024260.0
e6a7e6b41e6c6bbdc16e1e14,556968700.0
5a69ebde2e113923ddbcd18d,647334660.0
72f0540aab38ebaaf9a389f6,725275000.0
75b5bb7b5ff8ebcc863fbdcc,935822700.0
096912698fd9a59d94935478,696615360.0
f0ad965090221d2349e90d5c,893464060.0
1c224347a1445ae01184e0a2,1170321900.0
0ee7273686a0a92fbf48a383,1245801200.0
e2094d28cacad3e2a711c5ca,436376640.0
f50e0ea2c3831235704b8c72,518744100.0
1e64759f297a66524eb07b7e,953665200.0
7636a187e29abcbd8fad6244,463450560.0
9b858a70a031475e422e375f,726021000.0
56c2e8e14f9c6c9a9f046a08,804282200.0
1bd7b990be19afa5acc78bc0,523439260.0
8b36b7364e4a4c80a6e50bed,746095800.0
d348d38769937c8f350297bb,778716740.0
f4350916cbddd5a544c6ae46,391501380.0
237bce11f35d32ff029498a3,769544600.0
faf92fbca9baf8cce4a00063,581564500.0
812c9b5407424f956d308b06,1025213800.0
9fd4adb5c63fba5a11661b23,482311420.0
168f81689afa1f055d8bf7c8,885134100.0
2a9bbffb1b98c49d79bae509,946198600.0
b95ecad591e5c69fdad8763d,474142430.0
dc51caa89a74da37ae644ff8,474142430.0
d97895a836e6ea22ff3265d8,454977540.0
de754bceba2d206a9cb4f116,372179260.0
036177aff84b1901e0f18759,452522240.0
8a6cb559a488d6ce1b641585,533189280.0
74c4f233c7f385be73168e0f,496544580.0
27a6f3e8f9649ccce7680f0a,699743400.0
711045fc099712aae3fe4d14,504868350.0
01e033f5bd502c4ad398ece7,497503000.0
a99261116e0158109b3e3bc3,468162020.0
2d8d64261ba659302da4a481,633057200.0
9adaadeeaf6a403e1c8754bf,1044043460.0
2ab24b9c5349427998338d21,697285300.0
09ce36a03c52d6721bc5276b,644695360.0
80b37d5ebdb325edef39258f,1064050700.0
78a080fc98669c0cd9153904,1173952600.0
2d14ad8ab9573c406e203ed4,716662600.0
145f33a8350a080231306bd1,741850200.0
b0aaae3a435fde30c4c02fac,1265081900.0
b3f5af523b5d6d938693ebfe,883225000.0
25d62e6b1a1a52cd8080354f,772018800.0
5a06a8b33611251b62d77e72,1212040600.0
e93a9b257ecd815c860d0b82,815327300.0
610f192d22864016cc2df1c9,665460900.0
4e665d479b3bf2e25cd463a2,900882200.0
343be18b0f77260f32ec05d2,480171800.0
33dbec39ef8c0667e4c3f039,845440600.0
b24fb90a2aa5d9d0c7e1541b,1005323000.0
b56a3a017449fc4ce417009e,451330100.0
e0dd5e6879d824a95c3c1773,571193500.0
156a20e2bf9e48b9a360f9c4,415899780.0
d5583fa23ed97a3b9413e910,812365600.0
4e6f695bcd4d3c0d8497c1fd,1217515600.0
da7a511a5f470d99ab2bc4a6,680871600.0
22a6058ffe790c98a8922258,820794700.0
0c19c54de06d1c139df99ab0,768407900.0
48e687093fb26d29cda9ad6e,401425900.0
3ad3c519ced4b63ddbfdb0a1,416353000.0
0b221ebf810f632568c1e2c9,418668740.0
7930f32456e796e40fbf78ed,908576800.0
f084bfc530f4039f6631537b,856813900.0
f9793063f561dc76c0b49a9d,912797630.0
4d2ec23fff8eb502a9d93353,935585400.0
a6f570e11883e74654898d75,848432260.0
cdf11b53a23fcf9b6032cc8d,1141154800.0
6f968f62a6fa4dc255397bf7,1082346000.0
d692ba46b098c6658799ea8f,499488300.0
774a4b48d34052a978b1180f,664114300.0
acea4c7aa1185baaf6d3b60f,860605600.0
07ce6f95a7719abc9a204b6d,793830200.0
b371665aece480b8c1602773,952503550.0
5edc37d9746cbef8352f0fa4,735917000.0
26617e1fb3b4f0e4a70e1b0e,959673900.0
b1a13541b37964b8b85f4669,433483140.0
94213637892f5fe643cbe8ca,436876320.0
742acc26686d04596ba60a34,517508770.0
acb1d16ce30aee0a39f01f09,768728900.0
e0d837e6d5d74fe91d39d23c,512381860.0
29028322a6d692edc5ca713f,687116800.0
03d54a6e80d48c96a7f6a1fa,591313540.0
8616b310e335f539ab1109dc,811583400.0
6c21f6a3513869f93b32e9ec,743476300.0
10084cfff54a17bcda6f19d3,1130627700.0
169c742419c0d4335d09fb45,833822100.0
0f06896d7502890175cbc4a0,918188000.0
7d2e3464d5f2f79ac29e6c0c,503633440.0
de9053a55630670ee8e59c9d,846010000.0
8d54b9bd24cd9da341cc942a,913670340.0
95570bee1792641c7c12e4ef,860584200.0
6d0c5546a498fafba15f2e17,516250800.0
ed43b0ac46067bf886457c01,1071216600.0
8890eca19a9e1cdc9e0f0541,1133419500.0
760a5dbccf4eb4ccc2622b77,857168640.0
20fe2d7fb3910ef786cff965,668662100.0
602abdc140c40112afc1dc98,463518620.0
b7f906741cae6861bd5fb922,482539620.0
4d45fbe5a5d39188b5eccbfe,940747840.0
08f74ad7f06f2c409903ddf9,653020540.0
7be186f4eeff5c0efd58e424,525989300.0
3d1a767dc286fe1cb86ed9f6,670826050.0
2ec9f5265334241fc594976f,858102660.0
d737b8b7b39e99f7d877b7ed,399196380.0
8fc50169e6ec98a3f4229ffd,1325281200.0
942133ad6b84f9d08e1d4e7d,1311265900.0
c965b03014d21473b27072f8,876712800.0
f1c8da86597a427e24dcd557,1014132030.0
8ed5e7770d03c43ed19abf42,659524540.0
68ea36e3f441cb6da8d36198,1151973400.0
c97715bec6032974060480d6,1358011500.0
e6eb47d050702ed49ef5c49f,1327996200.0
5a82fa348f3b97e74cdd3a61,971543900.0
cd05166ab9bf3128c23fb8c7,803117200.0
cbe4318f63d73fea6238079b,1105899600.0
efcc8d268982e95fe2fdb311,1236294900.0
c45d7f326a2f279760d1a4ae,750822500.0
7c5ce0e65cb26773edc9ddef,1138085600.0
357fda0abf79ec95f73e3584,422496000.0
a1e8f0c7cfbfecfd1549b0b5,662098240.0
3f208f32cc24d8ce1506ed90,734689800.0
87ca8a2b3251a38d45730f5c,615768960.0
728961e03bfa6e3242f06d8a,491164200.0
b9f9dd0d368df912e6e0ce70,772101300.0
429b049255a7edf227a980a1,463693730.0
a6259664a05091ef92129c7c,629626430.0
674c915c52b27df2c06b8bd3,663648300.0
f8be64dc83c5923983fbb770,735859460.0
445fa7f5e8e9d7f12e8991d4,1043701000.0
0842816a5ef4f24435c8df22,766535600.0
40558b62d83e4362efe1fe26,355733200.0
bc474096496b98177e40f590,756363500.0
2b55989b2253416428ece917,756363500.0
7158e3a6d456211d4533e246,451098600.0
d4fac54e137f5d27ce5f457a,772457800.0
faee80ca0efce20e731823bb,815291500.0
8ec09555f5a47f96a8683699,1466421000.0
2d7a48a6b9fff20ded24f86d,448872220.0
514b09016ef85b9ddc4fafb2,735155200.0
a1c975ab16effc6f97935e16,930999800.0
e803e3806630c6579f004610,1067665340.0
26526235b34fa5b7349df00a,372320540.0
ba762cf12cc038e5c43bc6f5,593838460.0
45aa335dae223bccb31ff7cc,742361150.0
1dd3d7e197075859c1ff5b23,954735360.0
2db9b3463f85dfa87347d6e3,1070750850.0
f72cc14d79ce15491a96ddfe,980120450.0
4e25bad08182b79f5ba9639b,1329407700.0
e724a1db86d8d0c6334041b6,665020600.0
8fa53bd51f5d54be50b3fa29,513408030.0
fb7048ba61e9e6b1de829bdf,580031360.0
4bf70f19da0bddec9241d310,648004200.0
13c7f3592bd432c7cd0a42ab,754083260.0
cb64b363295d36b9b0fde3cc,629062300.0
bdc17ea3f30318b11df30508,779667900.0
cb7f62ac4c1afbb4256601f0,622958500.0
5d6c275d9d3326e738c875c8,932007230.0
9865836c04a9582688f50496,458309900.0
55a615b65a28b64d46ec63e4,443556400.0
dcc9e2c9c1151bd9f93f44b8,641903940.0
1a2c0e46bc18bf3224450064,606545000.0
3de8187003cbf6c4813bee45,489661950.0
d62663a447beaec69808f85a,379509700.0
1ae17f134221d5d9ee69ebd9,595407040.0
35e55d060b1c4239a85c0ebb,448417860.0
45917f1bac415feac7e41124,480861950.0
ed44705c17c414af8442b6ae,627249540.0
6f01f2c67343ebb8ec717a5b,533693950.0
8f2218126da9580268661c70,1229036900.0
5b36bc6e78872d2ca6d3d1f9,561289900.0
c5c7631ddb5b485d0e992f7b,578299200.0
43c88f1874dc7f91c899df36,941079800.0
dc544c90e6ee38346a6002bd,736761100.0
02990998f3621fc5a3d0ee63,462375140.0
dbab5ea45ae910567c97fbb0,829512200.0
bbf80c409ab3a6784028eb6f,439117730.0
40e56beaf4a7f28f8108b132,439117730.0
e857db57a89e165eade00770,568880900.0
41fc4ca2b3f48508d840bbb1,470516350.0
08c1db1e620e975c4d476b2c,436353340.0
8a1d93bbc83f4728657317d1,664436100.0
6be0ddd4180b5eb92908da05,451625470.0
ff1498465e4db86f4f652e87,497677630.0
6410d336f6e61c4a81403c61,628090000.0
169cdb07bd175b4325fd28fb,457627680.0
546b56fbf616a6dfd1ad9d88,828089500.0
666af58bb684c2d8e7574e86,589879500.0
9fe75dbfd537f9ebc6653f18,651628300.0
ef961c130fa3b9015b103154,1091465600.0
035ea0f13f2ca01c902d5388,702818560.0
7800f742ee14c4b4142f8b58,770608000.0
0c621256c4d7ca81045fcde2,832390400.0
50db9d168354ea3d75a03a6f,964389700.0
7bcd1fe7a140b6eeb4df2aae,678816400.0
49a4cebdb22fc2d72bd1aa78,456436030.0
69ae1f2868fe714ad8e2f114,389010780.0
ca4f4a66d83f2043a7dca261,325059170.0
c0ef32a7a294e5891505bf35,325059170.0
5ad6f4091b77715b7f74587c,609043260.0
331e915e2a66fb70380282d6,589127300.0
3a00543fb00cbc044a5b3527,393769020.0
81df59c6d8be19568d16ea3e,409745600.0
88a4da0d72977b0c56b31061,672508100.0
3ff9e75c6de41de517d1c4a4,390920100.0
147f80fbae69dd577ff19950,740193660.0
78beee9b7fab8600d420fd27,608838850.0
c3733b88ebafc0a05f5bdc99,574454800.0
568509a7aba60f8fe2d0cd5a,589180100.0
f6d3f7e963c9aa1783b3adab,775657100.0
ffcf6794a400aba909383b41,852780300.0
fa0aa00078cc178de0cc7d96,750755200.0
eec51f949083f39691e37e15,895765950.0
26f3d5bc3adcd1396747a414,1203629600.0
cb9e058f82b10cf80990beea,820542660.0
22a0f3315f7600e5120db131,434843700.0
bf6845aac15fde9b89a7208b,720092200.0
6e3cbbbd3f4d0578144cf021,476231580.0
98a0289e513d5ba036b24252,425230180.0
597d3f78e2f413acabf825c0,397882080.0
43a91a731e86b9a0784f717d,823925440.0
f34ff57e272cd08056e6a243,708922800.0
6f68b289516faa0b7ef36a34,408352160.0
8bd8a7e19b6d3b8bcabb84d9,584018900.0
74b64bd536ebbcd7c30ef8fd,961553800.0
f968e756cbe6504fa0f32458,989618050.0
e99d9dcb9880cbfd219b4297,1031079230.0
4c9e6812520f4aea4ce435ae,810262500.0
78419be95416d2991ade8be1,542166660.0
d417ff438d2a418b1f9e50b6,565507700.0
3ac77ed776aa4630c7293240,994369000.0
95173735a8f6e554f083c065,1091428100.0
83da39bc1a2eeb75e2825c22,654594300.0
4bf89c9e50c5417ed669c481,563253570.0
f90fd39477c8da38e33ba0fb,741379140.0
b45bb2d0d137de6984d4e1ec,492163870.0
bb812343bd6cd66e9cf9a9ba,391622370.0
e299f614cd8ae525fc8fd0e6,843601000.0
521e9326a2003c7b56fc4365,943655550.0
dd59ac4f6706a1399360bd14,766009500.0
d6c6e7f923ce2cffba8ff9df,811583400.0
df07a34d0ee2f78f115c45cb,1099573000.0
db6061f876f890071f7ed957,929706200.0
b31601cf48b268f3b4107564,730379460.0
3a9b2ef74c59e96a6b107357,471982370.0
d600310e19c926cda14ac923,1116085900.0
183f2cf1a1c7eb9700b6e72a,1237089800.0
42556b1bae874a5c09777873,1170848800.0
57c1ed738536d177d66fc52c,1234035600.0
26cdd114566b7cc63cd96fb8,1049013760.0
0f679cc583a47b30ea132bbb,663350900.0
32ea7e13e8d9391aa9b7ab9e,416956960.0
0a482968c7cdf212401d72b7,420753300.0
85e4ee2583c51592d68ef5d9,329683500.0
f4ce15aaa352d707b68cf773,743026940.0
7d383abbb6ac49c6599ffb0c,816929100.0
6c67b1b0991a1d79251855c3,1299452000.0
9e52ce2cb6f6b7e2a152dd54,640281300.0
bdeed3a7395cdb9b175273a6,1290976000.0
423ddbfe2f575e6bcb22e7b8,858033900.0
3247399a31df838ec5fe58c5,794451200.0
bd57e5cd29d935cb26006835,812300500.0
bf00f36c4dbb273d7ba4b7dd,646432700.0
48b9efef82faf72bcbdf66b2,913008300.0
d2526a3e39ea01f87c99d073,935822700.0
651d5cd65f80c4938deb7da4,477101660.0
0be7803a34b11d89133beaf4,511605470.0
a54b0b282edbd217e9509287,758604400.0
550c5061428d09afa0c409f3,734266750.0
7538c609fdd115c9dac551f4,652098240.0
d7e3cdd3ac239a5c318f2e9b,956616450.0
9bb193ea939c5308a738fcef,455320450.0
33425419e1a8e854418c5180,382352740.0
fedf2e30e390f5cf74b27e97,470051700.0
024c5c787d005adbe770b9bf,436186080.0
13f681a090b36edf38a4abd0,462973470.0
442c6bda79f63bae28674b1e,693858400.0
47e0c773f65485ab7c78d49f,653439170.0
9e30b310c820d0426f504d90,451098600.0
8cdfda9067e0934a8ebe0894,799144260.0
0a8aaa78f68d43e3b1bf6c51,542331100.0
1101f533fd18cae5d32c1cbe,625815550.0
9f6af9ac2404a8d55f24286b,573421400.0
75060f295e0aba8e1224f766,531470340.0
f0e68102ff84f49d90fe38f4,402174660.0
3c45bf3e3e31e7804ac91704,600932400.0
f908e1de4c4be0d77411a998,731780860.0
ca643c04044fabc6fc566d12,1131861900.0
8aa76df8fea21a42fb6229ff,577599200.0
c214d2383936dafbe0652c51,913008300.0
993898470c6676ce46ede92d,888751000.0
18f6240cad6e92f9151099c5,955832200.0
1e63fac2629793fdcb793f1e,773028160.0
e0137390f0186c98f4e91263,1017895400.0
e35f95823a486c52b0f4c2b6,511476700.0
ede10672118071a215ae09fc,1221619000.0
fcf46edf6d612ff1f5ed6134,971052900.0
df4be33c0931aa86231b7a2e,964319800.0
53fdb16ec08e794dba9a10ea,1158056000.0
74c24c5e142e5267456b24a7,812300500.0
f1bc08407f40396c094e0499,1181556600.0
496ce19c015093e97144d375,534090080.0
a183a1c009abf7251fd725a1,929858700.0
6bdd97526b1a9cf10853df1b,850661950.0
f083a8f187e2227696695ee1,600130600.0
2621e068043a5019aeed6c8c,660394400.0
3b43e7acfab46651b099b1ed,930905700.0
6565b3281cc2d632febbb6dc,1208206800.0
09e47ad8508e7cfee83c6d68,1188989800.0
88b02e7b20ce6db956afcdd2,1109495600.0
bfc41facefe9428865e4c29f,917062660.0
569bb17b961fbdadf7106d56,1279964900.0
2314e3ffc7242a429e00207c,777959600.0
4bc1e2cf5e5ffcbe1020df08,890937000.0
949c4a5382aff4750b4dff83,922594370.0
a63b4a22614d334b4a61ea16,846933500.0
734fbae84cebd50aaf71c48d,1274080300.0
f92935374a7ef86314223c5b,859439200.0
6cc8e22f11d382206273af23,943279400.0
701768887155444b77c4f446,405053820.0
13c86cdff4dd32a9f8b9adcf,1066761540.0
8002e2cd1b70ddcae88ebc4b,1060391740.0
d0d77497c8a7d567f01d3afe,597454700.0
95a7b01cd60cd10e7364a600,641564860.0
d1e38d7cbd32567c874e194b,774877800.0
e674ba41f9657ac8f30d4f7c,641283460.0
6bb760d54e5b0f54d9612a8a,725275000.0
9e3bbcdba89c647e4ce53182,592038000.0
72927abf4bcd53d6907aeeda,745286500.0
aebaae467e5f01db3afe69ff,443644400.0
3ad457c8855ab8921a7974c7,1001121000.0
1f3d3fbcb686ada1a96e01e4,539361150.0
0775d831f68b88ca59eb871d,1165216800.0
5fa3b0993cb43d3c72c30093,913008300.0
bef19d0084cfc9f6fa37ddd0,787873400.0
85a856b4d0dfb1fae861f513,725630600.0
07fa1ad76017843232107517,1170321900.0
4049086139009c35dfebb3ab,438718400.0
655120f80a39c19221623311,1048637630.0
71dca93007d6ba45fa40eaad,556968700.0
9f41ce015f02d67e193c41f5,451313760.0
9017bd24d173b2fcf564b32b,1245801200.0
e5ef29d41082025c42f7c921,682439600.0
5c60d7880850970facc54bb8,930772540.0
f51fce25d8376d48fbe73a43,442957000.0
9dc7b0a394309d8b76d0bb7c,802255170.0
a12ac99bf63b547fd9180a79,482694270.0
378d846a7af35e0c3efe53a9,806472700.0
0872198056be7edd5eff220c,880404400.0
efddad1eec775ce61d3b7b64,830279900.0
70c19d59c6b9e194b6bc09fe,687165250.0
b0d3d98076883f346cee8d04,991199170.0
c7694e92a97bb66794e62fbc,548296000.0
7b4fcc72822460a428c19282,722599040.0
a6baf4631223d9b24de8b590,469730850.0
a6f616d63d134f14ced205d1,1154778200.0
50c123baa5783185ddbe29c6,936063740.0
24756921525595f1684929ba,784698560.0
caf9c761d21329c993a0bdf3,1004437570.0
193d70ead1ff1043845e7671,522812640.0
62ea31859e01c2f4d4e97baa,579952800.0
272b5b5c28e46c6f5ad95c22,728772200.0
552ab0964056c1d1d1b7398c,1003774900.0
23799891583435710f66303a,758740400.0
34896afec0b639648c527483,845951900.0
eaf53eeb911ecbae638409e5,415754660.0
b1fdade0fbf0470060fc2708,617788800.0
8a20478528e97700dcc84abb,435312540.0
702525f05b47353c95b0905e,469466620.0
b84c837c5a1fd0f1ebc5f8a6,569184800.0
ee2d16316e6f4f2388494c7f,601037900.0
ea4af07bef4ed93e81ded95c,923767040.0
1a71d0d3503f9eff28acef6f,731399940.0
1fe392004a09aeeaa6e8bce7,517765470.0
46d4b0cdc81137aa56f516df,1052521000.0
4d666967b74ccdf5b04e9787,412398080.0
fcf79745f8cd716d3ff9d27b,612619970.0
aa8a19a2fd3e2cfeb3b7dbd9,497635870.0
f055602beb49dd6040641c9a,509995970.0
7b1377c8d81755bb9b501064,535088320.0
17d0418e4a439e9de8006f5f,729687400.0
48f1c6e343a4724ed865533b,1179235500.0
353207faab3dcf10feaac8ee,715811500.0
ff188e88378c8e2abed8119e,632468200.0
424b41f5e01ea2e2ccd3ca48,644010750.0
608cf4f46a188cf84f853c72,444391360.0
f9e7582dd99d36bfada56249,927260540.0
d52f04fb69bed41ffb10fce8,887032000.0
ea84b58f733c8e491db98a52,1099036200.0
68699eb9653684fdd3fc79b0,1097929900.0
31f52502e89beb1b2e0dc3d3,1065005000.0
fd41747287a480d5c4dcb56d,1169759500.0
b7afdbc1b57b52e6fb03accf,1203319700.0
48b270a493af4fa28dab9211,449206240.0
2a787b39e84958ca6b7001d0,639516000.0
e439c77c0d871996bf06bf88,1075001100.0
91b8b9db5372a2c3a5c30c58,680111040.0
038272b33c075765464761e8,566175740.0
fe8e45caf7605fb91d6bc5f7,794854400.0
d354a2581dcb183c0cd70540,655591400.0
9421ce9f204f373a50357fce,442778750.0
56bd3b61805077405af098a9,552907400.0
0a606d19ae362a58922b172e,545002300.0
ededebb1a544fb3246d3e131,521643260.0
6b6c365359d20be719ce815a,866867460.0
b8b22c1afac62b05ad389dc5,415008320.0
3e3717eda8ec9a68c9d83027,569437760.0
03be8ec62dae56680beb2cf3,688142400.0
fe6c8cd2e792d62a4c324da5,571139000.0
f9c133f7a12f2b8c1b2beedc,613251300.0
4ec47b8100d224499ec608e8,970745540.0
143ca16847cc47d4a4c01ac0,804282200.0
22127243f7ba3a68c3fc33bf,614123300.0
835eff7679889fcff6795d8a,497786800.0
4ed3eb724d4e57a7b35ddf5c,727027100.0
4d743a1250f7d91e2782708e,664747970.0
9f5cf735a842860e7ac753cf,986756860.0
e54a8b735724b2af56c7a36e,451878820.0
3b39471f854357b7e5d2853f,1031277900.0
91bd11b5a8e0c0124be78f46,368752930.0
6121943254877ee48716c4e1,398906400.0
3f4c2c98a5a6cb78d7d26327,416245800.0
2b6d63d6b072901effbc8e1e,856813900.0
7e4b240c601e37977faffeb0,856813900.0
ac29d71a80307cab65f29ff4,818975940.0
70c77552b1bb67a2a71c2ee1,1182535000.0
54a09a85767156b072c808c8,782471600.0
244210fb4bcc0a04f2cdff95,1067270340.0
9a2b53c1c7151a8b26a71edc,485062500.0
918c48a512fd6ff22fdce5d3,681897000.0
effe4219e6cb56e5ab70ff6b,760943300.0
936e6d2192f28a2b40939a4d,966433600.0
ad9a1b23979f0edd2ee19f38,577111360.0
8a8e4996e24142eb413c0d12,1208206800.0
31c69cf4d197f97ac594a896,748791700.0
143f07eb2a8f0a9e26fc4c56,1054277060.0
e5fd3cdc6a19653275c7f4a8,722479100.0
5c7efb015b8ff7f108c99723,680666500.0
394718d9d069a126e13be804,731461300.0
56f30ea777f5493139f22384,1266443400.0
37d5a902f1036cf3d80c275b,689340500.0
3f418a8bcc7adfa87e0f67dd,777071300.0
051416c05445860d5b4095e6,463237570.0
887761f34ce0996bb05ac48a,927280000.0
e02fa06a8de8a603e417d5ad,505153470.0
6f5929e67fb8da068b91096c,1355716000.0
291479f573955e063f2d8bda,1160348700.0
e60850405ccec092b8fb5d02,832590460.0
464864b367e16547fe319229,691885400.0
4c14547b7e02e75204ca9f4a,565779600.0
6183257f16bce94113879745,533153700.0
46c34a4e5987c20eb1f5ff99,483042400.0
3f39b25dedb96409dc9d1947,1156277000.0
e7a85e64ee07971696f555f2,786262660.0
33043b254b9085fc82ee1f7f,401648770.0
bd2759d469829bb8926dbe09,714837400.0
affae17b6cc59bdaa30e29c2,951356100.0
e611d41aaf38a58acaa0bf23,877726800.0
0de426088a306321990cf60e,438263420.0
685982808b30597cc013e2c7,502036540.0
4cfd1be6a93641b110fcaf67,445621250.0
68fb3b3cc3e5b13440eb014b,1341509400.0
532bf5813d7e70958f71a480,1161391600.0
06ee1d8f3ea326a0e3a9791d,719259000.0
1862e0c4d8e89fd2302ab376,1346767600.0
f3dea3d678d959aaf6b2849f,1295754400.0
2478e48a3c6bedd57c13c72c,696231400.0
efa36c7738fc14a11cc352eb,495438660.0
2f6dfe9443645d6629eeccb9,569857150.0
bc7e867cad6f221dc44754b2,751673660.0
e4f2fecf58a038d7b18f7160,1078095500.0
a7620d5599ec354541c8af13,1192162200.0
484cde8e47fbf62a339c8219,576988100.0
5fcd9836a3ea537fe86d457d,645549250.0
1b288024824312c8b1681bd9,439188100.0
44e4574527acc86977f5bc41,660996740.0
8b716bc4d6d833f9bff3e729,599975000.0
0ab85344c5fe6ccb0edb6313,1033436000.0
03ad99f1799f2a20c8cc0a50,695354240.0
6db318f828d464be421eb572,997164740.0
c3e648317c360c76b94bf541,394201100.0
19cb65620d2330624252d01c,378343900.0
dba9fa9642ebc97ccd765db6,459884320.0
1d2467e5f991b935d676e906,325565500.0
4091a115125eb4a67f494620,638165950.0
d197410ebc0e3b9937464923,402277440.0
722699e593085cdd72102baf,410865500.0
c059affd0c19f6d4d76f37c2,542272100.0
855dcebac302ec5760f67121,635815000.0
f433278518a80c3301f26cfa,724603000.0
66a45b0aaf5f696d35f5cebb,733189100.0
0152ffa8757aaaf417e9f997,1103386100.0
55b72f6c7163a9b0b3b0b262,582997200.0
c8346a875be8391145a2f9aa,436092900.0
11c86230e62bd2c9ba44131f,1079779000.0
c4b97a459e2c6d13710fa273,482068600.0
8bcebf3cdc54d4ec99ba0d88,482027230.0
ad159116d166e45b70329bd5,523792800.0
6f060a8ee8d6d15f46289759,698991100.0
ab5f089f9d2ac1bf52222ec5,557565000.0
f4fc2da675d6a2583054fc56,470911400.0
89eed91bf5148b5645408222,682748160.0
0761d0b7c6e319a75b06d420,433770100.0
ce84187750fa7aadd141b5fb,753620300.0
ad77298955813089bce818a2,762279740.0
3abe8f334f0f20f8006ca5d6,658153540.0
36445c32822146606f75dfdb,840187140.0
f9798cc6285c9fb3ed7cb668,803865000.0
59dd396f70b8458772307895,924689000.0
83e91710343450cb0812a6e4,951690000.0
1e7a931100be734988955242,1062551940.0
bedc5ab20edc896f814c3f06,803604400.0
f884247fa6414f384480bf38,596236600.0
f34a38cdec7eb598e55fa41e,769692860.0
106ad411e13ea21ad68e5f59,1048129700.0
a87c585acf2a147e381005f5,437646100.0
ad755859e7b6afbc021fcf6d,947336260.0
8015080cf97316a08453a9fb,980428900.0
f56d8f5cfaca0691c6ffbe00,706472900.0
8ad016d414e2d2be053d7612,748640300.0
8b91a957eca1985938860c28,733028350.0
20bce83e2b75fc535a148dc8,649671200.0
5724ecee1b12e888d538c1fe,773410100.0
1e90d068f3c86c6f691649ff,778553340.0
0fd954262ee740999c31d407,500563140.0
a6d7b144058ebc326b9803bb,610169900.0
a81abab882910584371c7b66,530910050.0
9e41c4b41cbdc2553d80e362,935421250.0
b6fcc49ad3656cbd3f4c2ea6,826054460.0
9a296eb9b63ffbdf2a07cd0d,971964600.0
3fbc0746bd620a0baabbd859,545980350.0
3043d0b025fac4ed90b448e6,466654460.0
219555efc5b4291791143252,397640060.0
a00863c7c53b2c059ce22dfb,426992200.0
28b838c94d10823ceed62e0e,511561570.0
7e64ab35f5e336d5bd2e1b51,836929100.0
52f24ab479fad35c8bb5a8f6,567370300.0
0d1ef14606c58310cae371f2,409672160.0
a465a567a4f60ac534505bdd,985795600.0
8694b149f7c0deadf820f0e4,769861700.0
16d6b756f5ebcacf221918b8,946483800.0
7d132190218425df1857b8b8,1020751500.0
7c7a3f51a58dfd1588d7c088,486694460.0
64d1c45a2968b0fbf0eeacaa,841070600.0
4fdc382b65441412fef509ad,1090211000.0
04ece9352b3810031f3f9a90,794231550.0
8b5b351e07a26c25cf51e176,439024770.0
f923bfcb8cdb543c23bafd52,594872400.0
a15a12446d2e5993a0a6c423,727131100.0
ab3e1642655f7e705cb047a9,594872400.0
b62fc917b3e8ddd64bb81018,459454720.0
835842cdc8ea0a2206c2b46e,906886900.0
02ce5bc5d5d286a4cc0928f6,938249860.0
d8e51f7b40bf1887ac007163,663110600.0
90f320e94aa429856e37bb35,533068300.0
967a7676754d6f9aa3e14473,496368450.0
9251f3dafa0e747b6e78f295,728905660.0
17b5e8357e17b516d947ebe3,560060100.0
f943cfd29effc9c048b8e106,745286500.0
41719542347401b04dfbaa59,647431000.0
bd6ad9a9ab28aaef9b4955c8,632469440.0
bbff88040e5b20e874cfad9a,719506000.0
3d6a9a4f2336a46eb62e6a47,952519940.0
493367258be5d63dc8db97d1,952519940.0
67cf2149b4c214da77694088,1025411300.0
8d2e85825e95f6941445cace,952674370.0
01afa737bcfa6b1ab530eb09,1075300500.0
25813f7204a2e796170c4836,517061820.0
3cb1773d90dc240c4ffed5c4,949825800.0
6c81a0b90366db9f514362b4,951230850.0
44c8131b88accb3b46b79ba5,448872220.0
ff185be4fdbe3790c72d00cb,446570800.0
851f50292e30b0a464c0804d,547464200.0
6fc2a4f29e3b896bce631ee0,627816900.0
cabc4fd04b60a66bdbe2cf9a,988518200.0
61e9c2375626a18bc9920c5d,595538750.0
396c8060d9767b4debf2a54c,782694000.0
92ba019bd942fa33ab742924,725322050.0
ff71037ec8e5a91aad6f0686,595967170.0
d162a90b37622c1dc6550690,374420670.0
e1490f0730f8fdc36993027c,646568400.0
5a066d6bb65d28c2094051f6,809633800.0
9c7bcf000cb37f48d9f15422,784097100.0
528a6345df87dd0db33bf822,713752900.0
579ee47bc31f5408314bca28,586504900.0
eb61a13df1c8d8d0efc4db3a,455334340.0
b649d315ff3c97c4e8e9db73,403894300.0
d8dd26eb78ff22272358e302,1046316100.0
6ae2221c504027acfb7368e8,480499800.0
3ce908c9b70f349158f7d04a,971708800.0
7cf74cbec871e465ec2f6a61,971708800.0
02e9b077d6cece81387fda35,999913000.0
865ed399cc344e0638e45128,975353800.0
d9ed55fb72efda67f5144330,985389600.0
9fdbab0b428f19e7e8dc35b0,1032937400.0
c061b886b7136a1b00c8ea2d,983982800.0
fd0f6c0b5234ec1f6c7d1fd8,803032900.0
9df90c0644948ea5539939eb,804725600.0
547661e79bf0c62cb8de63d1,644107840.0
68963f5f3657cb64276e3beb,872507300.0
cab0a460167bb64c037cf25d,363589630.0
31977cd5d4c09eff149e74ea,853351400.0
23264fdd1059460e079e5810,529237800.0
4769743185eaeb0e4158e0e0,555774850.0
780c809c52509bb4855a4efc,546041800.0
f64d4e029592761bee698958,319146100.0
be364e85b988ef8627ece74e,407405380.0
c73c38b652e9418f06f89b67,403899680.0
213032fd36fa1a6342570158,522603300.0
d519a8de5fdd1a84ca1baac3,751418500.0
df91a494d5d244f20dab0eb0,329184580.0
9be92b361ffd3ea2c69be23b,690607800.0
cad16b2ea432d926d961109a,545607600.0
56b22bd973f94a4bfaaf6b33,687219000.0
84114798ccd01ae3dc97cb27,458220740.0
fe2bf1f402addaf17a213030,830853400.0
e01c1b69abb6a4c1c69c77d7,673307700.0
24671f63cd061228ec0b5b9b,423645100.0
f54c16df774e70d49355cf4c,510498180.0
5537b994e85c2688fe555d5c,539417800.0
1e5919cbe4373aa261d672d7,485019000.0
cc125d0f70d6d0819d6d90ee,570614140.0
51f94ebbd6d2533862a1fdbf,863674000.0
fe409f9ea8d18c9d9ba4d02e,410503600.0
753b47e2a3b9fcdf9d7fd9fa,538478200.0
6bdb3153f267395eefbf588c,512071170.0
9bde9f216ecb90814670e87f,830853400.0
7f5280804c59f56fba3d6201,414049250.0
ceaf16e097500022498950ff,491200740.0
aef06b27b0a080b5ee539b6b,455617540.0
abc668bf93ec7d1951c65cf6,410503600.0
56822f406646f93fb39d9e60,426233020.0
2690ba8b22a95cb837cb87b6,388893570.0
180172e4eee8ba756207b3a8,475897400.0
c11cd2e00942ffe56db5ae88,561938000.0
75a287d87aaf6ffe7b6db546,423847140.0
08f35bfbfe1bd663c40d9e54,514434340.0
c2bbdb2e5d0191071e6db37b,1020475100.0
b129a508d1d98a1b6dd2f61f,398491970.0
335626f385c28e8370c207cb,562462340.0
898ed7299f0c7b8a99e4877b,779575700.0
a98022fc80dd6ff27de693f9,436913000.0
a59f1631e721d231eab4d146,1358011500.0
98c9c866109bedd605ab7dbd,884381440.0
cc9743189c3671adbb1be49b,894349000.0
e22b8126863c9ca8fb04df9f,965582340.0
247715511199c5b680088b56,725630600.0
6e51ca1a9c2bba9fa0cbe5db,735451140.0
ba8d6800443dcf95bf9c1037,631505100.0
5ec6e033b9dcb454c57050c3,837460860.0
156ecfd8ca6004281b191db7,1092784100.0
edc3879a1102740f2f96227a,746101500.0
c02ce25a3334860d3bad53e8,578220900.0
d041129f83f1f13fd7b35e4b,723362940.0
6946fb4c877f35e9215ef4be,859578600.0
ff2897a56a0fd08996d19424,679088300.0
e1b64df8e809ba220c9722aa,412809660.0
c13263f9c8628bdef086106b,853569540.0
e2b8d1aba0c583984aab25bd,994369000.0
3786baf40b31a20f3bf3aa80,634345660.0
bcf12785c25f6e600eee8fc0,520901570.0
f85d09bb2ea40bd4b68465da,1099036200.0
1f40dff9a973064aa4737eea,1008682400.0
79beab95c6857412ebbbdedd,1065005000.0
5ed8cd2cf2c6dd5b5241d6ac,1097929900.0
ca8dacc29a57d39640e3e59c,964879100.0
723655990d58df33d55009b5,1356903300.0
79a675215fed2e293b27f43d,886418100.0
57999ba0ed9089739a1f4de1,828094200.0
00cea81b78d6007eb405d5b3,619573060.0
c00facb3e4cbb27c47a621db,1193807400.0
d1481d9d2bc9d1a3811f2faa,968553900.0
26313750bd29b2c59a81b58e,825142700.0
2bbbe93b615c46483056bfe6,1286151600.0
0f8fa0a074b743c92f0fc56f,1292683500.0
b925f9ef733930be26417458,818694850.0
0183b38955437e8d0128a013,764918850.0
1c9f65b631d2f2856bc97079,784322940.0
c11d82cd360eae99c04009b1,1169759500.0
4a80ffd8e908a3291a32fb6d,1269846700.0
1a0134583a5854d5aa9cdb9f,907075500.0
5f5346deedcb7cf5dcd1e9be,714170940.0
f17c8b14e56a76ea84a45fd6,998131400.0
b8ff548543842246ad439703,1176063700.0
53462704cfc47d32492b4847,958589060.0
25f925538316d3cdda8218c4,1347862400.0
ffe653c61bf13df43fa22190,507606720.0
228d98c82021e2325263c7d2,485717020.0
f32a7d08d176bf9177dbcab1,606898000.0
f2c86c1edac4eec6c01ec11d,461304860.0
06e350e3c733e5a0afb613cb,580863900.0
e2544529df4efb7e90afcd21,523542100.0
a639ec3b943cf90cb28bc1b3,900124740.0
a1320186028a726935bc1cc5,692350100.0
97337d2f347a50e0ef518516,435620700.0
8f619dd7fcf5e1a17af301c4,1068861400.0
72569ddc5828fc702b2fc773,980574850.0
ec674ba8cd16c2264d270901,1195614500.0
2b05f001ed1a84425a45d0ac,630037300.0
0a7758f69ddd8fb27a839661,459257570.0
e3ec7a8fba3e1ea07a135dfc,444315940.0
4163b665043ed27d7bf26c00,468946660.0
69f7b81b70ea61f304ccd36d,697164300.0
ff61104cbeb37f077c565fd1,431449020.0
883ee78c03efdb4bdc57796b,588015940.0
fafaa5dcf66d22bff322c72e,415909300.0
eaf0f2b00b6994a9ba8c5ed0,490241380.0
9b1590945c0c7f7b0704d287,659949800.0
766d34ea891f3af53f1391ba,769904260.0
b8680f925773229571014e61,601773200.0
2fcab31c752b699af5e8ce8b,1030094460.0
96d14697ed6847ee757d113f,649147260.0
ded79c11c30167a9d8accf77,510716320.0
ac50dfe70b599ae93ddee4fe,705098430.0
3fc7a0f9c30978f24d688fb7,735104700.0
083f05fe52ab15e8d481ad41,1217172000.0
075be16d8d9ed6831d139b2e,698976450.0
ffce0b151f293cad0a6f770f,1250042800.0
5997da918101ff14bddf20eb,510569250.0
e102f1d841d7cdb596d50624,382352740.0
a2c3da753f0116aa5842d4ec,856813900.0
43228eaa1230dc0f7f1473df,392351330.0
4349d6bfd5a518fcb231cb3f,782285100.0
c6c978051fdc655d21a370ab,621901900.0
f4cdf3ff86fe70fae3e59f4c,653989060.0
ac154aaafe98dae45bf9782e,932476600.0
01f6c99999c154461765f4c4,741247600.0
d7d30819fc6ad6e7e41453c1,886169600.0
383b3198861942064a63184a,457233300.0
3a2f110334251e97abe3583f,442563460.0
9b9db425b698a4931173b5a4,628397950.0
3b51828a1e891f3a52a4653c,690668400.0
c94dc49efe0a350bb522a56a,743218240.0
39e4765ae5c8284e1f3f618b,841961400.0
04b28e63fbba92daf83865ba,1037971650.0
b9643a26731cf2a9a243ef33,1156859300.0
19e03fc1a7ca4b0761eb9ef3,757452000.0
c0224f0cee5a388014db4f55,1069381400.0
c4074029fba935dafd82eba8,334230100.0
0a8d749a2336d8f66a4f19ef,543509570.0
e84da6ce78339d50a72cd87d,405375330.0
e9830411c3092327f4e66a99,481405220.0
17d51fdfe8fd16185bf5feb4,690619650.0
f07126d58455b20f547c4380,639183100.0
8fe7db56d501b9c11461f62b,641616260.0
1ae2058fbe26f384be45df4d,528117470.0
e74a31e6edd4459d4e215c5a,496693280.0
c91945dcab0bf200c3ef321e,583641400.0
933018604a8d5a9020aac221,689148540.0
876ebdaa0bc953890e323843,574780300.0
4fd907c202de4f06cade3b3b,1145525100.0
e40f616637f6187024b34086,948450000.0
f9038f7e24e0a29bd9f3e24d,1030063040.0
b27fc4e7f6042d70a7651038,836590800.0
e68b18b57fbc5fd6cbb477e1,631589440.0
326a82671272d893ce699476,876841600.0
d2655e69f5dbd09ddb9268e7,989621800.0
440cd2efd45c019c7151902d,892115400.0
e5099db945e4f04aa3f0bfeb,821601340.0
3477d85a434f66df58fbc094,978112900.0
56991f74ed430ed942b2d6d6,1045671700.0
7ac1b85bd87929705b7a86ca,960171900.0
0e1fbbe248919eb71e53ea75,627717500.0
75c16273d3a593752446c27b,747249400.0
7e74469fe0b030254756296d,1061350850.0
35fca2d53ed17ea7637c528a,1096588400.0
963cc728f3bc207a7ad74ec4,820810300.0
fa9dec2129f7218b4c4d4b35,939894100.0
1d0a6bf40e609fc74a319310,642846140.0
b9551c416341fb167049d4ce,749835000.0
89131a0af2db172538723b08,605919400.0
3e66557e876a876c259c40a0,627816900.0
078144699729ee0c46f36123,955358340.0
fd15189b99da46b098a949e6,706975700.0
d69209d7a26bd306bde5a37d,755097900.0
89690c80b7adcb8a8afe531a,636232300.0
0e0d19168609ac1d75253edc,574897600.0
6cd0aca2bc40d83473a39885,792869300.0
6ea0d50e822913d0f444d89e,801519500.0
39579c195f288da8d77f5ce9,1190814600.0
bc54f5dc4e9ce267ea592813,548383900.0
1d43fd3f7fb4e24a0b7c9ec3,860059140.0
2566d8588566312ffa4fde42,1060504960.0
8d27746cd9d2532fe9cfc408,398339970.0
95b822f76b4d3d6ceb0c5077,821159550.0
eba86391ca00fb217ed1f774,740168260.0
b9a0575867a59dc5dcbb9cce,568888450.0
0845e73ae95dbd4aec3f1f43,505872770.0
419a2f823e87ab67b1311bee,1173881000.0
552217c633d2562cdcaa81bb,643423900.0
4fd7984773d2872e51574ffd,847777150.0
a87ed2154a2351cf26f0027d,840482050.0
a2522c9d3edb7e7a23a42b74,911814460.0
357e58ef96c53f39e267b80c,1182535000.0
cf0ca58262feb1f8b0dc7b68,786382600.0
1cb79aba890b35f9d2a400f6,1271744500.0
d5c79ef12f43e2bc19e22fdc,791219650.0
776e1192349cb7cf1579056a,1009103740.0
7de63633c7666484bd098e2b,665594200.0
ca1b1c17572f776fc1059691,625275000.0
53e94de217ec45ad576fd83b,727002100.0
ed5c3d2952d2575b1bb757ee,979120830.0
bdfa334bc331e3e547f7568f,1217172000.0
9c6a01e3c7ef87d27185e9f3,1016979460.0
05d9818d3f9f2a5c358d3911,905652740.0
f6c990e406b3756ee39b3b30,471116220.0
19ace6cdfbd8bed6e99c86d9,414336030.0
6a04f8684e083eb6319b5272,535749060.0
179bf83034539c8a391e0310,660590850.0
a42081eac6834da0560ea4ef,882465600.0
784fa9e78f7cfeca4133e8ed,943808500.0
978edd828fc71300e6723e06,1105731000.0
61d6969334fc63611c810e2b,774993150.0
4d592a67596afbca92d26bcb,667785150.0
50f8068603edac10c87411ec,485192030.0
9965f598c5b95b3cfaac50ad,899501700.0
66cf83769d16a4d659edba6d,1293287800.0
9c2c2b01934d1d519e651786,688957950.0
2b4913f28d07628bf2d3ed92,980120450.0
9baf7967c49fa209de8dda95,852120200.0
7a0f887a9426270ff3c24e36,955280000.0
c1034173dda31d20c4efbed1,629546000.0
c4a3d64de5e401a86395a919,617258800.0
c4cef41167a5e8354a61feb4,992300100.0
f52226b24ca3d5b04b7cfcde,989153800.0
36d5003f0b5ec7f80e89262d,893803260.0
641600a4cbb13b35dc7913e8,1119460700.0
c31c4bd09d8cfba562ed2b41,937135600.0
0df96c81adcd6fbc2f7141c3,709182460.0
4499adb2aa3aee94d1f1a1b3,1206387600.0
4ec06163d39f96baebe11bd3,491308480.0
692cc1c9949d35ae11412fd6,513651940.0
f1da5388b772159ec90c3210,1126464800.0
e7ae63f81f8fad37bb9c1b32,1075745700.0
d39797a12d9a4aaf15ac11e6,618941100.0
efc5412fb02ba9d8f604e493,598533700.0
bee2e008ee41f8a711fb8d29,591847230.0
80279a7533c44bbae477ea4b,799296700.0
edc43e57b2905405a13f8f3f,422797470.0
751795587d1396e0daa25783,454491800.0
6d90801ea8cbc12f9e2131a3,716624300.0
71fe067a5ae994180f530686,716624300.0
2e99240e23b0542f1cc75026,536881400.0
fd6112c82d5808311b08e29f,668634000.0
0ac639a7c5ec115b3df8111b,704000500.0
af0cfebd54f32b9b92c5fdf3,716624300.0
b0015b31facc48a49f1313ef,425016930.0
2347f69ec1ce4a3fb6989eb7,489400540.0
209bf65e11bd7053d9658824,760006300.0
41877a677d1856bf609515fe,798017150.0
cf60297d9d9bf1268f35ad95,945186700.0
a33800eaaf178e01558ee926,830590340.0
69e663ffb4935aecb875854c,948372160.0
595415e95e075b70c39d5c5d,685290940.0
719679261d84d6b93035143d,762342300.0
9f149071cf61295815e3f875,825646460.0
3d24d985b95a3e200a734bc2,1144444000.0
bbe705b86c6ed4da775b68f0,387169820.0
e1d875468eea7b2eecbb49c7,556968700.0
0802b7e10706252dab8db909,725630600.0
2f412384597554f3dab07985,745286500.0
da8b5c8a320821ab8ca00a80,755576260.0
0f10d20cff5664f9564bc88f,1170321900.0
ab8699d3c685fa834d7ccb3f,725275000.0
85956152686438c48c52e018,736716100.0
ed9c4f4e06183b15b877f077,582918300.0
12e32a758e15fbeefa255207,796636200.0
22cfdfbff44541dba9091753,1015485060.0
314a1e163d0b77b0f384da29,386240480.0
23959a0f6e27c8c2b4a7f436,837491200.0
6ab5a87a537d2ce326c867c1,696421400.0
d9ebae84cb53d29bbd8a466e,387391460.0
9511afb73b656135daaceb43,953179650.0
9231ec89e58a3daf459c5b43,1226886900.0
8d97cda83fc7353a86c9393a,948965700.0
3b380c563ed2505b7630feaa,1053055170.0
6e5ca223128fa2de422b4009,495503870.0
ee30ab004ac5270daf59758e,752375040.0
d6fee4f680569a54f4267215,901657500.0
db3b84e5b3a9097392a57319,795902700.0
cef379fa831f936cad745dbc,552210750.0
4db8d32011163bc4fe01d02e,493045200.0
f842221d74340270e757fd41,903218600.0
f6173e36f95ad05b8e94321b,944337900.0
5960f14f2a81075fa66568f8,581760900.0
cdeba97450c735185e486eab,806535800.0
f9a802cbc802d49a087cf23e,1312389400.0
6a9ef848f22fecb9569098c2,1158093400.0
f3986309e4fc4cde2b5feed9,1028088450.0
6c3435048735371c36dd3892,1089011800.0
f019dfbfa7fbbddec988fb25,950585200.0
4526cb4a2b8238dcc4e496e3,1259412100.0
95561bd325f60967cb6653dc,865278340.0
9f3e09a3461bce2fee7e1c40,1394483600.0
1034b1af0331daddad70f3a5,449445380.0
3ee9cfee7b0acd482672ed47,723564400.0
adb51a572f3198367e3760ef,648847700.0
5c802e198dc0906016741026,488777380.0
671603ba1f755be5d7219a01,443721400.0
001d77bfb387bdf0b53e9e83,840615100.0
fd9fda1abfcdd1066a177e14,615738400.0
e1e78f3432ea2dff6b69c6c0,518725280.0
378e6374da00b72bcd7920df,634241600.0
54ec4fd8f49c897c644ce83a,672988000.0
a67ef3a182aa268bc4d9ea14,661579460.0
8100a4b0288d5d9d9dc86d2f,478491420.0
699ac8957d9b4eb7fcfbcc40,676345340.0
7b35a3e9f3e67fa1974f5c25,934700700.0
6e5383a7f9a68147c2788565,893259600.0
fca1c40a338288036b1eb25c,959254850.0
237da4784755f090c89f07be,685577300.0
21a7c5d6ea818dfb25077e13,751987700.0
0cf7dd52e117832b4698b310,816874560.0
677c8056695a5a539dcfa3d0,594932500.0
e4b85269ca413066323f66e0,998656960.0
9019f1dd02ede61479b62406,466826270.0
958f3e102c6ecf5f6386a004,483188000.0
b05c741bc5013a7a6abd31d6,483188000.0
2c58f2cbd00035febac060e1,702486140.0
89d36acc5f617a6a97e02f23,777599100.0
2fba6801eb9a7bce7ed2c081,664380350.0
45ccde79aee811756030903d,663061250.0
5bdb5174517b8faa23df9587,982789900.0
36a11817b32bc24eda6ec8eb,539361150.0
f1319a9332946bd68db250c2,479253200.0
39f70d6b68b22668a0631f37,584725570.0
3958d0cb732f3d623764be54,497070500.0
f67028acda5ecaa4c8781ba6,639747840.0
76f50ce5f30cb96d48a69357,569437760.0
9e5efd4741a57b9af54e9265,643169900.0
8c45ac143f5cc43e9249c17b,810910340.0
2a66eb4d2a205bc4474c0afa,764845900.0
85cf1ee98e1a85ff4619e27c,816818400.0
84c2ab0573d3cbffa0be90f4,556968700.0
48976c41de22ddaea3f8c296,444173570.0
001c03f6103d35389825b62e,1131738900.0
ceab390b6906d5cbe65fc402,784008800.0
79f989fd66108a2c38a9764e,744290750.0
cc385eff95aa00310eb22111,719740700.0
ed764bed1d05cb1e9a4e67f8,925730200.0
857c5dae475eadef41c25603,907130900.0
7148b0d9e2e1e92d41633230,867684600.0
7f3e02524981fc7e40eccfdc,416956960.0
ccc625df8f51248e3dc93214,429236100.0
b38776cf09ec8e90fceeec84,501277800.0
48ebc3d79e01061c926066ba,390966340.0
9580bf8358095abb15a10c36,340138400.0
d26d35e33a0cf88f735a9322,635228300.0
b4c2a0a1a63d35a9a08a6e15,740454900.0
1bf1913f806bd4b461233551,397703780.0
34d1394dbb483e55d1cc2da5,406581000.0
7bef2da7f3c160e94fe91ead,424447420.0
528014ff6b7cdbfc174f4fcb,557473540.0
bf1dae54bab00fcd3e8c9ce2,627918660.0
f270dfd9ef449a02b6d7ae2e,670815800.0
31d6f089626c4fd08536fac0,433770100.0
259f4f7fd5d851be70d63633,440335520.0
6b74ef5c8ab1df614bfba866,989463230.0
7ee7fba3a30e0e7c2ed3043c,624518200.0
b24bd44eefc3ccf053939dfd,869893500.0
0545fc14aece3f37864ced2d,863119040.0
e07eb36210e90ef0419fa0d0,1073179840.0
3991b04509fa61b36a8f7d2a,813918000.0
387af5fb4b4a7f5c3fdcce57,635075650.0
6852e8bbadc1a9f4fbcd695d,795147100.0
8c3373f9c0372b87ef021512,914936400.0
6123a0dd128e45216f832e3d,761647550.0
0913364c688d7375d0f7af5d,329184580.0
8831ae77efac99a6c58ce05d,913008300.0
b6283a5714e0b977110318ea,462372500.0
d2d8f5356f77507f8839280c,1028315900.0
f36bb15462fb29f80b127458,1099411500.0
7abf9cd6b26e2e2bb6d91e5c,946433200.0
1a5f6f7e8b7af9d48644f1e0,559479300.0
8e2a5f8431996ae0db65d0be,1059591100.0
29535d858fa3a11792697820,1252947700.0
8e4df02eee6cab9bd1011987,1025419140.0
5a4039f0ca12767138ae585f,495775200.0
d84248b3ce8ff6f5fa480a83,550178560.0
5838e86b74020a5bead56161,427849820.0
02091877f01c926c350b013b,457749900.0
df298574e35dda90fb568023,449375940.0
d8b83253855448caa81f7780,484608450.0
1163ab2c0bc8c998e121b922,476463260.0
14f9ab54432e5f54a50be4a5,409742500.0
f4e0fa1172c1d4b70b6c4d73,474113500.0
4345863fe83682f6091d8a77,505793630.0
6c5bbbfa3a1515e5cdec9ae1,620370050.0
742da63af109164c21dd57af,604834050.0
fdc28a68bf8a5bc86288b4c7,668090940.0
0f4b077de4ba5f5db6fb0065,580804030.0
320ff6c0320674fd278f6fc7,589834500.0
6acf9cef08906fe569c38572,1063663170.0
853febf898a1dba351d6f917,658108350.0
8ae41ff6a828f175a9f628b2,521810430.0
56ae6108c1b53c649da2f6ba,552026430.0
aa990d4e5f1a0fc4f0bb29aa,892605600.0
cb8b826e929f4f8a8e3687bd,611194940.0
b85a7389bab2e651f05369da,477727230.0
1fe929afafa91bee53df4e86,559586050.0
02e89c055b7692dab024defc,516795620.0
66bc6e56bcac9bfc4a7341d8,716525950.0
63cee15dc4a6808616a2c2e6,569067500.0
9a889078a0225c013570609f,479692160.0
3548fa5ad26ba2ea999380a0,561289900.0
d9d8aeafa748f8f1ff2fca22,804322050.0
9e2c21d635fc25f7790cafa9,470080420.0
f99adfe85d32b0a66f4d483a,907724540.0
eb64fd330053a41ce5be4a7e,578299200.0
ea8d704272b2cd066a7e7867,808316100.0
e7c92ef9784a92c8b7fca693,772254460.0
a9b83e18ae78d307d1b39b15,788165060.0
ab8d6823d905f1f0ccf4a75c,1039647900.0
8447ca83d928dc34c2e7f9fa,508929020.0
5bd24b842a67601630036d0c,730379460.0
38d5b9319bc16bae99fe73b9,741247600.0
e1558509b120809eface5b87,767567040.0
4b8d7217da1b1f225f254914,920504450.0
09e0c3a1b90d46c361007323,578299200.0
d090a9e520ef74848bb060a6,630572300.0
07284e4caec09fbbb16adf2f,1229036900.0
f8bb20be599b79cbe29f36cb,965856830.0
07dd30f04c5953f325df9aad,812435260.0
622872d345b4b0d9c1b9302f,708170050.0
fc9151dd6f8850502c747bab,754100540.0
0fdd03a2dfb18e323d96f468,712436300.0
ad7cfe29b56c915dd016897c,593215900.0
f40a182d82c489f55c64ab7b,810316600.0
fb06aae0e711d628b16eb910,791500350.0
7dabee85f750266dce02399e,938308900.0
ebcab2f8506c64a461591d1c,655375100.0
340f96c7de105aec5b7a28b9,802190900.0
be1c6023731fb633c4f41f96,428802430.0
d6b051fbaa13e3d92a798521,815566850.0
bd04c8b6b5e381cd5f881379,455535870.0
2ca47f5c36ea5d1cf00dbd2f,410229660.0
3f2c18ea5d8e9a25adca4c42,888795000.0
5bd59dbebb0d6fa71efa4c66,684106500.0
bdac2f1c4b306a7742f60ab9,738552100.0
a0e26a9d56cfb3b7228e5d75,626851260.0
933740e21e9b61721b2c6053,752390850.0
a3b9c1a3b81f17e6b22b6152,594684000.0
445e241d8bfaceb149609d6a,504297630.0
937f0b37f566f65a1871615d,580413100.0
9a76a405640f670c6355630a,646490700.0
7a0f351e8562fb7aafe6e714,575059900.0
4c5b79f3656501fce2e2178d,649614200.0
201053b106a0b89a0a47e2cc,718166460.0
724a5f9542f86cc43334d3e6,406524380.0
afaadd87a196e04b934e0b1a,430200000.0
a46cfad2458ac7ca4134818c,539153400.0
f640eb21bdbb9369acc4e863,562462340.0
8b3350aaa66b9fa1c682c15d,658998900.0
1340b0805cb34eb9a982190f,452522240.0
055d5ab6b22d4d0ac325fe73,1025419140.0
faed63c1287896e97987c4c9,815044350.0
a094be8af52cf76977fa5083,852255100.0
feb3384733ed8feeedf9ce8b,852255100.0
eec4d59429b1d1bb75b4d686,642805600.0
3e9754a961d2cf348c9ff7af,718059600.0
8f8a92abd28c8990534e847d,1051630100.0
256491790d0a2d5e1ebdc2e2,476275170.0
ede7995bc4e7e672fda4fa5a,1008861300.0
9e8a11484838eed1f4673a32,782788100.0
8aad5795547ade3c804c0ef0,687849800.0
4ec4683fcf928d9fb33eb7b9,646289700.0
ee18825bcf4065d29287b54e,1089381600.0
485cd615660dda11586f797c,794325440.0
8b450ea6c21fe0b5157529a4,845774400.0
0d45e78397d4bc0d363be47e,617874900.0
bfa4cb65827c4ebb91478e53,979029300.0
deb2c93acfaf6994bb3c0608,679838660.0
571e1a8c252cd67ee0475974,964879100.0
04e337d3c692f3429d47aef4,711826400.0
cd2913f013727119158b98c0,1062053500.0
ba63594585c484bbd20ed3a1,575669000.0
beb7b99cf12926d8714d1c5d,793640960.0
0fbc9e52ccf1b7ea8136cbbe,1037819200.0
f36031f3a3f77a3fcad337aa,849397300.0
7738f18d533d0f0379e3a06d,890201500.0
20c3cc21b44eb37d0b359c1a,764918850.0
78257e76c16db549022fbf2c,883225000.0
4baceaad0b0081bdaa37473c,1265081900.0
6bbf67d88846e94a63014eee,1138085600.0
edb259013ceb62ad9b23eee3,1099411500.0
ecfe155a407ad2c2f74522e8,673765060.0
6906a20be4962df7725dda7c,1204403500.0
5d86b884df3627d93f206952,1243897000.0
cac3eb4606346268cea48e32,1347862400.0
e7439820086f8d1cb13d7c9b,643859700.0
b940561f2d48444e139eaf71,491251330.0
4433060d0fa95ae1382f2de1,473655260.0
27dd503d4fbf4d5f5d850d4d,551912770.0
42a73bad238f2d3f5e376044,545151000.0
2b53b13cd912f353cf9c4757,735583000.0
4cb59b46927df31150830d5e,573924740.0
2f3d01cbf0ee0b985386418d,516816320.0
d12e6de49fcca906c3586994,415246660.0
8f541a839df1ae79d563427f,438016900.0
ae5ff2b5eb4f9ac44fef666c,503375100.0
ca77a424800783bb9c5c0450,981351300.0
c0ec1e7ae2c6c3c2f2ae34b8,598256300.0
2372f7c0499de8aa2e5ffa06,890712700.0
46de3fbec5bc6c0e256e7751,610137340.0
4d8b338266822739bc9c8fc9,909360400.0
86d46a3fd9d7bbcac3319829,921449500.0
b13fce1462ed87e57ddec917,744939800.0
625caf4f4f56f3f6bfd3f786,407970720.0
2214e2c62cf8d2d14f11d47c,671120400.0
cee8fedd5685633435d77a06,1101579800.0
061386497cc2dede3ea70b1e,491321600.0
3ce50f34a7974ec17178a79f,1022265340.0
855ce1721230ba103fc0ae84,373466370.0
ff3b85eb538fb9a7dd03f459,409656500.0
111bf82100a6fab0c9ded743,613964000.0
8877941794810464749ba5d5,1075001100.0
1122a042822658cb504dc147,613964000.0
d7d924ec35768a3e6bd39b20,479278800.0
27cf45528b4266162f7c9029,620183100.0
916f946082d03023ffad6f2a,1021805300.0
68181ef118970fdb1d83f030,925730200.0
2f0bbbbb466fae3fe5c4f614,589340800.0
17c8b228fa2591e3a234d55c,541666370.0
e5d9afdaf318dbe749bf9950,569346560.0
ce2cce355f493a75ab59b242,573102140.0
b6825cfa2fde9b42fcf04c59,597840000.0
6fb3e33e16eb81331d389ad7,470080420.0
e29d9a401a246c00f5eb2413,608763300.0
fdf103976a39cc12f5effaa2,608763300.0
d1526bc5e5446680841a9cd7,1156762200.0
a96cb9d988f5dc99bf5df4ea,1156762200.0
760125efabf13246774a9f16,507888540.0
229607e2faf76efeeadcdfce,465520100.0
f14b11d270282b317d9cbadc,691885400.0
8a41638edfc5183469b6c43f,549527230.0
ba249dc7eae0609f20ccf234,586847300.0
0dfc7d77d3dca86a221fe62b,1169585500.0
ed7f61ea4c9095bd4aca258a,490686660.0
d2ce77db7cade7f2c6189002,462372500.0
9d18c354e8939c9f18598f22,406685700.0
b95689add02915dab555d9f7,989395300.0
1c35d9468cdc55670d48db84,1358011500.0
caa4aecacff2beded2e76beb,557522400.0
017487de3455d9f642a7fadc,942064000.0
8ed9c13717d2bb274a81e460,882371300.0
c2eeb1cf0549df1359ef4dcb,391614140.0
3a413637f3108ddf7bd53bcc,483042400.0
145a241c80430b1e4ddebcfe,799115300.0
c954618c48b70cb00efb49fe,781056600.0
fda6cee77fbfbce6ec0eabdd,740572100.0
b92c9c464e23f8b987290769,460692900.0
d81b170177769c0121b8935a,925061250.0
7a832790d068e1e85182b5a5,499959140.0
462ced9cfb28550c160e5664,1001121000.0
edd9a278b86b1c56e237a0f3,447100930.0
fe9b6a82fcc3266ddcb3e36b,1097929900.0
fa74fbeb90bdaf8eb26f8329,696615360.0
a70b6661eda6ef616e19dded,425016930.0
cbcf4d76223673724b0f9811,533719400.0
ba16ae6ca55dc3c0d5480944,726738700.0
3c840c206546c20b3e53d4fa,693261800.0
c61076b24927a46ef506322c,917449300.0
2e797c8302fb7ada13ef2d4c,819108740.0
3c9e3b97db788dcd10acf0e1,565853000.0
28db5acb7b224d44e3d7ce80,746894600.0
c7aad87d39537083a5620757,546958000.0
099721566fdd0a32546fedbd,735998400.0
bc67f29c8679adf31353bec6,727897000.0
eb40a304997a6e66c550b704,925117700.0
3882da646752a82db088c614,525021100.0
68c319925551b9484778bb65,796887000.0
711b570ff195fb77229deb35,1032181200.0
e7a2e8e1c22a52f78ffd1b19,883474370.0
814d93fc94b4de6d3a860bcb,660606000.0
817da44fa842fe304b93c199,377918400.0
5cb29f5aaad14b6c33813580,430200000.0
8a1105028a1a1b83c5080abb,382216400.0
82b69c38d041325a4bb2fbce,379399680.0
a57d01ed5a9641ad64f7f032,452522240.0
90186e67d802be6d12eb3696,680479550.0
f781bb1ed340e08b23258ceb,408956260.0
db05818b6de8d77c1c3fd053,423645100.0
f4ed8924f5d1a3e6374715aa,743026940.0
d792d1eec60822752c8d52f1,704900740.0
47a3c63f65a9794384c655dc,1025419140.0
ebacf31727972e81d0a0d904,586396350.0
a759e4c03e49c419c8f0cd2d,657379460.0
0648a4bd7ca088f4b3834401,816929100.0
b25734bf3ca94e775f467e85,555965700.0
65a8795e7a5b88acd7a469c4,546627400.0
b799aa1dd2de813ccad401e8,685179900.0
c01440b8ff0d80e7bbad715c,614680000.0
a20cd5193779526b43612ebe,555220700.0
0cddda1c211fcdce819d5f8f,901096960.0
69bcce6b58fc3702580d3234,957728300.0
ac7c0c806b57e4942d9ead3e,827069760.0
aa9e131fe4e7982a374bbb84,559479300.0
290725d6b15062397597b954,674809340.0
5f0fa37b7c5cf77e0508abd2,917410750.0
c76f482d2a8f8db5eb79ae89,1098436900.0
f651cc17b051c962e4124795,759880200.0
250d84aac8add089061d3204,762829600.0
d3f9cf66c1c05f55325b894a,1099411500.0
7198cf5aae5d0d5ba2e43b96,883225000.0
766c7906cf0493736436fdea,1223279100.0
78f670c0d7a26c0323281ffa,874771900.0
ec0eb8d68807f52b681f138e,1152826200.0
446138cfd3749c0b6715b0c3,1303555500.0
64b4837e4550ce39f2f85342,837727700.0
1103c663f6b5ed0309a767b2,505179500.0
b9a573a3f2cedd87c7dc6477,799115300.0
de54862f5b7b8ff345c6b297,486558050.0
16b3311b337c0cb9312ddba1,452522240.0
a1c2003dfcdce97d21f9cd15,1025419140.0
262688a95a32f10fa070a887,809643100.0
8e374b19fb87640c56243088,555965700.0
4032d6a6a13399797a794ab7,704900740.0
99f1712af0fe96f67d11037b,460151040.0
bcc584e6a08822158e2a1454,551235260.0
ad14f4403926de76de2604c6,329683500.0
01f855427cbe3eb51b38288f,640281300.0
4673ef4fa28aabb0fe61043b,416956960.0
f4cf541f02d99ea1851b9f12,552153860.0
bfe19954cd4680149c682587,656390900.0
fed8f3bf4a2d7a426901706c,562204900.0
480aa7fe286f4aa31f56d4b9,744290750.0
1e9850a50070dd51861a5e63,399491170.0
e26dcf5836f5bb53553cc413,378311460.0
c7ac975025713f368bdb0af8,1290976000.0
73fd5bc0aee47d89a160f5d1,841202200.0
5bb9dac6e0e9409e89aa6cee,1121833300.0
9b15aa6c85804621f5c42566,883225000.0
199fe72cad28e4554e359ff1,1265081900.0
b28ba88f3665a2f26c2f8e47,1099411500.0
453ef603a66a34f17ae22227,923245630.0
d8f4955ed4fc363d6d9ea897,966404100.0
f2eca7e3226f625807f7d6be,1197954200.0
361ccd7f37ada9c07ffcf71c,879338750.0
e7d1ee027da436cbaa122f48,1115988000.0
554ec896fe4f9d8f2e8eabe0,952821570.0
ba79c72aa8bbb0517c899b59,943920100.0
69dd957e78fcdd4d8e874acb,560143400.0
df91a3c7f364df5e6831f2de,454664350.0
77866048ba7b69532d0a18cc,786864260.0
a792bde8819aebc5b2d73a6a,999846300.0
6293e4a72b5c84782bcdbf78,936376260.0
bcee01a5d6a36f48d99a5e4b,654375900.0
c58b56f1202d1cdffdda3021,648862500.0
ed3275b560f020baeb9ce3c0,692734460.0
2a872557ba401f4c95e0ad2e,881412540.0
6b8c1c7c855656b0e56f0bb6,858102660.0
d6297cc548b16bff11eea51a,1217172000.0
dadce7c7a446a6a177821b73,777413700.0
f5d9d8082e7652e97973e0e4,1210107100.0
2ef9126614eeef828f797e66,557094000.0
c70439fc435337f1e8fd2f5e,1135607200.0
79631cac54b1e71c1022da12,1319210800.0
6fca3b70ba2c68d9e0d2540f,320195460.0
5b29d453bd368190e0e356c2,785194100.0
25995099875f0ee622ebc31d,840042940.0
34bd7be0761ab3d43da7a81c,662985340.0
b8e15d182ac0c74fba332b8b,674404030.0
901e3b835718ccae27c8831b,1019819300.0
e1c7a101e5d518583f9a2a7b,1046018750.0
02f6ffcfcdd3dbba94dd7b33,936356600.0
2162e09e137eb5f4a1f32b16,602908300.0
5eb815f9023e6eb97786233f,1193807400.0
d2ab14487e0ecf640a785277,574552300.0
437167a9db41b677da7d5a7d,401201630.0
c3f889c41c1effea85bcc706,504500640.0
155da5ad9ad19d57a7632cd0,756617500.0
43d1fb0646562c3f1dd6fefa,659537100.0
8eb66c4b057dd4b07b5fbca5,868703040.0
f9718594fa52500c16e3cd71,917011900.0
d9c46d54ba6df0d21ed4ca49,701585000.0
d3f688e0deaff6648f2925b6,412945900.0
093a92c6846c924f88ba8750,873753000.0
9b1223cd8c9d7b348d6a5c94,1101241600.0
8209afd76e36d8b5c4f7a991,448629150.0
29fd909e7cef62de53430e1a,540051900.0
76df3d616d8bc1de789bd83b,433608000.0
8aa5d44a72b2a6851d14ef86,810925800.0
eb4e1b72abce1d184dd4d5e4,630639700.0
2ba24fd47c2ef8520bccf6eb,538665150.0
1c9e38cd216595b33e283134,1049986560.0
2fc150cf6ea4141106bb8ac4,337694240.0
8dd46fd8ff592358e4c3e7e5,389740830.0
d5e001b2f1dad3962cfff9aa,733157000.0
6e73e42a0d2ef8d6e403112b,499332060.0
2537dfc786054c61eb3a80b5,661990900.0
19c77db46d23e0c07a06a8b2,520249200.0
e6424086fe1cf2a2931f4847,661990900.0
66526276a7e8da597683e8c9,552930560.0
cedd20027ebbf47baaa0dbff,552930560.0
ac7c323295addefb43c62acc,732096400.0
a8e74eb5eb523143cb291cea,959855170.0
ad393e9070779969b496fa72,754086140.0
64d9dff81c79a16579cef2f4,1073423500.0
ea91281d5eaf6b8f436d47f6,1073423500.0
06e59cc783be86bd145a56c6,1134522600.0
7458171e4db497a4cc1365fb,884885950.0
12d73fb8f4ca87b19ca46231,732096400.0
5e935d4a03c6abc86ac5adfa,961038500.0
2754b4e12a7604efe8e03f5b,1210598900.0
9ea7a0d65493cb5487ed2084,471724960.0
7845cf57552577b059dd13ae,416304540.0
6e710984bbf2662a9cc7bc4c,416956960.0
47720fb9e2586dced75db114,433073200.0
cbd48f3342e63a84173a8dfd,329683500.0
cb83c138aefeadb184d2c7e0,506288800.0
397d4e490eb2db8a1b18051b,490428400.0
4f65732875c007d3c1102140,408681000.0
1f8ad363a0539a6f2455c3fc,426159040.0
9535ab027f9f2a9a8fdc21fd,409114620.0
248993a27da888a6e3ffefe4,414049250.0
cd07b4553b6d3863a9e444e8,753413300.0
f53fe605b0a2857cf3facf73,1131738900.0
ae48e30b60ec254bf0dc89ac,929782460.0
2a0e902f3c07cc9696000177,574449340.0
d57535248bb34f65ae678a39,672758300.0
9949cbc958bbc0114404960a,675899140.0
841c57617a075690ce412083,517019420.0
9fc4385ea76cabf741d38789,334240960.0
0367da7dc5374f1957a1b7f6,1036159740.0
7703f868650a8252e954e457,378311460.0
4cb9319ff5adaa62386b713b,881412540.0
dbb30f9d010677de2aee1b71,753475100.0
0b54c51a787fe58bdf677658,1074140300.0
5234aeb6d817b8ad876e50fe,564025500.0
77359d0d34ba4c9d825e46ed,421310660.0
b84795015be5077f942f5170,414739260.0
75f5290d61164d42b39d9d51,423645100.0
b46d50c84edaa7feba938671,881412540.0
be8c05b72ee7867fdcb05455,989153800.0
356712646865d98127b92a57,663350900.0
ab765acf8b87daf1673b3a97,453677700.0
3a2cacbd3b4f9a23514b1433,1101155500.0
3c6d485d7b01ddd6147746c2,658428540.0
054cd21c3b12f165bd520313,564856600.0
e114160e3ffe6a703eb42440,586280060.0
a38b2d75349c56ce04f02a94,998476000.0
71fdd2b1214b9371ef149c1c,1168682400.0
10970057efd092c98037498d,548507300.0
7543d0e85e6328ebc8283d75,465064830.0
db1cfd89dad114c11ab2d409,1049013760.0
760f24a443eb01721c6ffea3,768113340.0
a1508f30ba87423e7393b4fd,1169759500.0
5814dc311aa87b24e26aceb3,823306500.0
f26c2bb4d5787541e9c36463,882068500.0
cf07a5af6ee98d735bde14bd,917006660.0
8b716c3dca89b7caa7db1aad,685108030.0
df89e7dea6c313b0cc262249,435105020.0
3e2c1d2cba8755ffad9cff27,828972800.0
6771a8c70428fec0f21d51a1,574552300.0
d8171d498291341094daaa39,1084650200.0
3d43dd23536f843c2c5bd268,944880260.0
785dea91d94ab384bbd6ce3e,816929100.0
6c316d2bb84fff36bb01f14c,1193807400.0
08ba99aa6a8ee752209de6ae,691800960.0
d177236e8c725d4405025916,990486660.0
9a6b537a7319b3446977919d,1253471200.0
e2e7b03feffb21bad63eca2d,976316100.0
f2fa898e1bcccbdb92dd91e9,750166900.0
2c340ee014e39ad0fd1309d8,1120719100.0
7ee83e5d70855ed21455b6d5,1105931300.0
fdd4b5fcf9ebadf96545038c,1290976000.0
512b4ad817c387bed877b7d1,1234035600.0
3ba644c7be754c21e3cc48ee,739966400.0
cb38dc837baf3e0531c6c115,835837950.0
5e931fda1e62fe41ff0f2ba2,668923600.0
0ce9a7d4b0682dbbca68e070,679438140.0
8d114cef336100a8d8c81ce1,766009500.0
ebc3a6574ebc530ef715ea7e,1217172000.0
4c2b14bfeacd87b878cbcc92,1020475100.0
577b17cb350bd2a646725b6d,937291140.0
0dbe463995c605bcdffb133b,539668860.0
88f3f39ea06fb882c69bbd10,514160670.0
e54567ced41a40938b85485b,640281300.0
cb6d29f005078d4d4efc2d04,795388200.0
1d0919344e52b315441aeafb,984991170.0
62c39ad30e9a26d8cf3593b4,939220300.0
a02bf67aecbac445a12da958,1237089800.0
06baade01a74972cc4a419ec,863674000.0
3943b64f9550a575f15d6d29,993707300.0
b62d64605362afc574ea5b0b,1266279200.0
0ef45eb4356e2f0331ad2457,862503550.0
6700ad4d4d7f70def59a5d59,772018800.0
19ad2fa7e170c67870ee58f7,1103188200.0
919c1e281329379c4d130416,1110884700.0
8a451ef547efb90a8fcfa6c8,1011263700.0
5c208e5c37aad07602f7cd7f,469497100.0
164fb89266e40a2530400599,412945900.0
5fc0f0c4fa019b6f1b2a016d,462064830.0
3b16ff50ec7fa717efbd62ab,719584200.0
30e6d4e1c53e9e81ff66df43,548507300.0
cdae3bf05372c13649a2adc8,465064830.0
170a69c11cf4f855ed015bed,760821440.0
e14b31f8a454e47c383cae94,664138400.0
14a8134a56af1b328321cad4,631823170.0
ea8cc21bf7d48979bcae1458,819094700.0
c287dbff188e95f833ab21f0,680978100.0
2cd0b2d7561919f0223608d5,416956960.0
1acc5749203f964fa8b2092a,399248930.0
9543c16bd5eea47111e6b266,414739260.0
d415dc486936995f8b3704e3,421310660.0
ab946dfa5b9d7214a3756978,816929100.0
803711fede531ad1621a6823,640281300.0
f83f29f28978d7dd76cf5942,1020475100.0
4bf284e6ba81bcaa21a437fd,863674000.0
d8ed50fbd5ed46d36b3d2dba,490129150.0
b40128f5e17574a5d3da9a32,810724740.0
506d4cc6613a07c313a12de4,761296060.0
558b7d06789a1c8e488c38d2,785197100.0
38410183814a757520143737,744290750.0
560a750cb6f8683ccac4563b,935822700.0
48740edcbe275bed3c82efed,729144800.0
50b2bb276e598c9cfdb42b0b,725630600.0
302adfed183564312f9e3087,1290976000.0
063e53d45e5e7945f1f10fc2,750166900.0
6e2c39fbeb5392e6aee9b644,1318212200.0
8d6c523d4100ab0c83a31fed,594988100.0
6d6aaf30227f16b2be29e79c,1169759500.0
e73e5e75cb18f52dd7239361,574552300.0
dd625806063f76dcf53582d5,937291140.0
a4b16572b8bb786561baa3c9,1193807400.0
9446f801f30e8b2997fbd72a,1338394000.0
941569c4352c3a2e32c908c3,1176063700.0
8b4c54125d9165554e4123a3,965807100.0
d50f33fe5acdaf5caf1c6ac5,389060480.0
46ff039321805b51870c64f2,1022788030.0
1ac6c220eb690db798a3d4d5,943034750.0
faf872c4bca132b52dec368c,806271200.0
d92232d77f7a124e7ff13ee9,765444200.0
f9a136d7944cb7768b598a88,523644960.0
e03610db09ed7315cfcd64c9,495910430.0
8c51f1b43f15b70d2a294918,371267500.0
21d141a84af5f0e2ade9b0b8,608660030.0
55c7cbf5e572d2342d0d7071,843169900.0
54c0e5e6d368ec51f6e75c1e,1071795000.0
434ff40bff8fad0962ec07e4,602239360.0
0a199d5741b5a6213b39b793,638484900.0
9931470b50580f51e1a4fac7,576471100.0
89498fdf642e770ea75be7d8,1018188700.0
aba39002de605f9ff34bd542,729943550.0
0c1c0ba7d75dc4090b7183f5,954493200.0
2ac425aa592565b44b25cdc3,1005002900.0
c0cdcb5f860e3a974c401861,773293630.0
4ec741bc6ab20515070cf1ee,693272450.0
3d4c48167a8de8cb0e4956f6,1221619000.0
f5741fdd9f509d3bb02e35bc,931657100.0
c1d0c0846ec652774ed5474b,898659700.0
ed2c02ddcf0e54789d9d2675,1285580000.0
0e05eba6eed4e55e89dc5f14,809494850.0
b29e5a75740c8439aefc9321,746265200.0
218445f989b2da5eff4029f4,796355200.0
0c7da0c2613129bc322b1da5,1055985700.0
a41210034abe19957b317d1b,1102578300.0
0cb4217cde38e09571fa73ba,1270917600.0
9df0663317db1cf4121a222d,856872770.0
62be98264dbfd418ba21cfac,833049540.0
939ce1536f15c0e6bf203dd4,931101060.0
d9028df78f9b14a720dbaa8c,931101060.0
b05f4b5fae2f2faaddb377fb,597239360.0
65ac61968819927b8fd9b990,556831700.0
1e83b53963792d7445e19d27,1141198300.0
72eb1af691a950fbb7e8d635,658279100.0
94fecb92077ffe3a72aedec4,493275650.0
f660a48b0eb17e98dd77c0bc,552875800.0
27fe3fc3838695ce34c5d287,408292200.0
9ff4b1fc1970cd5c102cb755,904359800.0
b54940561992090411749db3,472134530.0
d4990842f549d8139fa94c87,597023000.0
f6013cab49ef9188aaf87972,804322050.0
cc2e8713dd087d3b842d2f11,423254180.0
fb8aa6b6c5d2499d404f3f73,575842500.0
6a8b9fd89b745a52703715ab,466617950.0
4721d06c49413558bda1fb68,424907500.0
0100b3a412accebf6a3aa4b1,407286530.0
215e8852679b9cb6c4029ce3,352919070.0
0afec1b2e7060b99dbe41a10,463045900.0
4ff17c9b88aeeff105b8301c,474141540.0
6eee8548b87c9349ce90ac2b,461322460.0
9b264d26a196a76951308cca,523792800.0
945fad7539481410e8bb60e5,495910430.0
f727924f0f35ec9fb58d0c31,461881540.0
c7876dc81e250503076f43f2,547376500.0
e4f3e425e9f6e393999d7a08,583176260.0
cee1833e8964355b9aabbce2,545179100.0
9a1819c45b01c341647a2410,702665700.0
ce95aab452311a0cc27e0c7b,587533800.0
e6eff72b7c5b0fc2677af2ad,447100930.0
3b368c10d243f6bc9c027061,450392770.0
510c03bfb80d92d180803887,480605220.0
664934c8e209352d2c79c971,649735600.0
689ba3a92dd7c12f1965031c,635800450.0
93d4c413d2a1ac59f1b46830,610328260.0
08b09c586530266c14e611f9,680545700.0
7157dafd306fa99e4c2ad233,528917900.0
74e15493f395fdd312d50cc8,417819140.0
c34c94e7129f84267a5e4fd7,626666000.0
fc0572d7185e132770c3bad7,613964000.0
5c1bd88edef0a4146c871fcc,658167360.0
a28a31f7d0e3fc6298606078,488464220.0
f388112376e68ccb2290074b,1054397760.0
05d1c33ea8c89ded7391ea92,551378240.0
dfd84193c81ca8430fd27ad0,613964000.0
8b89813a4ae5f9209f854be1,891574460.0
d7b9566ffb28c753bea96f0e,824359300.0
8062b4109c12a95dd62bd43e,814842240.0
6d305d6f3e3c2a53515d5f6d,991199170.0
ff143fed55f12a0105f9f88d,814842240.0
0fd9a2a99c44c9e5565fc17b,941575360.0
7f85c59323701ee0e75abb92,624543170.0
19baa03dc4143a83920a7d2a,1078893700.0
bc23ec33573f28442b36f60b,573005950.0
9957e5492f63fa295772246b,1265699700.0
62e376b22a4cf0d84b7f6bff,1149844100.0
0867853879129bfb46dae700,1097333200.0
92c5129009b7e377fa004a93,1422497300.0
6b9d38e0b9a3e28e3e695be1,1180344800.0
b6da2728ee41d035da57c822,1238749700.0
adf5879151c7236f5e055e1f,851207300.0
bb31607d0bc3ee4a37fc912d,994120600.0
3ef8fee6a5cf42827d8bf562,1123908700.0
e6016afcc032d20fc9d6f2be,1063933000.0
f3962b552d34eb8bf38b4763,1262083700.0
bce7369d51094d3a9d3495e6,1382402300.0
55bfd350162592f2571e3a0d,833656700.0
3f226452520ee8f04e306bb9,1026597250.0
b16fda9be5edaf4cbcf07122,1180344800.0
e6f5ae869a5b7a30e8f0fd0d,846205250.0
ab0babf6941ef43c35acb951,1043975740.0
3bed16373c8ae820187e3d5a,786262660.0
bc1335d419a1c0f6e6860470,1115988000.0
98575cb25b358dde32ad042a,1080458800.0
fb50f2f13a30fccc3903577e,1146134800.0
7a608479334951a3afdc655a,1140162800.0
9cb40496518bb99a7a00a2ea,1354323000.0
a69ded1c20e05bd6b3a90028,642301950.0
71d422db0c0c638e448142bc,966039230.0
fad033a3c81708df7b6ee73d,762455700.0
99fae85157be04554b236007,407264770.0
dcd314dabc7d162cfc29c81d,876228030.0
1c65d5172e53b4c7f1c4d6a9,706728960.0
cb6d4db44c789fcfe8236b40,803546200.0
ee2c509989c7155bb472c5b0,962878850.0
73b60c9053ff8193c2dd2823,611147140.0
2a487cfffeb12837a5586a41,420405980.0
c9d285946ffc4c4b3ee95da8,1107003400.0
6a21be8a7a429eacb1de8c1d,870388100.0
2a7fc28219bee48a2368e730,688466700.0
5b169f28ea1dc473ddf11580,390966340.0
58b3ab31de2f9fdb0da0dc8d,1017039600.0
2054c61f0162a18c6fa2291e,416956960.0
39940234a26e7264b464450b,645239040.0
550157aa4dae5fafc5d795b4,696242050.0
ca87bd8401c0c7bbc4b3f286,928908540.0
a8fdb6fb681aeae4d5c22f9a,1112903700.0
998c864a446f06d114f42fa2,1262057200.0
bc57535516748048e38d4a2d,891297340.0
ddd55d8001b809f304883ce4,428911200.0
b9fecb3e6a507ba17764c303,398845540.0
4bd30aa3e2b4aa077ae27490,656205630.0
d7ee2851bb69088f851970e9,745529660.0
40eb0c78da8b51b53548d914,910768100.0
1097d9a61690cc58a4b91e62,599277300.0
6aebff5b1fb3a438c2c7969f,931559360.0
af672710affcd7e44eee9ba3,424837000.0
fbe3b74f9e11c829d4dc69d3,1146134800.0
6b7219005737d8660d134ace,1116920700.0
042bd2cfb2d33467149ece1e,843026800.0
d5999beafbdc8acc8a6ad809,765543550.0
4ba65b1fb8d8ab0a914b0b8c,567100900.0
230864c9c9c5959f9f0d36ee,755643970.0
8520fdd4f5fec0ba861ca9ac,409333200.0
447dd594fdadb1b12ab32e6c,523105920.0
3d405df6e5dd012419f43ba6,904146000.0
e120c33346ead011ab7789ce,634778940.0
505740f7746e0154932dbdc0,506931360.0
e9a427f23e80fa59d9d517c0,436376640.0
97388d009acd9e5ad49e7c4f,485019000.0
a100f050c34e438070ff487a,462372500.0
96d14a1d29b7abc2cad573cd,760007740.0
f69e25355ce3887bb1078fef,618237950.0
86276ef138e0babab9863276,532202720.0
344f3bcc1acdba48c12f8441,777136500.0
f3dbdb2b69017cfa026ee18b,707414100.0
ba32f2964e8b68ff5555fc34,1034035400.0
fb7154b2dfd2a48c13ef70cc,757062100.0
089dc5de66c6c4132734b9c0,821330240.0
5c2ba5028fd94a6b9859de70,585515700.0
e8544410d811163a13c6a326,555130700.0
74d8df07206df08e8f3dc232,1028315900.0
6fb4126e3ff41b8052fd0657,511589860.0
ba35cce2e715bda1684c937b,882371300.0
d7997b9126bef50985bab347,456747800.0
da3aafeb2d0105f8e09c051f,508334340.0
5daf1136686fc538db40afad,382735070.0
88f632cc304cd769e2d4be27,433211200.0
c5dc941305b5fb59e66479ba,510050460.0
ec422df56b811a0aa42d8bbc,509858850.0
bc8bd1feaa8fca4c52e130f6,370035940.0
60c116411ab3cca49f7f49f1,406396450.0
75ae43992df8ef41eaf9d98a,453329950.0
87ee5c7c49ced4ec99f44d5f,669477500.0
918f56ffe325f21522cc60d3,511689400.0
dae09210f48e5bbe0d31c728,516576830.0
c1ae2af40e1ea9da6380b8ee,756851260.0
e7b717278f7c95cbfceba80b,751455740.0
387f18b1f01b1aae536752e5,675336000.0
c036fb38fbd2d1b59ed5b7f7,566594940.0
76c510c0ad11fa67f0e9a4de,544294850.0
ff46d9f7dd86b8bff7cc305c,546832830.0
23d95cbbc056b4456b94c97d,651102700.0
fc65a77fbdd07fb490ad870e,674557100.0
8f0a61533b6a01badf43b6ed,524559650.0
c26990b034ee83450a4517b1,880296960.0
53ffa19a09c447f3759f86f3,1289388800.0
86d80d3757377df6f2b8a0b3,888157800.0
c757b3960436c23dfaed4f2d,895818900.0
fd1431e595693fac0406151d,557833000.0
42b6cf2a5225dc62342d3a20,734335360.0
6f8a0e8f1bce0243ea50213c,864785000.0
02277f636716264116015dde,430698340.0
b72459ea34fa22d1fd012dc5,1180898700.0
cf4ebcab3fe4d12e1a20146a,854560000.0
ae2c10850b4a8ffca934cc72,1159824300.0
0e22a41ec27869c8f83f9be9,1101105000.0
22a43024821ad081e654c5be,1001394100.0
2054c223fcd48a48f67d02fd,419738560.0
9af6ac77a9aa0c6da3cdaeb0,416956960.0
6601706d2133f96aecfcbfbb,452522240.0
ce011b7462e9be36184a2984,495621100.0
f759f71e444c16a59187a067,700126600.0
84cfb0342a0bf2c6777de39d,636564860.0
760fd4c893a56a4586030772,504868350.0
fc174b19baedc11f78b647d2,1097929900.0
aff9e510eba008f3ba5c1847,854905600.0
a5a4c0f268548993b61d65c6,906966500.0
6cfb8a07fc1100569413b33a,725630600.0
94301e20cb91669986c4b34f,517175260.0
52c1ab7484e412ccbf5d57a5,913659840.0
2538cfce1c108ebfb1056c8d,960197570.0
d57541684e5c00bd9354cc35,679438140.0
123106a60208725514f3a343,1025419140.0
7f2a2959f5ae816761be658c,1000283100.0
fd5758238e7ec91e415779f7,1251853700.0
e3197263bf47b3d37f027e11,1065005000.0
8e5661e79f4fc282abac1f37,1332837900.0
cdfc387f8246a1bb3110d724,1099036200.0
c53f3bdfe8159bae98ab005d,1138085600.0
200ea08f57fa23013d0e661a,1169759500.0
603c736378e07570fb985ab0,817052160.0
cc019e30685c91634d2fd4f4,883225000.0
b0d394d6c9b8967250854c66,1091773700.0
f7a79e1211fc72e06a3a82b6,1176063700.0
8a1ea9d91b3d8a66c6341243,732062850.0
22903633f8c4d91158f65c58,560527100.0
bb67d95fc94532b1fbe80ba6,891669700.0
a8e696037f8747f562ec98fe,541117000.0
72e4fa00e8aab44cf210251f,1067180740.0
d70948f87875325380885803,1350835000.0
a0e53cdd1132bd19b8ba0c54,673208800.0
882eb7115cd5b8b09fca0e47,648234100.0
529d6599d8a64c63566a11e9,476463260.0
e26eafffe4ca3c22b7f4a272,786534140.0
4e4abc111c07656e5bbdb0ee,838256700.0
46e7860100b0c09a6a475b9e,667058300.0
7bfbcfd0fb8f5b6d553c2d0d,731842300.0
5fedc401fc32ecc4d9ba7e89,735978750.0
aee8b22ecf19495fc5894a08,731842300.0
313e17c442fa3040065b7489,656135550.0
26206185deb023a344eb2e99,1010101250.0
4a9e2358d64df916e2cfa213,859445800.0
2f6515defc3b21d82e0ca4dc,485062500.0
a9b18720f68c7002dc71c3af,412272220.0
af911ba38d5376a8aa53fcef,639024640.0
025b094e1ea7248f4aba72f0,361061000.0
f81aa0f575dbbacdbdc681f9,521360770.0
848067a69d18a171e7fa34f2,445611900.0
e22ca3f1c8073e246079d57f,494650240.0
11444a88bb3b230b4feb5b58,687360600.0
7a9264f3a12de839a42c1783,497710850.0
6d825b439d8622ab90245049,682084350.0
d2d317f2990465269ef58c41,687862900.0
2860e4435c857cc8a661ec97,1193946200.0
39c70622597e64c4821d0731,764371900.0
2d6f5bc20de99dd0bd4e34bc,881412540.0
37ac1ae3a7e2a3319eafbb58,771575740.0
fe6fb32f623a9e3d5586a8d3,858102660.0
501531d637608f7098ba6242,685967040.0
69f59487924240bac2e75bd4,1217172000.0
358e1287e24c3c4fb353315b,929154900.0
55e307c88e2a943acd64a9a5,556942140.0
19105db21495d546e6792a25,759880200.0
375419559910484b17782b47,1208704600.0
c9d254244e315974cdf5d921,1210107100.0
adeb9a6ac3d357bd96c019ea,918601400.0
b08e0cfc5bdf5bdf5068ebdd,967855900.0
8da2439f391c6db92b9260f5,1054277060.0
d0751cb5e704e28e03514fb7,854432830.0
9051c6d14018b4894b560e2f,1066893800.0
54c3eff286c62f05ebe2ba57,579033150.0
975ee5aeee84593bbeb331b1,390569820.0
5102f4786cc032e24781c7ab,1157199200.0
cfcd97bfad6e013aeb57a2a8,666922200.0
f304bc9e9edfc24eeeb720d5,778317250.0
bd05a6f6ebf924adf92e5577,733965700.0
a7b459470ef58ef3bed7437b,456374240.0
37e009a57645b845b1673b8b,668998850.0
b70082fdca35092802f8745f,485374370.0
8a69b9d7461107db6d16d1a9,649905400.0
adf055978a7a8e9bbd88e741,444177820.0
6c02bbf7f6b087a1f0c8a47a,468727580.0
d91017d9c530e058ace2e017,843668600.0
89016540f8b3fb727d863bec,884885950.0
506b653545eebba4c8821588,1336878500.0
01fe5add1e7df4b15dd73bc9,674667800.0
4911d01ea0a4505d5db5bb2d,552716540.0
68bda8b092d5a53a35dfaf07,1120924400.0
70bec150e1d8ac537cfd90e2,1071022500.0
0e21abdf04b36e5f6a1fc337,1140669600.0
f53efb47de2bca5912ad7517,1008843970.0
82d6244acae149ed9ed88e8e,560684300.0
755a4fb96ff2b2276836f49b,753482300.0
f15ae83fbc4e4ee3f646b4c9,518112220.0
eac458ffc1da75fa1a4ab384,631531600.0
6f7bc7fd41ed908494d8e098,702207550.0
12d1678bc86ccdcc8ad756be,853963650.0
6e07d31b81f3fc9b9de8e1a8,1064773440.0
6c618bfe55cac120a4f1e08b,556150200.0
22958cc4622a0050d1aead77,665911600.0
c7c3da1f12d872a3726736f5,627816900.0
ce30c2c7cda56a69005300d4,473584800.0
7a26e5936765b409b7b73cf2,989153800.0
8d5a73b1d27a66b3f72fa662,908576800.0
3b8302dabc47048245acc09f,811583400.0
909182c92bbc39b00536ce6b,391098340.0
963da21c3c571d7bbc36f1b6,620302600.0
a73504d5982fef268f5ff589,766538560.0
50563038c05963223b459beb,777148350.0
b9a0058c58cabd619e226178,1076837800.0
0037d98f6ac46a86e36def45,610789400.0
38117bca778373247df86e14,648004200.0
4eeb8b5347526d721092a7be,582308160.0
0b6cd71df4dde546e665f865,582308160.0
bd066d5d19d41c06b904d51c,583753860.0
f10e210fc04e3fb073568323,582308160.0
9f504cc4e6b170155d38c687,582308160.0
3e4c1e6435ea1a9c3150aed0,648004200.0
052c93502aa794e0574db9e9,582308160.0
343f45e7d178eb780a9a9818,648004200.0
c0c4fa199f0ad751930cf78d,536047520.0
5d86154fc1769d4dccac1269,583753860.0
e1fb88779e55aef2b66f2c10,610789400.0
c26af6fdd00a85a17b823d92,582308160.0
be3ee4457a26c6b6ad4237d7,480945400.0
9bdc79dd02cdf39f92e8c869,610789400.0
1d4bafec52ec7575161bcbe0,504325540.0
0f15a78ce3ff90b6894fe3c7,483847400.0
afa5698724bea14940667231,725275000.0
4d8e365b35a6b8ebe6d7a15f,658005440.0
6ff848f65f2507e58cfaa231,470279500.0
e13947242fe19bc3925919f8,484194530.0
c02caec41084656408c2696e,749709200.0
d6fd079beb9f759fa4c6886f,485019000.0
d14f7f939468e641c43abfe4,538527500.0
8f6076f8ed13e87862d82255,517329150.0
8d5e662ba25a71727f1eac77,947283840.0
bd2f9648ee9ebc1fdbfa53b3,545179100.0
da8f986b6ee6f594780f4a91,947283840.0
af7131ea57639ce5aa1e102f,947283840.0
30e10a03626eeaf8bc2c380e,731499000.0
6caf180e36fe18078703db02,534191970.0
a40861d6573e4539ee3c23e5,628938700.0
d5f905cebe05262cfc44bb11,744290750.0
809800b56b7b29399986115f,576695400.0
6b2d7f88f15cbf7d998986da,935822700.0
a0ede3a514cede68b721d994,800384450.0
179d467dacdf674a66c7310c,921228000.0
97f9cfef1e35be84ceea2a46,1333488900.0
b7e01962fda2102f1402a444,745286500.0
6665e5bc4774d04321d1ba9f,1073984600.0
6c09a3ccddc797f77d63f1bc,1026008060.0
97986583e1c988373765eab5,1001121000.0
56807890f8587cd75893aec9,696615360.0
0f2fb3cf22613a339c88f7e4,719581440.0
a967a4f0b1dd36d7264cb408,921888960.0
08ead1ac0b9b30c2a72db17f,1245801200.0
1b989360ec91f5da55806bc4,1137504000.0
b289cd856f9d15493d31ef6f,924461500.0
88668347361a227b6dbba15e,892457500.0
ec3f1679451b9c0037f89386,1024629300.0
9cd01a5cba1674559752f5c4,1133283300.0
2bd96c7fe678945fcaf9662f,1060547460.0
9f118569fb8b084f0615fa22,421493100.0
033521a46dae036839ad6c90,372486750.0
bc1ee1f8ffe1ac88f08e2459,704000500.0
c62886167530efe1f84086ba,505782080.0
d58f191c74d26bc1fb02cfe2,600880830.0
981b55d5c38361caaddaddad,632982340.0
ef26c0f1cd9e3203ad16558f,671124200.0
74cd885ec200a0c21fa9e03c,689127500.0
fcfa51e5eec6829b9f4f2c59,394037980.0
c3bbe8c09f5e58281dddd412,663350900.0
8f36d25584407d9e3c326e71,744946900.0
51f4aec91124a9a96f4c5372,645090200.0
b7becde9261820feb7cd926e,633296300.0
65070c554133f2b4143fe051,590435600.0
c2a2ddb94f60de25378aecee,913647700.0
5ec3abf721e13b0d55829bba,856813900.0
502aff943d74cd4cbb976dcc,563024800.0
11e6e5ee92c97e31d34db891,1152793200.0
b1589aa1f58f6dffa93a3a61,1218266000.0
783ecf989538582ad008fd95,1098041000.0
1770bd5b0a07a6aa785e0caa,773337860.0
53715a484e20d6152c76fdab,977050050.0
ef73428a38c201019267afb1,497954880.0
932a93e3ee2093d7f806fef8,504930000.0
00e9afbd1d27062a7bd40a3c,1280116200.0
a11a82cec7f8a243e2f90539,943034750.0
e4a70600296b0bde6c28fb19,806271200.0
0a1b1a3d68b04cdcb2d757cb,1112861200.0
7c06a2f06cb4226f9043578c,752418100.0
5e113e1e878da12e312cf875,1170096500.0
a72f5204153b7c92f52d871a,765444200.0
fc17f35d300be9680971f95b,630502500.0
13ab6a062601d40843de37b8,620378400.0
22abc78ce812c519511f8a4c,1021002700.0
faee4c33e892029b79b63742,896973000.0
c8d39eef5a5422e0da4172cd,782404500.0
b13683c625c97c23333269eb,486514430.0
00e7c5894c739852052f566a,852650200.0
2703313a3e5a6fef2157928c,608660030.0
8dd453e986d05c6c1dd104d2,511025200.0
22b34331d7ca2ea642d29946,578631300.0
23187388f9d6e2bffb88b9ed,748791700.0
6b49a668de0edbe7f8110740,1005595300.0
ef0e5b23069a9fe377b77ccf,929215100.0
c37348f8247ade33ac513855,886477250.0
1d19edc1e0d907e5ab0899e5,673237060.0
c73ee8d419b96c6e7c53f95d,709043140.0
6251cda3676ecbdb6555c526,634563460.0
d12d6ea066b67c3db9b2dfb5,841117100.0
8ba4e8e071e458a13efd179a,732874560.0
9b8d798a2c455a960ee74503,530547650.0
d663ca1a0d29b4cbc5cae9ce,646618940.0
dc3b8d97b11cc2af4cfbcc79,917948160.0
7d50144c4b2ead9b7b9f594c,1000842240.0
ff9cb7bc0b972d4515ea3837,417018200.0
267e46cb9eaec6c7009348b6,390692740.0
1769a8ec5ec94aedc397b4ae,595726200.0
dadd9ddd29102f529caa3bbe,509170780.0
251903f4b947b337e0134415,1024760260.0
e1b753c283bb9c6d4e438bec,813918000.0
16fb51fd3d35db53eebbe5b8,1073179840.0
8f543f9c31af1eb17ef1e353,863119040.0
20c3cb2d4fa486b23eb81bc2,824606200.0
6fb9e9ac6d44d3a286f317ae,581597760.0
15b57b0ad8794d64a2784ce6,378032300.0
d9ce31250d4ae25c3b850124,989463230.0
f90efcbfcafe544674c02586,744807600.0
05a98feedbd3f422bf063112,1176808700.0
ea359d571ad0c986f826d31e,887722560.0
b02f1997e6e6f97dc808b8cf,1316616600.0
307acb7b4044cfa5680e4227,1366844200.0
ddce386b0ad3199ca09aac93,795147100.0
9e28972500d8ca3fb3b76fd9,1290976000.0
687b1dd576eb7d06a08c3439,750822500.0
23b2b5b9f5bf3e1208f5f80d,1320880000.0
dddaba511b6a18f49b41c1af,881239400.0
874e3e3ec6f67c160807628d,758744770.0
67ade5109553a9d784886a46,1099411500.0
6879f05563a9f0748088cc65,1265081900.0
dce05cf86b42124fc93d41da,1223279100.0
1ea5db844a6d3a926480351b,945159600.0
4e9acf6e9f80f65178766740,811583400.0
a35450284f8dc27e0ed717f0,1007490240.0
069499abc4e393fe540777b4,398359700.0
cd10d6e28fd7ce92518ea31a,1026607040.0
3edc0e70e7cf6a21be2f0d53,416956960.0
2e2ff1e620063f416a387058,1017039600.0
1ffdc10c53bb83d3be84c327,686283800.0
3c95dcc4bc3788b4cd5602d5,617136400.0
aa592f388454d575e0006206,548365060.0
f7e5bf5b0f6157ed1f604d37,390966340.0
513c6ea5a3c2c560c409eaa8,1082918000.0
7cf15f80838e8edf4f9cdead,1090874500.0
49737c7682eff2513869b3f7,822479360.0
4e8cdb49a2bdf68ad8d12625,881412540.0
86af11931b004aad3fd27b88,660362900.0
90921c9fce21986dd23bc645,665025660.0
d79d71be963d418a4c9dec68,1112861200.0
c27b2b735106bd5a77a15616,858102660.0
b6129a71f8e320aee8abd0c4,858102660.0
26922ebaf11e35a7a320d30b,1170096500.0
23f859b889afe2639ad55a21,634699100.0
ddf47d32045769c0596826db,1194492900.0
1d0c635770f2e51aed4c8664,1233242600.0
e6144e15d5cafcfe87c07c9a,639405060.0
a7c7923f9a4d004eab43413b,1332395600.0
42b3b56289972176c20c4990,455721860.0
b63f49396431089dd646837f,578154750.0
e0b041a39e732783f98bde56,1101764700.0
409eb9b8f2ba87ca299a7f6d,525934140.0
1a46c13974f3634ca6dcb51e,726694340.0
4b068c79664179605b145a15,902528060.0
afeba13fa3f81249549cd2eb,528329060.0
3a3ce11d981d0893ec732e22,660362900.0
ed68664efdb7377c33f4010d,877052350.0
93de58cb0d8fbe74b0cbb556,728390100.0
faa204421a94ef95b79eddf6,858102660.0
acdb13c4c8e2a48b0bdabd91,987259500.0
5271cd1cb962066407490051,875975740.0
933251193ded6df07c83128a,1197773700.0
524e00e537f841c13497cd52,905404000.0
a9d4f256527be98066c493fa,1221619000.0
2207c1ed62f59d6eacb3c18d,491321600.0
97ea5dc81ba49ade4f8f580b,626441300.0
72488318dfb2181843f17c03,949472600.0
76698030899efea431dbb81f,381755200.0
e84888d2f22e14a5016ac789,719154750.0
d9398ef84ae71419cb7cc82c,1075001100.0
6d32649478d9d86d840969f6,511658180.0
81600c1e6b6e3ae770e40b28,1120789600.0
68075b0ac8e779bf5e66dd3d,507698700.0
6d7ac64b8b9f27f61fb155ec,475131940.0
d3bf3146ec856cc26c607d70,853598850.0
d12298e0d398e9d21d2e2eed,543363400.0
97b69097fee8d8496a6b8c04,438293500.0
fa6e53a7107c0e33e3d505d1,833049540.0
7279c610bda9354e1c840b0e,826465800.0
6f3070318ab65b867b2702f0,410838080.0
e08aabb998103a941d24d0a9,420194340.0
415e1faab81016a460db7a0b,455274400.0
8b871cc48b99bd4190877bd3,610789400.0
7240bbe28e950ed75637b504,442177020.0
831629494c6d15d5ff6a00a1,610789400.0
1cccddc33bd892b44d7e4b7a,723407100.0
f9cc6760b1112ce5197bf399,665841800.0
0901e845b6c56d4761377a09,465512130.0
2a33fa5b25963f3dc928f668,549959230.0
83e9507b9ca2987a21d1b195,567058750.0
9381bdf491d48236e84590fa,635205250.0
c041a933261204155415c2d4,1018827800.0
a1cd867286d6e82181e5d1bb,947283840.0
240d2474c81482baaf79b6fd,947283840.0
ddc1c85af165e47502447242,705897700.0
58f02c785ee9a506e899b967,889196860.0
8b353ba6823f4f800635f0cb,797600200.0
68cda50b602acb4efeb275a7,981634000.0
96cb3c08c80815907de81e73,592392700.0
f54dbd8f0aa752f79c581e5c,1009275100.0
52a438d024af0d5c38627ad0,637827650.0
1b5db6af0a1c0f7787064020,881412540.0
84a7286c91f1ca3ecacdaaa2,989153800.0
bc6d6249873222ac7f22b73d,858102660.0
12501015fb631d7c10ff08fb,691816770.0
85b633e09a41cf22a10f28c8,1180898700.0
7acb92246dbaaec1cc7b423f,652189060.0
bfba8fe959dd2e44a4202943,971708800.0
5325f16558ed6d2689bcbb46,638833300.0
d4653d505cede3d24e258d4b,971708800.0
5146ecaa8b7ed507c4f30785,766009500.0
f5b9cbae30356fb3a1d005c6,1042743940.0
205ffcec56fd884ab24c5600,722781000.0
ae7ce478fb66882a2c952012,695445760.0
efc9ae02fd6c3f18db866cac,844269060.0
2221052e00c236f31e6d5a06,519437150.0
54673ffd4971d04493a1b1c7,742618900.0
b0bbdcf0916b246ca95c4721,786388600.0
1ef15e2b882a0da85858269e,565472100.0
9881fb167319b34cc23da955,948683300.0
9d2a195e645a9e8556683b4b,906264450.0
14acd96163e6b3e17177f35b,592144200.0
b2c5af8615b8899deb16c896,611320800.0
4c40683e401dae89f6537ab0,578656700.0
dd007a202a0a3d56ebc4868c,662108350.0
6d9c89a406cf2e755d4172c5,432967520.0
7387e7e385063c180f05a7cb,611320800.0
9dfd5df5a2efca3fbf2c07c8,592174660.0
2a9e75d221912230f98485cd,947952600.0
86ce27f9ca03821d13030f18,980017660.0
3dbf89c6e97182647bb44e69,960606100.0
eaa4893a313d85fcf38dbb6b,795571840.0
c57e1c323ddeaa7475e5189e,657532400.0
84856812b63dfd9630fa49e7,603541060.0
945202a450bea48fa7f2a95c,652238800.0
fd689e54d5c418dc9f2425e7,960023600.0
eb90d9e9eb53b44b07ef9613,1034011700.0
79005399fa92d05558fd6f6f,1019724000.0
5cde51bd6de3759821216d5c,1019290400.0
230cb38e035b85a4353220e9,769670800.0
a22ed42197987a8534abf76f,724937540.0
43a2ceffa8ed90bc1a43255f,481687200.0
8f2fbced5d357bcd6b1c7de9,721025400.0
6e895a15d402ea7fcee98156,968055230.0
b6a2406025f0e1fa09690c2a,481687200.0
f46d46ccc7fc415433e471e4,480785820.0
71710d25975271eb32c0c8f4,481242720.0
01b7bb1556b5c32df8f618cc,706675000.0
56e5afaecb2cac6293cde16d,433595600.0
70209b9024acb3e5baa769ff,815479740.0
efb0b413b3f661b23d674b3d,1332395600.0
251db9c4b7398902b38b4a4e,1065978500.0
e3e7ffecb903d2daccbf8a53,627717500.0
a92ed9a378272ff174ce2688,541807940.0
40a53a3f3d49f7905966295f,994945700.0
bcf2c303fc03897585831351,1133568600.0
4b0ac2ce45d7ee385ca369a2,691808830.0
85c7e8ac008493b34e8e0176,643868300.0
0ff24418ecb6888dd8ec734f,1152824000.0
3164e0ecd246b8ed6cb6d054,955724700.0
5f52e316136696cdb56e65a5,449012670.0
5ba4bb943139d7930cb91650,806814300.0
ba12ab0869d66e03df12b6d2,406976670.0
1a111211207627bb4c840442,964389700.0
9d2ec1ed9eac77d534ed514c,582308160.0
9030f17b47b3940c2e2c4093,582308160.0
3b224cf6107d815a2e78996c,729605300.0
ab0e770ac42dcc82b472c55f,482218530.0
75fd66abeaf040fa76eae2e7,863674000.0
c31d98f67673691ece007a65,425025820.0
60d5f19c16554cc2d8e5940f,815479740.0
53fd196fd0c0558ed1219329,374238600.0
27b06d060ecf702fc88c7956,1099856100.0
dc014623ed69c32abce2d0f4,628322400.0
f1a8f09837660445961375c1,1209089700.0
b98a462d9782988cb54ced54,1182535000.0
6ae4843a827b36bf189a32ff,979025600.0
84e4f6c6b5dec0da7f7ca0fa,567355140.0
b8f2b9c2e63f0091b6038ea6,660307460.0
e54c7ea1f012656f7fafa49c,495205300.0
f25f5df33f25576f805a95b5,931227140.0
ce9474244dc2d40f357146c0,463045900.0
54bc553b5b8abad0ceed4d53,352919070.0
e75d4ce522cf587cd66adae4,547376500.0
b1f0b12c28c9bd2d16b3545a,610328260.0
412e7b9e1de3df8c3dbcf198,523792800.0
f52ce56f20251f018d7864e0,680545700.0
6641ef09c0bf5f3180952b30,462029570.0
ada53307260fa34f3a6411f9,611341800.0
51f0f76e2a8cf50ef3650901,583176260.0
da482df3d0fc97f9f8582e22,581694300.0
55d47b5f3d0d2dd7c2bf4034,581042300.0
1a6714ac2350ad371d8280ae,482100800.0
0006c9478f4e7edc53d84916,500255800.0
dfa7461510c6dbe5e119d106,649735600.0
5df95b44c73b249be0fc69e3,563723260.0
76bd7a0b87bfb6d2723766ec,509667300.0
8570a1d8156dbcc267d3b495,1265699700.0
94116b7517a06255bf4320c2,923416500.0
8ba2d7afde20563e38892304,814842240.0
f86ab537a2f5d8c2b223574c,613964000.0
9d0d2774fbcb6fcc66b865b8,658167360.0
9086e6e757243bdda003878d,932204540.0
5a3625846567d06dbe4cea0a,991199170.0
f51a78ac4b03665561552b0a,1422497300.0
561a262410ca91d69a58645f,1275502600.0
08d90f931e7e0a6f43c9d0e0,766813440.0
f47c64c8ee69e744e654d4b9,833656700.0
fcc4c878af8bdbda6e1fc86d,1026597250.0
8d9b143cd8eb71b05d32cd2f,1180344800.0
ce6a3868227d78852fad9f62,1382402300.0
d82f743ff414299f8c222db9,1123908700.0
9b2c7e6cfb2d6c66e1ee8a6b,994120600.0
6e9009ad01cf466e8f8136e5,1180344800.0
a4bf0c02f139c695845c9507,846205250.0
16cf0d7977ed97d6ae8d2cc5,1080458800.0
d96855b0ec427f041e7a36c3,1140162800.0
63613a9290bcd9e1bcf2786c,964958200.0
32036c1eb131e6cc4f3bad3e,395187300.0
ad47e82c9efcfa36ddac0a95,520494370.0
d5af3041d95f5e89969c9868,403945150.0
f2387712fa17435f56d7b102,416114020.0
c1c8024bb6c3635ff655843b,414960830.0
11e4350271e9cbb37bcb75af,496762460.0
d012efd4a77c5aa5e8d6e508,763449600.0
6240b85a47c079cd0efb077b,689389100.0
85e332a999931ecd0e04475d,431992480.0
4ec02a406caf200b700f5c62,655588860.0
f3270f2ccbcccf3046346809,741861440.0
bfc5aa443994e3f3f78c6105,913008300.0
aa09cc29ab2f2cfc79e5bc7e,731468300.0
6eec5b03718975e5137d5e92,718818750.0
6974d82e41437d61c627b16e,807385400.0
ae3f7f428b49e6948ebe6fff,740490200.0
a9a710b78e776c16eec24be6,828985500.0
249cf6f96144f769030d1b4d,934310340.0
645f3c4490ce43ed68c7df10,812300500.0
3413f37549869d2172b76d6e,1221619000.0
956600c9a4ed31e588f8c593,1075300500.0
00ba709f184e70be13e5bf9b,881469700.0
275c8bfdd3fec33752493861,920818750.0
3206523e850b5b5fbce567a3,1412949100.0
9c9ffb3401ab6ab90fcb555e,1223601200.0
4962650cfa3decf487ccbd0c,1010101250.0
a541b35c62878dc2c425235d,1243897000.0
2112e589911b979db6e05a6c,1268946000.0
c9cfeb97323bd6a0564e1903,448033120.0
30e1bd4619483b0e896b5229,1025419140.0
48aa146a36aba8a0270a8a1d,1099411500.0
678a80840673787b3aa64228,735287040.0
392abbc83cfacfe87c401e27,547816200.0
51744814dd3a7e60c0791041,755546000.0
c6faa5d2ac8e74c26fdaad4a,726382500.0
1f2c22839c470363ff41551f,883225000.0
5438c2127072b47e3af428d8,1265081900.0
32e182242a654ac03a8f3ea8,438718400.0
0a45eb817938241ca988c2e3,748444740.0
e74d815ad652f7046ba33295,847912960.0
2887a0d34994d284759db20e,708940400.0
621c3051ef29e8da01e6bb2a,787020350.0
54de2275006e273686ae5fac,983768900.0
b0a0cc38f73c9d90bff6ad92,1032783740.0
f4df4ad4366bd794594c111f,883253700.0
763206de4c26e3825b69f4c6,841436400.0
d5ddcb0a54416bdadb4bf57b,552301300.0
bf17eca5afccd9cd6299b9a4,629669700.0
02888257efaae858fdc7938e,674103100.0
1f8ecf6c089ce6168b3be52f,938706300.0
fd7a48744bf966e417f34a51,1075628700.0
655d6eafd78be856479767e2,771862800.0
27472c6c6a801eb749b9719d,753620300.0
18fd9bee381e7a8c29a44c4b,755570500.0
da5d47596a755078a2261328,588177400.0
737c83218f0e486ef4feba40,408092130.0
2390c275fccc98eb4fa33af0,502345950.0
35616923c84423b44d1d1438,1120033200.0
22fcf0650753e2b5a2fa3786,655717700.0
9d8e7178912841c2a1232ad2,622698400.0
36c2cae6de0add92f32d29f4,1171347000.0
699b68daa574a0f169436ccc,463319740.0
c3bd0b8277a37832f56be54b,423574800.0
6b3411cb8c50c1498572e681,443072740.0
fad4ecc419fb64b3f77971ad,714188700.0
4034cd9a70d18fe0c883a0fa,438460740.0
8f9417de118ef8486538955f,1030338100.0
33f4f9988387bfc237d114fa,507775200.0
40c9f947e826f89c6ff3f898,393904960.0
351701c5d1b821253e2c8c42,402540700.0
f6b405af32c398147475dc9b,770803500.0
45750daec6238508791d0d4c,703934700.0
eb85bf9ab77f59615960fbe0,767616830.0
0ab6e52af85ebf23432d7698,702297300.0
9b13a371ed4724d2e2966447,776084800.0
081bbc273db70f1d2cc84ed2,859781900.0
e113c48e4e1b53adaca275f2,745940740.0
4bb0666c55d174e0280482a0,642404860.0
ca516516b33dc09d712b3154,776084800.0
631e6aee6ec1f720f3c78775,538825500.0
c7746198cb5871bd687c2538,655416400.0
58a5dacf2f664512c2b00ea2,951942340.0
6d8998442d831addafbc878f,1506864600.0
7d4ffe0038b3ebc149d8f4cd,745027900.0
55ae7bc854658aa5fa49d368,732487500.0
042ff73057dce4d92d383cf7,398840220.0
807c04729620ec60ef18598d,456538780.0
5dead94ad2dd86dd41448994,497503000.0
bb90c874275456d5fe0de83d,496544580.0
6ea5fbf037ba7e5c74d7ca39,678863000.0
86dd7931177df94a649a4d62,522606270.0
58ac250fa52a1ac7ce39f70f,476576860.0
2861f1a224b4c879b845779f,441713400.0
8d06af8e439c45e0e125de91,632717950.0
bb2dedf6198be0f3ce2c4ffb,556810430.0
57d8cac189a13c180f08cd2d,431449020.0
db575f8a4e10a29fe81b335e,935822700.0
e8c79fd41b001fb1da0d4fe1,725630600.0
b81679b32ea288e9665dee49,1176063700.0
841482deb90d19ecb1ec8a06,644756800.0
214df9371aa59f68e5740212,540878660.0
bc52abbda9027e10b879ed50,544822500.0
ce8ce41a36b610be164a25de,807718100.0
a67412a01feb64ca6e772858,606137900.0
d87896f889ddfe1ba210d74d,349032400.0
556a39ca66e10ba3545f2234,518865800.0
50cb893af4ad0e21a69f05d5,603197000.0
3b5a5d6536a9fd24f02e8ba0,429765300.0
121cc20fd81d6322f56d5c53,649905400.0
b9c893f3c3ac4dce40d0ea19,661237570.0
47bf8d322af3c13e8868ed0a,603197000.0
a4325969a50a14c948446f9e,599182460.0
4583a6b01449530079415768,1002454700.0
920e2bd03c9d34e36fc38ad5,1002454700.0
0a59b506798fb96edd7681c7,724373600.0
e8d2cdda77c1d885e21c7bbc,1140669600.0
8abe99f2b71b13dfe7d71616,1223279100.0
c07e98122103d1546d995f9b,1049852400.0
29fdab43da21ed0d22c9c71d,423130660.0
f2ba7982bed03cac394ef87a,615936900.0
eac89e705cfd337a99417320,498679140.0
40713332e88c6d3a393c8b2a,562273600.0
a9aad230d22f7dede73acc8c,979698050.0
3b7fd4008e14e394dd09a0e9,1218266000.0
098327587a877bd50df27551,600880830.0
0379b6a001e4018c34e944da,629546000.0
45f24dd99d362f49c0adb875,445974100.0
dce1dd028695bfc5a47aa6a1,366440600.0
cfeb702df06baadf29f12eda,462222600.0
9ff5828e084070628ef2ad96,627816900.0
6920e6d7fff656d66844949a,811583400.0
31ed69311bfbbe000f4483d4,622896700.0
d300473e3d2ced1177c9fbd3,855982460.0
2cb64650b876ccbc7337a0e4,504941540.0
3ab2ed6d140698cfa41f2e3f,421556600.0
9f8697b55cb665ebb054f9fd,543147840.0
7e844f8a24422ec3b833b4a8,372911140.0
55a615a3b3919798d54e885f,818488770.0
fd26da8e62b5d1155962f0c5,587533800.0
ee9171c496fa78b1461acf88,983838340.0
d5182c47a954c964445f25d1,666521600.0
e064b4dd7b4e64a3e0016f0b,1097333200.0
36753a5e31b0edb1eecb8bcc,545179100.0
c2ee475efec76c46efbf1b08,774790660.0
3baeb28cb33d048bcd6e42cf,393293900.0
6a6d990b9b1bea0f844d3065,509359230.0
e93dbc804920c0bf7bcf8cb3,481470430.0
b9ea1b9fc0e46ba0724cbc0c,431423520.0
95e98113e39820523e95adf4,427254530.0
942ed340950f02adf9749a36,425183940.0
8538a41c0e0fdcb3829364e8,665793540.0
804289a128775f7d1652cb43,569818050.0
3dec1da01706b06f5d6a9266,518551200.0
fe004acdfad6ac6b00911ef0,741247600.0
6c679d5b6a1c1b74bf483478,802213900.0
ba54b5ebc5d4f554bc56dec3,598698100.0
5b9469c3ff6b197bfe3513cd,598533700.0
2ca6ce8266afc6721d179335,937135600.0
94160aa4e5c54bb479b1d0db,404607520.0
eea6a2137473c3ba6708b576,357990240.0
9969f6f4bfb29e3a97c2fccc,1005179200.0
68006626a3321fb0de032307,633060800.0
2149d04442f73cfc78f93bab,1005789100.0
01cac7d033166094ab9f87b0,615169100.0
15515ecdd35e9f175842a738,753475100.0
86f1d6fc54152004e69027a0,832611100.0
0bcf7987c4b0ba485c44caf9,708532160.0
107fffd601a2bb7a3e4a69e8,701756300.0
5a44636153b1d4a74d58513a,592489860.0
5ae08e5999ca2ba0a1e2d8a7,520099400.0
369e9e64898ea16b7ffefb7c,696312450.0
192b505186d0bcadb46b7032,732124300.0
6dde6686bfdff12620f198d3,707665100.0
503a04e079773a04f2abe075,555210100.0
42b5ebbca90572b9cea79177,545179100.0
0b6f2534f862a7ef551a116c,675931400.0
05e06a93e9f01dd3984a85ab,496366560.0
c6706db3eb4f0bbb0510578a,1043155700.0
2babb357d1d828c49bb89be0,680666500.0
3951171501fc51e2d830cc82,1143652000.0
fb72b8e0457c0199e158e599,1096517200.0
df865201353bc7b915b56ac6,585008900.0
8d1b3071f5396359c0b6cc62,1127453400.0
c451b61851c8ae1e6222109e,911871900.0
e1c33552eeab60683f2f89d5,862503550.0
1d8d51cfdf78f1361710708c,737722900.0
bdc8e1a1e06d387f9c7b026b,737722900.0
2b36d797d32013a126e15709,582308160.0
13b3a55d79b79ea89a73d21a,536047520.0
e57ad52764215c3d54740ac5,582308160.0
19e11b2d60326895b5e6ba01,582308160.0
f6e1752b9f4a0a3c8573910a,583753860.0
062efee92601be294d7346a1,583753860.0
e2c3acee51cdd03b1f211278,594440260.0
9390ae5c166e1a976e53e16b,400820740.0
db3aeb3a96304f3c255e8a22,514160670.0
d353be29e7ed2c35b920f7c3,568184700.0
893c1b081e383de73b9f2e16,1171445200.0
8302e2afc48d6eda16784da6,763704500.0
f1e9676bc91a76740f4e9b0e,887064200.0
ce86066ad78dea43089d25c1,1059267800.0
c89ac55660cee4608bff27d5,445895870.0
b183776d007d85bef0f6671a,725194750.0
e8872302ba40e4ea413689da,476977920.0
0afc6cbb60f34f1cf00fdfb0,742134600.0
a811af7cf12afb1dd9b8eb86,764057100.0
7947f71467036449efb99972,1158802700.0
2ead9549bab6f1386b7a2c77,1068620800.0
b54e8d557263624947f979cf,1252997900.0
fabd2201750747891eb6af77,1288965900.0
7c3f7b513bb20c918a51dec6,778831100.0
0dcc222d83e1bf05f2c2c090,924447400.0
3ee3ee47bfa21462a1fd455d,551765400.0
1dc3b6ea53413ece15bea33b,947894700.0
f44362b932a8b70ad4b99a29,459637900.0
5372f93d988c3c917629f9f3,459454720.0
5c25ccfc7ae77f1d85981a79,724278300.0
4df222356df121a41adadda7,380051520.0
bf38bb7a2a7ea663cc8f3d57,459454720.0
ad0025f5b240d00936c82f9b,988784060.0
2afa66b726ed0b1492b9e01b,824914500.0
a528312b77b7f84741c2bf29,665318800.0
1cbeccacfa11843a256b2e2e,645272300.0
d11eadc78d95c96f50b41a10,1010673600.0
c918e02b3e6d80125a2db1cc,522651140.0
b2af005e93b0242e0f62f298,482208420.0
ed9703ed896c6118a3458e78,403852700.0
8ed11c1d4e7aa1ccf0ea0508,379377250.0
9717b066e135a82feb422181,627717500.0
294985765f4d12e51a68a451,815479740.0
edbeef6a08dd17a941634d49,921279040.0
26cc292628ce4aa87cd287d6,1005892700.0
47f7065118bcd4c3878e50fc,577591500.0
e369c63f83c44329ddad488d,619161900.0
383c0948aac71636973507f4,465131360.0
6bd1a412c01387af8810ce57,1086808200.0
4b92ca1cee4739104e620871,1331836700.0
0123237414f757b9c3809f88,868062100.0
6e36550a6ff6fdb2711a88c1,1242607000.0
1b5de74aea685b506a952f4e,395072000.0
d85fafb4d5ec056e6db9a79b,483506050.0
cd097f6cd92275ec8ace1f20,558391900.0
ced1f52def08143f0b2b6849,610419000.0
89a03e25c43a555b47c53864,734727700.0
f8d64df401009704c152bcb6,472425470.0
2a5aedaaad2d908122f28f22,908576800.0
edd0b57b90629fb00d036e34,756294300.0
f8731413b0d976c03b7e05ca,990720960.0
01abe3cfc94be46c1153c82d,887516000.0
aa7f5d0d2fd5474cc67cc70e,887998600.0
4912c91afa6e4aff6ffdc6a8,1231766300.0
9d805330fb0df9ae73003ceb,856813900.0
7daa9115f755a6c70411b9cc,1217172000.0
f5896513d1cb044108d23785,1180711800.0
3ff2a2fd905d81f0422c54b2,437709540.0
02ed31afcba033953c79d95d,665594200.0
c2164829374d5e880c1a1f31,964389700.0
3f6eba5c365508ac192f2b82,499959140.0
3289958459cd87f24089cd14,497635870.0
ecc3362a649cf08afef96fc0,482593000.0
264e00a64cecb861d2c05b1d,939032200.0
d5b5bbf927f763a43190fabd,810785100.0
2691d7125e9046e597437f2b,1154599800.0
7cf183ed411cf82df26640e9,326753100.0
f81107599bc083fec4a13ca3,826893060.0
3c2a535f1df831771b859a86,447193020.0
9e871ee8a61b183aa9051b72,947582000.0
e066ee04cd3a597dac8ced59,457852930.0
2f4ed160fe2a21722e6299f8,548507300.0
e0ae53aa3cc9e9ba7ce65f74,608103040.0
78d727d0e61a7c8b1cf6fb1a,662416600.0
b42f936db049a74c7d24b0ef,970621440.0
62e9330888566f1f826e1ee7,1003527940.0
3fcc5ff04edf753621d6cbb6,770061400.0
d4ae25b207949fbf0df3b404,922789700.0
14bc234ffb3ff7f974afc8e7,485239230.0
64fbc9cac3f15c0f1a16f4d7,445611900.0
5fa1c8237da8fc7683bc10e0,456369900.0
7bf4beee26ba81ad0b884f9f,414049250.0
72a47f70aa99d42320e54787,438853980.0
07641db461323a5cfcda4f98,335118050.0
3af2a1ec9efa6884a8254d28,725410560.0
3adca5eeda4939a5ea11444b,879273340.0
37d39cb7d3849a784497ed0d,718402100.0
b9baaab70cb83475ac3bbab4,679467900.0
74e178e2398895d2288e6fcb,1020475100.0
ec15e2a131d9724b012d68ea,725630600.0
ee042a4b4a0bf9a1dcdf1eab,602833540.0
35381d7a5b25317d7588ce77,1013983100.0
18ac3368b1f6d8f7171b07b3,935822700.0
3dbb09358256bae5199e1318,744483840.0
4662aa1c44351dfe271e3a9d,921514500.0
034a30994bb2e0e446e35957,744290750.0
4cdbcefc434b48ba3d51a498,1505144000.0
3d3317303679a6a5a381d0ea,1061583700.0
68f4e3d4355bb71db0f35a65,620258800.0
b3c77f4a398b61d9c204f8a1,951690000.0
3865974fbc1b412f24c47eaf,1301560400.0
84ab3ece52fe00ee50f057aa,949387500.0
dcdb8d97ae65daf55570c88c,820635000.0
7ea01fd99b389d08ca50c0a6,574552300.0
51df325f026f4cc5ed2e9a65,1193807400.0
1f11cd977996d909ffacadef,1223279100.0
5ae03c0e33dc7d3e0e0d54a5,974364600.0
da88bf5bc2a7310ff382be4c,937291140.0
035de58d60807ee2c272ce82,1176063700.0
0cf82b1128ebb8d1087b640d,1299452000.0
bd8b005383020611b8922147,432839520.0
f5c79a564600bcad99c74f03,472224580.0
b11672f22fafd555f940a8dc,494260740.0
2bc88a5c4bea2bd00fd8f13c,599476200.0
b2b99019a929584b4904b98d,876717900.0
678d0e011f710cefa49f6465,548603600.0
f7de22825945329521642f49,520569820.0
79b5a037bea858706838a62d,645239040.0
9f339d547d83b4ef956a3690,821410200.0
127e197a2f70e7ddb5dc92aa,332982980.0
65b8c48546af394a924decbc,603360400.0
cdc0c282ee62c51e3a20459a,908576800.0
ec824ecd0319e05d1ca6a9c7,496060860.0
95f27bf0d25bbcd0d1eb9cdb,784557800.0
ac0ee54bdc08632efc0d771d,860605600.0
904ad71e7d108930d69a7332,690668400.0
7f4e6f790de012946197e0df,945159600.0
473cb30713e88ecf782651fd,562931400.0
59a309a6af425b2028a2ad69,990720960.0
8a1b0f59f86e33a7aa7c2c23,1016463600.0
1e884932e57cfcab75ebbacd,1121779800.0
8e273f1dde4801825fb19742,913855040.0
1f9c0f9c3c6460a323171d72,1204375900.0
5dba98aa20e371c3947c19b9,1188742700.0
51516e102f8d43a07037ed29,1052015300.0
6eabd14e55ff090e8a93c727,707690700.0
e224f9ffc7bd70369a5e8b68,1130962000.0
35cb50346289f0590dd24d83,1252319400.0
2aecb598de8c74d9d5108d8c,910419000.0
69c7e97037c747b93c33251b,1112903700.0
b9b95c89c988f68429822e81,568681300.0
fa2c5c19c86087f207c379ab,756786370.0
9bcd34e7a974c977f65925f3,1259020500.0
3611c89dc71078cd0aefd2cd,645239040.0
9ab273eca8cd5dd4b6339ca4,398704830.0
4347966ceb1770f758cb6e37,878294460.0
2a68f627f4dc8060484cdb18,1145435500.0
55ff644abd72eaff17d533f0,1133553500.0
db563e5a1cd9eb1be832bf5f,1414742400.0
a0e9310061ff0084d63dd242,1020132540.0
7ff62b2f8a28d60f6c4237c6,875548100.0
c42c59e8a08e8657ab4201f1,535506900.0
de28370454624724128a0688,577591500.0
514aefd8a44ca048a8088c51,965499460.0
3d3a318662cbe218db0878e7,908576800.0
2714bcd5c0c503c3bee0e0b2,856813900.0
5461aeb15c7f826f0ce157e8,468020030.0
db352cbc2aa3066ea9b34184,730896500.0
22b066e6dbd0f2562a0554f1,1223601200.0
daf8d6d3f4ba21513341eb3e,1048129700.0
523605d1fbb75b0c5acec5f7,500028770.0
c59c2a19b93ca666b7c389d4,970941800.0
61e57e5539c40e5ffeb77997,500028770.0
c1fc25faadb151c73ff254ec,711728700.0
63e73f1b8b385d89de1329c2,490672600.0
80ded3bf4f2973a5ceb1ffb7,473637200.0
e1f5f0e96e5865370423c142,837074370.0
3bc1d407f7e7c8e67f7dd27c,840042940.0
d87c489d3572187e3280965b,1174620000.0
110d49e1d79a3534e146b300,1104674800.0
7baf3723bac87b0b393ba52c,1005503300.0
8e9e35321545774dc1f85776,743218240.0
e0d6155cb3cdac98f81d44e8,607645060.0
bcf775187c0f5ae1cc0e8ca6,699051100.0
a792122a1b292f482caf25d1,460230900.0
09fe153b0027697e58bd08b5,369207580.0
a7283f1587ffd80f4723475f,372486750.0
67a10f161cf7215302b6ca1b,370007700.0
f403b20cb52d4ad3f9469ee7,519969440.0
643e13f00dfe7787a19b1254,627816900.0
0eb7c68fb7ea1e58f3e76345,971708800.0
cabf47337c2cd619f12fe69f,756564100.0
55c5eeb4861e8cd71731274d,1149442800.0
363c96b85cf07dacbb10b92e,413866880.0
49b59d19432dbeb8921e57b8,851571000.0
818ee3b0c3862d4aae6e7776,363289470.0
b15c662c56b19d3843737dd4,509838430.0
03243195c467c67e67a7823e,431073120.0
5db50c50b523f3d454e94dc9,661436860.0
0798af235e9926b1e7e4642d,462670700.0
83852e78afcc4127481adccc,496366560.0
7fe25ebd70b89f4602bee6a2,839184600.0
175590951b6f8c6b8b4af9ff,539978750.0
d4dd48521efc020762ea141e,474024900.0
a681d6e9ccc7bc60eeaf7e3c,1165216800.0
e137b5003b8c8f18892ee9d3,617874900.0
90dfa0d7be06e7a1dc15770e,524508600.0
7fb856eba0ae98a40eac3efd,1221619000.0
9f52855eab4ca5161f1fb492,850165570.0
494580f4974c33d7ce0cdb28,1106190800.0
d972dc3dfccf2a48a6384e54,882918460.0
7cc8772ebde8902f55e14b44,601086100.0
deda3ad684384ed67711ae71,461959070.0
b288c52e4d0fab9f579122a0,853646100.0
0bc16b384acd3f8263e386de,1014178500.0
b40d1d2b7c1db9cc57c65fce,897070460.0
c2580329ee6d7a03925725aa,750938500.0
7e73516d57a251061b3916e0,944880260.0
7749f3bcfa8339444b0a8b7e,614654200.0
557e40fdc93c1824b0bed769,614654200.0
edbb5db63dbd0452c51047a0,495798850.0
383af3a5794a0ec3efe78b2f,542867200.0
90ae7af091c23957b88de5e9,550287700.0
b1d9704dd39c6cef28ae3d17,509184400.0
44916ca9b874075f55949f87,580077800.0
0515734883eea12cdacb7aab,550039000.0
faf9f8aa50d936c1465e880c,932666940.0
f37c9693e058492ec3715de9,632576830.0
562c7846b05072561d96698d,615948700.0
4a629aaf60a113402834c042,953854400.0
ccc4e48073c3da10a2e2d08a,871895200.0
8532c64eaed74b64b4d4707c,579133700.0
528a96aa31409c32bc9f1f63,986649600.0
36fd9fc1f1d9b2e10c1c6463,458204130.0
91561030d87ff5bc0a497f1d,492693600.0
eb09010915ee68091d6675d4,634015400.0
56c41a58ed5b9864b68fc910,699512600.0
bf6005f6f71da582a6fab8c7,578324600.0
86ee80cbe81724e6919bdb73,466340380.0
0caa7856aca178f826fe90c4,801625000.0
9e41f25cf2e77f3fbe903368,1068861400.0
019f4a25794ef01294845b51,884374700.0
d6fc6059bba177ab56d85ec6,1083796200.0
436089e2bf605d00849691e8,927287040.0
02a9c37b3d92a6da473c6fbc,612393340.0
bde81ef5ff9edabfc7e30d10,846092300.0
379fcab709c66fa146d3491f,931138300.0
28ac1562ebb5050f1492f576,818068900.0
e68f5a98070efada9b5538ee,509572030.0
80aef024b0ecebb01913504d,404945660.0
f45161bb79292e974dc88b5c,485019000.0
6de3c3d53d6aee18ccdee958,456348100.0
5f2f7596a284915ebdb81a35,540067400.0
291fc50c4ffe7935b01e5d9c,562462340.0
42ac33321bb1920fe2a78036,675312830.0
c8e00b4dcfa2d05d6a7fde26,953072400.0
5c0e328a04f881674ae1046e,1059591100.0
c28cb417dd28fe4d4d41d114,677777500.0
8e160f094a0425aca23f04ac,693607040.0
a8944be7383b5689b5039c87,927260540.0
cb7ed5960f325114bd3489c3,877417100.0
275d73c7dc0fda7cbecfea89,705417200.0
85c24df2d836cc8addd9b7b0,692989500.0
0fa87864632b7bbbd161f879,727382140.0
c7f422224808e043753683f8,976835800.0
c51d1eff1b6d29b4164df520,1204403500.0
b50e8c13de383e64711193f5,488830530.0
1308dad458274c698b2fec72,488830530.0
6a1024c5da689de67bdfa274,712040960.0
6e426f60d25aa8a4c6f8c9e9,598112600.0
b80f3a46440daae51308d459,728730500.0
f59ed9b8ef1726f1a55a4dc3,490759650.0
368eddd8b6d39bcc7124a41e,600880830.0
391cfff759030283411dfe1a,533347970.0
4f140229175de685a0999773,498842780.0
cd365053914fcde97b7ee9a8,814946370.0
16a05fee8dfbe78d26664c3a,663350900.0
c462f0736fdefd319cee232e,740529700.0
b419d977b283e33c0b3da86b,993898750.0
6eb27e2a66d08a8a60567272,907073800.0
7486ef139d41d91423317e0e,604281700.0
e663064dd77e3c63ab9222af,1097971800.0
9a6849637f1b8332ab289e27,1218266000.0
498de85ba30cb01e9c686081,466977660.0
3507f260c3c6e195fc444533,520197600.0
e538d52c9b2dc994491be3db,392880770.0
f016ba59a64f287099fc4af4,716973000.0
380ae516dd46442f97acfe14,666216600.0
c97e4d7e08db3171290e939c,681895740.0
f7847aaf1491103fd931aa5b,1008847800.0
08f6bf438980d55b35ce7537,1008847800.0
a6a06973b5a4c990d5873b7c,629816260.0
6e26918c69487a735a639c1c,1082529800.0
cfbc690c55e5c2bd8dd9d89d,888859460.0
56fe5c13f11813b82dfb04f8,680666500.0
296f0158b5cc1541cfc8419e,719743400.0
6ed2970ed02a3e50ac984aa1,800198200.0
4c9f3af11fa91e729384580c,826054460.0
2ce779caef0637db97954912,898658050.0
d743892816160218a63dcd35,967007040.0
758efd6f99db309c67cefb12,488974100.0
a4146ec09d782b08e8198e11,972532030.0
f415c2bc1bc0fdca091285cf,1107271600.0
39ef4fb2a43fa3bba15a0b16,827832000.0
874ee4f1b9c6dfd3d2358834,966369100.0
e9d514f90ebff0de1936d09c,809610600.0
9f15c77d67021f349714806c,476353300.0
a600ed86cff36e636d204f39,660558100.0
58f55e9bf743e2e3ad43c274,782246300.0
af1aeb2ba89d29973f73511c,625235650.0
bee721e93b8d8e7cb37dc992,668812540.0
bd52dc8dc5398e5ca2952473,384154660.0
b71095bf5e80bcefafb12d52,591371000.0
a7f48fbdf807da68594e9ae0,529719520.0
50de04936770f874e1eb86c2,525065150.0
2ea47ef8f02712c32613fbd1,420876130.0
27eaac0ebf8a5ee99d143218,814376100.0
ee594b6bb0751dab39055b3e,612619970.0
eba0410242fa1e8dea90b194,817473100.0
a619d30d6f2e2aa3b9613c04,485019000.0
df58a4244134d3493f3c9f30,725275000.0
32dd96f4f07f67806146ec46,471444320.0
a77ef77ffa731e8980d36b27,667962240.0
a2a1665a693852185673f6c1,1333488900.0
8267eeb41ed1e68144301a3f,687862900.0
887ba6b287a8b3ccdd5691b5,556968700.0
1fc94e9dec93d52e0062e07e,813556400.0
ffd3d51ecc85abff64258e1c,758409100.0
3eb79541c2ce9413d2c54736,691885400.0
fcefb2186b13c8bc39b17915,935822700.0
d4a43654382201db5d318dca,830590340.0
15fbd295328ad698d3c76aec,1141890800.0
7f5e87fbb4952caa0cb658e2,745286500.0
9d348aa70957592dbc56ef32,744290750.0
2ac1105447a71f68a50105d1,1355716000.0
d8ba9eb448ce35ed404e68e3,945751100.0
21d42e80f6f818eed990bfc7,1187265300.0
81c890b0d7cf787a091d4081,834194300.0
518858c561af5c13c8aef9f9,796355200.0
01cda25ee8545b9fe19717ed,1156277000.0
2c34c1e1655e87ada03f411a,855837200.0
48f9e9a87e7fc0a678460e05,1098124700.0
76ae7be5da1785c37736fdb8,1170321900.0
3918fa99179953461fe07f2a,1059197060.0
305080502cba05a1c165560b,692457000.0
5c3aaf3f75d6d3ae9b55cee6,483042400.0
2ab263b5d1ba72fa562d64e6,786262660.0
6d13129db564ad15e69fd534,935822700.0
7de7a2a651273df62aa6a21c,1333488900.0
59f9cc9b23cdea5bd4cc3ae9,877862400.0
d4436ad417941fde0aed2818,935822700.0
80ab8d9f157c25b40f102854,744290750.0
06ca01d3ff86406e896b6fa6,731499000.0
88f36882dae9a0487383b769,483042400.0
da474e23f34cb63de4ef28a4,744290750.0
04f968f1873a655fde8702f6,488099170.0
1dc1a51628b8eb1bba214498,360627400.0
e7cb4cf600b9d931eb295c71,516795620.0
9052c644813d546987a72305,476828740.0
1e32a8825a7ea79c28e27a8d,493572100.0
82f34c2a6644c4cb0649c44b,1050765950.0
95815bf7c79e4bff3f41b233,826156860.0
f64f642775ed2c9f45aff215,508178270.0
4cac81eebdeb45eb0e8aa5fe,456685100.0
c6da2874d2dfbb2ebab542bf,997149500.0
e7c08555cb8f5c7d0f32fdda,531316260.0
10b7c99bee9a4a21e1f32d50,662867800.0
f21625fb82740d6f4cf1c325,481434600.0
1c3236613cf95c84c5791bdb,904965500.0
b11c3a4642f7eee2e443eb32,1042811500.0
cd08976dc2d69110375f8541,521170880.0
a44c7ace8ab50de7ed8e5a66,373415780.0
fa8f13da6d8be3bc1f05fcee,527042780.0
77bd7837b02bd8f2c290c9f8,442035360.0
11a79681fb0a3f6eedf11d1f,603197000.0
70c3b086af66b0c9db4b0b96,603197000.0
64ea18085495f759116f62c9,651146240.0
ebf4bda17341de806444ba83,399196380.0
54228579fd8812c3ea160341,691364300.0
dae0265a0f2f79d3dc010ac8,1002454700.0
7340afa659775cc18d83aa4a,1150910500.0
5ba05f67a77cebe5cda31e74,1122794500.0
33dfb510aae260ccefa4d349,1092361100.0
82af190e32398942775056d5,1002454700.0
a9b9263f6aafe8531f3dadca,982653060.0
9a38e7293e9ad7d8462eeaf7,1115988000.0
5852773a80f7f1b929c7dabc,1225796900.0
52fbef3effd854b0ad0f62b1,841117100.0
0016e35cfd881ee2e37b49b3,608660030.0
380759598c614cbe10ae4bfc,886939000.0
fb63e870ceb7ff355299f3da,491875780.0
285b8cb5e9c887794ed2fd1b,700342900.0
f003a46a1c8e04da0052d72f,465600930.0
a731b326a61043070c3c853b,648417150.0
d2644b46136fd95c0fc2353d,903718400.0
8248697f70c21fa361840755,1081019400.0
075b5c16441d9d67cf638386,380139260.0
6bb2ac0cf2369cd8fd85bc12,667521600.0
2c0b3d69fca6677ba9e95327,821722000.0
c73ffac843c155f24985e6f6,993659970.0
78b57a58368ab056c11bb0dc,782067260.0
90b25b6b913c1bf0396c149a,503816930.0
fa29c89363ac9cb59667a43d,782067260.0
eba756e88209c420d288c4be,707665100.0
e7081fb59ffa298320321633,870859700.0
db1c3ece26da7b342eb7c8a5,782067260.0
f9ef8fcf24d28ce11e71d758,819619800.0
2f854c9df6212c39091bcf28,594227140.0
ccc66d77e5f68779b1c016db,464993900.0
47d288f8f9227013424d6976,369079420.0
3e891afdcb568befebd66fe4,500842940.0
2d1f036c96e92d9c557605cb,469190000.0
dd9d63c612aaddbd86676c34,647869500.0
13cf784fb3553f75acf25a4b,469190000.0
57dd353ac00d0e99abdb3733,1027253440.0
ed0051ae106fd0df60a14586,894299500.0
0997324f14c5823413463546,1179377200.0
e2cdca1756b1635dd1ac2b2c,790753500.0
7700df9486a1684157527739,477840220.0
e790b21630ab963a65c53df0,599739300.0
2bbbd9878a1e7c55bdacb330,539069100.0
decb25b7fdc0eb259831cc71,808937600.0
fdbc74fb5882051327b3caf8,535214880.0
39dee9b1661292cdda6c4823,685654460.0
354e2de1e3a81a63e7fae4bf,700254800.0
f80b9e8c51cd71c5be281652,385403040.0
a96b19e82d9811d5de1ed0e6,384549800.0
5e5ca2753a908aa1b7fe80a2,708492900.0
495b6e61d1b887f8b4c1bcbf,463450560.0
ad8ac9edabcf2d4b06ba9fc1,779807700.0
359f6a66a407e30b40979d2c,937033700.0
ad351bb6437583ec871b1739,750209860.0
262b1c8ce7db2b4aca2400a1,1247594100.0
6808b10f5876ca36f569a4b8,940243800.0
54c74b36962edcc922573792,480908740.0
e7fc4e6b1fdb38ffe68fb680,714750100.0
1c9325df5599379a73e18053,848349760.0
8c9bf9031bd378c1105e3f3e,727572200.0
be70989d473cd731f6d8e580,668061630.0
46136f5f078dd31170c58e64,828588700.0
7055f85f7749c4646577a51a,389045630.0
861aa922b483f9bf7884dac5,441259520.0
45f18e0bb676d2495a227dfb,365193060.0
9cca7c1e9ff65766c8dd2e29,522840580.0
b2b7020e66872c8d83468cec,555988000.0
7634d7acd4197594271c84d5,374522800.0
11ffdf367d817b582d590db7,708021500.0
103687e73b0528ec29725f1e,465504130.0
8b5369b126b75c497b1a7b73,561805100.0
b33c9b03cc12a253e4936cc3,567184200.0
ab177c5d60492f2ff087708a,455976600.0
05bbd028f30492fc0a9f35d0,712300400.0
2b9fd26383758104d567d474,561805100.0
4addcabbe23020d3d0d46ac6,561805100.0
d93ba0c32244c455e0f7baf4,561805100.0
92b772a38d5e38bb51a3f621,581093250.0
135ca1dc80ae4d9993ec46f5,596062660.0
ed5192bd8038c77ed2e46f0c,519011300.0
3a878d44356885ea61bd882b,712300400.0
c29c69bc6758d5976024e455,504868350.0
dc486a3d7e9e2e608ab2a7b0,712300400.0
1a34acf8e509659534a56b63,629161860.0
5716ed7d678cc2575397174d,450910200.0
444c68a7a6cd0b794768d5af,704848300.0
8a724286cf661794084aa87a,905029400.0
ff9c4796bc3ef18ae7bb724e,1221619000.0
35984f749eeb84eaf938bb08,937965300.0
0998999f12dfdd50c597c6c1,1113944300.0
58bc65fd2e0e4430fb353d83,979137600.0
fe483817d899e0044abc3787,900298200.0
183a8459fa248605b8b5bc1c,441940930.0
a1f0d61cef676fbf798b5473,598467460.0
d7d3cd587d291f389ba2e8d1,740572100.0
ff8e7294270343a00978dbc2,717644740.0
0996cb112fc3919564e87c37,893787900.0
f183e3651c485e0001e64880,729378560.0
e28474959994ea9c0c2eeac6,829124600.0
682c0a5f5f3130a61b5214d8,961304400.0
245663c600727f7c214063c9,832191940.0
dea79d1b25bb9c78d331e3e6,752960800.0
ba212b5f12959e34b4887315,713348700.0
dd4eb14b56cb00130955d021,1350476900.0
4c94103d4366bcaaee4b550f,962515260.0
7bd9cefba3f5dab498ef926c,1521527400.0
1d7a2572b466070f08c6e564,607742400.0
a38e7af984a471331b2d758c,859944260.0
b6775aefafa4dcc161eaf6d5,500938500.0
8654295684292e74d0245238,483279230.0
f0ae62ce6eebc4d07415c48d,963678100.0
969219d7b193ac92e7a008ec,548016900.0
651d6af0968fc05584cb3d25,579003400.0
4f992c2a0526c0074bbcd875,468577400.0
9536c686b6ec514d92493f9b,789392700.0
5384587ecbf956275d86e60a,447082180.0
bab5690da7c42909464cb9a2,491435000.0
bc91072d808fe7b43e972f42,460876580.0
37cf2c5c1c6fb6e601d2f76e,435810180.0
4cdaece5d1dd4e089a99f47b,472150720.0
b37af80bba5adc197cb51649,528288770.0
552152b60bdc1ca16d2dbb71,649863300.0
32354bff9df0267a5e139156,603752960.0
fe4a6d7d7ed28b85c5816fa2,925419460.0
afbc7773755043a40a7f9d6f,458530200.0
daf2efda70c6f3cd9257d0dc,451430850.0
66fa7c9e82a2876216b14b1e,768094300.0
e34517b1563d829104e230b4,386412160.0
222a35842b0bc09f48e1d0cf,465950050.0
c5a64fe5ed5901734d98a22b,448892770.0
05db9fc492801eac98f69c7e,391602940.0
6e4ce81e713a571601d861a2,456369900.0
79fe5105ed7a7861d3c0187c,423492380.0
70ea911907d320da1f7f9c41,813753500.0
e60024d6e0b5aa52e27a3b5a,409788600.0
bb63f086543cde77832bd4ed,409788600.0
b3c2187fa96006fecc6b8ba0,436376640.0
9499edd83df77bd6a90560c8,436376640.0
a947158782fe2832cea53040,608388400.0
2e1608b8c646a102e27df16b,620651700.0
77fbf1f0c35c1025ea4803e3,529385180.0
f9e6a759b069e04b0cbf0182,682439600.0
1e158f436f2a4caedd1563a2,661436860.0
67af004f80b08fae38f472eb,483188000.0
386ee01c3f7bd8bdb91181ad,962695230.0
36ffb5566bc35fbce9e42679,539361150.0
b58533a6850620b0960db713,545607600.0
41353584f956b9e316c6c67d,547376500.0
b1d1bc7ea83d5c584988b95c,474994200.0
6b1c0866e6f12f7fa8de94b2,692560060.0
fa4fd8380dd2620c672facc5,691600400.0
44394e66504a4d77587ee105,946140860.0
d841d6a82425710e36460f64,541720100.0
33501f96ba3b02da073d586d,504875100.0
831693b6fb81df1359e45db7,605047550.0
7192b9d32e4ad55f6af9e241,648611300.0
4f99b97100d003ba3a2ecd46,593119700.0
83d969bfc020aea27d2b829b,803650400.0
39be6f994f2cd3d68b51126c,773367360.0
712f16cf2506710d7f2a2e8d,753847400.0
7ba618fdb1fe8694eaecb64f,556810430.0
d8735967c942d1a7b0cff7c6,730379460.0
b4ef40e00d089a35d750888a,1165216800.0
7d73a548c2a29ef2d9655e1d,517810900.0
63131b8d125073c7dfec72f2,953956300.0
a65655a4f42564ac48bdffa4,665571300.0
033d3f8ff56907db4c453700,617874900.0
05e8878bcb68d03e3b656eb3,924168800.0
2ff0775d2c131d19804f2a2e,771575740.0
9957ccd807718945178bb847,1090493800.0
7bcfd82ced5d6f1ae390d388,431449020.0
adcc03f332b427be46f118a5,641156300.0
b5dd038cf35169bfd0e62eb7,763187600.0
35b789e1d63f8f25980d21a1,1188414000.0
c9a215f284e095850c809425,882080260.0
d26efb0e1213e19c378edfbd,978486100.0
9990217fa4eae1d1c4ed051a,1023720960.0
2e9390c4423db604e1c7c4ec,557991550.0
6faf9b6c30b176e36f2f1d32,589511700.0
5b83d91f4d6364d3e4be1428,854982300.0
0d9616f0ac8b0c2e9e0a97a3,599785100.0
9c9fd309cfb505b628f84fab,942267100.0
98b77fc0888335702d082f8b,1034323400.0
051d68945b95562009d4029c,1034323400.0
eb8021804e63016fd934c9b2,803819000.0
ed6c8c45bc8c1d160cf0d0eb,904318460.0
9fc8c3523883947769b2fe6c,1165485800.0
3e9cdf767389ee551b5349a3,496366560.0
512effa47a1c7a5420bdcd6e,422716860.0
0768e70fbda0e09b88c1548a,512161020.0
acfa7a1cb136e4474b7efe32,767826240.0
a343e6ec6eadb287711d3834,719346800.0
a698d80ede6cf6243fd9ed99,986470850.0
fa5c81237a94f2f78f05977d,850893950.0
999c8da7dbed7412dcbafb70,779459700.0
c33613eff66948d1bb8ea3bc,794280000.0
a642351076b7706a733dc52f,723109200.0
c69e08214cb1fbc09ced0971,393550530.0
48a20e676a060954308c9ecf,445974980.0
304ce5835e685778b1c2b6a1,647869500.0
c859144477dcaacbc1654a8c,714142340.0
98865eb2f40b8a30893cd351,507597980.0
68dd15c8e9b71171348ea24b,1056960960.0
3c660885ddd7e98ba5ea26a1,1332911600.0
c670315562766401f92913d0,459836060.0
777a8d05edda0a335d89e90d,680792450.0
81f5c32a2c2d3b32329a645b,568046000.0
40525fc425906c9485f1ddfc,406382500.0
8b6efcdb553f6e936bd90f3e,678249540.0
94dc108f1d146641b221cb81,484479970.0
1034ee7a5160fecdb5e8c27c,554323400.0
48b34600046c903f0ae4e6d1,1021285060.0
edca31377b4f7299f8b45187,1373165200.0
b1586cdf68f36926c3bf72a2,417637470.0
70b15c2a38c404e62ad05171,380476540.0
ce18358366157fa869bf3833,455923550.0
6883fb90099426e6f3922909,416304540.0
1b7151cf29b565b2f1caa559,436683870.0
f2ec3a3598c99bb8c38cd680,406591070.0
38026eb43ff9876cd5767ac3,383149220.0
9f68ff98e302ab06df4fc672,473525200.0
2d2ee255ed2144b9fa1fcc39,670499840.0
029224b78e8f358aa9c38e94,479643650.0
88da5851280dbe750968c565,558554900.0
1c67456195075a051513b28c,516198620.0
9741ff1b895a038c32205784,891142660.0
75fdbee42ec89d428143066c,439018050.0
9f27627b9e439fce085cb01c,685998460.0
a4a4a57cf20ad739291aafcb,755997200.0
84a074517742e09a7eb6f320,684016450.0
28fd0437736c1b17c7ea1f33,679522370.0
beadf1de0732143f0699895d,726670800.0
b027f75411dce9c742c5d0f1,668676100.0
182077fd9c5142d503309490,730581500.0
b1df92683a593edc3f2b45ad,621980200.0
38cbcd7f88c1520fa083af9a,877422140.0
8ab5eda5b66a6c2becffad29,709354300.0
e68ceeb098f60054c19fda0e,877609600.0
e6ac4d158437142c15bbd4d9,943367600.0
a448d8246781ae78dae61619,749627650.0
4e878e99ad2fc34400381c3d,1322195800.0
beaa09cb49a98e8025fd7e8a,568134850.0
3df855d8893dbc62eabd95c6,551045000.0
cbfc3ca911ca23517da8c2d0,1248379600.0
a020e479dc5db78794a5fa77,1019560640.0
6247fb0e5261d4225f6c9f1e,693592500.0
93822a34ec8dcf104e7f49c4,826683300.0
17d311554f40ae8b40234c31,766614600.0
762e044ce9371d7b8c7acb6f,815415940.0
2fad468e1c248f40ee3586ad,1040649700.0
fc25df25f4151a16cf0c90f8,1242675700.0
39c1613acc0ba4fe622c1f31,822066900.0
2c15a0733cdb932ba8f2225f,810862400.0
1db68ed64501f35c51d74c5c,1102351100.0
1d968cecf268a7f14def1af7,1014586700.0
77c886207faa6965238b152c,329683500.0
86242b25bcb2dd775d25191a,343486140.0
a8b457cf82926e25cd862af1,881412540.0
fec1212eae4e6369d5555d8c,533056060.0
8f59ec48e38092ab01c23e33,1073347700.0
490b89e972abd7e64b5ba6c2,944590140.0
f8f217756d32f31faa784c2f,858102660.0
1c2ec62e8ebba12c6146a04c,1306328200.0
2afa1699af46ad8124f76e4e,735685440.0
8c1695c9a31de0f956e4ccdc,559673540.0
d88bba495701ae7a44eecc64,985419600.0
00571815d5a7f208eb3e7737,1209329500.0
d626a635ee75c23aee2fb327,1218916700.0
7e3937cfe43dc906983fd321,1089493800.0
ddd8906ea4a22b782c7888bd,879937700.0
258abe0fc321f6b24d37ad86,425016930.0
f637a4885488bbd499199148,1270292500.0
97f5e6ee143998e0b3fc97c0,608660030.0
be4b96920e3aa5c57baa13b3,422797470.0
6e7f3a0cb6246f13656fc95c,1018105150.0
0cdcd8cd52bd1967dab88a5f,449244800.0
83da19e7fbbca11083090574,406685700.0
f0cb484eb3f6e04b5b1806ab,666150460.0
fbf8b0f1159e89428778c847,426377760.0
7c316b981173919b6cae5516,694479400.0
d6496a3215daad9089fcd5c6,841117100.0
e104567c1cc70000692f502c,789692350.0
c4476befe0002dcd0c315993,486135970.0
3008e821640b33a8d70beec9,484632480.0
9eaaf577807d86ab64fb14ae,374765760.0
9db120a76af04028d2f0ce68,386093920.0
81e1f8b1c0e3b15f2ebfd84a,502890460.0
9943a2530009f62cab6b466f,519563970.0
a8052c48a500926214eb2e1e,480431070.0
3335313b9060ff29782906b6,565161600.0
cb93bf58a01eb262cb003061,710062300.0
0e04f84529d92f2832ef986f,489996450.0
807d7f5155bd299afbb6491f,551949600.0
76558d67def95bc708039f05,1217172000.0
bb19983466b1a1184ee7ea1c,730379460.0
34067d9b2b4e45be1e5cfa32,542465600.0
1c4fab7d9cf798617fa90a19,492693600.0
b4d610e0ecfe007c133a5ea4,414856350.0
ffbedc0873b99654d10188a3,396467740.0
ac413fd87de33153899a1d04,716624300.0
83349bba5fbddbfa2db5078a,669399600.0
0a759932f763df64a463ac18,641142850.0
fd9ebf37acdbb0e4bffd2fb3,521200700.0
f725f6ebcc3fdeed22bee385,447768300.0
ceee9fd6e692196b960443d8,521200700.0
bc10eea54e4a1767881a2391,636299000.0
4ed5718470ffa3e5b5f40bae,539828400.0
debd031585e9527fe00f116d,865337700.0
23b5f2af5d39edd25db6a522,825226100.0
f51000446ab65417942e535d,909124540.0
e6ed64435c659f236cf213a8,550553300.0
b160d30961ddd3dac16184b8,668443970.0
0cad79296edb4b18582dd77c,896825860.0
7bbf8e16cc32dec423afa6b3,682891460.0
acf98212eb702c79f16bb058,715131900.0
1747dd033c2c2769974a06af,657379460.0
d54e80ee72354c70cb84323a,657379460.0
de901d3433ade456e9edcd79,657379460.0
3fea10126c0c651f02de7167,657379460.0
f823f6d95b4340e8e4dd0d57,657379460.0
ff6fa86afbf9da2aa8eb7991,657379460.0
a966f298e8d4d3d580a72d99,657379460.0
5b0918cab84af6fa6c464037,696615360.0
bb1ece5366ebb2ef9d52708d,466137600.0
fa926bec03068764c8545d41,569198850.0
3bb987adb4ff573ef09b8c12,475172740.0
d7fb188814d4c118ccd83989,433735400.0
ba511b37b4bda08d191c68da,409114620.0
3c2f62f464aa5c48c470bff2,891309250.0
3256c6c6f30aea9cc79b7283,866295550.0
9844c3773f7a50c71f218e99,816427500.0
23229e392dbd8fd9d80637da,817348350.0
e0f47a028df2dbe9129cde7d,946532540.0
a12f0f00148e564ef78838c5,1119586800.0
d3ace27450b980262ba9bf76,1237096800.0
0668a4a4521c783a2d817413,930742400.0
768f69f0241fe339b6f52fa2,954720800.0
e78ef4d2b165a8e8781c258d,571271940.0
631ecfa47fe167bfaaa967e5,454632300.0
954e3065b1e8b31a68f6d4be,541265660.0
e81c5c1b820636f691e5c5cc,771528640.0
b4c779732e827ab2fec8e8eb,976543300.0
b58208759ce1402501f68906,801041150.0
59805e5f4080246ac1d92b34,687157440.0
a3fd38336516b98117e328b7,939506940.0
c0bf06891690188e17ceeb8a,498808500.0
efc8ccaeb09a5e1bb0bfe011,781269600.0
8e604d41e0cfe9c93ad536d8,1194244600.0
f770b66579bf2b55a714c43a,778473150.0
4e01f07ee4b1241360de460e,919439300.0
dba1be42bef913f35a95735b,751987700.0
d839ca90c5df85e5cab54ea1,832590460.0
ffaca67ff9f0d7cbd5bbd295,1038423100.0
6f17875bd3ecf00566dd5c1b,730158000.0
10d01825744060a7b777ee4e,662069200.0
185b333862e7420f25622efa,736599500.0
7f7141f5e1a7964ac6dc688e,1066377000.0
adae78b82caeb073d84f02ee,794705860.0
4c0f9275581b5572635613a1,433673340.0
9d6810aa1035e91b72de6a26,511480600.0
069798704327652a899a189d,469292060.0
2f34de2546f13e8a9dee1edf,602669100.0
8147da5e5f53a163443e8506,675435200.0
6834b61ee23cf04daf4fb83e,796355200.0
59cbc0e7dc6e6922feffab8f,777467140.0
7cfe5c3f5cb1bf095eb2c503,785983740.0
d916219daa90cd2d99edc609,681897000.0
e78ad3483c5aa5a7a4310720,578122750.0
d048fdc255a5a7f474d48c0a,989153800.0
b76a3fe6a49dcae6e6bf5815,752400900.0
75fa60dfb737ad50073848f2,876972100.0
83c1d0e2b8826844416abd9b,512418980.0
8c02948b66db263420c20d3d,898351200.0
33ab442cf58cfaa33eefb6dd,390628670.0
d379dc03d78685ad14c647c0,439085900.0
5e36efb290bb265d81706bd4,777397440.0
db534a5f57e92d29b9e150cf,931562900.0
5354a816a7da90e205448832,437095520.0
f0862f57dd6be5e7659c65ba,547283600.0
7d58eba13f418d890ef563da,629546000.0
c2fc3f04c3870e14b89d5fbb,817381060.0
15537000b6806ee84d4615bf,989153800.0
e82508e88e3f62fc8e67dc16,774892600.0
86ee57ce617b2be312a9efd6,1054683300.0
6bcc29a0afc735bcf3621595,831297200.0
d79e2addf7c11180be222103,1255461900.0
adeadac88e573824f08efa21,919577860.0
922c37e46fe9e75e73fc1f35,486458750.0
5d09f2d1cc5fec761ac4372d,971708800.0
8c5aa3c826f325a9a6c6f524,971708800.0
fd0c010fa0c4b84dc75ede86,1099856100.0
c23150d0aaaf932579561998,815479740.0
163405cd6248bc3e832dc93a,629720100.0
eed12d0c3e65e9989fc4f4bd,716346940.0
e6fd53315e92a55c6b67405f,411717440.0
7a3ec914a15b47726567af96,641025500.0
7f02f056d5eb4aff92b44659,484935740.0
2d5d9119602c228b333402a4,410856100.0
43fefda5a3b0781578d9f2d3,673006000.0
513211d9f07fd6645711ae31,360627400.0
c3e1e0d2618556de7df13403,584553800.0
b4a4d705930d9afe896dff17,543646400.0
e44b023e39910ed29f4dde2d,574470140.0
4e78d095988a92642a1bd18c,447643620.0
92507b623f039b4ef5be8870,640350900.0
e216fba4bffe753a527ecd4c,739106000.0
24a4199c17f9c56f0b3ed12f,787353660.0
6bbf09c3bbc3e3a000cd2afb,681167800.0
b3d45812baa819caa1400255,829567550.0
2688e4cd1fd441d1da455504,647463040.0
5dc1fd6ec7ec8c8af71e3b6b,822564100.0
f7b7e298ca8fb75e11e92999,665844350.0
05b71daf88eff5ae8cf5789d,469832100.0
e8a7ddb4e5d43d156692326c,984472770.0
632820af2a0477aea5ccfa1e,692442500.0
43a3fbb8218e73b956ca50fe,893223800.0
398c195aa41ace34a16b0d7b,985994940.0
ef3887783a12f591198d6c27,664334700.0
e6653cc1c94306d4e56ba216,672145200.0
166c21ff83e97c6e74169d92,1007323100.0
d0fccd2708fc7def00c72317,978809000.0
d66bd7e4bc7b51d23af57de2,937275000.0
8b47b76193159a21c3580a3f,1035954240.0
448d159391c38e4ffcc405b4,630586750.0
9ce7fb3190866e6a02e01e26,524571650.0
c25f892c01420855f61c3dd9,587533800.0
2d5ccb12ebb6fc7d4ba462b0,545179100.0
9eb4041ed9e159ec0d890de6,418181920.0
c342f6492f90ccf623e8e8cf,541701500.0
c3a78d9bb10165d9be188394,502458050.0
1978d8fc2031af21e98a4e9e,727414100.0
d6d581e852a025b61cffd6cc,1097333200.0
ea28f68a1d1d81d29b88531d,828789440.0
a3cc0422a37512ae124013d8,913008300.0
073a3ae443f3333f0f526f7e,744539200.0
57238dca767ebf3a842c5f10,1035152300.0
113887ac25fbff9d30fe8d35,601494340.0
fed1a50c562ffd7f30451adf,807795140.0
b1e9075645f4b374c7301346,755576260.0
6517c1efabdea4c1f93078b7,519174660.0
b966fa606a3b50d3ac7249f6,1319168000.0
e0ad3e9588636f454e9e484d,839491900.0
d7ad46cde8eca723de6510d7,1097929900.0
447f51e37fda773ab748814b,794533060.0
a6b992c9bf4eb32ab3d1df4e,433073200.0
3a9c7ec02f3e7e419669fee2,416956960.0
c908280d0461c3585af94d53,1049013760.0
b3616a055e722e3720cca48c,746118600.0
45a8f6d942533794501d775d,719584200.0
b6da1db3aa02debd11e26edc,672758300.0
6d12669907d7d80d0b458a93,822021400.0
5122b2e9638d3438434fc56b,1237089800.0
6367a127b452cfa27043f74f,766009500.0
fb3d29813052141c015669c2,626117570.0
5fb76f2095eb1a5cacc2524d,494479520.0
95632ec6578a204881694dc2,508576800.0
846b75324c0f3cbb027387c3,826349100.0
940dd8311f2b49d4ec212fde,771474200.0
bd0261ab68cf56950ccdced9,667060800.0
f79f0c23b5cb96b5d022582c,539707970.0
795cd68f9a5ef45902712524,670084350.0
d908973d90db91f772890c9e,457593630.0
d670be6c848b1e92abbf415d,482539620.0
87b940bd3dae37b9fdac5d4f,441337800.0
8a7ddcd0c452e7993bc5087b,334240960.0
8925e22f8511be30d50545cd,613569540.0
1342c307971094041c9c240b,941604100.0
385488342bff3d3587250c84,824699000.0
f8e25b7d7e93c45df1b3a4c5,1203629600.0
fa4f331f05b1488990a69ec8,1115988000.0
a71d187784b309d65cea0b14,1096688800.0
0f44b84024412099f27439a7,616799800.0
0ea1a5d32324d270cde1993a,564797300.0
b13cdf9314a34852e8db4221,703678340.0
75e0815e2ba7269a10d9786f,407004600.0
f42b6680baf774d27fdf1e48,510277200.0
5cde1a59393643d7ed4e909b,816781060.0
8736dfe0f1c6e2181b0ee31e,989678400.0
5859ec20de4a5036292ee947,1030579840.0
1eee0ff52c53f04307cc3216,600130600.0
b455979bc938acd34a580eac,542041540.0
6921133528bd6fa3675ce8de,791488300.0
3d266736d0307404a5804073,439272700.0
f4f6e48b618064ced466c302,418802100.0
dcf606270a4612aafc5f9f29,470017630.0
5e455623c380290e0a8e4e48,414049250.0
ac3c9d9357fbe72959817602,1020475100.0
f48fb9d9c42b0ebee72cfcaa,423645100.0
dc99f2871bc05ea7e8a97d72,542041540.0
b5cfd5eba0b6297cefd6d3d5,1116085900.0
0dd30227247f145bae82f96c,1170848800.0
9f347bf53e4ca4d264a45241,663350900.0
81406ce289219cdab015549d,1049013760.0
a085fab6d9b9d8c24472cfb0,1237089800.0
1fce0e993a57a3e3873b8d7c,1223279100.0
af67d51867f382dcd9cf34b0,1040354050.0
432f082ac51bb0d39ce45b0c,937291140.0
b6281efabdbff697d70925e6,949778700.0
9215d29512b14aab6178da01,1234035600.0
6218a5d7267f02c576e5bf16,787298100.0
d66cca2c8e08c89af26e7622,935822700.0
ad3b4ae81c322a9f91381bea,701585000.0
3a40bebb521445fcd32cf033,830942100.0
c1ca38f941200a9d666aaedc,539668860.0
a1da74ec074df16a1e8690b9,1369620900.0
502154647e351af240615b98,629926800.0
b57cd3eb0290984f061e1053,586396350.0
4db632fdebc000c9e64a589b,753847400.0
e380184391898aaa2d3dc540,751289540.0
dca45f1c1a79ea5ebe639920,736376100.0
961de1cc8601447b03682e1d,688170000.0
60a4f09c268e61fbbe423ff1,436376640.0
c3191b6b40191009ae9f4b7f,1136660400.0
478ac408d2a5c603aa23cbd5,877571100.0
ecdb747ee4a3ebf958252309,922789700.0
6c36e346957e336a33a7708d,710560830.0
09b18e3f3cabb7d5469a8d51,718374660.0
f1a5856ba56e7b12cbb9459b,381755200.0
c378ef33f40f8be9263e517b,569703940.0
b45911f1875da543199e97b6,902772540.0
678c70903bcb6c90e3578d6f,1443964300.0
be22ce55ba31cbf7cd285e5b,749146000.0
2dc58e6aab9399e9677265a6,1117864800.0
dae55582e86b1f514a4ec3bc,783188350.0
c119f62348e418d9ada13362,1070264900.0
33510511ff07dc7354cca7e8,569623550.0
16b79a8af9d6376c73c2478e,1071615100.0
714f90489426e80933ef31b3,681339300.0
6c8e1cda487c9841c8d297d4,518930140.0
6d9c4bf994147d8892d27f27,1022475970.0
1b300634b71b898299c54671,1253722200.0
181caecd269e115cb5cfd75e,584018900.0
059516a91f938d2e8fbcca0b,779077700.0
c42ce8f9f62f7a315e028e3b,511629900.0
bc23e25cc246ced4731ce5f5,728156740.0
de44f54fd6b1b62f30956f5c,934798800.0
2ef897a38b95d7b769856e78,725596000.0
2280b5f7c47c3b36924b84a9,666960300.0
16ef7eaf29eab571e229e537,947764600.0
48b1f800656bcae6a9e70802,517156500.0
b4aa025f8813a3f0b132b7e0,474099040.0
3c6092e8458ee81aed0db0a3,454154720.0
d919dc64995903c9120eb61a,755205950.0
ef53741b01120666a08db213,1294556300.0
c3dc5ad23dc8cfce0671adde,1009935600.0
a270fe47ba30ef0056ec6c4c,397703780.0
f550bc7ab5992a6fb48eb60a,1250646000.0
28f980b3c741866e0db5b761,764980100.0
c2ebd39857dbbacb99e6cc96,1158056000.0
bb9fa21902daecf876c0467f,921208700.0
fea142787b18327108ee8929,528976420.0
a1647603f732f97a99f5ec6e,1043428300.0
775f25d8144580541bf2746b,824128200.0
527a8fb085995119f846a5d1,909719500.0
8b69bb9fd7f0f19a248f5cf3,457192320.0
3b14b48188fdbb0917414039,570481400.0
02259637b8ef1311c69d3d90,1152023900.0
50eeed30ba674cb079689afb,458330850.0
5fc3634e1fcc96b9215a6cd9,1134931600.0
23cc24e23a1d74159ff78464,836595600.0
44551251fe345b31ed71aa5b,565853000.0
82ad984f02ccda30bd60da8c,780795900.0
5734cd4805f5c055d36ec645,844600800.0
fc7ecefb27bbb5c3e25e899f,372594050.0
5ecbd5b92092264f4e9101bd,657543740.0
83a8d9df3a535fd273b27c15,878257660.0
d76fadda8063e44483aa024e,1378718500.0
a15bf12a6b8749ac8f9de19c,386138850.0
a3f32d81f4cd99dc85a16bcb,530162240.0
4029115038a899d98dc93d3a,1093301200.0
2326bb628b4a571921eb7345,708266000.0
471d6fb8037049e1e4d120a7,996210400.0
b73945103f07da807f7a30dc,1120306700.0
d6f4479f9226e52c93d70eca,505371260.0
420b03095062d9571144a276,882214850.0
ac0185c8f724ddd40bc0d235,642311740.0
228280554ba149e60f81d639,839158900.0
8a44e15417d8e520a99454b2,373936060.0
8978ec4c5b2f02fbc1f57820,762829600.0
2ab88dcecdb565b6412f5bfa,624378800.0
1dd6f560c804c4548561cae6,1126714000.0
90e94b7e392f84e01a5f1551,1141512000.0
84aa7d1c2590f37f0fd6dca1,652841200.0
0821fde7debf7cc445434024,329379900.0
b9973b07c84b99dd1018050d,440102940.0
169013bdcc2ef214e0163ccb,628738400.0
3c8eaefb3f5dd8d4c9f5386c,687862900.0
42d91ed3f3615247f57ebecc,941336600.0
a7f1397df30d6521c216e331,1188917200.0
f6c6ee12e338b1f9730b6e2c,456194080.0
8f4687b666256e136148c3d0,1183979500.0
925f83e20a153a1e094bc606,864695940.0
cd270a11dd8257648d1f0444,880323840.0
ab11db71265771ed4d9de64b,400703780.0
ec199e33b7557dd669fe1aa4,370997760.0
b47fe4670c6b065a9e1db429,472538140.0
918947d51e52e0caf692f22f,421538100.0
070543b03770991d65cc337f,950926140.0
f45dfcffe189327cb0d303f2,572118100.0
d2e7484c81358d4c79f040b7,774434560.0
73ff3a6b0cf4f7ffb244507b,927260540.0
b0cdf05097df437354564bc8,516859680.0
33ea5de5e8f5c639a213414d,819090000.0
c94056bc09a4bea0e853cc41,586402000.0
6d5a91ae44cad7849dc4e969,846285950.0
b52e0738dec9d2f119c75a9c,769097000.0
0e35349077490a01f25e2ddb,1160645200.0
9a5fdeb5f389590eb46e7aac,1518057600.0
337c81be4cb14d494ca69db4,914753150.0
ff28f1a1ea72e21acb157f08,1358926200.0
e83ef75473fefbf8d7e52302,449586850.0
6d3e508ff42615eb78862723,674809340.0
3b7ddf527979726fb8aa1683,441220800.0
7b08cade91e2be20656ee856,526840770.0
59cb7abb39785d5263a156c3,752498500.0
bc48ec7245297b4cb85dca1c,901096960.0
0f366a36001c0766521b9dce,564984800.0
6ea022e53741adac484c1798,801704500.0
aebd6304298f84e7d440c379,1037174100.0
c5b333e454ed6e93ad32d96d,652017400.0
bcd31d201096351079cf7ce4,546878700.0
46cf5b18fd7bac0d3332d70a,726138750.0
1dcff645d389e7b687a498f2,1163069700.0
cadbfbea1d03e6538af648e5,449761800.0
9dc0c6ef8389978be58daa59,1080918400.0
fdc00f6ebd155e84a387878c,411145380.0
99c1b39476ee8e2ebfff6ffc,630997000.0
8930f231a5b9d8db14e9c656,773122560.0
2dee15f1b082bb986f8d9513,610751000.0
346c734ce163296a07526a35,666206400.0
6079fb3769f843e99b47988a,735550700.0
f5802200af1d28eb48466c1d,473657950.0
1f8068ab65469ba56a1f0c4a,473657950.0
1ee45a731b6f0242b6d2936d,735550700.0
56b7a6da82134b135fb7de2d,1140286700.0
340c4d762f830197fdaf0977,1002563700.0
1bdc0d441e63089737ac4c27,329747650.0
b3d82ceeac64b64142286375,486628580.0
947421747f33db213e6b1326,663905340.0
bfdbb7aef98d4855d459ac94,824184770.0
80e88d50c151d5534a57f61c,980550500.0
d0f6e19e92c03b40a5aae3fa,1296644500.0
6e2a3e49dd6434ed01eb5e71,932755900.0
89e2d612654b3c792311faf7,792628900.0
29425249fed4a74ada083dc5,427243940.0
fe0182e1795e2b87eef4bf41,629720100.0
dc9cd30b760a1280e0318512,941695700.0
d22313a06e43b8ab8f6672fa,451999500.0
f91cc2e5edcbb704c293084a,1466146800.0
dae776f643e809387148900f,1102256500.0
e55634fce84f78466095e730,625207040.0
a507a938532411f06c57ed8f,1176133400.0
30f3b383f2d5e4709c9304b1,1116837600.0
aaa43db51d1ddea564d1bd2e,550208960.0
b3e76a0a1fcacd0218c17908,445491230.0
e548ef7a5650696c0e968cf3,1010962800.0
939afc1f6250d528b0be8e3a,904413300.0
405baee61afa4b08dc25e586,967152800.0
0c4781c598c06d538c5fcdf7,864686000.0
fc321e2d9b4e954e80805be2,979072260.0
dce18d258c352b7edc60c304,862541400.0
7b0a2bd964c04d01387d78de,966039230.0
43fd6b5cb01d05c9b1db0e65,804754800.0
cf0152b0a5e886e8291ef4a8,745003700.0
d05030b0eb8931161855450b,716086000.0
281ea3a3fab48c028721ee1d,749704900.0
4fcba82455866a6931590dec,990720960.0
ecc5e3781d5e004ceef8cf76,596005800.0
409cb370961c60bacbdf7416,371280930.0
54445913b2dc2d6ba35abc66,622000400.0
51a8c190ffb673d4fc27f4e1,1025045700.0
80e7c6b194b3229e3e2b9aae,910992260.0
bbfc9b05caa647bd95b3c88f,675512500.0
128cb9247755abf5f2801431,457282140.0
ac180e846fda5cd7f1123f6d,1046377900.0
1e7173670334937dc61243a1,1009040260.0
c2555955d5175b31e5f783ac,687103700.0
d87bbd60fdb8b84a9fe23ba7,641435140.0
825012911321d636425cd0bb,1073876100.0
54561e6ed5570577ea97eeeb,1007175100.0
3a2a2df4f07902b04b809125,801070200.0
ea7e3ba584cc5ee45ff8ba7b,937135600.0
25093735f186b70beb018317,1007717000.0
7fe1adc0a5873cbba4b021d1,1097362600.0
461749398bbd48d69b444d7b,426280160.0
eb8f668912b70fd554c8c723,614691700.0
e2f00293305c464b361b6178,525957220.0
02a0a38b45e1b196165b0098,710627200.0
0e6dc789744b678028e74d56,508334340.0
58954e79191c62ceb1ead100,1184991600.0
23aa0804aabdc61650b8562a,882399940.0
ef64565957b5278185b2429e,555690050.0
253725ec3d7939088faf71b7,573430140.0
a9683df184aa8b4ad5d0cc5a,899472600.0
3c38153bc36b364b92548965,889783900.0
286cdf6dfcd95ee9edf73a93,383657470.0
df93a6e36d9f19e252fa9de3,763372500.0
586fde402c82c1eb5a74d634,464988540.0
5fd3b0299c0d52e48195fbdc,410177250.0
06d33fff99a62c330ef2d585,632996800.0
df98fd10dd8ae59956994521,438164800.0
361715cb422c5fcd9125d5e6,462757200.0
af68665ae8711d009e8810ff,676163460.0
63f3295df28c02953241e2a0,788375500.0
62d338c26b44153bb075b234,1114956000.0
41a269c661f20e443a7a25f6,851260860.0
c5a8695b7aeba06e46266959,743249500.0
17e5796a30da5eaf310d02b4,487802270.0
69acab4a6f82ae943850b9ae,663433150.0
5fc3ffb33090bf75a81aad8b,741097800.0
02d89daa77bb313328fe0c4e,400780960.0
6ad1fb94accb91bbc30449c4,599988740.0
a1cd215fa99b8776818d0b0b,616190700.0
0553a3aa7d961ada6dfcd52d,507406340.0
c6ecbe7b57db2db74b0d788f,862697660.0
a4b23fbdbc7bbd45c5ebf80e,1079439100.0
3bb15c6313ee70bf4d88f4e0,697347840.0
e05c52c9c8fcb792ace06b61,612343100.0
5fc77edb0e5bec0ed8e72a60,1135154700.0
85e15a0a63ffe482c68ec474,1418744400.0
859025f2f41efa521a74a00c,491982720.0
1672a21e6b2d8d0525df1759,465123400.0
7d4097722aad95158c51d24a,525923100.0
174fa597347f2b1d3e9016e3,642299500.0
3f081fb77ad08f8370569bf9,511274780.0
74cea4c9dc0e00dbbcff8b1d,1395169900.0
4f5de1bc90694fedd216ef40,1285214700.0
8fa4be9ac1ef719dda1f96bf,470110880.0
3db3b80a902c10004cd3a3d5,1226479700.0
bf02fad806fde4e3575e75c7,582932700.0
edd2afd07fa1305fc3126078,453431140.0
bd5d2030639ef16370cca032,920615040.0
87e74ed42a2c8c97f7bdd239,917550800.0
d1c6037d0750bcfe47d425a5,491652500.0
763c9a528d0f99f34e5b0031,447619700.0
8b674605311d296990ec72e7,461841020.0
d7cc3d199e538258fcc83f75,453058530.0
ec6ffe86e9ece6fc03556ea5,513925340.0
9762ecd72557ad6728274e1d,744564740.0
49a2d111903c77053d44573f,575495550.0
d06ab7503c6deaf9cd405f66,1129013600.0
23e7dd821ec2601ee2c6e353,1319253500.0
81519727c7ad9f60d2c5f224,864023300.0
a4a5b6a844c14b4eca92dc49,1319590700.0
7e647c5e0a7d95ce87cfc8fd,1213852000.0
7a1bca1ed03e7cd0e277fb95,418109340.0
03eb8da7205428e61bfb2845,443723100.0
82780776619be0eade3d72ef,399820480.0
4c03afca943c3f2484b8db6f,394818880.0
85d731901b48348f57932240,783611200.0
739de8928aab4ec77a1ecb0b,703076000.0
7f45d3809b08bb32a45139f8,595260540.0
cd14f8aa1613d754221c4735,682950100.0
537a9a2dd0ace0d0131722a1,1037273000.0
2d4a781f969a4fa2a4f04a7a,904642750.0
e3676f99542f27c9037fca29,793949800.0
bb33aa4f1a7732fc8ef19039,387537020.0
9f11661702873852a3d65ed6,352698370.0
d7f22a4e6daa572583e02640,368411260.0
f6ce37c42fad91fce47758aa,385902500.0
f57cab248d2d832725d78135,516600480.0
9d73758bf7569cab4837e49c,803682600.0
322bad590ae06fb48f80c533,496519000.0
5a7b67d4c79ecd83b7ab66e9,966931460.0
8dfd846e6df9a040ae1188b7,442412380.0
44a587fc89d6b6489157ff49,1206716700.0
f9ce5b7edb104d4e8407a344,612817500.0
73786d11f1fa714aaa9f1f90,693395400.0
cc72295ef156cb2d60d6b10f,1089327600.0
c9851396352bfeb05fbd7580,1118359600.0
b3561144c745ae3d329dfe1e,554338200.0
7ccaf332cf87e07b38b340d9,945289400.0
d63fe229354bef8b02b4a934,751692300.0
2e0a8235637e98dfea862909,880429630.0
0a1b14f320e330b405b27a6b,941873540.0
db41266d7b500a6daead96cc,513174050.0
364b8b8759e3c408c4005021,540521860.0
73bcd7efb7a25587bb1c31ff,602837000.0
17060f24d81fe2661c7628c9,993845700.0
98318f22c00ab335d8aa23c0,648272450.0
c926feb307c493aea729001d,410238270.0
58d92e8a26589e37b7123716,592411900.0
54d11dce9374378326f7ac62,460569000.0
8e79eebcff019c3362a76a26,859667140.0
02cb957c3db9ded3691a9004,728905660.0
561689dc0f267cc5011ede3a,1119458700.0
1533da89d388196f19e2c5a3,881944000.0
069ddc5d1f3c855e6498ac50,378302800.0
d3aee2a35856634eb710efa9,932323700.0
4bad966abb5e8c4121ec69fc,650159600.0
f059e39d22124eb9e7e8e20c,978670850.0
3360f48c1ec30dd1c3175101,474644640.0
2218c6bddc994984cdc6e567,406353820.0
c2a9b4b389ae6f20140e21eb,837301100.0
d135cfa351ed6abe4ec2033b,626581100.0
668e5bdda1f4011578534f54,1106300500.0
d2aa3386ae240d7387424e07,444966430.0
e4f2ec7e2f4389c1efa52c0f,548729150.0
d4f90a6b73b1e179d3f8eb70,420454080.0
5738bc8873b341bf92ece0db,544435000.0
2906d21b1d96a1ec43bab50b,731490600.0
4e1bfbbd8689a95fc97fabdd,572012200.0
78410b0193dc989de2d24da3,749975200.0
fd7f194d9929a6f28ea57cf4,463350700.0
5e7ac1ffc0886c27471d1a54,851566140.0
879d9e3b4ef9063de41ddaed,565910140.0
4bf620c6c6d4c916bea70e81,807020500.0
573bf87f57db6e037aeb94b1,822448000.0
3ff7b739ce65f0b3066806ba,978308800.0
a456f85bbae3f189ff424e8f,597192640.0
6683685692e955a8ff172c89,779416600.0
82e1ae440b386c7da3a580be,1031596600.0
efd178c4aaf3fc9d05b8dbdb,480067420.0
55ea155410b001104518e992,472300260.0
32a10e550bf7095627d17da3,537691000.0
823124264778e5ed64d8664d,671764540.0
fb01d990afd25ef96ed048da,1054862400.0
df22426db407f4c660681c7f,633126000.0
44fab96fa2ea501e0b94548d,1207444200.0
871204bd1b3505acfa632954,1177055600.0
3d63320260d150d134fe8648,752063740.0
b8b9b90d5721a9ed5e72b328,407791780.0
926d12cfe05643554837664c,395529660.0
cfba6db03f0e38d1aa0802a7,531270660.0
97b12012ece8a740944aa547,918405200.0
8de317591cefdbc375a41483,602954240.0
46d34fc9a8edcc199a537b30,1090502100.0
262e3b4091dfa6b71af020ea,936499460.0
396761edaa353e0828949bbb,499772260.0
8c18d3417886c150136a03ba,332446100.0
f053d3918234bad409410755,655451400.0
8f5444b81998e52ad76b3ddc,687873400.0
0daf89cf494e0f40a94d3e5c,994369000.0
dd8c289ec872be3fe3352313,654126300.0
f02f6c5b97b8e3cc5d5a74dd,823224800.0
5f39cf56c4e1bd43f61ecde4,761977400.0
5e187b07578d582ff3d8e189,689942900.0
bd018b302f732baecd085ff0,918685500.0
674cccf4c7772d6091166aae,1039584400.0
38e84c560b0455548ce186e4,837122300.0
d14173913bf5ed21e3ab50fb,702644300.0
cb8844cf2070d8697bcccf27,459530940.0
6b44648a905e7f4c0de6c855,650466000.0
148aedc984c7f6831c7f9601,481896700.0
ff9d1cf7bd90c5e47a0bba3f,470981470.0
9353136b0c791bec58f93ad2,547714900.0
de2137c70bacfd5087bc5c68,624309760.0
12bf6b9badebc2902cc11c62,417529150.0
c0706c78d5d98202dc24e46b,1118843900.0
4394a27b21889bf78927ddf8,416025950.0
0ebbe9d3831727f90d677ed0,1280492300.0
caec584b5b6998684bbc6a70,434488030.0
0c302f1c924f8efe0b6bb58e,716260860.0
e056ada7a37336bbe878f38b,767887740.0
905cea21c0ce1cae97fe86ab,961403400.0
e286b12e5aa7929334322842,604274800.0
6cd4e68300a8bafb9d22700d,965221440.0
39124b1ec419566a371af8d4,767596350.0
6110b5bf07cf38c437c7ca8a,1161438100.0
6f8a22e4dd21f44bc6d383af,1202145200.0
71eebcb108c4828b8bd5b84a,693308160.0
5d61946d53efdd9bd0af140b,824574700.0
c0620585c12f3d9f1298696f,432639780.0
d27283e3c941f8fc256c3f4f,647010000.0
2acc857ede19953734600dcd,423961150.0
32474481a0f8af34a4edfec9,437225600.0
6720db016112cd2a4a5e0358,680515900.0
959d0cba47f650933b9a5168,995467800.0
32d2c5f1707b00c93407a19a,448385340.0
0ffdec8eb5272d9fe4775251,485379940.0
c77d7a08d5b9abd4d3082fb5,456400350.0
a3021c7c465dfdd38cda9f9c,841247100.0
aa24974831a0c608635bbcea,728844500.0
eeca3f5c399785a1cf15b1c6,757027460.0
0b51fb3a65a86d7799f27264,451788320.0
1af16b7f14dc04f05edf71ea,652841200.0
e0d7e4dffa0f3dbc40c7da53,591110500.0
cfeb42023e2737491b3e4283,1092252800.0
dd4e23681e00fa1cb9a679a1,492427700.0
153c89081fd85dcc66a02421,846697660.0
f25b2ce0d988bf5490fd780a,395096860.0
8700c9b62ff5a5c3394b0bd8,537328100.0
a53b105919c7b46c0cc1b003,685059650.0
1c835128915211131bc561ab,462044540.0
a0c6e0c6fe41e32b3bcb2b26,837743600.0
4eff2f2297ce85a0a3964d2c,854418200.0
57062f248424c47282d3da30,716833500.0
99e860bbf3033ee4654d393b,762861600.0
db8912c5c5e5e49431b2c85c,739715200.0
3151daf55106dd159f27a8b6,492692640.0
3e8a4318d93b1fed4c48f48d,1165361300.0
4c8ca73cb51a58933de61f0b,1092502800.0
925754da6fea9c9cdc06e18e,780309060.0
05119815bd72ced29391ba87,1118033300.0
aae7cca10bd7f041c8e02d23,629411500.0
4890edc33a555cbbac71795c,849183500.0
902fbbf9f5037be8759775a7,988080900.0
d013a0e910b1fe2e3913af7a,551658050.0
9c38b9798313a3091d13b340,948638140.0
f04d3ee8b175c8f2f30f4f39,1186955100.0
f0f883c45e8470e74280e8ca,802351600.0
af820361d5f20198bacf839c,657220200.0
01636da0aa2bc223af023a13,632765060.0
cdef6e87c007bcd9b4efa9fa,1053862900.0
1d45332e2f04df18cdac590c,474283550.0
db3dae76fed5fdbed29862fe,603208500.0
f36a379e0149d4800e793001,718206140.0
30d2ac3ecb8150e4d4339d1a,1158102300.0
7f78955c480d050f2c8ae3c9,749843600.0
cb1dcee1f4ede0877be1ad15,576771300.0
a32d2c51f2bd5f23bb519d12,759131260.0
bcac2a4cacf13a91805557c1,472006660.0
a21afcc258e50a538dfd43ed,362505250.0
7202b83b651382e2630359c3,427195840.0
77d6855eb6a30d268e49eb1a,568752830.0
204ddf6ba4822d55ba80f713,427554530.0
e0587d29cb717f725e991ef3,916954200.0
c606665f3a3f70ef61fa5cf0,978594300.0
44412a9e16b2824c4a520a72,584597300.0
313abf19d78b719cce4b3188,526786500.0
99ad7b36c3c916393e951507,783950500.0
c34c2aabac06323fa180b24b,506532200.0
37f39916813a58b844e17833,929603300.0
6ab7f97fb9880e48fab16a1a,579621060.0
0e6c74a0056ee94b10bfa86a,378311460.0
7fdbc3fed9c9607e6d01e958,663440800.0
01018b9796a105be650ec802,1026397600.0
16ede6f8833a93677d05a131,475054000.0
0a53b0b7c365879a6d2cce39,789876160.0
a293de027279019418c070b5,433052580.0
973ab56a202e039f5ef37353,478165730.0
3e18c851788fa8724ca8b7cb,458261800.0
0a4b0a004c894654663bdcdb,891836400.0
55d4b530b881abfce2d03e56,907409500.0
405bc08707001684d19f6edd,894536640.0
dffa1057472b06bfc0fa7a66,1379728600.0
d061615fcc6355d79665f9a6,577875800.0
6cd96d73fc58b1502bc6ead8,834630400.0
db78a3ce9c6f6a7f4ecc6853,1017039600.0
1498ce1c1bbe2e89b84a4a45,969165600.0
3035d7ea4b71d204b588dccf,777545700.0
2b8e9560dd58d880dbe77c61,986448260.0
e8948741a987cbb3759b7a44,1282462300.0
20718780218eac9668776956,1037967700.0
c0a9e3f5c57cfbb4aa9b2357,864601900.0
5e9e9339fe1c3a06470cf7c6,865149630.0
f852e0f3fb8563ea6918164f,1115468700.0
e38b4072ff8b856487864f31,1098897800.0
8cfa1121fc87d9483ec63611,1255660700.0
1a805101f78cbb783e6f919d,438364580.0
98502628de3c4fd3905000a7,601276400.0
ff7ebaf86962fd0ab6ff41f3,555887200.0
69442123283ab024a911506e,1020356350.0
ce6e91b53465250effacca98,1024850200.0
5d42f42059617a5ca7ff3a32,580868300.0
01edceb6c5afc2af1e129e86,374087300.0
fdad0c86eb89fe93633c8571,411039520.0
831725656d9df81b63c0ae38,648716500.0
d1f8eacef9bb4d300d086837,1180536200.0
3b6d88f864f6c1759f957c73,1530728700.0
5a38f908d8d75c5810280e12,532652600.0
c7c835349181bd3f0d964eca,1289305200.0
edd4d560363f7575aee42d39,784915600.0
8f3924eb214f5194d21499b2,943693300.0
466c542d7825d36d18a86486,814691500.0
0b71d334a6db66cf6f1a8eb1,892746940.0
7a91cfb02df63e4396b15aeb,433775100.0
6140125d2a94efe499a6941d,442023550.0
080df3efe1fe81f97e74c4c9,393259360.0
e148c2b109eecef0175b3c5d,487241540.0
40aaf6665b489033ba0e55b5,1492821500.0
05498e49d0b875ae6aaddd83,445892480.0
397d0f6319465fd7fea6f710,1016921300.0
7e6d8c4742b38854d819696b,1239896200.0
9a8d13d56d677379ebf9a347,1019300100.0
06bbc353bf62fda3b3786fd0,736428100.0
09fd7896d5445f422892b196,835469760.0
57c63e412f3fceedd3a7e698,872517300.0
32cb6246cd94f962f780a1fa,422017600.0
b0f9bfd521802b0d2586300b,920641340.0
2a99204f0a53c4a4d0a2393f,737566700.0
7651626df0e2e3119b801466,742967400.0
59e48259a076518d929f5db8,484516930.0
e7b721ed96269bb195906bae,395515330.0
61c3c304eb8a06b5a483efd9,818672960.0
3c26b2954be250bfe239db68,469765800.0
0df87025a6351b435958ce95,1011653400.0
df82719238ea0e102c282c09,694288700.0
57c74f7b9bc5e33cc823439f,937570050.0
4195a9d13c0a526d7cc959f8,635422200.0
0d00fdc440d7612434a6b91f,641813300.0
0c91369119a06c40623afbb4,528619360.0
5a6b30b4d33e068d421bc2a1,849078200.0
f4beded3c5ed9fd6cd5177c0,759241300.0
95e561c7292d64305a2cf4f9,937135600.0
67138978493b84ff42daad45,523316480.0
7da10de45c866c7d066d2586,622276860.0
3c3cc027fb179e91a46f11f4,509967780.0
df3ada98307fc85428022d00,523316480.0
e029c89d59f2caf4af4bd908,627801340.0
105d05ab3d5334b976e448e5,587001800.0
253fe7aef58ea97fefef922a,624682560.0
43e11f10650837933261fa7e,643387100.0
b111b17ae1fc17e3491b7a5b,675460900.0
63e1ff737ea11ec607ecee08,979832600.0
ae703276c49b6a6a9c39770f,997815400.0
799bc0f95ef9a23fc16bb1d4,1312279300.0
bb9fe73a8742dec9b2e79135,1115694200.0
a9b3d963a14c2c7435f30fbf,1359963400.0
7a48bc2c3f4aad08dc7fd5a8,382201820.0
7621f476bc8040270958de6e,671240700.0
c49644baf8dc51d3f76d7e7c,539982900.0
8c107da7487ed0cd409f4daa,538957060.0
1bc8874a13914055c2759a35,460812400.0
fcfd6f08490be39064aae41c,487124480.0
23178c72b063ecbaaa04b37a,598949400.0
10bf1c2d1124f6d8f8b9497b,912651400.0
c29b30cc5db2ffc273e4cb14,648495040.0
f7d11c2601959921f536f804,770502140.0
acbb07a2c7a0e39c0102b3a1,962027100.0
844e127aa7802cdf75db074c,462140600.0
e2d88f49873bbcc5476f4ff5,609316300.0
42aa1e6f6b8220a63fe165b2,1012103040.0
ab1c43d6fc4f08e315e322d7,990023940.0
9299c976b1afe4d2c0bf351e,787750200.0
cd62ad28163c8df131a8f2fb,667404400.0
e5e06913ec3c851340d7c91a,646737340.0
d9b46a34e48e04b5a3e026cc,562798300.0
782a6028457ec55d4fd5189e,794040700.0
11a905e4e01e7d15d35cbb82,595260540.0
3b3e423e248b23090a2897ee,497860860.0
5915093d458d4b6589e86f59,667755900.0
3d162a854aa05447e2cae0c0,914753150.0
662a3e343a7e207ecc09d6b7,1017039600.0
289db1292d4ee40a1ed6e518,923538050.0
d43d2bda7b6e4d5177c0d032,789710460.0
b57ebf09cc691bcf009ef115,1021440900.0
21f5bac85d5eec57acf501ef,923860400.0
2fa288389b3031d595973793,710012160.0
c900d19cade1443983274ac4,769412500.0
67bd5b20df7f2a9cf4e04358,485792100.0
e111bda6d24089dac82907ad,391684350.0
7910ac9782a1a315f68799c4,668113860.0
ee786b818284cb382c755e9d,890218500.0
f9b0a27bd3619ae88ffe5455,630054140.0
ad1c32cf75ffbcfc842e3959,432642270.0
5648633b1f92de1ddaa7e7ab,557762800.0
1ba481abe0d3890c42884d97,485792100.0
ce60e2ce2a420052e67564d2,538957060.0
87e1b1170c163689d60bcd09,667946940.0
bb4c7900162be66534d17541,850386200.0
68340674853f0ea101e32b46,435694660.0
d10f89691119d4a4a2c1e650,1375655700.0
d414907e75a1c105ad2b74d1,372594050.0
c9b6d3bce20b7f528fff8123,528782720.0
be1695a7b8d3dc68c9887abc,685859800.0
debd60afab03fd1552719270,828784700.0
de060e07dfb0a5494c5550a3,507055140.0
3d6815fb68ce959cb95e225e,683387900.0
d93f6d8fe212ee3c0f7cca95,785215040.0
1ac702e7c265717b34419fe7,695321100.0
a157596804522e03efabce48,746978600.0
069c529aaef7d7e0774c4a66,891008400.0
0669fb98aed75d79f8decb7f,880730300.0
7057326ac489bcc17d580883,747064100.0
e3d6fe5d97bf4fe851aee9d3,717870660.0
f80b20e0649dcf1c16003255,518489860.0
364256d0881131148655e006,811249150.0
0f9c26956bfe983c8c7fc227,1197954200.0
9756b47e9dd47f99dbb23115,873348160.0
27d413eab7b562b984c5a682,984904770.0
ad17072ff24e0fc0e61963b4,758559550.0
473a59415b6214218a15e363,747702800.0
ef72df5586ad0cbe59e36e07,987549600.0
9129b78a741bf5e24df5379d,663433150.0
964734d3430de94d22c927cc,523654940.0
530b25326f39c347a35a8caa,473909200.0
482f57e65a3f4c6792775a05,444718660.0
738e86beb569a7bf51fbe199,414809700.0
c5788cd5507c577b7b585ffa,330667170.0
be164f9025f346390b986668,444458340.0
ea2efa1a857332559120b823,495224220.0
f3dd24a17ea51b7a2b0f037e,650031900.0
7aa8d04246d3e84e5ac470bc,946844900.0
6361330195fa7cdc6d5c603b,1009548500.0
6820ee22d6fafc9c030cb286,1331704600.0
472601b5b5719855ae3528af,932382400.0
3ce2c7f1ee7569e1b916cddc,705716000.0
afb03f7cea99023ecea7610a,476213400.0
404364fe956884368e2f8300,600021900.0
c658639b590415bc6ea44119,601817900.0
42f1a529f5ff3a6371dccea5,733422700.0
e2e4641b20d81a90033a536a,618871500.0
253b34c2c5ce15cbd8b5826d,751692300.0
86ff8f274b698e7757ced1af,719045000.0
c4aef1d92cf264c548ef1f2f,427609150.0
e8603da6012c2116a70176b7,1012437100.0
52b52aced4853a3e3d7fa058,513044860.0
7d9a9c3b4442efdb53c24448,670058750.0
a7bacd6f783756c9e7cdc068,435757000.0
68a00651ead62911f850cacd,454658300.0
1e7e26077db3bca2821a9b45,555690050.0
8aa21f48a83be25f924f85c7,635328900.0
48107a1dd2a3b027637f250a,889783900.0
6bbb24fd1b9df3df4e939fc3,577110300.0
aa45f8fda8801c3b4923f4b6,882399940.0
ce164af02f76ab3a68b0f980,626803460.0
c32249c7c0819b1a29fd611b,714288100.0
f8d4ec209ad5fa5ba4a68e56,575100540.0
cc03087e0f18d59c521b6ce2,899472600.0
fa631a714774fc22ca15ec10,822021400.0
c310efec13e312442f7e1a01,730521600.0
534466a857d28dcc598e3a49,809528770.0
4a81bdc14b5bcc4c84f5ce4b,460096640.0
79ac12d8436c07b620190b9c,469540960.0
f69962045e9aea6b8200888c,433538530.0
9752758072e096fce6f7f4cf,444237120.0
56fc1855dc6375dee0506133,773396860.0
2fc19f73fb877ed8b88a5250,427051650.0
63a25d279fc5a9e8fc1dfae3,414261760.0
71978c139faf2a251db6ff5e,385148030.0
f4dc67569fd340be3dc592d5,537653060.0
0b829c23806ff01a0c84e9a9,907253700.0
a23ff4d1b2e24f537a75242e,801585300.0
3a103803cf9cf0451582d89f,470326140.0
eff8b3fe996b6d7db10b0263,521868160.0
9d53330b44c300e396cdb402,690175900.0
301b5da33d32c0632b16e8a8,862424600.0
357e653c4bea02df1b08c62a,924883000.0
9af17837ac2bbe7c8ba16e0f,453065440.0
246576e24f66d495fe0d509b,666761900.0
cb70f4993947b640317a07b9,648879900.0
949292b23ece12b655122038,479898050.0
4bdff22689954e5b1e575d30,811374460.0
7c69d43fe2488db51e6c8da3,403926660.0
6f543782174a964402b64de4,736342400.0
a59e7f0e0596ea6633781335,556152300.0
767ae7de1818d645a33749e2,892013300.0
e667133c29f90c8fbf30ede7,416645340.0
3fcacd1cf9770a2724a5fb01,829274900.0
601193433c99337fe806b158,652283600.0
42c282041583e6e2090b50f2,1037591550.0
3bc80c56871193dd782696d3,639268500.0
bee9de3e2817bdd591c02897,589587100.0
0f761aab549e7f6bc025ab0f,936444100.0
3b9971f91bbe4b8dcc704ba0,916167500.0
8f428b58a5189effe993ca4b,364688400.0
0af466463f2cf50d61315da4,874658400.0
1a486877c62f2aced41a2ca0,1070305700.0
c9fdc3f80534b32f1a75f530,916784600.0
97419310c7e696dc8ca61f7e,850562940.0
49d9cb2bcc98d69222b03165,649376300.0
99fa9611d644cf325e20e603,1180473100.0
976d317efade1dd77ef3687c,504186080.0
b9bd63208716e4e0f2dedceb,468261120.0
834263730047f308d71d4d8c,559623360.0
d6bf8bfc752bf4580e99794f,894633860.0
58bc2b0acdb0702732894fa9,448941600.0
c3b8b774037044a2524913a6,658046850.0
eb339d562b72b3bf51073cc1,500954720.0
c8244d916b0110b1acbd38ac,743335940.0
65bb6acd9be0f8d95fbc722f,844145100.0
5644b84ee2edcf7267b2189c,730648400.0
22eb737351bd0958d3e60efe,1080675200.0
0e2a5d040f6361adb9927388,790010240.0
be9f5ade682aa1fced79b068,617679200.0
8445e5cf42307960535a3b11,630051700.0
1b002164d34a71bd06e0445b,808362300.0
c80f897787541816ad63bc17,847824060.0
673c72783eb4f9a02c511b83,1050184900.0
3b29177e99201cf4eaae612a,988495550.0
91c5967cc1acb3f108d6e0f1,442831970.0
334b5b9fc68a18387ae59ebf,415573900.0
c9d096d4353b8eb843e793d1,678267650.0
92cade7b5347d1c00a48a1fc,976394300.0
1d4bbb5b756033b4be28643a,929436700.0
e1eb183eb261b6de96e20a56,1197700600.0
7ea8da3b1481993b14bed9d4,408548500.0
78bb43910ad6ed105610d9dd,680522400.0
32c1f617f2b1f537ef703712,1126542100.0
a7e6d3c76bb5507e00ccb501,711364900.0
6c75d7867807d942c975079f,898219300.0
e9182661e36239f091259232,434994700.0
c926ee21c2bd9da7da193514,396386080.0
27bcae7ffb9f79b8f59fe1c3,488058200.0
6cda1a7622d5577c0056ba40,1262507400.0
67c945ee31cf1fa0a874e4a6,502881820.0
5a8638c17d14ec4f6d447b8c,482531330.0
82bef17c2a4db1f6dc6eaf01,731323200.0
09dcdf0b8b37c1d537b9fcf8,600636800.0
2cc9f2411f98d0fd41511211,529769020.0
aa1eaa63043c5c29ab6a1323,650791100.0
35b03ab66c19ba2049ddb9a4,627503200.0
90470cdcdd2b813b39f28ab3,911863200.0
ba187eee3858263fa664812a,528654660.0
c06a1d212fed896b6ee4e1c5,594654500.0
8a8c8f5aa68c4e530d62776d,627396740.0
662a221bbbd961c285069c49,882137400.0
ee796b35e39c7beb6aee2b49,889295200.0
53de17a986d62a44d7897200,620700300.0
68925fb9f8f0c84fa0ffa9fb,896550460.0
6a6d4f8251ff961609019ddf,400883420.0
3477646f548971044f8f0494,415587360.0
c82434222f4129168fa82e5b,641752100.0
4c00508300f40d74c79f2596,528638530.0
27bebaf73dff207d7f6829e2,683772500.0
d0ba7b90f6ba3392a165b46a,1221318400.0
61974f593c799e5d5090c067,350582980.0
c08b016afc6a07105d7703a2,510175970.0
011c2017b63235bf0ed3f241,463839680.0
7f73a8e83d41ea252ad61197,525065150.0
0c25a552c34e114a1780739a,427579800.0
21e96ca8dbe2f12b55723335,661359900.0
30f6404e8034dbd513aa8a30,470244500.0
f2fce80439462bb9231d7fba,610859260.0
40d5384e2e8f8fef2032928a,444627070.0
95f17e64d2222c904a7d42cc,650977340.0
59374f70d5e7da97e3b8b35f,956870140.0
ba30cf03fbfb0e36e5d415bf,1225855400.0
c2424b4861f2ef50f8876c0c,661664000.0
e7def7d0999433ad6d3ea412,1053862900.0
7f1a4e79fa92196101baa7eb,953517900.0
37e0fe114a3c7406daa57443,857868700.0
897c0578bdc8d59843bcbe38,427059800.0
7e554b821e6955ab259a25f3,423637800.0
23b0d67dc2a0ae6e5ebc9eee,432639780.0
d43f045d046fbc8f5ecf465e,659050430.0
498d632cf0868a8e641cecb2,413209820.0
6b9bba3c6afa1f999a9429bd,405762880.0
12db154d9d29cafa574ad387,403189250.0
61779f1bec05260cf10a0d2b,659050430.0
986defbe9082519824ebc882,1041150100.0
f72992cff50931d2e19b3ccd,625795200.0
0e2d6e5882fd3b4eeb9ef286,705707900.0
9702737c9e4ecb12d0f9ea5c,907253700.0
c36cf907ee28017eb1b40674,471986850.0
a7ad9c8b5bae531abf68f8d0,625795200.0
6f3dd53b0935c9593a301bdc,559089900.0
11f8f836e5626605ee4b41c6,982791740.0
16fe92ffdb7e1aeefcde80f4,900801400.0
c1eace64bd2c9f6bea289c4b,824574700.0
fc2ac43013ba8ab17da28041,1007040640.0
5e6b54654c98c2517c2e31d7,1025342900.0
f0e8b39d2e4644dade9d8954,829354000.0
22796587bee45b8f64ee6e44,833869800.0
dc8c76f5b3977f90839918b0,722951940.0
27663c0e271e26dfdbf4d289,685263550.0
2fc96ec5fb2c8dec0a5b09ab,1025342900.0
49d42ab711abd95fb5947c0d,866576500.0
b8984fe54819f5fcc43860fd,470722800.0
8d3f4ec0c37443eb3f953584,966278800.0
001dbdd202e9908ee42713a8,972088800.0
fc5f41aad1b4bdcbd8298037,623253250.0
34926bd7f9880e277e75a447,687042100.0
00eb120ba4410ed8efa24a8e,590576400.0
eb0c6a8231b38b2a1e1f789a,671615940.0
0f059b39ca45bbbcb996fa45,714010240.0
06a5364639452a9d663a2dbc,469002100.0
cd19dcd4aff76caaa1cffe54,402846400.0
7272c3521b7083038ff0a690,707400600.0
a480b654e1b8b7134091e613,1216580200.0
ba24834c9fb0e87c4ea7d1a0,1156034400.0
ac46e3eb688cb1cb17da2545,926408450.0
3053732169b2260529f90133,542663230.0
ab0c047373b5d1810fe42bd9,654259800.0
698383c101fb784f8e1b1ee6,488918180.0
1b09c89b546d0058cb09c1a9,934841540.0
64edef308b6a9805f0846cbc,1124374000.0
995a5799d9a1a7e4dfe4fe34,1168127500.0
d4f1fcd4c20dec55e977720a,1336090800.0
21264b5a73fd27b85a4e2654,510952100.0
d464858ed94a1a74948f479a,616582200.0
dc420bf2dd1759b7f281cfa6,1148377700.0
0a268e25a5f3a0bfd8898a40,331354080.0
a3460f00d48816ef66e3acc3,642621760.0
9559637fc2bdf96defd2438d,969267260.0
421db6a58670e53f563eb9ad,688762240.0
7b6322fd5810990820167a23,423083070.0
17fbebdfe6bc0618ecdd247c,988518200.0
00f2621035b1969d53f03fca,970303100.0
e97c998a6a0709605432ccb1,415186460.0
39e306be57a992bcc75e089a,334446940.0
55d0225b44a81e82eea3efcf,890913200.0
c7c5ee499c712082931032a4,1504885800.0
f15f48d4cf4f85a3cd68dfa3,484906140.0
01db5867a69f8ea7849d69e8,1305441500.0
7c29fc3861c9f074e3a89449,820084200.0
5ae2fec22f535ec2490174c5,369938560.0
a6731fb85da65ce14468341e,434788130.0
4e327acca2e033c3fb305c5d,680434100.0
37b8e8a194e4f2fed7ddcd96,466415970.0
a8dc954142c54e570bccdca5,663020800.0
b427d767b071c3e5ac2a078c,409962940.0
a9407f510e67bdb27ad59b46,610634430.0
ba7120c89c8de0e57e30646d,504455420.0
4f5bc448658287ffb3d49b75,785890800.0
758d9f47824eb74d1b486024,1050407230.0
84fb7e582456d7409f27cd2a,1066432000.0
0a6ade3bea1768aab76680ed,1041614850.0
f6e74a4b1e026352e5759b2e,716260860.0
639b98d0798b5670e7bb2569,1129112700.0
32ecec7d5c47d02969368779,547551940.0
cac82fdc4d960947bbc590c8,493229540.0
c2b880a6bc90cdef9dac52ca,820871360.0
dd8eff6162c32ecbc6972509,608028800.0
6e2f79cf68ac0ba2b1a6b0c4,1107556700.0
a904fab9fa4f41a11f673fd9,1254710300.0
bf11c5dfcb321e020601e9ba,1216260000.0
488cdcddd0938ad0205ab8f0,1204102700.0
b92929668e884453d3a0d633,476204320.0
09eeb116cb0944a28742d282,928449800.0
c16e9d9444f85bdfade710a0,730711100.0
c15cecbbe717e72f09a84271,620850600.0
0bbd23df46a4ea4e4734b680,699183100.0
de28e62bd01870dfceb5d78b,499734140.0
92c4faf0ba1fbac44db6d1c8,643471740.0
91892eac5e9565b12b2a99f7,542043600.0
ba72421716765ef6aad9b4cd,1073208500.0
a99df3a2cd4f2346c6e903dc,370007700.0
59a3b1a44c35ed4936cf7843,634762000.0
cd74b689350ef612ddf1b96a,552449860.0
5664cfe452394ff9376bcc8b,428594720.0
d4c6dda51fa949743a46e835,504328420.0
b7f47484bbd8113c62cc8c1f,520701900.0
d4dfddb6564c9f46b26e7aab,505498530.0
aab240140aa4b6602234d88e,496468830.0
29671ce02e285f69afeb3fc2,1241166700.0
5cd742ea274b4a8832114080,714701060.0
c876ed979c9127674000b740,740579200.0
45269f56121b796d0392e2da,1283546500.0
e981d4fb3a33f372ac26901d,1519532200.0
2f13a428281ffc425f2c2e38,613519200.0
407e4196114b64578beac143,897267260.0
342027b17940a0cc5cdbf8d9,1003527940.0
dad2bbb0fe138e426000a33e,777038660.0
e77da26aa7ecdab5505fab60,709139200.0
8fddeb4ca696706f6cbe573b,1135951600.0
fe368a7d2e09fe88b1b972e4,479063070.0
6fcea2c6b9e39576e10581ea,649961200.0
91d35b9421c4982b54dd520a,639516000.0
eecc82010ce9803ebea6dc75,551626500.0
b957548768ef014088a61b5a,420920300.0
5790e4cf8102dba35e184ca1,753091460.0
cbab68c32d78424452249d9d,933019260.0
4e0b293ec3d5eda7d9fcf8b6,718877700.0
1f8742e662666147955c9872,583863000.0
aad38b9f22ccf36b0fba4e7c,696011100.0
44e9224b9735235fc7271672,497662430.0
b61e9e4f3a2e894932b58ed6,649562200.0
2b36d2ed79caaccd687f2ab0,672644100.0
7bdd64032a4f011bd4fe7df6,518008480.0
0890a0d20f33b9af2bfe488b,430901300.0
ea7c9e327eab66ca286f6726,638907650.0
98510008e150296ca9d27d0f,793236860.0
41abd8a2cbca609cf868f227,839158900.0
83196bef0e5dc6c981bc57a9,999426800.0
20289e986c1959f0c83a6a4b,740439360.0
fb39ca089d05381b3a7ba847,387834300.0
d2da963bf6c2f6fe724be23c,1041410240.0
670f7dfbe2eba87e55176257,839680900.0
469b33a6f153ec334b6123d7,483439650.0
c38ce4f3763795c61efee6f3,482849900.0
8553a05c2b30be81c64a6295,1022405760.0
d8b3a1d0cffc913ebd05b931,1027355300.0
f0fb8232343d235741a20586,1009739140.0
887d749eeaaae288b2818b86,686230100.0
126f4d890004b8035a7de091,1066572350.0
7d157359b413e107f5f9cfd6,612790600.0
65010e340fa495d060e32f7d,554369900.0
8164023f628f550f322aad61,587908200.0
8c2423c14aefa13d255fa77b,576114940.0
e9772a54bc6638c723dcebdc,673535040.0
171149ef76fe0a2074c5bf69,729169860.0
96448fa0eb077563a2d168ca,492286850.0
3bf1bea2a835d7fd11e47ce8,360810400.0
2f4b0b1b81c792f43f4ccd5c,360810400.0
086540702ba0876c0c05c5d5,1017431550.0
57d17db2cc5ce1aa889f1f50,982310140.0
3b6cedd9966332f0722208cf,550976640.0
351a3e1b62cd51d46913a8eb,1162003100.0
33b702ced6de5f7ab8b29e7a,583767200.0
e0e6852c6d6393d6d3719131,1061039100.0
bf5e687721e030639ec81416,676163460.0
314479aa7b73ef6ef44e1c89,627809700.0
822896f609e7761b58e7f6e7,595260540.0
5b6f21752f3744ec6e529d74,1037273000.0
5d91dd63b6aef851e0c78389,703076000.0
0a369278a1ef6f5e9d79e2e3,691837900.0
7523e95fc2afaf31bcf30979,1016931000.0
cb9de5719b978a78c71db699,904642750.0
af8c90983a23ee15c72b8e22,1415044700.0
e35d8f589e6b1909f5e4132b,1044069400.0
ecaa5e38ff6cddc14942eb7a,938693760.0
d2eeec3fb1ee4d686758534e,1105844900.0
e97d03ef9638c8e1d270ed2a,375084000.0
cbd78f55af1db4d89b53b496,424161730.0
1b2fa2ee5927660313569617,751266560.0
f7f00e13da4910d724aba4f6,560046200.0
9a6b77dc2c414f0baa11effc,423641860.0
bd4d0b8799fa5999c5d2ee3c,1249427700.0
bd6b68abb113370c35786557,1251302300.0
4da8ef54252a92d9cc62c174,754877630.0
38d6c2a9beac610279bc110f,568454600.0
32e6518755191bef743b28f6,899695600.0
4fd8d01a5c3abb90ad70cbe6,749742100.0
5d9f8f380a6434096a0cd906,464278700.0
724c854b1a991f060701d005,439176350.0
1bd78ecec17b584e827dd0f9,388881700.0
7e6f68184d84e09cc9ebc09f,560655400.0
c0174ef555bfdd648acf4346,439715300.0
6463505a740324c7aa869d79,840493250.0
f239b7fe0de40d208c01c45d,780532350.0
bd98add659faedc1820f96a0,473909200.0
ad662354d28a9b2d65f537f7,843422460.0
8e8852450fd5556f748c98cf,664152300.0
8fd5b95f5808b4676043de35,674759200.0
73a23c9d154fec88d396d2a8,732761340.0
374ca1a16b8eba42b35374ac,642813000.0
ff058f978e97c389e7a31f6b,745972030.0
9d7f2c004fd359136a662c9c,690175900.0
2cc0129b386acf9cdfa4eeb3,635661000.0
c139bf6b72a93a73155e1f5b,378258780.0
0c017cf9740cb67d530267d0,539460000.0
44ff213b9cfb3604b7e4b66f,619167900.0
a09c957598e6cde56cdba03c,703124200.0
c846d5698bb295697186555d,812886340.0
a84cafc064a35cc0ad698009,556070660.0
ecda0d714f52da919223a520,817869200.0
b9398d6bec5cc44fa39b8bdc,851103360.0
79d230806fbfe96368b83dbf,1174743300.0
a28b1d82d3f7dbf8746d5742,1283828100.0
a6555836840c7dd496ba9094,767209900.0
83ce7c2d2823f888f2e06ea8,1001888900.0
631f4c509de8dd64f1c400db,824044860.0
2afd31619c21dc537e4797ca,1124007300.0
0be57099d9c3ad8a16984861,876089340.0
ff29f12bbd7ac4b860909966,1030381400.0
d955edf16ddb9d3f59501a9f,1533285500.0
96298da2f44ca873f345867b,636782300.0
e6396355c1249c6290906b78,1015485060.0
39f9f736d802b166ed688224,1201297000.0
38a0fcb41f0dbe8b0ef7af8f,722381300.0
79b955adf84fb2c52381921a,661634940.0
e335b8464a61ea0781f7928d,1177859700.0
71a929d79a6cccbce6ac5d79,1048643650.0
41454361857cf70c44e1f5ac,528637500.0
a16ca6293e2ee2969f3334c5,1095474200.0
4083248d3d2f2bbf9589b971,1095735400.0
de630da5e1c9e27bfd94efcb,1115783700.0
f2a4f5010f3da37e27505ece,524555650.0
53647abd1d1b10c9226eac73,477863000.0
e51873d6421addab3b539dd4,470825180.0
be8fbefb8e06fe169237d4bd,746887500.0
257c889187ad5de900a430c9,616818600.0
3198c4acc62c1a2276bf15de,548482240.0
b22350d505b87dffaae3a5e2,734916860.0
49ad389014995f0187edf726,634297300.0
025d96090a8e5bd6f786e9b6,528320000.0
4a7156189e1f06b0fe87a7fc,572262140.0
e91425bd357561183b935d27,583753860.0
c9d996f458794961d9957c1d,582308160.0
084de965e32a2a65bd3aff5f,582308160.0
880bd21afee7038459b5847e,593838460.0
2dba091723891d8907905a74,881466400.0
a39f9fd2f143b8ce1f7e1277,574715650.0
37050aba3553f3869d59f809,757093800.0
35a39cf33d16f8f5ff75fd6c,586689500.0
7c463a59e7d2f2b4bbd07e12,570006100.0
035d955df5a765531d1d0d07,684046460.0
be706475abdfd64aabfe45fb,572262140.0
bf41b26c090dbf0a19252e43,910009300.0
21aa860fd839233ed8b82653,527517470.0
b870c8bd8f95426a7e1f9c88,572262140.0
c5a5676bdb1698f8c38cdcd5,509293200.0
3487768de3a13b7ee3df0254,777493800.0
dda7a886135a1fd8106d04b8,1029222460.0
ee102e9d0791ee82ee4da2e8,610608830.0
1d4891dc27e0050efcc6c403,661762400.0
dc1fa8fcd0ffb8872d434dbf,594696500.0
2a5f727304ad67d1cd269361,713277950.0
2b10af4fcbef695b327b7d0b,1020714500.0
516881e914708f6ea6062ad1,853882200.0
5a428139d5ce6bbd9505945c,1002770240.0
38dbf1b9c5963e9c3d008340,1047967800.0
02c6e8c7f36a2c68851600c6,648089500.0
d2684e676cae87d75dea5ea0,574011200.0
027947dd01dc991ffefc5082,444576200.0
0af13e27cfe9b8f237a9949c,698106400.0
32421841f7eeda76160d7959,519622460.0
96ad0e75433cc18f20ed83f5,792828500.0
b387b5eebf501a620f352504,780772100.0
8ed95f9bf057114664ea441c,490951580.0
114318a8e5822ece53ad897c,478255100.0
3bdd7be0b5e18d266189d991,756786370.0
0d2c4bbd8a4dbeb6337b5c14,671517300.0
a98637742a212e332cb5d1f0,655989200.0
acbec9114912932b9cbaf0a3,585502300.0
fd81506b0a00fab1ff680b64,555690050.0
49e531941384af389b0aff59,464162700.0
8f221efe392ba42b519e5f57,899472600.0
1f33395df1e4f6a185c507cb,573430140.0
fa823373d2e7fc9443ebb6ff,749956600.0
0a6966f19bc2c303886ca82c,889783900.0
15d9a0353ad54798ef95e0d3,1093032200.0
0d95d756b838d3a319277424,541864770.0
d644b23e4bce0e6e50ab9356,1024766140.0
6dbc77ad8c5c1e39f72cd2f6,1001927100.0
2fb5206d246ee7ab22fb8143,882399940.0
f1582fc47e7b8c0eb0cc9949,736454800.0
8d7dd9de4e919fec5916862e,1014960260.0
0b67da6d74bb3998c80893f4,479134370.0
736d25efc9e570379d32c089,1272909400.0
4615a8a7af9d7cefc7fe4c4a,1108110300.0
8b753628bd37b9759dad06ea,412560130.0
5c7c83526b72ced12a08e573,553551040.0
9baa578a930a94f761119fdb,433705600.0
8fe1a07cbe9b8f3498cf74b0,374420670.0
67a7cfe6e95aa5200c064717,628686850.0
b7e3b0c90c0d3bfe5befec54,555534300.0
e6a547b2c0d126c9b6800515,966264000.0
b08f88ef973c9d1c3a86695d,1022312100.0
5933c18b8cb17cc6e4ae91cf,976671800.0
64a24372d58a2cf535c3aac0,858579100.0
e6f9288cdadc5851d29fabff,1366620000.0
71ba2f992908a5f91f832406,672342660.0
3af4b54bb5ee5fcff80f1e53,450693540.0
40d3f1f00de86e74e0304bd1,579971600.0
3b758c26283c2f11251bfb89,680896300.0
70cb6337c8c3f5225fa80026,1022848500.0
0dd510aaba8036e8fd9d667a,1159516800.0
ef6ac2a5102d7be910a3e4c8,488694400.0
24c32572ca6161a603a7d0d0,388008900.0
c7be09a810b9e54d2dfba4b2,671067900.0
01a5a230e8a808d844e64397,1000611300.0
5ade8e9c79288d511ce1fd79,784275100.0
7cf50019422bc9569a985736,1028671000.0
d4716e228067a7bb0f30aa30,761977400.0
cb79e02041eddcfa9225346a,844821570.0
b059afb753452ba358fb432e,1385622900.0
fd9f78fb2d2f4d01e462bcea,1069159040.0
6337f924f515625e7fa638a4,915290700.0
3adcc2c662c8c7c9db5f0982,651850750.0
6b7aff233052b9bcb6b9448a,1140339000.0
cc51811e23409f4d77995768,502875140.0
e3cd7b6dc0495d5109086407,734504900.0
e63f468e1d9f86530d47ba4c,386478500.0
8bad8a7faae115ac9007b13a,741650700.0
d563312854016e9115d034aa,1027157440.0
57c7684f8cd8d78909711b53,481675230.0
76b8190137ba3daa55db33a6,516815330.0
2bcc6a15181273b2fad05e3b,726735940.0
b998aeafe2cc93bbd96dd9fd,477676200.0
eb77734d12df7528af57c674,470520830.0
e8df85384a1f51c31015ba08,836929100.0
b0a03d567e287bf4cbd7bec3,411242620.0
dc8bc7cb687a3a42b7e7d5fb,876116100.0
147de03212e554abbf3fc3b7,568544600.0
c09b8c236316b87a92a620b2,686165950.0
f5006b435fc92111d55c0603,454761500.0
ed70b749e030cc8715c0eba5,974613700.0
2a9bbd878f3f45745d76f059,646937200.0
503f33d11f75b6b5102ba4ad,427143700.0
41479709513815cf5fc1eac9,818312300.0
0181972aeb6bf451012a47c6,832463400.0
0b35c4a3f20cc0eb751acbac,401419780.0
e5de98822287c2caf8b209da,685015230.0
f3d82ce1c6fac06e4997f7ba,527615070.0
8e17d7d78e7acffdcb04d982,646578240.0
f1e7a0c7804083963b5b6de6,422421860.0
918dbe66979d16b147bd3322,631562900.0
35dedbaace193598c9c438a7,382503000.0
e67fa931031bed13c711ad00,556862460.0
eb2bbf82cb615e3227305b55,397675700.0
e8d83f7dcb876d5d05ae3e98,817563500.0
2be93bf5132bb788bf045c28,449761800.0
ac2b1b560e8bc4fa1deb6f87,598951700.0
674ea6932fa9e6b7581479dc,509311650.0
4893b21db2d6aa4417e1cd1d,983095500.0
2dbef742d0c59d21ad7392e3,873241540.0
fc16776abc877decb82a5954,1143065300.0
6f84d405f419590075610c5e,511035940.0
52cec2691ff635031fce9507,424470880.0
830b1a2d33f7754b9acfdd82,635764030.0
fa908c8dd43fcbe9f721c0d5,1068423100.0
90c3b93badfe7231410e95bf,830004350.0
60a495b86d6eff1e345ecb06,493290700.0
0468cf58f40372acb9d5fefa,891882300.0
c523380518164e1e317cf1b8,769274560.0
142cf530f13cbccc3cc9d0a6,697387700.0
e0432ecc0c1fb2b00b5435af,503359740.0
3af3a702988bfa0599727982,798647500.0
99fad8a7877c57c0af05b318,667263170.0
b57250de388b7172a39dae8f,1193179100.0
42fa0158217c9cb820f2a06b,591730940.0
8fd452d3f5f1dbb3b65f5274,1053698100.0
27881ecd655786b093349ab0,951216400.0
38029a1aa22c0a5beb065edb,919733950.0
6750be41e08a725705256b0c,1142439800.0
90bf218565cd67ed83240033,1124236700.0
c6a089a9bb326c22e3f3aaa7,895390140.0
ede08c77d6090e0900654eff,1157419900.0
2f7784465c1c69c8f786a0a9,1465604500.0
5943151d9a76010179f6c297,539677100.0
82a3742862a06803242b703d,821616960.0
b815204eed4398e600b366ad,900839230.0
11c4dba68fb47eb9c49df169,534313200.0
4ae7dd50c6b743bd47340f20,707936400.0
d81a040e22d541a74122f3c3,390686050.0
34c84d0a410920c303ba69f8,471700670.0
6b0828221f9cdf5cf39e7c15,421995040.0
c50d5b4e75f165eeeb2eba97,665292100.0
572488a9a75f64434dca5dc5,487712030.0
0e67ae9abf1e2b2f66a91a28,656620000.0
cb00154afcad81df60ee58f6,593973300.0
75801c34fb510d824a7d8366,458999230.0
98f2d7810641693c44096ada,802768000.0
1fb4c88bbf995f77f2f29b7e,679505540.0
0abc98f7ea1e477c6fe3425c,966275100.0
b3401023d3097815687d1160,766342660.0
f1ef14babbc4123c5157eb9e,1016386100.0
ecf47573fe1ff641f6914d0a,1209657200.0
0ddd21dcfe89f72e2246ed79,488164320.0
402f18888d480f5af146daab,476355140.0
61b3bd442f6fc8838e2f45af,661655200.0
c4eccc400db2dc9627c9879f,724366700.0
ab38b4fae64ab90a55b5a403,615407300.0
7f4cdc01f9086bcee46d1d6c,919579650.0
1be9d865ac8d01f0378bc148,1202941000.0
f2f43244cda8e2f5219f3db8,560513200.0
89ca905d858c7731313c82e1,687008000.0
5bbd0476c27c53e2bcaf9462,833869800.0
7e177acdec9c0fe684d8fe44,587889200.0
b764bb8ae8ba0d736bf54f5a,395540220.0
75f6d6beb64d846d965fa9ef,829354000.0
b5293710d0cd75f95de001f6,369263900.0
8b8ec04a78d3826b2c8a5754,724558800.0
e35579e8b9b24dcccf93abba,549782000.0
db5e320f51680100f1ec06f9,338898270.0
59be3c447844f31267366cbe,496749200.0
0f3b424c398a8e8b53162c37,894804540.0
57f4a3f6fe2e41ad97116002,545417200.0
1c6038b67a40f0749a72e6cd,686556100.0
e5da0e3919341762d5beed25,564785500.0
40efc0dc313284d3b57492f9,733512260.0
601da8fc375ba0b3df3b38bc,1075085200.0
61a12496ac1e6f39c5ac5d3b,1291288800.0
8635edb61b1dda6f4742cac7,1145337200.0
ce12b48120daa5704a4c81e2,395102880.0
acf4d60dad7953065b59ced3,838934900.0
56e3e7d822e13838ab9f85b0,680352400.0
7ea2c18341f69f21b523906c,823719600.0
dd2396a42097b2e8bce52a72,856367900.0
41f99600339a7afc8e386e6e,721912960.0
b2d160f54ce5f98f46818e4d,1003851460.0
00dd36caffef00fcde85b235,1059979200.0
471bd64a0576aa67f494eb98,1121046300.0
79e307acac5f42f2696b0436,1071574200.0
e65a4eec62e2a5bbfaad5565,693390140.0
4845ca0d30483b36bfa55061,768837440.0
6784e116d96e03911e2a07f7,546038660.0
4184fd9a546823ff1fea0b74,661276700.0
616a5485bc7721ecfcc21c70,386390050.0
6ff3186df9d15b65dae5bd17,388575460.0
886706f32695891af743f986,460319580.0
daeb02020f23715e663b4a38,703076000.0
93fa1c8ebb75b77dea76ab99,1037273000.0
ab25a6737b3ee0c4e9cf4ae6,621995650.0
c5641447732d3d1269965ffb,1147372800.0
86b290218a62d0c51b099a08,972921660.0
d7b82133acf54bd3eac338c1,1371683600.0
10fbecd8de540f1fe4c57b7d,406025340.0
137baf1609138c6ca2715c7c,408400480.0
f5534949a53bef05de31b07e,520502300.0
466d4240af2cfd09a31cf3ff,572411700.0
7478693f3e7e8963e95be8bb,427052480.0
6e537e91af0de67558bc1ee2,644469100.0
f5b0b51ed49be034c290efd2,901207000.0
a4885ce6808ffdb878c41f97,516243900.0
a14506a4800c27223fc34728,840889340.0
e8e97b7919856f9cbb9ad02f,956762430.0
e16685dae2bd3b0a4803ec9a,877825540.0
044b8431b186eb022cf6fc24,506432700.0
60de8c37c9eb96efc432451e,979965300.0
59b88e154c07bb7c0ddb4e8f,916744300.0
71590ac868415f3a185dc15c,717663900.0
6388b4cfd09e2b1219268cb2,702052160.0
f865cd15368fefd8c9d6aabf,762550300.0
ffd916080b1019827491de0b,904642750.0
6b8ce573bc2ee68ace26a67f,703076000.0
7ce704ef5752dd496a61d857,1037273000.0
6b1a1afa055c15908a855e9e,612264900.0
2a9338f62c99dbad25aec5d3,765699800.0
c2282da3ece2dca6e8a3bca5,1043388540.0
5e6324cfe41c3676c7d0a5da,580596900.0
f1a4afc2e543ce4260f1d781,1167606100.0
5d17daf3e98cf433267d978f,1272169100.0
d5f41dd3258aa346367d7725,489946000.0
da35c757f211ecaab20aeb3d,533214720.0
8d9cd237c737f6e62092a08e,1078377200.0
9dd98816533e4ca8516a5474,1324515500.0
27d14f352b2983177e836e3c,932417900.0
3dd4fa53bc59e5852f9fee98,1270651000.0
3ca74495aa9adbd533ccfb96,1022651500.0
dc93d8ca60d60a118f61390b,539808900.0
dd7b4c374bbbcc60bb090fe8,581119900.0
f925a05397ca6163230f7ad1,567627900.0
66a59937c54eff29ab14b474,1005850500.0
077db8e0877b924d1b57ab1e,496468830.0
aebc3c6079c1a80f8b2f1c7d,697008700.0
ae41a566826a10d5a6768d36,699132400.0
489fca3e6dc044412d00cca1,801675460.0
fc2f58cc289d29fffe8a5fe0,791847700.0
59519bb6d5d299ee0b767224,644820740.0
19921a97a52bed6c6b8f4135,806688060.0
ae08b7f31e69fd930ef4c832,887214800.0
1b67fbd144a4a3ef40bd9824,581605570.0
9e142165bbde850d4379a49d,656088000.0
d3e971e2e224a20530ee295c,809755800.0
a672cd6c8c284e14913222d8,731366460.0
93086ab3e32aa9599708382a,1029279400.0
63773145b1a896df26504b0d,442906300.0
17707d66753c1eb0aca28926,455581060.0
6a2d4d9a257fdfb2ead837a1,405637540.0
f9158cf51f5e9f644349a774,488931230.0
c09c39339b5bbd48f349a430,630719040.0
d470d84f5d8299c52fa24499,486883870.0
9d028997ff036c154c3fda0b,891974200.0
40ce7321869b706210eda9da,600068860.0
3fc826461ec4648e4f7877da,718633660.0
0e7dbec40eab1b3e5c6bc665,958274600.0
81b3256980dd7d7f49030c78,1178734000.0
fed2e1459e9ccc06943a05d1,1387497900.0
c535169307e21e5df7ec88e6,558763700.0
d78d84e4e42f145e02e423c9,586560830.0
3e523ee3a6c2d89436539792,586560830.0
5f2df52db15d2e0ebd327a36,543856960.0
1c1ff56435675288e78c4735,520078560.0
ec4226205a38a45d97f35828,984910400.0
3214488a8fa9cf8b3dae877a,670217300.0
4a4fe76c58f5735ce6b018aa,850381300.0
ff3696c808d4835d6c7cc9e3,794249700.0
1aee9081ac4a04490eb3f0e9,919334100.0
8dd954e7312e6e6a07d6d4db,559910600.0
daa52a91f1fee77f75550246,643542900.0
a4ad34eb244e48afe23a780d,499516860.0
0b4b741487c001323f508d5d,586560830.0
cb383b7a746ed55b21a8b245,809417600.0
4b092d4d5885cc224f6775e9,395160160.0
ba12305002d24055c159ed34,390628670.0
bd74d43d99a240ef4190ecfd,520790300.0
4957e0b129c5caf47b026c58,552368800.0
eb270972f0f69f1671a0a740,939673600.0
d51d3ef396efd4760c979de4,471233060.0
ac65d147ee69785195ef7da1,781359040.0
53ab42a93b6deb152951f82f,1070750850.0
5826567e12ee3192785e36f3,969145200.0
ab64918f2b2b4646e87297c2,1032382000.0
88b0d688281db2ef0a782921,1285347100.0
dcceb6a2073faf9f89f3431d,903187650.0
73bf75d5762e3dd30fca7b3a,852146200.0
a45ba5d63cd1971de19c25db,1045809300.0
8467eedcf9a48fee0d72d95f,949778700.0
6184f12f3a903658f3319290,627150300.0
92ab018394a5398b832d0b97,868370050.0
e8e215437d023387c4a55515,880347300.0
7b8a6949d55b5bb27c3c6839,744246700.0
33f1a7739cb556a78af083de,1001766600.0
39c6bd862f908b7e8088f0dd,970329000.0
ae556ff5f318b73d3b29142d,548938500.0
e2fed68e0b614e65c05200b7,666173300.0
c62a4288a4a0336b1436132e,633871550.0
f23b32fa4894b6d59f73c151,1044260540.0
4ac4fbcacef08524ccbf3623,373523330.0
5b5bb8156b98eb51a58e73bd,449471940.0
53fbed4f9680917f0615ae7e,463087400.0
730b528617c2841eea5addaf,667348400.0
13d08f7e14471fcf517c204a,472790560.0
da273cee807e254fc9aabb9d,809902500.0
b8f7bd85b61951ce83d7f57b,1285464800.0
4954ce465ba712543bdf34fb,442868300.0
b7483c951d2c19de665f07b6,400094340.0
913cdfdd62e35472522d0a6a,640809100.0
be28b90a71e2922437f25110,548759500.0
b71857f1cc385219f114035c,487553920.0
a72041a40ca87928c695b2f8,612992830.0
65a626faaed9d9e3b172415d,640809100.0
229bcf400e309619268dda31,612992830.0
367bc4fef78a9800f8616d02,612992830.0
dc0ac888f1e87924e3994b4e,622666300.0
6996e88c10a94d9ee7d05357,521620380.0
cb8fbae1b4141461127c97da,1027098600.0
d2de34876a7a6914c2dc479e,870693600.0
c666974c4303d43b87714c62,806071360.0
e8491a7994738d098a7aede1,1126398100.0
9a6440e5318b2de28b180a2a,1492531100.0
9ebe11eba1a88fcb24fcd141,504620930.0
78b0f0bd0494fba0293eb0c3,690308860.0
047b0ded64dcae203a3015eb,710380600.0
7b95396ef4d0e97de8fb4986,951762600.0
08f1c136d5a456c0215ebea4,880429630.0
0880b703bf2064f59f2bf20f,870441200.0
cfc069bd55e152e40b3a1391,998702700.0
0a00771ee714a2f3f96c31a3,625560100.0
06acca3d0ef4685dc055ffa5,397902600.0
f802b026db4bf9d68cf00b16,412730900.0
4aebacb9ecd0a117307c7841,1070179200.0
81ccb7e0255eee6274f5d930,1258118000.0
cd17bb739ac79f80d6f651a8,779385400.0
917829a0aba571cbe794838d,586194000.0
5b83b73ec31031582aabc527,414795460.0
5e18ac352e3f3119f5f9197a,1128342000.0
b7eb15346797508f47ae094f,719215100.0
5ac98c971b9293bc6a8a6aae,993840000.0
e196b7cdeab1468d5d4e07c5,1322213400.0
0ea201bfd515584bbf72f902,1015845400.0
d2e6ab3b3106f36f2c3fc119,367154200.0
59db28ba77489750903261d5,503909200.0
b348c76e55613f53c8bbc94b,992949500.0
a1e38854d6725e9c48c128b1,391178180.0
b86c526fed01211fdbb62815,1039330600.0
1d2b83d973547da8c168f743,654799100.0
0fe3dbfdf25d4b013b842b51,586552960.0
71a20a4daea6d31de942b2ce,1124785800.0
35352b370a31d01748616b01,945585150.0
27942219389ecffbce2e1d9e,1092236200.0
62fbacd4e172983a2a998daf,900373700.0
00c1165df93a4cfe679f54e2,733116400.0
207f669778ed0db0e619ed40,571244700.0
5ca0586ab7d20dce5e9ca8a0,712962370.0
cc27435df779f16e6a62b0c2,1107003400.0
7a94d3d31471ae313659aeae,914627500.0
efebd19fc5a2ab30f2ccedcf,611147140.0
8037e40c0c8b20ab6e0d4b78,460452200.0
5ae3359bfe2a704de00e8801,556381500.0
a5587c93c012375dee920f71,693567360.0
ee7f7d547af56773a4b0afaa,878837440.0
9ed988dd6739eb7ad7aa5a06,908736200.0
26c08d7331ae19e1934a22da,802076160.0
767024c66d3a88bb18407b6d,772344300.0
6afa85ee6594d1c8296f04b2,649776500.0
551ca6ad1ecfc7ac21f8ef0d,898068600.0
1f79204a8f62c29b0a1b29d5,430393660.0
3dc0fa238745fbc31ba88853,379210140.0
4bc3f597867c6844e9b47fc9,362505250.0
53973c17ea7e89fbee5e6cf4,352229120.0
05397b2087e5cf381809f169,551482400.0
584990ea9718bb5598495061,368547620.0
2e7c6a89d2cf2d835839f5f1,722986430.0
5c02d79c59fb636ca4cbe86e,443645250.0
114436e00c03b44096823522,903179000.0
60caee98c3cc8526d16d7f44,438364580.0
8207612808b5947f2802d2a6,719318000.0
31a73382ae20331521bf2e6f,894536640.0
c58947cd4f238cfdc0007bf7,1411360000.0
a7ee02ad2a4fa122799a2dfa,1288683100.0
c77a63e92b9f727034913d8f,600350460.0
56c6bf831d3c6737e3844969,580893800.0
73ec6f4da3c277958cd2c228,1379728600.0
7dcd1916c0485e0b80f9eeb4,960538240.0
cafa94c4a56c23ec73ee9071,998434200.0
d5ccfaaaa739b2bb2b3d46f7,543482560.0
e6d2e862f58445084b2980bb,1357581600.0
62f96ed5c1e5f28117949a23,419661700.0
20d8980a4fa8e094b7a5f00c,419661700.0
0172678cb0737e21a317eda4,485191100.0
6254ee88812e303bdedb8767,1277370000.0
a812ed43db71868625b351bb,949786000.0
2bd1c70db60a44d4400847ca,1106805000.0
b057dd8a9c2082d1a78cba88,416956960.0
2fb149a70fa14ac05582ae69,568577150.0
47e282cb12ae01243d713178,433720480.0
ae47cf27964393fd56a52d7e,832520600.0
21642991a20d6b0d17dea2bb,497827650.0
43b10ad2660d7552ab6c3b10,749753540.0
64e5093d6bae57e8b4298123,1032015800.0
9d8d3e6fb432174770c74e71,1122544000.0
9f2498c12d7b41c213bec0ff,429835000.0
6461c0a03ad3ecf2f8112759,765904260.0
09b15382686c42fd89b24285,1029116500.0
da846b08fe2205d2e2a3dc71,470615070.0
2a89ac6511416d0920f1b9a2,1378150500.0
3e9083411c44213130b2ece8,696107970.0
0f0df5694eb388d843e1f17c,449177120.0
ee6a288e644183bb191a6526,391684350.0
8f570610ef199a3ecc49a0a5,667797900.0
3115e2391cc3a078b5e6066f,701435140.0
c7e45098251c687efe670815,541408100.0
8a3b7f5a8da339fe19e8f138,1082362500.0
2f801cf48edb712627196b2c,635661000.0
a147a8c29757c5d0c592d347,593427460.0
86b0aa633bb16582bab5640f,642898800.0
c9620e3e2dce92bf95c57c6d,674285700.0
b746e4a5c9d04cf4dbf887da,932930240.0
915842a8a03914c08a6607c3,498404350.0
e9e6e054c1d09a22b7efa20a,688000700.0
4b6fb9b705d80ff350bd620e,465374530.0
9a51784f33b0cdfce8312163,748563200.0
176c9a90fcbceb91569fa3e2,1080450600.0
c97e70a767a3661c4869bf86,790712700.0
a6bdb6221b88a24c9f8381b0,829244800.0
0a1e6a95a0f9598150c121ce,1283803500.0
37d12acc69d0e3e92420e62d,760835900.0
d433ad6c3cdbd707e6839082,794943900.0
36bec92975612d091a3c78b1,837448060.0
3eb97ecf8069775b9104af85,1176517000.0
9aeed339b2d916cc89f38bc3,573058370.0
f404deec9ec16a8460397815,600896900.0
8a0114372706f30bf6867a2e,974771700.0
681e772045fbee930fcc9ff3,1322556400.0
0816f29a68aa35abd5978e7c,746723650.0
670fe8f7b8ebe006885b2777,858973800.0
d36dd340e5875df6cba999ad,990369540.0
8ae869c5033c248f881ac313,1311636100.0
294b04da3eaabadd55da9c20,1140885000.0
17b360d57782208f5afdfe4b,1183415000.0
88ed5ebb575d026f8d440c60,452643070.0
e611a37562f88ebe07bb28d3,490243230.0
e685650979374c571dea2ec1,432507780.0
10d47d2c73f0ccbc97979bcd,596315100.0
fe96a7d758a874b1f0c42145,496993700.0
a7634531887e969c9c5469d8,372541470.0
42f38b1b2dc077c88a746c1e,438364580.0
25e832098d9e6e7c2f9afe2c,771546300.0
b7dc47c641b46ca99fb83a0e,942569000.0
0391d158ab104c5cdba31872,779514700.0
a3c4d0ba7b85b9a6370e131a,1038234940.0
27721beb237824844adbc289,1017883800.0
6e807e25b64bf0de81f51c12,1121829100.0
d2637d64e4022075c8f539e1,879221400.0
faedbe92e3296977872a4aeb,1489823500.0
5bbc190cdc5ff3296801ac0a,640719900.0
9b0abbbbfe0bc85686304ad6,578921660.0
f8263893418eb0752dae48f3,458937950.0
1e73d6064abab2cccdb6610c,445621250.0
c0155096575af5fc8db843cf,363604900.0
9c7f7b0ebe440f60d3bd478e,458937950.0
25187d9f4cfe89a525ef2493,448789200.0
85815a09bde2a30e296f65bf,442035360.0
fd45b984efcdb0b434033fd9,408647500.0
5dac2d2027b6c81c1b7ee3a4,445621250.0
7df538c0c831520e6d36e39f,469512300.0
14b81320fc31c7a513242171,455427260.0
8026e480ba395cfe1e09cec6,455106850.0
80bbc51dd90d131d091521a0,406931650.0
ae6ac510d3e46a50ef24896e,458937950.0
06b90d41ad3ce1d0d389fea9,648798140.0
8d911c1a195567dae3cad99e,515771500.0
2876aa9ef0b44e43084393fa,536473020.0
76556774906f9e12b319c232,541705660.0
9662cce3c4b92d1c99849899,951419600.0
de3d078e5d524d8a7b65841c,668521800.0
547c8638128424b89d602f50,1114339600.0
c8a3dc3654c53cf66953de0e,775889400.0
21c8b93e50ac884e63514f10,1187575600.0
49a0715897795017ee0de843,574932740.0
5d646ababb10f51c141e0d8a,619470300.0
da598f8a82b1ad1b02961cd1,858102660.0
84d8f7109615519f2ab0a48c,938210500.0
0d027b81f8391d73fe0046aa,748928830.0
079bc331430e94ee76f8097e,878643000.0
61055e6eb1910507640ce6b4,874014700.0
3f6effb8881ea683838437be,913860300.0
92c8d6ee8496b91821d7ba3e,808664600.0
78a08f21f7d7c51ff4d5b8ac,961073400.0
f7ee7282cb9edc77740f392b,1276775600.0
694b0a500f1619c4ac4c85fb,863744830.0
13d43933e04c3c7a9e5071cd,1054365600.0
5abb555cb9d65db8e6c28201,477044320.0
ee8103b958673c589b9cb27b,1116085900.0
5b3a467a3b0feb8ed81be1b7,1248960800.0
e570a5157e02d440a78ca008,707555700.0
70298b5e8fbd66aee975ff14,598149060.0
2b552d7b1a1488dfd618b120,377168030.0
f4ea9c80fe71a1bd0b692475,941510700.0
e6a9d5c9a82ba73e76817a81,597629060.0
9b58b5c993540ec3ab1e4a0c,443258720.0
00858277a3cf4f31b8e3f738,728969660.0
d937ac866f671e4a0c090879,979341200.0
7d02b3479cb2d89d55bd4fe7,756984100.0
bf79649b531e876c5f03883b,494580450.0
66a2ec5aac8969b2be538c1c,756984100.0
7637c251618135e082a9e2b8,806199000.0
e8c9070ca596f88bc2e0868a,539867600.0
64adcb2941e9553ee394caee,470223870.0
0bc8475715e42b752649b4e6,363270750.0
956ad3b1dcbe8f236efe2d2b,576872600.0
dc81900a751b64dedcb4ac39,666295360.0
02e52d3895522d9be85c4544,611035260.0
49d6752dd196e7dd583baf44,431419400.0
8364aa431b2e267e41efabc2,656881860.0
1b59d33f9000d2e1aad46239,400953000.0
74a791baebeffcb7e7b917d0,730856060.0
0a3911a1a9284f2ff81689e6,566076400.0
6276bb8ceb13d174b8e405f0,378043100.0
d573d2caf8c67aa32bbe592b,428982400.0
57cafce17dc4de3bf8a9ba90,986933800.0
1dc9e5c684c831b204d21585,962561150.0
48df432642971a97d3d4bd45,787868900.0
4902ccbe8456d3f0a29e5059,471366100.0
3a810dc80d3a63f8cf106717,911894460.0
c9859204696f3440cdb541c3,966020800.0
349fa9cfa15d8f8bdcbe863a,1157344900.0
d0bdb51c8020a37fe8344650,820200000.0
7b037e6e5d110999e51b79c9,1037166140.0
f677c51266f5ada9e23f20eb,411146940.0
1b85d69a0f8ce1d6ac4d4475,442005000.0
4570a3ca0571c70657b4a1c6,1247253900.0
de32ca7785b71dbcc76a50a1,854610500.0
4e3cce6b581e74879c2dbc4f,461740600.0
09c4d4b5d1c0118d877d5734,618878600.0
b9809baae395914981a9296f,776613440.0
fa56058283c975be76d7c990,821325600.0
7b32938ebf0b1b167a3d2d20,626695900.0
bb38c1c17612ce593e5ae7bd,426034700.0
bf0485c2e267d06b9b1d90c6,918153000.0
0357d0ee6e0646113ea543cf,623120100.0
ddf5182c482fca7d881fcba4,876838300.0
47e6a61fd652a3dd37556ddf,839451900.0
a9054883a22542257c7e778f,391623100.0
d7c70d831e88d552da09ff29,1027104500.0
d4d138bbc80a0b29ed28a4d6,611787460.0
dc9119767bf4f21fcccdcc69,827292200.0
e8caed8cd754b0e3d43e6954,874523300.0
033307467830cb865a785e3e,700384300.0
5498b3e3ca091bb81be87166,690522200.0
bcaded180edb36336c2f5b96,930648260.0
ee4377ff95580b93e80ae08c,1127053600.0
c25e1e289cac1bbbee489122,877954500.0
7e41d90a838048eda035fb27,905039700.0
f418efb887a15127cf2563b1,589945900.0
93b27fa67eae8cdfcb846772,858127200.0
6a42271a0b03bf9a856d1acf,383198180.0
2af9e271765438a47fa7e7a9,332549470.0
11429e0923f804d7dc5d27b6,965389000.0
c218434cb0b05ebcef935e5b,933343170.0
a98e4f4db7afb8a6c9f69400,536475040.0
3c35c8993bb937164ae4a880,975925100.0
c23a1372c81ba03e6dabb0df,562880900.0
cb332695a296899d1c798426,783065860.0
2ace3da2fc4e0c022f7a8755,925800800.0
14f1bf9aa68aee1ac094097c,576589900.0
649a2784beb9b821d36179af,499916220.0
6bbb8f89bae38eff88c89c46,514467700.0
1905b860a8d463c3048b4e46,502881820.0
3ec50faceb434f716d73613c,1321742000.0
99543a17b33ab955d03adfef,817825540.0
edbafba81b92efa9b1400987,1043545700.0
9b3846c7abf642e0a6220e7a,399814370.0
691c35e98d0d5780aa82aa06,744232500.0
395fbdeb9f0c0586a2b20edc,440588400.0
4803a3aedb6c20eb194469c1,520343500.0
bf95acc88b60a3d531fbd42e,476055400.0
b936e36ecacd7cbc3498cee4,456376830.0
293c8a0a4a358fe7554a4ae1,538957060.0
5a72e2a62121158efe59069d,489723620.0
605276b332b5e5984b83ea8d,459916770.0
d3de7e975a9215d04567e467,598507460.0
44b623f7fca1a306560172ac,641183170.0
9a6a8802cbf3549870c55031,441549150.0
f43c684b789900c58c8b5fd4,598507460.0
dd7ec9d7dfad5364dd303f49,560119940.0
506f2b1ff3e4e7e43a5596f2,659782460.0
090d371309090bf83b6fe0f1,661831900.0
886be9a1881866ab1f300533,632626240.0
ef34f331871e8ca6573981e1,576412800.0
53bbf1d3345eabc2a8b7f5ff,831876160.0
5bb87c8d49ba8ae67a659b52,900009700.0
21dd47ac3c4e1d6bd0ed2485,862541400.0
f59686ef2740247394547078,960355100.0
8fac177c5a8b4faa21b33138,470699460.0
b2bc172a3ab25b8caef50189,953223300.0
a10055de743532d7b7bd29a0,1077283600.0
c344e3be381326a1b6cb5989,926802560.0
3fa4ef366575bc72ca5a0582,929130050.0
e9205b722e624eba0fd36145,1490755700.0
e75699a7693c678786ced75c,596889700.0
23208132621583ce4a46de77,1104042900.0
558d9e4b57fbe6c7e0a09a95,1033853950.0
1a6ecf722b2eed8cdc19ba20,688293400.0
11734add51785f1ddb999c5e,652059700.0
82c9ce0d018c1d620b7a6689,568641100.0
80d95b058cb11ec829b5ec96,673535040.0
cd89201cfe3fa19a4eb14bf1,862541400.0
d0a5f33f0689445e22db6626,520685000.0
c7c99ae9259b34bf9b8ba799,451144200.0
73806685dec82cf637f19384,491893600.0
83007c444fa52b34482ed55e,562939970.0
e08561df5747246d74136dc4,495589900.0
5b0219cdbb8ed527aec91659,971577200.0
119805b72aeb50f05d3a5bd9,1075200000.0
fd20cc372715855081e24eae,1037441150.0
e4a021b625f4ffbed391c6e7,868487700.0
902d4fc2c44ae5ca2703426e,755737660.0
71aacbd62d72d3eb29a744dc,712210750.0
7290697f96d8e2101089984a,772099840.0
314153750510e92ddcecf33c,1194811900.0
9d576cf721ad30ab1a4fd554,452857250.0
50160783a9a0503df5a38dee,606587840.0
0f4abd70b68453d3500eebb5,417281570.0
42cde300d741cb134a529031,525612220.0
1e9cb258a0b7e08244d7fcb1,644209800.0
febc9a1b054671445d756cec,779140160.0
39351adf139f820864dfe8f4,1309741200.0
b4fac45659e67d4e91fe65ff,390686050.0
fbe555f6bd0edc1bc950d9ea,1258415600.0
67308f6bb80d2a203e306104,424293630.0
799cb909791d43a1eb305eaf,535932000.0
4354c1b6b27a87c451ddaf36,515977150.0
0b937a3ea4864896b744108e,385483170.0
b96d8b77fb5ba71ebce2fb26,581752000.0
f4b1645da3f4286e39f2fe4a,829866600.0
a2d1de4211aff373009809ec,584597300.0
50b619ba3e0b2a4c6512bc97,794040700.0
3d57abd322b0077efa1091df,961174200.0
652793275729ff3b69e86072,587656000.0
1e2270f9f49aaf3be01dab49,1165732600.0
99970db787f55a4d1963942e,374436380.0
801d821fd6ab7ee01b62a800,683660350.0
2abd46909a251b8ebbd37133,485703140.0
20a783884d6bcf1aa5697772,457331870.0
2fc38ab2689eb24f63e32efc,1084952400.0
1f592cc4ed728909040f953d,552469900.0
d1dca15e36fcc5ec14dfd870,552469900.0
54f7aab6b91b48272a81fb47,552469900.0
b6d84e7d569d8d0f0d0c9066,968899460.0
54d10cb2a44179fd4d726f1b,846864000.0
341c307eedfce3f735f4a63f,713800500.0
1e057cf20757627d1b006141,392008740.0
798bf22408ef6814759da1f5,718365100.0
9ef3691cdc2bcece41b47e78,1014292600.0
fd5793113661540ee34b8cb8,891603400.0
9c4ce4e9f12764544cc8bded,944372160.0
542b5322e59a3273e10dcda9,1109770800.0
af578bfec5d84cc2f4ffb8bd,924923600.0
a310528e34207b5dd813df8f,826807940.0
ecf5c9bd618e3976ceb5697f,1262230500.0
d342a1ae299065045a957767,1330014000.0
f5dcdfdcc8f414cb7a38309f,652124350.0
4090c1b86074c8e769cc72fd,621055550.0
7ef2d4777310765d0c8121af,838795700.0
39222ab30001b3cf45b7de65,614691700.0
91a73bedc30e0c2acd95d6eb,907392100.0
d1e6d6900eebd9ace65d6c36,575605300.0
592c9c45c07388359f663219,479952060.0
738111512f5e5052927468d9,947336260.0
0db51d4771623f5fc1026d74,468047700.0
82c9556e19072558cbe3a7ff,457176640.0
c1e51ab95336a51885b4c672,591802050.0
0eda675541a035b1f620ccc8,926049860.0
cf379b41b70374ac4cf82dc4,702162000.0
d90c961aa01e51d63e50a2de,812725100.0
990379c9f9f210206c6f1916,1174342300.0
f8189811dc639d760937df95,685181200.0
3d1deb639d94b292552a123c,466096700.0
43041a793a13a4171f22e492,721914400.0
052d00805b2602cac76fed4d,595194700.0
c76207e622cf8a208910707a,476444160.0
ebe33bde2abbecd6d1fb0cfc,626811840.0
2e23ee2beaf5293f57a5c504,420952400.0
abbd422c412c2d57f5df62ba,463843200.0
648217f4d8b5e0e65dea066c,790323700.0
52e7657a539be5f36f48bed8,958446460.0
3a276f0df8c12422e14107c5,1061118100.0
dc537b5973d2b94acf6f23df,1257271200.0
0a41279a5ea9b92bf8cb79c0,1000481540.0
80ed77aff62d4c57ede6ba94,638396000.0
1fbc660f780245bd72015f07,696711000.0
df1f513009808ebd46ec0847,710962100.0
58708fd9e83147daf1a80c48,415673760.0
52b699f9900d81ae85ddc7d6,562798300.0
98c5b154ec80083bf6f51835,904642750.0
588400f7829874f9de919e39,595260540.0
46a2a88ef09b2aab932ea02a,656645100.0
31474c62a8f39e250fb2882b,1090317000.0
b40873d316de1c295f2a97ec,422412200.0
bf4b8b23cd87377169684e98,853678660.0
a34b3b037805f2ec489a95fc,720896100.0
963985c57392ed0423d74caf,756392400.0
a93a37e4cc75c069e14ffa00,678010240.0
071f284d07719a3517c55567,809291000.0
5d030db414b00948ec10d18f,437656130.0
6e57de8c4ec2e42832cd4b09,859614660.0
d9ee40ccf461ce3e9ebb815c,644983100.0
ee13d186a24af238d06e0c2b,768468000.0
f27397321c007765244e56e3,886577000.0
959397711c3f452486ae591c,1050747900.0
a41222195e5c7d7987dc3c7e,394098100.0
ad14cc63c36789bfc1bac0ef,388242850.0
79ea72e7b03cfd4fdb5219b3,546114700.0
cf68e05962a41395844e9c80,626060300.0
4a20d03d09fb9d0ee5565ec9,570053950.0
734c9446d0674b8d6545bfef,927801860.0
d9706de7190ae64c83e65769,738277500.0
b778282fc4b9c43055629e44,1285347100.0
a4d4d6480b56d6198c0120d4,911148600.0
7557a9bc12cf0f2901c00264,1025724350.0
41376f69b086937257387f1d,942434240.0
2910f3631d1db77e4b61f8b5,629099460.0
3a8a506c99ede47ae2257e87,677097860.0
25d89911e830697217d460f5,573686140.0
365a227184022e99f1d2a816,771141700.0
c6e34cb4e79a729a5df4183a,927513500.0
c5c3f06bbf812593d1b95a40,1122437000.0
acd6ad0081960c0f17b144dc,1034161660.0
344a104d2210954497a5a388,783681400.0
c0109086d0f49aac6c3f3f18,744728100.0
c42c99f5da3248e7bcc73fa7,859257300.0
8e1e9ae57400052cbbaed9dc,1217464600.0
8cdd55d191f206b0841e56eb,610107100.0
c1e0b47866cf4a0120e4b3d6,546179260.0
45a033d121ca5afef24161ba,748025150.0
bc834280fb45fb308d957640,465728800.0
9ddc14c8e7fe7ffb078e0019,1023096300.0
7d66238672def6f73c25247a,707607040.0
2c12cbaa1f14553c1d41b958,340196800.0
196969a98960a68088266261,562798300.0
a5a3cab55661982b7d30bc78,536893700.0
6464d5cc161ac659dd963897,360203900.0
e9f44786cf982100af0984e4,986606340.0
6302e608d8f37e63f4e5cc27,445259330.0
ab614a5008d68aebe34aa201,633481150.0
06bfbccfb3ec0b1f65f4b351,966332200.0
f7f46ac9158f0a1edd01709e,984606100.0
6e233ae6294318baaeebb59b,821786240.0
bf6e713a689f574b532edd4c,1092590300.0
a7e97bdf2d4f2f62f9889c3b,623571900.0
784822ba0060eac9358cce22,469993440.0
13c51ea93d19df6c273a1502,513562780.0
176e00102fb65cba56279287,596385600.0
52e5904902e4d75ad87afde7,1073853600.0
728ce22c8db9bd0abe3f20a8,1159554400.0
e8bf121ec117e383c843bc51,1464766100.0
878ff8ef3c862929bbb19ebc,868688100.0
ed80ba018de35d5d76d50db4,1117540700.0
9267fcc93ae3b6df8c12d9fb,480748220.0
babe27dc477f5e1b7e438422,544651100.0
a4173461aa676e09227559fc,357006980.0
f0b2a0602bb5a83f0827ac75,852203100.0
2da346c00d6fc39268f12b82,780066500.0
9ec5fbf8767dd0d2744a79b4,788575550.0
c85e9bd6e20ee2a883d0a7d9,392728670.0
191cb509fd44e580ee32486f,737869250.0
053d37bf1d988505b5e91809,608228300.0
4d3a66e028dc8f3e9ad9e9cf,813390400.0
c75b265c0eb946ce77e32ce7,896153860.0
d233eb8af3ef7e325f6c8f9f,401135800.0
7f7f5313341b3ca499968716,636762800.0
4fa51848638f4437a3e31682,1224588700.0
9090236db3ef719edf72a330,1487157500.0
4dacc190eae91b059dacbb00,1182404400.0
ccd2f6ec8e9841f1068b7c76,518953900.0
a354cdbaff42acd1a0b5d82d,705355300.0
da8d3092ed0e085a83a7d67a,812258600.0
1181e18553eafcf5edf6fa05,558031000.0
5b146f1914acf2ae78360fec,745393150.0
a0fa0aca2f6c2ae65a98ccbc,598533700.0
038bb35043651579f443c481,953110600.0
430c46358b85ad4a741c7187,405162000.0
4becfb041b0439429f2cffb4,486507000.0
feb87029d5a2e8125e165bef,419917920.0
61ffbbc24b30698ab8f735c0,444204930.0
0e3067f71dfb9dc2e03bba59,465023140.0
b8ec643c66478da376153333,589075600.0
c8bccdccc9186136a332e995,1085701800.0
0f4765c8929a87746217e957,1109309400.0
68c145df0ef91fb4d14d001b,441185470.0
e5b92a0c67c506ca6e92315a,500954720.0
a482103965890c922a66eedf,766393800.0
1d917f9f5a3cd44cc4dc8d2e,578039000.0
4cc968db25c2cf03991c0041,613004540.0
91ba0c5b21b52734d1e244f0,653548860.0
d6a8f4abcb02142c6dd15b30,463360420.0
0587e7e1f03af8ea6c46290e,674555840.0
61e1e0c49f3aafee6ec9179d,745152960.0
797da4e993a993ef80277108,1080675200.0
b8acc8e72f2c498fede3fefb,808362300.0
ef2ae24039bf2cff1caa4340,614397500.0
cfb8d15c6b0c0e6ee4b92109,921896000.0
05aecff6fd8d866c6c157a9a,851962560.0
b2e37eb7cde5cf4290649ad3,845550200.0
b7ecbd35179a7658f3c11b41,953885300.0
699095150a7f3f32c40454fe,1277742700.0
989a4fc1590097414d7c3fa3,427105400.0
b6853999c45e21646a0d1b20,391623100.0
6ddb6863958ded0d72fcc6a9,400857400.0
f6fc3807b54d8c69459c4f64,669455800.0
6528ca87df8bb477f4b6b8c7,415553280.0
7bba885503ea7716ffea503c,478165730.0
846e6f1ba1c94966314345d8,728248400.0
04e6a79dd3e4d8d17c8b5387,1268101600.0
4d60db10157fd0b5eab9a23f,740411140.0
0d7d434afcc5e93050e0b86d,1034933200.0
bb9ffa04d913d06846d082a7,1010482800.0
80abc4c356813c1e4ead1e1e,462084220.0
df8979b26c9971dd7c3500d8,1019984640.0
6ea18874ea84b5b4840f9b85,604877900.0
aa75ed5781e6e8584143daa4,770502140.0
c8c8d083c9b9600059a8b8d1,622674560.0
5c8f3b7ccb4340263c255d00,484196350.0
79b943894c4dd68bfd8cde7f,636083100.0
64f36d32a3a64853227fa69b,1577425500.0
d7080c3742cd9d72e9d0ae48,379616130.0
8333d32b98625a2742cfabd6,845385700.0
bddcc7fb72bb973f84b864dd,919784800.0
5a80dd0f68dc2cf9fb1b0c03,483673000.0
5d82060575bdb7be33e63ecb,920153340.0
de416f239b27327e0f78b862,771552200.0
816f93a2e035e4fcf61ee4c9,1042173250.0
aca1776ef24acabe172d573f,1182787700.0
af32aa018cdfd081a81bbc80,497657700.0
7d133cde943d189c9abbb6e4,566035400.0
80035ad5b3b4a948469800bb,872419140.0
95bdebef7fdc2ac0e9541c51,1007572860.0
d038e5695b32bdc6fff1f72d,794348200.0
2979f2d91d649a8c14f5453c,698243500.0
a0be286778d94153d3b22ccb,823672450.0
57e8ea351ecd1ff0825b1324,823911300.0
c84f96cf4570158c3832c3f3,942534850.0
93ab279de0b7b414ce758153,738283140.0
2018131ad3f6e5aa8f4be704,987517500.0
eb055771816b45213df3ff3b,422346140.0
8e3700ec731701361d7bb7c9,466159840.0
422e994aaca85628ff759004,698648500.0
569e2cad5c18a5f393f80a8d,693600450.0
7b4ca3a8d09968e48c185260,893418050.0
12785f791e04b3a49547fbc6,852131600.0
02ea72128a99862e9537718e,974771700.0
fd77ee8ca0551b5b614b40e1,1034222800.0
ffbf6a54fb00029ba24dd3ad,452591300.0
a295b12b773127f15e83e174,548884100.0
90f0cf22cf9c8fcc290e495d,386313400.0
220d466e3737f1f2a8ed06ae,416956960.0
235c56f4afd6d87f1b3e199b,430557060.0
eb0f3b14782c9a484408c606,1090893200.0
4188712d431ba996cd59fbe5,432362600.0
3dfd7e954d6f7f40af60bc9d,400150050.0
00e80be4feb1e8593b7713fe,498827550.0
eabdd1bad2bc4351ba4a2635,1064633340.0
850342685ececa472945f7ed,939087740.0
ecc4d05489c5ffc8164d5469,379210140.0
2406d47133763272a965ef51,382893540.0
b9430e8c145c2a0d7efab2a4,819993540.0
4f8dfb8de411b8a05c55dbbb,843671800.0
574b6bef16abb21fd67db401,668825340.0
e7ef0d61e27de15f10b0d643,1064633340.0
647ec3f486cedf045cdd3b68,489945020.0
69d83d8492db7ade6c37c3de,588597200.0
6c07175274fba6a0dc467cbe,598633000.0
a5a71962df1b8bc45bf5547e,820879200.0
ff61abc1e7843e20b1bf8656,396040700.0
540c4d7a79864885d73cca95,537039170.0
17d0f69ae2c4f1aaa1aca9c7,585906700.0
80de6a9303eedbfd1c69601f,908107200.0
7cf573f273b14a6cfafa3ec8,559876400.0
eb9ab213defc2de5d878653f,542546300.0
69f7ab8608b5328f106b42e5,804042900.0
9daaca90887e5144c35daeff,477513150.0
2bd08c0964ef4a95295db843,704954560.0
34f0542a538cee9f3624d897,488694400.0
847a7fbd4425fd2fbc4b3edf,1099367400.0
22428154baf95870f1d83fdc,769951200.0
18e89f083fdbce3da0a82a4a,1018077950.0
63674e7ddf6f2b4d7c6d5c1b,412700220.0
0e97f66cf4208c1a57d1fb17,407962140.0
a90f7cd68b662c87d9fc2d5e,793140100.0
2086639384041f3a9b519140,783681400.0
d38353aaffa4af168518c6c5,598258600.0
d994f3919c3c8fe0ebd538ad,1032482400.0
ea9d6dc517c77ff8bffd596b,1078340200.0
ff83788b9f8db0297f6c0148,874865340.0
9d9564415e52518c2817f66f,514176350.0
9362189c5d784741c9b0f8e7,882304000.0
ffb510bd3f847f4ede255fbb,402320420.0
7d3e4ead63a869bae978027e,1063509000.0
5dc404d1c214abd2d45b2a0a,1326963200.0
64335f6d4c1a7514377be77d,653140100.0
b81801f02a73feb1db7f5e83,1345563400.0
b5d6fe84ee7c6a703891112d,1374543600.0
af0502ae1fe341c2ce1b5325,400857400.0
ec43b2789c9cc266a8e0d1f6,547446460.0
7ff8b0b5ab4fd12f3be399ce,820423740.0
d5c8073e3ceefbfbb547eee3,1012943170.0
66379c5752189c150954b4f0,426285060.0
6a3f9046cfdbf4eefca3ca69,459882560.0
b549a72c938d767ed504bd83,700364300.0
f48e503ebd3908838c1f2ae6,535783780.0
e58ba64bfa5280630bfcfa97,595729600.0
07edd16680605925192efcf1,603808200.0
70b821bc1c7dd846a8be343c,451999500.0
d84d7edc4a4896c4a8722328,498509860.0
6d592a69209ef3356e656c44,503090020.0
ca9b2ef10b512905af6be620,941949000.0
bbf16146922556095f53b5ea,811105300.0
86e80098f5a3e7dbd635838d,653995260.0
dad46c20f9f7d834e522fdd1,1183051800.0
e2dcb036931bf4b2aa030036,1083289900.0
aa7a25411bc0f9f93dcc40df,355148130.0
e192181121fe58a8bf94aecf,662160100.0
5aa715bbe2b178ad0c9e4b08,795432260.0
43b5b5a9a1615eba48ab8b66,362505250.0
dc91e3fe1b190fd8cf2584c9,663440800.0
1014341bbcd2fd5775631f78,703548160.0
7f2e9d302a6ed1770db9f7cf,894536640.0
73f4074e5e09e52e0e03598f,734210750.0
0460eacc73398bb95f0518e2,1190651000.0
5a44be6fad8878eb2c394ca9,1014081800.0
936cdcce007bce08a72112b7,806488060.0
8334a4cc7db8ed5c0071fe95,630644500.0
e3e9d1d073b129c697c1e9e9,700368300.0
dd9a60c3d502ca3cc98d9b73,739747650.0
949184accb5878f82fd5c10f,654073860.0
bbc675f7edfa0425c78c15ea,636915840.0
7436750d73f2e56b4f29e98f,872414140.0
cf81103f31f74edfe0453de8,820800960.0
620e467297aed5c47e22735a,377731740.0
41037a3f8625082544979179,546261570.0
6a2db40e5f210a31b2f7119e,490820500.0
0083ef74db679d22463a1afe,591054140.0
b19be1ad7f60717a943ff0f7,504652700.0
0906b6a88fb1eb0d7bfb6bb5,544909800.0
f82adf71d17c261b41a5231a,826062340.0
bdda694c42c52ba4803d482f,634448500.0
80f633154b6f94b8fa24f213,670673800.0
f69aa18a64d8b8494fd9fe3f,414808100.0
3146f3ec9b237fa0944cec7b,444809440.0
5db3d671b5aa03dc33f258dc,386791200.0
d5239537894ce7f2a9cb5a49,643395650.0
bc28e66374356a4fcf9b62d7,500737900.0
3697e556be961a16a621f3e5,476182530.0
bb6f66493fbafa76d70b0a34,807750460.0
e78a4111d943044a9a32ed80,1037152300.0
044e2daf937c0d8373f2e914,1300724100.0
77668d4325802de9d63609a9,897294660.0
a85ba83751915d8d5d1a0e09,976792900.0
429460d5f5c5381e945cf449,988863300.0
a53dc5c58f7384729ba37a21,968777500.0
a4dba76865fbd14aa19c0286,947831500.0
7573c18a79e5e3ee0610d7cc,673332100.0
f13f72c1cb469db92b25c2fb,1274459400.0
45dd7eee4488e88d71d46783,1304139900.0
dd4fd04b9fd80818bd543f9d,915028860.0
500a3c5953f89b431184fead,767283100.0
d2e737461b916ba78030c76f,824360900.0
e1e69b5a90431b8a44265487,577272100.0
49cc8164d94a2afe8b750af4,495690100.0
e9b054016b281140d2566d88,870612200.0
32161228e9c502d2c21beaa3,430224600.0
9017accdd4fe3229fc45280b,350582980.0
17fed4a312a9b773f64861d3,411272420.0
8632f5681d04d9c934675409,977158140.0
8356123e4d10a479a12e98bb,564798400.0
70463649ffbda5fdf3c10ec8,471118900.0
1414ec3cdd3f6ab772fc7584,783950500.0
937708417ef2642b7d05abad,986476500.0
afbe90d764c1821cdb26e38a,724814500.0
14331a3db021936067b15890,698709800.0
793efc460dd25b67c644e92f,705822340.0
0a9e4dd0eec86037a36fe769,833504060.0
e5168779de76d99010e37c7c,989714300.0
016dd08801ad1a1e7f6e695b,1356041900.0
ce509ce153f452ff8a997538,854067900.0
66d8ce8e6aad18a4963275fc,609926700.0
8398e3b96d1311c7264f6603,1183297700.0
e9081115ab418ef1031326c3,606202700.0
5c8240a1ebf6138f81dac715,962873340.0
18cb1adb2078fef29a613a96,1147383800.0
4167fdc804227ed43224a32c,1178882300.0
b5d0ae257748ea92c47d8fc2,396254560.0
1d17f0ff708e6f0b93a990ec,798476900.0
764f506bb2aa1ac4de918a71,810984600.0
7a861f1e3af4dbbf55b2c301,470945540.0
1562a23a312478d7a05a33dd,555690050.0
0a040fd24e23a77f0c58495c,724002050.0
7f0f5931fe148f6187ebf512,490565920.0
9fcdcb2be94744d00e734a3a,1196282800.0
f181f74e96a93820a23bc0a0,634273100.0
5193b43c32a2bfb3aac6b2af,1070305700.0
6cc7718e834ba47a429d6874,631741250.0
b8d06f4ce0d6e71ba0fddc26,777904700.0
30a30e4ab286fd822c68ab5a,633461800.0
f99bdff027d28ceca0caacd1,973641900.0
f46f5e911c6c595efb5b7ab5,604946000.0
a7f0c831d82505044f370b1a,418941920.0
17069e9f4ba45c93738b109a,430278750.0
dd5c910c2a3d63b8fa92096f,411411300.0
a33329c9ed11ee8b87aad6b4,419652900.0
925b457b5df270a68b84753b,411174370.0
d206aafc71e8aec2afc3f8ee,554291650.0
f8232717e74332384075dde8,417122430.0
f60d9f0751a14efe41be383b,424018560.0
13adc7946bd4e6e3e4416e52,380950720.0
230cdc90e6c825d391d5025d,490444320.0
e98cb170e4383546988c6829,411411300.0
5bc46671989de2534553ae49,797289900.0
3b98c8e46cf8477a1968244f,418227360.0
f9f5fa4ad495197a5c9b492c,411174370.0
0bd42f8ee9d36dae4cf35886,370007700.0
567ca46ac91cc53e3b479547,447278340.0
f0ebddf2bd5aac661e4945ce,723644500.0
eee841bc785b1824b6419a73,508840700.0
004776514ad269b380581066,498198080.0
bd3edc7854cffd6b6debfb98,556835900.0
0b42bbe66e438fa81a2ff77a,616799800.0
a33bfa6cf99e26bd9c49f8d8,642578900.0
8b45db8a4f2c0f772c8d44cf,419973980.0
262b5b0bb408d7cf53073832,554435460.0
5844c83fecdf7e09b188c2f0,578949250.0
9cc3c05f0e81b8f6454b80ea,482597600.0
07c46b493733d74c4f384b79,569266200.0
932ce2fe93b8e1ec0e7bbc8f,423346200.0
559fabe06aaee537322d0af8,437395740.0
f4da2c8dd901cca9cdd51025,581014600.0
84eb4861db0816bc8722f379,630660100.0
d0dc69570223bce949a4c17e,834932900.0
abc2ff9d0e7848169fca170f,449421380.0
3e3880088f0df7c447e27840,464922900.0
3580dcbd0a6d7d6d3546dad6,647000100.0
f123231ff18912a3dfd7cae7,461372600.0
78a7eac41dd672cd1863e3b4,731826940.0
97def72de478566ad58020a3,872420800.0
e3e2e3080cc309d34014e8fd,523877730.0
71be583d473084bc0608d066,526354620.0
ac6a4c672dfbe20f5bafbd89,630660100.0
f4fc081a112f5ee1b3a09e70,496154530.0
d8add8f5e0aa562a63c894d7,642305600.0
88ab887e18e38d0b8315286e,623006000.0
07c8af84608e6c9206ad6961,645837440.0
2b352d996677e67156391e25,578671040.0
ced624c6debaa01c732e9f60,797680830.0
ef92f63b46f27ccd2151a21c,625876400.0
f4022026c279a9b77a894ee2,647195140.0
e2e2218086e6ef5377c01b68,698847100.0
4af83eb7718f5823ae69fe47,871956700.0
ee98e745afca6de4550fe570,630660100.0
bd1fda425d792fb0de7b4499,537443900.0
86b2d3ad1dacb372734f810e,464922900.0
98abd5139cc3ea136faf7c8c,678870700.0
4582ec985de48290c5f1f5e1,499359680.0
312a6b2a57dc6947f95213a5,474230180.0
86a47522586da2884181f128,646766900.0
b41edc115f6b439caf392941,425833200.0
fac682b61b813044a3e3ad01,1077526000.0
63f4e57fb2cc22659e80d6fc,457797020.0
4310c7a552b20afd46f930d9,874364860.0
4f18341de355d2cf57a03983,427028860.0
a418dbb6d04e505c133c6c1c,597744200.0
afce1d7c5576dc49c80bdabf,684661250.0
5ec12159380f4d1a85e8b0ef,533030660.0
78d10967c36cbf346bd58f63,547998100.0
f995364cc33c431b3c93db45,591054140.0
99b31d0b5d5ab75a2653b1a1,481200500.0
42d42ad031a2c62be9b5cdca,630660100.0
73d09646de4e0ab46feaceba,423530370.0
bef4759bfc25c7d44a8112af,580392100.0
c038742e427830aef3ac1c17,424774600.0
e96a7f5424558193663ef6f4,680915800.0
1af243eb63d893b1251f44dd,625876400.0
a083fd17c5e7c9d33540b922,541973300.0
549024cda1c093c9f8bc2ea3,428289920.0
164cf5fb9a759f2e4be67b6e,804751740.0
65ff6cef76efb4c83ac0611e,644448200.0
784b1db005d39c2f57666efb,543112640.0
a2f06081983f748fcd74652d,674600900.0
66e4f010db2febff23b4a4f5,622666300.0
9702cf3039b86f97c003e20c,804398800.0
48de5d43e88caea594ccd27c,666611840.0
6732c28a236aa1ccc0cb2c86,709223040.0
8a1d1f70adbdeb233ed3ec3a,920744960.0
c775d4f60fea55d5511da4d4,989827600.0
1f4109e1a4b47a9b11c2c019,828696200.0
31ef69bed8e54b5e1fb245aa,756972540.0
882907ccf178b23a02ce262e,535316960.0
2868ac4225657a13f6149e6e,904770400.0
cf6f0a3cc030024f4e9ad06d,651313900.0
0a1cdd0d5c3c8b973ab1a98c,1166620000.0
0d099b1e1a314dfd9aee5293,700734460.0
898d1eb301c92ab6603e0b81,688000700.0
9fdf7d85fc65849cda3afda7,717859650.0
f5ee97750fd4e04eafa9d1d7,821773700.0
ef9cf29f71434be184a4ebd9,513471700.0
e4559824c3390efd6282960a,559677800.0
f8dc73052c66ab334cb7be14,733247900.0
2e992370de3eed4ec1271589,777010500.0
e2bbe9221780d01a265e2ef4,735733100.0
b65a2a140ad5fc6e3e26b6e3,604123840.0
3dea0748459a295fcbd2f0b6,504597820.0
7a1cb1f751cd36bdb6412ba2,710448300.0
1381c0399ebbf19db3a11820,604123840.0
479b2c9c12602551bbd0212a,618260350.0
d463fae95232d30e0f78f93f,604123840.0
d0df2748d371d98d76408d66,707643460.0
9551dc6098b721dd495e5c57,1136263700.0
fa736ec3f2f066cba4328908,757170370.0
37fc4ce5dfff7faba6bebf8c,785844350.0
f336d60e41c8bfee91d58728,603986750.0
65e1a61d984712e76829c821,855093100.0
65eaf65f8dccb8e49a93b753,1005219500.0
36eb8139a5ca1b8459eb52c1,863105860.0
c357cc3d2f4b45ca3e1250d2,560095360.0
4b75f2b374e8674e8b55eceb,1026515000.0
9c20784acde0823e9479be2f,844546050.0
0f2aa0d9fdcfe894caa8fddc,916837000.0
23374ef76774d4f95f022473,1059346560.0
4224e69acf9fb071d4cab498,1235269500.0
a41d05f2ae3e022c16088bd0,1018501400.0
9b30c679d7da9169580773a1,1112156700.0
2795cdb2f4d568a782dcfc3f,1284494200.0
5399af7ea98c97b5906efe1d,787161500.0
5e93ed2a9b36625c4450b5bd,817903550.0
d04d42ff91707e3957b4a29c,1126606600.0
f32ea78bc5ea15d700d3c118,803760800.0
8ce2d6e505ad1da079f34a8d,1016362800.0
014799b9ef7d5244fb6640ff,1032882240.0
f50a72cfa82f3742189b7fc0,1005083400.0
8876b38f90f5571639b7d879,960159100.0
239a2dd25f604c730136c720,1057451000.0
db297b6ab332cbbba338e7a0,831834900.0
5aaed76349fc95f6c12ced7b,1292937600.0
10c94f25ce3f7532bf4f3152,1052211900.0
d0ac1f63c75987c92038bd30,855822460.0
db5ea791b33be91840a6d045,1093870600.0
8627562772d9d63bac507fcd,708302460.0
b1ecdceb6ac00b6b047c241b,1184788200.0
f499c1513abf0b05aa1f460e,1182927600.0
0d8b0ca08838d1dac052d51c,978433800.0
c54a573c9aef013dfa2abeff,1163930800.0
f02865ea64b156bf4cf4cfa4,907980800.0
087b564ba475edbea431d4e4,1167169800.0
2d3236cf646f19a25932676a,1163930800.0
68b547621c25c7418cfdf5dc,964956350.0
097a1a08a389439cc2c760f8,368949220.0
e9c905ff64c7e2f8c21b0a9c,354548450.0
464039bbcabc650d659f6683,544385200.0
93c24fa31fa780d28ecbc318,599517440.0
a73206cd21136b209f25c7cc,464975260.0
852a11f12646f0a1121824c2,341987170.0
61953f4c9bac7cac5ddda5d9,1058506400.0
5a5377f2d087b7bb183783bb,595894400.0
0a85c354c48921e0ca202d15,1146377500.0
12f9d50fad58e4e40a187d98,992546200.0
45ac018012e7dd91d41a5876,705679700.0
28f905e91295a47d106a3214,1389908200.0
395e3718423aeac3d40494a7,601910900.0
1fd7e9b1e717578f751c21c7,704536500.0
e8bdc4a088a6b99a538a6f0a,427383300.0
45b894a8b028be29ed137f1e,1466546800.0
f5c866d489889ab2f124799c,944172200.0
3d0de71d822da8a999bb6222,526142850.0
ecd0b4bfd66fe04c278dd4ae,556381500.0
9a61bfe6ba2b8364a92e5a97,1133175300.0
e8b8d0c4cb87efc13344bcd2,1182291600.0
1f39ea319382fb0e41ead713,1021440900.0
d61700c4ecc128290bc42d3f,392983420.0
d87cbdc4896e0e0160999520,458233820.0
d1281c9f037ea5c4fa683b84,379137820.0
310e768d2e8836432f8b3e97,428018000.0
c5498cdddd7856e99d21f52b,464746500.0
d3169d4a467cb7eac41849ff,591777200.0
2eeb4b0d7afa57b63778b69f,1338748800.0
7b3621124731bcd2e543562c,726480900.0
5703b4ab6e77d88f751bc6e7,701477950.0
2c567face144ca714454abf2,972328000.0
7169b5a3b9a796162de685cf,1177852900.0
fd19e1b2e61f5efde879f6dd,1008590000.0
55f0e95dc857256aec65ec1a,1209952500.0
ab03c034e2a420f395ca094a,463780400.0
ee3c0c7fe3fe73ad0449870c,1385126100.0
e59afca092e0ddaf60c9419c,711994800.0
99e48a46a1a599471d3260e0,432077380.0
419398139a3aa2ca2be3f941,541643650.0
54c33befb89cc873771c3be6,1521901800.0
cb29bd3ae3d5da88c99d3db5,766050370.0
24258361a4ba8f772a83ba7c,831178300.0
539c12d2fe8cbf950b75a0fd,409175500.0
7b81996f3abd287b50adf8da,1161992100.0
0d9e73c14529fa3f1ec8a56f,556239360.0
dd178fd542fc716e32b4136a,583639200.0
9aad22f3d25e46538e1558fb,889892540.0
93df4118ec3536b312822d90,966848450.0
7c6319c04025c4ed6aa3f051,556239360.0
98e04fd660ca1276d1510a72,350516770.0
4a8eaccbde5a4a6747818d29,845738940.0
9f6ae3eaafbdfd8d5c0e64c8,1095240200.0
5929c81cfde8ae068a8b822c,750755200.0
b94ea2b8b847a47140d04008,822411900.0
ac1b644a8d2ec042ca91f89c,1113311200.0
8df9256029f526ca313202b7,769615040.0
e029511780468f4cfbd10d3e,531270660.0
0878fd8b66aeb22f6af2d7af,490328320.0
76258b7b7e8778cd60d3435a,765438400.0
d64a2ad3297e2fad8ce66197,425629400.0
8af6bb75c85a2789156b3696,442958700.0
40db880aba8951909e6e4ef6,942774000.0
c9e20cadac540faa59d9aa3f,386138850.0
7d5459e48101349c75d43aec,656716500.0
fb0664d59b6333ae1861f343,754618500.0
bc6b57600fa9edfe13fb3118,873446460.0
d309cdb5688ff7bdbb682d17,710189600.0
d17ba799e68d7775f2104b3a,553865800.0
2baa6afba131b74487c94d74,633917500.0
0b7c8732558fc04f4fc51ec1,916279360.0
0d8cda2859d9903f6202af54,411239500.0
0f2913c5aa681a2bd45a5484,846899600.0
de6010c57fe78d975be38c2b,677351040.0
54b474bc7cb126bfe8e6c144,885306300.0
b1dea7d384760535b770311a,693402050.0
9e90e02c8ed3ad137e4c3abc,438815460.0
b59711a5971a3b482db4d9f7,974771700.0
2c37a1280b18e095b43e19f5,743948700.0
fcd7c10d81aff25d9233214d,488545280.0
c3b8bbc492a7d7bdd63da22f,1228516700.0
42aaf6521fdf1dc9bc50f88e,475133760.0
3c268e9119b8027f78f91954,666913300.0
c8d5a0e9614dcf96a500206f,507065800.0
6c778557da9b5d99f90b1238,775132100.0
4514844d15690b7331fdb6cb,833764800.0
d8e981acf77bb46a9dbd3109,705911200.0
b940ba03ea60d4cdc5d2d429,1088798000.0
4fab4e66ead1948498d2a4dd,607684500.0
a5620899d410af623a3ff4a9,1145706500.0
f45e3be8500d7bd91cc8855a,397505100.0
4b82eef445edeae7a55fd019,594014100.0
29881785ae39aec014c4982c,978859400.0
0d9f91cbcc9339146bf75bba,459092930.0
b839e76df5d73e7d53691707,818001800.0
7ac96f16bdc50ee7619f3548,756884500.0
a102a0a268840439c2c8f4c6,464810340.0
e1132006785632e4ec5deb02,714560640.0
a041ed3fc0b60fc4ce3cf847,895079360.0
84b758716f47bb0f4e4a2bed,547606300.0
84394774ab45e0c8b733bed2,561425900.0
2c1c91f2bb4d9dae38a44360,425768260.0
8ba9304ea7b8d2b071bb0699,590826500.0
9a76cc7c650230c670e703e7,808172700.0
9b0833992397c6e50b54715f,744035260.0
6f192e6a537c1509521e1e8a,793525950.0
d1668e2d35a939ed126a3f8e,995821000.0
a17807447696896bb61ef8ab,891042370.0
d043d368d2584ae95ad3672c,767192400.0
7f2e3f2eb5abf86b56897250,727717950.0
fdb1cffa6b7346fde667d72c,405676220.0
58a3a9f44bc7846ae26413e5,662069200.0
af230af0c73a5f2b72787c1b,1246923300.0
3cd5562115870363ed5d7558,986519740.0
cb9d8fe7c18dba6827836403,759964300.0
742fd57dd463c1b5cb79f63e,680120100.0
0d30768d188b6bb53d599ea1,821096900.0
c455b8a15dbfff94c2909f37,514758240.0
8541eec88f0dd8229b4fb041,531922620.0
54aad3aa4a166d2d50df48cb,1186758100.0
eb9a59d4e85a3f124e866f47,934941400.0
d65946f9c27e417e6bc60057,411569820.0
dfbb0ed74ed85bd186f40ccc,474213900.0
84b05da6a859ff5384f37ee7,578220900.0
e2da7c1bb33be76b86b9a07a,506255970.0
456243bb3fab3e74df21b5a0,487664580.0
a947c2ea296f1da3d10b0a06,482542370.0
3929df6d73b3ba01bc018476,447910080.0
ce44699aeddaeb77f23c9b9c,1291552400.0
3cd3537b5f9475657060cae8,1393034800.0
4520ceed2e5fe3458850a805,1227158400.0
00dea98fbfbfeae74c513bb6,1198342700.0
16da41b1128c039ff8f83919,698856450.0
111d509185303ed970d710c7,1119787500.0
83ad1ce7ef6d70842ec986f2,614484200.0
74f8ffe35e8d3bc9be725d7a,469296500.0
f5e7ab7c2edf566fa22501b9,1246024600.0
2e1f3fb2323fa16150f8bc88,535730660.0
f8bf37a8f81a310e299385a5,502926900.0
7b71229680a50bc26677a427,629328700.0
1f7daef9ba898c4d8ac1c81b,567830400.0
415b68c7a5cfb073676c443b,462946100.0
856559e93205dd1561d8ada3,676608600.0
6d534e4baa1740d7839664eb,615332160.0
9ea78159ad117bd9c0b04291,521277250.0
38faca2d6e338d328428f986,437849000.0
fcc6c3c10bb52776accaf06f,668053950.0
9120f0e5a6f505a2553bfd58,964952700.0
583a8d8c5d7fa63125f62155,776109950.0
3d04304c8644c81114c36f98,658794050.0
21fcb5c7e497f0580b820379,904625540.0
6542b39cc8d2d13dc828772d,864715700.0
091f6342ad934f4e7f84045d,1174207900.0
fe8305e287f6a8e7899c9459,553449700.0
d4492ffc4aaa4ca9c4dd2357,742218100.0
319b9accf9980ef2ef81099b,839967600.0
fa84c07cc90e2a2058b57c9e,553728450.0
c4749eb8f59cca469236df01,446307680.0
b8a5928cf1f7e704e9933bed,683427000.0
c2ffdd10fe424afa1b09f31d,520403040.0
f221dd5d745def063eeb7258,624971000.0
319ba1ec06c9b6ca6990f4c1,1176400300.0
29e7796eabea247af4e8a0f7,464718140.0
ddbca69ad74877086c4110e6,971560500.0
c858f0f3f5594e7bb0f3b6a4,1104516900.0
88ae3f4a8ef76675c66e925f,1123673000.0
27e0810a702796d97878c34c,675127360.0
7450139ad1b39b2a380472fa,1024828700.0
35ae7661d8191507cf9e7cdf,675948100.0
93b8ea95ca1c1ff3881d91d2,467163870.0
8e4709859d50a75dd08b03e5,521153000.0
7026113e0cd7b2d17f8a3459,551206850.0
9af956dd8d83bc715592b97a,401816580.0
df10ecb67d79e645f77a90a6,860549760.0
14feeb619f409386e6eaeda5,451884830.0
1a6b9a6d92ec5e905ac97cce,659649100.0
057585ba19d6144408d4e2da,517261100.0
72699647b590d11ed9b2f2e8,400255400.0
cbc99d6202cd3a31e1c14a16,550820100.0
ce1d63bc4411a615b816a76c,972602560.0
04f0fd25e2456759753bd2bc,766440600.0
8c0154eb5be437746213aec8,917550800.0
e23017438478050a655f6d67,813803140.0
8f0b6d6dd914911c7e90d302,1080500000.0
4b38595746dcb78fbb459781,688137150.0
95aebb36dc0b4ea86db49492,1216158000.0
f900f7a9c5e2ea51689e8992,996440400.0
3fa0d9e247f28968a5bf8476,449003230.0
1240f50cf2d8ef1d8713e671,417529150.0
14a55e5887af840860b41ddf,340196800.0
3ffefb3f453c54585fa6ef22,775132100.0
c3b357d17afd631df02dc39a,837039300.0
a15aced0fffc97e219f99545,414492540.0
cf707785919dbb92cfc7b5f6,1093484700.0
70ebbf6a402f0f707b893979,634961800.0
aefb3cb6ad2de9ffa90b9534,668528100.0
b2809471a0164e3d41b8fa60,960987200.0
6d11001f164d81734a82ec1d,483248830.0
ad71acd782a4fce4d9af04be,591933000.0
ca86f53a857c23b15eef428a,958375200.0
580452a616b4f5170eb628d0,693906100.0
7dc609a3c7a3ab1f9a3146e6,586479170.0
e8fc9a1fd4b39f946b914398,551417150.0
0d3bc6532812ea618d154bdc,995103300.0
1ee436f045a0662037f9d2cf,810594900.0
8697b1d337145af0ef8e4619,1098093300.0
9a08127164a0bb61cefb3680,390544480.0
e08e1f260e5c3231c49e5a96,420781400.0
b96502e30fecdfae7796f1d6,502881820.0
a0b178016cd26a1d2072e7fc,468463000.0
5e3d7da3cfe55ad1fe609579,756049100.0
30f77637dd52e728efaddd6d,873731400.0
2202c5c9a16b771d1e242c18,821237800.0
3dc8277f29d0a2406fa25ce1,1177805800.0
a0f86ac00934b57d85b44dde,888229000.0
9168a08b1fac4c5448626ff0,884675000.0
cec8daf847f52cb2845a9f58,950964200.0
ab7559b75b340275587e50b7,1460706700.0
a392f7f9ace844d712ab2b4a,1056553860.0
dd21c6799a32ce6ef27f5281,756653600.0
275ec6bd936600c7eceac599,1388194000.0
978195f1745ab7e3d69e1f50,1128342000.0
0e3f82238c54e85ca4229977,467709500.0
bc168cfefe964762cdf8755b,812230700.0
d22d5776b6305308c9e774d7,828023100.0
94d3fe901550dd4ba77ffbaf,1217172000.0
63717ed97f95e32b2ca321f3,452592160.0
a7df0496d6ce217fadfad10d,799766400.0
51a696388218fc2e412f8806,796558800.0
a918c218ff761315988c6335,854067900.0
d3609eabe59175fcb4441ac2,1322213400.0
8af2e264b801b3e155e52be8,1273917400.0
76e4ebad138d50c690f0aec1,381697700.0
9a9553eb431458a3e30fc672,743022660.0
117f37774a78d65f9e68f906,485506780.0
0c8b133effcdbcd49d52add5,1060203650.0
5e8b2528c1c0a5c12a476919,877825540.0
38d6842c2807d54f386bdb5c,1011991100.0
55f747145222c070fdd50175,878837440.0
ca7d715827b39c417e5b75ad,784804800.0
b219848e66fb065d4d2441bc,866424450.0
a04d3f4eb8810a346fd29ab5,946691400.0
0b06da0ceff947975cf8951e,1015979100.0
3f35c44229ba13940d8a705d,1085538200.0
8bdebb8914fbcaad625b1764,428329120.0
f4635193372f669612744011,1182045700.0
611a369172eb6e3e2e4bdbfb,1139260700.0
6689af92cae5d7c9c3e2f215,994168000.0
e382002b0685aabb01891743,694133760.0
edbb6dd10f8c9e7596368225,796990340.0
89b0592a715c9e135967f947,625644860.0
a67c6f6400a176e0a07d6772,742662800.0
5c6e6dae74e39d33621c7119,1049357950.0
0e1c100d8e57de8296363d6f,462083330.0
e2e639b53456889ab5350ba0,446690080.0
93acd9176ff299221e0d2152,842933570.0
cb482d76b3b4904c595f2dc1,511058340.0
a0e15809e0a284fde27b16ee,914761860.0
9a958690c3947f5a8f05cc80,1086872400.0
889bd77c8271961a6e4925ea,809335800.0
dc082fe46a714afd43b9dc19,689468000.0
99f8eedcdc31cc0ff6fda7a6,440806940.0
dfa744f733abef97d82dbb32,729542700.0
d50b80d68eb3b928e4bb4317,561716160.0
a58acad50184e66794d8d704,686278500.0
52871480f7bdf5ac3d785630,818466900.0
8b083d7ac086f52fd2942a82,653469060.0
301ce25214ddb4b5144373ef,1047390340.0
6d76a22793aa9b571da64572,911892740.0
d7c48db0385bdbf7ecb7088f,1310800900.0
874e2c6f3e9f90db80d243d0,471652100.0
249667af8d0835c9830e2b37,557583040.0
75d3c9e0da9a24f4849f2078,472018370.0
9e45b127ea0303f973bac9d1,377049340.0
daa0be53e7a1d7ff76f32955,1136383000.0
bf7463534babd284da6ca671,333979040.0
0283890ab76b10547b27e634,1188137500.0
5fd213a5236154ae5206c372,1322919800.0
317e95fad7d399673719537e,757650050.0
fb14ddcaa459b49a3b30eb3a,1403906800.0
4cb5e4aa83c476a5b71d77ce,977696960.0
f54d358d26af89636906f686,1257693300.0
f002603a6990ec405d82cc47,1521901800.0
e3b7dc4e8990f3cd436bf738,707775740.0
97c799300453ab511bd06361,1033934850.0
3c1ee7e502c6bfb20873b47c,644285950.0
cf7741583fc5315ba70b70f1,869321300.0
36a0a1f0432c954604825b6e,780977600.0
9836bf9b64f27104c7863b79,638676160.0
68a3f9ac977f56cd39a6a1b9,1198479700.0
b676ed2d0af6807cc2b28ac8,1529173200.0
430112bf4fa9324f0149a879,676101570.0
fa00e05d83ee890a38c3a686,755964000.0
7d503f126b5863fa0626d4bb,649494000.0
ec03a01c961659f2cfd9c973,563163300.0
6a112af84d5a81f3d16dfc32,1037336300.0
4c5d3dd8802acb9ee22ab912,836806200.0
d029158b36963961fdcc3974,853800770.0
c2071e85fbffa3d2c2168319,612835000.0
60a04215bee81d26f20cf0c3,711069250.0
6d4a961e099de1939adc6496,1185247100.0
2383b8bc2cd3d307caba34ba,562626500.0
d9357452fcd193b6c5284bc8,1159749100.0
863f8f2aeda01a9fea1cb3e0,1069864900.0
d1a6132098a4bd640321c7d3,888957760.0
6edd2530070918074c8e7d07,825829200.0
1cfe7df5431f3dc6a9289551,1485640800.0
c617d1f15d294f0b0aea8ed8,710738370.0
bbdd78a7ed332e679c8e526b,401885570.0
45969f25857aa7263927b400,964082560.0
cdacddfdb6ce41a3eb752496,478374620.0
3f87d08afecc4aba03587848,1547411200.0
f21d2c0802e3858d493c1984,806263550.0
660f3f9ed9a72d8875a9efcd,737973400.0
04e29dbe2175919265c82463,1024131100.0
e4082fa99f92fc7a89092fff,825657500.0
05402dd344c77623fa053ffa,714286700.0
c5f7f0323f554a7419f78359,845956740.0
501193fb57014ffbd7bf218f,588331140.0
0922cc27581d9058e55a2239,439111870.0
4dcaaac494053749f30875fa,1111348900.0
506763d35b04358fb0e967ff,826368060.0
8c40078231bf7af2f3a06457,402921730.0
53e14e867f8b02c6043ae02a,424113180.0
2364014bfd851a68a824d1da,1013045570.0
f788ac4a8b2a6dc11c458c90,764113900.0
093c849ad2bea8292c4d15f9,986792640.0
71a8b68f38fccf71a229df76,796215500.0
ebacfa0a8e569ab603cccd11,411496060.0
c963faee3ac527dfab08f61c,605395000.0
ce3deac5963eeb96826c14f1,773391000.0
5607cef08511dbbf3288a5bd,545955300.0
8a9e6d0839f9fabad2fc3214,742232260.0
ff03a8cc833d067d439b9903,1150482400.0
d3e119e8fa4d96abaa8c43c2,976891650.0
25b893f6073bd66258a9cf03,745545300.0
0d70ceba3aea278cb4a2082a,1001317700.0
07f9017eb4b8c169eb9de536,1190726000.0
7cad62cfb4fc3ad9acb09f1f,535167940.0
41d174db6f695472063ceef3,732360300.0
4ecf579a5d5e70d3b4314ef7,806685000.0
41df29e27c0bbb52aa8ffe49,724329400.0
cd77cb445eb0f72df89b9fb7,741581400.0
65766c8572b629744f00b45c,440124770.0
946eb4523f76bb23d0348309,694911360.0
453202a234f5b370ae9e586f,623876500.0
4e1b5798dcbed1842f260b17,723298100.0
f1cb3c0b97ae1c6819fb86e0,1330417400.0
24a89527a6744456750baf54,579948350.0
a281d59b685eda4978e0c84c,868131600.0
6cc9d912370da36c38ac2cbc,1232311600.0
10563c278e7ce8eb2066d398,840127900.0
a1b0b8d18cd78b7cd555dd55,1061292100.0
3cf9282136fad24af0f7ebb1,761864060.0
077659c14c3cebbe192f8247,1227816300.0
c372834e8e7a4279f861aa4c,550954560.0
29daf0d5008fa9e3f0f30132,392730900.0
08e1ad8d1f0be0287a395ef6,586052000.0
19c07fc2b01a0edec4784e64,511723600.0
c2b5216a8050ea0fe4008f59,991155650.0
29cc054742b256e6fbc6da1c,734988350.0
755a3e09dba04bb6ba6c9851,766637950.0
c98157c582392cb895071f28,884912960.0
84f47e531a916b7f7dc1f1b3,810962940.0
231688922448e4d64622120e,670338700.0
9c7c68df14c238ce0b497dd2,1044394000.0
d5e29042106130114cf3694c,443683330.0
08d4fa42a34c74c94db5080b,979804540.0
e89fbcbd4d3414e30c30fc29,801522560.0
22af7bb676cb4c9ffe014506,439126100.0
b20d6ca58e91ae70b6e0a1a5,1187362700.0
5c372bd1e01f3243256e27ca,483901860.0
1242d7e61857ba8ad285b6f4,1147051100.0
196ac46f656726bcb8087ba9,848163700.0
ae513b65e06b69e1ff2ad8ec,476888770.0
bb26b45df6a70b6414958912,443227420.0
9425283b41165156aacfd43b,450287100.0
689b510fa99bda54284cfe7e,790066000.0
c57d333e383039db0fcd2620,946018100.0
86e98ed0bd2565b661b81ef4,735086500.0
0e694269bbff1e45395190d6,1340499100.0
6511180e3128e083bbbb6940,1315070600.0
59b271bf9e2d29ed35352f5e,476888770.0
a4c324b1353d2f7ea3ae9727,476888770.0
193ff8d291a9f163a4f3301b,568429630.0
8ee4a7cef562d388b8444c29,393103400.0
53bdf5c3cd800459acca551c,506974880.0
35ef99962cd5984ca87bd326,651542500.0
dc33d5ffcd2aa2b7d56d2ad3,746673800.0
05c47739fa4c4f00285a2c48,1018359550.0
a51d415712d8d6c8add7009b,816617540.0
71493c81121558b8ba18c1c8,443227420.0
853a14b680761098d4bf6136,868318700.0
c9d5c08973c493f3acdef892,459334660.0
7dcbeb0aef2e2cac0d73315a,381697700.0
ae5a4da0000f79f12142e2a7,853584200.0
1f6050fd5261a2d21d5a178e,391623100.0
e3f39c6e4a41fbdc4bc30e0f,725511600.0
9d157878dbb41c14b52a956f,491444380.0
e1fdbdecc84b991f582a2e00,482163330.0
3a26efe201689493724ba464,502881820.0
6670cde3fbc11c263c6c3163,1017039600.0
780ae52ac9eae675f6fdb312,450489860.0
24f22d76b86498d5c3563288,711797900.0
fda25a0b6b9f62f92e3ea6b8,823732160.0
678ba0c80536dd27e385b31f,419528060.0
ba0d0663943a118228fd12bf,437616900.0
81ba4b47e9222c15c4102992,478165730.0
d9ec26c1c3e1811e38f070b2,427195840.0
aa850af0c6203104e6ed02fa,509047460.0
c697ec00214cad882d5e9812,561491260.0
4b193d78ea6e3740bf37b36a,558953500.0
08c61259a756e617d976e8b8,835528700.0
c1c1dc8df6996a94ef3c7d33,433217000.0
3fdfa23ac43d1df0503ccf1e,925754900.0
bd4526ea5b404df442892788,453376670.0
1062419f9cf94418ba88b6b8,502875140.0
1102f91444b8e1abb636f1bc,986448260.0
b96b4bf38bdbd61d4dd0bde5,1011991100.0
45ee2db87e9ca0a1a9faf050,777545700.0
556cb23459a9007127b3ad46,864601900.0
a613b18945052b4576595c4c,929603300.0
fce385656705a8f4389cbb6a,878837440.0
bdac560af3e155db33d13d57,761996300.0
fedc2418db2353b7c97a260d,870693600.0
4565bcc95c54bf0c8d376eb0,799496450.0
5fc559104e0ba1112ce00f5d,964443000.0
74fdeb4c56b29662f13aa8ca,1497004400.0
fbaf74ce4c2c6e88950d3fdb,1282462300.0
5de0f045039122af0052c544,837039300.0
e18337bbdfb106a3f1739960,378311460.0
e1b9ae3e0ce3da16f18e1079,903187650.0
a57435d71ccc5f032baee302,716366100.0
fc5e8e45dd0a338ab5835428,683986400.0
918bec54bd7587daafff66e9,753226500.0
86137b9624049333f7e0315a,805478100.0
0fca6767d8f442da1f8bc6d2,405043000.0
3ea5478270517f299b20bd06,870640500.0
dfff73eccd591bb26453eec5,614103400.0
e2dad5c148ecc797018439b3,797387200.0
b5a62d480bc544f891fd8521,906653440.0
cb09a84a1d7b929607d01ee5,805275300.0
af067a8546e1177eefe24916,548494800.0
d6f9abcb58befa3d05373a72,986008060.0
ec2f16aabd36fd9ee2203276,1386990000.0
dcafab7adc7b763bb934496b,737160260.0
ede43dcb1715b959ba34a37d,758782400.0
40dd67aeb6e9979211c9345d,760296260.0
31f630c44db4be5360a57640,856367900.0
ee8651631861c1b94283a953,1104518900.0
b7d245742eef110adc91b5fa,822449540.0
ffc49242bb0edf3e22076501,1152336000.0
5c5963c17bafef1a1bfd5e03,986476500.0
6c589b7e6a3cfad34e98bd87,590823100.0
71ab3644da08b8cb0a0b34b3,1050381200.0
aa668782ae5d0c16e57193fe,1013567400.0
46673c69814a0b3f25818dee,1086107800.0
b2a417a8d2440f9124fd2ee8,1095543200.0
3e0ccd899ad73579898fe73c,1150078700.0
e6f2c7d7317fd433e26878e4,1263090300.0
2d91b3a8c62b890fd246183c,1078605600.0
fa653848d69ce620a41a73ac,981025660.0
3b6c94e3e3684eac73b3e7f6,1462719600.0
a6a07d35b3834bc6f81beb6d,1007580540.0
a39617b7adfeb6ae7d5ee5f0,1101252100.0
95e5e774dac6f0159e8afc0d,747775500.0
995362e3fea8e54538ac135c,658541600.0
42525c57e13abbfafe9bb395,1514650600.0
1ae6fd60628e7d186a5e0174,476531420.0
082293a465231208059c5d53,478051700.0
732615f6d1526ec9bd519eda,482845280.0
99e9c4f8fd7fb7929da10a20,442220860.0
1a75e436fc23e7f48e639b9c,488516400.0
54cdeb67ca9ea56205e4e533,1005303900.0
c412ab869616d6576cbb8309,564785500.0
b17840ce59c9d9619b46534d,573012500.0
a14f071d8e5c338d9ebed23c,508439070.0
84d8504f0e860b0760c3592d,936885400.0
a3d03a25f84f4d50d2a308b0,562798300.0
bcdcce01d86d648c4502d42f,586052000.0
33379968a83c8a90c23e77dc,450287100.0
ecc36a3a4610829ee3f88993,476888770.0
f4eca80958b7a22922b0efa1,476888770.0
3b4ce006ef95420847da20b9,443227420.0
4fb644a95cc04f7bc6cda786,393103400.0
f8fad48343ee5134dbae918f,393103400.0
6e8e08e09da8dc598b8a8b2b,476888770.0
56ff1f7e81fda0c8491c354d,476888770.0
444f102b4d54503044154ff5,443227420.0
e0eae2174807cc7ada38c726,676101570.0
afde90f91b01b0282bb94335,562626500.0
1d35c364daa0f021ef263c60,401885570.0
8c47395a28f8177923d7b75b,412230560.0
98c98982020ba42198aeb45d,742232260.0
ff424474d2d10a2c2a1c1892,478374620.0
971a322e9087b67650689ea0,806263550.0
45a7517c4d29f5bc7787dedf,711069250.0
74a51274abc8358d628ecfe4,836806200.0
11dc32d92ac579720303c019,868833900.0
4c25d939eb3ec218403dc4ce,755964000.0
55597a7b8637f24198415ed8,735086500.0
eb7173223a27076d16b87f33,588331140.0
709d17b62bc95253601f243c,853800770.0
fdcf0e439ae8b2ff5730680d,714286700.0
2524e62e917e8a1aec5c9c26,724329400.0
ba601c13d20602c988d57246,801522560.0
397a7d1cfb809e34797f2bb4,764113900.0
b54d3ce25f3f03cf3fa0127f,424113180.0
d51bcf03d649839ca803c357,452482530.0
e9fac47a0f02f27abc96d568,1011028400.0
a52bd93aa6b0d965914f1101,825829200.0
16601a92574531c1fd57a359,746673800.0
0e64230b70f4a227b444115e,1024131100.0
ba2118c330e19baf4f3ecf94,977696960.0
055e29f236bb61603d4ce9eb,1061292100.0
7c5c0f2d9a0e355069fe1c64,976891650.0
e781547cf6f8cb4ec0742b5c,761864060.0
8caab74ced535ec5e75acdfd,506974880.0
9d64345229b60ad1853d94ce,651542500.0
d128186867f91603af4fa481,958914560.0
f8fb6d1b0dafc28920393dab,1150482400.0
33b92225cef255b0e4b4edf9,566529000.0
7eb78d4dea434674a230caa6,840127900.0
833bd3c8ef9d4da2f304a94a,1001317700.0
331f0957d55d7f03df7fdc4b,1147051100.0
cee124f4b9031f59c4fbef47,1167047300.0
8a9663cb622a55f2a1a8e3b4,1044394000.0
25d4a0ec9301ba5d53deb780,710738370.0
38d4b1837c595b6d9a23e994,1111348900.0
a21923caba05da05449d60f6,737973400.0
63cff4b5ebb2b6528ad34cd6,757650050.0
948c392520e1cb3a030ce86c,1013045570.0
b2e7fd7bcd93309664cd225e,816617540.0
9d6be7123f2c6e610971374e,1159749100.0
3676e34e4824101f3fd9aa2c,826368060.0
f849ad486e84a82190675b89,790066000.0
2fb8b2990751692b8ef1ab6e,845956740.0
5155f70c7f8978e487e71479,964082560.0
4f076c220dad47bd9bf248a6,946018100.0
480041bbef3a540df2a36ea2,750619200.0
4ca66e564ed478d06c471357,612835000.0
454e4126257189bcce9b681b,1164959100.0
10ce9c7a0a58aad19778e5f2,1037336300.0
dfe8e2542755d41d920e28b8,505922000.0
5115b0da9c95559dcee9e58d,1172008400.0
8a0053376ffdc75d0bdde77a,1053523260.0
5688288ee38f1a69894ac77a,826067100.0
1fe514ada76363511cc79105,840857300.0
885a312d9a5bfa8a8db5279a,573430140.0
c716d4dfb5a3c2e1120bd84f,889783900.0
689aafdc12fd1610c2393a6c,899472600.0
c0c4ecc8d3aefc53c4c06a38,654624260.0
30091c32a5046d563597bbf4,478271520.0
2e58c9b6fbe9c57c83bc0aed,1058365060.0
3f7c5d8304fc650bf97247ee,921511000.0
56334a9db3ccc24faf138edf,832877950.0
6d0680692396c07afc1a260c,719141060.0
9e07dd563b6ff4572f5d9031,1084203500.0
1278c9fd86258bcb435e7127,776095170.0
acf0f98cd8f8c8ce06f30ab9,1264645100.0
5e3785bd517f4faa2bcf43d6,1009906700.0
cfc61dd41ee5f5dcb76bacfc,529217600.0
2f171883b97d9c02b90f93a9,607349570.0
46aa67b5e0abe39dae442d76,607349570.0
50cb49d65d04a5d166f96e3c,426471300.0
06c1673c4a7444e7aa80abb7,416677920.0
53881f29c7a6bef0ab537466,546962200.0
2b028932adc74c961170a4ce,629211100.0
f3a1bbe01d265470a2d7332a,474773220.0
b42d5b5b38686929eadd56d9,516341400.0
bafc63f23f097c24d36c76fd,943490000.0
f164514211012e3a1686b148,621696700.0
82b90288bffe8c1c0b5a1259,534680220.0
2fe64bad1bc8a43fedfe0700,628881150.0
da5b958667b31f4f9a1d84a9,836828540.0
b3bc9a04a3ebc1b911326735,1167303400.0
9ff3acb07666d53f00d1f1db,687183600.0
13a44ce5066ce00846b59ae3,999585000.0
bb45c98dbab56e5abe20ac0d,938276700.0
f88bade1cb7ee0fa643f31ad,655974140.0
e9ab6916a79b4d5182d33bf5,951909700.0
144162ecfcba71bf09048dae,668053950.0
19466034c2ce19c24a179fe6,698703170.0
3787f6da3e961c0e10d30e6d,1016436500.0
908330b0d2651093c0bb6719,942020860.0
66b7baef9c6c3c7ad24636e1,763068200.0
69cb0f3d422c2c78373c2e0c,1386236200.0
1e866483995b30ec7f79d9e8,653325760.0
866f2a55f42cf30c4105631b,653325760.0
fede7e1a7a6f23338af6f40e,998262800.0
7447156f2967391975d335f0,698703170.0
08451af5a81fd6a63c4012cd,631606300.0
f63608198bfcc858abe1ab0a,1047244500.0
e9a0dff7ae48bd3fa2ecfcfc,722126460.0
cc97f62e2fb9d3e31ef1c00f,1047732000.0
ed40f198ace8a4405cce7a1a,861643600.0
bf17b59bf2ac2d06894bd786,741885500.0
e118b149654cca1c0b3a58a2,1175648900.0
7f9bdd2157f6c3d488c77ddf,862595650.0
9350225547486ad75c0b5ab3,1123259400.0
d1166776fca47427c77fa8e1,1011682300.0
f719b387fac4f688b57dc646,1139041200.0
6ce8991a39ec7b9883f85000,1130573800.0
353743db4334fee80ac08d0b,1122773100.0
372a3934e8179422b5cf5729,1075862700.0
81516aa72c98ded9223db098,1192262300.0
9e80db4c35139bbb18775644,1316516100.0
12ed2c22a923c840ef616a3c,1100846700.0
7bc57b136bcec053cbd073f3,1020153900.0
77a06084509952c6cfe8f501,443710400.0
73578b4214e2eca83b1e70ac,876425300.0
527e571030a7d8fbbf1a41c4,890527550.0
961baf163a07179bceba67a2,1188486500.0
76b41682fa6953a3b20d3f27,894395000.0
cceb25e83ecf22252aa92d2e,1105326100.0
210ff5d4404ee8578a5ecf9f,910653500.0
398274b1c46fd88151420c6e,455483740.0
5b328b80dd844db2e946302b,516859680.0
4195fdfe50e42e9981fa2f4f,596632500.0
2d4031f171f965d7dbce0ef6,636051500.0
fc1b713d5605b0030421d5a2,940591740.0
cf6092df1f22a7c4b8ff9d50,592206300.0
8dbdd7c8971a514eb7cb4d3f,1039156200.0
c197faa8bdbd51c075a6d3bc,798696260.0
1985a2a5c3b2b0c7eca22afe,814744300.0
92a1a8b617b6d2c3669167a6,656383400.0
2a330fdcebb247d6a6fdea23,977907700.0
c3dd975d0aed59a65a784e47,936424450.0
608a2339d558a6cea9478756,969757300.0
c0ccf6d535d1316e37e1024e,923245630.0
229a7640d41a8b8d6d2f8f83,1111166500.0
e3950ce025371da2b4ad9db6,1064290240.0
a7e41393473834db30f2c1da,1269258200.0
7dcd1597e11f83093cbfd7a5,1470670100.0
71235a69058912dec1d355a0,1207757400.0
349602317da0e456d88fe24f,1093303300.0
ddccad3e5a4eaf791ce3a7c9,635279170.0
776d7d1326576f07762ab3c7,904642750.0
1b88c06bb3c1bc2bb39d1b86,715883900.0
1c5c4f4c731545aa3388c554,633666050.0
aaa67089a753d255215c15be,606607500.0
d6d5717a4b7e2edaef162b6a,751636350.0
0ba20e953e8e76add161cd6c,386433540.0
13c39860029403ea94b5439a,1133771900.0
d5436eeef04e1a8e51a38912,400010400.0
21f00ad1214253dd5bb97817,1126065200.0
5a3119efc021fd0f102ab958,523570050.0
331c515e7f0dbb4460810999,682929200.0
9e360588b18cb15aec3b6609,602139460.0
a7cc7d2ceedf4d69664dc734,437529250.0
4e78cffaea2008f3919ba0ae,402367230.0
452e0518f7164287e47e6354,659241540.0
74286242739391c4eaecefbe,553628160.0
df06b65985649c7107b794a4,493322700.0
b6a21387674a509514fa5518,1086294100.0
6752fcf8f1af18d61124e32c,783973000.0
a7e40088cf53acfc65f4b3f5,1208992900.0
61b9307a25be3119effbd0d2,511974460.0
3061729865dd2d68858600b1,605973760.0
ad38d5660b6f1eef23b76039,406843970.0
1d493f3954b15e84c41afc82,518736160.0
57744cb947a923584fc6bcc4,419179330.0
16f60cac352cc0d668d226d0,417330100.0
accf7bdeeff29ec7a209c509,367515040.0
a694b9ab05641a6325764e63,857456400.0
bdeddd3f84cb0ffdd1fc27bd,654658000.0
de9ab30042562789601833f6,425329150.0
1a95522f43288e32addff2ba,397969380.0
3cc722d5c764ac261611c2b0,403802620.0
aba85a8a7ea2def1fdd18587,452150370.0
b272c1025cf5c1e1df47042c,676587900.0
5c449356b8b2d7e0928cce59,939315260.0
a56d3b5bc13c9849cf676750,649430850.0
942c934c0d41ab822d60c795,497877020.0
b0fe09d086490092f1690fc2,653894300.0
7abc8a11d3d6c905de3f567e,569078400.0
16716773b2a43df0332622bb,612339650.0
98fdd3fc6c9447d0f05eb1c0,534010620.0
a59f39373ee368259b441de6,514880000.0
cb778195c5d61a7c4185424c,1049215800.0
c0277899d5f185cc78fc4a79,626346940.0
44effc9574c74ea4ad98ede4,661980800.0
e2d00e4fd93a02ea81895355,703066560.0
ab405cd390c0681c3c67836e,615446000.0
86db204f7ef6e0e0e6687246,740671000.0
97b791fd94b2339ba115a75a,844319000.0
3897d9b5fe3a0cfaed7c18a6,479739700.0
ce206b82f2de3793156baadd,738609900.0
2c924b9d45667f7168bae6ee,706939260.0
358eb586d9649d20dca9bfcd,1004372400.0
71b1fe15c5bffb750c99f648,656188100.0
eca500b92ff96f10ccd45e54,542223550.0
7b63445c5e1ce95bd12c31ee,902104700.0
97d64459dfb368b1f6067ab2,906236800.0
1b09874d5a3e4c9e0d544198,883949700.0
54fb79bb019bfd10e5481ec9,812709570.0
b3b63d292523ce0a925b871c,617135170.0
09759befd8899fc1e359935f,871130500.0
62e0110b1c8dda16cc7da89c,657068600.0
d98ba43504fb49a4f0bd9c05,1012072200.0
48815b454dfb64fe60e2cde4,706517300.0
40a65310ce666e80a9611d4c,865988300.0
a8c5674b5d110d99a1e097af,745789950.0
ee9e7dcede0ffc20442b4407,954225600.0
9e858250fcb7320b65bed9c7,1061774000.0
bc76b078832a3a81b6d637f8,1323353900.0
b06d3ee14ccf3d46fe2431fb,647547100.0
87332a7e03cb851342667b98,803665700.0
faa37a79a1d72e4b8b0c80a6,803665700.0
0821109831351eb2501e362b,1120415600.0
8d01d6561223272181235c69,795145540.0
a0f1c94cd34fcba92f59a59a,970834370.0
f6a5c88d1bca87c1e89d8084,1274544400.0
55118881731616058c929b1a,1219221400.0
bed1fbafde11c156b655e04f,868037250.0
819d2a7c3330480b7217577d,1142672900.0
e1967b56ab8ecd035bf39534,747767000.0
08d0615cff29645ee70e20e9,958141250.0
2e8af16a155fe18c8c6730a2,972517200.0
882e8e77fa1a71288f6b61cf,1156574700.0
7930bb0822caea5f6451bfa6,1105144800.0
993a18ae04d78d374f854262,1249871100.0
e5527bb25c85988e00da339d,1260293900.0
07bd45129563bd2fd974deeb,390860450.0
83727953ecffc17bed632d94,409175500.0
2e2d3f42f4f8369733b3bcb9,649672450.0
3b23a71bf40e800a66bdeab2,448814000.0
894f346e0ad39c57fc0f369f,1140750100.0
d1fcd31555048d043cf084be,720193860.0
8d48f73816b248d1166a09db,839841100.0
32d5a20c542a8194a6aae965,783950500.0
53870de54350a8cd7c13f014,927097860.0
31cdb68dc6476128c4bb2f5c,961403400.0
4be6d93d8ae1375156444f05,579621060.0
33a7f6aebc3e2d480d287199,1034161660.0
e1e188d3f9940f9dad98488c,927513500.0
76167f6ca3d2c404104b77fd,851962560.0
9297c340db8a74e10dbba148,894536640.0
0e001ee8f27e1a2fffaa0225,1379728600.0
ae3868ac8c44128b8a955829,736342400.0
bcbd20cfc50e2f032b174b56,362505250.0
253560c855216bd9eb102595,663440800.0
c9c769e7ccc99016f61269d0,596903400.0
7c07ba1982289ca3abcbece3,561931600.0
c5c024d11b3ebb2cd088bf6a,672088770.0
f0a8fb06fcdf8997bcdcb03d,1082426500.0
806f9ab2a016e774689ce2b9,392983420.0
4491bda913188aad3c66ef20,792628900.0
0c37c0d27631960f9e0fda1d,941695700.0
b50b45bda0905a116f238c1d,573686140.0
f0f8e755058d48542b9cc4e3,937334000.0
b3005057f48c1794b7974f4f,677097860.0
e1e5b0bd721a67318a3848ed,351254300.0
d96155b72c02bfa04f7ea98f,585020000.0
3825ce5030d951ef0fc2f7c5,441185470.0
99587dcb4237fe90acb15b5e,427243940.0
452ae373210337b8008ea2a3,1210568800.0
09ae7df5577582ce7e7b0aa7,802351600.0
b98967876009fab4290736f1,745152960.0
24a4a43ae4c687bda1066227,1268101600.0
c509f2036a11b7132c633d2a,702025400.0
bda914dbacd42b2b7c6c5179,612870100.0
5a681060eeb2fc8f1b3261da,774255900.0
016bb199b12846ccb0b03191,842785660.0
ba94676bc0385678ce3780a3,611903000.0
b2183e5bca67574df7d5985b,450543140.0
baae43ea29f7e419bbecf998,501999200.0
ff1a7adf260e637bf316812f,394946900.0
8e56b5dbc4cf628ac12e5bef,1470350300.0
c8941b8d7626f7b33628158f,1208407300.0
d504ed869ece1b1d6e724452,334519680.0
1acb5576ccae1f0534f614df,739152450.0
ff228869121d053ca7bbe431,1054468160.0
ee4dea05e93581750d613c59,657861100.0
5d507cdfb7c233cf96dc6a83,880602600.0
faae4324336f1211ce4c7809,623196160.0
9a8e471c8f4488c3799483ba,513384540.0
d040e15e50d655f4d19bff54,404512600.0
efc7e89ddf3de559154d8e0c,1381727500.0
e91598736dbb7319952f0dfc,790577000.0
4046ebeeb7ab85affcfe337c,1124552000.0
d12059af22bc7d6ff170430f,1169659100.0
99d39d72083d7485e8944a3e,454745900.0
b9ab2dcd8d1855e4bdd540c4,1062590460.0
97106114a8d353ffebbd07b7,927295940.0
d5c950db90c92be5fe753189,796557250.0
119833a13f3f7df22d2b270a,631001800.0
b2078743e33e1acc49c2d2ca,870266940.0
fb9371f86ca6f4e62ae374c3,598664960.0
6a39a747417143f0cd24f3bd,1537798800.0
7bc0c9e2760e4b1488522768,997326400.0
3898683e5d24bab9eea24d30,783147970.0
be0e466ca7d6942282c8626d,629905150.0
2d65980024ded46854c25260,1090285800.0
87aa28825a5b8ffbac5f2e2f,718026750.0
918b0d900ead8267aab4cdf7,626842900.0
0c85506b301862fb58b467cb,514025340.0
4bd031478b15017efd41b2bf,1068468000.0
48bee96c1f65b8e283d67483,532171260.0
7618cb8d215425c931f47886,552530000.0
a7a219e7cd18f3c4b83649e0,462996400.0
9d3f5b59b9735da05588b3d5,477044320.0
6ac5f5f52cfeed2f0ac9d018,674754050.0
d885902c923752eab7b619e5,407873440.0
b183e2562cc4816244ce0e1e,617679200.0
88622b66e6c47cc62c3824c1,841370600.0
01230eede2a4a74ec4ee5105,526786500.0
060451a9e3e0416ff41d253d,850243460.0
3ca0e7723afebbf53e390297,912731460.0
e2ecbfaacf11ed16fd71abcd,584597300.0
1f0d83013ea5e4c3f4beb583,829866600.0
450c4eff7e37a271fc24ce3b,766393800.0
a70d331be751cdc3bd0aab29,375752770.0
41ac76d4fa450fe0c377a0e5,378435600.0
2ef8a530db816223dcf474a1,562798300.0
d09c1af87ddad4ad11b82626,464746500.0
35b1cd8020e7efbb9ba5adde,806685000.0
6714f846f2fa3527641ad96c,726480900.0
4cd5338bcf246ebf263baa35,447734140.0
0878a639ab8e6b6e69a3df41,965221440.0
f4c118396d781c140d8c9b08,524329570.0
27151512d4b592014137ac1f,795740300.0
8e5123f5ef1da66571ccb600,1437144700.0
c491a13a87fa1ef595b35826,767887740.0
52d6c4bcb442eebdab338116,1177852900.0
e23d93ade25e73614d7bcd77,1338748800.0
43059ceabe98412315566838,1026851840.0
93b7fc7c4f07a7f117e687a4,762311740.0
09caddf25db3ac8e1a98565b,920270900.0
e3034ebf243b024cbef83cc9,604169900.0
63cc884a9c5c888de176461a,811798660.0
069fb1f8d0f06ac2fee87314,590164200.0
059aaea3859c4b9662ab4df8,390211650.0
148b157ece514d99be0a7f93,376876800.0
9c4f397c093dde7de5d485cb,934780900.0
e28d8dac5c1c75d295a9eb3f,390211650.0
a804849802cc0820d25f955b,390211650.0
fc43df7f26644fa464ecb090,408112350.0
608b26adceba64d9ebc5486d,390211650.0
be8bbf40db0dde8ed4cf338c,390211650.0
d255f73d4066fe559065266f,361670270.0
c552cfa8e6b8c8be2c963ae8,409340200.0
5ee020d4adc767b3b16fffdb,393371900.0
2a01945c2ce528c02b391c61,839650400.0
dd7ee555ce0b2d58dbd8a9ea,381088100.0
a732aefa7ea4715325e9e80e,426182620.0
c6faa40acaccc1603c29df96,408112350.0
fd8caba10cd4d1df27605358,633782100.0
788c49c17df556bce0abf6ce,681060000.0
2d0d803cdbeaec6e2626eebb,522270460.0
0872074f7bd512dbd4609c85,439255940.0
3f97341f90b11e6a7a7f7c2c,843853700.0
2bfa301ea435f929e6c0d1ba,491580320.0
1d029020622a600aad4c2991,773765760.0
8a100bd7f5da66664a2680e8,445080160.0
1441a28c376a20c90d72cfac,512503040.0
495eeef459e80680720a0ec8,472434500.0
df81d07cc6e8fb0a01c0f404,673244800.0
e23ae41983b9f112f05bb703,829151500.0
a2ba273b099221390bee92a9,465791000.0
63dfd58a5c43cc7c0a468209,513355170.0
27aa789e29e52ef8d78b9bf5,831133900.0
fbd613ac06b6bf20d76822db,575507600.0
2a805135d8030b614d9df9aa,659645300.0
22c9b57a67cbef0920d09174,462987620.0
fb76da6072bea5801e407990,449065760.0
9050b1061469970ce28742a7,431612000.0
96f5db1dd0f36d1087172fcf,669117500.0
38cccc333e2c38bd608e1880,638467840.0
efede59a47d17737f90f4bcb,1173372800.0
bca5301e6460eb859b7ef34a,497183330.0
a23a13e43f3e08ab82c6ef82,479806530.0
8437a42a8e7ebca46eb088cd,441489340.0
6e3cbc252c449fd4b758b97b,522073250.0
6cc6b0672aaccb8909f3a751,621756000.0
c60c2efec3c12959d86fe3c8,499834240.0
d0e45d520227ef8a1f53ba28,686036400.0
e45293f1e6ceb2fe79f6e0d5,710135360.0
4202dc3f8255586e1ccfff46,494996600.0
1d04d5450762d664fcfab674,1069926100.0
a3f969063f78dbd95e6ee795,555677300.0
2e3fc1d628f6727880d3d4e6,534617000.0
22ea31eadbd3a54216443137,503616130.0
6490a1eff73727bf62458b0c,558934300.0
49721aafec7123f6ff4d8010,778932100.0
bce608b4629b6c8512ea2fde,738667650.0
a7ba3ccc4831ae7e539f0cfa,439008860.0
959b2293af0ee4f7c9fea7c0,705904450.0
bbbf74a3abf9cd8718384a65,561064060.0
680a71ef7ec15bd919c06320,639197760.0
0bcdef6d56052acd2afad93d,479571400.0
1bb885a07f57936b919629b9,558209800.0
8a222af682e2d7796643ccf7,613322600.0
3370a48ec22302456c41ded9,559622340.0
46fb04e7578da5741f6da4b8,533235040.0
e9da7f2549d914aab6a30e10,445805730.0
10d0506d84d778da572ec635,624507460.0
966e8fc9af08e76f8b276245,437872400.0
0da2a849e0f83b17b006e50b,534917900.0
f7101a05db93cbefd6a3b31f,426762600.0
b74fd7f7db38ec233c6ad71f,453641340.0
0d63e52a47fa884e36f10810,530808800.0
77fa49bcb52539888d481ab1,695085060.0
6f412fbb33519fdd31e741c4,415393180.0
6615da422a3864d415b28fe9,448335740.0
f258fdece395f0c4f4da6a96,702454000.0
c54c645c340f59dd5f47bea4,424890460.0
bdd287e9de82903f210878d6,712746200.0
e110abe74ba0ad062c9b575f,713501060.0
47e5ea8cb7f5ab6703803690,658305500.0
e71c6f7437c633e2d9da643e,545662800.0
783161faf2e3501c38c0aaaa,477956900.0
5fc3de15eb0cd87be5ed2e6f,566724600.0
4066155e224520530ce985eb,478564450.0
7745863791b5cc6d49f84c8b,450522500.0
aa7551be1b8d6278d38fbb00,893643000.0
d654c9bbda61c4c0ee1ae2cc,463521280.0
d224080523a2bf2e81698d15,505047500.0
5f8d0a2ab1f9136de446528a,561705500.0
405fec98d5a3c8981173311c,490756860.0
2a9e77fd00aaaf773d130914,436688860.0
279b76adc4bc9f8dd86759b1,647540860.0
f815ec1a63e980717c9c3290,497648220.0
a8fc825e34bd9bd56ec5331f,785600060.0
248ed6abe6e528dedde951a3,524988030.0
2bce6544d58b6970192a1838,408462000.0
352a76b301243d22d1b31f79,452533440.0
bb9991da696d6e1f13a32d0f,612066370.0
8e88e6cc55ca769e472aadfe,597539000.0
339ca7bc687766f517ab3274,462561280.0
93375efb2e74f4913d21d94f,538736060.0
17d7e6d321bb7394546e6b7b,492914500.0
0f601f5ee798174ea9d52caf,752072300.0
8ec8cac469f2448654312aaf,809132000.0
affb62139f02e524692ebc5b,603332740.0
c01199a4b2fbf0f6cbdf2a65,1090456300.0
4d1f49443787c874ba19f968,1051206900.0
035c61042b7dbc7ef888d1a7,1346806100.0
0fc7d98f75bc1c0b782a328e,982398200.0
b1924a5697dfe829b5b8ad76,573886400.0
d0100c18dba3c334327b29e1,612080400.0
add1a20e8bba47aad2edec69,923240400.0
fe8a78de9ba7b59a112e0046,533266600.0
b319d049a3a8e4a095940106,709604600.0
303dc73dc1130de9aa2f70f3,616102600.0
e471b2ef30c388893119a010,923723000.0
9309d812688d0d2bdd33d830,754992830.0
fdb192e57e3e48f70a492b87,712770600.0
c514c9a35632e5a9c0476a31,609936060.0
3bee8a9981a1e9e13a05cafd,573575600.0
9c942287410db3d0739e182e,910063100.0
f59b9c03bcd4e0e06d23fb47,648417150.0
4c11f4ebc622483532c24a06,613628000.0
1f53612f7029a21e2e9f74e1,829917300.0
1f4b6eaf52fb940e666c1c93,836294000.0
dc65f0bafddf39c6c4b2c9f2,618197800.0
344823ba2777540ffa2a8fbc,1000212500.0
8cef9b18f20e9c5a32e7ccc9,1055516500.0
413d6e4fb772beff60f73e2b,700393700.0
15d3ae51558bfeef80b9e97b,742154430.0
b81c26f2ea6b66c8315d1146,1030882600.0
c3786f81345d39fd8b353da3,668417200.0
6c568d2287dcf12b2aacd388,631585800.0
e6482f3b6184515453d16bf2,1069966900.0
32c7b848ef60432d98f415c5,756816640.0
1689c3e3982382e27a4ae074,763350600.0
3d0cc51b7a2392f3be3b1666,681110660.0
1dbec7879e793ba9685741b4,760164350.0
82ff2a63a863c089ea90bb5d,1025317440.0
3d9856c3ee0a4b5a833c69ab,586206300.0
6f293451319bae38c71b8266,646218240.0
dfc817b569fd71d2dd47e980,1244682500.0
c34d46d83e76f54d53cadcb2,775183800.0
e08ed8c82d05dc3cad8cd2c1,632674560.0
e21f2a8d9c641e45d442686a,981123000.0
f1793973b462cdbffb1ad648,717287550.0
b15bcd6248958d98867ea585,730081400.0
e640424f3b7d1db403c36ba0,773376200.0
658c0b009a09339a3f312145,750586240.0
f01fa45466e2730f935a4128,832896960.0
b4d69c7bc93efb3790eb1422,942862140.0
c2242a77d30c0abbed667ce4,948383040.0
39542105a7c46ded0cc373a7,1038135940.0
13f42390057bd294cd787822,756054850.0
183d99d88d1e7d995180918c,613020900.0
60dd7dc49139e7816dd8b143,671945200.0
6d2ec752890a2f1c4094044d,981647100.0
0e776964ba3733f3ac18a7a0,708205200.0
92369f73435d1ac3fa95f185,680904100.0
8db285eda04ca37b86dc9724,917862340.0
a7b14faa46e7b73ee4e95ee6,721328000.0
010e676743f6afc01fd0838b,829857150.0
987199d3a23c08ca887b301d,801310100.0
4fd8643e1c43ce9a0c18a19e,1058962750.0
4d0985935e1432b3916d45be,590663100.0
4623317e8c9044e314ccc4e8,752909060.0
ef8430c4d15e5887b8103bc3,830826430.0
cd6ecb0f77acd93cc1c9038e,1195429800.0
b0962bfdb6a2c79a0ca84e48,1014793800.0
7bf592c5c34bfe6a5df3dd40,967765400.0
9337becb0628955b47e45b98,830590340.0
9ed0bcdb62b2223d716d40d3,814923100.0
4255eae670033d9c9e9a6e3c,729513500.0
c5346c37454ac2b13b92240e,1069277300.0
94fd4bb5f41087921ca12b58,617881900.0
ded674ba9c7b76cda404bac6,806741950.0
ce25e9fd3bce9b75050aef5d,976187600.0
4e7d3cbe3c62123fa7e2d969,807330000.0
dcf5b42ecb23800a458562e9,1180567700.0
0d53bfcecf0397ca27e5f78c,878969860.0
f4ecb15ef992a677e8b4fee7,627627700.0
46eeb8f186f86f7859274d4d,923927400.0
b5a7d4288dc7a7868678b9e4,1261575800.0
34f99327fe595ba6e32d89a1,576837400.0
9a53016fdce3d3b5c2baf3fa,682037500.0
26be10d0ce8b763e9b457e76,664270140.0
2e111ff939191cc6df2c59bd,856511600.0
ddcce0b9776593e3ef3ce21b,798769400.0
937c0b6350beb0f51e53ff8c,603743740.0
f50941445773dd62e87e0416,923723000.0
93a1aefcc4ccafe4866bfc76,637931100.0
70c0a72b31dbc1b97c102c13,829857150.0
8aa9e1e89993aa49c5c3eced,914768830.0
2a5ecebe40fc09b45d6ee5fc,521601470.0
5f798656baebb094a3c83793,872023230.0
596b6f435f76058493a16cd6,1488999600.0
1c510a71734e955f75187106,1118161200.0
07de14db9dcc2d4f9eac0dd2,1299814000.0
29503210dfd57bfef8f16802,776622340.0
89575a90c7b9b960c8f4e052,814635600.0
bb5a6045d18e19613325dffd,1506186500.0
f984d34c8f27e3cdb7c2a44a,1067081000.0
90822d4e3a369948cdc4d998,755964000.0
5b9a21a42d5f50ed4b10581c,895822340.0
1be01d052c6a65c5ed286bf4,1234023800.0
b73d317e1e8ddc3d5d0743ef,997056300.0
bcd302e3b5342ecd8cc056bd,889078140.0
eb8956f0c4a885619bf1ff79,870364860.0
d5b950c5510c19ccb926e7c8,1168495100.0
1e37ea0918a00bcfaded3453,733207360.0
1d55f4694f3e000ee3ce47b3,747151040.0
cdc3e114698984145df842c7,1333560000.0
9c611e246a612ac6906abe8e,1237349400.0
c0c820463dfec602a6118ed6,956735100.0
6302d4fff078a118c3211794,1013838100.0
c98807fc596bb2f505b4da9b,1209675600.0
cdde8657b5a215915a04126d,1318204700.0
3b2fa7905fd8fcb3e11ebcf2,973526800.0
59764968800501c68631aea3,895894100.0
9eab02171cb5f15963670172,1143771900.0
61f84e5a07f37865c31d4a07,1131920300.0
1494f223c9d3ffba26e42738,1121121000.0
ba137cbd10757ad20e5991c4,745307840.0
d2fb81a477ef3690cb11c93f,1253920800.0
ec4f7794cb756b995d5d207f,902106430.0
ea4add08aa912717cd42f9f7,1010074300.0
f11d7627e2f18c9a75595501,1004493100.0
8095589d5e1a55a76281e13b,1078070800.0
f5add08cb615eb18b3153bf2,1027045760.0
1894346a27970572aa703cd2,1057890750.0
805a491334f865f06ff42329,789275260.0
062d5544f5c96db90fa3a526,1097438000.0
332201e2583141f3a02dcca4,973625200.0
4baf1bfced8e85013eca94b9,973526800.0
8bc002e1f02beb4d83a6f6ae,1006099900.0
adebafcf3eb0d34ae31718ef,1137458600.0
60b5b0aa0c1319557cd0cc85,1243856600.0
3393fece8a6ed311ad865e66,1118468400.0
df4a1968046eed5326119599,1318021100.0
b044b9a587b2c6ca00447177,1174216800.0
005ab848b35907e42aa0f4f2,1363071700.0
140a0002732574ecc516e9a8,945428300.0
bd850d1ccfc4b21a72f3ec44,1078710500.0
c6dc8c201ce38ff2ea49cd68,1349851100.0
572ae40f693551547e13a196,1113398400.0
b39d1b2637dd8e307c8ba13f,1162193800.0
2ad02d6d56b95ff3382b53b6,1111370000.0
5201393754f4a5f2a476ef0e,1157925500.0
72a66bc6d15390eb05a5c688,1016052700.0
1f1f3e47f3593e4b2824e628,713737900.0
bb7e14611ea6b5e4abb5b89c,703791100.0
b82f8abc8001cd6731c4ef45,667113000.0
6228854021e72af611d2e59a,698848450.0
6d21e1de9c880bfbb17350cd,745115970.0
7cfa0c98191ef9b7c45f0520,424973150.0
a739d80c3fb6b166a2c2182b,631475000.0
36f85981124e858c157f83df,768069400.0
3d6d51ca99f2747d6b92dd19,766812000.0
092b7b5bafe25bf485de37a4,638927170.0
f2e0163fa07f89820739dfcf,704414200.0
ba47346e7a53412e78363ac4,744502300.0
f86e80b2a831572b85b04e55,613179970.0
199a6f7df516a685f086dfa2,418604060.0
81f6d6790aca5e9270c3d1a1,412880500.0
74f099ca0d949c8042569d51,468108400.0
4df3717406f9852284576caa,607068160.0
5246f7d8023a4c178af6d10c,644337600.0
69d9908e13bf7c8ac4c30531,477121660.0
e336d9d892441c7ad886a98d,548000100.0
f82e1c70884ee1285e1bc491,415860130.0
0ffbcf7d58378c85b4103c7a,509497200.0
3679e1844a35c0c87fffefeb,435646460.0
955a15a734e56eb287555307,462935500.0
722f262a44b2bb6fc05ec35a,417693250.0
48c346042d9cb826a3714466,475227100.0
bc4b7bbf5df92f476b6be103,596848800.0
667685f89a61aa2ad5c9ac7d,372439170.0
8be5fca8f4339712c6f3e29e,646636160.0
09a5fd22f920267b464e2a00,671125500.0
f6d2d31af94a6a73912dd9f5,1179267000.0
0e9a5ea81f6d91038d8711d9,587219000.0
8b2d8edfa6788ddc0c7b3eba,757028860.0
2f48a73bfcc91272161afd39,695784060.0
a78417c74b8c99279912e427,787829900.0
4d69f7c7e0e837879abbdf78,481212450.0
926a7b18e48cdbf6ac3b396b,674517250.0
a06733f7b3ba964c20ae2698,878312900.0
02d598a32d864c289e3ba6b0,789004300.0
3977cf1326ff502251f78f66,697673800.0
c3cdfd0733404ec885eb3edd,704891300.0
a28bb09e30bca82627e595c2,1003361400.0
0a2f8c8ca6094e6626d4e8b1,760226700.0
ac9baabfd96d58e376149a7e,855124160.0
700a052900adbfa149dd5b6c,1142274200.0
4b30968cdae59b4ef3298f19,1132818700.0
c673d94552bc3e451672939f,1095016700.0
75392e8381e1c891377fcb29,972669300.0
a55d7074220aa6a750297c08,984022200.0
81eea19e7c12d65d21e23648,910849800.0
69df7bc1d82d9723c70eca70,1039770800.0
815cfcc4d26738f74cbb67ae,530962700.0
5ea150753f8d07c71af45cd9,928653500.0
f851b02d18e74610a900bf14,1025724350.0
76b9af8036e38d5d30ac4c7a,1146377500.0
4ec5ab39cae4afc3b0e69438,1025342900.0
c74020c85c9fcb2a2cb3ac74,615743100.0
6d6ad5e3ebaba1c11dec0f16,701927700.0
acbe4eb98668ff4967a8cb86,722951940.0
16a40e3dbfbb9c703e04028e,625795200.0
ee5fa0932e098cba28d950b1,804470900.0
5f9fa56b99677a489a9966bf,703791100.0
4045e30cced205e8c5b2373c,634931500.0
eb2c7a973d4d6ce8e6ae87a0,1064950140.0
99c69eeb96e1016a7e53b33f,792202700.0
aa7f56d05ed29183b825d61d,474977000.0
4630a9af58fb79c0008e5fa1,855463400.0
ac003932eba3a174c5b998ee,481002300.0
56a7470ed14454665aaef75a,1462719600.0
a4e4f56336e07304cb946b1c,852710400.0
00ce045307538da1b0bb7972,1017039600.0
cad720be1395e2ab5869807c,399814370.0
344be03236aed65e74b14a2f,541566140.0
58a86bf535b4c16b50dfca06,411146940.0
d52c3915fd7d2ef8c92a22fe,440466560.0
8a4b7e86a90a296e10a49ea3,443683330.0
e1717a317481b0765a7a6a0d,629099460.0
97fc10f5ce4a6fd7357381a6,541566140.0
428f4bc76d4cd315ba8f89e9,418775740.0
4d882ac2b82569f74aa08824,432077380.0
948ba87dfd7993460c967cb4,491546560.0
1bee6a5aed5417181a3db77f,450287100.0
63cdd73026431f5566fe246e,550954560.0
013e2a07f94a99323b64d370,997400640.0
ff56b24cf15289dc6d14800f,741650700.0
7bdb94165857bcd37206cf18,452643070.0
1d1e29d9601aa0eddb4d6c2c,814691500.0
a8c9489973c54b93737dfe20,653548860.0
254892c6b84c59ff5ac4f354,463360420.0
c6e9772058edb2268434d7cf,848103900.0
916a413537580440c4ac6028,662477250.0
bab8e472424cd57faab87ff2,516815330.0
eae5eecfa2fe828afbc94b0a,500954720.0
da26059a2cf36e02b8702320,488058200.0
e18fecb7e40bbcaf26c863cb,756075100.0
a55906464634558b94d9298e,579948350.0
3032ae39e739fe46e9e198e5,1142561800.0
663e062b85f16c2419f8456b,587908200.0
aad0e527c4bf6283f76b5bed,894633860.0
32fbc0f1934f7325a404a2eb,735086500.0
07d1137c1f0aaecbbad32f7b,707553000.0
3058b792e3f6781e438a2e9b,734504900.0
33d6b1bbab4524c3aa03756c,448941600.0
c75d43b8089321e359e14264,828023100.0
29ea1796aede16cab8a50497,481675230.0
bed21c41b31a3bf2095aa273,732360300.0
ec232a7ee3aeac713516614b,694911360.0
bb7c68c2652c7e124d88631c,535167940.0
697b6c6f7666391fc689cfb9,888498400.0
d912e45dda1a3a628fdf50d6,511723600.0
96fa88a07329d3988b6b41b3,875793600.0
66019487c37339e9354ca999,623876500.0
fd2dcbcb8a31e97f31d22a53,868131600.0
1a309175498997e1b8f0aae7,1340499100.0
e83119808dd08ca090f5ed85,613004540.0
1a26960e24de046588ca7837,658046850.0
379c4fce87557848548b0944,483901860.0
b2d7355eb2aa975900776275,641174660.0
3b05e06aa0bc40b9db16416e,439126100.0
4a5405b1e181f5b10fec35a6,730648400.0
aff22625564f00844ea2610b,674555840.0
b40addfc0da42b0e530503f0,434488030.0
9200d647b6ce9aea67ff8ac7,790066000.0
3057660e38fb757dbc8bd898,810962940.0
799be2171dae4763df530e4d,623120100.0
819265a930d32a97533d132d,1027157440.0
9ba689b29d0696fb7ebc44d5,1273917400.0
0f7e28b6efb9d550ba28a1e0,844145100.0
57551742fefae23bb32571f4,726735940.0
9569a50febeb4163e28c192c,946018100.0
1d03efada56f8a70bdae6aea,744728100.0
bfa56d6230b858591743473e,1080675200.0
ca54914a1cf1028b9c8b681f,691676900.0
54304b6117b797791d266cc0,723298100.0
166ae8e3d0704209d6715240,766050370.0
b56659e70367566a4ddb81b2,1217172000.0
2641f220611056a1f5616dae,1010831740.0
08a82bb9fbe4b7abb50cece1,672342660.0
b40a9888ec0379fbf85516a3,1521901800.0
d35462df6c686296a3c7bb23,711994800.0
db244703ce223e6acacbe85d,734988350.0
a90df94f959030227fa015b0,614397500.0
d97d462ac4f5d9cbbf04e9ca,892746940.0
7fe6ac57e87b8126ac4f8530,767596350.0
69c28dce8eeaa86605143419,1182045700.0
2bd6682ad8343b69fae1a59e,876838300.0
2e6fb29cbc1ccc3d97c92c72,918153000.0
9eabba4531191127ee91621b,1122437000.0
d0c411218ffa7c3ebc10783e,790010240.0
0c61a011d7fe0227be2b3575,766637950.0
2c47c3ef9e139d8c4513a090,629720100.0
f6503aab62a68ca16eba3fec,1322881900.0
e7dc05756684b070b36d681f,826470500.0
17484950b143d0395907ae6d,559623360.0
3d997123b33373024bd2cbe1,991155650.0
ddba305c2a3ad29db24a0658,845550200.0
b65efc402cfddc0aed4e1d76,771141700.0
4a7ecb05c9886bc35f6b9160,626719740.0
b4e14604b888c994b64f94ba,808362300.0
ab37764e5f4e00097eac947a,942569000.0
764da64c41700da5ee80b8c7,743335940.0
8a84a073b855e37a12327357,1262507400.0
5a6878f8a47f1fa2fc1d600d,1186955100.0
505f3d545ce83d0c848f828d,1277742700.0
6687a2299f38c15598d11eef,1050184900.0
533134592237b2748915eed8,988495550.0
daae80933675e767b50bdd17,953885300.0
945f85a061dc4e95e779e27e,1067942340.0
62dc69d80cd6ea9fb7fe52db,802905800.0
153436858070f7e724f0cbc1,859257300.0
7f9875a5336a32d73df2402c,879221400.0
ac11141115d391be44e6426c,657220200.0
f8243b7b679dfe8303180d73,1161438100.0
1376106ebc19c929df27bb62,847824060.0
f591597c9a1ddd9852eb3cfd,997400640.0
a748841236a7a7fb33138845,724814500.0
6ef43ab43841696400d91859,831773000.0
601310d800d88f0d387235e4,981025660.0
db81ec58863dcc5d12839883,567939840.0
68d35dadc6d0dea61bf4b513,387834300.0
ba9be0b67571b1e9242664e1,609597630.0
1690af2e30b05da545f1576f,1289120800.0
fc72ebf9381496067101da61,447259600.0
3a2e95f5eddda4df84b2e2b3,576731800.0
a660d5809085b4823e287a5e,501320830.0
799301c01a3e7fc2af5a14a9,916656900.0
824cad597aae34d7d59ac939,604362430.0
23cfc154896b93bce4356ae6,569722430.0
a9b96d2a23ed155043085e87,1065230500.0
f5d529ff6a35fa78ab14de21,536231580.0
9b337cb1451a8fb078dc9a07,863438460.0
cd1fc7362660bce494b5117a,484121570.0
26454cbe44a07cd0df12ca07,1029591600.0
cc5563550bebb29c83ae3054,1054072000.0
109bb36f29b223a81dbfa340,989678400.0
31081c78ce92e1d8dbb315b9,639013700.0
502aca1a1097438b32eb362e,1153354000.0
4c90ce573f1d61d11294d05c,1097182600.0
87f1e9ca16a7ea48de04fa73,1177026400.0
224f6e839dcbd91491f3f1ac,460573400.0
8ee7d2e0692e49bf9d308b4b,976891650.0
a3ff6a1fe37a1bb736b1100d,958914560.0
97d49e61c1ef55451e52c8e7,1150482400.0
b6514cdb1e2cf37e3ff8090e,1105629700.0
